continuous,symbol,tf,datetime,time,open,high,low,close,tick_volume,spread,real_volume,mean_volume
MNQ,MNQU19,D1,2019-05-03,1556841600,7896.25,7896.25,7896.25,7896.25,1,0,0,0.0
MNQ,MNQM19,D1,2019-05-05,1557014400,7748.75,7750.0,7700.75,7709.5,157,25,188,94.0
MNQ,MNQM19,D1,2019-05-06,1557100800,7701.25,7817.5,7668.75,7763.75,50754,0,93027,31072.0
MNQ,MNQM19,D1,2019-05-07,1557187200,7764.5,7804.0,7581.5,7652.75,54709,0,159185,63100.0
MNQ,MNQM19,D1,2019-05-08,1557273600,7653.75,7697.75,7600.75,7632.75,52614,25,173922,85264.0
MNQ,MNQM19,D1,2019-05-09,1557360000,7632.25,7642.0,7481.25,7600.0,76521,0,182570,101482.0
MNQ,MNQM19,D1,2019-05-10,1557446400,7600.0,7653.5,7435.5,7610.25,65129,0,164135,110432.0
MNQ,MNQM19,D1,2019-05-11,1557532800,7610.25,7610.25,7610.25,7610.25,1,0,1,96628.0
MNQ,MNQM19,D1,2019-05-12,1557619200,7610.25,7610.25,7518.25,7519.5,1241,0,1953,86109.0
MNQ,MNQM19,D1,2019-05-13,1557705600,7518.0,7533.25,7286.0,7306.75,87626,0,150759,92574.0
MNQ,MNQM19,D1,2019-05-14,1557792000,7306.25,7459.5,7305.75,7433.25,56915,0,87799,92140.0
MNQ,MNQM19,D1,2019-05-15,1557878400,7432.25,7538.5,7353.75,7518.0,61685,0,104628,93181.0
MNQ,MNQM19,D1,2019-05-16,1557964800,7518.0,7641.25,7473.25,7607.75,66307,0,122865,95464.0
MNQ,MNQM19,D1,2019-05-17,1558051200,7608.5,7619.75,7506.5,7512.0,97569,0,176066,101221.0
MNQ,MNQM19,D1,2019-05-18,1558137600,7512.0,7512.0,7512.0,7512.0,2,0,4,94473.0
MNQ,MNQM19,D1,2019-05-19,1558224000,7512.0,7546.5,7512.0,7541.75,1575,0,1947,88691.0
MNQ,MNQM19,D1,2019-05-20,1558310400,7542.75,7559.5,7361.5,7415.25,122937,25,204230,95487.0
MNQ,MNQM19,D1,2019-05-21,1558396800,7416.0,7485.25,7400.75,7470.75,88427,0,149164,98469.0
MNQ,MNQM19,D1,2019-05-22,1558483200,7470.25,7474.0,7391.0,7417.75,67879,0,120558,99632.0
MNQ,MNQM19,D1,2019-05-23,1558569600,7418.5,7421.5,7268.25,7323.5,127501,0,233333,106317.0
MNQ,MNQM19,D1,2019-05-24,1558656000,7325.25,7379.5,7300.5,7312.0,78152,25,135500,107706.0
MNQ,MNQM19,D1,2019-05-26,1558828800,7312.0,7327.5,7307.5,7310.75,891,0,1517,102880.0
MNQ,MNQM19,D1,2019-05-27,1558915200,7309.75,7338.25,7293.0,7323.25,10444,0,13973,99014.0
MNQ,MNQM19,D1,2019-05-28,1559001600,7324.5,7371.5,7280.75,7288.5,85978,0,154049,101307.0
MNQ,MNQM19,D1,2019-05-29,1559088000,7289.75,7291.25,7183.25,7221.25,110134,0,208015,105576.0
MNQ,MNQM19,D1,2019-05-30,1559174400,7222.25,7271.25,7183.0,7187.5,85076,0,153870,107433.0
MNQ,MNQM19,D1,2019-05-31,1559260800,7187.5,7217.0,7129.5,7136.25,119127,0,195671,110701.0
MNQ,MNQM19,D1,2019-06-01,1559347200,7136.25,7136.25,7136.25,7136.25,1,0,1,106748.0
MNQ,MNQM19,D1,2019-06-02,1559433600,7136.25,7136.25,7076.75,7082.25,3463,0,5009,103239.0
MNQ,MNQM19,D1,2019-06-03,1559520000,7081.75,7132.5,6940.5,7001.75,164949,0,266334,108676.0
MNQ,MNQM19,D1,2019-06-04,1559606400,7001.75,7211.25,6981.5,7203.75,125955,0,204828,115503.0
MNQ,MNQM19,D1,2019-06-05,1559692800,7205.25,7245.25,7150.0,7212.25,120317,0,196415,122044.0
MNQ,MNQM19,D1,2019-06-06,1559779200,7212.75,7299.5,7204.25,7275.75,106101,0,150977,123976.0
MNQ,MNQM19,D1,2019-06-07,1559865600,7276.0,7452.5,7264.25,7428.75,115773,0,167109,124240.0
MNQ,MNQM19,D1,2019-06-09,1560038400,7428.75,7484.5,7428.75,7456.0,1942,0,2437,118524.0
MNQ,MNQM19,D1,2019-06-10,1560124800,7456.0,7578.25,7431.5,7507.75,114121,0,158583,117724.0
MNQ,MNQM19,D1,2019-06-11,1560211200,7508.0,7601.0,7492.5,7514.25,105215,0,145407,117100.0
MNQ,MNQM19,D1,2019-06-12,1560297600,7513.0,7531.0,7461.0,7490.0,80658,25,109749,120758.0
MNQ,MNQM19,D1,2019-06-13,1560384000,7489.5,7536.0,7421.5,7495.75,83960,0,114514,124510.0
MNQ,MNQM19,D1,2019-06-14,1560470400,7496.0,7521.0,7451.75,7484.25,47414,0,58510,121435.0
MNQ,MNQM19,D1,2019-06-15,1560556800,7484.25,7484.25,7484.25,7484.25,1,0,1,118509.0
MNQ,MNQM19,D1,2019-06-16,1560643200,7484.25,7503.5,7480.75,7499.75,314,0,391,115034.0
MNQ,MNQM19,D1,2019-06-17,1560729600,7496.0,7550.75,7482.75,7536.0,12609,0,17541,111523.0
MNQ,MNQM19,D1,2019-06-18,1560816000,7536.75,7693.0,7515.5,7657.5,10740,0,20358,106333.0
MNQ,MNQM19,D1,2019-06-19,1560902400,7656.5,7704.0,7600.25,7699.75,5123,25,10077,106669.0
MNQ,MNQM19,D1,2019-06-20,1560988800,7701.5,7792.75,7679.25,7737.0,4424,25,7946,106869.0
MNQ,MNQM19,D1,2019-06-21,1561075200,7736.75,7743.0,7702.75,7720.0,152,25,315,100072.0
MNQ,MNQU19,D1,2019-06-23,1561248000,7746.5,7773.5,7716.75,7770.25,1422,0,1788,23297.0
MNQ,MNQU19,D1,2019-06-24,1561334400,7769.75,7794.0,7746.0,7759.0,77703,0,99991,26628.0
MNQ,MNQU19,D1,2019-06-25,1561420800,7760.0,7779.75,7609.5,7626.25,125965,0,186039,32826.0
MNQ,MNQU19,D1,2019-06-26,1561507200,7626.25,7719.0,7622.0,7653.75,116838,25,157013,38058.0
MNQ,MNQU19,D1,2019-06-27,1561593600,7654.0,7716.75,7650.5,7695.75,88372,0,122204,42131.0
MNQ,MNQU19,D1,2019-06-28,1561680000,7696.5,7726.0,7664.25,7724.0,88901,0,127109,46368.0
MNQ,MNQU19,D1,2019-06-29,1561766400,7724.0,7724.0,7724.0,7724.0,1,0,13,46364.0
MNQ,MNQU19,D1,2019-07-01,1561939200,7833.25,7850.25,7758.75,7777.5,100380,25,136269,50901.0
MNQ,MNQU19,D1,2019-07-02,1562025600,7777.75,7843.25,7762.75,7835.5,103587,0,134418,55378.0
MNQ,MNQU19,D1,2019-07-03,1562112000,7835.25,7900.75,7824.75,7890.0,67436,0,88426,58320.0
MNQ,MNQU19,D1,2019-07-04,1562198400,7888.5,7909.25,7881.75,7904.25,10459,0,12893,58749.0
MNQ,MNQU19,D1,2019-07-05,1562284800,7904.5,7908.5,7797.0,7854.75,118847,0,161715,64137.0
MNQ,MNQU19,D1,2019-07-06,1562371200,7854.75,7854.75,7854.75,7854.75,1,0,1,64127.0
MNQ,MNQU19,D1,2019-07-07,1562457600,7854.75,7864.25,7842.75,7842.75,1233,0,1667,64169.0
MNQ,MNQU19,D1,2019-07-08,1562544000,7843.25,7846.75,7777.75,7794.0,100239,0,126569,68379.0
MNQ,MNQU19,D1,2019-07-09,1562630400,7793.25,7858.75,7743.25,7847.0,124403,0,176168,74246.0
MNQ,MNQU19,D1,2019-07-10,1562716800,7847.0,7949.5,7811.5,7927.25,166900,0,240498,82256.0
MNQ,MNQU19,D1,2019-07-11,1562803200,7927.75,7963.25,7894.25,7921.75,170607,0,242240,90330.0
MNQ,MNQU19,D1,2019-07-12,1562889600,7921.5,7967.75,7918.75,7958.0,123151,0,166043,95858.0
MNQ,MNQU19,D1,2019-07-13,1562976000,7958.0,7958.0,7958.0,7958.0,1,0,1,95843.0
MNQ,MNQU19,D1,2019-07-14,1563062400,7958.0,7966.75,7950.25,7952.0,1668,0,1923,95867.0
MNQ,MNQU19,D1,2019-07-15,1563148800,7952.0,7998.25,7941.25,7994.5,116046,0,157114,101014.0
MNQ,MNQU19,D1,2019-07-16,1563235200,7994.75,8001.5,7924.0,7941.5,144014,0,190420,106129.0
MNQ,MNQU19,D1,2019-07-17,1563321600,7941.25,7966.5,7868.0,7873.0,144616,0,190859,112490.0
MNQ,MNQU19,D1,2019-07-18,1563408000,7872.75,7974.75,7833.0,7945.75,203426,0,266367,121352.0
MNQ,MNQU19,D1,2019-07-19,1563494400,7945.75,7980.5,7815.0,7819.0,207488,0,262043,128116.0
MNQ,MNQU19,D1,2019-07-20,1563580800,7819.0,7819.0,7819.0,7819.0,2,0,2,123114.0
MNQ,MNQU19,D1,2019-07-21,1563667200,7819.0,7854.25,7819.0,7851.0,3599,0,4161,119092.0
MNQ,MNQU19,D1,2019-07-22,1563753600,7851.0,7936.25,7833.25,7928.75,162612,0,218257,121931.0
MNQ,MNQU19,D1,2019-07-23,1563840000,7928.75,7985.75,7908.25,7953.5,169761,0,236237,123615.0
MNQ,MNQU19,D1,2019-07-24,1563926400,7953.75,8051.75,7925.75,8016.75,157897,0,199147,130194.0
MNQ,MNQU19,D1,2019-07-25,1564012800,8017.0,8034.25,7917.25,7992.75,232693,0,293470,136643.0
MNQ,MNQU19,D1,2019-07-26,1564099200,7993.25,8040.5,7990.5,8015.0,148068,0,183284,136551.0
MNQ,MNQU19,D1,2019-07-27,1564185600,8015.0,8015.0,8015.0,8015.0,2,0,2,131317.0
MNQ,MNQU19,D1,2019-07-28,1564272000,8015.0,8026.25,8015.0,8018.0,1413,0,1562,127296.0
MNQ,MNQU19,D1,2019-07-29,1564358400,8018.0,8031.75,7951.5,8010.0,124262,25,141993,127792.0
MNQ,MNQU19,D1,2019-07-30,1564444800,8010.0,8019.75,7928.25,7989.5,158304,0,181912,133855.0
MNQ,MNQU19,D1,2019-07-31,1564531200,7989.5,8001.75,7782.0,7837.5,240282,0,313614,139767.0
MNQ,MNQU19,D1,2019-08-01,1564617600,7837.5,8014.5,7774.0,7785.75,311112,0,425101,149456.0
MNQ,MNQU19,D1,2019-08-02,1564704000,7786.75,7805.0,7650.0,7708.25,274878,0,331217,157549.0
MNQ,MNQU19,D1,2019-08-04,1564876800,7708.25,7708.25,7674.0,7682.0,2877,0,3154,157225.0
MNQ,MNQU19,D1,2019-08-05,1564963200,7681.5,7705.5,7225.0,7243.5,301209,0,393476,164950.0
MNQ,MNQU19,D1,2019-08-06,1565049600,7243.75,7548.75,7236.5,7501.75,321834,0,381058,177652.0
MNQ,MNQU19,D1,2019-08-07,1565136000,7501.75,7577.25,7387.75,7538.0,356637,0,441878,192326.0
MNQ,MNQU19,D1,2019-08-08,1565222400,7538.0,7738.5,7526.25,7714.75,239552,0,314085,198576.0
MNQ,MNQU19,D1,2019-08-09,1565308800,7714.75,7724.0,7596.75,7669.25,262720,0,325133,203542.0
MNQ,MNQU19,D1,2019-08-11,1565481600,7669.25,7679.75,7638.5,7641.75,2740,0,3256,195634.0
MNQ,MNQU19,D1,2019-08-12,1565568000,7642.5,7709.75,7534.75,7582.75,240437,0,288970,197191.0
MNQ,MNQU19,D1,2019-08-13,1565654400,7583.0,7789.25,7513.75,7754.25,244194,0,312687,202079.0
MNQ,MNQU19,D1,2019-08-14,1565740800,7755.25,7767.5,7466.75,7504.0,361256,0,451570,217132.0
MNQ,MNQU19,D1,2019-08-15,1565827200,7504.0,7573.25,7388.5,7515.0,357588,0,468118,232672.0
MNQ,MNQU19,D1,2019-08-16,1565913600,7514.25,7632.25,7502.25,7612.75,225898,0,278367,236713.0
MNQ,MNQU19,D1,2019-08-17,1566000000,7612.75,7612.75,7612.75,7612.75,1,0,1,230366.0
MNQ,MNQU19,D1,2019-08-18,1566086400,7612.75,7656.25,7612.75,7651.5,3185,0,3516,224121.0
MNQ,MNQU19,D1,2019-08-19,1566172800,7651.5,7750.25,7636.75,7711.75,148826,0,170697,220932.0
MNQ,MNQU19,D1,2019-08-20,1566259200,7711.25,7752.5,7651.5,7672.25,175803,0,201900,218928.0
MNQ,MNQU19,D1,2019-08-21,1566345600,7672.75,7782.25,7672.25,7769.75,129459,0,147591,223847.0
MNQ,MNQU19,D1,2019-08-22,1566432000,7770.0,7773.75,7653.75,7712.5,170068,0,195274,230218.0
MNQ,MNQU19,D1,2019-08-23,1566518400,7712.25,7762.0,7448.0,7493.25,240826,0,295381,232788.0
MNQ,MNQU19,D1,2019-08-25,1566691200,7493.25,7493.25,7311.75,7410.25,4659,0,5515,225098.0
MNQ,MNQU19,D1,2019-08-26,1566777600,7410.75,7626.0,7403.75,7573.25,201157,0,235048,226294.0
MNQ,MNQU19,D1,2019-08-27,1566864000,7573.0,7648.75,7536.75,7588.0,218800,0,252172,224918.0
MNQ,MNQU19,D1,2019-08-28,1566950400,7587.75,7605.75,7503.75,7582.75,197158,0,219064,226110.0
MNQ,MNQU19,D1,2019-08-29,1567036800,7582.25,7730.25,7548.5,7699.75,154157,0,178111,232047.0
MNQ,MNQU19,D1,2019-08-30,1567123200,7700.25,7770.25,7646.0,7676.0,153187,0,184433,238143.0
MNQ,MNQU19,D1,2019-08-31,1567209600,7676.0,7676.0,7676.0,7676.0,1,0,1,233410.0
MNQ,MNQU19,D1,2019-09-01,1567296000,7676.0,7676.0,7609.75,7630.0,2072,0,2385,227426.0
MNQ,MNQU19,D1,2019-09-02,1567382400,7630.5,7695.75,7581.5,7625.25,49811,0,60639,218993.0
MNQ,MNQU19,D1,2019-09-03,1567468800,7625.25,7676.75,7587.5,7612.0,186565,0,225782,212349.0
MNQ,MNQU19,D1,2019-09-04,1567555200,7612.5,7729.75,7610.5,7723.25,153578,0,183279,207418.0
MNQ,MNQU19,D1,2019-09-05,1567641600,7723.0,7886.5,7721.75,7873.25,164556,25,194764,213805.0
MNQ,MNQU19,D1,2019-09-06,1567728000,7873.75,7895.5,7838.5,7865.75,133927,0,149677,205678.0
MNQ,MNQU19,D1,2019-09-08,1567900800,7858.25,7875.0,7856.75,7864.5,1278,25,1503,193027.0
MNQ,MNQU19,D1,2019-09-09,1567987200,7864.5,7887.25,7798.5,7843.5,124612,0,138544,182915.0
MNQ,MNQU19,D1,2019-09-10,1568073600,7844.0,7857.75,7744.25,7811.5,168614,0,193301,178889.0
MNQ,MNQU19,D1,2019-09-11,1568160000,7810.0,7960.0,7786.5,7952.5,137147,0,155969,173250.0
MNQ,MNQU19,D1,2019-09-12,1568246400,7952.75,7982.0,7903.0,7934.0,152480,0,178138,179080.0
MNQ,MNQU19,D1,2019-09-13,1568332800,7932.0,7958.25,7881.25,7887.75,31674,0,42139,170852.0
MNQ,MNQU19,D1,2019-09-15,1568505600,7864.25,7866.5,7811.75,7817.75,1167,0,1820,160490.0
MNQ,MNQU19,D1,2019-09-16,1568592000,7819.25,7873.75,7776.5,7862.75,18627,0,23393,146217.0
MNQ,MNQU19,D1,2019-09-17,1568678400,7864.5,7896.5,7828.0,7887.5,11466,0,14659,131102.0
MNQ,MNQU19,D1,2019-09-18,1568764800,7887.25,7905.75,7789.5,7885.0,9826,0,12938,122254.0
MNQ,MNQU19,D1,2019-09-19,1568851200,7888.0,7950.75,7831.25,7905.25,5939,25,6774,122480.0
MNQ,MNQU19,D1,2019-09-20,1568937600,7905.0,7937.5,7892.5,7916.5,303,25,430,122377.0
MNQ,MNQZ19,D1,2019-09-22,1569110400,7834.5,7897.0,7834.5,7876.75,3996,25,4993,26946.0
MNQ,MNQZ19,D1,2019-09-23,1569196800,7876.5,7904.25,7807.75,7885.5,136456,0,150688,31964.0
MNQ,MNQZ19,D1,2019-09-24,1569283200,7885.5,7894.0,7701.75,7753.0,216267,0,246535,40177.0
MNQ,MNQZ19,D1,2019-09-25,1569369600,7753.0,7844.25,7663.75,7816.5,197858,0,227164,47744.0
MNQ,MNQZ19,D1,2019-09-26,1569456000,7817.0,7842.5,7735.0,7777.5,186729,0,211352,54770.0
MNQ,MNQZ19,D1,2019-09-27,1569542400,7777.5,7822.0,7640.75,7715.75,227953,0,256846,63330.0
MNQ,MNQZ19,D1,2019-09-29,1569715200,7727.75,7759.0,7705.5,7723.5,4647,25,5430,63498.0
MNQ,MNQZ19,D1,2019-09-30,1569801600,7723.75,7791.0,7707.25,7781.5,181412,0,201776,70211.0
MNQ,MNQZ19,D1,2019-10-01,1569888000,7782.0,7841.5,7691.0,7722.25,236686,0,272305,79278.0
MNQ,MNQZ19,D1,2019-10-02,1569974400,7721.25,7730.5,7525.5,7559.25,301596,0,341886,90658.0
MNQ,MNQZ19,D1,2019-10-03,1570060800,7559.75,7660.0,7474.75,7644.0,281341,0,319069,101287.0
MNQ,MNQZ19,D1,2019-10-04,1570147200,7644.25,7773.75,7616.25,7767.0,190622,0,228140,108892.0
MNQ,MNQZ19,D1,2019-10-06,1570320000,7733.25,7747.0,7698.75,7738.25,3227,0,4065,109027.0
MNQ,MNQZ19,D1,2019-10-07,1570406400,7738.25,7799.75,7720.75,7743.0,178418,0,200380,115704.0
MNQ,MNQZ19,D1,2019-10-08,1570492800,7743.0,7784.5,7605.0,7617.0,227812,0,257892,124292.0
MNQ,MNQZ19,D1,2019-10-09,1570579200,7617.25,7731.75,7583.0,7636.25,173607,0,197558,130869.0
MNQ,MNQZ19,D1,2019-10-10,1570665600,7636.0,7815.0,7611.25,7783.25,166518,0,195088,137357.0
MNQ,MNQZ19,D1,2019-10-11,1570752000,7782.25,7918.25,7767.0,7859.0,203864,0,229702,145006.0
MNQ,MNQZ19,D1,2019-10-13,1570924800,7853.5,7892.75,7850.0,7892.5,2895,25,3644,145128.0
MNQ,MNQZ19,D1,2019-10-14,1571011200,7893.0,7894.5,7807.0,7877.75,121280,0,143712,149905.0
MNQ,MNQZ19,D1,2019-10-15,1571097600,7877.75,7971.75,7861.5,7951.5,135898,0,163486,155335.0
MNQ,MNQZ19,D1,2019-10-16,1571184000,7951.5,7959.75,7907.75,7939.25,143794,0,169489,160953.0
MNQ,MNQZ19,D1,2019-10-17,1571270400,7939.0,7994.75,7922.75,7948.0,136583,0,162945,166257.0
MNQ,MNQZ19,D1,2019-10-18,1571356800,7948.0,7958.25,7835.5,7884.5,156934,0,190505,169205.0
MNQ,MNQZ19,D1,2019-10-20,1571529600,7875.75,7894.75,7865.0,7894.25,2785,25,3180,169237.0
MNQ,MNQZ19,D1,2019-10-21,1571616000,7894.25,7951.25,7886.25,7945.75,127047,0,156526,170735.0
MNQ,MNQZ19,D1,2019-10-22,1571702400,7945.5,7988.5,7837.5,7844.5,161323,0,194628,173277.0
MNQ,MNQZ19,D1,2019-10-23,1571788800,7844.25,7932.5,7810.5,7925.0,163932,0,203403,175576.0
MNQ,MNQZ19,D1,2019-10-24,1571875200,7924.75,7985.0,7912.75,7924.25,152589,0,190339,176757.0
MNQ,MNQZ19,D1,2019-10-25,1571961600,7924.0,8041.5,7921.0,8038.5,152372,0,182884,177187.0
MNQ,MNQZ19,D1,2019-10-27,1572134400,8048.0,8068.0,8048.0,8057.0,2646,25,3263,177129.0
MNQ,MNQZ19,D1,2019-10-28,1572220800,8057.25,8126.75,8050.0,8112.75,120042,0,146570,176992.0
MNQ,MNQZ19,D1,2019-10-29,1572307200,8112.5,8119.0,8050.5,8059.0,144618,0,175198,174614.0
MNQ,MNQZ19,D1,2019-10-30,1572393600,8059.0,8142.0,8020.75,8123.25,159384,0,190353,173387.0
MNQ,MNQZ19,D1,2019-10-31,1572480000,8123.5,8139.0,8046.0,8089.5,195157,0,236649,174230.0
MNQ,MNQZ19,D1,2019-11-01,1572566400,8089.5,8167.75,8089.5,8163.0,134681,0,165199,171175.0
MNQ,MNQZ19,D1,2019-11-02,1572652800,8163.0,8163.0,8163.0,8163.0,3,0,3,170995.0
MNQ,MNQZ19,D1,2019-11-03,1572739200,8164.0,8183.5,8164.0,8176.75,1939,25,2413,164349.0
MNQ,MNQZ19,D1,2019-11-04,1572825600,8176.75,8246.5,8173.5,8239.75,139993,0,173814,161066.0
MNQ,MNQZ19,D1,2019-11-05,1572912000,8239.75,8248.25,8193.25,8213.25,134837,0,168038,155271.0
MNQ,MNQZ19,D1,2019-11-06,1572998400,8213.75,8228.0,8161.25,8203.25,136809,0,161309,150012.0
MNQ,MNQZ19,D1,2019-11-07,1573084800,8203.25,8282.25,8190.25,8237.25,124038,0,152223,147482.0
MNQ,MNQZ19,D1,2019-11-08,1573171200,8237.25,8264.25,8190.25,8260.0,115117,0,142512,152097.0
MNQ,MNQZ19,D1,2019-11-10,1573344000,8258.5,8262.0,8252.0,8252.25,1063,25,1299,145461.0
MNQ,MNQZ19,D1,2019-11-11,1573430400,8252.0,8257.75,8206.5,8244.0,83991,0,96565,140083.0
MNQ,MNQZ19,D1,2019-11-12,1573516800,8244.5,8300.0,8228.75,8264.5,119156,0,150997,138531.0
MNQ,MNQZ19,D1,2019-11-13,1573603200,8264.75,8281.75,8220.0,8264.25,136960,0,171629,137749.0
MNQ,MNQZ19,D1,2019-11-14,1573689600,8264.75,8285.25,8216.5,8271.5,133014,0,162413,135506.0
MNQ,MNQZ19,D1,2019-11-15,1573776000,8271.5,8323.75,8265.0,8323.75,113269,0,138686,140008.0
MNQ,MNQZ19,D1,2019-11-17,1573948800,8319.5,8322.25,8307.75,8310.25,1695,25,2080,135287.0
MNQ,MNQZ19,D1,2019-11-18,1574035200,8310.25,8366.0,8279.25,8327.75,124971,0,169751,135495.0
MNQ,MNQZ19,D1,2019-11-19,1574121600,8328.0,8379.75,8312.75,8317.75,139724,0,168335,135457.0
MNQ,MNQZ19,D1,2019-11-20,1574208000,8318.0,8348.0,8230.75,8270.25,191210,0,235974,137891.0
MNQ,MNQZ19,D1,2019-11-21,1574294400,8269.75,8307.75,8239.5,8270.0,172452,0,208138,138479.0
MNQ,MNQZ19,D1,2019-11-22,1574380800,8270.25,8313.25,8233.25,8282.0,127726,0,157259,143615.0
MNQ,MNQZ19,D1,2019-11-23,1574467200,8282.0,8282.0,8282.0,8282.0,1,0,1,138398.0
MNQ,MNQZ19,D1,2019-11-24,1574553600,8287.5,8312.5,8287.5,8306.75,2084,0,2524,131994.0
MNQ,MNQZ19,D1,2019-11-25,1574640000,8306.5,8379.75,8301.25,8375.5,83035,0,106570,128766.0
MNQ,MNQZ19,D1,2019-11-26,1574726400,8375.25,8421.0,8366.5,8401.5,107605,0,129668,126744.0
MNQ,MNQZ19,D1,2019-11-27,1574812800,8401.75,8458.75,8397.25,8425.5,95965,0,121521,124698.0
MNQ,MNQZ19,D1,2019-11-28,1574899200,8425.25,8449.75,8413.5,8449.25,21661,0,29272,125565.0
MNQ,MNQZ19,D1,2019-11-29,1574985600,8449.0,8450.5,8406.25,8421.25,67647,25,88543,123631.0
MNQ,MNQZ19,D1,2019-12-01,1575158400,8424.0,8434.0,8422.25,8431.0,1591,25,2115,117862.0
MNQ,MNQZ19,D1,2019-12-02,1575244800,8431.25,8456.75,8276.0,8304.25,214543,0,257124,120087.0
MNQ,MNQZ19,D1,2019-12-03,1575331200,8304.75,8337.25,8168.5,8261.75,248589,0,296855,122094.0
MNQ,MNQZ19,D1,2019-12-04,1575417600,8261.75,8319.5,8220.75,8290.75,166832,0,200982,123287.0
MNQ,MNQZ19,D1,2019-12-05,1575504000,8291.0,8340.0,8273.25,8314.75,163776,0,195948,129819.0
MNQ,MNQZ19,D1,2019-12-06,1575590400,8315.25,8409.25,8314.75,8403.25,106022,0,129513,134055.0
MNQ,MNQZ19,D1,2019-12-08,1575763200,8405.5,8406.5,8403.75,8404.5,206,25,243,128270.0
MNQ,MNQZ19,D1,2019-12-09,1575849600,8404.0,8426.68,8346.25,8358.25,109945,0,130588,127021.0
MNQ,MNQZ19,D1,2019-12-10,1575936000,8358.5,8397.31,8297.71,8361.0,165904,0,196114,128181.0
MNQ,MNQZ19,D1,2019-12-11,1576022400,8360.75,8415.25,8345.64,8414.75,112220,0,132272,127516.0
MNQ,MNQZ19,D1,2019-12-12,1576108800,8414.5,8508.75,8381.83,8502.0,196291,0,237730,130690.0
MNQ,MNQZ19,D1,2019-12-13,1576195200,8501.75,8522.61,8436.93,8494.0,38822,0,57100,132550.0
MNQ,MNQH20,D1,2019-12-14,1576281600,8522.25,8522.25,8522.25,8522.25,2,0,2,5797.0
MNQ,MNQZ19,D1,2019-12-15,1576368000,8507.25,8516.0,8503.0,8509.25,413,25,613,129352.0
MNQ,MNQZ19,D1,2019-12-16,1576454400,8509.25,8588.25,8508.25,8570.25,9381,0,12942,124750.0
MNQ,MNQZ19,D1,2019-12-17,1576540800,8570.25,8598.5,8563.0,8574.75,5888,25,8625,119317.0
MNQ,MNQZ19,D1,2019-12-18,1576627200,8576.25,8611.5,8568.0,8589.75,3789,0,5517,114087.0
MNQ,MNQZ19,D1,2019-12-19,1576713600,8590.75,8655.25,8580.25,8649.5,2913,25,4488,109614.0
MNQ,MNQZ19,D1,2019-12-20,1576800000,8651.0,8742.75,8616.25,8681.25,1427,0,2781,109637.0
MNQ,MNQH20,D1,2019-12-22,1576972800,8710.25,8723.0,8705.0,8722.25,1726,25,2291,23577.0
MNQ,MNQH20,D1,2019-12-23,1577059200,8722.0,8743.5,8712.5,8729.25,60959,0,75944,26094.0
MNQ,MNQH20,D1,2019-12-24,1577145600,8729.0,8736.0,8707.5,8730.0,30791,25,34577,27240.0
MNQ,MNQH20,D1,2019-12-25,1577232000,8730.0,8734.0,8726.0,8730.25,506,0,664,27258.0
MNQ,MNQH20,D1,2019-12-26,1577318400,8730.5,8809.5,8729.5,8808.0,47500,0,55920,29119.0
MNQ,MNQH20,D1,2019-12-27,1577404800,8808.25,8843.25,8769.75,8778.75,106853,0,129699,33442.0
MNQ,MNQH20,D1,2019-12-29,1577577600,8780.5,8799.25,8780.5,8797.75,1838,25,2317,33519.0
MNQ,MNQH20,D1,2019-12-30,1577664000,8798.0,8809.75,8691.0,8735.0,141180,0,168085,39117.0
MNQ,MNQH20,D1,2019-12-31,1577750400,8735.0,8772.0,8692.25,8771.5,95207,0,112813,42872.0
MNQ,MNQH20,D1,2020-01-01,1577836800,8773.0,8783.75,8769.25,8776.0,2918,0,3515,42984.0
MNQ,MNQH20,D1,2020-01-02,1577923200,8777.0,8907.0,8772.5,8898.75,140829,0,169282,48624.0
MNQ,MNQH20,D1,2020-01-03,1578009600,8898.5,8907.75,8735.25,8810.25,269449,0,312654,59043.0
MNQ,MNQH20,D1,2020-01-05,1578182400,8810.25,8810.25,8747.75,8778.0,8114,0,9581,59361.0
MNQ,MNQH20,D1,2020-01-06,1578268800,8778.25,8872.5,8723.0,8849.0,180477,0,215708,66536.0
MNQ,MNQH20,D1,2020-01-07,1578355200,8849.0,8894.5,8727.0,8752.0,225264,0,264609,75339.0
MNQ,MNQH20,D1,2020-01-08,1578441600,8752.5,8972.5,8678.25,8952.0,330652,0,383701,88118.0
MNQ,MNQH20,D1,2020-01-09,1578528000,8952.25,9022.25,8932.5,9015.5,199143,0,238451,96056.0
MNQ,MNQH20,D1,2020-01-10,1578614400,9015.75,9055.25,8966.5,8978.25,193958,0,231489,103757.0
MNQ,MNQH20,D1,2020-01-12,1578787200,8978.75,9000.5,8978.75,8987.5,3540,25,4094,103881.0
MNQ,MNQH20,D1,2020-01-13,1578873600,8987.5,9107.25,8985.25,9105.0,149158,0,169381,109497.0
MNQ,MNQH20,D1,2020-01-14,1578960000,9105.25,9114.75,9029.0,9031.0,243953,0,272235,118543.0
MNQ,MNQH20,D1,2020-01-15,1579046400,9031.25,9096.0,9023.0,9074.25,193067,0,218114,125578.0
MNQ,MNQH20,D1,2020-01-16,1579132800,9074.0,9157.75,9063.75,9145.75,157811,0,175330,126075.0
MNQ,MNQH20,D1,2020-01-17,1579219200,9145.75,9189.25,9130.0,9171.25,149261,0,168455,131690.0
MNQ,MNQH20,D1,2020-01-19,1579392000,9173.75,9184.75,9167.75,9184.75,2278,25,2654,131728.0
MNQ,MNQH20,D1,2020-01-20,1579478400,9184.75,9187.0,9160.0,9170.0,29235,0,32887,129467.0
MNQ,MNQH20,D1,2020-01-21,1579564800,9170.25,9199.75,9114.5,9178.25,176710,0,198619,132430.0
MNQ,MNQH20,D1,2020-01-22,1579651200,9178.25,9254.0,9177.75,9182.5,173992,0,196423,135810.0
MNQ,MNQH20,D1,2020-01-23,1579737600,9182.25,9272.25,9151.75,9270.0,216845,0,239020,140370.0
MNQ,MNQH20,D1,2020-01-24,1579824000,9270.25,9287.5,9109.75,9137.25,291971,0,323349,147062.0
MNQ,MNQH20,D1,2020-01-26,1579996800,9098.25,9098.25,8994.0,9014.5,15703,0,17928,147583.0
MNQ,MNQH20,D1,2020-01-27,1580083200,9014.75,9054.0,8926.0,8978.75,347254,0,384933,157883.0
MNQ,MNQH20,D1,2020-01-28,1580169600,8978.75,9136.0,8964.5,9100.0,276135,0,310070,167066.0
MNQ,MNQH20,D1,2020-01-29,1580256000,9100.0,9158.75,9072.25,9121.75,271854,0,303849,177172.0
MNQ,MNQH20,D1,2020-01-30,1580342400,9122.0,9240.0,9003.75,9218.0,353626,0,394979,188474.0
MNQ,MNQH20,D1,2020-01-31,1580428800,9217.75,9249.0,8965.0,9012.5,509375,0,567022,203052.0
MNQ,MNQH20,D1,2020-02-02,1580601600,9012.5,9037.75,8975.0,9020.25,10159,0,11824,203368.0
MNQ,MNQH20,D1,2020-02-03,1580688000,9019.5,9155.75,9011.0,9089.75,262830,0,292880,207528.0
MNQ,MNQH20,D1,2020-02-04,1580774400,9090.0,9369.0,9087.5,9338.0,241728,0,273827,212895.0
MNQ,MNQH20,D1,2020-02-05,1580860800,9338.0,9464.25,9318.25,9381.0,292450,0,328512,223729.0
MNQ,MNQH20,D1,2020-02-06,1580947200,9381.0,9477.0,9363.0,9466.75,230941,0,255967,226618.0
MNQ,MNQH20,D1,2020-02-07,1581033600,9466.75,9470.75,9385.0,9400.0,245309,25,274273,225339.0
MNQ,MNQH20,D1,2020-02-09,1581206400,9401.25,9424.5,9330.75,9356.25,14538,25,16712,225576.0
MNQ,MNQH20,D1,2020-02-10,1581292800,9356.25,9531.75,9356.25,9525.25,225546,0,253736,226844.0
MNQ,MNQH20,D1,2020-02-11,1581379200,9525.75,9609.5,9501.5,9541.25,228806,0,259117,226661.0
MNQ,MNQH20,D1,2020-02-12,1581465600,9541.25,9628.0,9524.25,9576.5,194919,0,221732,221262.0
MNQ,MNQH20,D1,2020-02-13,1581552000,9577.75,9644.75,9511.25,9609.75,253397,0,288230,222921.0
MNQ,MNQH20,D1,2020-02-14,1581638400,9610.0,9659.25,9588.25,9630.75,191475,0,222435,222620.0
MNQ,MNQH20,D1,2020-02-16,1581811200,9632.0,9668.75,9630.75,9664.0,4269,25,5171,222655.0
MNQ,MNQH20,D1,2020-02-17,1581897600,9663.75,9687.25,9579.75,9602.75,51289,0,58521,218960.0
MNQ,MNQH20,D1,2020-02-18,1581984000,9603.0,9664.75,9534.0,9664.25,214481,0,249812,218213.0
MNQ,MNQH20,D1,2020-02-19,1582070400,9664.25,9748.75,9647.5,9745.0,163099,0,192251,217351.0
MNQ,MNQH20,D1,2020-02-20,1582156800,9744.75,9763.0,9516.25,9572.75,431426,0,496435,228054.0
MNQ,MNQH20,D1,2020-02-21,1582243200,9573.5,9612.0,9411.5,9456.25,385292,0,443858,237234.0
MNQ,MNQH20,D1,2020-02-23,1582416000,9456.25,9456.25,9289.0,9309.75,20812,0,25434,237994.0
MNQ,MNQH20,D1,2020-02-24,1582502400,9310.0,9324.0,9041.0,9140.5,641678,0,714462,260713.0
MNQ,MNQH20,D1,2020-02-25,1582588800,9141.0,9224.5,8810.0,8921.25,762547,0,886094,283629.0
MNQ,MNQH20,D1,2020-02-26,1582675200,8921.5,9037.75,8709.25,8832.0,827276,0,928757,308040.0
MNQ,MNQH20,D1,2020-02-27,1582761600,8831.25,8852.75,8313.0,8413.75,946156,0,1125471,337588.0
MNQ,MNQH20,D1,2020-02-28,1582848000,8414.25,8575.0,8124.25,8547.5,1166427,0,1540655,378165.0
MNQ,MNQH20,D1,2020-03-01,1583020800,8376.25,8386.5,8249.75,8355.25,7310,0,9137,377872.0
MNQ,MNQH20,D1,2020-03-02,1583107200,8356.0,8883.0,8316.0,8859.5,207201,0,240882,373070.0
MNQ,MNQH20,D1,2020-03-03,1583193600,8860.0,9003.0,8507.25,8562.5,209219,0,243163,370840.0
MNQ,MNQH20,D1,2020-03-04,1583280000,8561.25,8950.0,8558.25,8882.75,469701,0,550972,379077.0
MNQ,MNQH20,D1,2020-03-05,1583366400,8883.25,8888.0,8610.75,8694.0,586875,25,718227,389852.0
MNQ,MNQH20,D1,2020-03-06,1583452800,8693.5,8726.0,8312.0,8503.75,712457,0,849239,399260.0
MNQ,MNQH20,D1,2020-03-07,1583539200,8503.75,8503.75,8503.75,8503.75,1,2300,1,398865.0
MNQ,MNQH20,D1,2020-03-08,1583625600,8418.25,8418.25,8101.25,8115.0,35154,0,42492,390519.0
MNQ,MNQH20,D1,2020-03-09,1583712000,8114.25,8240.25,7801.0,8109.0,518066,0,568748,400350.0
MNQ,MNQH20,D1,2020-03-10,1583798400,8110.5,8380.0,7931.5,8211.0,910108,0,1001839,422794.0
MNQ,MNQH20,D1,2020-03-11,1583884800,8211.0,8250.0,7892.75,7995.0,793927,0,888197,443868.0
MNQ,MNQH20,D1,2020-03-12,1583971200,7995.25,8018.75,7058.5,7116.75,947143,0,1061826,470120.0
MNQ,MNQH20,D1,2020-03-13,1584057600,7114.5,7980.0,6942.5,7821.0,178296,0,251965,477962.0
MNQ,MNQH20,D1,2020-03-15,1584230400,7900.5,7902.25,7556.0,7556.0,2273,0,3120,469608.0
MNQ,MNQH20,D1,2020-03-16,1584316800,7556.0,7564.5,6926.75,7160.75,84365,0,119284,464947.0
MNQ,MNQH20,D1,2020-03-17,1584403200,7161.0,7550.25,6946.25,7188.5,102870,0,123705,461679.0
MNQ,MNQH20,D1,2020-03-18,1584489600,7189.5,7441.5,6828.75,7377.75,69480,0,85443,454920.0
MNQ,MNQH20,D1,2020-03-19,1584576000,7381.25,7522.5,6896.25,7224.0,64716,0,74212,449979.0
MNQ,MNQH20,D1,2020-03-20,1584662400,7219.25,7649.0,7187.25,7451.0,6032,25,6928,450038.0
MNQ,MNQM20,D1,2020-03-22,1584835200,6852.75,6852.75,6628.75,6685.0,6960,0,9116,155360.0
MNQ,MNQM20,D1,2020-03-23,1584921600,6685.5,7319.25,6628.75,7083.75,737954,0,926304,186232.0
MNQ,MNQM20,D1,2020-03-24,1585008000,7081.5,7633.5,7034.75,7496.25,648976,0,746148,211094.0
MNQ,MNQM20,D1,2020-03-25,1585094400,7496.75,7762.25,7372.5,7479.0,757396,0,905860,241276.0
MNQ,MNQM20,D1,2020-03-26,1585180800,7477.75,7900.25,7310.0,7877.0,705607,0,815187,268428.0
MNQ,MNQM20,D1,2020-03-27,1585267200,7877.5,7893.5,7551.0,7559.25,608220,0,699506,291727.0
MNQ,MNQM20,D1,2020-03-29,1585440000,7559.25,7559.25,7391.25,7465.5,22181,25,27620,292643.0
MNQ,MNQM20,D1,2020-03-30,1585526400,7466.75,7886.0,7455.75,7875.0,525354,0,621810,313335.0
MNQ,MNQM20,D1,2020-03-31,1585612800,7875.0,7995.0,7704.75,7712.0,560824,0,645192,334797.0
MNQ,MNQM20,D1,2020-04-01,1585699200,7711.0,7744.25,7403.75,7506.25,551250,0,623859,355546.0
MNQ,MNQM20,D1,2020-04-02,1585785600,7506.75,7656.5,7375.5,7591.75,661070,0,753344,380586.0
MNQ,MNQM20,D1,2020-04-03,1585872000,7591.75,7660.5,7423.5,7524.0,446199,0,500928,397219.0
MNQ,MNQM20,D1,2020-04-05,1586044800,7531.0,7657.5,7531.0,7654.0,17483,25,20532,397901.0
MNQ,MNQM20,D1,2020-04-06,1586131200,7654.5,8099.0,7651.25,8080.5,460099,0,518042,415128.0
MNQ,MNQM20,D1,2020-04-07,1586217600,8081.5,8303.75,7947.75,8042.0,655441,0,731591,439465.0
MNQ,MNQM20,D1,2020-04-08,1586304000,8041.25,8242.0,7953.0,8224.25,549586,0,604582,459587.0
MNQ,MNQM20,D1,2020-04-09,1586390400,8226.5,8327.0,8102.0,8239.75,569356,0,624443,480357.0
MNQ,MNQM20,D1,2020-04-12,1586649600,8239.75,8309.0,8075.0,8118.25,24713,0,28250,481237.0
MNQ,MNQM20,D1,2020-04-13,1586736000,8118.25,8374.0,8085.25,8365.5,384548,0,430261,495558.0
MNQ,MNQM20,D1,2020-04-14,1586822400,8366.25,8708.5,8319.0,8673.5,405692,0,449216,510470.0
MNQ,MNQM20,D1,2020-04-15,1586908800,8673.75,8682.0,8486.5,8532.75,452692,0,498837,526986.0
MNQ,MNQM20,D1,2020-04-16,1586995200,8533.0,8967.75,8500.5,8933.25,534219,0,616763,547425.0
MNQ,MNQM20,D1,2020-04-17,1587081600,8933.5,8953.0,8689.0,8808.0,472754,0,537725,564846.0
MNQ,MNQM20,D1,2020-04-19,1587254400,8808.0,8808.0,8733.0,8747.0,15702,25,17884,546752.0
MNQ,MNQM20,D1,2020-04-20,1587340800,8747.5,8846.0,8686.25,8730.25,449057,0,512002,563690.0
MNQ,MNQM20,D1,2020-04-21,1587427200,8730.5,8763.0,8342.0,8458.0,662871,0,755728,572334.0
MNQ,MNQM20,D1,2020-04-22,1587513600,8458.5,8699.25,8399.5,8616.5,453860,0,509592,558462.0
MNQ,MNQM20,D1,2020-04-23,1587600000,8617.0,8787.0,8531.75,8552.25,439043,0,505732,553119.0
MNQ,MNQM20,D1,2020-04-24,1587686400,8552.75,8804.0,8498.0,8767.25,401109,0,438652,533535.0
MNQ,MNQM20,D1,2020-04-25,1587772800,8767.25,8767.25,8767.25,8767.25,7,0,7,502490.0
MNQ,MNQM20,D1,2020-04-26,1587859200,8767.25,8814.5,8728.75,8753.5,18494,0,21210,502894.0
MNQ,MNQM20,D1,2020-04-27,1587945600,8753.75,8898.0,8736.0,8823.5,370513,0,421674,486073.0
MNQ,MNQM20,D1,2020-04-28,1588032000,8823.25,8946.0,8654.25,8767.75,504797,0,576124,480405.0
MNQ,MNQM20,D1,2020-04-29,1588118400,8767.5,9119.25,8764.25,9091.0,469750,0,548892,468506.0
MNQ,MNQM20,D1,2020-04-30,1588204800,9090.75,9144.75,8803.0,8838.25,566100,0,645492,462850.0
MNQ,MNQM20,D1,2020-05-01,1588291200,8839.5,8878.5,8671.75,8702.0,436715,0,498697,456156.0
MNQ,MNQM20,D1,2020-05-03,1588464000,8654.25,8654.25,8561.5,8583.0,21866,25,26665,456124.0
MNQ,MNQM20,D1,2020-05-04,1588550400,8583.0,8827.5,8556.75,8823.75,454198,0,514214,452538.0
MNQ,MNQM20,D1,2020-05-05,1588636800,8823.75,9019.75,8818.5,8956.25,426969,0,519771,448357.0
MNQ,MNQM20,D1,2020-05-06,1588723200,8956.5,9056.5,8877.75,8964.75,474166,0,566046,446430.0
MNQ,MNQM20,D1,2020-05-07,1588809600,8964.75,9143.75,8964.75,9141.25,418988,0,498740,437943.0
MNQ,MNQM20,D1,2020-05-08,1588896000,9141.5,9238.0,9116.0,9221.25,359425,0,440769,435938.0
MNQ,MNQM20,D1,2020-05-10,1589068800,9199.0,9257.0,9173.0,9253.5,20534,25,24462,436069.0
MNQ,MNQM20,D1,2020-05-11,1589155200,9254.0,9338.75,9118.75,9277.25,443783,0,569406,437781.0
MNQ,MNQM20,D1,2020-05-12,1589241600,9277.5,9345.75,9006.5,9014.25,492842,0,615998,433928.0
MNQ,MNQM20,D1,2020-05-13,1589328000,9014.5,9202.5,8878.25,9011.5,771754,0,942294,445185.0
MNQ,MNQM20,D1,2020-05-14,1589414400,9012.25,9111.5,8846.5,9107.75,746917,0,845976,452569.0
MNQ,MNQM20,D1,2020-05-15,1589500800,9107.5,9148.75,8925.25,9119.75,675211,0,791147,477999.0
MNQ,MNQM20,D1,2020-05-17,1589673600,9121.5,9179.0,9110.0,9164.75,26122,25,29625,464645.0
MNQ,MNQM20,D1,2020-05-18,1589760000,9165.25,9361.5,9155.75,9344.25,476520,25,542813,467765.0
MNQ,MNQM20,D1,2020-05-19,1589846400,9343.5,9417.25,9273.25,9318.25,554083,0,648309,472747.0
MNQ,MNQM20,D1,2020-05-20,1589932800,9318.5,9503.25,9310.0,9485.75,436656,0,526060,469724.0
MNQ,MNQM20,D1,2020-05-21,1590019200,9485.75,9510.5,9349.5,9402.75,532675,0,641597,473186.0
MNQ,MNQM20,D1,2020-05-22,1590105600,9403.75,9422.75,9241.25,9422.75,480853,0,589154,492228.0
MNQ,MNQM20,D1,2020-05-24,1590278400,9422.75,9463.75,9390.5,9456.0,15573,0,17862,475757.0
MNQ,MNQM20,D1,2020-05-25,1590364800,9456.0,9536.75,9416.25,9510.25,152314,0,172946,456331.0
MNQ,MNQM20,D1,2020-05-26,1590451200,9509.75,9604.0,9373.0,9394.5,469629,0,566685,458234.0
MNQ,MNQM20,D1,2020-05-27,1590537600,9394.5,9508.0,9173.25,9442.25,651310,0,771847,467104.0
MNQ,MNQM20,D1,2020-05-28,1590624000,9442.0,9565.5,9320.5,9418.25,676630,0,781726,478540.0
MNQ,MNQM20,D1,2020-05-29,1590710400,9418.5,9590.5,9372.0,9589.0,739315,0,865703,507397.0
MNQ,MNQM20,D1,2020-05-30,1590796800,9589.0,9589.0,9589.0,9589.0,3,0,3,506690.0
MNQ,MNQM20,D1,2020-05-31,1590883200,9589.0,9589.0,9450.0,9507.25,22352,0,26027,493502.0
MNQ,MNQM20,D1,2020-06-01,1590969600,9507.25,9606.0,9481.25,9565.75,486459,0,544786,492457.0
MNQ,MNQM20,D1,2020-06-02,1591056000,9565.75,9677.25,9505.0,9675.0,492476,0,559495,492810.0
MNQ,MNQM20,D1,2020-06-03,1591142400,9675.5,9728.25,9640.75,9696.75,441073,0,498420,487908.0
MNQ,MNQM20,D1,2020-06-04,1591228800,9696.75,9742.5,9572.5,9618.75,513146,0,578150,490557.0
MNQ,MNQM20,D1,2020-06-05,1591315200,9619.0,9846.75,9602.0,9807.5,465315,0,542154,507740.0
MNQ,MNQM20,D1,2020-06-06,1591401600,9807.5,9807.5,9807.5,9807.5,1,0,1,490599.0
MNQ,MNQM20,D1,2020-06-07,1591488000,9807.5,9875.75,9807.5,9870.75,16224,0,18471,473889.0
MNQ,MNQM20,D1,2020-06-08,1591574400,9871.75,9901.0,9746.75,9880.0,373624,0,427770,469280.0
MNQ,MNQM20,D1,2020-06-09,1591660800,9879.5,10007.5,9811.5,9989.25,474232,0,542676,470744.0
MNQ,MNQM20,D1,2020-06-10,1591747200,9989.5,10155.5,9958.5,10043.5,560230,0,648168,477658.0
MNQ,MNQM20,D1,2020-06-11,1591833600,10043.5,10096.0,9584.5,9678.75,906917,0,1055312,512019.0
MNQ,MNQM20,D1,2020-06-12,1591920000,9678.5,9849.0,9495.0,9642.25,434120,25,549446,511354.0
MNQ,MNQM20,D1,2020-06-13,1592006400,9642.25,9642.25,9642.25,9642.25,1,0,1,490821.0
MNQ,MNQM20,D1,2020-06-14,1592092800,9540.25,9585.75,9502.75,9551.5,11163,25,15923,459942.0
MNQ,MNQM20,D1,2020-06-15,1592179200,9552.25,9879.5,9381.0,9877.5,204518,0,279805,441069.0
MNQ,MNQM20,D1,2020-06-16,1592265600,9876.5,10015.5,9797.0,9994.5,72944,0,116453,418580.0
MNQ,MNQM20,D1,2020-06-17,1592352000,9994.5,10061.25,9926.0,9962.25,32681,0,49456,419241.0
MNQ,MNQM20,D1,2020-06-18,1592438400,9963.75,10042.5,9879.0,10029.5,20164,25,24951,401979.0
MNQ,MNQM20,D1,2020-06-19,1592524800,10028.75,10130.0,9995.25,10130.0,2363,25,3010,380469.0
MNQ,MNQU20,D1,2020-06-21,1592697600,9884.5,9907.25,9841.25,9905.0,21399,0,26054,101180.0
MNQ,MNQU20,D1,2020-06-22,1592784000,9905.25,10158.0,9895.0,10149.75,349177,0,399314,114476.0
MNQ,MNQU20,D1,2020-06-23,1592870400,10149.75,10296.0,9972.5,10180.75,434694,0,511666,131513.0
MNQ,MNQU20,D1,2020-06-24,1592956800,10180.0,10241.75,9927.25,9973.5,596363,0,691723,154549.0
MNQ,MNQU20,D1,2020-06-25,1593043200,9974.25,10120.5,9885.5,10106.25,564086,0,658427,176496.0
MNQ,MNQU20,D1,2020-06-26,1593129600,10106.0,10120.0,9824.0,9844.0,554947,0,651166,198194.0
MNQ,MNQU20,D1,2020-06-27,1593216000,9844.0,9844.0,9844.0,9844.0,1,0,1,198169.0
MNQ,MNQU20,D1,2020-06-28,1593302400,9844.0,9844.0,9777.75,9827.0,21373,0,25033,198956.0
MNQ,MNQU20,D1,2020-06-29,1593388800,9827.25,10008.25,9729.0,9992.75,494677,0,575001,218073.0
MNQ,MNQU20,D1,2020-06-30,1593475200,9993.5,10171.5,9940.0,10129.75,421065,0,491552,234417.0
MNQ,MNQU20,D1,2020-07-01,1593561600,10129.5,10309.0,10075.75,10269.5,377922,0,450276,249426.0
MNQ,MNQU20,D1,2020-07-02,1593648000,10268.5,10422.5,10252.25,10350.0,350164,0,418270,263362.0
MNQ,MNQU20,D1,2020-07-03,1593734400,10349.75,10389.75,10309.0,10325.25,108598,25,125055,267500.0
MNQ,MNQU20,D1,2020-07-05,1593907200,10334.0,10399.75,10334.0,10393.0,13042,25,15702,267982.0
MNQ,MNQU20,D1,2020-07-06,1593993600,10393.25,10648.25,10391.25,10640.0,388188,0,480220,283945.0
MNQ,MNQU20,D1,2020-07-07,1594080000,10640.0,10694.5,10506.0,10550.25,453486,0,557828,302497.0
MNQ,MNQU20,D1,2020-07-08,1594166400,10550.0,10698.0,10505.25,10682.5,455237,0,569984,321427.0
MNQ,MNQU20,D1,2020-07-09,1594252800,10682.25,10774.25,10560.25,10754.25,525436,0,656173,343294.0
MNQ,MNQU20,D1,2020-07-10,1594339200,10754.5,10847.25,10625.5,10842.75,471588,0,589705,362889.0
MNQ,MNQU20,D1,2020-07-12,1594512000,10842.75,10909.25,10842.75,10876.75,21160,0,25823,363668.0
MNQ,MNQU20,D1,2020-07-13,1594598400,10877.0,11058.25,10562.0,10645.5,657496,0,821697,390932.0
MNQ,MNQU20,D1,2020-07-14,1594684800,10645.25,10740.0,10358.75,10717.5,950238,0,1149809,428092.0
MNQ,MNQU20,D1,2020-07-15,1594771200,10717.75,10766.5,10551.5,10647.25,716943,0,841737,443438.0
MNQ,MNQU20,D1,2020-07-16,1594857600,10647.0,10647.0,10475.5,10566.75,675859,0,781859,469500.0
MNQ,MNQU20,D1,2020-07-17,1594944000,10567.25,10669.0,10538.0,10623.5,461676,0,550739,486337.0
MNQ,MNQU20,D1,2020-07-19,1595116800,10623.5,10657.0,10612.0,10647.5,12321,0,14813,472202.0
MNQ,MNQU20,D1,2020-07-20,1595203200,10647.25,10980.0,10545.5,10949.75,470147,0,563184,469021.0
MNQ,MNQU20,D1,2020-07-21,1595289600,10950.25,11057.75,10784.75,10873.25,605018,0,719833,478167.0
MNQ,MNQU20,D1,2020-07-22,1595376000,10873.75,10916.25,10761.75,10823.0,557660,0,649949,484244.0
MNQ,MNQU20,D1,2020-07-23,1595462400,10822.75,10938.5,10514.5,10582.75,704193,0,828076,494689.0
MNQ,MNQU20,D1,2020-07-24,1595548800,10581.75,10597.75,10301.25,10463.0,758443,0,882773,523246.0
MNQ,MNQU20,D1,2020-07-25,1595635200,10463.0,10463.0,10463.0,10463.0,1,0,1,509936.0
MNQ,MNQU20,D1,2020-07-26,1595721600,10463.0,10517.0,10400.5,10439.0,33076,0,36919,494111.0
MNQ,MNQU20,D1,2020-07-27,1595808000,10439.75,10707.0,10433.25,10698.5,557342,0,641133,492425.0
MNQ,MNQU20,D1,2020-07-28,1595894400,10698.75,10758.5,10513.75,10564.0,608456,0,713650,494265.0
MNQ,MNQU20,D1,2020-07-29,1595980800,10563.5,10702.75,10512.0,10679.5,466986,0,545337,490738.0
MNQ,MNQU20,D1,2020-07-30,1596067200,10680.0,10928.75,10502.75,10905.5,687531,0,829198,518378.0
MNQ,MNQU20,D1,2020-07-31,1596153600,10905.5,10939.25,10691.0,10915.5,725550,0,878630,546831.0
MNQ,MNQU20,D1,2020-08-01,1596240000,10915.5,10915.5,10915.5,10915.5,5,0,5,527664.0
MNQ,MNQU20,D1,2020-08-02,1596326400,10915.5,10950.0,10876.25,10911.75,14213,0,17925,511877.0
MNQ,MNQU20,D1,2020-08-03,1596412800,10912.25,11073.0,10894.25,11036.5,438284,0,519862,514196.0
MNQ,MNQU20,D1,2020-08-04,1596499200,11036.5,11094.75,10982.75,11073.75,579307,0,656808,522148.0
MNQ,MNQU20,D1,2020-08-05,1596585600,11073.5,11143.5,11055.75,11089.25,409051,0,467279,533555.0
MNQ,MNQU20,D1,2020-08-06,1596672000,11089.0,11271.5,11051.5,11252.5,538883,0,623634,553819.0
MNQ,MNQU20,D1,2020-08-07,1596758400,11252.0,11283.25,11035.25,11131.0,654903,0,749445,562794.0
MNQ,MNQU20,D1,2020-08-08,1596844800,11131.0,11131.0,11131.0,11131.0,1,0,1,544199.0
MNQ,MNQU20,D1,2020-08-09,1596931200,11131.0,11159.25,11073.75,11107.25,16151,25,18252,525808.0
MNQ,MNQU20,D1,2020-08-10,1597017600,11107.75,11146.5,10928.5,11074.0,519904,0,605318,524113.0
MNQ,MNQU20,D1,2020-08-11,1597104000,11073.5,11157.5,10845.25,10922.75,641389,0,734669,528945.0
MNQ,MNQU20,D1,2020-08-12,1597190400,10922.75,11184.5,10878.25,11131.75,544827,0,623411,548865.0
MNQ,MNQU20,D1,2020-08-13,1597276800,11131.75,11265.75,11094.25,11205.25,535108,0,608454,541757.0
MNQ,MNQU20,D1,2020-08-14,1597363200,11205.5,11237.25,11096.0,11145.75,484461,0,558059,522032.0
MNQ,MNQU20,D1,2020-08-16,1597536000,11145.25,11164.25,11145.0,11161.5,5913,25,6994,494207.0
MNQ,MNQU20,D1,2020-08-17,1597622400,11161.25,11309.0,11153.25,11305.0,320197,0,375995,480678.0
MNQ,MNQU20,D1,2020-08-18,1597708800,11305.25,11444.75,11268.5,11416.5,418089,0,491255,478695.0
MNQ,MNQU20,D1,2020-08-19,1597795200,11416.0,11437.75,11284.0,11290.5,510882,0,601857,498264.0
MNQ,MNQU20,D1,2020-08-20,1597881600,11290.5,11502.25,11221.5,11499.5,461541,0,525207,496998.0
MNQ,MNQU20,D1,2020-08-21,1597968000,11499.75,11573.5,11407.0,11563.0,447188,0,505530,489854.0
MNQ,MNQU20,D1,2020-08-23,1598140800,11563.0,11593.0,11563.0,11583.5,8679,0,10246,468531.0
MNQ,MNQU20,D1,2020-08-24,1598227200,11583.25,11722.5,11528.25,11646.75,600513,0,664320,463072.0
MNQ,MNQU20,D1,2020-08-25,1598313600,11647.25,11754.0,11574.75,11746.75,505772,0,564630,452467.0
MNQ,MNQU20,D1,2020-08-26,1598400000,11747.5,12002.0,11726.5,11967.75,568183,0,639510,473784.0
MNQ,MNQU20,D1,2020-08-27,1598486400,11967.25,12046.25,11834.5,11969.25,797477,0,888828,502181.0
MNQ,MNQU20,D1,2020-08-28,1598572800,11969.5,12018.0,11920.25,12003.75,588077,0,645417,502324.0
MNQ,MNQU20,D1,2020-08-30,1598745600,12003.0,12049.0,11995.0,12047.75,10032,25,11600,478923.0
MNQ,MNQU20,D1,2020-08-31,1598832000,12048.25,12165.0,11988.25,12125.25,599758,0,669833,483072.0
MNQ,MNQU20,D1,2020-09-01,1598918400,12126.0,12362.75,12125.0,12360.5,614495,0,684335,478244.0
MNQ,MNQU20,D1,2020-09-02,1599004800,12360.25,12466.0,12172.25,12421.75,1068557,0,1180882,488319.0
MNQ,MNQU20,D1,2020-09-03,1599091200,12421.5,12421.5,11582.25,11601.0,1735856,0,1905681,551841.0
MNQ,MNQU20,D1,2020-09-04,1599177600,11601.25,11843.25,11141.25,11540.5,1193141,0,1593389,604357.0
MNQ,MNQU20,D1,2020-09-06,1599350400,11531.5,11548.5,11308.0,11417.25,34296,25,40828,588389.0
MNQ,MNQU20,D1,2020-09-07,1599436800,11418.25,11585.5,11371.0,11559.5,263313,0,311982,576895.0
MNQ,MNQU20,D1,2020-09-08,1599523200,11559.5,11577.25,10935.0,11041.25,1130413,0,1415962,608517.0
MNQ,MNQU20,D1,2020-09-09,1599609600,11040.25,11478.75,11037.25,11443.5,826580,0,973330,620174.0
MNQ,MNQU20,D1,2020-09-10,1599696000,11444.25,11567.0,11087.75,11202.75,985155,0,1128738,632817.0
MNQ,MNQU20,D1,2020-09-11,1599782400,11203.0,11356.75,10937.5,11073.0,561844,0,674165,655289.0
MNQ,MNQU20,D1,2020-09-12,1599868800,11073.0,11073.0,11073.0,11073.0,1,0,1,654681.0
MNQ,MNQU20,D1,2020-09-13,1599955200,11094.75,11194.5,11094.75,11185.5,9119,25,10981,634870.0
MNQ,MNQU20,D1,2020-09-14,1600041600,11185.75,11362.25,11163.25,11298.0,237157,0,280592,619734.0
MNQ,MNQU20,D1,2020-09-15,1600128000,11297.5,11495.25,11247.25,11435.25,148131,0,175083,604789.0
MNQ,MNQU20,D1,2020-09-16,1600214400,11436.0,11550.0,11237.25,11279.0,122296,0,142640,589262.0
MNQ,MNQU20,D1,2020-09-17,1600300800,11282.25,11286.5,10918.0,11085.0,124484,0,139374,575306.0
MNQ,MNQU20,D1,2020-09-18,1600387200,11082.0,13866.12,11036.5,13866.07,6714,0,8747,575365.0
MNQ,MNQZ20,D1,2020-09-19,1600473600,10938.0,10938.0,10938.0,10938.0,1,0,1,134026.0
MNQ,MNQZ20,D1,2020-09-20,1600560000,10938.0,10966.0,10852.0,10931.25,26864,0,30882,135039.0
MNQ,MNQZ20,D1,2020-09-21,1600646400,10931.5,11017.0,10656.75,11012.0,1055487,0,1213272,175458.0
MNQ,MNQZ20,D1,2020-09-22,1600732800,11012.25,11192.25,10897.25,11120.5,806749,0,913456,205879.0
MNQ,MNQZ20,D1,2020-09-23,1600819200,11121.0,11222.5,10725.0,10749.0,888726,0,1013788,239640.0
MNQ,MNQZ20,D1,2020-09-24,1600905600,10749.0,11011.75,10657.75,10952.0,1038827,0,1172716,278700.0
MNQ,MNQZ20,D1,2020-09-25,1600992000,10950.75,11169.0,10813.75,11135.75,796662,0,873974,307826.0
MNQ,MNQZ20,D1,2020-09-27,1601164800,11140.0,11181.0,11136.0,11159.25,14048,25,16649,308306.0
MNQ,MNQZ20,D1,2020-09-28,1601251200,11158.5,11423.0,11140.75,11418.25,594264,0,681306,330956.0
MNQ,MNQZ20,D1,2020-09-29,1601337600,11418.75,11449.0,11289.75,11340.25,562445,0,639279,352197.0
MNQ,MNQZ20,D1,2020-09-30,1601424000,11339.75,11525.25,11167.5,11444.0,811821,0,930474,383130.0
MNQ,MNQZ20,D1,2020-10-01,1601510400,11444.0,11604.75,11409.0,11571.5,654315,0,741752,407805.0
MNQ,MNQZ20,D1,2020-10-02,1601596800,11571.0,11589.75,11205.0,11254.25,986064,0,1140547,445819.0
MNQ,MNQZ20,D1,2020-10-04,1601769600,11285.25,11337.0,11275.75,11331.75,19877,25,24069,446543.0
MNQ,MNQZ20,D1,2020-10-05,1601856000,11332.25,11496.75,11268.0,11435.0,532594,0,633771,467559.0
MNQ,MNQZ20,D1,2020-10-06,1601942400,11435.0,11524.25,11197.5,11256.0,846975,0,1008001,500970.0
MNQ,MNQZ20,D1,2020-10-07,1602028800,11256.0,11507.5,11243.0,11500.75,546632,0,656727,522490.0
MNQ,MNQZ20,D1,2020-10-08,1602115200,11500.75,11585.0,11473.5,11579.5,492710,0,590925,541807.0
MNQ,MNQZ20,D1,2020-10-09,1602201600,11579.25,11740.0,11553.0,11724.25,391993,0,482381,557861.0
MNQ,MNQZ20,D1,2020-10-10,1602288000,11724.25,11724.25,11724.25,11724.25,1,0,1,557796.0
MNQ,MNQZ20,D1,2020-10-11,1602374400,11724.25,11758.0,11691.75,11743.5,15810,0,18543,558085.0
MNQ,MNQZ20,D1,2020-10-12,1602460800,11743.5,12197.0,11718.0,12109.25,710522,0,909187,588128.0
MNQ,MNQZ20,D1,2020-10-13,1602547200,12109.25,12249.0,12018.0,12114.75,886486,0,1028171,621605.0
MNQ,MNQZ20,D1,2020-10-14,1602633600,12115.0,12177.75,11901.75,11961.0,775369,0,940488,642448.0
MNQ,MNQZ20,D1,2020-10-15,1602720000,11960.5,11968.5,11737.0,11915.5,769154,0,910781,672434.0
MNQ,MNQZ20,D1,2020-10-16,1602806400,11915.25,12021.75,11792.25,11793.25,619158,0,741368,684103.0
MNQ,MNQZ20,D1,2020-10-17,1602892800,11793.25,11793.25,11793.25,11793.25,2,0,2,667837.0
MNQ,MNQZ20,D1,2020-10-18,1602979200,11815.75,11888.75,11815.0,11873.0,17833,25,20496,646745.0
MNQ,MNQZ20,D1,2020-10-19,1603065600,11872.75,11950.75,11592.0,11715.0,761049,0,898701,642523.0
MNQ,MNQZ20,D1,2020-10-20,1603152000,11715.25,11792.0,11598.75,11703.75,783237,0,913243,638165.0
MNQ,MNQZ20,D1,2020-10-21,1603238400,11704.25,11779.25,11581.25,11625.25,790433,0,940706,669522.0
MNQ,MNQZ20,D1,2020-10-22,1603324800,11625.0,11723.75,11511.0,11664.75,754612,0,894261,698301.0
MNQ,MNQZ20,D1,2020-10-23,1603411200,11664.25,11691.5,11550.5,11669.5,588973,25,717640,681780.0
MNQ,MNQZ20,D1,2020-10-24,1603497600,11669.5,11669.5,11669.5,11669.5,1,0,3,651332.0
MNQ,MNQZ20,D1,2020-10-25,1603584000,11650.25,11651.0,11574.0,11627.25,22801,0,26515,618423.0
MNQ,MNQZ20,D1,2020-10-26,1603670400,11627.0,11695.75,11343.25,11489.25,773927,0,929724,610323.0
MNQ,MNQZ20,D1,2020-10-27,1603756800,11489.5,11623.0,11482.75,11537.75,675420,0,800759,607882.0
MNQ,MNQZ20,D1,2020-10-28,1603843200,11538.25,11566.5,11124.0,11189.25,908164,0,1051622,642381.0
MNQ,MNQZ20,D1,2020-10-29,1603929600,11189.0,11457.75,11145.0,11214.25,826658,0,958124,651609.0
MNQ,MNQZ20,D1,2020-10-30,1604016000,11214.0,11281.25,10944.25,11087.25,1189707,0,1342534,675051.0
MNQ,MNQZ20,D1,2020-10-31,1604102400,11087.25,11087.25,11087.25,11087.25,4,0,4,644035.0
MNQ,MNQZ20,D1,2020-11-01,1604188800,11087.25,11087.25,10982.0,10999.0,23060,0,26353,620188.0
MNQ,MNQZ20,D1,2020-11-02,1604275200,10999.25,11212.0,10942.25,11087.75,951031,0,1093624,618624.0
MNQ,MNQZ20,D1,2020-11-03,1604361600,11088.0,11347.25,11066.25,11318.0,810752,25,932838,648916.0
MNQ,MNQZ20,D1,2020-11-04,1604448000,11317.75,11845.25,11230.0,11795.75,1173099,0,1333532,672242.0
MNQ,MNQZ20,D1,2020-11-05,1604534400,11795.75,12118.5,11771.25,12067.5,952211,0,1092853,675070.0
MNQ,MNQZ20,D1,2020-11-06,1604620800,12067.0,12109.0,11869.5,12095.5,1073119,0,1258778,695139.0
MNQ,MNQZ20,D1,2020-11-08,1604793600,12134.75,12258.5,12122.0,12233.25,35142,25,39207,676748.0
MNQ,MNQZ20,D1,2020-11-09,1604880000,12233.0,12408.0,11812.75,11854.75,1428620,0,1571271,713044.0
MNQ,MNQZ20,D1,2020-11-10,1604966400,11855.0,11893.75,11503.0,11598.5,1629857,0,1850594,774731.0
MNQ,MNQZ20,D1,2020-11-11,1605052800,11598.5,11919.5,11575.0,11897.25,1028322,0,1105859,810975.0
MNQ,MNQZ20,D1,2020-11-12,1605139200,11896.5,11975.0,11775.75,11852.25,985627,0,1082842,816763.0
MNQ,MNQZ20,D1,2020-11-13,1605225600,11853.5,11952.75,11801.75,11947.0,799855,0,873423,811605.0
MNQ,MNQZ20,D1,2020-11-14,1605312000,11947.0,11947.0,11947.0,11947.0,1,0,1,780255.0
MNQ,MNQM21,D1,2020-11-15,1605398400,11975.25,12040.25,11975.25,12040.25,3,0,4,22.0
MNQ,MNQZ20,D1,2020-11-16,1605484800,12046.5,12093.0,11853.25,12049.5,813002,0,881638,779284.0
MNQ,MNQZ20,D1,2020-11-17,1605571200,12050.0,12058.5,11954.25,11980.0,778462,0,865098,783408.0
MNQ,MNQZ20,D1,2020-11-18,1605657600,11980.25,12027.75,11862.5,11881.25,784115,0,915564,813927.0
MNQ,MNQZ20,D1,2020-11-19,1605744000,11881.25,12000.0,11804.5,11938.25,726080,0,847384,841490.0
MNQ,MNQZ20,D1,2020-11-20,1605830400,11938.0,12021.5,11873.25,11912.0,579395,25,713309,835310.0
MNQ,MNQZ20,D1,2020-11-22,1606003200,11911.25,11935.5,11900.25,11932.25,9575,25,11132,805240.0
MNQ,MNQZ20,D1,2020-11-23,1606089600,11932.0,12001.75,11808.25,11952.75,664477,0,779886,799879.0
MNQ,MNQZ20,D1,2020-11-24,1606176000,11952.5,12128.25,11872.5,12127.0,621173,0,673669,792526.0
MNQ,MNQZ20,D1,2020-11-25,1606262400,12126.5,12187.0,12078.5,12180.5,587861,0,640938,789969.0
MNQ,MNQZ20,D1,2020-11-26,1606348800,12180.5,12222.5,12126.5,12155.5,124042,0,137587,794555.0
MNQ,MNQZ20,D1,2020-11-27,1606435200,12155.5,12307.75,12137.0,12274.5,325354,25,378963,806304.0
MNQ,MNQZ20,D1,2020-11-29,1606608000,12274.5,12336.75,12274.5,12317.75,12785,25,14384,775792.0
MNQ,MNQZ20,D1,2020-11-30,1606694400,12317.75,12350.5,12085.75,12349.75,870782,0,932581,780186.0
MNQ,MNQZ20,D1,2020-12-01,1606780800,12349.75,12512.5,12334.0,12451.75,824618,0,947587,776719.0
MNQ,MNQZ20,D1,2020-12-02,1606867200,12451.75,12486.0,12313.75,12467.0,783717,0,852968,773213.0
MNQ,MNQZ20,D1,2020-12-03,1606953600,12466.75,12540.25,12443.5,12486.0,665297,0,714378,752275.0
MNQ,MNQZ20,D1,2020-12-04,1607040000,12486.5,12535.5,12448.5,12511.0,517439,25,588090,771878.0
MNQ,MNQZ20,D1,2020-12-06,1607212800,12523.75,12569.0,12522.5,12545.5,13444,0,15017,771500.0
MNQ,MNQZ20,D1,2020-12-07,1607299200,12545.25,12612.25,12475.0,12576.0,540470,0,633001,756146.0
MNQ,MNQZ20,D1,2020-12-08,1607385600,12575.75,12674.75,12502.5,12648.0,616123,0,721320,749095.0
MNQ,MNQZ20,D1,2020-12-09,1607472000,12648.25,12665.75,12306.5,12364.0,1076888,25,1244397,746124.0
MNQ,MNQZ20,D1,2020-12-10,1607558400,12364.0,12449.0,12218.0,12404.0,907938,0,1051433,744743.0
MNQ,MNQZ20,D1,2020-12-11,1607644800,12405.0,12414.5,12234.25,12368.25,347293,0,391893,715847.0
MNQ,MNQZ20,D1,2020-12-12,1607731200,12368.25,12368.25,12368.25,12368.25,5,0,5,714540.0
MNQ,MNQZ20,D1,2020-12-13,1607817600,12368.25,12445.0,12368.25,12417.0,5494,0,6592,662384.0
MNQ,MNQZ20,D1,2020-12-14,1607904000,12417.5,12549.25,12386.5,12474.5,208019,0,232444,608446.0
MNQ,MNQZ20,D1,2020-12-15,1607990400,12474.5,12607.0,12417.0,12593.0,169445,0,187016,577818.0
MNQ,MNQZ20,D1,2020-12-16,1608076800,12593.0,12700.0,12567.0,12678.25,100454,0,110456,545405.0
MNQ,MNQZ20,D1,2020-12-17,1608163200,12678.25,12766.5,12667.5,12750.75,49888,25,54105,518095.0
MNQ,MNQZ20,D1,2020-12-18,1608249600,12750.75,12820.0,12710.0,12820.0,5075,25,6373,518307.0
MNQ,MNQH21,D1,2020-12-19,1608336000,12749.0,12749.0,12749.0,12749.0,1,0,1,120628.0
MNQ,MNQH21,D1,2020-12-21,1608508800,12735.25,12739.75,12461.0,12702.0,912810,0,984140,153414.0
MNQ,MNQH21,D1,2020-12-22,1608595200,12702.25,12760.0,12593.75,12721.0,776487,0,845620,181569.0
MNQ,MNQH21,D1,2020-12-23,1608681600,12720.75,12739.0,12621.5,12655.5,547049,0,597992,201465.0
MNQ,MNQH21,D1,2020-12-24,1608768000,12655.75,12724.0,12631.5,12704.75,255333,25,282467,210860.0
MNQ,MNQH21,D1,2020-12-27,1609027200,12677.0,12751.0,12651.75,12735.0,10700,25,12715,211282.0
MNQ,MNQH21,D1,2020-12-28,1609113600,12735.0,12855.75,12725.25,12852.5,459860,0,517001,228474.0
MNQ,MNQH21,D1,2020-12-29,1609200000,12852.5,12918.25,12807.75,12845.25,576112,0,675188,250935.0
MNQ,MNQH21,D1,2020-12-30,1609286400,12846.25,12909.75,12820.5,12849.25,443565,0,487363,267140.0
MNQ,MNQH21,D1,2020-12-31,1609372800,12850.0,12895.5,12796.25,12885.0,333328,0,372273,279535.0
MNQ,MNQH21,D1,2021-01-03,1609632000,12888.25,12905.0,12852.25,12865.0,12754,25,14469,279994.0
MNQ,MNQH21,D1,2021-01-04,1609718400,12865.25,12960.0,12522.0,12676.0,826341,0,910412,310337.0
MNQ,MNQH21,D1,2021-01-05,1609804800,12676.25,12810.0,12611.75,12795.5,712332,0,790060,336598.0
MNQ,MNQH21,D1,2021-01-06,1609891200,12795.25,12844.5,12491.25,12673.5,1208509,0,1327043,380731.0
MNQ,MNQH21,D1,2021-01-07,1609977600,12673.5,12958.75,12656.5,12939.75,714494,25,787420,406893.0
MNQ,MNQH21,D1,2021-01-08,1610064000,12939.75,13125.25,12927.5,13125.25,852511,25,945306,438336.0
MNQ,MNQH21,D1,2021-01-09,1610150400,13125.25,13125.25,13125.25,13125.25,2,0,2,438273.0
MNQ,MNQH21,D1,2021-01-10,1610236800,13125.25,13125.25,13070.5,13082.5,11406,25,13007,438701.0
MNQ,MNQH21,D1,2021-01-11,1610323200,13082.75,13095.75,12872.0,12922.25,741192,0,819338,465938.0
MNQ,MNQH21,D1,2021-01-12,1610409600,12922.75,12959.0,12767.0,12897.25,606934,0,686761,488707.0
MNQ,MNQH21,D1,2021-01-13,1610496000,12897.75,13003.0,12820.5,12971.25,524744,0,588937,508078.0
MNQ,MNQH21,D1,2021-01-14,1610582400,12971.0,13028.75,12880.75,12917.5,551804,0,625460,527632.0
MNQ,MNQH21,D1,2021-01-15,1610668800,12917.25,12930.75,12743.25,12764.5,677530,0,769564,537569.0
MNQ,MNQH21,D1,2021-01-17,1610841600,12774.0,12796.25,12734.0,12746.25,15899,25,18368,538181.0
MNQ,MNQH21,D1,2021-01-18,1610928000,12745.5,12835.25,12727.0,12832.25,135218,0,153073,543024.0
MNQ,MNQH21,D1,2021-01-19,1611014400,12832.0,13056.25,12831.75,13050.5,596765,0,697285,547138.0
MNQ,MNQH21,D1,2021-01-20,1611100800,13050.25,13327.25,13018.0,13315.25,540581,0,632774,547338.0
MNQ,MNQH21,D1,2021-01-21,1611187200,13314.75,13423.75,13283.0,13384.5,583627,0,672927,550844.0
MNQ,MNQH21,D1,2021-01-22,1611273600,13384.0,13396.0,13300.0,13352.5,544431,0,628290,553413.0
MNQ,MNQH21,D1,2021-01-24,1611446400,13352.5,13408.75,13352.5,13398.25,9356,0,10788,528868.0
MNQ,MNQH21,D1,2021-01-25,1611532800,13398.75,13555.0,13189.0,13462.75,971536,0,1107974,565801.0
MNQ,MNQH21,D1,2021-01-26,1611619200,13462.25,13599.75,13380.75,13560.0,757766,0,868140,561934.0
MNQ,MNQH21,D1,2021-01-27,1611705600,13560.25,13573.0,12882.5,12980.0,1181566,0,1303366,577192.0
MNQ,MNQH21,D1,2021-01-28,1611792000,12979.75,13394.0,12906.25,13137.5,1084003,0,1198653,597214.0
MNQ,MNQH21,D1,2021-01-29,1611878400,13137.75,13166.25,12830.0,12871.5,1566632,0,1696167,644337.0
MNQ,MNQH21,D1,2021-01-30,1611964800,12871.5,12871.5,12871.5,12871.5,4,1525,4,643914.0
MNQ,MNQH21,D1,2021-01-31,1612051200,12871.5,12871.5,12726.75,12792.75,34300,25,40036,628015.0
MNQ,MNQH21,D1,2021-02-01,1612137600,12793.5,13276.5,12783.5,13262.0,912354,25,1017818,639436.0
MNQ,MNQH21,D1,2021-02-02,1612224000,13261.5,13515.0,13231.5,13488.75,687822,0,792676,649613.0
MNQ,MNQH21,D1,2021-02-03,1612310400,13489.25,13584.25,13387.0,13444.0,721673,0,835725,665061.0
MNQ,MNQH21,D1,2021-02-04,1612396800,13444.0,13572.0,13345.75,13553.75,559405,0,635027,685747.0
MNQ,MNQH21,D1,2021-02-05,1612483200,13553.0,13638.5,13519.25,13603.75,498702,0,597421,675314.0
MNQ,MNQH21,D1,2021-02-07,1612656000,13620.75,13646.5,13604.75,13639.25,9505,0,11396,649358.0
MNQ,MNQH21,D1,2021-02-08,1612742400,13638.75,13698.0,13596.0,13681.5,544979,0,619069,625759.0
MNQ,MNQH21,D1,2021-02-09,1612828800,13681.5,13735.25,13634.0,13687.75,508521,0,587424,619093.0
MNQ,MNQH21,D1,2021-02-10,1612915200,13688.0,13769.25,13517.25,13654.0,831283,0,972390,619995.0
MNQ,MNQH21,D1,2021-02-11,1613001600,13654.0,13744.0,13613.5,13732.25,684790,0,812517,647079.0
MNQ,MNQH21,D1,2021-02-12,1613088000,13732.0,13822.5,13646.0,13821.75,479204,25,563126,665416.0
MNQ,MNQH21,D1,2021-02-14,1613260800,13821.75,13848.0,13819.0,13825.75,6271,0,7562,638357.0
MNQ,MNQH21,D1,2021-02-15,1613347200,13826.25,13879.25,13823.0,13858.0,75326,0,88622,618419.0
MNQ,MNQH21,D1,2021-02-16,1613433600,13857.75,13900.75,13715.75,13731.5,630668,0,789684,625111.0
MNQ,MNQH21,D1,2021-02-17,1613520000,13731.0,13785.5,13543.0,13703.0,699278,0,858843,632890.0
MNQ,MNQH21,D1,2021-02-18,1613606400,13704.0,13724.75,13468.75,13615.5,762952,0,940660,638594.0
MNQ,MNQH21,D1,2021-02-19,1613692800,13615.5,13729.0,13534.25,13572.0,747158,0,894809,667808.0
MNQ,MNQH21,D1,2021-02-20,1613779200,13572.0,13572.0,13572.0,13572.0,1,800,1,662706.0
MNQ,MNQH21,D1,2021-02-21,1613865600,13572.0,13618.0,13548.25,13592.0,17693,0,19724,640120.0
MNQ,MNQH21,D1,2021-02-22,1613952000,13592.0,13629.0,13215.0,13228.5,950093,0,1132083,656764.0
MNQ,MNQH21,D1,2021-02-23,1614038400,13228.5,13335.75,12757.5,13169.0,1287025,0,1589279,687309.0
MNQ,MNQH21,D1,2021-02-24,1614124800,13168.75,13339.0,12958.0,13328.0,1118031,0,1281003,709066.0
MNQ,MNQH21,D1,2021-02-25,1614211200,13328.5,13354.25,12756.25,12777.75,1669552,0,1908623,772327.0
MNQ,MNQH21,D1,2021-02-26,1614297600,12777.75,13089.75,12663.25,12912.0,1629406,25,1848320,797006.0
MNQ,MNQH21,D1,2021-02-28,1614470400,12955.75,13008.75,12946.75,13004.25,26541,25,29075,769037.0
MNQ,MNQH21,D1,2021-03-01,1614556800,13004.25,13328.0,12996.75,13318.25,904536,0,1006911,759155.0
MNQ,MNQH21,D1,2021-03-02,1614643200,13318.0,13326.0,13048.0,13094.5,964702,0,1084911,755364.0
MNQ,MNQH21,D1,2021-03-03,1614729600,13094.75,13191.0,12582.75,12592.75,1268916,0,1471383,747871.0
MNQ,MNQH21,D1,2021-03-04,1614816000,12593.0,12797.0,12306.25,12407.0,1901023,0,2093998,817671.0
MNQ,MNQH21,D1,2021-03-05,1614902400,12406.5,12697.75,12207.5,12659.25,1568894,0,1768241,875277.0
MNQ,MNQH21,D1,2021-03-07,1615075200,12659.25,12761.25,12657.0,12670.75,28039,0,31302,842394.0
MNQ,MNQH21,D1,2021-03-08,1615161600,12670.25,12715.75,12283.75,12371.25,1561505,0,1735368,873817.0
MNQ,MNQH21,D1,2021-03-09,1615248000,12371.0,12867.25,12325.5,12809.5,1044895,0,1197949,885891.0
MNQ,MNQH21,D1,2021-03-10,1615334400,12809.75,12993.0,12704.25,12770.5,1244852,0,1459454,913372.0
MNQ,MNQH21,D1,2021-03-11,1615420800,12770.25,13119.5,12724.25,13069.5,1003212,0,1130818,931152.0
MNQ,MNQH21,D1,2021-03-12,1615507200,13069.0,13095.0,12767.75,12934.25,568815,0,638854,952067.0
MNQ,MNQH21,D1,2021-03-13,1615593600,12934.25,12934.25,12934.25,12934.25,1,1500,1,931431.0
MNQ,MNQH21,D1,2021-03-14,1615680000,12939.0,12976.25,12920.75,12960.25,10406,25,11910,912247.0
MNQ,MNQH21,D1,2021-03-15,1615766400,12960.5,13099.0,12872.75,13064.0,270358,0,300934,889866.0
MNQ,MNQH21,D1,2021-03-16,1615852800,13064.0,13296.75,13056.75,13158.25,217964,0,243371,870894.0
MNQ,MNQH21,D1,2021-03-17,1615939200,13158.5,13283.0,12946.25,13235.0,191157,25,214146,859261.0
MNQ,MNQH21,D1,2021-03-18,1616025600,13235.25,13279.75,12774.5,12802.0,129994,0,139577,863662.0
MNQ,MNQH21,D1,2021-03-19,1616112000,12799.5,12917.5,12730.5,12781.0,7349,25,9396,861021.0
MNQ,MNQM21,D1,2021-03-21,1616284800,12825.75,12870.5,12789.5,12861.75,27066,25,30426,216440.0
MNQ,MNQM21,D1,2021-03-22,1616371200,12862.5,13157.0,12819.5,13085.75,746383,0,928798,247345.0
MNQ,MNQM21,D1,2021-03-23,1616457600,13085.5,13172.0,12978.75,13029.0,1006685,0,1211621,287676.0
MNQ,MNQM21,D1,2021-03-24,1616544000,13029.25,13145.0,12781.5,12805.25,1008897,0,1190920,327315.0
MNQ,MNQM21,D1,2021-03-25,1616630400,12805.5,12859.5,12609.75,12800.25,1269515,0,1508216,377589.0
MNQ,MNQM21,D1,2021-03-26,1616716800,12800.25,12988.5,12675.75,12961.25,1007904,0,1220742,418277.0
MNQ,MNQM21,D1,2021-03-27,1616803200,12961.25,12961.25,12961.25,12961.25,3,625,3,418187.0
MNQ,MNQM21,D1,2021-03-28,1616889600,12961.25,12986.25,12915.25,12920.25,19639,25,22261,418748.0
MNQ,MNQM21,D1,2021-03-29,1616976000,12920.0,13002.75,12807.0,12978.25,1151881,0,1352827,463699.0
MNQ,MNQM21,D1,2021-03-30,1617062400,12978.25,12978.25,12776.75,12895.0,929045,0,1106364,500372.0
MNQ,MNQM21,D1,2021-03-31,1617148800,12895.25,13158.25,12860.25,13121.25,689824,0,829291,527804.0
MNQ,MNQM21,D1,2021-04-01,1617235200,13121.5,13349.5,13104.25,13345.5,634552,0,805601,554652.0
MNQ,MNQM21,D1,2021-04-02,1617321600,13346.25,13390.75,13340.75,13349.25,61828,25,73445,556990.0
MNQ,MNQM21,D1,2021-04-03,1617408000,13349.25,13349.25,13349.25,13349.25,3,775,6,556854.0
MNQ,MNQM21,D1,2021-04-04,1617494400,13349.25,13356.0,13304.25,13351.75,23415,25,26070,557495.0
MNQ,MNQM21,D1,2021-04-05,1617580800,13351.5,13622.5,13311.25,13616.0,506681,0,660921,579125.0
MNQ,MNQM21,D1,2021-04-06,1617667200,13615.75,13654.25,13524.5,13594.5,706946,0,876035,607943.0
MNQ,MNQM21,D1,2021-04-07,1617753600,13594.0,13653.75,13513.0,13638.75,656030,0,798265,634532.0
MNQ,MNQM21,D1,2021-04-08,1617840000,13639.0,13802.25,13629.0,13802.25,626415,0,775997,660073.0
MNQ,MNQM21,D1,2021-04-09,1617926400,13802.5,13841.0,13648.5,13809.0,663814,0,815248,686898.0
MNQ,MNQM21,D1,2021-04-10,1618012800,13809.0,13809.0,13809.0,13809.0,6,1325,6,686495.0
MNQ,MNQM21,D1,2021-04-11,1618099200,13809.0,13832.0,13774.5,13779.25,20045,25,22534,685672.0
MNQ,MNQM21,D1,2021-04-12,1618185600,13779.75,13833.0,13731.75,13817.5,638754,0,763494,690058.0
MNQ,MNQM21,D1,2021-04-13,1618272000,13817.5,13993.75,13772.5,13967.0,657386,0,781638,716112.0
MNQ,MNQM21,D1,2021-04-14,1618358400,13966.75,14029.0,13772.75,13811.75,864099,0,1051246,750684.0
MNQ,MNQM21,D1,2021-04-15,1618444800,13812.25,14034.25,13789.5,14010.25,643077,0,789000,745002.0
MNQ,MNQM21,D1,2021-04-16,1618531200,14010.5,14059.0,13953.0,14022.25,632663,0,774217,742638.0
MNQ,MNQM21,D1,2021-04-18,1618704000,13989.25,14005.5,13973.25,13991.0,12957,25,14916,700702.0
MNQ,MNQM21,D1,2021-04-19,1618790400,13990.75,14052.5,13821.0,13917.0,939539,25,1162508,696690.0
MNQ,MNQM21,D1,2021-04-20,1618876800,13917.25,13933.75,13719.0,13746.0,990479,0,1186915,692651.0
MNQ,MNQM21,D1,2021-04-21,1618963200,13746.0,13926.75,13700.25,13883.25,734530,0,881053,721005.0
MNQ,MNQM21,D1,2021-04-22,1619049600,13884.0,13944.0,13701.75,13759.5,1007426,0,1193422,729826.0
MNQ,MNQM21,D1,2021-04-23,1619136000,13759.5,13981.25,13738.0,13905.5,618177,0,774685,715262.0
MNQ,MNQM21,D1,2021-04-25,1619308800,13905.5,13928.0,13905.5,13910.75,10467,25,12194,675971.0
MNQ,MNQM21,D1,2021-04-26,1619395200,13911.0,14038.0,13865.75,14027.5,558186,0,678788,648323.0
MNQ,MNQM21,D1,2021-04-27,1619481600,14027.0,14050.0,13912.75,13963.0,587873,0,709168,631271.0
MNQ,MNQM21,D1,2021-04-28,1619568000,13963.25,13993.5,13878.0,13971.75,680066,0,816851,658499.0
MNQ,MNQM21,D1,2021-04-29,1619654400,13972.0,14064.0,13818.25,13916.0,887313,0,1075838,693618.0
MNQ,MNQM21,D1,2021-04-30,1619740800,13916.0,13957.0,13819.5,13865.75,778098,0,934040,679659.0
MNQ,MNQM21,D1,2021-05-01,1619827200,13865.75,13865.75,13865.75,13865.75,5,1300,5,642780.0
MNQ,MNQM21,D1,2021-05-02,1619913600,13879.25,13889.0,13867.5,13880.25,9508,25,10672,615493.0
MNQ,MNQM21,D1,2021-05-03,1620000000,13880.25,13947.5,13763.0,13769.25,648394,0,776611,614526.0
MNQ,MNQM21,D1,2021-05-04,1620086400,13769.0,13777.5,13380.75,13524.75,989785,0,1202081,652147.0
MNQ,MNQM21,D1,2021-05-05,1620172800,13524.75,13665.5,13462.5,13499.25,791742,0,942138,683552.0
MNQ,MNQM21,D1,2021-05-06,1620259200,13499.0,13621.0,13389.0,13611.75,995811,0,1205740,722874.0
MNQ,MNQM21,D1,2021-05-07,1620345600,13611.75,13818.0,13588.25,13717.5,811788,0,997717,734101.0
MNQ,MNQM21,D1,2021-05-08,1620432000,13717.5,13717.5,13717.5,13717.5,1,525,1,704900.0
MNQ,MNQM21,D1,2021-05-09,1620518400,13718.25,13745.5,13713.0,13739.0,10936,0,12051,678692.0
MNQ,MNQM21,D1,2021-05-10,1620604800,13738.75,13751.75,13302.25,13334.5,989194,0,1085660,689015.0
MNQ,MNQM21,D1,2021-05-11,1620691200,13333.75,13375.75,13065.5,13337.5,1679787,0,1824114,722643.0
MNQ,MNQM21,D1,2021-05-12,1620777600,13338.0,13352.0,12959.75,13015.75,1542624,0,1717506,779893.0
MNQ,MNQM21,D1,2021-05-13,1620864000,13015.5,13225.0,12914.75,13112.25,1477493,25,1609739,832800.0
MNQ,MNQM21,D1,2021-05-14,1620950400,13112.5,13426.0,13104.5,13400.0,915615,0,1022017,841418.0
MNQ,MNQM21,D1,2021-05-15,1621036800,13400.0,13400.0,13400.0,13400.0,3,750,6,815363.0
MNQ,MNQM21,D1,2021-05-16,1621123200,13380.5,13452.5,13376.25,13393.75,21029,25,24322,781132.0
MNQ,MNQM21,D1,2021-05-17,1621209600,13393.5,13398.75,13182.5,13329.5,936428,0,1052242,789907.0
MNQ,MNQM21,D1,2021-05-18,1621296000,13329.25,13433.0,13165.5,13172.5,726938,0,863805,792894.0
MNQ,MNQM21,D1,2021-05-19,1621382400,13172.75,13242.75,12954.25,13186.25,1236850,0,1404277,839206.0
MNQ,MNQM21,D1,2021-05-20,1621468800,13185.75,13524.0,13151.25,13519.5,721510,0,923371,831234.0
MNQ,MNQM21,D1,2021-05-21,1621555200,13520.0,13569.75,13395.5,13411.75,703765,0,872099,820740.0
MNQ,MNQM21,D1,2021-05-23,1621728000,13390.0,13396.0,13356.25,13367.5,19882,25,22578,792125.0
MNQ,MNQM21,D1,2021-05-24,1621814400,13367.25,13686.25,13362.0,13657.0,476668,0,564033,771145.0
MNQ,MNQM21,D1,2021-05-25,1621900800,13656.25,13738.5,13606.5,13694.75,608354,0,715655,769177.0
MNQ,MNQM21,D1,2021-05-26,1621987200,13695.0,13728.25,13656.0,13707.0,477051,0,605965,788970.0
MNQ,MNQM21,D1,2021-05-27,1622073600,13706.75,13720.75,13620.25,13703.25,570239,25,715218,790184.0
MNQ,MNQM21,D1,2021-05-28,1622160000,13703.25,13763.25,13662.5,13684.5,428705,0,565889,785408.0
MNQ,MNQM21,D1,2021-05-29,1622246400,13684.5,13684.5,13684.5,13684.5,1,1300,1,758180.0
MNQ,MNQM21,D1,2021-05-30,1622332800,13684.5,13722.0,13684.5,13712.5,7160,25,8557,722604.0
MNQ,MNQM21,D1,2021-05-31,1622419200,13712.75,13718.0,13651.5,13686.25,83405,0,94142,694607.0
MNQ,MNQM21,D1,2021-06-01,1622505600,13686.0,13773.0,13592.75,13634.75,508340,0,697895,717870.0
MNQ,MNQM21,D1,2021-06-02,1622592000,13634.5,13712.5,13603.0,13686.75,456670,0,571058,736550.0
MNQ,MNQM21,D1,2021-06-03,1622678400,13686.5,13707.0,13462.25,13503.75,704516,0,901885,740725.0
MNQ,MNQM21,D1,2021-06-04,1622764800,13504.0,13784.0,13467.75,13764.25,486682,0,633361,721768.0
MNQ,MNQM21,D1,2021-06-05,1622851200,13764.25,13764.25,13764.25,13764.25,3,900,3,690364.0
MNQ,MNQM21,D1,2021-06-06,1622937600,13764.25,13786.75,13764.25,13767.5,7844,25,9068,650474.0
MNQ,MNQM21,D1,2021-06-07,1623024000,13767.0,13834.5,13691.5,13823.0,494068,25,592382,636963.0
MNQ,MNQM21,D1,2021-06-08,1623110400,13822.75,13916.75,13742.0,13817.25,591758,0,743740,661755.0
MNQ,MNQM21,D1,2021-06-09,1623196800,13817.75,13904.0,13806.5,13815.25,457405,0,600132,681357.0
MNQ,MNQM21,D1,2021-06-10,1623283200,13815.0,13980.0,13726.5,13967.5,570787,0,700315,668512.0
MNQ,MNQM21,D1,2021-06-11,1623369600,13968.25,13998.5,13931.75,13993.25,225152,0,252614,616129.0
MNQ,MNQM21,D1,2021-06-12,1623456000,13993.25,13993.25,13993.25,13993.25,1,1125,4,558879.0
MNQ,MNQM21,D1,2021-06-13,1623542400,13993.25,14024.75,13993.25,14018.75,3316,25,3764,505347.0
MNQ,MNQM21,D1,2021-06-14,1623628800,14019.0,14133.5,13965.0,14114.25,136596,0,154879,476442.0
MNQ,MNQM21,D1,2021-06-15,1623715200,14114.5,14163.0,14009.25,14039.75,112539,0,125487,480625.0
MNQ,MNQM21,D1,2021-06-16,1623801600,14039.75,14104.0,13834.0,13895.5,96053,0,109157,483453.0
MNQ,MNQM21,D1,2021-06-17,1623888000,13895.5,14213.0,13850.5,14188.5,77031,25,84643,451199.0
MNQ,MNQM21,D1,2021-06-18,1623974400,14187.0,14213.25,14064.75,14116.75,4755,25,6256,422614.0
MNQ,MNQU21,D1,2021-06-20,1624147200,14018.0,14047.25,14013.25,14037.75,14067,0,15804,129054.0
MNQ,MNQU21,D1,2021-06-21,1624233600,14038.25,14149.0,13958.75,14134.75,590427,0,779665,154958.0
MNQ,MNQU21,D1,2021-06-22,1624320000,14135.25,14279.25,14066.25,14272.5,512515,25,621043,175600.0
MNQ,MNQU21,D1,2021-06-23,1624406400,14272.25,14316.75,14231.75,14285.75,438474,0,586002,195057.0
MNQ,MNQU21,D1,2021-06-24,1624492800,14286.25,14422.0,14284.75,14347.75,459031,0,607893,215246.0
MNQ,MNQU21,D1,2021-06-25,1624579200,14347.75,14394.25,14313.25,14331.25,415856,0,587605,234732.0
MNQ,MNQU21,D1,2021-06-27,1624752000,14331.25,14366.25,14331.25,14354.75,8076,25,9645,234941.0
MNQ,MNQU21,D1,2021-06-28,1624838400,14355.0,14519.5,14333.25,14491.75,358581,0,467314,250450.0
MNQ,MNQU21,D1,2021-06-29,1624924800,14491.75,14591.0,14468.75,14587.75,415042,0,543481,268491.0
MNQ,MNQU21,D1,2021-06-30,1625011200,14587.75,14599.0,14518.0,14560.5,426563,0,547709,286698.0
MNQ,MNQU21,D1,2021-07-01,1625097600,14560.75,14606.5,14470.75,14533.25,469103,0,598058,306594.0
MNQ,MNQU21,D1,2021-07-02,1625184000,14532.75,14728.75,14513.5,14700.5,401013,25,539933,324543.0
MNQ,MNQU21,D1,2021-07-04,1625356800,14702.25,14722.0,14698.0,14714.5,4723,25,5588,324683.0
MNQ,MNQU21,D1,2021-07-05,1625443200,14714.75,14718.75,14674.75,14714.75,66705,0,89345,327649.0
MNQ,MNQU21,D1,2021-07-06,1625529600,14714.75,14789.75,14625.25,14764.75,568947,0,750011,352568.0
MNQ,MNQU21,D1,2021-07-07,1625616000,14765.0,14883.75,14726.25,14810.25,659619,25,842279,380591.0
MNQ,MNQU21,D1,2021-07-08,1625702400,14810.5,14821.75,14540.0,14691.25,806063,25,1003123,413904.0
MNQ,MNQU21,D1,2021-07-09,1625788800,14691.25,14832.0,14640.5,14814.5,515298,25,654690,435588.0
MNQ,MNQU21,D1,2021-07-11,1625961600,14823.75,14845.0,14822.25,14829.25,7852,25,9611,435905.0
MNQ,MNQU21,D1,2021-07-12,1626048000,14829.25,14888.75,14785.25,14879.75,435129,25,558664,454403.0
MNQ,MNQU21,D1,2021-07-13,1626134400,14879.75,14994.5,14794.25,14845.0,634372,0,828452,481837.0
MNQ,MNQU21,D1,2021-07-14,1626220800,14844.25,14996.0,14841.0,14903.25,675972,25,813471,508774.0
MNQ,MNQU21,D1,2021-07-15,1626307200,14903.5,14962.5,14708.25,14757.0,870805,25,1019702,540996.0
MNQ,MNQU21,D1,2021-07-16,1626393600,14757.0,14869.5,14657.25,14670.75,720994,25,886326,561540.0
MNQ,MNQU21,D1,2021-07-18,1626566400,14670.75,14683.25,14612.5,14643.5,22011,25,25417,562158.0
MNQ,MNQU21,D1,2021-07-19,1626652800,14643.75,14666.75,14444.25,14590.25,1097350,0,1309043,592433.0
MNQ,MNQU21,D1,2021-07-20,1626739200,14590.25,14782.25,14516.75,14743.5,726874,0,867658,602101.0
MNQ,MNQU21,D1,2021-07-21,1626825600,14742.75,14846.5,14666.75,14836.0,634438,0,778145,602919.0
MNQ,MNQU21,D1,2021-07-22,1626912000,14835.75,14984.75,14829.0,14971.25,657173,0,858978,601284.0
MNQ,MNQU21,D1,2021-07-23,1626998400,14971.5,15117.5,14934.25,15093.0,611656,25,799887,600151.0
MNQ,MNQU21,D1,2021-07-25,1627171200,15093.0,15127.75,15091.25,15122.0,8943,0,10945,599989.0
MNQ,MNQU21,D1,2021-07-26,1627257600,15122.0,15134.25,15038.75,15112.0,520807,0,678450,596616.0
MNQ,MNQU21,D1,2021-07-27,1627344000,15112.0,15131.5,14774.5,14920.75,779211,25,1010417,609595.0
MNQ,MNQU21,D1,2021-07-28,1627430400,14920.5,15074.75,14893.25,14988.5,810404,25,1003707,623518.0
MNQ,MNQU21,D1,2021-07-29,1627516800,14988.5,15084.0,14862.25,14871.25,582700,0,737046,627823.0
MNQ,MNQU21,D1,2021-07-30,1627603200,14870.25,14979.75,14811.5,14967.25,645595,25,795931,634768.0
MNQ,MNQU21,D1,2021-08-01,1627776000,14967.25,15012.0,14967.25,15001.75,10951,0,12532,634864.0
MNQ,MNQU21,D1,2021-08-02,1627862400,15002.0,15056.0,14932.5,14961.25,586829,25,737904,643883.0
MNQ,MNQU21,D1,2021-08-03,1627948800,14962.0,15050.0,14848.75,15031.0,693156,25,886830,655328.0
MNQ,MNQU21,D1,2021-08-04,1628035200,15030.75,15108.0,14996.75,15083.75,567880,25,737788,661664.0
MNQ,MNQU21,D1,2021-08-05,1628121600,15083.25,15172.25,15069.5,15160.5,423290,0,553388,660175.0
MNQ,MNQU21,D1,2021-08-06,1628208000,15160.5,15169.5,15047.5,15092.75,483127,0,692585,665264.0
MNQ,MNQU21,D1,2021-08-08,1628380800,15092.75,15095.5,15003.5,15022.0,20398,25,23289,665854.0
MNQ,MNQU21,D1,2021-08-09,1628467200,15021.75,15146.0,15012.25,15118.75,438192,25,614899,683372.0
MNQ,MNQU21,D1,2021-08-10,1628553600,15118.5,15157.25,14994.75,15035.5,557785,0,753740,683497.0
MNQ,MNQU21,D1,2021-08-11,1628640000,15035.5,15119.0,14963.0,14995.25,601193,0,830810,683114.0
MNQ,MNQU21,D1,2021-08-12,1628726400,14995.5,15090.5,14941.0,15067.75,475732,0,637046,670912.0
MNQ,MNQU21,D1,2021-08-13,1628812800,15067.75,15141.5,15055.25,15123.75,357279,25,459509,664406.0
MNQ,MNQU21,D1,2021-08-15,1628985600,15123.75,15123.75,15105.0,15114.0,6365,0,7236,664326.0
MNQ,MNQU21,D1,2021-08-16,1629072000,15114.0,15139.0,14917.0,15130.5,564892,25,764065,671173.0
MNQ,MNQU21,D1,2021-08-17,1629158400,15130.0,15132.0,14897.0,14957.0,764843,25,960476,675574.0
MNQ,MNQU21,D1,2021-08-18,1629244800,14956.75,15037.0,14806.5,14845.5,730261,25,899729,678449.0
MNQ,MNQU21,D1,2021-08-19,1629331200,14845.25,14999.0,14711.0,14916.75,964258,25,1141297,682502.0
MNQ,MNQU21,D1,2021-08-20,1629417600,14917.0,15100.0,14851.75,15095.0,564595,25,711525,676676.0
MNQ,MNQU21,D1,2021-08-22,1629590400,15094.0,15120.75,15087.5,15107.5,10872,25,12411,676242.0
MNQ,MNQU21,D1,2021-08-23,1629676800,15107.25,15338.0,15103.25,15329.5,511737,25,653916,654405.0
MNQ,MNQU21,D1,2021-08-24,1629763200,15329.75,15384.0,15309.25,15357.5,434456,25,539806,643476.0
MNQ,MNQU21,D1,2021-08-25,1629849600,15357.75,15397.0,15333.0,15362.0,455162,25,578023,636806.0
MNQ,MNQU21,D1,2021-08-26,1629936000,15362.0,15364.75,15255.5,15277.25,649537,25,784462,634322.0
MNQ,MNQU21,D1,2021-08-27,1630022400,15277.0,15443.75,15265.5,15428.0,495361,25,667944,629924.0
MNQ,MNQU21,D1,2021-08-29,1630195200,15432.25,15459.75,15426.0,15452.5,9628,25,10918,629923.0
MNQ,MNQU21,D1,2021-08-30,1630281600,15452.5,15617.75,15420.0,15598.25,416967,25,553424,625755.0
MNQ,MNQU21,D1,2021-08-31,1630368000,15598.75,15677.25,15514.0,15597.0,590517,25,733592,616528.0
MNQ,MNQU21,D1,2021-09-01,1630454400,15596.75,15698.0,15577.75,15618.5,495466,25,628450,604019.0
MNQ,MNQU21,D1,2021-09-02,1630540800,15619.0,15682.25,15551.25,15597.75,522016,25,681652,602173.0
MNQ,MNQU21,D1,2021-09-03,1630627200,15598.0,15677.5,15552.0,15653.5,523466,25,648137,597246.0
MNQ,MNQU21,D1,2021-09-05,1630800000,15653.75,15663.75,15648.75,15650.25,5000,25,6015,597029.0
MNQ,MNQU21,D1,2021-09-06,1630886400,15650.5,15708.75,15642.0,15689.25,67005,0,87710,575356.0
MNQ,MNQU21,D1,2021-09-07,1630972800,15688.75,15701.5,15607.0,15662.0,500674,25,683809,568588.0
MNQ,MNQU21,D1,2021-09-08,1631059200,15662.5,15691.0,15523.5,15600.0,678488,25,862488,572745.0
MNQ,MNQU21,D1,2021-09-09,1631145600,15600.25,15676.5,15545.75,15563.75,639926,25,802317,581043.0
MNQ,MNQU21,D1,2021-09-10,1631232000,15563.5,15667.5,15433.5,15443.5,338871,25,432993,572390.0
MNQ,MNQU21,D1,2021-09-12,1631404800,15453.75,15495.5,15443.75,15491.75,7944,25,8913,571910.0
MNQ,MNQU21,D1,2021-09-13,1631491200,15492.0,15565.0,15350.5,15452.0,274839,25,315380,561926.0
MNQ,MNQU21,D1,2021-09-14,1631577600,15452.0,15530.75,15352.25,15414.0,201576,0,225336,544313.0
MNQ,MNQU21,D1,2021-09-15,1631664000,15414.5,15522.0,15314.5,15510.0,146206,25,155772,521812.0
MNQ,MNQU21,D1,2021-09-16,1631750400,15509.25,15542.0,15368.75,15491.0,111690,25,123532,504695.0
MNQ,MNQU21,D1,2021-09-17,1631836800,15491.75,15541.5,15474.0,15524.0,4825,25,6190,489584.0
MNQ,MNQZ21,D1,2021-09-19,1632009600,15286.0,15328.5,15282.5,15325.5,15855,25,17853,151028.0
MNQ,MNQZ21,D1,2021-09-20,1632096000,15325.25,15338.0,14807.5,15029.5,1081986,0,1202144,191031.0
MNQ,MNQZ21,D1,2021-09-21,1632182400,15029.25,15163.5,14963.75,14973.0,898011,0,999419,224278.0
MNQ,MNQZ21,D1,2021-09-22,1632268800,14973.25,15227.0,14929.25,15191.75,800109,25,879694,253530.0
MNQ,MNQZ21,D1,2021-09-23,1632355200,15191.5,15346.75,15175.5,15304.5,602860,25,678595,276016.0
MNQ,MNQZ21,D1,2021-09-24,1632441600,15304.5,15334.0,15176.75,15317.25,586345,25,651756,297652.0
MNQ,MNQZ21,D1,2021-09-26,1632614400,15319.0,15330.0,15301.25,15318.0,11739,25,13713,298104.0
MNQ,MNQZ21,D1,2021-09-27,1632700800,15319.0,15399.5,15084.0,15169.0,704388,25,793853,324455.0
MNQ,MNQZ21,D1,2021-09-28,1632787200,15168.75,15192.25,14740.75,14801.25,1129592,0,1287646,367312.0
MNQ,MNQZ21,D1,2021-09-29,1632873600,14801.0,14926.25,14711.0,14788.5,1062207,25,1266915,409496.0
MNQ,MNQZ21,D1,2021-09-30,1632960000,14788.25,14884.0,14670.0,14713.25,1117034,0,1248452,451050.0
MNQ,MNQZ21,D1,2021-10-01,1633046400,14713.25,14818.0,14537.0,14779.5,1215591,0,1354537,496126.0
MNQ,MNQZ21,D1,2021-10-03,1633219200,14780.0,14835.75,14773.5,14815.75,29250,25,32153,497192.0
MNQ,MNQZ21,D1,2021-10-04,1633305600,14815.75,14818.5,14367.75,14485.75,1427371,25,1592043,550154.0
MNQ,MNQZ21,D1,2021-10-05,1633392000,14486.5,14754.5,14410.0,14637.75,901976,0,996695,583279.0
MNQ,MNQZ21,D1,2021-10-06,1633478400,14638.0,14829.75,14422.25,14809.25,1266563,0,1430575,630857.0
MNQ,MNQZ21,D1,2021-10-07,1633564800,14809.25,15001.25,14798.75,14923.75,756039,0,872411,659852.0
MNQ,MNQZ21,D1,2021-10-08,1633651200,14924.0,14998.0,14791.0,14804.5,936139,25,1055206,694836.0
MNQ,MNQZ21,D1,2021-10-10,1633824000,14812.5,14828.75,14703.5,14717.25,37145,0,41317,696210.0
MNQ,MNQZ21,D1,2021-10-11,1633910400,14717.0,14896.75,14664.25,14684.75,769322,0,906422,726345.0
MNQ,MNQZ21,D1,2021-10-12,1633996800,14684.75,14783.25,14585.5,14604.75,1029015,0,1139722,764120.0
MNQ,MNQZ21,D1,2021-10-13,1634083200,14605.5,14809.75,14591.5,14804.25,977020,0,1067159,799190.0
MNQ,MNQZ21,D1,2021-10-14,1634169600,14804.0,15077.75,14802.25,15070.5,643384,0,716445,819964.0
MNQ,MNQZ21,D1,2021-10-15,1634256000,15070.25,15145.0,15020.75,15145.0,589158,0,656442,823371.0
MNQ,MNQZ21,D1,2021-10-17,1634428800,15146.0,15166.75,15076.25,15082.5,21011,0,23989,823732.0
MNQ,MNQZ21,D1,2021-10-18,1634515200,15082.5,15300.0,15038.5,15292.25,600056,0,670006,818845.0
MNQ,MNQZ21,D1,2021-10-19,1634601600,15292.5,15428.5,15275.25,15409.25,589500,0,678532,816975.0
MNQ,MNQZ21,D1,2021-10-20,1634688000,15409.25,15446.75,15319.25,15335.75,589752,0,684921,816454.0
MNQ,MNQZ21,D1,2021-10-21,1634774400,15335.75,15483.75,15300.75,15392.0,568184,0,665438,815898.0
MNQ,MNQZ21,D1,2021-10-22,1634860800,15391.5,15463.75,15273.75,15324.0,789363,0,935413,818649.0
MNQ,MNQZ21,D1,2021-10-24,1635033600,15325.75,15337.25,15296.5,15307.0,19318,25,21441,818768.0
MNQ,MNQZ21,D1,2021-10-25,1635120000,15307.0,15545.75,15304.75,15539.25,562200,0,648370,800309.0
MNQ,MNQZ21,D1,2021-10-26,1635206400,15539.5,15701.0,15502.75,15560.0,787561,0,920273,797671.0
MNQ,MNQZ21,D1,2021-10-27,1635292800,15560.25,15717.25,15507.25,15626.25,742342,0,832865,796110.0
MNQ,MNQZ21,D1,2021-10-28,1635379200,15626.5,15777.75,15591.25,15672.0,678085,0,774105,799294.0
MNQ,MNQZ21,D1,2021-10-29,1635465600,15672.25,15869.0,15595.0,15869.0,676237,0,814413,804716.0
MNQ,MNQZ21,D1,2021-10-31,1635638400,15883.5,15897.0,15855.0,15880.25,22936,25,27153,805164.0
MNQ,MNQZ21,D1,2021-11-01,1635724800,15880.5,15914.75,15768.75,15876.75,559114,0,669829,801030.0
MNQ,MNQZ21,D1,2021-11-02,1635811200,15876.75,15980.25,15849.5,15942.75,611204,0,768356,783720.0
MNQ,MNQZ21,D1,2021-11-03,1635897600,15943.0,16187.0,15935.0,16185.0,676423,0,825117,768993.0
MNQ,MNQZ21,D1,2021-11-04,1635984000,16185.0,16378.5,16152.75,16341.25,742938,0,923218,758152.0
MNQ,MNQZ21,D1,2021-11-05,1636070400,16341.5,16448.5,16292.25,16343.25,846942,0,1039792,747661.0
MNQ,MNQZ21,D1,2021-11-07,1636243200,16295.0,16334.5,16265.0,16312.25,16693,25,20037,747257.0
MNQ,MNQZ21,D1,2021-11-08,1636329600,16312.75,16394.25,16272.0,16310.75,730078,0,893327,723966.0
MNQ,MNQZ21,D1,2021-11-09,1636416000,16310.25,16391.75,16160.0,16185.25,957409,0,1212226,731151.0
MNQ,MNQZ21,D1,2021-11-10,1636502400,16185.5,16243.0,15897.75,15991.75,1123111,0,1339309,728108.0
MNQ,MNQZ21,D1,2021-11-11,1636588800,15992.0,16113.5,15980.5,16064.25,685565,0,828477,726644.0
MNQ,MNQZ21,D1,2021-11-12,1636675200,16064.0,16213.5,16001.75,16201.75,626787,0,785696,717660.0
MNQ,MNQZ21,D1,2021-11-14,1636848000,16211.0,16241.25,16210.0,16226.25,11460,25,14621,716770.0
MNQ,MNQZ21,D1,2021-11-15,1636934400,16227.0,16276.5,16082.75,16189.75,722911,0,888181,716162.0
MNQ,MNQZ21,D1,2021-11-16,1637020800,16189.75,16323.75,16142.5,16305.25,598755,0,755041,703340.0
MNQ,MNQZ21,D1,2021-11-17,1637107200,16305.25,16398.75,16269.75,16329.5,613478,0,772702,693524.0
MNQ,MNQZ21,D1,2021-11-18,1637193600,16329.25,16509.25,16303.75,16496.0,716474,0,880568,698995.0
MNQ,MNQZ21,D1,2021-11-19,1637280000,16495.75,16628.5,16492.75,16588.25,689400,0,831221,704821.0
MNQ,MNQZ21,D1,2021-11-21,1637452800,16599.75,16619.0,16587.75,16588.75,9043,25,11111,704392.0
MNQ,MNQZ21,D1,2021-11-22,1637539200,16588.75,16767.5,16364.75,16396.75,870601,0,1071439,717773.0
MNQ,MNQZ21,D1,2021-11-23,1637625600,16397.5,16418.75,16118.5,16287.5,1274139,0,1480666,744511.0
MNQ,MNQZ21,D1,2021-11-24,1637712000,16288.0,16368.5,16102.0,16358.0,952224,0,1084131,757818.0
MNQ,MNQZ21,D1,2021-11-25,1637798400,16357.75,16435.75,16356.75,16370.0,139723,0,171709,741360.0
MNQ,MNQZ21,D1,2021-11-26,1637884800,16370.75,16373.0,15988.0,16044.75,1059367,0,1164303,748990.0
MNQ,MNQZ21,D1,2021-11-28,1638057600,16046.25,16178.0,16037.0,16170.0,41326,25,45662,749797.0
MNQ,MNQZ21,D1,2021-11-29,1638144000,16169.75,16441.0,16166.75,16431.0,964079,0,1097006,764752.0
MNQ,MNQZ21,D1,2021-11-30,1638230400,16431.0,16456.5,16068.25,16220.5,1533484,0,1686227,790284.0
MNQ,MNQZ21,D1,2021-12-01,1638316800,16245.75,16427.75,15826.5,15948.5,1298020,0,1470516,811539.0
MNQ,MNQZ21,D1,2021-12-02,1638403200,15948.75,16066.5,15763.25,15937.5,1612301,0,1742226,843809.0
MNQ,MNQZ21,D1,2021-12-03,1638489600,15936.75,16121.75,15538.0,15686.0,1346175,0,1482515,866079.0
MNQ,MNQZ21,D1,2021-12-05,1638662400,15703.75,15752.75,15681.75,15738.75,26546,25,30421,866188.0
MNQ,MNQZ21,D1,2021-12-06,1638748800,15738.75,15897.0,15559.25,15842.5,1181998,0,1325137,888032.0
MNQ,MNQZ21,D1,2021-12-07,1638835200,15842.5,16375.0,15825.0,16343.0,818835,0,904673,892576.0
MNQ,MNQZ21,D1,2021-12-08,1638921600,16343.0,16436.0,16251.5,16377.75,783352,0,859957,893737.0
MNQ,MNQZ21,D1,2021-12-09,1639008000,16377.75,16420.0,16120.25,16175.0,885977,0,973695,895420.0
MNQ,MNQZ21,D1,2021-12-10,1639094400,16174.75,16336.0,16127.5,16318.25,447890,0,484936,876925.0
MNQ,MNQZ21,D1,2021-12-12,1639267200,16321.0,16365.25,16321.0,16360.5,4171,25,4960,876422.0
MNQ,MNQZ21,D1,2021-12-13,1639353600,16360.0,16411.75,16064.0,16091.0,340797,0,363144,858749.0
MNQ,MNQZ21,D1,2021-12-14,1639440000,16091.75,16133.5,15738.75,15916.25,340009,0,363006,830442.0
MNQ,MNQZ21,D1,2021-12-15,1639526400,15917.25,16342.25,15744.5,16327.5,220723,0,234364,793610.0
MNQ,MNQZ21,D1,2021-12-16,1639612800,16326.75,16459.25,15800.25,15840.25,246650,0,255414,774508.0
MNQ,MNQZ21,D1,2021-12-17,1639699200,15844.5,15902.0,15668.5,15712.0,7278,25,9819,748646.0
MNQ,MNQH22,D1,2021-12-19,1639872000,15810.0,15851.75,15695.0,15707.25,35337,0,38449,245302.0
MNQ,MNQH22,D1,2021-12-20,1639958400,15707.75,15732.75,15491.75,15720.5,1080304,0,1193499,285030.0
MNQ,MNQH22,D1,2021-12-21,1640044800,15720.25,15995.0,15605.25,15960.0,851581,0,998450,318261.0
MNQ,MNQH22,D1,2021-12-22,1640131200,15960.25,16195.0,15882.25,16185.25,693876,0,830247,345879.0
MNQ,MNQH22,D1,2021-12-23,1640217600,16185.0,16355.75,16145.25,16302.5,458141,0,581131,365177.0
MNQ,MNQH22,D1,2021-12-26,1640476800,16307.5,16349.5,16307.5,16342.25,10175,25,11450,365470.0
MNQ,MNQH22,D1,2021-12-27,1640563200,16342.25,16580.75,16304.5,16554.75,453320,0,554011,383935.0
MNQ,MNQH22,D1,2021-12-28,1640649600,16555.0,16658.5,16453.25,16539.25,690639,0,784596,409978.0
MNQ,MNQH22,D1,2021-12-29,1640736000,16538.75,16564.0,16387.75,16463.25,559217,0,653344,431632.0
MNQ,MNQH22,D1,2021-12-30,1640822400,16462.75,16567.5,16411.25,16438.25,469344,0,557281,450102.0
MNQ,MNQH22,D1,2021-12-31,1640908800,16437.75,16464.0,16313.25,16333.5,484203,0,546012,468276.0
MNQ,MNQH22,D1,2022-01-02,1641081600,16355.0,16420.0,16355.0,16384.25,11636,25,13160,468578.0
MNQ,MNQH22,D1,2022-01-03,1641168000,16384.25,16509.5,16291.5,16484.0,757888,0,864939,497395.0
MNQ,MNQH22,D1,2022-01-04,1641254400,16484.25,16564.0,16139.75,16233.0,848178,0,971636,529651.0
MNQ,MNQH22,D1,2022-01-05,1641340800,16233.25,16259.0,15712.0,15784.5,1151371,0,1310939,573183.0
MNQ,MNQH22,D1,2022-01-06,1641427200,15784.5,15895.75,15598.5,15817.5,1342241,0,1467843,621901.0
MNQ,MNQH22,D1,2022-01-07,1641513600,15817.25,15853.25,15510.25,15572.75,1213846,0,1374481,667388.0
MNQ,MNQH22,D1,2022-01-09,1641686400,15589.5,15611.25,15514.25,15559.0,30575,25,34021,667987.0
MNQ,MNQH22,D1,2022-01-10,1641772800,15559.75,15668.75,15152.5,15627.75,1692030,0,1865107,730133.0
MNQ,MNQH22,D1,2022-01-11,1641859200,15628.25,15842.0,15474.5,15820.75,1340578,0,1462557,778039.0
MNQ,MNQH22,D1,2022-01-12,1641945600,15820.5,16009.5,15762.5,15892.5,1330310,0,1460585,825161.0
MNQ,MNQH22,D1,2022-01-13,1642032000,15892.75,15979.25,15458.25,15497.75,1358641,0,1516854,874207.0
MNQ,MNQH22,D1,2022-01-14,1642118400,15497.5,15620.0,15312.25,15619.75,1483483,0,1643837,923421.0
MNQ,MNQH22,D1,2022-01-16,1642291200,15617.0,15653.75,15565.75,15582.25,19864,25,21806,899951.0
MNQ,MNQH22,D1,2022-01-17,1642377600,15582.25,15636.25,15507.5,15588.25,299110,0,327979,910563.0
MNQ,MNQH22,D1,2022-01-18,1642464000,15587.75,15602.75,15170.75,15193.75,1503568,0,1655688,936887.0
MNQ,MNQH22,D1,2022-01-19,1642550400,15194.25,15372.25,14993.25,15005.5,1739528,0,1907298,964520.0
MNQ,MNQH22,D1,2022-01-20,1642636800,15005.25,15340.5,14646.75,14744.75,1496076,0,1613560,970966.0
MNQ,MNQH22,D1,2022-01-21,1642723200,14744.75,14858.5,14408.25,14412.5,2115504,0,2333792,1003471.0
MNQ,MNQH22,D1,2022-01-23,1642896000,14409.75,14562.5,14377.75,14549.75,50239,0,55651,955007.0
MNQ,MNQH22,D1,2022-01-24,1642982400,14550.0,14579.75,13706.25,14480.5,2749398,0,3004364,1053871.0
MNQ,MNQH22,D1,2022-01-25,1643068800,14481.25,14490.0,13890.0,14192.25,2309838,0,2511239,1097795.0
MNQ,MNQH22,D1,2022-01-26,1643155200,14192.5,14642.25,13976.75,14267.75,2071590,0,2256936,1139745.0
MNQ,MNQH22,D1,2022-01-27,1643241600,14267.0,14409.75,13845.25,14095.75,1963096,0,2134302,1183213.0
MNQ,MNQH22,D1,2022-01-28,1643328000,14095.25,14442.5,13830.75,14429.5,1871851,0,2084538,1233327.0
MNQ,MNQH22,D1,2022-01-30,1643500800,14450.0,14473.75,14353.5,14398.5,30399,0,34223,1234086.0
MNQ,MNQH22,D1,2022-01-31,1643587200,14397.0,14914.5,14367.25,14869.75,1301743,0,1453081,1264055.0
MNQ,MNQH22,D1,2022-02-01,1643673600,14870.25,15138.0,14729.25,15120.75,1363972,0,1510566,1288254.0
MNQ,MNQH22,D1,2022-02-02,1643760000,15120.25,15261.5,14755.75,14765.5,1340113,0,1491641,1316197.0
MNQ,MNQH22,D1,2022-02-03,1643846400,14766.25,14870.0,14456.5,14762.75,1390157,0,1543471,1349070.0
MNQ,MNQH22,D1,2022-02-04,1643932800,14763.25,14825.75,14363.25,14645.0,1585659,0,1769908,1389867.0
MNQ,MNQH22,D1,2022-02-06,1644105600,14674.5,14717.5,14633.25,14710.75,20068,0,23610,1390215.0
MNQ,MNQH22,D1,2022-02-07,1644192000,14710.25,14806.5,14511.25,14610.75,1250524,0,1373974,1407183.0
MNQ,MNQH22,D1,2022-02-08,1644278400,14610.5,14787.75,14467.75,14778.25,1127304,0,1275515,1417312.0
MNQ,MNQH22,D1,2022-02-09,1644364800,14778.0,15068.0,14745.75,15043.25,927259,0,1029750,1407939.0
MNQ,MNQH22,D1,2022-02-10,1644451200,15043.25,15052.25,14622.0,14661.0,1630076,0,1821989,1419744.0
MNQ,MNQH22,D1,2022-02-11,1644537600,14660.5,14766.75,14181.0,14252.75,1688524,0,1855047,1435763.0
MNQ,MNQH22,D1,2022-02-13,1644710400,14246.25,14263.0,14184.5,14247.75,32149,0,35765,1435821.0
MNQ,MNQH22,D1,2022-02-14,1644796800,14247.75,14394.0,14030.75,14297.25,1604534,0,1770301,1432661.0
MNQ,MNQH22,D1,2022-02-15,1644883200,14297.75,14615.0,14223.25,14562.5,1198035,0,1318627,1427863.0
MNQ,MNQH22,D1,2022-02-16,1644969600,14562.75,14668.5,14381.0,14572.75,1130760,0,1249647,1420832.0
MNQ,MNQH22,D1,2022-02-17,1645056000,14572.75,14600.25,14133.5,14173.75,1243504,0,1380627,1416291.0
MNQ,MNQH22,D1,2022-02-18,1645142400,14173.0,14299.0,13906.0,13993.75,1557782,0,1709397,1418476.0
MNQ,MNQH22,D1,2022-02-20,1645315200,13953.25,13956.25,13840.25,13852.0,36583,0,39827,1419077.0
MNQ,MNQH22,D1,2022-02-21,1645401600,13851.75,14157.0,13592.25,13680.25,767970,0,845648,1436333.0
MNQ,MNQH22,D1,2022-02-22,1645488000,13680.5,14108.75,13613.5,13973.75,1721247,0,1891594,1444196.0
MNQ,MNQH22,D1,2022-02-23,1645574400,13974.0,14069.0,13457.25,13499.75,1663775,0,1818964,1441252.0
MNQ,MNQH22,D1,2022-02-24,1645660800,13500.25,13983.5,13025.75,13859.75,2845889,0,3075730,1489991.0
MNQ,MNQH22,D1,2022-02-25,1645747200,13859.5,14198.0,13759.25,14191.25,1697996,0,1837335,1473442.0
MNQ,MNQH22,D1,2022-02-27,1645920000,14006.0,14006.0,13691.0,13854.5,54020,0,62837,1473682.0
MNQ,MNQH22,D1,2022-02-28,1646006400,13854.25,14292.5,13753.75,14257.5,1733824,0,1907509,1437120.0
MNQ,MNQH22,D1,2022-03-01,1646092800,14258.0,14327.5,13900.0,14052.0,1607710,0,1742915,1411509.0
MNQ,MNQH22,D1,2022-03-02,1646179200,14052.25,14293.25,13912.0,14207.75,1342207,0,1448186,1384551.0
MNQ,MNQH22,D1,2022-03-03,1646265600,14207.75,14391.25,13955.0,14079.5,1121175,0,1230291,1354417.0
MNQ,MNQH22,D1,2022-03-04,1646352000,14080.75,14086.0,13733.5,13802.75,1395147,0,1540790,1336292.0
MNQ,MNQH22,D1,2022-03-06,1646524800,13763.0,13767.5,13563.5,13583.25,37388,0,41877,1336547.0
MNQ,MNQH22,D1,2022-03-07,1646611200,13583.75,13879.75,13252.5,13270.25,1441929,0,1566541,1340329.0
MNQ,MNQH22,D1,2022-03-08,1646697600,13270.25,13666.25,13105.25,13250.25,2051116,0,2211647,1363699.0
MNQ,MNQH22,D1,2022-03-09,1646784000,13252.0,13822.5,13223.0,13748.25,1262679,0,1386158,1360183.0
MNQ,MNQH22,D1,2022-03-10,1646870400,13747.25,13765.25,13396.25,13597.0,1266841,0,1380944,1354765.0
MNQ,MNQH22,D1,2022-03-11,1646956800,13595.25,13861.5,13282.0,13306.75,639824,0,705092,1319271.0
MNQ,MNQH22,D1,2022-03-13,1647129600,13330.75,13405.0,13330.75,13371.0,10718,25,12542,1318902.0
MNQ,MNQH22,D1,2022-03-14,1647216000,13369.5,13446.5,13013.0,13108.0,448186,0,513117,1290207.0
MNQ,MNQH22,D1,2022-03-15,1647302400,13108.75,13489.0,12943.0,13456.5,405495,0,442165,1262429.0
MNQ,MNQH22,D1,2022-03-16,1647388800,13456.25,14031.75,13420.25,13980.25,332780,0,357209,1240011.0
MNQ,MNQH22,D1,2022-03-17,1647475200,13979.5,14136.0,13822.25,14027.25,207093,0,219707,1186601.0
MNQ,MNQH22,D1,2022-03-18,1647561600,14029.5,14080.0,13971.0,14070.0,7433,25,9524,1125084.0
MNQ,MNQM22,D1,2022-03-20,1647734400,14397.5,14434.75,14395.0,14405.0,15785,25,18486,216938.0
MNQ,MNQM22,D1,2022-03-21,1647820800,14405.0,14466.75,14183.75,14340.75,1072905,0,1183709,256244.0
MNQ,MNQM22,D1,2022-03-22,1647907200,14340.25,14692.0,14292.5,14666.0,979527,0,1071914,291860.0
MNQ,MNQM22,D1,2022-03-23,1647993600,14665.75,14682.75,14441.5,14474.0,1081763,0,1187132,331318.0
MNQ,MNQM22,D1,2022-03-24,1648080000,14474.5,14775.0,14433.25,14750.75,1008101,0,1092998,367612.0
MNQ,MNQM22,D1,2022-03-25,1648166400,14750.75,14841.25,14572.5,14752.5,1029472,0,1131353,405163.0
MNQ,MNQM22,D1,2022-03-27,1648339200,14759.5,14777.25,14720.0,14720.0,15916,25,18467,405765.0
MNQ,MNQM22,D1,2022-03-28,1648425600,14720.75,14996.5,14658.75,14974.5,955483,0,1053654,440725.0
MNQ,MNQM22,D1,2022-03-29,1648512000,14974.25,15269.0,14956.25,15221.5,1011840,0,1117315,477729.0
MNQ,MNQM22,D1,2022-03-30,1648598400,15221.75,15262.5,15012.0,15103.75,907577,0,1002665,510959.0
MNQ,MNQM22,D1,2022-03-31,1648684800,15104.25,15181.0,14855.5,14912.5,961418,0,1055227,545761.0
MNQ,MNQM22,D1,2022-04-01,1648771200,14912.75,14959.25,14725.5,14853.25,952159,0,1044288,580323.0
MNQ,MNQM22,D1,2022-04-03,1648944000,14847.5,14861.0,14809.75,14818.75,13036,25,14642,580783.0
MNQ,MNQM22,D1,2022-04-04,1649030400,14819.0,15174.0,14802.0,15152.0,684836,0,758867,605784.0
MNQ,MNQM22,D1,2022-04-05,1649116800,15152.0,15199.25,14780.0,14834.75,906263,0,1004043,639032.0
MNQ,MNQM22,D1,2022-04-06,1649203200,14835.25,14844.75,14395.5,14448.5,1314314,0,1460217,687452.0
MNQ,MNQM22,D1,2022-04-07,1649289600,14448.25,14634.0,14318.25,14565.75,1167342,0,1291453,730169.0
MNQ,MNQM22,D1,2022-04-08,1649376000,14565.5,14642.5,14310.5,14328.25,1032649,0,1147365,767988.0
MNQ,MNQM22,D1,2022-04-10,1649548800,14334.0,14379.75,14313.0,14314.25,18694,0,21483,768662.0
MNQ,MNQM22,D1,2022-04-11,1649635200,14314.25,14314.25,13974.25,13982.25,993234,0,1098573,804711.0
MNQ,MNQM22,D1,2022-04-12,1649721600,13982.25,14284.0,13880.0,13996.75,1223478,0,1369376,849016.0
MNQ,MNQM22,D1,2022-04-13,1649808000,13996.25,14266.75,13921.5,14217.25,970631,0,1077270,884043.0
MNQ,MNQM22,D1,2022-04-14,1649894400,14217.75,14296.0,13876.0,13894.0,932699,0,1032414,912965.0
MNQ,MNQM22,D1,2022-04-17,1650153600,13889.75,13894.5,13729.25,13736.75,37186,0,41207,893362.0
MNQ,MNQM22,D1,2022-04-18,1650240000,13736.25,14019.5,13731.75,14017.25,933889,0,1029591,926899.0
MNQ,MNQM22,D1,2022-04-19,1650326400,14016.5,14240.75,13828.0,14079.25,986995,0,1088613,933423.0
MNQ,MNQM22,D1,2022-04-20,1650412800,14079.5,14298.0,13958.25,14083.25,1109523,0,1226538,935995.0
MNQ,MNQM22,D1,2022-04-21,1650499200,14083.0,14283.0,13667.25,13682.5,1250647,0,1375618,937532.0
MNQ,MNQM22,D1,2022-04-22,1650585600,13682.25,13779.0,13295.75,13308.0,1372056,0,1546834,953199.0
MNQ,MNQM22,D1,2022-04-24,1650758400,13323.5,13360.0,13289.0,13328.0,37977,25,41581,920096.0
MNQ,MNQM22,D1,2022-04-25,1650844800,13328.0,13550.0,13183.75,13525.0,1680356,0,1816324,980024.0
MNQ,MNQM22,D1,2022-04-26,1650931200,13524.75,13584.5,12803.0,12997.0,1491439,0,1627820,994828.0
MNQ,MNQM22,D1,2022-04-27,1651017600,12997.5,13255.0,12930.5,13173.75,1759584,0,1894720,1022255.0
MNQ,MNQM22,D1,2022-04-28,1651104000,13174.0,13542.25,13033.5,13248.25,1555885,0,1694066,1039153.0
MNQ,MNQM22,D1,2022-04-29,1651190400,13248.0,13433.5,12831.75,12892.25,1432391,0,1581806,1055446.0
MNQ,MNQM22,D1,2022-05-01,1651363200,12892.5,12926.0,12806.25,12881.75,54948,0,61744,1019793.0
MNQ,MNQM22,D1,2022-05-02,1651449600,12881.25,13084.5,12709.5,13057.25,1649174,0,1797437,1079092.0
MNQ,MNQM22,D1,2022-05-03,1651536000,13056.5,13184.0,12968.0,13120.5,1338948,0,1450366,1092315.0
MNQ,MNQM22,D1,2022-05-04,1651622400,13118.75,13555.25,12882.0,13512.0,1272446,0,1403489,1101855.0
MNQ,MNQM22,D1,2022-05-05,1651708800,13512.25,13547.75,12704.0,12884.0,1709471,0,1849432,1130080.0
MNQ,MNQM22,D1,2022-05-06,1651795200,12885.0,12929.25,12519.25,12663.5,1835265,0,1989942,1161237.0
MNQ,MNQM22,D1,2022-05-08,1651968000,12606.5,12636.75,12551.25,12577.25,36918,0,41067,1127797.0
MNQ,MNQM22,D1,2022-05-09,1652054400,12577.5,12623.75,12131.5,12235.5,1649848,0,1783975,1186774.0
MNQ,MNQM22,D1,2022-05-10,1652140800,12235.25,12547.25,12101.75,12339.25,2060999,0,2225981,1235678.0
MNQ,MNQM22,D1,2022-05-11,1652227200,12339.25,12553.75,11938.5,12009.0,1908676,0,2081251,1271585.0
MNQ,MNQM22,D1,2022-05-12,1652313600,12008.75,12132.75,11689.25,12023.25,1939364,0,2113095,1293348.0
MNQ,MNQM22,D1,2022-05-13,1652400000,12022.75,12432.0,12007.0,12363.5,1280124,0,1417975,1297565.0
MNQ,MNQM22,D1,2022-05-15,1652572800,12410.0,12499.0,12392.0,12468.75,37676,0,43017,1260754.0
MNQ,MNQM22,D1,2022-05-16,1652659200,12468.5,12471.5,12189.75,12267.0,1502503,0,1655597,1315224.0
MNQ,MNQM22,D1,2022-05-17,1652745600,12266.75,12593.5,12252.5,12563.0,1346157,0,1500231,1328613.0
MNQ,MNQM22,D1,2022-05-18,1652832000,12562.5,12574.0,11821.5,11826.75,1515435,0,1667995,1338567.0
MNQ,MNQM22,D1,2022-05-19,1652918400,11826.75,12077.0,11704.25,11933.75,1872749,0,2055294,1371167.0
MNQ,MNQM22,D1,2022-05-20,1653004800,11934.75,12096.5,11491.25,11841.0,1684146,0,1838747,1398045.0
MNQ,MNQM22,D1,2022-05-22,1653177600,11858.5,11988.0,11857.0,11972.25,35340,0,39962,1398004.0
MNQ,MNQM22,D1,2022-05-23,1653264000,11972.0,12075.5,11783.75,11888.5,1571489,0,1755194,1422190.0
MNQ,MNQM22,D1,2022-05-24,1653350400,11888.25,11898.0,11576.25,11853.25,1535436,0,1783688,1445360.0
MNQ,MNQM22,D1,2022-05-25,1653436800,11853.5,12033.25,11671.0,11892.5,1510909,0,1740438,1462490.0
MNQ,MNQM22,D1,2022-05-26,1653523200,11892.0,12343.5,11848.5,12290.0,1139200,0,1326278,1460845.0
MNQ,MNQM22,D1,2022-05-27,1653609600,12290.25,12723.75,12222.0,12723.0,977076,0,1153784,1447743.0
MNQ,MNQM22,D1,2022-05-29,1653782400,12705.5,12757.5,12673.0,12737.75,23111,0,26480,1447240.0
MNQ,MNQM22,D1,2022-05-30,1653868800,12738.0,12882.5,12720.0,12815.0,326078,0,366761,1398921.0
MNQ,MNQM22,D1,2022-05-31,1653955200,12815.25,12822.5,12480.0,12704.75,1386078,0,1636773,1399220.0
MNQ,MNQM22,D1,2022-06-01,1654041600,12705.0,12823.25,12454.75,12509.0,1272495,0,1480424,1385410.0
MNQ,MNQM22,D1,2022-06-02,1654128000,12509.5,12945.0,12442.25,12921.0,1039468,0,1196318,1368818.0
MNQ,MNQM22,D1,2022-06-03,1654214400,12921.0,12926.75,12503.0,12550.0,1098511,0,1317332,1360002.0
MNQ,MNQM22,D1,2022-06-05,1654387200,12555.0,12591.25,12527.0,12549.25,22513,0,26212,1358818.0
MNQ,MNQM22,D1,2022-06-06,1654473600,12548.5,12810.5,12531.0,12603.75,971465,0,1101410,1335617.0
MNQ,MNQM22,D1,2022-06-07,1654560000,12603.75,12740.5,12412.0,12671.5,928106,0,1089772,1323597.0
MNQ,MNQM22,D1,2022-06-08,1654646400,12671.0,12783.5,12579.0,12624.5,1001375,0,1204717,1316971.0
MNQ,MNQM22,D1,2022-06-09,1654732800,12624.75,12726.0,12255.5,12288.5,1201003,0,1426201,1302864.0
MNQ,MNQM22,D1,2022-06-10,1654819200,12288.25,12339.5,11822.75,11861.75,847264,0,988597,1269486.0
MNQ,MNQM22,D1,2022-06-12,1654992000,11803.75,11803.75,11648.0,11666.5,19359,0,22554,1268868.0
MNQ,MNQM22,D1,2022-06-13,1655078400,11666.5,11668.0,11254.5,11341.0,843786,0,983186,1242175.0
MNQ,MNQM22,D1,2022-06-14,1655164800,11341.5,11505.25,11204.75,11398.0,678754,0,771215,1193683.0
MNQ,MNQM22,D1,2022-06-15,1655251200,11398.0,11759.25,11327.0,11690.25,401029,0,448558,1139260.0
MNQ,MNQM22,D1,2022-06-16,1655337600,11689.0,11737.75,11037.0,11156.75,398789,0,429584,1083143.0
MNQ,MNQM22,D1,2022-06-17,1655424000,11157.75,11288.75,11124.0,11134.5,13361,0,18259,1036486.0
MNQ,MNQU22,D1,2022-06-19,1655596800,11327.5,11437.5,11320.0,11428.0,31406,0,35850,280010.0
MNQ,MNQU22,D1,2022-06-20,1655683200,11428.75,11443.5,11274.0,11423.75,408410,0,445831,294772.0
MNQ,MNQU22,D1,2022-06-21,1655769600,11424.0,11678.5,11410.5,11576.0,1007106,0,1112662,331765.0
MNQ,MNQU22,D1,2022-06-22,1655856000,11576.25,11746.5,11320.5,11484.25,1318352,0,1481437,380969.0
MNQ,MNQU22,D1,2022-06-23,1655942400,11484.0,11767.25,11482.5,11695.75,1358510,0,1524973,431533.0
MNQ,MNQU22,D1,2022-06-24,1656028800,11695.5,12149.0,11684.25,12132.75,1062237,0,1183772,470786.0
MNQ,MNQU22,D1,2022-06-26,1656201600,12135.0,12165.5,12091.5,12093.75,33215,0,37355,472017.0
MNQ,MNQU22,D1,2022-06-27,1656288000,12093.25,12262.75,11994.25,12066.5,1370487,0,1498265,521779.0
MNQ,MNQU22,D1,2022-06-28,1656374400,12067.25,12174.25,11661.5,11687.0,1421123,0,1563412,573745.0
MNQ,MNQU22,D1,2022-06-29,1656460800,11686.75,11749.0,11564.0,11677.75,1238559,0,1438345,621586.0
MNQ,MNQU22,D1,2022-06-30,1656547200,11677.75,11688.0,11350.75,11543.5,1467654,0,1687499,677642.0
MNQ,MNQU22,D1,2022-07-01,1656633600,11543.5,11629.75,11381.75,11613.25,1298154,0,1501416,727525.0
MNQ,MNQU22,D1,2022-07-03,1656806400,11613.0,11648.75,11560.25,11571.0,18323,25,20641,728204.0
MNQ,MNQU22,D1,2022-07-04,1656892800,11570.5,11748.75,11501.0,11696.0,298379,0,332239,739194.0
MNQ,MNQU22,D1,2022-07-05,1656979200,11695.25,11866.0,11388.75,11783.5,1445186,0,1668114,794614.0
MNQ,MNQU22,D1,2022-07-06,1657065600,11783.5,11974.0,11728.25,11898.25,1473126,0,1682948,850513.0
MNQ,MNQU22,D1,2022-07-07,1657152000,11897.75,12168.75,11837.25,12104.5,958217,0,1114027,887389.0
MNQ,MNQU22,D1,2022-07-08,1657238400,12104.75,12211.0,11952.75,12161.25,1162634,0,1330269,931438.0
MNQ,MNQU22,D1,2022-07-10,1657411200,12148.75,12155.0,12092.25,12117.0,25330,25,28156,932367.0
MNQ,MNQU22,D1,2022-07-11,1657497600,12117.25,12124.0,11853.0,11903.25,1042461,0,1198436,971968.0
MNQ,MNQU22,D1,2022-07-12,1657584000,11903.75,12025.5,11712.0,11773.5,1193222,0,1367891,1017175.0
MNQ,MNQU22,D1,2022-07-13,1657670400,11773.75,11998.0,11478.0,11676.0,1486885,0,1668091,1072496.0
MNQ,MNQU22,D1,2022-07-14,1657756800,11675.25,11866.75,11511.0,11862.25,1234772,0,1387883,1115220.0
MNQ,MNQU22,D1,2022-07-15,1657843200,11862.75,12021.75,11741.0,12019.5,1034530,0,1218298,1131233.0
MNQ,MNQU22,D1,2022-07-17,1658016000,12048.5,12080.0,12040.0,12059.75,19190,0,21310,1130916.0
MNQ,MNQU22,D1,2022-07-18,1658102400,12059.5,12186.75,11857.75,11940.25,984593,0,1127065,1127111.0
MNQ,MNQU22,D1,2022-07-19,1658188800,11940.5,12405.0,11889.5,12312.75,969162,0,1127938,1117054.0
MNQ,MNQU22,D1,2022-07-20,1658275200,12312.5,12517.5,12236.0,12435.75,1111965,0,1276402,1108718.0
MNQ,MNQU22,D1,2022-07-21,1658361600,12435.5,12655.5,12373.5,12547.25,1165098,0,1297088,1098564.0
MNQ,MNQU22,D1,2022-07-22,1658448000,12547.75,12697.0,12344.5,12427.0,1096431,0,1268863,1088216.0
MNQ,MNQU22,D1,2022-07-24,1658620800,12440.0,12455.25,12400.5,12403.0,18602,0,21115,1087725.0
MNQ,MNQU22,D1,2022-07-25,1658707200,12403.25,12498.75,12266.5,12298.25,994496,0,1135726,1110721.0
MNQ,MNQU22,D1,2022-07-26,1658793600,12298.5,12334.0,12070.0,12280.0,959609,0,1106214,1110506.0
MNQ,MNQU22,D1,2022-07-27,1658880000,12280.5,12690.0,12257.25,12577.0,1111586,0,1272248,1103533.0
MNQ,MNQU22,D1,2022-07-28,1658966400,12576.75,12948.0,12449.25,12892.75,1181738,0,1391115,1099071.0
MNQ,MNQU22,D1,2022-07-29,1659052800,12892.75,13012.5,12744.25,12974.5,1055686,0,1241827,1101007.0
MNQ,MNQU22,D1,2022-07-31,1659225600,12983.5,12997.75,12912.25,12918.75,25297,0,28265,1100704.0
MNQ,MNQU22,D1,2022-08-01,1659312000,12918.5,13108.5,12851.25,12952.75,1099002,0,1286475,1093644.0
MNQ,MNQU22,D1,2022-08-02,1659398400,12953.0,13097.0,12816.25,12903.0,1236314,0,1442513,1089614.0
MNQ,MNQU22,D1,2022-08-03,1659484800,12902.75,13310.5,12867.25,13234.25,1000972,0,1207488,1081919.0
MNQ,MNQU22,D1,2022-08-04,1659571200,13234.0,13356.0,13184.5,13334.25,1044969,0,1244180,1067141.0
MNQ,MNQU22,D1,2022-08-05,1659657600,13334.5,13385.0,13085.5,13214.75,1130876,0,1343829,1061888.0
MNQ,MNQU22,D1,2022-08-07,1659830400,13226.0,13289.75,13168.0,13177.75,20955,0,23298,1061977.0
MNQ,MNQU22,D1,2022-08-08,1659916800,13178.25,13419.5,13120.5,13220.75,1167145,0,1371185,1096609.0
MNQ,MNQU22,D1,2022-08-09,1660003200,13220.0,13226.75,12963.25,13052.75,1024875,0,1204209,1081145.0
MNQ,MNQU22,D1,2022-08-10,1660089600,13052.25,13408.0,12981.75,13399.0,1002159,0,1174373,1064193.0
MNQ,MNQU22,D1,2022-08-11,1660176000,13399.5,13575.75,13284.75,13336.25,1082797,0,1299545,1070376.0
MNQ,MNQU22,D1,2022-08-12,1660262400,13336.25,13583.0,13312.25,13580.5,834852,0,994640,1059189.0
MNQ,MNQU22,D1,2022-08-14,1660435200,13570.0,13577.0,13538.5,13541.5,15558,25,17734,1058841.0
MNQ,MNQU22,D1,2022-08-15,1660521600,13541.25,13705.75,13495.75,13680.75,750341,0,898007,1048827.0
MNQ,MNQU22,D1,2022-08-16,1660608000,13680.5,13740.5,13522.75,13652.0,864789,0,1044329,1038042.0
MNQ,MNQU22,D1,2022-08-17,1660694400,13652.0,13673.25,13406.25,13454.75,1070466,0,1237751,1023697.0
MNQ,MNQU22,D1,2022-08-18,1660780800,13454.75,13575.5,13411.25,13527.5,900889,0,1080638,1013456.0
MNQ,MNQU22,D1,2022-08-19,1660867200,13527.25,13532.75,13227.0,13249.75,889701,0,1057085,1008082.0
MNQ,MNQU22,D1,2022-08-21,1661040000,13227.0,13229.0,13175.0,13187.5,23730,0,26939,1008269.0
MNQ,MNQU22,D1,2022-08-22,1661126400,13187.75,13222.5,12875.5,12955.25,919746,0,1112647,1007789.0
MNQ,MNQU22,D1,2022-08-23,1661212800,12955.0,13019.0,12823.5,12895.5,1044397,0,1228203,1011131.0
MNQ,MNQU22,D1,2022-08-24,1661299200,12895.0,13012.0,12825.75,12934.5,847884,0,1005419,1002098.0
MNQ,MNQU22,D1,2022-08-25,1661385600,12934.75,13183.0,12925.0,13145.25,965094,0,1156776,997421.0
MNQ,MNQU22,D1,2022-08-26,1661472000,13145.5,13220.0,12555.25,12558.25,1188940,0,1375071,1000961.0
MNQ,MNQU22,D1,2022-08-28,1661644800,12484.25,12512.0,12412.25,12419.25,50641,0,57903,1002188.0
MNQ,MNQU22,D1,2022-08-29,1661731200,12419.25,12610.0,12401.5,12532.5,1272598,0,1477402,1013577.0
MNQ,MNQU22,D1,2022-08-30,1661817600,12532.75,12659.0,12247.5,12366.25,1517261,0,1779426,1036017.0
MNQ,MNQU22,D1,2022-08-31,1661904000,12365.75,12513.0,12152.5,12177.75,1332586,0,1464178,1042415.0
MNQ,MNQU22,D1,2022-09-01,1661990400,12178.5,12319.5,12018.25,12298.75,1395856,0,1550282,1047721.0
MNQ,MNQU22,D1,2022-09-02,1662076800,12298.75,12462.0,12040.5,12129.75,1376716,0,1570700,1058683.0
MNQ,MNQU22,D1,2022-09-04,1662249600,12111.5,12131.0,12055.0,12123.5,27261,0,30874,1058770.0
MNQ,MNQU22,D1,2022-09-05,1662336000,12123.5,12185.75,12053.75,12148.25,323413,0,361721,1027945.0
MNQ,MNQU22,D1,2022-09-06,1662422400,12148.0,12244.75,11930.0,12006.75,1401307,0,1561174,1031900.0
MNQ,MNQU22,D1,2022-09-07,1662508800,12006.25,12306.25,11922.25,12258.5,1200746,0,1332141,1036055.0
MNQ,MNQU22,D1,2022-09-08,1662595200,12258.75,12379.5,12117.0,12351.0,1341360,0,1476520,1043800.0
MNQ,MNQU22,D1,2022-09-09,1662681600,12350.75,12614.25,12345.75,12591.25,616661,0,689669,1021995.0
MNQ,MNQU22,D1,2022-09-11,1662854400,12615.0,12679.5,12615.0,12631.75,13414,0,15408,1021732.0
MNQ,MNQU22,D1,2022-09-12,1662940800,12631.5,12783.0,12573.25,12762.75,530201,0,603004,996126.0
MNQ,MNQU22,D1,2022-09-13,1663027200,12762.25,12889.0,12002.75,12058.5,514893,0,571744,975043.0
MNQ,MNQU22,D1,2022-09-14,1663113600,12058.75,12187.75,12001.0,12168.25,366772,0,392895,948994.0
MNQ,MNQU22,D1,2022-09-15,1663200000,12168.0,12179.5,11821.25,11845.5,190340,0,203392,912456.0
MNQ,MNQU22,D1,2022-09-16,1663286400,11847.5,11864.75,11740.0,11777.5,8017,0,10983,879667.0
MNQ,MNQZ22,D1,2022-09-18,1663459200,11920.0,11944.0,11881.0,11930.5,25754,25,29942,239356.0
MNQ,MNQZ22,D1,2022-09-19,1663545600,11930.75,12078.75,11792.25,12077.25,997157,0,1214867,279775.0
MNQ,MNQZ22,D1,2022-09-20,1663632000,12076.5,12092.5,11828.5,11927.0,1099370,0,1333082,324124.0
MNQ,MNQZ22,D1,2022-09-21,1663718400,11926.75,12139.0,11606.5,11612.5,1377094,0,1574951,376547.0
MNQ,MNQZ22,D1,2022-09-22,1663804800,11612.0,11795.75,11510.0,11577.0,1339248,0,1562093,428560.0
MNQ,MNQZ22,D1,2022-09-23,1663891200,11585.5,11597.25,11228.75,11388.0,1271932,0,1499839,478489.0
MNQ,MNQZ22,D1,2022-09-25,1664064000,11360.25,11396.25,11309.25,11344.5,39104,0,44009,479947.0
MNQ,MNQZ22,D1,2022-09-26,1664150400,11344.25,11537.75,11256.5,11349.25,1474528,0,1746686,538065.0
MNQ,MNQZ22,D1,2022-09-27,1664236800,11349.0,11568.0,11233.5,11350.75,1366805,0,1657969,593208.0
MNQ,MNQZ22,D1,2022-09-28,1664323200,11350.25,11612.5,11141.75,11535.25,1455639,0,1662683,648557.0
MNQ,MNQZ22,D1,2022-09-29,1664409600,11535.25,11566.25,11091.5,11266.5,1323377,0,1525071,699287.0
MNQ,MNQZ22,D1,2022-09-30,1664496000,11266.25,11357.0,11024.5,11056.5,1416652,0,1599601,752411.0
MNQ,MNQZ22,D1,2022-10-02,1664668800,11028.75,11051.25,10930.25,10944.75,57463,0,65108,754555.0
MNQ,MNQZ22,D1,2022-10-03,1664755200,10944.25,11357.75,10890.5,11344.5,1237212,0,1422929,801841.0
MNQ,MNQZ22,D1,2022-10-04,1664841600,11345.0,11676.25,11334.75,11621.0,1239970,0,1402466,848406.0
MNQ,MNQZ22,D1,2022-10-05,1664928000,11621.25,11711.0,11368.0,11699.75,1226636,0,1403265,894956.0
MNQ,MNQZ22,D1,2022-10-06,1665014400,11699.5,11730.0,11477.25,11498.75,1383843,0,1575423,947187.0
MNQ,MNQZ22,D1,2022-10-07,1665100800,11498.75,11577.0,11043.25,11096.25,1243376,0,1438861,994836.0
MNQ,MNQZ22,D1,2022-10-09,1665273600,11066.75,11068.75,10985.5,11035.75,55014,25,60102,996819.0
MNQ,MNQZ22,D1,2022-10-10,1665360000,11036.25,11136.5,10876.75,11014.0,1190936,0,1369022,1042367.0
MNQ,MNQZ22,D1,2022-10-11,1665446400,11013.75,11039.75,10767.25,10864.5,1393705,0,1706365,1098724.0
MNQ,MNQZ22,D1,2022-10-12,1665532800,10863.5,10976.75,10805.75,10867.25,1304046,0,1473287,1147411.0
MNQ,MNQZ22,D1,2022-10-13,1665619200,10867.0,11142.25,10484.5,11063.0,1811262,0,2066716,1208768.0
MNQ,MNQZ22,D1,2022-10-14,1665705600,11062.5,11253.75,10726.75,10748.75,1599822,0,1767858,1250271.0
MNQ,MNQZ22,D1,2022-10-16,1665878400,10715.0,10802.5,10705.0,10790.75,29075,0,33739,1250978.0
MNQ,MNQZ22,D1,2022-10-17,1665964800,10790.5,11218.25,10761.5,11211.25,1116660,0,1318306,1266810.0
MNQ,MNQZ22,D1,2022-10-18,1666051200,11211.0,11431.75,11081.5,11342.25,1505821,0,1739542,1281466.0
MNQ,MNQZ22,D1,2022-10-19,1666137600,11342.25,11377.75,11050.25,11088.25,1317674,0,1516726,1285306.0
MNQ,MNQZ22,D1,2022-10-20,1666224000,11088.5,11329.0,10995.25,11021.0,1310313,0,1467508,1289753.0
MNQ,MNQZ22,D1,2022-10-21,1666310400,11021.25,11386.25,10937.0,11379.25,1400003,0,1608581,1296220.0
MNQ,MNQZ22,D1,2022-10-23,1666483200,11405.0,11530.75,11389.0,11452.25,56582,0,63782,1297348.0
MNQ,MNQZ22,D1,2022-10-24,1666569600,11452.25,11515.5,11207.75,11475.75,1230511,0,1370638,1302540.0
MNQ,MNQZ22,D1,2022-10-25,1666656000,11475.25,11732.75,11430.5,11469.5,1091162,0,1257117,1300008.0
MNQ,MNQZ22,D1,2022-10-26,1666742400,11469.25,11703.5,11413.5,11497.75,1302146,0,1493825,1297304.0
MNQ,MNQZ22,D1,2022-10-27,1666828800,11497.25,11537.75,10924.5,11135.25,1427781,0,1609036,1298869.0
MNQ,MNQZ22,D1,2022-10-28,1666915200,11135.0,11627.0,11062.0,11626.75,1151950,0,1298514,1292158.0
MNQ,MNQZ22,D1,2022-10-30,1667088000,11593.5,11600.0,11545.5,11557.75,23278,25,27356,1291603.0
MNQ,MNQZ22,D1,2022-10-31,1667174400,11556.75,11581.5,11367.0,11469.25,1007387,0,1102623,1270134.0
MNQ,MNQZ22,D1,2022-11-01,1667260800,11469.25,11619.0,11288.75,11333.25,1166079,0,1300253,1258210.0
MNQ,MNQZ22,D1,2022-11-02,1667347200,11333.25,11459.75,10901.0,10919.25,1196001,0,1321699,1246844.0
MNQ,MNQZ22,D1,2022-11-03,1667433600,10919.0,10995.75,10692.75,10710.75,1242959,0,1405135,1242846.0
MNQ,MNQZ22,D1,2022-11-04,1667520000,10710.75,10974.25,10636.0,10874.75,1594508,0,1838778,1250819.0
MNQ,MNQZ22,D1,2022-11-06,1667692800,10829.25,10829.25,10775.75,10796.25,18442,0,21243,1249356.0
MNQ,MNQZ22,D1,2022-11-07,1667779200,10796.25,11038.5,10784.25,11025.0,1109535,0,1232921,1243023.0
MNQ,MNQZ22,D1,2022-11-08,1667865600,11025.25,11231.5,10928.25,11125.25,1167253,0,1326715,1240498.0
MNQ,MNQZ22,D1,2022-11-09,1667952000,11125.25,11164.75,10822.0,10844.0,1256120,0,1374961,1239554.0
MNQ,MNQZ22,D1,2022-11-10,1668038400,10843.5,11684.75,10809.0,11675.25,1290287,0,1440417,1235054.0
MNQ,MNQZ22,D1,2022-11-11,1668124800,11675.5,11876.75,11569.5,11835.25,1328243,0,1478266,1236368.0
MNQ,MNQZ22,D1,2022-11-13,1668297600,11793.25,11819.0,11765.0,11811.25,22823,0,25333,1235209.0
MNQ,MNQZ22,D1,2022-11-14,1668384000,11810.75,11898.5,11702.0,11767.25,1038326,0,1134202,1227381.0
MNQ,MNQZ22,D1,2022-11-15,1668470400,11767.75,12118.5,11761.5,11898.75,1518254,0,1658448,1225784.0
MNQ,MNQZ22,D1,2022-11-16,1668556800,11899.0,11962.25,11706.0,11779.75,1157270,0,1282877,1219437.0
MNQ,MNQZ22,D1,2022-11-17,1668643200,11779.5,11828.25,11528.0,11720.0,1161078,0,1294600,1193700.0
MNQ,MNQZ22,D1,2022-11-18,1668729600,11720.25,11844.0,11606.5,11709.5,1075900,0,1222965,1175537.0
MNQ,MNQZ22,D1,2022-11-20,1668902400,11720.5,11755.25,11701.75,11708.5,10637,25,12263,1174821.0
MNQ,MNQZ22,D1,2022-11-21,1668988800,11708.25,11714.5,11553.25,11594.0,843674,0,973008,1163311.0
MNQ,MNQZ22,D1,2022-11-22,1669075200,11594.25,11759.25,11525.5,11745.0,794581,0,910853,1135688.0
MNQ,MNQZ22,D1,2022-11-23,1669161600,11745.0,11898.25,11720.25,11888.75,803256,0,910668,1115486.0
MNQ,MNQZ22,D1,2022-11-24,1669248000,11888.25,11932.75,11873.75,11918.0,127797,0,146228,1071444.0
MNQ,MNQZ22,D1,2022-11-25,1669334400,11918.25,11919.75,11766.25,11784.0,345062,0,384453,1030639.0
MNQ,MNQZ22,D1,2022-11-27,1669507200,11721.0,11748.0,11715.0,11726.0,11922,0,14063,1028982.0
MNQ,MNQZ22,D1,2022-11-28,1669593600,11726.0,11788.25,11574.75,11618.75,793194,0,900019,1013295.0
MNQ,MNQZ22,D1,2022-11-29,1669680000,11618.5,11704.25,11465.0,11503.5,893529,0,1025732,1005582.0
MNQ,MNQZ22,D1,2022-11-30,1669766400,11504.0,12087.5,11498.0,12072.5,1187385,0,1345501,1000638.0
MNQ,MNQZ22,D1,2022-12-01,1669852800,12072.5,12144.75,11943.75,12040.0,1112615,0,1241806,988397.0
MNQ,MNQZ22,D1,2022-12-02,1669939200,12039.25,12068.0,11740.25,11979.75,975385,0,1087803,981373.0
MNQ,MNQZ22,D1,2022-12-04,1670112000,12003.5,12015.0,11981.0,12001.5,11816,0,13372,980907.0
MNQ,MNQZ22,D1,2022-12-05,1670198400,12001.75,12009.5,11745.25,11821.0,819809,0,935008,975320.0
MNQ,MNQZ22,D1,2022-12-06,1670284800,11821.75,11846.0,11502.0,11578.75,1003965,0,1125533,969496.0
MNQ,MNQZ22,D1,2022-12-07,1670371200,11579.0,11596.0,11423.25,11510.5,1066273,0,1197825,965367.0
MNQ,MNQZ22,D1,2022-12-08,1670457600,11511.0,11685.5,11434.25,11637.0,849840,0,952990,950295.0
MNQ,MNQZ22,D1,2022-12-09,1670544000,11636.5,11748.0,11516.5,11553.0,779926,0,900059,919004.0
MNQ,MNQZ22,D1,2022-12-11,1670716800,11555.0,11573.0,11527.0,11536.0,7212,0,9026,918597.0
MNQ,MNQZ22,D1,2022-12-12,1670803200,11536.25,11717.25,11523.0,11710.5,383782,0,436305,892043.0
MNQ,MNQZ22,D1,2022-12-13,1670889600,11711.25,12228.25,11675.5,11839.0,530209,0,587688,867409.0
MNQ,MNQZ22,D1,2022-12-14,1670976000,11838.25,11948.5,11611.5,11764.0,289097,0,310632,831931.0
MNQ,MNQZ22,D1,2022-12-15,1671062400,11763.0,11779.0,11298.25,11349.25,208083,0,218037,791185.0
MNQ,MNQZ22,D1,2022-12-16,1671148800,11350.5,11381.5,11205.5,11283.0,12300,0,15233,742418.0
MNQ,MNQH23,D1,2022-12-18,1671321600,11327.0,11366.25,11322.25,11352.75,33760,0,16440,183084.0
MNQ,MNQH23,D1,2022-12-19,1671408000,11352.75,11411.0,11131.5,11213.5,1012305,0,917557,213574.0
MNQ,MNQH23,D1,2022-12-20,1671494400,11213.5,11247.25,11042.75,11223.25,1377905,0,1133448,251226.0
MNQ,MNQH23,D1,2022-12-21,1671580800,11223.25,11389.75,11181.0,11352.75,1043205,0,957684,283076.0
MNQ,MNQH23,D1,2022-12-22,1671667200,11352.75,11384.25,10870.5,11048.75,1107405,0,1042160,317722.0
MNQ,MNQH23,D1,2022-12-23,1671753600,11048.5,11143.25,10915.75,11066.25,1323520,0,1019437,351638.0
MNQ,MNQH23,D1,2022-12-26,1672012800,11101.75,11163.5,11101.75,11156.5,47060,0,15596,352155.0
MNQ,MNQH23,D1,2022-12-27,1672099200,11156.75,11184.0,10895.75,10913.0,976605,0,838415,380042.0
MNQ,MNQH23,D1,2022-12-28,1672185600,10913.5,10996.5,10758.25,10793.0,1078655,0,927601,410897.0
MNQ,MNQH23,D1,2022-12-29,1672272000,10793.75,11071.5,10777.5,11022.5,901980,0,768686,436447.0
MNQ,MNQH23,D1,2022-12-30,1672358400,11022.75,11051.75,10855.5,11040.75,988570,0,864714,465246.0
MNQ,MNQH23,D1,2023-01-02,1672617600,11117.0,11151.0,11037.5,11052.75,61785,0,24498,466027.0
MNQ,MNQH23,D1,2023-01-03,1672704000,11052.25,11181.75,10844.25,10949.25,1454480,0,1062145,501424.0
MNQ,MNQH23,D1,2023-01-04,1672790400,10949.0,11068.0,10863.25,10995.75,1374855,0,1217334,541921.0
MNQ,MNQH23,D1,2023-01-05,1672876800,10995.75,11046.25,10804.75,10839.25,1257405,0,1113645,578898.0
MNQ,MNQH23,D1,2023-01-06,1672963200,10839.25,11166.0,10751.0,11107.75,1307245,0,1275206,620652.0
MNQ,MNQH23,D1,2023-01-08,1673136000,11128.75,11160.5,11123.25,11143.5,45160,0,17219,620411.0
MNQ,MNQH23,D1,2023-01-09,1673222400,11143.5,11385.5,11120.25,11174.0,1127655,0,1069795,655797.0
MNQ,MNQH23,D1,2023-01-10,1673308800,11174.0,11289.25,11094.25,11285.0,1254355,0,1175006,694956.0
MNQ,MNQH23,D1,2023-01-11,1673395200,11284.75,11480.0,11239.5,11474.75,952580,0,968451,726946.0
MNQ,MNQH23,D1,2023-01-12,1673481600,11475.0,11580.0,11288.5,11524.5,1457180,0,1513528,776470.0
MNQ,MNQH23,D1,2023-01-13,1673568000,11524.0,11619.25,11389.5,11601.25,1113845,0,1030203,809407.0
MNQ,MNQH23,D1,2023-01-15,1673740800,11612.5,11620.0,11582.75,11587.0,34160,0,11397,806282.0
MNQ,MNQH23,D1,2023-01-16,1673827200,11587.25,11638.25,11510.25,11585.5,504440,0,225291,802309.0
MNQ,MNQH23,D1,2023-01-17,1673913600,11585.25,11685.0,11530.0,11594.5,1023055,0,978292,834663.0
MNQ,MNQH23,D1,2023-01-18,1674000000,11594.5,11759.5,11464.75,11479.25,1172680,0,1277244,861673.0
MNQ,MNQH23,D1,2023-01-19,1674086400,11479.75,11486.5,11308.5,11383.75,1152480,0,1189421,863214.0
MNQ,MNQH23,D1,2023-01-20,1674172800,11384.0,11686.0,11365.25,11676.25,930745,0,1031379,863249.0
MNQ,MNQH23,D1,2023-01-22,1674345600,11677.75,11687.0,11650.25,11658.25,33460,0,10689,826463.0
MNQ,MNQH23,D1,2023-01-23,1674432000,11658.0,11983.0,11650.75,11918.5,967830,0,1076561,825635.0
MNQ,MNQH23,D1,2023-01-24,1674518400,11918.5,12010.0,11821.25,11840.0,1087030,0,1018842,859048.0
MNQ,MNQH23,D1,2023-01-25,1674604800,11840.25,11917.75,11604.5,11907.25,1152205,0,1230943,869494.0
MNQ,MNQH23,D1,2023-01-26,1674691200,11907.75,12113.25,11879.25,12039.75,1169280,0,1144156,869851.0
MNQ,MNQH23,D1,2023-01-27,1674777600,12039.5,12308.0,12016.0,12219.75,987795,0,1138933,875893.0
MNQ,MNQH23,D1,2023-01-29,1674950400,12210.5,12252.0,12191.75,12206.5,16871,0,19688,841810.0
MNQ,MNQH23,D1,2023-01-30,1675036800,12206.75,12224.0,11960.0,12002.25,1008464,0,1148426,846110.0
MNQ,MNQH23,D1,2023-01-31,1675123200,12002.75,12156.0,11871.25,12102.0,939159,0,1069507,881240.0
MNQ,MNQH23,D1,2023-02-01,1675209600,12102.5,12559.75,12055.0,12544.0,987846,0,1092396,889707.0
MNQ,MNQH23,D1,2023-02-02,1675296000,12543.75,12950.0,12501.25,12664.75,1235369,0,1404069,905589.0
MNQ,MNQH23,D1,2023-02-03,1675382400,12664.25,12877.75,12550.5,12616.75,1343785,0,1478685,929255.0
MNQ,MNQH23,D1,2023-02-05,1675555200,12577.25,12605.0,12550.75,12590.75,20507,25,23089,901201.0
MNQ,MNQH23,D1,2023-02-06,1675641600,12590.5,12608.75,12456.5,12535.5,950366,0,1071527,936102.0
MNQ,MNQH23,D1,2023-02-07,1675728000,12535.5,12818.75,12459.25,12751.0,1134212,0,1284393,943510.0
MNQ,MNQH23,D1,2023-02-08,1675814400,12751.0,12809.0,12512.5,12562.25,941127,0,1054129,938070.0
MNQ,MNQH23,D1,2023-02-09,1675900800,12562.25,12729.5,12366.0,12436.5,1013120,0,1185512,940466.0
MNQ,MNQH23,D1,2023-02-10,1675987200,12436.75,12446.25,12243.0,12336.75,992646,0,1151301,936336.0
MNQ,MNQH23,D1,2023-02-12,1676160000,12353.25,12367.0,12294.25,12307.0,13565,0,15429,936276.0
MNQ,MNQH23,D1,2023-02-13,1676246400,12307.25,12567.75,12265.0,12539.0,766398,0,890566,930302.0
MNQ,MNQH23,D1,2023-02-14,1676332800,12539.25,12685.75,12390.5,12608.0,1349444,0,1519139,941773.0
MNQ,MNQH23,D1,2023-02-15,1676419200,12607.5,12756.75,12524.25,12746.75,931420,0,1061489,944874.0
MNQ,MNQH23,D1,2023-02-16,1676505600,12746.75,12792.5,12421.0,12427.75,1026600,0,1206598,934643.0
MNQ,MNQH23,D1,2023-02-17,1676592000,12427.75,12450.0,12265.5,12383.5,953263,0,1103110,937073.0
MNQ,MNQH23,D1,2023-02-19,1676764800,12382.25,12385.0,12346.25,12359.75,8920,25,10228,937034.0
MNQ,MNQH23,D1,2023-02-20,1676851200,12359.5,12418.0,12346.75,12379.0,139385,0,163203,934965.0
MNQ,MNQH23,D1,2023-02-21,1676937600,12378.75,12379.5,12091.5,12114.5,774535,0,887419,931936.0
MNQ,MNQH23,D1,2023-02-22,1677024000,12114.25,12190.75,12034.25,12167.75,923246,0,1077386,925274.0
MNQ,MNQH23,D1,2023-02-23,1677110400,12167.0,12261.0,12028.0,12174.0,888778,0,1011104,919330.0
MNQ,MNQH23,D1,2023-02-24,1677196800,12173.75,12214.25,11922.75,11999.0,853090,0,1018209,918891.0
MNQ,MNQH23,D1,2023-02-26,1677369600,12002.25,12025.75,11987.75,12017.5,10807,25,12256,918943.0
MNQ,MNQH23,D1,2023-02-27,1677456000,12017.5,12189.5,12003.75,12093.5,730652,0,844590,911211.0
MNQ,MNQH23,D1,2023-02-28,1677542400,12093.25,12173.75,12011.75,12022.25,769106,0,917927,907847.0
MNQ,MNQH23,D1,2023-03-01,1677628800,12022.25,12142.0,11925.0,11971.5,838339,0,964293,898959.0
MNQ,MNQH23,D1,2023-03-02,1677715200,11971.5,12096.25,11831.5,12037.25,857001,0,979042,893455.0
MNQ,MNQH23,D1,2023-03-03,1677801600,12036.5,12329.75,12012.25,12329.5,752933,0,868220,884431.0
MNQ,MNQH23,D1,2023-03-05,1677974400,12308.0,12314.75,12276.0,12292.0,12323,0,14430,884256.0
MNQ,MNQH23,D1,2023-03-06,1678060800,12292.25,12485.75,12284.25,12330.25,779464,0,892795,875735.0
MNQ,MNQH23,D1,2023-03-07,1678147200,12330.25,12381.75,12142.25,12176.75,942652,0,1075534,875936.0
MNQ,MNQH23,D1,2023-03-08,1678233600,12176.5,12254.5,12108.5,12225.0,906369,0,1022549,873607.0
MNQ,MNQH23,D1,2023-03-09,1678320000,12225.5,12353.75,11955.0,11984.5,1006450,0,1212069,867207.0
MNQ,MNQH23,D1,2023-03-10,1678406400,11984.75,12112.0,11796.5,11885.25,1452903,0,1648332,872862.0
MNQ,MNQH23,D1,2023-03-12,1678579200,11888.0,12044.5,11850.25,11990.0,36169,0,45235,873600.0
MNQ,MNQH23,D1,2023-03-13,1678665600,11991.5,12095.75,11677.0,11947.25,686263,0,812391,864963.0
MNQ,MNQH23,D1,2023-03-14,1678752000,11947.75,12223.0,11903.0,12196.25,310985,0,357638,834071.0
MNQ,MNQH23,D1,2023-03-15,1678838400,12195.75,12301.5,11971.5,12275.75,255240,0,300635,808954.0
MNQ,MNQH23,D1,2023-03-16,1678924800,12274.75,12600.0,12189.0,12593.0,134722,0,149931,774435.0
MNQ,MNQH23,D1,2023-03-17,1679011200,12592.75,12636.0,12531.75,12623.0,7935,0,11635,736446.0
MNQ,MNQM23,D1,2023-03-19,1679184000,12689.25,12750.0,12663.0,12706.0,142095,0,35867,220160.0
MNQ,MNQM23,D1,2023-03-20,1679270400,12707.25,12727.0,12525.5,12693.0,1571480,0,1139173,258074.0
MNQ,MNQM23,D1,2023-03-21,1679356800,12692.0,12897.5,12676.25,12868.5,1061355,0,877479,287212.0
MNQ,MNQM23,D1,2023-03-22,1679443200,12868.25,13081.75,12677.5,12718.75,1258230,0,1126364,324678.0
MNQ,MNQM23,D1,2023-03-23,1679529600,12718.75,13031.5,12705.25,12865.0,1377805,0,1368544,370187.0
MNQ,MNQM23,D1,2023-03-24,1679616000,12866.0,12925.25,12726.0,12924.25,1450185,0,1260065,412098.0
MNQ,MNQM23,D1,2023-03-26,1679788800,12916.0,12965.0,12902.5,12947.75,82595,0,21891,412825.0
MNQ,MNQM23,D1,2023-03-27,1679875200,12948.0,12976.25,12765.75,12822.5,1124705,0,961446,444850.0
MNQ,MNQM23,D1,2023-03-28,1679961600,12822.75,12833.5,12634.75,12759.5,901780,0,823008,472175.0
MNQ,MNQM23,D1,2023-03-29,1680048000,12760.0,12993.0,12758.75,12943.0,824605,0,823722,499513.0
MNQ,MNQM23,D1,2023-03-30,1680134400,12944.0,13112.0,12931.25,13096.0,867780,0,853588,527848.0
MNQ,MNQM23,D1,2023-03-31,1680220800,13095.75,13311.5,13056.5,13308.5,771710,0,807449,554650.0
MNQ,MNQM23,D1,2023-04-02,1680393600,13262.5,13275.5,13236.25,13240.0,80570,0,26234,555520.0
MNQ,MNQM23,D1,2023-04-03,1680480000,13240.0,13278.75,13154.25,13247.0,865255,0,800612,582127.0
MNQ,MNQM23,D1,2023-04-04,1680566400,13247.5,13348.75,13168.75,13240.75,884830,0,906850,612242.0
MNQ,MNQM23,D1,2023-04-05,1680652800,13240.25,13247.25,13006.0,13057.0,870330,0,846533,640289.0
MNQ,MNQM23,D1,2023-04-06,1680739200,13057.0,13191.25,12952.5,13159.5,856505,0,881115,669413.0
MNQ,MNQM23,D1,2023-04-07,1680825600,13159.75,13190.5,13126.0,13180.75,230845,0,80409,671860.0
MNQ,MNQM23,D1,2023-04-09,1680998400,13178.0,13206.25,13151.25,13156.25,61995,0,18514,672467.0
MNQ,MNQM23,D1,2023-04-10,1681084800,13156.5,13174.5,12967.5,13172.25,780280,0,757628,697339.0
MNQ,MNQM23,D1,2023-04-11,1681171200,13171.75,13209.25,13051.75,13089.5,829455,0,828519,723279.0
MNQ,MNQM23,D1,2023-04-12,1681257600,13089.5,13241.0,12925.25,12931.5,1071305,0,1153187,758845.0
MNQ,MNQM23,D1,2023-04-13,1681344000,12931.75,13228.5,12930.0,13191.75,897705,0,845891,785530.0
MNQ,MNQM23,D1,2023-04-14,1681430400,13191.75,13255.0,13056.0,13199.25,957660,0,1006754,809949.0
MNQ,MNQM23,D1,2023-04-16,1681603200,13210.0,13214.75,13177.0,13186.5,47370,0,14717,808235.0
MNQ,MNQM23,D1,2023-04-17,1681689600,13187.0,13218.0,13077.0,13178.75,887830,0,874002,798454.0
MNQ,MNQM23,D1,2023-04-18,1681776000,13178.25,13298.5,13138.25,13175.0,843655,0,914664,793455.0
MNQ,MNQM23,D1,2023-04-19,1681862400,13174.25,13227.0,13065.0,13128.0,857355,0,834506,777713.0
MNQ,MNQM23,D1,2023-04-20,1681948800,13128.0,13199.75,13022.0,13082.25,897105,0,964618,770507.0
MNQ,MNQM23,D1,2023-04-21,1682035200,13081.5,13121.75,12982.75,13075.25,890760,0,888798,758072.0
MNQ,MNQM23,D1,2023-04-23,1682208000,13071.25,13074.75,13060.5,13068.25,8153,0,10344,757221.0
MNQ,MNQM23,D1,2023-04-24,1682294400,13068.25,13134.0,12967.25,13049.0,688379,0,832451,746997.0
MNQ,MNQM23,D1,2023-04-25,1682380800,13049.25,13059.75,12801.0,12960.25,855279,0,1022352,751826.0
MNQ,MNQM23,D1,2023-04-26,1682467200,12959.5,13012.5,12863.0,12957.0,879535,0,1048368,749226.0
MNQ,MNQM23,D1,2023-04-27,1682553600,12957.0,13331.5,12936.0,13210.25,803230,0,985192,736448.0
MNQ,MNQM23,D1,2023-04-28,1682640000,13209.75,13336.75,13168.75,13327.0,787916,0,935285,725622.0
MNQ,MNQM23,D1,2023-04-30,1682812800,13317.25,13324.5,13304.0,13307.0,13336,25,15179,725398.0
MNQ,MNQM23,D1,2023-05-01,1682899200,13306.5,13367.25,13258.75,13284.75,661800,0,802736,720108.0
MNQ,MNQM23,D1,2023-05-02,1682985600,13284.5,13334.5,13111.0,13182.25,799728,0,933204,723781.0
MNQ,MNQM23,D1,2023-05-03,1683072000,13182.25,13310.0,13043.0,13097.75,901046,0,1032909,730754.0
MNQ,MNQM23,D1,2023-05-04,1683158400,13098.0,13172.0,13001.75,13093.75,873415,0,1004286,735777.0
MNQ,MNQM23,D1,2023-05-05,1683244800,13093.75,13358.75,13076.25,13310.5,654056,0,766272,734404.0
MNQ,MNQM23,D1,2023-05-07,1683417600,13315.5,13332.75,13302.5,13304.25,11153,0,12976,733962.0
MNQ,MNQM23,D1,2023-05-08,1683504000,13304.25,13368.0,13254.5,13337.0,569711,0,667093,729512.0
MNQ,MNQM23,D1,2023-05-09,1683590400,13336.75,13347.25,13249.25,13274.25,562451,0,665984,721483.0
MNQ,MNQM23,D1,2023-05-10,1683676800,13274.5,13448.0,13202.0,13421.75,985662,0,1151003,731632.0
MNQ,MNQM23,D1,2023-05-11,1683763200,13422.25,13472.0,13361.5,13454.75,796256,0,946147,733800.0
MNQ,MNQM23,D1,2023-05-12,1683849600,13454.75,13494.75,13310.0,13369.5,704123,0,845326,759297.0
MNQ,MNQM23,D1,2023-05-14,1684022400,13378.25,13379.75,13356.0,13366.25,7897,25,9384,758992.0
MNQ,MNQM23,D1,2023-05-15,1684108800,13366.0,13479.0,13350.0,13458.25,587154,0,716784,757631.0
MNQ,MNQM23,D1,2023-05-16,1684195200,13457.75,13554.25,13426.25,13499.5,642006,0,788687,756303.0
MNQ,MNQM23,D1,2023-05-17,1684281600,13500.0,13669.25,13474.0,13643.25,645202,0,801287,744573.0
MNQ,MNQM23,D1,2023-05-18,1684368000,13643.25,13960.5,13628.25,13929.5,800894,0,987590,749297.0
MNQ,MNQM23,D1,2023-05-19,1684454400,13930.0,13942.75,13814.25,13841.5,725497,0,891559,745457.0
MNQ,MNQM23,D1,2023-05-21,1684627200,13808.0,13857.5,13794.25,13853.25,11884,25,14156,745438.0
MNQ,MNQM23,D1,2023-05-22,1684713600,13853.25,13952.5,13824.25,13942.75,640184,0,778986,742271.0
MNQ,MNQM23,D1,2023-05-23,1684800000,13942.5,13977.25,13711.0,13748.5,714627,0,873314,740893.0
MNQ,MNQM23,D1,2023-05-24,1684886400,13748.0,13884.0,13566.75,13847.25,826540,0,1000775,746435.0
MNQ,MNQM23,D1,2023-05-25,1684972800,13847.5,14031.5,13823.0,13965.0,923146,0,1110878,751310.0
MNQ,MNQM23,D1,2023-05-26,1685059200,13965.25,14372.5,13924.75,14371.25,787032,0,969288,753993.0
MNQ,MNQM23,D1,2023-05-28,1685232000,14419.0,14442.0,14401.25,14416.75,18070,0,22306,754392.0
MNQ,MNQM23,D1,2023-05-29,1685318400,14416.25,14446.0,14367.5,14386.25,128578,0,157027,731878.0
MNQ,MNQM23,D1,2023-05-30,1685404800,14386.0,14570.0,14336.25,14422.5,900013,0,1054897,732963.0
MNQ,MNQM23,D1,2023-05-31,1685491200,14422.75,14424.75,14252.5,14310.5,850204,0,1030819,732378.0
MNQ,MNQM23,D1,2023-06-01,1685577600,14310.5,14528.25,14248.0,14483.5,781535,0,943788,730998.0
MNQ,MNQM23,D1,2023-06-02,1685664000,14483.75,14627.75,14470.0,14586.75,785377,0,952575,731574.0
MNQ,MNQM23,D1,2023-06-04,1685836800,14568.0,14582.0,14522.0,14536.75,17848,25,21301,731778.0
MNQ,MNQM23,D1,2023-06-05,1685923200,14537.0,14695.25,14512.75,14566.25,783885,0,943984,736486.0
MNQ,MNQM23,D1,2023-06-06,1686009600,14566.5,14624.0,14505.0,14594.75,685291,0,824936,732877.0
MNQ,MNQM23,D1,2023-06-07,1686096000,14595.5,14675.5,14305.5,14329.75,925856,0,1113819,735574.0
MNQ,MNQM23,D1,2023-06-08,1686182400,14329.5,14527.0,14257.0,14501.25,796097,0,954297,733908.0
MNQ,MNQM23,D1,2023-06-09,1686268800,14501.75,14688.0,14460.25,14563.25,806150,0,978519,740983.0
MNQ,MNQM23,D1,2023-06-11,1686441600,14560.0,14610.0,14553.75,14591.5,9769,25,11415,740931.0
MNQ,MNQM23,D1,2023-06-12,1686528000,14592.25,14839.25,14577.5,14820.0,281227,0,334687,729851.0
MNQ,MNQM23,D1,2023-06-13,1686614400,14820.75,14968.25,14779.5,14920.25,268081,0,314478,718134.0
MNQ,MNQM23,D1,2023-06-14,1686700800,14919.0,15059.5,14793.0,15030.5,171085,0,199095,686403.0
MNQ,MNQM23,D1,2023-06-15,1686787200,15029.5,15252.0,14883.0,15174.5,132863,0,149765,659857.0
MNQ,MNQM23,D1,2023-06-16,1686873600,15174.5,15326.0,15130.25,15326.0,15392,0,18978,632312.0
MNQ,MNQU23,D1,2023-06-18,1687046400,15302.5,15321.75,15298.25,15303.25,51795,0,15164,158058.0
MNQ,MNQU23,D1,2023-06-19,1687132800,15302.5,15306.25,15230.5,15248.75,451415,0,177272,163876.0
MNQ,MNQU23,D1,2023-06-20,1687219200,15248.25,15310.25,15126.25,15262.0,1004580,0,870457,192775.0
MNQ,MNQU23,D1,2023-06-21,1687305600,15261.0,15273.0,15002.5,15041.0,1071505,0,943869,224105.0
MNQ,MNQU23,D1,2023-06-22,1687392000,15041.0,15238.0,14964.0,15221.75,1100905,0,992649,257007.0
MNQ,MNQU23,D1,2023-06-23,1687478400,15222.25,15222.75,14984.75,15055.5,1099835,0,990944,289922.0
MNQ,MNQU23,D1,2023-06-25,1687651200,15058.25,15104.25,15054.0,15100.75,57495,0,15708,290440.0
MNQ,MNQU23,D1,2023-06-26,1687737600,15100.5,15152.25,14853.5,14893.0,1122480,0,1034521,324841.0
MNQ,MNQU23,D1,2023-06-27,1687824000,14892.75,15139.75,14863.0,15059.25,1005805,0,970816,357073.0
MNQ,MNQU23,D1,2023-06-28,1687910400,15059.75,15218.75,15021.25,15172.25,1116455,0,1089350,393196.0
MNQ,MNQU23,D1,2023-06-29,1687996800,15173.0,15202.75,15028.5,15116.75,1067030,0,985546,425826.0
MNQ,MNQU23,D1,2023-06-30,1688083200,15116.5,15376.5,15099.75,15317.5,871810,0,775035,451377.0
MNQ,MNQU23,D1,2023-07-02,1688256000,15331.5,15362.5,15328.0,15351.0,47145,0,13584,451813.0
MNQ,MNQU23,D1,2023-07-03,1688342400,15350.75,15392.0,15307.5,15337.75,601454,0,421601,465805.0
MNQ,MNQU23,D1,2023-07-04,1688428800,15337.5,15368.25,15334.5,15340.5,256490,0,80444,468110.0
MNQ,MNQU23,D1,2023-07-05,1688515200,15341.25,15431.75,15255.25,15358.0,803480,0,789002,494156.0
MNQ,MNQU23,D1,2023-07-06,1688601600,15358.5,15359.5,15112.0,15226.5,985255,0,956908,525763.0
MNQ,MNQU23,D1,2023-07-07,1688688000,15226.0,15359.75,15172.0,15191.75,939135,0,1033156,559886.0
MNQ,MNQU23,D1,2023-07-09,1688860800,15195.75,15207.0,15151.75,15181.0,68220,0,20549,560556.0
MNQ,MNQU23,D1,2023-07-10,1688947200,15181.5,15219.75,15063.5,15192.5,1056980,0,1014991,593991.0
MNQ,MNQU23,D1,2023-07-11,1689033600,15192.25,15280.75,15109.0,15264.75,923705,0,932350,624688.0
MNQ,MNQU23,D1,2023-07-12,1689120000,15264.25,15507.75,15254.5,15472.0,961855,0,1076820,659535.0
MNQ,MNQU23,D1,2023-07-13,1689206400,15471.75,15741.25,15470.0,15712.5,854605,0,872642,687412.0
MNQ,MNQU23,D1,2023-07-14,1689292800,15712.25,15857.5,15658.0,15692.5,947410,0,981521,716817.0
MNQ,MNQU23,D1,2023-07-16,1689465600,15690.25,15691.0,15661.0,15667.0,45895,0,13431,716929.0
MNQ,MNQU23,D1,2023-07-17,1689552000,15666.5,15886.75,15662.0,15818.25,802580,0,792520,726526.0
MNQ,MNQU23,D1,2023-07-18,1689638400,15819.0,16030.0,15733.5,15961.25,856205,0,956874,730109.0
MNQ,MNQU23,D1,2023-07-19,1689724800,15961.0,16062.5,15841.25,15857.0,1006555,0,1115438,731773.0
MNQ,MNQU23,D1,2023-07-20,1689811200,15857.5,15904.5,15547.5,15580.0,1026705,0,1190963,737107.0
MNQ,MNQU23,D1,2023-07-21,1689897600,15580.5,15719.5,15522.25,15555.0,1060685,0,1137510,742054.0
MNQ,MNQU23,D1,2023-07-23,1690070400,15555.75,15571.0,15540.0,15549.25,43770,0,13114,741986.0
MNQ,MNQU23,D1,2023-07-24,1690156800,15549.25,15618.25,15484.5,15567.5,966280,0,906067,766279.0
MNQ,MNQU23,D1,2023-07-25,1690243200,15567.5,15739.5,15549.0,15637.75,921855,0,855872,765793.0
MNQ,MNQU23,D1,2023-07-26,1690329600,15638.0,15710.0,15515.0,15653.25,1103555,0,1084406,770478.0
MNQ,MNQU23,D1,2023-07-27,1690416000,15653.25,15904.0,15512.5,15586.5,1244230,0,1357156,782628.0
MNQ,MNQU23,D1,2023-07-28,1690502400,15587.5,15895.75,15546.5,15845.5,1228935,0,1139630,787584.0
MNQ,MNQU23,D1,2023-07-30,1690675200,15849.5,15916.5,15840.5,15887.25,71220,0,29975,788060.0
MNQ,MNQU23,D1,2023-07-31,1690761600,15886.75,15905.0,15791.25,15860.25,1022780,0,892187,783315.0
MNQ,MNQU23,D1,2023-08-01,1690848000,15860.5,15889.0,15684.0,15753.0,996005,0,912500,781371.0
MNQ,MNQU23,D1,2023-08-02,1690934400,15753.5,15790.0,15413.25,15492.0,1266905,0,1248943,786691.0
MNQ,MNQU23,D1,2023-08-03,1691020800,15491.75,15552.25,15339.25,15481.25,1473930,0,1211975,794239.0
MNQ,MNQU23,D1,2023-08-04,1691107200,15481.0,15610.25,15336.5,15365.0,1293160,0,1381380,814450.0
MNQ,MNQU23,D1,2023-08-06,1691280000,15369.75,15403.0,15365.0,15401.5,52695,0,20722,814688.0
MNQ,MNQU23,D1,2023-08-07,1691366400,15401.75,15498.0,15334.5,15488.0,1080305,0,1052684,835724.0
MNQ,MNQU23,D1,2023-08-08,1691452800,15487.75,15492.0,15216.25,15353.0,1101780,0,1059598,868363.0
MNQ,MNQU23,D1,2023-08-09,1691539200,15353.0,15432.75,15145.0,15219.0,1056155,0,1122247,879471.0
MNQ,MNQU23,D1,2023-08-10,1691625600,15218.5,15441.75,15136.0,15239.5,1394405,0,1455478,896090.0
MNQ,MNQU23,D1,2023-08-11,1691712000,15240.0,15266.75,15037.25,15103.5,1176885,0,1121977,899051.0
MNQ,MNQU23,D1,2023-08-13,1691884800,15103.5,15146.0,15100.25,15138.0,14919,25,17233,898940.0
MNQ,MNQU23,D1,2023-08-14,1691971200,15138.5,15316.25,15020.0,15301.0,913261,0,1050638,900128.0
MNQ,MNQU23,D1,2023-08-15,1692057600,15302.0,15335.0,15076.0,15122.5,1029317,0,1159272,907692.0
MNQ,MNQU23,D1,2023-08-16,1692144000,15122.75,15165.5,14921.75,14930.25,1021754,0,1132557,909550.0
MNQ,MNQU23,D1,2023-08-17,1692230400,14930.0,15018.0,14730.25,14754.0,1054705,0,1194851,920291.0
MNQ,MNQU23,D1,2023-08-18,1692316800,14754.0,14802.75,14609.25,14744.0,1144651,0,1298648,930862.0
MNQ,MNQU23,D1,2023-08-20,1692489600,14758.0,14788.0,14756.25,14778.75,14955,25,17301,930991.0
MNQ,MNQU23,D1,2023-08-21,1692576000,14778.0,15013.75,14720.5,14954.75,942486,0,1100486,941256.0
MNQ,MNQU23,D1,2023-08-22,1692662400,14954.75,15118.5,14931.0,14964.5,987156,0,1137312,947271.0
MNQ,MNQU23,D1,2023-08-23,1692748800,14964.5,15355.75,14958.0,15334.75,917046,0,1042883,944852.0
MNQ,MNQU23,D1,2023-08-24,1692835200,15334.75,15417.75,14816.75,14853.0,1307344,0,1506130,955358.0
MNQ,MNQU23,D1,2023-08-25,1692921600,14853.0,15049.0,14752.75,14971.25,1402519,0,1567700,969697.0
MNQ,MNQU23,D1,2023-08-27,1693094400,14991.75,15030.0,14982.5,15010.0,16747,25,19306,969904.0
MNQ,MNQU23,D1,2023-08-28,1693180800,15010.25,15126.75,14973.25,15096.5,1021355,0,1161076,978404.0
MNQ,MNQU23,D1,2023-08-29,1693267200,15097.0,15443.25,15050.0,15434.75,904735,0,1021510,983925.0
MNQ,MNQU23,D1,2023-08-30,1693353600,15434.5,15524.5,15361.25,15503.25,978936,0,1110859,984807.0
MNQ,MNQU23,D1,2023-08-31,1693440000,15503.5,15606.75,15458.5,15537.0,993139,0,1119484,976885.0
MNQ,MNQU23,D1,2023-09-01,1693526400,15537.75,15661.25,15453.5,15512.25,945374,0,1055028,974065.0
MNQ,MNQU23,D1,2023-09-03,1693699200,15517.75,15526.5,15500.75,15516.5,7090,0,8275,973341.0
MNQ,MNQU23,D1,2023-09-04,1693785600,15516.75,15578.5,15511.0,15526.25,151671,0,170149,949273.0
MNQ,MNQU23,D1,2023-09-05,1693872000,15525.75,15587.0,15418.5,15522.0,900270,0,996023,952058.0
MNQ,MNQU23,D1,2023-09-06,1693958400,15522.0,15532.75,15310.5,15391.0,910308,0,1021501,944476.0
MNQ,MNQU23,D1,2023-09-07,1694044800,15390.25,15395.5,15157.5,15280.5,1035245,0,1159787,942736.0
MNQ,MNQU23,D1,2023-09-08,1694131200,15280.75,15390.5,15222.75,15314.75,906417,0,1019403,930671.0
MNQ,MNQU23,D1,2023-09-10,1694304000,15317.25,15325.5,15298.25,15323.75,8804,25,10266,930322.0
MNQ,MNQU23,D1,2023-09-11,1694390400,15324.0,15498.0,15297.75,15460.75,393196,0,449735,910224.0
MNQ,MNQU23,D1,2023-09-12,1694476800,15460.25,15480.75,15289.5,15310.25,252436,0,284292,884380.0
MNQ,MNQU23,D1,2023-09-13,1694563200,15310.5,15424.25,15212.5,15384.25,214606,0,238273,854914.0
MNQ,MNQU23,D1,2023-09-14,1694649600,15384.25,15517.75,15336.75,15484.25,126302,0,141590,811118.0
MNQ,MNQU23,D1,2023-09-15,1694736000,15483.75,15524.0,15400.0,15421.5,14010,25,17403,774299.0
MNQ,MNQZ23,D1,2023-09-17,1694908800,15383.75,15414.75,15379.0,15413.25,39720,0,12706,166430.0
MNQ,MNQZ23,D1,2023-09-18,1694995200,15413.0,15460.75,15330.5,15424.5,881805,0,974333,198782.0
MNQ,MNQZ23,D1,2023-09-19,1695081600,15424.5,15442.5,15248.5,15383.5,840930,0,1052337,233725.0
MNQ,MNQZ23,D1,2023-09-20,1695168000,15383.5,15436.5,15108.75,15113.75,1045305,0,1192513,273299.0
MNQ,MNQZ23,D1,2023-09-21,1695254400,15113.0,15134.75,14838.5,14851.5,1164530,0,1252285,314853.0
MNQ,MNQZ23,D1,2023-09-22,1695340800,14851.5,15027.25,14835.75,14877.0,1022310,0,1121177,352067.0
MNQ,MNQZ23,D1,2023-09-24,1695513600,14879.0,14915.0,14878.0,14897.75,52120,0,17283,352640.0
MNQ,MNQZ23,D1,2023-09-25,1695600000,14897.75,14956.0,14782.5,14932.0,1163730,0,1163021,391247.0
MNQ,MNQZ23,D1,2023-09-26,1695686400,14931.75,14933.0,14666.25,14739.25,1102355,0,1260619,433093.0
MNQ,MNQZ23,D1,2023-09-27,1695772800,14739.0,14821.25,14587.25,14774.5,1142230,0,1373234,478685.0
MNQ,MNQZ23,D1,2023-09-28,1695859200,14774.5,14948.0,14656.25,14867.5,1309530,0,1426395,525900.0
MNQ,MNQZ23,D1,2023-09-29,1695945600,14867.25,15060.75,14811.0,14892.0,1261510,0,1460046,574300.0
MNQ,MNQZ23,D1,2023-10-01,1696118400,14962.25,15007.25,14934.5,14953.0,109770,0,36914,575524.0
MNQ,MNQZ23,D1,2023-10-02,1696204800,14953.0,15046.25,14824.75,14993.75,1307330,0,1533967,626498.0
MNQ,MNQZ23,D1,2023-10-03,1696291200,14994.0,15031.0,14651.5,14716.25,1323630,0,1496435,676140.0
MNQ,MNQZ23,D1,2023-10-04,1696377600,14716.5,14955.75,14589.25,14915.0,1461305,0,1522097,726620.0
MNQ,MNQZ23,D1,2023-10-05,1696464000,14914.25,14958.75,14716.0,14851.75,1239205,0,1355930,771554.0
MNQ,MNQZ23,D1,2023-10-06,1696550400,14851.75,15160.5,14660.25,15141.5,1280410,0,1570989,823588.0
MNQ,MNQZ23,D1,2023-10-08,1696723200,15076.0,15076.0,14990.5,15028.0,127395,0,40390,824929.0
MNQ,MNQZ23,D1,2023-10-09,1696809600,15027.5,15212.75,14949.25,15199.25,1162905,0,1094368,861349.0
MNQ,MNQZ23,D1,2023-10-10,1696896000,15199.25,15383.5,15173.0,15287.5,1094555,0,1162108,899722.0
MNQ,MNQZ23,D1,2023-10-11,1696982400,15287.75,15417.5,15253.0,15415.25,1064555,0,1168248,938188.0
MNQ,MNQZ23,D1,2023-10-12,1697068800,15414.75,15469.5,15216.25,15330.0,1117055,0,1325399,980996.0
MNQ,MNQZ23,D1,2023-10-13,1697155200,15330.0,15367.0,15062.0,15106.75,1264060,0,1486930,1028141.0
MNQ,MNQZ23,D1,2023-10-15,1697328000,15119.75,15166.25,15118.25,15166.25,66895,0,24388,1028724.0
MNQ,MNQZ23,D1,2023-10-16,1697414400,15166.25,15338.0,15083.0,15290.75,1162605,0,1199240,1049136.0
MNQ,MNQZ23,D1,2023-10-17,1697500800,15290.25,15309.25,15050.0,15211.0,1186705,0,1308159,1066395.0
MNQ,MNQZ23,D1,2023-10-18,1697587200,15210.0,15228.75,14979.0,15037.75,1329705,0,1575661,1083193.0
MNQ,MNQZ23,D1,2023-10-19,1697673600,15037.75,15138.0,14821.0,14843.25,1641905,0,1982187,1112144.0
MNQ,MNQZ23,D1,2023-10-20,1697760000,14843.25,14887.75,14645.0,14648.25,1314635,0,1452234,1121386.0
MNQ,MNQZ23,D1,2023-10-22,1697932800,14678.75,14711.0,14662.5,14710.0,69345,0,20883,1121659.0
MNQ,MNQZ23,D1,2023-10-23,1698019200,14709.75,14854.25,14514.25,14762.75,1287455,0,1371427,1134895.0
MNQ,MNQZ23,D1,2023-10-24,1698105600,14761.75,14950.0,14705.75,14815.25,1343580,0,1363224,1145258.0
MNQ,MNQZ23,D1,2023-10-25,1698192000,14815.25,14817.0,14331.5,14350.25,1365230,0,1428851,1153136.0
MNQ,MNQZ23,D1,2023-10-26,1698278400,14350.0,14459.25,14136.5,14314.75,1596480,0,1777672,1170649.0
MNQ,MNQZ23,D1,2023-10-27,1698364800,14315.0,14407.5,14209.5,14271.0,1400035,0,1443312,1181387.0
MNQ,MNQZ23,D1,2023-10-29,1698537600,14329.0,14345.75,14302.25,14331.75,76145,0,24033,1181612.0
MNQ,MNQZ23,D1,2023-10-30,1698624000,14332.0,14476.25,14306.25,14398.0,1124180,0,1178656,1182133.0
MNQ,MNQZ23,D1,2023-10-31,1698710400,14398.0,14503.5,14311.25,14453.25,1215230,0,1251212,1181820.0
MNQ,MNQZ23,D1,2023-11-01,1698796800,14453.0,14796.75,14411.0,14792.75,1182955,0,1297249,1179287.0
MNQ,MNQZ23,D1,2023-11-02,1698883200,14793.0,15015.75,14776.75,14943.0,1017580,0,1045074,1166576.0
MNQ,MNQZ23,D1,2023-11-03,1698969600,14943.5,15228.5,14931.25,15184.5,898860,0,1068885,1153537.0
MNQ,MNQZ23,D1,2023-11-05,1699142400,15187.0,15203.0,15172.5,15175.75,30460,0,13583,1152760.0
MNQ,MNQZ23,D1,2023-11-06,1699228800,15175.75,15257.5,15138.0,15208.75,836580,0,850913,1129991.0
MNQ,MNQZ23,D1,2023-11-07,1699315200,15208.75,15412.75,15175.75,15368.25,838955,0,988328,1113054.0
MNQ,MNQZ23,D1,2023-11-08,1699401600,15368.5,15417.75,15286.5,15358.0,844605,0,941702,1093708.0
MNQ,MNQZ23,D1,2023-11-09,1699488000,15358.0,15453.25,15223.75,15232.75,989605,0,1245794,1090037.0
MNQ,MNQZ23,D1,2023-11-10,1699574400,15232.75,15616.25,15207.0,15581.25,893045,0,1080270,1073679.0
MNQ,MNQZ23,D1,2023-11-12,1699747200,15585.75,15601.0,15548.5,15560.25,39410,0,16388,1072879.0
MNQ,MNQZ23,D1,2023-11-13,1699833600,15560.5,15589.5,15465.25,15558.5,837230,0,862895,1065164.0
MNQ,MNQZ23,D1,2023-11-14,1699920000,15558.5,15918.75,15551.75,15904.75,854230,0,1019454,1060408.0
MNQ,MNQZ23,D1,2023-11-15,1700006400,15905.0,16049.0,15832.0,15865.0,935580,0,1081641,1057521.0
MNQ,MNQZ23,D1,2023-11-16,1700092800,15864.75,15907.25,15797.75,15885.75,931505,0,1061211,1048715.0
MNQ,MNQZ23,D1,2023-11-17,1700179200,15885.75,15940.0,15824.5,15874.0,781945,0,866242,1028026.0
MNQ,MNQZ23,D1,2023-11-19,1700352000,15891.25,15903.75,15848.0,15863.75,36360,0,14432,1027694.0
MNQ,MNQZ23,D1,2023-11-20,1700438400,15864.25,16116.75,15837.5,16100.75,748305,0,854343,1016197.0
MNQ,MNQZ23,D1,2023-11-21,1700524800,16100.75,16122.5,15912.0,15954.25,833980,0,868787,1001551.0
MNQ,MNQZ23,D1,2023-11-22,1700611200,15954.5,16173.25,15942.75,16045.75,859805,0,1061621,984417.0
MNQ,MNQZ23,D1,2023-11-23,1700697600,16045.75,16086.75,16038.75,16064.5,296365,0,136610,922898.0
MNQ,MNQZ23,D1,2023-11-24,1700784000,16064.5,16071.5,15981.75,16010.75,476345,0,404592,887976.0
MNQ,MNQZ23,D1,2023-11-26,1700956800,16008.5,16010.0,15982.75,15986.25,22585,0,10014,887614.0
MNQ,MNQZ23,D1,2023-11-27,1701043200,15986.75,16089.0,15938.75,16009.75,690595,0,906393,872113.0
MNQ,MNQZ23,D1,2023-11-28,1701129600,16010.0,16071.5,15945.0,16053.0,901307,0,1040155,861344.0
MNQ,MNQZ23,D1,2023-11-29,1701216000,16053.0,16207.75,16013.5,16047.25,896339,0,1040047,848384.0
MNQ,MNQZ23,D1,2023-11-30,1701302400,16047.25,16098.0,15855.75,15964.5,991687,0,1142425,827209.0
MNQ,MNQZ23,D1,2023-12-01,1701388800,15963.75,16050.0,15864.5,16031.0,972709,0,1117288,816341.0
MNQ,MNQZ23,D1,2023-12-03,1701561600,16024.0,16027.0,15988.25,15992.25,11492,0,13168,815979.0
MNQ,MNQZ23,D1,2023-12-04,1701648000,15992.0,16003.25,15721.25,15849.75,914406,0,1079969,812690.0
MNQ,MNQZ23,D1,2023-12-05,1701734400,15849.75,15961.75,15761.25,15927.5,1000437,0,1156530,809533.0
MNQ,MNQZ23,D1,2023-12-06,1701820800,15927.75,16039.0,15800.0,15817.0,1002199,0,1152846,804720.0
MNQ,MNQZ23,D1,2023-12-07,1701907200,15816.5,16065.75,15791.25,16020.0,916928,0,1052188,804957.0
MNQ,MNQZ23,D1,2023-12-08,1701993600,16019.75,16119.0,15890.0,16092.5,933156,0,1036143,803866.0
MNQ,MNQZ23,D1,2023-12-10,1702166400,16092.0,16114.0,16082.0,16104.5,9939,0,11354,803791.0
MNQ,MNQZ23,D1,2023-12-11,1702252800,16104.0,16249.75,16044.5,16241.25,447892,0,486378,791640.0
MNQ,MNQZ23,D1,2023-12-12,1702339200,16241.5,16401.25,16185.0,16395.75,286071,0,315846,769224.0
MNQ,MNQZ23,D1,2023-12-13,1702425600,16395.5,16607.0,16365.25,16605.5,200866,0,219269,745143.0
MNQ,MNQZ23,D1,2023-12-14,1702512000,16605.0,16674.5,16418.5,16550.5,137655,0,148476,708566.0
MNQ,MNQZ23,D1,2023-12-15,1702598400,16550.0,16609.25,16530.0,16583.25,12147,0,14410,673037.0
MNQ,MNQH24,D1,2023-12-17,1702771200,16820.0,16838.0,16802.25,16823.75,9417,25,10906,140798.0
MNQ,MNQH24,D1,2023-12-18,1702857600,16823.25,16974.25,16808.25,16924.0,640112,0,727832,164981.0
MNQ,MNQH24,D1,2023-12-19,1702944000,16924.0,17034.25,16911.0,17027.75,672300,0,769641,190496.0
MNQ,MNQH24,D1,2023-12-20,1703030400,17027.75,17073.5,16757.25,16811.75,928032,0,1067435,225989.0
MNQ,MNQH24,D1,2023-12-21,1703116800,16811.5,16971.25,16800.5,16942.0,979143,0,1121020,263274.0
MNQ,MNQH24,D1,2023-12-22,1703203200,16942.5,17041.25,16891.5,16962.5,736752,0,840210,291225.0
MNQ,MNQH24,D1,2023-12-25,1703462400,16975.0,17011.5,16972.75,17004.0,10001,0,11781,291615.0
MNQ,MNQH24,D1,2023-12-26,1703548800,17003.75,17111.5,16985.0,17089.5,449904,0,510560,308537.0
MNQ,MNQH24,D1,2023-12-27,1703635200,17089.5,17132.25,17055.5,17121.25,596243,0,681962,331172.0
MNQ,MNQH24,D1,2023-12-28,1703721600,17121.75,17165.5,17078.0,17100.75,541050,0,617222,351616.0
MNQ,MNQH24,D1,2023-12-29,1703808000,17101.0,17130.5,16937.75,17004.0,714528,0,820165,378942.0
MNQ,MNQH24,D1,2024-01-01,1704067200,17019.75,17037.0,17013.75,17029.75,8056,0,9658,379222.0
MNQ,MNQH24,D1,2024-01-02,1704153600,17029.75,17038.5,16622.0,16725.0,925045,0,1065526,414738.0
MNQ,MNQH24,D1,2024-01-03,1704240000,16725.0,16729.5,16522.25,16549.5,1015264,0,1155599,453161.0
MNQ,MNQH24,D1,2024-01-04,1704326400,16549.5,16587.25,16435.75,16456.5,847219,0,965330,485210.0
MNQ,MNQH24,D1,2024-01-05,1704412800,16456.75,16577.0,16334.25,16466.0,941672,0,1092595,521102.0
MNQ,MNQH24,D1,2024-01-07,1704585600,16466.25,16490.0,16458.25,16482.75,9815,25,11545,520964.0
MNQ,MNQH24,D1,2024-01-08,1704672000,16482.25,16811.5,16378.25,16785.25,751220,0,874825,549506.0
MNQ,MNQH24,D1,2024-01-09,1704758400,16785.0,16868.5,16658.5,16837.75,886800,0,1023323,583605.0
MNQ,MNQH24,D1,2024-01-10,1704844800,16838.0,16983.25,16801.75,16960.75,857145,0,987146,615599.0
MNQ,MNQH24,D1,2024-01-11,1704931200,16961.0,17056.0,16753.0,16951.75,1190906,0,1371335,660228.0
MNQ,MNQH24,D1,2024-01-12,1705017600,16951.75,17042.5,16866.25,16955.0,1004292,0,1128013,696661.0
MNQ,MNQH24,D1,2024-01-14,1705190400,16958.0,16963.75,16938.5,16945.25,7026,25,7990,695258.0
MNQ,MNQH24,D1,2024-01-15,1705276800,16945.0,17023.25,16933.0,16936.5,214082,0,243793,699012.0
MNQ,MNQH24,D1,2024-01-16,1705363200,16936.0,17034.0,16812.0,16978.25,1196922,0,1341927,743494.0
MNQ,MNQH24,D1,2024-01-17,1705449600,16978.25,16981.25,16689.0,16854.0,1104038,0,1237422,768451.0
MNQ,MNQH24,D1,2024-01-18,1705536000,16854.25,17152.0,16839.25,17148.75,1224052,0,1387242,796175.0
MNQ,MNQH24,D1,2024-01-19,1705622400,17148.75,17472.0,17131.5,17463.25,1101355,0,1264746,812080.0
MNQ,MNQH24,D1,2024-01-21,1705795200,17467.5,17501.5,17465.75,17483.75,16574,25,19810,776182.0
MNQ,MNQH24,D1,2024-01-22,1705881600,17484.25,17584.75,17434.25,17464.25,1006996,0,1151687,783942.0
MNQ,MNQH24,D1,2024-01-23,1705968000,17464.0,17578.25,17409.25,17575.0,849432,0,966698,815801.0
MNQ,MNQH24,D1,2024-01-24,1706054400,17575.25,17794.0,17568.75,17616.0,1118973,0,1277763,834132.0
MNQ,MNQH24,D1,2024-01-25,1706140800,17617.0,17752.0,17530.75,17542.5,1156912,0,1309898,852141.0
MNQ,MNQH24,D1,2024-01-26,1706227200,17542.75,17631.25,17465.75,17504.75,1025325,0,1167052,855461.0
MNQ,MNQH24,D1,2024-01-28,1706400000,17496.75,17498.5,17456.25,17479.75,14148,0,17292,818670.0
MNQ,MNQH24,D1,2024-01-29,1706486400,17480.0,17731.5,17479.0,17722.0,882673,0,996392,823877.0
MNQ,MNQH24,D1,2024-01-30,1706572800,17722.0,17735.75,17409.0,17448.0,883027,0,1005960,857016.0
MNQ,MNQH24,D1,2024-01-31,1706659200,17448.25,17483.75,17221.75,17282.5,1235538,0,1380545,886015.0
MNQ,MNQH24,D1,2024-02-01,1706745600,17282.5,17645.5,17262.75,17593.5,1117956,0,1260673,905306.0
MNQ,MNQH24,D1,2024-02-02,1706832000,17593.25,17775.5,17465.75,17686.0,1197061,0,1326688,928955.0
MNQ,MNQH24,D1,2024-02-04,1707004800,17694.5,17723.5,17691.5,17707.5,11416,0,12880,902045.0
MNQ,MNQH24,D1,2024-02-05,1707091200,17708.0,17745.0,17553.75,17696.25,935402,0,1051725,936781.0
MNQ,MNQH24,D1,2024-02-06,1707177600,17696.0,17768.25,17560.75,17652.0,1072588,0,1224730,942087.0
MNQ,MNQH24,D1,2024-02-07,1707264000,17652.0,17876.0,17629.5,17842.25,990158,0,1138769,941526.0
MNQ,MNQH24,D1,2024-02-08,1707350400,17842.5,17896.5,17791.5,17867.5,779090,0,893579,939135.0
MNQ,MNQH24,D1,2024-02-09,1707436800,17867.5,18071.0,17852.0,18037.75,758182,0,882093,932118.0
MNQ,MNQH24,D1,2024-02-11,1707609600,18040.5,18042.5,18003.25,18035.0,11679,25,13845,932195.0
MNQ,MNQH24,D1,2024-02-12,1707696000,18034.75,18121.5,17911.0,17938.0,820721,0,954348,934845.0
MNQ,MNQH24,D1,2024-02-13,1707782400,17938.0,17963.5,17546.25,17690.25,1292025,0,1477862,949997.0
MNQ,MNQH24,D1,2024-02-14,1707868800,17689.75,17887.0,17669.25,17878.75,1118743,0,1281664,959814.0
MNQ,MNQH24,D1,2024-02-15,1707955200,17879.0,17968.5,17780.25,17952.5,1066208,0,1222534,954854.0
MNQ,MNQH24,D1,2024-02-16,1708041600,17952.0,18026.25,17713.75,17721.25,1183860,0,1363318,962698.0
MNQ,MNQH24,D1,2024-02-18,1708214400,17732.5,17793.0,17728.75,17778.0,12872,25,15175,962937.0
MNQ,MNQH24,D1,2024-02-19,1708300800,17778.0,17807.25,17738.5,17748.0,213020,0,245982,963010.0
MNQ,MNQH24,D1,2024-02-20,1708387200,17748.0,17752.75,17452.5,17569.25,1286577,0,1476582,967498.0
MNQ,MNQH24,D1,2024-02-21,1708473600,17569.25,17715.5,17373.0,17704.5,1216707,0,1396972,972817.0
MNQ,MNQH24,D1,2024-02-22,1708560000,17704.25,18087.0,17702.5,18041.25,1163990,0,1304263,970051.0
MNQ,MNQH24,D1,2024-02-23,1708646400,18041.0,18145.0,17946.0,17961.0,1094624,0,1260445,969907.0
MNQ,MNQH24,D1,2024-02-25,1708819200,17962.75,17988.5,17941.25,17982.25,11351,25,13481,969696.0
MNQ,MNQH24,D1,2024-02-26,1708905600,17982.5,18059.75,17922.0,17962.5,930641,0,1066174,966846.0
MNQ,MNQH24,D1,2024-02-27,1708992000,17963.0,18040.5,17908.5,18005.0,965193,0,1109838,971617.0
MNQ,MNQH24,D1,2024-02-28,1709078400,18004.75,18017.25,17846.25,17870.0,972011,0,1152212,967432.0
MNQ,MNQH24,D1,2024-02-29,1709164800,17869.75,18109.0,17826.25,18059.75,1124802,0,1273731,966227.0
MNQ,MNQH24,D1,2024-03-01,1709251200,18060.0,18372.5,18030.25,18321.5,1079231,0,1235121,968496.0
MNQ,MNQH24,D1,2024-03-03,1709424000,18335.25,18365.75,18327.75,18344.25,18591,0,23173,968692.0
MNQ,MNQH24,D1,2024-03-04,1709510400,18344.0,18378.25,18217.5,18223.5,777263,0,901779,965538.0
MNQ,MNQH24,D1,2024-03-05,1709596800,18223.0,18238.5,17832.5,17961.5,1222946,0,1398407,978620.0
MNQ,MNQH24,D1,2024-03-06,1709683200,17961.75,18174.25,17942.5,18019.0,1353944,0,1547754,984193.0
MNQ,MNQH24,D1,2024-03-07,1709769600,18018.75,18360.0,17915.5,18267.25,1225084,0,1389151,988476.0
MNQ,MNQH24,D1,2024-03-08,1709856000,18267.25,18436.25,18012.25,18055.25,1659195,0,1792152,1003991.0
MNQ,MNQH24,D1,2024-03-10,1710028800,17998.25,18045.0,17974.75,18042.75,32286,0,34357,1004707.0
MNQ,MNQH24,D1,2024-03-11,1710115200,18042.25,18055.5,17890.0,18048.25,637314,0,685102,992486.0
MNQ,MNQH24,D1,2024-03-12,1710201600,18047.75,18242.0,17929.75,18230.5,450815,0,490944,968027.0
MNQ,MNQH24,D1,2024-03-13,1710288000,18230.5,18257.0,17915.25,18122.0,256432,0,482488,946151.0
MNQ,MNQH24,D1,2024-03-14,1710374400,18122.75,18178.25,17856.0,17990.0,186560,0,232021,924099.0
MNQ,MNQH24,D1,2024-03-15,1710460800,17990.25,18075.0,17856.0,17883.0,25071,0,27591,895616.0
MNQ,MNQM24,D1,2024-03-17,1710633600,18072.75,18103.5,18062.25,18079.0,23909,0,27540,224783.0
MNQ,MNQM24,D1,2024-03-18,1710720000,18079.0,18380.75,18063.75,18191.5,1259043,0,1435529,272544.0
MNQ,MNQM24,D1,2024-03-19,1710806400,18192.25,18289.5,18053.25,18268.5,1226603,0,1395903,318912.0
MNQ,MNQM24,D1,2024-03-20,1710892800,18268.5,18589.25,18227.5,18578.5,1177871,0,1346577,363663.0
MNQ,MNQM24,D1,2024-03-21,1710979200,18578.0,18708.5,18552.25,18588.75,1220113,0,1403459,410339.0
MNQ,MNQM24,D1,2024-03-22,1711065600,18588.25,18626.0,18492.75,18564.0,1030509,0,1191055,449896.0
MNQ,MNQM24,D1,2024-03-24,1711238400,18566.0,18588.5,18552.5,18586.0,20634,25,23693,450682.0
MNQ,MNQM24,D1,2024-03-25,1711324800,18586.0,18601.25,18415.0,18540.5,912928,0,1064415,486140.0
MNQ,MNQM24,D1,2024-03-26,1711411200,18540.75,18618.75,18439.25,18489.0,938596,0,1074159,521768.0
MNQ,MNQM24,D1,2024-03-27,1711497600,18489.5,18572.25,18378.5,18480.75,1077669,0,1236007,562792.0
MNQ,MNQM24,D1,2024-03-28,1711584000,18480.75,18539.25,18447.25,18465.25,880896,0,1009563,596186.0
MNQ,MNQM24,D1,2024-03-31,1711843200,18500.0,18611.75,18496.0,18608.75,36900,0,43904,597438.0
MNQ,MNQM24,D1,2024-04-01,1711929600,18609.0,18611.25,18414.5,18470.5,1030358,0,1191002,637133.0
MNQ,MNQM24,D1,2024-04-02,1712016000,18470.0,18514.0,18201.0,18328.5,1009384,0,1189564,676663.0
MNQ,MNQM24,D1,2024-04-03,1712102400,18328.5,18485.25,18232.75,18446.25,1129095,0,1293330,719606.0
MNQ,MNQM24,D1,2024-04-04,1712188800,18447.0,18568.25,18055.0,18091.5,1282572,0,1467595,768083.0
MNQ,MNQM24,D1,2024-04-05,1712275200,18091.5,18407.75,18043.5,18310.5,1518595,0,1727617,824978.0
MNQ,MNQM24,D1,2024-04-07,1712448000,18347.25,18373.5,18305.0,18319.25,25683,0,29436,825152.0
MNQ,MNQM24,D1,2024-04-08,1712534400,18319.5,18377.5,18237.75,18301.75,1151102,0,1317562,869061.0
MNQ,MNQM24,D1,2024-04-09,1712620800,18301.5,18407.5,18160.25,18368.75,1411082,0,1614835,922274.0
MNQ,MNQM24,D1,2024-04-10,1712707200,18368.75,18470.0,18054.0,18160.0,1539732,0,1729177,978552.0
MNQ,MNQM24,D1,2024-04-11,1712793600,18160.25,18519.25,18085.0,18490.25,1353136,0,1551846,1028238.0
MNQ,MNQM24,D1,2024-04-12,1712880000,18490.25,18507.75,18120.0,18171.5,1401370,0,1583047,1079254.0
MNQ,MNQM24,D1,2024-04-14,1713052800,18154.0,18255.0,18154.0,18238.0,50470,0,57988,1073499.0
MNQ,MNQM24,D1,2024-04-15,1713139200,18237.75,18351.0,17841.5,17872.0,1483805,0,1626848,1126974.0
MNQ,MNQM24,D1,2024-04-16,1713225600,17872.5,17988.0,17791.25,17935.75,1545997,0,1688876,1155938.0
MNQ,MNQM24,D1,2024-04-17,1713312000,17935.75,17968.25,17616.0,17687.0,1609127,0,1767533,1174788.0
MNQ,MNQM24,D1,2024-04-18,1713398400,17687.0,17771.0,17474.0,17489.5,1474013,0,1616676,1186612.0
MNQ,MNQM24,D1,2024-04-19,1713484800,17489.5,17552.5,17113.75,17180.0,1876695,0,2047560,1205872.0
MNQ,MNQM24,D1,2024-04-21,1713657600,17237.5,17273.0,17236.75,17270.0,20385,0,23122,1159181.0
MNQ,MNQM24,D1,2024-04-22,1713744000,17270.0,17448.0,17148.75,17322.75,1296277,0,1423620,1205717.0
MNQ,MNQM24,D1,2024-04-23,1713830400,17323.0,17717.5,17292.0,17699.5,1166532,0,1288016,1200800.0
MNQ,MNQM24,D1,2024-04-24,1713916800,17699.5,17795.75,17437.25,17464.0,1426680,0,1576772,1206828.0
MNQ,MNQM24,D1,2024-04-25,1714003200,17464.5,17827.75,17308.0,17759.75,1561387,0,1731552,1219661.0
MNQ,MNQM24,D1,2024-04-26,1714089600,17759.5,17901.25,17668.25,17837.0,1228613,0,1357548,1218131.0
MNQ,MNQM24,D1,2024-04-28,1714262400,17876.25,17890.0,17852.5,17886.5,17483,25,19944,1179094.0
MNQ,MNQM24,D1,2024-04-29,1714348800,17886.5,17949.0,17791.25,17909.5,1009908,0,1130801,1215997.0
MNQ,MNQM24,D1,2024-04-30,1714435200,17908.75,17921.0,17453.75,17508.5,1272955,0,1432568,1228269.0
MNQ,MNQM24,D1,2024-05-01,1714521600,17508.5,17791.75,17399.0,17530.5,1449418,0,1607755,1246055.0
MNQ,MNQM24,D1,2024-05-02,1714608000,17529.75,17808.0,17386.0,17753.75,1323856,0,1479129,1254160.0
MNQ,MNQM24,D1,2024-05-03,1714694400,17754.25,18050.0,17719.0,18027.75,1026930,0,1136062,1258376.0
MNQ,MNQM24,D1,2024-05-05,1714867200,18046.5,18063.25,18000.5,18004.5,16717,25,19629,1257567.0
MNQ,MNQM24,D1,2024-05-06,1714953600,18005.0,18201.75,17983.75,18184.0,756151,0,877302,1247110.0
MNQ,MNQM24,D1,2024-05-07,1715040000,18184.0,18267.75,18150.75,18204.5,838275,0,961252,1239500.0
MNQ,MNQM24,D1,2024-05-08,1715126400,18204.75,18242.25,18072.5,18163.0,840222,0,969716,1228713.0
MNQ,MNQM24,D1,2024-05-09,1715212800,18162.5,18245.5,18104.25,18231.5,850325,0,988604,1212746.0
MNQ,MNQM24,D1,2024-05-10,1715299200,18232.0,18348.0,18188.25,18239.75,865645,0,1007969,1188758.0
MNQ,MNQM24,D1,2024-05-12,1715472000,18239.0,18254.75,18229.0,18245.75,9328,0,10918,1188141.0
MNQ,MNQM24,D1,2024-05-13,1715558400,18245.75,18336.75,18234.75,18284.25,720294,0,831266,1171931.0
MNQ,MNQM24,D1,2024-05-14,1715644800,18284.0,18433.75,18167.5,18417.25,959866,0,1096201,1154643.0
MNQ,MNQM24,D1,2024-05-15,1715731200,18417.0,18728.0,18392.75,18722.5,1000914,0,1147703,1135261.0
MNQ,MNQM24,D1,2024-05-16,1715817600,18721.75,18760.75,18633.0,18651.5,874619,0,1023057,1117634.0
MNQ,MNQM24,D1,2024-05-17,1715904000,18651.75,18686.5,18545.0,18634.0,773063,0,904111,1095003.0
MNQ,MNQM24,D1,2024-05-19,1716076800,18633.75,18671.25,18631.5,18668.0,10335,25,12419,1093484.0
MNQ,MNQM24,D1,2024-05-20,1716163200,18667.75,18794.5,18635.25,18752.0,684856,0,809079,1066225.0
MNQ,MNQM24,D1,2024-05-21,1716249600,18752.25,18815.75,18678.0,18813.75,653852,0,797113,1036500.0
MNQ,MNQM24,D1,2024-05-22,1716336000,18813.5,18892.0,18684.0,18875.0,851503,0,1013170,1011354.0
MNQ,MNQM24,D1,2024-05-23,1716422400,18874.75,19022.5,18621.5,18701.25,1312138,0,1542986,1008898.0
MNQ,MNQM24,D1,2024-05-24,1716508800,18700.25,18926.0,18683.0,18871.75,817254,0,985827,973507.0
MNQ,MNQM24,D1,2024-05-26,1716681600,18874.75,18886.75,18836.25,18836.5,12969,25,15396,973250.0
MNQ,MNQM24,D1,2024-05-27,1716768000,18837.0,18957.25,18834.0,18908.25,144730,0,169379,931441.0
MNQ,MNQM24,D1,2024-05-28,1716854400,18907.5,18980.5,18819.5,18930.0,904649,0,1065642,924029.0
MNQ,MNQM24,D1,2024-05-29,1716940800,18929.5,18934.75,18704.0,18723.5,972314,0,1126107,909007.0
MNQ,MNQM24,D1,2024-05-30,1717027200,18723.25,18787.0,18548.0,18558.25,1054821,0,1233108,892392.0
MNQ,MNQM24,D1,2024-05-31,1717113600,18558.75,18668.0,18241.25,18571.75,1364005,0,1598937,900438.0
MNQ,MNQM24,D1,2024-06-02,1717286400,18589.25,18599.0,18539.0,18592.0,25488,0,30389,900786.0
MNQ,MNQM24,D1,2024-06-03,1717372800,18592.0,18755.5,18436.0,18650.0,1243729,0,1408010,910027.0
MNQ,MNQM24,D1,2024-06-04,1717459200,18650.25,18753.25,18511.25,18737.5,1194870,0,1364651,907763.0
MNQ,MNQM24,D1,2024-06-05,1717545600,18737.5,19108.25,18703.0,19091.0,978182,0,1125839,891699.0
MNQ,MNQM24,D1,2024-06-06,1717632000,19091.0,19124.25,19017.75,19075.25,945528,0,1099998,879061.0
MNQ,MNQM24,D1,2024-06-07,1717718400,19075.5,19155.25,18940.0,19031.0,1084225,0,1234177,882332.0
MNQ,MNQM24,D1,2024-06-09,1717891200,19026.25,19060.0,19008.75,19027.25,17710,0,21545,882396.0
MNQ,MNQM24,D1,2024-06-10,1717977600,19027.25,19129.75,18973.25,19084.75,953040,0,1079259,889128.0
MNQ,MNQM24,D1,2024-06-11,1718064000,19084.5,19269.75,18994.75,19257.0,919147,0,1056892,892316.0
MNQ,MNQM24,D1,2024-06-12,1718150400,19257.0,19612.0,19238.0,19600.25,1101083,0,1242259,901400.0
MNQ,MNQM24,D1,2024-06-13,1718236800,19599.5,19690.0,19500.0,19618.5,1095932,0,1255601,910300.0
MNQ,MNQM24,D1,2024-06-14,1718323200,19618.75,19700.0,19501.5,19696.25,1008209,0,1252559,918453.0
MNQ,MNQM24,D1,2024-06-16,1718496000,19696.0,19725.5,19670.0,19712.0,12043,25,14082,918559.0
MNQ,MNQM24,D1,2024-06-17,1718582400,19712.25,20001.0,19640.25,19932.75,445374,0,485232,907024.0
MNQ,MNQM24,D1,2024-06-18,1718668800,19933.0,19995.0,19851.75,19945.75,229430,0,248765,878776.0
MNQ,MNQM24,D1,2024-06-19,1718755200,19946.0,19976.5,19931.5,19959.75,34574,0,38579,841806.0
MNQ,MNQM24,D1,2024-06-20,1718841600,19959.75,20095.25,19693.75,19802.0,152029,0,171853,813432.0
MNQ,MNQM24,D1,2024-06-21,1718928000,19801.5,19821.25,19685.75,19770.0,12511,25,16605,783849.0
MNQ,MNQU24,D1,2024-06-23,1719100800,20014.25,20030.0,20002.5,20008.5,13545,25,16337,167068.0
MNQ,MNQU24,D1,2024-06-24,1719187200,20008.75,20030.0,19728.0,19771.75,1253851,0,1434319,214781.0
MNQ,MNQU24,D1,2024-06-25,1719273600,19771.5,19988.75,19725.25,19965.75,1048174,0,1215609,255218.0
MNQ,MNQU24,D1,2024-06-26,1719360000,19966.75,20070.5,19901.0,19918.5,1086020,0,1299179,298366.0
MNQ,MNQU24,D1,2024-06-27,1719446400,19919.0,20116.5,19873.5,20096.0,1113018,0,1302612,341482.0
MNQ,MNQU24,D1,2024-06-28,1719532800,20096.5,20273.25,19906.0,19967.0,1341078,0,1536244,392521.0
MNQ,MNQU24,D1,2024-06-30,1719705600,19971.25,19985.0,19934.25,19946.25,28526,25,34613,393670.0
MNQ,MNQU24,D1,2024-07-01,1719792000,19947.0,20074.0,19811.5,20019.0,1215887,0,1425449,441146.0
MNQ,MNQU24,D1,2024-07-02,1719878400,20019.5,20259.5,19909.75,20238.0,1167536,0,1383899,487137.0
MNQ,MNQU24,D1,2024-07-03,1719964800,20237.75,20435.5,20205.0,20402.25,720385,0,861041,515503.0
MNQ,MNQU24,D1,2024-07-04,1720051200,20402.25,20417.5,20361.0,20390.5,106061,0,131267,519576.0
MNQ,MNQU24,D1,2024-07-05,1720137600,20390.75,20639.75,20380.75,20590.25,937541,0,1106570,556131.0
MNQ,MNQU24,D1,2024-07-07,1720310400,20591.0,20618.25,20581.25,20590.5,17107,0,21209,556816.0
MNQ,MNQU24,D1,2024-07-08,1720396800,20590.5,20740.0,20579.25,20738.75,891955,0,1071122,592196.0
MNQ,MNQU24,D1,2024-07-09,1720483200,20738.75,20771.75,20616.0,20697.5,1004199,0,1214497,631831.0
MNQ,MNQU24,D1,2024-07-10,1720569600,20697.25,20917.5,20696.0,20881.25,892875,0,1065360,666446.0
MNQ,MNQU24,D1,2024-07-11,1720656000,20881.25,20983.5,20376.25,20415.0,1580370,0,1807680,726376.0
MNQ,MNQU24,D1,2024-07-12,1720742400,20414.0,20741.0,20332.25,20539.75,1221020,0,1386002,771380.0
MNQ,MNQU24,D1,2024-07-14,1720915200,20578.75,20592.25,20506.25,20560.0,29427,25,34322,772507.0
MNQ,MNQU24,D1,2024-07-15,1721001600,20560.0,20796.5,20506.25,20632.25,1268404,0,1450695,820114.0
MNQ,MNQU24,D1,2024-07-16,1721088000,20632.0,20684.0,20464.0,20565.5,1270061,0,1429050,866803.0
MNQ,MNQU24,D1,2024-07-17,1721174400,20565.5,20579.25,19965.75,20058.5,1596095,0,1785985,924156.0
MNQ,MNQU24,D1,2024-07-18,1721260800,20057.5,20162.75,19758.75,19945.75,1788846,0,1992392,987948.0
MNQ,MNQU24,D1,2024-07-19,1721347200,19945.75,19979.5,19654.0,19701.5,1612574,0,1781873,1042238.0
MNQ,MNQU24,D1,2024-07-21,1721520000,19749.75,19841.25,19727.0,19816.75,42805,0,48317,1043493.0
MNQ,MNQU24,D1,2024-07-22,1721606400,19816.75,20044.25,19718.75,19954.5,1472981,0,1666373,1071824.0
MNQ,MNQU24,D1,2024-07-23,1721692800,19955.0,20085.0,19786.0,19792.5,1422026,0,1582827,1096074.0
MNQ,MNQU24,D1,2024-07-24,1721779200,19793.0,19838.0,19166.5,19271.25,1597118,0,1793219,1150877.0
MNQ,MNQU24,D1,2024-07-25,1721865600,19271.0,19390.5,18883.5,19023.5,2223637,0,2462489,1184435.0
MNQ,MNQU24,D1,2024-07-26,1721952000,19023.5,19299.0,19018.25,19175.75,1621048,0,1795493,1204535.0
MNQ,MNQU24,D1,2024-07-28,1722124800,19172.75,19253.75,19168.0,19241.5,26585,0,29997,1204990.0
MNQ,MNQU24,D1,2024-07-29,1722211200,19242.0,19377.25,19113.0,19133.75,1570346,0,1725704,1214703.0
MNQ,MNQU24,D1,2024-07-30,1722297600,19133.0,19319.25,18726.75,19060.75,1806112,0,2014949,1241348.0
MNQ,MNQU24,D1,2024-07-31,1722384000,19060.5,19686.75,19014.25,19674.25,1680776,0,1841302,1259418.0
MNQ,MNQU24,D1,2024-08-01,1722470400,19674.5,19716.75,18841.25,18913.5,2108400,0,2303927,1292796.0
MNQ,MNQU24,D1,2024-08-02,1722556800,18914.0,18934.25,18385.75,18509.75,2169424,0,2332868,1319350.0
MNQ,MNQU24,D1,2024-08-04,1722729600,18391.75,18394.0,18214.25,18264.5,94610,0,105869,1321725.0
MNQ,MNQU24,D1,2024-08-05,1722816000,18263.25,18297.0,17346.0,18296.0,2984437,0,3357789,1386136.0
MNQ,MNQU24,D1,2024-08-06,1722902400,18296.0,18483.0,17961.25,18057.0,1937575,0,2077456,1409255.0
MNQ,MNQU24,D1,2024-08-07,1722988800,18056.75,18558.5,17745.0,17845.0,1990200,0,2156638,1452441.0
MNQ,MNQU24,D1,2024-08-08,1723075200,17846.5,18617.25,17825.25,18601.25,1666621,0,1810724,1508423.0
MNQ,MNQU24,D1,2024-08-09,1723161600,18602.25,18674.75,18383.0,18602.75,1441365,0,1563886,1523667.0
MNQ,MNQU24,D1,2024-08-11,1723334400,18591.75,18658.5,18514.5,18627.5,55150,0,61402,1525007.0
MNQ,MNQU24,D1,2024-08-12,1723420800,18628.0,18765.5,18524.0,18655.25,1315306,0,1434677,1537125.0
MNQ,MNQU24,D1,2024-08-13,1723507200,18655.75,19124.75,18636.75,19116.75,1091784,0,1204447,1536790.0
MNQ,MNQU24,D1,2024-08-14,1723593600,19117.0,19203.75,18925.5,19107.0,1251581,0,1402370,1548024.0
MNQ,MNQU24,D1,2024-08-15,1723680000,19106.75,19640.75,19104.5,19614.0,1071780,0,1198661,1527723.0
MNQ,MNQU24,D1,2024-08-16,1723766400,19614.0,19683.0,19445.25,19604.5,991829,0,1106832,1518418.0
MNQ,MNQU24,D1,2024-08-18,1723939200,19628.25,19674.25,19613.75,19648.5,32052,0,35976,1518473.0
MNQ,MNQU24,D1,2024-08-19,1724025600,19648.75,19880.5,19525.0,19861.0,964447,0,1082679,1506206.0
MNQ,MNQU24,D1,2024-08-20,1724112000,19860.75,19930.75,19743.0,19790.0,1010004,0,1144534,1496722.0
MNQ,MNQU24,D1,2024-08-21,1724198400,19790.0,19982.0,19771.25,19936.5,1108432,0,1253636,1478977.0
MNQ,MNQU24,D1,2024-08-22,1724284800,19936.25,20025.75,19542.0,19638.75,1349199,0,1526742,1463455.0
MNQ,MNQU24,D1,2024-08-23,1724371200,19638.75,19903.25,19592.0,19777.75,1245952,0,1371734,1449784.0
MNQ,MNQU24,D1,2024-08-25,1724544000,19788.0,19831.25,19716.25,19763.25,36370,0,41737,1449565.0
MNQ,MNQU24,D1,2024-08-26,1724630400,19763.5,19846.25,19506.5,19571.25,1116503,0,1239485,1435335.0
MNQ,MNQU24,D1,2024-08-27,1724716800,19571.25,19694.5,19441.75,19587.0,1057024,0,1166176,1421447.0
MNQ,MNQU24,D1,2024-08-28,1724803200,19587.75,19690.0,19139.0,19192.75,1275832,0,1430519,1409357.0
MNQ,MNQU24,D1,2024-08-29,1724889600,19193.25,19692.0,19191.0,19430.5,1509623,0,1653325,1382384.0
MNQ,MNQU24,D1,2024-08-30,1724976000,19430.75,19633.0,19370.0,19594.0,1188544,0,1301058,1365903.0
MNQ,MNQU24,D1,2024-09-01,1725148800,19600.0,19626.25,19569.0,19586.0,16086,25,18762,1365529.0
MNQ,MNQU24,D1,2024-09-02,1725235200,19586.5,19683.0,19511.5,19580.5,270663,0,305805,1318199.0
MNQ,MNQU24,D1,2024-09-03,1725321600,19580.75,19644.75,18911.0,18957.5,1356960,0,1497841,1300962.0
MNQ,MNQU24,D1,2024-09-04,1725408000,18958.0,19115.0,18824.25,18932.75,1372463,0,1490936,1289283.0
MNQ,MNQU24,D1,2024-09-05,1725494400,18931.25,19150.25,18828.0,18911.5,1352266,0,1473638,1261607.0
MNQ,MNQU24,D1,2024-09-06,1725580800,18911.75,18972.5,18337.25,18377.5,1606532,0,1755453,1242360.0
MNQ,MNQU24,D1,2024-09-08,1725753600,18399.5,18462.25,18386.75,18447.25,41519,25,46617,1240384.0
MNQ,MNQU24,D1,2024-09-09,1725840000,18446.75,18742.0,18441.5,18713.0,1237805,0,1365450,1173973.0
MNQ,MNQU24,D1,2024-09-10,1725926400,18712.75,18876.75,18582.5,18837.5,1325890,0,1449401,1153038.0
MNQ,MNQU24,D1,2024-09-11,1726012800,18837.75,19293.5,18547.75,19244.25,1641044,0,1792529,1140901.0
MNQ,MNQU24,D1,2024-09-12,1726099200,19244.5,19483.25,19185.25,19453.0,1381904,0,1502950,1130642.0
MNQ,MNQU24,D1,2024-09-13,1726185600,19453.25,19577.0,19396.0,19504.0,949212,0,1031969,1112911.0
MNQ,MNQU24,D1,2024-09-15,1726358400,19498.25,19546.75,19478.5,19538.5,19808,0,21786,1111591.0
MNQ,MNQU24,D1,2024-09-16,1726444800,19539.0,19544.0,19299.0,19442.75,559930,0,608899,1084065.0
MNQ,MNQU24,D1,2024-09-17,1726531200,19441.5,19615.5,19341.25,19469.0,315743,0,350246,1055592.0
MNQ,MNQU24,D1,2024-09-18,1726617600,19470.0,19663.75,19330.25,19531.5,240157,0,265156,1017684.0
MNQ,MNQU24,D1,2024-09-19,1726704000,19530.75,19967.0,19445.25,19815.0,149113,0,161950,983127.0
MNQ,MNQU24,D1,2024-09-20,1726790400,19811.5,19839.75,19746.75,19820.5,12448,0,14700,946723.0
MNQ,MNQZ24,D1,2024-09-22,1726963200,20039.0,20066.5,19996.25,20062.25,21578,25,24762,206385.0
MNQ,MNQZ24,D1,2024-09-23,1727049600,20063.0,20164.0,19955.0,20068.5,989230,0,1085822,242377.0
MNQ,MNQZ24,D1,2024-09-24,1727136000,20068.5,20214.75,19952.0,20180.75,1036514,0,1144868,280351.0
MNQ,MNQZ24,D1,2024-09-25,1727222400,20181.25,20284.25,20063.75,20277.75,942341,0,1044873,314844.0
MNQ,MNQZ24,D1,2024-09-26,1727308800,20277.25,20537.75,20188.0,20343.75,1188402,0,1307067,358109.0
MNQ,MNQZ24,D1,2024-09-27,1727395200,20344.0,20396.0,20173.0,20192.0,1083316,0,1202685,397956.0
MNQ,MNQZ24,D1,2024-09-29,1727568000,20198.25,20282.0,20157.5,20273.0,29369,0,33661,399058.0
MNQ,MNQZ24,D1,2024-09-30,1727654400,20273.75,20286.75,20057.5,20248.0,1179546,0,1297449,442025.0
MNQ,MNQZ24,D1,2024-10-01,1727740800,20247.0,20331.5,19818.0,19933.0,1500686,0,1637454,496391.0
MNQ,MNQZ24,D1,2024-10-02,1727827200,19933.0,20089.5,19833.5,20055.25,1221606,0,1345417,540967.0
MNQ,MNQZ24,D1,2024-10-03,1727913600,20055.5,20115.0,19851.0,19983.5,1307515,0,1420078,587790.0
MNQ,MNQZ24,D1,2024-10-04,1728000000,19983.0,20263.0,19948.25,20203.75,1316525,0,1440567,635593.0
MNQ,MNQZ24,D1,2024-10-06,1728172800,20219.0,20268.0,20216.0,20230.75,28637,25,32422,636666.0
MNQ,MNQZ24,D1,2024-10-07,1728259200,20230.25,20264.75,19902.5,19986.25,1155952,0,1256680,678475.0
MNQ,MNQZ24,D1,2024-10-08,1728345600,19986.75,20329.5,19942.5,20273.5,1032631,0,1130243,715666.0
MNQ,MNQZ24,D1,2024-10-09,1728432000,20274.0,20482.25,20195.5,20451.0,979171,0,1076030,750446.0
MNQ,MNQZ24,D1,2024-10-10,1728518400,20451.25,20508.0,20301.25,20452.25,1015080,0,1109583,786191.0
MNQ,MNQZ24,D1,2024-10-11,1728604800,20452.5,20494.5,20313.25,20412.25,885873,0,976442,817307.0
MNQ,MNQZ24,D1,2024-10-13,1728777600,20428.0,20450.5,20406.25,20427.0,19398,0,22248,817958.0
MNQ,MNQZ24,D1,2024-10-14,1728864000,20426.75,20680.0,20382.5,20632.75,770394,0,862297,845045.0
MNQ,MNQZ24,D1,2024-10-15,1728950400,20633.5,20659.25,20254.0,20353.5,1120669,0,1228859,884156.0
MNQ,MNQZ24,D1,2024-10-16,1729036800,20353.25,20397.5,20205.25,20313.25,972106,0,1069637,916836.0
MNQ,MNQZ24,D1,2024-10-17,1729123200,20312.5,20594.5,20276.75,20405.75,1212409,0,1333681,958270.0
MNQ,MNQZ24,D1,2024-10-18,1729209600,20406.25,20532.0,20321.0,20484.25,890972,0,979584,987429.0
MNQ,MNQZ24,D1,2024-10-20,1729382400,20495.75,20526.0,20494.0,20514.25,16537,0,18707,987673.0
MNQ,MNQZ24,D1,2024-10-21,1729468800,20514.75,20554.25,20342.5,20515.75,991747,0,1102136,1002452.0
MNQ,MNQZ24,D1,2024-10-22,1729555200,20516.25,20602.0,20360.25,20529.5,1057327,0,1164771,1005951.0
MNQ,MNQZ24,D1,2024-10-23,1729641600,20530.75,20542.5,20079.0,20290.0,1250592,0,1384469,1007650.0
MNQ,MNQZ24,D1,2024-10-24,1729728000,20289.75,20428.0,20260.5,20382.0,1050325,0,1157098,1003412.0
MNQ,MNQZ24,D1,2024-10-25,1729814400,20382.25,20707.5,20364.75,20477.25,1167273,0,1293857,1006115.0
MNQ,MNQZ24,D1,2024-10-27,1729987200,20524.0,20622.75,20522.0,20598.5,32288,0,37742,1006548.0
MNQ,MNQZ24,D1,2024-10-28,1730073600,20598.25,20676.75,20486.0,20507.75,989972,0,1085694,1006543.0
MNQ,MNQZ24,D1,2024-10-29,1730160000,20508.0,20763.5,20432.0,20748.5,1080777,0,1195746,1008239.0
MNQ,MNQZ24,D1,2024-10-30,1730246400,20748.5,20789.75,20422.25,20425.25,1145848,0,1260849,1015438.0
MNQ,MNQZ24,D1,2024-10-31,1730332800,20425.0,20463.5,20007.75,20075.0,1372319,0,1515127,1022374.0
MNQ,MNQZ24,D1,2024-11-01,1730419200,20074.25,20287.25,20017.75,20169.5,1215807,0,1332592,1026704.0
MNQ,MNQZ24,D1,2024-11-03,1730592000,20125.0,20158.0,20066.25,20135.75,26880,25,29981,1026581.0
MNQ,MNQZ24,D1,2024-11-04,1730678400,20135.0,20249.0,20013.25,20086.75,1043994,0,1150207,1021673.0
MNQ,MNQZ24,D1,2024-11-05,1730764800,20086.75,20386.0,20041.75,20344.0,979381,0,1077022,1002992.0
MNQ,MNQZ24,D1,2024-11-06,1730851200,20342.75,20935.75,20323.5,20891.25,1395182,0,1532521,1009229.0
MNQ,MNQZ24,D1,2024-11-07,1730937600,20892.0,21253.5,20860.75,21226.75,942546,0,1036374,996439.0
MNQ,MNQZ24,D1,2024-11-08,1731024000,21226.75,21266.5,21121.5,21227.25,869559,0,959803,980413.0
MNQ,MNQZ24,D1,2024-11-10,1731196800,21242.0,21311.5,21242.0,21306.75,18700,25,22109,980070.0
MNQ,MNQZ24,D1,2024-11-11,1731283200,21306.5,21340.5,21098.25,21214.75,944027,0,1044131,972985.0
MNQ,MNQZ24,D1,2024-11-12,1731369600,21214.5,21252.25,21054.75,21161.75,1072500,0,1189723,974967.0
MNQ,MNQZ24,D1,2024-11-13,1731456000,21161.75,21268.75,21057.5,21166.5,1161369,0,1292716,982190.0
MNQ,MNQZ24,D1,2024-11-14,1731542400,21166.75,21191.25,20937.0,20950.0,1215015,0,1330737,989562.0
MNQ,MNQZ24,D1,2024-11-15,1731628800,20951.0,20956.5,20405.25,20503.75,1336438,0,1486085,1006550.0
MNQ,MNQZ24,D1,2024-11-17,1731801600,20504.75,20568.75,20476.25,20567.25,21376,25,25349,1006653.0
MNQ,MNQZ24,D1,2024-11-18,1731888000,20567.25,20724.5,20481.75,20622.75,1100389,0,1226743,1018802.0
MNQ,MNQZ24,D1,2024-11-19,1731974400,20623.25,20792.5,20382.0,20783.75,1142052,0,1271264,1020215.0
MNQ,MNQZ24,D1,2024-11-20,1732060800,20784.0,20843.5,20477.25,20754.0,1330174,0,1463706,1033351.0
MNQ,MNQZ24,D1,2024-11-21,1732147200,20754.25,20907.0,20514.0,20774.25,1588704,0,1733782,1046688.0
MNQ,MNQZ24,D1,2024-11-22,1732233600,20774.0,20880.5,20693.0,20878.5,1297422,0,1436325,1061912.0
MNQ,MNQZ24,D1,2024-11-24,1732406400,20909.0,20954.75,20908.0,20935.75,17015,0,20704,1061979.0
MNQ,MNQZ24,D1,2024-11-25,1732492800,20936.5,21081.25,20780.25,20834.25,1203161,0,1323379,1069354.0
MNQ,MNQZ24,D1,2024-11-26,1732579200,20834.75,21025.0,20755.25,20985.75,1139901,0,1262633,1072616.0
MNQ,MNQZ24,D1,2024-11-27,1732665600,20986.0,21019.25,20675.0,20823.25,1106306,0,1219606,1067120.0
MNQ,MNQZ24,D1,2024-11-28,1732752000,20823.5,20909.5,20823.0,20887.75,158097,0,179258,1034526.0
MNQ,MNQZ24,D1,2024-11-29,1732838400,20887.75,21018.0,20805.75,20991.5,613554,0,681248,1014105.0
MNQ,MNQZ24,D1,2024-12-01,1733011200,20994.5,21003.5,20952.75,20967.5,21477,0,23903,1013644.0
MNQ,MNQZ24,D1,2024-12-02,1733097600,20968.0,21259.5,20939.75,21214.75,984664,0,1094356,1013933.0
MNQ,MNQZ24,D1,2024-12-03,1733184000,21214.75,21336.25,21134.75,21333.25,911084,0,1013280,1007850.0
MNQ,MNQZ24,D1,2024-12-04,1733270400,21333.25,21550.0,21316.0,21510.0,871659,0,969881,998152.0
MNQ,MNQZ24,D1,2024-12-05,1733356800,21510.25,21567.75,21424.0,21455.25,846799,0,935227,978822.0
MNQ,MNQZ24,D1,2024-12-06,1733443200,21455.75,21669.5,21439.0,21634.0,899226,0,1001043,967770.0
MNQ,MNQZ24,D1,2024-12-08,1733616000,21644.5,21668.25,21626.5,21657.5,14562,25,16181,967310.0
MNQ,MNQZ24,D1,2024-12-09,1733702400,21657.25,21706.5,21437.0,21464.5,988445,0,1105297,965813.0
MNQ,MNQZ24,D1,2024-12-10,1733788800,21464.25,21606.75,21352.75,21428.0,1057467,0,1205921,970110.0
MNQ,MNQZ24,D1,2024-12-11,1733875200,21428.0,21819.75,21405.75,21756.5,971859,0,1090903,955389.0
MNQ,MNQZ24,D1,2024-12-12,1733961600,21756.75,21772.75,21602.25,21744.5,1036648,0,1153768,959302.0
MNQ,MNQZ24,D1,2024-12-13,1734048000,21744.75,21908.0,21666.75,21760.5,1150393,0,1287511,970226.0
MNQ,MNQZ24,D1,2024-12-15,1734220800,21785.25,21800.5,21762.25,21789.25,11280,25,12570,969908.0
MNQ,MNQZ24,D1,2024-12-16,1734307200,21789.75,22152.5,21783.25,22099.0,518425,0,579691,954426.0
MNQ,MNQZ24,D1,2024-12-17,1734393600,22099.5,22125.0,21901.0,21971.25,398625,0,446379,929648.0
MNQ,MNQZ24,D1,2024-12-18,1734480000,21970.25,22083.5,21032.25,21199.0,301075,0,335596,897744.0
MNQ,MNQZ24,D1,2024-12-19,1734566400,21203.0,21424.0,21077.5,21106.25,183708,0,202126,860124.0
MNQ,MNQZ24,D1,2024-12-20,1734652800,21106.25,21120.0,20745.75,20982.0,19376,0,21296,811298.0
MNQ,MNQH25,D1,2024-12-22,1734825600,21566.5,21683.25,21565.25,21656.25,0,0,29134,223864.0
MNQ,MNQH25,D1,2024-12-23,1734912000,21657.0,21777.0,21476.0,21737.25,0,0,1449589,272074.0
MNQ,MNQH25,D1,2024-12-24,1734998400,21737.25,22050.0,21708.5,22046.25,0,0,636261,293142.0
MNQ,MNQH25,D1,2024-12-25,1735084800,22050.0,22085.0,22046.5,22060.0,0,0,15394,293503.0
MNQ,MNQH25,D1,2024-12-26,1735171200,22059.25,22111.0,21870.5,22005.75,0,0,1051431,328347.0
MNQ,MNQH25,D1,2024-12-27,1735257600,22006.0,22008.75,21498.25,21720.25,0,0,1410844,375224.0
MNQ,MNQH25,D1,2024-12-29,1735430400,21710.75,21742.5,21669.75,21702.5,0,0,29266,376194.0
MNQ,MNQH25,D1,2024-12-30,1735516800,21701.75,21721.75,21252.75,21391.25,0,0,1378059,421970.0
MNQ,MNQH25,D1,2024-12-31,1735603200,21391.25,21524.75,21181.75,21235.0,0,0,1354050,466981.0
MNQ,MNQH25,D1,2025-01-01,1735689600,21273.25,21320.0,21243.75,21267.5,0,0,24545,467655.0
MNQ,MNQH25,D1,2025-01-02,1735776000,21267.5,21490.75,20983.25,21163.25,0,0,1971743,533351.0
MNQ,MNQH25,D1,2025-01-03,1735862400,21163.75,21559.25,21153.25,21490.25,0,0,1331923,577649.0
MNQ,MNQH25,D1,2025-01-05,1736035200,21532.0,21543.0,21502.0,21525.25,0,0,21797,578368.0
MNQ,MNQH25,D1,2025-01-06,1736121600,21525.75,21897.0,21478.75,21771.25,0,0,1493626,627989.0
MNQ,MNQH25,D1,2025-01-07,1736208000,21771.25,21806.25,21279.5,21393.0,0,0,1828907,688796.0
MNQ,MNQH25,D1,2025-01-08,1736294400,21392.25,21448.25,21166.0,21315.25,0,0,1843602,749893.0
MNQ,MNQH25,D1,2025-01-09,1736380800,21315.25,21347.0,21211.5,21238.0,0,0,292931,759440.0
MNQ,MNQH25,D1,2025-01-10,1736467200,21238.25,21372.5,20874.75,20996.25,0,0,2119763,829855.0
MNQ,MNQH25,D1,2025-01-12,1736640000,21027.5,21028.75,20942.75,21000.25,0,0,31658,830898.0
MNQ,MNQH25,D1,2025-01-13,1736726400,20999.5,21088.75,20693.5,21045.5,0,0,1904794,893930.0
MNQ,MNQH25,D1,2025-01-14,1736812800,21046.0,21143.75,20773.25,20948.0,0,0,1847329,955078.0
MNQ,MNQH25,D1,2025-01-15,1736899200,20948.0,21452.75,20908.75,21415.5,0,0,1498112,1004404.0
MNQ,MNQH25,D1,2025-01-16,1736985600,21415.0,21566.75,21171.75,21234.5,0,0,1643982,1058391.0
MNQ,MNQH25,D1,2025-01-17,1737072000,21234.5,21680.0,21226.75,21590.25,0,0,1489486,1106156.0
MNQ,MNQH25,D1,2025-01-19,1737244800,21601.0,21618.75,21527.25,21545.25,0,0,30640,1106936.0
MNQ,MNQH25,D1,2025-01-20,1737331200,21546.0,21780.0,21535.5,21732.0,0,0,601787,1109043.0
MNQ,MNQH25,D1,2025-01-21,1737417600,21732.5,21820.0,21370.25,21809.5,0,0,1490400,1127545.0
MNQ,MNQH25,D1,2025-01-22,1737504000,21809.75,22094.0,21804.25,21965.5,0,0,1184012,1122178.0
MNQ,MNQH25,D1,2025-01-23,1737590400,21965.5,22051.25,21855.5,22010.75,0,0,1170782,1108273.0
MNQ,MNQH25,D1,2025-01-24,1737676800,22011.25,22078.0,21843.25,21908.5,0,0,1264390,1081341.0
MNQ,MNQH25,D1,2025-01-26,1737849600,21773.75,21774.0,21632.25,21666.0,0,0,60142,1082375.0
MNQ,MNQH25,D1,2025-01-27,1737936000,21665.75,21673.25,20763.75,21327.5,0,0,2597740,1120647.0
MNQ,MNQH25,D1,2025-01-28,1738022400,21327.25,21626.0,21160.75,21545.5,0,0,1797397,1159351.0
MNQ,MNQH25,D1,2025-01-29,1738108800,21547.25,21697.25,21368.0,21538.5,0,0,1829669,1219827.0
MNQ,MNQH25,D1,2025-01-30,1738195200,21538.5,21748.75,21419.0,21698.5,0,0,1810096,1245116.0
MNQ,MNQH25,D1,2025-01-31,1738281600,21698.25,21965.75,21531.5,21571.25,0,0,1773042,1257189.0
MNQ,MNQH25,D1,2025-02-02,1738454400,21280.25,21280.25,20940.25,21114.25,96323,0,111164,1259919.0
MNQ,MNQH25,D1,2025-02-03,1738540800,21113.25,21600.0,20975.5,21572.5,2050601,0,2217192,1287890.0
MNQ,MNQH25,D1,2025-02-04,1738627200,21572.5,21694.75,21240.75,21567.25,1287526,0,1416150,1289960.0
MNQ,MNQH25,D1,2025-02-05,1738713600,21567.5,21795.5,21429.0,21773.75,1203076,0,1322881,1333238.0
MNQ,MNQH25,D1,2025-02-06,1738800000,21772.75,21882.0,21706.0,21854.0,1133612,0,1248132,1309118.0
MNQ,MNQH25,D1,2025-02-07,1738886400,21853.25,21967.75,21553.0,21575.5,1422301,0,1560985,1316753.0
MNQ,MNQH25,D1,2025-02-09,1739059200,21464.75,21656.5,21415.0,21644.25,40121,25,46927,1317591.0
MNQ,MNQH25,D1,2025-02-10,1739145600,21645.25,21893.75,21642.0,21796.25,902378,0,987638,1300724.0
MNQ,MNQH25,D1,2025-02-11,1739232000,21795.75,21871.25,21669.5,21811.0,1018319,0,1124811,1277254.0
MNQ,MNQH25,D1,2025-02-12,1739318400,21810.5,21898.75,21510.0,21887.5,1284396,0,1421429,1263182.0
MNQ,MNQH25,D1,2025-02-13,1739404800,21887.25,22123.75,21752.75,22085.5,1311640,0,1448975,1301717.0
MNQ,MNQH25,D1,2025-02-14,1739491200,22085.5,22224.0,22042.5,22203.0,1008462,0,1121149,1268430.0
MNQ,MNQH25,D1,2025-02-16,1739664000,22238.0,22240.0,22196.0,22211.5,18904,25,21625,1268095.0
MNQ,MNQH25,D1,2025-02-17,1739750400,22211.0,22281.75,22192.0,22220.0,272207,0,307828,1214863.0
MNQ,MNQH25,D1,2025-02-18,1739836800,22220.25,22320.0,22103.0,22249.75,1019246,0,1141679,1191341.0
MNQ,MNQH25,D1,2025-02-19,1739923200,22249.5,22299.75,22118.0,22217.75,1017810,0,1141087,1179441.0
MNQ,MNQH25,D1,2025-02-20,1740009600,22218.25,22229.5,21950.75,22161.5,1179168,0,1323548,1168759.0
MNQ,MNQH25,D1,2025-02-21,1740096000,22161.0,22245.75,21652.25,21659.5,1455417,0,1627721,1173367.0
MNQ,MNQH25,D1,2025-02-23,1740268800,21700.75,21775.0,21677.75,21758.0,34318,25,40293,1173689.0
MNQ,MNQH25,D1,2025-02-24,1740355200,21758.0,21813.0,21366.5,21385.75,1554185,0,1736920,1211527.0
MNQ,MNQH25,D1,2025-02-25,1740441600,21385.75,21452.0,20990.5,21225.5,1942403,0,2152072,1233583.0
MNQ,MNQH25,D1,2025-02-26,1740528000,21225.25,21409.75,21064.75,21213.0,1625898,0,1797532,1254033.0
MNQ,MNQH25,D1,2025-02-27,1740614400,21212.5,21386.5,20582.5,20674.0,2283951,0,2519885,1299003.0
MNQ,MNQH25,D1,2025-02-28,1740700800,20673.0,20944.25,20460.25,20910.0,2168205,0,2405748,1337049.0
MNQ,MNQH25,D1,2025-03-02,1740873600,21000.25,21036.0,20949.0,20969.25,41600,0,48223,1336651.0
MNQ,MNQH25,D1,2025-03-03,1740960000,20969.75,21120.75,20317.5,20515.75,2238196,0,2456474,1331942.0
MNQ,MNQH25,D1,2025-03-04,1741046400,20516.5,20733.0,20075.75,20578.0,2438009,0,2639208,1360003.0
MNQ,MNQH25,D1,2025-03-05,1741132800,20578.75,20725.5,20215.0,20603.75,2253710,0,2421706,1379737.0
MNQ,MNQH25,D1,2025-03-06,1741219200,20603.5,20648.5,20002.75,20186.0,2253468,0,2423857,1400196.0
MNQ,MNQH25,D1,2025-03-07,1741305600,20185.5,20286.75,19766.0,20207.0,2468959,0,2657425,1429675.0
MNQ,MNQH25,D1,2025-03-09,1741478400,20132.5,20136.5,19933.0,20027.0,87324,0,94471,1429119.0
MNQ,MNQH25,D1,2025-03-10,1741564800,20026.5,20156.0,19228.75,19304.25,2443843,0,2632561,1442965.0
MNQ,MNQH25,D1,2025-03-11,1741651200,19304.5,19687.5,19140.0,19477.25,2762416,0,2950561,1494112.0
MNQ,MNQH25,D1,2025-03-12,1741737600,19478.0,19788.75,19387.0,19684.25,2230820,0,2396184,1529888.0
MNQ,MNQH25,D1,2025-03-13,1741824000,19684.25,19693.75,19165.5,19358.75,2450221,0,2636311,1576161.0
MNQ,MNQH25,D1,2025-03-14,1741910400,19358.5,19742.75,19334.5,19666.75,1842255,0,2014762,1591287.0
MNQ,MNQH25,D1,2025-03-16,1742083200,19669.5,19687.5,19551.0,19583.75,50762,0,58502,1591673.0
MNQ,MNQH25,D1,2025-03-17,1742169600,19584.25,19959.25,19554.5,19820.25,904585,0,999278,1592061.0
MNQ,MNQH25,D1,2025-03-18,1742256000,19819.75,19828.75,19401.0,19504.0,604139,0,657574,1576486.0
MNQ,MNQH25,D1,2025-03-19,1742342400,19505.75,19935.75,19455.5,19824.0,367522,0,396445,1542320.0
MNQ,MNQH25,D1,2025-03-20,1742428800,19824.0,19898.5,19530.5,19684.75,235593,0,254922,1502518.0
MNQ,MNQH25,D1,2025-03-21,1742515200,19677.5,19728.75,19380.0,19458.0,18487,0,21937,1465878.0
MNQ,MNQM25,D1,2025-03-23,1742688000,20052.25,20114.5,20048.0,20108.0,45586,25,53446,263289.0
MNQ,MNQM25,D1,2025-03-24,1742774400,20108.25,20409.25,20096.25,20355.0,1167998,0,1286089,306111.0
MNQ,MNQM25,D1,2025-03-25,1742860800,20355.25,20534.25,20292.0,20522.25,1129911,0,1258867,347925.0
MNQ,MNQM25,D1,2025-03-26,1742947200,20522.75,20536.75,20003.0,20058.75,1476796,0,1647848,402724.0
MNQ,MNQM25,D1,2025-03-27,1743033600,20058.0,20199.0,19937.75,19965.0,1689309,0,1863396,464621.0
MNQ,MNQM25,D1,2025-03-28,1743120000,19965.5,20008.75,19360.75,19362.25,1717317,0,1905303,527877.0
MNQ,MNQM25,D1,2025-03-30,1743292800,19317.75,19365.0,19215.0,19257.75,72891,25,82902,530627.0
MNQ,MNQM25,D1,2025-03-31,1743379200,19256.5,19489.5,18976.75,19358.25,1954381,0,2138308,601641.0
MNQ,MNQM25,D1,2025-04-01,1743465600,19359.0,19693.25,19261.25,19644.0,2038745,0,2244773,676085.0
MNQ,MNQM25,D1,2025-04-02,1743552000,19643.75,20045.25,18817.5,18880.25,2321197,0,2575410,761647.0
MNQ,MNQM25,D1,2025-04-03,1743638400,18879.0,19176.75,18591.25,18654.0,2182143,0,2346503,839354.0
MNQ,MNQM25,D1,2025-04-04,1743724800,18654.25,18713.25,17387.0,17486.25,2984257,0,3240792,946887.0
MNQ,MNQM25,D1,2025-04-06,1743897600,17125.25,17125.25,16452.5,16722.25,179109,0,216692,954086.0
MNQ,MNQM25,D1,2025-04-07,1743984000,16722.5,18360.25,16480.25,17759.75,3015166,0,3373441,1066090.0
MNQ,MNQM25,D1,2025-04-08,1744070400,17760.75,18357.25,16870.25,16993.25,2766168,0,2963139,1164274.0
MNQ,MNQM25,D1,2025-04-09,1744156800,16992.75,19388.0,16735.0,19304.25,2695466,0,2999106,1263668.0
MNQ,MNQM25,D1,2025-04-10,1744243200,19306.0,19336.25,17918.25,18352.75,2674413,0,2874463,1358538.0
MNQ,MNQM25,D1,2025-04-11,1744329600,18352.75,18873.25,18071.75,18819.0,2239779,0,2395430,1437399.0
MNQ,MNQM25,D1,2025-04-13,1744502400,19163.75,19253.0,18924.75,19013.5,98997,0,108563,1440932.0
MNQ,MNQM25,D1,2025-04-14,1744588800,19011.75,19255.75,18738.5,18849.25,2004058,0,2127404,1510346.0
MNQ,MNQM25,D1,2025-04-15,1744675200,18850.25,19144.75,18692.5,18728.25,1709589,0,1831343,1570000.0
MNQ,MNQM25,D1,2025-04-16,1744761600,18728.25,18861.0,18116.25,18402.5,2029426,0,2173883,1641221.0
MNQ,MNQM25,D1,2025-04-17,1744848000,18402.5,18652.0,18261.25,18430.0,1860820,0,1981653,1705525.0
MNQ,MNQM25,D1,2025-04-20,1745107200,18307.5,18384.75,18220.0,18312.75,47079,25,53540,1705558.0
MNQ,MNQM25,D1,2025-04-21,1745193600,18312.25,18374.0,17700.0,18003.25,1495347,0,1603794,1757738.0
MNQ,MNQM25,D1,2025-04-22,1745280000,18002.75,18801.25,17949.25,18761.25,1788743,0,1941585,1794157.0
MNQ,MNQM25,D1,2025-04-23,1745366400,18761.5,19165.75,18624.25,18839.25,1907142,0,2072047,1817112.0
MNQ,MNQM25,D1,2025-04-24,1745452800,18839.75,19436.0,18595.0,19413.0,1728209,0,1893223,1827153.0
MNQ,MNQM25,D1,2025-04-25,1745539200,19413.5,19590.0,19215.25,19554.75,1785764,0,1930600,1831628.0
MNQ,MNQM25,D1,2025-04-27,1745712000,19524.5,19526.75,19435.0,19454.25,53849,0,60061,1774787.0
MNQ,MNQM25,D1,2025-04-28,1745798400,19454.0,19622.75,19257.75,19528.75,1534012,0,1673860,1828801.0
MNQ,MNQM25,D1,2025-04-29,1745884800,19528.25,19692.5,19379.25,19560.5,1485821,0,1624721,1840088.0
MNQ,MNQM25,D1,2025-04-30,1745971200,19561.25,19936.0,19102.25,19918.5,1879141,0,2050970,1866492.0
MNQ,MNQM25,D1,2025-05-01,1746057600,19918.5,20125.25,19748.25,19791.25,1577153,0,1730443,1869245.0
MNQ,MNQM25,D1,2025-05-02,1746144000,19791.25,20277.0,19754.5,20200.5,1460269,0,1607099,1860702.0
MNQ,MNQM25,D1,2025-05-04,1746316800,20186.5,20200.0,20052.75,20085.25,51707,0,58051,1799127.0
MNQ,MNQM25,D1,2025-05-05,1746403200,20084.75,20191.25,19966.25,20008.5,1175950,0,1302110,1839767.0
MNQ,MNQM25,D1,2025-05-06,1746489600,20009.0,20136.25,19738.25,20067.0,1556956,0,1721137,1825861.0
MNQ,MNQM25,D1,2025-05-07,1746576000,20067.25,20107.0,19678.5,19954.5,1603574,0,1763919,1809833.0
MNQ,MNQM25,D1,2025-05-08,1746662400,19954.75,20337.5,19925.25,20138.0,1607916,0,1781466,1783368.0
MNQ,MNQM25,D1,2025-05-09,1746748800,20138.0,20290.0,20057.5,20146.5,1276364,0,1407880,1752080.0
MNQ,MNQM25,D1,2025-05-11,1746921600,20373.75,20502.75,20373.75,20452.25,82678,0,93496,1647171.0
MNQ,MNQM25,D1,2025-05-12,1747008000,20452.0,20996.0,20441.5,20908.5,1559504,0,1707519,1696865.0
MNQ,MNQM25,D1,2025-05-13,1747094400,20908.5,21347.0,20818.25,21292.25,1261460,0,1392843,1630845.0
MNQ,MNQM25,D1,2025-05-14,1747180800,21292.5,21419.75,21237.0,21375.5,1295295,0,1423821,1579534.0
MNQ,MNQM25,D1,2025-05-15,1747267200,21374.75,21529.75,21192.25,21416.75,1226727,0,1371309,1525274.0
MNQ,MNQM25,D1,2025-05-16,1747353600,21417.0,21513.0,21320.0,21404.25,1001884,0,1111065,1466494.0
MNQ,MNQM25,D1,2025-05-18,1747526400,21313.5,21417.5,21286.5,21381.25,56889,0,63738,1388771.0
MNQ,MNQM25,D1,2025-05-19,1747612800,21380.75,21561.0,21112.25,21538.5,1207016,0,1358439,1430434.0
MNQ,MNQM25,D1,2025-05-20,1747699200,21539.5,21562.25,21298.0,21431.25,1094584,0,1226677,1400410.0
MNQ,MNQM25,D1,2025-05-21,1747785600,21431.25,21558.5,21071.75,21148.25,1517386,0,1690000,1395698.0
MNQ,MNQM25,D1,2025-05-22,1747872000,21148.25,21337.75,21039.25,21180.5,1281144,0,1407680,1370158.0
MNQ,MNQM25,D1,2025-05-23,1747958400,21180.75,21231.5,20727.5,20953.25,1455211,0,1580377,1356782.0
MNQ,MNQM25,D1,2025-05-25,1748131200,20978.0,21226.75,20955.25,21187.25,63604,0,70193,1357337.0
MNQ,MNQM25,D1,2025-05-26,1748217600,21187.25,21307.75,21167.0,21236.25,322621,0,361793,1315937.0
MNQ,MNQM25,D1,2025-05-27,1748304000,21235.75,21488.25,21142.0,21470.0,1026586,0,1145316,1289395.0
MNQ,MNQM25,D1,2025-05-28,1748390400,21469.75,21776.0,21320.0,21766.5,1147538,0,1281015,1263027.0
MNQ,MNQM25,D1,2025-05-29,1748476800,21766.25,21858.75,21301.0,21316.75,1453223,0,1603488,1253370.0
MNQ,MNQM25,D1,2025-05-30,1748563200,21317.0,21433.25,21071.5,21369.0,1389658,0,1552894,1240779.0
MNQ,MNQM25,D1,2025-06-01,1748736000,21304.5,21348.5,21276.75,21304.0,44278,0,48402,1240391.0
MNQ,MNQM25,D1,2025-06-02,1748822400,21303.25,21576.75,21163.0,21494.75,1068904,0,1175221,1223769.0
MNQ,MNQM25,D1,2025-06-03,1748908800,21495.75,21759.75,21398.25,21705.25,990385,0,1125242,1207120.0
MNQ,MNQM25,D1,2025-06-04,1748995200,21705.5,21802.75,21641.0,21742.25,993406,0,1119639,1176076.0
MNQ,MNQM25,D1,2025-06-05,1749081600,21742.0,21936.25,21471.0,21546.0,1465203,0,1628845,1172689.0
MNQ,MNQM25,D1,2025-06-06,1749168000,21545.25,21880.0,21544.0,21809.75,1059509,0,1177087,1158355.0
MNQ,MNQM25,D1,2025-06-08,1749340800,21802.75,21821.0,21726.75,21763.5,45822,0,50459,1158102.0
MNQ,MNQM25,D1,2025-06-09,1749427200,21763.0,21892.5,21716.5,21832.75,846811,0,957181,1146605.0
MNQ,MNQM25,D1,2025-06-10,1749513600,21833.5,22002.0,21732.0,21952.0,1119013,0,1264374,1131379.0
MNQ,MNQM25,D1,2025-06-11,1749600000,21952.75,22094.0,21790.25,21838.25,1352035,0,1520604,1123269.0
MNQ,MNQM25,D1,2025-06-12,1749686400,21838.5,21977.5,21716.5,21788.5,1098723,0,1239714,1105210.0
MNQ,MNQM25,D1,2025-06-13,1749772800,21788.25,21855.75,21470.5,21654.0,1477086,0,1632607,1112701.0
MNQ,MNQM25,D1,2025-06-15,1749945600,21566.0,21702.25,21505.0,21688.0,40103,25,44222,1111059.0
MNQ,MNQM25,D1,2025-06-16,1750032000,21687.75,21996.5,21659.75,21793.75,361233,0,393731,1067266.0
MNQ,MNQM25,D1,2025-06-17,1750118400,21794.0,21907.75,21639.5,21680.75,276176,0,305982,1031037.0
MNQ,MNQM25,D1,2025-06-18,1750204800,21681.0,21872.75,21660.0,21723.75,178427,0,196400,990123.0
MNQ,MNQM25,D1,2025-06-19,1750291200,21724.0,21726.25,21433.5,21667.75,47313,25,53896,946209.0
MNQ,MNQM25,D1,2025-06-20,1750377600,21669.5,21899.0,21630.0,21855.5,11425,0,13662,909629.0
MNQ,MNQU25,D1,2025-06-22,1750550400,21648.25,21786.0,21562.0,21760.5,76595,0,86982,187844.0
MNQ,MNQU25,D1,2025-06-23,1750636800,21761.0,22256.25,21707.25,22235.75,1422236,0,1568242,239990.0
MNQ,MNQU25,D1,2025-06-24,1750723200,22236.5,22447.75,22194.0,22424.25,972050,0,1082433,275978.0
MNQ,MNQU25,D1,2025-06-25,1750809600,22425.0,22548.25,22388.25,22465.0,928802,0,1041469,310520.0
MNQ,MNQU25,D1,2025-06-26,1750896000,22464.75,22711.25,22456.5,22679.0,903602,0,1012716,344149.0
MNQ,MNQU25,D1,2025-06-27,1750982400,22678.75,22823.75,22600.0,22740.25,1053132,0,1192749,383756.0
MNQ,MNQU25,D1,2025-06-29,1751155200,22751.25,22847.0,22750.0,22817.25,44705,25,51052,385442.0
MNQ,MNQU25,D1,2025-06-30,1751241600,22818.0,22934.0,22780.0,22881.5,978651,0,1111960,422467.0
MNQ,MNQU25,D1,2025-07-01,1751328000,22881.75,22915.0,22593.75,22708.25,1140265,0,1296606,465576.0
MNQ,MNQU25,D1,2025-07-02,1751414400,22709.25,22863.0,22584.75,22847.75,873622,0,997540,498672.0
MNQ,MNQU25,D1,2025-07-03,1751500800,22847.5,23101.25,22827.0,23034.75,585235,0,663544,520572.0
MNQ,MNQU25,D1,2025-07-04,1751587200,23034.75,23049.75,22881.25,22904.5,230345,0,259381,529060.0
MNQ,MNQU25,D1,2025-07-06,1751760000,22969.0,23027.25,22943.0,22983.75,43749,0,50146,530725.0
MNQ,MNQU25,D1,2025-07-07,1751846400,22984.5,23002.75,22780.25,22873.0,1108926,0,1239507,571885.0
MNQ,MNQU25,D1,2025-07-08,1751932800,22873.25,22972.0,22841.0,22900.5,956411,0,1082350,607785.0
MNQ,MNQU25,D1,2025-07-09,1752019200,22899.75,23111.25,22843.25,23035.0,972612,0,1125082,645057.0
MNQ,MNQU25,D1,2025-07-10,1752105600,23034.5,23089.75,22901.0,23044.5,901047,0,1043272,679325.0
MNQ,MNQU25,D1,2025-07-11,1752192000,23044.5,23046.25,22830.75,22937.25,1049144,0,1179414,718376.0
MNQ,MNQU25,D1,2025-07-13,1752364800,22854.0,22889.25,22802.25,22867.75,58078,0,66102,720567.0
MNQ,MNQU25,D1,2025-07-14,1752451200,22867.5,23067.75,22805.0,23012.0,855520,0,972229,752778.0
MNQ,MNQU25,D1,2025-07-15,1752537600,23012.0,23222.75,22973.75,23014.25,1189782,0,1378147,798311.0
MNQ,MNQU25,D1,2025-07-16,1752624000,23014.25,23100.0,22835.75,23040.25,1227779,0,1368082,843355.0
MNQ,MNQU25,D1,2025-07-17,1752710400,23040.0,23288.5,23017.0,23280.25,893534,0,1036375,877117.0
MNQ,MNQU25,D1,2025-07-18,1752796800,23280.5,23320.5,23170.0,23228.75,873640,0,1010560,904250.0
MNQ,MNQU25,D1,2025-07-20,1752969600,23240.0,23262.5,23204.5,23260.5,27127,0,31864,904020.0
MNQ,MNQU25,D1,2025-07-21,1753056000,23260.75,23425.0,23223.5,23346.0,777659,0,934477,910463.0
MNQ,MNQU25,D1,2025-07-22,1753142400,23345.5,23367.75,23105.0,23263.5,1091179,0,1254714,912346.0
MNQ,MNQU25,D1,2025-07-23,1753228800,23264.0,23416.5,23142.5,23400.0,1072774,0,1223698,912836.0
MNQ,MNQU25,D1,2025-07-24,1753315200,23399.75,23425.0,23298.5,23406.5,890202,0,1027497,929906.0
MNQ,MNQU25,D1,2025-07-25,1753401600,23406.75,23477.0,23330.25,23447.25,751343,0,880945,908971.0
MNQ,MNQU25,D1,2025-07-27,1753574400,23516.0,23557.5,23504.75,23534.0,39908,0,47108,907642.0
MNQ,MNQU25,D1,2025-07-28,1753660800,23534.25,23585.0,23437.0,23528.0,784759,0,919514,886018.0
MNQ,MNQU25,D1,2025-07-29,1753747200,23528.5,23652.25,23422.0,23474.5,971188,0,1132830,887698.0
MNQ,MNQU25,D1,2025-07-30,1753833600,23474.5,23740.75,23355.0,23725.0,1075448,0,1231613,894036.0
MNQ,MNQU25,D1,2025-07-31,1753920000,23725.25,23848.0,23241.75,23296.0,1531455,0,1771727,919336.0
MNQ,MNQU25,D1,2025-08-01,1754006400,23296.25,23343.0,22788.25,22869.0,1644545,0,1851148,941283.0
MNQ,MNQU25,D1,2025-08-03,1754179200,22850.5,22931.5,22822.0,22927.0,59895,0,67473,941830.0
MNQ,MNQU25,D1,2025-08-04,1754265600,22927.0,23363.25,22916.75,23334.0,1025633,0,1183678,944221.0
MNQ,MNQU25,D1,2025-08-05,1754352000,23334.0,23404.25,23045.25,23052.75,1354050,0,1536158,952206.0
MNQ,MNQU25,D1,2025-08-06,1754438400,23052.75,23480.0,23049.0,23452.25,1195214,0,1361832,964349.0
MNQ,MNQU25,D1,2025-08-07,1754524800,23451.75,23671.25,23330.0,23542.0,1429581,0,1607022,995798.0
MNQ,MNQU25,D1,2025-08-08,1754611200,23541.25,23768.5,23503.25,23767.25,940325,0,1075420,1022999.0
MNQ,MNQU25,D1,2025-08-10,1754784000,23767.25,23770.0,23701.25,23707.75,34290,0,38803,1022621.0
MNQ,MNQU25,D1,2025-08-11,1754870400,23707.0,23804.5,23587.0,23636.75,922991,0,1075740,1017162.0
MNQ,MNQU25,D1,2025-08-12,1754956800,23636.0,23966.5,23596.0,23960.5,1052516,0,1180896,1020447.0
MNQ,MNQU25,D1,2025-08-13,1755043200,23959.75,24069.0,23886.0,23949.25,965501,0,1104139,1019749.0
MNQ,MNQU25,D1,2025-08-14,1755129600,23949.5,24005.5,23793.25,23888.75,1041482,0,1187118,1024544.0
MNQ,MNQU25,D1,2025-08-15,1755216000,23889.25,23962.75,23734.75,23796.5,975065,0,1120804,1022590.0
MNQ,MNQU25,D1,2025-08-17,1755388800,23795.0,23860.25,23792.0,23849.5,24170,25,28399,1021334.0
MNQ,MNQU25,D1,2025-08-18,1755475200,23850.0,23882.0,23718.75,23804.75,867727,0,1003970,1022392.0
MNQ,MNQU25,D1,2025-08-19,1755561600,23805.0,23806.0,23413.5,23423.25,1215964,0,1409960,1023452.0
MNQ,MNQU25,D1,2025-08-20,1755648000,23423.0,23452.0,23035.25,23318.75,1512345,0,1741675,1035905.0
MNQ,MNQU25,D1,2025-08-21,1755734400,23319.0,23369.5,23119.5,23248.5,1393320,0,1585840,1054221.0
MNQ,MNQU25,D1,2025-08-22,1755820800,23248.25,23650.0,23074.25,23582.75,1304295,0,1502101,1070605.0
MNQ,MNQU25,D1,2025-08-24,1755993600,23600.25,23610.0,23545.0,23575.5,37553,25,42731,1070968.0
MNQ,MNQU25,D1,2025-08-25,1756080000,23575.5,23616.75,23445.0,23496.25,936057,0,1115376,1076998.0
MNQ,MNQU25,D1,2025-08-26,1756166400,23496.25,23625.0,23371.25,23614.5,1071775,0,1259019,1077141.0
MNQ,MNQU25,D1,2025-08-27,1756252800,23614.75,23685.0,23429.0,23507.5,992588,0,1177614,1075605.0
MNQ,MNQU25,D1,2025-08-28,1756339200,23507.0,23803.75,23486.75,23746.25,1132532,0,1345654,1086210.0
MNQ,MNQU25,D1,2025-08-29,1756425600,23745.75,23755.75,23401.5,23454.5,1190421,0,1394225,1103320.0
MNQ,MNQU25,D1,2025-08-31,1756598400,23477.0,23546.0,23464.25,23538.5,25939,25,30868,1102778.0
MNQ,MNQU25,D1,2025-09-01,1756684800,23537.75,23555.25,23371.5,23445.5,288777,0,328525,1083079.0
MNQ,MNQU25,D1,2025-09-02,1756771200,23445.5,23484.5,23025.0,23334.5,1518294,0,1753007,1103751.0
MNQ,MNQU25,D1,2025-09-03,1756857600,23333.75,23526.0,23299.75,23437.5,1306104,0,1507353,1112942.0
MNQ,MNQU25,D1,2025-09-04,1756944000,23437.25,23722.0,23410.0,23706.5,1125675,0,1295204,1097058.0
MNQ,MNQU25,D1,2025-09-05,1757030400,23706.5,23902.5,23505.0,23673.0,1539930,0,1796796,1095247.0
MNQ,MNQU25,D1,2025-09-07,1757203200,23676.75,23784.5,23650.5,23777.75,49576,0,56577,1094883.0
MNQ,MNQU25,D1,2025-09-08,1757289600,23778.0,23888.0,23726.25,23807.75,1036609,0,1218669,1096050.0
MNQ,MNQU25,D1,2025-09-09,1757376000,23808.0,23918.0,23726.5,23884.75,995335,0,1179674,1084167.0
MNQ,MNQU25,D1,2025-09-10,1757462400,23884.5,24041.0,23785.0,23899.5,1128104,0,1330424,1083120.0
MNQ,MNQU25,D1,2025-09-11,1757548800,23899.75,24048.75,23845.0,24019.25,976277,0,1154139,1068024.0
MNQ,MNQU25,D1,2025-09-12,1757635200,24019.0,24159.0,23968.75,24114.5,819206,0,1007222,1065751.0
MNQ,MNQU25,D1,2025-09-14,1757808000,24115.0,24129.75,24099.25,24111.0,14009,0,16549,1065009.0
MNQ,MNQU25,D1,2025-09-15,1757894400,24110.25,24315.75,24075.5,24305.25,427758,0,495925,1045682.0
MNQ,MNQU25,D1,2025-09-16,1757980800,24305.0,24403.75,24257.5,24304.5,190909,0,221582,1013705.0
MNQ,MNQU25,D1,2025-09-17,1758067200,24304.25,24345.0,24003.5,24341.0,224461,0,251761,985292.0
MNQ,MNQU25,D1,2025-09-18,1758153600,24342.25,24569.25,24317.0,24496.0,137053,0,153701,950845.0
MNQ,MNQU25,D1,2025-09-19,1758240000,24498.0,24625.5,24411.0,24566.0,10387,25,14067,913954.0
MNQ,MNQZ25,D1,2025-09-21,1758412800,24851.5,24867.5,24826.75,24851.25,22718,25,26473,171105.0
MNQ,MNQZ25,D1,2025-09-22,1758499200,24851.0,25027.25,24748.5,24997.5,877913,0,1046935,205917.0
MNQ,MNQZ25,D1,2025-09-23,1758585600,24997.75,25026.25,24779.25,24840.75,1036109,0,1251949,247518.0
MNQ,MNQZ25,D1,2025-09-24,1758672000,24841.0,24913.25,24628.0,24755.75,1039178,0,1261912,289375.0
MNQ,MNQZ25,D1,2025-09-25,1758758400,24756.25,24792.5,24422.0,24616.75,1509320,0,1811157,349634.0
MNQ,MNQZ25,D1,2025-09-26,1758844800,24616.75,24747.25,24520.0,24727.5,1330333,0,1532945,400571.0
MNQ,MNQZ25,D1,2025-09-28,1759017600,24727.25,24778.0,24723.75,24772.25,30084,25,34526,401718.0
MNQ,MNQZ25,D1,2025-09-29,1759104000,24772.25,24975.0,24764.5,24824.0,1055053,0,1261261,443683.0
MNQ,MNQZ25,D1,2025-09-30,1759190400,24823.5,24913.75,24722.5,24830.75,1246175,0,1479659,492899.0
MNQ,MNQZ25,D1,2025-10-01,1759276800,24830.5,25037.0,24633.75,25022.5,1094454,0,1328315,537058.0
MNQ,MNQZ25,D1,2025-10-02,1759363200,25021.75,25180.0,24993.75,25124.25,1064005,0,1280663,579583.0
MNQ,MNQZ25,D1,2025-10-03,1759449600,25124.0,25197.0,24923.0,24981.5,1152345,0,1365911,624967.0
MNQ,MNQZ25,D1,2025-10-05,1759622400,24994.0,25087.25,24994.0,25066.75,35522,0,40653,626316.0
MNQ,MNQZ25,D1,2025-10-06,1759708800,25067.5,25253.0,25045.0,25142.0,934260,0,1120282,663597.0
MNQ,MNQZ25,D1,2025-10-07,1759795200,25141.75,25274.75,24985.25,25033.5,1235086,0,1487765,712886.0
MNQ,MNQZ25,D1,2025-10-08,1759881600,25033.0,25393.0,25026.25,25379.0,939524,0,1146042,750813.0
MNQ,MNQZ25,D1,2025-10-09,1759968000,25379.25,25379.25,25160.75,25335.0,1168339,0,1397570,797155.0
MNQ,MNQZ25,D1,2025-10-10,1760054400,25335.5,25388.0,24384.25,24432.75,2102224,0,2350528,875041.0
