a,z,ticker,symbol,tf,datetime,time,open,high,low,close,tick_volume,spread,real_volume,mean_volume
1,-118,EP,EPZ6,D1,2016-08-01,1470009600,2158.25,2158.25,2153.0,2158.0,1761,0,214,214.0
2,-117,EP,EPZ6,D1,2016-08-02,1470096000,2159.5,2163.0,2134.0,2144.25,15368,0,5064,2639.0
3,-116,EP,EPZ6,D1,2016-08-03,1470182400,2143.75,2150.5,2138.0,2150.5,3697,0,810,2029.0
4,-115,EP,EPZ6,D1,2016-08-04,1470268800,2152.0,2156.25,2146.25,2153.0,5674,0,1113,2329.0
5,-114,EP,EPZ6,D1,2016-08-05,1470355200,2153.5,2170.75,2153.0,2169.75,9954,0,1749,1224.0
6,-113,EP,EPZ6,D1,2016-08-07,1470528000,2169.0,2171.75,2169.0,2169.75,266,0,38,967.0
7,-112,EP,EPZ6,D1,2016-08-08,1470614400,2169.0,2175.25,2166.0,2169.0,3098,0,1721,1169.0
8,-111,EP,EPZ6,D1,2016-08-09,1470700800,2168.0,2176.25,2166.5,2168.75,3875,0,1122,960.0
9,-110,EP,EPZ6,D1,2016-08-10,1470787200,2168.5,2174.25,2160.75,2163.5,4296,0,915,1253.0
10,-109,EP,EPZ6,D1,2016-08-11,1470873600,2164.0,2177.75,2164.0,2175.5,4518,0,1451,1163.0
11,-108,EP,EPZ6,D1,2016-08-12,1470960000,2175.5,2176.75,2168.5,2173.5,2637,0,1105,1157.0
12,-107,EP,EPZ6,D1,2016-08-14,1471132800,2173.25,2175.0,2173.25,2174.25,60,0,45,867.0
13,-106,EP,EPZ6,D1,2016-08-15,1471219200,2174.5,2183.25,2174.5,2177.75,4753,0,3558,1569.0
14,-105,EP,EPZ6,D1,2016-08-16,1471305600,2177.5,2178.0,2168.0,2170.75,6383,0,1740,1781.0
15,-104,EP,EPZ6,D1,2016-08-17,1471392000,2171.75,2174.5,2158.5,2172.5,11160,0,2153,2484.0
16,-103,EP,EPZ6,D1,2016-08-18,1471478400,2172.5,2177.0,2168.75,2176.5,5184,0,1215,1703.0
17,-102,EP,EPZ6,D1,2016-08-19,1471564800,2176.0,2177.0,2165.5,2175.25,6691,0,1677,1682.0
18,-101,EP,EPZ6,D1,2016-08-21,1471737600,2174.5,2174.5,2174.0,2174.25,8,0,37,976.0
19,-100,EP,EPZ6,D1,2016-08-22,1471824000,2174.0,2177.0,2166.5,2172.5,11603,0,2660,1458.0
20,-99,EP,EPZ6,D1,2016-08-23,1471910400,2172.25,2184.25,2172.25,2179.0,6030,0,1898,1532.0
21,-98,EP,EPZ6,D1,2016-08-24,1471996800,2179.25,2180.5,2162.0,2167.5,11770,0,2763,2440.0
22,-97,EP,EPZ6,D1,2016-08-25,1472083200,2167.25,2170.0,2160.25,2167.25,15538,0,2604,2422.0
23,-96,EP,EPZ6,D1,2016-08-26,1472169600,2167.0,2179.5,2150.75,2160.25,35265,0,4492,3286.0
24,-95,EP,EPZ6,D1,2016-08-28,1472342400,2160.0,2160.75,2157.5,2160.5,845,0,132,2409.0
25,-94,EP,EPZ6,D1,2016-08-29,1472428800,2160.0,2174.75,2157.5,2172.75,12809,0,2850,2491.0
26,-93,EP,EPZ6,D1,2016-08-30,1472515200,2173.0,2174.0,2161.5,2167.75,15809,0,2545,1842.0
27,-92,EP,EPZ6,D1,2016-08-31,1472601600,2167.0,2168.5,2152.5,2162.0,24866,0,4873,3423.0
28,-91,EP,EPZ6,D1,2016-09-01,1472688000,2162.25,2169.5,2148.0,2160.0,41760,0,9989,5802.0
29,-90,EP,EPZ6,D1,2016-09-02,1472774400,2159.5,2176.5,2157.25,2172.25,42409,0,16515,10459.0
30,-89,EP,EPZ6,D1,2016-09-04,1472947200,2172.25,2174.75,2171.75,2174.0,643,0,186,8897.0
31,-88,EP,EPZ6,D1,2016-09-05,1473033600,2173.75,2175.0,2168.0,2170.5,4023,0,1935,6212.0
32,-87,EP,EPZ6,D1,2016-09-06,1473120000,2171.0,2179.25,2166.0,2177.5,34876,0,25172,9098.0
33,-86,EP,EPZ6,D1,2016-09-07,1473206400,2177.5,2180.0,2170.5,2177.25,36716,0,43502,23536.0
34,-85,EP,EPZ6,D1,2016-09-08,1473292800,2177.75,2182.75,2169.25,2171.0,79417,0,303732,124135.0
35,-84,EP,EPZ6,D1,2016-09-09,1473379200,2171.0,2171.75,2113.25,2114.5,135604,0,2091094,812776.0
36,-83,EP,EPZ6,D1,2016-09-11,1473552000,2116.25,2117.0,2109.0,2113.0,12970,0,50945,815257.0
37,-82,EP,EPZ6,D1,2016-09-12,1473638400,2113.0,2156.0,2100.25,2149.25,198213,0,2641462,1594500.0
38,-81,EP,EPZ6,D1,2016-09-13,1473724800,2149.25,2150.0,2112.25,2122.75,208211,0,3015633,1902680.0
39,-80,EP,EPZ6,D1,2016-09-14,1473811200,2123.0,2134.5,2112.0,2117.5,179655,0,2150289,2602461.0
40,-79,EP,EPZ6,D1,2016-09-15,1473897600,2117.25,2144.5,2107.75,2133.75,170213,0,2073220,2413047.0
41,-78,EP,EPZ6,D1,2016-09-16,1473984000,2132.75,2136.25,2123.0,2132.5,149385,0,2007104,2076871.0
42,-77,EP,EPZ6,D1,2016-09-18,1474156800,2132.0,2141.0,2131.5,2138.0,9720,0,14856,1365060.0
43,-76,EP,EPZ6,D1,2016-09-19,1474243200,2138.5,2146.75,2127.75,2131.75,131109,0,1512000,1177987.0
44,-75,EP,EPZ6,D1,2016-09-20,1474329600,2131.75,2143.5,2129.0,2131.25,135750,0,1383292,970049.0
45,-74,EP,EPZ6,D1,2016-09-21,1474416000,2131.75,2157.5,2126.25,2154.5,172464,0,1820430,1571907.0
46,-73,EP,EPZ6,D1,2016-09-22,1474502400,2154.5,2172.75,2152.75,2167.25,120407,0,1518354,1574025.0
47,-72,EP,EPZ6,D1,2016-09-23,1474588800,2167.75,2169.5,2156.0,2157.5,112241,0,1429558,1589447.0
48,-71,EP,EPZ6,D1,2016-09-25,1474761600,2156.0,2159.5,2155.5,2158.5,6019,0,7974,985295.0
49,-70,EP,EPZ6,D1,2016-09-26,1474848000,2158.75,2159.5,2136.75,2138.75,135208,0,1588534,1008689.0
50,-69,EP,EPZ6,D1,2016-09-27,1474934400,2138.25,2154.0,2132.75,2151.25,163463,0,1648690,1081733.0
51,-68,EP,EPZ6,D1,2016-09-28,1475020800,2151.5,2165.25,2144.0,2164.0,146961,0,1722674,1653299.0
52,-67,EP,EPZ6,D1,2016-09-29,1475107200,2163.75,2167.0,2137.25,2145.0,174809,0,2307673,1893012.0
53,-66,EP,EPZ6,D1,2016-09-30,1475193600,2144.25,2168.25,2135.75,2156.75,156792,0,1954875,1995074.0
54,-65,EP,EPZ6,D1,2016-10-02,1475366400,2159.75,2162.0,2158.0,2161.75,8120,0,12490,1425013.0
55,-64,EP,EPZ6,D1,2016-10-03,1475452800,2161.25,2164.0,2146.75,2155.0,128908,0,1389281,1118882.0
56,-63,EP,EPZ6,D1,2016-10-04,1475539200,2154.75,2159.75,2136.0,2142.5,158210,0,2135387,1179053.0
57,-62,EP,EPZ6,D1,2016-10-05,1475625600,2141.75,2158.0,2141.0,2153.25,123592,0,1361365,1628678.0
58,-61,EP,EPZ6,D1,2016-10-06,1475712000,2153.25,2157.25,2143.25,2152.0,120144,0,1212359,1569704.0
59,-60,EP,EPZ6,D1,2016-10-07,1475798400,2152.5,2161.5,2138.0,2146.5,156394,0,1937705,1503810.0
60,-59,EP,EPZ6,D1,2016-10-09,1475971200,2153.0,2153.75,2150.25,2151.25,8269,0,17609,1055891.0
61,-58,EP,EPZ6,D1,2016-10-10,1476057600,2150.75,2163.5,2148.5,2160.0,110560,0,936353,963889.0
62,-57,EP,EPZ6,D1,2016-10-11,1476144000,2159.75,2160.5,2121.75,2135.0,147163,0,2237555,1063839.0
63,-56,EP,EPZ6,D1,2016-10-12,1476230400,2135.25,2140.75,2126.25,2129.5,151263,0,1462908,1545605.0
64,-55,EP,EPZ6,D1,2016-10-13,1476316800,2130.0,2132.25,2107.75,2125.0,171864,0,2168754,1956406.0
65,-54,EP,EPZ6,D1,2016-10-14,1476403200,2125.5,2143.25,2122.25,2126.25,147594,0,1825242,1818968.0
66,-53,EP,EPZ6,D1,2016-10-16,1476576000,2127.75,2128.75,2118.5,2122.75,11870,0,18392,1337463.0
67,-52,EP,EPZ6,D1,2016-10-17,1476662400,2123.75,2130.0,2116.75,2124.25,147511,0,1234181,1025938.0
68,-51,EP,EPZ6,D1,2016-10-18,1476748800,2124.5,2139.75,2124.0,2132.25,120612,0,1128043,793539.0
69,-50,EP,EPZ6,D1,2016-10-19,1476835200,2132.25,2142.5,2126.5,2139.0,108059,0,930060,1097428.0
70,-49,EP,EPZ6,D1,2016-10-20,1476921600,2138.75,2144.5,2126.75,2137.25,129903,0,1599694,1219266.0
71,-48,EP,EPZ6,D1,2016-10-21,1477008000,2137.25,2137.75,2123.25,2136.0,115690,0,1396955,1308903.0
72,-47,EP,EPZ6,D1,2016-10-23,1477180800,2136.5,2139.75,2135.5,2137.5,7770,0,12897,1003182.0
73,-46,EP,EPZ6,D1,2016-10-24,1477267200,2137.25,2149.0,2134.75,2144.5,102006,0,994803,801552.0
74,-45,EP,EPZ6,D1,2016-10-25,1477353600,2145.0,2149.75,2132.5,2134.25,109553,0,1193572,733757.0
75,-44,EP,EPZ6,D1,2016-10-26,1477440000,2134.25,2140.0,2124.75,2133.75,128507,0,1533000,1240458.0
76,-43,EP,EPZ6,D1,2016-10-27,1477526400,2133.0,2143.75,2122.5,2128.0,144461,0,1794801,1507124.0
77,-42,EP,EPZ6,D1,2016-10-28,1477612800,2128.25,2135.25,2112.5,2123.75,167042,0,2367466,1898422.0
78,-41,EP,EPZ6,D1,2016-10-30,1477785600,2123.75,2123.75,2114.75,2120.25,34289,0,1214847,1792371.0
79,-40,EP,EPZ6,D1,2016-10-31,1477872000,2120.25,2130.5,2118.75,2122.75,2454028,0,567194972,190259095.0
80,-39,EP,EPZ6,D1,2016-11-01,1477958400,2122.75,2129.5,2091.0,2101.5,4032125,0,906108561,491506127.0
81,-38,EP,EPZ6,D1,2016-11-02,1478044800,2101.5,2106.5,2087.25,2092.0,3734548,0,597263893,690189142.0
82,-37,EP,EPZ6,D1,2016-11-03,1478131200,2092.25,2098.75,2079.75,2085.0,3175324,0,589408722,697593725.0
83,-36,EP,EPZ6,D1,2016-11-04,1478217600,2085.0,2094.25,2078.75,2081.5,3709430,0,741258624,642643746.0
84,-35,EP,EPZ6,D1,2016-11-06,1478390400,2081.5,2111.0,2081.5,2105.75,60920,0,6344746,445670697.0
85,-34,EP,EPZ6,D1,2016-11-07,1478476800,2105.75,2130.75,2102.75,2127.75,2706346,0,735373459,494325610.0
86,-33,EP,EPZ6,D1,2016-11-08,1478563200,2128.0,2144.25,2119.0,2142.25,3238489,0,644516832,462078346.0
87,-32,EP,EPZ6,D1,2016-11-09,1478649600,2142.25,2166.75,2028.5,2157.0,8220181,0,504305733,628065341.0
88,-31,EP,EPZ6,D1,2016-11-10,1478736000,2157.0,2180.5,2147.75,2165.25,6337954,0,675421812,608081459.0
89,-30,EP,EPZ6,D1,2016-11-11,1478822400,2165.25,2170.5,2148.5,2160.5,4362090,0,498770287,559499277.0
90,-29,EP,EPZ6,D1,2016-11-13,1478995200,2164.5,2168.5,2163.25,2167.75,16379,0,525924,391572674.0
91,-28,EP,EPZ6,D1,2016-11-14,1479081600,2167.75,2174.5,2152.25,2161.0,4022835,0,533660834,344319015.0
92,-27,EP,EPZ6,D1,2016-11-15,1479168000,2160.75,2180.0,2159.25,2179.25,3046761,0,515467780,349884846.0
93,-26,EP,EPZ6,D1,2016-11-16,1479254400,2179.25,2185.0,2168.75,2172.75,2806030,0,539128439,529419018.0
94,-25,EP,EPZ6,D1,2016-11-17,1479340800,2172.75,2185.5,2171.75,2182.75,2645839,0,523462400,526019540.0
95,-24,EP,EPZ6,D1,2016-11-18,1479427200,2182.75,2187.5,2176.5,2180.25,2317814,0,501451755,521347531.0
96,-23,EP,EPZ6,D1,2016-11-20,1479600000,2180.25,2181.5,2179.25,2180.75,10134,0,306773,341740309.0
97,-22,EP,EPZ6,D1,2016-11-21,1479686400,2180.75,2196.5,2178.5,2193.75,2139882,0,552576927,351445152.0
98,-21,EP,EPZ6,D1,2016-11-22,1479772800,2193.75,2203.0,2191.75,2200.0,2224803,0,567607043,373496914.0
99,-20,EP,EPZ6,D1,2016-11-23,1479859200,2199.75,2203.5,2192.0,2199.25,2127259,0,462437181,527540384.0
100,-19,EP,EPZ6,D1,2016-11-24,1479945600,2199.25,2207.0,2197.5,2206.0,340277,0,25191465,351745230.0
101,-18,EP,EPZ6,D1,2016-11-25,1480032000,2206.0,2211.75,2202.5,2211.5,911377,0,184423386,224017344.0
102,-17,EP,EPZ6,D1,2016-11-27,1480204800,2208.0,2208.5,2206.25,2207.25,15492,0,709558,70108136.0
103,-16,EP,EPZ6,D1,2016-11-28,1480291200,2207.25,2209.5,2198.25,2199.5,2240050,0,533633864,239588936.0
104,-15,EP,EPZ6,D1,2016-11-29,1480377600,2199.5,2209.5,2196.25,2203.5,634583,0,24829370,186390931.0
105,-14,EP,EPZ6,D1,2016-11-30,1480464000,2203.5,2213.75,2196.75,2199.25,540193,0,1927778,186797004.0
106,-13,EP,EPZ6,D1,2016-12-01,1480550400,2199.25,2203.0,2186.0,2189.75,641207,0,2137831,9631660.0
107,-12,EP,EPZ6,D1,2016-12-02,1480636800,2189.75,2197.25,2184.25,2191.0,478423,0,1638689,1901433.0
108,-11,EP,EPZ6,D1,2016-12-04,1480809600,2184.0,2185.5,2179.0,2183.25,11921,0,29383,1268634.0
109,-10,EP,EPZ6,D1,2016-12-05,1480896000,2183.5,2208.75,2182.0,2204.75,495246,0,1601527,1089866.0
110,-9,EP,EPZ6,D1,2016-12-06,1480982400,2204.75,2212.0,2200.25,2210.75,392802,0,1408572,1013161.0
111,-8,EP,EPZ6,D1,2016-12-07,1481068800,2210.75,2241.25,2206.75,2236.75,552060,0,2110514,1706871.0
112,-7,EP,EPZ6,D1,2016-12-08,1481155200,2237.0,2251.5,2232.5,2247.0,517486,0,1682281,1733789.0
113,-6,EP,EPZ6,D1,2016-12-09,1481241600,2246.75,2261.25,2245.0,2261.0,144826,0,482680,1425158.0
114,-5,EP,EPZ6,D1,2016-12-11,1481414400,2260.75,2270.25,2260.0,2265.25,5787,0,14453,726471.0
111,-82,EP,EPH7,D1,2016-12-12,1481500800,2259.75,2260.75,2246.75,2249.0,382778,0,1276428,768778.0
112,-81,EP,EPH7,D1,2016-12-13,1481587200,2249.0,2273.0,2248.5,2267.5,422149,0,1551410,948790.0
113,-80,EP,EPH7,D1,2016-12-14,1481673600,2267.25,2272.5,2243.0,2252.5,603268,0,1800167,1542668.0
114,-79,EP,EPH7,D1,2016-12-15,1481760000,2252.5,2267.75,2247.25,2260.0,560328,0,1699730,1683769.0
115,-78,EP,EPH7,D1,2016-12-16,1481846400,2259.75,2264.0,2249.5,2255.75,389414,0,1372360,1624086.0
116,-77,EP,EPH7,D1,2016-12-18,1482019200,2256.0,2259.5,2255.75,2258.75,3232,0,6941,1026344.0
117,-76,EP,EPH7,D1,2016-12-19,1482105600,2258.75,2263.75,2254.0,2261.0,290266,0,917857,765719.0
118,-75,EP,EPH7,D1,2016-12-20,1482192000,2261.0,2269.5,2260.0,2266.75,247266,0,804141,576313.0
119,-74,EP,EPH7,D1,2016-12-21,1482278400,2266.75,2268.0,2258.0,2259.25,186018,0,649030,790343.0
120,-73,EP,EPH7,D1,2016-12-22,1482364800,2259.0,2261.0,2251.5,2258.25,241248,0,830425,761199.0
121,-72,EP,EPH7,D1,2016-12-23,1482451200,2258.25,2261.0,2254.25,2258.75,123624,0,388908,622788.0
122,-71,EP,EPH7,D1,2016-12-25,1482624000,2258.75,2258.75,2258.75,2258.75,3,75,3,406445.0
123,-70,EP,EPH7,D1,2016-12-26,1482710400,2258.75,2260.0,2258.0,2259.0,1412,0,2605,130505.0
124,-69,EP,EPH7,D1,2016-12-27,1482796800,2259.25,2269.5,2257.75,2261.75,141405,0,489434,164014.0
125,-68,EP,EPH7,D1,2016-12-28,1482883200,2262.0,2267.5,2243.5,2246.75,273377,0,975302,489114.0
126,-67,EP,EPH7,D1,2016-12-29,1482969600,2246.75,2250.0,2239.5,2246.0,267767,0,882558,782431.0
127,-66,EP,EPH7,D1,2016-12-30,1483056000,2246.0,2252.75,2228.0,2233.5,357893,0,1248465,1035442.0
128,-65,EP,EPH7,D1,2017-01-01,1483228800,2233.5,2233.5,2233.5,2233.5,3,50,3,710342.0
129,-64,EP,EPH7,D1,2017-01-02,1483315200,2233.5,2245.0,2233.5,2243.0,6060,0,13723,420730.0
130,-63,EP,EPH7,D1,2017-01-03,1483401600,2243.0,2259.5,2239.5,2252.25,473476,0,1775861,596529.0
131,-62,EP,EPH7,D1,2017-01-04,1483488000,2252.0,2267.25,2251.25,2263.75,374295,0,1383944,1057843.0
132,-61,EP,EPH7,D1,2017-01-05,1483574400,2263.5,2265.25,2254.0,2263.5,377224,0,1306517,1488774.0
133,-60,EP,EPH7,D1,2017-01-06,1483660800,2263.5,2277.0,2258.25,2270.75,384694,0,1533610,1408024.0
134,-59,EP,EPH7,D1,2017-01-08,1483833600,2271.25,2273.0,2270.5,2273.0,2343,0,5191,948439.0
135,-58,EP,EPH7,D1,2017-01-09,1483920000,2273.0,2275.25,2261.75,2262.25,293245,0,1022250,853684.0
136,-57,EP,EPH7,D1,2017-01-10,1484006400,2262.5,2274.0,2259.5,2264.25,341537,0,1296275,774572.0
137,-56,EP,EPH7,D1,2017-01-11,1484092800,2264.25,2271.75,2255.0,2269.75,502860,0,1706165,1341563.0
138,-55,EP,EPH7,D1,2017-01-12,1484179200,2270.0,2270.25,2248.5,2265.0,487560,0,1742226,1581555.0
139,-54,EP,EPH7,D1,2017-01-13,1484265600,2265.25,2273.5,2262.75,2270.75,321680,0,1177748,1542046.0
140,-53,EP,EPH7,D1,2017-01-15,1484438400,2270.25,2270.5,2268.0,2268.5,2446,0,5627,975200.0
141,-52,EP,EPH7,D1,2017-01-16,1484524800,2268.5,2269.5,2265.0,2266.25,40139,0,95451,426275.0
142,-51,EP,EPH7,D1,2017-01-17,1484611200,2266.5,2267.5,2257.25,2262.75,390806,0,1434283,511787.0
143,-50,EP,EPH7,D1,2017-01-18,1484697600,2262.75,2268.5,2258.25,2266.5,320622,0,1104004,877913.0
144,-49,EP,EPH7,D1,2017-01-19,1484784000,2266.75,2269.5,2253.0,2263.0,360732,0,1379376,1305888.0
145,-48,EP,EPH7,D1,2017-01-20,1484870400,2263.0,2272.75,2259.75,2266.5,443752,0,1652238,1378539.0
146,-47,EP,EPH7,D1,2017-01-22,1485043200,2266.25,2266.5,2259.5,2260.0,5403,0,16055,1015890.0
147,-46,EP,EPH7,D1,2017-01-23,1485129600,2259.75,2267.5,2251.75,2261.5,404386,0,1409033,1025775.0
148,-45,EP,EPH7,D1,2017-01-24,1485216000,2261.75,2280.5,2259.5,2276.75,347905,0,1257853,894314.0
149,-44,EP,EPH7,D1,2017-01-25,1485302400,2276.75,2295.25,2274.75,2293.0,363404,0,1369621,1345502.0
150,-43,EP,EPH7,D1,2017-01-26,1485388800,2293.0,2299.5,2289.5,2293.0,334506,0,1158382,1261952.0
151,-42,EP,EPH7,D1,2017-01-27,1485475200,2292.75,2296.75,2287.0,2289.75,261659,0,926838,1151614.0
152,-41,EP,EPH7,D1,2017-01-29,1485648000,2282.0,2284.5,2281.5,2282.5,7029,0,17861,701027.0
153,-40,EP,EPH7,D1,2017-01-30,1485734400,2282.5,2285.75,2263.25,2276.0,467648,0,1815117,919939.0
154,-39,EP,EPH7,D1,2017-01-31,1485820800,2276.0,2278.25,2262.25,2276.25,445716,0,1614122,1149033.0
155,-38,EP,EPH7,D1,2017-02-01,1485907200,2276.0,2285.0,2268.25,2272.5,455749,0,1550039,1659759.0
156,-37,EP,EPH7,D1,2017-02-02,1485993600,2272.25,2279.75,2264.5,2274.25,395633,0,1344310,1502824.0
157,-36,EP,EPH7,D1,2017-02-03,1486080000,2274.25,2294.0,2270.5,2291.75,378081,0,1398317,1430889.0
158,-35,EP,EPH7,D1,2017-02-05,1486252800,2293.0,2293.25,2289.5,2289.75,3192,0,7308,916645.0
159,-34,EP,EPH7,D1,2017-02-06,1486339200,2289.75,2294.25,2283.5,2287.0,321761,0,1152488,852704.0
160,-33,EP,EPH7,D1,2017-02-07,1486425600,2287.0,2295.0,2284.0,2285.75,326001,0,1193847,784548.0
161,-32,EP,EPH7,D1,2017-02-08,1486512000,2285.75,2292.0,2281.0,2290.5,343557,0,1269161,1205165.0
162,-31,EP,EPH7,D1,2017-02-09,1486598400,2290.5,2307.75,2287.75,2303.75,348842,0,1327317,1263442.0
163,-30,EP,EPH7,D1,2017-02-10,1486684800,2303.75,2315.75,2303.0,2313.25,309625,0,1155147,1250542.0
164,-29,EP,EPH7,D1,2017-02-12,1486857600,2314.25,2315.5,2313.25,2315.25,3133,0,6644,829703.0
165,-28,EP,EPH7,D1,2017-02-13,1486944000,2315.25,2329.0,2313.5,2327.0,298599,0,1183083,781625.0
166,-27,EP,EPH7,D1,2017-02-14,1487030400,2326.75,2337.75,2319.75,2335.0,351294,0,1372896,854208.0
167,-26,EP,EPH7,D1,2017-02-15,1487116800,2335.0,2351.5,2331.25,2349.5,386616,0,1494112,1350030.0
168,-25,EP,EPH7,D1,2017-02-16,1487203200,2349.5,2349.75,2336.75,2343.75,440226,0,1719751,1528920.0
169,-24,EP,EPH7,D1,2017-02-17,1487289600,2343.75,2348.75,2336.5,2348.5,353487,0,1368719,1527527.0
170,-23,EP,EPH7,D1,2017-02-19,1487462400,2346.5,2348.0,2346.25,2347.5,2134,0,4736,1031069.0
171,-22,EP,EPH7,D1,2017-02-20,1487548800,2347.25,2356.75,2346.0,2353.5,49034,0,125038,499498.0
172,-21,EP,EPH7,D1,2017-02-21,1487635200,2353.5,2365.0,2349.0,2360.0,342174,0,1424271,518015.0
173,-20,EP,EPH7,D1,2017-02-22,1487721600,2359.75,2363.75,2355.25,2361.25,333932,0,1276886,942065.0
174,-19,EP,EPH7,D1,2017-02-23,1487808000,2361.25,2367.5,2353.0,2360.25,392204,0,1546963,1416040.0
175,-18,EP,EPH7,D1,2017-02-24,1487894400,2360.0,2365.75,2349.5,2364.5,386040,0,1524237,1449362.0
176,-17,EP,EPH7,D1,2017-02-26,1488067200,2362.75,2368.5,2362.5,2367.25,5291,0,11476,1027559.0
177,-16,EP,EPH7,D1,2017-02-27,1488153600,2367.25,2370.75,2361.0,2366.0,328607,0,1131115,888943.0
178,-15,EP,EPH7,D1,2017-02-28,1488240000,2366.0,2368.75,2357.5,2364.75,357203,0,1553171,898587.0
179,-14,EP,EPH7,D1,2017-03-01,1488326400,2365.0,2401.0,2364.5,2393.25,516190,0,2089649,1591312.0
180,-13,EP,EPH7,D1,2017-03-02,1488412800,2393.25,2394.25,2378.0,2379.5,417925,0,1717838,1786886.0
181,-12,EP,EPH7,D1,2017-03-03,1488499200,2379.75,2383.25,2373.75,2380.5,343293,0,1266817,1691435.0
182,-11,EP,EPH7,D1,2017-03-05,1488672000,2380.25,2380.75,2370.75,2371.25,11060,0,26714,1003790.0
183,-10,EP,EPH7,D1,2017-03-06,1488758400,2371.0,2378.25,2367.0,2372.25,341826,0,1297612,863714.0
184,-9,EP,EPH7,D1,2017-03-07,1488844800,2372.25,2375.5,2363.25,2363.75,318550,0,1213443,845923.0
185,-8,EP,EPH7,D1,2017-03-08,1488931200,2363.75,2373.0,2359.5,2364.5,375889,0,1343093,1284716.0
186,-7,EP,EPH7,D1,2017-03-09,1489017600,2364.5,2370.5,2354.0,2369.75,341210,0,1184225,1246920.0
187,-6,EP,EPH7,D1,2017-03-10,1489104000,2369.5,2379.75,2362.25,2371.25,182740,0,533308,1020209.0
188,-5,EP,EPH7,D1,2017-03-12,1489276800,2370.75,2372.5,2368.0,2368.5,1910,0,4419,573984.0
148,-82,EP,EPM7,D1,2017-03-13,1489363200,2365.5,2372.0,2365.25,2370.5,230877,0,783153,599529.0
149,-81,EP,EPM7,D1,2017-03-14,1489449600,2370.5,2371.0,2354.75,2364.0,357963,0,1300451,696959.0
150,-80,EP,EPM7,D1,2017-03-15,1489536000,2364.25,2387.75,2363.0,2382.25,405837,0,1360806,1148137.0
151,-79,EP,EPM7,D1,2017-03-16,1489622400,2382.0,2388.75,2373.5,2378.5,374598,0,1355414,1338890.0
152,-78,EP,EPM7,D1,2017-03-17,1489708800,2378.5,2382.25,2372.75,2375.25,308267,0,1216434,1310885.0
153,-77,EP,EPM7,D1,2017-03-19,1489881600,2373.75,2374.75,2371.75,2373.0,4698,0,9684,860511.0
154,-76,EP,EPM7,D1,2017-03-20,1489968000,2373.0,2376.0,2365.5,2369.25,298713,0,1067442,764520.0
155,-75,EP,EPM7,D1,2017-03-21,1490054400,2369.25,2378.0,2336.5,2338.5,682989,0,2421993,1166373.0
156,-74,EP,EPM7,D1,2017-03-22,1490140800,2338.25,2348.75,2332.25,2348.0,562765,0,1861254,1783563.0
157,-73,EP,EPM7,D1,2017-03-23,1490227200,2348.0,2356.0,2338.25,2343.25,517249,0,1614891,1966046.0
158,-72,EP,EPM7,D1,2017-03-24,1490313600,2343.25,2352.75,2331.75,2342.75,500633,0,1574734,1683626.0
159,-71,EP,EPM7,D1,2017-03-26,1490486400,2337.0,2337.5,2327.5,2331.25,19687,0,46818,1078814.0
160,-70,EP,EPM7,D1,2017-03-27,1490572800,2331.0,2342.5,2317.75,2341.0,497977,0,1564740,1062097.0
161,-69,EP,EPM7,D1,2017-03-28,1490659200,2341.0,2360.5,2333.5,2353.75,443430,0,1605475,1072344.0
162,-68,EP,EPM7,D1,2017-03-29,1490745600,2353.75,2359.75,2348.75,2358.0,343092,0,1141672,1437296.0
163,-67,EP,EPM7,D1,2017-03-30,1490832000,2357.75,2366.75,2353.25,2363.5,341658,0,1161175,1302774.0
164,-66,EP,EPM7,D1,2017-03-31,1490918400,2363.25,2366.75,2356.75,2357.5,365992,0,1529630,1277492.0
165,-65,EP,EPM7,D1,2017-04-02,1491091200,2357.5,2361.0,2357.0,2359.5,4154,25,8868,899891.0
166,-64,EP,EPM7,D1,2017-04-03,1491177600,2359.25,2363.25,2340.0,2354.5,502012,0,1693589,1077362.0
167,-63,EP,EPM7,D1,2017-04-04,1491264000,2354.25,2359.75,2344.75,2358.5,366988,0,1202410,968289.0
168,-62,EP,EPM7,D1,2017-04-05,1491350400,2358.5,2375.0,2343.75,2344.25,564975,0,1933959,1609986.0
169,-61,EP,EPM7,D1,2017-04-06,1491436800,2344.25,2361.25,2338.0,2354.25,494654,0,1566214,1567528.0
170,-60,EP,EPM7,D1,2017-04-07,1491523200,2354.25,2360.75,2336.75,2353.0,473090,0,1451689,1650621.0
171,-59,EP,EPM7,D1,2017-04-09,1491696000,2351.75,2353.75,2350.75,2352.75,4161,25,10592,1009498.0
172,-58,EP,EPM7,D1,2017-04-10,1491782400,2352.75,2363.25,2347.5,2353.0,382620,0,1340830,934370.0
173,-57,EP,EPM7,D1,2017-04-11,1491868800,2352.75,2354.25,2333.25,2349.5,565419,0,1848071,1066498.0
174,-56,EP,EPM7,D1,2017-04-12,1491955200,2349.5,2356.5,2337.5,2339.75,461879,0,1519673,1569525.0
175,-55,EP,EPM7,D1,2017-04-13,1492041600,2339.75,2345.0,2324.0,2327.5,468152,0,1561222,1642989.0
176,-54,EP,EPM7,D1,2017-04-14,1492128000,2327.5,2327.5,2327.5,2327.5,68,0,136,1027010.0
177,-53,EP,EPM7,D1,2017-04-16,1492300800,2324.0,2326.75,2322.75,2325.0,6673,0,17895,526418.0
178,-52,EP,EPM7,D1,2017-04-17,1492387200,2325.0,2346.0,2322.75,2344.25,292334,0,960488,326173.0
179,-51,EP,EPM7,D1,2017-04-18,1492473600,2344.25,2347.0,2330.25,2338.75,436022,0,1423503,800629.0
180,-50,EP,EPM7,D1,2017-04-19,1492560000,2338.5,2349.25,2331.25,2334.75,383385,0,1242708,1208900.0
181,-49,EP,EPM7,D1,2017-04-20,1492646400,2334.75,2358.25,2333.5,2352.75,409426,0,1440343,1368851.0
182,-48,EP,EPM7,D1,2017-04-21,1492732800,2352.75,2356.0,2340.5,2345.25,361744,0,1249128,1310726.0
183,-47,EP,EPM7,D1,2017-04-23,1492905600,2365.75,2372.75,2365.5,2367.5,25950,0,77603,922358.0
184,-46,EP,EPM7,D1,2017-04-24,1492992000,2367.25,2376.75,2365.25,2368.75,421564,0,1460317,929016.0
185,-45,EP,EPM7,D1,2017-04-25,1493078400,2368.5,2389.25,2368.5,2383.0,353711,0,1310422,949447.0
186,-44,EP,EPM7,D1,2017-04-26,1493164800,2383.25,2394.75,2381.25,2383.5,422778,0,1481237,1417325.0
187,-43,EP,EPM7,D1,2017-04-27,1493251200,2383.5,2388.75,2378.75,2385.25,331331,0,1092929,1294863.0
188,-42,EP,EPM7,D1,2017-04-28,1493337600,2385.25,2388.75,2378.25,2380.75,304723,0,1136222,1236796.0
189,-41,EP,EPM7,D1,2017-04-30,1493510400,2381.5,2381.5,2377.0,2378.5,4354,0,10215,746455.0
190,-40,EP,EPM7,D1,2017-05-01,1493596800,2378.5,2390.75,2378.5,2386.25,248918,0,892569,679669.0
191,-39,EP,EPM7,D1,2017-05-02,1493683200,2386.25,2388.75,2381.75,2384.5,264441,0,948285,617023.0
192,-38,EP,EPM7,D1,2017-05-03,1493769600,2384.5,2386.5,2375.5,2385.5,316702,0,1070419,970424.0
193,-37,EP,EPM7,D1,2017-05-04,1493856000,2385.25,2390.75,2376.0,2385.5,361680,0,1208148,1075617.0
194,-36,EP,EPM7,D1,2017-05-05,1493942400,2385.75,2399.25,2379.0,2399.0,310620,0,1109868,1129478.0
195,-35,EP,EPM7,D1,2017-05-07,1494115200,2402.5,2403.75,2396.0,2397.0,10511,0,27225,781747.0
196,-34,EP,EPM7,D1,2017-05-08,1494201600,2396.75,2397.75,2389.75,2394.75,263655,0,925044,687379.0
197,-33,EP,EPM7,D1,2017-05-09,1494288000,2394.5,2400.0,2388.0,2388.25,295381,0,1111261,687843.0
198,-32,EP,EPM7,D1,2017-05-10,1494374400,2388.0,2397.0,2387.5,2395.0,277545,0,969744,1002016.0
199,-31,EP,EPM7,D1,2017-05-11,1494460800,2395.0,2395.25,2379.0,2390.75,358296,0,1348841,1143282.0
200,-30,EP,EPM7,D1,2017-05-12,1494547200,2390.75,2391.5,2384.25,2389.0,287990,0,1060645,1126410.0
201,-29,EP,EPM7,D1,2017-05-14,1494720000,2388.75,2390.5,2388.0,2389.0,4130,0,10572,806686.0
202,-28,EP,EPM7,D1,2017-05-15,1494806400,2389.0,2402.25,2388.25,2398.75,262464,0,1024460,698559.0
203,-27,EP,EPM7,D1,2017-05-16,1494892800,2398.75,2404.5,2385.25,2386.0,308233,0,1103112,712715.0
204,-26,EP,EPM7,D1,2017-05-17,1494979200,2386.0,2388.75,2354.75,2360.75,737651,0,2756098,1627890.0
205,-25,EP,EPM7,D1,2017-05-18,1495065600,2361.0,2375.0,2344.5,2364.75,728093,0,2430643,2096618.0
206,-24,EP,EPM7,D1,2017-05-19,1495152000,2365.0,2388.0,2361.0,2382.0,439426,0,1641489,2276077.0
207,-23,EP,EPM7,D1,2017-05-21,1495324800,2381.75,2384.0,2381.0,2382.75,5148,0,14052,1362061.0
208,-22,EP,EPM7,D1,2017-05-22,1495411200,2382.75,2394.75,2378.25,2387.25,295022,0,1119230,924924.0
209,-21,EP,EPM7,D1,2017-05-23,1495497600,2387.5,2399.5,2387.5,2396.75,277516,0,995072,709451.0
210,-20,EP,EPM7,D1,2017-05-24,1495584000,2396.75,2404.25,2394.75,2403.25,263468,0,972585,1028962.0
211,-19,EP,EPM7,D1,2017-05-25,1495670400,2403.25,2417.75,2402.75,2413.0,345377,0,1308382,1092013.0
212,-18,EP,EPM7,D1,2017-05-26,1495756800,2413.0,2415.75,2408.0,2414.75,235018,0,846878,1042615.0
213,-17,EP,EPM7,D1,2017-05-28,1495929600,2414.0,2417.0,2413.75,2415.75,2497,25,6161,720474.0
214,-16,EP,EPM7,D1,2017-05-29,1496016000,2415.5,2417.0,2413.75,2414.25,23773,0,56512,303184.0
215,-15,EP,EPM7,D1,2017-05-30,1496102400,2411.0,2414.5,2407.75,2411.25,254509,0,943493,335389.0
216,-14,EP,EPM7,D1,2017-05-31,1496188800,2411.25,2416.75,2402.75,2412.25,409033,0,1711333,903779.0
217,-13,EP,EPM7,D1,2017-06-01,1496275200,2412.25,2431.5,2410.5,2430.0,351554,0,1404748,1353191.0
218,-12,EP,EPM7,D1,2017-06-02,1496361600,2430.0,2439.75,2427.0,2437.25,414839,0,1679823,1598635.0
219,-11,EP,EPM7,D1,2017-06-04,1496534400,2435.25,2437.0,2433.5,2434.5,3878,25,9111,1031227.0
220,-10,EP,EPM7,D1,2017-06-05,1496620800,2434.25,2439.0,2433.0,2435.0,220545,0,837274,842069.0
221,-9,EP,EPM7,D1,2017-06-06,1496707200,2435.0,2435.75,2426.25,2430.75,331632,0,1269132,705172.0
222,-8,EP,EPM7,D1,2017-06-07,1496793600,2430.5,2435.0,2424.0,2431.75,355908,0,1241115,1115840.0
223,-7,EP,EPM7,D1,2017-06-08,1496880000,2432.0,2439.0,2425.5,2427.75,317685,0,1037315,1182521.0
224,-6,EP,EPM7,D1,2017-06-09,1496966400,2427.75,2445.75,2414.75,2430.75,298226,0,923136,1067189.0
225,-5,EP,EPM7,D1,2017-06-11,1497139200,2430.0,2431.0,2426.5,2427.75,2298,25,5277,655243.0
149,-82,EP,EPU7,D1,2017-06-12,1497225600,2426.0,2428.0,2416.75,2427.0,466733,0,1339299,931269.0
150,-81,EP,EPU7,D1,2017-06-13,1497312000,2427.0,2439.25,2427.0,2438.0,328782,0,1123579,824330.0
151,-80,EP,EPU7,D1,2017-06-14,1497398400,2437.75,2443.25,2425.75,2429.75,461856,0,1384426,1282435.0
152,-79,EP,EPU7,D1,2017-06-15,1497484800,2430.0,2433.25,2416.25,2431.75,472253,0,1606320,1371442.0
153,-78,EP,EPU7,D1,2017-06-16,1497571200,2431.75,2436.75,2420.25,2434.5,354223,0,1285315,1425354.0
154,-77,EP,EPU7,D1,2017-06-18,1497744000,2433.5,2434.75,2432.75,2433.5,3874,0,10308,967314.0
155,-76,EP,EPU7,D1,2017-06-19,1497830400,2433.5,2451.5,2433.25,2449.0,318704,0,1210150,835258.0
156,-75,EP,EPU7,D1,2017-06-20,1497916800,2449.25,2451.0,2434.0,2436.25,340882,0,1320604,847021.0
157,-74,EP,EPU7,D1,2017-06-21,1498003200,2436.5,2440.0,2428.0,2430.25,375131,0,1368296,1299683.0
158,-73,EP,EPU7,D1,2017-06-22,1498089600,2430.25,2439.0,2428.0,2433.25,280071,0,1039963,1242954.0
159,-72,EP,EPU7,D1,2017-06-23,1498176000,2433.25,2438.75,2428.25,2432.0,278199,0,1182451,1196903.0
160,-71,EP,EPU7,D1,2017-06-25,1498348800,2432.0,2432.75,2430.0,2432.5,3044,0,8332,743582.0
161,-70,EP,EPU7,D1,2017-06-26,1498435200,2432.5,2447.5,2431.75,2436.25,319082,0,1254755,815179.0
162,-69,EP,EPU7,D1,2017-06-27,1498521600,2436.5,2437.25,2416.5,2417.75,424138,0,1630291,964459.0
163,-68,EP,EPU7,D1,2017-06-28,1498608000,2417.75,2444.5,2413.75,2443.25,413794,0,1543850,1476299.0
164,-67,EP,EPU7,D1,2017-06-29,1498694400,2443.0,2445.0,2402.25,2420.0,658037,0,2326354,1833498.0
165,-66,EP,EPU7,D1,2017-06-30,1498780800,2420.0,2429.75,2415.0,2421.5,413587,0,1601454,1823886.0
166,-65,EP,EPU7,D1,2017-07-02,1498953600,2422.0,2427.25,2421.5,2424.5,3797,25,9391,1312400.0
167,-64,EP,EPU7,D1,2017-07-03,1499040000,2424.5,2436.5,2422.0,2423.75,223515,0,741094,783980.0
168,-63,EP,EPU7,D1,2017-07-04,1499126400,2426.0,2431.25,2421.25,2425.25,55889,0,127801,292762.0
169,-62,EP,EPU7,D1,2017-07-05,1499212800,2428.5,2432.25,2419.25,2429.75,294006,0,977802,615566.0
170,-61,EP,EPU7,D1,2017-07-06,1499299200,2429.5,2430.0,2405.25,2409.5,452982,0,1592716,899440.0
171,-60,EP,EPU7,D1,2017-07-07,1499385600,2409.5,2425.0,2407.5,2423.25,333405,0,1238667,1269728.0
172,-59,EP,EPU7,D1,2017-07-09,1499558400,2423.0,2426.0,2422.75,2425.5,3525,0,8452,946612.0
173,-58,EP,EPU7,D1,2017-07-10,1499644800,2425.25,2430.0,2419.25,2424.5,245606,0,846934,698018.0
174,-57,EP,EPU7,D1,2017-07-11,1499731200,2424.25,2427.75,2410.25,2424.75,310436,0,1127041,660809.0
175,-56,EP,EPU7,D1,2017-07-12,1499817600,2424.75,2443.75,2422.5,2441.75,307514,0,1130296,1034757.0
176,-55,EP,EPU7,D1,2017-07-13,1499904000,2441.5,2447.0,2439.0,2445.75,258394,0,932210,1063182.0
177,-54,EP,EPU7,D1,2017-07-14,1499990400,2445.75,2461.25,2442.0,2457.5,267096,0,1071086,1044531.0
178,-53,EP,EPU7,D1,2017-07-16,1500163200,2457.0,2459.0,2456.75,2457.75,2266,0,5845,669714.0
179,-52,EP,EPU7,D1,2017-07-17,1500249600,2457.5,2460.5,2454.0,2458.75,227922,0,844426,640452.0
180,-51,EP,EPU7,D1,2017-07-18,1500336000,2458.5,2461.0,2448.0,2458.5,285457,0,1076175,642149.0
181,-50,EP,EPU7,D1,2017-07-19,1500422400,2458.5,2472.0,2458.25,2470.75,235016,0,940130,953577.0
182,-49,EP,EPU7,D1,2017-07-20,1500508800,2470.5,2476.25,2465.5,2471.5,303501,0,1093872,1036726.0
183,-48,EP,EPU7,D1,2017-07-21,1500595200,2471.75,2475.25,2462.75,2470.0,276468,0,1073679,1035894.0
184,-47,EP,EPU7,D1,2017-07-23,1500768000,2469.75,2470.5,2468.25,2468.5,2078,0,5527,724359.0
185,-46,EP,EPU7,D1,2017-07-24,1500854400,2468.5,2470.5,2463.5,2467.5,218074,0,845431,641546.0
186,-45,EP,EPU7,D1,2017-07-25,1500940800,2467.75,2478.75,2466.75,2475.25,258608,0,1066088,639015.0
187,-44,EP,EPU7,D1,2017-07-26,1501027200,2475.25,2479.75,2471.5,2476.75,250666,0,950834,954118.0
188,-43,EP,EPU7,D1,2017-07-27,1501113600,2476.75,2480.5,2457.0,2468.5,452031,0,1639654,1218859.0
189,-42,EP,EPU7,D1,2017-07-28,1501200000,2468.5,2471.5,2461.5,2470.75,306640,0,1128256,1239581.0
190,-41,EP,EPU7,D1,2017-07-30,1501372800,2470.5,2471.25,2467.75,2468.0,3530,25,9316,925742.0
191,-40,EP,EPU7,D1,2017-07-31,1501459200,2468.25,2475.0,2465.25,2467.75,270554,0,1180936,772836.0
192,-39,EP,EPU7,D1,2017-08-01,1501545600,2467.75,2477.25,2467.5,2475.25,266288,0,1037855,742702.0
193,-38,EP,EPU7,D1,2017-08-02,1501632000,2475.0,2476.0,2463.25,2472.25,316013,0,1285737,1168176.0
194,-37,EP,EPU7,D1,2017-08-03,1501718400,2472.25,2474.5,2466.0,2469.0,284170,0,1077897,1133830.0
195,-36,EP,EPU7,D1,2017-08-04,1501804800,2468.75,2477.75,2467.75,2471.5,262540,0,1045491,1136375.0
196,-35,EP,EPU7,D1,2017-08-06,1501977600,2472.25,2473.75,2472.0,2473.0,2262,0,5176,709521.0
197,-34,EP,EPU7,D1,2017-08-07,1502064000,2473.25,2478.25,2473.0,2476.75,148821,0,586302,545656.0
198,-33,EP,EPU7,D1,2017-08-08,1502150400,2476.75,2488.5,2466.25,2467.25,316458,0,1372287,654588.0
199,-32,EP,EPU7,D1,2017-08-09,1502236800,2467.5,2474.5,2459.0,2471.5,410815,0,1530489,1163026.0
200,-31,EP,EPU7,D1,2017-08-10,1502323200,2471.5,2472.5,2432.75,2436.5,595710,0,2302495,1735090.0
201,-30,EP,EPU7,D1,2017-08-11,1502409600,2436.75,2446.5,2430.25,2440.75,453243,0,1623151,1818712.0
202,-29,EP,EPU7,D1,2017-08-13,1502582400,2441.5,2447.25,2441.5,2446.75,6149,25,15818,1313821.0
203,-28,EP,EPU7,D1,2017-08-14,1502668800,2447.0,2468.5,2446.5,2467.5,348690,0,1455934,1031634.0
204,-27,EP,EPU7,D1,2017-08-15,1502755200,2467.75,2473.25,2460.0,2462.75,282061,0,1041158,837637.0
205,-26,EP,EPU7,D1,2017-08-16,1502841600,2462.75,2474.0,2461.75,2463.75,312340,0,1129121,1208738.0
206,-25,EP,EPU7,D1,2017-08-17,1502928000,2464.0,2468.5,2423.75,2426.75,588339,0,2216549,1462276.0
207,-24,EP,EPU7,D1,2017-08-18,1503014400,2426.75,2439.5,2419.5,2425.0,564027,0,2153090,1832920.0
208,-23,EP,EPU7,D1,2017-08-20,1503187200,2428.75,2431.5,2427.25,2429.0,6724,0,17527,1462389.0
209,-22,EP,EPU7,D1,2017-08-21,1503273600,2429.0,2429.75,2415.75,2429.25,363682,0,1310398,1160338.0
210,-21,EP,EPU7,D1,2017-08-22,1503360000,2429.5,2454.75,2429.25,2453.0,325559,0,1349134,892353.0
211,-20,EP,EPU7,D1,2017-08-23,1503446400,2453.0,2453.25,2435.25,2436.25,335190,0,1236433,1298655.0
212,-19,EP,EPU7,D1,2017-08-24,1503532800,2436.25,2449.0,2434.5,2442.0,385444,0,1367722,1317763.0
213,-18,EP,EPU7,D1,2017-08-25,1503619200,2442.0,2453.5,2437.5,2442.25,323550,0,1164562,1256239.0
214,-17,EP,EPU7,D1,2017-08-27,1503792000,2442.0,2443.25,2437.5,2441.75,5954,0,12487,848257.0
215,-16,EP,EPU7,D1,2017-08-28,1503878400,2441.75,2449.25,2423.0,2431.0,271916,0,974049,717033.0
216,-15,EP,EPU7,D1,2017-08-29,1503964800,2431.0,2449.5,2421.0,2449.0,411580,0,1530408,838981.0
217,-14,EP,EPU7,D1,2017-08-30,1504051200,2449.0,2459.75,2442.75,2457.5,322866,0,1266201,1256886.0
218,-13,EP,EPU7,D1,2017-08-31,1504137600,2457.5,2474.25,2456.75,2472.5,371824,0,1672592,1489734.0
219,-12,EP,EPU7,D1,2017-09-01,1504224000,2472.5,2479.75,2470.5,2473.75,269978,0,1001019,1313271.0
220,-11,EP,EPU7,D1,2017-09-03,1504396800,2461.25,2466.5,2460.25,2464.75,11311,25,37614,903742.0
221,-10,EP,EPU7,D1,2017-09-04,1504483200,2465.0,2469.0,2462.0,2468.0,57957,0,171341,403325.0
222,-9,EP,EPU7,D1,2017-09-05,1504569600,2468.75,2471.25,2445.5,2458.25,481722,0,1814114,674356.0
223,-8,EP,EPU7,D1,2017-09-06,1504656000,2458.0,2469.0,2456.5,2461.5,372766,0,1393681,1126379.0
224,-7,EP,EPU7,D1,2017-09-07,1504742400,2461.25,2468.75,2459.5,2463.5,321700,0,1051617,1419804.0
225,-6,EP,EPU7,D1,2017-09-08,1504828800,2463.5,2466.5,2456.75,2462.5,168389,0,549260,998186.0
226,-5,EP,EPU7,D1,2017-09-10,1505001600,2468.0,2473.0,2468.0,2470.0,5688,0,13160,538012.0
76,-82,EP,EPZ7,D1,2017-09-11,1505088000,2468.25,2487.25,2468.0,2486.75,256756,0,967021,592444.0
77,-81,EP,EPZ7,D1,2017-09-12,1505174400,2486.75,2495.5,2485.25,2494.5,279582,0,990485,656975.0
78,-80,EP,EPZ7,D1,2017-09-13,1505260800,2494.5,2495.5,2489.0,2492.25,249646,0,970733,976080.0
79,-79,EP,EPZ7,D1,2017-09-14,1505347200,2492.5,2496.25,2487.0,2487.75,288685,0,1139077,1033432.0
80,-78,EP,EPZ7,D1,2017-09-15,1505433600,2488.0,2500.0,2487.5,2500.0,280521,0,1260129,1123313.0
81,-77,EP,EPZ7,D1,2017-09-17,1505606400,2499.0,2501.0,2498.5,2500.75,3919,0,10771,803326.0
82,-76,EP,EPZ7,D1,2017-09-18,1505692800,2500.75,2506.0,2497.75,2502.75,248057,0,1071494,780798.0
83,-75,EP,EPZ7,D1,2017-09-19,1505779200,2502.75,2506.0,2501.0,2503.0,230989,0,953510,678592.0
84,-74,EP,EPZ7,D1,2017-09-20,1505865600,2503.0,2507.25,2494.0,2505.25,318234,0,1212964,1079323.0
85,-73,EP,EPZ7,D1,2017-09-21,1505952000,2505.25,2505.75,2496.5,2499.5,282344,0,1108936,1091803.0
86,-72,EP,EPZ7,D1,2017-09-22,1506038400,2499.5,2501.0,2492.0,2499.75,247455,0,998153,1106684.0
87,-71,EP,EPZ7,D1,2017-09-24,1506211200,2499.0,2504.5,2497.5,2503.25,6204,0,16078,707722.0
88,-70,EP,EPZ7,D1,2017-09-25,1506297600,2503.25,2504.0,2485.0,2496.75,382837,0,1521569,845267.0
89,-69,EP,EPZ7,D1,2017-09-26,1506384000,2496.5,2501.25,2492.25,2495.5,299353,0,1130809,889485.0
90,-68,EP,EPZ7,D1,2017-09-27,1506470400,2495.75,2509.25,2493.0,2503.25,365772,0,1564152,1405510.0
91,-67,EP,EPZ7,D1,2017-09-28,1506556800,2503.25,2508.25,2499.0,2505.75,284116,0,1097186,1264049.0
92,-66,EP,EPZ7,D1,2017-09-29,1506643200,2505.75,2517.75,2504.75,2517.75,266780,0,1293835,1318391.0
93,-65,EP,EPZ7,D1,2017-10-01,1506816000,2518.0,2523.5,2517.0,2520.25,9452,0,25809,805610.0
94,-64,EP,EPZ7,D1,2017-10-02,1506902400,2520.25,2528.0,2517.5,2526.0,266228,0,1091753,803799.0
95,-63,EP,EPZ7,D1,2017-10-03,1506988800,2526.0,2533.5,2525.5,2531.25,196666,0,835695,651086.0
96,-62,EP,EPZ7,D1,2017-10-04,1507075200,2531.5,2538.0,2529.0,2535.5,227729,0,940720,956056.0
97,-61,EP,EPZ7,D1,2017-10-05,1507161600,2535.5,2550.75,2534.5,2548.75,235064,0,1084746,953720.0
98,-60,EP,EPZ7,D1,2017-10-06,1507248000,2548.75,2549.75,2541.5,2544.75,263365,0,1128445,1051304.0
99,-59,EP,EPZ7,D1,2017-10-08,1507420800,2543.25,2546.75,2543.25,2546.25,2993,0,8075,740422.0
100,-58,EP,EPZ7,D1,2017-10-09,1507507200,2546.5,2550.5,2539.25,2543.75,183963,0,713929,616816.0
101,-57,EP,EPZ7,D1,2017-10-10,1507593600,2544.0,2553.25,2542.75,2548.5,276966,0,1140650,620885.0
102,-56,EP,EPZ7,D1,2017-10-11,1507680000,2548.75,2553.5,2544.25,2551.75,197943,0,803994,886191.0
103,-55,EP,EPZ7,D1,2017-10-12,1507766400,2551.75,2553.25,2546.25,2547.5,204133,0,921425,955356.0
104,-54,EP,EPZ7,D1,2017-10-13,1507852800,2547.75,2555.5,2547.0,2552.5,201340,0,860852,862090.0
105,-53,EP,EPZ7,D1,2017-10-15,1508025600,2552.25,2555.25,2552.25,2554.25,3047,25,7850,596709.0
106,-52,EP,EPZ7,D1,2017-10-16,1508112000,2554.25,2557.75,2550.75,2555.75,181350,0,777798,548833.0
107,-51,EP,EPZ7,D1,2017-10-17,1508198400,2555.5,2558.5,2552.25,2558.25,167749,0,723622,503090.0
108,-50,EP,EPZ7,D1,2017-10-18,1508284800,2558.0,2562.25,2556.75,2560.0,172362,0,734335,745252.0
109,-49,EP,EPZ7,D1,2017-10-19,1508371200,2559.75,2561.5,2542.5,2560.5,335853,0,1344745,934234.0
110,-48,EP,EPZ7,D1,2017-10-20,1508457600,2560.5,2574.5,2559.5,2573.5,256094,0,1224226,1101102.0
111,-47,EP,EPZ7,D1,2017-10-22,1508630400,2572.75,2577.25,2572.5,2576.0,5341,25,14897,861289.0
112,-46,EP,EPZ7,D1,2017-10-23,1508716800,2576.0,2577.0,2561.5,2564.25,251550,0,1204856,814660.0
113,-45,EP,EPZ7,D1,2017-10-24,1508803200,2564.25,2570.25,2562.5,2564.5,252640,0,1028785,749513.0
114,-44,EP,EPZ7,D1,2017-10-25,1508889600,2564.75,2566.25,2541.5,2557.75,458640,0,2082793,1438811.0
115,-43,EP,EPZ7,D1,2017-10-26,1508976000,2557.75,2565.0,2555.5,2561.5,343683,0,1342576,1484718.0
116,-42,EP,EPZ7,D1,2017-10-27,1509062400,2561.5,2580.75,2557.5,2577.25,354776,0,1524917,1650095.0
117,-41,EP,EPZ7,D1,2017-10-29,1509235200,2575.5,2578.25,2574.25,2574.5,5026,0,13696,960396.0
118,-40,EP,EPZ7,D1,2017-10-30,1509321600,2574.5,2577.5,2565.5,2567.25,293791,0,1179904,906172.0
119,-39,EP,EPZ7,D1,2017-10-31,1509408000,2567.25,2575.5,2566.75,2572.75,216070,0,1023105,738902.0
120,-38,EP,EPZ7,D1,2017-11-01,1509494400,2573.0,2585.5,2571.5,2573.5,317304,0,1265735,1156248.0
121,-37,EP,EPZ7,D1,2017-11-02,1509580800,2573.5,2578.75,2562.25,2578.5,344593,0,1255527,1181456.0
122,-36,EP,EPZ7,D1,2017-11-03,1509667200,2578.5,2585.5,2573.5,2581.25,235913,0,964426,1161896.0
123,-35,EP,EPZ7,D1,2017-11-05,1509840000,2580.0,2584.5,2580.0,2583.0,3235,25,9493,743149.0
124,-34,EP,EPZ7,D1,2017-11-06,1509926400,2583.0,2590.0,2575.5,2588.25,211358,0,819168,597696.0
125,-33,EP,EPZ7,D1,2017-11-07,1510012800,2588.0,2593.5,2579.75,2580.75,312131,0,1159672,662778.0
126,-32,EP,EPZ7,D1,2017-11-08,1510099200,2580.75,2592.5,2580.0,2591.0,250451,0,1020998,999946.0
127,-31,EP,EPZ7,D1,2017-11-09,1510185600,2591.0,2594.5,2563.25,2581.75,591500,0,2200852,1460507.0
128,-30,EP,EPZ7,D1,2017-11-10,1510272000,2581.75,2585.75,2571.5,2579.0,327045,0,1166183,1462678.0
129,-29,EP,EPZ7,D1,2017-11-12,1510444800,2580.25,2584.0,2579.75,2583.75,3103,0,7502,1124846.0
130,-28,EP,EPZ7,D1,2017-11-13,1510531200,2583.75,2585.5,2570.25,2579.5,274231,0,1039559,737748.0
131,-27,EP,EPZ7,D1,2017-11-14,1510617600,2579.5,2582.25,2564.25,2575.0,388661,0,1566120,871060.0
132,-26,EP,EPZ7,D1,2017-11-15,1510704000,2575.0,2575.25,2555.5,2563.75,476004,0,1900715,1502131.0
133,-25,EP,EPZ7,D1,2017-11-16,1510790400,2563.5,2589.5,2563.25,2585.25,339775,0,1496838,1654558.0
134,-24,EP,EPZ7,D1,2017-11-17,1510876800,2585.25,2585.75,2574.75,2575.75,308433,0,1155817,1517790.0
135,-23,EP,EPZ7,D1,2017-11-19,1511049600,2576.0,2578.75,2573.5,2576.25,4957,0,12553,888403.0
136,-22,EP,EPZ7,D1,2017-11-20,1511136000,2576.25,2584.0,2567.75,2580.75,260894,0,974071,714147.0
137,-21,EP,EPZ7,D1,2017-11-21,1511222400,2581.0,2600.5,2579.25,2596.25,262610,0,1110892,699172.0
138,-20,EP,EPZ7,D1,2017-11-22,1511308800,2596.5,2600.0,2592.75,2594.25,207346,0,737780,940914.0
139,-19,EP,EPZ7,D1,2017-11-23,1511395200,2594.25,2598.0,2589.5,2597.0,46363,0,119414,656029.0
140,-18,EP,EPZ7,D1,2017-11-24,1511481600,2597.75,2603.0,2595.75,2601.5,111844,0,394279,417158.0
141,-17,EP,EPZ7,D1,2017-11-26,1511654400,2601.0,2603.5,2600.75,2602.25,3285,0,9800,174498.0
142,-16,EP,EPZ7,D1,2017-11-27,1511740800,2602.25,2605.5,2596.5,2599.75,238541,0,908017,437365.0
143,-15,EP,EPZ7,D1,2017-11-28,1511827200,2599.75,2627.0,2597.5,2624.75,375103,0,1511202,809673.0
144,-14,EP,EPZ7,D1,2017-11-29,1511913600,2624.75,2634.25,2619.75,2624.25,451976,0,1605555,1341591.0
145,-13,EP,EPZ7,D1,2017-11-30,1512000000,2624.25,2658.5,2621.75,2642.0,546777,0,2265145,1793967.0
146,-12,EP,EPZ7,D1,2017-12-01,1512086400,2642.0,2650.75,2605.0,2642.75,754393,0,2277965,2049555.0
147,-11,EP,EPZ7,D1,2017-12-03,1512259200,2654.5,2663.25,2654.0,2659.0,14750,0,37328,1526813.0
148,-10,EP,EPZ7,D1,2017-12-04,1512345600,2658.75,2665.25,2633.75,2638.0,520597,0,1659264,1324852.0
149,-9,EP,EPZ7,D1,2017-12-05,1512432000,2638.0,2648.75,2626.75,2629.75,410206,0,1218819,971804.0
150,-8,EP,EPZ7,D1,2017-12-06,1512518400,2629.5,2634.5,2620.0,2631.75,356608,0,1034701,1304261.0
151,-7,EP,EPZ7,D1,2017-12-07,1512604800,2632.0,2641.25,2626.25,2641.0,305069,0,860044,1037855.0
152,-6,EP,EPZ7,D1,2017-12-08,1512691200,2641.0,2652.5,2637.75,2651.75,159786,0,467032,787259.0
153,-5,EP,EPZ7,D1,2017-12-10,1512864000,2652.0,2654.75,2651.25,2653.25,2529,25,5471,444182.0
74,-82,EP,EPH8,D1,2017-12-11,1512950400,2656.25,2667.75,2652.25,2665.5,221406,0,711137,459978.0
75,-81,EP,EPH8,D1,2017-12-12,1513036800,2665.5,2673.0,2663.25,2665.0,272879,0,899829,540116.0
76,-80,EP,EPH8,D1,2017-12-13,1513123200,2664.75,2675.5,2659.25,2669.5,338656,0,1037774,882913.0
77,-79,EP,EPH8,D1,2017-12-14,1513209600,2669.5,2673.5,2651.75,2654.25,367001,0,1192976,1043526.0
78,-78,EP,EPH8,D1,2017-12-15,1513296000,2654.25,2683.25,2653.0,2683.0,371332,0,1337804,1189518.0
79,-77,EP,EPH8,D1,2017-12-17,1513468800,2683.0,2686.75,2682.5,2686.0,5093,0,12956,847912.0
80,-76,EP,EPH8,D1,2017-12-18,1513555200,2686.25,2698.0,2684.5,2695.25,296809,0,997592,782784.0
81,-75,EP,EPH8,D1,2017-12-19,1513641600,2695.5,2698.0,2682.5,2687.75,296400,0,965433,658660.0
82,-74,EP,EPH8,D1,2017-12-20,1513728000,2687.75,2695.5,2679.0,2683.0,311370,0,931449,964825.0
83,-73,EP,EPH8,D1,2017-12-21,1513814400,2683.0,2696.0,2680.75,2689.25,249682,0,810373,902418.0
84,-72,EP,EPH8,D1,2017-12-22,1513900800,2689.25,2691.5,2682.25,2687.0,187960,0,581521,774448.0
85,-71,EP,EPH8,D1,2017-12-25,1514160000,2687.0,2689.5,2686.5,2688.25,1741,0,4283,465392.0
86,-70,EP,EPH8,D1,2017-12-26,1514246400,2688.5,2688.75,2683.5,2688.0,122454,0,358102,314635.0
87,-69,EP,EPH8,D1,2017-12-27,1514332800,2688.25,2691.0,2681.5,2685.75,194681,0,625516,329300.0
88,-68,EP,EPH8,D1,2017-12-28,1514419200,2685.75,2689.0,2683.0,2686.5,152276,0,518985,500868.0
89,-67,EP,EPH8,D1,2017-12-29,1514505600,2686.5,2698.25,2667.75,2668.25,264604,0,1043274,729258.0
90,-66,EP,EPH8,D1,2018-01-01,1514764800,2668.25,2681.0,2668.25,2680.75,5391,0,16399,526219.0
91,-65,EP,EPH8,D1,2018-01-02,1514851200,2680.75,2696.0,2675.25,2693.75,283929,0,955319,671664.0
92,-64,EP,EPH8,D1,2018-01-03,1514937600,2693.75,2714.25,2693.5,2710.5,299086,0,1072971,681563.0
93,-63,EP,EPH8,D1,2018-01-04,1515024000,2710.5,2729.0,2708.5,2725.5,322262,0,1137993,1055428.0
94,-62,EP,EPH8,D1,2018-01-05,1515110400,2725.75,2743.25,2723.75,2742.5,294674,0,1080281,1097082.0
95,-61,EP,EPH8,D1,2018-01-07,1515283200,2741.75,2747.75,2741.75,2745.75,5599,0,17331,745202.0
96,-60,EP,EPH8,D1,2018-01-08,1515369600,2745.75,2748.5,2736.5,2748.0,237524,0,853989,650534.0
97,-59,EP,EPH8,D1,2018-01-09,1515456000,2748.0,2760.0,2742.75,2751.5,309866,0,1116634,662651.0
98,-58,EP,EPH8,D1,2018-01-10,1515542400,2751.5,2752.0,2736.5,2750.75,375814,0,1252303,1074309.0
99,-57,EP,EPH8,D1,2018-01-11,1515628800,2750.75,2770.5,2747.75,2768.75,298198,0,998830,1122589.0
100,-56,EP,EPH8,D1,2018-01-12,1515715200,2768.5,2790.0,2766.75,2789.25,370009,0,1282359,1177831.0
101,-55,EP,EPH8,D1,2018-01-14,1515888000,2789.75,2795.75,2789.75,2795.75,5122,25,12590,764593.0
102,-54,EP,EPH8,D1,2018-01-15,1515974400,2795.5,2797.5,2790.75,2794.5,54789,0,140897,478615.0
103,-53,EP,EPH8,D1,2018-01-16,1516060800,2796.75,2808.5,2769.25,2781.0,556553,0,1750423,634637.0
104,-52,EP,EPH8,D1,2018-01-17,1516147200,2781.25,2809.5,2780.5,2806.25,445532,0,1436813,1109378.0
105,-51,EP,EPH8,D1,2018-01-18,1516233600,2806.0,2808.0,2793.75,2799.0,399324,0,1216453,1467896.0
106,-50,EP,EPH8,D1,2018-01-19,1516320000,2798.75,2815.0,2791.75,2812.75,399938,0,1274047,1309104.0
107,-49,EP,EPH8,D1,2018-01-21,1516492800,2804.0,2809.25,2802.0,2807.5,7223,0,16052,835517.0
108,-48,EP,EPH8,D1,2018-01-22,1516579200,2807.5,2838.25,2805.75,2835.0,344779,0,1082854,790984.0
109,-47,EP,EPH8,D1,2018-01-23,1516665600,2835.0,2844.75,2828.75,2838.75,417493,0,1195228,764711.0
110,-46,EP,EPH8,D1,2018-01-24,1516752000,2838.5,2855.25,2825.5,2837.25,631901,0,1758505,1345529.0
111,-45,EP,EPH8,D1,2018-01-25,1516838400,2837.25,2853.75,2830.75,2843.25,522883,0,1348238,1433990.0
112,-44,EP,EPH8,D1,2018-01-26,1516924800,2843.5,2876.0,2842.25,2874.75,395309,0,1195449,1434064.0
113,-43,EP,EPH8,D1,2018-01-28,1517097600,2874.25,2877.25,2873.5,2876.75,5656,25,14375,852687.0
114,-42,EP,EPH8,D1,2018-01-29,1517184000,2877.0,2878.5,2851.5,2857.0,472246,0,1336880,848901.0
115,-41,EP,EPH8,D1,2018-01-30,1517270400,2856.75,2858.0,2818.5,2824.0,723573,0,2034209,1128488.0
116,-40,EP,EPH8,D1,2018-01-31,1517356800,2824.25,2839.75,2813.0,2832.25,580407,0,1751240,1707443.0
117,-39,EP,EPH8,D1,2018-02-01,1517443200,2832.25,2837.25,2809.5,2827.5,577148,0,1593459,1792969.0
118,-38,EP,EPH8,D1,2018-02-02,1517529600,2827.5,2828.5,2755.25,2757.25,766131,0,2130335,1825011.0
119,-37,EP,EPH8,D1,2018-02-04,1517702400,2757.0,2757.0,2733.0,2740.75,29666,0,70291,1264695.0
120,-36,EP,EPH8,D1,2018-02-05,1517788800,2741.0,2763.0,2595.75,2620.25,1495924,0,3906747,2035791.0
121,-35,EP,EPH8,D1,2018-02-06,1517875200,2620.25,2699.75,2529.0,2687.5,1968587,0,4611736,2862925.0
122,-34,EP,EPH8,D1,2018-02-07,1517961600,2687.75,2726.75,2645.25,2647.25,1091606,0,2411395,3643293.0
123,-33,EP,EPH8,D1,2018-02-08,1518048000,2647.25,2686.5,2577.0,2588.25,1429264,0,3047500,3356877.0
124,-32,EP,EPH8,D1,2018-02-09,1518134400,2588.75,2637.75,2530.25,2621.5,1812927,0,3760364,3073086.0
125,-31,EP,EPH8,D1,2018-02-11,1518307200,2628.25,2634.5,2623.0,2634.25,13756,0,26948,2278271.0
126,-30,EP,EPH8,D1,2018-02-12,1518393600,2634.25,2671.5,2620.0,2652.0,982425,0,2084847,1957386.0
127,-29,EP,EPH8,D1,2018-02-13,1518480000,2652.0,2667.5,2634.25,2664.75,698217,0,1418126,1176640.0
128,-28,EP,EPH8,D1,2018-02-14,1518566400,2664.75,2701.75,2627.0,2695.5,904432,0,2014866,1839280.0
129,-27,EP,EPH8,D1,2018-02-15,1518652800,2695.25,2737.5,2688.5,2736.75,711192,0,1603137,1678710.0
130,-26,EP,EPH8,D1,2018-02-16,1518739200,2736.5,2754.75,2722.25,2736.25,711181,0,1657792,1758598.0
131,-25,EP,EPH8,D1,2018-02-18,1518912000,2734.5,2741.0,2734.0,2740.25,3561,25,6706,1089212.0
132,-24,EP,EPH8,D1,2018-02-19,1518998400,2740.25,2747.75,2719.5,2728.5,96498,0,177481,613993.0
133,-23,EP,EPH8,D1,2018-02-20,1519084800,2731.0,2737.75,2705.75,2719.0,571511,0,1221442,468543.0
134,-22,EP,EPH8,D1,2018-02-21,1519171200,2719.0,2747.75,2690.0,2691.25,709964,0,1570332,989752.0
135,-21,EP,EPH8,D1,2018-02-22,1519257600,2691.25,2731.0,2682.0,2713.0,716891,0,1555436,1449070.0
136,-20,EP,EPH8,D1,2018-02-23,1519344000,2712.75,2750.25,2710.0,2746.0,493573,0,1187439,1437736.0
137,-19,EP,EPH8,D1,2018-02-25,1519516800,2751.5,2754.75,2749.25,2752.25,5219,0,11666,918180.0
138,-18,EP,EPH8,D1,2018-02-26,1519603200,2752.0,2786.0,2742.5,2783.75,468005,0,1189524,796210.0
139,-17,EP,EPH8,D1,2018-02-27,1519689600,2783.75,2789.75,2742.0,2752.75,741457,0,1672968,958053.0
140,-16,EP,EPH8,D1,2018-02-28,1519776000,2752.75,2762.0,2712.0,2719.25,747038,0,1752256,1538249.0
141,-15,EP,EPH8,D1,2018-03-01,1519862400,2719.25,2731.0,2658.5,2681.0,1299788,0,2727891,2051038.0
142,-14,EP,EPH8,D1,2018-03-02,1519948800,2681.0,2696.0,2649.25,2690.5,676884,0,1406833,1962327.0
143,-13,EP,EPH8,D1,2018-03-03,1520035200,2690.5,2690.5,2690.5,2690.5,1,0,1,1378242.0
144,-12,EP,EPH8,D1,2018-03-04,1520121600,2690.5,2690.5,2674.25,2681.25,11718,0,24332,477055.0
145,-11,EP,EPH8,D1,2018-03-05,1520208000,2681.25,2727.75,2663.75,2718.25,724179,0,1621282,548538.0
146,-10,EP,EPH8,D1,2018-03-06,1520294400,2718.5,2734.5,2690.0,2693.0,631358,0,1334141,993252.0
147,-9,EP,EPH8,D1,2018-03-07,1520380800,2693.0,2730.25,2681.25,2722.25,734825,0,1486408,1480610.0
148,-8,EP,EPH8,D1,2018-03-08,1520467200,2722.25,2742.75,2720.0,2738.5,458705,0,980222,1266924.0
149,-7,EP,EPH8,D1,2018-03-09,1520553600,2738.5,2787.0,2730.0,2783.5,311635,0,730470,1065700.0
150,-6,EP,EPH8,D1,2018-03-10,1520640000,2783.5,2783.5,2783.5,2783.5,4,0,4,570232.0
73,-93,EP,EPM8,D1,2018-03-11,1520726400,2788.25,2798.5,2788.0,2795.75,7035,0,12595,251606.0
74,-92,EP,EPM8,D1,2018-03-12,1520812800,2796.0,2805.25,2783.75,2787.75,412361,0,872521,295040.0
75,-91,EP,EPM8,D1,2018-03-13,1520899200,2787.75,2807.25,2762.25,2768.25,636891,0,1441113,775410.0
76,-90,EP,EPM8,D1,2018-03-14,1520985600,2768.25,2783.5,2748.25,2756.5,677387,0,1483564,1265733.0
77,-89,EP,EPM8,D1,2018-03-15,1521072000,2756.5,2767.25,2745.0,2758.75,520614,0,1173566,1366081.0
78,-88,EP,EPM8,D1,2018-03-16,1521158400,2759.0,2766.25,2750.25,2755.5,437420,0,1070131,1242420.0
79,-87,EP,EPM8,D1,2018-03-17,1521244800,2755.5,2755.5,2755.5,2755.5,3,0,3,747900.0
80,-86,EP,EPM8,D1,2018-03-18,1521331200,2755.5,2756.5,2751.0,2753.5,6646,0,13239,361124.0
81,-85,EP,EPM8,D1,2018-03-19,1521417600,2753.75,2756.0,2697.25,2718.25,805702,0,1944435,652559.0
82,-84,EP,EPM8,D1,2018-03-20,1521504000,2718.25,2729.0,2712.75,2722.25,491068,0,1077367,1011680.0
83,-83,EP,EPM8,D1,2018-03-21,1521590400,2722.25,2744.0,2712.5,2718.5,628041,0,1386074,1469292.0
84,-82,EP,EPM8,D1,2018-03-22,1521676800,2718.5,2726.25,2626.5,2629.0,1141476,0,2516644,1660028.0
85,-81,EP,EPM8,D1,2018-03-23,1521763200,2628.75,2658.75,2586.0,2596.5,1257387,0,2717247,2206655.0
86,-80,EP,EPM8,D1,2018-03-24,1521849600,2596.5,2596.5,2596.5,2596.5,4,0,4,1744632.0
87,-79,EP,EPM8,D1,2018-03-25,1521936000,2596.5,2606.0,2591.0,2604.75,24201,0,44814,920688.0
88,-78,EP,EPM8,D1,2018-03-26,1522022400,2604.25,2663.25,2601.75,2662.25,969799,0,2167611,737476.0
89,-77,EP,EPM8,D1,2018-03-27,1522108800,2662.5,2679.75,2596.0,2615.75,1129623,0,2365862,1526096.0
90,-76,EP,EPM8,D1,2018-03-28,1522195200,2615.75,2633.75,2593.0,2611.5,1422817,0,2718803,2417425.0
91,-75,EP,EPM8,D1,2018-03-29,1522281600,2611.25,2659.5,2601.0,2637.5,872847,0,1938769,2341145.0
92,-74,EP,EPM8,D1,2018-03-30,1522368000,2637.5,2637.5,2637.5,2637.5,1,100,4,1552525.0
93,-73,EP,EPM8,D1,2018-03-31,1522454400,2637.5,2637.5,2637.5,2637.5,3,0,12,646262.0
94,-72,EP,EPM8,D1,2018-04-01,1522540800,2637.5,2641.5,2631.25,2636.0,11852,0,21635,7217.0
95,-71,EP,EPM8,D1,2018-04-02,1522627200,2636.0,2641.25,2552.0,2583.5,1055439,0,2319752,780466.0
96,-70,EP,EPM8,D1,2018-04-03,1522713600,2583.75,2618.75,2573.5,2609.0,1008325,0,2126351,1489246.0
97,-69,EP,EPM8,D1,2018-04-04,1522800000,2609.0,2653.0,2559.5,2651.75,1054054,0,2175673,2207259.0
98,-68,EP,EPM8,D1,2018-04-05,1522886400,2652.0,2672.25,2619.75,2631.0,771370,0,1657872,1986632.0
99,-67,EP,EPM8,D1,2018-04-06,1522972800,2631.25,2656.75,2584.5,2605.0,1154079,0,2407375,2080307.0
100,-66,EP,EPM8,D1,2018-04-07,1523059200,2605.0,2605.0,2605.0,2605.0,2,0,8,1355085.0
101,-65,EP,EPM8,D1,2018-04-08,1523145600,2605.0,2617.0,2605.0,2614.5,13226,0,23879,810421.0
102,-64,EP,EPM8,D1,2018-04-09,1523232000,2614.5,2653.75,2610.0,2615.75,734238,0,1702454,575447.0
103,-63,EP,EPM8,D1,2018-04-10,1523318400,2615.75,2666.25,2612.75,2648.75,892597,0,1934541,1220291.0
104,-62,EP,EPM8,D1,2018-04-11,1523404800,2648.75,2661.25,2626.0,2647.25,706214,0,1573307,1736767.0
105,-61,EP,EPM8,D1,2018-04-12,1523491200,2647.25,2675.0,2639.75,2656.75,581677,0,1264413,1590754.0
106,-60,EP,EPM8,D1,2018-04-13,1523577600,2656.5,2680.5,2644.75,2659.25,685498,0,1620620,1486113.0
107,-59,EP,EPM8,D1,2018-04-14,1523664000,2659.25,2659.25,2659.25,2659.25,3,0,3,961679.0
108,-58,EP,EPM8,D1,2018-04-15,1523750400,2659.25,2677.5,2659.25,2673.75,12216,0,25654,548759.0
109,-57,EP,EPM8,D1,2018-04-16,1523836800,2673.75,2687.0,2660.75,2681.25,511899,0,1166754,397470.0
110,-56,EP,EPM8,D1,2018-04-17,1523923200,2681.25,2713.75,2681.0,2707.0,501339,0,1212286,801565.0
111,-55,EP,EPM8,D1,2018-04-18,1524009600,2707.25,2718.5,2703.75,2712.75,449455,0,1021262,1133434.0
112,-54,EP,EPM8,D1,2018-04-19,1524096000,2712.75,2713.25,2681.5,2693.0,598705,0,1509094,1247547.0
113,-53,EP,EPM8,D1,2018-04-20,1524182400,2693.25,2698.25,2659.75,2671.25,610169,0,1557996,1362784.0
114,-52,EP,EPM8,D1,2018-04-22,1524355200,2671.25,2684.75,2671.25,2677.5,1,0,19345,1028812.0
115,-51,EP,EPM8,D1,2018-04-23,1524441600,2677.5,2683.0,2657.25,2675.0,196862,0,1184387,920576.0
116,-50,EP,EPM8,D1,2018-04-24,1524528000,2675.25,2688.5,2616.0,2638.0,260759,0,2296136,1166623.0
117,-49,EP,EPM8,D1,2018-04-25,1524614400,2637.5,2654.75,2611.25,2650.5,798027,0,1851946,1777490.0
118,-48,EP,EPM8,D1,2018-04-26,1524700800,2650.5,2677.5,2639.5,2672.0,520422,0,1236435,1794839.0
119,-47,EP,EPM8,D1,2018-04-27,1524787200,2672.0,2676.25,2657.75,2671.5,464120,0,1108815,1399065.0
120,-46,EP,EPM8,D1,2018-04-28,1524873600,2671.5,2671.5,2671.5,2671.5,1,100,1,781750.0
121,-45,EP,EPM8,D1,2018-04-29,1524960000,2671.5,2679.25,2670.0,2673.0,6439,0,12140,373652.0
122,-44,EP,EPM8,D1,2018-04-30,1525046400,2673.25,2682.25,2641.25,2648.25,502338,0,1276469,429537.0
123,-43,EP,EPM8,D1,2018-05-01,1525132800,2648.5,2658.0,2623.25,2656.0,513340,0,1283378,857329.0
124,-42,EP,EPM8,D1,2018-05-02,1525219200,2656.0,2658.5,2624.25,2628.25,560810,0,1369590,1309812.0
125,-41,EP,EPM8,D1,2018-05-03,1525305600,2628.5,2636.25,2591.25,2626.5,865962,0,2069656,1574208.0
126,-40,EP,EPM8,D1,2018-05-04,1525392000,2626.75,2669.5,2612.25,2664.0,625854,0,1613121,1684122.0
127,-39,EP,EPM8,D1,2018-05-05,1525478400,2664.0,2664.0,2664.0,2664.0,2,0,2,1227593.0
128,-38,EP,EPM8,D1,2018-05-06,1525564800,2664.0,2672.75,2661.25,2669.5,8795,25,14858,542660.0
129,-37,EP,EPM8,D1,2018-05-07,1525651200,2669.25,2681.5,2662.5,2667.25,437126,0,1094469,369776.0
130,-36,EP,EPM8,D1,2018-05-08,1525737600,2667.25,2674.25,2652.25,2668.0,548672,0,1238697,782675.0
131,-35,EP,EPM8,D1,2018-05-09,1525824000,2667.75,2700.0,2666.5,2695.75,477481,0,1215575,1182914.0
132,-34,EP,EPM8,D1,2018-05-10,1525910400,2695.75,2725.0,2694.25,2720.5,183070,0,1144459,1199577.0
133,-33,EP,EPM8,D1,2018-05-11,1525996800,2720.5,2732.5,2716.5,2728.0,406844,0,1015593,1125209.0
134,-32,EP,EPM8,D1,2018-05-12,1526083200,2728.0,2728.0,2728.0,2728.0,2,0,12,720021.0
135,-31,EP,EPM8,D1,2018-05-13,1526169600,2728.0,2736.5,2727.25,2736.25,7268,0,13819,343141.0
136,-30,EP,EPM8,D1,2018-05-14,1526256000,2736.0,2741.25,2724.25,2730.0,356106,0,904388,306073.0
137,-29,EP,EPM8,D1,2018-05-15,1526342400,2730.0,2731.25,2700.5,2706.75,593382,0,1455579,791262.0
138,-28,EP,EPM8,D1,2018-05-16,1526428800,2706.75,2728.0,2704.5,2724.5,380040,0,986301,1115423.0
139,-27,EP,EPM8,D1,2018-05-17,1526515200,2724.5,2732.0,2711.0,2722.5,422545,0,1044484,1162121.0
140,-26,EP,EPM8,D1,2018-05-18,1526601600,2722.5,2727.0,2708.75,2712.25,397455,0,959731,996839.0
141,-25,EP,EPM8,D1,2018-05-20,1526774400,2712.25,2736.25,2712.25,2730.0,14063,0,26313,676843.0
142,-24,EP,EPM8,D1,2018-05-21,1526860800,2730.0,2739.25,2724.25,2731.5,351031,0,880748,622264.0
143,-23,EP,EPM8,D1,2018-05-22,1526947200,2731.25,2741.75,2721.5,2724.5,334700,0,850569,585877.0
144,-22,EP,EPM8,D1,2018-05-23,1527033600,2724.5,2733.0,2704.5,2728.25,528595,0,1247332,992883.0
145,-21,EP,EPM8,D1,2018-05-24,1527120000,2728.25,2733.25,2705.75,2729.75,525677,0,1201791,1099897.0
146,-20,EP,EPM8,D1,2018-05-25,1527206400,2729.75,2737.75,2713.75,2720.75,427548,0,952852,1133992.0
147,-19,EP,EPM8,D1,2018-05-27,1527379200,2720.75,2731.0,2720.75,2729.5,5560,0,11376,722006.0
148,-18,EP,EPM8,D1,2018-05-28,1527465600,2729.5,2731.75,2718.25,2722.25,56534,0,96794,353674.0
149,-17,EP,EPM8,D1,2018-05-29,1527552000,2722.25,2723.0,2675.0,2688.0,784960,0,1811561,639910.0
150,-16,EP,EPM8,D1,2018-05-30,1527638400,2687.75,2729.25,2685.75,2720.25,575270,0,1366426,1091594.0
151,-15,EP,EPM8,D1,2018-05-31,1527724800,2720.5,2728.25,2699.75,2708.5,650343,0,1536254,1571414.0
152,-14,EP,EPM8,D1,2018-06-01,1527811200,2708.75,2737.0,2707.0,2734.75,476561,0,1139524,1347401.0
153,-13,EP,EPM8,D1,2018-06-02,1527897600,2734.75,2734.75,2734.75,2734.75,1,50,15,891931.0
154,-12,EP,EPM8,D1,2018-06-03,1527984000,2734.75,2734.75,2729.0,2734.0,5707,0,10605,383381.0
155,-11,EP,EPM8,D1,2018-06-04,1528070400,2734.0,2749.25,2733.25,2745.75,335038,0,797349,269323.0
156,-10,EP,EPM8,D1,2018-06-05,1528156800,2745.5,2753.25,2739.0,2751.25,381003,0,931515,579823.0
157,-9,EP,EPM8,D1,2018-06-06,1528243200,2751.25,2774.75,2748.0,2771.25,409309,0,1123118,950661.0
158,-8,EP,EPM8,D1,2018-06-07,1528329600,2771.25,2779.75,2760.0,2772.5,508104,0,1242575,1099069.0
159,-7,EP,EPM8,D1,2018-06-08,1528416000,2772.75,2779.75,2752.0,2779.25,315947,0,703485,1023059.0
160,-6,EP,EPM8,D1,2018-06-09,1528502400,2779.25,2779.25,2779.25,2779.25,1,50,2,648687.0
36,-90,EP,EPU18,D1,2018-06-10,1528588800,2777.25,2777.75,2774.0,2777.5,10370,0,10922,320353.0
37,-89,EP,EPU18,D1,2018-06-11,1528675200,2779.0,2794.25,2777.25,2789.25,22350,0,717349,467822.0
38,-88,EP,EPU18,D1,2018-06-12,1528761600,2789.0,2794.0,2782.25,2792.75,103979,0,785362,504544.0
39,-87,EP,EPU18,D1,2018-06-13,1528848000,2792.75,2796.0,2777.75,2780.75,92645,0,978426,827046.0
40,-86,EP,EPU18,D1,2018-06-14,1528934400,2780.75,2794.0,2772.25,2787.5,109410,0,1047915,937234.0
41,-85,EP,EPU18,D1,2018-06-15,1529020800,2787.5,2788.5,2765.5,2781.5,125691,0,1445593,1157311.0
42,-84,EP,EPU18,D1,2018-06-17,1529193600,2780.0,2786.75,2779.0,2783.25,6444,0,11944,835151.0
43,-83,EP,EPU18,D1,2018-06-18,1529280000,2783.25,2783.5,2761.25,2765.0,110888,0,983559,813699.0
44,-82,EP,EPU18,D1,2018-06-19,1529366400,2765.25,2769.0,2735.75,2767.75,168564,0,1561459,852321.0
45,-81,EP,EPU18,D1,2018-06-20,1529452800,2767.75,2778.25,2757.25,2774.0,119237,0,1033565,1192861.0
46,-80,EP,EPU18,D1,2018-06-21,1529539200,2774.0,2785.25,2747.0,2752.5,150565,0,1454662,1349895.0
47,-79,EP,EPU18,D1,2018-06-22,1529625600,2752.5,2768.5,2752.0,2756.5,105370,0,1066022,1184750.0
48,-78,EP,EPU18,D1,2018-06-24,1529798400,2757.0,2758.0,2752.25,2757.75,8170,0,11970,844218.0
49,-77,EP,EPU18,D1,2018-06-25,1529884800,2757.75,2758.0,2700.5,2720.5,188414,0,2145998,1074663.0
50,-76,EP,EPU18,D1,2018-06-26,1529971200,2720.75,2735.25,2714.75,2729.0,149911,0,1366621,1174863.0
51,-75,EP,EPU18,D1,2018-06-27,1530057600,2729.0,2748.0,2701.0,2709.25,201715,0,2072532,1861717.0
52,-74,EP,EPU18,D1,2018-06-28,1530144000,2709.25,2726.25,2693.25,2721.5,197312,0,1650575,1696576.0
53,-73,EP,EPU18,D1,2018-06-29,1530230400,2721.5,2745.5,2716.75,2720.75,151545,0,1549291,1757466.0
54,-72,EP,EPU18,D1,2018-07-01,1530403200,2721.0,2725.25,2712.5,2722.75,14745,0,19152,1073006.0
55,-71,EP,EPU18,D1,2018-07-02,1530489600,2722.75,2728.5,2698.5,2727.25,162015,0,1169033,912492.0
56,-70,EP,EPU18,D1,2018-07-03,1530576000,2727.25,2741.5,2710.75,2713.0,129927,0,828766,672317.0
57,-69,EP,EPU18,D1,2018-07-04,1530662400,2713.0,2724.0,2712.0,2720.0,64008,0,95515,697771.0
58,-68,EP,EPU18,D1,2018-07-05,1530748800,2720.0,2739.75,2712.5,2733.25,144440,0,1046391,656891.0
59,-67,EP,EPU18,D1,2018-07-06,1530835200,2733.25,2766.25,2731.25,2762.5,135170,0,1218447,786784.0
60,-66,EP,EPU18,D1,2018-07-08,1531008000,2762.0,2767.0,2761.75,2765.75,6595,0,7249,757362.0
61,-65,EP,EPU18,D1,2018-07-09,1531094400,2766.0,2792.0,2765.25,2791.0,101014,0,942830,722842.0
11,-304,EP,EPM19,D1,2018-07-10,1531180800,2814.75,2814.75,2814.75,2814.75,1,0,0,637357.0
63,-63,EP,EPU18,D1,2018-07-11,1531267200,2775.25,2787.75,2765.75,2777.75,155940,0,1272338,1057809.0
64,-62,EP,EPU18,D1,2018-07-12,1531353600,2777.75,2803.25,2776.0,2802.25,118738,0,1099483,1110027.0
65,-61,EP,EPU18,D1,2018-07-13,1531440000,2802.25,2807.25,2793.25,2804.25,98770,0,891734,1087852.0
66,-60,EP,EPU18,D1,2018-07-15,1531612800,2804.75,2809.0,2804.75,2807.0,5567,0,7034,666084.0
67,-59,EP,EPU18,D1,2018-07-16,1531699200,2807.25,2809.0,2794.25,2797.75,92609,0,776987,558585.0
68,-58,EP,EPU18,D1,2018-07-17,1531785600,2797.5,2816.0,2789.75,2814.75,99214,0,1019292,601104.0
69,-57,EP,EPU18,D1,2018-07-18,1531872000,2814.5,2818.25,2806.75,2816.0,87381,0,830074,875451.0
70,-56,EP,EPU18,D1,2018-07-19,1531958400,2816.0,2818.0,2800.25,2806.5,107659,0,1059748,969705.0
71,-55,EP,EPU18,D1,2018-07-20,1532044800,2806.5,2810.5,2793.0,2803.5,115795,0,970731,953518.0
72,-54,EP,EPU18,D1,2018-07-22,1532217600,2805.25,2806.0,2802.0,2802.0,5945,0,6439,678973.0
73,-53,EP,EPU18,D1,2018-07-23,1532304000,2802.0,2816.75,2792.5,2816.25,103914,0,805701,594290.0
61,-217,EP,EPH19,D1,2018-07-24,1532390400,2828.25,2836.5,2828.25,2832.0,4,0,2686980,895665.0
75,-51,EP,EPU18,D1,2018-07-25,1532476800,2818.75,2849.5,2814.0,2837.25,113938,0,1290582,1136664.0
76,-50,EP,EPU18,D1,2018-07-26,1532563200,2837.25,2846.5,2833.25,2842.25,109107,0,984499,1196263.0
77,-49,EP,EPU18,D1,2018-07-27,1532649600,2842.25,2847.0,2808.75,2817.25,115014,0,1447412,1240831.0
78,-48,EP,EPU18,D1,2018-07-29,1532822400,2816.0,2817.75,2812.75,2815.25,6544,0,9249,813720.0
79,-47,EP,EPU18,D1,2018-07-30,1532908800,2815.0,2821.75,2798.25,2806.0,117660,0,1147096,867919.0
80,-46,EP,EPU18,D1,2018-07-31,1532995200,2806.25,2827.75,2802.75,2818.25,125537,0,1332193,829513.0
81,-45,EP,EPU18,D1,2018-08-01,1533081600,2818.5,2825.75,2805.5,2814.0,118410,0,1045285,1174858.0
82,-44,EP,EPU18,D1,2018-08-02,1533168000,2813.75,2831.25,2791.0,2829.0,121185,0,1204669,1194049.0
83,-43,EP,EPU18,D1,2018-08-03,1533254400,2829.0,2841.5,2824.75,2841.25,91939,0,865025,1038326.0
84,-42,EP,EPU18,D1,2018-08-05,1533427200,2841.5,2843.0,2839.75,2840.0,4720,0,6895,692196.0
85,-41,EP,EPU18,D1,2018-08-06,1533513600,2840.0,2853.5,2835.0,2849.75,85903,0,768987,546969.0
86,-40,EP,EPU18,D1,2018-08-07,1533600000,2849.75,2863.75,2849.0,2859.0,78233,0,759700,511861.0
87,-39,EP,EPU18,D1,2018-08-08,1533686400,2858.75,2862.5,2852.5,2855.0,76643,0,719006,749231.0
88,-38,EP,EPU18,D1,2018-08-09,1533772800,2854.75,2862.75,2849.5,2851.75,79283,0,688653,722453.0
89,-37,EP,EPU18,D1,2018-08-10,1533859200,2852.0,2852.25,2826.0,2839.25,119445,0,1349110,918923.0
90,-36,EP,EPU18,D1,2018-08-12,1534032000,2835.75,2835.75,2828.25,2831.5,8620,0,20770,686178.0
91,-35,EP,EPU18,D1,2018-08-13,1534118400,2831.75,2843.75,2820.0,2827.0,135837,0,1246749,872210.0
92,-34,EP,EPU18,D1,2018-08-14,1534204800,2827.0,2843.5,2826.5,2841.75,107462,0,1005957,757825.0
93,-33,EP,EPU18,D1,2018-08-15,1534291200,2841.75,2843.0,2803.0,2820.75,141288,0,1805489,1352732.0
94,-32,EP,EPU18,D1,2018-08-16,1534377600,2820.75,2851.75,2817.5,2842.25,123290,0,1243407,1351618.0
95,-31,EP,EPU18,D1,2018-08-17,1534464000,2842.5,2857.0,2835.0,2853.25,108164,0,1154116,1401004.0
96,-30,EP,EPU18,D1,2018-08-19,1534636800,2851.75,2855.25,2851.5,2853.0,5418,0,9079,802201.0
40,-275,EP,EPM19,D1,2018-08-20,1534723200,2876.0,2876.0,2876.0,2876.0,1,0,0,1376256.0
41,-274,EP,EPM19,D1,2018-08-21,1534809600,2885.0,2885.0,2879.5,2879.5,2,0,1,1376256.0
99,-27,EP,EPU18,D1,2018-08-22,1534896000,2847.25,2868.25,2846.25,2862.5,101535,0,935950,926474.0
100,-26,EP,EPU18,D1,2018-08-23,1534982400,2862.25,2869.75,2854.75,2857.25,93258,0,1030674,1009854.0
101,-25,EP,EPU18,D1,2018-08-24,1535068800,2857.25,2877.5,2856.25,2876.5,85469,0,980702,982442.0
102,-24,EP,EPU18,D1,2018-08-26,1535241600,2877.75,2882.5,2876.75,2882.0,5645,0,11343,674240.0
103,-23,EP,EPU18,D1,2018-08-27,1535328000,2882.0,2901.0,2881.25,2901.0,86039,0,920020,637355.0
104,-22,EP,EPU18,D1,2018-08-28,1535414400,2900.75,2906.25,2894.25,2901.5,81937,0,882842,604735.0
105,-21,EP,EPU18,D1,2018-08-29,1535500800,2901.5,2917.5,2897.5,2914.5,80177,0,1064693,955852.0
106,-20,EP,EPU18,D1,2018-08-30,1535587200,2914.5,2915.25,2895.5,2897.5,103430,0,1292779,1080105.0
107,-19,EP,EPU18,D1,2018-08-31,1535673600,2897.75,2907.5,2891.75,2907.0,102343,0,1229600,1195691.0
108,-18,EP,EPU18,D1,2018-09-02,1535846400,2906.5,2907.25,2904.75,2906.25,4345,0,8286,843555.0
109,-17,EP,EPU18,D1,2018-09-03,1535932800,2906.5,2912.5,2902.5,2906.75,52782,0,118891,452259.0
110,-16,EP,EPU18,D1,2018-09-04,1536019200,2906.5,2912.0,2885.5,2897.5,115580,0,1446910,524696.0
111,-15,EP,EPU18,D1,2018-09-05,1536105600,2897.5,2900.5,2877.5,2886.0,126284,0,1560043,1041948.0
112,-14,EP,EPU18,D1,2018-09-06,1536192000,2886.0,2893.0,2868.0,2877.5,128486,0,1576886,1527946.0
113,-13,EP,EPU18,D1,2018-09-07,1536278400,2877.25,2885.0,2865.0,2872.75,138494,0,1622757,1586562.0
114,-12,EP,EPU18,D1,2018-09-09,1536451200,2872.75,2876.75,2872.75,2875.25,8,0,8423,1069355.0
115,-11,EP,EPU18,D1,2018-09-10,1536537600,2875.25,2888.25,2875.25,2880.75,469615,0,1193521,941567.0
116,-10,EP,EPU18,D1,2018-09-11,1536624000,2881.0,2893.0,2867.25,2890.75,460623,0,1175725,792556.0
117,-9,EP,EPU18,D1,2018-09-12,1536710400,2891.0,2895.25,2879.5,2887.5,542947,0,1417028,1262091.0
118,-8,EP,EPU18,D1,2018-09-13,1536796800,2887.25,2907.0,2884.75,2905.0,460379,0,1164100,1252284.0
119,-7,EP,EPU18,D1,2018-09-14,1536883200,2905.25,2912.25,2896.75,2906.0,277249,0,608957,1063362.0
120,-6,EP,EPU18,D1,2018-09-15,1536969600,2906.0,2906.0,2906.0,2906.0,5,0,10,591022.0
118,-95,EP,EPZ18,D1,2018-09-16,1537056000,2911.25,2911.25,2904.0,2905.75,6441,0,13432,267732.0
119,-94,EP,EPZ18,D1,2018-09-17,1537142400,2905.5,2911.25,2883.5,2884.75,394766,0,1021232,344890.0
120,-93,EP,EPZ18,D1,2018-09-18,1537228800,2884.75,2917.75,2884.25,2912.25,444083,0,1157147,730604.0
121,-92,EP,EPZ18,D1,2018-09-19,1537315200,2912.25,2918.75,2905.75,2917.5,370792,0,958001,1045460.0
122,-91,EP,EPZ18,D1,2018-09-20,1537401600,2917.25,2941.0,2913.25,2940.5,446662,0,1242183,1119110.0
123,-90,EP,EPZ18,D1,2018-09-21,1537488000,2940.5,2947.0,2932.0,2932.25,450681,0,1392352,1197512.0
124,-89,EP,EPZ18,D1,2018-09-22,1537574400,2932.25,2932.25,2932.25,2932.25,2,0,10,878182.0
125,-88,EP,EPZ18,D1,2018-09-23,1537660800,2932.25,2932.25,2924.75,2928.0,9670,0,18474,470279.0
126,-87,EP,EPZ18,D1,2018-09-24,1537747200,2928.0,2930.25,2917.75,2925.25,394431,0,1093124,370536.0
127,-86,EP,EPZ18,D1,2018-09-25,1537833600,2925.25,2934.25,2918.25,2923.5,340061,0,1009824,707141.0
128,-85,EP,EPZ18,D1,2018-09-26,1537920000,2923.25,2936.0,2907.5,2914.0,445392,0,1272111,1125020.0
129,-84,EP,EPZ18,D1,2018-09-27,1538006400,2913.75,2932.0,2907.5,2921.5,408796,0,1164446,1148794.0
130,-83,EP,EPZ18,D1,2018-09-28,1538092800,2921.5,2925.5,2908.0,2921.75,455975,0,1353282,1263280.0
131,-82,EP,EPZ18,D1,2018-09-29,1538179200,2921.75,2921.75,2921.75,2921.75,1,0,1,839243.0
132,-81,EP,EPZ18,D1,2018-09-30,1538265600,2921.75,2929.75,2921.75,2928.25,9813,0,21178,458154.0
133,-80,EP,EPZ18,D1,2018-10-01,1538352000,2928.25,2942.0,2922.5,2929.25,419184,0,1194324,405168.0
134,-79,EP,EPZ18,D1,2018-10-02,1538438400,2929.0,2936.0,2917.5,2928.25,426680,0,1104102,773201.0
135,-78,EP,EPZ18,D1,2018-10-03,1538524800,2928.5,2944.75,2923.5,2925.0,462600,0,1224569,1174332.0
136,-77,EP,EPZ18,D1,2018-10-04,1538611200,2925.0,2925.5,2887.75,2910.0,816603,0,2115984,1481552.0
137,-76,EP,EPZ18,D1,2018-10-05,1538697600,2910.25,2915.5,2873.25,2895.0,898230,0,2224979,1855177.0
138,-75,EP,EPZ18,D1,2018-10-06,1538784000,2895.0,2895.0,2895.0,2895.0,3,0,3,1446989.0
139,-74,EP,EPZ18,D1,2018-10-07,1538870400,2895.0,2898.25,2888.25,2891.25,12092,0,24685,749889.0
140,-73,EP,EPZ18,D1,2018-10-08,1538956800,2891.5,2897.75,2866.0,2891.25,717042,0,1700834,575174.0
141,-72,EP,EPZ18,D1,2018-10-09,1539043200,2891.0,2900.0,2874.5,2889.0,734410,0,1723858,1149792.0
142,-71,EP,EPZ18,D1,2018-10-10,1539129600,2889.25,2891.25,2771.5,2777.0,1432279,0,3411127,2278606.0
143,-70,EP,EPZ18,D1,2018-10-11,1539216000,2777.0,2798.75,2712.25,2757.5,2010422,0,3895278,3010088.0
144,-69,EP,EPZ18,D1,2018-10-12,1539302400,2757.5,2785.0,2732.25,2772.25,1283924,0,2667314,3324573.0
145,-68,EP,EPZ18,D1,2018-10-13,1539388800,2772.25,2772.25,2772.25,2772.25,1,0,1,2187531.0
146,-67,EP,EPZ18,D1,2018-10-14,1539475200,2772.25,2772.25,2756.5,2767.75,18541,0,29615,898977.0
147,-66,EP,EPZ18,D1,2018-10-15,1539561600,2767.75,2778.75,2745.25,2755.25,801220,0,1705330,578315.0
148,-65,EP,EPZ18,D1,2018-10-16,1539648000,2755.25,2819.0,2753.0,2816.5,731493,0,1695198,1143381.0
149,-64,EP,EPZ18,D1,2018-10-17,1539734400,2816.5,2824.25,2783.25,2807.5,876262,0,1888617,1763048.0
150,-63,EP,EPZ18,D1,2018-10-18,1539820800,2807.25,2812.75,2756.5,2772.25,1011921,0,2156381,1913399.0
151,-62,EP,EPZ18,D1,2018-10-19,1539907200,2772.25,2800.5,2762.25,2767.5,885543,0,1935034,1993344.0
152,-61,EP,EPZ18,D1,2018-10-20,1539993600,2767.5,2767.5,2767.5,2767.5,6,0,6,1363807.0
153,-60,EP,EPZ18,D1,2018-10-21,1540080000,2767.5,2767.5,2753.0,2758.25,17328,0,31327,655456.0
154,-59,EP,EPZ18,D1,2018-10-22,1540166400,2758.25,2782.0,2749.75,2752.0,772273,0,1597424,542919.0
155,-58,EP,EPZ18,D1,2018-10-23,1540252800,2752.25,2754.75,2692.25,2746.5,1281266,0,2770468,1466406.0
156,-57,EP,EPZ18,D1,2018-10-24,1540339200,2746.5,2750.0,2652.25,2663.75,1300841,0,2798503,2388798.0
157,-56,EP,EPZ18,D1,2018-10-25,1540425600,2664.0,2723.75,2663.5,2676.75,1137497,0,2467597,2678856.0
158,-55,EP,EPZ18,D1,2018-10-26,1540512000,2676.5,2692.75,2627.25,2662.25,1571180,0,3357472,2874524.0
159,-54,EP,EPZ18,D1,2018-10-28,1540684800,2662.25,2682.25,2662.25,2674.0,17482,0,29841,1951637.0
160,-53,EP,EPZ18,D1,2018-10-29,1540771200,2674.0,2707.0,2603.0,2642.0,1243721,0,2698195,2028503.0
161,-52,EP,EPZ18,D1,2018-10-30,1540857600,2641.75,2691.75,2633.25,2687.25,1181296,0,2428293,1718776.0
162,-51,EP,EPZ18,D1,2018-10-31,1540944000,2687.25,2737.25,2682.0,2713.0,991389,0,2353870,2493453.0
163,-50,EP,EPZ18,D1,2018-11-01,1541030400,2713.25,2741.25,2707.25,2733.0,814446,0,1771418,2184527.0
164,-49,EP,EPZ18,D1,2018-11-02,1541116800,2732.75,2766.25,2699.5,2722.5,1086775,0,2273941,2133076.0
165,-48,EP,EPZ18,D1,2018-11-03,1541203200,2722.5,2722.5,2722.5,2722.5,2,0,2,1348454.0
166,-47,EP,EPZ18,D1,2018-11-04,1541289600,2722.5,2723.0,2714.5,2715.5,6579,0,10595,761513.0
167,-46,EP,EPZ18,D1,2018-11-05,1541376000,2715.75,2743.75,2712.75,2740.5,585184,0,1264753,425117.0
168,-45,EP,EPZ18,D1,2018-11-06,1541462400,2740.5,2761.0,2729.75,2753.0,568194,0,1240984,838777.0
169,-44,EP,EPZ18,D1,2018-11-07,1541548800,2753.0,2817.75,2744.75,2814.25,862563,0,1832023,1445920.0
170,-43,EP,EPZ18,D1,2018-11-08,1541635200,2814.25,2818.0,2795.0,2806.0,618123,0,1283177,1452061.0
171,-42,EP,EPZ18,D1,2018-11-09,1541721600,2806.0,2811.25,2764.5,2778.75,761743,0,1649967,1588389.0
172,-41,EP,EPZ18,D1,2018-11-10,1541808000,2778.75,2778.75,2778.75,2778.75,2,0,2,977715.0
173,-40,EP,EPZ18,D1,2018-11-11,1541894400,2778.75,2779.5,2773.75,2778.5,5960,0,10370,553446.0
174,-39,EP,EPZ18,D1,2018-11-12,1541980800,2778.25,2795.25,2722.25,2729.0,873535,0,1872442,627605.0
175,-38,EP,EPZ18,D1,2018-11-13,1542067200,2729.0,2755.75,2714.5,2735.75,1029909,0,2073937,1318916.0
176,-37,EP,EPZ18,D1,2018-11-14,1542153600,2735.75,2748.25,2686.25,2697.25,1092802,0,2229637,2058672.0
177,-36,EP,EPZ18,D1,2018-11-15,1542240000,2697.25,2736.75,2671.25,2726.25,1200454,0,2324983,2209519.0
178,-35,EP,EPZ18,D1,2018-11-16,1542326400,2726.5,2748.75,2708.75,2742.25,858281,0,1790951,2115190.0
179,-34,EP,EPZ18,D1,2018-11-17,1542412800,2742.25,2742.25,2742.25,2742.25,1,0,1,1371978.0
180,-33,EP,EPZ18,D1,2018-11-18,1542499200,2742.25,2742.25,2728.75,2733.5,7093,0,13198,601383.0
181,-32,EP,EPZ18,D1,2018-11-19,1542585600,2733.5,2748.0,2681.5,2692.0,955019,0,1933673,648957.0
182,-31,EP,EPZ18,D1,2018-11-20,1542672000,2691.75,2694.25,2631.75,2636.5,1254813,0,2491350,1479407.0
183,-30,EP,EPZ18,D1,2018-11-21,1542758400,2636.75,2671.25,2636.25,2651.5,708092,0,1375470,1933498.0
184,-29,EP,EPZ18,D1,2018-11-22,1542844800,2651.25,2656.25,2627.0,2641.0,111086,0,176054,1347625.0
185,-28,EP,EPZ18,D1,2018-11-23,1542931200,2641.0,2647.5,2626.0,2628.5,348601,25,645400,732308.0
186,-27,EP,EPZ18,D1,2018-11-24,1543017600,2628.5,2628.5,2628.5,2628.5,2,75,2,273819.0
187,-26,EP,EPZ18,D1,2018-11-25,1543104000,2628.5,2639.5,2628.5,2638.0,7371,0,13871,219758.0
188,-25,EP,EPZ18,D1,2018-11-26,1543190400,2638.0,2676.25,2635.75,2661.75,629989,0,1325206,446360.0
189,-24,EP,EPZ18,D1,2018-11-27,1543276800,2661.75,2688.75,2655.25,2685.75,769630,0,1442438,927172.0
190,-23,EP,EPZ18,D1,2018-11-28,1543363200,2685.5,2745.0,2681.0,2739.5,858363,0,1785558,1517734.0
191,-22,EP,EPZ18,D1,2018-11-29,1543449600,2739.5,2754.5,2723.25,2740.5,726864,0,1450001,1559332.0
192,-21,EP,EPZ18,D1,2018-11-30,1543536000,2740.25,2764.75,2729.0,2764.0,632471,0,1395305,1543621.0
193,-20,EP,EPZ18,D1,2018-12-01,1543622400,2764.0,2764.0,2764.0,2764.0,1,0,3,948436.0
194,-19,EP,EPZ18,D1,2018-12-02,1543708800,2764.0,2809.75,2764.0,2803.25,26359,0,52942,482750.0
195,-18,EP,EPZ18,D1,2018-12-03,1543795200,2803.25,2814.0,2773.5,2786.0,841833,0,1782285,611743.0
196,-17,EP,EPZ18,D1,2018-12-04,1543881600,2786.25,2787.5,2696.0,2709.25,1276433,0,2597092,1477440.0
197,-16,EP,EPZ18,D1,2018-12-05,1543968000,2709.25,2720.75,2649.75,2684.0,131985,0,229277,1536218.0
198,-15,EP,EPZ18,D1,2018-12-06,1544054400,2684.25,2699.25,2621.25,2695.75,1606713,0,3144661,1990343.0
199,-14,EP,EPZ18,D1,2018-12-07,1544140800,2695.75,2709.75,2623.25,2636.75,1277971,0,2480190,1951376.0
200,-13,EP,EPZ18,D1,2018-12-08,1544227200,2636.75,2636.75,2636.75,2636.75,5,0,5,1874952.0
201,-12,EP,EPZ18,D1,2018-12-09,1544313600,2636.75,2636.75,2610.25,2614.75,21805,0,38934,839710.0
202,-11,EP,EPZ18,D1,2018-12-10,1544400000,2614.75,2648.5,2583.0,2637.5,1271318,0,2460658,833199.0
203,-10,EP,EPZ18,D1,2018-12-11,1544486400,2637.5,2678.0,2621.25,2638.75,1135190,0,2202579,1567390.0
204,-9,EP,EPZ18,D1,2018-12-12,1544572800,2638.75,2686.5,2634.25,2658.25,901145,0,1738582,2133940.0
205,-8,EP,EPZ18,D1,2018-12-13,1544659200,2658.25,2671.0,2637.25,2646.25,916292,0,1625078,1855413.0
206,-7,EP,EPZ18,D1,2018-12-14,1544745600,2646.25,2648.75,2594.0,2597.0,515895,0,934501,1432720.0
207,-6,EP,EPZ18,D1,2018-12-15,1544832000,2597.0,2597.0,2597.0,2597.0,1,0,1,853193.0
190,-88,EP,EPH19,D1,2018-12-16,1544918400,2600.25,2609.0,2595.5,2608.5,4312,0,6971,441787.0
191,-87,EP,EPH19,D1,2018-12-17,1545004800,2608.5,2616.75,2533.5,2562.75,1158514,0,2149448,718820.0
192,-86,EP,EPH19,D1,2018-12-18,1545091200,2562.75,2577.75,2530.0,2543.0,1086140,0,1999499,1385306.0
193,-85,EP,EPH19,D1,2018-12-19,1545177600,2543.0,2592.0,2489.5,2510.5,1349129,0,2430575,2193174.0
194,-84,EP,EPH19,D1,2018-12-20,1545264000,2510.75,2518.0,2441.5,2482.5,1918380,0,3346048,2592041.0
195,-83,EP,EPH19,D1,2018-12-21,1545350400,2478.75,2508.0,2409.25,2421.25,1575036,0,2855109,2877244.0
196,-82,EP,EPH19,D1,2018-12-22,1545436800,2421.25,2421.25,2421.25,2421.25,4,0,80,2067079.0
197,-81,EP,EPH19,D1,2018-12-23,1545523200,2421.25,2422.25,2401.0,2417.25,20203,0,38399,964529.0
198,-80,EP,EPH19,D1,2018-12-24,1545609600,2417.0,2434.5,2340.5,2342.25,729987,25,1198596,412358.0
199,-79,EP,EPH19,D1,2018-12-25,1545696000,2348.5,2351.0,2316.75,2345.5,23536,0,41790,426262.0
200,-78,EP,EPH19,D1,2018-12-26,1545782400,2345.75,2477.75,2325.0,2462.25,1103763,0,1898284,1046223.0
201,-77,EP,EPH19,D1,2018-12-27,1545868800,2462.5,2498.75,2397.0,2483.0,1293486,0,2193557,1377877.0
202,-76,EP,EPH19,D1,2018-12-28,1545955200,2485.5,2523.0,2472.75,2488.0,1128764,0,1918614,2003485.0
203,-75,EP,EPH19,D1,2018-12-29,1546041600,2488.0,2488.0,2488.0,2488.0,2,0,2,1370724.0
204,-74,EP,EPH19,D1,2018-12-30,1546128000,2488.0,2507.75,2488.0,2500.75,8752,0,13148,643921.0
205,-73,EP,EPH19,D1,2018-12-31,1546214400,2500.5,2513.0,2482.75,2508.75,733513,0,1333427,448859.0
206,-72,EP,EPH19,D1,2019-01-01,1546300800,2508.0,2521.0,2506.25,2517.0,8803,0,14934,453836.0
207,-71,EP,EPH19,D1,2019-01-02,1546387200,2517.25,2521.25,2452.25,2474.75,1098587,0,1933579,1093980.0
208,-70,EP,EPH19,D1,2019-01-03,1546473600,2475.0,2493.5,2443.25,2449.5,1260193,0,2164876,1371130.0
209,-69,EP,EPH19,D1,2019-01-04,1546560000,2449.25,2539.25,2438.5,2529.5,1271449,0,2253758,2117404.0
210,-68,EP,EPH19,D1,2019-01-05,1546646400,2529.5,2529.5,2529.5,2529.5,2,0,2,1472879.0
211,-67,EP,EPH19,D1,2019-01-06,1546732800,2529.5,2538.75,2529.5,2538.25,9699,0,15501,756420.0
212,-66,EP,EPH19,D1,2019-01-07,1546819200,2538.25,2567.5,2523.25,2550.75,867915,0,1569881,528461.0
213,-65,EP,EPH19,D1,2019-01-08,1546905600,2551.0,2581.25,2547.5,2577.25,866026,0,1622874,1069419.0
214,-64,EP,EPH19,D1,2019-01-09,1546992000,2577.25,2596.75,2569.0,2577.75,823111,0,1520329,1571028.0
215,-63,EP,EPH19,D1,2019-01-10,1547078400,2579.0,2599.5,2560.5,2590.75,793118,0,1468002,1537068.0
216,-62,EP,EPH19,D1,2019-01-11,1547164800,2591.0,2597.75,2577.0,2595.5,585915,0,1138938,1375756.0
217,-61,EP,EPH19,D1,2019-01-12,1547251200,2595.5,2595.5,2595.5,2595.5,2,0,2,868981.0
218,-60,EP,EPH19,D1,2019-01-13,1547337600,2595.5,2595.5,2583.0,2583.25,10647,0,16155,385032.0
219,-59,EP,EPH19,D1,2019-01-14,1547424000,2583.5,2589.75,2567.25,2583.0,584524,0,1147833,387997.0
220,-58,EP,EPH19,D1,2019-01-15,1547510400,2584.0,2613.75,2580.25,2611.0,761731,0,1488485,884158.0
221,-57,EP,EPH19,D1,2019-01-16,1547596800,2611.0,2626.25,2602.5,2611.75,616744,0,1269250,1301856.0
222,-56,EP,EPH19,D1,2019-01-17,1547683200,2611.5,2645.5,2596.5,2633.75,721569,0,1475525,1411087.0
223,-55,EP,EPH19,D1,2019-01-18,1547769600,2633.75,2677.75,2633.75,2677.0,806181,0,1668323,1471033.0
224,-54,EP,EPH19,D1,2019-01-19,1547856000,2677.0,2677.0,2677.0,2677.0,1,0,1,1047950.0
225,-53,EP,EPH19,D1,2019-01-20,1547942400,2677.0,2677.0,2667.25,2668.25,4425,0,6617,558314.0
226,-52,EP,EPH19,D1,2019-01-21,1548028800,2668.25,2669.25,2655.75,2663.25,101912,0,160589,55736.0
227,-51,EP,EPH19,D1,2019-01-22,1548115200,2663.25,2666.25,2616.5,2631.0,800143,0,1686269,617825.0
228,-50,EP,EPH19,D1,2019-01-23,1548201600,2630.75,2653.75,2612.5,2633.25,766394,0,1545033,1130630.0
229,-49,EP,EPH19,D1,2019-01-24,1548288000,2632.75,2647.5,2626.0,2638.25,625135,0,1240536,1490613.0
230,-48,EP,EPH19,D1,2019-01-25,1548374400,2638.25,2672.5,2636.0,2665.5,628583,0,1319652,1368407.0
231,-47,EP,EPH19,D1,2019-01-26,1548460800,2665.5,2665.5,2665.5,2665.5,4,0,4,853397.0
232,-46,EP,EPH19,D1,2019-01-27,1548547200,2665.5,2665.5,2657.75,2658.75,5215,0,8633,442763.0
233,-45,EP,EPH19,D1,2019-01-28,1548633600,2658.75,2661.0,2622.25,2635.5,661087,0,1365670,458102.0
234,-44,EP,EPH19,D1,2019-01-29,1548720000,2635.5,2651.0,2628.5,2644.75,604116,0,1217034,863779.0
235,-43,EP,EPH19,D1,2019-01-30,1548806400,2644.75,2689.75,2636.25,2687.5,738827,0,1506043,1362916.0
236,-42,EP,EPH19,D1,2019-01-31,1548892800,2687.75,2713.0,2675.75,2704.5,838791,0,1826398,1516492.0
237,-41,EP,EPH19,D1,2019-02-01,1548979200,2704.25,2716.0,2695.5,2704.5,707235,0,1392413,1574951.0
238,-40,EP,EPH19,D1,2019-02-02,1549065600,2704.5,2704.5,2704.5,2704.5,1,0,1,1072937.0
239,-39,EP,EPH19,D1,2019-02-03,1549152000,2704.5,2704.5,2698.0,2703.0,4129,0,6734,466383.0
240,-38,EP,EPH19,D1,2019-02-04,1549238400,2702.75,2725.0,2697.0,2719.5,479061,0,991197,332644.0
241,-37,EP,EPH19,D1,2019-02-05,1549324800,2719.75,2737.75,2716.25,2731.5,538268,0,1191619,729850.0
242,-36,EP,EPH19,D1,2019-02-06,1549411200,2731.5,2736.5,2722.25,2728.5,543178,0,1142907,1108574.0
243,-35,EP,EPH19,D1,2019-02-07,1549497600,2728.75,2729.25,2685.5,2697.5,873097,0,1876933,1403820.0
244,-34,EP,EPH19,D1,2019-02-08,1549584000,2697.5,2709.0,2680.75,2708.0,720610,0,1503217,1507686.0
245,-33,EP,EPH19,D1,2019-02-09,1549670400,2708.0,2708.0,2708.0,2708.0,3,0,12,1126721.0
246,-32,EP,EPH19,D1,2019-02-10,1549756800,2708.0,2712.75,2706.25,2706.25,5685,0,13620,505616.0
247,-31,EP,EPH19,D1,2019-02-11,1549843200,2706.5,2721.5,2700.5,2708.75,532385,0,1077134,363589.0
248,-30,EP,EPH19,D1,2019-02-12,1549929600,2708.75,2748.0,2708.25,2747.0,567276,0,1261963,784239.0
249,-29,EP,EPH19,D1,2019-02-13,1550016000,2747.0,2762.0,2746.0,2750.5,541821,0,1175820,1171639.0
250,-28,EP,EPH19,D1,2019-02-14,1550102400,2750.5,2763.0,2730.25,2743.0,793035,0,1645119,1360967.0
251,-27,EP,EPH19,D1,2019-02-15,1550188800,2743.0,2778.5,2729.0,2777.75,627538,0,1439315,1420085.0
252,-26,EP,EPH19,D1,2019-02-17,1550361600,2777.75,2782.5,2776.25,2778.75,6463,0,14270,1032901.0
253,-25,EP,EPH19,D1,2019-02-18,1550448000,2778.5,2780.5,2773.25,2775.75,68491,0,126573,526719.0
254,-24,EP,EPH19,D1,2019-02-19,1550534400,2776.0,2787.5,2766.0,2778.5,441237,0,1017614,386152.0
255,-23,EP,EPH19,D1,2019-02-20,1550620800,2778.75,2790.75,2773.25,2786.0,585579,0,1234687,792958.0
256,-22,EP,EPH19,D1,2019-02-21,1550707200,2785.75,2798.0,2764.25,2774.5,656140,0,1381314,1211205.0
257,-21,EP,EPH19,D1,2019-02-22,1550793600,2774.5,2795.5,2770.5,2795.25,535298,0,1128992,1248331.0
258,-20,EP,EPH19,D1,2019-02-23,1550880000,2795.25,2795.25,2795.25,2795.25,1,0,5,836770.0
259,-19,EP,EPH19,D1,2019-02-24,1550966400,2795.25,2803.5,2795.25,2800.75,9970,0,21213,383403.0
260,-18,EP,EPH19,D1,2019-02-25,1551052800,2800.75,2814.0,2791.5,2794.5,526971,0,1191008,404075.0
261,-17,EP,EPH19,D1,2019-02-26,1551139200,2794.5,2803.5,2783.25,2788.75,538615,0,1151520,787914.0
262,-16,EP,EPH19,D1,2019-02-27,1551225600,2789.0,2797.25,2775.0,2794.75,513616,0,1107118,1149882.0
263,-15,EP,EPH19,D1,2019-02-28,1551312000,2794.75,2794.75,2781.75,2785.25,553107,0,1280768,1179802.0
264,-14,EP,EPH19,D1,2019-03-01,1551398400,2785.25,2808.25,2785.0,2807.0,526357,0,1204828,1197571.0
265,-13,EP,EPH19,D1,2019-03-02,1551484800,2807.0,2807.0,2807.0,2807.0,1,0,2,828533.0
266,-12,EP,EPH19,D1,2019-03-03,1551571200,2807.0,2819.75,2807.0,2817.5,11034,0,22819,409216.0
267,-11,EP,EPH19,D1,2019-03-04,1551657600,2817.5,2818.5,2767.5,2790.75,790146,0,1695182,572668.0
268,-10,EP,EPH19,D1,2019-03-05,1551744000,2791.0,2799.0,2783.25,2786.5,543989,0,1151498,956500.0
269,-9,EP,EPH19,D1,2019-03-06,1551830400,2786.5,2792.75,2766.25,2768.0,636273,0,1358080,1401587.0
270,-8,EP,EPH19,D1,2019-03-07,1551916800,2768.0,2776.25,2738.5,2751.25,760231,0,1555189,1354922.0
271,-7,EP,EPH19,D1,2019-03-08,1552003200,2751.0,2751.5,2722.0,2748.75,451649,0,860157,1257809.0
272,-6,EP,EPH19,D1,2019-03-09,1552089600,2748.75,2748.75,2748.75,2748.75,2,0,2,805116.0
218,-97,EP,EPM19,D1,2019-03-10,1552176000,2753.75,2753.75,2747.0,2748.5,9327,0,15991,347208.0
219,-96,EP,EPM19,D1,2019-03-11,1552262400,2748.25,2799.0,2741.75,2796.5,500265,0,1064577,360190.0
220,-95,EP,EPM19,D1,2019-03-12,1552348800,2796.5,2803.25,2785.5,2795.75,539395,0,1125295,735288.0
221,-94,EP,EPM19,D1,2019-03-13,1552435200,2795.75,2826.5,2788.25,2819.75,571440,0,1268966,1152946.0
222,-93,EP,EPM19,D1,2019-03-14,1552521600,2819.75,2825.0,2808.5,2814.5,514566,0,1066729,1153663.0
223,-92,EP,EPM19,D1,2019-03-15,1552608000,2814.25,2836.5,2814.25,2830.0,591853,0,1312750,1216148.0
224,-91,EP,EPM19,D1,2019-03-16,1552694400,2830.0,2830.0,2830.0,2830.0,2,0,2,793160.0
225,-90,EP,EPM19,D1,2019-03-17,1552780800,2830.0,2830.0,2825.25,2826.75,5566,0,9721,440824.0
226,-89,EP,EPM19,D1,2019-03-18,1552867200,2826.75,2843.5,2824.0,2841.75,468567,0,999143,336289.0
227,-88,EP,EPM19,D1,2019-03-19,1552953600,2841.5,2858.75,2829.0,2834.75,671586,0,1458743,822536.0
228,-87,EP,EPM19,D1,2019-03-20,1553040000,2834.75,2849.25,2817.25,2829.0,775852,0,1642681,1366856.0
229,-86,EP,EPM19,D1,2019-03-21,1553126400,2828.75,2866.0,2813.75,2862.0,731719,0,1622577,1574667.0
230,-85,EP,EPM19,D1,2019-03-22,1553212800,2861.75,2864.75,2805.25,2807.5,1056165,0,2179498,1814919.0
231,-84,EP,EPM19,D1,2019-03-24,1553385600,2807.5,2818.5,2807.5,2811.0,15765,0,26786,1276287.0
232,-83,EP,EPM19,D1,2019-03-25,1553472000,2811.0,2815.25,2789.5,2810.0,903125,0,1743020,1316435.0
233,-82,EP,EPM19,D1,2019-03-26,1553558400,2810.0,2835.0,2808.5,2822.5,708707,0,1433017,1067608.0
234,-81,EP,EPM19,D1,2019-03-27,1553644800,2822.5,2831.75,2791.75,2806.25,850183,0,1688325,1621454.0
235,-80,EP,EPM19,D1,2019-03-28,1553731200,2806.5,2829.0,2795.0,2827.0,635904,0,1172397,1431246.0
236,-79,EP,EPM19,D1,2019-03-29,1553817600,2827.0,2840.75,2822.0,2839.5,639419,0,1414195,1424972.0
237,-78,EP,EPM19,D1,2019-03-30,1553904000,2839.5,2839.5,2839.5,2839.5,4,0,28,862207.0
238,-77,EP,EPM19,D1,2019-03-31,1553990400,2839.5,2853.75,2839.5,2852.5,14159,0,24877,479700.0
239,-76,EP,EPM19,D1,2019-04-01,1554076800,2852.5,2873.5,2852.25,2871.75,558131,0,1200546,408484.0
240,-75,EP,EPM19,D1,2019-04-02,1554163200,2871.75,2873.75,2862.25,2867.0,410652,0,841592,689005.0
241,-74,EP,EPM19,D1,2019-04-03,1554249600,2867.0,2889.25,2865.25,2878.5,573204,0,1208591,1083576.0
242,-73,EP,EPM19,D1,2019-04-04,1554336000,2878.5,2885.75,2871.0,2881.25,495172,0,1028631,1026271.0
243,-72,EP,EPM19,D1,2019-04-05,1554422400,2881.0,2898.0,2880.5,2897.75,502599,0,1164763,1133995.0
244,-71,EP,EPM19,D1,2019-04-06,1554508800,2897.75,2897.75,2897.75,2897.75,1,0,2,731132.0
245,-70,EP,EPM19,D1,2019-04-07,1554595200,2897.75,2899.5,2896.0,2898.0,6305,0,10109,391625.0
246,-69,EP,EPM19,D1,2019-04-08,1554681600,2897.75,2899.75,2884.25,2897.75,426833,0,954145,321419.0
247,-68,EP,EPM19,D1,2019-04-09,1554768000,2897.75,2900.0,2877.25,2881.75,516507,0,1163525,709260.0
248,-67,EP,EPM19,D1,2019-04-10,1554854400,2881.75,2898.75,2878.0,2897.5,449063,0,949904,1022525.0
249,-66,EP,EPM19,D1,2019-04-11,1554940800,2897.25,2900.0,2885.25,2894.75,445556,0,952233,1021887.0
250,-65,EP,EPM19,D1,2019-04-12,1555027200,2894.75,2914.75,2891.5,2911.75,502239,0,1148802,1016980.0
251,-64,EP,EPM19,D1,2019-04-13,1555113600,2911.75,2911.75,2911.75,2911.75,3,0,3,700346.0
252,-63,EP,EPM19,D1,2019-04-14,1555200000,2911.75,2913.75,2910.0,2911.25,6389,0,11382,386729.0
253,-62,EP,EPM19,D1,2019-04-15,1555286400,2911.25,2914.5,2900.5,2910.0,396285,0,914275,308553.0
254,-61,EP,EPM19,D1,2019-04-16,1555372800,2910.0,2921.25,2904.5,2910.25,480912,0,1096192,673950.0
255,-60,EP,EPM19,D1,2019-04-17,1555459200,2910.25,2923.5,2898.5,2903.5,580925,0,1338752,1116406.0
256,-59,EP,EPM19,D1,2019-04-18,1555545600,2903.5,2911.75,2889.5,2910.5,571429,0,1282629,1239191.0
257,-58,EP,EPM19,D1,2019-04-19,1555632000,2910.5,2910.5,2910.5,2910.5,2,50,2,873794.0
258,-57,EP,EPM19,D1,2019-04-21,1555804800,2912.75,2912.75,2911.0,2911.75,1756,25,3087,428573.0
259,-56,EP,EPM19,D1,2019-04-22,1555891200,2911.75,2915.0,2899.0,2912.75,315382,0,679667,227585.0
260,-55,EP,EPM19,D1,2019-04-23,1555977600,2913.0,2939.75,2908.0,2939.0,492759,0,1153444,612066.0
261,-54,EP,EPM19,D1,2019-04-24,1556064000,2938.75,2939.75,2927.75,2932.0,472111,0,1063265,965459.0
262,-53,EP,EPM19,D1,2019-04-25,1556150400,2932.25,2935.75,2914.25,2923.0,587707,0,1354340,1190350.0
263,-52,EP,EPM19,D1,2019-04-26,1556236800,2923.25,2942.75,2917.25,2939.0,540963,0,1190442,1202682.0
264,-51,EP,EPM19,D1,2019-04-28,1556409600,2939.0,2942.25,2939.0,2940.5,4813,0,9105,851296.0
265,-50,EP,EPM19,D1,2019-04-29,1556496000,2940.5,2951.5,2937.75,2941.0,396937,0,904901,701483.0
266,-49,EP,EPM19,D1,2019-04-30,1556582400,2941.25,2956.5,2926.0,2955.0,606135,0,1428248,780751.0
267,-48,EP,EPM19,D1,2019-05-01,1556668800,2955.0,2961.25,2915.5,2921.0,641229,0,1458580,1263910.0
268,-47,EP,EPM19,D1,2019-05-02,1556755200,2920.75,2932.75,2901.0,2919.25,845156,0,1779495,1555441.0
269,-46,EP,EPM19,D1,2019-05-03,1556841600,2919.25,2949.5,2916.5,2949.25,555606,0,1229876,1489317.0
270,-45,EP,EPM19,D1,2019-05-05,1557014400,2949.25,2949.25,2892.75,2895.25,67888,0,137580,1048984.0
271,-44,EP,EPM19,D1,2019-05-06,1557100800,2895.25,2938.25,2883.5,2918.0,861312,0,1865681,1077712.0
272,-43,EP,EPM19,D1,2019-05-07,1557187200,2918.25,2930.5,2862.5,2884.75,1255481,0,2702725,1568662.0
273,-42,EP,EPM19,D1,2019-05-08,1557273600,2884.75,2899.5,2868.75,2881.5,965839,0,2000882,2189763.0
274,-41,EP,EPM19,D1,2019-05-09,1557360000,2881.25,2883.75,2836.25,2873.75,1287306,0,2663222,2455610.0
275,-40,EP,EPM19,D1,2019-05-10,1557446400,2873.75,2893.0,2826.0,2887.25,1397992,0,2748975,2471026.0
276,-39,EP,EPM19,D1,2019-05-11,1557532800,2887.25,2887.25,2887.25,2887.25,1,0,1,1804066.0
277,-38,EP,EPM19,D1,2019-05-12,1557619200,2887.25,2887.25,2856.25,2857.0,25215,0,44814,931263.0
278,-37,EP,EPM19,D1,2019-05-13,1557705600,2857.25,2861.25,2799.75,2803.75,1347180,0,2668922,904579.0
279,-36,EP,EPM19,D1,2019-05-14,1557792000,2803.75,2853.75,2803.25,2842.0,797932,0,1750675,1488137.0
280,-35,EP,EPM19,D1,2019-05-15,1557878400,2842.0,2860.0,2815.0,2852.25,764262,0,1674641,2031413.0
281,-34,EP,EPM19,D1,2019-05-16,1557964800,2852.0,2894.0,2840.5,2881.5,703170,0,1642044,1689120.0
282,-33,EP,EPM19,D1,2019-05-17,1558051200,2881.75,2887.5,2852.5,2861.25,861035,0,1870460,1729048.0
283,-32,EP,EPM19,D1,2019-05-18,1558137600,2861.25,2861.25,2861.25,2861.25,2,0,2,1170835.0
284,-31,EP,EPM19,D1,2019-05-19,1558224000,2861.25,2873.0,2861.25,2870.75,11113,0,18463,629642.0
285,-30,EP,EPM19,D1,2019-05-20,1558310400,2870.75,2876.5,2832.5,2849.75,779560,0,1613339,543935.0
286,-29,EP,EPM19,D1,2019-05-21,1558396800,2850.0,2870.75,2846.25,2867.25,568014,0,1251530,961111.0
287,-28,EP,EPM19,D1,2019-05-22,1558483200,2867.25,2869.5,2848.25,2854.25,569127,0,1215858,1360242.0
288,-27,EP,EPM19,D1,2019-05-23,1558569600,2854.25,2855.5,2805.75,2823.25,916323,0,1957114,1474834.0
289,-26,EP,EPM19,D1,2019-05-24,1558656000,2823.5,2842.0,2820.75,2831.0,537890,0,1141868,1438280.0
290,-25,EP,EPM19,D1,2019-05-26,1558828800,2831.0,2835.0,2829.25,2830.75,5192,0,8492,1035825.0
291,-24,EP,EPM19,D1,2019-05-27,1558915200,2830.5,2839.25,2826.0,2833.25,79037,0,150057,433472.0
292,-23,EP,EPM19,D1,2019-05-28,1559001600,2833.5,2841.25,2800.5,2804.75,624604,0,1420479,526343.0
293,-22,EP,EPM19,D1,2019-05-29,1559088000,2804.75,2805.5,2766.25,2782.0,898930,0,2015040,1195192.0
294,-21,EP,EPM19,D1,2019-05-30,1559174400,2781.75,2799.0,2764.75,2766.0,601998,0,1295266,1576928.0
295,-20,EP,EPM19,D1,2019-05-31,1559260800,2766.25,2776.0,2750.0,2752.5,859327,0,2061186,1790497.0
296,-19,EP,EPM19,D1,2019-06-01,1559347200,2752.5,2752.5,2752.5,2752.5,1,0,5,1118819.0
297,-18,EP,EPM19,D1,2019-06-02,1559433600,2752.5,2752.5,2732.25,2736.0,23699,0,47276,702822.0
298,-17,EP,EPM19,D1,2019-06-03,1559520000,2736.0,2763.75,2728.75,2751.25,1062721,0,2214125,753802.0
299,-16,EP,EPM19,D1,2019-06-04,1559606400,2751.0,2813.5,2744.0,2812.0,811957,0,1789965,1350455.0
300,-15,EP,EPM19,D1,2019-06-05,1559692800,2812.0,2829.5,2801.0,2822.5,820821,0,1701304,1901798.0
301,-14,EP,EPM19,D1,2019-06-06,1559779200,2822.5,2853.0,2821.75,2844.5,721286,0,1509641,1666970.0
302,-13,EP,EPM19,D1,2019-06-07,1559865600,2844.75,2886.25,2842.0,2877.5,705792,0,1588926,1599957.0
303,-12,EP,EPM19,D1,2019-06-09,1560038400,2877.5,2898.0,2877.5,2887.5,19718,0,43053,1047207.0
304,-11,EP,EPM19,D1,2019-06-10,1560124800,2887.25,2905.75,2880.5,2886.75,597961,0,1311690,981223.0
305,-10,EP,EPM19,D1,2019-06-11,1560211200,2886.75,2911.5,2879.25,2885.5,607437,0,1328021,894255.0
306,-9,EP,EPM19,D1,2019-06-12,1560297600,2885.5,2891.0,2875.25,2885.5,517382,0,1104234,1247982.0
307,-8,EP,EPM19,D1,2019-06-13,1560384000,2885.5,2896.5,2867.25,2891.25,540369,0,1126387,1186214.0
308,-7,EP,EPM19,D1,2019-06-14,1560470400,2891.25,2898.75,2880.5,2891.75,315153,0,635278,955300.0
309,-6,EP,EPM19,D1,2019-06-15,1560556800,2891.75,2891.75,2891.75,2891.75,1,0,1,587222.0
154,-89,EP,EPU19,D1,2019-06-16,1560643200,2896.25,2901.75,2895.0,2899.5,5635,0,8523,248139.0
155,-88,EP,EPU19,D1,2019-06-17,1560729600,2899.75,2904.75,2892.0,2896.5,360950,0,810023,272849.0
156,-87,EP,EPU19,D1,2019-06-18,1560816000,2896.5,2936.5,2889.0,2928.75,692716,0,1569872,796139.0
157,-86,EP,EPU19,D1,2019-06-19,1560902400,2928.5,2943.0,2915.25,2941.0,616297,0,1299029,1226308.0
158,-85,EP,EPU19,D1,2019-06-20,1560988800,2941.25,2964.5,2935.75,2957.75,709813,0,1623218,1497373.0
159,-84,EP,EPU19,D1,2019-06-21,1561075200,2957.75,2969.25,2947.75,2948.25,639064,0,1437702,1453316.0
160,-83,EP,EPU19,D1,2019-06-23,1561248000,2948.0,2956.5,2947.25,2955.5,8720,0,17080,1026000.0
161,-82,EP,EPU19,D1,2019-06-24,1561334400,2955.25,2961.75,2948.75,2952.25,406661,0,868726,774503.0
162,-81,EP,EPU19,D1,2019-06-25,1561420800,2952.5,2958.25,2917.5,2920.75,637869,0,1394539,760115.0
163,-80,EP,EPU19,D1,2019-06-26,1561507200,2920.75,2939.0,2914.5,2918.75,555867,0,1195793,1153019.0
164,-79,EP,EPU19,D1,2019-06-27,1561593600,2918.75,2937.5,2917.75,2935.75,487293,0,1013072,1201135.0
165,-78,EP,EPU19,D1,2019-06-28,1561680000,2936.0,2955.25,2930.0,2953.75,494393,0,1211042,1139969.0
166,-77,EP,EPU19,D1,2019-06-29,1561766400,2953.75,2953.75,2953.75,2953.75,1,0,1,741372.0
167,-76,EP,EPU19,D1,2019-07-01,1561939200,2977.5,2981.75,2955.5,2964.0,460686,0,1134545,781863.0
168,-75,EP,EPU19,D1,2019-07-02,1562025600,2963.75,2980.0,2958.5,2978.0,465534,0,1074391,736312.0
169,-74,EP,EPU19,D1,2019-07-03,1562112000,2978.0,3006.0,2973.75,2999.75,331788,0,754865,987934.0
170,-73,EP,EPU19,D1,2019-07-04,1562198400,2999.75,3003.75,2997.25,3002.75,50847,0,92804,640687.0
171,-72,EP,EPU19,D1,2019-07-05,1562284800,3002.75,3004.0,2971.25,2991.75,519692,0,1175710,674460.0
172,-71,EP,EPU19,D1,2019-07-06,1562371200,2991.75,2991.75,2991.75,2991.75,1,0,1,422838.0
173,-70,EP,EPU19,D1,2019-07-07,1562457600,2991.75,2994.75,2988.5,2988.75,6379,0,10783,395498.0
174,-69,EP,EPU19,D1,2019-07-08,1562544000,2989.0,2989.5,2973.25,2975.75,430930,0,972167,327650.0
175,-68,EP,EPU19,D1,2019-07-09,1562630400,2975.75,2986.25,2963.5,2982.0,415020,0,931501,638150.0
176,-67,EP,EPU19,D1,2019-07-10,1562716800,2982.0,3007.5,2971.25,2997.5,601115,0,1381570,1095079.0
177,-66,EP,EPU19,D1,2019-07-11,1562803200,2997.5,3006.75,2992.5,3005.5,497612,0,1143520,1152197.0
178,-65,EP,EPU19,D1,2019-07-12,1562889600,3005.5,3018.0,3004.75,3014.25,385437,0,924364,1149818.0
179,-64,EP,EPU19,D1,2019-07-13,1562976000,3014.25,3014.25,3014.25,3014.25,1,0,1,689295.0
180,-63,EP,EPU19,D1,2019-07-14,1563062400,3014.25,3016.75,3012.75,3013.25,3983,0,7056,310474.0
181,-62,EP,EPU19,D1,2019-07-15,1563148800,3013.25,3023.5,3010.75,3019.5,335983,0,792676,266578.0
182,-61,EP,EPU19,D1,2019-07-16,1563235200,3019.5,3021.75,3004.0,3006.75,382394,0,916522,572085.0
183,-60,EP,EPU19,D1,2019-07-17,1563321600,3006.5,3013.0,2980.5,2982.0,423965,0,1011064,906754.0
184,-59,EP,EPU19,D1,2019-07-18,1563408000,2982.25,3009.5,2974.5,3000.5,563536,0,1327732,1085106.0
185,-58,EP,EPU19,D1,2019-07-19,1563494400,3000.5,3009.75,2969.5,2971.0,589357,0,1380310,1239702.0
186,-57,EP,EPU19,D1,2019-07-20,1563580800,2971.0,2971.0,2971.0,2971.0,3,0,3,902682.0
187,-56,EP,EPU19,D1,2019-07-21,1563667200,2971.0,2980.5,2971.0,2979.25,10263,0,17586,465966.0
188,-55,EP,EPU19,D1,2019-07-22,1563753600,2979.25,2993.5,2974.5,2989.5,462783,0,1040683,352757.0
189,-54,EP,EPU19,D1,2019-07-23,1563840000,2989.25,3008.5,2987.5,3005.5,448143,0,1033164,697144.0
190,-53,EP,EPU19,D1,2019-07-24,1563926400,3005.5,3022.0,2996.0,3021.0,439632,0,1016059,1029969.0
191,-52,EP,EPU19,D1,2019-07-25,1564012800,3021.0,3027.75,2998.0,3008.75,605168,0,1313409,1120877.0
192,-51,EP,EPU19,D1,2019-07-26,1564099200,3009.0,3029.5,3007.75,3023.0,377933,0,909484,1079651.0
193,-50,EP,EPU19,D1,2019-07-27,1564185600,3023.0,3023.0,3023.0,3023.0,2,0,2,740965.0
194,-49,EP,EPU19,D1,2019-07-28,1564272000,3023.0,3026.0,3022.0,3023.5,4406,0,7755,305747.0
195,-48,EP,EPU19,D1,2019-07-29,1564358400,3023.75,3027.25,3015.5,3024.5,344916,0,798215,268657.0
196,-47,EP,EPU19,D1,2019-07-30,1564444800,3024.5,3027.5,3001.5,3016.0,503207,0,1155287,653752.0
197,-46,EP,EPU19,D1,2019-07-31,1564531200,3016.0,3020.75,2958.0,2973.25,903264,0,1907079,1286860.0
198,-45,EP,EPU19,D1,2019-08-01,1564617600,2973.25,3014.25,2942.0,2945.75,1259429,0,2673211,1911859.0
199,-44,EP,EPU19,D1,2019-08-02,1564704000,2945.75,2961.0,2913.5,2934.5,1177498,0,2343690,2307993.0
200,-43,EP,EPU19,D1,2019-08-04,1564876800,2934.5,2934.5,2925.25,2927.25,11751,0,18060,1678320.0
201,-42,EP,EPU19,D1,2019-08-05,1564963200,2927.0,2933.5,2775.75,2781.75,1473468,0,3044907,1802219.0
202,-41,EP,EPU19,D1,2019-08-06,1565049600,2782.0,2883.75,2779.5,2869.25,1275760,0,2442709,1835225.0
203,-40,EP,EPU19,D1,2019-08-07,1565136000,2869.0,2891.5,2823.25,2874.5,1358449,0,2582591,2690069.0
204,-39,EP,EPU19,D1,2019-08-08,1565222400,2874.5,2940.75,2870.5,2934.0,838164,0,1776144,2267148.0
205,-38,EP,EPU19,D1,2019-08-09,1565308800,2934.25,2935.75,2899.0,2923.75,906508,0,1898638,2085791.0
206,-37,EP,EPU19,D1,2019-08-11,1565481600,2923.75,2926.5,2913.0,2914.0,10761,0,17037,1230606.0
207,-36,EP,EPU19,D1,2019-08-12,1565568000,2914.25,2931.0,2872.5,2887.0,791428,0,1658420,1191365.0
208,-35,EP,EPU19,D1,2019-08-13,1565654400,2887.0,2944.25,2866.75,2932.5,1072516,0,2120266,1265241.0
209,-34,EP,EPU19,D1,2019-08-14,1565740800,2932.75,2936.5,2833.75,2846.5,1331964,0,2702892,2160526.0
210,-33,EP,EPU19,D1,2019-08-15,1565827200,2846.25,2871.75,2817.75,2854.25,1366835,0,2417710,2413623.0
211,-32,EP,EPU19,D1,2019-08-16,1565913600,2854.0,2894.75,2849.5,2891.5,729447,0,1533457,2218020.0
212,-31,EP,EPU19,D1,2019-08-17,1566000000,2891.5,2891.5,2891.5,2891.5,1,0,1,1317056.0
213,-30,EP,EPU19,D1,2019-08-18,1566086400,2891.5,2907.75,2891.5,2906.0,15364,0,25841,519766.0
214,-29,EP,EPU19,D1,2019-08-19,1566172800,2905.75,2932.25,2900.5,2918.75,559003,0,1230550,418797.0
215,-28,EP,EPU19,D1,2019-08-20,1566259200,2918.75,2932.25,2893.0,2899.0,664418,0,1419174,891855.0
216,-27,EP,EPU19,D1,2019-08-21,1566345600,2899.0,2939.0,2899.0,2935.0,528788,0,1135990,1261905.0
217,-26,EP,EPU19,D1,2019-08-22,1566432000,2935.0,2939.75,2904.25,2922.25,629946,0,1300040,1285068.0
218,-25,EP,EPU19,D1,2019-08-23,1566518400,2922.25,2936.75,2834.0,2851.5,1318047,0,2631158,1689063.0
219,-24,EP,EPU19,D1,2019-08-25,1566691200,2851.5,2851.5,2810.25,2824.25,46295,0,84386,1338528.0
220,-23,EP,EPU19,D1,2019-08-26,1566777600,2824.5,2888.5,2821.5,2876.25,938280,0,1736567,1484037.0
221,-22,EP,EPU19,D1,2019-08-27,1566864000,2876.25,2899.5,2860.0,2874.25,768753,0,1493705,1104886.0
222,-21,EP,EPU19,D1,2019-08-28,1566950400,2874.0,2890.5,2851.75,2884.75,717569,0,1441842,1557371.0
223,-20,EP,EPU19,D1,2019-08-29,1567036800,2884.5,2930.75,2875.25,2923.5,674944,0,1433765,1456437.0
224,-19,EP,EPU19,D1,2019-08-30,1567123200,2923.75,2946.5,2913.25,2923.75,706545,0,1567396,1481001.0
225,-18,EP,EPU19,D1,2019-08-31,1567209600,2923.75,2923.75,2923.75,2923.75,1,0,2,1000388.0
226,-17,EP,EPU19,D1,2019-09-01,1567296000,2923.75,2923.75,2903.0,2909.0,9821,0,16824,528074.0
227,-16,EP,EPU19,D1,2019-09-02,1567382400,2909.0,2926.5,2889.0,2903.0,153098,0,271464,96097.0
228,-15,EP,EPU19,D1,2019-09-03,1567468800,2903.0,2915.5,2891.0,2902.75,821391,0,1637437,641908.0
229,-14,EP,EPU19,D1,2019-09-04,1567555200,2903.0,2939.5,2902.5,2938.25,557884,0,1181904,1030268.0
230,-13,EP,EPU19,D1,2019-09-05,1567641600,2938.25,2986.5,2937.75,2977.0,723450,0,1588209,1469183.0
231,-12,EP,EPU19,D1,2019-09-06,1567728000,2977.0,2988.25,2972.25,2983.0,528791,0,1095693,1288602.0
232,-11,EP,EPU19,D1,2019-09-08,1567900800,2980.25,2985.5,2980.0,2981.75,6894,25,9856,897919.0
233,-10,EP,EPU19,D1,2019-09-09,1567987200,2981.75,2991.5,2969.5,2982.25,516641,0,1137194,747581.0
234,-9,EP,EPU19,D1,2019-09-10,1568073600,2982.5,2985.0,2957.25,2977.25,658481,0,1415645,854232.0
235,-8,EP,EPU19,D1,2019-09-11,1568160000,2977.5,3020.0,2972.0,3018.25,591902,0,1324586,1292475.0
236,-7,EP,EPU19,D1,2019-09-12,1568246400,3018.25,3021.75,3001.0,3014.75,707844,0,1406958,1382396.0
237,-6,EP,EPU19,D1,2019-09-13,1568332800,3014.75,3023.75,3003.5,3007.0,311756,0,644989,1125511.0
238,-5,EP,EPU19,D1,2019-09-15,1568505600,2993.5,2997.5,2985.25,2989.75,16120,0,28051,693333.0
155,-84,EP,EPZ19,D1,2019-09-16,1568592000,2991.75,3007.0,2983.5,3003.5,477439,0,919177,555056.0
156,-83,EP,EPZ19,D1,2019-09-17,1568678400,3003.75,3009.0,2993.75,3006.75,425796,0,869584,606811.0
157,-82,EP,EPZ19,D1,2019-09-18,1568764800,3007.0,3013.75,2980.75,3006.5,573220,0,1240952,1009904.0
158,-81,EP,EPZ19,D1,2019-09-19,1568851200,3006.5,3024.5,2991.25,3010.25,523221,0,1133732,1081423.0
159,-80,EP,EPZ19,D1,2019-09-20,1568937600,3010.5,3018.0,2985.25,2989.25,603209,0,1373554,1249413.0
160,-79,EP,EPZ19,D1,2019-09-22,1569110400,2995.75,3008.25,2995.75,3003.0,15116,0,25788,844358.0
161,-78,EP,EPZ19,D1,2019-09-23,1569196800,3003.0,3012.25,2982.0,3007.75,484194,0,1015390,804911.0
162,-77,EP,EPZ19,D1,2019-09-24,1569283200,3007.5,3010.0,2958.5,2975.75,889256,0,1865568,968915.0
163,-76,EP,EPZ19,D1,2019-09-25,1569369600,2975.75,2991.75,2953.75,2985.25,689243,0,1440963,1440640.0
164,-75,EP,EPZ19,D1,2019-09-26,1569456000,2985.25,2995.0,2964.25,2978.5,640161,0,1308151,1538227.0
165,-74,EP,EPZ19,D1,2019-09-27,1569542400,2978.25,2993.0,2946.25,2968.5,772369,0,1595597,1448237.0
166,-73,EP,EPZ19,D1,2019-09-29,1569715200,2976.0,2980.25,2965.5,2971.0,12340,0,20291,974680.0
167,-72,EP,EPZ19,D1,2019-09-30,1569801600,2970.75,2986.75,2964.5,2983.25,503554,0,1086170,900686.0
168,-71,EP,EPZ19,D1,2019-10-01,1569888000,2983.25,2994.5,2937.0,2946.0,758812,0,1562989,889817.0
169,-70,EP,EPZ19,D1,2019-10-02,1569974400,2945.75,2949.0,2874.0,2886.0,989473,0,2050162,1566440.0
170,-69,EP,EPZ19,D1,2019-10-03,1570060800,2886.0,2912.5,2855.0,2907.0,999499,0,1955847,1856333.0
171,-68,EP,EPZ19,D1,2019-10-04,1570147200,2906.75,2953.25,2896.75,2950.75,684532,0,1421775,1809261.0
172,-67,EP,EPZ19,D1,2019-10-06,1570320000,2929.75,2942.75,2928.0,2939.5,13283,0,25683,1134435.0
173,-66,EP,EPZ19,D1,2019-10-07,1570406400,2939.5,2959.5,2933.75,2937.0,597549,0,1210973,886144.0
174,-65,EP,EPZ19,D1,2019-10-08,1570492800,2937.0,2950.0,2888.25,2892.0,941768,0,1815488,1017381.0
175,-64,EP,EPZ19,D1,2019-10-09,1570579200,2892.0,2934.25,2881.75,2899.5,705668,0,1319750,1448737.0
176,-63,EP,EPZ19,D1,2019-10-10,1570665600,2899.5,2957.5,2886.5,2947.0,816466,0,1461264,1532167.0
177,-62,EP,EPZ19,D1,2019-10-11,1570752000,2946.75,2994.0,2941.75,2970.25,854780,0,1627940,1469651.0
178,-61,EP,EPZ19,D1,2019-10-13,1570924800,2968.0,2981.75,2967.5,2981.75,11850,0,19521,1036242.0
179,-60,EP,EPZ19,D1,2019-10-14,1571011200,2981.75,2982.5,2953.75,2972.75,429714,0,784889,810783.0
180,-59,EP,EPZ19,D1,2019-10-15,1571097600,2972.75,3003.25,2967.5,2994.75,524505,0,1131783,645398.0
181,-58,EP,EPZ19,D1,2019-10-16,1571184000,2994.75,2997.5,2984.75,2987.75,546652,0,1090142,1002271.0
182,-57,EP,EPZ19,D1,2019-10-17,1571270400,2988.0,3008.0,2985.25,2996.5,542503,0,1059351,1093759.0
183,-56,EP,EPZ19,D1,2019-10-18,1571356800,2996.75,3001.25,2975.0,2989.25,607099,0,1255004,1134832.0
184,-55,EP,EPZ19,D1,2019-10-20,1571529600,2984.75,2991.75,2983.75,2991.5,9335,25,14511,776289.0
185,-54,EP,EPZ19,D1,2019-10-21,1571616000,2991.5,3007.5,2989.5,3005.25,402824,0,838392,702636.0
186,-53,EP,EPZ19,D1,2019-10-22,1571702400,3005.5,3014.25,2988.25,2990.75,521950,0,1104969,652624.0
187,-52,EP,EPZ19,D1,2019-10-23,1571788800,2990.75,3010.0,2982.0,3006.75,505827,0,1026011,989791.0
188,-51,EP,EPZ19,D1,2019-10-24,1571875200,3006.75,3015.25,2998.75,3001.75,510878,0,1034623,1055201.0
189,-50,EP,EPZ19,D1,2019-10-25,1571961600,3001.75,3026.5,3000.0,3019.75,465905,0,1050360,1036998.0
190,-49,EP,EPZ19,D1,2019-10-27,1572134400,3023.0,3026.0,3022.75,3024.25,6782,0,10541,698508.0
191,-48,EP,EPZ19,D1,2019-10-28,1572220800,3024.5,3042.75,3022.75,3038.75,433550,0,994306,685069.0
192,-47,EP,EPZ19,D1,2019-10-29,1572307200,3038.75,3046.25,3029.5,3035.75,465027,0,998545,667797.0
193,-46,EP,EPZ19,D1,2019-10-30,1572393600,3036.0,3055.0,3023.25,3048.5,569644,0,1143997,1045616.0
194,-45,EP,EPZ19,D1,2019-10-31,1572480000,3048.75,3051.25,3020.25,3034.25,781080,0,1670455,1270999.0
195,-44,EP,EPZ19,D1,2019-11-01,1572566400,3034.5,3065.0,3034.25,3063.0,533222,0,1211711,1342054.0
196,-43,EP,EPZ19,D1,2019-11-02,1572652800,3063.0,3063.0,3063.0,3063.0,3,50,3,960723.0
197,-42,EP,EPZ19,D1,2019-11-03,1572739200,3064.75,3069.0,3064.75,3067.5,7014,25,11233,407649.0
198,-41,EP,EPZ19,D1,2019-11-04,1572825600,3067.5,3085.75,3066.5,3083.0,496471,0,1126253,379163.0
199,-40,EP,EPZ19,D1,2019-11-05,1572912000,3082.75,3085.0,3069.75,3072.25,483004,0,1081750,739745.0
200,-39,EP,EPZ19,D1,2019-11-06,1572998400,3072.0,3078.0,3063.0,3074.0,480712,0,1040335,1082779.0
201,-38,EP,EPZ19,D1,2019-11-07,1573084800,3074.0,3097.0,3070.25,3086.75,581429,0,1313506,1145197.0
202,-37,EP,EPZ19,D1,2019-11-08,1573171200,3087.0,3092.5,3072.5,3092.0,469535,0,1019014,1124285.0
203,-36,EP,EPZ19,D1,2019-11-10,1573344000,3090.5,3092.25,3088.75,3088.75,4702,0,7614,780045.0
204,-35,EP,EPZ19,D1,2019-11-11,1573430400,3088.75,3089.25,3074.5,3085.0,378558,0,810827,612485.0
205,-34,EP,EPZ19,D1,2019-11-12,1573516800,3085.25,3102.0,3081.25,3088.5,492084,0,1065659,628033.0
206,-33,EP,EPZ19,D1,2019-11-13,1573603200,3088.75,3097.0,3075.75,3094.5,559130,0,1203490,1026659.0
207,-32,EP,EPZ19,D1,2019-11-14,1573689600,3094.5,3099.75,3081.75,3099.0,482485,0,1042419,1103856.0
208,-31,EP,EPZ19,D1,2019-11-15,1573776000,3099.0,3119.5,3097.0,3119.0,477548,0,1169809,1138573.0
209,-30,EP,EPZ19,D1,2019-11-17,1573948800,3119.0,3119.25,3113.75,3114.25,6121,0,11259,741162.0
210,-29,EP,EPZ19,D1,2019-11-18,1574035200,3114.75,3127.75,3111.0,3119.25,448247,0,969083,716717.0
211,-28,EP,EPZ19,D1,2019-11-19,1574121600,3119.5,3132.5,3110.25,3111.5,519057,0,1135301,705214.0
212,-27,EP,EPZ19,D1,2019-11-20,1574208000,3111.75,3118.5,3090.75,3101.75,758699,0,1615840,1240075.0
213,-26,EP,EPZ19,D1,2019-11-21,1574294400,3102.0,3114.5,3091.25,3101.25,661700,0,1347289,1366143.0
214,-25,EP,EPZ19,D1,2019-11-22,1574380800,3101.5,3114.5,3097.75,3112.0,436203,0,923745,1295625.0
215,-24,EP,EPZ19,D1,2019-11-23,1574467200,3112.0,3112.0,3112.0,3112.0,1,0,10,757015.0
216,-23,EP,EPZ19,D1,2019-11-24,1574553600,3119.0,3121.0,3116.5,3119.0,6455,0,11434,311730.0
217,-22,EP,EPZ19,D1,2019-11-25,1574640000,3119.25,3133.5,3116.75,3132.5,344001,0,855018,288821.0
218,-21,EP,EPZ19,D1,2019-11-26,1574726400,3132.5,3145.0,3128.0,3143.0,453261,0,1021441,629298.0
219,-20,EP,EPZ19,D1,2019-11-27,1574812800,3143.25,3155.0,3141.75,3144.5,390470,0,895347,923935.0
220,-19,EP,EPZ19,D1,2019-11-28,1574899200,3144.5,3151.75,3141.0,3151.25,70940,0,122348,679712.0
221,-18,EP,EPZ19,D1,2019-11-29,1574985600,3151.0,3151.5,3139.5,3143.75,304990,25,706173,574623.0
222,-17,EP,EPZ19,D1,2019-12-01,1575158400,3146.25,3148.0,3144.25,3147.5,8432,0,14925,281149.0
223,-16,EP,EPZ19,D1,2019-12-02,1575244800,3147.75,3158.0,3108.0,3112.25,823641,0,1849563,856887.0
224,-15,EP,EPZ19,D1,2019-12-03,1575331200,3112.25,3121.75,3069.5,3094.5,973193,0,2051737,1305408.0
225,-14,EP,EPZ19,D1,2019-12-04,1575417600,3094.75,3119.5,3081.75,3109.5,666443,0,1421909,1774403.0
226,-13,EP,EPZ19,D1,2019-12-05,1575504000,3109.25,3124.75,3103.25,3118.5,609500,0,1251733,1575126.0
227,-12,EP,EPZ19,D1,2019-12-06,1575590400,3118.5,3151.0,3118.5,3146.5,531747,0,1206912,1293518.0
228,-11,EP,EPZ19,D1,2019-12-08,1575763200,3146.75,3147.25,3146.0,3146.25,944,25,1618,820088.0
229,-10,EP,EPZ19,D1,2019-12-09,1575849600,3146.0,3149.33,3131.25,3135.0,451972,0,1046463,751664.0
230,-9,EP,EPZ19,D1,2019-12-10,1575936000,3135.0,3142.66,3116.74,3134.0,653030,0,1335399,794493.0
231,-8,EP,EPZ19,D1,2019-12-11,1576022400,3134.25,3146.25,3129.69,3146.0,492082,0,1039537,1140466.0
232,-7,EP,EPZ19,D1,2019-12-12,1576108800,3146.0,3182.75,3137.59,3180.75,950898,0,1919888,1431608.0
233,-6,EP,EPZ19,D1,2019-12-13,1576195200,3180.75,3184.81,3157.69,3172.0,592223,0,1100739,1353388.0
218,-85,EP,EPH20,D1,2019-12-14,1576281600,3175.5,3175.5,3175.5,3175.5,2,0,18,585503.0
234,-5,EP,EPZ19,D1,2019-12-15,1576368000,3176.5,3177.25,3173.75,3175.5,3328,0,5298,1008642.0
235,-4,EP,EPZ19,D1,2019-12-16,1576454400,3175.25,3198.75,3175.25,3190.75,178553,0,399296,501778.0
221,-82,EP,EPH20,D1,2019-12-17,1576540800,3194.75,3203.5,3192.0,3194.5,423249,0,926030,637870.0
222,-81,EP,EPH20,D1,2019-12-18,1576627200,3194.5,3203.0,3192.0,3198.75,367730,0,836289,913787.0
223,-80,EP,EPH20,D1,2019-12-19,1576713600,3199.0,3213.75,3194.5,3213.25,377019,0,866515,876278.0
224,-79,EP,EPH20,D1,2019-12-20,1576800000,3213.25,3229.5,3208.5,3224.5,481293,0,1188684,963829.0
225,-78,EP,EPH20,D1,2019-12-22,1576972800,3227.0,3229.0,3224.75,3228.25,5187,25,8982,688060.0
226,-77,EP,EPH20,D1,2019-12-23,1577059200,3228.25,3234.25,3224.25,3228.5,270461,0,597388,598351.0
227,-76,EP,EPH20,D1,2019-12-24,1577145600,3228.5,3231.25,3222.5,3226.5,127250,0,277531,294634.0
228,-75,EP,EPH20,D1,2019-12-25,1577232000,3226.5,3228.25,3226.5,3227.5,2129,0,3756,292892.0
229,-74,EP,EPH20,D1,2019-12-26,1577318400,3227.25,3244.75,3227.25,3243.25,183963,0,445141,242143.0
230,-73,EP,EPH20,D1,2019-12-27,1577404800,3243.5,3254.0,3235.5,3236.5,413154,0,930728,459875.0
231,-72,EP,EPH20,D1,2019-12-29,1577577600,3238.25,3241.5,3238.0,3240.75,4123,0,7771,461213.0
232,-71,EP,EPH20,D1,2019-12-30,1577664000,3241.0,3244.25,3217.25,3224.75,491155,0,1085497,674665.0
233,-70,EP,EPH20,D1,2019-12-31,1577750400,3224.75,3236.25,3213.0,3236.0,432010,0,1099286,730851.0
234,-69,EP,EPH20,D1,2020-01-01,1577836800,3237.0,3240.75,3234.25,3237.5,8447,0,16226,733670.0
235,-68,EP,EPH20,D1,2020-01-02,1577923200,3237.75,3263.5,3235.5,3261.25,563780,0,1351817,822443.0
236,-67,EP,EPH20,D1,2020-01-03,1578009600,3261.0,3262.75,3206.75,3235.5,810107,0,1675031,1014358.0
237,-66,EP,EPH20,D1,2020-01-05,1578182400,3235.5,3235.5,3216.25,3223.75,20970,0,36079,1020976.0
238,-65,EP,EPH20,D1,2020-01-06,1578268800,3223.75,3249.5,3208.75,3242.5,657610,0,1432755,1047955.0
239,-64,EP,EPH20,D1,2020-01-07,1578355200,3242.5,3254.5,3195.75,3203.25,688966,0,1350955,939930.0
240,-63,EP,EPH20,D1,2020-01-08,1578441600,3203.5,3267.75,3181.0,3262.0,1085202,0,2104349,1629353.0
241,-62,EP,EPH20,D1,2020-01-09,1578528000,3262.0,3279.25,3257.75,3278.0,563943,0,1220613,1558639.0
242,-61,EP,EPH20,D1,2020-01-10,1578614400,3278.25,3287.0,3260.75,3263.5,621779,0,1445967,1590310.0
243,-60,EP,EPH20,D1,2020-01-12,1578787200,3265.75,3271.5,3265.5,3267.25,7387,25,11790,892790.0
244,-59,EP,EPH20,D1,2020-01-13,1578873600,3267.25,3294.25,3266.75,3294.0,442217,0,955863,804540.0
245,-58,EP,EPH20,D1,2020-01-14,1578960000,3294.0,3296.75,3275.25,3279.0,774856,0,1644239,870631.0
246,-57,EP,EPH20,D1,2020-01-15,1579046400,3279.0,3300.0,3277.75,3297.0,644830,0,1414404,1338169.0
247,-56,EP,EPH20,D1,2020-01-16,1579132800,3297.0,3323.25,3294.5,3319.75,555068,0,1300889,1453177.0
248,-55,EP,EPH20,D1,2020-01-17,1579219200,3319.75,3330.25,3316.75,3323.75,506372,0,1193942,1303078.0
249,-54,EP,EPH20,D1,2020-01-19,1579392000,3325.0,3328.0,3323.25,3328.0,4997,0,8611,834481.0
250,-53,EP,EPH20,D1,2020-01-20,1579478400,3328.0,3328.5,3318.5,3323.0,62024,0,111783,438112.0
251,-52,EP,EPH20,D1,2020-01-21,1579564800,3323.0,3329.75,3307.25,3320.5,609854,0,1375304,498566.0
252,-51,EP,EPH20,D1,2020-01-22,1579651200,3320.5,3337.5,3313.75,3314.5,632461,0,1459542,982210.0
253,-50,EP,EPH20,D1,2020-01-23,1579737600,3314.5,3332.0,3301.25,3330.5,725566,0,1657487,1497444.0
254,-49,EP,EPH20,D1,2020-01-24,1579824000,3330.5,3337.0,3280.5,3291.0,1104484,0,2415035,1844021.0
255,-48,EP,EPH20,D1,2020-01-26,1579996800,3269.75,3269.75,3252.25,3258.75,52805,0,93971,1388831.0
256,-47,EP,EPH20,D1,2020-01-27,1580083200,3258.75,3269.0,3233.0,3247.0,1187672,0,2433399,1647468.0
257,-46,EP,EPH20,D1,2020-01-28,1580169600,3247.25,3285.0,3241.75,3275.25,861656,0,1844936,1457435.0
258,-45,EP,EPH20,D1,2020-01-29,1580256000,3275.5,3292.75,3265.25,3273.25,813280,0,1614879,1964405.0
259,-44,EP,EPH20,D1,2020-01-30,1580342400,3273.25,3295.25,3239.75,3289.25,1252649,0,2372371,1944062.0
260,-43,EP,EPH20,D1,2020-01-31,1580428800,3289.5,3297.5,3212.75,3227.0,1476355,0,3034592,2340614.0
261,-42,EP,EPH20,D1,2020-02-02,1580601600,3227.0,3236.25,3222.0,3232.0,28462,0,53209,1820057.0
262,-41,EP,EPH20,D1,2020-02-03,1580688000,3232.0,3267.25,3229.75,3241.5,931042,0,1831713,1639838.0
263,-40,EP,EPH20,D1,2020-02-04,1580774400,3241.75,3305.25,3240.75,3294.0,798409,0,1652719,1179214.0
264,-39,EP,EPH20,D1,2020-02-05,1580860800,3294.0,3339.5,3288.25,3334.5,981774,0,1988174,1824202.0
265,-38,EP,EPH20,D1,2020-02-06,1580947200,3334.25,3357.75,3332.5,3349.0,709016,0,1427263,1689385.0
266,-37,EP,EPH20,D1,2020-02-07,1581033600,3349.25,3350.0,3320.75,3323.0,810894,0,1627205,1680881.0
267,-36,EP,EPH20,D1,2020-02-09,1581206400,3322.25,3329.25,3303.5,3311.25,31852,0,54264,1036244.0
268,-35,EP,EPH20,D1,2020-02-10,1581292800,3311.5,3353.5,3311.25,3351.5,641879,0,1301310,994260.0
269,-34,EP,EPH20,D1,2020-02-11,1581379200,3351.5,3374.5,3349.25,3360.75,694472,0,1450827,935467.0
270,-33,EP,EPH20,D1,2020-02-12,1581465600,3361.0,3382.5,3355.5,3367.5,581976,0,1221931,1324689.0
271,-32,EP,EPH20,D1,2020-02-13,1581552000,3367.75,3384.75,3348.5,3374.25,803131,0,1708761,1460506.0
272,-31,EP,EPH20,D1,2020-02-14,1581638400,3374.25,3388.5,3365.25,3380.5,578063,0,1258411,1396368.0
273,-30,EP,EPH20,D1,2020-02-16,1581811200,3382.25,3389.5,3382.0,3387.75,8686,0,13750,993641.0
274,-29,EP,EPH20,D1,2020-02-17,1581897600,3387.75,3392.5,3372.0,3376.0,91086,0,159046,477069.0
275,-28,EP,EPH20,D1,2020-02-18,1581984000,3376.0,3378.75,3355.25,3378.0,685023,0,1524458,565751.0
276,-27,EP,EPH20,D1,2020-02-19,1582070400,3378.0,3393.75,3372.25,3391.5,489820,0,1113410,932305.0
277,-26,EP,EPH20,D1,2020-02-20,1582156800,3391.75,3397.5,3339.25,3356.0,1048234,0,2065859,1567909.0
278,-25,EP,EPH20,D1,2020-02-21,1582243200,3356.0,3365.75,3328.0,3338.25,1112813,0,2194698,1791322.0
279,-24,EP,EPH20,D1,2020-02-23,1582416000,3338.25,3338.25,3289.5,3298.25,52076,0,92496,1451018.0
280,-23,EP,EPH20,D1,2020-02-24,1582502400,3298.5,3303.75,3213.75,3239.75,1813135,0,3445572,1910922.0
281,-22,EP,EPH20,D1,2020-02-25,1582588800,3240.0,3259.5,3117.25,3151.5,2378837,0,4209608,2582559.0
282,-21,EP,EPH20,D1,2020-02-26,1582675200,3151.75,3182.0,3091.0,3103.25,2263562,0,3820387,3825189.0
283,-20,EP,EPH20,D1,2020-02-27,1582761600,3103.25,3107.5,2935.25,2967.25,2793623,0,4592816,4207604.0
284,-19,EP,EPH20,D1,2020-02-28,1582848000,2967.0,2996.0,2853.25,2988.0,3433717,0,5379059,4597421.0
285,-18,EP,EPH20,D1,2020-03-01,1583020800,2900.0,2928.0,2889.5,2919.0,16431,0,28611,3333495.0
286,-17,EP,EPH20,D1,2020-03-02,1583107200,2919.25,3093.0,2904.0,3084.5,357036,0,496689,1968120.0
287,-16,EP,EPH20,D1,2020-03-03,1583193600,3084.5,3136.75,2973.0,2990.75,381617,0,501007,342102.0
288,-15,EP,EPH20,D1,2020-03-04,1583280000,2990.75,3129.5,2989.25,3106.75,1179052,0,1951266,982987.0
289,-14,EP,EPH20,D1,2020-03-05,1583366400,3107.25,3108.75,2996.5,3026.5,1638541,0,2602614,1684962.0
290,-13,EP,EPH20,D1,2020-03-06,1583452800,3026.5,3037.0,2898.0,2963.75,1911500,0,2944122,2499334.0
291,-12,EP,EPH20,D1,2020-03-07,1583539200,2963.75,2963.75,2963.75,2963.75,1,0,9,1848915.0
292,-11,EP,EPH20,D1,2020-03-08,1583625600,2916.0,2916.0,2819.0,2822.5,99348,0,184296,1042809.0
293,-10,EP,EPH20,D1,2020-03-09,1583712000,2822.5,2839.0,2695.25,2795.75,1399655,0,2398404,860903.0
294,-9,EP,EPH20,D1,2020-03-10,1583798400,2796.25,2884.75,2728.5,2827.0,2051086,0,3180046,1920915.0
295,-8,EP,EPH20,D1,2020-03-11,1583884800,2827.0,2839.25,2702.75,2732.75,1859980,0,2760629,2779693.0
296,-7,EP,EPH20,D1,2020-03-12,1583971200,2732.75,2742.5,2419.0,2440.5,2311426,0,3646588,3195754.0
297,-6,EP,EPH20,D1,2020-03-13,1584057600,2440.25,2707.75,2393.5,2664.75,1364018,0,2158312,2855176.0
298,-5,EP,EPH20,D1,2020-03-15,1584230400,2673.75,2675.0,2567.5,2567.5,21281,0,41110,1948670.0
210,-85,EP,EPM20,D1,2020-03-16,1584316800,2555.5,2555.5,2350.0,2432.25,1421612,0,2327952,1484116.0
211,-84,EP,EPM20,D1,2020-03-17,1584403200,2432.25,2542.75,2352.0,2411.0,1880764,0,2916874,1765700.0
212,-83,EP,EPM20,D1,2020-03-18,1584489600,2410.75,2460.0,2262.0,2443.25,1702238,0,2732969,2659265.0
213,-82,EP,EPM20,D1,2020-03-19,1584576000,2444.0,2458.0,2275.0,2356.0,1767453,0,2682124,2777322.0
214,-81,EP,EPM20,D1,2020-03-20,1584662400,2356.0,2499.0,2260.0,2266.5,1887879,0,2832291,2749128.0
215,-80,EP,EPM20,D1,2020-03-22,1584835200,2220.25,2229.0,2174.0,2190.75,30743,0,71293,1861903.0
216,-79,EP,EPM20,D1,2020-03-23,1584921600,2190.75,2386.0,2174.0,2252.75,1974006,0,2981957,1961847.0
217,-78,EP,EPM20,D1,2020-03-24,1585008000,2252.25,2470.0,2241.25,2421.75,1597070,0,2513690,1855647.0
218,-77,EP,EPM20,D1,2020-03-25,1585094400,2421.75,2560.75,2386.0,2468.5,1944052,0,2885729,2793792.0
219,-76,EP,EPM20,D1,2020-03-26,1585180800,2468.5,2634.5,2402.25,2629.25,1606807,0,2338149,2579189.0
220,-75,EP,EPM20,D1,2020-03-27,1585267200,2629.25,2632.75,2505.25,2520.0,1439313,0,2102786,2442221.0
221,-74,EP,EPM20,D1,2020-03-29,1585440000,2520.0,2520.0,2445.0,2486.75,57074,0,87998,1509644.0
222,-73,EP,EPM20,D1,2020-03-30,1585526400,2486.75,2624.5,2481.5,2616.5,1139283,0,1702318,1297701.0
223,-72,EP,EPM20,D1,2020-03-31,1585612800,2616.5,2635.75,2536.5,2539.0,1413687,0,2146220,1312179.0
224,-71,EP,EPM20,D1,2020-04-01,1585699200,2539.0,2547.25,2434.25,2471.0,1286153,0,1969183,1939240.0
225,-70,EP,EPM20,D1,2020-04-02,1585785600,2471.0,2525.0,2424.75,2504.75,1439339,0,2068925,2061443.0
226,-69,EP,EPM20,D1,2020-04-03,1585872000,2504.5,2529.5,2449.0,2480.25,1134556,0,1677395,1905168.0
227,-68,EP,EPM20,D1,2020-04-05,1586044800,2485.0,2524.0,2484.75,2518.75,35022,0,56768,1267696.0
228,-67,EP,EPM20,D1,2020-04-06,1586131200,2518.75,2668.5,2517.5,2663.75,1144510,0,1906851,1213671.0
229,-66,EP,EPM20,D1,2020-04-07,1586217600,2663.75,2750.0,2623.5,2650.75,1665127,0,2434610,1466076.0
230,-65,EP,EPM20,D1,2020-04-08,1586304000,2650.25,2752.5,2620.75,2747.25,1234401,0,1851819,2064427.0
231,-64,EP,EPM20,D1,2020-04-09,1586390400,2747.5,2809.5,2701.0,2787.0,1521525,0,2266555,2184328.0
232,-63,EP,EPM20,D1,2020-04-12,1586649600,2787.0,2819.5,2717.25,2744.0,49495,0,73607,1397327.0
233,-62,EP,EPM20,D1,2020-04-13,1586736000,2744.0,2779.25,2711.0,2768.0,973531,0,1484158,1274773.0
234,-61,EP,EPM20,D1,2020-04-14,1586822400,2768.0,2846.0,2752.5,2832.0,1038519,0,1639338,1065701.0
235,-60,EP,EPM20,D1,2020-04-15,1586908800,2832.0,2834.75,2750.5,2753.75,1109759,0,1778203,1633900.0
236,-59,EP,EPM20,D1,2020-04-16,1586995200,2753.75,2885.0,2746.0,2869.5,1202424,0,1807493,1741678.0
237,-58,EP,EPM20,D1,2020-04-17,1587081600,2869.75,2884.0,2821.0,2869.0,1020092,0,1701291,1762329.0
238,-57,EP,EPM20,D1,2020-04-19,1587254400,2869.0,2869.0,2842.0,2848.25,26854,0,40108,1182964.0
239,-56,EP,EPM20,D1,2020-04-20,1587340800,2848.5,2875.5,2804.25,2817.25,968024,0,1506096,1082498.0
240,-55,EP,EPM20,D1,2020-04-21,1587427200,2817.5,2833.25,2717.25,2741.5,1276777,0,1919038,1155081.0
241,-54,EP,EPM20,D1,2020-04-22,1587513600,2741.5,2808.0,2717.25,2779.0,837755,0,1346293,1590476.0
242,-53,EP,EPM20,D1,2020-04-23,1587600000,2779.25,2836.75,2764.25,2770.0,1040531,0,1678180,1647837.0
243,-52,EP,EPM20,D1,2020-04-24,1587686400,2770.25,2835.0,2755.25,2828.0,737330,0,1225746,1416740.0
244,-51,EP,EPM20,D1,2020-04-25,1587772800,2828.0,2828.0,2828.0,2828.0,6,0,6,967977.0
245,-50,EP,EPM20,D1,2020-04-26,1587859200,2828.0,2847.0,2812.75,2819.25,23421,0,33294,419682.0
246,-49,EP,EPM20,D1,2020-04-27,1587945600,2819.25,2881.25,2814.25,2867.5,688296,0,1162732,398677.0
247,-48,EP,EPM20,D1,2020-04-28,1588032000,2867.5,2913.5,2851.0,2871.5,928471,0,1597653,931226.0
248,-47,EP,EPM20,D1,2020-04-29,1588118400,2871.75,2959.75,2871.0,2946.0,977372,0,1680269,1480218.0
249,-46,EP,EPM20,D1,2020-04-30,1588204800,2945.75,2965.0,2853.0,2874.25,1154836,0,1961873,1746598.0
250,-45,EP,EPM20,D1,2020-05-01,1588291200,2874.5,2879.75,2811.75,2817.0,894856,0,1541908,1728017.0
251,-44,EP,EPM20,D1,2020-05-03,1588464000,2789.0,2797.0,2773.0,2777.25,42372,0,64744,1189508.0
252,-43,EP,EPM20,D1,2020-05-04,1588550400,2777.25,2835.75,2771.0,2831.25,854863,0,1414537,1007063.0
253,-42,EP,EPM20,D1,2020-05-05,1588636800,2831.0,2889.75,2831.0,2866.5,824434,0,1451177,976819.0
254,-41,EP,EPM20,D1,2020-05-06,1588723200,2866.5,2886.25,2823.0,2833.5,887018,0,1443548,1436421.0
255,-40,EP,EPM20,D1,2020-05-07,1588809600,2833.25,2895.0,2833.25,2892.5,830533,0,1453227,1449317.0
256,-39,EP,EPM20,D1,2020-05-08,1588896000,2892.75,2933.0,2892.5,2930.5,671285,0,1256141,1384305.0
257,-38,EP,EPM20,D1,2020-05-10,1589068800,2920.75,2939.0,2916.0,2938.0,26799,0,44178,917849.0
258,-37,EP,EPM20,D1,2020-05-11,1589155200,2938.0,2947.0,2889.75,2916.0,737044,0,1464439,921586.0
259,-36,EP,EPM20,D1,2020-05-12,1589241600,2916.25,2939.25,2827.25,2829.25,897149,0,1701852,1070156.0
260,-35,EP,EPM20,D1,2020-05-13,1589328000,2829.25,2876.75,2786.0,2816.75,1438660,0,2494867,1887053.0
261,-34,EP,EPM20,D1,2020-05-14,1589414400,2816.75,2854.75,2760.25,2853.75,1435847,0,2446189,2214303.0
262,-33,EP,EPM20,D1,2020-05-15,1589500800,2853.75,2863.5,2809.5,2854.75,1107009,0,1819248,2253435.0
263,-32,EP,EPM20,D1,2020-05-17,1589673600,2854.75,2873.75,2850.0,2868.25,27002,0,37581,1434339.0
264,-31,EP,EPM20,D1,2020-05-18,1589760000,2868.25,2964.75,2865.25,2951.25,910573,0,1699077,1185302.0
265,-30,EP,EPM20,D1,2020-05-19,1589846400,2951.25,2976.25,2908.5,2923.25,935144,0,1539242,1091967.0
266,-29,EP,EPM20,D1,2020-05-20,1589932800,2923.0,2975.75,2922.75,2964.25,814952,0,1482057,1573459.0
267,-28,EP,EPM20,D1,2020-05-21,1590019200,2964.0,2973.0,2933.0,2949.25,897750,0,1582103,1534467.0
268,-27,EP,EPM20,D1,2020-05-22,1590105600,2949.5,2957.5,2903.75,2956.25,761903,0,1321161,1461774.0
269,-26,EP,EPM20,D1,2020-05-24,1590278400,2948.5,2969.5,2947.5,2967.0,13562,0,18957,974074.0
270,-25,EP,EPM20,D1,2020-05-25,1590364800,2967.0,2990.0,2954.25,2982.25,121095,0,177278,505799.0
271,-24,EP,EPM20,D1,2020-05-26,1590451200,2982.5,3019.75,2980.75,2990.0,826852,0,1565461,587232.0
272,-23,EP,EPM20,D1,2020-05-27,1590537600,2990.25,3042.75,2965.5,3042.5,1132602,0,2067850,1270196.0
273,-22,EP,EPM20,D1,2020-05-28,1590624000,3042.5,3065.5,3019.5,3025.25,1069724,0,1846719,1826677.0
274,-21,EP,EPM20,D1,2020-05-29,1590710400,3025.25,3058.25,2992.0,3057.25,1256844,0,2173877,2029482.0
275,-20,EP,EPM20,D1,2020-05-30,1590796800,3057.25,3057.25,3057.25,3057.25,5,0,5,1340200.0
276,-19,EP,EPM20,D1,2020-05-31,1590883200,3057.25,3057.25,3008.0,3025.5,40201,0,58905,744262.0
277,-18,EP,EPM20,D1,2020-06-01,1590969600,3025.25,3059.0,3020.5,3038.25,732035,0,1224339,427750.0
278,-17,EP,EPM20,D1,2020-06-02,1591056000,3038.25,3087.5,3035.0,3086.0,746609,0,1395650,892965.0
279,-16,EP,EPM20,D1,2020-06-03,1591142400,3086.25,3129.5,3080.75,3123.0,789906,0,1564263,1394751.0
280,-15,EP,EPM20,D1,2020-06-04,1591228800,3123.0,3126.75,3087.5,3108.75,937551,0,1775777,1578563.0
281,-14,EP,EPM20,D1,2020-06-05,1591315200,3108.5,3210.5,3106.5,3185.25,1211989,0,2323308,1887783.0
282,-13,EP,EPM20,D1,2020-06-06,1591401600,3185.25,3185.25,3185.25,3185.25,2,0,4,1366363.0
283,-12,EP,EPM20,D1,2020-06-07,1591488000,3185.25,3211.5,3185.25,3208.25,26420,0,40582,787965.0
284,-11,EP,EPM20,D1,2020-06-08,1591574400,3208.5,3231.25,3183.25,3223.0,789264,0,1481853,507480.0
285,-10,EP,EPM20,D1,2020-06-09,1591660800,3223.0,3231.0,3190.0,3216.0,896239,0,1622471,1048302.0
286,-9,EP,EPM20,D1,2020-06-10,1591747200,3216.25,3227.25,3162.0,3164.75,1163184,0,1925667,1676664.0
287,-8,EP,EPM20,D1,2020-06-11,1591833600,3164.75,3180.75,2996.25,3028.25,1929289,0,3165477,2237872.0
288,-7,EP,EPM20,D1,2020-06-12,1591920000,3028.5,3087.75,2982.0,3035.75,1314518,0,2101643,2397596.0
289,-6,EP,EPM20,D1,2020-06-13,1592006400,3035.75,3035.75,3035.75,3035.75,1,0,1,1755707.0
290,-5,EP,EPM20,D1,2020-06-14,1592092800,2992.75,3008.75,2980.75,2996.25,30568,0,39666,713770.0
210,-89,EP,EPU20,D1,2020-06-15,1592179200,2985.0,3087.5,2923.75,3087.0,1355281,0,2042485,699699.0
211,-88,EP,EPU20,D1,2020-06-16,1592265600,3086.75,3156.25,3063.0,3125.0,1523376,0,2269900,1456332.0
212,-87,EP,EPU20,D1,2020-06-17,1592352000,3124.75,3147.0,3089.5,3090.75,931658,0,1490560,1934315.0
213,-86,EP,EPU20,D1,2020-06-18,1592438400,3091.0,3120.0,3064.5,3115.25,920025,0,1427663,1729374.0
214,-85,EP,EPU20,D1,2020-06-19,1592524800,3115.25,3144.75,3056.75,3057.75,1097624,0,1866757,1594993.0
215,-84,EP,EPU20,D1,2020-06-21,1592697600,3040.25,3055.75,3027.25,3053.75,39647,0,54731,1116384.0
216,-83,EP,EPU20,D1,2020-06-22,1592784000,3054.0,3125.25,3049.0,3122.25,795794,0,1330072,1083853.0
217,-82,EP,EPU20,D1,2020-06-23,1592870400,3122.25,3145.75,3060.0,3111.5,903907,0,1507887,964230.0
218,-81,EP,EPU20,D1,2020-06-24,1592956800,3111.25,3128.5,3019.75,3037.25,1389879,0,2351851,1729937.0
219,-80,EP,EPU20,D1,2020-06-25,1593043200,3037.25,3080.0,3005.0,3073.0,1192929,0,1922349,1927362.0
220,-79,EP,EPU20,D1,2020-06-26,1593129600,3073.0,3082.0,2992.5,3003.0,1252443,0,2127985,2134062.0
221,-78,EP,EPU20,D1,2020-06-27,1593216000,3003.0,3003.0,3003.0,3003.0,1,0,1,1350112.0
222,-77,EP,EPU20,D1,2020-06-28,1593302400,3003.0,3004.75,2983.5,3000.25,38391,0,55372,727786.0
223,-76,EP,EPU20,D1,2020-06-29,1593388800,3000.25,3059.25,2988.5,3054.25,912847,0,1523912,526428.0
224,-75,EP,EPU20,D1,2020-06-30,1593475200,3054.0,3101.25,3030.25,3081.75,907224,0,1644536,1074607.0
225,-74,EP,EPU20,D1,2020-07-01,1593561600,3081.75,3117.75,3062.75,3102.5,881893,0,1493309,1553919.0
226,-73,EP,EPU20,D1,2020-07-02,1593648000,3102.0,3156.5,3095.5,3127.25,843152,0,1503586,1547144.0
227,-72,EP,EPU20,D1,2020-07-03,1593734400,3127.25,3138.75,3105.75,3115.5,136569,25,186950,1061282.0
228,-71,EP,EPU20,D1,2020-07-05,1593907200,3121.25,3136.75,3121.25,3135.0,17869,0,23638,571391.0
229,-70,EP,EPU20,D1,2020-07-06,1593993600,3135.25,3179.25,3134.25,3176.75,710817,0,1221170,477253.0
230,-69,EP,EPU20,D1,2020-07-07,1594080000,3177.0,3184.0,3132.5,3140.25,748390,0,1310618,851809.0
231,-68,EP,EPU20,D1,2020-07-08,1594166400,3140.25,3169.5,3125.5,3167.25,823528,0,1490052,1340613.0
232,-67,EP,EPU20,D1,2020-07-09,1594252800,3167.25,3170.75,3105.25,3151.0,1062027,0,1859633,1553434.0
233,-66,EP,EPU20,D1,2020-07-10,1594339200,3151.25,3181.25,3111.5,3179.5,856601,0,1360956,1570214.0
234,-65,EP,EPU20,D1,2020-07-12,1594512000,3179.5,3199.0,3179.5,3186.5,28580,0,38113,1086234.0
235,-64,EP,EPU20,D1,2020-07-13,1594598400,3186.5,3226.25,3140.5,3155.25,1106193,0,2030350,1143140.0
236,-63,EP,EPU20,D1,2020-07-14,1594684800,3155.0,3214.75,3119.0,3209.75,1381376,0,2240428,1436297.0
237,-62,EP,EPU20,D1,2020-07-15,1594771200,3210.0,3233.25,3192.0,3218.0,1123389,0,1854584,2041787.0
238,-61,EP,EPU20,D1,2020-07-16,1594857600,3218.0,3218.25,3188.5,3203.5,853673,0,1439286,1844766.0
239,-60,EP,EPU20,D1,2020-07-17,1594944000,3203.5,3225.25,3195.0,3213.75,652822,0,1217866,1503912.0
240,-59,EP,EPU20,D1,2020-07-18,1595030400,3213.75,3213.75,3213.75,3213.75,1,0,1,885718.0
241,-58,EP,EPU20,D1,2020-07-19,1595116800,3213.75,3222.25,3212.25,3221.25,14064,0,18765,412211.0
242,-57,EP,EPU20,D1,2020-07-20,1595203200,3221.25,3250.5,3190.25,3243.25,718723,0,1363158,460641.0
243,-56,EP,EPU20,D1,2020-07-21,1595289600,3243.5,3273.25,3239.25,3256.5,790367,0,1435063,938995.0
244,-55,EP,EPU20,D1,2020-07-22,1595376000,3256.75,3271.75,3227.25,3261.0,719465,0,1317627,1371949.0
245,-54,EP,EPU20,D1,2020-07-23,1595462400,3261.0,3284.5,3214.25,3233.75,984276,0,1683387,1478692.0
246,-53,EP,EPU20,D1,2020-07-24,1595548800,3233.5,3239.0,3191.5,3203.5,934548,0,1711818,1570944.0
247,-52,EP,EPU20,D1,2020-07-26,1595721600,3203.5,3213.5,3192.0,3199.5,32985,0,42819,1146008.0
248,-51,EP,EPU20,D1,2020-07-27,1595808000,3199.25,3238.0,3198.0,3236.0,610545,0,1237110,997249.0
249,-50,EP,EPU20,D1,2020-07-28,1595894400,3236.25,3246.75,3208.0,3217.5,693572,0,1356764,878898.0
250,-49,EP,EPU20,D1,2020-07-29,1595980800,3217.75,3257.0,3204.25,3251.0,580079,0,1179788,1257887.0
251,-48,EP,EPU20,D1,2020-07-30,1596067200,3251.25,3273.75,3195.0,3267.5,997444,0,1994654,1510402.0
252,-47,EP,EPU20,D1,2020-07-31,1596153600,3267.25,3270.25,3212.5,3269.5,1088357,0,2189751,1788064.0
253,-46,EP,EPU20,D1,2020-08-01,1596240000,3269.5,3269.5,3269.5,3269.5,9,0,9,1394805.0
254,-45,EP,EPU20,D1,2020-08-02,1596326400,3269.5,3273.75,3255.75,3264.25,17902,0,26866,738875.0
255,-44,EP,EPU20,D1,2020-08-03,1596412800,3264.25,3295.5,3254.75,3287.75,668408,0,1207366,411414.0
256,-43,EP,EPU20,D1,2020-08-04,1596499200,3287.75,3300.75,3271.0,3299.0,608745,0,1127828,787353.0
257,-42,EP,EPU20,D1,2020-08-05,1596585600,3298.75,3323.25,3292.0,3318.75,540363,0,1081350,1138848.0
258,-41,EP,EPU20,D1,2020-08-06,1596672000,3318.75,3345.5,3300.5,3340.75,671177,0,1332095,1180424.0
259,-40,EP,EPU20,D1,2020-08-07,1596758400,3340.75,3347.75,3322.25,3347.25,846860,25,1567985,1327143.0
260,-39,EP,EPU20,D1,2020-08-08,1596844800,3347.25,3347.25,3347.25,3347.25,2,0,10,966697.0
261,-38,EP,EPU20,D1,2020-08-09,1596931200,3347.25,3347.25,3335.0,3341.75,16771,0,23089,530361.0
262,-37,EP,EPU20,D1,2020-08-10,1597017600,3342.0,3357.25,3329.0,3352.25,623794,0,1169974,397691.0
263,-36,EP,EPU20,D1,2020-08-11,1597104000,3352.0,3379.0,3319.5,3334.25,924668,0,1708704,967256.0
264,-35,EP,EPU20,D1,2020-08-12,1597190400,3334.0,3382.5,3326.25,3370.75,722785,0,1358406,1412361.0
265,-34,EP,EPU20,D1,2020-08-13,1597276800,3370.75,3382.0,3357.5,3376.0,644915,0,1178323,1415144.0
266,-33,EP,EPU20,D1,2020-08-14,1597363200,3376.0,3380.5,3350.0,3363.75,580886,0,1037924,1191551.0
267,-32,EP,EPU20,D1,2020-08-15,1597449600,3363.75,3363.75,3363.75,3363.75,1,0,1,738749.0
268,-31,EP,EPU20,D1,2020-08-16,1597536000,3363.75,3371.0,3363.75,3370.5,7399,0,10393,349439.0
269,-30,EP,EPU20,D1,2020-08-17,1597622400,3370.25,3387.0,3364.75,3386.0,381404,0,736186,248860.0
270,-29,EP,EPU20,D1,2020-08-18,1597708800,3385.75,3390.75,3365.25,3389.0,503466,0,988525,578368.0
271,-28,EP,EPU20,D1,2020-08-19,1597795200,3389.0,3395.75,3361.0,3362.25,624517,0,1341520,1022077.0
272,-27,EP,EPU20,D1,2020-08-20,1597881600,3362.5,3389.75,3344.75,3389.5,617568,0,1172651,1167565.0
273,-26,EP,EPU20,D1,2020-08-21,1597968000,3389.5,3396.25,3356.75,3391.5,629448,0,1167493,1227221.0
274,-25,EP,EPU20,D1,2020-08-23,1598140800,3391.5,3401.5,3391.5,3397.5,14918,0,24679,788274.0
275,-24,EP,EPU20,D1,2020-08-24,1598227200,3397.5,3434.0,3393.5,3433.25,606160,0,1233949,808707.0
276,-23,EP,EPU20,D1,2020-08-25,1598313600,3433.25,3448.75,3421.75,3445.0,583594,0,1114827,791152.0
277,-22,EP,EPU20,D1,2020-08-26,1598400000,3445.0,3483.5,3436.75,3477.25,572150,0,1249416,1199397.0
278,-21,EP,EPU20,D1,2020-08-27,1598486400,3477.25,3498.25,3464.75,3492.0,890400,0,1611620,1325288.0
279,-20,EP,EPU20,D1,2020-08-28,1598572800,3491.75,3509.5,3480.75,3506.75,627647,25,1182537,1347858.0
280,-19,EP,EPU20,D1,2020-08-29,1598659200,3506.75,3506.75,3506.75,3506.75,1,0,3,931387.0
281,-18,EP,EPU20,D1,2020-08-30,1598745600,3508.5,3519.0,3508.5,3518.75,11430,0,15252,399264.0
282,-17,EP,EPU20,D1,2020-08-31,1598832000,3518.75,3524.5,3484.25,3496.5,663006,0,1383283,466179.0
283,-16,EP,EPU20,D1,2020-09-01,1598918400,3496.5,3535.5,3491.75,3535.5,642183,0,1233059,877198.0
284,-15,EP,EPU20,D1,2020-09-02,1599004800,3535.5,3587.0,3532.0,3583.5,888749,0,1779794,1465379.0
285,-14,EP,EPU20,D1,2020-09-03,1599091200,3583.75,3584.25,3424.5,3431.75,1689717,0,2843744,1952199.0
286,-13,EP,EPU20,D1,2020-09-04,1599177600,3431.75,3484.25,3347.75,3415.0,1859199,0,2865931,2496490.0
287,-12,EP,EPU20,D1,2020-09-06,1599350400,3420.5,3422.75,3380.25,3404.75,26881,0,34402,1914692.0
288,-11,EP,EPU20,D1,2020-09-07,1599436800,3404.75,3443.5,3392.25,3439.5,190622,0,242655,1047663.0
289,-10,EP,EPU20,D1,2020-09-08,1599523200,3439.5,3447.0,3295.5,3322.75,1587923,0,2412050,896369.0
290,-9,EP,EPU20,D1,2020-09-09,1599609600,3322.25,3424.0,3320.75,3409.5,1099649,0,1874076,1509594.0
291,-8,EP,EPU20,D1,2020-09-10,1599696000,3409.5,3424.25,3327.25,3346.75,1328817,0,2022572,2102899.0
292,-7,EP,EPU20,D1,2020-09-11,1599782400,3347.0,3375.0,3308.75,3337.25,757622,0,1098458,1665035.0
293,-6,EP,EPU20,D1,2020-09-12,1599868800,3337.25,3337.25,3337.25,3337.25,1,0,24,1040351.0
214,-87,EP,EPZ20,D1,2020-09-13,1599955200,3340.0,3351.5,3336.25,3351.0,13137,0,16397,535447.0
215,-86,EP,EPZ20,D1,2020-09-14,1600041600,3351.0,3392.5,3346.0,3375.5,708483,0,1290100,867873.0
216,-85,EP,EPZ20,D1,2020-09-15,1600128000,3375.5,3409.0,3366.25,3391.25,616045,0,1288169,864889.0
217,-84,EP,EPZ20,D1,2020-09-16,1600214400,3391.25,3419.5,3373.75,3380.75,790849,0,1468237,1348835.0
218,-83,EP,EPZ20,D1,2020-09-17,1600300800,3380.75,3382.0,3310.25,3348.5,1251896,0,2480449,1745618.0
219,-82,EP,EPZ20,D1,2020-09-18,1600387200,3348.75,3363.0,3280.75,3317.25,1060826,0,2258725,2069137.0
220,-81,EP,EPZ20,D1,2020-09-20,1600560000,3317.25,3320.5,3296.0,3314.5,26657,0,41110,1593428.0
221,-80,EP,EPZ20,D1,2020-09-21,1600646400,3314.25,3326.25,3217.75,3282.25,1273856,0,2426177,1575337.0
222,-79,EP,EPZ20,D1,2020-09-22,1600732800,3282.5,3309.5,3256.5,3302.5,865875,0,1546468,1337918.0
223,-78,EP,EPZ20,D1,2020-09-23,1600819200,3302.75,3319.75,3210.0,3216.5,1034244,0,1951801,1974815.0
224,-77,EP,EPZ20,D1,2020-09-24,1600905600,3216.75,3268.25,3198.0,3253.5,1279189,0,2225968,1908079.0
225,-76,EP,EPZ20,D1,2020-09-25,1600992000,3253.25,3296.25,3206.5,3285.5,956057,0,1627800,1935190.0
226,-75,EP,EPZ20,D1,2020-09-27,1601164800,3291.0,3298.5,3287.5,3295.25,11881,25,20034,1291267.0
227,-74,EP,EPZ20,D1,2020-09-28,1601251200,3295.5,3356.25,3292.0,3355.25,773383,0,1463483,1037106.0
228,-73,EP,EPZ20,D1,2020-09-29,1601337600,3355.5,3363.0,3316.5,3336.25,722485,0,1308845,930787.0
229,-72,EP,EPZ20,D1,2020-09-30,1601424000,3336.0,3384.0,3291.25,3361.5,1213851,0,2115556,1629295.0
230,-71,EP,EPZ20,D1,2020-10-01,1601510400,3361.75,3388.0,3350.0,3367.25,923780,0,1478710,1634370.0
231,-70,EP,EPZ20,D1,2020-10-02,1601596800,3367.0,3372.5,3300.25,3345.5,1233227,0,1958002,1850756.0
232,-69,EP,EPZ20,D1,2020-10-04,1601769600,3360.0,3363.75,3349.5,3362.0,22103,0,31235,1155982.0
233,-68,EP,EPZ20,D1,2020-10-05,1601856000,3361.75,3400.0,3346.5,3389.5,610971,0,1047376,1012204.0
234,-67,EP,EPZ20,D1,2020-10-06,1601942400,3389.5,3421.75,3330.5,3346.0,1040451,0,1687194,921935.0
235,-66,EP,EPZ20,D1,2020-10-07,1602028800,3346.0,3416.75,3342.5,3414.0,756089,0,1334295,1356288.0
236,-65,EP,EPZ20,D1,2020-10-08,1602115200,3414.0,3456.0,3407.75,3453.75,654576,0,1083127,1368205.0
237,-64,EP,EPZ20,D1,2020-10-09,1602201600,3453.75,3480.0,3445.25,3476.5,637334,0,1120274,1179232.0
238,-63,EP,EPZ20,D1,2020-10-10,1602288000,3476.5,3476.5,3476.5,3476.5,1,0,1,734467.0
239,-62,EP,EPZ20,D1,2020-10-11,1602374400,3476.5,3476.5,3465.0,3470.25,14658,0,21831,380702.0
240,-61,EP,EPZ20,D1,2020-10-12,1602460800,3470.25,3541.0,3464.25,3531.75,727641,0,1342148,454660.0
241,-60,EP,EPZ20,D1,2020-10-13,1602547200,3531.75,3532.5,3491.5,3508.75,947838,0,1591667,985215.0
242,-59,EP,EPZ20,D1,2020-10-14,1602633600,3508.75,3524.0,3472.0,3484.0,854945,0,1529365,1487727.0
243,-58,EP,EPZ20,D1,2020-10-15,1602720000,3484.0,3487.25,3431.5,3483.75,959878,0,1608523,1576518.0
244,-57,EP,EPZ20,D1,2020-10-16,1602806400,3483.75,3508.5,3461.25,3464.75,741160,0,1324410,1487433.0
245,-56,EP,EPZ20,D1,2020-10-17,1602892800,3464.75,3464.75,3464.75,3464.75,3,0,3,977645.0
246,-55,EP,EPZ20,D1,2020-10-18,1602979200,3464.75,3479.75,3464.75,3477.5,11657,0,17884,447432.0
247,-54,EP,EPZ20,D1,2020-10-19,1603065600,3477.5,3496.5,3410.75,3439.75,918886,0,1612338,543408.0
248,-53,EP,EPZ20,D1,2020-10-20,1603152000,3439.75,3469.75,3418.75,3444.5,976572,0,1698933,1109718.0
249,-52,EP,EPZ20,D1,2020-10-21,1603238400,3444.75,3458.0,3402.5,3413.5,935795,0,1674751,1662007.0
250,-51,EP,EPZ20,D1,2020-10-22,1603324800,3413.75,3457.0,3403.25,3451.75,852796,0,1440299,1604661.0
251,-50,EP,EPZ20,D1,2020-10-23,1603411200,3452.0,3462.5,3431.5,3452.75,661561,0,1166203,1427084.0
252,-49,EP,EPZ20,D1,2020-10-24,1603497600,3452.75,3452.75,3452.75,3452.75,2,0,2,868835.0
253,-48,EP,EPZ20,D1,2020-10-25,1603584000,3445.75,3446.25,3425.0,3439.25,23133,25,32672,399626.0
254,-47,EP,EPZ20,D1,2020-10-26,1603670400,3439.25,3442.0,3356.0,3392.5,1039836,0,1905291,645988.0
255,-46,EP,EPZ20,D1,2020-10-27,1603756800,3392.5,3410.0,3358.0,3366.0,884898,0,1546090,1161351.0
256,-45,EP,EPZ20,D1,2020-10-28,1603843200,3366.25,3370.0,3260.75,3282.0,1430889,0,2555328,2002236.0
257,-44,EP,EPZ20,D1,2020-10-29,1603929600,3282.0,3333.75,3250.25,3276.0,1196264,0,1933250,2011556.0
258,-43,EP,EPZ20,D1,2020-10-30,1604016000,3276.25,3296.25,3225.0,3278.25,1503177,0,2391967,2293515.0
259,-42,EP,EPZ20,D1,2020-10-31,1604102400,3278.25,3278.25,3278.25,3278.25,4,0,4,1441740.0
260,-41,EP,EPZ20,D1,2020-11-01,1604188800,3260.0,3271.5,3243.25,3252.5,19131,0,28749,806907.0
261,-40,EP,EPZ20,D1,2020-11-02,1604275200,3252.25,3323.5,3246.0,3309.0,1063007,0,1791461,606738.0
262,-39,EP,EPZ20,D1,2020-11-03,1604361600,3309.0,3395.0,3304.0,3383.75,970763,0,1668304,1162838.0
263,-38,EP,EPZ20,D1,2020-11-04,1604448000,3383.75,3480.0,3319.0,3434.5,1804487,0,2725926,2061897.0
264,-37,EP,EPZ20,D1,2020-11-05,1604534400,3434.0,3522.5,3429.75,3499.5,1049886,0,1645209,2013146.0
265,-36,EP,EPZ20,D1,2020-11-06,1604620800,3499.25,3519.0,3456.75,3510.0,965847,0,1532659,1967931.0
266,-35,EP,EPZ20,D1,2020-11-08,1604793600,3522.5,3546.5,3515.75,3537.25,21462,0,31494,1069787.0
267,-34,EP,EPZ20,D1,2020-11-09,1604880000,3537.25,3668.0,3533.75,3548.25,1654578,0,2518474,1360876.0
268,-33,EP,EPZ20,D1,2020-11-10,1604966400,3548.75,3559.0,3506.5,3537.75,1370532,0,2119770,1556579.0
269,-32,EP,EPZ20,D1,2020-11-11,1605052800,3537.5,3576.75,3531.0,3568.75,823702,0,1290285,1976176.0
270,-31,EP,EPZ20,D1,2020-11-12,1605139200,3568.5,3572.0,3513.0,3534.5,1028735,0,1657931,1689329.0
271,-30,EP,EPZ20,D1,2020-11-13,1605225600,3534.75,3590.0,3518.0,3582.0,683562,0,1275385,1407867.0
272,-29,EP,EPZ20,D1,2020-11-16,1605484800,3608.0,3637.0,3596.75,3624.25,724163,0,1245552,1392956.0
273,-28,EP,EPZ20,D1,2020-11-17,1605571200,3624.5,3624.5,3584.25,3609.75,735521,0,1239513,1253483.0
274,-27,EP,EPZ20,D1,2020-11-18,1605657600,3609.75,3623.25,3556.5,3563.25,717539,0,1271248,1252104.0
275,-26,EP,EPZ20,D1,2020-11-19,1605744000,3563.25,3582.75,3542.25,3548.5,771257,0,1259295,1256685.0
276,-25,EP,EPZ20,D1,2020-11-20,1605830400,3548.25,3582.5,3542.75,3551.5,644090,0,1099372,1209972.0
277,-24,EP,EPZ20,D1,2020-11-22,1606003200,3548.5,3557.75,3545.5,3557.5,11101,25,15795,791487.0
278,-23,EP,EPZ20,D1,2020-11-23,1606089600,3557.25,3597.5,3548.75,3591.75,710251,0,1161004,758724.0
279,-22,EP,EPZ20,D1,2020-11-24,1606176000,3591.75,3643.75,3588.75,3642.0,675388,0,1224475,800425.0
280,-21,EP,EPZ20,D1,2020-11-25,1606262400,3642.25,3655.0,3615.25,3632.0,563430,0,981439,1122306.0
281,-20,EP,EPZ20,D1,2020-11-26,1606348800,3632.25,3638.75,3613.25,3620.25,86869,0,114592,773502.0
282,-19,EP,EPZ20,D1,2020-11-27,1606435200,3620.25,3642.75,3612.75,3637.0,283345,25,494063,530031.0
283,-18,EP,EPZ20,D1,2020-11-29,1606608000,3637.0,3652.0,3637.0,3641.75,9511,0,14094,207583.0
284,-17,EP,EPZ20,D1,2020-11-30,1606694400,3642.0,3642.25,3592.25,3639.25,889314,0,1619211,709123.0
285,-16,EP,EPZ20,D1,2020-12-01,1606780800,3639.5,3677.5,3637.75,3658.5,752338,0,1298503,977269.0
286,-15,EP,EPZ20,D1,2020-12-02,1606867200,3658.75,3673.5,3642.25,3667.0,613761,0,1012414,1310043.0
287,-14,EP,EPZ20,D1,2020-12-03,1606953600,3667.0,3682.0,3655.25,3670.0,602886,0,1060076,1123664.0
288,-13,EP,EPZ20,D1,2020-12-04,1607040000,3670.0,3700.0,3667.5,3690.25,499580,0,921117,997869.0
289,-12,EP,EPZ20,D1,2020-12-06,1607212800,3694.75,3705.0,3693.0,3699.25,11429,0,15176,665456.0
290,-11,EP,EPZ20,D1,2020-12-07,1607299200,3699.0,3700.0,3672.25,3682.5,561967,0,1000801,645698.0
291,-10,EP,EPZ20,D1,2020-12-08,1607385600,3682.5,3714.75,3664.25,3706.5,591488,0,1057670,691216.0
292,-9,EP,EPZ20,D1,2020-12-09,1607472000,3706.5,3714.0,3659.5,3674.75,944614,0,1670959,1243143.0
293,-8,EP,EPZ20,D1,2020-12-10,1607558400,3674.75,3681.25,3644.0,3672.25,780735,0,1275969,1334866.0
294,-7,EP,EPZ20,D1,2020-12-11,1607644800,3672.0,3674.75,3628.25,3660.0,504860,0,825592,1257507.0
295,-6,EP,EPZ20,D1,2020-12-12,1607731200,3660.0,3660.0,3660.0,3660.0,4,0,36,700532.0
205,-83,EP,EPH21,D1,2020-12-13,1607817600,3652.75,3678.0,3652.75,3671.25,11920,0,16240,331586.0
206,-82,EP,EPH21,D1,2020-12-14,1607904000,3671.5,3691.5,3637.5,3647.0,776043,0,1358628,458291.0
207,-81,EP,EPH21,D1,2020-12-15,1607990400,3647.0,3689.75,3636.25,3686.5,677670,0,1214657,863175.0
208,-80,EP,EPH21,D1,2020-12-16,1608076800,3686.25,3704.5,3680.0,3695.75,624808,0,1140329,1237871.0
209,-79,EP,EPH21,D1,2020-12-17,1608163200,3696.0,3717.5,3692.0,3713.5,550044,0,1074390,1143125.0
210,-78,EP,EPH21,D1,2020-12-18,1608249600,3713.75,3723.0,3677.25,3716.5,839490,0,1597784,1270834.0
211,-77,EP,EPH21,D1,2020-12-21,1608508800,3692.25,3694.25,3596.0,3683.5,1038817,0,1650101,1440758.0
212,-76,EP,EPH21,D1,2020-12-22,1608595200,3683.5,3695.0,3663.75,3683.25,653143,0,1090649,1446178.0
213,-75,EP,EPH21,D1,2020-12-23,1608681600,3683.0,3701.75,3651.0,3684.25,560262,0,994893,1245214.0
214,-74,EP,EPH21,D1,2020-12-24,1608768000,3684.25,3696.0,3678.5,3692.75,212181,0,348130,811224.0
215,-73,EP,EPH21,D1,2020-12-27,1609027200,3682.0,3708.0,3676.0,3702.5,14397,0,20055,454359.0
216,-72,EP,EPH21,D1,2020-12-28,1609113600,3702.75,3735.0,3697.25,3735.0,397009,0,718178,362121.0
217,-71,EP,EPH21,D1,2020-12-29,1609200000,3734.75,3747.75,3714.5,3721.75,562082,0,970707,569647.0
218,-70,EP,EPH21,D1,2020-12-30,1609286400,3721.75,3738.25,3716.5,3726.5,432102,0,736630,808505.0
219,-69,EP,EPH21,D1,2020-12-31,1609372800,3726.5,3753.0,3715.0,3748.75,439740,0,912691,873343.0
220,-68,EP,EPH21,D1,2021-01-02,1609545600,3748.75,3748.75,3748.75,3748.75,1,0,1,549774.0
221,-67,EP,EPH21,D1,2021-01-03,1609632000,3748.75,3755.5,3742.5,3749.0,12765,0,19770,310821.0
222,-66,EP,EPH21,D1,2021-01-04,1609718400,3749.0,3773.25,3652.5,3693.5,1154360,0,1962105,660625.0
223,-65,EP,EPH21,D1,2021-01-05,1609804800,3693.5,3730.0,3673.25,3714.25,800822,0,1353680,1111852.0
224,-64,EP,EPH21,D1,2021-01-06,1609891200,3714.25,3774.75,3685.5,3749.75,1288569,0,2073676,1796487.0
225,-63,EP,EPH21,D1,2021-01-07,1609977600,3749.75,3804.0,3742.0,3799.75,710296,0,1247780,1558379.0
226,-62,EP,EPH21,D1,2021-01-08,1610064000,3799.75,3824.5,3775.0,3822.0,876511,0,1537606,1619687.0
227,-61,EP,EPH21,D1,2021-01-09,1610150400,3822.0,3822.0,3822.0,3822.0,4,0,20,928469.0
228,-60,EP,EPH21,D1,2021-01-10,1610236800,3822.0,3822.0,3807.75,3809.5,10472,0,13923,517183.0
229,-59,EP,EPH21,D1,2021-01-11,1610323200,3809.5,3813.75,3776.5,3797.0,773609,0,1248424,420789.0
230,-58,EP,EPH21,D1,2021-01-12,1610409600,3797.0,3806.75,3768.0,3796.5,722319,0,1194325,818891.0
231,-57,EP,EPH21,D1,2021-01-13,1610496000,3796.5,3813.5,3776.5,3806.5,594097,0,1012310,1151686.0
232,-56,EP,EPH21,D1,2021-01-14,1610582400,3806.5,3817.75,3786.25,3794.75,615809,0,1132991,1113209.0
233,-55,EP,EPH21,D1,2021-01-15,1610668800,3795.0,3796.25,3741.5,3746.25,968653,0,1692244,1279182.0
234,-54,EP,EPH21,D1,2021-01-17,1610841600,3750.0,3760.0,3746.5,3749.75,10098,0,13921,946385.0
235,-53,EP,EPH21,D1,2021-01-18,1610928000,3749.5,3773.5,3740.5,3773.0,109221,0,146084,617416.0
236,-52,EP,EPH21,D1,2021-01-19,1611014400,3773.0,3803.75,3772.25,3803.5,627401,0,1110614,423540.0
237,-51,EP,EPH21,D1,2021-01-20,1611100800,3803.25,3852.5,3788.5,3848.25,620790,0,1197154,817951.0
238,-50,EP,EPH21,D1,2021-01-21,1611187200,3848.0,3859.75,3836.5,3844.0,559260,0,1024943,1110904.0
239,-49,EP,EPH21,D1,2021-01-22,1611273600,3844.0,3848.5,3813.25,3830.0,615447,0,1130898,1117665.0
240,-48,EP,EPH21,D1,2021-01-24,1611446400,3830.0,3844.25,3830.0,3841.25,7177,0,10140,721994.0
241,-47,EP,EPH21,D1,2021-01-25,1611532800,3841.25,3853.25,3788.5,3845.5,1049155,0,1718850,953296.0
242,-46,EP,EPH21,D1,2021-01-26,1611619200,3845.25,3862.25,3821.5,3847.25,681533,0,1161215,963402.0
243,-45,EP,EPH21,D1,2021-01-27,1611705600,3847.25,3849.0,3703.5,3709.0,1593269,0,2533088,1804384.0
244,-44,EP,EPH21,D1,2021-01-28,1611792000,3709.25,3823.5,3706.5,3766.75,1334798,0,2064083,1919462.0
245,-43,EP,EPH21,D1,2021-01-29,1611878400,3766.75,3777.25,3685.5,3696.5,1680123,0,2570602,2389258.0
132,-130,EP,EPM21,D1,2021-01-30,1611964800,3687.0,3687.0,3687.0,3687.0,1,5650,1,1417.0
246,-42,EP,EPH21,D1,2021-01-31,1612051200,3696.5,3696.5,3656.5,3676.75,32842,0,48333,1561006.0
247,-41,EP,EPH21,D1,2021-02-01,1612137600,3676.75,3777.0,3676.25,3769.75,1020317,0,1596943,1405293.0
248,-40,EP,EPH21,D1,2021-02-02,1612224000,3769.75,3835.75,3760.0,3828.75,776660,0,1380608,1008628.0
249,-39,EP,EPH21,D1,2021-02-03,1612310400,3828.75,3843.5,3807.75,3832.75,743451,0,1238347,1405299.0
250,-38,EP,EPH21,D1,2021-02-04,1612396800,3832.75,3869.75,3811.25,3866.0,595211,0,1107170,1242042.0
251,-37,EP,EPH21,D1,2021-02-05,1612483200,3865.75,3888.25,3860.0,3884.75,580605,25,1068770,1138096.0
252,-36,EP,EPH21,D1,2021-02-07,1612656000,3889.0,3895.5,3885.5,3890.75,10140,25,16078,730673.0
253,-35,EP,EPH21,D1,2021-02-08,1612742400,3890.75,3913.25,3885.75,3910.0,498275,0,928493,671114.0
254,-34,EP,EPH21,D1,2021-02-09,1612828800,3910.0,3912.5,3895.0,3909.25,468279,0,859325,601299.0
255,-33,EP,EPH21,D1,2021-02-10,1612915200,3909.25,3928.5,3878.25,3906.25,874320,0,1530492,1106103.0
256,-32,EP,EPH21,D1,2021-02-11,1613001600,3906.25,3920.5,3884.5,3911.0,726688,0,1266744,1218854.0
257,-31,EP,EPH21,D1,2021-02-12,1613088000,3911.0,3936.25,3890.25,3935.75,516778,0,983050,1260095.0
258,-30,EP,EPH21,D1,2021-02-14,1613260800,3935.75,3940.0,3934.75,3936.5,6253,25,9775,753190.0
259,-29,EP,EPH21,D1,2021-02-15,1613347200,3936.5,3952.0,3935.75,3947.0,77795,0,125609,372811.0
260,-28,EP,EPH21,D1,2021-02-16,1613433600,3947.25,3959.25,3918.75,3921.25,726296,0,1295490,476958.0
261,-27,EP,EPH21,D1,2021-02-17,1613520000,3921.0,3932.25,3896.5,3930.5,799622,0,1350966,924022.0
262,-26,EP,EPH21,D1,2021-02-18,1613606400,3930.75,3936.0,3880.5,3905.75,854458,0,1499666,1382041.0
263,-25,EP,EPH21,D1,2021-02-19,1613692800,3905.5,3931.0,3890.25,3899.25,760137,25,1361960,1404197.0
151,-111,EP,EPM21,D1,2021-02-20,1613779200,3889.0,3889.0,3889.0,3889.0,1,1775,1,814.0
264,-24,EP,EPH21,D1,2021-02-21,1613865600,3905.5,3911.5,3894.0,3904.0,15159,0,21458,961028.0
265,-23,EP,EPH21,D1,2021-02-22,1613952000,3904.0,3914.5,3861.25,3878.5,880889,0,1462863,948760.0
266,-22,EP,EPH21,D1,2021-02-23,1614038400,3878.25,3896.0,3804.75,3873.5,1353572,0,2236158,1240160.0
267,-21,EP,EPH21,D1,2021-02-24,1614124800,3873.25,3934.5,3851.75,3933.0,1153746,0,1877339,1858787.0
268,-20,EP,EPH21,D1,2021-02-25,1614211200,3933.25,3934.0,3810.25,3820.5,1741888,0,2826010,2313169.0
269,-19,EP,EPH21,D1,2021-02-26,1614297600,3820.5,3858.5,3785.0,3807.75,1856003,0,2855891,2519747.0
270,-18,EP,EPH21,D1,2021-02-28,1614470400,3817.25,3837.0,3812.5,3836.25,21270,0,30871,1904257.0
271,-17,EP,EPH21,D1,2021-03-01,1614556800,3836.25,3912.0,3833.0,3903.75,944818,0,1607091,1497951.0
272,-16,EP,EPH21,D1,2021-03-02,1614643200,3903.75,3906.0,3865.5,3876.75,1022997,0,1601018,1079660.0
273,-15,EP,EPH21,D1,2021-03-03,1614729600,3876.75,3898.0,3795.25,3796.25,1382675,0,2157226,1788445.0
274,-14,EP,EPH21,D1,2021-03-04,1614816000,3796.0,3842.25,3720.5,3758.25,2106604,0,3119310,2292518.0
275,-13,EP,EPH21,D1,2021-03-05,1614902400,3758.25,3850.0,3728.5,3840.5,1954066,0,2828731,2701756.0
276,-12,EP,EPH21,D1,2021-03-07,1615075200,3840.5,3866.25,3840.5,3854.25,20286,0,30487,1992843.0
277,-11,EP,EPH21,D1,2021-03-08,1615161600,3854.25,3878.75,3796.25,3838.5,1473311,0,2123139,1660786.0
278,-10,EP,EPH21,D1,2021-03-09,1615248000,3838.25,3901.25,3826.25,3876.25,993620,0,1622223,1258616.0
279,-9,EP,EPH21,D1,2021-03-10,1615334400,3876.0,3916.25,3856.25,3900.0,1134358,0,1727565,1824309.0
280,-8,EP,EPH21,D1,2021-03-11,1615420800,3900.0,3958.5,3893.0,3941.25,757155,0,1220573,1523454.0
281,-7,EP,EPH21,D1,2021-03-12,1615507200,3941.0,3947.5,3910.25,3941.75,457093,0,729144,1225761.0
282,-6,EP,EPH21,D1,2021-03-14,1615680000,3945.75,3953.5,3941.25,3950.75,7275,25,9459,653059.0
171,-91,EP,EPM21,D1,2021-03-15,1615766400,3941.5,3960.25,3913.0,3952.0,613369,0,1040815,651533.0
172,-90,EP,EPM21,D1,2021-03-16,1615852800,3952.0,3970.75,3942.75,3954.75,739394,0,1330838,797067.0
173,-89,EP,EPM21,D1,2021-03-17,1615939200,3954.75,3973.5,3925.0,3972.5,994929,0,1666556,1346070.0
174,-88,EP,EPM21,D1,2021-03-18,1616025600,3972.5,3978.5,3900.5,3909.5,1159885,0,1960630,1652675.0
175,-87,EP,EPM21,D1,2021-03-19,1616112000,3909.75,3923.5,3875.0,3896.75,1172013,0,1943394,1856860.0
176,-86,EP,EPM21,D1,2021-03-20,1616198400,3896.75,3896.75,3896.75,3896.75,1,25,1,1301342.0
177,-85,EP,EPM21,D1,2021-03-21,1616284800,3896.75,3898.75,3886.5,3896.25,15934,0,23008,655468.0
178,-84,EP,EPM21,D1,2021-03-22,1616371200,3896.5,3944.5,3885.0,3936.5,722086,0,1270887,431299.0
179,-83,EP,EPM21,D1,2021-03-23,1616457600,3936.5,3938.75,3890.5,3898.75,1048074,0,1848217,1047371.0
180,-82,EP,EPM21,D1,2021-03-24,1616544000,3899.0,3931.5,3877.5,3886.25,1099289,0,2024621,1714575.0
181,-81,EP,EPM21,D1,2021-03-25,1616630400,3886.25,3912.0,3843.25,3907.25,1335936,25,2250985,2041274.0
182,-80,EP,EPM21,D1,2021-03-26,1616716800,3907.25,3968.0,3901.75,3962.25,984623,0,1911697,2062434.0
183,-79,EP,EPM21,D1,2021-03-27,1616803200,3962.25,3962.25,3962.25,3962.25,3,50,3,1387562.0
184,-78,EP,EPM21,D1,2021-03-28,1616889600,3962.25,3964.0,3951.0,3951.25,16502,0,23174,644958.0
185,-77,EP,EPM21,D1,2021-03-29,1616976000,3951.25,3971.25,3928.75,3966.25,1118344,0,1950523,657900.0
186,-76,EP,EPM21,D1,2021-03-30,1617062400,3966.25,3966.25,3933.75,3951.0,853128,0,1568848,1180848.0
187,-75,EP,EPM21,D1,2021-03-31,1617148800,3951.0,3983.75,3941.5,3971.0,757061,0,1565510,1694960.0
188,-74,EP,EPM21,D1,2021-04-01,1617235200,3970.75,4017.0,3964.5,4016.0,610477,0,1166706,1433688.0
189,-73,EP,EPM21,D1,2021-04-02,1617321600,4016.25,4038.0,4014.5,4027.25,38780,25,57399,929872.0
190,-72,EP,EPM21,D1,2021-04-03,1617408000,4027.25,4027.25,4027.25,4027.25,3,75,6,408037.0
191,-71,EP,EPM21,D1,2021-04-04,1617494400,4027.25,4033.75,4022.5,4032.5,15225,25,19797,25734.0
192,-70,EP,EPM21,D1,2021-04-05,1617580800,4032.5,4074.5,4021.0,4071.25,567341,0,1196123,405309.0
193,-69,EP,EPM21,D1,2021-04-06,1617667200,4071.25,4076.0,4052.25,4071.0,632395,0,1231112,815677.0
194,-68,EP,EPM21,D1,2021-04-07,1617753600,4071.0,4083.0,4056.5,4080.0,570369,0,1077560,1168265.0
195,-67,EP,EPM21,D1,2021-04-08,1617840000,4080.0,4099.75,4073.0,4099.5,506614,0,960682,1089785.0
196,-66,EP,EPM21,D1,2021-04-09,1617926400,4099.5,4121.5,4081.0,4114.0,524811,0,1023750,1020664.0
197,-65,EP,EPM21,D1,2021-04-10,1618012800,4114.0,4114.0,4114.0,4114.0,8,50,8,661480.0
198,-64,EP,EPM21,D1,2021-04-11,1618099200,4114.0,4118.0,4110.5,4110.75,10900,0,13697,345818.0
199,-63,EP,EPM21,D1,2021-04-12,1618185600,4110.75,4124.5,4104.5,4121.75,552739,0,1038563,350756.0
200,-62,EP,EPM21,D1,2021-04-13,1618272000,4121.75,4139.75,4101.25,4130.75,566034,0,1040596,697619.0
201,-61,EP,EPM21,D1,2021-04-14,1618358400,4130.75,4144.0,4113.0,4123.25,794825,0,1495353,1191504.0
202,-60,EP,EPM21,D1,2021-04-15,1618444800,4123.25,4166.5,4119.5,4162.75,627268,0,1237536,1257828.0
203,-59,EP,EPM21,D1,2021-04-16,1618531200,4163.0,4183.5,4154.25,4172.25,636274,0,1234621,1322503.0
204,-58,EP,EPM21,D1,2021-04-18,1618704000,4172.25,4172.25,4163.0,4164.5,9930,0,13463,828540.0
205,-57,EP,EPM21,D1,2021-04-19,1618790400,4164.5,4174.75,4141.75,4161.75,843122,0,1581124,943069.0
206,-56,EP,EPM21,D1,2021-04-20,1618876800,4161.75,4167.25,4110.5,4122.5,924651,0,1664895,1086494.0
207,-55,EP,EPM21,D1,2021-04-21,1618963200,4122.5,4167.25,4113.0,4154.75,758694,0,1475789,1573936.0
208,-54,EP,EPM21,D1,2021-04-22,1619049600,4154.75,4171.75,4115.25,4130.0,1094991,25,1926594,1689093.0
209,-53,EP,EPM21,D1,2021-04-23,1619136000,4129.75,4186.75,4127.5,4166.0,705660,0,1445820,1616068.0
210,-52,EP,EPM21,D1,2021-04-24,1619222400,4166.0,4166.0,4166.0,4166.0,2,25,2,1124139.0
211,-51,EP,EPM21,D1,2021-04-25,1619308800,4166.0,4172.75,4166.0,4166.75,9052,0,11846,485889.0
212,-50,EP,EPM21,D1,2021-04-26,1619395200,4167.0,4186.0,4163.75,4183.25,533143,0,986654,332834.0
213,-49,EP,EPM21,D1,2021-04-27,1619481600,4183.25,4192.5,4166.75,4180.25,537805,0,961524,653341.0
214,-48,EP,EPM21,D1,2021-04-28,1619568000,4180.25,4193.75,4172.75,4188.5,666861,0,1251127,1066435.0
215,-47,EP,EPM21,D1,2021-04-29,1619654400,4188.5,4211.0,4168.0,4197.0,936633,0,1724573,1312408.0
216,-46,EP,EPM21,D1,2021-04-30,1619740800,4197.0,4198.5,4167.25,4180.5,950288,0,1835909,1603870.0
217,-45,EP,EPM21,D1,2021-05-01,1619827200,4180.5,4180.5,4180.5,4180.5,6,50,6,1186829.0
218,-44,EP,EPM21,D1,2021-05-02,1619913600,4181.5,4188.5,4181.5,4188.0,9970,0,12990,616302.0
219,-43,EP,EPM21,D1,2021-05-03,1620000000,4188.0,4202.5,4178.75,4180.0,655110,0,1200119,404372.0
220,-42,EP,EPM21,D1,2021-05-04,1620086400,4179.75,4184.5,4120.5,4159.5,1120076,0,1963600,1058903.0
221,-41,EP,EPM21,D1,2021-05-05,1620172800,4159.5,4180.0,4153.0,4160.5,762535,0,1386143,1516621.0
222,-40,EP,EPM21,D1,2021-05-06,1620259200,4160.5,4198.25,4140.5,4194.25,964052,0,1716053,1688599.0
223,-39,EP,EPM21,D1,2021-05-07,1620345600,4194.25,4232.25,4191.75,4226.75,833884,0,1594627,1565608.0
224,-38,EP,EPM21,D1,2021-05-08,1620432000,4226.75,4226.75,4226.75,4226.75,1,50,1,1103560.0
225,-37,EP,EPM21,D1,2021-05-09,1620518400,4226.75,4233.0,4224.25,4231.75,9182,25,11874,535501.0
226,-36,EP,EPM21,D1,2021-05-10,1620604800,4231.5,4238.25,4172.0,4183.25,878967,0,1634936,548937.0
227,-35,EP,EPM21,D1,2021-05-11,1620691200,4183.0,4185.0,4103.75,4146.5,1465718,0,2474898,1373903.0
228,-34,EP,EPM21,D1,2021-05-12,1620777600,4146.5,4150.5,4051.0,4064.75,1538495,0,2573125,2227653.0
229,-33,EP,EPM21,D1,2021-05-13,1620864000,4064.75,4126.75,4029.25,4113.75,1355776,0,2326710,2458244.0
230,-32,EP,EPM21,D1,2021-05-14,1620950400,4113.75,4178.25,4111.5,4173.25,797864,0,1444701,2114845.0
231,-31,EP,EPM21,D1,2021-05-15,1621036800,4173.25,4173.25,4173.25,4173.25,5,50,15,1257142.0
232,-30,EP,EPM21,D1,2021-05-16,1621123200,4169.0,4178.75,4168.5,4170.5,12767,25,16155,486957.0
233,-29,EP,EPM21,D1,2021-05-17,1621209600,4170.5,4171.25,4136.5,4164.75,879810,0,1435188,483786.0
234,-28,EP,EPM21,D1,2021-05-18,1621296000,4164.75,4179.5,4109.25,4109.75,728507,0,1260377,903907.0
235,-27,EP,EPM21,D1,2021-05-19,1621382400,4109.75,4121.75,4055.5,4100.75,1372290,0,2255079,1650215.0
236,-26,EP,EPM21,D1,2021-05-20,1621468800,4100.75,4169.25,4084.5,4161.25,785255,0,1434948,1650135.0
237,-25,EP,EPM21,D1,2021-05-21,1621555200,4161.25,4185.0,4147.0,4157.75,767424,0,1404983,1698337.0
238,-24,EP,EPM21,D1,2021-05-23,1621728000,4151.5,4155.5,4142.5,4149.5,16540,0,22231,954054.0
239,-23,EP,EPM21,D1,2021-05-24,1621814400,4149.5,4206.25,4149.5,4201.0,536720,0,1001709,809641.0
240,-22,EP,EPM21,D1,2021-05-25,1621900800,4201.0,4212.75,4179.25,4194.0,671486,0,1191573,738504.0
241,-21,EP,EPM21,D1,2021-05-26,1621987200,4193.75,4204.25,4180.5,4192.75,554488,0,1029493,1074258.0
242,-20,EP,EPM21,D1,2021-05-27,1622073600,4192.75,4216.25,4177.75,4214.75,618734,0,1160703,1127256.0
243,-19,EP,EPM21,D1,2021-05-28,1622160000,4214.5,4217.5,4201.0,4203.25,518112,0,1020256,1070151.0
244,-18,EP,EPM21,D1,2021-05-30,1622332800,4203.25,4210.25,4203.25,4207.5,7021,25,8966,729975.0
245,-17,EP,EPM21,D1,2021-05-31,1622419200,4207.5,4210.0,4190.0,4201.0,72387,0,105998,378407.0
246,-16,EP,EPM21,D1,2021-06-01,1622505600,4201.0,4230.0,4190.75,4195.75,673877,0,1226956,447307.0
247,-15,EP,EPM21,D1,2021-06-02,1622592000,4195.75,4215.0,4191.5,4208.5,555489,0,1017378,783444.0
248,-14,EP,EPM21,D1,2021-06-03,1622678400,4208.5,4213.25,4165.25,4186.5,764461,0,1360023,1201452.0
249,-13,EP,EPM21,D1,2021-06-04,1622764800,4186.5,4232.0,4177.0,4227.75,547875,0,992107,1123169.0
250,-12,EP,EPM21,D1,2021-06-06,1622937600,4232.25,4232.5,4226.75,4229.0,8030,0,10253,787461.0
251,-11,EP,EPM21,D1,2021-06-07,1623024000,4229.0,4232.5,4214.0,4226.0,495395,0,876630,626330.0
252,-10,EP,EPM21,D1,2021-06-08,1623110400,4225.75,4236.75,4205.75,4226.0,669137,0,1205362,697415.0
253,-9,EP,EPM21,D1,2021-06-09,1623196800,4225.75,4235.0,4217.0,4221.75,527055,0,942226,1008073.0
254,-8,EP,EPM21,D1,2021-06-10,1623283200,4221.5,4249.0,4207.0,4238.0,709787,0,1215207,1120932.0
255,-7,EP,EPM21,D1,2021-06-11,1623369600,4238.0,4247.75,4230.75,4245.0,198682,0,378827,845420.0
256,-6,EP,EPM21,D1,2021-06-12,1623456000,4245.0,4245.0,4245.0,4245.0,2,25,2,531345.0
128,-83,EP,EPU21,D1,2021-06-13,1623542400,4236.0,4242.25,4236.0,4240.75,6413,0,7934,268246.0
129,-82,EP,EPU21,D1,2021-06-14,1623628800,4240.75,4248.5,4224.5,4244.25,472479,0,861265,492181.0
130,-81,EP,EPU21,D1,2021-06-15,1623715200,4244.25,4258.25,4228.25,4236.75,507945,0,918499,595899.0
131,-80,EP,EPU21,D1,2021-06-16,1623801600,4237.0,4241.5,4190.25,4196.5,802736,0,1377222,1052329.0
132,-79,EP,EPU21,D1,2021-06-17,1623888000,4196.5,4222.75,4183.0,4215.25,911664,0,1578381,1291367.0
133,-78,EP,EPU21,D1,2021-06-18,1623974400,4215.5,4220.0,4140.75,4141.75,1032783,0,1853821,1603141.0
134,-77,EP,EPU21,D1,2021-06-20,1624147200,4141.75,4152.5,4141.75,4149.75,17956,0,23481,1151894.0
135,-76,EP,EPU21,D1,2021-06-21,1624233600,4149.75,4221.5,4126.75,4217.5,799004,0,1369561,1082288.0
136,-75,EP,EPU21,D1,2021-06-22,1624320000,4217.5,4245.5,4205.75,4237.75,566917,0,1025903,806315.0
137,-74,EP,EPU21,D1,2021-06-23,1624406400,4237.75,4248.25,4230.5,4237.25,487662,0,909027,1101497.0
138,-73,EP,EPU21,D1,2021-06-24,1624492800,4237.25,4263.75,4236.75,4259.75,463758,0,850942,928624.0
139,-72,EP,EPU21,D1,2021-06-25,1624579200,4259.75,4276.75,4253.5,4274.5,439495,0,855915,871961.0
140,-71,EP,EPU21,D1,2021-06-27,1624752000,4274.5,4278.5,4274.5,4277.0,7659,25,9984,572280.0
141,-70,EP,EPU21,D1,2021-06-28,1624838400,4277.25,4282.0,4264.25,4277.25,428803,0,798431,554777.0
142,-69,EP,EPU21,D1,2021-06-29,1624924800,4277.25,4291.0,4271.75,4287.75,392854,0,721965,510127.0
143,-68,EP,EPU21,D1,2021-06-30,1625011200,4288.0,4295.75,4269.25,4294.5,505104,0,1036401,852266.0
144,-67,EP,EPU21,D1,2021-07-01,1625097600,4294.75,4312.0,4286.0,4309.5,498674,25,961692,906686.0
145,-66,EP,EPU21,D1,2021-07-02,1625184000,4309.5,4347.0,4309.0,4338.75,468828,25,929018,975704.0
146,-65,EP,EPU21,D1,2021-07-04,1625356800,4341.0,4342.75,4338.5,4339.25,3951,25,5273,631994.0
147,-64,EP,EPU21,D1,2021-07-05,1625443200,4339.25,4347.5,4333.0,4346.5,69272,0,93928,342740.0
148,-63,EP,EPU21,D1,2021-07-06,1625529600,4346.5,4348.0,4305.25,4327.75,648704,0,1240139,446447.0
149,-62,EP,EPU21,D1,2021-07-07,1625616000,4327.75,4353.25,4320.25,4350.5,663093,0,1177821,837296.0
150,-61,EP,EPU21,D1,2021-07-08,1625702400,4350.5,4352.0,4279.25,4308.5,1117396,0,1960219,1459393.0
151,-60,EP,EPU21,D1,2021-07-09,1625788800,4308.5,4364.0,4293.25,4362.0,614570,25,1203032,1447024.0
152,-59,EP,EPU21,D1,2021-07-11,1625961600,4362.0,4365.25,4359.75,4363.25,8230,0,10469,1057907.0
153,-58,EP,EPU21,D1,2021-07-12,1626048000,4363.0,4379.25,4341.75,4377.25,532148,0,1020065,744522.0
154,-57,EP,EPU21,D1,2021-07-13,1626134400,4377.25,4383.75,4354.5,4355.75,687498,0,1227189,752574.0
155,-56,EP,EPU21,D1,2021-07-14,1626220800,4355.75,4384.5,4350.0,4367.75,671772,25,1275039,1174098.0
156,-55,EP,EPU21,D1,2021-07-15,1626307200,4367.75,4370.25,4332.5,4343.5,828846,0,1569271,1357166.0
157,-54,EP,EPU21,D1,2021-07-16,1626393600,4343.5,4368.0,4314.25,4318.5,804909,25,1578686,1474332.0
158,-53,EP,EPU21,D1,2021-07-18,1626566400,4318.5,4320.75,4303.5,4308.0,21747,25,28453,1058803.0
159,-52,EP,EPU21,D1,2021-07-19,1626652800,4308.0,4309.25,4224.0,4262.0,1428866,0,2528992,1378710.0
160,-51,EP,EPU21,D1,2021-07-20,1626739200,4262.0,4329.0,4252.75,4324.5,969784,0,1808248,1455231.0
161,-50,EP,EPU21,D1,2021-07-21,1626825600,4324.5,4357.0,4310.0,4354.5,618901,25,1135822,1824354.0
162,-49,EP,EPU21,D1,2021-07-22,1626912000,4354.25,4371.75,4341.5,4369.25,544461,0,960192,1301421.0
163,-48,EP,EPU21,D1,2021-07-23,1626998400,4369.5,4408.25,4367.25,4399.25,538615,25,1104048,1066687.0
164,-47,EP,EPU21,D1,2021-07-25,1627171200,4399.25,4405.25,4399.25,4402.5,7995,0,10405,691548.0
165,-46,EP,EPU21,D1,2021-07-26,1627257600,4402.75,4416.75,4375.5,4411.5,505805,0,900392,671615.0
166,-45,EP,EPU21,D1,2021-07-27,1627344000,4411.5,4413.0,4364.75,4392.25,870821,0,1551540,820779.0
167,-44,EP,EPU21,D1,2021-07-28,1627430400,4392.25,4407.75,4377.5,4394.25,681863,25,1193420,1215117.0
168,-43,EP,EPU21,D1,2021-07-29,1627516800,4394.25,4422.5,4380.5,4387.0,528410,0,991953,1245638.0
169,-42,EP,EPU21,D1,2021-07-30,1627603200,4387.25,4405.0,4370.75,4395.25,717151,25,1313355,1166243.0
170,-41,EP,EPU21,D1,2021-08-01,1627776000,4395.25,4409.0,4395.25,4407.0,14948,25,21231,775513.0
171,-40,EP,EPU21,D1,2021-08-02,1627862400,4407.0,4419.75,4377.25,4386.25,637586,0,1150885,828490.0
172,-39,EP,EPU21,D1,2021-08-03,1627948800,4386.25,4417.0,4365.25,4408.25,703409,0,1275327,815814.0
173,-38,EP,EPU21,D1,2021-08-04,1628035200,4408.25,4415.0,4391.25,4397.5,563567,0,1020651,1148954.0
174,-37,EP,EPU21,D1,2021-08-05,1628121600,4397.5,4422.75,4393.75,4417.0,401390,0,747034,1014337.0
175,-36,EP,EPU21,D1,2021-08-06,1628208000,4417.0,4433.25,4416.0,4430.25,470955,25,906047,891244.0
176,-35,EP,EPU21,D1,2021-08-08,1628380800,4430.25,4430.25,4412.75,4415.0,17497,0,22942,558674.0
177,-34,EP,EPU21,D1,2021-08-09,1628467200,4415.0,4432.0,4412.25,4425.25,403382,0,740249,556413.0
178,-33,EP,EPU21,D1,2021-08-10,1628553600,4425.25,4438.25,4416.5,4427.75,477060,25,925553,562915.0
179,-32,EP,EPU21,D1,2021-08-11,1628640000,4427.75,4443.25,4420.75,4439.25,508842,0,971562,879121.0
180,-31,EP,EPU21,D1,2021-08-12,1628726400,4439.25,4456.25,4430.25,4452.5,403200,0,835593,910903.0
181,-30,EP,EPU21,D1,2021-08-13,1628812800,4452.5,4463.25,4451.0,4459.75,349252,25,749452,852202.0
182,-29,EP,EPU21,D1,2021-08-15,1628985600,4459.75,4459.75,4455.0,4457.5,7876,0,11510,532185.0
183,-28,EP,EPU21,D1,2021-08-16,1629072000,4457.5,4476.5,4432.5,4471.0,592899,25,1171051,644004.0
184,-27,EP,EPU21,D1,2021-08-17,1629158400,4471.0,4471.25,4411.75,4433.75,908422,25,1755850,979470.0
185,-26,EP,EPU21,D1,2021-08-18,1629244800,4433.75,4449.75,4381.5,4391.5,783815,25,1515431,1480777.0
186,-25,EP,EPU21,D1,2021-08-19,1629331200,4391.25,4414.75,4347.75,4394.5,1131811,0,1889512,1720264.0
187,-24,EP,EPU21,D1,2021-08-20,1629417600,4394.5,4440.5,4371.75,4437.5,690623,25,1265968,1556970.0
188,-23,EP,EPU21,D1,2021-08-22,1629590400,4435.75,4442.5,4433.5,4440.25,9816,25,12728,1056069.0
189,-22,EP,EPU21,D1,2021-08-23,1629676800,4440.25,4485.75,4439.25,4483.5,483372,0,946233,741643.0
190,-21,EP,EPU21,D1,2021-08-24,1629763200,4483.5,4492.0,4476.75,4481.5,402515,25,757959,572307.0
191,-20,EP,EPU21,D1,2021-08-25,1629849600,4481.5,4498.0,4476.25,4492.5,382523,25,756141,820111.0
192,-19,EP,EPU21,D1,2021-08-26,1629936000,4492.5,4493.0,4464.25,4466.0,689704,0,1285715,933272.0
193,-18,EP,EPU21,D1,2021-08-27,1630022400,4465.75,4510.0,4462.25,4507.5,570399,25,1145486,1062447.0
194,-17,EP,EPU21,D1,2021-08-29,1630195200,4507.75,4513.25,4505.75,4510.75,8964,25,12266,814489.0
195,-16,EP,EPU21,D1,2021-08-30,1630281600,4510.75,4534.5,4500.75,4527.5,438221,25,933456,697069.0
196,-15,EP,EPU21,D1,2021-08-31,1630368000,4527.25,4542.25,4512.5,4528.25,648048,25,1324710,756811.0
197,-14,EP,EPU21,D1,2021-09-01,1630454400,4528.25,4540.0,4519.25,4523.25,501214,25,1001177,1086448.0
198,-13,EP,EPU21,D1,2021-09-02,1630540800,4523.25,4544.0,4516.0,4534.75,489211,25,982668,1102852.0
199,-12,EP,EPU21,D1,2021-09-03,1630627200,4535.0,4549.5,4519.25,4533.75,572826,25,1104787,1029544.0
200,-11,EP,EPU21,D1,2021-09-05,1630800000,4533.0,4535.25,4527.75,4528.25,5867,25,7323,698259.0
201,-10,EP,EPU21,D1,2021-09-06,1630886400,4528.0,4548.0,4523.75,4539.0,80184,0,117340,409817.0
202,-9,EP,EPU21,D1,2021-09-07,1630972800,4539.25,4541.0,4510.75,4514.5,540276,25,1092839,405834.0
203,-8,EP,EPU21,D1,2021-09-08,1631059200,4514.5,4524.75,4492.0,4507.5,782930,25,1455448,888542.0
204,-7,EP,EPU21,D1,2021-09-09,1631145600,4507.75,4529.5,4485.5,4491.25,732693,25,1406440,1318242.0
205,-6,EP,EPU21,D1,2021-09-10,1631232000,4491.25,4518.25,4456.5,4461.0,481879,25,892294,1251394.0
206,-5,EP,EPU21,D1,2021-09-12,1631404800,4461.25,4475.75,4459.75,4474.5,8725,25,12489,770408.0
136,-82,EP,EPZ21,D1,2021-09-13,1631491200,4465.25,4483.5,4434.5,4466.25,851981,25,1459343,843058.0
137,-81,EP,EPZ21,D1,2021-09-14,1631577600,4466.25,4479.5,4425.25,4441.25,869477,25,1541280,1006698.0
138,-80,EP,EPZ21,D1,2021-09-15,1631664000,4441.25,4477.75,4427.5,4475.25,736327,25,1359239,1453287.0
139,-79,EP,EPZ21,D1,2021-09-16,1631750400,4475.25,4478.5,4433.25,4457.5,760999,25,1357441,1419320.0
140,-78,EP,EPZ21,D1,2021-09-17,1631836800,4457.5,4472.5,4406.5,4408.25,999960,0,1853129,1523270.0
141,-77,EP,EPZ21,D1,2021-09-19,1632009600,4412.25,4416.25,4404.25,4415.75,19261,25,25319,1078630.0
142,-76,EP,EPZ21,D1,2021-09-20,1632096000,4415.75,4418.0,4293.75,4356.0,1509650,0,2608214,1495554.0
143,-75,EP,EPZ21,D1,2021-09-21,1632182400,4356.0,4395.75,4329.25,4331.5,1168053,0,1898054,1510529.0
144,-74,EP,EPZ21,D1,2021-09-22,1632268800,4331.5,4406.5,4321.25,4392.0,1016075,25,1703454,2069907.0
145,-73,EP,EPZ21,D1,2021-09-23,1632355200,4392.0,4455.0,4390.5,4441.0,808143,25,1409597,1670368.0
146,-72,EP,EPZ21,D1,2021-09-24,1632441600,4440.75,4453.0,4410.75,4446.0,651521,25,1120603,1411218.0
147,-71,EP,EPZ21,D1,2021-09-26,1632614400,4446.5,4454.0,4445.0,4452.0,12378,25,16456,848885.0
148,-70,EP,EPZ21,D1,2021-09-27,1632700800,4452.25,4472.0,4425.0,4430.0,742545,25,1250686,795915.0
149,-69,EP,EPZ21,D1,2021-09-28,1632787200,4430.0,4442.0,4334.75,4355.5,1371759,0,2224047,1163730.0
150,-68,EP,EPZ21,D1,2021-09-29,1632873600,4355.25,4378.75,4344.25,4362.25,1044926,25,1768401,1747711.0
151,-67,EP,EPZ21,D1,2021-09-30,1632960000,4362.25,4389.0,4294.25,4305.0,1351175,0,2227100,2073183.0
152,-66,EP,EPZ21,D1,2021-10-01,1633046400,4305.0,4365.75,4260.0,4350.75,1357105,0,2151700,2049067.0
153,-65,EP,EPZ21,D1,2021-10-03,1633219200,4347.75,4362.0,4347.5,4358.25,18882,25,24963,1467921.0
154,-64,EP,EPZ21,D1,2021-10-04,1633305600,4358.25,4358.75,4267.5,4293.5,1316321,25,2059112,1411925.0
155,-63,EP,EPZ21,D1,2021-10-05,1633392000,4293.5,4359.75,4269.0,4328.25,948010,0,1587619,1223898.0
156,-62,EP,EPZ21,D1,2021-10-06,1633478400,4328.25,4371.5,4273.75,4365.5,1391727,0,2152281,1933004.0
157,-61,EP,EPZ21,D1,2021-10-07,1633564800,4365.5,4421.5,4362.75,4400.25,785337,0,1352704,1697535.0
158,-60,EP,EPZ21,D1,2021-10-08,1633651200,4400.25,4407.75,4376.25,4380.5,853787,25,1355709,1620231.0
159,-59,EP,EPZ21,D1,2021-10-10,1633824000,4381.5,4388.0,4352.25,4358.25,27410,0,35851,914755.0
160,-58,EP,EPZ21,D1,2021-10-11,1633910400,4358.25,4407.5,4341.75,4348.0,727674,0,1189470,860343.0
161,-57,EP,EPZ21,D1,2021-10-12,1633996800,4348.0,4365.0,4317.25,4327.75,814762,0,1251414,825578.0
162,-56,EP,EPZ21,D1,2021-10-13,1634083200,4328.0,4364.75,4318.75,4362.5,814811,0,1328488,1256457.0
163,-55,EP,EPZ21,D1,2021-10-14,1634169600,4362.25,4438.25,4361.75,4436.25,661883,0,1217986,1265963.0
164,-54,EP,EPZ21,D1,2021-10-15,1634256000,4436.25,4467.5,4426.25,4465.25,600647,0,1123189,1223221.0
165,-53,EP,EPZ21,D1,2021-10-17,1634428800,4465.0,4469.5,4452.25,4452.5,14896,0,21048,787408.0
166,-52,EP,EPZ21,D1,2021-10-18,1634515200,4452.5,4479.75,4436.25,4477.5,566134,0,1026517,723585.0
167,-51,EP,EPZ21,D1,2021-10-19,1634601600,4477.5,4517.5,4472.25,4515.75,523050,0,982807,676791.0
168,-50,EP,EPZ21,D1,2021-10-20,1634688000,4515.5,4532.25,4504.0,4520.75,522844,0,962719,990681.0
169,-49,EP,EPZ21,D1,2021-10-21,1634774400,4520.75,4543.25,4510.25,4530.0,500855,0,916693,954073.0
170,-48,EP,EPZ21,D1,2021-10-22,1634860800,4530.0,4551.5,4515.25,4529.25,698519,0,1252333,1043915.0
171,-47,EP,EPZ21,D1,2021-10-24,1635033600,4528.75,4532.5,4522.5,4525.75,12485,25,15601,728209.0
172,-46,EP,EPZ21,D1,2021-10-25,1635120000,4525.75,4567.5,4525.75,4566.75,526745,0,978567,748834.0
173,-45,EP,EPZ21,D1,2021-10-26,1635206400,4566.75,4590.0,4560.75,4569.5,692109,0,1220173,738114.0
174,-44,EP,EPZ21,D1,2021-10-27,1635292800,4569.5,4576.75,4543.75,4553.75,686665,0,1210064,1136268.0
175,-43,EP,EPZ21,D1,2021-10-28,1635379200,4553.75,4589.75,4545.25,4574.75,659322,0,1153350,1194529.0
176,-42,EP,EPZ21,D1,2021-10-29,1635465600,4574.75,4603.5,4559.25,4602.5,702807,0,1301709,1221708.0
177,-41,EP,EPZ21,D1,2021-10-31,1635638400,4609.5,4613.25,4602.75,4610.25,20316,0,26687,827249.0
178,-40,EP,EPZ21,D1,2021-11-01,1635724800,4610.25,4619.5,4586.5,4603.25,577369,0,1005392,777929.0
179,-39,EP,EPZ21,D1,2021-11-02,1635811200,4603.5,4627.0,4593.25,4619.25,521860,0,942692,658257.0
180,-38,EP,EPZ21,D1,2021-11-03,1635897600,4619.25,4660.5,4613.0,4659.5,592357,0,1045148,997744.0
181,-37,EP,EPZ21,D1,2021-11-04,1635984000,4659.25,4677.5,4650.75,4677.25,602709,0,1120995,1036278.0
182,-36,EP,EPZ21,D1,2021-11-05,1636070400,4677.25,4711.75,4667.5,4685.75,742748,0,1380329,1182157.0
183,-35,EP,EPZ21,D1,2021-11-07,1636243200,4678.5,4689.75,4678.0,4684.5,9762,0,13355,838226.0
184,-34,EP,EPZ21,D1,2021-11-08,1636329600,4684.5,4707.0,4676.25,4688.5,536488,0,942787,778824.0
185,-33,EP,EPZ21,D1,2021-11-09,1636416000,4688.5,4700.5,4663.25,4671.75,760126,0,1254778,736973.0
186,-32,EP,EPZ21,D1,2021-11-10,1636502400,4672.0,4680.25,4625.25,4641.75,901710,0,1585653,1261073.0
187,-31,EP,EPZ21,D1,2021-11-11,1636588800,4642.0,4661.5,4640.5,4650.75,512709,0,913515,1251315.0
188,-30,EP,EPZ21,D1,2021-11-12,1636675200,4650.75,4685.5,4643.75,4681.0,564368,0,1095677,1198282.0
189,-29,EP,EPZ21,D1,2021-11-14,1636848000,4684.75,4689.5,4682.25,4685.0,7098,0,9521,672904.0
190,-28,EP,EPZ21,D1,2021-11-15,1636934400,4685.0,4697.5,4667.0,4679.5,555653,0,997164,700787.0
191,-27,EP,EPZ21,D1,2021-11-16,1637020800,4679.75,4709.75,4670.75,4699.25,540125,0,994508,667064.0
192,-26,EP,EPZ21,D1,2021-11-17,1637107200,4699.0,4701.0,4679.25,4688.5,540515,0,1022625,1004766.0
193,-25,EP,EPZ21,D1,2021-11-18,1637193600,4688.5,4707.75,4668.0,4705.0,636537,0,1128988,1048707.0
194,-24,EP,EPZ21,D1,2021-11-19,1637280000,4705.0,4723.5,4684.25,4697.75,730110,0,1270256,1140623.0
195,-23,EP,EPZ21,D1,2021-11-21,1637452800,4701.0,4704.5,4697.0,4697.25,6620,0,8700,802648.0
196,-22,EP,EPZ21,D1,2021-11-22,1637539200,4697.25,4740.5,4674.25,4685.25,854484,0,1617148,965368.0
197,-21,EP,EPZ21,D1,2021-11-23,1637625600,4685.25,4695.5,4649.0,4682.5,1128773,0,1831174,1152341.0
198,-20,EP,EPZ21,D1,2021-11-24,1637712000,4682.5,4703.5,4656.25,4701.75,855980,0,1353738,1600687.0
199,-19,EP,EPZ21,D1,2021-11-25,1637798400,4701.75,4717.0,4686.0,4688.0,88368,0,118480,1101131.0
200,-18,EP,EPZ21,D1,2021-11-26,1637884800,4688.0,4688.0,4577.25,4579.0,1214571,0,1844427,1105548.0
201,-17,EP,EPZ21,D1,2021-11-28,1638057600,4589.5,4631.25,4588.75,4625.25,46425,0,63089,675332.0
202,-16,EP,EPZ21,D1,2021-11-29,1638144000,4625.25,4669.75,4620.0,4663.0,1099444,0,1888079,1265198.0
203,-15,EP,EPZ21,D1,2021-11-30,1638230400,4663.0,4667.5,4557.0,4582.5,1760595,0,2718966,1556711.0
204,-14,EP,EPZ21,D1,2021-12-01,1638316800,4588.75,4650.75,4497.75,4526.75,1609351,0,2584475,2397173.0
205,-13,EP,EPZ21,D1,2021-12-02,1638403200,4526.75,4593.75,4505.5,4561.75,1730621,0,2504141,2602527.0
206,-12,EP,EPZ21,D1,2021-12-03,1638489600,4561.75,4606.5,4492.0,4533.25,1772089,0,2622280,2570299.0
207,-11,EP,EPZ21,D1,2021-12-05,1638662400,4542.25,4559.25,4535.0,4557.0,20228,0,28618,1718346.0
208,-10,EP,EPZ21,D1,2021-12-06,1638748800,4557.0,4611.75,4531.5,4593.75,1280449,0,1895329,1515409.0
209,-9,EP,EPZ21,D1,2021-12-07,1638835200,4593.75,4697.25,4587.25,4689.5,903776,0,1676075,1200007.0
210,-8,EP,EPZ21,D1,2021-12-08,1638921600,4689.75,4712.0,4671.75,4696.75,797193,0,1262398,1611267.0
211,-7,EP,EPZ21,D1,2021-12-09,1639008000,4696.5,4706.0,4662.25,4672.75,773672,0,1204125,1380866.0
212,-6,EP,EPZ21,D1,2021-12-10,1639094400,4672.75,4712.75,4664.25,4712.25,510459,0,857289,1107937.0
213,-5,EP,EPZ21,D1,2021-12-12,1639267200,4711.25,4721.0,4711.0,4719.75,4903,0,6436,689283.0
145,-81,EP,EPH22,D1,2021-12-13,1639353600,4712.25,4723.25,4655.5,4665.0,884875,0,1364746,787925.0
146,-80,EP,EPH22,D1,2021-12-14,1639440000,4665.0,4676.75,4596.25,4627.0,1035477,0,1569337,981789.0
147,-79,EP,EPH22,D1,2021-12-15,1639526400,4627.25,4712.0,4602.0,4708.0,1222136,0,1788250,1574111.0
148,-78,EP,EPH22,D1,2021-12-16,1639612800,4708.0,4743.25,4642.0,4658.5,1293326,0,1975059,1777549.0
149,-77,EP,EPH22,D1,2021-12-17,1639699200,4658.75,4668.0,4590.0,4619.25,1577607,0,2353932,2039080.0
150,-76,EP,EPH22,D1,2021-12-19,1639872000,4612.0,4621.5,4582.5,4584.5,28643,0,38160,1455717.0
151,-75,EP,EPH22,D1,2021-12-20,1639958400,4584.5,4592.5,4520.25,4578.75,1384820,0,2001801,1464631.0
152,-74,EP,EPH22,D1,2021-12-21,1640044800,4578.75,4643.0,4565.75,4637.75,926063,0,1452743,1164235.0
153,-73,EP,EPH22,D1,2021-12-22,1640131200,4638.0,4693.25,4622.25,4691.0,658772,0,1069429,1507991.0
154,-72,EP,EPH22,D1,2021-12-23,1640217600,4691.0,4731.25,4684.25,4716.75,518820,0,916267,1146146.0
155,-71,EP,EPH22,D1,2021-12-26,1640476800,4720.75,4725.0,4717.75,4722.75,7334,25,9968,665221.0
156,-70,EP,EPH22,D1,2021-12-27,1640563200,4723.0,4784.25,4713.25,4778.5,491345,0,849741,591992.0
157,-69,EP,EPH22,D1,2021-12-28,1640649600,4778.5,4798.0,4770.5,4786.0,613410,0,919564,593091.0
158,-68,EP,EPH22,D1,2021-12-29,1640736000,4786.0,4796.0,4770.0,4780.5,521451,0,825074,864793.0
159,-67,EP,EPH22,D1,2021-12-30,1640822400,4780.5,4799.75,4767.25,4773.25,459739,0,707253,817297.0
160,-66,EP,EPH22,D1,2021-12-31,1640908800,4773.25,4778.5,4750.5,4761.5,536056,0,859867,797398.0
161,-65,EP,EPH22,D1,2022-01-02,1641081600,4770.75,4777.5,4770.75,4775.0,9448,25,13139,526753.0
162,-64,EP,EPH22,D1,2022-01-03,1641168000,4775.0,4791.25,4747.5,4782.75,806662,0,1267326,713444.0
163,-63,EP,EPH22,D1,2022-01-04,1641254400,4783.0,4808.25,4764.5,4778.25,835009,0,1349422,876629.0
164,-62,EP,EPH22,D1,2022-01-05,1641340800,4778.25,4788.25,4681.75,4698.25,1148499,0,1790301,1469016.0
165,-61,EP,EPH22,D1,2022-01-06,1641427200,4698.0,4715.75,4662.0,4699.25,1279969,0,1794340,1644688.0
166,-60,EP,EPH22,D1,2022-01-07,1641513600,4699.25,4705.75,4653.75,4667.5,1038873,0,1546171,1710271.0
167,-59,EP,EPH22,D1,2022-01-09,1641686400,4671.25,4673.75,4650.0,4657.5,19964,0,25785,1122099.0
168,-58,EP,EPH22,D1,2022-01-10,1641772800,4657.75,4681.75,4572.75,4665.0,1407485,0,2137097,1236351.0
169,-57,EP,EPH22,D1,2022-01-11,1641859200,4665.0,4707.5,4627.25,4704.0,1118567,0,1684123,1282335.0
170,-56,EP,EPH22,D1,2022-01-12,1641945600,4703.75,4739.5,4695.0,4717.5,1022755,0,1529688,1783636.0
171,-55,EP,EPH22,D1,2022-01-13,1642032000,4717.75,4736.25,4642.5,4655.75,1165856,0,1775141,1662984.0
172,-54,EP,EPH22,D1,2022-01-14,1642118400,4655.5,4667.0,4606.0,4664.0,1376734,0,1944638,1749822.0
173,-53,EP,EPH22,D1,2022-01-16,1642291200,4666.5,4671.75,4653.0,4656.5,13541,0,17297,1245692.0
174,-52,EP,EPH22,D1,2022-01-17,1642377600,4656.5,4666.25,4638.75,4657.0,121793,0,154242,705392.0
175,-51,EP,EPH22,D1,2022-01-18,1642464000,4657.0,4661.75,4560.0,4568.5,1376624,0,2031932,734490.0
176,-50,EP,EPH22,D1,2022-01-19,1642550400,4568.25,4603.0,4514.5,4516.0,1320505,0,1928609,1371594.0
177,-49,EP,EPH22,D1,2022-01-20,1642636800,4515.75,4594.25,4437.75,4462.5,1361354,0,2001062,1987201.0
178,-48,EP,EPH22,D1,2022-01-21,1642723200,4462.25,4487.0,4381.25,4381.5,2034794,0,2871693,2267121.0
179,-47,EP,EPH22,D1,2022-01-23,1642896000,4389.0,4415.0,4386.0,4414.75,34768,0,51323,1641359.0
180,-46,EP,EPH22,D1,2022-01-24,1642982400,4414.5,4427.5,4212.75,4401.75,2762812,0,3677800,2200272.0
181,-45,EP,EPH22,D1,2022-01-25,1643068800,4402.0,4404.5,4276.5,4357.5,1899576,0,2434310,2054478.0
182,-44,EP,EPH22,D1,2022-01-26,1643155200,4357.5,4446.25,4294.25,4366.0,1798877,0,2336077,2816062.0
183,-43,EP,EPH22,D1,2022-01-27,1643241600,4366.0,4422.0,4263.25,4335.5,1733765,0,2227763,2332717.0
184,-42,EP,EPH22,D1,2022-01-28,1643328000,4335.5,4426.0,4266.25,4419.75,1601044,0,2158641,2240827.0
185,-41,EP,EPH22,D1,2022-01-30,1643500800,4423.0,4427.75,4402.75,4412.5,17600,0,22641,1469682.0
186,-40,EP,EPH22,D1,2022-01-31,1643587200,4412.5,4507.75,4395.5,4493.0,1123238,0,1702679,1294654.0
187,-39,EP,EPH22,D1,2022-02-01,1643673600,4493.25,4554.75,4474.0,4551.25,1096212,0,1528760,1084693.0
188,-38,EP,EPH22,D1,2022-02-02,1643760000,4551.0,4586.0,4530.0,4531.0,1104615,0,1572266,1601235.0
189,-37,EP,EPH22,D1,2022-02-03,1643846400,4531.0,4544.0,4462.0,4518.75,1218002,0,1740700,1613909.0
190,-36,EP,EPH22,D1,2022-02-04,1643932800,4518.75,4532.5,4438.5,4485.5,1295717,0,1866254,1726407.0
191,-35,EP,EPH22,D1,2022-02-06,1644105600,4497.0,4499.5,4488.0,4498.25,10686,0,13676,1206877.0
192,-34,EP,EPH22,D1,2022-02-07,1644192000,4498.5,4514.5,4462.75,4486.5,1030060,0,1414635,1098188.0
193,-33,EP,EPH22,D1,2022-02-08,1644278400,4486.5,4527.75,4456.25,4525.25,1009551,0,1421877,950063.0
194,-32,EP,EPH22,D1,2022-02-09,1644364800,4525.25,4585.0,4517.75,4579.25,874807,0,1320518,1385677.0
195,-31,EP,EPH22,D1,2022-02-10,1644451200,4579.25,4583.25,4476.0,4484.75,1691197,0,2331271,1691222.0
196,-30,EP,EPH22,D1,2022-02-11,1644537600,4484.5,4520.5,4393.25,4418.0,1796594,0,2391097,2014295.0
197,-29,EP,EPH22,D1,2022-02-13,1644710400,4412.5,4420.5,4401.0,4417.25,19378,0,26896,1583088.0
198,-28,EP,EPH22,D1,2022-02-14,1644796800,4417.25,4428.0,4354.0,4403.5,1582919,0,2030644,1482879.0
199,-27,EP,EPH22,D1,2022-02-15,1644883200,4403.25,4468.0,4381.75,4452.75,1034593,0,1483921,1180487.0
200,-26,EP,EPH22,D1,2022-02-16,1644969600,4452.75,4484.5,4422.75,4461.75,981870,0,1381646,1632070.0
201,-25,EP,EPH22,D1,2022-02-17,1645056000,4461.5,4468.0,4367.25,4378.5,1080178,0,1571810,1479126.0
202,-24,EP,EPH22,D1,2022-02-18,1645142400,4378.5,4411.5,4321.0,4344.25,1259249,0,1727836,1560431.0
203,-23,EP,EPH22,D1,2022-02-20,1645315200,4324.25,4333.75,4315.25,4322.75,16738,0,21045,1106897.0
204,-22,EP,EPH22,D1,2022-02-21,1645401600,4322.25,4391.25,4250.0,4272.0,364400,0,456432,735104.0
205,-21,EP,EPH22,D1,2022-02-22,1645488000,4272.25,4358.75,4260.0,4324.75,1539177,0,2050399,842625.0
206,-20,EP,EPH22,D1,2022-02-23,1645574400,4324.75,4345.5,4208.75,4218.0,1321809,0,1846761,1451197.0
207,-19,EP,EPH22,D1,2022-02-24,1645660800,4218.0,4290.0,4101.75,4261.25,2192718,0,2836004,2244388.0
208,-18,EP,EPH22,D1,2022-02-25,1645747200,4261.25,4384.25,4227.5,4380.5,1394643,0,1857451,2180072.0
209,-17,EP,EPH22,D1,2022-02-27,1645920000,4293.0,4305.5,4251.5,4284.75,49405,0,74738,1589398.0
210,-16,EP,EPH22,D1,2022-02-28,1646006400,4284.75,4385.5,4258.5,4377.5,1486419,0,2025264,1319151.0
211,-15,EP,EPH22,D1,2022-03-01,1646092800,4377.75,4399.0,4275.0,4317.25,1345598,0,1795183,1298395.0
212,-14,EP,EPH22,D1,2022-03-02,1646179200,4317.25,4399.25,4278.25,4375.5,1233494,0,1642119,1820855.0
213,-13,EP,EPH22,D1,2022-03-03,1646265600,4375.5,4418.75,4341.0,4371.75,1118031,0,1503982,1647095.0
214,-12,EP,EPH22,D1,2022-03-04,1646352000,4372.0,4374.5,4281.25,4320.25,1341530,0,1754800,1633634.0
215,-11,EP,EPH22,D1,2022-03-06,1646524800,4308.25,4309.0,4263.0,4269.25,29865,0,38493,1099092.0
216,-10,EP,EPH22,D1,2022-03-07,1646611200,4269.5,4325.25,4181.0,4186.5,1380206,0,1790248,1194514.0
217,-9,EP,EPH22,D1,2022-03-08,1646697600,4186.25,4275.0,4138.75,4169.25,1781432,0,2257134,1361958.0
218,-8,EP,EPH22,D1,2022-03-09,1646784000,4169.5,4298.25,4164.5,4276.5,1188005,0,1549012,1865465.0
219,-7,EP,EPH22,D1,2022-03-10,1646870400,4276.5,4282.0,4207.0,4264.5,1120419,0,1452791,1752979.0
220,-6,EP,EPH22,D1,2022-03-11,1646956800,4264.5,4335.5,4198.0,4205.75,683002,0,895742,1299182.0
221,-5,EP,EPH22,D1,2022-03-13,1647129600,4216.0,4235.75,4211.75,4232.5,13602,25,16106,788213.0
143,-81,EP,EPM22,D1,2022-03-14,1647216000,4223.0,4244.75,4152.25,4173.25,955011,0,1187171,730924.0
144,-80,EP,EPM22,D1,2022-03-15,1647302400,4173.25,4263.25,4129.5,4248.5,1076710,0,1404704,872128.0
145,-79,EP,EPM22,D1,2022-03-16,1647388800,4248.5,4367.5,4239.0,4357.0,1253861,0,1670349,1420741.0
146,-78,EP,EPM22,D1,2022-03-17,1647475200,4356.75,4406.75,4320.25,4379.5,898989,0,1219968,1431674.0
147,-77,EP,EPM22,D1,2022-03-18,1647561600,4379.75,4465.75,4364.5,4465.0,895267,0,1281768,1390695.0
148,-76,EP,EPM22,D1,2022-03-20,1647734400,4460.0,4463.25,4451.25,4452.25,13778,0,17482,839739.0
149,-75,EP,EPM22,D1,2022-03-21,1647820800,4452.25,4473.0,4415.0,4445.25,959421,0,1313801,871017.0
150,-74,EP,EPM22,D1,2022-03-22,1647907200,4445.0,4514.75,4433.0,4509.75,813015,0,1173579,834954.0
151,-73,EP,EPM22,D1,2022-03-23,1647993600,4509.5,4514.0,4444.75,4452.5,884327,0,1250975,1246118.0
152,-72,EP,EPM22,D1,2022-03-24,1648080000,4452.5,4517.5,4445.75,4510.25,828420,0,1184599,1203051.0
153,-71,EP,EPM22,D1,2022-03-25,1648166400,4510.25,4539.0,4493.25,4536.0,846913,0,1182347,1205974.0
154,-70,EP,EPM22,D1,2022-03-27,1648339200,4535.0,4540.0,4526.5,4526.5,12234,0,14980,793975.0
155,-69,EP,EPM22,D1,2022-03-28,1648425600,4526.25,4572.25,4509.75,4568.0,812018,0,1135290,777539.0
156,-68,EP,EPM22,D1,2022-03-29,1648512000,4568.25,4631.0,4565.25,4621.5,942901,0,1315964,822078.0
157,-67,EP,EPM22,D1,2022-03-30,1648598400,4621.5,4627.5,4574.75,4598.75,790024,0,1145234,1198829.0
158,-66,EP,EPM22,D1,2022-03-31,1648684800,4599.0,4614.25,4526.25,4542.5,979837,0,1526638,1329279.0
159,-65,EP,EPM22,D1,2022-04-01,1648771200,4542.5,4555.5,4501.25,4538.5,955324,0,1364301,1345391.0
160,-64,EP,EPM22,D1,2022-04-03,1648944000,4538.25,4541.5,4529.0,4530.75,7818,0,9953,966964.0
161,-63,EP,EPM22,D1,2022-04-04,1649030400,4531.0,4580.0,4527.75,4573.25,679708,0,983377,785877.0
162,-62,EP,EPM22,D1,2022-04-05,1649116800,4573.25,4588.75,4507.75,4523.0,894258,0,1272966,755432.0
163,-61,EP,EPM22,D1,2022-04-06,1649203200,4523.25,4528.75,4444.5,4461.5,1263050,0,1733269,1329871.0
164,-60,EP,EPM22,D1,2022-04-07,1649289600,4461.5,4517.25,4444.5,4501.5,1074793,0,1410927,1472387.0
165,-59,EP,EPM22,D1,2022-04-08,1649376000,4501.5,4519.75,4468.75,4483.5,937927,0,1286036,1476744.0
166,-58,EP,EPM22,D1,2022-04-10,1649548800,4487.0,4491.25,4476.0,4476.0,9452,0,11818,902927.0
167,-57,EP,EPM22,D1,2022-04-11,1649635200,4476.0,4482.75,4403.5,4406.0,1009356,0,1382219,893358.0
168,-56,EP,EPM22,D1,2022-04-12,1649721600,4406.25,4466.75,4375.5,4406.25,1223735,0,1710686,1034908.0
169,-55,EP,EPM22,D1,2022-04-13,1649808000,4406.0,4449.5,4384.0,4439.0,865258,0,1205006,1432637.0
170,-54,EP,EPM22,D1,2022-04-14,1649894400,4439.0,4455.75,4385.0,4389.0,911964,0,1317393,1411028.0
171,-53,EP,EPM22,D1,2022-04-17,1650153600,4388.5,4390.0,4356.5,4357.75,24813,0,31200,851200.0
172,-52,EP,EPM22,D1,2022-04-18,1650240000,4357.5,4411.0,4355.5,4410.75,788269,0,1102185,816926.0
173,-51,EP,EPM22,D1,2022-04-19,1650326400,4410.75,4467.0,4371.75,4443.25,976319,0,1429152,854179.0
174,-50,EP,EPM22,D1,2022-04-20,1650412800,4443.25,4484.25,4432.75,4470.75,1007752,0,1385224,1305520.0
175,-49,EP,EPM22,D1,2022-04-21,1650499200,4471.0,4509.0,4376.5,4378.0,1200334,0,1655227,1489868.0
176,-48,EP,EPM22,D1,2022-04-22,1650585600,4378.0,4393.25,4247.5,4251.25,1369323,0,1940217,1660223.0
177,-47,EP,EPM22,D1,2022-04-24,1650758400,4259.0,4267.25,4249.5,4258.5,25219,0,31599,1209014.0
178,-46,EP,EPM22,D1,2022-04-25,1650844800,4258.25,4296.5,4195.25,4290.75,1690300,0,2203219,1391678.0
179,-45,EP,EPM22,D1,2022-04-26,1650931200,4290.5,4303.5,4136.75,4173.25,1435635,0,1981430,1405416.0
180,-44,EP,EPM22,D1,2022-04-27,1651017600,4173.75,4236.25,4157.0,4212.75,1534486,0,1957111,2047253.0
181,-43,EP,EPM22,D1,2022-04-28,1651104000,4212.75,4303.5,4182.5,4245.5,1299682,0,1755760,1898100.0
182,-42,EP,EPM22,D1,2022-04-29,1651190400,4245.75,4279.75,4118.75,4137.0,1405284,0,2002687,1905186.0
183,-41,EP,EPM22,D1,2022-05-01,1651363200,4144.0,4147.5,4116.75,4132.0,34720,0,43198,1267215.0
184,-40,EP,EPM22,D1,2022-05-02,1651449600,4131.75,4165.75,4056.0,4148.5,1721361,0,2222164,1422683.0
185,-39,EP,EPM22,D1,2022-05-03,1651536000,4148.25,4195.75,4129.0,4176.25,1274767,0,1631529,1298964.0
186,-38,EP,EPM22,D1,2022-05-04,1651622400,4176.0,4303.0,4142.75,4287.5,1322020,0,1724788,1859494.0
187,-37,EP,EPM22,D1,2022-05-05,1651708800,4287.75,4300.75,4099.25,4147.75,1827864,0,2320605,1892307.0
188,-36,EP,EPM22,D1,2022-05-06,1651795200,4147.75,4153.25,4062.0,4110.75,1810552,0,2206815,2084069.0
189,-35,EP,EPM22,D1,2022-05-08,1651968000,4091.0,4099.0,4075.0,4080.0,24367,0,29059,1518826.0
190,-34,EP,EPM22,D1,2022-05-09,1652054400,4079.75,4093.5,3970.0,3999.25,1633854,0,2047815,1427896.0
191,-33,EP,EPM22,D1,2022-05-10,1652140800,3999.25,4065.5,3953.0,3991.75,1779175,0,2191571,1422815.0
192,-32,EP,EPM22,D1,2022-05-11,1652227200,3991.75,4050.5,3923.75,3942.75,1717775,0,2111880,2117089.0
193,-31,EP,EPM22,D1,2022-05-12,1652313600,3942.75,3961.75,3855.0,3942.0,1902619,0,2327425,2210292.0
194,-30,EP,EPM22,D1,2022-05-13,1652400000,3942.0,4036.0,3937.75,4014.0,1306559,0,1767069,2068791.0
195,-29,EP,EPM22,D1,2022-05-15,1652572800,4025.0,4042.0,4018.75,4035.5,22108,0,28290,1374261.0
196,-28,EP,EPM22,D1,2022-05-16,1652659200,4035.5,4043.5,3979.5,4008.25,1302129,0,1626530,1140630.0
197,-27,EP,EPM22,D1,2022-05-17,1652745600,4008.25,4095.0,4003.5,4085.5,1258462,0,1666437,1107086.0
198,-26,EP,EPM22,D1,2022-05-18,1652832000,4085.5,4089.0,3898.0,3898.5,1515701,0,2112713,1801893.0
199,-25,EP,EPM22,D1,2022-05-19,1652918400,3898.25,3943.5,3856.0,3908.0,1802137,0,2258628,2012593.0
200,-24,EP,EPM22,D1,2022-05-20,1653004800,3908.5,3949.5,3807.5,3902.0,1747949,0,2298373,2223238.0
201,-23,EP,EPM22,D1,2022-05-22,1653177600,3910.5,3937.75,3910.25,3935.75,23114,0,28689,1528563.0
202,-22,EP,EPM22,D1,2022-05-23,1653264000,3935.5,3982.25,3906.5,3947.75,1339455,0,1692834,1339965.0
203,-21,EP,EPM22,D1,2022-05-24,1653350400,3947.5,3963.75,3872.0,3958.75,1468955,0,1953531,1225018.0
204,-20,EP,EPM22,D1,2022-05-25,1653436800,3958.5,3997.75,3913.5,3969.75,1313732,0,1687486,1777950.0
205,-19,EP,EPM22,D1,2022-05-26,1653523200,3969.5,4073.5,3960.5,4056.75,1020332,0,1421531,1687516.0
206,-18,EP,EPM22,D1,2022-05-27,1653609600,4057.0,4168.25,4041.25,4168.0,988017,0,1468734,1525917.0
207,-17,EP,EPM22,D1,2022-05-29,1653782400,4164.5,4173.25,4157.5,4167.5,10461,0,13120,967795.0
208,-16,EP,EPM22,D1,2022-05-30,1653868800,4167.5,4202.25,4161.25,4177.75,157131,0,196528,559461.0
209,-15,EP,EPM22,D1,2022-05-31,1653955200,4177.75,4179.5,4102.75,4148.25,1421095,0,1945262,718303.0
210,-14,EP,EPM22,D1,2022-06-01,1654041600,4148.0,4165.0,4071.5,4087.5,1339461,0,1844149,1328646.0
211,-13,EP,EPM22,D1,2022-06-02,1654128000,4087.5,4189.0,4072.25,4181.75,1093342,0,1471595,1753669.0
212,-12,EP,EPM22,D1,2022-06-03,1654214400,4181.5,4184.25,4096.75,4109.5,1114041,0,1457750,1591165.0
213,-11,EP,EPM22,D1,2022-06-05,1654387200,4114.75,4117.0,4104.5,4108.5,11399,25,14227,981191.0
214,-10,EP,EPM22,D1,2022-06-06,1654473600,4108.25,4168.25,4104.5,4121.25,1058452,0,1412175,961384.0
215,-9,EP,EPM22,D1,2022-06-07,1654560000,4121.5,4164.0,4076.0,4147.0,1097343,0,1609985,1012129.0
216,-8,EP,EPM22,D1,2022-06-08,1654646400,4147.0,4160.0,4105.25,4118.25,1085364,0,1581854,1534671.0
217,-7,EP,EPM22,D1,2022-06-09,1654732800,4118.5,4144.25,4014.75,4021.75,1245271,0,1728342,1640060.0
218,-6,EP,EPM22,D1,2022-06-10,1654819200,4022.0,4029.5,3895.25,3905.5,976256,0,1431262,1580486.0
219,-5,EP,EPM22,D1,2022-06-12,1654992000,3870.75,3876.5,3859.0,3862.0,16951,0,23218,1060941.0
144,-82,EP,EPU22,D1,2022-06-13,1655078400,3862.75,3864.25,3735.25,3762.75,1662686,0,2157163,1151544.0
145,-81,EP,EPU22,D1,2022-06-14,1655164800,3762.75,3807.5,3708.5,3759.75,1457466,0,1914521,1365614.0
146,-80,EP,EPU22,D1,2022-06-15,1655251200,3759.75,3843.0,3723.5,3821.0,1485018,0,1904829,1992171.0
147,-79,EP,EPU22,D1,2022-06-16,1655337600,3820.75,3833.25,3642.0,3677.5,1620123,0,2234032,2017794.0
148,-78,EP,EPU22,D1,2022-06-17,1655424000,3677.5,3713.5,3639.0,3683.75,1533820,0,2043198,2060686.0
149,-77,EP,EPU22,D1,2022-06-19,1655596800,3684.5,3707.5,3684.0,3705.25,13729,0,17132,1431454.0
150,-76,EP,EPU22,D1,2022-06-20,1655683200,3705.0,3725.0,3661.5,3716.75,180577,0,225097,761809.0
151,-75,EP,EPU22,D1,2022-06-21,1655769600,3716.5,3783.75,3712.75,3764.5,895224,0,1277760,506663.0
152,-74,EP,EPU22,D1,2022-06-22,1655856000,3764.75,3805.5,3693.25,3744.25,1167623,0,1614989,1039282.0
153,-73,EP,EPU22,D1,2022-06-23,1655942400,3744.25,3805.75,3735.0,3784.75,1167732,0,1564094,1485614.0
154,-72,EP,EPU22,D1,2022-06-24,1656028800,3785.0,3919.75,3781.25,3914.75,969441,0,1464544,1547876.0
155,-71,EP,EPU22,D1,2022-06-26,1656201600,3917.0,3922.5,3899.25,3900.0,17614,0,23181,1017273.0
156,-70,EP,EPU22,D1,2022-06-27,1656288000,3899.75,3948.0,3892.5,3909.5,1078133,0,1431161,972962.0
157,-69,EP,EPU22,D1,2022-06-28,1656374400,3909.5,3950.0,3821.75,3829.5,1234167,0,1732413,1062252.0
158,-68,EP,EPU22,D1,2022-06-29,1656460800,3829.25,3840.0,3801.25,3817.0,1252405,0,1679517,1614364.0
159,-67,EP,EPU22,D1,2022-06-30,1656547200,3817.25,3822.75,3741.25,3790.0,1589922,0,2291685,1901205.0
160,-66,EP,EPU22,D1,2022-07-01,1656633600,3790.0,3833.5,3744.5,3825.5,1262784,0,1657474,1876225.0
161,-65,EP,EPU22,D1,2022-07-03,1656806400,3828.5,3828.5,3809.5,3811.75,9454,0,12016,1320392.0
162,-64,EP,EPU22,D1,2022-07-04,1656892800,3811.5,3857.75,3793.0,3847.0,131428,0,157150,608880.0
163,-63,EP,EPU22,D1,2022-07-05,1656979200,3846.75,3850.75,3744.0,3825.5,1357179,0,1806572,658579.0
164,-62,EP,EPU22,D1,2022-07-06,1657065600,3825.5,3875.0,3808.75,3852.0,1262928,0,1632004,1198575.0
165,-61,EP,EPU22,D1,2022-07-07,1657152000,3852.0,3914.25,3832.5,3897.0,917556,0,1272850,1570475.0
166,-60,EP,EPU22,D1,2022-07-08,1657238400,3897.0,3922.0,3868.0,3905.5,1074055,0,1421604,1442153.0
167,-59,EP,EPU22,D1,2022-07-10,1657411200,3900.0,3900.75,3888.75,3896.75,12187,0,15171,903208.0
168,-58,EP,EPU22,D1,2022-07-11,1657497600,3896.75,3897.25,3850.0,3863.5,1048395,0,1441054,959276.0
169,-57,EP,EPU22,D1,2022-07-12,1657584000,3863.5,3876.5,3804.75,3822.0,1160162,0,1611473,1022566.0
170,-56,EP,EPU22,D1,2022-07-13,1657670400,3822.25,3873.0,3752.0,3778.75,1559860,0,2102398,1718308.0
171,-55,EP,EPU22,D1,2022-07-14,1657756800,3778.75,3811.5,3723.75,3810.5,1365205,0,1832891,1848921.0
172,-54,EP,EPU22,D1,2022-07-15,1657843200,3810.5,3868.25,3780.25,3866.75,1007474,0,1424152,1786480.0
173,-53,EP,EPU22,D1,2022-07-17,1658016000,3877.5,3881.5,3868.5,3874.5,10106,0,12459,1089834.0
174,-52,EP,EPU22,D1,2022-07-18,1658102400,3874.5,3909.5,3820.25,3844.25,991737,0,1383715,940109.0
175,-51,EP,EPU22,D1,2022-07-19,1658188800,3844.25,3948.0,3834.25,3943.75,1008925,0,1540193,978789.0
176,-50,EP,EPU22,D1,2022-07-20,1658275200,3943.5,3977.25,3922.25,3956.5,1221793,0,1689776,1537895.0
177,-49,EP,EPU22,D1,2022-07-21,1658361600,3956.25,4004.75,3930.25,3984.25,1261107,0,1771743,1667237.0
178,-48,EP,EPU22,D1,2022-07-22,1658448000,3984.25,4016.25,3941.5,3963.25,1207807,0,1676451,1712657.0
179,-47,EP,EPU22,D1,2022-07-24,1658620800,3967.75,3968.25,3954.5,3956.75,10826,0,14411,1154202.0
180,-46,EP,EPU22,D1,2022-07-25,1658707200,3957.0,3988.75,3946.0,3956.0,1059906,0,1454069,1048310.0
181,-45,EP,EPU22,D1,2022-07-26,1658793600,3956.25,3964.5,3913.25,3954.0,1083775,0,1558650,1009043.0
182,-44,EP,EPU22,D1,2022-07-27,1658880000,3953.75,4042.75,3947.25,4019.25,1178467,0,1652331,1555017.0
183,-43,EP,EPU22,D1,2022-07-28,1658966400,4019.25,4111.0,3994.5,4095.75,1371314,0,1962458,1724480.0
184,-42,EP,EPU22,D1,2022-07-29,1659052800,4095.75,4144.0,4081.0,4132.5,1189435,0,1804012,1806267.0
185,-41,EP,EPU22,D1,2022-07-31,1659225600,4137.25,4138.0,4113.75,4116.75,17104,0,21610,1262693.0
186,-40,EP,EPU22,D1,2022-08-01,1659312000,4116.75,4147.25,4097.0,4114.0,1235504,0,1705387,1177003.0
187,-39,EP,EPU22,D1,2022-08-02,1659398400,4114.25,4143.0,4080.5,4093.5,1338346,0,1848899,1191965.0
188,-38,EP,EPU22,D1,2022-08-03,1659484800,4093.25,4170.0,4084.5,4150.25,1074072,0,1624683,1726323.0
189,-37,EP,EPU22,D1,2022-08-04,1659571200,4150.0,4173.25,4136.0,4153.75,840395,0,1193478,1555687.0
190,-36,EP,EPU22,D1,2022-08-05,1659657600,4154.0,4166.25,4103.75,4141.75,1085932,0,1658673,1492278.0
191,-35,EP,EPU22,D1,2022-08-07,1659830400,4149.75,4150.75,4130.75,4133.25,10378,0,13423,955191.0
192,-34,EP,EPU22,D1,2022-08-08,1659916800,4133.25,4188.0,4129.25,4152.75,1045465,0,1486800,1052965.0
193,-33,EP,EPU22,D1,2022-08-09,1660003200,4152.5,4154.5,4113.0,4129.0,844731,0,1231679,910634.0
194,-32,EP,EPU22,D1,2022-08-10,1660089600,4129.0,4214.25,4113.75,4212.5,1002586,0,1549545,1422675.0
195,-31,EP,EPU22,D1,2022-08-11,1660176000,4212.5,4260.5,4202.75,4215.0,1035699,0,1548049,1443091.0
196,-30,EP,EPU22,D1,2022-08-12,1660262400,4215.0,4282.75,4208.25,4280.75,799290,0,1214578,1437391.0
197,-29,EP,EPU22,D1,2022-08-14,1660435200,4278.0,4278.5,4268.5,4269.5,9238,0,12336,924988.0
198,-28,EP,EPU22,D1,2022-08-15,1660521600,4269.25,4304.75,4249.0,4294.75,774819,0,1270325,832413.0
199,-27,EP,EPU22,D1,2022-08-16,1660608000,4294.75,4327.5,4278.75,4307.5,853511,0,1322035,868232.0
200,-26,EP,EPU22,D1,2022-08-17,1660694400,4307.25,4315.0,4255.0,4269.5,1121250,0,1584495,1392285.0
201,-25,EP,EPU22,D1,2022-08-18,1660780800,4269.5,4295.5,4258.0,4286.25,863356,0,1308991,1405174.0
202,-24,EP,EPU22,D1,2022-08-19,1660867200,4286.25,4288.0,4220.75,4228.5,1014045,0,1619462,1504316.0
203,-23,EP,EPU22,D1,2022-08-21,1661040000,4220.0,4221.5,4207.0,4209.5,14611,0,18830,982428.0
204,-22,EP,EPU22,D1,2022-08-22,1661126400,4209.5,4221.25,4131.5,4152.25,1005253,0,1659180,1099157.0
205,-21,EP,EPU22,D1,2022-08-23,1661212800,4152.5,4161.75,4118.0,4128.75,1068240,0,1540239,1072750.0
206,-20,EP,EPU22,D1,2022-08-24,1661299200,4128.75,4158.5,4110.75,4145.5,843666,0,1292003,1497141.0
207,-19,EP,EPU22,D1,2022-08-25,1661385600,4145.75,4202.75,4143.0,4196.25,1009539,0,1575893,1469378.0
208,-18,EP,EPU22,D1,2022-08-26,1661472000,4196.25,4217.25,4042.75,4042.75,1451408,0,2121654,1663183.0
209,-17,EP,EPU22,D1,2022-08-28,1661644800,4024.0,4031.75,4010.25,4013.25,32765,0,42557,1246701.0
210,-16,EP,EPU22,D1,2022-08-29,1661731200,4013.25,4064.0,4006.75,4041.5,1389619,0,1870318,1344843.0
211,-15,EP,EPU22,D1,2022-08-30,1661817600,4041.25,4072.75,3964.5,3987.75,1698637,0,2485776,1466217.0
212,-14,EP,EPU22,D1,2022-08-31,1661904000,3987.5,4018.25,3929.25,3935.75,1529282,0,2264607,2206900.0
213,-13,EP,EPU22,D1,2022-09-01,1661990400,3936.0,3974.25,3903.5,3969.5,1470357,0,2120048,2290144.0
214,-12,EP,EPU22,D1,2022-09-02,1662076800,3969.25,4019.25,3906.0,3933.25,1723533,0,2418646,2267767.0
215,-11,EP,EPU22,D1,2022-09-04,1662249600,3929.0,3933.75,3915.25,3932.75,18186,0,23835,1520843.0
216,-10,EP,EPU22,D1,2022-09-05,1662336000,3932.75,3946.25,3918.5,3939.25,169801,0,204602,882361.0
217,-9,EP,EPU22,D1,2022-09-06,1662422400,3939.0,3963.25,3886.75,3906.0,1486033,0,2055521,761319.0
218,-8,EP,EPU22,D1,2022-09-07,1662508800,3905.75,3988.75,3883.5,3977.25,1265640,0,1845428,1368517.0
219,-7,EP,EPU22,D1,2022-09-08,1662595200,3977.25,4011.75,3942.75,4009.5,1539221,0,2122580,2007843.0
220,-6,EP,EPU22,D1,2022-09-09,1662681600,4009.25,4077.25,4008.5,4066.25,725734,0,1145457,1704488.0
221,-5,EP,EPU22,D1,2022-09-11,1662854400,4077.5,4087.5,4076.5,4077.0,6683,0,9600,1092546.0
147,-82,EP,EPZ22,D1,2022-09-12,1662940800,4094.75,4143.0,4080.25,4134.25,1050424,0,1469344,836915.0
148,-81,EP,EPZ22,D1,2022-09-13,1663027200,4134.0,4175.0,3938.5,3958.5,1700361,0,2402698,1294949.0
149,-80,EP,EPZ22,D1,2022-09-14,1663113600,3958.5,3981.25,3929.0,3971.0,1563734,0,2185494,2019179.0
150,-79,EP,EPZ22,D1,2022-09-15,1663200000,3970.75,3977.5,3887.5,3894.25,1570400,0,2317636,2301943.0
151,-78,EP,EPZ22,D1,2022-09-16,1663286400,3894.25,3903.5,3853.0,3902.5,1666277,0,2560709,2354613.0
152,-77,EP,EPZ22,D1,2022-09-18,1663459200,3890.0,3897.75,3884.0,3893.75,14502,25,18422,1632256.0
153,-76,EP,EPZ22,D1,2022-09-19,1663545600,3893.5,3931.25,3846.25,3930.75,1362633,0,2031639,1536923.0
154,-75,EP,EPZ22,D1,2022-09-20,1663632000,3930.75,3936.25,3843.25,3875.5,1487454,0,2283816,1444626.0
155,-74,EP,EPZ22,D1,2022-09-21,1663718400,3875.5,3925.25,3780.0,3781.5,1789068,0,2381425,2232293.0
156,-73,EP,EPZ22,D1,2022-09-22,1663804800,3781.25,3833.0,3763.5,3777.25,1798198,0,2509400,2391547.0
157,-72,EP,EPZ22,D1,2022-09-23,1663891200,3779.5,3783.0,3660.25,3711.5,1940070,0,2787565,2559463.0
158,-71,EP,EPZ22,D1,2022-09-25,1664064000,3705.5,3714.5,3688.25,3701.25,29297,0,37538,1778168.0
159,-70,EP,EPZ22,D1,2022-09-26,1664150400,3701.0,3730.5,3657.5,3679.5,2073909,0,2809255,1878119.0
160,-69,EP,EPZ22,D1,2022-09-27,1664236800,3679.5,3733.0,3635.25,3663.5,2041580,0,2900877,1915890.0
161,-68,EP,EPZ22,D1,2022-09-28,1664323200,3663.25,3751.25,3613.0,3728.5,1910317,0,2684684,2798272.0
162,-67,EP,EPZ22,D1,2022-09-29,1664409600,3728.5,3736.0,3622.0,3668.5,1916052,0,2805622,2797061.0
163,-66,EP,EPZ22,D1,2022-09-30,1664496000,3668.5,3693.75,3595.25,3604.25,1986910,0,2802824,2764377.0
164,-65,EP,EPZ22,D1,2022-10-02,1664668800,3593.0,3613.5,3581.0,3585.25,47556,0,61222,1889889.0
165,-64,EP,EPZ22,D1,2022-10-03,1664755200,3585.25,3711.75,3571.75,3702.75,1532806,0,2220903,1694983.0
166,-63,EP,EPZ22,D1,2022-10-04,1664841600,3702.75,3808.75,3700.25,3796.0,1565196,0,2298573,1526899.0
167,-62,EP,EPZ22,D1,2022-10-05,1664928000,3796.25,3820.0,3734.0,3811.5,1452848,0,2028896,2182791.0
168,-61,EP,EPZ22,D1,2022-10-06,1665014400,3811.5,3819.5,3742.5,3746.0,1544452,0,2100268,2142579.0
169,-60,EP,EPZ22,D1,2022-10-07,1665100800,3745.75,3770.5,3632.5,3650.75,1498231,0,2133959,2087708.0
170,-59,EP,EPZ22,D1,2022-10-09,1665273600,3638.75,3642.25,3618.0,3633.5,35401,0,46623,1426950.0
171,-58,EP,EPZ22,D1,2022-10-10,1665360000,3633.75,3667.5,3600.0,3632.0,1400972,0,1953259,1377947.0
172,-57,EP,EPZ22,D1,2022-10-11,1665446400,3631.75,3653.25,3579.0,3605.0,1734639,0,2347638,1449173.0
173,-56,EP,EPZ22,D1,2022-10-12,1665532800,3604.75,3635.25,3585.5,3598.0,1403463,0,1896304,2065734.0
174,-55,EP,EPZ22,D1,2022-10-13,1665619200,3597.75,3697.75,3502.0,3679.25,2333225,0,3197799,2480580.0
175,-54,EP,EPZ22,D1,2022-10-14,1665705600,3679.25,3733.75,3591.25,3596.5,1943195,0,2636219,2576774.0
176,-53,EP,EPZ22,D1,2022-10-16,1665878400,3590.5,3616.5,3590.5,3614.0,19041,0,24616,1952878.0
177,-52,EP,EPZ22,D1,2022-10-17,1665964800,3614.5,3722.5,3606.0,3720.0,1284536,0,1887360,1516065.0
178,-51,EP,EPZ22,D1,2022-10-18,1666051200,3719.75,3777.25,3697.25,3763.0,1911604,0,2702348,1538108.0
179,-50,EP,EPZ22,D1,2022-10-19,1666137600,3762.75,3774.25,3676.75,3696.75,1626270,0,2284105,2291271.0
180,-49,EP,EPZ22,D1,2022-10-20,1666224000,3696.75,3748.0,3656.5,3662.25,1629269,0,2347409,2444621.0
181,-48,EP,EPZ22,D1,2022-10-21,1666310400,3662.25,3773.25,3641.5,3772.0,1916511,0,2559748,2397087.0
182,-47,EP,EPZ22,D1,2022-10-23,1666483200,3773.0,3813.25,3772.75,3786.5,44213,0,62350,1656502.0
183,-46,EP,EPZ22,D1,2022-10-24,1666569600,3786.25,3822.0,3736.5,3810.0,1476437,0,1999519,1540539.0
184,-45,EP,EPZ22,D1,2022-10-25,1666656000,3810.0,3874.25,3790.0,3832.75,1232705,0,1813889,1291919.0
185,-44,EP,EPZ22,D1,2022-10-26,1666742400,3832.75,3897.5,3824.25,3860.5,1463070,0,2011688,1941699.0
186,-43,EP,EPZ22,D1,2022-10-27,1666828800,3860.25,3870.75,3757.5,3795.25,1609097,0,2153126,1992901.0
187,-42,EP,EPZ22,D1,2022-10-28,1666915200,3795.5,3924.25,3776.75,3923.0,1360777,0,1960237,2041684.0
188,-41,EP,EPZ22,D1,2022-10-30,1667088000,3911.0,3914.75,3901.75,3905.75,18241,0,22809,1378724.0
189,-40,EP,EPZ22,D1,2022-10-31,1667174400,3905.75,3910.75,3872.25,3888.5,1267518,0,1878354,1287133.0
190,-39,EP,EPZ22,D1,2022-11-01,1667260800,3888.5,3928.0,3852.5,3865.5,1294884,0,1824681,1241948.0
191,-38,EP,EPZ22,D1,2022-11-02,1667347200,3865.5,3907.0,3756.0,3759.25,1611720,0,2142711,1948582.0
192,-37,EP,EPZ22,D1,2022-11-03,1667433600,3759.25,3782.5,3704.25,3721.0,1371173,0,1814645,1927346.0
193,-36,EP,EPZ22,D1,2022-11-04,1667520000,3721.0,3805.5,3711.0,3772.75,1856453,0,2411299,2122885.0
194,-35,EP,EPZ22,D1,2022-11-06,1667692800,3749.0,3756.5,3738.25,3751.75,12213,0,16335,1414093.0
195,-34,EP,EPZ22,D1,2022-11-07,1667779200,3751.5,3821.75,3750.5,3816.5,1029390,0,1431803,1286479.0
196,-33,EP,EPZ22,D1,2022-11-08,1667865600,3816.25,3867.0,3792.75,3842.25,1250227,0,1814891,1087676.0
197,-32,EP,EPZ22,D1,2022-11-09,1667952000,3842.25,3848.75,3750.0,3757.5,1265966,0,1825690,1690795.0
198,-31,EP,EPZ22,D1,2022-11-10,1668038400,3757.25,3974.5,3751.5,3972.0,1547662,0,2301444,1980675.0
199,-30,EP,EPZ22,D1,2022-11-11,1668124800,3972.0,4009.75,3951.0,3999.5,1288426,0,1832872,1986669.0
200,-29,EP,EPZ22,D1,2022-11-13,1668297600,3983.5,3993.75,3979.5,3991.5,16102,25,21426,1385247.0
201,-28,EP,EPZ22,D1,2022-11-14,1668384000,3991.5,4017.5,3964.0,3974.0,1045230,0,1501469,1118589.0
202,-27,EP,EPZ22,D1,2022-11-15,1668470400,3974.0,4050.75,3960.0,3996.0,1573777,0,2160791,1227895.0
203,-26,EP,EPZ22,D1,2022-11-16,1668556800,3995.75,4015.75,3962.0,3977.0,1023843,0,1435467,1699242.0
204,-25,EP,EPZ22,D1,2022-11-17,1668643200,3976.75,3990.25,3912.5,3953.75,1032290,0,1513894,1703384.0
205,-24,EP,EPZ22,D1,2022-11-18,1668729600,3953.75,3994.0,3942.5,3971.5,986390,0,1461789,1470383.0
206,-23,EP,EPZ22,D1,2022-11-20,1668902400,3973.5,3982.0,3967.75,3969.25,7508,25,9433,995039.0
207,-22,EP,EPZ22,D1,2022-11-21,1668988800,3969.25,3970.75,3937.5,3959.5,755073,0,1133224,868149.0
208,-21,EP,EPZ22,D1,2022-11-22,1669075200,3959.5,4012.5,3945.25,4011.25,716310,0,1110372,751010.0
209,-20,EP,EPZ22,D1,2022-11-23,1669161600,4011.0,4041.0,4002.0,4041.0,821807,0,1228579,1157392.0
210,-19,EP,EPZ22,D1,2022-11-24,1669248000,4040.75,4049.25,4037.25,4044.0,84616,0,106447,815133.0
211,-18,EP,EPZ22,D1,2022-11-25,1669334400,4044.25,4045.75,4024.75,4034.25,301552,0,452309,595778.0
212,-17,EP,EPZ22,D1,2022-11-27,1669507200,4020.75,4024.0,4015.5,4015.75,9983,0,13778,190845.0
213,-16,EP,EPZ22,D1,2022-11-28,1669593600,4015.75,4018.5,3960.25,3971.5,870536,0,1414796,626961.0
214,-15,EP,EPZ22,D1,2022-11-29,1669680000,3971.25,3990.25,3941.25,3958.5,912954,0,1444544,957706.0
215,-14,EP,EPZ22,D1,2022-11-30,1669766400,3958.5,4096.0,3942.75,4090.75,1470767,0,2361895,1740412.0
216,-13,EP,EPZ22,D1,2022-12-01,1669852800,4090.5,4110.0,4054.5,4078.0,1236457,0,1747971,1851470.0
217,-12,EP,EPZ22,D1,2022-12-02,1669939200,4077.75,4085.5,4006.75,4066.75,1194369,0,1764304,1958057.0
218,-11,EP,EPZ22,D1,2022-12-04,1670112000,4073.75,4075.75,4065.5,4071.0,8732,0,11130,1174468.0
219,-10,EP,EPZ22,D1,2022-12-05,1670198400,4071.0,4073.5,3987.25,4008.25,947454,0,1417834,1064423.0
220,-9,EP,EPZ22,D1,2022-12-06,1670284800,4008.5,4014.75,3921.5,3947.75,1138514,0,1771984,1066983.0
221,-8,EP,EPZ22,D1,2022-12-07,1670371200,3947.75,3961.5,3914.0,3937.75,1150582,0,1655623,1615147.0
222,-7,EP,EPZ22,D1,2022-12-08,1670457600,3937.75,3977.25,3916.0,3962.75,962949,0,1481755,1636454.0
223,-6,EP,EPZ22,D1,2022-12-09,1670544000,3962.75,3990.0,3930.0,3931.5,748598,0,1095860,1411079.0
224,-5,EP,EPZ22,D1,2022-12-11,1670716800,3932.75,3937.5,3924.75,3927.0,5889,0,7287,861634.0
143,-80,EP,EPH23,D1,2022-12-12,1670803200,3959.25,4026.0,3956.0,4023.0,229180,0,1092052,647976.0
144,-79,EP,EPH23,D1,2022-12-13,1670889600,4023.25,4180.0,4017.5,4055.5,457455,0,2097872,1065917.0
145,-78,EP,EPH23,D1,2022-12-14,1670976000,4055.5,4090.75,3997.0,4037.75,408955,0,1584586,1591503.0
146,-77,EP,EPH23,D1,2022-12-15,1671062400,4037.75,4043.0,3908.0,3926.0,368305,0,1942417,1874958.0
147,-76,EP,EPH23,D1,2022-12-16,1671148800,3926.25,3934.5,3855.25,3872.0,379495,0,1813729,1780244.0
148,-75,EP,EPH23,D1,2022-12-18,1671321600,3874.0,3886.75,3872.75,3880.5,9210,0,16109,1257418.0
149,-74,EP,EPH23,D1,2022-12-19,1671408000,3880.5,3899.0,3827.25,3851.0,274305,0,1320759,1050199.0
150,-73,EP,EPH23,D1,2022-12-20,1671494400,3850.75,3866.5,3803.5,3862.5,370780,0,1490619,942496.0
151,-72,EP,EPH23,D1,2022-12-21,1671580800,3862.25,3918.75,3856.75,3911.5,275705,0,1460404,1423927.0
152,-71,EP,EPH23,D1,2022-12-22,1671667200,3911.75,3919.75,3788.5,3848.5,301905,0,1753605,1568209.0
153,-70,EP,EPH23,D1,2022-12-23,1671753600,3848.5,3872.5,3821.25,3868.25,338070,0,1324915,1512975.0
154,-69,EP,EPH23,D1,2022-12-26,1672012800,3878.0,3895.25,3877.0,3893.75,12560,0,12548,1030356.0
155,-68,EP,EPH23,D1,2022-12-27,1672099200,3893.75,3900.5,3837.25,3855.0,254305,0,967168,768210.0
156,-67,EP,EPH23,D1,2022-12-28,1672185600,3855.5,3875.0,3804.5,3812.0,280905,0,1204864,728193.0
157,-66,EP,EPH23,D1,2022-12-29,1672272000,3812.25,3882.75,3806.25,3866.0,229180,0,1088994,1087009.0
158,-65,EP,EPH23,D1,2022-12-30,1672358400,3866.25,3870.0,3821.5,3868.0,258744,0,1289905,1194588.0
159,-64,EP,EPH23,D1,2023-01-02,1672617600,3895.0,3900.0,3868.75,3871.5,16660,0,25020,801306.0
160,-63,EP,EPH23,D1,2023-01-03,1672704000,3871.25,3906.75,3814.5,3845.0,391155,0,1695965,1003630.0
161,-62,EP,EPH23,D1,2023-01-04,1672790400,3845.0,3896.25,3836.5,3872.5,353355,0,1861525,1194170.0
162,-61,EP,EPH23,D1,2023-01-05,1672876800,3872.75,3885.5,3822.5,3835.0,336530,0,1633379,1730290.0
163,-60,EP,EPH23,D1,2023-01-06,1672963200,3835.0,3928.75,3819.0,3913.75,332620,0,1931250,1808718.0
164,-59,EP,EPH23,D1,2023-01-08,1673136000,3918.5,3925.0,3918.0,3923.0,10685,0,12124,1192251.0
165,-58,EP,EPH23,D1,2023-01-09,1673222400,3922.75,3973.25,3908.25,3911.0,284480,0,1642507,1195294.0
166,-57,EP,EPH23,D1,2023-01-10,1673308800,3911.25,3943.75,3891.5,3942.5,317780,0,1476688,1043773.0
167,-56,EP,EPH23,D1,2023-01-11,1673395200,3942.5,3992.5,3934.5,3988.25,236005,0,1335725,1484973.0
168,-55,EP,EPH23,D1,2023-01-12,1673481600,3988.25,4021.5,3954.0,4004.5,366055,0,2041447,1617953.0
169,-54,EP,EPH23,D1,2023-01-13,1673568000,4004.5,4024.25,3961.75,4019.0,274645,0,1405796,1594323.0
170,-53,EP,EPH23,D1,2023-01-15,1673740800,4020.0,4022.25,4011.5,4013.5,9010,0,7841,1151695.0
171,-52,EP,EPH23,D1,2023-01-16,1673827200,4013.5,4028.25,3996.75,4013.0,123165,0,145696,519778.0
172,-51,EP,EPH23,D1,2023-01-17,1673913600,4013.0,4035.25,3996.75,4000.5,249830,0,1231678,461738.0
173,-50,EP,EPH23,D1,2023-01-18,1674000000,4000.5,4033.5,3943.25,3946.5,298030,0,1832848,1070074.0
174,-49,EP,EPH23,D1,2023-01-19,1674086400,3946.75,3947.0,3901.75,3918.0,301305,0,1835293,1633273.0
175,-48,EP,EPH23,D1,2023-01-20,1674172800,3918.0,3990.5,3911.75,3988.0,241870,0,1520544,1729562.0
176,-47,EP,EPH23,D1,2023-01-22,1674345600,3987.0,3990.0,3981.25,3983.25,8710,0,9105,1121647.0
177,-46,EP,EPH23,D1,2023-01-23,1674432000,3983.25,4056.75,3980.25,4032.5,248829,0,1526391,1018680.0
178,-45,EP,EPH23,D1,2023-01-24,1674518400,4032.5,4047.5,4005.25,4017.75,270309,0,1459226,998241.0
179,-44,EP,EPH23,D1,2023-01-25,1674604800,4017.75,4039.5,3963.25,4037.5,285554,0,1681396,1555671.0
180,-43,EP,EPH23,D1,2023-01-26,1674691200,4037.75,4077.0,4027.25,4062.75,287630,0,1559385,1566669.0
181,-42,EP,EPH23,D1,2023-01-27,1674777600,4062.5,4109.25,4057.25,4084.0,235470,0,1518157,1586313.0
182,-41,EP,EPH23,D1,2023-01-29,1674950400,4077.0,4086.0,4074.0,4078.0,9955,0,13427,1030323.0
183,-40,EP,EPH23,D1,2023-01-30,1675036800,4078.25,4082.5,4029.5,4043.5,1052477,0,1721825,1084470.0
184,-39,EP,EPH23,D1,2023-01-31,1675123200,4043.5,4091.25,4007.5,4080.75,994064,0,1706451,1147234.0
185,-38,EP,EPH23,D1,2023-02-01,1675209600,4081.0,4163.25,4048.5,4150.0,1337140,0,1945537,1791271.0
186,-37,EP,EPH23,D1,2023-02-02,1675296000,4150.0,4208.5,4136.75,4165.25,1440021,0,2217196,1956395.0
187,-36,EP,EPH23,D1,2023-02-03,1675382400,4165.25,4194.0,4132.5,4146.0,1502512,0,2242736,2135156.0
188,-35,EP,EPH23,D1,2023-02-05,1675555200,4135.75,4143.0,4130.25,4140.25,15349,0,20386,1493439.0
189,-34,EP,EPH23,D1,2023-02-06,1675641600,4140.25,4141.25,4104.0,4129.75,1009975,0,1498954,1254025.0
190,-33,EP,EPH23,D1,2023-02-07,1675728000,4129.75,4188.25,4098.25,4168.0,1473305,0,2127294,1215545.0
191,-32,EP,EPH23,D1,2023-02-08,1675814400,4168.25,4179.25,4121.25,4133.75,1102512,0,1729614,1785287.0
192,-31,EP,EPH23,D1,2023-02-09,1675900800,4133.75,4170.25,4078.25,4094.5,1135548,0,1779770,1878893.0
193,-30,EP,EPH23,D1,2023-02-10,1675987200,4094.5,4104.25,4060.75,4099.5,1109748,0,1687579,1732321.0
194,-29,EP,EPH23,D1,2023-02-12,1676160000,4105.0,4107.0,4087.5,4089.0,9072,0,12394,1159914.0
195,-28,EP,EPH23,D1,2023-02-13,1676246400,4089.0,4150.75,4078.75,4148.25,801927,0,1309914,1003296.0
196,-27,EP,EPH23,D1,2023-02-14,1676332800,4148.25,4186.5,4103.75,4139.0,1589538,0,2319347,1213885.0
197,-26,EP,EPH23,D1,2023-02-15,1676419200,4139.0,4161.75,4113.0,4159.0,1019283,0,1565911,1731724.0
198,-25,EP,EPH23,D1,2023-02-16,1676505600,4159.0,4168.5,4085.25,4087.75,1257842,0,2001115,1962124.0
199,-24,EP,EPH23,D1,2023-02-17,1676592000,4088.0,4093.5,4055.75,4085.75,1189076,0,1923370,1830132.0
200,-23,EP,EPH23,D1,2023-02-19,1676764800,4083.0,4085.75,4076.0,4079.0,6392,0,8216,1310900.0
201,-22,EP,EPH23,D1,2023-02-20,1676851200,4079.25,4089.25,4073.25,4077.0,85829,0,113381,681656.0
202,-21,EP,EPH23,D1,2023-02-21,1676937600,4077.25,4077.25,4002.0,4010.25,1039715,0,1708646,610081.0
203,-20,EP,EPH23,D1,2023-02-22,1677024000,4010.25,4025.0,3983.75,4010.0,1231739,0,1876285,1232771.0
204,-19,EP,EPH23,D1,2023-02-23,1677110400,4009.75,4034.25,3974.25,4012.25,1156399,0,1890450,1825127.0
205,-18,EP,EPH23,D1,2023-02-24,1677196800,4012.0,4023.25,3947.5,3974.5,1234121,0,1969957,1912231.0
206,-17,EP,EPH23,D1,2023-02-26,1677369600,3977.0,3980.75,3973.0,3979.5,7086,0,9484,1289964.0
207,-16,EP,EPH23,D1,2023-02-27,1677456000,3979.25,4024.75,3974.75,3991.75,972705,0,1580906,1186782.0
208,-15,EP,EPH23,D1,2023-02-28,1677542400,3991.5,4003.75,3961.75,3963.5,1068201,0,1776314,1122235.0
209,-14,EP,EPH23,D1,2023-03-01,1677628800,3963.75,3991.0,3943.0,3960.0,1227682,0,1966332,1774517.0
210,-13,EP,EPH23,D1,2023-03-02,1677715200,3960.0,3995.25,3925.0,3979.0,1121298,0,1779697,1840781.0
211,-12,EP,EPH23,D1,2023-03-03,1677801600,3979.0,4053.0,3974.0,4052.5,937462,0,1551604,1765878.0
212,-11,EP,EPH23,D1,2023-03-05,1677974400,4048.75,4049.5,4041.75,4044.75,8865,0,12189,1114497.0
213,-10,EP,EPH23,D1,2023-03-06,1678060800,4045.0,4082.5,4043.0,4054.75,918220,0,1469066,1010953.0
214,-9,EP,EPH23,D1,2023-03-07,1678147200,4054.5,4064.5,3982.5,3991.25,1290871,0,2036442,1172566.0
215,-8,EP,EPH23,D1,2023-03-08,1678233600,3991.25,4003.25,3971.5,3994.5,1133954,0,1748389,1751299.0
216,-7,EP,EPH23,D1,2023-03-09,1678320000,3994.75,4019.75,3906.0,3911.75,1463722,0,2322422,2035751.0
217,-6,EP,EPH23,D1,2023-03-10,1678406400,3911.5,3941.75,3846.25,3879.0,1800079,0,2556243,2209018.0
218,-5,EP,EPH23,D1,2023-03-12,1678579200,3888.0,3927.75,3859.0,3907.5,100356,0,137810,1672158.0
219,-4,EP,EPH23,D1,2023-03-13,1678665600,3907.25,3938.75,3808.75,3861.25,1140403,0,1472783,1388945.0
145,-81,EP,EPM23,D1,2023-03-14,1678752000,3892.75,3972.5,3885.0,3952.25,473455,0,2212291,1535152.0
146,-80,EP,EPM23,D1,2023-03-15,1678838400,3952.25,3964.0,3865.0,3922.5,529880,0,2630202,2377046.0
147,-79,EP,EPM23,D1,2023-03-16,1678924800,3922.25,4000.0,3895.0,3994.25,428730,0,2249928,2364140.0
148,-78,EP,EPM23,D1,2023-03-17,1679011200,3994.25,4009.25,3932.5,3947.75,358385,0,2063388,2314506.0
149,-77,EP,EPM23,D1,2023-03-19,1679184000,3963.75,3976.75,3952.5,3971.0,39020,0,55356,1456224.0
150,-76,EP,EPM23,D1,2023-03-20,1679270400,3971.0,3989.5,3897.25,3984.75,441880,0,1700119,1272954.0
151,-75,EP,EPM23,D1,2023-03-21,1679356800,3984.75,4043.25,3981.75,4037.75,271355,0,1440301,1065259.0
152,-74,EP,EPM23,D1,2023-03-22,1679443200,4037.5,4073.75,3966.25,3975.25,324905,0,1738342,1626254.0
153,-73,EP,EPM23,D1,2023-03-23,1679529600,3975.0,4039.5,3948.5,3984.5,356230,0,2161066,1779903.0
154,-72,EP,EPM23,D1,2023-03-24,1679616000,3984.5,4010.75,3937.0,4010.5,391485,0,1853516,1917641.0
155,-71,EP,EPM23,D1,2023-03-26,1679788800,4008.0,4027.25,4006.5,4024.0,22020,0,28344,1347642.0
156,-70,EP,EPM23,D1,2023-03-27,1679875200,4024.25,4034.25,3997.5,4015.0,288905,0,1227387,1036416.0
157,-69,EP,EPM23,D1,2023-03-28,1679961600,4015.0,4023.75,3980.75,4011.0,221530,0,1192520,816084.0
158,-68,EP,EPM23,D1,2023-03-29,1680048000,4011.25,4061.25,4010.5,4053.75,194755,0,1326519,1248809.0
159,-67,EP,EPM23,D1,2023-03-30,1680134400,4053.75,4087.75,4052.5,4086.0,211005,0,1281824,1266954.0
160,-66,EP,EPM23,D1,2023-03-31,1680220800,4085.75,4142.5,4078.0,4139.5,185760,0,1543937,1384093.0
161,-65,EP,EPM23,D1,2023-04-02,1680393600,4127.0,4135.0,4125.25,4131.25,21595,0,28287,951349.0
162,-64,EP,EPM23,D1,2023-04-03,1680480000,4131.0,4157.75,4122.75,4150.25,209230,0,1309512,960579.0
163,-63,EP,EPM23,D1,2023-04-04,1680566400,4150.0,4171.75,4115.25,4133.75,213805,0,1531454,956418.0
164,-62,EP,EPM23,D1,2023-04-05,1680652800,4133.5,4135.5,4099.0,4113.5,206980,0,1423886,1421617.0
165,-61,EP,EPM23,D1,2023-04-06,1680739200,4113.25,4135.25,4096.5,4128.25,187624,0,1256979,1404106.0
166,-60,EP,EPM23,D1,2023-04-07,1680825600,4128.0,4146.75,4121.0,4141.5,48833,0,65896,915587.0
167,-59,EP,EPM23,D1,2023-04-09,1680998400,4139.0,4143.0,4134.0,4135.0,12295,0,15583,446153.0
168,-58,EP,EPM23,D1,2023-04-10,1681084800,4135.25,4142.5,4098.75,4142.25,163654,0,1111383,397621.0
169,-57,EP,EPM23,D1,2023-04-11,1681171200,4142.0,4151.75,4128.75,4139.5,174230,0,1177955,768307.0
170,-56,EP,EPM23,D1,2023-04-12,1681257600,4139.5,4177.75,4110.25,4111.5,240730,0,1810458,1366599.0
171,-55,EP,EPM23,D1,2023-04-13,1681344000,4111.5,4177.0,4111.0,4170.25,198605,0,1378823,1455745.0
172,-54,EP,EPM23,D1,2023-04-14,1681430400,4170.5,4189.0,4138.0,4171.75,220485,0,1812089,1667123.0
173,-53,EP,EPM23,D1,2023-04-16,1681603200,4174.25,4174.75,4170.0,4172.0,10020,0,11904,1067605.0
174,-52,EP,EPM23,D1,2023-04-17,1681689600,4171.75,4180.5,4148.0,4176.5,193153,0,1254399,1026131.0
175,-51,EP,EPM23,D1,2023-04-18,1681776000,4176.5,4198.25,4164.5,4176.0,181477,0,1370575,878959.0
176,-50,EP,EPM23,D1,2023-04-19,1681862400,4175.75,4187.5,4150.5,4166.0,180702,0,1256708,1293894.0
177,-49,EP,EPM23,D1,2023-04-20,1681948800,4166.25,4173.5,4137.0,4151.5,207530,0,1713186,1446823.0
178,-48,EP,EPM23,D1,2023-04-21,1682035200,4151.25,4161.0,4135.25,4153.25,200534,0,1577540,1515811.0
179,-47,EP,EPM23,D1,2023-04-23,1682208000,4150.0,4152.5,4148.5,4150.5,6595,25,8923,1099883.0
180,-46,EP,EPM23,D1,2023-04-24,1682294400,4150.5,4164.25,4133.5,4155.75,779860,0,1283904,956789.0
181,-45,EP,EPM23,D1,2023-04-25,1682380800,4156.0,4158.25,4091.5,4111.25,1003144,0,1710342,1001056.0
182,-44,EP,EPM23,D1,2023-04-26,1682467200,4111.25,4115.5,4068.75,4085.5,1093916,0,1734107,1576118.0
183,-43,EP,EPM23,D1,2023-04-27,1682553600,4085.25,4166.5,4080.75,4148.75,898393,0,1626590,1690346.0
184,-42,EP,EPM23,D1,2023-04-28,1682640000,4148.75,4193.75,4131.5,4190.75,1006223,0,1669283,1676660.0
185,-41,EP,EPM23,D1,2023-04-30,1682812800,4189.75,4191.25,4181.25,4182.5,12034,0,15931,1103935.0
186,-40,EP,EPM23,D1,2023-05-01,1682899200,4182.25,4206.25,4176.5,4179.0,696615,0,1188762,957992.0
187,-39,EP,EPM23,D1,2023-05-02,1682985600,4178.75,4191.5,4105.5,4138.25,1130136,0,1941279,1048657.0
188,-38,EP,EPM23,D1,2023-05-03,1683072000,4138.25,4167.0,4075.5,4093.5,1114726,0,1638457,1589499.0
189,-37,EP,EPM23,D1,2023-05-04,1683158400,4093.5,4118.0,4062.25,4087.5,1213784,0,1914650,1831462.0
190,-36,EP,EPM23,D1,2023-05-05,1683244800,4087.5,4163.25,4083.0,4149.0,859014,0,1470201,1674436.0
191,-35,EP,EPM23,D1,2023-05-07,1683417600,4151.0,4154.5,4146.0,4146.25,9515,25,12651,1132501.0
192,-34,EP,EPM23,D1,2023-05-08,1683504000,4146.25,4161.0,4137.5,4150.5,625508,0,990548,824467.0
193,-33,EP,EPM23,D1,2023-05-09,1683590400,4150.25,4153.0,4131.0,4137.75,593477,0,969008,657402.0
194,-32,EP,EPM23,D1,2023-05-10,1683676800,4137.5,4173.25,4112.25,4157.0,1092219,0,1825893,1261816.0
195,-31,EP,EPM23,D1,2023-05-11,1683763200,4157.25,4168.5,4121.5,4146.0,886144,0,1425628,1406843.0
196,-30,EP,EPM23,D1,2023-05-12,1683849600,4145.75,4164.5,4111.75,4132.0,823394,0,1376823,1542781.0
197,-29,EP,EPM23,D1,2023-05-14,1684022400,4132.5,4133.5,4129.0,4132.25,6321,0,8086,936846.0
198,-28,EP,EPM23,D1,2023-05-15,1684108800,4132.0,4156.25,4123.0,4146.75,667963,0,1139641,841517.0
199,-27,EP,EPM23,D1,2023-05-16,1684195200,4146.5,4151.5,4120.0,4129.0,752631,0,1287880,811869.0
200,-26,EP,EPM23,D1,2023-05-17,1684281600,4129.0,4179.0,4122.0,4170.0,845038,0,1504587,1310703.0
201,-25,EP,EPM23,D1,2023-05-18,1684368000,4169.75,4225.5,4161.25,4217.5,964997,0,1682564,1491677.0
202,-24,EP,EPM23,D1,2023-05-19,1684454400,4217.5,4227.25,4191.5,4198.25,978285,0,1586355,1591169.0
203,-23,EP,EPM23,D1,2023-05-21,1684627200,4188.25,4201.25,4186.5,4200.25,11086,0,15196,1094705.0
204,-22,EP,EPM23,D1,2023-05-22,1684713600,4200.25,4221.75,4191.0,4216.75,771641,0,1256673,952741.0
205,-21,EP,EPM23,D1,2023-05-23,1684800000,4216.5,4222.75,4153.0,4164.25,978316,0,1611714,961194.0
206,-20,EP,EPM23,D1,2023-05-24,1684886400,4164.25,4166.25,4114.0,4144.5,1149919,0,1886546,1584978.0
207,-19,EP,EPM23,D1,2023-05-25,1684972800,4144.75,4175.5,4135.5,4152.5,1208638,0,1856572,1784944.0
208,-18,EP,EPM23,D1,2023-05-26,1685059200,4152.75,4221.25,4146.0,4219.25,1018094,0,1649543,1797554.0
209,-17,EP,EPM23,D1,2023-05-28,1685232000,4241.75,4243.25,4229.75,4230.5,16815,0,21906,1176007.0
210,-16,EP,EPM23,D1,2023-05-29,1685318400,4230.5,4234.5,4220.25,4222.25,97596,0,127596,599682.0
211,-15,EP,EPM23,D1,2023-05-30,1685404800,4222.0,4243.0,4200.0,4216.5,1096898,0,1767994,639165.0
212,-14,EP,EPM23,D1,2023-05-31,1685491200,4216.5,4217.25,4174.0,4196.5,1221201,0,2045977,1313856.0
213,-13,EP,EPM23,D1,2023-06-01,1685577600,4196.5,4239.75,4178.0,4230.25,1080879,0,1788947,1867639.0
214,-12,EP,EPM23,D1,2023-06-02,1685664000,4230.25,4297.75,4229.0,4288.75,1087996,0,1863995,1899640.0
215,-11,EP,EPM23,D1,2023-06-04,1685836800,4288.25,4292.75,4284.0,4284.75,14224,0,17779,1223574.0
216,-10,EP,EPM23,D1,2023-06-05,1685923200,4285.0,4305.75,4273.0,4276.0,1026097,0,1587234,1156336.0
217,-9,EP,EPM23,D1,2023-06-06,1686009600,4276.25,4294.75,4268.5,4293.5,972932,0,1481362,1028792.0
218,-8,EP,EPM23,D1,2023-06-07,1686096000,4293.5,4304.75,4269.25,4274.0,1206784,0,1801649,1623415.0
219,-7,EP,EPM23,D1,2023-06-08,1686182400,4274.25,4302.5,4262.75,4295.0,895598,0,1454820,1579277.0
220,-6,EP,EPM23,D1,2023-06-09,1686268800,4295.0,4325.5,4284.0,4304.75,895133,0,1410993,1555821.0
221,-5,EP,EPM23,D1,2023-06-11,1686441600,4305.75,4313.5,4305.25,4310.75,5445,0,7158,957657.0
222,-4,EP,EPM23,D1,2023-06-12,1686528000,4310.5,4348.25,4307.0,4344.25,297390,0,526009,648053.0
142,-81,EP,EPU23,D1,2023-06-13,1686614400,4389.0,4423.25,4381.75,4417.0,221055,0,1719242,957447.0
143,-80,EP,EPU23,D1,2023-06-14,1686700800,4417.0,4439.5,4383.5,4420.0,235028,0,1714455,1525187.0
144,-79,EP,EPU23,D1,2023-06-15,1686787200,4420.0,4485.5,4393.75,4465.25,241205,0,1721238,1718312.0
145,-78,EP,EPU23,D1,2023-06-16,1686873600,4465.25,4493.75,4451.0,4459.0,227209,0,1702746,1712813.0
146,-77,EP,EPU23,D1,2023-06-18,1687046400,4458.0,4462.0,4457.0,4457.5,7842,0,6758,1143581.0
147,-76,EP,EPU23,D1,2023-06-19,1687132800,4457.25,4460.75,4443.0,4446.75,92915,0,142561,617355.0
148,-75,EP,EPU23,D1,2023-06-20,1687219200,4446.5,4448.5,4410.5,4435.75,202605,0,1337948,495756.0
149,-74,EP,EPU23,D1,2023-06-21,1687305600,4435.75,4438.5,4403.5,4410.5,214803,0,1395548,958686.0
150,-73,EP,EPU23,D1,2023-06-22,1687392000,4410.5,4427.0,4393.0,4423.75,213202,0,1322173,1351890.0
151,-72,EP,EPU23,D1,2023-06-23,1687478400,4423.75,4423.75,4381.5,4388.5,208710,0,1454188,1390636.0
152,-71,EP,EPU23,D1,2023-06-25,1687651200,4390.0,4399.0,4387.5,4397.75,11245,0,14496,930286.0
153,-70,EP,EPU23,D1,2023-06-26,1687737600,4398.0,4403.0,4368.5,4379.25,222505,0,1550671,1006452.0
154,-69,EP,EPU23,D1,2023-06-27,1687824000,4379.5,4424.75,4371.5,4411.0,194105,0,1438839,1001335.0
155,-68,EP,EPU23,D1,2023-06-28,1687910400,4411.0,4430.25,4399.25,4426.25,206655,0,1617074,1535528.0
156,-67,EP,EPU23,D1,2023-06-29,1687996800,4426.25,4439.0,4409.75,4437.25,205078,0,1570291,1542068.0
157,-66,EP,EPU23,D1,2023-06-30,1688083200,4437.25,4498.0,4433.0,4482.5,172235,0,1612699,1600021.0
158,-65,EP,EPU23,D1,2023-07-02,1688256000,4485.5,4491.75,4485.5,4489.25,9020,0,13333,1065441.0
159,-64,EP,EPU23,D1,2023-07-03,1688342400,4489.5,4494.0,4479.5,4488.0,109969,0,585361,737131.0
160,-63,EP,EPU23,D1,2023-07-04,1688428800,4488.0,4493.75,4486.25,4489.25,53376,0,78975,225890.0
161,-62,EP,EPU23,D1,2023-07-05,1688515200,4489.25,4492.75,4466.25,4480.75,147829,0,1054901,573079.0
162,-61,EP,EPU23,D1,2023-07-06,1688601600,4480.5,4481.0,4419.5,4445.25,187905,0,1658059,930645.0
163,-60,EP,EPU23,D1,2023-07-07,1688688000,4445.25,4476.0,4431.5,4438.0,185585,0,1606765,1439908.0
164,-59,EP,EPU23,D1,2023-07-09,1688860800,4437.5,4440.0,4430.5,4437.5,12470,0,18792,1094539.0
165,-58,EP,EPU23,D1,2023-07-10,1688947200,4437.25,4448.25,4411.25,4446.0,198880,0,1294495,973351.0
166,-57,EP,EPU23,D1,2023-07-11,1689033600,4446.0,4478.5,4439.0,4472.25,175404,0,1286691,866659.0
167,-56,EP,EPU23,D1,2023-07-12,1689120000,4472.25,4523.75,4470.0,4512.5,189804,0,1690213,1423800.0
168,-55,EP,EPU23,D1,2023-07-13,1689206400,4512.5,4551.5,4511.75,4540.5,156330,0,1087519,1354808.0
169,-54,EP,EPU23,D1,2023-07-14,1689292800,4540.75,4560.5,4531.0,4535.25,171209,0,1307919,1361884.0
170,-53,EP,EPU23,D1,2023-07-16,1689465600,4536.0,4536.25,4528.0,4529.25,8370,0,11500,802313.0
171,-52,EP,EPU23,D1,2023-07-17,1689552000,4529.25,4565.75,4528.25,4548.5,139252,0,1002140,773853.0
172,-51,EP,EPU23,D1,2023-07-18,1689638400,4548.5,4594.5,4544.75,4586.0,150004,0,1220961,744867.0
173,-50,EP,EPU23,D1,2023-07-19,1689724800,4585.75,4609.25,4581.0,4584.75,178230,0,1475152,1232751.0
174,-49,EP,EPU23,D1,2023-07-20,1689811200,4584.75,4594.25,4557.25,4565.25,178205,0,1444661,1380258.0
175,-48,EP,EPU23,D1,2023-07-21,1689897600,4565.5,4590.0,4561.75,4564.0,169635,0,1362771,1427528.0
176,-47,EP,EPU23,D1,2023-07-23,1690070400,4564.25,4566.75,4560.0,4561.25,6895,0,11836,939756.0
177,-46,EP,EPU23,D1,2023-07-24,1690156800,4561.25,4592.5,4560.0,4584.75,164378,0,1145079,839895.0
178,-45,EP,EPU23,D1,2023-07-25,1690243200,4584.75,4608.75,4579.25,4594.75,156702,0,1168421,775112.0
179,-44,EP,EPU23,D1,2023-07-26,1690329600,4595.0,4610.75,4573.75,4597.0,194128,0,1295306,1202935.0
180,-43,EP,EPU23,D1,2023-07-27,1690416000,4597.0,4634.5,4553.75,4566.0,216780,0,1830534,1431420.0
181,-42,EP,EPU23,D1,2023-07-28,1690502400,4566.25,4616.5,4558.0,4607.0,224010,0,1481023,1535621.0
182,-41,EP,EPU23,D1,2023-07-30,1690675200,4608.75,4618.0,4608.0,4612.25,11920,0,17119,1109559.0
183,-40,EP,EPU23,D1,2023-07-31,1690761600,4612.25,4619.25,4595.25,4615.5,181930,0,1221295,906479.0
184,-39,EP,EPU23,D1,2023-08-01,1690848000,4615.75,4621.75,4572.0,4586.25,185980,0,1174791,804402.0
185,-38,EP,EPU23,D1,2023-08-02,1690934400,4586.5,4593.5,4527.75,4543.75,240830,0,1811277,1402454.0
186,-37,EP,EPU23,D1,2023-08-03,1691020800,4543.5,4547.5,4505.75,4530.75,283430,0,1702481,1562850.0
187,-36,EP,EPU23,D1,2023-08-04,1691107200,4530.75,4560.75,4493.75,4498.0,255609,0,1933435,1815731.0
188,-35,EP,EPU23,D1,2023-08-06,1691280000,4500.5,4507.5,4500.5,4507.0,11195,0,19306,1218407.0
189,-34,EP,EPU23,D1,2023-08-07,1691366400,4507.25,4541.75,4504.75,4538.5,203628,0,1338758,1097166.0
190,-33,EP,EPU23,D1,2023-08-08,1691452800,4538.75,4539.5,4482.0,4516.5,228129,0,1631018,996361.0
191,-32,EP,EPU23,D1,2023-08-09,1691539200,4516.5,4536.25,4478.25,4497.0,218054,0,1585622,1518466.0
192,-31,EP,EPU23,D1,2023-08-10,1691625600,4497.0,4544.75,4473.5,4491.25,294802,0,2159556,1792065.0
193,-30,EP,EPU23,D1,2023-08-11,1691712000,4491.25,4496.25,4459.0,4484.25,245760,0,1451659,1732279.0
194,-29,EP,EPU23,D1,2023-08-13,1691884800,4485.0,4491.5,4483.0,4489.25,9028,0,11551,1207589.0
195,-28,EP,EPU23,D1,2023-08-14,1691971200,4489.25,4514.5,4465.0,4510.75,882388,0,1238957,900722.0
196,-27,EP,EPU23,D1,2023-08-15,1692057600,4511.0,4517.75,4447.0,4456.25,990770,0,1425530,892013.0
197,-26,EP,EPU23,D1,2023-08-16,1692144000,4456.5,4467.25,4417.0,4419.0,990839,0,1444872,1369786.0
198,-25,EP,EPU23,D1,2023-08-17,1692230400,4418.75,4436.75,4375.25,4381.5,1071779,0,1566784,1479062.0
199,-24,EP,EPU23,D1,2023-08-18,1692316800,4381.5,4396.0,4350.0,4380.0,1131913,0,1627951,1546536.0
200,-23,EP,EPU23,D1,2023-08-20,1692489600,4382.75,4387.75,4381.75,4386.25,8878,0,11420,1068718.0
201,-22,EP,EPU23,D1,2023-08-21,1692576000,4386.25,4421.0,4372.25,4405.75,944896,0,1316624,985332.0
202,-21,EP,EPU23,D1,2023-08-22,1692662400,4406.0,4440.0,4394.25,4400.75,933624,0,1320795,882946.0
203,-20,EP,EPU23,D1,2023-08-23,1692748800,4400.75,4476.25,4399.5,4469.5,842899,0,1260276,1299232.0
204,-19,EP,EPU23,D1,2023-08-24,1692835200,4469.5,4485.5,4378.5,4387.75,1203345,0,1710440,1430504.0
205,-18,EP,EPU23,D1,2023-08-25,1692921600,4388.0,4429.0,4365.25,4413.25,1312971,0,1787781,1586166.0
206,-17,EP,EPU23,D1,2023-08-27,1693094400,4418.0,4424.75,4416.25,4421.5,8237,25,10513,1169578.0
207,-16,EP,EPU23,D1,2023-08-28,1693180800,4421.5,4449.5,4414.5,4443.0,858833,0,1222724,1007006.0
208,-15,EP,EPU23,D1,2023-08-29,1693267200,4443.0,4511.5,4433.5,4508.75,876823,0,1375093,869443.0
209,-14,EP,EPU23,D1,2023-08-30,1693353600,4508.75,4530.75,4496.25,4524.5,872710,0,1338946,1312254.0
210,-13,EP,EPU23,D1,2023-08-31,1693440000,4524.75,4541.25,4512.75,4518.5,858187,0,1336415,1350151.0
211,-12,EP,EPU23,D1,2023-09-01,1693526400,4518.5,4547.75,4507.25,4519.0,919711,0,1347155,1340839.0
212,-11,EP,EPU23,D1,2023-09-03,1693699200,4521.25,4523.5,4517.5,4519.5,4560,0,5743,896438.0
213,-10,EP,EPU23,D1,2023-09-04,1693785600,4519.75,4531.25,4515.25,4520.0,90539,0,123212,492037.0
214,-9,EP,EPU23,D1,2023-09-05,1693872000,4519.75,4520.75,4499.0,4501.25,776396,0,1207357,445437.0
215,-8,EP,EPU23,D1,2023-09-06,1693958400,4501.5,4503.75,4447.0,4470.25,987317,0,1525338,951969.0
216,-7,EP,EPU23,D1,2023-09-07,1694044800,4470.25,4471.75,4434.25,4457.0,963698,0,1442703,1391799.0
217,-6,EP,EPU23,D1,2023-09-08,1694131200,4457.0,4477.5,4443.0,4463.5,685639,0,1073249,1347097.0
218,-5,EP,EPU23,D1,2023-09-10,1694304000,4463.25,4466.0,4460.75,4466.0,3497,25,5005,840319.0
219,-4,EP,EPU23,D1,2023-09-11,1694390400,4465.75,4493.5,4459.25,4485.5,303228,0,553281,543845.0
148,-81,EP,EPZ23,D1,2023-09-12,1694476800,4535.0,4539.0,4507.25,4514.0,181679,0,1056893,658471.0
149,-80,EP,EPZ23,D1,2023-09-13,1694563200,4514.0,4530.25,4495.0,4523.0,226851,0,1332354,1100447.0
150,-79,EP,EPZ23,D1,2023-09-14,1694649600,4523.0,4562.0,4522.0,4557.5,199280,0,1432725,1273991.0
151,-78,EP,EPZ23,D1,2023-09-15,1694736000,4557.5,4566.0,4494.0,4499.0,201660,0,1675135,1480071.0
152,-77,EP,EPZ23,D1,2023-09-17,1694908800,4499.5,4506.5,4498.25,4505.75,7569,0,9990,1039283.0
153,-76,EP,EPZ23,D1,2023-09-18,1694995200,4505.75,4514.5,4487.0,4503.75,173100,0,1107344,930823.0
154,-75,EP,EPZ23,D1,2023-09-19,1695081600,4503.75,4509.5,4462.25,4492.25,172478,0,1369329,828888.0
155,-74,EP,EPZ23,D1,2023-09-20,1695168000,4492.25,4508.0,4439.75,4440.5,207227,0,1435478,1304050.0
156,-73,EP,EPZ23,D1,2023-09-21,1695254400,4440.5,4444.25,4366.5,4369.75,245255,0,1899144,1567984.0
157,-72,EP,EPZ23,D1,2023-09-22,1695340800,4369.75,4399.0,4357.25,4362.75,225710,0,1637632,1657418.0
158,-71,EP,EPZ23,D1,2023-09-24,1695513600,4365.0,4370.5,4364.25,4367.0,10295,0,12801,1183192.0
159,-70,EP,EPZ23,D1,2023-09-25,1695600000,4367.0,4383.5,4338.25,4378.0,240328,0,1492107,1047513.0
160,-69,EP,EPZ23,D1,2023-09-26,1695686400,4378.0,4378.25,4305.5,4321.25,243355,0,1683577,1062828.0
161,-68,EP,EPZ23,D1,2023-09-27,1695772800,4321.25,4336.5,4277.0,4321.25,251780,0,1892985,1689556.0
162,-67,EP,EPZ23,D1,2023-09-28,1695859200,4321.25,4355.75,4301.0,4339.25,291380,0,1944260,1840274.0
163,-66,EP,EPZ23,D1,2023-09-29,1695945600,4339.25,4371.25,4311.0,4329.25,279685,0,1995526,1944257.0
164,-65,EP,EPZ23,D1,2023-10-01,1696118400,4349.0,4354.0,4337.75,4344.5,23345,0,43131,1327639.0
165,-64,EP,EPZ23,D1,2023-10-02,1696204800,4344.5,4355.5,4295.5,4325.5,295555,0,1864145,1300934.0
166,-63,EP,EPZ23,D1,2023-10-03,1696291200,4325.5,4335.75,4251.25,4265.5,299955,0,2191103,1366126.0
167,-62,EP,EPZ23,D1,2023-10-04,1696377600,4265.5,4304.0,4235.5,4291.75,330080,0,2092300,2049183.0
168,-61,EP,EPZ23,D1,2023-10-05,1696464000,4291.75,4302.0,4258.0,4286.0,276879,0,1620984,1968129.0
169,-60,EP,EPZ23,D1,2023-10-06,1696550400,4286.0,4358.5,4242.25,4345.25,296609,0,2118538,1943941.0
170,-59,EP,EPZ23,D1,2023-10-08,1696723200,4315.0,4319.0,4302.25,4312.75,29070,0,48941,1262821.0
171,-58,EP,EPZ23,D1,2023-10-09,1696809600,4312.5,4375.75,4299.5,4369.5,257755,0,1380164,1182548.0
172,-57,EP,EPZ23,D1,2023-10-10,1696896000,4369.5,4419.0,4366.25,4393.0,237953,0,1557276,995460.0
173,-56,EP,EPZ23,D1,2023-10-11,1696982400,4392.75,4420.0,4377.25,4419.5,230779,0,1437023,1458154.0
174,-55,EP,EPZ23,D1,2023-10-12,1697068800,4419.5,4430.5,4355.5,4383.0,250930,0,1827195,1607165.0
175,-54,EP,EPZ23,D1,2023-10-13,1697155200,4383.0,4407.75,4340.75,4351.5,297610,0,2085069,1783096.0
176,-53,EP,EPZ23,D1,2023-10-15,1697328000,4356.75,4368.75,4356.75,4368.0,15695,0,18591,1310285.0
177,-52,EP,EPZ23,D1,2023-10-16,1697414400,4368.0,4414.25,4354.5,4402.25,254755,0,1616095,1239918.0
178,-51,EP,EPZ23,D1,2023-10-17,1697500800,4402.25,4423.25,4365.75,4392.0,264630,0,1825229,1153305.0
179,-50,EP,EPZ23,D1,2023-10-18,1697587200,4391.75,4399.0,4330.75,4344.0,300655,0,2213063,1884796.0
180,-49,EP,EPZ23,D1,2023-10-19,1697673600,4343.75,4366.5,4290.5,4295.0,375780,0,2669678,2235990.0
181,-48,EP,EPZ23,D1,2023-10-20,1697760000,4295.0,4304.25,4243.5,4244.5,303310,0,2217242,2366661.0
182,-47,EP,EPZ23,D1,2023-10-22,1697932800,4256.25,4261.5,4248.0,4261.25,15695,0,24901,1637274.0
183,-46,EP,EPZ23,D1,2023-10-23,1698019200,4261.0,4280.75,4213.25,4254.0,294503,0,1892710,1378284.0
184,-45,EP,EPZ23,D1,2023-10-24,1698105600,4254.0,4290.5,4242.0,4268.25,299880,0,1766811,1228141.0
185,-44,EP,EPZ23,D1,2023-10-25,1698192000,4268.25,4268.25,4186.5,4191.5,301705,0,1939693,1866405.0
186,-43,EP,EPZ23,D1,2023-10-26,1698278400,4191.5,4205.0,4146.25,4180.0,345055,0,2325259,2010588.0
187,-42,EP,EPZ23,D1,2023-10-27,1698364800,4179.75,4185.0,4122.25,4136.5,308060,0,2098148,2121033.0
188,-41,EP,EPZ23,D1,2023-10-29,1698537600,4148.0,4153.25,4143.5,4149.5,17020,0,25805,1483071.0
189,-40,EP,EPZ23,D1,2023-10-30,1698624000,4149.5,4197.5,4148.25,4182.0,241304,0,1809888,1311280.0
190,-39,EP,EPZ23,D1,2023-10-31,1698710400,4182.0,4215.0,4166.75,4202.5,262505,0,1757641,1197778.0
191,-38,EP,EPZ23,D1,2023-11-01,1698796800,4202.25,4267.25,4191.25,4266.25,274605,0,1960468,1842666.0
192,-37,EP,EPZ23,D1,2023-11-02,1698883200,4266.25,4339.75,4261.75,4327.75,218154,0,1723705,1813938.0
193,-36,EP,EPZ23,D1,2023-11-03,1698969600,4328.0,4391.75,4326.0,4378.5,204034,0,1680315,1788163.0
194,-35,EP,EPZ23,D1,2023-11-05,1699142400,4379.25,4383.75,4375.25,4377.0,7360,0,11417,1138479.0
195,-34,EP,EPZ23,D1,2023-11-06,1699228800,4377.0,4389.5,4364.25,4376.5,184680,0,1283652,991795.0
196,-33,EP,EPZ23,D1,2023-11-07,1699315200,4376.5,4403.25,4366.0,4395.0,188830,0,1314621,869897.0
197,-32,EP,EPZ23,D1,2023-11-08,1699401600,4395.0,4407.75,4375.0,4392.75,187555,0,1319794,1306022.0
198,-31,EP,EPZ23,D1,2023-11-09,1699488000,4392.75,4413.0,4357.25,4360.25,218155,0,1908610,1514342.0
199,-30,EP,EPZ23,D1,2023-11-10,1699574400,4360.0,4435.5,4354.25,4424.5,204745,0,1663561,1630655.0
200,-29,EP,EPZ23,D1,2023-11-12,1699747200,4425.75,4429.0,4419.75,4421.0,8385,0,15556,1195909.0
201,-28,EP,EPZ23,D1,2023-11-13,1699833600,4421.0,4436.75,4407.25,4427.75,186755,0,1214918,964678.0
202,-27,EP,EPZ23,D1,2023-11-14,1699920000,4427.5,4524.25,4420.25,4516.5,203928,0,1815519,1015331.0
203,-26,EP,EPZ23,D1,2023-11-15,1700006400,4516.75,4541.25,4510.75,4516.5,210155,0,1504228,1511555.0
204,-25,EP,EPZ23,D1,2023-11-16,1700092800,4516.5,4529.5,4501.75,4524.25,211455,0,1434404,1584717.0
205,-24,EP,EPZ23,D1,2023-11-17,1700179200,4524.25,4539.5,4512.75,4523.75,173845,0,1237398,1392010.0
206,-23,EP,EPZ23,D1,2023-11-19,1700352000,4526.75,4529.0,4520.5,4524.5,7585,0,14774,895525.0
207,-22,EP,EPZ23,D1,2023-11-20,1700438400,4524.5,4571.0,4520.0,4564.25,155627,0,1139426,797199.0
208,-21,EP,EPZ23,D1,2023-11-21,1700524800,4564.0,4567.0,4536.75,4545.25,171054,0,1052571,735590.0
209,-20,EP,EPZ23,D1,2023-11-22,1700611200,4545.25,4580.5,4545.25,4563.5,176679,0,1347195,1179731.0
210,-19,EP,EPZ23,D1,2023-11-23,1700697600,4563.25,4572.75,4562.0,4570.75,62009,0,98095,832620.0
211,-18,EP,EPZ23,D1,2023-11-24,1700784000,4570.75,4574.0,4562.75,4568.25,90569,0,431627,625639.0
212,-17,EP,EPZ23,D1,2023-11-26,1700956800,4568.5,4568.75,4561.0,4562.0,4760,0,10350,180024.0
213,-16,EP,EPZ23,D1,2023-11-27,1701043200,4562.0,4570.0,4552.0,4564.0,148740,0,1053849,498609.0
214,-15,EP,EPZ23,D1,2023-11-28,1701129600,4564.0,4577.25,4547.0,4564.25,827933,0,1382366,815522.0
215,-14,EP,EPZ23,D1,2023-11-29,1701216000,4564.0,4597.0,4555.5,4562.5,909592,0,1535032,1323749.0
216,-13,EP,EPZ23,D1,2023-11-30,1701302400,4562.75,4579.5,4544.75,4573.0,1164145,0,1948875,1622091.0
217,-12,EP,EPZ23,D1,2023-12-01,1701388800,4572.75,4607.75,4562.5,4604.0,1170109,0,1809039,1764315.0
218,-11,EP,EPZ23,D1,2023-12-03,1701561600,4603.0,4604.5,4597.5,4597.75,11581,25,17072,1258329.0
219,-10,EP,EPZ23,D1,2023-12-04,1701648000,4598.0,4598.25,4553.5,4569.75,1014238,0,1714728,1180280.0
220,-9,EP,EPZ23,D1,2023-12-05,1701734400,4569.75,4585.5,4555.5,4577.75,1144235,0,1778584,1170128.0
221,-8,EP,EPZ23,D1,2023-12-06,1701820800,4577.75,4598.5,4552.0,4555.25,1024462,0,1715117,1736143.0
222,-7,EP,EPZ23,D1,2023-12-07,1701907200,4555.5,4596.0,4548.75,4584.5,947645,0,1596340,1696680.0
223,-6,EP,EPZ23,D1,2023-12-08,1701993600,4584.75,4613.75,4561.75,4607.25,898204,0,1419861,1577106.0
224,-5,EP,EPZ23,D1,2023-12-10,1702166400,4607.75,4614.25,4607.25,4611.5,4519,25,6287,1007496.0
225,-4,EP,EPZ23,D1,2023-12-11,1702252800,4611.0,4627.25,4599.5,4625.5,272755,0,463400,629849.0
142,-79,EP,EPH24,D1,2023-12-12,1702339200,4678.0,4704.25,4662.25,4704.0,724843,0,1168607,732225.0
143,-78,EP,EPH24,D1,2023-12-13,1702425600,4703.75,4769.5,4696.75,4769.25,932636,0,1590890,1260595.0
144,-77,EP,EPH24,D1,2023-12-14,1702512000,4769.0,4791.75,4746.25,4771.75,1204870,0,1939850,1566449.0
145,-76,EP,EPH24,D1,2023-12-15,1702598400,4771.75,4789.0,4757.25,4769.5,1049931,0,1620513,1717084.0
146,-75,EP,EPH24,D1,2023-12-17,1702771200,4770.5,4774.25,4769.5,4774.25,5936,0,8919,1189761.0
147,-74,EP,EPH24,D1,2023-12-18,1702857600,4774.25,4802.25,4771.0,4790.75,609158,0,1072406,900613.0
148,-73,EP,EPH24,D1,2023-12-19,1702944000,4790.75,4821.5,4787.75,4817.5,618079,0,1063063,714796.0
149,-72,EP,EPH24,D1,2023-12-20,1703030400,4817.5,4830.75,4743.25,4759.25,938785,0,1631000,1255490.0
150,-71,EP,EPH24,D1,2023-12-21,1703116800,4759.0,4798.25,4755.5,4793.25,1018088,0,1619841,1437968.0
151,-70,EP,EPH24,D1,2023-12-22,1703203200,4793.25,4821.75,4784.75,4799.25,756881,0,1252745,1501195.0
152,-69,EP,EPH24,D1,2023-12-25,1703462400,4800.25,4811.75,4800.25,4810.0,6230,0,9892,960826.0
153,-68,EP,EPH24,D1,2023-12-26,1703548800,4810.0,4834.5,4806.0,4826.75,368214,0,621314,627984.0
154,-67,EP,EPH24,D1,2023-12-27,1703635200,4826.75,4836.5,4816.5,4834.5,570303,0,949508,526905.0
155,-66,EP,EPH24,D1,2023-12-28,1703721600,4834.5,4841.5,4828.0,4835.25,513446,0,848906,806576.0
156,-65,EP,EPH24,D1,2023-12-29,1703808000,4835.25,4841.0,4796.75,4812.75,677659,0,1125113,974509.0
157,-64,EP,EPH24,D1,2024-01-01,1704067200,4817.25,4822.5,4815.75,4821.0,7758,25,13167,662395.0
158,-63,EP,EPH24,D1,2024-01-02,1704153600,4820.75,4828.0,4765.5,4788.5,934668,0,1539756,892679.0
159,-62,EP,EPH24,D1,2024-01-03,1704240000,4788.75,4789.25,4741.0,4750.0,1035245,0,1588687,1047203.0
160,-61,EP,EPH24,D1,2024-01-04,1704326400,4749.75,4766.5,4727.0,4734.0,884376,0,1298692,1475712.0
161,-60,EP,EPH24,D1,2024-01-05,1704412800,4734.0,4760.25,4702.0,4735.5,1086179,0,1658288,1515222.0
162,-59,EP,EPH24,D1,2024-01-07,1704585600,4735.5,4741.5,4733.5,4739.0,6805,0,8735,988572.0
163,-58,EP,EPH24,D1,2024-01-08,1704672000,4738.75,4803.25,4715.25,4797.25,824932,0,1336363,1001129.0
164,-57,EP,EPH24,D1,2024-01-09,1704758400,4797.25,4804.0,4767.5,4792.25,810639,0,1296050,880383.0
165,-56,EP,EPH24,D1,2024-01-10,1704844800,4792.25,4828.5,4786.0,4821.25,812116,0,1301270,1311228.0
166,-55,EP,EPH24,D1,2024-01-11,1704931200,4821.25,4838.0,4772.75,4811.0,1198344,0,1742385,1446568.0
167,-54,EP,EPH24,D1,2024-01-12,1705017600,4811.0,4836.5,4791.5,4811.25,997828,0,1450519,1498058.0
168,-53,EP,EPH24,D1,2024-01-14,1705190400,4811.75,4813.0,4806.5,4810.25,5444,0,7185,1066696.0
169,-52,EP,EPH24,D1,2024-01-15,1705276800,4810.25,4823.0,4806.75,4808.5,115799,0,155805,537836.0
170,-51,EP,EPH24,D1,2024-01-16,1705363200,4808.5,4815.75,4779.5,4800.0,1159011,0,1666637,609876.0
171,-50,EP,EPH24,D1,2024-01-17,1705449600,4800.0,4800.25,4746.25,4769.75,961234,0,1601303,1141248.0
172,-49,EP,EPH24,D1,2024-01-18,1705536000,4769.75,4817.0,4763.5,4814.5,1027378,0,1660696,1642879.0
173,-48,EP,EPH24,D1,2024-01-19,1705622400,4814.5,4874.25,4809.25,4869.75,1037593,0,1749039,1670346.0
174,-47,EP,EPH24,D1,2024-01-21,1705795200,4873.0,4879.25,4872.5,4874.5,7820,0,11120,1140285.0
175,-46,EP,EPH24,D1,2024-01-22,1705881600,4874.5,4898.25,4873.5,4881.25,812033,0,1255748,1005302.0
176,-45,EP,EPH24,D1,2024-01-23,1705968000,4881.25,4905.5,4874.25,4904.5,683322,0,1087628,784832.0
177,-44,EP,EPH24,D1,2024-01-24,1706054400,4904.5,4933.25,4889.0,4899.25,984657,0,1505224,1282867.0
178,-43,EP,EPH24,D1,2024-01-25,1706140800,4899.25,4926.5,4893.25,4913.75,962029,0,1461046,1351299.0
179,-42,EP,EPH24,D1,2024-01-26,1706227200,4913.75,4934.25,4898.5,4912.75,835742,0,1262357,1409542.0
180,-41,EP,EPH24,D1,2024-01-28,1706400000,4909.75,4910.25,4901.75,4904.25,9214,25,13500,912301.0
181,-40,EP,EPH24,D1,2024-01-29,1706486400,4904.25,4956.0,4903.5,4952.75,674868,0,1130611,802156.0
182,-39,EP,EPH24,D1,2024-01-30,1706572800,4952.5,4957.25,4927.0,4929.75,689119,0,1088520,744210.0
183,-38,EP,EPH24,D1,2024-01-31,1706659200,4930.0,4938.0,4866.0,4876.75,1341219,0,2151574,1456902.0
184,-37,EP,EPH24,D1,2024-02-01,1706745600,4876.75,4963.75,4873.75,4954.25,1091332,0,1742085,1660726.0
185,-36,EP,EPH24,D1,2024-02-02,1706832000,4954.0,4997.75,4925.75,4972.75,1176583,0,1842757,1912139.0
186,-35,EP,EPH24,D1,2024-02-04,1707004800,4976.25,4980.75,4973.0,4976.75,7851,0,10719,1198520.0
187,-34,EP,EPH24,D1,2024-02-05,1707091200,4976.5,4980.0,4937.75,4958.0,909571,0,1400371,1084616.0
188,-33,EP,EPH24,D1,2024-02-06,1707177600,4957.75,4978.25,4954.5,4973.25,819085,0,1219513,876868.0
189,-32,EP,EPH24,D1,2024-02-07,1707264000,4973.25,5020.0,4970.0,5013.5,802742,0,1265712,1295199.0
190,-31,EP,EPH24,D1,2024-02-08,1707350400,5013.5,5020.0,5003.75,5015.25,582073,0,950941,1145389.0
191,-30,EP,EPH24,D1,2024-02-09,1707436800,5015.25,5048.5,5013.0,5042.0,665086,0,1136348,1117667.0
192,-29,EP,EPH24,D1,2024-02-11,1707609600,5042.75,5043.75,5038.75,5042.5,5551,25,7615,698301.0
193,-28,EP,EPH24,D1,2024-02-12,1707696000,5042.25,5066.5,5031.5,5035.5,628399,0,1077804,740589.0
194,-27,EP,EPH24,D1,2024-02-13,1707782400,5035.5,5040.0,4936.5,4972.5,1245858,0,2007773,1031064.0
195,-26,EP,EPH24,D1,2024-02-14,1707868800,4972.5,5022.5,4968.75,5018.5,961508,0,1548340,1544639.0
196,-25,EP,EPH24,D1,2024-02-15,1707955200,5018.5,5051.75,5011.0,5048.25,783649,0,1304412,1620175.0
197,-24,EP,EPH24,D1,2024-02-16,1708041600,5048.25,5059.25,5012.75,5014.5,904679,0,1450444,1434399.0
198,-23,EP,EPH24,D1,2024-02-18,1708214400,5016.5,5025.5,5016.5,5024.5,6480,25,8399,921085.0
199,-22,EP,EPH24,D1,2024-02-19,1708300800,5024.5,5029.5,5013.25,5015.5,86505,0,117339,525394.0
200,-21,EP,EPH24,D1,2024-02-20,1708387200,5015.5,5017.75,4968.25,4988.5,947688,0,1421972,515903.0
201,-20,EP,EPH24,D1,2024-02-21,1708473600,4988.5,5023.0,4959.0,5021.75,933337,0,1414793,984701.0
202,-19,EP,EPH24,D1,2024-02-22,1708560000,5021.75,5107.75,5020.75,5098.75,1045766,0,1650993,1495919.0
203,-18,EP,EPH24,D1,2024-02-23,1708646400,5098.75,5123.5,5092.0,5094.75,827870,0,1277828,1447871.0
204,-17,EP,EPH24,D1,2024-02-25,1708819200,5095.0,5101.25,5092.75,5099.0,6274,25,8740,979187.0
205,-16,EP,EPH24,D1,2024-02-26,1708905600,5099.0,5108.0,5075.75,5079.5,659876,0,1032854,773141.0
206,-15,EP,EPH24,D1,2024-02-27,1708992000,5079.5,5093.0,5067.0,5087.25,640726,0,977026,672873.0
207,-14,EP,EPH24,D1,2024-02-28,1709078400,5087.5,5091.0,5063.25,5071.0,754284,0,1135645,1048508.0
208,-13,EP,EPH24,D1,2024-02-29,1709164800,5070.75,5114.5,5060.0,5097.5,1023053,0,1705366,1272679.0
209,-12,EP,EPH24,D1,2024-03-01,1709251200,5097.25,5149.25,5089.25,5138.75,894255,0,1492398,1444470.0
210,-11,EP,EPH24,D1,2024-03-03,1709424000,5142.0,5146.0,5140.25,5141.75,6639,0,9181,1068982.0
211,-10,EP,EPH24,D1,2024-03-04,1709510400,5141.75,5157.75,5129.25,5130.75,689159,0,1149457,883679.0
212,-9,EP,EPH24,D1,2024-03-05,1709596800,5130.75,5134.5,5063.0,5088.0,1167137,0,1767330,975323.0
213,-8,EP,EPH24,D1,2024-03-06,1709683200,5088.0,5134.5,5083.75,5108.75,1285882,0,1874041,1596943.0
214,-7,EP,EPH24,D1,2024-03-07,1709769600,5108.5,5170.5,5086.5,5159.75,1010925,0,1592182,1744518.0
215,-6,EP,EPH24,D1,2024-03-08,1709856000,5160.0,5193.0,5121.75,5132.0,1421081,0,2045263,1837162.0
216,-5,EP,EPH24,D1,2024-03-10,1710028800,5122.75,5129.5,5118.25,5129.5,11221,0,17243,1218229.0
217,-4,EP,EPH24,D1,2024-03-11,1710115200,5129.25,5137.0,5094.75,5136.5,476031,0,701655,921387.0
140,-86,EP,EPM24,D1,2024-03-12,1710201600,5199.25,5246.75,5176.25,5242.75,1078466,0,1602824,910063.0
141,-85,EP,EPM24,D1,2024-03-13,1710288000,5242.75,5247.5,5217.5,5238.5,816935,0,1290279,1336537.0
142,-84,EP,EPM24,D1,2024-03-14,1710374400,5238.5,5253.5,5188.0,5213.5,1291822,0,1965038,1619380.0
143,-83,EP,EPM24,D1,2024-03-15,1710460800,5213.25,5230.75,5167.75,5183.25,1101498,0,1737334,1664217.0
144,-82,EP,EPM24,D1,2024-03-17,1710633600,5185.75,5191.5,5182.5,5185.75,8857,25,11808,1238060.0
145,-81,EP,EPM24,D1,2024-03-18,1710720000,5185.75,5240.25,5181.75,5210.0,845342,0,1307714,1018952.0
146,-80,EP,EPM24,D1,2024-03-19,1710806400,5210.25,5244.75,5186.0,5238.5,829032,0,1312947,877490.0
147,-79,EP,EPM24,D1,2024-03-20,1710892800,5238.5,5304.75,5233.0,5302.5,913547,0,1331382,1317348.0
148,-78,EP,EPM24,D1,2024-03-21,1710979200,5302.25,5322.75,5299.0,5310.0,805896,0,1238751,1294360.0
149,-77,EP,EPM24,D1,2024-03-22,1711065600,5309.75,5311.75,5287.75,5289.75,654912,0,1036411,1202181.0
150,-76,EP,EPM24,D1,2024-03-24,1711238400,5291.25,5293.25,5287.25,5293.0,9746,0,15663,763608.0
151,-75,EP,EPM24,D1,2024-03-25,1711324800,5293.0,5295.0,5272.5,5283.75,535737,0,843953,632009.0
152,-74,EP,EPM24,D1,2024-03-26,1711411200,5283.75,5300.5,5263.0,5275.5,622404,0,1025414,628343.0
153,-73,EP,EPM24,D1,2024-03-27,1711497600,5275.5,5313.75,5270.75,5303.5,816308,0,1376860,1082076.0
154,-72,EP,EPM24,D1,2024-03-28,1711584000,5303.25,5321.0,5301.0,5304.25,648672,0,1114127,1172134.0
155,-71,EP,EPM24,D1,2024-03-31,1711843200,5314.25,5333.5,5312.0,5332.5,15754,0,23669,838219.0
156,-70,EP,EPM24,D1,2024-04-01,1711929600,5332.25,5332.5,5282.25,5289.5,609289,0,1056894,731563.0
157,-69,EP,EPM24,D1,2024-04-02,1712016000,5289.5,5296.0,5235.0,5258.5,785082,0,1344957,808507.0
158,-68,EP,EPM24,D1,2024-04-03,1712102400,5258.5,5284.75,5244.5,5278.75,806572,0,1328851,1243567.0
159,-67,EP,EPM24,D1,2024-04-04,1712188800,5278.75,5308.5,5192.5,5200.75,1121737,0,1840795,1504868.0
160,-66,EP,EPM24,D1,2024-04-05,1712275200,5200.75,5272.5,5191.5,5255.75,1200089,0,1814835,1661494.0
161,-65,EP,EPM24,D1,2024-04-07,1712448000,5260.5,5269.25,5255.5,5259.25,11321,0,16928,1224186.0
162,-64,EP,EPM24,D1,2024-04-08,1712534400,5259.25,5268.75,5236.5,5255.25,765968,0,1103520,978428.0
163,-63,EP,EPM24,D1,2024-04-09,1712620800,5255.0,5274.25,5208.25,5262.0,1060294,0,1593968,904805.0
164,-62,EP,EPM24,D1,2024-04-10,1712707200,5261.75,5285.0,5176.5,5196.75,1659572,0,2288285,1661924.0
165,-61,EP,EPM24,D1,2024-04-11,1712793600,5196.5,5257.5,5173.5,5244.5,1175718,0,1686971,1856408.0
166,-60,EP,EPM24,D1,2024-04-12,1712880000,5244.75,5248.75,5150.0,5166.5,1299494,0,1897293,1957516.0
167,-59,EP,EPM24,D1,2024-04-14,1713052800,5165.5,5187.75,5165.25,5183.25,35580,0,50444,1211569.0
168,-58,EP,EPM24,D1,2024-04-15,1713139200,5183.25,5213.25,5094.0,5103.0,1470245,0,2123811,1357183.0
169,-57,EP,EPM24,D1,2024-04-16,1713225600,5103.0,5123.25,5078.75,5106.5,1462648,0,2030517,1401591.0
170,-56,EP,EPM24,D1,2024-04-17,1713312000,5106.5,5120.5,5047.0,5066.5,1313946,0,1870461,2008263.0
171,-55,EP,EPM24,D1,2024-04-18,1713398400,5066.5,5095.25,5036.25,5040.0,1144577,0,1655810,1852263.0
172,-54,EP,EPM24,D1,2024-04-19,1713484800,5040.0,5058.0,4963.5,5003.5,1633278,0,2247411,1924561.0
173,-53,EP,EPM24,D1,2024-04-21,1713657600,5017.5,5022.75,5016.25,5021.75,10153,25,19042,1307421.0
174,-52,EP,EPM24,D1,2024-04-22,1713744000,5021.5,5076.75,5006.0,5046.0,1023222,0,1507843,1258099.0
175,-51,EP,EPM24,D1,2024-04-23,1713830400,5046.0,5119.75,5039.0,5116.25,917736,0,1312653,946513.0
176,-50,EP,EPM24,D1,2024-04-24,1713916800,5116.0,5128.75,5070.0,5075.0,1018342,0,1458071,1426189.0
177,-49,EP,EPM24,D1,2024-04-25,1714003200,5075.25,5134.75,5022.25,5119.75,1302379,0,1833386,1534703.0
178,-48,EP,EPM24,D1,2024-04-26,1714089600,5119.5,5146.5,5104.5,5131.75,937228,0,1365552,1552336.0
179,-47,EP,EPM24,D1,2024-04-28,1714262400,5140.25,5141.75,5135.0,5141.75,8763,0,12093,1070344.0
180,-46,EP,EPM24,D1,2024-04-29,1714348800,5141.75,5154.25,5118.75,5144.75,748409,0,1124780,834142.0
181,-45,EP,EPM24,D1,2024-04-30,1714435200,5144.5,5145.5,5048.5,5058.0,1064794,0,1597627,911500.0
182,-44,EP,EPM24,D1,2024-05-01,1714521600,5058.25,5126.75,5037.75,5066.75,1373459,0,1895071,1539159.0
183,-43,EP,EPM24,D1,2024-05-02,1714608000,5066.75,5118.0,5036.25,5107.0,1068782,0,1510977,1667892.0
184,-42,EP,EPM24,D1,2024-05-03,1714694400,5107.0,5166.75,5099.25,5161.5,1071374,0,1521913,1642654.0
185,-41,EP,EPM24,D1,2024-05-05,1714867200,5167.5,5169.75,5158.75,5159.25,8102,25,10460,1014450.0
186,-40,EP,EPM24,D1,2024-05-06,1714953600,5159.5,5208.0,5155.75,5205.5,596428,0,973676,835350.0
187,-39,EP,EPM24,D1,2024-05-07,1715040000,5205.5,5226.75,5202.25,5214.0,689973,0,1064267,682801.0
188,-38,EP,EPM24,D1,2024-05-08,1715126400,5214.25,5218.0,5188.75,5210.25,610203,0,968623,1002189.0
189,-37,EP,EPM24,D1,2024-05-09,1715212800,5210.5,5246.0,5195.0,5243.5,664808,0,1054427,1029106.0
190,-36,EP,EPM24,D1,2024-05-10,1715299200,5243.5,5264.0,5232.75,5241.5,646602,0,1048646,1023899.0
191,-35,EP,EPM24,D1,2024-05-12,1715472000,5240.75,5244.25,5239.75,5242.75,4687,25,6723,703265.0
192,-34,EP,EPM24,D1,2024-05-13,1715558400,5243.0,5264.0,5233.25,5244.25,549837,0,889828,648399.0
193,-33,EP,EPM24,D1,2024-05-14,1715644800,5244.5,5274.25,5216.75,5271.5,736120,0,1191060,695870.0
194,-32,EP,EPM24,D1,2024-05-15,1715731200,5271.5,5339.5,5266.25,5338.0,822717,0,1336836,1139241.0
195,-31,EP,EPM24,D1,2024-05-16,1715817600,5338.0,5349.0,5315.5,5320.0,700919,0,1160291,1229396.0
196,-30,EP,EPM24,D1,2024-05-17,1715904000,5320.0,5328.75,5305.75,5327.75,616725,0,980885,1159337.0
197,-29,EP,EPM24,D1,2024-05-19,1716076800,5329.25,5336.5,5329.0,5335.5,7349,0,10174,717117.0
198,-28,EP,EPM24,D1,2024-05-20,1716163200,5335.5,5348.25,5323.75,5331.75,607759,0,979258,656772.0
199,-27,EP,EPM24,D1,2024-05-21,1716249600,5331.5,5347.5,5322.5,5346.5,577097,0,943221,644218.0
200,-26,EP,EPM24,D1,2024-05-22,1716336000,5346.5,5349.25,5306.75,5341.25,770696,0,1202182,1041554.0
201,-25,EP,EPM24,D1,2024-05-23,1716422400,5341.0,5368.25,5273.5,5287.75,1311916,0,1927333,1357579.0
202,-24,EP,EPM24,D1,2024-05-24,1716508800,5287.5,5329.25,5286.0,5320.75,778270,0,1185209,1438241.0
203,-23,EP,EPM24,D1,2024-05-26,1716681600,5321.75,5324.25,5315.25,5316.0,4562,0,6435,1039659.0
204,-22,EP,EPM24,D1,2024-05-27,1716768000,5316.0,5335.0,5312.5,5326.0,60714,0,88332,426659.0
205,-21,EP,EPM24,D1,2024-05-28,1716854400,5326.0,5339.0,5296.75,5318.75,814311,0,1251101,448623.0
206,-20,EP,EPM24,D1,2024-05-29,1716940800,5319.0,5320.0,5262.75,5266.5,898745,0,1389038,909490.0
207,-19,EP,EPM24,D1,2024-05-30,1717027200,5266.75,5277.0,5238.25,5242.75,915416,0,1398280,1346140.0
208,-18,EP,EPM24,D1,2024-05-31,1717113600,5243.0,5307.0,5205.5,5299.25,1334412,0,2276680,1687999.0
209,-17,EP,EPM24,D1,2024-06-02,1717286400,5299.5,5304.25,5290.25,5302.25,17235,0,24570,1233177.0
210,-16,EP,EPM24,D1,2024-06-03,1717372800,5302.0,5313.25,5246.75,5296.75,1143984,0,1715060,1338770.0
211,-15,EP,EPM24,D1,2024-06-04,1717459200,5296.75,5312.5,5262.0,5311.25,1115985,0,1634635,1124755.0
212,-14,EP,EPM24,D1,2024-06-05,1717545600,5311.5,5372.75,5305.5,5369.5,882325,0,1368312,1572669.0
213,-13,EP,EPM24,D1,2024-06-06,1717632000,5369.75,5373.25,5345.25,5364.25,810561,0,1171797,1391581.0
214,-12,EP,EPM24,D1,2024-06-07,1717718400,5364.25,5385.5,5329.0,5353.5,1078541,0,1490353,1343487.0
215,-11,EP,EPM24,D1,2024-06-09,1717891200,5351.5,5360.5,5348.25,5353.5,9678,0,13168,891773.0
216,-10,EP,EPM24,D1,2024-06-10,1717977600,5353.5,5375.75,5338.25,5366.0,784645,0,1125400,876307.0
217,-9,EP,EPM24,D1,2024-06-11,1718064000,5366.25,5387.5,5334.5,5384.75,902079,0,1319690,819419.0
218,-8,EP,EPM24,D1,2024-06-12,1718150400,5384.75,5454.5,5381.25,5436.0,1184860,0,1714107,1386399.0
219,-7,EP,EPM24,D1,2024-06-13,1718236800,5436.0,5452.75,5408.5,5438.0,925805,0,1324839,1452879.0
220,-6,EP,EPM24,D1,2024-06-14,1718323200,5437.75,5443.0,5397.75,5435.75,756927,0,1082212,1373719.0
221,-5,EP,EPM24,D1,2024-06-16,1718496000,5435.5,5439.75,5432.0,5437.5,3181,0,3927,803659.0
222,-4,EP,EPM24,D1,2024-06-17,1718582400,5437.5,5494.0,5424.75,5485.0,302135,0,442969,509703.0
150,-81,EP,EPU24,D1,2024-06-18,1718668800,5552.25,5567.0,5541.5,5564.75,664839,0,993052,676734.0
151,-80,EP,EPU24,D1,2024-06-19,1718755200,5564.75,5566.5,5559.75,5563.0,66486,0,89621,704829.0
152,-79,EP,EPU24,D1,2024-06-20,1718841600,5562.75,5588.0,5525.5,5547.0,980796,0,1412525,831733.0
153,-78,EP,EPU24,D1,2024-06-21,1718928000,5546.75,5550.75,5519.0,5536.5,873623,0,1229842,910663.0
154,-77,EP,EPU24,D1,2024-06-23,1719100800,5538.5,5539.75,5536.25,5536.75,5273,0,7331,883233.0
155,-76,EP,EPU24,D1,2024-06-24,1719187200,5536.75,5558.5,5510.25,5519.25,918048,0,1339606,858926.0
156,-75,EP,EPU24,D1,2024-06-25,1719273600,5519.25,5539.75,5511.0,5534.0,739406,0,1071675,806204.0
157,-74,EP,EPU24,D1,2024-06-26,1719360000,5534.25,5551.75,5516.25,5525.25,776701,0,1129471,1180251.0
158,-73,EP,EPU24,D1,2024-06-27,1719446400,5525.25,5555.0,5515.75,5554.75,770758,0,1159207,1120118.0
159,-72,EP,EPU24,D1,2024-06-28,1719532800,5555.0,5585.0,5510.75,5532.25,1128177,0,1708218,1332299.0
160,-71,EP,EPU24,D1,2024-06-30,1719705600,5534.25,5536.5,5527.75,5529.5,14576,25,21042,962822.0
161,-70,EP,EPU24,D1,2024-07-01,1719792000,5529.5,5541.0,5504.5,5528.75,855744,0,1284424,1004561.0
162,-69,EP,EPU24,D1,2024-07-02,1719878400,5529.0,5569.75,5502.75,5562.25,793415,0,1240351,848606.0
163,-68,EP,EPU24,D1,2024-07-03,1719964800,5562.25,5595.75,5559.75,5590.75,464029,0,733346,1086040.0
164,-67,EP,EPU24,D1,2024-07-04,1720051200,5590.75,5597.0,5585.25,5588.25,61351,0,90386,688028.0
165,-66,EP,EPU24,D1,2024-07-05,1720137600,5588.25,5626.0,5585.0,5615.0,671580,0,1059662,627798.0
166,-65,EP,EPU24,D1,2024-07-07,1720310400,5612.0,5618.0,5611.0,5612.75,6673,0,8992,386347.0
167,-64,EP,EPU24,D1,2024-07-08,1720396800,5612.5,5638.75,5610.75,5638.5,573108,0,915798,661484.0
168,-63,EP,EPU24,D1,2024-07-09,1720483200,5638.5,5645.75,5628.25,5633.5,631508,0,1003893,642894.0
169,-62,EP,EPU24,D1,2024-07-10,1720569600,5633.5,5690.5,5630.75,5683.5,629420,0,1112261,1010651.0
170,-61,EP,EPU24,D1,2024-07-11,1720656000,5683.5,5707.75,5630.0,5637.25,1280990,0,1899876,1338677.0
171,-60,EP,EPU24,D1,2024-07-12,1720742400,5637.25,5708.25,5621.25,5667.5,1011756,0,1584123,1532087.0
172,-59,EP,EPU24,D1,2024-07-14,1720915200,5681.0,5683.25,5665.5,5672.0,16443,0,21324,1168441.0
173,-58,EP,EPU24,D1,2024-07-15,1721001600,5672.25,5718.75,5666.0,5692.25,1109094,0,1622377,1075941.0
174,-57,EP,EPU24,D1,2024-07-16,1721088000,5692.25,5721.25,5673.0,5713.0,988174,0,1422101,1021934.0
175,-56,EP,EPU24,D1,2024-07-17,1721174400,5713.0,5714.25,5631.75,5649.0,1341088,0,1972578,1672352.0
176,-55,EP,EPU24,D1,2024-07-18,1721260800,5649.0,5664.0,5570.25,5601.75,1689802,0,2431780,1942153.0
177,-54,EP,EPU24,D1,2024-07-19,1721347200,5601.75,5607.5,5542.0,5552.75,1409717,0,2007180,2137179.0
178,-53,EP,EPU24,D1,2024-07-21,1721520000,5564.5,5574.0,5557.25,5572.0,19184,0,24507,1487822.0
179,-52,EP,EPU24,D1,2024-07-22,1721606400,5572.25,5616.0,5553.5,5605.5,1110388,0,1599726,1210471.0
180,-51,EP,EPU24,D1,2024-07-23,1721692800,5605.5,5629.75,5573.5,5575.0,971128,0,1346402,990212.0
181,-50,EP,EPU24,D1,2024-07-24,1721779200,5575.0,5583.25,5462.0,5484.5,1348551,0,2041669,1662599.0
182,-49,EP,EPU24,D1,2024-07-25,1721865600,5484.25,5533.25,5432.5,5451.5,2051591,0,2795609,2061227.0
183,-48,EP,EPU24,D1,2024-07-26,1721952000,5451.25,5528.25,5450.5,5499.25,1378156,0,1873763,2237014.0
184,-47,EP,EPU24,D1,2024-07-28,1722124800,5496.5,5514.75,5496.25,5512.75,13558,0,16505,1561959.0
185,-46,EP,EPU24,D1,2024-07-29,1722211200,5512.75,5534.5,5481.0,5488.75,1207025,0,1639858,1176709.0
186,-45,EP,EPU24,D1,2024-07-30,1722297600,5488.5,5527.5,5433.0,5480.5,1495103,0,2000315,1218893.0
187,-44,EP,EPU24,D1,2024-07-31,1722384000,5480.25,5590.0,5475.5,5587.5,1507308,0,2014543,1884905.0
188,-43,EP,EPU24,D1,2024-08-01,1722470400,5587.75,5600.75,5444.75,5461.0,2072096,0,2673442,2229433.0
189,-42,EP,EPU24,D1,2024-08-02,1722556800,5461.0,5464.5,5331.75,5358.0,2325085,0,3094680,2594222.0
190,-41,EP,EPU24,D1,2024-08-04,1722729600,5330.0,5345.5,5313.0,5324.0,43186,0,56412,1941511.0
191,-40,EP,EPU24,D1,2024-08-05,1722816000,5324.0,5324.5,5120.0,5275.25,2432040,0,3249216,2133436.0
192,-39,EP,EPU24,D1,2024-08-06,1722902400,5275.0,5342.0,5221.75,5243.5,1574526,0,2071177,1792268.0
193,-38,EP,EPU24,D1,2024-08-07,1722988800,5243.5,5359.25,5182.0,5202.25,1613288,0,2154927,2491773.0
194,-37,EP,EPU24,D1,2024-08-08,1723075200,5202.0,5362.75,5198.25,5357.5,1365955,0,1801225,2009110.0
195,-36,EP,EPU24,D1,2024-08-09,1723161600,5357.5,5385.25,5319.5,5365.0,1038742,0,1328563,1761572.0
196,-35,EP,EPU24,D1,2024-08-11,1723334400,5364.25,5375.5,5350.25,5370.5,18077,0,21504,1050431.0
197,-34,EP,EPU24,D1,2024-08-12,1723420800,5370.25,5396.75,5347.75,5372.75,849813,0,1152153,834073.0
198,-33,EP,EPU24,D1,2024-08-13,1723507200,5372.75,5461.25,5367.5,5457.5,812528,0,1196461,790039.0
199,-32,EP,EPU24,D1,2024-08-14,1723593600,5457.75,5487.75,5438.75,5474.75,882758,0,1245023,1197879.0
200,-31,EP,EPU24,D1,2024-08-15,1723680000,5474.5,5579.0,5471.75,5574.5,884932,0,1351533,1264339.0
201,-30,EP,EPU24,D1,2024-08-16,1723766400,5574.5,5586.25,5536.5,5580.25,719415,0,1046932,1214496.0
202,-29,EP,EPU24,D1,2024-08-18,1723939200,5583.0,5593.75,5581.0,5585.5,14596,0,21360,806608.0
203,-28,EP,EPU24,D1,2024-08-19,1724025600,5585.5,5633.25,5565.25,5628.5,619543,0,916691,661661.0
204,-27,EP,EPU24,D1,2024-08-20,1724112000,5628.75,5643.75,5607.75,5619.75,656936,0,971034,636362.0
205,-26,EP,EPU24,D1,2024-08-21,1724198400,5619.75,5655.25,5613.5,5645.25,713156,0,1011161,966295.0
206,-25,EP,EPU24,D1,2024-08-22,1724284800,5645.0,5665.25,5582.75,5604.5,938660,0,1328910,1103702.0
207,-24,EP,EPU24,D1,2024-08-23,1724371200,5604.75,5662.25,5602.75,5650.75,965189,0,1338049,1226040.0
208,-23,EP,EPU24,D1,2024-08-25,1724544000,5650.5,5659.25,5640.25,5646.5,13868,0,16930,894630.0
209,-22,EP,EPU24,D1,2024-08-26,1724630400,5646.75,5669.0,5619.75,5632.0,739269,0,1050099,801693.0
210,-21,EP,EPU24,D1,2024-08-27,1724716800,5632.0,5649.5,5611.5,5635.75,673891,0,969953,678994.0
211,-20,EP,EPU24,D1,2024-08-28,1724803200,5635.75,5650.5,5561.25,5572.0,904403,0,1321362,1113805.0
212,-19,EP,EPU24,D1,2024-08-29,1724889600,5572.0,5663.75,5571.5,5615.0,1092598,0,1489689,1260335.0
213,-18,EP,EPU24,D1,2024-08-30,1724976000,5615.0,5665.0,5594.25,5656.5,949039,0,1445803,1418951.0
214,-17,EP,EPU24,D1,2024-09-01,1725148800,5656.25,5660.5,5652.0,5653.0,5572,0,6837,980776.0
215,-16,EP,EPU24,D1,2024-09-02,1725235200,5653.0,5669.75,5638.0,5654.25,86137,0,113524,522055.0
216,-15,EP,EPU24,D1,2024-09-03,1725321600,5654.25,5666.25,5516.75,5532.5,1195279,0,1705868,608743.0
217,-14,EP,EPU24,D1,2024-09-04,1725408000,5532.75,5565.0,5506.75,5523.25,1183220,0,1682737,1167376.0
218,-13,EP,EPU24,D1,2024-09-05,1725494400,5523.25,5557.25,5490.0,5510.0,1150125,0,1666149,1684918.0
219,-12,EP,EPU24,D1,2024-09-06,1725580800,5510.0,5532.5,5394.0,5403.75,1540621,0,2215027,1854638.0
220,-11,EP,EPU24,D1,2024-09-08,1725753600,5410.0,5420.5,5405.25,5418.0,20026,0,27036,1302737.0
221,-10,EP,EPU24,D1,2024-09-09,1725840000,5417.75,5493.0,5417.25,5486.5,1001038,0,1503650,1248571.0
222,-9,EP,EPU24,D1,2024-09-10,1725926400,5486.5,5506.0,5448.25,5497.5,980998,0,1450339,993675.0
223,-8,EP,EPU24,D1,2024-09-11,1726012800,5497.5,5567.5,5412.0,5556.75,1454525,0,2147143,1700377.0
224,-7,EP,EPU24,D1,2024-09-12,1726099200,5556.75,5608.5,5540.25,5605.5,1072829,0,1516992,1704825.0
225,-6,EP,EPU24,D1,2024-09-13,1726185600,5605.75,5641.5,5599.25,5626.75,713775,0,1033964,1566033.0
226,-5,EP,EPU24,D1,2024-09-15,1726358400,5622.75,5634.25,5622.5,5633.0,6980,0,9903,853620.0
227,-4,EP,EPU24,D1,2024-09-16,1726444800,5633.0,5641.5,5609.25,5635.0,331131,0,454589,499485.0
147,-81,EP,EPZ24,D1,2024-09-17,1726531200,5696.25,5737.0,5677.75,5705.5,832316,0,1115425,588965.0
148,-80,EP,EPZ24,D1,2024-09-18,1726617600,5705.75,5755.75,5675.25,5718.25,1097037,0,1456512,1072705.0
149,-79,EP,EPZ24,D1,2024-09-19,1726704000,5718.0,5797.5,5698.0,5770.25,1015835,0,1492601,1354846.0
150,-78,EP,EPZ24,D1,2024-09-20,1726790400,5770.0,5775.0,5733.5,5758.25,984620,0,1420838,1456650.0
151,-77,EP,EPZ24,D1,2024-09-22,1726963200,5762.0,5767.75,5755.5,5767.25,7764,0,10034,974491.0
152,-76,EP,EPZ24,D1,2024-09-23,1727049600,5767.25,5784.5,5745.25,5772.75,727193,0,1009644,813505.0
153,-75,EP,EPZ24,D1,2024-09-24,1727136000,5772.75,5794.5,5754.75,5792.0,755987,0,1112646,710775.0
154,-74,EP,EPZ24,D1,2024-09-25,1727222400,5792.25,5798.75,5768.0,5789.0,697673,0,975837,1032709.0
155,-73,EP,EPZ24,D1,2024-09-26,1727308800,5789.0,5830.0,5778.25,5805.0,896855,0,1277254,1121912.0
156,-72,EP,EPZ24,D1,2024-09-27,1727395200,5805.25,5821.5,5782.0,5785.75,789417,0,1170984,1141358.0
157,-71,EP,EPZ24,D1,2024-09-29,1727568000,5784.0,5801.75,5779.0,5800.0,13052,0,17241,821826.0
158,-70,EP,EPZ24,D1,2024-09-30,1727654400,5800.0,5820.25,5756.25,5808.5,912561,0,1347849,845358.0
159,-69,EP,EPZ24,D1,2024-10-01,1727740800,5808.25,5822.5,5733.0,5750.75,1361654,0,1862018,1075703.0
160,-68,EP,EPZ24,D1,2024-10-02,1727827200,5751.0,5773.25,5724.0,5769.25,844287,0,1179142,1463003.0
161,-67,EP,EPZ24,D1,2024-10-03,1727913600,5769.5,5770.0,5725.75,5749.25,986596,0,1364775,1468645.0
162,-66,EP,EPZ24,D1,2024-10-04,1728000000,5749.0,5804.75,5742.0,5795.5,974088,0,1365949,1303289.0
163,-65,EP,EPZ24,D1,2024-10-06,1728172800,5802.0,5808.0,5799.5,5802.0,13103,0,17423,916049.0
164,-64,EP,EPZ24,D1,2024-10-07,1728259200,5802.0,5805.75,5725.25,5745.0,845336,0,1154739,846037.0
165,-63,EP,EPZ24,D1,2024-10-08,1728345600,5745.0,5806.75,5736.25,5795.5,722794,0,1058394,743519.0
166,-62,EP,EPZ24,D1,2024-10-09,1728432000,5795.75,5846.5,5780.75,5839.0,711745,0,1057472,1090202.0
167,-61,EP,EPZ24,D1,2024-10-10,1728518400,5839.0,5844.0,5811.5,5835.25,742745,0,1057352,1057739.0
168,-60,EP,EPZ24,D1,2024-10-11,1728604800,5835.5,5868.25,5816.0,5853.25,635678,0,948926,1021250.0
169,-59,EP,EPZ24,D1,2024-10-13,1728777600,5855.25,5860.25,5852.0,5855.5,7922,0,10973,672417.0
170,-58,EP,EPZ24,D1,2024-10-14,1728864000,5855.5,5918.5,5850.0,5913.0,556174,0,839247,599715.0
171,-57,EP,EPZ24,D1,2024-10-15,1728950400,5913.25,5915.5,5850.0,5863.25,887895,0,1276851,709024.0
172,-56,EP,EPZ24,D1,2024-10-16,1729036800,5863.25,5892.75,5853.25,5879.0,601675,0,884422,1000173.0
173,-55,EP,EPZ24,D1,2024-10-17,1729123200,5878.75,5927.25,5871.25,5891.5,811852,0,1163386,1108220.0
174,-54,EP,EPZ24,D1,2024-10-18,1729209600,5891.5,5915.5,5876.25,5907.5,586720,0,873874,973894.0
175,-53,EP,EPZ24,D1,2024-10-20,1729382400,5911.5,5915.5,5910.75,5913.5,5506,0,6722,681327.0
176,-52,EP,EPZ24,D1,2024-10-21,1729468800,5913.75,5914.75,5865.0,5895.75,687911,0,1018744,633113.0
177,-51,EP,EPZ24,D1,2024-10-22,1729555200,5895.75,5904.25,5861.25,5890.25,678323,0,997449,674305.0
178,-50,EP,EPZ24,D1,2024-10-23,1729641600,5890.25,5893.75,5801.0,5842.75,959061,0,1404132,1140108.0
179,-49,EP,EPZ24,D1,2024-10-24,1729728000,5842.5,5870.0,5822.5,5850.75,806052,0,1116733,1172771.0
180,-48,EP,EPZ24,D1,2024-10-25,1729814400,5850.75,5900.75,5835.0,5841.5,912547,0,1287204,1269356.0
181,-47,EP,EPZ24,D1,2024-10-27,1729987200,5857.5,5875.0,5857.0,5870.75,17035,0,21968,808635.0
182,-46,EP,EPZ24,D1,2024-10-28,1730073600,5870.5,5884.5,5858.5,5861.25,713352,0,971224,760132.0
183,-45,EP,EPZ24,D1,2024-10-29,1730160000,5861.5,5887.5,5837.5,5884.25,844598,0,1138457,710550.0
184,-44,EP,EPZ24,D1,2024-10-30,1730246400,5884.5,5893.0,5831.5,5831.75,969258,0,1303896,1137859.0
185,-43,EP,EPZ24,D1,2024-10-31,1730332800,5831.5,5838.25,5733.25,5743.0,1303139,0,1850659,1431004.0
186,-42,EP,EPZ24,D1,2024-11-01,1730419200,5742.75,5803.75,5732.5,5759.25,1113715,0,1498671,1551075.0
187,-41,EP,EPZ24,D1,2024-11-03,1730592000,5742.5,5755.75,5741.75,5749.75,17569,0,21209,1123513.0
188,-40,EP,EPZ24,D1,2024-11-04,1730678400,5750.0,5776.5,5724.25,5742.5,957523,0,1259127,926336.0
189,-39,EP,EPZ24,D1,2024-11-05,1730764800,5742.75,5824.5,5735.0,5816.0,846822,0,1143167,807834.0
190,-38,EP,EPZ24,D1,2024-11-06,1730851200,5815.75,5967.0,5815.25,5956.75,1360070,0,1897970,1433421.0
191,-37,EP,EPZ24,D1,2024-11-07,1730937600,5957.0,6013.0,5951.0,6007.25,819834,0,1206256,1415798.0
192,-36,EP,EPZ24,D1,2024-11-08,1731024000,6007.25,6040.5,5990.25,6023.5,723126,0,1053102,1385776.0
193,-35,EP,EPZ24,D1,2024-11-10,1731196800,6030.0,6038.5,6029.5,6037.75,9374,0,13000,757453.0
194,-34,EP,EPZ24,D1,2024-11-11,1731283200,6038.0,6053.25,6013.5,6027.75,652893,0,1003758,689953.0
195,-33,EP,EPZ24,D1,2024-11-12,1731369600,6027.5,6036.5,5986.75,6008.25,870849,0,1328022,781593.0
196,-32,EP,EPZ24,D1,2024-11-13,1731456000,6008.5,6035.25,5991.75,6020.25,1000222,0,1356416,1229399.0
197,-31,EP,EPZ24,D1,2024-11-14,1731542400,6020.25,6025.25,5964.25,5967.0,1084984,0,1473482,1385973.0
198,-30,EP,EPZ24,D1,2024-11-15,1731628800,5967.0,5968.0,5876.75,5900.0,1282833,0,1829877,1553258.0
199,-29,EP,EPZ24,D1,2024-11-17,1731801600,5899.75,5904.5,5891.75,5904.25,11911,0,16547,1106635.0
200,-28,EP,EPZ24,D1,2024-11-18,1731888000,5904.25,5933.0,5886.5,5916.75,894147,0,1247750,1031391.0
201,-27,EP,EPZ24,D1,2024-11-19,1731974400,5917.0,5947.5,5855.0,5945.0,1113614,0,1535327,933208.0
202,-26,EP,EPZ24,D1,2024-11-20,1732060800,5945.25,5957.75,5880.0,5940.5,1152883,0,1512155,1431744.0
203,-25,EP,EPZ24,D1,2024-11-21,1732147200,5940.75,5985.0,5905.25,5964.0,1381900,0,1775286,1607589.0
204,-24,EP,EPZ24,D1,2024-11-22,1732233600,5964.0,5993.5,5940.75,5991.0,1098152,0,1452769,1580070.0
205,-23,EP,EPZ24,D1,2024-11-24,1732406400,6006.0,6011.0,6005.5,6008.75,9238,0,15765,1081273.0
206,-22,EP,EPZ24,D1,2024-11-25,1732492800,6009.0,6040.0,5982.5,5994.0,1084423,0,1538372,1002302.0
207,-21,EP,EPZ24,D1,2024-11-26,1732579200,5994.25,6044.0,5976.25,6040.5,870692,0,1240088,931408.0
208,-20,EP,EPZ24,D1,2024-11-27,1732665600,6040.5,6047.0,6000.25,6020.0,781155,0,1080821,1286427.0
209,-19,EP,EPZ24,D1,2024-11-28,1732752000,6020.0,6032.5,6019.75,6029.75,69133,0,99209,806706.0
210,-18,EP,EPZ24,D1,2024-11-29,1732838400,6030.0,6060.0,6018.0,6051.5,452959,0,681412,620481.0
211,-17,EP,EPZ24,D1,2024-12-01,1733011200,6051.5,6054.5,6044.0,6046.0,9751,25,11907,264176.0
212,-16,EP,EPZ24,D1,2024-12-02,1733097600,6046.0,6068.5,6036.0,6063.5,638735,0,922901,538740.0
213,-15,EP,EPZ24,D1,2024-12-03,1733184000,6063.75,6070.75,6047.5,6069.25,623414,0,920225,618344.0
214,-14,EP,EPZ24,D1,2024-12-04,1733270400,6069.25,6102.25,6065.0,6094.0,652042,0,1042001,961709.0
215,-13,EP,EPZ24,D1,2024-12-05,1733356800,6094.0,6107.25,6079.5,6084.5,661742,0,1036209,999478.0
216,-12,EP,EPZ24,D1,2024-12-06,1733443200,6084.25,6111.0,6076.0,6096.75,688088,0,1063434,1047215.0
217,-11,EP,EPZ24,D1,2024-12-08,1733616000,6097.5,6103.0,6095.25,6101.25,5617,25,7162,702268.0
218,-10,EP,EPZ24,D1,2024-12-09,1733702400,6101.25,6105.75,6060.0,6061.75,797400,0,1256338,775645.0
219,-9,EP,EPZ24,D1,2024-12-10,1733788800,6061.75,6075.25,6039.75,6051.25,758146,0,1241090,834863.0
220,-8,EP,EPZ24,D1,2024-12-11,1733875200,6051.25,6102.5,6045.5,6086.5,691315,0,1164149,1220526.0
221,-7,EP,EPZ24,D1,2024-12-12,1733961600,6086.25,6087.75,6055.5,6065.25,873257,0,1327217,1244152.0
222,-6,EP,EPZ24,D1,2024-12-13,1734048000,6065.5,6085.25,6041.25,6051.25,751407,0,1150069,1213812.0
223,-5,EP,EPZ24,D1,2024-12-15,1734220800,6055.0,6058.75,6051.5,6056.75,4084,25,4843,827376.0
224,-4,EP,EPZ24,D1,2024-12-16,1734307200,6057.0,6090.5,6056.0,6073.5,294328,0,448921,534611.0
148,-81,EP,EPH25,D1,2024-12-17,1734393600,6146.5,6152.75,6113.5,6123.5,0,0,1151563,637099.0
149,-80,EP,EPH25,D1,2024-12-18,1734480000,6123.75,6148.0,5906.5,5941.0,0,0,2175436,1361059.0
150,-79,EP,EPH25,D1,2024-12-19,1734566400,5941.25,6005.25,5931.25,5934.25,0,0,2072372,1799790.0
151,-78,EP,EPH25,D1,2024-12-20,1734652800,5934.5,6050.75,5866.0,5996.5,0,0,2099673,2115827.0
152,-77,EP,EPH25,D1,2024-12-22,1734825600,6001.75,6026.0,6001.75,6021.0,0,0,15787,1395944.0
153,-76,EP,EPH25,D1,2024-12-23,1734912000,6021.25,6043.0,5965.0,6036.0,0,0,1292807,1136089.0
154,-75,EP,EPH25,D1,2024-12-24,1734998400,6036.25,6099.5,6030.0,6099.0,0,0,574730,627775.0
155,-74,EP,EPH25,D1,2024-12-25,1735084800,6099.25,6102.5,6095.75,6097.75,0,0,6526,624688.0
156,-73,EP,EPH25,D1,2024-12-26,1735171200,6097.5,6107.5,6063.25,6095.0,0,0,837058,472771.0
157,-72,EP,EPH25,D1,2024-12-27,1735257600,6095.25,6095.25,5982.75,6029.25,0,0,1537421,793668.0
158,-71,EP,EPH25,D1,2024-12-29,1735430400,6028.75,6036.25,6017.5,6024.75,0,0,10837,795105.0
159,-70,EP,EPH25,D1,2024-12-30,1735516800,6024.75,6027.25,5918.25,5953.25,0,0,1491580,1013279.0
160,-69,EP,EPH25,D1,2024-12-31,1735603200,5953.5,5983.25,5917.25,5938.25,0,0,1257692,920036.0
161,-68,EP,EPH25,D1,2025-01-01,1735689600,5949.25,5955.5,5933.5,5939.25,0,0,15385,921552.0
162,-67,EP,EPH25,D1,2025-01-02,1735776000,5939.25,5995.25,5874.75,5914.75,0,0,1714061,995713.0
163,-66,EP,EPH25,D1,2025-01-03,1735862400,5914.5,5996.75,5913.25,5985.25,0,0,1137383,955610.0
164,-65,EP,EPH25,D1,2025-01-05,1736035200,5994.5,5996.0,5986.0,5990.75,0,0,8159,953201.0
165,-64,EP,EPH25,D1,2025-01-06,1736121600,5991.0,6068.25,5980.75,6025.75,0,0,1457592,867711.0
166,-63,EP,EPH25,D1,2025-01-07,1736208000,6025.5,6045.5,5935.0,5958.25,0,0,1687118,1050956.0
167,-62,EP,EPH25,D1,2025-01-08,1736294400,5958.0,5975.0,5917.0,5949.25,0,0,1697190,1613967.0
168,-61,EP,EPH25,D1,2025-01-09,1736380800,5949.5,5959.25,5926.25,5930.5,0,0,122770,1169026.0
169,-60,EP,EPH25,D1,2025-01-10,1736467200,5930.75,5959.25,5845.25,5861.5,0,0,1991390,1270450.0
170,-59,EP,EPH25,D1,2025-01-12,1736640000,5864.5,5867.5,5848.0,5860.0,0,0,18210,710790.0
171,-58,EP,EPH25,D1,2025-01-13,1736726400,5859.75,5901.25,5809.0,5892.5,0,0,1696271,1235290.0
172,-57,EP,EPH25,D1,2025-01-14,1736812800,5892.25,5918.5,5842.5,5886.5,0,0,1770022,1161501.0
173,-56,EP,EPH25,D1,2025-01-15,1736899200,5886.5,6001.25,5879.5,5994.25,0,0,1556673,1674322.0
174,-55,EP,EPH25,D1,2025-01-16,1736985600,5994.25,6017.5,5961.75,5974.5,0,0,1509025,1611907.0
175,-54,EP,EPH25,D1,2025-01-17,1737072000,5974.25,6051.5,5972.0,6032.5,0,0,1318686,1461461.0
176,-53,EP,EPH25,D1,2025-01-19,1737244800,6032.25,6038.5,6020.0,6023.5,0,0,10125,945945.0
177,-52,EP,EPH25,D1,2025-01-20,1737331200,6023.5,6078.25,6018.0,6068.0,0,0,275904,534905.0
178,-51,EP,EPH25,D1,2025-01-21,1737417600,6068.25,6099.25,5994.5,6096.5,0,0,1374556,553528.0
179,-50,EP,EPH25,D1,2025-01-22,1737504000,6096.5,6135.75,6095.25,6116.0,0,0,1152516,934325.0
180,-49,EP,EPH25,D1,2025-01-23,1737590400,6116.25,6154.0,6101.5,6148.0,0,0,1062086,1196386.0
181,-48,EP,EPH25,D1,2025-01-24,1737676800,6148.0,6162.25,6122.0,6132.0,0,0,1180705,1131769.0
182,-47,EP,EPH25,D1,2025-01-26,1737849600,6102.25,6105.25,6099.0,6103.25,0,0,30882,757891.0
183,-46,EP,EPH25,D1,2025-01-27,1737936000,6103.25,6104.0,5948.0,6052.5,0,0,2283205,1164931.0
184,-45,EP,EPH25,D1,2025-01-28,1738022400,6052.5,6105.5,6023.5,6087.75,0,0,1503399,1272495.0
185,-44,EP,EPH25,D1,2025-01-29,1738108800,6087.75,6111.5,6042.25,6068.75,0,0,1508717,1765107.0
186,-43,EP,EPH25,D1,2025-01-30,1738195200,6068.75,6116.25,6056.5,6109.25,0,0,1537576,1516564.0
187,-42,EP,EPH25,D1,2025-01-31,1738281600,6109.25,6147.75,6057.75,6065.5,0,0,1753527,1599940.0
188,-41,EP,EPH25,D1,2025-02-02,1738454400,5982.25,5982.5,5942.0,5968.0,71238,0,89591,1126898.0
189,-40,EP,EPH25,D1,2025-02-03,1738540800,5967.75,6068.0,5935.5,6056.75,1750448,0,2161061,1334726.0
190,-39,EP,EPH25,D1,2025-02-04,1738627200,6056.75,6068.75,5987.0,6042.25,973297,0,1270315,1173656.0
191,-38,EP,EPH25,D1,2025-02-05,1738713600,6042.5,6092.0,6020.25,6090.0,837430,0,1141688,1524355.0
192,-37,EP,EPH25,D1,2025-02-06,1738800000,6090.0,6108.5,6070.0,6100.25,814231,0,1113634,1175212.0
193,-36,EP,EPH25,D1,2025-02-07,1738886400,6100.25,6123.25,6041.25,6050.0,1282189,0,1606230,1287184.0
194,-35,EP,EPH25,D1,2025-02-09,1739059200,6016.0,6061.25,6014.0,6059.5,22253,0,29053,916306.0
195,-34,EP,EPH25,D1,2025-02-10,1739145600,6059.5,6096.0,6057.25,6077.25,692766,0,943780,859688.0
196,-33,EP,EPH25,D1,2025-02-11,1739232000,6077.0,6098.75,6057.75,6092.5,723286,0,981240,651358.0
197,-32,EP,EPH25,D1,2025-02-12,1739318400,6092.5,6098.0,6020.75,6084.0,1123150,0,1482930,1135983.0
198,-31,EP,EPH25,D1,2025-02-13,1739404800,6084.0,6138.0,6053.5,6134.0,1056382,0,1445897,1303356.0
199,-30,EP,EPH25,D1,2025-02-14,1739491200,6134.25,6146.75,6121.25,6134.0,682517,0,956296,1295041.0
200,-29,EP,EPH25,D1,2025-02-16,1739664000,6138.25,6139.5,6131.0,6134.75,4998,25,6826,803006.0
201,-28,EP,EPH25,D1,2025-02-17,1739750400,6134.5,6147.25,6133.0,6141.5,76100,0,97532,353551.0
202,-27,EP,EPH25,D1,2025-02-18,1739836800,6141.25,6157.75,6118.25,6149.5,747424,0,1048381,384246.0
203,-26,EP,EPH25,D1,2025-02-19,1739923200,6149.5,6166.5,6129.25,6155.0,730748,0,1026503,724139.0
204,-25,EP,EPH25,D1,2025-02-20,1740009600,6155.0,6157.5,6102.75,6137.5,982135,0,1337444,1137443.0
205,-24,EP,EPH25,D1,2025-02-21,1740096000,6137.25,6142.5,6024.5,6029.75,1336787,0,1821723,1395223.0
206,-23,EP,EPH25,D1,2025-02-23,1740268800,6040.75,6052.5,6034.0,6050.25,17440,0,24236,1061134.0
207,-22,EP,EPH25,D1,2025-02-24,1740355200,6050.5,6067.5,5994.5,5999.25,1332696,0,1725291,1190417.0
208,-21,EP,EPH25,D1,2025-02-25,1740441600,5999.25,6016.0,5924.0,5985.5,1692119,0,2141446,1296991.0
209,-20,EP,EPH25,D1,2025-02-26,1740528000,5985.5,6023.75,5945.5,5978.5,1466435,0,1862222,1909653.0
210,-19,EP,EPH25,D1,2025-02-27,1740614400,5978.25,6014.5,5873.0,5887.5,1993990,0,2497425,2167031.0
211,-18,EP,EPH25,D1,2025-02-28,1740700800,5887.5,5971.0,5848.0,5958.0,2083645,0,2649427,2336358.0
212,-17,EP,EPH25,D1,2025-03-02,1740873600,5967.25,5984.5,5964.25,5974.5,18477,0,23285,1723379.0
213,-16,EP,EPH25,D1,2025-03-03,1740960000,5974.5,6000.5,5821.75,5870.5,2059479,0,2516535,1729749.0
214,-15,EP,EPH25,D1,2025-03-04,1741046400,5870.5,5884.0,5744.0,5834.0,2654487,0,3233482,1924434.0
215,-14,EP,EPH25,D1,2025-03-05,1741132800,5834.0,5869.5,5750.75,5844.5,1826814,0,2208789,2652935.0
216,-13,EP,EPH25,D1,2025-03-06,1741219200,5844.75,5850.0,5720.0,5764.5,2059356,0,2473276,2638516.0
217,-12,EP,EPH25,D1,2025-03-07,1741305600,5764.75,5791.0,5673.0,5771.75,1791605,0,2223111,2301725.0
218,-11,EP,EPH25,D1,2025-03-09,1741478400,5753.25,5756.25,5710.5,5732.0,47088,0,53430,1583272.0
219,-10,EP,EPH25,D1,2025-03-10,1741564800,5731.75,5757.75,5571.5,5602.0,1928966,0,2437105,1571215.0
220,-9,EP,EPH25,D1,2025-03-11,1741651200,5602.25,5651.75,5534.0,5593.5,2010272,0,2461295,1650610.0
221,-8,EP,EPH25,D1,2025-03-12,1741737600,5593.5,5675.0,5550.25,5620.5,1473499,0,1848431,2248944.0
222,-7,EP,EPH25,D1,2025-03-13,1741824000,5620.5,5623.0,5509.25,5552.75,1473996,0,1886142,2065289.0
223,-6,EP,EPH25,D1,2025-03-14,1741910400,5553.0,5648.75,5547.5,5628.75,1136514,0,1527696,1754090.0
224,-5,EP,EPH25,D1,2025-03-16,1742083200,5626.75,5632.0,5602.5,5608.5,22340,0,30079,1147972.0
225,-4,EP,EPH25,D1,2025-03-17,1742169600,5608.75,5707.5,5599.0,5679.75,571298,0,723026,760267.0
147,-80,EP,EPM25,D1,2025-03-18,1742256000,5731.75,5735.5,5650.75,5672.5,0,0,1184453,669690.0
148,-79,EP,EPM25,D1,2025-03-19,1742342400,5672.5,5770.5,5657.5,5747.75,0,0,1331926,1109298.0
149,-78,EP,EPM25,D1,2025-03-20,1742428800,5747.5,5765.25,5682.5,5714.75,0,0,1503542,1339974.0
150,-77,EP,EPM25,D1,2025-03-21,1742515200,5714.25,5723.75,5651.25,5720.0,0,0,1454908,1430125.0
151,-76,EP,EPM25,D1,2025-03-23,1742688000,5740.0,5754.5,5739.0,5752.5,23554,0,34273,997574.0
152,-75,EP,EPM25,D1,2025-03-24,1742774400,5752.5,5825.5,5750.75,5811.5,919408,0,1313475,934219.0
153,-74,EP,EPM25,D1,2025-03-25,1742860800,5811.75,5837.25,5802.25,5832.25,739588,0,1015524,787757.0
154,-73,EP,EPM25,D1,2025-03-26,1742947200,5832.5,5836.5,5730.0,5747.25,1046120,0,1435894,1254964.0
155,-72,EP,EPM25,D1,2025-03-27,1743033600,5747.0,5779.75,5720.0,5736.0,1133193,0,1488591,1313336.0
156,-71,EP,EPM25,D1,2025-03-28,1743120000,5736.0,5747.75,5602.25,5602.5,1306615,0,1814652,1579712.0
157,-70,EP,EPM25,D1,2025-03-30,1743292800,5590.0,5600.0,5580.25,5593.0,31986,0,44823,1116022.0
158,-69,EP,EPM25,D1,2025-03-31,1743379200,5592.75,5672.75,5533.75,5635.75,1481131,0,2080402,1313292.0
159,-68,EP,EPM25,D1,2025-04-01,1743465600,5635.5,5695.75,5600.25,5682.75,1313683,0,1802655,1309293.0
160,-67,EP,EPM25,D1,2025-04-02,1743552000,5682.75,5773.25,5481.0,5512.0,1512209,0,2071140,1984732.0
161,-66,EP,EPM25,D1,2025-04-03,1743638400,5512.25,5564.75,5407.5,5422.25,1647164,0,2271412,2048402.0
162,-65,EP,EPM25,D1,2025-04-04,1743724800,5422.5,5435.0,5074.0,5096.75,2525947,0,3398671,2580408.0
163,-64,EP,EPM25,D1,2025-04-06,1743897600,4981.0,4990.75,4832.0,4914.0,106922,0,162211,1944098.0
164,-63,EP,EPM25,D1,2025-04-07,1743984000,4914.0,5286.5,4842.5,5147.5,2680603,0,3367088,2309323.0
165,-62,EP,EPM25,D1,2025-04-08,1744070400,5147.0,5305.25,4927.25,4956.25,1867905,0,2347665,1958988.0
166,-61,EP,EPM25,D1,2025-04-09,1744156800,4956.5,5528.75,4871.75,5512.75,2199883,0,2846342,2853698.0
167,-60,EP,EPM25,D1,2025-04-10,1744243200,5512.5,5518.0,5146.75,5273.75,1909896,0,2379882,2524630.0
168,-59,EP,EPM25,D1,2025-04-11,1744329600,5273.25,5418.25,5206.0,5395.75,1305898,0,1640137,2288787.0
169,-58,EP,EPM25,D1,2025-04-13,1744502400,5452.5,5474.75,5410.0,5429.75,33652,0,41164,1353728.0
170,-57,EP,EPM25,D1,2025-04-14,1744588800,5430.0,5497.75,5391.0,5421.25,943161,0,1215832,965711.0
171,-56,EP,EPM25,D1,2025-04-15,1744675200,5421.5,5485.0,5375.0,5386.25,884692,0,1117214,791403.0
172,-55,EP,EPM25,D1,2025-04-16,1744761600,5386.25,5425.0,5251.0,5307.75,1145432,0,1481980,1271675.0
173,-54,EP,EPM25,D1,2025-04-17,1744848000,5307.75,5371.25,5285.5,5326.5,1013378,0,1275550,1291581.0
174,-53,EP,EPM25,D1,2025-04-20,1745107200,5283.75,5306.75,5279.0,5293.0,14466,25,18405,925312.0
175,-52,EP,EPM25,D1,2025-04-21,1745193600,5292.75,5303.25,5127.25,5205.25,841390,0,1137251,810402.0
176,-51,EP,EPM25,D1,2025-04-22,1745280000,5205.5,5424.0,5198.0,5412.5,1165420,0,1553363,903006.0
177,-50,EP,EPM25,D1,2025-04-23,1745366400,5412.75,5499.75,5378.0,5411.75,1301356,0,1696720,1462445.0
178,-49,EP,EPM25,D1,2025-04-24,1745452800,5412.0,5541.5,5355.25,5528.0,998687,0,1346320,1532134.0
179,-48,EP,EPM25,D1,2025-04-25,1745539200,5528.25,5562.25,5480.25,5552.5,968372,0,1250124,1431055.0
180,-47,EP,EPM25,D1,2025-04-27,1745712000,5546.0,5547.5,5527.0,5530.75,12003,25,14902,870449.0
181,-46,EP,EPM25,D1,2025-04-28,1745798400,5531.0,5578.75,5492.0,5555.25,860281,0,1128536,797854.0
182,-45,EP,EPM25,D1,2025-04-29,1745884800,5555.0,5597.25,5521.5,5571.0,886684,0,1164609,769349.0
183,-44,EP,EPM25,D1,2025-04-30,1745971200,5571.0,5639.25,5455.5,5634.5,1298057,0,1732175,1341773.0
184,-43,EP,EPM25,D1,2025-05-01,1746057600,5634.75,5682.5,5601.0,5612.0,961207,0,1290341,1395708.0
185,-42,EP,EPM25,D1,2025-05-02,1746144000,5612.0,5724.75,5605.5,5710.5,950807,0,1301859,1441458.0
186,-41,EP,EPM25,D1,2025-05-04,1746316800,5705.0,5705.25,5671.0,5678.25,15014,0,18399,870200.0
187,-40,EP,EPM25,D1,2025-05-05,1746403200,5678.25,5706.25,5655.25,5666.5,676934,0,941723,753994.0
188,-39,EP,EPM25,D1,2025-05-06,1746489600,5666.5,5689.75,5605.0,5671.5,915530,0,1289326,749816.0
189,-38,EP,EPM25,D1,2025-05-07,1746576000,5671.5,5681.5,5596.0,5646.0,975848,0,1286408,1172486.0
190,-37,EP,EPM25,D1,2025-05-08,1746662400,5646.0,5741.0,5641.25,5679.0,1000581,0,1354760,1310165.0
191,-36,EP,EPM25,D1,2025-05-09,1746748800,5679.25,5715.25,5662.5,5684.0,726286,0,972802,1204657.0
192,-35,EP,EPM25,D1,2025-05-11,1746921600,5761.0,5768.5,5734.25,5745.5,29045,0,39927,789163.0
193,-34,EP,EPM25,D1,2025-05-12,1747008000,5745.5,5876.25,5743.5,5856.75,1169914,0,1643368,885366.0
194,-33,EP,EPM25,D1,2025-05-13,1747094400,5856.75,5927.0,5835.75,5907.75,914590,0,1261291,981529.0
195,-32,EP,EPM25,D1,2025-05-14,1747180800,5907.5,5925.0,5890.0,5896.75,844537,0,1142875,1349178.0
196,-31,EP,EPM25,D1,2025-05-15,1747267200,5896.5,5944.5,5867.0,5936.5,900748,0,1219840,1208002.0
197,-30,EP,EPM25,D1,2025-05-16,1747353600,5936.25,5977.5,5923.0,5948.5,768642,0,1065815,1142843.0
198,-29,EP,EPM25,D1,2025-05-18,1747526400,5928.0,5948.0,5920.0,5940.5,18146,0,22941,769532.0
199,-28,EP,EPM25,D1,2025-05-19,1747612800,5940.75,5993.5,5892.75,5987.0,840590,0,1179521,756092.0
200,-27,EP,EPM25,D1,2025-05-20,1747699200,5987.0,5991.0,5926.75,5954.75,796220,0,1058488,753650.0
201,-26,EP,EPM25,D1,2025-05-21,1747785600,5954.75,5958.25,5847.75,5860.5,1112879,0,1468238,1235416.0
202,-25,EP,EPM25,D1,2025-05-22,1747872000,5860.75,5895.0,5828.75,5859.5,975745,0,1308696,1278474.0
203,-24,EP,EPM25,D1,2025-05-23,1747958400,5859.75,5871.5,5756.5,5814.75,1090588,0,1448163,1408366.0
204,-23,EP,EPM25,D1,2025-05-25,1748131200,5820.25,5876.75,5813.0,5865.5,24166,0,29690,928850.0
205,-22,EP,EPM25,D1,2025-05-26,1748217600,5865.25,5895.0,5861.5,5879.0,95088,0,119936,532596.0
206,-21,EP,EPM25,D1,2025-05-27,1748304000,5879.0,5941.75,5862.5,5937.5,781820,0,1085613,411746.0
207,-20,EP,EPM25,D1,2025-05-28,1748390400,5937.25,5997.5,5890.0,5992.0,895606,0,1185217,796922.0
208,-19,EP,EPM25,D1,2025-05-29,1748476800,5991.75,6008.0,5884.0,5904.5,1001315,0,1314102,1194977.0
209,-18,EP,EPM25,D1,2025-05-30,1748563200,5904.5,5932.75,5853.25,5913.75,1132535,0,1534041,1344453.0
210,-17,EP,EPM25,D1,2025-06-01,1748736000,5898.75,5909.25,5893.25,5898.75,12222,0,15858,954667.0
211,-16,EP,EPM25,D1,2025-06-02,1748822400,5898.5,5955.5,5867.5,5935.0,849778,0,1149238,899712.0
212,-15,EP,EPM25,D1,2025-06-03,1748908800,5935.25,5991.25,5909.25,5983.5,776569,0,1101701,755599.0
213,-14,EP,EPM25,D1,2025-06-04,1748995200,5983.5,5999.0,5972.25,5974.25,774631,0,1047403,1099447.0
214,-13,EP,EPM25,D1,2025-06-05,1749081600,5974.25,6016.5,5928.75,5946.75,1147342,0,1518436,1222513.0
215,-12,EP,EPM25,D1,2025-06-06,1749168000,5946.75,6025.0,5946.75,6010.0,883073,0,1197554,1254464.0
216,-11,EP,EPM25,D1,2025-06-08,1749340800,6011.0,6015.75,5995.0,6003.25,12734,0,14470,910153.0
217,-10,EP,EPM25,D1,2025-06-09,1749427200,6003.0,6027.75,5992.25,6013.5,583506,0,821376,677800.0
218,-9,EP,EPM25,D1,2025-06-10,1749513600,6013.5,6052.25,5991.25,6041.0,752378,0,1012937,616261.0
219,-8,EP,EPM25,D1,2025-06-11,1749600000,6041.25,6074.75,6006.25,6018.5,1090665,0,1467088,1100467.0
220,-7,EP,EPM25,D1,2025-06-12,1749686400,6018.75,6051.25,5987.75,6015.25,855710,0,1143740,1207922.0
221,-6,EP,EPM25,D1,2025-06-13,1749772800,6015.5,6029.75,5927.5,5978.25,1208518,0,1499282,1370037.0
222,-5,EP,EPM25,D1,2025-06-15,1749945600,5948.75,5990.5,5944.0,5988.25,20969,0,23580,888867.0
223,-4,EP,EPM25,D1,2025-06-16,1750032000,5988.0,6055.25,5982.75,5999.75,421563,0,537330,686731.0
146,-81,EP,EPU25,D1,2025-06-17,1750118400,6053.0,6081.25,6017.75,6024.75,881895,0,1148770,646229.0
147,-80,EP,EPU25,D1,2025-06-18,1750204800,6024.5,6073.75,6024.5,6033.75,845006,0,1103374,1008919.0
148,-79,EP,EPU25,D1,2025-06-19,1750291200,6033.75,6034.75,5969.5,6017.25,200286,0,241288,831144.0
149,-78,EP,EPU25,D1,2025-06-20,1750377600,6017.0,6071.0,6003.25,6025.0,950941,0,1279537,874733.0
150,-77,EP,EPU25,D1,2025-06-22,1750550400,5964.0,6007.75,5959.0,5999.25,30455,0,42575,521133.0
151,-76,EP,EPU25,D1,2025-06-23,1750636800,5999.0,6113.0,5989.0,6108.75,990909,0,1292838,871650.0
152,-75,EP,EPU25,D1,2025-06-24,1750723200,6108.75,6155.25,6099.25,6146.25,708216,0,973889,769767.0
153,-74,EP,EPU25,D1,2025-06-25,1750809600,6146.25,6160.25,6130.75,6146.5,626295,0,858435,1041721.0
154,-73,EP,EPU25,D1,2025-06-26,1750896000,6146.75,6205.25,6144.5,6196.75,672046,0,964319,932214.0
155,-72,EP,EPU25,D1,2025-06-27,1750982400,6196.75,6239.0,6183.25,6220.75,904385,0,1252423,1025059.0
156,-71,EP,EPU25,D1,2025-06-29,1751155200,6223.25,6245.0,6223.25,6238.0,19191,0,24665,747136.0
157,-70,EP,EPU25,D1,2025-06-30,1751241600,6238.0,6265.5,6224.25,6250.0,862314,0,1238685,838591.0
158,-69,EP,EPU25,D1,2025-07-01,1751328000,6250.25,6261.5,6227.25,6252.0,928499,0,1261305,841552.0
159,-68,EP,EPU25,D1,2025-07-02,1751414400,6252.0,6279.5,6235.5,6277.5,694326,0,982912,1160967.0
160,-67,EP,EPU25,D1,2025-07-03,1751500800,6277.5,6333.25,6270.5,6315.25,463580,0,681980,975399.0
161,-66,EP,EPU25,D1,2025-07-04,1751587200,6315.25,6318.5,6276.5,6283.5,90150,0,113124,592672.0
162,-65,EP,EPU25,D1,2025-07-06,1751760000,6306.0,6313.0,6295.5,6301.25,15234,0,17663,270922.0
163,-64,EP,EPU25,D1,2025-07-07,1751846400,6301.25,6315.0,6246.25,6268.25,892041,0,1189727,440171.0
164,-63,EP,EPU25,D1,2025-07-08,1751932800,6268.25,6289.0,6262.5,6270.25,769368,0,1023126,743505.0
165,-62,EP,EPU25,D1,2025-07-09,1752019200,6270.0,6315.25,6260.0,6303.5,792479,0,1093808,1102220.0
166,-61,EP,EPU25,D1,2025-07-10,1752105600,6303.25,6335.5,6287.5,6329.75,632536,0,888025,1001653.0
167,-60,EP,EPU25,D1,2025-07-11,1752192000,6329.75,6329.75,6276.75,6294.0,779134,0,1040067,1007300.0
168,-59,EP,EPU25,D1,2025-07-13,1752364800,6273.5,6280.5,6263.0,6275.75,21049,0,26748,651613.0
169,-58,EP,EPU25,D1,2025-07-14,1752451200,6275.75,6315.0,6259.75,6304.0,625301,0,859178,641998.0
170,-57,EP,EPU25,D1,2025-07-15,1752537600,6304.0,6343.0,6264.25,6272.5,910975,0,1237585,707837.0
171,-56,EP,EPU25,D1,2025-07-16,1752624000,6272.5,6308.75,6241.0,6293.0,1044594,0,1404723,1167162.0
172,-55,EP,EPU25,D1,2025-07-17,1752710400,6293.25,6350.75,6288.25,6349.25,677659,0,981578,1207962.0
173,-54,EP,EPU25,D1,2025-07-18,1752796800,6349.25,6357.0,6323.25,6335.25,711914,0,967614,1117972.0
174,-53,EP,EPU25,D1,2025-07-20,1752969600,6334.0,6343.0,6329.75,6342.75,8436,0,10714,653302.0
175,-52,EP,EPU25,D1,2025-07-21,1753056000,6342.75,6374.0,6338.75,6348.0,601636,0,887966,622098.0
176,-51,EP,EPU25,D1,2025-07-22,1753142400,6348.0,6364.25,6318.75,6362.5,792562,0,1105606,668095.0
177,-50,EP,EPU25,D1,2025-07-23,1753228800,6362.5,6407.25,6349.0,6404.0,822463,0,1139577,1044383.0
178,-49,EP,EPU25,D1,2025-07-24,1753315200,6403.75,6418.25,6391.5,6411.25,733346,0,1020305,1088496.0
179,-48,EP,EPU25,D1,2025-07-25,1753401600,6411.5,6431.0,6401.0,6428.25,540427,0,764704,974862.0
180,-47,EP,EPU25,D1,2025-07-27,1753574400,6447.0,6455.0,6442.75,6447.75,16562,0,20423,601811.0
181,-46,EP,EPU25,D1,2025-07-28,1753660800,6447.75,6457.75,6408.75,6428.0,636945,0,899973,561700.0
182,-45,EP,EPU25,D1,2025-07-29,1753747200,6428.0,6442.5,6396.25,6407.75,780633,0,1075993,665463.0
183,-44,EP,EPU25,D1,2025-07-30,1753833600,6407.75,6446.75,6366.75,6442.5,932212,0,1247137,1074368.0
184,-43,EP,EPU25,D1,2025-07-31,1753920000,6442.25,6468.5,6350.25,6362.25,1292049,0,1756815,1359982.0
185,-42,EP,EPU25,D1,2025-08-01,1754006400,6362.25,6372.5,6239.5,6263.25,1662155,0,2175968,1726640.0
186,-41,EP,EPU25,D1,2025-08-03,1754179200,6257.0,6272.5,6251.25,6271.25,21389,0,25368,1319384.0
187,-40,EP,EPU25,D1,2025-08-04,1754265600,6271.25,6371.75,6269.75,6364.0,858625,0,1211392,1137576.0
188,-39,EP,EPU25,D1,2025-08-05,1754352000,6364.0,6377.5,6313.25,6316.75,1025304,0,1361706,866155.0
189,-38,EP,EPU25,D1,2025-08-06,1754438400,6316.5,6387.5,6316.0,6380.5,851656,0,1171110,1248069.0
190,-37,EP,EPU25,D1,2025-08-07,1754524800,6380.25,6426.75,6334.5,6377.25,1050331,0,1383637,1305484.0
191,-36,EP,EPU25,D1,2025-08-08,1754611200,6377.25,6425.75,6369.25,6425.25,811519,0,1122499,1225749.0
192,-35,EP,EPU25,D1,2025-08-10,1754784000,6422.75,6425.5,6413.0,6414.75,11112,25,14281,840139.0
193,-34,EP,EPU25,D1,2025-08-11,1754870400,6414.75,6431.5,6387.5,6398.75,756751,0,1026802,721194.0
194,-33,EP,EPU25,D1,2025-08-12,1754956800,6398.75,6474.75,6391.25,6471.25,883494,0,1224637,755240.0
195,-32,EP,EPU25,D1,2025-08-13,1755043200,6471.25,6502.5,6461.0,6487.25,742206,0,1051507,1100982.0
196,-31,EP,EPU25,D1,2025-08-14,1755129600,6487.5,6496.0,6453.25,6490.5,831661,0,1141106,1139083.0
197,-30,EP,EPU25,D1,2025-08-15,1755216000,6490.75,6508.75,6461.5,6467.25,767610,0,1045120,1079244.0
198,-29,EP,EPU25,D1,2025-08-17,1755388800,6467.0,6482.75,6466.25,6480.5,8249,0,10258,732161.0
199,-28,EP,EPU25,D1,2025-08-18,1755475200,6480.5,6484.25,6456.0,6471.5,592920,0,824753,626710.0
200,-27,EP,EPU25,D1,2025-08-19,1755561600,6471.5,6476.25,6419.25,6427.25,831436,0,1171308,668773.0
201,-26,EP,EPU25,D1,2025-08-20,1755648000,6427.5,6430.75,6362.75,6411.0,1127862,0,1523694,1173252.0
202,-25,EP,EPU25,D1,2025-08-21,1755734400,6411.0,6419.0,6370.25,6398.25,890724,0,1153260,1282754.0
203,-24,EP,EPU25,D1,2025-08-22,1755820800,6398.0,6496.25,6364.0,6484.75,999672,0,1340442,1339132.0
204,-23,EP,EPU25,D1,2025-08-24,1755993600,6493.0,6493.0,6479.0,6483.25,9531,0,11124,834942.0
205,-22,EP,EPU25,D1,2025-08-25,1756080000,6483.25,6487.25,6453.0,6459.75,624734,0,895993,749186.0
206,-21,EP,EPU25,D1,2025-08-26,1756166400,6459.75,6488.75,6430.75,6486.5,716704,0,1043506,650208.0
207,-20,EP,EPU25,D1,2025-08-27,1756252800,6486.5,6505.5,6459.25,6475.75,647254,0,920363,953287.0
208,-19,EP,EPU25,D1,2025-08-28,1756339200,6475.75,6523.0,6471.0,6514.0,761769,0,1094208,1019359.0
209,-18,EP,EPU25,D1,2025-08-29,1756425600,6514.0,6516.75,6455.5,6474.0,877412,0,1263617,1092729.0
210,-17,EP,EPU25,D1,2025-08-31,1756598400,6478.75,6489.75,6474.25,6488.25,7857,0,9813,789213.0
211,-16,EP,EPU25,D1,2025-09-01,1756684800,6488.5,6491.5,6459.5,6469.75,96373,0,118937,464122.0
212,-15,EP,EPU25,D1,2025-09-02,1756771200,6470.0,6476.25,6371.75,6435.0,1160845,0,1620194,582981.0
213,-14,EP,EPU25,D1,2025-09-03,1756857600,6434.75,6464.25,6425.5,6455.75,967686,0,1377840,1038990.0
214,-13,EP,EPU25,D1,2025-09-04,1756944000,6455.75,6518.0,6454.5,6515.75,745273,0,1116490,1371508.0
215,-12,EP,EPU25,D1,2025-09-05,1757030400,6515.75,6541.75,6452.0,6488.75,1230059,0,1626128,1373486.0
216,-11,EP,EPU25,D1,2025-09-07,1757203200,6484.75,6506.0,6480.25,6505.0,17049,0,21502,921373.0
217,-10,EP,EPU25,D1,2025-09-08,1757289600,6505.0,6516.5,6490.25,6509.75,769408,0,1095094,914241.0
218,-9,EP,EPU25,D1,2025-09-09,1757376000,6509.75,6537.25,6489.25,6529.75,775163,0,1117857,744818.0
219,-8,EP,EPU25,D1,2025-09-10,1757462400,6529.75,6565.25,6522.5,6545.5,911601,0,1282524,1165158.0
220,-7,EP,EPU25,D1,2025-09-11,1757548800,6545.25,6600.0,6535.5,6592.75,781066,0,1131026,1177136.0
221,-6,EP,EPU25,D1,2025-09-12,1757635200,6592.75,6606.0,6576.0,6588.5,588231,0,938369,1117306.0
222,-5,EP,EPU25,D1,2025-09-14,1757808000,6589.5,6592.5,6586.25,6588.0,3740,0,4347,691247.0
223,-4,EP,EPU25,D1,2025-09-15,1757894400,6588.25,6623.5,6585.25,6620.25,314957,0,431640,458119.0
147,-81,EP,EPZ25,D1,2025-09-16,1757980800,6677.75,6696.75,6661.25,6672.25,0,0,962555,555632.0
148,-80,EP,EPZ25,D1,2025-09-17,1758067200,6672.25,6686.5,6611.0,6683.25,0,0,1412453,1025443.0
149,-79,EP,EPZ25,D1,2025-09-18,1758153600,6683.25,6719.75,6670.25,6703.0,0,0,1318256,1231088.0
150,-78,EP,EPZ25,D1,2025-09-19,1758240000,6703.25,6731.5,6679.5,6719.75,0,0,1208274,1312994.0
151,-77,EP,EPZ25,D1,2025-09-21,1758412800,6716.0,6721.25,6712.25,6714.75,0,0,9365,845298.0
152,-76,EP,EPZ25,D1,2025-09-22,1758499200,6714.75,6756.75,6695.25,6751.0,0,0,1015814,744484.0
153,-75,EP,EPZ25,D1,2025-09-23,1758585600,6751.0,6756.5,6701.75,6717.75,0,0,1209511,744897.0
154,-74,EP,EPZ25,D1,2025-09-24,1758672000,6717.75,6728.75,6678.0,6698.5,0,0,1186879,1137401.0
155,-73,EP,EPZ25,D1,2025-09-25,1758758400,6698.25,6705.25,6624.25,6659.0,0,0,1638904,1345098.0
156,-72,EP,EPZ25,D1,2025-09-26,1758844800,6658.75,6703.75,6653.25,6697.75,0,0,1263922,1363235.0
157,-71,EP,EPZ25,D1,2025-09-28,1759017600,6697.0,6707.5,6696.75,6705.75,0,0,11334,971387.0
158,-70,EP,EPZ25,D1,2025-09-29,1759104000,6705.75,6736.0,6696.25,6711.25,0,0,1136394,803883.0
159,-69,EP,EPZ25,D1,2025-09-30,1759190400,6711.25,6743.5,6693.0,6723.5,0,0,1435330,861019.0
160,-68,EP,EPZ25,D1,2025-10-01,1759276800,6723.5,6769.5,6680.0,6759.5,0,0,1243185,1271636.0
161,-67,EP,EPZ25,D1,2025-10-02,1759363200,6759.75,6782.25,6741.5,6769.25,0,0,1133056,1270524.0
162,-66,EP,EPZ25,D1,2025-10-03,1759449600,6769.25,6800.0,6754.0,6763.0,0,0,1301087,1225776.0
163,-65,EP,EPZ25,D1,2025-10-05,1759622400,6768.0,6783.5,6767.0,6778.5,0,0,14964,816369.0
164,-64,EP,EPZ25,D1,2025-10-06,1759708800,6778.5,6797.75,6766.5,6778.5,0,0,1040364,785472.0
165,-63,EP,EPZ25,D1,2025-10-07,1759795200,6778.25,6802.75,6747.25,6759.5,0,0,1369805,808378.0
166,-62,EP,EPZ25,D1,2025-10-08,1759881600,6759.25,6812.25,6758.25,6809.0,0,0,1000420,1136863.0
167,-61,EP,EPZ25,D1,2025-10-09,1759968000,6808.75,6809.5,6760.75,6789.25,0,0,1315031,1228419.0
168,-60,EP,EPZ25,D1,2025-10-10,1760054400,6789.25,6806.5,6540.25,6552.0,0,0,2446126,1587192.0
169,-59,EP,EPZ25,D1,2025-10-12,1760227200,6632.0,6675.25,6632.0,6668.25,0,0,80440,1280532.0
170,-58,EP,EPZ25,D1,2025-10-13,1760313600,6668.25,6711.5,6653.25,6691.25,0,0,1650597,1392388.0
171,-57,EP,EPZ25,D1,2025-10-14,1760400000,6691.25,6722.5,6593.25,6689.0,0,0,2092977,1274671.0
172,-56,EP,EPZ25,D1,2025-10-15,1760486400,6689.0,6766.75,6651.5,6715.0,0,0,1941717,1895097.0
173,-55,EP,EPZ25,D1,2025-10-16,1760572800,6714.75,6750.5,6632.0,6651.25,0,0,2165253,2066649.0
174,-54,EP,EPZ25,D1,2025-10-17,1760659200,6651.25,6718.0,6571.25,6711.0,0,0,1980044,2029005.0
175,-53,EP,EPZ25,D1,2025-10-19,1760832000,6721.0,6726.0,6701.5,6705.75,0,0,20492,1388596.0
176,-52,EP,EPZ25,D1,2025-10-20,1760918400,6705.5,6783.0,6694.0,6778.0,0,0,1132226,1044254.0
177,-51,EP,EPZ25,D1,2025-10-21,1761004800,6778.0,6789.75,6759.25,6769.75,0,0,1248364,800361.0
178,-50,EP,EPZ25,D1,2025-10-22,1761091200,6769.75,6788.75,6690.75,6727.0,0,0,1844839,1408476.0
179,-49,EP,EPZ25,D1,2025-10-23,1761177600,6727.0,6785.75,6717.5,6780.75,0,0,1311915,1468373.0
180,-48,EP,EPZ25,D1,2025-10-24,1761264000,6781.0,6841.25,6776.75,6825.25,0,0,1195487,1450747.0
181,-47,EP,EPZ25,D1,2025-10-26,1761436800,6881.0,6890.0,6865.75,6870.75,26528,25,34534,847312.0
182,-46,EP,EPZ25,D1,2025-10-27,1761523200,6870.75,6917.75,6867.5,6911.0,742357,0,1110653,780225.0
183,-45,EP,EPZ25,D1,2025-10-28,1761609600,6910.75,6944.75,6901.5,6927.75,831218,0,1156296,767161.0
184,-44,EP,EPZ25,D1,2025-10-29,1761696000,6928.0,6952.0,6882.25,6922.25,1125133,0,1476287,1247745.0
185,-43,EP,EPZ25,D1,2025-10-30,1761782400,6922.5,6953.75,6851.0,6898.5,1326442,0,1758751,1463778.0
186,-42,EP,EPZ25,D1,2025-10-31,1761868800,6898.75,6918.5,6843.5,6872.25,1214548,0,1668468,1634502.0
187,-41,EP,EPZ25,D1,2025-11-02,1762041600,6878.0,6895.0,6876.75,6892.5,10121,0,13253,1146824.0
188,-40,EP,EPZ25,D1,2025-11-03,1762128000,6892.5,6909.5,6849.5,6876.25,983845,0,1293705,991809.0
189,-39,EP,EPZ25,D1,2025-11-04,1762214400,6876.25,6876.25,6786.25,6793.25,1279860,0,1631373,979444.0
190,-38,EP,EPZ25,D1,2025-11-05,1762300800,6793.5,6857.75,6748.5,6834.75,1037889,0,1400526,1441868.0
191,-37,EP,EPZ25,D1,2025-11-06,1762387200,6834.75,6843.5,6733.5,6765.0,1390891,0,1771498,1601132.0
192,-36,EP,EPZ25,D1,2025-11-07,1762473600,6765.0,6772.0,6655.5,6765.0,1579550,0,2030006,1734010.0
193,-35,EP,EPZ25,D1,2025-11-09,1762646400,6788.0,6795.5,6778.25,6785.25,14616,25,19015,1273506.0
194,-34,EP,EPZ25,D1,2025-11-10,1762732800,6785.0,6865.75,6772.0,6862.25,1072225,0,1513466,1187496.0
195,-33,EP,EPZ25,D1,2025-11-11,1762819200,6862.25,6880.0,6830.5,6871.25,966666,0,1302786,945089.0
196,-32,EP,EPZ25,D1,2025-11-12,1762905600,6871.5,6900.5,6851.25,6858.25,1049053,0,1354622,1390291.0
197,-31,EP,EPZ25,D1,2025-11-13,1762992000,6858.5,6892.5,6746.0,6767.0,1572488,0,1994998,1550802.0
198,-30,EP,EPZ25,D1,2025-11-14,1763078400,6766.75,6795.5,6670.5,6765.25,1603650,0,2015435,1788352.0
199,-29,EP,EPZ25,D1,2025-11-16,1763251200,6764.75,6770.5,6740.5,6766.75,14977,0,17691,1342708.0
200,-28,EP,EPZ25,D1,2025-11-17,1763337600,6766.5,6801.5,6658.5,6701.5,1426405,0,1815781,1282969.0
201,-27,EP,EPZ25,D1,2025-11-18,1763424000,6701.5,6708.75,6594.0,6641.75,2021069,0,2457749,1430407.0
202,-26,EP,EPZ25,D1,2025-11-19,1763510400,6641.75,6732.75,6613.25,6732.0,1622755,0,1987450,2086993.0
203,-25,EP,EPZ25,D1,2025-11-20,1763596800,6731.75,6791.25,6539.25,6566.0,2382882,0,2886364,2443854.0
204,-24,EP,EPZ25,D1,2025-11-21,1763683200,6565.75,6677.5,6525.0,6631.5,2041778,0,2456831,2443548.0
205,-23,EP,EPZ25,D1,2025-11-23,1763856000,6654.75,6666.5,6650.0,6653.25,12265,0,15534,1786243.0
206,-22,EP,EPZ25,D1,2025-11-24,1763942400,6653.25,6731.75,6625.0,6722.25,1225843,0,1549498,1340621.0
207,-21,EP,EPZ25,D1,2025-11-25,1764028800,6722.0,6792.5,6674.5,6783.25,1256368,0,1567521,1044184.0
208,-20,EP,EPZ25,D1,2025-11-26,1764115200,6783.75,6846.75,6780.25,6829.25,1070672,0,1380098,1499039.0
209,-19,EP,EPZ25,D1,2025-11-27,1764201600,6829.25,6836.75,6824.25,6836.5,69968,0,82668,1010096.0
210,-18,EP,EPZ25,D1,2025-11-28,1764288000,6836.5,6863.75,6831.25,6857.25,214709,0,315583,592783.0
211,-17,EP,EPZ25,D1,2025-11-30,1764460800,6854.75,6864.5,6848.5,6853.0,11093,0,15186,137812.0
212,-16,EP,EPZ25,D1,2025-12-01,1764547200,6853.0,6855.75,6802.0,6825.0,1079654,0,1401012,577260.0
213,-15,EP,EPZ25,D1,2025-12-02,1764633600,6825.0,6863.5,6812.25,6845.75,1087537,0,1390237,935478.0
214,-14,EP,EPZ25,D1,2025-12-03,1764720000,6846.0,6873.25,6817.5,6863.5,931733,0,1247344,1346198.0
215,-13,EP,EPZ25,D1,2025-12-04,1764806400,6863.5,6880.75,6836.25,6863.75,946022,0,1267670,1301750.0
216,-12,EP,EPZ25,D1,2025-12-05,1764892800,6863.5,6905.0,6856.75,6879.5,925289,0,1248937,1254650.0
217,-11,EP,EPZ25,D1,2025-12-07,1765065600,6883.0,6886.25,6877.25,6881.0,5426,25,6434,841014.0
218,-10,EP,EPZ25,D1,2025-12-08,1765152000,6881.25,6893.75,6835.25,6868.5,835855,0,1152039,802470.0
219,-9,EP,EPZ25,D1,2025-12-09,1765238400,6868.25,6872.75,6844.0,6846.5,693961,0,924021,694165.0
220,-8,EP,EPZ25,D1,2025-12-10,1765324800,6846.5,6908.0,6830.75,6882.75,994875,0,1344823,1140294.0
221,-7,EP,EPZ25,D1,2025-12-11,1765411200,6882.75,6928.75,6817.5,6904.0,1136064,0,1514171,1261005.0
222,-6,EP,EPZ25,D1,2025-12-12,1765497600,6904.0,6913.5,6805.0,6833.5,1373160,0,1798185,1552393.0
223,-5,EP,EPZ25,D1,2025-12-14,1765670400,6831.0,6838.0,6818.75,6833.0,6201,0,7610,1106655.0
224,-4,EP,EPZ25,D1,2025-12-15,1765756800,6833.0,6872.5,6806.25,6817.5,473999,0,585164,796986.0
144,-9,EP,EPH26,D1,2025-12-16,1765843200,6875.25,6892.0,6817.5,6845.25,1296210,0,1668887,883344.0
145,-8,EP,EPH26,D1,2025-12-17,1765929600,6845.25,6882.5,6775.5,6782.25,1207735,0,1586416,1409966.0
146,-7,EP,EPH26,D1,2025-12-18,1766016000,6782.5,6872.0,6771.5,6829.75,1449065,0,1965778,1740360.0
147,-6,EP,EPH26,D1,2025-12-19,1766102400,6830.0,6895.25,6820.5,6893.5,882619,0,1249695,1600630.0
148,-5,EP,EPH26,D1,2025-12-21,1766275200,6906.25,6910.0,6900.75,6906.0,7337,25,9602,1075025.0
149,-4,EP,EPH26,D1,2025-12-22,1766361600,6906.25,6936.25,6900.5,6930.75,650577,0,927836,729044.0
150,-3,EP,EPH26,D1,2025-12-23,1766448000,6931.0,6963.75,6913.25,6957.0,564398,0,821071,586170.0
151,-2,EP,EPH26,D1,2025-12-24,1766534400,6957.25,6988.0,6952.5,6980.0,283481,0,417633,722180.0
152,-1,EP,EPH26,D1,2025-12-25,1766620800,6979.5,6990.0,6979.5,6984.75,4585,25,5497,414734.0
153,0,EP,EPH26,D1,2025-12-26,1766707200,6984.5,6994.0,6969.0,6977.0,422578,0,585336,336155.0
