a,z,ticker,symbol,tf,datetime,time,open,high,low,close,tick_volume,spread,real_volume,mean_volume
1,-84,FGBX,FGBXZ6,D1,2016-08-05,1470355200,192.04,192.04,192.04,192.04,1,0,1,1.0
1,-127,FGBX,FGBXH7,D1,2016-08-08,1470614400,191.14,191.14,191.14,191.14,1,0,2555904,2555904.0
3,-82,FGBX,FGBXZ6,D1,2016-08-17,1471392000,190.0,191.12,190.0,191.12,7,0,12,851972.0
4,-81,FGBX,FGBXZ6,D1,2016-08-18,1471478400,192.32,193.56,192.2,193.56,28,0,10,851975.0
5,-80,FGBX,FGBXZ6,D1,2016-08-19,1471564800,192.5,192.5,191.1,191.1,7,0,36,19.0
6,-79,FGBX,FGBXZ6,D1,2016-08-22,1471824000,191.76,192.8,191.76,192.74,21,0,34,27.0
7,-78,FGBX,FGBXZ6,D1,2016-08-23,1471910400,193.04,193.52,192.7,193.28,12,0,18,29.0
8,-77,FGBX,FGBXZ6,D1,2016-08-24,1471996800,193.32,193.36,192.34,192.68,15,0,38,30.0
9,-76,FGBX,FGBXZ6,D1,2016-08-25,1472083200,192.22,192.66,190.88,191.88,14,0,28,28.0
10,-75,FGBX,FGBXZ6,D1,2016-08-26,1472169600,191.58,192.5,189.92,189.92,24,0,32,33.0
11,-74,FGBX,FGBXZ6,D1,2016-08-29,1472428800,190.16,191.92,190.06,191.9,28,0,69,43.0
12,-73,FGBX,FGBXZ6,D1,2016-08-30,1472515200,190.98,192.9,190.98,192.4,75,0,166,89.0
13,-72,FGBX,FGBXZ6,D1,2016-08-31,1472601600,192.34,192.56,190.98,190.98,225,0,481,239.0
14,-71,FGBX,FGBXZ6,D1,2016-09-01,1472688000,190.86,190.86,189.32,190.38,919,0,1640,762.0
2,-126,FGBX,FGBXH7,D1,2016-09-02,1472774400,187.3,189.3,186.4,186.4,4,0,4,1277954.0
3,-125,FGBX,FGBXH7,D1,2016-09-05,1473033600,188.5,188.66,188.5,188.66,2,0,2,851970.0
17,-68,FGBX,FGBXZ6,D1,2016-09-06,1473120000,188.8,191.82,188.56,191.14,5910,0,12056,5810.0
18,-67,FGBX,FGBXZ6,D1,2016-09-07,1473206400,191.4,193.76,191.4,192.98,8034,0,34300,16172.0
19,-66,FGBX,FGBXZ6,D1,2016-09-08,1473292800,192.92,193.26,188.76,189.28,12448,0,51782,32713.0
20,-65,FGBX,FGBXZ6,D1,2016-09-09,1473379200,189.32,189.36,185.12,185.14,11134,0,55428,47170.0
21,-64,FGBX,FGBXZ6,D1,2016-09-12,1473638400,185.3,186.34,184.26,185.14,10691,0,36014,47741.0
22,-63,FGBX,FGBXZ6,D1,2016-09-13,1473724800,185.52,187.24,182.82,184.0,10716,0,34759,42067.0
23,-62,FGBX,FGBXZ6,D1,2016-09-14,1473811200,183.82,185.94,183.32,185.28,9657,0,37430,36068.0
24,-61,FGBX,FGBXZ6,D1,2016-09-15,1473897600,184.86,185.62,183.22,184.42,9078,0,30158,34116.0
25,-60,FGBX,FGBXZ6,D1,2016-09-16,1473984000,184.8,186.36,184.28,185.22,9129,0,31262,32950.0
26,-59,FGBX,FGBXZ6,D1,2016-09-19,1474243200,185.06,185.38,183.96,185.0,7634,0,29660,30360.0
27,-58,FGBX,FGBXZ6,D1,2016-09-20,1474329600,185.16,187.68,184.9,187.02,7187,0,35640,32187.0
28,-57,FGBX,FGBXZ6,D1,2016-09-21,1474416000,186.24,188.6,185.86,188.44,9356,0,36588,33963.0
29,-56,FGBX,FGBXZ6,D1,2016-09-22,1474502400,188.56,191.42,188.44,190.92,8601,0,38170,36799.0
30,-55,FGBX,FGBXZ6,D1,2016-09-23,1474588800,190.86,191.76,190.46,191.06,6191,0,24267,33008.0
31,-54,FGBX,FGBXZ6,D1,2016-09-26,1474848000,190.92,192.56,190.84,192.38,7209,0,30161,30866.0
32,-53,FGBX,FGBXZ6,D1,2016-09-27,1474934400,191.98,193.9,191.62,193.26,9134,0,44760,33063.0
33,-52,FGBX,FGBXZ6,D1,2016-09-28,1475020800,193.0,193.8,192.14,192.58,8350,0,43970,39630.0
34,-51,FGBX,FGBXZ6,D1,2016-09-29,1475107200,192.12,193.36,191.72,192.84,7378,0,26765,38498.0
35,-50,FGBX,FGBXZ6,D1,2016-09-30,1475193600,193.4,194.58,191.46,192.38,10518,0,53195,41310.0
36,-49,FGBX,FGBXZ6,D1,2016-10-03,1475452800,192.24,192.8,190.32,190.76,7382,0,25225,35062.0
37,-48,FGBX,FGBXZ6,D1,2016-10-04,1475539200,190.36,191.7,188.34,188.58,10897,0,48039,42153.0
38,-47,FGBX,FGBXZ6,D1,2016-10-05,1475625600,188.48,189.18,186.12,186.82,10264,0,47881,40382.0
39,-46,FGBX,FGBXZ6,D1,2016-10-06,1475712000,186.78,188.3,185.4,185.58,10780,0,60787,52236.0
40,-45,FGBX,FGBXZ6,D1,2016-10-07,1475798400,185.92,186.02,184.14,185.26,11178,0,42594,50421.0
41,-44,FGBX,FGBXZ6,D1,2016-10-10,1476057600,185.12,185.56,182.8,183.36,7509,0,33293,45558.0
42,-43,FGBX,FGBXZ6,D1,2016-10-11,1476144000,183.4,184.98,183.16,184.44,8771,0,46914,40934.0
43,-42,FGBX,FGBXZ6,D1,2016-10-12,1476230400,184.0,184.78,182.12,182.94,8040,0,30948,37052.0
44,-41,FGBX,FGBXZ6,D1,2016-10-13,1476316800,183.78,185.6,183.22,185.06,8796,0,40213,39358.0
45,-40,FGBX,FGBXZ6,D1,2016-10-14,1476403200,184.46,184.86,182.54,182.74,9859,0,40552,37238.0
46,-39,FGBX,FGBXZ6,D1,2016-10-17,1476662400,183.14,183.68,181.42,183.46,8384,0,34958,38574.0
47,-38,FGBX,FGBXZ6,D1,2016-10-18,1476748800,183.12,184.5,182.62,184.38,7140,0,32503,36004.0
48,-37,FGBX,FGBXZ6,D1,2016-10-19,1476835200,184.36,185.34,184.2,184.62,6824,0,38369,35277.0
49,-36,FGBX,FGBXZ6,D1,2016-10-20,1476921600,184.44,186.84,183.16,186.76,10879,0,53032,41301.0
50,-35,FGBX,FGBXZ6,D1,2016-10-21,1477008000,186.9,187.22,185.78,186.5,7047,0,30001,40467.0
51,-34,FGBX,FGBXZ6,D1,2016-10-24,1477267200,186.58,187.22,184.4,184.96,7761,0,35987,39673.0
52,-33,FGBX,FGBXZ6,D1,2016-10-25,1477353600,184.98,185.44,184.06,184.74,7185,0,45250,37079.0
53,-32,FGBX,FGBXZ6,D1,2016-10-26,1477440000,185.06,185.52,181.5,182.2,10077,0,51785,44341.0
54,-31,FGBX,FGBXZ6,D1,2016-10-27,1477526400,182.0,182.4,177.58,178.84,10860,0,65501,54179.0
55,-30,FGBX,FGBXZ6,D1,2016-10-28,1477612800,178.24,180.1,176.72,179.46,13062,0,51169,56152.0
56,-29,FGBX,FGBXZ6,D1,2016-10-30,1477785600,179.46,179.46,179.46,179.46,6,26,6,38892.0
57,-28,FGBX,FGBXZ6,D1,2016-10-31,1477872000,179.46,180.66,178.9,180.14,416089,0,4197866,1416347.0
58,-27,FGBX,FGBXZ6,D1,2016-11-01,1477958400,180.14,180.96,178.18,180.26,504036,0,5166037,3121303.0
59,-26,FGBX,FGBXZ6,D1,2016-11-02,1478044800,180.26,182.08,180.26,181.06,540629,0,6068309,5144071.0
60,-25,FGBX,FGBXZ6,D1,2016-11-03,1478131200,181.06,181.78,179.64,180.12,561858,0,5985387,5739911.0
61,-24,FGBX,FGBXZ6,D1,2016-11-04,1478217600,180.12,182.38,180.12,181.78,457427,0,4849634,5634443.0
62,-23,FGBX,FGBXZ6,D1,2016-11-07,1478476800,181.78,181.78,180.1,180.98,351284,0,3938134,4924385.0
63,-22,FGBX,FGBXZ6,D1,2016-11-08,1478563200,180.98,181.76,179.44,180.06,441031,0,4709631,4499133.0
64,-21,FGBX,FGBXZ6,D1,2016-11-09,1478649600,180.06,183.38,176.68,176.9,708457,0,5151704,4599823.0
65,-20,FGBX,FGBXZ6,D1,2016-11-10,1478736000,176.9,177.98,173.96,175.18,569503,0,3844023,4568453.0
66,-19,FGBX,FGBXZ6,D1,2016-11-11,1478822400,175.18,175.74,173.34,174.24,324414,0,2096165,3697297.0
67,-18,FGBX,FGBXZ6,D1,2016-11-14,1479081600,174.24,175.24,170.9,174.14,594069,0,4157288,3365825.0
68,-17,FGBX,FGBXZ6,D1,2016-11-15,1479168000,174.14,176.34,174.14,175.3,617033,0,5847152,4033535.0
69,-16,FGBX,FGBXZ6,D1,2016-11-16,1479254400,175.3,176.3,173.86,176.22,719414,0,8130806,6045082.0
70,-15,FGBX,FGBXZ6,D1,2016-11-17,1479340800,176.22,177.62,175.5,175.84,586249,0,5666994,6548317.0
71,-14,FGBX,FGBXZ6,D1,2016-11-18,1479427200,175.82,177.68,174.44,176.38,575426,0,6137783,6645194.0
72,-13,FGBX,FGBXZ6,D1,2016-11-21,1479686400,176.38,177.0,175.28,176.5,393630,0,3482677,5095818.0
73,-12,FGBX,FGBXZ6,D1,2016-11-22,1479772800,176.4,178.38,176.2,177.5,489080,0,4918515,4846325.0
74,-11,FGBX,FGBXZ6,D1,2016-11-23,1479859200,177.5,178.34,174.5,176.88,796721,0,6645493,5015562.0
75,-10,FGBX,FGBXZ6,D1,2016-11-24,1479945600,176.88,177.74,175.74,175.92,304456,0,2611442,4725150.0
76,-9,FGBX,FGBXZ6,D1,2016-11-25,1480032000,175.92,177.66,175.66,177.08,586577,0,7708993,5655309.0
77,-8,FGBX,FGBXZ6,D1,2016-11-28,1480291200,177.08,179.14,177.06,178.5,433527,0,5552768,5291068.0
78,-7,FGBX,FGBXZ6,D1,2016-11-29,1480377600,178.5,178.58,176.56,178.28,241539,0,3085917,5449226.0
79,-6,FGBX,FGBXZ6,D1,2016-11-30,1480464000,177.94,178.64,174.48,174.78,21340,0,58906,2899197.0
80,-5,FGBX,FGBXZ6,D1,2016-12-01,1480550400,174.64,174.94,170.82,171.8,19290,0,57451,1067425.0
81,-4,FGBX,FGBXZ6,D1,2016-12-02,1480636800,172.2,175.64,171.7,174.82,16864,0,41664,52674.0
82,-3,FGBX,FGBXZ6,D1,2016-12-05,1480896000,175.96,176.14,171.94,173.36,16522,0,41398,46838.0
83,-2,FGBX,FGBXZ6,D1,2016-12-06,1480982400,173.18,174.08,171.16,171.2,11334,0,36096,39719.0
84,-1,FGBX,FGBXZ6,D1,2016-12-07,1481068800,170.98,173.2,170.98,172.3,645,0,1687,26394.0
65,-63,FGBX,FGBXH7,D1,2016-12-08,1481155200,170.16,170.56,164.62,167.34,26471,0,71270,40488.0
66,-62,FGBX,FGBXH7,D1,2016-12-09,1481241600,166.5,168.46,165.28,165.5,19103,0,59840,57122.0
67,-61,FGBX,FGBXH7,D1,2016-12-12,1481500800,165.18,165.22,163.28,164.84,14358,0,45677,58929.0
68,-60,FGBX,FGBXH7,D1,2016-12-13,1481587200,165.24,167.3,164.5,167.06,14243,0,44505,50007.0
69,-59,FGBX,FGBXH7,D1,2016-12-14,1481673600,167.06,169.44,166.92,166.92,14942,0,42075,44086.0
70,-58,FGBX,FGBXH7,D1,2016-12-15,1481760000,167.02,168.48,165.28,167.54,18021,0,45803,44128.0
71,-57,FGBX,FGBXH7,D1,2016-12-16,1481846400,168.1,170.46,167.86,169.02,12108,0,33627,40502.0
72,-56,FGBX,FGBXH7,D1,2016-12-19,1482105600,169.22,173.28,168.64,173.06,9247,0,29856,36429.0
73,-55,FGBX,FGBXH7,D1,2016-12-20,1482192000,172.26,172.9,171.32,172.02,7162,0,20560,28014.0
74,-54,FGBX,FGBXH7,D1,2016-12-21,1482278400,172.32,173.44,171.92,173.24,6210,0,17282,22566.0
75,-53,FGBX,FGBXH7,D1,2016-12-22,1482364800,173.6,173.82,171.94,172.56,6743,0,17784,18542.0
76,-52,FGBX,FGBXH7,D1,2016-12-23,1482451200,172.84,174.66,172.66,174.32,4396,0,11579,15548.0
77,-51,FGBX,FGBXH7,D1,2016-12-27,1482796800,174.2,176.04,173.86,175.16,5392,0,11634,13666.0
78,-50,FGBX,FGBXH7,D1,2016-12-28,1482883200,175.34,175.74,174.0,174.98,5262,0,12687,11967.0
79,-49,FGBX,FGBXH7,D1,2016-12-29,1482969600,175.74,176.22,175.12,175.3,5422,0,11367,11896.0
80,-48,FGBX,FGBXH7,D1,2016-12-30,1483056000,175.58,175.62,173.22,173.28,8056,0,18264,14106.0
81,-47,FGBX,FGBXH7,D1,2017-01-02,1483315200,173.1,175.18,173.1,173.86,4902,0,11701,13777.0
82,-46,FGBX,FGBXH7,D1,2017-01-03,1483401600,173.7,174.12,170.06,171.5,14629,0,49841,26602.0
83,-45,FGBX,FGBXH7,D1,2017-01-04,1483488000,171.58,171.86,169.88,170.46,12847,0,42117,34553.0
84,-44,FGBX,FGBXH7,D1,2017-01-05,1483574400,171.0,172.34,169.16,171.8,18932,0,61744,51234.0
85,-43,FGBX,FGBXH7,D1,2017-01-06,1483660800,171.78,172.38,169.34,169.76,11074,0,35125,46329.0
86,-42,FGBX,FGBXH7,D1,2017-01-09,1483920000,169.4,170.74,168.34,170.14,12022,0,37139,44669.0
87,-41,FGBX,FGBXH7,D1,2017-01-10,1484006400,170.0,170.64,169.26,170.16,10041,0,35073,35779.0
88,-40,FGBX,FGBXH7,D1,2017-01-11,1484092800,170.14,172.06,169.76,170.92,12521,0,37398,36537.0
89,-39,FGBX,FGBXH7,D1,2017-01-12,1484179200,171.76,173.3,169.74,169.84,18742,0,58458,43643.0
90,-38,FGBX,FGBXH7,D1,2017-01-13,1484265600,169.7,171.18,168.26,169.6,16148,0,48623,48160.0
91,-37,FGBX,FGBXH7,D1,2017-01-16,1484524800,170.08,170.78,168.86,169.32,9551,0,29968,45683.0
92,-36,FGBX,FGBXH7,D1,2017-01-17,1484611200,169.9,171.9,169.84,170.66,17107,0,46920,41837.0
93,-35,FGBX,FGBXH7,D1,2017-01-18,1484697600,170.1,170.22,168.32,168.48,11693,0,38224,38371.0
94,-34,FGBX,FGBXH7,D1,2017-01-19,1484784000,168.06,168.62,167.18,168.02,15904,0,47941,44362.0
95,-33,FGBX,FGBXH7,D1,2017-01-20,1484870400,168.18,168.58,165.34,166.28,12915,0,39216,41794.0
96,-32,FGBX,FGBXH7,D1,2017-01-23,1485129600,166.74,168.54,165.74,168.06,12872,0,39779,42312.0
97,-31,FGBX,FGBXH7,D1,2017-01-24,1485216000,167.76,168.18,166.6,166.96,11942,0,43675,40890.0
98,-30,FGBX,FGBXH7,D1,2017-01-25,1485302400,166.6,166.74,164.48,164.76,17793,0,65275,49576.0
99,-29,FGBX,FGBXH7,D1,2017-01-26,1485388800,164.72,165.9,164.14,165.56,13573,0,43869,50940.0
100,-28,FGBX,FGBXH7,D1,2017-01-27,1485475200,165.2,166.78,164.92,166.44,11503,0,38261,49135.0
101,-27,FGBX,FGBXH7,D1,2017-01-30,1485734400,166.72,167.26,164.86,166.38,15695,0,47262,43131.0
102,-26,FGBX,FGBXH7,D1,2017-01-31,1485820800,166.96,167.54,165.42,166.92,21829,0,68260,51261.0
103,-25,FGBX,FGBXH7,D1,2017-02-01,1485907200,166.56,166.84,164.96,165.82,13917,0,44623,53382.0
104,-24,FGBX,FGBXH7,D1,2017-02-02,1485993600,165.98,167.54,164.92,166.74,12803,0,42596,51826.0
105,-23,FGBX,FGBXH7,D1,2017-02-03,1486080000,166.5,167.2,165.76,166.42,12736,0,37525,41581.0
106,-22,FGBX,FGBXH7,D1,2017-02-06,1486339200,166.64,168.94,166.2,168.14,16158,0,54141,44754.0
107,-21,FGBX,FGBXH7,D1,2017-02-07,1486425600,168.5,169.0,166.52,167.9,17067,0,63199,51622.0
108,-20,FGBX,FGBXH7,D1,2017-02-08,1486512000,167.8,170.6,167.56,170.28,16706,0,55285,57542.0
109,-19,FGBX,FGBXH7,D1,2017-02-09,1486598400,169.94,171.04,169.3,169.72,13866,0,47707,55397.0
110,-18,FGBX,FGBXH7,D1,2017-02-10,1486684800,169.68,169.9,168.7,169.2,12403,0,36836,46609.0
111,-17,FGBX,FGBXH7,D1,2017-02-13,1486944000,168.8,169.04,167.96,168.94,9640,0,32767,39103.0
112,-16,FGBX,FGBXH7,D1,2017-02-14,1487030400,168.98,169.36,166.86,167.48,13157,0,41587,37063.0
113,-15,FGBX,FGBXH7,D1,2017-02-15,1487116800,167.42,167.5,165.86,166.54,12227,0,37967,37440.0
114,-14,FGBX,FGBXH7,D1,2017-02-16,1487203200,166.66,168.56,166.44,168.16,15120,0,46982,42179.0
115,-13,FGBX,FGBXH7,D1,2017-02-17,1487289600,168.26,170.62,167.8,169.8,13983,0,43231,42727.0
116,-12,FGBX,FGBXH7,D1,2017-02-20,1487548800,169.66,170.24,168.94,169.74,8670,0,28172,39462.0
117,-11,FGBX,FGBXH7,D1,2017-02-21,1487635200,169.68,169.68,168.04,169.16,14376,0,46032,39145.0
118,-10,FGBX,FGBXH7,D1,2017-02-22,1487721600,168.9,171.94,168.56,171.14,20553,0,68679,47628.0
119,-9,FGBX,FGBXH7,D1,2017-02-23,1487808000,171.22,173.04,170.52,173.04,14109,0,45543,53418.0
120,-8,FGBX,FGBXH7,D1,2017-02-24,1487894400,172.9,175.44,172.6,175.22,15181,0,51316,55179.0
121,-7,FGBX,FGBXH7,D1,2017-02-27,1488153600,174.74,175.04,173.6,173.62,9813,0,31093,42651.0
122,-6,FGBX,FGBXH7,D1,2017-02-28,1488240000,174.24,174.54,172.8,173.34,14784,0,50164,44191.0
123,-5,FGBX,FGBXH7,D1,2017-03-01,1488326400,172.86,173.08,170.3,170.62,18504,0,59773,47010.0
124,-4,FGBX,FGBXH7,D1,2017-03-02,1488412800,170.52,170.54,169.06,169.7,13398,0,43060,50999.0
125,-3,FGBX,FGBXH7,D1,2017-03-03,1488499200,169.8,170.14,168.08,168.9,14483,0,46472,49768.0
126,-2,FGBX,FGBXH7,D1,2017-03-06,1488758400,169.06,170.16,168.28,168.74,10489,0,32881,40804.0
127,-1,FGBX,FGBXH7,D1,2017-03-07,1488844800,168.68,169.52,168.22,168.88,1328,0,3120,27491.0
104,-65,FGBX,FGBXM7,D1,2017-03-08,1488931200,166.9,167.1,165.18,165.98,11126,0,35729,30991.0
105,-64,FGBX,FGBXM7,D1,2017-03-09,1489017600,165.7,165.9,164.54,165.12,7156,0,23541,34332.0
106,-63,FGBX,FGBXM7,D1,2017-03-10,1489104000,163.36,163.82,162.66,163.3,13058,0,42536,33935.0
107,-62,FGBX,FGBXM7,D1,2017-03-13,1489363200,163.16,165.12,163.04,163.4,11290,0,40793,35623.0
108,-61,FGBX,FGBXM7,D1,2017-03-14,1489449600,163.24,165.56,162.8,165.2,14505,0,51475,44935.0
109,-60,FGBX,FGBXM7,D1,2017-03-15,1489536000,165.32,167.22,164.94,166.82,14093,0,47974,46747.0
110,-59,FGBX,FGBXM7,D1,2017-03-16,1489622400,166.94,167.44,164.12,164.7,15099,0,45863,48437.0
111,-58,FGBX,FGBXM7,D1,2017-03-17,1489708800,164.86,166.32,164.46,166.06,13271,0,42801,45546.0
112,-57,FGBX,FGBXM7,D1,2017-03-20,1489968000,166.5,166.5,164.88,165.92,11277,0,36172,41612.0
113,-56,FGBX,FGBXM7,D1,2017-03-21,1490054400,165.6,166.22,164.28,165.74,13774,0,46017,41663.0
114,-55,FGBX,FGBXM7,D1,2017-03-22,1490140800,165.88,167.7,165.82,167.34,14622,0,48093,43427.0
115,-54,FGBX,FGBXM7,D1,2017-03-23,1490227200,167.22,167.92,166.1,166.44,13534,2,42382,45497.0
116,-53,FGBX,FGBXM7,D1,2017-03-24,1490313600,166.44,167.48,165.9,167.16,10852,2,32217,40897.0
117,-52,FGBX,FGBXM7,D1,2017-03-27,1490572800,167.78,169.5,167.18,167.26,14102,0,46300,40300.0
118,-51,FGBX,FGBXM7,D1,2017-03-28,1490659200,167.1,168.14,166.84,167.0,10616,0,36115,38211.0
119,-50,FGBX,FGBXM7,D1,2017-03-29,1490745600,166.9,169.02,166.66,168.38,14535,2,48916,43777.0
120,-49,FGBX,FGBXM7,D1,2017-03-30,1490832000,168.32,169.08,168.06,168.52,9971,2,33168,39400.0
121,-48,FGBX,FGBXM7,D1,2017-03-31,1490918400,168.82,169.02,168.16,168.68,11629,0,40297,40794.0
122,-47,FGBX,FGBXM7,D1,2017-04-03,1491177600,168.6,170.1,168.38,169.88,11855,0,40554,38006.0
123,-46,FGBX,FGBXM7,D1,2017-04-04,1491264000,170.18,171.6,169.9,170.5,13263,2,44549,41800.0
124,-45,FGBX,FGBXM7,D1,2017-04-05,1491350400,171.06,171.36,169.78,171.22,11907,2,38745,41283.0
125,-44,FGBX,FGBXM7,D1,2017-04-06,1491436800,171.38,171.46,170.5,171.28,11028,2,34206,39167.0
126,-43,FGBX,FGBXM7,D1,2017-04-07,1491523200,171.74,172.7,171.0,171.6,11270,0,33180,35377.0
127,-42,FGBX,FGBXM7,D1,2017-04-10,1491782400,171.58,173.48,171.48,173.16,8736,2,25356,30914.0
128,-41,FGBX,FGBXM7,D1,2017-04-11,1491868800,173.6,173.9,172.26,173.68,11675,2,37078,31871.0
129,-40,FGBX,FGBXM7,D1,2017-04-12,1491955200,173.68,174.8,173.14,174.6,10143,0,32947,31794.0
130,-39,FGBX,FGBXM7,D1,2017-04-13,1492041600,174.84,175.78,174.48,175.46,11551,0,34975,35000.0
131,-38,FGBX,FGBXM7,D1,2017-04-14,1492128000,175.46,175.46,175.46,175.46,4,0,4,22642.0
132,-37,FGBX,FGBXM7,D1,2017-04-18,1492473600,175.24,176.52,174.66,176.24,11035,2,34276,23085.0
133,-36,FGBX,FGBXM7,D1,2017-04-19,1492560000,176.14,176.14,174.8,175.2,11399,2,38857,24379.0
134,-35,FGBX,FGBXM7,D1,2017-04-20,1492646400,175.3,175.58,173.0,173.92,11624,2,36633,36589.0
135,-34,FGBX,FGBXM7,D1,2017-04-21,1492732800,174.24,174.24,173.16,173.3,9913,2,32021,35837.0
136,-33,FGBX,FGBXM7,D1,2017-04-24,1492992000,172.0,172.0,169.04,170.16,17790,2,59235,42630.0
137,-32,FGBX,FGBXM7,D1,2017-04-25,1493078400,169.7,169.84,167.76,167.82,12953,0,47995,46417.0
138,-31,FGBX,FGBXM7,D1,2017-04-26,1493164800,167.68,169.04,167.6,168.82,12031,2,40857,49362.0
139,-30,FGBX,FGBXM7,D1,2017-04-27,1493251200,168.66,170.26,168.18,170.02,12687,0,39054,42635.0
140,-29,FGBX,FGBXM7,D1,2017-04-28,1493337600,169.9,169.94,167.86,168.92,14412,2,50142,43351.0
141,-28,FGBX,FGBXM7,D1,2017-05-01,1493596800,168.92,168.92,168.92,168.92,1,0,1,29732.0
142,-27,FGBX,FGBXM7,D1,2017-05-02,1493683200,168.8,169.38,168.14,168.92,9470,0,31124,27089.0
143,-26,FGBX,FGBXM7,D1,2017-05-03,1493769600,168.88,169.58,168.6,168.7,9992,0,28258,19794.0
144,-25,FGBX,FGBXM7,D1,2017-05-04,1493856000,168.68,168.68,166.48,167.1,13334,2,46720,35367.0
145,-24,FGBX,FGBXM7,D1,2017-05-05,1493942400,167.1,167.62,166.04,166.44,12412,0,39997,38325.0
146,-23,FGBX,FGBXM7,D1,2017-05-08,1494201600,166.06,167.36,165.68,166.12,11433,0,35018,40578.0
147,-22,FGBX,FGBXM7,D1,2017-05-09,1494288000,166.12,166.2,164.92,165.24,12173,2,45446,40154.0
148,-21,FGBX,FGBXM7,D1,2017-05-10,1494374400,165.28,166.7,164.9,165.38,11235,2,38227,39564.0
149,-20,FGBX,FGBXM7,D1,2017-05-11,1494460800,165.26,165.96,164.76,165.72,13211,0,46190,43288.0
150,-19,FGBX,FGBXM7,D1,2017-05-12,1494547200,165.8,166.76,165.54,166.48,10535,0,33823,39413.0
151,-18,FGBX,FGBXM7,D1,2017-05-15,1494806400,166.4,166.5,164.8,164.96,11274,2,37881,39298.0
152,-17,FGBX,FGBXM7,D1,2017-05-16,1494892800,165.1,165.4,164.2,164.72,13714,2,51336,41013.0
153,-16,FGBX,FGBXM7,D1,2017-05-17,1494979200,165.08,167.42,164.98,167.08,16178,2,56250,48489.0
154,-15,FGBX,FGBXM7,D1,2017-05-18,1495065600,166.66,168.44,166.24,167.04,17369,2,51441,53009.0
155,-14,FGBX,FGBXM7,D1,2017-05-19,1495152000,166.92,167.16,166.14,166.54,8850,2,27248,44980.0
156,-13,FGBX,FGBXM7,D1,2017-05-22,1495411200,166.32,166.76,165.0,165.48,9278,0,31917,36869.0
157,-12,FGBX,FGBXM7,D1,2017-05-23,1495497600,165.82,166.48,164.72,165.14,10062,2,33433,30866.0
158,-11,FGBX,FGBXM7,D1,2017-05-24,1495584000,165.22,166.28,165.14,165.78,9359,2,32144,32498.0
159,-10,FGBX,FGBXM7,D1,2017-05-25,1495670400,165.98,166.98,165.68,166.72,7616,2,23664,29747.0
160,-9,FGBX,FGBXM7,D1,2017-05-26,1495756800,167.0,168.26,166.4,167.72,9390,2,31114,28974.0
161,-8,FGBX,FGBXM7,D1,2017-05-29,1496016000,167.76,168.84,167.4,168.56,4705,2,16410,23729.0
162,-7,FGBX,FGBXM7,D1,2017-05-30,1496102400,168.62,169.0,167.98,168.42,11296,2,35191,27572.0
163,-6,FGBX,FGBXM7,D1,2017-05-31,1496188800,168.48,168.6,167.66,167.74,12501,0,43108,31570.0
164,-5,FGBX,FGBXM7,D1,2017-06-01,1496275200,167.74,168.2,167.28,168.08,11631,2,36199,38166.0
165,-4,FGBX,FGBXM7,D1,2017-06-02,1496361600,167.86,169.12,167.8,168.82,13008,2,40465,39924.0
166,-3,FGBX,FGBXM7,D1,2017-06-05,1496620800,168.5,168.7,167.7,167.98,7395,2,28054,34906.0
167,-2,FGBX,FGBXM7,D1,2017-06-06,1496707200,168.4,169.64,168.16,168.8,12746,2,42848,37122.0
168,-1,FGBX,FGBXM7,D1,2017-06-07,1496793600,168.62,169.92,168.6,168.9,1667,2,4359,25087.0
128,-65,FGBX,FGBXU7,D1,2017-06-08,1496880000,167.46,168.64,166.8,168.32,16003,2,56364,39856.0
129,-64,FGBX,FGBXU7,D1,2017-06-09,1496966400,168.32,168.68,167.0,167.6,10285,2,35147,46147.0
130,-63,FGBX,FGBXU7,D1,2017-06-12,1497225600,167.5,168.28,167.3,167.84,9249,2,29995,40502.0
131,-62,FGBX,FGBXU7,D1,2017-06-13,1497312000,167.76,168.24,167.44,168.14,8643,2,30329,31824.0
132,-61,FGBX,FGBXU7,D1,2017-06-14,1497398400,168.2,170.12,167.98,169.82,13779,2,46731,35685.0
133,-60,FGBX,FGBXU7,D1,2017-06-15,1497484800,169.68,170.34,167.94,168.16,14517,0,48261,41774.0
134,-59,FGBX,FGBXU7,D1,2017-06-16,1497571200,168.24,168.24,167.1,167.98,10668,2,38626,44539.0
135,-58,FGBX,FGBXU7,D1,2017-06-19,1497830400,167.9,168.46,167.5,168.22,9631,2,36291,41059.0
136,-57,FGBX,FGBXU7,D1,2017-06-20,1497916800,168.4,169.42,168.16,169.4,10593,0,38531,37816.0
137,-56,FGBX,FGBXU7,D1,2017-06-21,1498003200,169.3,170.34,169.18,169.9,12740,2,44920,39914.0
138,-55,FGBX,FGBXU7,D1,2017-06-22,1498089600,170.0,170.7,169.92,170.08,12113,2,42367,41939.0
139,-54,FGBX,FGBXU7,D1,2017-06-23,1498176000,170.04,170.28,169.4,169.74,8593,2,27267,38185.0
140,-53,FGBX,FGBXU7,D1,2017-06-26,1498435200,169.6,170.9,169.56,169.96,10120,2,34598,34744.0
141,-52,FGBX,FGBXU7,D1,2017-06-27,1498521600,169.84,170.32,166.36,166.8,17634,2,57336,39734.0
142,-51,FGBX,FGBXU7,D1,2017-06-28,1498608000,166.38,168.22,165.34,166.62,24740,2,70902,54279.0
143,-50,FGBX,FGBXU7,D1,2017-06-29,1498694400,166.44,166.52,164.0,164.2,19408,0,58831,62356.0
144,-49,FGBX,FGBXU7,D1,2017-06-30,1498780800,163.82,165.04,163.02,163.22,16978,2,54298,61344.0
145,-48,FGBX,FGBXU7,D1,2017-07-03,1499040000,162.88,164.26,162.4,162.52,12001,2,36923,50017.0
146,-47,FGBX,FGBXU7,D1,2017-07-04,1499126400,162.82,163.22,161.9,162.04,9849,2,39908,43710.0
147,-46,FGBX,FGBXU7,D1,2017-07-05,1499212800,162.06,162.88,161.26,162.56,14658,2,48348,41726.0
148,-45,FGBX,FGBXU7,D1,2017-07-06,1499299200,162.36,162.48,160.0,160.68,20728,2,70057,52771.0
149,-44,FGBX,FGBXU7,D1,2017-07-07,1499385600,160.38,160.94,159.62,159.98,14880,0,49153,55853.0
150,-43,FGBX,FGBXU7,D1,2017-07-10,1499644800,159.68,161.3,159.68,160.72,10981,2,38213,52474.0
151,-42,FGBX,FGBXU7,D1,2017-07-11,1499731200,160.18,160.62,159.62,160.48,11803,2,45461,44276.0
152,-41,FGBX,FGBXU7,D1,2017-07-12,1499817600,160.62,161.76,160.42,161.44,11987,2,42641,42105.0
153,-40,FGBX,FGBXU7,D1,2017-07-13,1499904000,161.54,162.44,160.56,161.2,11360,0,39768,42623.0
154,-39,FGBX,FGBXU7,D1,2017-07-14,1499990400,161.42,162.28,160.96,161.16,9700,2,30992,37800.0
155,-38,FGBX,FGBXU7,D1,2017-07-17,1500249600,161.04,162.08,161.04,161.48,7635,0,24182,31647.0
156,-37,FGBX,FGBXU7,D1,2017-07-18,1500336000,161.68,162.54,161.32,162.02,11171,2,36592,30589.0
157,-36,FGBX,FGBXU7,D1,2017-07-19,1500422400,161.86,163.0,161.82,162.58,8420,0,33188,31321.0
158,-35,FGBX,FGBXU7,D1,2017-07-20,1500508800,162.74,162.94,161.7,162.32,13961,2,47061,38947.0
159,-34,FGBX,FGBXU7,D1,2017-07-21,1500595200,162.62,163.26,162.44,162.52,7645,2,26769,35673.0
160,-33,FGBX,FGBXU7,D1,2017-07-24,1500854400,162.8,163.46,162.36,162.92,6711,2,25083,32971.0
161,-32,FGBX,FGBXU7,D1,2017-07-25,1500940800,163.14,163.3,161.16,161.34,10941,2,39941,30598.0
162,-31,FGBX,FGBXU7,D1,2017-07-26,1501027200,161.64,162.22,161.12,161.8,8835,2,30666,31897.0
163,-30,FGBX,FGBXU7,D1,2017-07-27,1501113600,162.24,163.02,161.68,162.02,8967,2,31684,34097.0
164,-29,FGBX,FGBXU7,D1,2017-07-28,1501200000,162.1,162.5,160.22,161.62,11321,2,37585,33312.0
165,-28,FGBX,FGBXU7,D1,2017-07-31,1501459200,161.62,162.44,161.2,162.32,10088,2,37960,35743.0
166,-27,FGBX,FGBXU7,D1,2017-08-01,1501545600,162.1,164.42,161.98,164.4,9750,0,38801,38115.0
167,-26,FGBX,FGBXU7,D1,2017-08-02,1501632000,164.48,164.48,163.68,164.22,7479,2,28117,34959.0
168,-25,FGBX,FGBXU7,D1,2017-08-03,1501718400,164.32,165.8,163.86,165.72,8801,0,34144,33687.0
169,-24,FGBX,FGBXU7,D1,2017-08-04,1501804800,165.88,165.88,164.36,165.18,6991,0,25156,29139.0
170,-23,FGBX,FGBXU7,D1,2017-08-07,1502064000,164.96,165.38,164.34,165.04,4798,2,16267,25189.0
171,-22,FGBX,FGBXU7,D1,2017-08-08,1502150400,165.28,165.38,164.48,164.74,5945,2,21813,21079.0
172,-21,FGBX,FGBXU7,D1,2017-08-09,1502236800,165.16,166.68,164.98,166.04,8083,0,29460,22513.0
173,-20,FGBX,FGBXU7,D1,2017-08-10,1502323200,166.26,167.34,166.0,167.3,7014,2,23722,24998.0
174,-19,FGBX,FGBXU7,D1,2017-08-11,1502409600,167.7,168.38,167.2,168.04,8174,0,27079,26754.0
175,-18,FGBX,FGBXU7,D1,2017-08-14,1502668800,167.88,167.9,166.4,166.92,6775,2,23429,24743.0
176,-17,FGBX,FGBXU7,D1,2017-08-15,1502755200,166.6,166.88,165.36,166.26,8123,2,31035,27181.0
177,-16,FGBX,FGBXU7,D1,2017-08-16,1502841600,166.22,166.5,165.04,166.36,9314,2,30982,28482.0
178,-15,FGBX,FGBXU7,D1,2017-08-17,1502928000,166.56,167.3,165.66,167.3,7166,2,23968,28662.0
179,-14,FGBX,FGBXU7,D1,2017-08-18,1503014400,166.84,167.56,166.62,166.86,7481,0,24807,26586.0
180,-13,FGBX,FGBXU7,D1,2017-08-21,1503273600,166.76,167.8,166.76,167.76,5498,0,18402,22392.0
181,-12,FGBX,FGBXU7,D1,2017-08-22,1503360000,167.34,167.52,166.62,166.88,6285,2,23534,22248.0
182,-11,FGBX,FGBXU7,D1,2017-08-23,1503446400,166.96,168.28,166.56,168.28,8072,0,29066,23667.0
183,-10,FGBX,FGBXU7,D1,2017-08-24,1503532800,168.18,168.32,167.66,167.72,6708,2,23932,25511.0
184,-9,FGBX,FGBXU7,D1,2017-08-25,1503619200,167.7,167.84,166.72,167.64,7058,2,24304,25767.0
185,-8,FGBX,FGBXU7,D1,2017-08-28,1503878400,168.0,168.0,167.06,167.24,4848,2,15713,21316.0
186,-7,FGBX,FGBXU7,D1,2017-08-29,1503964800,167.98,169.58,167.86,168.66,13084,2,46733,28917.0
187,-6,FGBX,FGBXU7,D1,2017-08-30,1504051200,168.72,168.86,168.04,168.44,7629,0,28123,30190.0
188,-5,FGBX,FGBXU7,D1,2017-08-31,1504137600,168.24,168.68,167.84,168.58,8233,2,31464,35440.0
189,-4,FGBX,FGBXU7,D1,2017-09-01,1504224000,168.36,168.56,166.36,166.72,13314,2,45293,34960.0
190,-3,FGBX,FGBXU7,D1,2017-09-04,1504483200,167.18,167.62,166.86,167.24,5259,2,19192,31983.0
191,-2,FGBX,FGBXU7,D1,2017-09-05,1504569600,167.1,169.28,166.44,169.16,10685,2,40085,34857.0
192,-1,FGBX,FGBXU7,D1,2017-09-06,1504656000,168.82,169.1,167.92,168.0,1756,0,4046,21108.0
24,-65,FGBX,FGBXZ7,D1,2017-09-07,1504742400,166.54,168.14,166.28,168.04,13356,2,53295,33425.0
25,-64,FGBX,FGBXZ7,D1,2017-09-08,1504828800,168.32,168.48,166.96,167.48,10454,0,38244,41775.0
26,-63,FGBX,FGBXZ7,D1,2017-09-11,1505088000,167.08,167.08,166.42,166.62,7634,0,28156,39898.0
27,-62,FGBX,FGBXZ7,D1,2017-09-12,1505174400,166.36,166.58,164.04,164.44,12961,2,62428,42943.0
28,-61,FGBX,FGBXZ7,D1,2017-09-13,1505260800,164.48,164.94,164.08,164.24,9459,2,39502,43362.0
29,-60,FGBX,FGBXZ7,D1,2017-09-14,1505347200,164.34,164.8,163.6,164.02,11340,2,42060,47997.0
30,-59,FGBX,FGBXZ7,D1,2017-09-15,1505433600,164.06,164.34,163.36,164.02,10004,0,36709,39424.0
31,-58,FGBX,FGBXZ7,D1,2017-09-18,1505692800,163.66,164.06,162.7,163.08,8119,2,31481,36750.0
32,-57,FGBX,FGBXZ7,D1,2017-09-19,1505779200,162.96,163.96,162.8,163.12,9737,2,35956,34715.0
33,-56,FGBX,FGBXZ7,D1,2017-09-20,1505865600,163.1,164.04,162.74,163.34,9425,2,41239,36225.0
34,-55,FGBX,FGBXZ7,D1,2017-09-21,1505952000,163.14,163.66,162.26,163.38,11224,0,43395,40197.0
35,-54,FGBX,FGBXZ7,D1,2017-09-22,1506038400,163.74,163.96,163.16,163.62,7699,0,29019,37884.0
36,-53,FGBX,FGBXZ7,D1,2017-09-25,1506297600,163.9,165.3,163.62,164.92,13520,0,46962,39792.0
37,-52,FGBX,FGBXZ7,D1,2017-09-26,1506384000,164.88,165.2,164.14,164.58,8374,2,32036,36006.0
38,-51,FGBX,FGBXZ7,D1,2017-09-27,1506470400,164.4,164.4,162.16,162.84,13676,2,52235,43744.0
39,-50,FGBX,FGBXZ7,D1,2017-09-28,1506556800,162.32,162.68,161.36,162.64,11217,0,39743,41338.0
40,-49,FGBX,FGBXZ7,D1,2017-09-29,1506643200,162.66,163.62,162.32,163.14,13173,2,48959,46979.0
41,-48,FGBX,FGBXZ7,D1,2017-10-02,1506902400,162.88,164.08,162.34,163.4,10801,2,41038,43247.0
42,-47,FGBX,FGBXZ7,D1,2017-10-03,1506988800,163.3,163.5,162.3,163.16,8579,2,33935,41311.0
43,-46,FGBX,FGBXZ7,D1,2017-10-04,1507075200,163.3,164.72,163.24,163.56,12698,2,48023,40999.0
44,-45,FGBX,FGBXZ7,D1,2017-10-05,1507161600,163.4,164.4,163.1,163.8,11200,2,40732,40897.0
45,-44,FGBX,FGBXZ7,D1,2017-10-06,1507248000,163.48,163.6,162.08,163.06,11891,2,43094,43950.0
46,-43,FGBX,FGBXZ7,D1,2017-10-09,1507507200,163.14,164.02,163.12,163.86,5455,2,22339,35388.0
47,-42,FGBX,FGBXZ7,D1,2017-10-10,1507593600,163.7,164.32,163.22,163.68,10366,2,34891,33441.0
48,-41,FGBX,FGBXZ7,D1,2017-10-11,1507680000,163.54,163.86,163.12,163.26,7245,2,25275,27502.0
49,-40,FGBX,FGBXZ7,D1,2017-10-12,1507766400,163.4,164.02,163.06,163.86,8806,2,30900,30355.0
50,-39,FGBX,FGBXZ7,D1,2017-10-13,1507852800,163.8,165.0,163.7,164.7,11264,2,39361,31845.0
51,-38,FGBX,FGBXZ7,D1,2017-10-16,1508112000,164.58,165.82,164.42,165.54,9953,0,34496,34919.0
52,-37,FGBX,FGBXZ7,D1,2017-10-17,1508198400,165.56,166.4,165.52,166.24,10860,2,38087,37315.0
53,-36,FGBX,FGBXZ7,D1,2017-10-18,1508284800,166.36,166.6,165.16,165.38,12299,2,48737,40440.0
54,-35,FGBX,FGBXZ7,D1,2017-10-19,1508371200,165.24,166.14,165.04,165.2,12670,2,41816,42880.0
55,-34,FGBX,FGBXZ7,D1,2017-10-20,1508457600,165.08,165.08,163.12,163.48,15789,0,56027,48860.0
56,-33,FGBX,FGBXZ7,D1,2017-10-23,1508716800,163.32,164.16,163.3,163.96,12900,0,44095,47313.0
57,-32,FGBX,FGBXZ7,D1,2017-10-24,1508803200,164.04,164.1,162.7,162.98,12703,2,47834,49319.0
58,-31,FGBX,FGBXZ7,D1,2017-10-25,1508889600,162.82,163.22,162.12,162.74,13705,2,49364,47098.0
59,-30,FGBX,FGBXZ7,D1,2017-10-26,1508976000,162.96,164.08,162.5,163.1,19588,0,64037,53745.0
60,-29,FGBX,FGBXZ7,D1,2017-10-27,1509062400,163.5,164.46,162.86,164.34,15528,0,58676,57359.0
61,-28,FGBX,FGBXZ7,D1,2017-10-30,1509321600,164.8,165.5,164.22,165.32,11373,2,40149,54287.0
62,-27,FGBX,FGBXZ7,D1,2017-10-31,1509408000,165.54,166.18,165.0,165.94,12697,2,54050,50958.0
63,-26,FGBX,FGBXZ7,D1,2017-11-01,1509494400,165.7,166.06,165.12,165.36,11153,2,40117,44772.0
64,-25,FGBX,FGBXZ7,D1,2017-11-02,1509580800,165.34,165.72,164.58,165.5,13631,2,44719,46295.0
65,-24,FGBX,FGBXZ7,D1,2017-11-03,1509667200,165.62,166.34,165.56,165.9,11365,2,35554,40130.0
66,-23,FGBX,FGBXZ7,D1,2017-11-06,1509926400,165.9,166.88,165.8,166.56,9581,0,32527,37600.0
67,-22,FGBX,FGBXZ7,D1,2017-11-07,1510012800,166.46,166.98,165.96,166.78,12902,0,47220,38434.0
68,-21,FGBX,FGBXZ7,D1,2017-11-08,1510099200,166.8,167.48,166.52,166.52,11419,2,42602,40783.0
69,-20,FGBX,FGBXZ7,D1,2017-11-09,1510185600,166.42,166.96,164.64,165.26,15363,0,56932,48918.0
70,-19,FGBX,FGBXZ7,D1,2017-11-10,1510272000,164.62,164.8,163.72,163.9,14109,2,53598,51044.0
71,-18,FGBX,FGBXZ7,D1,2017-11-13,1510531200,164.0,164.78,163.56,163.6,9344,0,35417,48649.0
72,-17,FGBX,FGBXZ7,D1,2017-11-14,1510617600,163.52,164.56,163.16,164.56,10395,2,39574,42863.0
73,-16,FGBX,FGBXZ7,D1,2017-11-15,1510704000,164.8,166.1,164.8,165.5,13205,2,47188,40726.0
74,-15,FGBX,FGBXZ7,D1,2017-11-16,1510790400,165.28,165.4,164.36,164.8,9894,0,35003,40588.0
75,-14,FGBX,FGBXZ7,D1,2017-11-17,1510876800,165.32,165.84,164.66,165.66,7730,2,29012,37068.0
76,-13,FGBX,FGBXZ7,D1,2017-11-20,1511136000,166.12,166.54,165.66,165.9,8280,0,30389,31468.0
77,-12,FGBX,FGBXZ7,D1,2017-11-21,1511222400,166.1,167.5,165.98,167.46,11931,2,44364,34588.0
78,-11,FGBX,FGBXZ7,D1,2017-11-22,1511308800,167.46,168.0,166.52,167.72,14804,0,61986,45580.0
79,-10,FGBX,FGBXZ7,D1,2017-11-23,1511395200,167.46,167.76,167.2,167.68,5017,2,19962,42104.0
80,-9,FGBX,FGBXZ7,D1,2017-11-24,1511481600,167.52,167.68,166.64,167.04,8624,2,35374,39107.0
81,-8,FGBX,FGBXZ7,D1,2017-11-27,1511740800,167.06,167.92,166.96,167.66,9925,0,39531,31622.0
82,-7,FGBX,FGBXZ7,D1,2017-11-28,1511827200,167.72,167.92,167.22,167.28,9635,2,36382,37096.0
83,-6,FGBX,FGBXZ7,D1,2017-11-29,1511913600,167.32,167.52,166.16,166.64,14518,2,56465,44126.0
84,-5,FGBX,FGBXZ7,D1,2017-11-30,1512000000,166.3,167.44,166.04,167.24,16434,2,64693,52513.0
85,-4,FGBX,FGBXZ7,D1,2017-12-01,1512086400,167.42,169.92,167.1,169.28,19875,0,63138,61432.0
86,-3,FGBX,FGBXZ7,D1,2017-12-04,1512345600,168.74,168.94,167.94,168.46,14697,0,53428,60420.0
87,-2,FGBX,FGBXZ7,D1,2017-12-05,1512432000,168.34,169.64,168.04,169.5,12161,0,45133,53900.0
88,-1,FGBX,FGBXZ7,D1,2017-12-06,1512518400,169.5,170.0,168.92,169.54,2932,0,7306,35289.0
48,-65,FGBX,FGBXH8,D1,2017-12-07,1512604800,167.74,168.12,166.62,167.24,13415,0,55701,42717.0
49,-64,FGBX,FGBXH8,D1,2017-12-08,1512691200,167.04,167.6,166.28,167.5,11802,2,41896,50447.0
50,-63,FGBX,FGBXH8,D1,2017-12-11,1512950400,167.42,168.26,167.34,167.88,10039,0,39428,45675.0
51,-62,FGBX,FGBXH8,D1,2017-12-12,1513036800,168.0,168.26,166.96,167.3,9888,0,38593,39972.0
52,-61,FGBX,FGBXH8,D1,2017-12-13,1513123200,167.36,167.56,166.1,167.28,11713,2,43558,40526.0
53,-60,FGBX,FGBXH8,D1,2017-12-14,1513209600,166.96,168.24,166.42,168.14,12796,0,47068,43073.0
54,-59,FGBX,FGBXH8,D1,2017-12-15,1513296000,167.86,168.96,167.68,168.94,11232,2,46477,45701.0
55,-58,FGBX,FGBXH8,D1,2017-12-18,1513555200,168.56,168.82,167.76,167.78,8508,2,32972,42172.0
56,-57,FGBX,FGBXH8,D1,2017-12-19,1513641600,167.72,167.88,165.16,165.98,12796,2,50858,43436.0
57,-56,FGBX,FGBXH8,D1,2017-12-20,1513728000,165.6,165.96,163.94,164.52,12780,2,46891,43574.0
58,-55,FGBX,FGBXH8,D1,2017-12-21,1513814400,164.5,164.74,163.82,164.62,7785,0,27799,41849.0
59,-54,FGBX,FGBXH8,D1,2017-12-22,1513900800,164.36,165.0,164.3,164.42,4188,2,13320,29337.0
60,-53,FGBX,FGBXH8,D1,2017-12-26,1514246400,164.42,164.42,164.42,164.42,8,0,8,13709.0
61,-52,FGBX,FGBXH8,D1,2017-12-27,1514332800,164.22,165.9,164.22,165.88,5881,2,17872,10400.0
62,-51,FGBX,FGBXH8,D1,2017-12-28,1514419200,165.64,165.74,164.16,164.3,6503,0,18938,12273.0
63,-50,FGBX,FGBXH8,D1,2017-12-29,1514505600,164.3,164.52,163.66,163.94,6499,2,19503,18771.0
64,-49,FGBX,FGBXH8,D1,2018-01-02,1514851200,163.74,163.74,162.3,162.66,10030,2,40501,26314.0
65,-48,FGBX,FGBXH8,D1,2018-01-03,1514937600,162.64,164.14,162.28,163.52,11429,2,47161,35722.0
66,-47,FGBX,FGBXH8,D1,2018-01-04,1515024000,163.16,164.22,162.88,164.14,11406,0,47869,45177.0
67,-46,FGBX,FGBXH8,D1,2018-01-05,1515110400,164.18,164.64,163.52,163.74,8750,0,33645,42892.0
68,-45,FGBX,FGBXH8,D1,2018-01-08,1515369600,163.8,164.46,163.16,163.92,6818,2,26045,35853.0
69,-44,FGBX,FGBXH8,D1,2018-01-09,1515456000,163.78,164.28,162.22,162.24,10252,2,44155,34615.0
70,-43,FGBX,FGBXH8,D1,2018-01-10,1515542400,161.9,163.12,161.52,162.9,13381,0,54134,41445.0
71,-42,FGBX,FGBXH8,D1,2018-01-11,1515628800,162.92,163.44,161.3,161.98,16603,2,70369,56219.0
72,-41,FGBX,FGBXH8,D1,2018-01-12,1515715200,161.7,162.84,161.56,162.44,15692,2,62982,62495.0
73,-40,FGBX,FGBXH8,D1,2018-01-15,1515974400,162.48,162.66,161.78,161.84,7390,2,28614,53988.0
74,-39,FGBX,FGBXH8,D1,2018-01-16,1516060800,161.96,163.6,161.88,163.3,11540,2,47447,46348.0
75,-38,FGBX,FGBXH8,D1,2018-01-17,1516147200,163.2,163.84,163.0,163.06,9974,2,44486,40182.0
76,-37,FGBX,FGBXH8,D1,2018-01-18,1516233600,162.98,162.98,162.0,162.24,9985,2,36809,42914.0
77,-36,FGBX,FGBXH8,D1,2018-01-19,1516320000,162.1,162.74,161.64,161.94,10599,0,40240,40512.0
78,-35,FGBX,FGBXH8,D1,2018-01-22,1516579200,161.84,162.8,161.66,162.26,8761,2,31947,36332.0
79,-34,FGBX,FGBXH8,D1,2018-01-23,1516665600,162.4,163.54,162.38,162.86,9757,0,37301,36496.0
80,-33,FGBX,FGBXH8,D1,2018-01-24,1516752000,163.0,163.0,161.84,162.42,12734,2,51523,40257.0
81,-32,FGBX,FGBXH8,D1,2018-01-25,1516838400,162.44,163.68,161.6,163.42,20082,0,74826,54550.0
82,-31,FGBX,FGBXH8,D1,2018-01-26,1516924800,163.08,164.18,162.82,163.42,18592,2,74692,67014.0
83,-30,FGBX,FGBXH8,D1,2018-01-29,1517184000,162.86,163.16,161.1,161.54,18122,2,69090,72869.0
84,-29,FGBX,FGBXH8,D1,2018-01-30,1517270400,161.2,161.72,160.62,160.8,17224,2,67671,70484.0
85,-28,FGBX,FGBXH8,D1,2018-01-31,1517356800,160.98,162.68,160.98,161.3,21470,2,91429,76063.0
86,-27,FGBX,FGBXH8,D1,2018-02-01,1517443200,160.98,161.38,159.9,159.9,19686,0,79689,79596.0
87,-26,FGBX,FGBXH8,D1,2018-02-02,1517529600,159.9,160.34,158.8,159.24,18100,2,72779,81299.0
88,-25,FGBX,FGBXH8,D1,2018-02-05,1517788800,158.7,161.96,158.4,161.18,17481,0,71397,74622.0
89,-24,FGBX,FGBXH8,D1,2018-02-06,1517875200,161.0,161.52,160.18,160.2,23387,0,72516,72231.0
90,-23,FGBX,FGBXH8,D1,2018-02-07,1517961600,160.8,161.28,159.46,159.68,15706,2,57727,67213.0
91,-22,FGBX,FGBXH8,D1,2018-02-08,1518048000,159.4,160.16,158.14,159.9,19225,2,65905,65383.0
92,-21,FGBX,FGBXH8,D1,2018-02-09,1518134400,159.58,160.7,158.86,159.56,18311,2,61526,61719.0
93,-20,FGBX,FGBXH8,D1,2018-02-12,1518393600,159.22,159.8,158.62,159.38,13977,0,51246,59559.0
94,-19,FGBX,FGBXH8,D1,2018-02-13,1518480000,159.48,160.18,158.88,159.4,14419,2,55961,56244.0
95,-18,FGBX,FGBXH8,D1,2018-02-14,1518566400,159.44,159.66,158.22,158.3,18960,2,65486,57564.0
96,-17,FGBX,FGBXH8,D1,2018-02-15,1518652800,158.16,158.92,157.48,158.28,14678,0,53457,58301.0
97,-16,FGBX,FGBXH8,D1,2018-02-16,1518739200,158.26,160.2,158.14,159.68,11912,2,41593,53512.0
98,-15,FGBX,FGBXH8,D1,2018-02-19,1518998400,159.6,159.74,158.64,158.94,8948,2,35356,43469.0
99,-14,FGBX,FGBXH8,D1,2018-02-20,1519084800,158.6,159.48,157.9,158.86,13508,2,57314,44754.0
100,-13,FGBX,FGBXH8,D1,2018-02-21,1519171200,158.92,159.92,158.64,158.8,10501,2,43083,45251.0
101,-12,FGBX,FGBXH8,D1,2018-02-22,1519257600,158.92,160.0,158.72,159.56,9035,2,31299,43899.0
102,-11,FGBX,FGBXH8,D1,2018-02-23,1519344000,159.54,161.88,159.54,161.68,11284,2,42377,38920.0
103,-10,FGBX,FGBXH8,D1,2018-02-26,1519603200,162.0,162.24,161.38,161.68,10927,0,40788,38155.0
104,-9,FGBX,FGBXH8,D1,2018-02-27,1519689600,161.68,161.94,161.02,161.46,12899,0,46596,43254.0
105,-8,FGBX,FGBXH8,D1,2018-02-28,1519776000,161.46,161.78,161.02,161.58,11506,0,45782,44389.0
106,-7,FGBX,FGBXH8,D1,2018-03-01,1519862400,161.58,162.78,161.5,162.72,13026,0,48642,47007.0
107,-6,FGBX,FGBXH8,D1,2018-03-02,1519948800,162.72,163.08,161.84,162.02,8446,0,31080,41835.0
108,-5,FGBX,FGBXH8,D1,2018-03-03,1520035200,162.02,162.02,162.02,162.02,1,0,1,26574.0
109,-4,FGBX,FGBXH8,D1,2018-03-04,1520121600,162.02,162.02,162.02,162.02,3,0,3,10361.0
110,-3,FGBX,FGBXH8,D1,2018-03-05,1520208000,162.02,163.72,161.04,161.4,13361,0,40124,13376.0
111,-2,FGBX,FGBXH8,D1,2018-03-06,1520294400,161.4,161.8,160.34,160.9,12826,0,50262,30130.0
112,-1,FGBX,FGBXH8,D1,2018-03-07,1520380800,160.9,162.28,160.9,161.6,939,0,2412,30933.0
113,0,FGBX,FGBXH8,D1,2018-03-08,1520467200,161.6,162.2,161.6,161.78,73,0,407,17694.0
1,-180,FGBX,FGBXZ18,D1,2018-05-02,1525219200,168.6,168.6,168.6,168.6,1,0,0,0.0
2,-179,FGBX,FGBXZ18,D1,2018-05-03,1525305600,169.72,169.72,169.72,169.72,1,0,0,0.0
3,-178,FGBX,FGBXZ18,D1,2018-05-04,1525392000,169.36,169.36,169.36,169.36,1,0,0,0.0
4,-177,FGBX,FGBXZ18,D1,2018-05-07,1525651200,170.16,170.16,170.16,170.16,1,0,2555904,851968.0
5,-176,FGBX,FGBXZ18,D1,2018-05-08,1525737600,168.98,168.98,168.98,168.98,1,0,0,851968.0
6,-175,FGBX,FGBXZ18,D1,2018-05-09,1525824000,168.86,168.86,168.86,168.86,1,0,0,851968.0
7,-174,FGBX,FGBXZ18,D1,2018-05-10,1525910400,169.54,169.54,169.54,169.54,1,0,0,0.0
8,-173,FGBX,FGBXZ18,D1,2018-05-11,1525996800,169.18,169.18,169.18,169.18,1,0,0,0.0
9,-172,FGBX,FGBXZ18,D1,2018-05-14,1526256000,167.88,167.88,167.88,167.88,1,0,0,0.0
10,-171,FGBX,FGBXZ18,D1,2018-05-15,1526342400,166.88,166.88,166.88,166.88,1,0,0,0.0
11,-170,FGBX,FGBXZ18,D1,2018-05-16,1526428800,167.6,167.6,167.6,167.6,1,0,0,0.0
12,-169,FGBX,FGBXZ18,D1,2018-05-17,1526515200,166.5,166.5,166.5,166.5,1,0,0,0.0
13,-168,FGBX,FGBXZ18,D1,2018-05-18,1526601600,168.1,168.1,168.1,168.1,1,0,0,0.0
14,-167,FGBX,FGBXZ18,D1,2018-05-21,1526860800,169.46,169.46,169.46,169.46,1,0,0,0.0
15,-166,FGBX,FGBXZ18,D1,2018-05-22,1526947200,168.58,168.58,168.58,168.58,1,0,0,0.0
16,-165,FGBX,FGBXZ18,D1,2018-05-23,1527033600,170.18,170.18,170.18,170.18,1,0,0,0.0
17,-164,FGBX,FGBXZ18,D1,2018-05-24,1527120000,171.82,171.82,171.82,171.82,1,0,0,0.0
18,-163,FGBX,FGBXZ18,D1,2018-05-25,1527206400,173.26,173.26,173.26,173.26,1,0,0,0.0
19,-162,FGBX,FGBXZ18,D1,2018-05-28,1527465600,175.46,175.46,175.46,175.46,1,0,0,0.0
20,-161,FGBX,FGBXZ18,D1,2018-05-29,1527552000,176.88,176.88,176.88,176.88,1,0,0,0.0
21,-160,FGBX,FGBXZ18,D1,2018-05-30,1527638400,175.48,175.48,175.48,175.48,1,0,0,0.0
22,-159,FGBX,FGBXZ18,D1,2018-05-31,1527724800,176.6,176.6,176.6,176.6,1,0,0,0.0
23,-158,FGBX,FGBXZ18,D1,2018-06-01,1527811200,175.44,175.44,175.44,175.44,1,0,0,0.0
24,-157,FGBX,FGBXZ18,D1,2018-06-04,1528070400,174.1,174.1,174.1,174.1,1,0,0,0.0
25,-156,FGBX,FGBXZ18,D1,2018-06-05,1528156800,175.14,175.14,175.14,175.14,1,0,0,0.0
26,-155,FGBX,FGBXZ18,D1,2018-06-06,1528243200,172.94,172.94,172.94,172.94,1,0,0,0.0
27,-154,FGBX,FGBXZ18,D1,2018-06-07,1528329600,170.5,170.5,170.5,170.5,1,0,0,0.0
28,-153,FGBX,FGBXZ18,D1,2018-06-08,1528416000,172.2,172.2,172.2,172.2,1,0,0,0.0
29,-152,FGBX,FGBXZ18,D1,2018-06-11,1528675200,170.06,170.06,170.06,170.06,1,0,0,0.0
30,-151,FGBX,FGBXZ18,D1,2018-06-12,1528761600,170.36,170.36,170.36,170.36,1,0,0,0.0
31,-150,FGBX,FGBXZ18,D1,2018-06-13,1528848000,170.84,170.84,170.84,170.84,1,0,0,0.0
32,-149,FGBX,FGBXZ18,D1,2018-06-14,1528934400,171.14,171.14,171.14,171.14,1,0,0,0.0
33,-148,FGBX,FGBXZ18,D1,2018-06-15,1529020800,171.04,171.04,171.04,171.04,1,0,0,0.0
34,-147,FGBX,FGBXZ18,D1,2018-06-18,1529280000,170.6,170.6,170.6,170.6,1,0,2555904,851968.0
35,-146,FGBX,FGBXZ18,D1,2018-06-19,1529366400,172.1,172.1,172.1,172.1,1,0,0,851968.0
36,-145,FGBX,FGBXZ18,D1,2018-06-20,1529452800,171.74,171.74,171.74,171.74,1,0,0,851968.0
37,-144,FGBX,FGBXZ18,D1,2018-06-21,1529539200,172.8,172.8,172.8,172.8,1,0,0,0.0
38,-143,FGBX,FGBXZ18,D1,2018-06-22,1529625600,172.88,172.88,172.88,172.88,1,0,0,0.0
39,-142,FGBX,FGBXZ18,D1,2018-06-25,1529884800,173.32,173.32,173.32,173.32,1,0,0,0.0
40,-141,FGBX,FGBXZ18,D1,2018-06-26,1529971200,173.02,173.02,173.02,173.02,1,0,0,0.0
41,-140,FGBX,FGBXZ18,D1,2018-06-27,1530057600,174.46,174.46,174.46,174.46,1,0,0,0.0
42,-139,FGBX,FGBXZ18,D1,2018-06-28,1530144000,175.26,175.26,175.26,175.26,1,0,0,0.0
43,-138,FGBX,FGBXZ18,D1,2018-06-29,1530230400,176.22,176.22,176.22,176.22,1,0,0,0.0
44,-137,FGBX,FGBXZ18,D1,2018-07-02,1530489600,176.5,176.5,176.5,176.5,1,0,0,0.0
45,-136,FGBX,FGBXZ18,D1,2018-07-03,1530576000,177.24,177.24,177.24,177.24,1,0,0,0.0
46,-135,FGBX,FGBXZ18,D1,2018-07-04,1530662400,176.52,176.52,176.52,176.52,1,0,0,0.0
47,-134,FGBX,FGBXZ18,D1,2018-07-05,1530748800,177.34,177.34,177.34,177.34,1,0,0,0.0
48,-133,FGBX,FGBXZ18,D1,2018-07-06,1530835200,177.16,177.16,177.16,177.16,1,0,0,0.0
49,-132,FGBX,FGBXZ18,D1,2018-07-09,1531094400,176.12,176.12,176.12,176.12,1,0,0,0.0
50,-131,FGBX,FGBXZ18,D1,2018-07-10,1531180800,175.82,175.82,175.82,175.82,1,0,0,0.0
51,-130,FGBX,FGBXZ18,D1,2018-07-11,1531267200,176.34,176.34,176.34,176.34,1,0,0,0.0
52,-129,FGBX,FGBXZ18,D1,2018-07-12,1531353600,176.68,176.68,176.68,176.68,1,0,0,0.0
53,-128,FGBX,FGBXZ18,D1,2018-07-13,1531440000,177.5,177.5,176.76,176.76,2,0,1,0.0
54,-127,FGBX,FGBXZ18,D1,2018-07-16,1531699200,175.72,175.72,175.72,175.72,1,0,0,0.0
55,-126,FGBX,FGBXZ18,D1,2018-07-17,1531785600,176.58,176.58,176.58,176.58,1,0,0,0.0
56,-125,FGBX,FGBXZ18,D1,2018-07-18,1531872000,176.58,176.58,176.58,176.58,1,0,0,0.0
57,-124,FGBX,FGBXZ18,D1,2018-07-19,1531958400,176.96,176.96,176.96,176.96,1,0,0,0.0
58,-123,FGBX,FGBXZ18,D1,2018-07-20,1532044800,175.7,175.7,175.7,175.7,1,0,0,0.0
59,-122,FGBX,FGBXZ18,D1,2018-07-23,1532304000,174.7,174.7,174.7,174.7,1,0,4128768,1376256.0
60,-121,FGBX,FGBXZ18,D1,2018-07-24,1532390400,175.4,175.4,175.4,175.4,1,0,0,1376256.0
61,-120,FGBX,FGBXZ18,D1,2018-07-25,1532476800,175.98,175.98,175.98,175.98,1,0,0,1376256.0
62,-119,FGBX,FGBXZ18,D1,2018-07-26,1532563200,175.26,175.26,175.26,175.26,2,0,2,1.0
63,-118,FGBX,FGBXZ18,D1,2018-07-27,1532649600,174.92,174.92,174.92,174.92,1,0,0,1.0
64,-117,FGBX,FGBXZ18,D1,2018-07-30,1532908800,173.36,173.36,173.36,173.36,1,0,0,1.0
65,-116,FGBX,FGBXZ18,D1,2018-07-31,1532995200,174.48,174.48,174.14,174.14,3,0,6,2.0
66,-115,FGBX,FGBXZ18,D1,2018-08-01,1533081600,172.52,172.72,172.52,172.72,2,0,1,2.0
67,-114,FGBX,FGBXZ18,D1,2018-08-02,1533168000,173.0,173.26,173.0,173.26,3,0,3,3.0
68,-113,FGBX,FGBXZ18,D1,2018-08-03,1533254400,175.14,175.14,175.14,175.14,1,0,0,1.0
69,-112,FGBX,FGBXZ18,D1,2018-08-06,1533513600,175.24,175.94,175.24,175.92,9,0,8,4.0
70,-111,FGBX,FGBXZ18,D1,2018-08-07,1533600000,175.22,175.3,175.22,175.28,3,0,4,4.0
71,-110,FGBX,FGBXZ18,D1,2018-08-08,1533686400,175.22,175.22,175.06,175.06,5,0,5,6.0
72,-109,FGBX,FGBXZ18,D1,2018-08-09,1533772800,175.22,175.82,175.22,175.82,2,0,50,20.0
73,-108,FGBX,FGBXZ18,D1,2018-08-10,1533859200,176.9,178.1,176.9,178.1,14,0,10,22.0
74,-107,FGBX,FGBXZ18,D1,2018-08-13,1534118400,178.32,178.36,177.92,177.92,9,0,35,32.0
75,-106,FGBX,FGBXZ18,D1,2018-08-14,1534204800,177.64,177.64,177.64,177.64,2,0,4,16.0
76,-105,FGBX,FGBXZ18,D1,2018-08-15,1534291200,177.42,178.76,177.42,178.44,8,0,13,17.0
77,-104,FGBX,FGBXZ18,D1,2018-08-16,1534377600,178.46,178.46,178.06,178.22,4,0,8,8.0
78,-103,FGBX,FGBXZ18,D1,2018-08-17,1534464000,178.66,178.66,178.66,178.66,1,0,0,7.0
79,-102,FGBX,FGBXZ18,D1,2018-08-20,1534723200,178.76,178.76,178.76,178.76,1,0,0,3.0
80,-101,FGBX,FGBXZ18,D1,2018-08-21,1534809600,177.68,177.68,177.68,177.68,1,0,0,0.0
81,-100,FGBX,FGBXZ18,D1,2018-08-22,1534896000,177.5,177.5,177.02,177.18,13,0,17,6.0
82,-99,FGBX,FGBXZ18,D1,2018-08-23,1534982400,177.46,177.64,177.04,177.38,28,0,28,15.0
83,-98,FGBX,FGBXZ18,D1,2018-08-24,1535068800,177.04,177.14,176.98,177.14,4,0,7,17.0
84,-97,FGBX,FGBXZ18,D1,2018-08-27,1535328000,176.68,176.68,175.86,175.86,3,0,27,21.0
85,-96,FGBX,FGBXZ18,D1,2018-08-28,1535414400,175.76,176.12,174.98,175.44,221,0,505,180.0
86,-95,FGBX,FGBXZ18,D1,2018-08-29,1535500800,175.6,175.82,174.42,174.76,306,0,913,482.0
87,-94,FGBX,FGBXZ18,D1,2018-08-30,1535587200,174.72,176.84,174.6,176.58,636,0,1725,1048.0
88,-93,FGBX,FGBXZ18,D1,2018-08-31,1535673600,176.6,177.38,176.2,176.98,1115,0,2580,1739.0
89,-92,FGBX,FGBXZ18,D1,2018-09-03,1535932800,176.92,177.72,176.74,177.12,891,0,3558,2621.0
90,-91,FGBX,FGBXZ18,D1,2018-09-04,1536019200,177.24,177.24,176.1,176.34,2485,0,15455,7198.0
91,-90,FGBX,FGBXZ18,D1,2018-09-05,1536105600,176.2,176.66,174.96,175.48,3908,0,41366,20126.0
92,-89,FGBX,FGBXZ18,D1,2018-09-06,1536192000,175.3,176.68,175.3,176.36,3397,0,36729,31183.0
93,-88,FGBX,FGBXZ18,D1,2018-09-07,1536278400,176.62,176.64,175.1,175.14,3317,0,33438,37178.0
94,-87,FGBX,FGBXZ18,D1,2018-09-09,1536451200,175.14,175.14,175.14,175.14,8,0,8,23392.0
95,-86,FGBX,FGBXZ18,D1,2018-09-10,1536537600,175.14,175.52,174.2,174.68,10531,0,35529,22992.0
96,-85,FGBX,FGBXZ18,D1,2018-09-11,1536624000,174.48,174.52,173.5,173.7,10315,0,33295,22944.0
97,-84,FGBX,FGBXZ18,D1,2018-09-12,1536710400,173.68,174.78,173.68,174.5,11412,0,35952,34925.0
98,-83,FGBX,FGBXZ18,D1,2018-09-13,1536796800,174.72,174.84,173.6,174.16,12176,0,37171,35473.0
99,-82,FGBX,FGBXZ18,D1,2018-09-14,1536883200,174.36,174.36,173.08,173.68,10297,2,32999,35374.0
100,-81,FGBX,FGBXZ18,D1,2018-09-15,1536969600,173.68,173.68,173.68,173.68,5,0,30,23400.0
101,-80,FGBX,FGBXZ18,D1,2018-09-16,1537056000,173.68,173.68,173.68,173.68,4,0,24,11018.0
6,-177,FGBX,FGBXM19,D1,2018-09-17,1537142400,171.2,171.2,171.2,171.2,1,0,2555904,851968.0
7,-176,FGBX,FGBXM19,D1,2018-09-18,1537228800,170.46,170.46,170.46,170.46,1,0,0,851968.0
8,-175,FGBX,FGBXM19,D1,2018-09-19,1537315200,170.02,170.02,170.02,170.02,1,0,0,851968.0
105,-76,FGBX,FGBXZ18,D1,2018-09-20,1537401600,172.74,173.18,172.16,172.94,12034,0,36330,37317.0
106,-75,FGBX,FGBXZ18,D1,2018-09-21,1537488000,172.86,173.56,172.58,173.42,8547,2,25770,32606.0
107,-74,FGBX,FGBXZ18,D1,2018-09-22,1537574400,173.42,173.42,173.42,173.42,2,0,4,20701.0
108,-73,FGBX,FGBXZ18,D1,2018-09-23,1537660800,173.42,173.42,173.42,173.42,3,0,6,8593.0
109,-72,FGBX,FGBXZ18,D1,2018-09-24,1537747200,173.48,173.7,171.98,172.6,13795,0,44880,14963.0
110,-71,FGBX,FGBXZ18,D1,2018-09-25,1537833600,172.28,172.36,171.42,171.76,14008,0,46615,30500.0
111,-70,FGBX,FGBXZ18,D1,2018-09-26,1537920000,171.66,173.08,171.66,172.94,10746,0,35146,42214.0
112,-69,FGBX,FGBXZ18,D1,2018-09-27,1538006400,173.26,173.9,172.76,173.64,18901,0,59564,47108.0
113,-68,FGBX,FGBXZ18,D1,2018-09-28,1538092800,173.88,175.3,173.64,174.24,21308,0,71805,55505.0
114,-67,FGBX,FGBXZ18,D1,2018-09-29,1538179200,174.24,174.24,174.24,174.24,1,0,1,43790.0
115,-66,FGBX,FGBXZ18,D1,2018-09-30,1538265600,174.24,174.24,174.24,174.24,3,0,3,23936.0
116,-65,FGBX,FGBXZ18,D1,2018-10-01,1538352000,174.06,174.26,172.8,173.74,15644,0,47524,15843.0
117,-64,FGBX,FGBXZ18,D1,2018-10-02,1538438400,174.12,175.64,174.06,175.32,18170,0,47650,31726.0
118,-63,FGBX,FGBXZ18,D1,2018-10-03,1538524800,174.52,175.02,172.92,173.4,17693,0,52013,49062.0
119,-62,FGBX,FGBXZ18,D1,2018-10-04,1538611200,172.52,173.86,171.96,172.8,26611,0,83572,61078.0
120,-61,FGBX,FGBXZ18,D1,2018-10-05,1538697600,172.64,172.74,170.44,171.02,17831,2,52033,62539.0
121,-60,FGBX,FGBXZ18,D1,2018-10-06,1538784000,171.02,171.02,171.02,171.02,3,0,9,45205.0
122,-59,FGBX,FGBXZ18,D1,2018-10-07,1538870400,171.02,171.02,171.02,171.02,3,0,9,17350.0
123,-58,FGBX,FGBXZ18,D1,2018-10-08,1538956800,170.76,172.36,170.68,171.48,13559,0,39896,13305.0
124,-57,FGBX,FGBXZ18,D1,2018-10-09,1539043200,171.22,172.18,170.4,172.1,19067,0,53771,31225.0
125,-56,FGBX,FGBXZ18,D1,2018-10-10,1539129600,172.04,172.24,170.66,172.04,16485,0,46840,46836.0
126,-55,FGBX,FGBXZ18,D1,2018-10-11,1539216000,172.42,173.28,172.14,172.82,18384,0,47290,49300.0
127,-54,FGBX,FGBXZ18,D1,2018-10-12,1539302400,172.82,173.36,171.8,173.0,11183,0,30829,41653.0
128,-53,FGBX,FGBXZ18,D1,2018-10-13,1539388800,173.0,173.0,173.0,173.0,1,0,1,26040.0
129,-52,FGBX,FGBXZ18,D1,2018-10-14,1539475200,173.0,173.0,173.0,173.0,5,0,5,10278.0
130,-51,FGBX,FGBXZ18,D1,2018-10-15,1539561600,173.34,173.6,172.58,172.86,9072,0,28918,9641.0
131,-50,FGBX,FGBXZ18,D1,2018-10-16,1539648000,172.7,173.5,172.42,173.22,10060,0,31952,20292.0
132,-49,FGBX,FGBXZ18,D1,2018-10-17,1539734400,173.12,174.36,173.12,173.68,13090,0,45810,35560.0
133,-48,FGBX,FGBXZ18,D1,2018-10-18,1539820800,173.68,175.76,173.34,175.32,13638,0,41665,39809.0
134,-47,FGBX,FGBXZ18,D1,2018-10-19,1539907200,175.3,176.22,174.48,174.6,20275,2,60248,49241.0
135,-46,FGBX,FGBXZ18,D1,2018-10-20,1539993600,174.6,174.6,174.6,174.6,5,0,10,33974.0
136,-45,FGBX,FGBXZ18,D1,2018-10-21,1540080000,174.6,174.6,174.6,174.6,3,0,6,20088.0
137,-44,FGBX,FGBXZ18,D1,2018-10-22,1540166400,174.4,175.5,173.98,174.98,15708,0,40521,13512.0
138,-43,FGBX,FGBXZ18,D1,2018-10-23,1540252800,175.7,176.6,175.42,175.88,18942,0,50385,30304.0
139,-42,FGBX,FGBXZ18,D1,2018-10-24,1540339200,176.12,177.1,176.04,177.02,15569,0,46192,45699.0
140,-41,FGBX,FGBXZ18,D1,2018-10-25,1540425600,177.12,177.18,176.14,176.54,17044,0,53051,49876.0
141,-40,FGBX,FGBXZ18,D1,2018-10-26,1540512000,177.12,178.28,176.84,177.74,19990,2,55302,51515.0
142,-39,FGBX,FGBXZ18,D1,2018-10-28,1540684800,177.74,177.74,177.74,177.74,3,0,3,36119.0
143,-38,FGBX,FGBXZ18,D1,2018-10-29,1540771200,177.8,178.06,176.1,176.66,16684,2,53268,36191.0
144,-37,FGBX,FGBXZ18,D1,2018-10-30,1540857600,176.66,177.18,175.64,176.5,19404,0,65302,39524.0
145,-36,FGBX,FGBXZ18,D1,2018-10-31,1540944000,176.34,176.98,175.94,176.82,16279,0,66437,61669.0
146,-35,FGBX,FGBXZ18,D1,2018-11-01,1541030400,176.78,176.82,175.82,176.24,13556,2,44155,58631.0
147,-34,FGBX,FGBXZ18,D1,2018-11-02,1541116800,175.5,175.78,174.62,174.76,14194,0,42692,51095.0
148,-33,FGBX,FGBXZ18,D1,2018-11-03,1541203200,174.76,174.76,174.76,174.76,1,0,1,28949.0
149,-32,FGBX,FGBXZ18,D1,2018-11-04,1541289600,174.76,174.76,174.76,174.76,3,0,3,14232.0
150,-31,FGBX,FGBXZ18,D1,2018-11-05,1541376000,174.82,175.62,174.8,175.42,12510,0,41388,13797.0
151,-30,FGBX,FGBXZ18,D1,2018-11-06,1541462400,175.42,176.04,175.08,175.24,10022,0,32139,24510.0
152,-29,FGBX,FGBXZ18,D1,2018-11-07,1541548800,175.24,175.8,174.4,174.44,12339,0,42802,38776.0
153,-28,FGBX,FGBXZ18,D1,2018-11-08,1541635200,174.44,174.82,174.1,174.5,9501,0,31472,35471.0
154,-27,FGBX,FGBXZ18,D1,2018-11-09,1541721600,174.5,176.12,174.5,175.86,10297,0,35211,36495.0
155,-26,FGBX,FGBXZ18,D1,2018-11-10,1541808000,175.86,175.86,175.86,175.86,2,0,6,22230.0
156,-25,FGBX,FGBXZ18,D1,2018-11-11,1541894400,175.86,175.86,175.86,175.86,4,0,12,11743.0
157,-24,FGBX,FGBXZ18,D1,2018-11-12,1541980800,175.94,176.82,175.78,175.98,9469,0,34459,11492.0
158,-23,FGBX,FGBXZ18,D1,2018-11-13,1542067200,175.9,176.44,175.5,176.24,16638,0,54401,29624.0
159,-22,FGBX,FGBXZ18,D1,2018-11-14,1542153600,176.24,176.38,175.14,175.76,16978,0,52369,47076.0
160,-21,FGBX,FGBXZ18,D1,2018-11-15,1542240000,175.58,176.96,175.38,176.4,20037,0,60418,55729.0
161,-20,FGBX,FGBXZ18,D1,2018-11-16,1542326400,176.4,176.74,176.22,176.52,12613,0,37646,50144.0
162,-19,FGBX,FGBXZ18,D1,2018-11-17,1542412800,176.52,176.52,176.52,176.52,1,0,2,32689.0
163,-18,FGBX,FGBXZ18,D1,2018-11-18,1542499200,176.52,176.52,176.52,176.52,3,0,6,12551.0
164,-17,FGBX,FGBXZ18,D1,2018-11-19,1542585600,176.6,176.6,175.44,176.24,11108,0,38944,12984.0
165,-16,FGBX,FGBXZ18,D1,2018-11-20,1542672000,176.24,177.54,176.04,177.22,15901,0,55323,31424.0
166,-15,FGBX,FGBXZ18,D1,2018-11-21,1542758400,177.22,177.22,176.24,176.66,12422,0,40066,44778.0
167,-14,FGBX,FGBXZ18,D1,2018-11-22,1542844800,176.66,177.08,176.1,176.6,7964,0,26989,40793.0
168,-13,FGBX,FGBXZ18,D1,2018-11-23,1542931200,176.44,178.32,176.22,177.86,12843,0,50478,39178.0
169,-12,FGBX,FGBXZ18,D1,2018-11-24,1543017600,177.86,177.86,177.86,177.86,2,0,2,25823.0
170,-11,FGBX,FGBXZ18,D1,2018-11-25,1543104000,177.86,177.86,177.86,177.86,3,0,3,16828.0
56,-127,FGBX,FGBXM19,D1,2018-11-26,1543190400,174.52,174.52,174.52,174.52,1,0,12320768,4106923.0
57,-126,FGBX,FGBXM19,D1,2018-11-27,1543276800,174.72,174.72,174.72,174.72,1,0,0,4106923.0
58,-125,FGBX,FGBXM19,D1,2018-11-28,1543363200,174.4,174.4,174.4,174.4,1,0,0,4106923.0
174,-7,FGBX,FGBXZ18,D1,2018-11-29,1543449600,177.0,178.1,176.94,177.84,14321,0,51073,42724.0
175,-6,FGBX,FGBXZ18,D1,2018-11-30,1543536000,177.96,178.62,177.76,178.26,12772,2,50116,47621.0
176,-5,FGBX,FGBXZ18,D1,2018-12-01,1543622400,178.26,178.26,178.26,178.26,1,0,1,33730.0
177,-4,FGBX,FGBXZ18,D1,2018-12-02,1543708800,178.26,178.26,178.26,178.26,2,0,2,16706.0
178,-3,FGBX,FGBXZ18,D1,2018-12-03,1543795200,177.32,179.06,177.16,179.06,11403,0,40021,13341.0
179,-2,FGBX,FGBXZ18,D1,2018-12-04,1543881600,179.06,181.78,179.06,181.12,14736,0,53317,31113.0
180,-1,FGBX,FGBXZ18,D1,2018-12-05,1543968000,181.12,181.64,180.24,180.28,1792,0,4083,32474.0
109,-87,FGBX,FGBXH19,D1,2018-12-06,1544054400,178.74,180.94,178.74,180.14,18078,0,62535,39559.0
110,-86,FGBX,FGBXH19,D1,2018-12-07,1544140800,180.14,181.1,179.36,181.1,14226,0,47407,48920.0
111,-85,FGBX,FGBXH19,D1,2018-12-08,1544227200,181.1,181.1,181.1,181.1,4,0,4,36649.0
112,-84,FGBX,FGBXH19,D1,2018-12-09,1544313600,181.1,181.1,181.1,181.1,4,0,4,15805.0
113,-83,FGBX,FGBXH19,D1,2018-12-10,1544400000,181.28,182.06,180.44,181.82,14287,2,52603,17537.0
2,-191,FGBX,FGBXU19,D1,2018-12-11,1544486400,181.24,181.24,181.24,181.24,1,0,327680,163840.0
3,-190,FGBX,FGBXU19,D1,2018-12-12,1544572800,180.54,180.54,180.54,180.54,1,0,0,109227.0
4,-189,FGBX,FGBXU19,D1,2018-12-13,1544659200,179.02,179.02,179.02,179.02,1,0,0,109227.0
117,-79,FGBX,FGBXH19,D1,2018-12-14,1544745600,179.96,180.96,179.62,180.06,10817,2,41373,54347.0
118,-78,FGBX,FGBXH19,D1,2018-12-15,1544832000,180.06,180.06,180.06,180.06,1,0,2,36701.0
119,-77,FGBX,FGBXH19,D1,2018-12-16,1544918400,180.06,180.06,180.06,180.06,4,0,8,13794.0
120,-76,FGBX,FGBXH19,D1,2018-12-17,1545004800,180.32,180.68,179.64,180.6,7824,0,27110,9040.0
121,-75,FGBX,FGBXH19,D1,2018-12-18,1545091200,180.78,181.48,180.6,181.46,9293,2,35141,20753.0
122,-74,FGBX,FGBXH19,D1,2018-12-19,1545177600,181.46,182.28,180.72,181.96,9621,0,34132,32128.0
123,-73,FGBX,FGBXH19,D1,2018-12-20,1545264000,182.1,182.7,181.5,181.66,12777,2,44263,37845.0
124,-72,FGBX,FGBXH19,D1,2018-12-21,1545350400,181.76,181.76,180.54,180.74,8479,2,29446,35947.0
125,-71,FGBX,FGBXH19,D1,2018-12-22,1545436800,180.74,180.74,180.74,180.74,1,0,3,24571.0
126,-70,FGBX,FGBXH19,D1,2018-12-23,1545523200,180.74,180.74,180.74,180.74,4,0,12,9820.0
127,-69,FGBX,FGBXH19,D1,2018-12-24,1545609600,180.74,180.74,180.74,180.74,1,0,3,6.0
128,-68,FGBX,FGBXH19,D1,2018-12-26,1545782400,180.74,180.74,180.74,180.74,3,0,9,8.0
129,-67,FGBX,FGBXH19,D1,2018-12-27,1545868800,180.5,181.7,180.44,181.04,6757,2,18940,6317.0
130,-66,FGBX,FGBXH19,D1,2018-12-28,1545955200,181.22,181.26,180.36,180.9,6627,2,20002,12984.0
131,-65,FGBX,FGBXH19,D1,2018-12-29,1546041600,180.9,180.9,180.9,180.9,2,0,2,12981.0
132,-64,FGBX,FGBXH19,D1,2018-12-30,1546128000,180.9,180.9,180.9,180.9,4,0,4,6669.0
133,-63,FGBX,FGBXH19,D1,2019-01-02,1546387200,181.04,184.2,181.0,183.66,11097,2,41462,13823.0
134,-62,FGBX,FGBXH19,D1,2019-01-03,1546473600,183.8,184.4,182.54,183.84,11700,2,37006,26157.0
135,-61,FGBX,FGBXH19,D1,2019-01-04,1546560000,182.5,183.92,181.32,181.44,11231,2,34528,37665.0
136,-60,FGBX,FGBXH19,D1,2019-01-05,1546646400,181.44,181.44,181.44,181.44,2,0,2,23845.0
137,-59,FGBX,FGBXH19,D1,2019-01-06,1546732800,181.44,181.44,181.44,181.44,4,0,4,11511.0
138,-58,FGBX,FGBXH19,D1,2019-01-07,1546819200,181.22,182.08,181.1,181.12,9147,2,29886,9964.0
139,-57,FGBX,FGBXH19,D1,2019-01-08,1546905600,181.12,181.5,180.46,181.04,8947,2,32935,20942.0
140,-56,FGBX,FGBXH19,D1,2019-01-09,1546992000,181.0,182.02,180.48,181.28,9888,2,34257,32359.0
141,-55,FGBX,FGBXH19,D1,2019-01-10,1547078400,181.62,182.42,181.56,181.92,8781,2,32398,33197.0
142,-54,FGBX,FGBXH19,D1,2019-01-11,1547164800,182.04,183.04,181.9,182.38,7683,2,28427,31694.0
143,-53,FGBX,FGBXH19,D1,2019-01-12,1547251200,182.38,182.38,182.38,182.38,2,0,2,20276.0
144,-52,FGBX,FGBXH19,D1,2019-01-13,1547337600,182.38,182.38,182.38,182.38,6,0,6,9478.0
145,-51,FGBX,FGBXH19,D1,2019-01-14,1547424000,182.6,183.58,182.36,182.62,7674,2,26073,8694.0
146,-50,FGBX,FGBXH19,D1,2019-01-15,1547510400,182.46,183.54,182.16,182.72,10613,2,35675,20585.0
147,-49,FGBX,FGBXH19,D1,2019-01-16,1547596800,183.04,183.14,181.5,182.62,10664,2,40472,34073.0
148,-48,FGBX,FGBXH19,D1,2019-01-17,1547683200,182.66,183.08,181.68,182.08,7853,2,28526,34891.0
149,-47,FGBX,FGBXH19,D1,2019-01-18,1547769600,181.76,181.96,180.7,181.4,8422,0,28190,32396.0
150,-46,FGBX,FGBXH19,D1,2019-01-19,1547856000,181.4,181.4,181.4,181.4,1,0,1,18906.0
151,-45,FGBX,FGBXH19,D1,2019-01-20,1547942400,181.4,181.4,181.4,181.4,5,0,5,9399.0
152,-44,FGBX,FGBXH19,D1,2019-01-21,1548028800,181.68,181.96,181.24,181.66,4158,2,15888,5298.0
153,-43,FGBX,FGBXH19,D1,2019-01-22,1548115200,181.66,182.98,181.4,182.74,8244,2,29248,15047.0
154,-42,FGBX,FGBXH19,D1,2019-01-23,1548201600,182.68,183.04,182.14,182.86,7790,2,29052,24729.0
155,-41,FGBX,FGBXH19,D1,2019-01-24,1548288000,182.98,185.42,182.82,185.32,11908,2,41821,33374.0
156,-40,FGBX,FGBXH19,D1,2019-01-25,1548374400,185.22,185.32,184.38,184.98,9656,2,39170,36681.0
157,-39,FGBX,FGBXH19,D1,2019-01-26,1548460800,184.98,184.98,184.98,184.98,4,0,4,26998.0
158,-38,FGBX,FGBXH19,D1,2019-01-27,1548547200,184.98,184.98,184.98,184.98,7,0,7,13060.0
159,-37,FGBX,FGBXH19,D1,2019-01-28,1548633600,185.0,185.14,183.4,183.62,10344,0,37673,12561.0
160,-36,FGBX,FGBXH19,D1,2019-01-29,1548720000,183.9,184.56,183.56,184.54,10245,2,42094,26591.0
161,-35,FGBX,FGBXH19,D1,2019-01-30,1548806400,184.36,185.22,183.92,185.1,9214,2,35068,38278.0
162,-34,FGBX,FGBXH19,D1,2019-01-31,1548892800,185.14,186.28,184.78,186.02,12370,2,47691,41618.0
163,-33,FGBX,FGBXH19,D1,2019-02-01,1548979200,186.0,186.1,184.86,185.12,11023,2,37639,40133.0
164,-32,FGBX,FGBXH19,D1,2019-02-02,1549065600,185.12,185.12,185.12,185.12,1,6,2,28444.0
165,-31,FGBX,FGBXH19,D1,2019-02-03,1549152000,185.12,185.12,185.12,185.12,3,0,6,12549.0
166,-30,FGBX,FGBXH19,D1,2019-02-04,1549238400,185.0,185.36,184.52,184.88,6990,0,25168,8392.0
36,-157,FGBX,FGBXU19,D1,2019-02-05,1549324800,182.2,182.2,182.2,182.2,1,0,3538944,1179648.0
37,-156,FGBX,FGBXU19,D1,2019-02-06,1549411200,182.28,182.28,182.28,182.28,1,0,0,1179648.0
38,-155,FGBX,FGBXU19,D1,2019-02-07,1549497600,183.98,183.98,183.98,183.98,1,0,0,1179648.0
170,-26,FGBX,FGBXH19,D1,2019-02-08,1549584000,186.9,188.14,186.32,187.82,12588,2,49436,44263.0
171,-25,FGBX,FGBXH19,D1,2019-02-09,1549670400,187.82,187.82,187.82,187.82,3,0,3,32652.0
172,-24,FGBX,FGBXH19,D1,2019-02-10,1549756800,187.82,187.82,187.82,187.82,3,0,3,16481.0
173,-23,FGBX,FGBXH19,D1,2019-02-11,1549843200,187.92,188.0,186.1,186.2,11113,0,42231,14079.0
174,-22,FGBX,FGBXH19,D1,2019-02-12,1549929600,186.28,186.38,185.26,185.78,11350,2,41468,27901.0
175,-21,FGBX,FGBXH19,D1,2019-02-13,1550016000,185.6,186.36,185.3,186.14,8836,2,36094,39931.0
176,-20,FGBX,FGBXH19,D1,2019-02-14,1550102400,186.42,188.0,185.82,187.36,11067,0,42260,39941.0
177,-19,FGBX,FGBXH19,D1,2019-02-15,1550188800,187.1,187.78,186.78,187.3,8418,2,29140,35831.0
178,-18,FGBX,FGBXH19,D1,2019-02-17,1550361600,187.3,187.3,187.3,187.3,5,0,5,23802.0
179,-17,FGBX,FGBXH19,D1,2019-02-18,1550448000,187.3,187.3,186.14,186.36,5752,2,24570,17905.0
180,-16,FGBX,FGBXH19,D1,2019-02-19,1550534400,186.44,187.44,186.04,186.58,11022,2,46893,23823.0
181,-15,FGBX,FGBXH19,D1,2019-02-20,1550620800,186.68,187.42,186.3,186.94,9249,2,37871,36445.0
182,-14,FGBX,FGBXH19,D1,2019-02-21,1550707200,187.08,187.3,185.6,186.26,12871,2,52148,45637.0
183,-13,FGBX,FGBXH19,D1,2019-02-22,1550793600,186.3,187.72,186.16,187.58,8120,2,25756,38592.0
184,-12,FGBX,FGBXH19,D1,2019-02-23,1550880000,187.58,187.58,187.58,187.58,1,0,1,25968.0
185,-11,FGBX,FGBXH19,D1,2019-02-24,1550966400,187.58,187.58,187.58,187.58,4,0,4,8587.0
186,-10,FGBX,FGBXH19,D1,2019-02-25,1551052800,187.3,187.44,186.34,186.68,8130,0,30691,10232.0
187,-9,FGBX,FGBXH19,D1,2019-02-26,1551139200,186.76,187.2,185.96,186.36,10661,0,39755,23483.0
188,-8,FGBX,FGBXH19,D1,2019-02-27,1551225600,186.58,186.78,184.56,185.18,15078,2,58288,42911.0
189,-7,FGBX,FGBXH19,D1,2019-02-28,1551312000,184.92,185.8,183.68,183.92,14733,0,55131,51058.0
190,-6,FGBX,FGBXH19,D1,2019-03-01,1551398400,183.88,184.16,182.8,183.3,12950,2,49973,54464.0
191,-5,FGBX,FGBXH19,D1,2019-03-02,1551484800,183.3,183.3,183.3,183.3,1,0,1,35035.0
192,-4,FGBX,FGBXH19,D1,2019-03-03,1551571200,183.3,183.3,183.3,183.3,2,0,2,16659.0
193,-3,FGBX,FGBXH19,D1,2019-03-04,1551657600,183.3,184.56,183.14,184.32,10640,0,38100,12701.0
194,-2,FGBX,FGBXH19,D1,2019-03-05,1551744000,184.28,184.62,183.34,184.56,9380,0,31174,23092.0
195,-1,FGBX,FGBXH19,D1,2019-03-06,1551830400,184.6,185.44,184.24,185.16,1764,0,4212,24495.0
97,-86,FGBX,FGBXM19,D1,2019-03-07,1551916800,183.68,185.62,183.12,185.3,19214,0,70717,43251.0
98,-85,FGBX,FGBXM19,D1,2019-03-08,1552003200,185.22,186.68,185.16,186.4,15879,2,54406,55904.0
99,-84,FGBX,FGBXM19,D1,2019-03-09,1552089600,186.4,186.4,186.4,186.4,2,0,2,41708.0
100,-83,FGBX,FGBXM19,D1,2019-03-10,1552176000,186.4,186.4,186.4,186.4,4,0,4,18137.0
101,-82,FGBX,FGBXM19,D1,2019-03-11,1552262400,186.58,186.58,185.36,185.36,11421,0,39308,13105.0
102,-81,FGBX,FGBXM19,D1,2019-03-12,1552348800,185.34,186.36,184.04,186.0,12777,0,45634,28315.0
103,-80,FGBX,FGBXM19,D1,2019-03-13,1552435200,186.04,186.12,184.92,185.18,9184,0,34839,39927.0
104,-79,FGBX,FGBXM19,D1,2019-03-14,1552521600,185.12,185.74,184.82,185.18,9834,0,30921,37131.0
105,-78,FGBX,FGBXM19,D1,2019-03-15,1552608000,185.12,185.88,184.62,185.18,8458,2,28381,31380.0
106,-77,FGBX,FGBXM19,D1,2019-03-16,1552694400,185.18,185.18,185.18,185.18,2,0,2,19768.0
107,-76,FGBX,FGBXM19,D1,2019-03-17,1552780800,185.18,185.18,185.18,185.18,3,0,3,9462.0
108,-75,FGBX,FGBXM19,D1,2019-03-18,1552867200,184.98,185.54,184.48,185.3,7301,0,24865,8290.0
109,-74,FGBX,FGBXM19,D1,2019-03-19,1552953600,185.44,185.8,184.0,184.68,11785,2,42710,22526.0
110,-73,FGBX,FGBXM19,D1,2019-03-20,1553040000,185.02,186.16,184.8,186.06,8359,0,25687,31087.0
111,-72,FGBX,FGBXM19,D1,2019-03-21,1553126400,185.72,187.84,185.66,187.06,13378,0,42794,37064.0
112,-71,FGBX,FGBXM19,D1,2019-03-22,1553212800,187.08,191.4,187.04,190.76,20409,2,67238,45240.0
113,-70,FGBX,FGBXM19,D1,2019-03-24,1553385600,190.76,190.76,190.76,190.76,2,0,6,36679.0
114,-69,FGBX,FGBXM19,D1,2019-03-25,1553472000,190.66,192.1,189.52,191.58,12720,0,40237,35827.0
115,-68,FGBX,FGBXM19,D1,2019-03-26,1553558400,191.4,191.96,190.34,191.64,12889,0,41986,27410.0
116,-67,FGBX,FGBXM19,D1,2019-03-27,1553644800,191.8,193.78,191.44,193.0,21763,0,68665,50296.0
117,-66,FGBX,FGBXM19,D1,2019-03-28,1553731200,193.08,194.02,191.94,191.94,20136,0,70983,60545.0
118,-65,FGBX,FGBXM19,D1,2019-03-29,1553817600,192.0,192.52,191.1,191.62,16096,0,62897,67515.0
119,-64,FGBX,FGBXM19,D1,2019-03-30,1553904000,191.62,191.62,191.62,191.62,4,0,4,44628.0
120,-63,FGBX,FGBXM19,D1,2019-03-31,1553990400,191.62,191.62,191.62,191.62,4,0,4,20968.0
121,-62,FGBX,FGBXM19,D1,2019-04-01,1554076800,191.1,191.12,189.16,189.76,16594,0,51503,17170.0
122,-61,FGBX,FGBXM19,D1,2019-04-02,1554163200,189.74,191.06,189.74,190.26,11324,0,36645,29384.0
123,-60,FGBX,FGBXM19,D1,2019-04-03,1554249600,190.36,190.68,187.76,188.04,16389,0,56031,48060.0
124,-59,FGBX,FGBXM19,D1,2019-04-04,1554336000,188.88,189.82,187.9,189.52,14595,0,49126,47267.0
125,-58,FGBX,FGBXM19,D1,2019-04-05,1554422400,189.22,189.86,188.34,189.34,11737,2,35428,46862.0
126,-57,FGBX,FGBXM19,D1,2019-04-06,1554508800,189.34,189.34,189.34,189.34,1,0,1,28185.0
127,-56,FGBX,FGBXM19,D1,2019-04-07,1554595200,189.34,189.34,189.34,189.34,4,0,4,11811.0
128,-55,FGBX,FGBXM19,D1,2019-04-08,1554681600,189.36,189.92,188.78,188.96,8007,0,26161,8722.0
129,-54,FGBX,FGBXM19,D1,2019-04-09,1554768000,189.14,190.12,188.76,189.56,9542,0,29239,18468.0
130,-53,FGBX,FGBXM19,D1,2019-04-10,1554854400,189.68,190.54,189.42,190.12,12619,0,40022,31807.0
131,-52,FGBX,FGBXM19,D1,2019-04-11,1554940800,190.06,190.24,189.3,189.38,8465,0,28754,32672.0
132,-51,FGBX,FGBXM19,D1,2019-04-12,1555027200,189.58,190.08,186.48,186.52,15192,2,49326,39367.0
133,-50,FGBX,FGBXM19,D1,2019-04-13,1555113600,186.52,186.52,186.52,186.52,2,0,2,26027.0
134,-49,FGBX,FGBXM19,D1,2019-04-14,1555200000,186.52,186.52,186.52,186.52,5,0,5,16444.0
135,-48,FGBX,FGBXM19,D1,2019-04-15,1555286400,186.6,186.96,185.34,186.26,12227,0,38104,12704.0
136,-47,FGBX,FGBXM19,D1,2019-04-16,1555372800,186.14,187.02,185.36,185.68,13725,2,39783,25964.0
137,-46,FGBX,FGBXM19,D1,2019-04-17,1555459200,185.72,186.18,184.58,185.5,12895,0,44560,40816.0
138,-45,FGBX,FGBXM19,D1,2019-04-18,1555545600,185.66,188.14,185.5,187.78,13004,0,37507,40617.0
139,-44,FGBX,FGBXM19,D1,2019-04-19,1555632000,187.78,187.78,187.78,187.78,2,0,2,27356.0
140,-43,FGBX,FGBXM19,D1,2019-04-21,1555804800,187.78,187.78,187.78,187.78,1,0,1,12503.0
76,-117,FGBX,FGBXU19,D1,2019-04-22,1555891200,186.46,186.46,186.46,186.46,2,0,2,2.0
142,-41,FGBX,FGBXM19,D1,2019-04-23,1555977600,187.58,187.82,186.6,187.46,8700,0,23427,7810.0
143,-40,FGBX,FGBXM19,D1,2019-04-24,1556064000,187.52,190.08,187.5,190.0,10766,0,34897,19442.0
144,-39,FGBX,FGBXM19,D1,2019-04-25,1556150400,189.76,190.04,189.08,189.38,9424,0,30296,29540.0
145,-38,FGBX,FGBXM19,D1,2019-04-26,1556236800,189.48,190.1,189.12,189.92,8023,2,22791,29328.0
146,-37,FGBX,FGBXM19,D1,2019-04-28,1556409600,189.92,189.92,189.92,189.92,3,0,6,17698.0
147,-36,FGBX,FGBXM19,D1,2019-04-29,1556496000,189.9,189.9,188.28,188.86,8864,0,26332,16376.0
148,-35,FGBX,FGBXM19,D1,2019-04-30,1556582400,189.0,189.68,187.38,188.9,13223,0,42889,23076.0
149,-34,FGBX,FGBXM19,D1,2019-05-01,1556668800,188.9,188.9,188.9,188.9,1,0,1,23074.0
150,-33,FGBX,FGBXM19,D1,2019-05-02,1556755200,188.54,189.14,187.86,188.2,12167,0,34001,25630.0
151,-32,FGBX,FGBXM19,D1,2019-05-03,1556841600,188.44,188.94,187.26,188.26,10405,2,30574,21525.0
152,-31,FGBX,FGBXM19,D1,2019-05-05,1557014400,188.26,188.26,188.26,188.26,3,0,3,21526.0
153,-30,FGBX,FGBXM19,D1,2019-05-06,1557100800,189.14,190.1,188.36,188.58,7070,0,18792,16456.0
154,-29,FGBX,FGBXM19,D1,2019-05-07,1557187200,188.98,190.56,188.08,190.34,12899,0,39034,19276.0
155,-28,FGBX,FGBXM19,D1,2019-05-08,1557273600,190.28,191.58,189.96,190.52,14401,0,40554,32793.0
156,-27,FGBX,FGBXM19,D1,2019-05-09,1557360000,190.8,191.86,190.62,190.84,14719,0,47917,42502.0
157,-26,FGBX,FGBXM19,D1,2019-05-10,1557446400,190.7,191.24,189.92,190.3,11029,2,32755,40409.0
158,-25,FGBX,FGBXM19,D1,2019-05-11,1557532800,190.3,190.3,190.3,190.3,1,0,2,26891.0
159,-24,FGBX,FGBXM19,D1,2019-05-12,1557619200,190.3,190.3,190.3,190.3,4,0,8,10922.0
160,-23,FGBX,FGBXM19,D1,2019-05-13,1557705600,190.8,192.36,190.28,192.16,11453,2,33016,11009.0
161,-22,FGBX,FGBXM19,D1,2019-05-14,1557792000,191.96,192.6,191.4,192.16,10066,0,31144,21389.0
162,-21,FGBX,FGBXM19,D1,2019-05-15,1557878400,192.38,195.04,192.12,193.7,17173,0,56011,40057.0
163,-20,FGBX,FGBXM19,D1,2019-05-16,1557964800,193.88,194.6,193.04,193.34,12785,2,40996,42717.0
164,-19,FGBX,FGBXM19,D1,2019-05-17,1558051200,193.5,194.4,193.12,193.34,10722,2,31728,42912.0
165,-18,FGBX,FGBXM19,D1,2019-05-18,1558137600,193.34,193.34,193.34,193.34,2,0,2,24242.0
166,-17,FGBX,FGBXM19,D1,2019-05-19,1558224000,193.34,193.34,193.34,193.34,3,0,3,10578.0
167,-16,FGBX,FGBXM19,D1,2019-05-20,1558310400,193.3,193.4,192.16,192.22,9162,0,27301,9102.0
168,-15,FGBX,FGBXM19,D1,2019-05-21,1558396800,192.18,192.64,191.0,191.38,13794,0,46639,24648.0
169,-14,FGBX,FGBXM19,D1,2019-05-22,1558483200,191.4,192.42,191.2,192.22,11315,0,33594,35845.0
170,-13,FGBX,FGBXM19,D1,2019-05-23,1558569600,192.4,194.06,192.18,193.64,12328,0,37797,39343.0
171,-12,FGBX,FGBXM19,D1,2019-05-24,1558656000,193.56,193.72,192.86,193.7,9642,2,30350,33914.0
172,-11,FGBX,FGBXM19,D1,2019-05-26,1558828800,193.7,193.7,193.7,193.7,3,0,3,22717.0
173,-10,FGBX,FGBXM19,D1,2019-05-27,1558915200,193.74,195.06,193.38,194.78,4885,0,14924,15092.0
174,-9,FGBX,FGBXM19,D1,2019-05-28,1559001600,194.6,195.6,194.52,195.48,13487,0,37200,17376.0
175,-8,FGBX,FGBXM19,D1,2019-05-29,1559088000,195.6,196.54,195.56,195.88,13073,0,43405,31843.0
176,-7,FGBX,FGBXM19,D1,2019-05-30,1559174400,195.8,196.62,195.28,196.54,9579,0,29851,36819.0
177,-6,FGBX,FGBXM19,D1,2019-05-31,1559260800,196.7,198.16,196.68,198.0,19968,2,55902,43053.0
178,-5,FGBX,FGBXM19,D1,2019-06-01,1559347200,198.0,198.0,198.0,198.0,1,0,1,28585.0
179,-4,FGBX,FGBXM19,D1,2019-06-02,1559433600,198.0,198.0,198.0,198.0,3,0,3,18635.0
180,-3,FGBX,FGBXM19,D1,2019-06-03,1559520000,198.02,199.1,197.64,198.84,16392,0,47530,15845.0
181,-2,FGBX,FGBXM19,D1,2019-06-04,1559606400,198.46,199.24,198.26,198.82,13414,0,36387,27973.0
182,-1,FGBX,FGBXM19,D1,2019-06-05,1559692800,198.76,199.68,198.56,198.92,1494,0,2569,28829.0
106,-87,FGBX,FGBXU19,D1,2019-06-06,1559779200,197.32,199.14,197.3,198.64,22898,0,69508,46730.0
107,-86,FGBX,FGBXU19,D1,2019-06-07,1559865600,198.82,200.8,198.6,200.32,14767,2,47916,55618.0
108,-85,FGBX,FGBXU19,D1,2019-06-09,1560038400,200.32,200.32,200.32,200.32,4,0,8,39144.0
109,-84,FGBX,FGBXU19,D1,2019-06-10,1560124800,199.8,200.06,197.16,197.36,12620,0,43170,30365.0
110,-83,FGBX,FGBXU19,D1,2019-06-11,1560211200,197.44,198.46,197.04,198.04,13685,0,43926,29035.0
111,-82,FGBX,FGBXU19,D1,2019-06-12,1560297600,198.1,199.4,198.1,198.62,13973,0,44500,43865.0
112,-81,FGBX,FGBXU19,D1,2019-06-13,1560384000,198.7,199.62,198.6,199.52,10770,0,33260,40562.0
113,-80,FGBX,FGBXU19,D1,2019-06-14,1560470400,199.76,201.3,199.6,200.52,15277,2,49835,42532.0
114,-79,FGBX,FGBXU19,D1,2019-06-15,1560556800,200.52,200.52,200.52,200.52,1,0,2,27699.0
115,-78,FGBX,FGBXU19,D1,2019-06-16,1560643200,200.52,200.52,200.52,200.52,3,0,6,16614.0
116,-77,FGBX,FGBXU19,D1,2019-06-17,1560729600,200.32,200.64,199.26,199.84,12165,0,35936,11981.0
117,-76,FGBX,FGBXU19,D1,2019-06-18,1560816000,199.76,203.14,199.58,202.72,25576,0,76100,37347.0
118,-75,FGBX,FGBXU19,D1,2019-06-19,1560902400,202.58,202.76,201.24,202.44,17232,0,49302,53779.0
119,-74,FGBX,FGBXU19,D1,2019-06-20,1560988800,202.66,203.68,202.52,203.32,15892,0,45540,56981.0
120,-73,FGBX,FGBXU19,D1,2019-06-21,1561075200,203.3,203.52,201.08,201.5,17632,2,46404,47082.0
121,-72,FGBX,FGBXU19,D1,2019-06-23,1561248000,201.5,201.5,201.5,201.5,6,0,12,30652.0
122,-71,FGBX,FGBXU19,D1,2019-06-24,1561334400,201.44,203.32,201.34,202.94,11520,0,31380,25932.0
123,-70,FGBX,FGBXU19,D1,2019-06-25,1561420800,202.9,204.14,202.82,203.6,16701,0,48800,26731.0
124,-69,FGBX,FGBXU19,D1,2019-06-26,1561507200,203.44,203.64,202.22,202.46,22183,0,69227,49802.0
125,-68,FGBX,FGBXU19,D1,2019-06-27,1561593600,202.66,203.5,200.98,203.32,16713,0,44533,54187.0
126,-67,FGBX,FGBXU19,D1,2019-06-28,1561680000,203.28,203.38,202.46,202.8,12437,2,38544,50768.0
127,-66,FGBX,FGBXU19,D1,2019-06-29,1561766400,202.8,202.8,202.8,202.8,2,0,4,27694.0
128,-65,FGBX,FGBXU19,D1,2019-06-30,1561852800,202.8,202.8,202.8,202.8,4,0,8,12852.0
129,-64,FGBX,FGBXU19,D1,2019-07-01,1561939200,202.38,204.16,201.66,203.7,16776,0,47130,15714.0
130,-63,FGBX,FGBXU19,D1,2019-07-02,1562025600,203.84,204.1,202.64,203.78,15696,0,40826,29321.0
131,-62,FGBX,FGBXU19,D1,2019-07-03,1562112000,203.88,205.54,203.88,205.18,17266,0,49815,45924.0
132,-61,FGBX,FGBXU19,D1,2019-07-04,1562198400,205.2,206.4,204.96,205.9,14577,0,44265,44969.0
133,-60,FGBX,FGBXU19,D1,2019-07-05,1562284800,205.92,205.96,202.8,204.26,20046,2,54033,49371.0
134,-59,FGBX,FGBXU19,D1,2019-07-06,1562371200,204.26,204.26,204.26,204.26,1,0,1,32766.0
135,-58,FGBX,FGBXU19,D1,2019-07-07,1562457600,204.26,204.26,204.26,204.26,3,0,3,18012.0
136,-57,FGBX,FGBXU19,D1,2019-07-08,1562544000,204.34,205.44,203.94,204.0,15289,0,41796,13933.0
137,-56,FGBX,FGBXU19,D1,2019-07-09,1562630400,204.16,204.54,203.22,203.34,14852,0,40887,27562.0
138,-55,FGBX,FGBXU19,D1,2019-07-10,1562716800,203.3,203.3,199.92,201.38,29402,0,71429,51371.0
139,-54,FGBX,FGBXU19,D1,2019-07-11,1562803200,201.64,202.06,197.76,198.22,23135,0,58791,57036.0
140,-53,FGBX,FGBXU19,D1,2019-07-12,1562889600,198.5,198.8,196.84,198.44,21342,2,51105,60442.0
141,-52,FGBX,FGBXU19,D1,2019-07-13,1562976000,198.44,198.44,198.44,198.44,1,0,2,36633.0
142,-51,FGBX,FGBXU19,D1,2019-07-14,1563062400,198.44,198.44,198.44,198.44,3,0,6,17038.0
143,-50,FGBX,FGBXU19,D1,2019-07-15,1563148800,198.38,200.76,197.72,200.68,13332,0,33330,11113.0
144,-49,FGBX,FGBXU19,D1,2019-07-16,1563235200,200.66,201.86,200.18,201.16,16077,0,39854,24397.0
145,-48,FGBX,FGBXU19,D1,2019-07-17,1563321600,201.3,202.96,201.16,202.92,15757,0,41252,38145.0
146,-47,FGBX,FGBXU19,D1,2019-07-18,1563408000,202.86,204.0,202.26,203.46,17692,0,41532,40879.0
147,-46,FGBX,FGBXU19,D1,2019-07-19,1563494400,203.24,203.28,202.06,203.1,14051,2,35835,39540.0
148,-45,FGBX,FGBXU19,D1,2019-07-20,1563580800,203.1,203.1,203.1,203.1,2,0,4,25790.0
149,-44,FGBX,FGBXU19,D1,2019-07-21,1563667200,203.1,203.1,203.1,203.1,2,0,4,11948.0
150,-43,FGBX,FGBXU19,D1,2019-07-22,1563753600,203.14,204.1,202.62,203.76,11202,0,29281,9763.0
151,-42,FGBX,FGBXU19,D1,2019-07-23,1563840000,203.52,204.42,203.26,203.84,11041,0,28654,19313.0
152,-41,FGBX,FGBXU19,D1,2019-07-24,1563926400,203.76,206.14,203.62,205.3,17778,0,40512,32816.0
153,-40,FGBX,FGBXU19,D1,2019-07-25,1564012800,205.48,207.48,203.02,204.96,31953,0,70573,46580.0
154,-39,FGBX,FGBXU19,D1,2019-07-26,1564099200,204.98,205.94,204.54,205.9,11961,2,29371,46819.0
155,-38,FGBX,FGBXU19,D1,2019-07-27,1564185600,205.9,205.9,205.9,205.9,2,0,2,33315.0
156,-37,FGBX,FGBXU19,D1,2019-07-28,1564272000,205.9,205.9,205.9,205.9,5,0,5,9793.0
157,-36,FGBX,FGBXU19,D1,2019-07-29,1564358400,206.0,207.02,205.88,206.5,10313,0,26456,8821.0
158,-35,FGBX,FGBXU19,D1,2019-07-30,1564444800,206.54,207.28,206.34,207.1,12353,0,32664,19708.0
159,-34,FGBX,FGBXU19,D1,2019-07-31,1564531200,207.16,209.9,206.96,209.48,18537,0,51137,36752.0
160,-33,FGBX,FGBXU19,D1,2019-08-01,1564617600,208.96,212.24,208.06,211.84,24223,0,61832,48544.0
161,-32,FGBX,FGBXU19,D1,2019-08-02,1564704000,211.74,214.76,211.52,214.1,34318,0,87490,66820.0
162,-31,FGBX,FGBXU19,D1,2019-08-04,1564876800,214.1,214.1,214.1,214.1,4,0,12,49778.0
163,-30,FGBX,FGBXU19,D1,2019-08-05,1564963200,214.18,217.36,214.08,215.48,26853,0,70351,52618.0
164,-29,FGBX,FGBXU19,D1,2019-08-06,1565049600,215.82,216.72,214.48,216.66,22073,0,57975,42779.0
165,-28,FGBX,FGBXU19,D1,2019-08-07,1565136000,217.0,220.8,216.88,217.0,40297,0,112419,80248.0
166,-27,FGBX,FGBXU19,D1,2019-08-08,1565222400,216.9,218.52,214.04,217.74,32284,0,78726,83040.0
167,-26,FGBX,FGBXU19,D1,2019-08-09,1565308800,218.1,218.8,216.22,216.66,18396,0,44154,78433.0
168,-25,FGBX,FGBXU19,D1,2019-08-11,1565481600,216.66,216.66,216.66,216.66,6,0,6,40962.0
169,-24,FGBX,FGBXU19,D1,2019-08-12,1565568000,217.1,219.66,216.82,219.26,10683,0,27135,23765.0
170,-23,FGBX,FGBXU19,D1,2019-08-13,1565654400,219.08,220.72,218.92,220.2,22027,0,54945,27362.0
171,-22,FGBX,FGBXU19,D1,2019-08-14,1565740800,220.3,223.56,219.86,223.2,20305,0,53339,45140.0
172,-21,FGBX,FGBXU19,D1,2019-08-15,1565827200,223.04,228.24,222.2,227.98,34322,0,80009,62764.0
173,-20,FGBX,FGBXU19,D1,2019-08-16,1565913600,227.64,228.44,222.28,224.72,32409,0,75774,69707.0
174,-19,FGBX,FGBXU19,D1,2019-08-17,1566000000,224.72,224.72,224.72,224.72,1,0,1,51928.0
175,-18,FGBX,FGBXU19,D1,2019-08-18,1566086400,224.72,224.72,224.72,224.72,4,0,4,25260.0
176,-17,FGBX,FGBXU19,D1,2019-08-19,1566172800,223.84,224.7,218.62,220.52,31854,0,69624,23210.0
177,-16,FGBX,FGBXU19,D1,2019-08-20,1566259200,220.58,223.22,220.14,222.16,23796,0,56056,41895.0
178,-15,FGBX,FGBXU19,D1,2019-08-21,1566345600,221.68,222.84,219.74,222.12,23572,0,63843,63174.0
179,-14,FGBX,FGBXU19,D1,2019-08-22,1566432000,222.56,223.74,219.14,220.38,30461,0,80536,66812.0
180,-13,FGBX,FGBXU19,D1,2019-08-23,1566518400,220.2,222.8,218.34,222.5,23626,2,56059,66813.0
181,-12,FGBX,FGBXU19,D1,2019-08-25,1566691200,222.5,222.5,222.5,222.5,3,0,3,45533.0
182,-11,FGBX,FGBXU19,D1,2019-08-26,1566777600,223.44,224.76,220.82,221.54,22276,0,62449,39504.0
183,-10,FGBX,FGBXU19,D1,2019-08-27,1566864000,221.86,224.66,221.72,224.58,15742,0,40920,34457.0
184,-9,FGBX,FGBXU19,D1,2019-08-28,1566950400,224.48,227.26,224.0,226.04,21524,0,52426,51932.0
185,-8,FGBX,FGBXU19,D1,2019-08-29,1567036800,226.44,226.82,222.7,224.36,21028,0,50347,47898.0
186,-7,FGBX,FGBXU19,D1,2019-08-30,1567123200,224.44,224.94,222.62,224.44,22451,2,50278,51017.0
187,-6,FGBX,FGBXU19,D1,2019-08-31,1567209600,224.44,224.44,224.44,224.44,1,0,1,33542.0
188,-5,FGBX,FGBXU19,D1,2019-09-01,1567296000,224.44,224.44,224.44,224.44,7,0,7,16762.0
189,-4,FGBX,FGBXU19,D1,2019-09-02,1567382400,224.52,224.82,222.42,223.14,10087,0,23995,8001.0
190,-3,FGBX,FGBXU19,D1,2019-09-03,1567468800,222.72,225.96,221.96,223.38,27688,0,59063,27688.0
191,-2,FGBX,FGBXU19,D1,2019-09-04,1567555200,224.2,224.2,220.7,222.74,19528,2,40638,41232.0
100,-68,FGBX,FGBXZ19,D1,2019-09-05,1567641600,220.98,220.98,213.92,214.84,39933,2,88560,42987.0
101,-67,FGBX,FGBXZ19,D1,2019-09-06,1567728000,214.7,218.28,213.18,217.88,32290,2,69832,62122.0
102,-66,FGBX,FGBXZ19,D1,2019-09-09,1567987200,217.9,217.9,213.36,214.22,24603,2,52666,70353.0
103,-65,FGBX,FGBXZ19,D1,2019-09-10,1568073600,213.98,214.86,211.42,211.42,31349,0,62357,61618.0
104,-64,FGBX,FGBXZ19,D1,2019-09-11,1568160000,211.78,214.42,211.42,213.6,26384,2,54017,56347.0
105,-63,FGBX,FGBXZ19,D1,2019-09-12,1568246400,213.3,218.74,211.96,212.5,50164,0,94760,70378.0
106,-62,FGBX,FGBXZ19,D1,2019-09-13,1568332800,212.94,213.1,208.18,208.28,36629,2,75350,74709.0
107,-61,FGBX,FGBXZ19,D1,2019-09-16,1568592000,209.34,211.88,208.9,210.54,26234,2,54672,74927.0
108,-60,FGBX,FGBXZ19,D1,2019-09-17,1568678400,210.92,211.6,210.34,210.78,21530,2,44075,58032.0
109,-59,FGBX,FGBXZ19,D1,2019-09-18,1568764800,210.82,214.14,210.46,213.1,22508,2,49126,49291.0
110,-58,FGBX,FGBXZ19,D1,2019-09-19,1568851200,213.18,214.4,211.82,213.56,26393,2,45973,46391.0
111,-57,FGBX,FGBXZ19,D1,2019-09-20,1568937600,214.0,216.56,213.24,216.34,20666,2,41342,45480.0
112,-56,FGBX,FGBXZ19,D1,2019-09-23,1569196800,215.74,219.1,214.24,217.82,20192,2,47241,44852.0
113,-55,FGBX,FGBXZ19,D1,2019-09-24,1569283200,217.82,220.96,217.52,220.26,18244,0,42990,43858.0
114,-54,FGBX,FGBXZ19,D1,2019-09-25,1569369600,219.86,221.44,217.54,217.74,20736,0,48710,46314.0
115,-53,FGBX,FGBXZ19,D1,2019-09-26,1569456000,218.06,219.96,217.9,218.92,16844,2,39604,43768.0
116,-52,FGBX,FGBXZ19,D1,2019-09-27,1569542400,219.26,220.14,217.6,218.36,14412,0,34409,40908.0
117,-51,FGBX,FGBXZ19,D1,2019-09-30,1569801600,218.58,218.64,215.84,217.58,15581,2,39456,37823.0
118,-50,FGBX,FGBXZ19,D1,2019-10-01,1569888000,217.26,217.5,213.9,216.32,22735,2,58828,44231.0
119,-49,FGBX,FGBXZ19,D1,2019-10-02,1569974400,215.98,216.56,215.12,215.96,16554,2,41785,46690.0
120,-48,FGBX,FGBXZ19,D1,2019-10-03,1570060800,216.28,219.1,216.28,217.86,18925,2,46312,48975.0
121,-47,FGBX,FGBXZ19,D1,2019-10-04,1570147200,217.86,218.72,217.32,217.68,11144,2,27498,38532.0
122,-46,FGBX,FGBXZ19,D1,2019-10-07,1570406400,217.72,218.58,216.56,216.7,9204,2,24283,32698.0
123,-45,FGBX,FGBXZ19,D1,2019-10-08,1570492800,216.86,217.98,214.86,217.28,16507,2,40821,30867.0
124,-44,FGBX,FGBXZ19,D1,2019-10-09,1570579200,217.24,217.58,215.38,216.06,12832,2,30634,31913.0
125,-43,FGBX,FGBXZ19,D1,2019-10-10,1570665600,216.28,216.5,211.98,212.66,18152,2,46639,39365.0
126,-42,FGBX,FGBXZ19,D1,2019-10-11,1570752000,212.34,213.98,209.62,210.64,24024,2,57884,45052.0
127,-41,FGBX,FGBXZ19,D1,2019-10-14,1571011200,210.3,212.62,210.3,211.72,13188,2,30622,45048.0
128,-40,FGBX,FGBXZ19,D1,2019-10-15,1571097600,211.72,212.46,208.6,208.8,18478,2,44288,44265.0
129,-39,FGBX,FGBXZ19,D1,2019-10-16,1571184000,209.32,210.96,207.58,208.2,22662,2,55904,43605.0
130,-38,FGBX,FGBXZ19,D1,2019-10-17,1571270400,208.4,209.7,205.74,209.08,18748,2,45144,48445.0
131,-37,FGBX,FGBXZ19,D1,2019-10-18,1571356800,209.18,209.78,207.54,207.72,11154,2,25637,42228.0
132,-36,FGBX,FGBXZ19,D1,2019-10-21,1571616000,208.2,208.28,205.78,206.06,12938,2,30605,33795.0
133,-35,FGBX,FGBXZ19,D1,2019-10-22,1571702400,205.88,209.0,205.5,208.44,15056,2,38470,31571.0
134,-34,FGBX,FGBXZ19,D1,2019-10-23,1571788800,208.64,210.5,208.56,208.98,12944,2,34108,34394.0
135,-33,FGBX,FGBXZ19,D1,2019-10-24,1571875200,209.22,210.4,207.9,209.3,17562,2,42337,38305.0
136,-32,FGBX,FGBXZ19,D1,2019-10-25,1571961600,209.48,209.92,207.24,207.86,12241,2,29997,35481.0
137,-31,FGBX,FGBXZ19,D1,2019-10-28,1572220800,207.74,207.96,205.44,205.96,15218,2,39713,37349.0
138,-30,FGBX,FGBXZ19,D1,2019-10-29,1572307200,205.72,207.56,205.36,207.02,13326,2,34341,34684.0
139,-29,FGBX,FGBXZ19,D1,2019-10-30,1572393600,207.22,208.1,206.6,207.9,14095,2,37680,37245.0
140,-28,FGBX,FGBXZ19,D1,2019-10-31,1572480000,207.74,210.74,207.52,210.2,18619,0,52103,41375.0
141,-27,FGBX,FGBXZ19,D1,2019-11-01,1572566400,209.94,210.56,207.88,208.82,15027,2,39057,42947.0
142,-26,FGBX,FGBXZ19,D1,2019-11-02,1572652800,208.82,208.82,208.82,208.82,3,0,15,30392.0
143,-25,FGBX,FGBXZ19,D1,2019-11-04,1572825600,208.52,208.52,206.16,206.38,12305,2,33887,24320.0
144,-24,FGBX,FGBXZ19,D1,2019-11-05,1572912000,206.14,206.32,204.34,204.74,18011,2,47727,27210.0
145,-23,FGBX,FGBXZ19,D1,2019-11-06,1572998400,204.92,206.76,204.06,206.74,15467,2,46240,42618.0
146,-22,FGBX,FGBXZ19,D1,2019-11-07,1573084800,206.62,206.78,201.7,202.82,27082,2,70518,54828.0
147,-21,FGBX,FGBXZ19,D1,2019-11-08,1573171200,202.58,203.84,201.38,202.86,18683,2,46819,54526.0
148,-20,FGBX,FGBXZ19,D1,2019-11-11,1573430400,202.8,204.06,202.28,202.64,9104,2,23467,46935.0
149,-19,FGBX,FGBXZ19,D1,2019-11-12,1573516800,202.88,203.48,201.24,203.34,15606,2,38149,36145.0
150,-18,FGBX,FGBXZ19,D1,2019-11-13,1573603200,203.2,205.86,203.06,205.12,19140,2,50521,37379.0
151,-17,FGBX,FGBXZ19,D1,2019-11-14,1573689600,205.08,208.04,205.0,207.28,16855,2,45588,44753.0
152,-16,FGBX,FGBXZ19,D1,2019-11-15,1573776000,207.18,207.64,206.28,206.94,10701,2,27083,41064.0
153,-15,FGBX,FGBXZ19,D1,2019-11-18,1574035200,207.28,207.64,206.0,206.72,15076,2,38013,36895.0
154,-14,FGBX,FGBXZ19,D1,2019-11-19,1574121600,206.74,207.4,206.34,207.0,11377,2,30742,31946.0
155,-13,FGBX,FGBXZ19,D1,2019-11-20,1574208000,207.2,209.16,207.12,207.96,18192,2,52352,40369.0
156,-12,FGBX,FGBXZ19,D1,2019-11-21,1574294400,208.8,208.8,205.98,206.42,15406,2,38175,40423.0
157,-11,FGBX,FGBXZ19,D1,2019-11-22,1574380800,206.16,208.3,205.2,208.2,16303,2,40800,43776.0
158,-10,FGBX,FGBXZ19,D1,2019-11-23,1574467200,208.2,208.2,208.2,208.2,1,0,1,26325.0
159,-9,FGBX,FGBXZ19,D1,2019-11-25,1574640000,208.04,208.26,206.88,206.92,10054,2,27545,22782.0
160,-8,FGBX,FGBXZ19,D1,2019-11-26,1574726400,206.86,208.68,206.42,208.14,11966,2,34336,20627.0
161,-7,FGBX,FGBXZ19,D1,2019-11-27,1574812800,208.04,208.86,207.86,208.48,11661,2,35003,32295.0
162,-6,FGBX,FGBXZ19,D1,2019-11-28,1574899200,208.84,209.46,208.12,208.24,8182,2,23357,30899.0
163,-5,FGBX,FGBXZ19,D1,2019-11-29,1574985600,208.4,208.8,207.42,208.6,13092,2,37736,32032.0
164,-4,FGBX,FGBXZ19,D1,2019-12-02,1575244800,207.96,207.98,204.2,204.48,25260,0,73027,44707.0
165,-3,FGBX,FGBXZ19,D1,2019-12-03,1575331200,204.68,207.96,203.74,207.8,21239,2,55131,55298.0
166,-2,FGBX,FGBXZ19,D1,2019-12-04,1575417600,207.82,208.52,205.98,206.42,15464,2,37480,55213.0
167,-1,FGBX,FGBXZ19,D1,2019-12-05,1575504000,206.62,206.78,204.66,205.64,1088,2,2263,31625.0
108,-60,FGBX,FGBXH20,D1,2019-12-06,1575590400,203.8,204.6,202.92,203.28,14114,2,40276,37029.0
109,-59,FGBX,FGBXH20,D1,2019-12-09,1575849600,203.2,204.46,203.1,203.6,9077,2,28997,39023.0
110,-58,FGBX,FGBXH20,D1,2019-12-10,1575936000,203.82,204.12,202.86,203.3,12151,2,36067,35113.0
111,-57,FGBX,FGBXH20,D1,2019-12-11,1576022400,203.56,205.18,203.26,204.86,10286,0,27999,31021.0
112,-56,FGBX,FGBXH20,D1,2019-12-12,1576108800,204.72,205.38,201.68,202.08,18272,0,50632,38233.0
113,-55,FGBX,FGBXH20,D1,2019-12-13,1576195200,201.2,204.06,200.0,203.94,22443,0,58903,45845.0
114,-54,FGBX,FGBXH20,D1,2019-12-16,1576454400,203.68,204.62,202.52,202.84,13295,2,40276,49937.0
115,-53,FGBX,FGBXH20,D1,2019-12-17,1576540800,202.98,204.08,202.98,203.74,11418,2,33803,44327.0
116,-52,FGBX,FGBXH20,D1,2019-12-18,1576627200,203.62,204.3,201.34,201.88,13547,2,43628,39236.0
117,-51,FGBX,FGBXH20,D1,2019-12-19,1576713600,201.96,202.2,200.12,201.34,14704,2,43033,40155.0
118,-50,FGBX,FGBXH20,D1,2019-12-20,1576800000,201.1,201.94,200.48,201.6,8679,2,27244,37968.0
119,-49,FGBX,FGBXH20,D1,2019-12-23,1577059200,201.64,202.64,200.82,201.06,6623,2,17475,29251.0
120,-48,FGBX,FGBXH20,D1,2019-12-27,1577404800,201.56,201.92,200.78,201.54,6451,0,15991,20237.0
121,-47,FGBX,FGBXH20,D1,2019-12-30,1577664000,201.6,201.64,198.12,199.3,12728,0,37020,23495.0
122,-46,FGBX,FGBXH20,D1,2020-01-02,1577923200,198.78,201.02,197.54,200.22,16776,2,44802,32604.0
123,-45,FGBX,FGBXH20,D1,2020-01-03,1578009600,200.22,203.8,200.22,203.06,19067,2,51074,44299.0
124,-44,FGBX,FGBXH20,D1,2020-01-06,1578268800,203.6,203.98,202.46,202.52,14398,2,38734,44870.0
125,-43,FGBX,FGBXH20,D1,2020-01-07,1578355200,202.72,203.08,201.88,201.92,16916,2,49030,46279.0
126,-42,FGBX,FGBXH20,D1,2020-01-08,1578441600,203.2,204.96,199.96,200.46,21729,2,58807,48857.0
127,-41,FGBX,FGBXH20,D1,2020-01-09,1578528000,200.1,200.68,199.46,200.48,20267,2,59099,55645.0
128,-40,FGBX,FGBXH20,D1,2020-01-10,1578614400,200.36,200.54,198.92,200.3,15328,2,46510,54805.0
129,-39,FGBX,FGBXH20,D1,2020-01-13,1578873600,200.22,200.36,198.02,198.42,17308,2,59081,54897.0
130,-38,FGBX,FGBXH20,D1,2020-01-14,1578960000,198.24,199.32,197.88,199.12,15060,0,50572,52054.0
131,-37,FGBX,FGBXH20,D1,2020-01-15,1579046400,199.22,201.22,199.18,200.74,18733,0,66601,58751.0
132,-36,FGBX,FGBXH20,D1,2020-01-16,1579132800,200.7,201.44,200.2,201.22,15623,2,48789,55321.0
133,-35,FGBX,FGBXH20,D1,2020-01-17,1579219200,200.94,201.4,200.4,201.0,12871,2,41200,52197.0
134,-34,FGBX,FGBXH20,D1,2020-01-20,1579478400,201.2,201.3,200.54,200.88,6976,2,21538,37176.0
135,-33,FGBX,FGBXH20,D1,2020-01-21,1579564800,201.08,202.9,200.8,202.3,19525,2,62143,41627.0
136,-32,FGBX,FGBXH20,D1,2020-01-22,1579651200,202.08,203.48,201.78,202.92,14441,2,44037,42573.0
137,-31,FGBX,FGBXH20,D1,2020-01-23,1579737600,203.16,204.9,202.96,204.3,18970,2,58436,54872.0
138,-30,FGBX,FGBXH20,D1,2020-01-24,1579824000,204.18,206.12,203.42,205.7,17432,2,52924,51799.0
139,-29,FGBX,FGBXH20,D1,2020-01-27,1580083200,206.68,208.36,205.78,208.2,23524,0,75691,62350.0
140,-28,FGBX,FGBXH20,D1,2020-01-28,1580169600,207.96,208.98,206.16,206.34,25748,2,81353,69989.0
141,-27,FGBX,FGBXH20,D1,2020-01-29,1580256000,206.4,208.44,205.92,208.36,16120,2,53775,70273.0
142,-26,FGBX,FGBXH20,D1,2020-01-30,1580342400,208.36,209.8,208.32,208.84,20649,2,56869,63999.0
143,-25,FGBX,FGBXH20,D1,2020-01-31,1580428800,208.76,211.48,208.32,211.02,21132,2,69182,59942.0
144,-24,FGBX,FGBXH20,D1,2020-02-03,1580688000,210.74,210.92,209.48,210.74,18653,0,52750,59600.0
145,-23,FGBX,FGBXH20,D1,2020-02-04,1580774400,210.6,210.66,208.14,208.62,21178,2,67689,63207.0
146,-22,FGBX,FGBXH20,D1,2020-02-05,1580860800,208.4,209.4,206.1,206.26,25506,2,77427,65955.0
147,-21,FGBX,FGBXH20,D1,2020-02-06,1580947200,206.22,206.96,205.48,206.6,19195,2,63957,69691.0
148,-20,FGBX,FGBXH20,D1,2020-02-07,1581033600,206.32,208.62,206.32,207.58,20206,2,63361,68248.0
149,-19,FGBX,FGBXH20,D1,2020-02-10,1581292800,208.12,209.12,207.04,208.66,15871,2,49323,58880.0
150,-18,FGBX,FGBXH20,D1,2020-02-11,1581379200,208.68,208.68,207.34,207.52,18884,2,58038,56907.0
151,-17,FGBX,FGBXH20,D1,2020-02-12,1581465600,207.46,207.74,206.02,207.36,16622,2,52346,53236.0
152,-16,FGBX,FGBXH20,D1,2020-02-13,1581552000,207.68,209.44,207.52,207.94,22394,0,72503,60962.0
153,-15,FGBX,FGBXH20,D1,2020-02-14,1581638400,208.0,208.96,207.66,208.12,13587,2,43173,56007.0
154,-14,FGBX,FGBXH20,D1,2020-02-17,1581897600,208.32,208.82,207.4,208.42,6619,2,26511,47396.0
155,-13,FGBX,FGBXH20,D1,2020-02-18,1581984000,208.66,210.22,207.98,208.56,20644,2,66258,45314.0
156,-12,FGBX,FGBXH20,D1,2020-02-19,1582070400,208.52,209.68,208.1,209.46,17628,2,57920,50230.0
157,-11,FGBX,FGBXH20,D1,2020-02-20,1582156800,209.34,211.62,209.08,211.32,22610,2,70005,64728.0
158,-10,FGBX,FGBXH20,D1,2020-02-21,1582243200,211.56,213.36,211.26,211.58,26190,2,78114,68680.0
159,-9,FGBX,FGBXH20,D1,2020-02-24,1582502400,212.74,215.24,212.36,213.36,31363,0,86570,78230.0
160,-8,FGBX,FGBXH20,D1,2020-02-25,1582588800,212.98,215.5,212.18,214.88,28821,2,85269,83318.0
161,-7,FGBX,FGBXH20,D1,2020-02-26,1582675200,214.38,215.52,212.28,213.16,38945,0,113348,95062.0
162,-6,FGBX,FGBXH20,D1,2020-02-27,1582761600,213.76,216.7,213.4,216.28,32623,0,88819,95812.0
163,-5,FGBX,FGBXH20,D1,2020-02-28,1582848000,216.24,220.94,216.12,220.24,41066,2,103746,101971.0
164,-4,FGBX,FGBXH20,D1,2020-03-02,1583107200,220.92,222.8,218.16,219.3,15983,2,35675,76080.0
165,-3,FGBX,FGBXH20,D1,2020-03-03,1583193600,219.9,222.56,217.64,221.4,15285,0,35133,58185.0
166,-2,FGBX,FGBXH20,D1,2020-03-04,1583280000,221.6,222.28,218.84,219.12,11359,2,26299,32369.0
86,-68,FGBX,FGBXM20,D1,2020-03-05,1583366400,217.28,221.84,217.18,221.54,26818,2,66191,30429.0
87,-67,FGBX,FGBXM20,D1,2020-03-06,1583452800,221.32,226.56,221.32,223.84,40570,0,90065,57907.0
88,-66,FGBX,FGBXM20,D1,2020-03-09,1583712000,227.38,240.34,227.26,231.96,34321,0,67630,74629.0
89,-65,FGBX,FGBXM20,D1,2020-03-10,1583798400,231.12,233.44,224.68,230.1,38424,0,70140,75945.0
90,-64,FGBX,FGBXM20,D1,2020-03-11,1583884800,230.46,233.6,228.66,229.88,35674,2,65715,67828.0
91,-63,FGBX,FGBXM20,D1,2020-03-12,1583971200,230.46,235.1,226.9,228.92,33319,2,64691,66849.0
92,-62,FGBX,FGBXM20,D1,2020-03-13,1584057600,228.2,229.54,218.94,219.7,37108,2,66986,65797.0
93,-61,FGBX,FGBXM20,D1,2020-03-16,1584316800,221.84,224.24,217.2,219.0,25712,2,45003,58893.0
94,-60,FGBX,FGBXM20,D1,2020-03-17,1584403200,218.46,219.76,214.5,214.78,23079,2,40574,50854.0
95,-59,FGBX,FGBXM20,D1,2020-03-18,1584489600,215.8,215.96,206.66,208.02,30529,2,56535,47371.0
96,-58,FGBX,FGBXM20,D1,2020-03-19,1584576000,210.6,214.96,203.84,206.68,26828,0,48183,48431.0
97,-57,FGBX,FGBXM20,D1,2020-03-20,1584662400,206.82,212.46,206.82,212.28,24072,2,43076,49265.0
98,-56,FGBX,FGBXM20,D1,2020-03-23,1584921600,211.64,213.92,210.92,213.3,17032,2,29679,40313.0
99,-55,FGBX,FGBXM20,D1,2020-03-24,1585008000,213.14,213.7,209.0,210.26,15105,2,31317,34691.0
100,-54,FGBX,FGBXM20,D1,2020-03-25,1585094400,210.32,211.26,204.52,205.56,18393,2,35251,32082.0
101,-53,FGBX,FGBXM20,D1,2020-03-26,1585180800,205.8,207.98,204.44,206.46,20011,2,41700,36089.0
102,-52,FGBX,FGBXM20,D1,2020-03-27,1585267200,206.36,214.04,206.34,211.76,18614,2,38792,38581.0
103,-51,FGBX,FGBXM20,D1,2020-03-29,1585440000,211.76,211.76,211.76,211.76,2,0,2,26831.0
104,-50,FGBX,FGBXM20,D1,2020-03-30,1585526400,213.48,215.26,211.56,211.88,16577,2,32359,23718.0
105,-49,FGBX,FGBXM20,D1,2020-03-31,1585612800,211.82,212.96,209.68,210.12,18774,2,35997,22786.0
106,-48,FGBX,FGBXM20,D1,2020-04-01,1585699200,210.34,213.28,210.18,211.84,18204,2,37605,35320.0
107,-47,FGBX,FGBXM20,D1,2020-04-02,1585785600,212.34,214.22,210.0,211.82,18241,0,35426,36343.0
108,-46,FGBX,FGBXM20,D1,2020-04-03,1585872000,212.32,214.5,212.28,212.82,14634,2,28263,33765.0
109,-45,FGBX,FGBXM20,D1,2020-04-06,1586131200,212.34,212.92,210.86,212.34,12613,2,25135,29608.0
110,-44,FGBX,FGBXM20,D1,2020-04-07,1586217600,212.02,212.24,207.34,208.92,18418,2,39191,30863.0
111,-43,FGBX,FGBXM20,D1,2020-04-08,1586304000,209.36,211.1,206.6,207.5,18225,0,37099,33808.0
112,-42,FGBX,FGBXM20,D1,2020-04-09,1586390400,206.82,210.0,206.8,207.82,16177,2,34513,36934.0
113,-41,FGBX,FGBXM20,D1,2020-04-14,1586822400,207.74,210.88,207.18,209.8,8586,0,17568,29727.0
114,-40,FGBX,FGBXM20,D1,2020-04-15,1586908800,210.0,215.12,210.0,213.76,16452,2,36345,29475.0
115,-39,FGBX,FGBXM20,D1,2020-04-16,1586995200,213.9,215.66,212.8,214.76,11950,2,25375,26429.0
116,-38,FGBX,FGBXM20,D1,2020-04-17,1587081600,213.94,215.02,212.72,213.54,10043,0,21131,27617.0
117,-37,FGBX,FGBXM20,D1,2020-04-20,1587340800,213.62,214.58,212.3,213.22,12088,2,30650,25719.0
118,-36,FGBX,FGBXM20,D1,2020-04-21,1587427200,213.44,216.06,213.08,214.06,14998,2,36843,29541.0
119,-35,FGBX,FGBXM20,D1,2020-04-22,1587513600,214.02,214.82,211.38,212.12,13009,2,31580,33024.0
120,-34,FGBX,FGBXM20,D1,2020-04-23,1587600000,212.62,213.68,210.6,213.54,15281,2,34517,34313.0
121,-33,FGBX,FGBXM20,D1,2020-04-24,1587686400,213.22,215.38,213.22,215.24,12333,2,27979,31359.0
122,-32,FGBX,FGBXM20,D1,2020-04-25,1587772800,215.24,215.24,215.24,215.24,1,0,4,20833.0
123,-31,FGBX,FGBXM20,D1,2020-04-27,1587945600,215.34,215.72,213.24,213.58,11760,2,26346,18110.0
124,-30,FGBX,FGBXM20,D1,2020-04-28,1588032000,213.36,214.3,212.3,213.86,14956,2,36107,20819.0
125,-29,FGBX,FGBXM20,D1,2020-04-29,1588118400,213.9,215.8,213.72,214.7,19434,2,41512,34655.0
126,-28,FGBX,FGBXM20,D1,2020-04-30,1588204800,214.3,219.36,214.3,218.26,25639,2,65098,47572.0
127,-27,FGBX,FGBXM20,D1,2020-05-04,1588550400,219.5,221.18,216.24,217.12,22198,2,47766,51459.0
128,-26,FGBX,FGBXM20,D1,2020-05-05,1588636800,216.98,218.16,215.16,217.1,19525,2,44158,52341.0
129,-25,FGBX,FGBXM20,D1,2020-05-06,1588723200,216.88,217.02,213.32,213.92,20227,2,46796,46240.0
130,-24,FGBX,FGBXM20,D1,2020-05-07,1588809600,214.18,215.72,212.24,215.38,23465,2,51362,47439.0
131,-23,FGBX,FGBXM20,D1,2020-05-08,1588896000,215.2,216.54,213.82,214.2,10888,2,21316,39825.0
132,-22,FGBX,FGBXM20,D1,2020-05-11,1589155200,213.76,214.36,212.76,213.08,13000,2,30785,34488.0
133,-21,FGBX,FGBXM20,D1,2020-05-12,1589241600,213.44,214.68,212.74,214.56,11687,2,27967,26689.0
134,-20,FGBX,FGBXM20,D1,2020-05-13,1589328000,214.88,216.5,214.42,215.06,18419,2,44986,34579.0
135,-19,FGBX,FGBXM20,D1,2020-05-14,1589414400,215.44,216.98,215.12,215.62,12853,2,32096,35016.0
136,-18,FGBX,FGBXM20,D1,2020-05-15,1589500800,215.72,217.6,215.5,215.72,11929,2,27925,35002.0
137,-17,FGBX,FGBXM20,D1,2020-05-18,1589760000,215.96,216.58,212.08,212.52,19329,2,45972,35331.0
138,-16,FGBX,FGBXM20,D1,2020-05-19,1589846400,212.74,213.92,211.78,213.88,17686,2,44645,39514.0
139,-15,FGBX,FGBXM20,D1,2020-05-20,1589932800,213.66,214.5,213.06,213.82,16592,2,39152,43256.0
140,-14,FGBX,FGBXM20,D1,2020-05-21,1590019200,214.22,214.98,213.22,214.1,12764,2,30773,38190.0
141,-13,FGBX,FGBXM20,D1,2020-05-22,1590105600,214.46,215.88,213.6,213.88,13079,2,30343,33423.0
142,-12,FGBX,FGBXM20,D1,2020-05-25,1590364800,214.06,214.64,213.6,214.2,4656,2,11315,24144.0
143,-11,FGBX,FGBXM20,D1,2020-05-26,1590451200,214.04,214.12,210.64,211.66,16757,2,45872,29177.0
144,-10,FGBX,FGBXM20,D1,2020-05-27,1590537600,211.52,212.42,209.44,210.66,20973,2,54827,37338.0
145,-9,FGBX,FGBXM20,D1,2020-05-28,1590624000,210.28,211.84,210.1,210.9,16467,2,46148,48949.0
146,-8,FGBX,FGBXM20,D1,2020-05-29,1590710400,211.02,212.3,210.9,211.56,21867,2,57376,52784.0
147,-7,FGBX,FGBXM20,D1,2020-05-30,1590796800,211.56,211.56,211.56,211.56,2,0,2,34509.0
148,-6,FGBX,FGBXM20,D1,2020-05-31,1590883200,211.56,211.56,211.56,211.56,1,0,1,19126.0
149,-5,FGBX,FGBXM20,D1,2020-06-01,1590969600,211.8,211.8,207.86,209.06,19393,2,46789,15597.0
150,-4,FGBX,FGBXM20,D1,2020-06-02,1591056000,209.12,209.86,208.44,208.9,20583,2,53956,33582.0
151,-3,FGBX,FGBXM20,D1,2020-06-03,1591142400,208.66,209.88,206.52,206.94,23854,2,62971,54572.0
152,-2,FGBX,FGBXM20,D1,2020-06-04,1591228800,206.92,207.96,203.6,204.44,23910,2,57024,57984.0
153,-1,FGBX,FGBXM20,D1,2020-06-05,1591315200,204.28,204.68,201.02,203.48,2033,2,4144,41380.0
85,-68,FGBX,FGBXU20,D1,2020-06-08,1591574400,208.84,210.32,207.14,209.76,17599,2,42928,44573.0
86,-67,FGBX,FGBXU20,D1,2020-06-09,1591660800,209.86,212.46,209.86,210.4,21864,2,57772,53664.0
87,-66,FGBX,FGBXU20,D1,2020-06-10,1591747200,210.58,213.3,210.0,213.12,24412,2,70519,57073.0
88,-65,FGBX,FGBXU20,D1,2020-06-11,1591833600,213.44,217.44,213.28,216.82,22004,0,54127,60806.0
89,-64,FGBX,FGBXU20,D1,2020-06-12,1591920000,217.08,217.62,215.7,216.5,18682,2,44147,56264.0
90,-63,FGBX,FGBXU20,D1,2020-06-15,1592179200,216.94,218.52,216.48,216.84,17974,2,38340,45538.0
91,-62,FGBX,FGBXU20,D1,2020-06-16,1592265600,216.66,217.4,215.22,216.56,19787,0,45410,42632.0
92,-61,FGBX,FGBXU20,D1,2020-06-17,1592352000,216.76,217.64,214.7,216.58,17932,0,41201,41650.0
93,-60,FGBX,FGBXU20,D1,2020-06-18,1592438400,217.0,219.46,216.44,219.06,17177,2,39991,42201.0
94,-59,FGBX,FGBXU20,D1,2020-06-19,1592524800,219.2,219.22,217.06,218.48,14752,2,36096,39096.0
95,-58,FGBX,FGBXU20,D1,2020-06-22,1592784000,218.58,220.14,218.22,218.6,12555,2,30914,35667.0
96,-57,FGBX,FGBXU20,D1,2020-06-23,1592870400,218.26,219.34,215.6,215.86,20260,2,53356,40122.0
97,-56,FGBX,FGBXU20,D1,2020-06-24,1592956800,215.8,219.1,214.72,219.1,22812,2,65333,49868.0
98,-55,FGBX,FGBXU20,D1,2020-06-25,1593043200,219.12,221.08,219.1,220.4,17718,2,43218,53969.0
99,-54,FGBX,FGBXU20,D1,2020-06-26,1593129600,220.46,221.38,220.24,220.8,12748,2,32527,47026.0
100,-53,FGBX,FGBXU20,D1,2020-06-28,1593302400,220.8,220.8,220.8,220.8,1,0,1,25249.0
101,-52,FGBX,FGBXU20,D1,2020-06-29,1593388800,221.26,221.46,219.74,220.04,12675,2,29969,20832.0
102,-51,FGBX,FGBXU20,D1,2020-06-30,1593475200,220.18,221.28,218.26,218.48,16880,0,46399,25456.0
103,-50,FGBX,FGBXU20,D1,2020-07-01,1593561600,218.18,218.52,215.96,216.34,18825,2,46519,40962.0
104,-49,FGBX,FGBXU20,D1,2020-07-02,1593648000,216.1,218.26,215.58,217.76,19529,2,47224,46714.0
105,-48,FGBX,FGBXU20,D1,2020-07-03,1593734400,217.76,219.1,217.48,217.64,9370,2,22611,38785.0
106,-47,FGBX,FGBXU20,D1,2020-07-06,1593993600,217.32,218.26,216.3,218.0,11463,2,25386,31740.0
107,-46,FGBX,FGBXU20,D1,2020-07-07,1594080000,217.78,219.26,217.38,219.08,14402,2,35233,27743.0
108,-45,FGBX,FGBXU20,D1,2020-07-08,1594166400,218.76,220.34,218.72,219.52,14725,2,39134,33251.0
109,-44,FGBX,FGBXU20,D1,2020-07-09,1594252800,219.4,221.76,219.08,221.6,14271,0,36619,36995.0
110,-43,FGBX,FGBXU20,D1,2020-07-10,1594339200,221.22,223.56,220.62,220.8,17117,0,43698,39817.0
111,-42,FGBX,FGBXU20,D1,2020-07-13,1594598400,221.3,221.3,217.96,219.8,16358,2,42552,40956.0
112,-41,FGBX,FGBXU20,D1,2020-07-14,1594684800,219.56,221.02,219.14,220.12,14488,2,35457,40569.0
113,-40,FGBX,FGBXU20,D1,2020-07-15,1594771200,220.12,221.42,219.46,219.88,15358,2,39113,39041.0
114,-39,FGBX,FGBXU20,D1,2020-07-16,1594857600,220.38,221.46,219.7,220.28,13374,2,32027,35532.0
115,-38,FGBX,FGBXU20,D1,2020-07-17,1594944000,220.24,221.16,219.34,219.66,11042,2,27436,32859.0
116,-37,FGBX,FGBXU20,D1,2020-07-20,1595203200,219.76,221.04,218.18,220.28,14765,2,36113,31859.0
117,-36,FGBX,FGBXU20,D1,2020-07-21,1595289600,220.4,220.86,219.68,220.38,12868,2,31155,31568.0
118,-35,FGBX,FGBXU20,D1,2020-07-22,1595376000,220.28,222.58,219.98,222.04,18441,2,50461,39243.0
119,-34,FGBX,FGBXU20,D1,2020-07-23,1595462400,222.38,222.72,221.74,222.52,13030,2,31115,37577.0
120,-33,FGBX,FGBXU20,D1,2020-07-24,1595548800,222.44,223.82,220.0,220.84,18872,2,45689,42422.0
121,-32,FGBX,FGBXU20,D1,2020-07-27,1595808000,220.36,223.12,220.0,222.18,15223,0,39063,38622.0
122,-31,FGBX,FGBXU20,D1,2020-07-28,1595894400,222.12,224.42,221.82,224.14,14540,2,38081,40944.0
123,-30,FGBX,FGBXU20,D1,2020-07-29,1595980800,224.06,224.62,222.68,223.32,13216,2,33677,36940.0
124,-29,FGBX,FGBXU20,D1,2020-07-30,1596067200,223.16,226.18,223.0,225.72,15740,2,40435,37398.0
125,-28,FGBX,FGBXU20,D1,2020-07-31,1596153600,226.04,226.78,224.04,224.54,18808,2,45989,40034.0
126,-27,FGBX,FGBXU20,D1,2020-08-01,1596240000,224.54,224.54,224.54,224.54,5,0,5,28810.0
127,-26,FGBX,FGBXU20,D1,2020-08-03,1596412800,224.34,224.9,222.9,224.42,13090,2,32514,26169.0
128,-25,FGBX,FGBXU20,D1,2020-08-04,1596499200,224.06,226.86,223.64,226.8,14500,2,35785,22768.0
129,-24,FGBX,FGBXU20,D1,2020-08-05,1596585600,226.26,226.76,223.36,223.74,15351,2,38264,35521.0
130,-23,FGBX,FGBXU20,D1,2020-08-06,1596672000,224.02,225.94,223.14,224.54,17513,2,41763,38604.0
131,-22,FGBX,FGBXU20,D1,2020-08-07,1596758400,224.66,225.62,223.3,223.44,11349,2,28962,36330.0
132,-21,FGBX,FGBXU20,D1,2020-08-10,1597017600,223.32,225.16,222.68,224.02,12035,2,29758,33494.0
133,-20,FGBX,FGBXU20,D1,2020-08-11,1597104000,224.2,224.42,220.84,222.32,16460,2,41147,33289.0
134,-19,FGBX,FGBXU20,D1,2020-08-12,1597190400,222.2,222.22,219.12,220.92,20139,2,50935,40613.0
135,-18,FGBX,FGBXU20,D1,2020-08-13,1597276800,220.98,221.82,216.92,217.12,16527,2,39049,43710.0
136,-17,FGBX,FGBXU20,D1,2020-08-14,1597363200,216.76,219.38,216.48,218.08,16396,2,37470,42485.0
137,-16,FGBX,FGBXU20,D1,2020-08-17,1597622400,217.88,220.24,217.72,219.68,11012,2,29263,35261.0
138,-15,FGBX,FGBXU20,D1,2020-08-18,1597708800,219.92,221.26,219.28,220.8,14582,2,37002,34578.0
139,-14,FGBX,FGBXU20,D1,2020-08-19,1597795200,220.96,222.04,220.48,220.8,18763,2,53050,39772.0
140,-13,FGBX,FGBXU20,D1,2020-08-20,1597881600,220.82,223.64,220.82,222.6,16961,2,41716,43923.0
141,-12,FGBX,FGBXU20,D1,2020-08-21,1597968000,222.7,223.86,222.08,222.92,14439,0,36079,43615.0
142,-11,FGBX,FGBXU20,D1,2020-08-24,1598227200,223.22,223.46,221.56,222.04,14181,2,36043,37946.0
143,-10,FGBX,FGBXU20,D1,2020-08-25,1598313600,221.92,222.06,218.2,219.28,23740,2,59493,43872.0
144,-9,FGBX,FGBXU20,D1,2020-08-26,1598400000,218.8,219.04,217.14,218.28,24270,2,57162,50899.0
145,-8,FGBX,FGBXU20,D1,2020-08-27,1598486400,218.44,220.2,215.62,216.32,30084,2,70062,62239.0
146,-7,FGBX,FGBXU20,D1,2020-08-28,1598572800,215.46,217.0,214.12,216.2,24244,2,58607,61944.0
147,-6,FGBX,FGBXU20,D1,2020-08-31,1598832000,216.06,217.0,215.1,216.24,20274,2,55160,61276.0
148,-5,FGBX,FGBXU20,D1,2020-09-01,1598918400,216.32,218.62,215.12,218.36,24513,2,59157,57641.0
149,-4,FGBX,FGBXU20,D1,2020-09-02,1599004800,218.7,220.96,217.96,220.4,24989,2,58409,57575.0
150,-3,FGBX,FGBXU20,D1,2020-09-03,1599091200,220.74,222.94,219.64,222.22,24414,0,57402,58323.0
151,-2,FGBX,FGBXU20,D1,2020-09-04,1599177600,222.34,222.4,219.6,220.18,11616,2,30419,48743.0
152,-1,FGBX,FGBXU20,D1,2020-09-07,1599436800,219.8,221.12,219.1,219.74,560,2,1286,29702.0
86,-67,FGBX,FGBXZ20,D1,2020-09-08,1599523200,218.34,220.78,217.98,220.02,19933,2,46650,36423.0
87,-66,FGBX,FGBXZ20,D1,2020-09-09,1599609600,220.64,220.9,218.0,218.4,21286,2,46312,39508.0
88,-65,FGBX,FGBXZ20,D1,2020-09-10,1599696000,218.36,219.54,216.82,218.9,20111,2,45926,46296.0
89,-64,FGBX,FGBXZ20,D1,2020-09-11,1599782400,218.8,220.0,218.48,219.8,16955,2,39579,43939.0
90,-63,FGBX,FGBXZ20,D1,2020-09-14,1600041600,220.0,220.96,219.44,219.68,14508,2,37055,40853.0
91,-62,FGBX,FGBXZ20,D1,2020-09-15,1600128000,219.86,220.26,218.98,219.74,16075,2,40118,38917.0
92,-61,FGBX,FGBXZ20,D1,2020-09-16,1600214400,220.18,220.86,219.36,219.8,17060,2,46896,41356.0
93,-60,FGBX,FGBXZ20,D1,2020-09-17,1600300800,219.74,221.84,219.12,220.44,21728,2,56700,47905.0
94,-59,FGBX,FGBXZ20,D1,2020-09-18,1600387200,220.9,221.5,219.64,220.02,15117,2,37375,46990.0
95,-58,FGBX,FGBXZ20,D1,2020-09-21,1600646400,220.2,223.18,219.78,222.1,26350,2,66757,53611.0
96,-57,FGBX,FGBXZ20,D1,2020-09-22,1600732800,222.46,222.7,220.44,220.86,24559,2,70908,58347.0
97,-56,FGBX,FGBXZ20,D1,2020-09-23,1600819200,220.86,222.0,220.48,221.12,19947,0,46658,61441.0
98,-55,FGBX,FGBXZ20,D1,2020-09-24,1600905600,221.18,222.5,220.82,221.36,20343,2,49835,55800.0
99,-54,FGBX,FGBXZ20,D1,2020-09-25,1600992000,221.0,222.96,220.72,222.68,16490,2,40795,45763.0
100,-53,FGBX,FGBXZ20,D1,2020-09-28,1601251200,222.34,222.9,221.44,222.56,14377,2,40554,43728.0
101,-52,FGBX,FGBXZ20,D1,2020-09-29,1601337600,222.62,223.9,222.5,223.62,16704,2,42342,41230.0
102,-51,FGBX,FGBXZ20,D1,2020-09-30,1601424000,223.5,224.32,221.98,222.7,24312,2,69754,50883.0
103,-50,FGBX,FGBXZ20,D1,2020-10-01,1601510400,222.6,223.34,221.3,223.02,23357,2,62683,58260.0
104,-49,FGBX,FGBXZ20,D1,2020-10-02,1601596800,223.2,224.1,222.6,223.08,19899,2,49510,60649.0
105,-48,FGBX,FGBXZ20,D1,2020-10-05,1601856000,222.7,223.4,221.48,221.5,19695,2,54048,55414.0
106,-47,FGBX,FGBXZ20,D1,2020-10-06,1601942400,221.54,222.88,221.34,222.54,22111,2,60736,54765.0
107,-46,FGBX,FGBXZ20,D1,2020-10-07,1602028800,222.54,222.86,220.42,220.58,23095,2,64484,59756.0
108,-45,FGBX,FGBXZ20,D1,2020-10-08,1602115200,220.82,222.78,220.76,222.76,16271,2,43239,56153.0
109,-44,FGBX,FGBXZ20,D1,2020-10-09,1602201600,222.62,224.12,222.2,223.0,19196,2,54562,54095.0
110,-43,FGBX,FGBXZ20,D1,2020-10-10,1602288000,223.0,223.0,223.0,223.0,1,0,1,32601.0
111,-42,FGBX,FGBXZ20,D1,2020-10-11,1602374400,223.0,223.0,223.0,223.0,1,0,1,18188.0
112,-41,FGBX,FGBXZ20,D1,2020-10-12,1602460800,223.28,223.86,222.64,223.54,12113,2,35326,11776.0
113,-40,FGBX,FGBXZ20,D1,2020-10-13,1602547200,223.8,224.72,223.22,224.42,18075,2,49115,28147.0
114,-39,FGBX,FGBXZ20,D1,2020-10-14,1602633600,224.42,226.28,224.28,225.46,19962,2,58474,47638.0
115,-38,FGBX,FGBXZ20,D1,2020-10-15,1602720000,225.66,229.38,225.62,227.34,27190,2,78348,61979.0
116,-37,FGBX,FGBXZ20,D1,2020-10-16,1602806400,227.24,228.96,227.18,228.12,19564,2,51907,62910.0
117,-36,FGBX,FGBXZ20,D1,2020-10-19,1603065600,227.76,228.34,226.7,228.22,16706,2,47125,59127.0
118,-35,FGBX,FGBXZ20,D1,2020-10-20,1603152000,227.84,228.54,226.64,226.84,19693,2,57717,52250.0
119,-34,FGBX,FGBXZ20,D1,2020-10-21,1603238400,226.74,227.5,225.54,226.18,21872,2,60931,55258.0
120,-33,FGBX,FGBXZ20,D1,2020-10-22,1603324800,226.2,226.74,224.7,225.14,22444,0,68225,62291.0
121,-32,FGBX,FGBXZ20,D1,2020-10-23,1603411200,224.76,225.84,224.22,225.28,18548,0,52093,60416.0
122,-31,FGBX,FGBXZ20,D1,2020-10-26,1603670400,225.72,226.72,224.82,225.76,20629,2,58535,59618.0
123,-30,FGBX,FGBXZ20,D1,2020-10-27,1603756800,225.94,227.96,225.32,227.88,20206,2,60782,57137.0
124,-29,FGBX,FGBXZ20,D1,2020-10-28,1603843200,227.94,229.94,227.86,228.64,26389,2,80085,66467.0
125,-28,FGBX,FGBXZ20,D1,2020-10-29,1603929600,228.3,229.76,228.06,228.88,25789,2,67913,69593.0
126,-27,FGBX,FGBXZ20,D1,2020-10-30,1604016000,228.64,229.44,228.02,228.4,27599,2,76325,74774.0
127,-26,FGBX,FGBXZ20,D1,2020-11-02,1604275200,228.78,229.26,227.84,228.92,22249,2,62260,68833.0
128,-25,FGBX,FGBXZ20,D1,2020-11-03,1604361600,229.24,229.42,227.58,228.6,23275,2,63432,67339.0
129,-24,FGBX,FGBXZ20,D1,2020-11-04,1604448000,227.54,231.42,227.32,229.02,35117,2,77226,67639.0
130,-23,FGBX,FGBXZ20,D1,2020-11-05,1604534400,229.78,230.36,228.18,229.16,27823,0,72144,70934.0
131,-22,FGBX,FGBXZ20,D1,2020-11-06,1604620800,229.38,229.78,227.26,227.68,22565,0,63675,71015.0
132,-21,FGBX,FGBXZ20,D1,2020-11-09,1604880000,227.42,229.0,221.16,222.22,42390,2,106471,80763.0
133,-20,FGBX,FGBXZ20,D1,2020-11-10,1604966400,222.16,222.36,220.48,220.82,37920,2,107797,92648.0
134,-19,FGBX,FGBXZ20,D1,2020-11-11,1605052800,220.72,222.5,219.48,222.42,23237,2,71312,95193.0
135,-18,FGBX,FGBXZ20,D1,2020-11-12,1605139200,222.42,224.42,221.84,224.24,23391,2,69429,82846.0
136,-17,FGBX,FGBXZ20,D1,2020-11-13,1605225600,224.34,225.44,223.68,224.24,18607,2,51092,63944.0
137,-16,FGBX,FGBXZ20,D1,2020-11-16,1605484800,224.32,225.78,222.8,224.96,25292,2,64805,61775.0
138,-15,FGBX,FGBXZ20,D1,2020-11-17,1605571200,224.92,226.36,224.6,225.96,19109,2,49212,55036.0
139,-14,FGBX,FGBXZ20,D1,2020-11-18,1605657600,226.3,227.1,225.12,225.6,19149,2,51483,55167.0
140,-13,FGBX,FGBXZ20,D1,2020-11-19,1605744000,225.96,227.16,225.8,226.82,19165,0,54801,51832.0
141,-12,FGBX,FGBXZ20,D1,2020-11-20,1605830400,227.24,227.64,226.46,227.54,21136,2,66651,57645.0
142,-11,FGBX,FGBXZ20,D1,2020-11-23,1606089600,227.56,227.78,225.82,226.46,23386,2,66643,62698.0
143,-10,FGBX,FGBXZ20,D1,2020-11-24,1606176000,226.04,226.52,225.34,225.42,18992,2,54360,62551.0
144,-9,FGBX,FGBXZ20,D1,2020-11-25,1606262400,225.22,226.76,224.68,225.64,19454,2,55336,58780.0
145,-8,FGBX,FGBXZ20,D1,2020-11-26,1606348800,225.82,227.28,225.64,227.16,10002,2,31349,47015.0
146,-7,FGBX,FGBXZ20,D1,2020-11-27,1606435200,227.22,227.72,226.64,227.42,13132,2,41327,42671.0
147,-6,FGBX,FGBXZ20,D1,2020-11-30,1606694400,227.58,228.1,226.28,226.46,26598,2,76083,49586.0
148,-5,FGBX,FGBXZ20,D1,2020-12-01,1606780800,226.36,227.12,223.62,223.92,28339,2,80289,65900.0
149,-4,FGBX,FGBXZ20,D1,2020-12-02,1606867200,223.86,224.3,223.22,223.74,23652,2,64371,73581.0
150,-3,FGBX,FGBXZ20,D1,2020-12-03,1606953600,224.12,225.64,223.52,225.46,22336,2,59306,67989.0
151,-2,FGBX,FGBXZ20,D1,2020-12-04,1607040000,225.08,225.8,224.14,224.74,14893,2,35460,53046.0
152,-1,FGBX,FGBXZ20,D1,2020-12-07,1607299200,225.16,226.78,224.98,226.26,882,2,2511,32426.0
101,-61,FGBX,FGBXH21,D1,2020-12-08,1607385600,224.8,226.52,224.48,225.88,20676,2,55203,43125.0
102,-60,FGBX,FGBXH21,D1,2020-12-09,1607472000,225.68,226.22,224.72,225.9,15131,2,42379,49293.0
103,-59,FGBX,FGBXH21,D1,2020-12-10,1607558400,226.18,227.42,224.88,226.5,24301,2,62400,53327.0
104,-58,FGBX,FGBXH21,D1,2020-12-11,1607644800,226.52,228.68,226.04,228.28,23574,2,67462,57414.0
105,-57,FGBX,FGBXH21,D1,2020-12-12,1607731200,228.28,228.28,228.28,228.28,1,0,1,43288.0
106,-56,FGBX,FGBXH21,D1,2020-12-14,1607904000,227.62,227.94,226.38,227.22,17994,2,47583,38349.0
107,-55,FGBX,FGBXH21,D1,2020-12-15,1607990400,227.36,227.94,226.54,226.7,15995,2,40209,29264.0
108,-54,FGBX,FGBXH21,D1,2020-12-16,1608076800,226.74,226.92,223.96,225.02,25757,0,64575,50789.0
109,-53,FGBX,FGBXH21,D1,2020-12-17,1608163200,224.92,226.08,224.08,225.16,19923,2,49250,51345.0
110,-52,FGBX,FGBXH21,D1,2020-12-18,1608249600,225.22,225.72,223.86,225.22,17130,2,40209,51345.0
111,-51,FGBX,FGBXH21,D1,2020-12-21,1608508800,227.38,227.84,225.18,225.56,19959,2,43070,44176.0
112,-50,FGBX,FGBXH21,D1,2020-12-22,1608595200,225.5,227.06,225.42,226.92,15884,2,34111,39130.0
113,-49,FGBX,FGBXH21,D1,2020-12-23,1608681600,226.96,227.54,223.86,224.84,21853,2,50915,42699.0
114,-48,FGBX,FGBXH21,D1,2020-12-28,1609113600,224.8,225.56,223.7,225.42,9940,2,21602,35543.0
115,-47,FGBX,FGBXH21,D1,2020-12-29,1609200000,224.92,225.8,224.72,225.68,13459,2,28952,33823.0
116,-46,FGBX,FGBXH21,D1,2020-12-30,1609286400,225.72,226.06,224.14,225.62,14483,2,33319,27958.0
117,-45,FGBX,FGBXH21,D1,2021-01-04,1609718400,225.78,227.44,224.56,226.74,8375,0,81332,47868.0
118,-44,FGBX,FGBXH21,D1,2021-01-05,1609804800,226.9,226.98,225.1,225.5,6806,0,75242,63298.0
119,-43,FGBX,FGBXH21,D1,2021-01-06,1609891200,225.58,225.6,222.94,224.58,9175,0,92156,82910.0
120,-42,FGBX,FGBXH21,D1,2021-01-07,1609977600,224.42,225.02,223.1,223.64,7454,0,85200,84199.0
121,-41,FGBX,FGBXH21,D1,2021-01-08,1610064000,223.66,224.34,222.78,223.38,6629,0,61409,79588.0
122,-40,FGBX,FGBXH21,D1,2021-01-11,1610323200,223.24,224.36,221.68,221.78,6992,0,75530,74046.0
123,-39,FGBX,FGBXH21,D1,2021-01-12,1610409600,221.68,221.98,220.18,221.6,7772,0,98140,78360.0
124,-38,FGBX,FGBXH21,D1,2021-01-13,1610496000,221.72,224.38,221.5,223.86,7343,0,103917,92529.0
125,-37,FGBX,FGBXH21,D1,2021-01-14,1610582400,224.12,225.42,223.32,224.02,7796,0,75588,92548.0
126,-36,FGBX,FGBXH21,D1,2021-01-15,1610668800,224.1,225.12,223.38,223.96,6566,0,66420,81975.0
127,-35,FGBX,FGBXH21,D1,2021-01-18,1610928000,224.14,224.6,222.54,223.18,4958,0,46503,62837.0
128,-34,FGBX,FGBXH21,D1,2021-01-19,1611014400,223.0,223.44,222.24,223.18,6160,0,85871,66265.0
129,-33,FGBX,FGBXH21,D1,2021-01-20,1611100800,223.34,223.7,222.74,223.42,5622,0,71661,68012.0
130,-32,FGBX,FGBXH21,D1,2021-01-21,1611187200,223.4,223.7,220.82,221.0,6968,0,97243,84925.0
131,-31,FGBX,FGBXH21,D1,2021-01-22,1611273600,220.8,222.76,220.46,222.38,6423,0,74626,81177.0
132,-30,FGBX,FGBXH21,D1,2021-01-25,1611532800,222.12,224.5,221.92,224.28,27087,2,79098,83656.0
133,-29,FGBX,FGBXH21,D1,2021-01-26,1611619200,224.34,224.6,222.76,222.96,23790,2,75128,76284.0
134,-28,FGBX,FGBXH21,D1,2021-01-27,1611705600,223.02,224.46,222.54,223.06,33224,0,95594,83273.0
135,-27,FGBX,FGBXH21,D1,2021-01-28,1611792000,222.76,224.12,222.0,222.44,29016,2,81574,84099.0
136,-26,FGBX,FGBXH21,D1,2021-01-29,1611878400,222.22,222.84,219.8,221.48,52127,2,158159,111776.0
137,-25,FGBX,FGBXH21,D1,2021-02-01,1612137600,221.6,221.96,220.38,221.04,24980,2,74155,104629.0
138,-24,FGBX,FGBXH21,D1,2021-02-02,1612224000,220.92,221.04,219.26,219.94,32177,0,117356,116557.0
139,-23,FGBX,FGBXH21,D1,2021-02-03,1612310400,219.3,219.56,217.86,217.96,27154,2,86586,92699.0
140,-22,FGBX,FGBXH21,D1,2021-02-04,1612396800,217.6,218.76,217.08,217.68,30547,2,96080,100007.0
141,-21,FGBX,FGBXH21,D1,2021-02-05,1612483200,217.68,218.44,215.48,216.68,34330,2,107517,96728.0
142,-20,FGBX,FGBXH21,D1,2021-02-08,1612742400,216.6,217.36,215.48,216.7,23326,2,75036,92878.0
143,-19,FGBX,FGBXH21,D1,2021-02-09,1612828800,216.92,217.74,216.32,216.72,25351,2,83139,88564.0
144,-18,FGBX,FGBXH21,D1,2021-02-10,1612915200,216.64,217.64,216.06,216.66,26679,2,81573,79916.0
145,-17,FGBX,FGBXH21,D1,2021-02-11,1613001600,216.74,217.98,216.58,216.8,20179,0,61866,75526.0
146,-16,FGBX,FGBXH21,D1,2021-02-12,1613088000,216.76,217.48,214.14,214.22,28085,2,90832,78090.0
147,-15,FGBX,FGBXH21,D1,2021-02-15,1613347200,213.88,213.92,212.36,212.74,19192,0,63991,72230.0
148,-14,FGBX,FGBXH21,D1,2021-02-16,1613433600,212.88,213.84,210.42,210.58,35707,2,104568,86464.0
149,-13,FGBX,FGBXH21,D1,2021-02-17,1613520000,210.3,212.54,210.08,212.1,41529,0,137915,102158.0
150,-12,FGBX,FGBXH21,D1,2021-02-18,1613606400,212.38,213.18,210.24,211.3,37616,0,117724,120069.0
151,-11,FGBX,FGBXH21,D1,2021-02-19,1613692800,211.14,211.54,208.74,208.96,29111,0,85267,113635.0
152,-10,FGBX,FGBXH21,D1,2021-02-22,1613952000,208.74,212.02,207.4,210.86,43937,2,131573,111521.0
153,-9,FGBX,FGBXH21,D1,2021-02-23,1614038400,210.98,211.48,208.54,210.08,37465,2,117085,111308.0
154,-8,FGBX,FGBXH21,D1,2021-02-24,1614124800,210.24,210.9,207.8,209.7,34653,2,97695,115451.0
155,-7,FGBX,FGBXH21,D1,2021-02-25,1614211200,209.62,209.66,205.78,206.72,49209,2,136459,117080.0
156,-6,FGBX,FGBXH21,D1,2021-02-26,1614297600,206.06,211.18,206.06,211.1,59347,0,156857,130337.0
157,-5,FGBX,FGBXH21,D1,2021-03-01,1614556800,211.38,212.5,210.02,212.14,33577,0,87200,126839.0
158,-4,FGBX,FGBXH21,D1,2021-03-02,1614643200,212.56,212.84,209.94,212.1,28999,2,72319,105459.0
159,-3,FGBX,FGBXH21,D1,2021-03-03,1614729600,212.02,212.44,208.4,208.88,25534,2,61274,73598.0
160,-2,FGBX,FGBXH21,D1,2021-03-04,1614816000,208.7,210.48,208.42,209.0,24828,2,54434,62676.0
161,-1,FGBX,FGBXH21,D1,2021-03-05,1614902400,208.44,209.76,208.16,209.54,1988,0,3706,39805.0
107,-67,FGBX,FGBXM21,D1,2021-03-08,1615161600,207.5,207.98,206.78,206.86,18469,2,48022,45916.0
108,-66,FGBX,FGBXM21,D1,2021-03-09,1615248000,207.14,209.76,206.98,208.24,21581,2,57988,55755.0
109,-65,FGBX,FGBXM21,D1,2021-03-10,1615334400,208.46,209.2,207.6,209.08,18782,0,48816,51609.0
110,-64,FGBX,FGBXM21,D1,2021-03-11,1615420800,209.06,211.1,208.42,208.8,34899,2,92926,66577.0
111,-63,FGBX,FGBXM21,D1,2021-03-12,1615507200,208.6,208.7,206.5,207.04,24072,2,59976,67239.0
112,-62,FGBX,FGBXM21,D1,2021-03-15,1615766400,207.08,208.46,206.62,207.8,19601,2,53680,68861.0
113,-61,FGBX,FGBXM21,D1,2021-03-16,1615852800,208.04,208.98,207.66,208.06,22952,2,66517,60058.0
114,-60,FGBX,FGBXM21,D1,2021-03-17,1615939200,207.9,208.4,205.4,206.3,30537,2,89831,70009.0
115,-59,FGBX,FGBXM21,D1,2021-03-18,1616025600,206.8,206.84,203.68,204.84,35052,2,92470,82939.0
116,-58,FGBX,FGBXM21,D1,2021-03-19,1616112000,204.84,206.24,204.34,204.8,25780,2,64829,82377.0
117,-57,FGBX,FGBXM21,D1,2021-03-22,1616371200,205.5,206.76,205.2,205.58,20352,0,52282,69860.0
118,-56,FGBX,FGBXM21,D1,2021-03-23,1616457600,206.0,208.08,205.56,208.0,25215,2,73306,63472.0
119,-55,FGBX,FGBXM21,D1,2021-03-24,1616544000,208.08,209.14,207.5,208.68,21575,0,58298,61295.0
120,-54,FGBX,FGBXM21,D1,2021-03-25,1616630400,208.58,210.06,208.06,209.08,22354,2,61483,64362.0
121,-53,FGBX,FGBXM21,D1,2021-03-26,1616716800,209.56,209.58,207.12,207.56,23408,0,69215,62999.0
122,-52,FGBX,FGBXM21,D1,2021-03-29,1616976000,207.6,208.78,206.0,206.18,21210,2,61673,64124.0
123,-51,FGBX,FGBXM21,D1,2021-03-30,1617062400,206.24,206.4,204.18,205.74,31164,2,91222,74037.0
124,-50,FGBX,FGBXM21,D1,2021-03-31,1617148800,205.4,206.6,204.82,205.84,30933,2,91532,81476.0
125,-49,FGBX,FGBXM21,D1,2021-04-01,1617235200,205.78,207.58,205.54,207.16,20226,2,56834,79863.0
126,-48,FGBX,FGBXM21,D1,2021-04-06,1617667200,206.9,207.74,206.1,207.1,22565,0,65155,71174.0
127,-47,FGBX,FGBXM21,D1,2021-04-07,1617753600,207.18,208.26,206.48,206.58,24244,2,73184,65058.0
128,-46,FGBX,FGBXM21,D1,2021-04-08,1617840000,206.64,208.18,206.58,207.9,20218,2,63840,67393.0
129,-45,FGBX,FGBXM21,D1,2021-04-09,1617926400,207.62,208.08,205.52,206.48,26680,2,79971,72332.0
130,-44,FGBX,FGBXM21,D1,2021-04-10,1618012800,206.48,206.48,206.48,206.48,2,24,2,47938.0
131,-43,FGBX,FGBXM21,D1,2021-04-12,1618185600,206.24,207.96,205.76,205.96,21596,2,63478,47817.0
132,-42,FGBX,FGBXM21,D1,2021-04-13,1618272000,205.8,206.7,205.02,206.58,27430,0,78457,47312.0
133,-41,FGBX,FGBXM21,D1,2021-04-14,1618358400,206.8,206.9,204.16,204.36,24840,2,73107,71681.0
134,-40,FGBX,FGBXM21,D1,2021-04-15,1618444800,204.1,206.48,204.1,206.04,23842,2,71177,74247.0
135,-39,FGBX,FGBXM21,D1,2021-04-16,1618531200,205.84,205.84,204.4,204.5,22552,2,64927,69737.0
136,-38,FGBX,FGBXM21,D1,2021-04-19,1618790400,204.74,205.28,203.08,203.74,25598,0,78451,71518.0
137,-37,FGBX,FGBXM21,D1,2021-04-20,1618876800,203.72,205.38,203.08,205.06,27289,2,82613,75330.0
138,-36,FGBX,FGBXM21,D1,2021-04-21,1618963200,205.1,205.86,204.32,205.42,21587,2,62659,74574.0
139,-35,FGBX,FGBXM21,D1,2021-04-22,1619049600,205.52,206.34,204.62,205.82,26228,2,77683,74318.0
140,-34,FGBX,FGBXM21,D1,2021-04-23,1619136000,205.82,206.06,204.38,204.58,21336,2,62013,67452.0
141,-33,FGBX,FGBXM21,D1,2021-04-26,1619395200,204.44,205.28,203.7,204.88,21843,2,60677,66791.0
142,-32,FGBX,FGBXM21,D1,2021-04-27,1619481600,204.8,205.36,204.26,204.28,20378,0,61067,61252.0
143,-31,FGBX,FGBXM21,D1,2021-04-28,1619568000,204.16,204.54,202.8,204.46,27615,2,81123,67622.0
144,-30,FGBX,FGBXM21,D1,2021-04-29,1619654400,204.46,204.46,201.24,201.82,30370,2,93699,78630.0
145,-29,FGBX,FGBXM21,D1,2021-04-30,1619740800,201.58,202.7,201.52,202.08,27476,2,91627,88816.0
146,-28,FGBX,FGBXM21,D1,2021-05-01,1619827200,202.08,202.08,202.08,202.08,2,46,2,61776.0
147,-27,FGBX,FGBXM21,D1,2021-05-03,1620000000,201.5,202.8,200.52,202.02,20259,2,63339,51656.0
148,-26,FGBX,FGBXM21,D1,2021-05-04,1620086400,202.18,204.08,201.34,203.46,26690,2,81476,48272.0
149,-25,FGBX,FGBXM21,D1,2021-05-05,1620172800,203.76,203.76,202.4,203.38,24802,2,67397,70737.0
150,-24,FGBX,FGBXM21,D1,2021-05-06,1620259200,203.16,204.0,201.92,202.62,28383,2,78246,75706.0
151,-23,FGBX,FGBXM21,D1,2021-05-07,1620345600,202.62,204.5,202.0,202.32,34234,2,89693,78445.0
152,-22,FGBX,FGBXM21,D1,2021-05-10,1620604800,202.08,202.38,201.44,201.76,21713,2,60073,76004.0
153,-21,FGBX,FGBXM21,D1,2021-05-11,1620691200,201.72,202.02,199.58,199.64,34810,0,115326,88364.0
154,-20,FGBX,FGBXM21,D1,2021-05-12,1620777600,199.7,200.7,198.16,198.26,34774,2,101569,92323.0
155,-19,FGBX,FGBXM21,D1,2021-05-13,1620864000,198.14,199.1,197.56,199.08,31803,0,93417,103437.0
156,-18,FGBX,FGBXM21,D1,2021-05-14,1620950400,198.98,199.68,198.52,199.06,28376,2,80239,91742.0
157,-17,FGBX,FGBXM21,D1,2021-05-17,1621209600,199.12,199.88,197.92,198.42,24918,2,72376,82011.0
158,-16,FGBX,FGBXM21,D1,2021-05-18,1621296000,198.3,199.28,197.68,197.92,27517,2,88580,80398.0
159,-15,FGBX,FGBXM21,D1,2021-05-19,1621382400,197.78,199.08,196.58,197.92,29697,2,89670,83542.0
160,-14,FGBX,FGBXM21,D1,2021-05-20,1621468800,197.86,198.98,197.56,198.84,23317,2,70373,82874.0
161,-13,FGBX,FGBXM21,D1,2021-05-21,1621555200,198.74,200.02,198.58,199.52,23856,2,66242,75428.0
162,-12,FGBX,FGBXM21,D1,2021-05-24,1621814400,199.58,200.14,198.84,199.56,18701,2,52982,63199.0
163,-11,FGBX,FGBXM21,D1,2021-05-25,1621900800,199.62,201.06,199.44,201.06,24847,2,74040,64421.0
164,-10,FGBX,FGBXM21,D1,2021-05-26,1621987200,201.02,202.74,200.32,202.4,27992,2,86573,71198.0
165,-9,FGBX,FGBXM21,D1,2021-05-27,1622073600,202.56,202.74,200.46,201.02,28091,2,80851,80488.0
166,-8,FGBX,FGBXM21,D1,2021-05-28,1622160000,200.76,201.36,200.12,200.94,23589,2,70566,79330.0
167,-7,FGBX,FGBXM21,D1,2021-05-30,1622332800,200.94,200.94,200.94,200.94,1,42,1,50473.0
168,-6,FGBX,FGBXM21,D1,2021-05-31,1622419200,200.74,201.88,199.8,201.8,14131,2,50888,40485.0
169,-5,FGBX,FGBXM21,D1,2021-06-01,1622505600,201.88,201.96,200.74,201.42,22658,2,62781,37890.0
170,-4,FGBX,FGBXM21,D1,2021-06-02,1622592000,201.08,201.88,201.04,201.74,19177,0,52209,55293.0
171,-3,FGBX,FGBXM21,D1,2021-06-03,1622678400,201.78,201.96,200.9,201.16,22183,2,61094,58695.0
172,-2,FGBX,FGBXM21,D1,2021-06-04,1622764800,201.12,202.74,201.04,202.74,16879,2,39195,50833.0
106,-68,FGBX,FGBXU21,D1,2021-06-07,1623024000,200.98,201.02,199.9,200.36,16968,2,53531,34640.0
107,-67,FGBX,FGBXU21,D1,2021-06-08,1623110400,200.5,202.28,200.4,201.68,25234,0,73934,53785.0
108,-66,FGBX,FGBXU21,D1,2021-06-09,1623196800,201.56,203.52,201.44,202.6,24865,2,79061,68842.0
109,-65,FGBX,FGBXU21,D1,2021-06-10,1623283200,202.6,203.0,200.94,203.0,27769,2,78524,77173.0
110,-64,FGBX,FGBXU21,D1,2021-06-11,1623369600,202.96,203.94,202.68,203.38,21768,2,62029,73205.0
111,-63,FGBX,FGBXU21,D1,2021-06-14,1623628800,203.44,203.76,202.46,202.68,19242,2,56492,65682.0
112,-62,FGBX,FGBXU21,D1,2021-06-15,1623715200,202.8,203.34,201.74,202.02,24329,2,67958,62160.0
113,-61,FGBX,FGBXU21,D1,2021-06-16,1623801600,201.98,202.78,201.42,201.52,23346,2,65182,63211.0
114,-60,FGBX,FGBXU21,D1,2021-06-17,1623888000,201.74,204.48,200.92,203.6,35497,0,98691,77277.0
115,-59,FGBX,FGBXU21,D1,2021-06-18,1623974400,203.64,205.82,203.34,205.18,39907,2,108767,90880.0
116,-58,FGBX,FGBXU21,D1,2021-06-21,1624233600,205.46,206.62,202.44,202.46,32428,2,89416,98958.0
117,-57,FGBX,FGBXU21,D1,2021-06-22,1624320000,202.46,203.04,201.3,202.38,25582,2,71754,89979.0
118,-56,FGBX,FGBXU21,D1,2021-06-23,1624406400,202.14,203.48,201.7,202.44,24170,2,67277,76149.0
119,-55,FGBX,FGBXU21,D1,2021-06-24,1624492800,202.66,202.92,201.88,202.64,20771,0,53739,64257.0
120,-54,FGBX,FGBXU21,D1,2021-06-25,1624579200,202.64,202.8,200.82,201.16,19582,2,52976,57997.0
121,-53,FGBX,FGBXU21,D1,2021-06-28,1624838400,201.1,202.48,200.96,202.12,17159,0,49093,51936.0
122,-52,FGBX,FGBXU21,D1,2021-06-29,1624924800,202.14,202.62,201.24,201.74,23344,0,82684,61584.0
123,-51,FGBX,FGBXU21,D1,2021-06-30,1625011200,201.84,203.64,201.4,202.96,23030,2,75604,69127.0
124,-50,FGBX,FGBXU21,D1,2021-07-01,1625097600,202.98,203.22,201.92,202.86,19872,2,62245,73511.0
125,-49,FGBX,FGBXU21,D1,2021-07-02,1625184000,202.8,204.52,202.52,204.26,24142,2,71202,69684.0
126,-48,FGBX,FGBXU21,D1,2021-07-05,1625443200,204.16,204.3,203.08,203.22,12282,2,44714,59387.0
127,-47,FGBX,FGBXU21,D1,2021-07-06,1625529600,203.22,206.32,202.68,206.1,31660,2,103617,73178.0
128,-46,FGBX,FGBXU21,D1,2021-07-07,1625616000,206.32,208.46,205.78,207.76,27732,2,89885,79405.0
129,-45,FGBX,FGBXU21,D1,2021-07-08,1625702400,207.98,209.96,207.74,208.28,32666,2,98765,97422.0
130,-44,FGBX,FGBXU21,D1,2021-07-09,1625788800,208.02,208.3,206.74,206.74,21104,0,65314,84655.0
131,-43,FGBX,FGBXU21,D1,2021-07-12,1626048000,206.88,208.12,206.88,207.18,18946,2,55548,73209.0
132,-42,FGBX,FGBXU21,D1,2021-07-13,1626134400,207.1,207.88,205.88,206.14,28678,0,94459,71774.0
133,-41,FGBX,FGBXU21,D1,2021-07-14,1626220800,206.06,208.52,205.76,208.42,20515,2,60801,70269.0
134,-40,FGBX,FGBXU21,D1,2021-07-15,1626307200,208.56,210.2,208.56,210.04,24570,0,78181,77814.0
135,-39,FGBX,FGBXU21,D1,2021-07-16,1626393600,210.14,210.66,209.28,210.62,17354,2,54351,64444.0
136,-38,FGBX,FGBXU21,D1,2021-07-19,1626652800,210.82,213.22,210.68,212.52,28438,2,86872,73135.0
137,-37,FGBX,FGBXU21,D1,2021-07-20,1626739200,212.28,215.26,211.98,213.74,37581,0,114867,85363.0
138,-36,FGBX,FGBXU21,D1,2021-07-21,1626825600,213.78,214.52,211.78,211.98,27398,2,89178,96972.0
139,-35,FGBX,FGBXU21,D1,2021-07-22,1626912000,212.0,213.88,211.46,213.48,26996,2,74919,92988.0
140,-34,FGBX,FGBXU21,D1,2021-07-23,1626998400,213.24,213.36,212.22,213.26,17630,2,50918,71672.0
141,-33,FGBX,FGBXU21,D1,2021-07-26,1627257600,213.44,214.72,212.32,212.96,20394,2,58708,61515.0
142,-32,FGBX,FGBXU21,D1,2021-07-27,1627344000,213.04,214.56,212.96,214.54,19701,2,57948,55858.0
143,-31,FGBX,FGBXU21,D1,2021-07-28,1627430400,214.26,214.98,213.66,214.82,22934,0,72820,63159.0
144,-30,FGBX,FGBXU21,D1,2021-07-29,1627516800,214.88,214.96,213.2,214.44,20562,0,61644,64137.0
145,-29,FGBX,FGBXU21,D1,2021-07-30,1627603200,214.58,215.26,214.06,215.16,19697,2,64520,66328.0
146,-28,FGBX,FGBXU21,D1,2021-08-02,1627862400,215.08,216.6,214.32,216.26,20486,2,59718,61961.0
147,-27,FGBX,FGBXU21,D1,2021-08-03,1627948800,215.82,216.92,215.5,216.78,17884,2,55880,60039.0
148,-26,FGBX,FGBXU21,D1,2021-08-04,1628035200,216.88,218.98,216.16,218.36,28191,0,83894,66497.0
149,-25,FGBX,FGBXU21,D1,2021-08-05,1628121600,217.66,219.14,217.66,218.58,21615,0,65648,68474.0
150,-24,FGBX,FGBXU21,D1,2021-08-06,1628208000,218.78,218.78,215.8,216.0,22831,2,72810,74117.0
151,-23,FGBX,FGBXU21,D1,2021-08-09,1628467200,215.74,217.36,215.74,216.48,17908,0,53320,63926.0
152,-22,FGBX,FGBXU21,D1,2021-08-10,1628553600,216.56,217.64,215.98,216.64,17298,0,53760,59963.0
153,-21,FGBX,FGBXU21,D1,2021-08-11,1628640000,216.48,217.02,215.34,216.5,21015,0,59396,55492.0
154,-20,FGBX,FGBXU21,D1,2021-08-12,1628726400,216.68,216.88,215.76,216.38,16644,2,47524,53560.0
155,-19,FGBX,FGBXU21,D1,2021-08-13,1628812800,216.48,217.62,215.84,217.54,14651,2,41926,49615.0
156,-18,FGBX,FGBXU21,D1,2021-08-14,1628899200,217.54,217.54,217.54,217.54,1,14,2,29817.0
157,-17,FGBX,FGBXU21,D1,2021-08-16,1629072000,217.9,218.44,216.36,216.84,18846,2,55450,32459.0
158,-16,FGBX,FGBXU21,D1,2021-08-17,1629158400,217.24,218.64,216.84,217.2,18048,2,51636,35696.0
159,-15,FGBX,FGBXU21,D1,2021-08-18,1629244800,217.22,218.04,216.88,217.72,17417,2,55291,54126.0
160,-14,FGBX,FGBXU21,D1,2021-08-19,1629331200,217.98,219.0,217.7,218.32,19775,0,59579,55502.0
161,-13,FGBX,FGBXU21,D1,2021-08-20,1629417600,218.26,218.92,218.16,218.4,12719,2,35887,50252.0
162,-12,FGBX,FGBXU21,D1,2021-08-23,1629676800,218.24,218.48,216.56,217.76,19620,2,56925,50797.0
163,-11,FGBX,FGBXU21,D1,2021-08-24,1629763200,217.64,218.1,216.7,217.2,17245,2,52073,48295.0
164,-10,FGBX,FGBXU21,D1,2021-08-25,1629849600,217.02,217.44,213.9,214.18,25869,2,83365,64121.0
165,-9,FGBX,FGBXU21,D1,2021-08-26,1629936000,213.96,214.7,213.28,214.12,25159,2,74915,70118.0
166,-8,FGBX,FGBXU21,D1,2021-08-27,1630022400,214.14,214.4,213.1,214.18,18428,2,53158,70479.0
167,-7,FGBX,FGBXU21,D1,2021-08-30,1630281600,214.18,215.2,213.58,215.18,11800,2,34852,54308.0
168,-6,FGBX,FGBXU21,D1,2021-08-31,1630368000,215.26,215.34,212.24,212.42,29217,2,86664,58225.0
169,-5,FGBX,FGBXU21,D1,2021-09-01,1630454400,212.3,212.62,210.72,211.58,34406,2,112491,78002.0
170,-4,FGBX,FGBXU21,D1,2021-09-02,1630540800,211.36,212.46,211.24,211.66,19803,2,56773,85309.0
171,-3,FGBX,FGBXU21,D1,2021-09-03,1630627200,211.48,212.1,209.88,210.62,19446,2,51718,73661.0
172,-2,FGBX,FGBXU21,D1,2021-09-06,1630886400,210.48,211.22,210.1,210.7,7868,2,21940,43477.0
110,-66,FGBX,FGBXZ21,D1,2021-09-07,1630972800,208.8,209.06,207.06,207.48,24454,2,74104,38592.0
111,-65,FGBX,FGBXZ21,D1,2021-09-08,1631059200,207.62,208.86,207.28,208.12,19778,2,64302,53346.0
112,-64,FGBX,FGBXZ21,D1,2021-09-09,1631145600,208.0,210.52,207.76,210.16,23709,0,70738,69715.0
113,-63,FGBX,FGBXZ21,D1,2021-09-10,1631232000,210.18,210.34,208.14,208.4,17790,2,52797,62612.0
114,-62,FGBX,FGBXZ21,D1,2021-09-13,1631491200,208.36,208.84,207.86,208.02,13664,2,40566,54700.0
115,-61,FGBX,FGBXZ21,D1,2021-09-14,1631577600,207.9,209.26,206.68,208.8,24052,2,74144,55836.0
116,-60,FGBX,FGBXZ21,D1,2021-09-15,1631664000,208.4,209.02,206.82,207.2,17780,2,58474,57728.0
117,-59,FGBX,FGBXZ21,D1,2021-09-16,1631750400,207.2,207.42,205.86,206.6,18845,2,62242,64953.0
118,-58,FGBX,FGBXZ21,D1,2021-09-17,1631836800,206.7,207.06,205.36,205.82,19250,0,64278,61665.0
119,-57,FGBX,FGBXZ21,D1,2021-09-20,1632096000,205.92,208.62,205.9,208.06,21054,2,67199,64573.0
120,-56,FGBX,FGBXZ21,D1,2021-09-21,1632182400,208.12,208.76,206.64,207.92,18140,2,60078,63852.0
121,-55,FGBX,FGBXZ21,D1,2021-09-22,1632268800,208.12,208.86,207.36,208.38,17119,2,56644,61307.0
122,-54,FGBX,FGBXZ21,D1,2021-09-23,1632355200,208.38,208.82,205.32,205.54,27577,2,87437,68053.0
123,-53,FGBX,FGBXZ21,D1,2021-09-24,1632441600,205.5,205.5,203.8,203.98,24460,2,78514,74198.0
124,-52,FGBX,FGBXZ21,D1,2021-09-27,1632700800,204.7,205.22,202.84,204.48,24857,2,72917,79623.0
125,-51,FGBX,FGBXZ21,D1,2021-09-28,1632787200,204.48,204.68,202.9,203.76,25438,2,83152,78194.0
126,-50,FGBX,FGBXZ21,D1,2021-09-29,1632873600,203.5,205.22,203.36,203.88,20844,2,68632,74900.0
127,-49,FGBX,FGBXZ21,D1,2021-09-30,1632960000,204.5,204.86,202.68,203.74,28042,2,98861,83548.0
128,-48,FGBX,FGBXZ21,D1,2021-10-01,1633046400,203.84,205.12,203.4,204.42,23902,0,75522,81005.0
129,-47,FGBX,FGBXZ21,D1,2021-10-04,1633305600,204.58,204.92,203.06,203.94,21226,2,57210,77198.0
130,-46,FGBX,FGBXZ21,D1,2021-10-05,1633392000,203.9,204.6,202.42,202.72,21392,2,67436,66723.0
131,-45,FGBX,FGBXZ21,D1,2021-10-06,1633478400,202.62,203.36,201.28,202.16,27485,2,85358,70001.0
132,-44,FGBX,FGBXZ21,D1,2021-10-07,1633564800,201.96,203.26,201.54,202.22,22139,0,70434,74409.0
133,-43,FGBX,FGBXZ21,D1,2021-10-08,1633651200,202.08,202.44,201.04,201.24,24698,2,73787,76526.0
134,-42,FGBX,FGBXZ21,D1,2021-10-11,1633910400,201.08,201.12,199.76,200.04,13090,0,47764,63995.0
135,-41,FGBX,FGBXZ21,D1,2021-10-12,1633996800,200.18,200.76,199.28,200.08,29957,0,108091,76547.0
136,-40,FGBX,FGBXZ21,D1,2021-10-13,1634083200,199.82,203.2,199.82,203.1,37786,0,137693,97849.0
137,-39,FGBX,FGBXZ21,D1,2021-10-14,1634169600,202.84,205.24,201.94,205.06,31501,0,112874,119553.0
138,-38,FGBX,FGBXZ21,D1,2021-10-15,1634256000,205.04,205.1,203.42,204.1,25219,0,85397,111988.0
139,-37,FGBX,FGBXZ21,D1,2021-10-18,1634515200,203.88,206.84,203.72,206.66,35999,0,107035,101769.0
140,-36,FGBX,FGBXZ21,D1,2021-10-19,1634601600,206.42,206.86,203.34,203.62,33667,0,111992,101475.0
141,-35,FGBX,FGBXZ21,D1,2021-10-20,1634688000,203.3,204.28,202.9,203.16,25935,0,81433,100153.0
142,-34,FGBX,FGBXZ21,D1,2021-10-21,1634774400,202.72,204.58,202.56,204.06,28771,0,87667,93697.0
143,-33,FGBX,FGBXZ21,D1,2021-10-22,1634860800,203.9,205.74,203.84,205.5,30477,0,95799,88300.0
144,-32,FGBX,FGBXZ21,D1,2021-10-25,1635120000,205.54,205.82,203.74,204.32,23651,0,77059,86842.0
145,-31,FGBX,FGBXZ21,D1,2021-10-26,1635206400,204.22,206.16,203.94,205.92,23185,0,74990,82616.0
146,-30,FGBX,FGBXZ21,D1,2021-10-27,1635292800,205.86,210.18,205.48,209.74,38811,0,121279,91109.0
147,-29,FGBX,FGBXZ21,D1,2021-10-28,1635379200,209.52,210.62,207.9,209.72,60790,0,171371,122547.0
148,-28,FGBX,FGBXZ21,D1,2021-10-29,1635465600,209.94,210.4,207.62,209.92,47274,0,150226,147625.0
149,-27,FGBX,FGBXZ21,D1,2021-11-01,1635724800,209.32,209.98,207.56,208.68,29707,0,87903,136500.0
150,-26,FGBX,FGBXZ21,D1,2021-11-02,1635811200,208.5,208.84,207.5,208.28,30303,0,92094,110074.0
151,-25,FGBX,FGBXZ21,D1,2021-11-03,1635897600,208.38,210.6,207.54,207.7,30215,0,94659,91552.0
152,-24,FGBX,FGBXZ21,D1,2021-11-04,1635984000,207.98,209.46,207.5,208.86,33577,0,99276,95343.0
153,-23,FGBX,FGBXZ21,D1,2021-11-05,1636070400,208.66,213.4,208.5,212.48,30469,0,95270,96402.0
154,-22,FGBX,FGBXZ21,D1,2021-11-08,1636329600,212.06,212.88,210.66,210.94,22824,0,71397,88648.0
155,-21,FGBX,FGBXZ21,D1,2021-11-09,1636416000,211.22,215.6,210.96,214.84,29730,0,98511,88393.0
156,-20,FGBX,FGBXZ21,D1,2021-11-10,1636502400,214.96,215.2,212.46,212.52,30249,0,88436,86115.0
157,-19,FGBX,FGBXZ21,D1,2021-11-11,1636588800,212.84,213.76,212.24,212.7,17603,0,53092,80013.0
158,-18,FGBX,FGBXZ21,D1,2021-11-12,1636675200,212.94,213.54,212.32,213.18,22747,0,66693,69407.0
159,-17,FGBX,FGBXZ21,D1,2021-11-15,1636934400,213.26,214.62,211.7,211.74,23657,0,66530,62105.0
160,-16,FGBX,FGBXZ21,D1,2021-11-16,1637020800,211.9,212.46,211.04,211.78,22272,0,67312,66845.0
161,-15,FGBX,FGBXZ21,D1,2021-11-17,1637107200,211.66,212.6,210.82,212.58,20650,0,59711,64518.0
162,-14,FGBX,FGBXZ21,D1,2021-11-18,1637193600,212.56,214.68,212.52,214.4,20116,0,58986,62003.0
163,-13,FGBX,FGBXZ21,D1,2021-11-19,1637280000,214.34,216.48,213.62,216.2,29965,0,83590,67429.0
164,-12,FGBX,FGBXZ21,D1,2021-11-22,1637539200,216.04,216.9,213.84,213.94,21545,0,58758,67111.0
165,-11,FGBX,FGBXZ21,D1,2021-11-23,1637625600,214.08,214.38,211.3,211.36,26652,0,74330,72226.0
166,-10,FGBX,FGBXZ21,D1,2021-11-24,1637712000,211.58,212.5,209.84,211.24,29304,0,78927,70672.0
167,-9,FGBX,FGBXZ21,D1,2021-11-25,1637798400,210.9,212.78,210.8,212.38,13294,0,38566,63941.0
168,-8,FGBX,FGBXZ21,D1,2021-11-26,1637884800,212.84,216.32,212.74,215.8,37004,0,90739,69411.0
169,-7,FGBX,FGBXZ21,D1,2021-11-29,1638144000,215.0,215.86,214.32,215.36,23766,0,60771,63359.0
170,-6,FGBX,FGBXZ21,D1,2021-11-30,1638230400,215.38,219.06,214.96,218.58,36917,0,100027,83846.0
171,-5,FGBX,FGBXZ21,D1,2021-12-01,1638316800,218.1,218.92,217.08,218.7,28139,0,73616,78138.0
172,-4,FGBX,FGBXZ21,D1,2021-12-02,1638403200,218.64,220.0,217.68,219.16,24787,0,60424,78022.0
173,-3,FGBX,FGBXZ21,D1,2021-12-03,1638489600,219.6,220.94,218.48,220.6,19826,0,45825,59955.0
174,-2,FGBX,FGBXZ21,D1,2021-12-06,1638748800,220.46,220.46,219.14,219.42,12257,0,26613,44287.0
101,-63,FGBX,FGBXH22,D1,2021-12-07,1638835200,217.72,218.58,216.8,217.86,19007,0,54855,30933.0
102,-62,FGBX,FGBXH22,D1,2021-12-08,1638921600,218.14,219.72,214.34,214.92,26636,0,78817,51489.0
103,-61,FGBX,FGBXH22,D1,2021-12-09,1639008000,214.82,216.88,214.66,215.94,17982,0,49771,61148.0
104,-60,FGBX,FGBXH22,D1,2021-12-10,1639094400,215.88,216.28,214.96,215.28,17289,0,46992,58527.0
105,-59,FGBX,FGBXH22,D1,2021-12-13,1639353600,215.1,217.46,214.82,217.2,14628,0,37839,44867.0
106,-58,FGBX,FGBXH22,D1,2021-12-14,1639440000,217.24,217.48,215.94,216.82,13695,0,35817,40216.0
107,-57,FGBX,FGBXH22,D1,2021-12-15,1639526400,216.92,217.26,215.44,215.88,16165,0,42956,38871.0
108,-56,FGBX,FGBXH22,D1,2021-12-16,1639612800,215.74,216.28,213.08,214.68,26039,4,69684,49486.0
109,-55,FGBX,FGBXH22,D1,2021-12-17,1639699200,214.8,216.38,214.5,215.86,16900,4,44017,52219.0
110,-54,FGBX,FGBXH22,D1,2021-12-20,1639958400,216.36,217.46,214.22,214.42,17132,4,41606,51769.0
111,-53,FGBX,FGBXH22,D1,2021-12-21,1640044800,214.6,215.08,210.94,211.56,17142,0,48632,44752.0
112,-52,FGBX,FGBXH22,D1,2021-12-22,1640131200,211.78,212.18,210.48,211.58,14787,0,39760,43333.0
113,-51,FGBX,FGBXH22,D1,2021-12-23,1640217600,211.7,211.92,208.6,209.5,13394,0,36774,41722.0
114,-50,FGBX,FGBXH22,D1,2021-12-27,1640563200,209.56,210.1,208.86,209.74,7920,0,19239,31924.0
115,-49,FGBX,FGBXH22,D1,2021-12-28,1640649600,209.68,210.34,209.22,209.5,7656,0,19932,25315.0
116,-48,FGBX,FGBXH22,D1,2021-12-29,1640736000,209.64,209.98,206.74,207.04,13908,0,36452,25208.0
117,-47,FGBX,FGBXH22,D1,2021-12-30,1640822400,207.02,208.16,206.36,206.92,14214,0,38734,31706.0
118,-46,FGBX,FGBXH22,D1,2022-01-03,1641168000,206.8,207.42,204.16,204.2,19622,0,52149,42445.0
119,-45,FGBX,FGBXH22,D1,2022-01-04,1641254400,204.38,205.46,203.86,204.4,23551,0,63657,51513.0
120,-44,FGBX,FGBXH22,D1,2022-01-05,1641340800,204.54,205.0,203.38,203.46,21558,0,62575,59460.0
121,-43,FGBX,FGBXH22,D1,2022-01-06,1641427200,203.3,204.72,202.46,204.46,25582,0,70086,65439.0
122,-42,FGBX,FGBXH22,D1,2022-01-07,1641513600,204.5,204.82,202.96,203.64,20768,0,57104,63255.0
123,-41,FGBX,FGBXH22,D1,2022-01-10,1641772800,203.24,203.86,202.24,203.3,17816,0,55487,60892.0
124,-40,FGBX,FGBXH22,D1,2022-01-11,1641859200,203.32,203.98,202.16,202.78,25787,0,76985,63192.0
125,-39,FGBX,FGBXH22,D1,2022-01-12,1641945600,202.98,204.92,202.56,204.24,26458,0,92924,75132.0
126,-38,FGBX,FGBXH22,D1,2022-01-13,1642032000,204.1,207.14,203.5,207.12,21095,0,67351,79087.0
127,-37,FGBX,FGBXH22,D1,2022-01-14,1642118400,206.9,207.12,204.14,204.22,21477,0,64093,74789.0
128,-36,FGBX,FGBXH22,D1,2022-01-17,1642377600,204.16,204.2,203.34,203.7,11327,2,32607,54684.0
129,-35,FGBX,FGBXH22,D1,2022-01-18,1642464000,203.8,204.16,202.64,202.84,22475,0,60026,52242.0
130,-34,FGBX,FGBXH22,D1,2022-01-19,1642550400,202.62,203.28,201.84,202.96,24181,0,72042,54892.0
131,-33,FGBX,FGBXH22,D1,2022-01-20,1642636800,202.78,204.4,202.38,204.24,18980,0,53308,61792.0
132,-32,FGBX,FGBXH22,D1,2022-01-21,1642723200,204.48,206.48,204.48,205.66,20548,0,61930,62427.0
133,-31,FGBX,FGBXH22,D1,2022-01-24,1642982400,205.4,207.22,205.04,206.16,22230,0,62892,59377.0
134,-30,FGBX,FGBXH22,D1,2022-01-25,1643068800,205.56,206.54,204.86,204.92,24797,0,79869,68230.0
135,-29,FGBX,FGBXH22,D1,2022-01-26,1643155200,205.02,205.42,204.0,204.16,21727,0,66117,69626.0
136,-28,FGBX,FGBXH22,D1,2022-01-27,1643241600,203.92,206.14,203.74,205.56,26292,0,75361,73782.0
137,-27,FGBX,FGBXH22,D1,2022-01-28,1643328000,205.38,206.02,203.72,205.34,26585,0,77931,73136.0
138,-26,FGBX,FGBXH22,D1,2022-01-31,1643587200,205.0,205.54,202.54,203.34,31221,0,104411,85901.0
139,-25,FGBX,FGBXH22,D1,2022-02-01,1643673600,203.3,204.28,201.84,202.34,24400,0,71580,84641.0
140,-24,FGBX,FGBXH22,D1,2022-02-02,1643760000,202.22,203.28,202.02,202.54,25570,0,81056,85682.0
141,-23,FGBX,FGBXH22,D1,2022-02-03,1643846400,202.92,203.34,200.14,201.38,48749,0,137945,96860.0
142,-22,FGBX,FGBXH22,D1,2022-02-04,1643932800,201.52,202.26,198.74,199.64,45016,0,134216,117739.0
143,-21,FGBX,FGBXH22,D1,2022-02-07,1644192000,199.92,200.4,197.2,198.24,29958,0,92425,121529.0
144,-20,FGBX,FGBXH22,D1,2022-02-08,1644278400,198.0,198.36,195.36,195.56,33603,0,117162,114601.0
145,-19,FGBX,FGBXH22,D1,2022-02-09,1644364800,195.78,197.6,195.76,196.7,29592,0,105675,105087.0
146,-18,FGBX,FGBXH22,D1,2022-02-10,1644451200,196.74,197.2,194.62,195.48,31833,0,95363,106067.0
147,-17,FGBX,FGBXH22,D1,2022-02-11,1644537600,195.76,198.14,194.16,197.56,33135,0,91467,97502.0
148,-16,FGBX,FGBXH22,D1,2022-02-14,1644796800,196.98,198.5,194.38,195.34,32686,0,94359,93730.0
149,-15,FGBX,FGBXH22,D1,2022-02-15,1644883200,195.64,195.96,191.94,192.14,27426,0,86755,90860.0
150,-14,FGBX,FGBXH22,D1,2022-02-16,1644969600,192.28,193.9,191.5,193.36,25105,0,73921,85012.0
151,-13,FGBX,FGBXH22,D1,2022-02-17,1645056000,193.28,194.94,192.9,194.68,26440,0,76854,79177.0
152,-12,FGBX,FGBXH22,D1,2022-02-18,1645142400,195.24,196.54,194.04,196.28,20228,0,59766,70180.0
153,-11,FGBX,FGBXH22,D1,2022-02-21,1645401600,196.42,197.3,194.22,197.24,14558,0,45596,60739.0
154,-10,FGBX,FGBXH22,D1,2022-02-22,1645488000,197.02,198.06,193.48,194.8,27227,0,81527,62296.0
155,-9,FGBX,FGBXH22,D1,2022-02-23,1645574400,194.8,196.6,194.44,196.18,23022,0,68045,65056.0
156,-8,FGBX,FGBXH22,D1,2022-02-24,1645660800,196.18,200.06,196.14,196.94,48134,0,113411,87661.0
157,-7,FGBX,FGBXH22,D1,2022-02-25,1645747200,196.82,198.48,195.42,196.48,29948,0,74259,85238.0
158,-6,FGBX,FGBXH22,D1,2022-02-28,1646006400,197.38,199.34,195.32,199.14,39062,0,112062,99911.0
159,-5,FGBX,FGBXH22,D1,2022-03-01,1646092800,198.76,205.88,197.98,204.94,52160,0,137793,108038.0
160,-4,FGBX,FGBXH22,D1,2022-03-02,1646179200,204.34,205.02,202.02,202.04,41819,0,96922,115592.0
161,-3,FGBX,FGBXH22,D1,2022-03-03,1646265600,203.24,203.8,201.44,203.36,30565,0,75109,103275.0
162,-2,FGBX,FGBXH22,D1,2022-03-04,1646352000,203.74,209.94,203.44,209.4,27744,0,55684,75905.0
94,-65,FGBX,FGBXM22,D1,2022-03-07,1646611200,208.42,209.6,205.24,205.64,33460,0,74630,44999.0
95,-64,FGBX,FGBXM22,D1,2022-03-08,1646697600,206.4,207.06,198.52,200.4,41988,0,99287,70852.0
96,-63,FGBX,FGBXM22,D1,2022-03-09,1646784000,200.2,200.96,195.66,196.46,31324,0,80047,84655.0
97,-62,FGBX,FGBXM22,D1,2022-03-10,1646870400,196.28,198.1,193.34,195.44,37560,0,90438,89924.0
98,-61,FGBX,FGBXM22,D1,2022-03-11,1646956800,195.48,196.62,193.6,196.22,26295,0,64649,78378.0
99,-60,FGBX,FGBXM22,D1,2022-03-14,1647216000,195.38,195.6,190.32,190.66,23362,0,60155,71747.0
100,-59,FGBX,FGBXM22,D1,2022-03-15,1647302400,190.78,192.76,190.04,190.84,22426,0,57630,60811.0
101,-58,FGBX,FGBXM22,D1,2022-03-16,1647388800,190.96,191.14,188.96,190.32,24212,0,57648,58478.0
102,-57,FGBX,FGBXM22,D1,2022-03-17,1647475200,190.32,192.54,188.94,190.18,29702,0,80726,65335.0
103,-56,FGBX,FGBXM22,D1,2022-03-18,1647561600,190.3,191.26,189.24,190.6,17976,0,47543,61972.0
104,-55,FGBX,FGBXM22,D1,2022-03-21,1647820800,190.3,190.44,186.18,186.7,16732,0,45659,57976.0
105,-54,FGBX,FGBXM22,D1,2022-03-22,1647907200,186.62,186.96,185.48,185.96,26371,0,68763,53988.0
106,-53,FGBX,FGBXM22,D1,2022-03-23,1647993600,186.06,188.82,185.18,188.66,22410,0,61853,58758.0
107,-52,FGBX,FGBXM22,D1,2022-03-24,1648080000,188.26,188.46,184.94,186.04,23182,0,60326,63647.0
108,-51,FGBX,FGBXM22,D1,2022-03-25,1648166400,186.34,187.34,184.2,185.1,21732,0,57354,59844.0
109,-50,FGBX,FGBXM22,D1,2022-03-28,1648425600,185.34,186.28,183.88,184.98,24844,0,61965,59882.0
110,-49,FGBX,FGBXM22,D1,2022-03-29,1648512000,185.1,185.4,180.26,183.48,31920,0,78213,65844.0
111,-48,FGBX,FGBXM22,D1,2022-03-30,1648598400,183.84,185.1,181.12,183.32,30840,0,76747,72308.0
112,-47,FGBX,FGBXM22,D1,2022-03-31,1648684800,183.02,187.24,182.76,185.82,32857,0,87796,80919.0
113,-46,FGBX,FGBXM22,D1,2022-04-01,1648771200,185.72,186.5,183.28,185.94,29570,0,67101,77215.0
114,-45,FGBX,FGBXM22,D1,2022-04-04,1649030400,185.7,187.7,184.8,186.88,22173,0,54989,69962.0
115,-44,FGBX,FGBXM22,D1,2022-04-05,1649116800,187.34,187.44,183.06,184.0,25095,0,66277,62789.0
116,-43,FGBX,FGBXM22,D1,2022-04-06,1649203200,183.64,183.84,180.64,181.16,26655,0,66257,62508.0
117,-42,FGBX,FGBXM22,D1,2022-04-07,1649289600,181.7,182.08,179.6,180.94,30922,0,73262,68599.0
118,-41,FGBX,FGBXM22,D1,2022-04-08,1649376000,181.08,181.66,179.82,180.5,21655,0,49541,63020.0
119,-40,FGBX,FGBXM22,D1,2022-04-11,1649635200,180.36,180.36,176.18,176.3,26727,0,64559,62454.0
120,-39,FGBX,FGBXM22,D1,2022-04-12,1649721600,175.86,177.68,174.84,176.18,27039,0,60823,58308.0
121,-38,FGBX,FGBXM22,D1,2022-04-13,1649808000,175.84,177.46,174.28,176.68,25998,0,64307,63230.0
122,-37,FGBX,FGBXM22,D1,2022-04-14,1649894400,176.66,177.36,173.2,173.48,29095,0,64793,63308.0
123,-36,FGBX,FGBXM22,D1,2022-04-19,1650326400,173.2,173.48,169.9,170.84,27349,0,65277,64792.0
124,-35,FGBX,FGBXM22,D1,2022-04-20,1650412800,170.24,174.96,170.02,173.98,31107,0,74816,68295.0
125,-34,FGBX,FGBXM22,D1,2022-04-21,1650499200,174.04,174.14,171.42,172.56,29571,0,68357,69483.0
126,-33,FGBX,FGBXM22,D1,2022-04-22,1650585600,172.16,173.58,171.26,172.08,27934,0,65618,69597.0
127,-32,FGBX,FGBXM22,D1,2022-04-25,1650844800,171.98,175.1,171.98,173.64,27891,0,63412,65796.0
128,-31,FGBX,FGBXM22,D1,2022-04-26,1650931200,174.12,176.34,172.86,175.66,23393,0,57109,62046.0
129,-30,FGBX,FGBXM22,D1,2022-04-27,1651017600,175.72,176.28,174.3,174.72,26079,0,59921,60147.0
130,-29,FGBX,FGBXM22,D1,2022-04-28,1651104000,174.96,176.26,171.8,172.94,33603,0,75392,64141.0
131,-28,FGBX,FGBXM22,D1,2022-04-29,1651190400,173.16,173.74,170.64,171.2,36170,0,89476,74930.0
132,-27,FGBX,FGBXM22,D1,2022-05-02,1651449600,171.08,172.5,169.42,169.82,18802,0,42384,69084.0
133,-26,FGBX,FGBXM22,D1,2022-05-03,1651536000,169.82,172.46,168.66,170.64,25001,0,59673,63844.0
134,-25,FGBX,FGBXM22,D1,2022-05-04,1651622400,170.46,171.98,169.42,171.1,24531,0,58833,53630.0
135,-24,FGBX,FGBXM22,D1,2022-05-05,1651708800,171.08,172.56,168.08,169.04,34584,0,84273,67593.0
136,-23,FGBX,FGBXM22,D1,2022-05-06,1651795200,168.94,169.06,165.42,165.6,31936,0,74679,72595.0
137,-22,FGBX,FGBXM22,D1,2022-05-09,1652054400,165.24,167.16,164.12,167.1,25131,0,65051,74668.0
138,-21,FGBX,FGBXM22,D1,2022-05-10,1652140800,166.88,169.68,166.04,168.66,25168,0,59671,66467.0
139,-20,FGBX,FGBXM22,D1,2022-05-11,1652227200,168.52,170.7,166.62,170.52,34916,0,88592,71105.0
140,-19,FGBX,FGBXM22,D1,2022-05-12,1652313600,170.78,173.52,170.24,172.34,34397,0,84469,77577.0
141,-18,FGBX,FGBXM22,D1,2022-05-13,1652400000,172.16,172.4,169.62,170.08,21268,0,50827,74629.0
142,-17,FGBX,FGBXM22,D1,2022-05-16,1652659200,169.96,170.96,168.18,170.26,20373,0,48606,61301.0
143,-16,FGBX,FGBXM22,D1,2022-05-17,1652745600,170.14,170.14,167.52,168.3,26129,0,64915,54783.0
144,-15,FGBX,FGBXM22,D1,2022-05-18,1652832000,168.36,169.8,167.5,169.5,32394,0,89369,67630.0
145,-14,FGBX,FGBXM22,D1,2022-05-19,1652918400,169.78,173.32,168.56,171.14,30823,0,75752,76679.0
146,-13,FGBX,FGBXM22,D1,2022-05-20,1653004800,171.22,171.7,168.78,170.6,29968,0,74167,79763.0
147,-12,FGBX,FGBXM22,D1,2022-05-23,1653264000,170.2,170.54,167.26,167.48,23720,0,61666,70528.0
148,-11,FGBX,FGBXM22,D1,2022-05-24,1653350400,167.86,169.2,166.54,168.14,33829,0,92587,76140.0
149,-10,FGBX,FGBXM22,D1,2022-05-25,1653436800,168.36,170.24,167.06,167.36,26193,0,69097,74450.0
150,-9,FGBX,FGBXM22,D1,2022-05-26,1653523200,167.1,169.06,164.94,165.84,27439,0,69209,76964.0
151,-8,FGBX,FGBXM22,D1,2022-05-27,1653609600,165.42,168.12,165.36,166.02,25832,0,66868,68391.0
152,-7,FGBX,FGBXM22,D1,2022-05-30,1653868800,165.9,166.02,163.72,164.44,19825,0,58415,64831.0
153,-6,FGBX,FGBXM22,D1,2022-05-31,1653955200,164.44,164.92,161.76,162.36,40979,0,118683,81322.0
154,-5,FGBX,FGBXM22,D1,2022-06-01,1654041600,162.14,162.74,159.78,160.22,42613,0,120671,99256.0
155,-4,FGBX,FGBXM22,D1,2022-06-02,1654128000,160.32,160.58,158.48,159.22,27766,0,75458,104937.0
156,-3,FGBX,FGBXM22,D1,2022-06-03,1654214400,159.0,159.56,157.98,158.18,22596,0,56668,84266.0
157,-2,FGBX,FGBXM22,D1,2022-06-06,1654473600,158.34,158.96,156.24,156.34,17545,0,37130,56419.0
100,-67,FGBX,FGBXU22,D1,2022-06-07,1654560000,166.38,168.62,165.94,168.14,23317,0,63818,37081.0
101,-66,FGBX,FGBXU22,D1,2022-06-08,1654646400,168.22,168.22,165.58,165.78,27671,0,80642,57220.0
102,-65,FGBX,FGBXU22,D1,2022-06-09,1654732800,165.68,166.92,164.06,164.66,32858,0,81424,75295.0
103,-64,FGBX,FGBXU22,D1,2022-06-10,1654819200,164.6,167.56,163.46,164.24,35407,0,88601,83556.0
104,-63,FGBX,FGBXU22,D1,2022-06-13,1655078400,163.72,164.8,160.34,160.98,34867,0,86039,85355.0
105,-62,FGBX,FGBXU22,D1,2022-06-14,1655164800,161.28,163.2,155.62,155.9,41932,0,107606,94082.0
106,-61,FGBX,FGBXU22,D1,2022-06-15,1655251200,156.4,159.34,155.24,158.78,43253,0,89713,94453.0
107,-60,FGBX,FGBXU22,D1,2022-06-16,1655337600,158.84,159.2,152.08,157.32,40382,0,84326,93882.0
108,-59,FGBX,FGBXU22,D1,2022-06-17,1655424000,157.22,158.44,154.52,156.36,35326,0,73921,82653.0
109,-58,FGBX,FGBXU22,D1,2022-06-20,1655683200,156.16,157.62,153.44,153.78,20682,0,50733,69660.0
110,-57,FGBX,FGBXU22,D1,2022-06-21,1655769600,153.74,154.2,151.9,152.36,27281,0,70382,65012.0
111,-56,FGBX,FGBXU22,D1,2022-06-22,1655856000,152.66,158.06,152.66,156.78,29104,0,74602,65239.0
112,-55,FGBX,FGBXU22,D1,2022-06-23,1655942400,156.88,163.02,156.14,161.14,36099,0,85147,76710.0
113,-54,FGBX,FGBXU22,D1,2022-06-24,1656028800,161.38,163.66,159.34,161.32,32128,0,74081,77943.0
114,-53,FGBX,FGBXU22,D1,2022-06-27,1656288000,161.28,161.5,158.56,159.72,20987,0,51280,70169.0
115,-52,FGBX,FGBXU22,D1,2022-06-28,1656374400,159.52,160.32,155.8,156.8,24289,0,54665,60009.0
116,-51,FGBX,FGBXU22,D1,2022-06-29,1656460800,156.94,160.32,156.42,159.58,26212,0,57313,54419.0
117,-50,FGBX,FGBXU22,D1,2022-06-30,1656547200,160.08,164.32,159.12,163.36,35031,0,84057,65345.0
118,-49,FGBX,FGBXU22,D1,2022-07-01,1656633600,163.12,168.08,160.84,166.08,37720,0,80478,73949.0
119,-48,FGBX,FGBXU22,D1,2022-07-04,1656892800,165.56,166.18,162.46,163.68,18138,0,41403,68646.0
120,-47,FGBX,FGBXU22,D1,2022-07-05,1656979200,163.3,168.58,162.48,167.72,32001,0,66699,62860.0
121,-46,FGBX,FGBXU22,D1,2022-07-06,1657065600,167.24,170.56,166.34,166.68,35823,0,75766,61289.0
122,-45,FGBX,FGBXU22,D1,2022-07-07,1657152000,167.06,167.48,164.14,167.22,36131,0,80439,74301.0
123,-44,FGBX,FGBXU22,D1,2022-07-08,1657238400,167.24,167.94,164.32,164.74,24860,0,53507,69904.0
124,-43,FGBX,FGBXU22,D1,2022-07-11,1657497600,164.54,168.24,164.32,166.66,20115,0,45805,59917.0
125,-42,FGBX,FGBXU22,D1,2022-07-12,1657584000,167.1,173.48,166.8,171.88,30727,0,70153,56488.0
126,-41,FGBX,FGBXU22,D1,2022-07-13,1657670400,171.76,173.9,170.18,173.52,33250,0,76645,64201.0
127,-40,FGBX,FGBXU22,D1,2022-07-14,1657756800,173.44,174.18,171.0,173.58,34878,0,75231,74010.0
128,-39,FGBX,FGBXU22,D1,2022-07-15,1657843200,173.6,175.68,172.52,173.9,24369,0,51625,67834.0
129,-38,FGBX,FGBXU22,D1,2022-07-18,1658102400,173.9,174.52,169.94,171.74,19964,0,41501,56119.0
130,-37,FGBX,FGBXU22,D1,2022-07-19,1658188800,171.44,172.28,168.78,169.94,23255,0,47317,46814.0
131,-36,FGBX,FGBXU22,D1,2022-07-20,1658275200,169.68,172.6,169.24,170.98,22357,0,48570,45796.0
132,-35,FGBX,FGBXU22,D1,2022-07-21,1658361600,171.1,173.48,167.86,172.92,31837,0,68457,54781.0
133,-34,FGBX,FGBXU22,D1,2022-07-22,1658448000,173.42,178.14,172.34,176.94,28799,0,60431,59153.0
134,-33,FGBX,FGBXU22,D1,2022-07-25,1658707200,176.7,177.56,174.84,176.62,19775,0,41592,56827.0
135,-32,FGBX,FGBXU22,D1,2022-07-26,1658793600,177.18,180.48,176.74,179.7,23930,0,51430,51151.0
136,-31,FGBX,FGBXU22,D1,2022-07-27,1658880000,179.72,180.74,178.66,179.34,20675,0,46054,46359.0
137,-30,FGBX,FGBXU22,D1,2022-07-28,1658966400,179.62,184.8,177.74,183.88,29067,0,62906,53463.0
138,-29,FGBX,FGBXU22,D1,2022-07-29,1659052800,184.02,186.04,180.96,184.92,36610,0,85347,64769.0
139,-28,FGBX,FGBXU22,D1,2022-08-01,1659312000,184.76,187.64,183.68,187.3,24227,0,48329,65527.0
140,-27,FGBX,FGBXU22,D1,2022-08-02,1659398400,187.82,190.64,186.0,186.04,30763,0,65088,66255.0
141,-26,FGBX,FGBXU22,D1,2022-08-03,1659484800,186.7,188.32,184.18,186.94,28997,0,61722,58380.0
142,-25,FGBX,FGBXU22,D1,2022-08-04,1659571200,186.94,187.8,185.14,187.22,23749,0,45283,57364.0
143,-24,FGBX,FGBXU22,D1,2022-08-05,1659657600,186.98,187.46,181.54,182.08,21696,0,42490,49832.0
144,-23,FGBX,FGBXU22,D1,2022-08-08,1659916800,181.82,184.66,181.62,184.0,16963,0,34219,40664.0
145,-22,FGBX,FGBXU22,D1,2022-08-09,1660003200,184.44,184.76,181.44,182.36,21888,0,44946,40552.0
146,-21,FGBX,FGBXU22,D1,2022-08-10,1660089600,182.34,186.06,181.8,183.04,29514,0,59909,46358.0
147,-20,FGBX,FGBXU22,D1,2022-08-11,1660176000,182.84,184.76,178.52,179.06,23422,0,45856,50237.0
148,-19,FGBX,FGBXU22,D1,2022-08-12,1660262400,178.68,180.1,177.2,180.02,20058,0,39425,48397.0
149,-18,FGBX,FGBXU22,D1,2022-08-15,1660521600,179.86,183.18,178.72,182.06,15731,0,31965,39082.0
150,-17,FGBX,FGBXU22,D1,2022-08-16,1660608000,182.6,182.7,178.3,180.0,18262,0,33231,34874.0
151,-16,FGBX,FGBXU22,D1,2022-08-17,1660694400,179.74,180.08,175.48,177.22,22803,0,45612,36936.0
152,-15,FGBX,FGBXU22,D1,2022-08-18,1660780800,177.14,178.3,176.12,176.46,22963,0,44332,41058.0
153,-14,FGBX,FGBXU22,D1,2022-08-19,1660867200,176.38,176.46,172.16,173.2,21763,0,44569,44838.0
154,-13,FGBX,FGBXU22,D1,2022-08-22,1661126400,172.84,174.34,170.64,171.38,22749,0,48039,45647.0
155,-12,FGBX,FGBXU22,D1,2022-08-23,1661212800,171.72,173.48,168.52,168.76,25383,0,51413,48007.0
156,-11,FGBX,FGBXU22,D1,2022-08-24,1661299200,168.76,170.14,167.7,168.98,25922,0,53447,50966.0
157,-10,FGBX,FGBXU22,D1,2022-08-25,1661385600,169.1,170.38,167.66,169.98,28767,0,59049,54636.0
158,-9,FGBX,FGBXU22,D1,2022-08-26,1661472000,169.78,169.9,166.52,167.72,26143,0,51241,54579.0
159,-8,FGBX,FGBXU22,D1,2022-08-29,1661731200,166.34,167.78,164.44,165.6,23357,0,54622,54971.0
160,-7,FGBX,FGBXU22,D1,2022-08-30,1661817600,166.16,167.14,164.44,165.98,37597,0,91519,65794.0
161,-6,FGBX,FGBXU22,D1,2022-08-31,1661904000,165.88,166.84,163.06,164.08,40937,0,95215,80452.0
162,-5,FGBX,FGBXU22,D1,2022-09-01,1661990400,163.54,163.8,160.7,162.02,35156,0,77681,88138.0
163,-4,FGBX,FGBXU22,D1,2022-09-02,1662076800,162.3,165.36,160.16,165.18,24330,0,50465,74454.0
164,-3,FGBX,FGBXU22,D1,2022-09-05,1662336000,165.06,165.36,160.88,162.14,17723,0,39201,55782.0
165,-2,FGBX,FGBXU22,D1,2022-09-06,1662422400,162.4,165.48,159.6,161.58,26327,0,45179,44948.0
87,-66,FGBX,FGBXZ22,D1,2022-09-07,1662508800,159.64,162.64,158.52,162.24,28334,0,60751,41476.0
88,-65,FGBX,FGBXZ22,D1,2022-09-08,1662595200,162.22,163.74,157.7,157.78,34448,0,67387,58379.0
89,-64,FGBX,FGBXZ22,D1,2022-09-09,1662681600,157.76,159.32,156.1,156.72,31224,0,62922,63687.0
90,-63,FGBX,FGBXZ22,D1,2022-09-12,1662940800,156.6,159.94,155.48,158.38,25453,0,51534,60614.0
91,-62,FGBX,FGBXZ22,D1,2022-09-13,1663027200,158.88,159.8,157.06,158.4,33903,0,77363,63940.0
92,-61,FGBX,FGBXZ22,D1,2022-09-14,1663113600,157.98,160.66,156.54,159.82,34425,0,76394,68430.0
93,-60,FGBX,FGBXZ22,D1,2022-09-15,1663200000,159.88,160.64,158.2,159.62,30649,0,69188,74315.0
94,-59,FGBX,FGBXZ22,D1,2022-09-16,1663286400,159.9,160.08,158.22,159.46,29930,0,60884,68822.0
95,-58,FGBX,FGBXZ22,D1,2022-09-19,1663545600,159.56,159.74,156.6,157.62,18290,0,38693,56255.0
96,-57,FGBX,FGBXZ22,D1,2022-09-20,1663632000,157.4,157.9,152.44,153.5,36994,0,76030,58536.0
97,-56,FGBX,FGBXZ22,D1,2022-09-21,1663718400,153.7,158.1,153.54,157.72,35974,0,73680,62801.0
98,-55,FGBX,FGBXZ22,D1,2022-09-22,1663804800,156.8,159.88,153.98,154.92,41256,0,85052,78254.0
99,-54,FGBX,FGBXZ22,D1,2022-09-23,1663891200,154.64,156.8,152.2,155.5,41899,0,84154,80962.0
100,-53,FGBX,FGBXZ22,D1,2022-09-26,1664150400,155.2,155.22,150.9,151.28,38505,0,72614,80607.0
101,-52,FGBX,FGBXZ22,D1,2022-09-27,1664236800,151.38,153.04,146.9,147.9,51507,0,106189,87652.0
102,-51,FGBX,FGBXZ22,D1,2022-09-28,1664323200,148.32,150.66,142.7,150.24,65945,0,132453,103752.0
103,-50,FGBX,FGBXZ22,D1,2022-09-29,1664409600,149.94,150.0,144.34,144.92,44172,0,85355,107999.0
104,-49,FGBX,FGBXZ22,D1,2022-09-30,1664496000,144.74,148.9,143.9,146.24,49088,0,105212,107673.0
105,-48,FGBX,FGBXZ22,D1,2022-10-03,1664755200,146.36,153.76,145.66,152.02,35129,0,67019,85862.0
106,-47,FGBX,FGBXZ22,D1,2022-10-04,1664841600,153.24,156.08,151.98,153.2,38840,0,71809,81347.0
107,-46,FGBX,FGBXZ22,D1,2022-10-05,1664928000,153.18,153.5,148.36,150.08,33515,0,64854,67894.0
108,-45,FGBX,FGBXZ22,D1,2022-10-06,1665014400,149.9,150.98,148.14,148.52,33088,0,67878,68180.0
109,-44,FGBX,FGBXZ22,D1,2022-10-07,1665100800,148.68,148.72,144.64,145.38,29718,0,60602,64445.0
110,-43,FGBX,FGBXZ22,D1,2022-10-10,1665360000,145.46,146.46,139.62,141.8,34604,0,67844,65441.0
111,-42,FGBX,FGBXZ22,D1,2022-10-11,1665446400,141.52,141.7,138.26,138.3,44291,0,99859,76102.0
112,-41,FGBX,FGBXZ22,D1,2022-10-12,1665532800,138.02,139.12,134.4,138.04,36373,0,72266,79990.0
113,-40,FGBX,FGBXZ22,D1,2022-10-13,1665619200,137.92,141.3,135.44,139.54,40465,0,82886,85004.0
114,-39,FGBX,FGBXZ22,D1,2022-10-14,1665705600,139.28,143.24,136.1,136.9,38922,0,71749,75634.0
115,-38,FGBX,FGBXZ22,D1,2022-10-17,1665964800,137.14,140.7,136.66,138.56,25998,0,50870,68502.0
116,-37,FGBX,FGBXZ22,D1,2022-10-18,1666051200,138.86,141.28,137.02,141.26,30979,0,59047,60555.0
117,-36,FGBX,FGBXZ22,D1,2022-10-19,1666137600,141.1,141.1,137.84,137.98,30653,0,64374,58097.0
118,-35,FGBX,FGBXZ22,D1,2022-10-20,1666224000,137.86,138.94,136.2,136.66,30507,0,61399,61607.0
119,-34,FGBX,FGBXZ22,D1,2022-10-21,1666310400,136.84,136.98,132.94,135.6,37737,0,75203,66992.0
120,-33,FGBX,FGBXZ22,D1,2022-10-24,1666569600,135.32,139.64,135.1,138.7,29194,0,58420,65007.0
121,-32,FGBX,FGBXZ22,D1,2022-10-25,1666656000,139.04,144.84,138.98,144.4,27029,0,55441,63021.0
122,-31,FGBX,FGBXZ22,D1,2022-10-26,1666742400,144.6,146.3,143.36,145.08,28356,0,54027,55963.0
123,-30,FGBX,FGBXZ22,D1,2022-10-27,1666828800,145.54,149.1,143.52,148.2,38094,0,72252,60573.0
124,-29,FGBX,FGBXZ22,D1,2022-10-28,1666915200,148.8,148.8,144.22,146.64,29182,0,56017,60765.0
125,-28,FGBX,FGBXZ22,D1,2022-10-31,1667174400,146.2,147.0,143.58,144.46,30289,0,66613,64961.0
126,-27,FGBX,FGBXZ22,D1,2022-11-01,1667260800,144.54,147.08,143.82,144.84,25310,0,49877,57502.0
127,-26,FGBX,FGBXZ22,D1,2022-11-02,1667347200,144.96,147.0,143.74,144.66,25626,0,53895,56795.0
128,-25,FGBX,FGBXZ22,D1,2022-11-03,1667433600,144.12,144.68,142.18,144.04,28864,0,59219,54330.0
129,-24,FGBX,FGBXZ22,D1,2022-11-04,1667520000,143.86,145.22,141.8,142.08,25690,0,48501,53872.0
130,-23,FGBX,FGBXZ22,D1,2022-11-07,1667779200,142.24,143.48,140.5,140.88,22074,0,43040,50253.0
131,-22,FGBX,FGBXZ22,D1,2022-11-08,1667865600,140.98,144.34,139.68,143.8,23972,0,49373,46971.0
132,-21,FGBX,FGBXZ22,D1,2022-11-09,1667952000,143.7,146.8,143.22,146.56,21889,0,44228,45547.0
133,-20,FGBX,FGBXZ22,D1,2022-11-10,1668038400,147.0,151.36,145.76,150.2,30288,0,58824,50808.0
134,-19,FGBX,FGBXZ22,D1,2022-11-11,1668124800,150.34,150.34,145.76,146.26,21290,0,44162,49071.0
135,-18,FGBX,FGBXZ22,D1,2022-11-14,1668384000,145.4,147.72,145.02,146.06,19374,0,38443,47143.0
136,-17,FGBX,FGBXZ22,D1,2022-11-15,1668470400,146.06,149.78,145.66,148.98,29109,0,62519,48375.0
137,-16,FGBX,FGBXZ22,D1,2022-11-16,1668556800,149.08,152.6,147.16,152.54,23202,0,46692,49218.0
138,-15,FGBX,FGBXZ22,D1,2022-11-17,1668643200,152.18,153.2,150.88,152.08,26645,0,53359,54190.0
139,-14,FGBX,FGBXZ22,D1,2022-11-18,1668729600,151.92,153.06,149.84,151.98,17988,0,37595,45882.0
140,-13,FGBX,FGBXZ22,D1,2022-11-21,1668988800,152.0,154.18,150.66,152.14,16232,0,31169,40708.0
141,-12,FGBX,FGBXZ22,D1,2022-11-22,1669075200,152.0,153.78,151.76,153.32,15602,0,30338,33034.0
142,-11,FGBX,FGBXZ22,D1,2022-11-23,1669161600,153.6,157.28,152.36,156.76,30357,0,66188,42565.0
143,-10,FGBX,FGBXZ22,D1,2022-11-24,1669248000,157.06,160.1,156.9,159.38,17560,0,38867,45131.0
144,-9,FGBX,FGBXZ22,D1,2022-11-25,1669334400,159.16,159.34,155.9,156.6,20169,0,43398,49484.0
145,-8,FGBX,FGBXZ22,D1,2022-11-28,1669593600,156.98,158.74,155.12,156.34,20208,0,40956,41074.0
146,-7,FGBX,FGBXZ22,D1,2022-11-29,1669680000,156.26,158.96,155.5,157.96,28411,0,58473,47609.0
147,-6,FGBX,FGBXZ22,D1,2022-11-30,1669766400,158.0,159.06,157.22,158.76,29095,0,66654,55361.0
148,-5,FGBX,FGBXZ22,D1,2022-12-01,1669852800,159.2,162.46,158.86,162.32,30153,0,63767,62965.0
149,-4,FGBX,FGBXZ22,D1,2022-12-02,1669939200,162.08,163.8,161.2,163.6,28202,0,53227,61216.0
150,-3,FGBX,FGBXZ22,D1,2022-12-05,1670198400,163.46,164.6,161.78,163.04,22668,0,42090,53028.0
151,-2,FGBX,FGBXZ22,D1,2022-12-06,1670284800,163.34,165.48,162.16,165.02,18798,0,33448,42922.0
96,-64,FGBX,FGBXH23,D1,2022-12-07,1670371200,163.64,165.14,161.8,163.8,10836,0,55360,36169.0
97,-63,FGBX,FGBXH23,D1,2022-12-08,1670457600,163.94,164.28,161.9,163.18,9372,0,43087,43417.0
98,-62,FGBX,FGBXH23,D1,2022-12-09,1670544000,163.08,163.94,159.22,159.42,10165,0,48732,49060.0
99,-61,FGBX,FGBXH23,D1,2022-12-12,1670803200,159.58,162.44,159.34,160.22,9355,0,39106,43642.0
100,-60,FGBX,FGBXH23,D1,2022-12-13,1670889600,160.34,163.1,158.82,159.3,11393,0,56936,48258.0
101,-59,FGBX,FGBXH23,D1,2022-12-14,1670976000,159.5,160.62,155.6,156.46,11881,0,68325,54789.0
102,-58,FGBX,FGBXH23,D1,2022-12-15,1671062400,156.1,157.66,153.0,155.32,15156,0,85531,70264.0
103,-57,FGBX,FGBXH23,D1,2022-12-16,1671148800,154.92,155.36,150.82,151.62,11738,0,68758,74205.0
104,-56,FGBX,FGBXH23,D1,2022-12-19,1671408000,151.22,152.14,148.52,149.42,8953,0,46729,67006.0
105,-55,FGBX,FGBXH23,D1,2022-12-20,1671494400,149.46,149.66,144.86,145.74,12154,0,52356,55948.0
106,-54,FGBX,FGBXH23,D1,2022-12-21,1671580800,145.22,146.24,144.64,144.98,8844,0,37281,45455.0
107,-53,FGBX,FGBXH23,D1,2022-12-22,1671667200,145.2,145.84,143.06,144.0,7635,0,30951,40196.0
108,-52,FGBX,FGBXH23,D1,2022-12-23,1671753600,143.9,143.92,142.06,142.38,6996,0,22813,30348.0
109,-51,FGBX,FGBXH23,D1,2022-12-27,1672099200,142.44,142.86,137.56,137.92,9130,0,33848,29204.0
110,-50,FGBX,FGBXH23,D1,2022-12-28,1672185600,137.96,139.8,137.46,138.14,8354,0,33390,30017.0
111,-49,FGBX,FGBXH23,D1,2022-12-29,1672272000,138.34,140.22,137.48,139.14,8014,0,29777,32338.0
112,-48,FGBX,FGBXH23,D1,2022-12-30,1672358400,139.26,139.28,134.64,134.86,9225,0,38963,34043.0
113,-47,FGBX,FGBXH23,D1,2023-01-02,1672617600,134.54,139.58,133.68,139.1,8244,0,24283,31008.0
114,-46,FGBX,FGBXH23,D1,2023-01-03,1672704000,138.36,143.26,137.64,141.64,12056,0,63175,42140.0
115,-45,FGBX,FGBXH23,D1,2023-01-04,1672790400,142.0,145.1,141.24,143.5,12376,0,63853,50437.0
116,-44,FGBX,FGBXH23,D1,2023-01-05,1672876800,143.72,144.84,142.3,143.78,11237,0,72933,66654.0
117,-43,FGBX,FGBXH23,D1,2023-01-06,1672963200,143.32,146.68,143.18,146.36,11820,0,56886,64557.0
118,-42,FGBX,FGBXH23,D1,2023-01-09,1673222400,146.0,146.32,143.92,145.52,9444,0,46242,58687.0
119,-41,FGBX,FGBXH23,D1,2023-01-10,1673308800,145.24,145.46,143.32,144.74,9545,0,52178,51769.0
120,-40,FGBX,FGBXH23,D1,2023-01-11,1673395200,144.86,147.58,144.68,147.54,9848,0,59710,52710.0
121,-39,FGBX,FGBXH23,D1,2023-01-12,1673481600,146.96,149.98,146.82,149.0,13673,0,76101,62663.0
122,-38,FGBX,FGBXH23,D1,2023-01-13,1673568000,148.68,149.8,147.04,147.08,10072,0,53300,63037.0
123,-37,FGBX,FGBXH23,D1,2023-01-16,1673827200,147.14,147.92,145.52,147.1,7239,0,39352,56251.0
124,-36,FGBX,FGBXH23,D1,2023-01-17,1673913600,147.24,149.64,146.2,148.8,10203,0,64779,52477.0
125,-35,FGBX,FGBXH23,D1,2023-01-18,1674000000,148.82,154.04,148.54,152.82,13337,0,93223,65785.0
126,-34,FGBX,FGBXH23,D1,2023-01-19,1674086400,153.08,154.06,150.32,151.2,12527,0,70788,76263.0
127,-33,FGBX,FGBXH23,D1,2023-01-20,1674172800,151.02,151.56,146.96,147.3,10035,0,63851,75954.0
128,-32,FGBX,FGBXH23,D1,2023-01-23,1674432000,147.06,147.7,145.52,146.0,8910,0,55743,63461.0
129,-31,FGBX,FGBXH23,D1,2023-01-24,1674518400,146.1,148.22,145.62,147.92,10471,0,89279,69624.0
130,-30,FGBX,FGBXH23,D1,2023-01-25,1674604800,148.28,150.06,146.78,148.04,10269,0,79464,74829.0
131,-29,FGBX,FGBXH23,D1,2023-01-26,1674691200,148.14,148.22,145.74,146.34,8903,0,53169,73971.0
132,-28,FGBX,FGBXH23,D1,2023-01-27,1674777600,146.0,146.06,144.06,145.38,8940,0,52834,61822.0
133,-27,FGBX,FGBXH23,D1,2023-01-30,1675036800,145.46,146.46,142.98,144.1,26927,0,64032,56678.0
134,-26,FGBX,FGBXH23,D1,2023-01-31,1675123200,144.08,145.5,143.06,144.42,34181,0,98704,71857.0
135,-25,FGBX,FGBXH23,D1,2023-02-01,1675209600,144.56,145.92,143.8,145.34,22925,0,55402,72713.0
136,-24,FGBX,FGBXH23,D1,2023-02-02,1675296000,144.9,149.68,144.24,148.64,41488,0,95295,83134.0
137,-23,FGBX,FGBXH23,D1,2023-02-03,1675382400,149.3,149.3,143.46,144.02,37864,0,88366,79688.0
138,-22,FGBX,FGBXH23,D1,2023-02-06,1675641600,143.6,144.06,142.04,142.96,24328,0,62171,81944.0
139,-21,FGBX,FGBXH23,D1,2023-02-07,1675728000,142.82,143.22,141.14,141.56,30728,0,83150,77896.0
140,-20,FGBX,FGBXH23,D1,2023-02-08,1675814400,141.78,142.44,140.5,142.1,24177,0,61449,68923.0
141,-19,FGBX,FGBXH23,D1,2023-02-09,1675900800,142.4,144.28,141.46,141.86,23305,0,59443,68014.0
142,-18,FGBX,FGBXH23,D1,2023-02-10,1675987200,142.0,142.96,141.14,141.56,20866,0,48708,56533.0
143,-17,FGBX,FGBXH23,D1,2023-02-13,1676246400,141.64,142.44,140.58,142.08,18637,0,44440,50864.0
144,-16,FGBX,FGBXH23,D1,2023-02-14,1676332800,142.2,144.64,139.96,140.72,29960,0,68604,53917.0
145,-15,FGBX,FGBXH23,D1,2023-02-15,1676419200,140.96,141.68,138.26,138.6,33097,0,97212,70085.0
146,-14,FGBX,FGBXH23,D1,2023-02-16,1676505600,138.4,139.42,137.42,137.98,25039,0,64240,76685.0
147,-13,FGBX,FGBXH23,D1,2023-02-17,1676592000,137.78,140.5,136.44,140.48,24077,0,64631,75361.0
148,-12,FGBX,FGBXH23,D1,2023-02-20,1676851200,140.34,140.44,139.2,139.26,11306,0,28902,52591.0
149,-11,FGBX,FGBXH23,D1,2023-02-21,1676937600,139.3,139.8,136.86,137.38,23890,0,61238,51590.0
150,-10,FGBX,FGBXH23,D1,2023-02-22,1677024000,137.52,138.14,136.74,137.3,24649,0,66450,52197.0
151,-9,FGBX,FGBXH23,D1,2023-02-23,1677110400,137.28,139.78,136.5,139.42,29338,0,87347,71678.0
152,-8,FGBX,FGBXH23,D1,2023-02-24,1677196800,139.5,140.88,137.48,137.84,26122,0,64255,72684.0
153,-7,FGBX,FGBXH23,D1,2023-02-27,1677456000,138.0,138.44,135.54,135.84,25927,0,72539,74714.0
154,-6,FGBX,FGBXH23,D1,2023-02-28,1677542400,135.76,136.0,132.88,134.28,38479,0,116933,84576.0
155,-5,FGBX,FGBXH23,D1,2023-03-01,1677628800,133.3,134.22,132.2,132.54,27449,0,70527,86666.0
156,-4,FGBX,FGBXH23,D1,2023-03-02,1677715200,132.56,133.02,131.6,131.88,26805,0,67947,85136.0
157,-3,FGBX,FGBXH23,D1,2023-03-03,1677801600,131.82,133.62,131.38,133.54,18189,0,43371,60615.0
158,-2,FGBX,FGBXH23,D1,2023-03-06,1678060800,133.84,135.52,132.82,132.98,18336,0,42724,51347.0
126,-64,FGBX,FGBXM23,D1,2023-03-07,1678147200,132.84,135.0,132.36,133.66,10012,0,63071,38106.0
127,-63,FGBX,FGBXM23,D1,2023-03-08,1678233600,133.42,136.2,132.98,135.56,10104,0,76046,58126.0
128,-62,FGBX,FGBXM23,D1,2023-03-09,1678320000,135.76,135.76,133.32,135.14,9370,0,69793,69637.0
129,-61,FGBX,FGBXM23,D1,2023-03-10,1678406400,135.6,139.3,135.58,138.88,14118,0,86589,77476.0
130,-60,FGBX,FGBXM23,D1,2023-03-13,1678665600,138.18,145.8,137.34,142.76,23488,0,139942,98775.0
131,-59,FGBX,FGBXM23,D1,2023-03-14,1678752000,142.66,143.98,138.4,138.46,19872,0,115046,113859.0
132,-58,FGBX,FGBXM23,D1,2023-03-15,1678838400,138.4,148.0,137.74,146.56,25492,0,168309,141099.0
133,-57,FGBX,FGBXM23,D1,2023-03-16,1678924800,146.74,147.24,142.38,142.6,23630,0,127862,137072.0
134,-56,FGBX,FGBXM23,D1,2023-03-17,1679011200,142.8,149.22,142.46,147.56,16456,0,92242,129471.0
135,-55,FGBX,FGBXM23,D1,2023-03-20,1679270400,146.44,151.38,145.58,145.9,20206,0,82177,100760.0
136,-54,FGBX,FGBXM23,D1,2023-03-21,1679356800,145.76,147.08,142.2,142.48,12277,0,74539,82986.0
137,-53,FGBX,FGBXM23,D1,2023-03-22,1679443200,142.62,143.6,140.36,143.42,13210,0,72305,76340.0
138,-52,FGBX,FGBXM23,D1,2023-03-23,1679529600,143.2,145.88,141.94,144.74,13354,0,70734,72526.0
139,-51,FGBX,FGBXM23,D1,2023-03-24,1679616000,144.94,149.22,144.74,145.12,15159,0,86904,76648.0
140,-50,FGBX,FGBXM23,D1,2023-03-27,1679875200,145.04,145.66,141.32,141.48,11289,0,65060,74233.0
141,-49,FGBX,FGBXM23,D1,2023-03-28,1679961600,141.86,142.18,140.04,140.8,9761,0,79265,77076.0
142,-48,FGBX,FGBXM23,D1,2023-03-29,1680048000,140.46,141.14,139.6,139.72,9194,0,55227,66517.0
143,-47,FGBX,FGBXM23,D1,2023-03-30,1680134400,139.98,142.18,138.76,140.08,11260,0,70692,68395.0
144,-46,FGBX,FGBXM23,D1,2023-03-31,1680220800,139.92,141.68,139.06,141.62,10737,0,79001,68307.0
145,-45,FGBX,FGBXM23,D1,2023-04-03,1680480000,141.0,143.18,139.1,142.62,9145,0,56994,68896.0
146,-44,FGBX,FGBXM23,D1,2023-04-04,1680566400,142.62,142.9,140.04,141.68,8933,0,55616,63870.0
147,-43,FGBX,FGBXM23,D1,2023-04-05,1680652800,141.8,144.18,140.54,143.68,9511,0,63948,58853.0
148,-42,FGBX,FGBXM23,D1,2023-04-06,1680739200,143.5,145.36,143.18,143.44,8525,0,60236,59933.0
149,-41,FGBX,FGBXM23,D1,2023-04-11,1681171200,142.5,142.7,140.04,140.32,8353,0,47047,57077.0
150,-40,FGBX,FGBXM23,D1,2023-04-12,1681257600,140.42,142.3,137.92,139.16,10538,0,79516,62266.0
151,-39,FGBX,FGBXM23,D1,2023-04-13,1681344000,139.34,139.58,137.72,138.04,8225,0,55076,60546.0
152,-38,FGBX,FGBXM23,D1,2023-04-14,1681430400,138.04,138.84,136.84,137.08,8403,0,47850,60814.0
153,-37,FGBX,FGBXM23,D1,2023-04-17,1681689600,136.82,137.4,135.06,135.68,6656,0,52863,51930.0
154,-36,FGBX,FGBXM23,D1,2023-04-18,1681776000,135.54,136.66,134.84,136.28,7590,0,74066,58260.0
155,-35,FGBX,FGBXM23,D1,2023-04-19,1681862400,136.08,136.34,134.92,136.04,7347,0,54222,60384.0
156,-34,FGBX,FGBXM23,D1,2023-04-20,1681948800,135.96,137.22,135.48,136.8,7640,0,56282,61523.0
157,-33,FGBX,FGBXM23,D1,2023-04-21,1682035200,136.7,137.48,135.34,135.72,6794,0,44152,51552.0
158,-32,FGBX,FGBXM23,D1,2023-04-24,1682294400,135.58,136.88,135.18,135.36,16231,0,39989,46808.0
159,-31,FGBX,FGBXM23,D1,2023-04-25,1682380800,135.54,139.2,135.54,138.82,27323,0,69800,51314.0
160,-30,FGBX,FGBXM23,D1,2023-04-26,1682467200,138.48,139.86,136.8,137.14,29759,0,70919,60236.0
161,-29,FGBX,FGBXM23,D1,2023-04-27,1682553600,137.2,137.56,135.76,135.82,22331,0,54055,64925.0
162,-28,FGBX,FGBXM23,D1,2023-04-28,1682640000,135.82,139.68,135.36,139.46,35351,0,91023,71999.0
163,-27,FGBX,FGBXM23,D1,2023-05-02,1682985600,138.74,141.12,136.2,140.82,31294,0,72907,72662.0
164,-26,FGBX,FGBXM23,D1,2023-05-03,1683072000,141.08,141.82,139.72,140.3,22448,0,50478,71469.0
165,-25,FGBX,FGBXM23,D1,2023-05-04,1683158400,140.82,141.72,138.52,140.34,41361,0,98367,73917.0
166,-24,FGBX,FGBXM23,D1,2023-05-05,1683244800,140.04,140.28,137.98,138.82,24460,0,59325,69390.0
167,-23,FGBX,FGBXM23,D1,2023-05-08,1683504000,138.7,139.22,137.08,137.42,12993,0,28782,62158.0
168,-22,FGBX,FGBXM23,D1,2023-05-09,1683590400,137.52,138.46,136.28,136.3,27262,0,77588,55232.0
169,-21,FGBX,FGBXM23,D1,2023-05-10,1683676800,136.8,138.44,136.02,137.62,31548,0,89871,65414.0
170,-20,FGBX,FGBXM23,D1,2023-05-11,1683763200,137.84,141.26,137.58,139.86,32289,0,80072,82510.0
171,-19,FGBX,FGBXM23,D1,2023-05-12,1683849600,140.02,140.3,138.3,138.36,23469,0,56198,75380.0
172,-18,FGBX,FGBXM23,D1,2023-05-15,1684108800,138.18,138.3,136.92,137.38,21561,0,54474,63581.0
173,-17,FGBX,FGBXM23,D1,2023-05-16,1684195200,137.34,138.42,135.76,136.28,26552,0,71246,60639.0
174,-16,FGBX,FGBXM23,D1,2023-05-17,1684281600,136.34,137.48,136.24,136.8,24280,0,64947,63556.0
175,-15,FGBX,FGBXM23,D1,2023-05-18,1684368000,137.0,137.3,133.32,133.38,28366,0,75262,70485.0
176,-14,FGBX,FGBXM23,D1,2023-05-19,1684454400,133.26,134.78,132.68,134.0,26838,0,75444,71884.0
177,-13,FGBX,FGBXM23,D1,2023-05-22,1684713600,134.48,135.28,133.5,133.76,21485,0,56671,69126.0
178,-12,FGBX,FGBXM23,D1,2023-05-23,1684800000,133.78,134.1,132.66,133.86,28001,0,73615,68577.0
179,-11,FGBX,FGBXM23,D1,2023-05-24,1684886400,133.82,135.12,132.76,133.84,28952,0,77842,69376.0
180,-10,FGBX,FGBXM23,D1,2023-05-25,1684972800,133.68,135.24,132.3,132.46,34153,0,93473,81643.0
181,-9,FGBX,FGBXM23,D1,2023-05-26,1685059200,132.44,133.18,131.8,133.1,26013,0,72328,81214.0
182,-8,FGBX,FGBXM23,D1,2023-05-29,1685318400,132.7,136.02,132.7,135.32,12608,0,37659,67820.0
183,-7,FGBX,FGBXM23,D1,2023-05-30,1685404800,135.5,137.82,135.14,137.42,27741,0,79875,63287.0
184,-6,FGBX,FGBXM23,D1,2023-05-31,1685491200,137.22,139.56,137.22,138.78,38278,0,112699,76744.0
185,-5,FGBX,FGBXM23,D1,2023-06-01,1685577600,138.56,139.62,137.6,138.7,26552,0,76617,89730.0
186,-4,FGBX,FGBXM23,D1,2023-06-02,1685664000,138.66,138.72,137.14,137.5,21869,0,60216,83177.0
187,-3,FGBX,FGBXM23,D1,2023-06-05,1685923200,137.28,137.32,135.42,135.76,18725,0,45940,60924.0
188,-2,FGBX,FGBXM23,D1,2023-06-06,1686009600,136.06,137.22,135.14,136.38,16950,0,42835,49664.0
120,-66,FGBX,FGBXU23,D1,2023-06-07,1686096000,136.42,136.7,133.74,133.92,7708,0,79727,50741.0
121,-65,FGBX,FGBXU23,D1,2023-06-08,1686182400,133.96,135.52,132.94,135.32,7460,0,68673,65019.0
122,-64,FGBX,FGBXU23,D1,2023-06-09,1686268800,135.08,136.78,134.64,136.64,6672,0,55425,67942.0
123,-63,FGBX,FGBXU23,D1,2023-06-12,1686528000,136.68,137.34,135.2,136.48,7250,0,68547,64215.0
124,-62,FGBX,FGBXU23,D1,2023-06-13,1686614400,136.5,137.24,134.12,134.58,9659,0,92392,72121.0
125,-61,FGBX,FGBXU23,D1,2023-06-14,1686700800,134.74,135.3,134.0,134.6,8434,0,57855,72931.0
126,-60,FGBX,FGBXU23,D1,2023-06-15,1686787200,134.68,136.26,133.3,134.68,9304,0,94665,81637.0
127,-59,FGBX,FGBXU23,D1,2023-06-16,1686873600,134.5,136.22,132.92,136.12,8812,0,81042,77854.0
128,-58,FGBX,FGBXU23,D1,2023-06-19,1687132800,136.16,136.64,133.74,134.14,5697,0,51571,75759.0
129,-57,FGBX,FGBXU23,D1,2023-06-20,1687219200,134.28,137.64,134.14,137.22,7064,0,73392,68668.0
130,-56,FGBX,FGBXU23,D1,2023-06-21,1687305600,137.3,138.4,136.2,138.32,8758,0,86841,70601.0
131,-55,FGBX,FGBXU23,D1,2023-06-22,1687392000,138.18,138.36,135.92,136.7,8560,0,75314,78516.0
132,-54,FGBX,FGBXU23,D1,2023-06-23,1687478400,136.8,140.06,136.62,139.26,9056,0,84382,82179.0
133,-53,FGBX,FGBXU23,D1,2023-06-26,1687737600,139.66,140.84,139.16,140.44,7931,0,59003,72900.0
134,-52,FGBX,FGBXU23,D1,2023-06-27,1687824000,140.3,141.5,139.58,139.9,8095,0,71477,71621.0
135,-51,FGBX,FGBXU23,D1,2023-06-28,1687910400,139.84,141.26,139.1,140.98,8353,0,64366,64949.0
136,-50,FGBX,FGBXU23,D1,2023-06-29,1687996800,140.92,140.92,138.06,138.7,8505,0,66881,67575.0
137,-49,FGBX,FGBXU23,D1,2023-06-30,1688083200,138.64,140.04,137.5,139.72,8882,0,80314,70520.0
138,-48,FGBX,FGBXU23,D1,2023-07-03,1688342400,139.48,140.9,138.86,139.62,8536,0,67171,71455.0
139,-47,FGBX,FGBXU23,D1,2023-07-04,1688428800,139.68,139.82,137.54,138.2,6225,0,61833,69773.0
140,-46,FGBX,FGBXU23,D1,2023-07-05,1688515200,138.2,139.04,135.8,136.16,8095,0,72026,67010.0
141,-45,FGBX,FGBXU23,D1,2023-07-06,1688601600,136.24,136.62,133.46,134.16,10324,0,112646,82168.0
142,-44,FGBX,FGBXU23,D1,2023-07-07,1688688000,134.24,134.3,132.14,132.4,9672,0,88077,90916.0
143,-43,FGBX,FGBXU23,D1,2023-07-10,1688947200,132.22,133.04,131.58,132.66,7032,0,58315,86346.0
144,-42,FGBX,FGBXU23,D1,2023-07-11,1689033600,132.8,133.82,131.86,132.24,7405,0,76009,74134.0
145,-41,FGBX,FGBXU23,D1,2023-07-12,1689120000,132.48,134.08,131.96,133.58,7850,0,71969,68764.0
146,-40,FGBX,FGBXU23,D1,2023-07-13,1689206400,133.9,136.28,133.12,135.76,8222,0,83529,77169.0
147,-39,FGBX,FGBXU23,D1,2023-07-14,1689292800,135.6,136.46,135.24,135.42,6861,0,57459,70986.0
148,-38,FGBX,FGBXU23,D1,2023-07-17,1689552000,135.6,137.26,135.24,136.46,6199,0,53700,64896.0
149,-37,FGBX,FGBXU23,D1,2023-07-18,1689638400,136.38,139.14,136.36,138.56,7414,0,77264,62808.0
150,-36,FGBX,FGBXU23,D1,2023-07-19,1689724800,138.64,140.08,137.16,138.1,8455,0,99464,76809.0
151,-35,FGBX,FGBXU23,D1,2023-07-20,1689811200,138.0,138.16,136.0,136.26,6688,0,68841,81856.0
152,-34,FGBX,FGBXU23,D1,2023-07-21,1689897600,136.14,137.36,135.96,136.56,6019,0,47597,71967.0
153,-33,FGBX,FGBXU23,D1,2023-07-24,1690156800,136.36,138.26,136.08,136.96,7150,0,56745,57728.0
154,-32,FGBX,FGBXU23,D1,2023-07-25,1690243200,137.04,137.56,136.04,137.06,6316,0,50831,51724.0
155,-31,FGBX,FGBXU23,D1,2023-07-26,1690329600,136.98,137.28,135.34,136.04,7117,0,61132,56236.0
156,-30,FGBX,FGBXU23,D1,2023-07-27,1690416000,135.94,137.62,133.64,134.0,10070,0,97700,69888.0
157,-29,FGBX,FGBXU23,D1,2023-07-28,1690502400,133.92,135.88,131.96,134.38,11094,0,89702,82845.0
158,-28,FGBX,FGBXU23,D1,2023-07-31,1690761600,134.42,134.74,133.36,134.62,7299,0,67481,84961.0
159,-27,FGBX,FGBXU23,D1,2023-08-01,1690848000,134.44,134.66,132.16,132.54,6403,0,68983,75389.0
160,-26,FGBX,FGBXU23,D1,2023-08-02,1690934400,132.82,133.76,132.46,132.94,7611,0,77973,71479.0
161,-25,FGBX,FGBXU23,D1,2023-08-03,1691020800,132.86,132.86,130.72,131.06,9148,0,104962,83973.0
162,-24,FGBX,FGBXU23,D1,2023-08-04,1691107200,131.06,132.84,130.06,132.72,8027,0,90714,91216.0
163,-23,FGBX,FGBXU23,D1,2023-08-07,1691366400,132.56,132.72,129.86,130.68,7453,0,62403,86026.0
164,-22,FGBX,FGBXU23,D1,2023-08-08,1691452800,130.62,135.22,130.62,134.3,7692,0,88356,80491.0
165,-21,FGBX,FGBXU23,D1,2023-08-09,1691539200,134.76,135.04,132.94,133.64,6511,0,55854,68871.0
166,-20,FGBX,FGBXU23,D1,2023-08-10,1691625600,133.34,133.92,131.54,131.54,7288,0,54990,66400.0
167,-19,FGBX,FGBXU23,D1,2023-08-11,1691712000,131.7,131.8,130.22,130.46,6781,0,58258,56367.0
168,-18,FGBX,FGBXU23,D1,2023-08-14,1691971200,130.12,131.0,129.88,130.4,14952,0,42209,51819.0
169,-17,FGBX,FGBXU23,D1,2023-08-15,1692057600,130.04,130.42,127.96,129.06,22616,0,64326,54931.0
170,-16,FGBX,FGBXU23,D1,2023-08-16,1692144000,129.04,130.24,128.96,129.4,21677,0,66907,57814.0
171,-15,FGBX,FGBXU23,D1,2023-08-17,1692230400,129.3,129.4,128.08,128.7,19407,0,50722,60652.0
172,-14,FGBX,FGBXU23,D1,2023-08-18,1692316800,128.92,131.08,128.82,129.86,20681,0,59784,59138.0
173,-13,FGBX,FGBXU23,D1,2023-08-21,1692576000,129.68,130.04,127.68,128.36,18198,0,49702,53403.0
174,-12,FGBX,FGBXU23,D1,2023-08-22,1692662400,127.94,130.24,127.94,129.96,18574,0,55459,54982.0
175,-11,FGBX,FGBXU23,D1,2023-08-23,1692748800,130.1,133.3,130.1,133.22,31851,0,94817,66659.0
176,-10,FGBX,FGBXU23,D1,2023-08-24,1692835200,133.12,134.54,132.46,132.56,21542,0,57963,69413.0
177,-9,FGBX,FGBXU23,D1,2023-08-25,1692921600,132.62,132.76,131.26,131.86,19945,0,56572,69784.0
178,-8,FGBX,FGBXU23,D1,2023-08-28,1693180800,131.76,132.68,131.04,131.68,14012,0,39588,51374.0
179,-7,FGBX,FGBXU23,D1,2023-08-29,1693267200,131.68,133.16,131.18,132.92,26642,0,85109,60423.0
180,-6,FGBX,FGBXU23,D1,2023-08-30,1693353600,133.62,133.62,131.26,131.9,24420,0,67964,64220.0
181,-5,FGBX,FGBXU23,D1,2023-08-31,1693440000,131.84,133.96,131.32,133.66,31119,0,101521,84865.0
182,-4,FGBX,FGBXU23,D1,2023-09-01,1693526400,133.34,133.7,131.12,131.62,25676,0,74779,81421.0
183,-3,FGBX,FGBXU23,D1,2023-09-04,1693785600,131.7,131.7,130.5,130.64,12481,0,36164,70821.0
184,-2,FGBX,FGBXU23,D1,2023-09-05,1693872000,130.62,130.76,128.96,129.02,18445,0,51246,54063.0
125,-66,FGBX,FGBXZ23,D1,2023-09-06,1693958400,128.82,129.94,128.34,128.64,6854,0,79953,42758.0
126,-65,FGBX,FGBXZ23,D1,2023-09-07,1694044800,128.54,129.72,128.32,129.54,6076,0,87418,67812.0
127,-64,FGBX,FGBXZ23,D1,2023-09-08,1694131200,129.76,130.82,129.32,129.76,5802,0,54849,74073.0
128,-63,FGBX,FGBXZ23,D1,2023-09-11,1694390400,129.42,129.56,128.5,128.78,4720,0,45094,62454.0
129,-62,FGBX,FGBXZ23,D1,2023-09-12,1694476800,128.68,129.78,128.52,129.12,5043,0,63483,54475.0
130,-61,FGBX,FGBXZ23,D1,2023-09-13,1694563200,128.6,129.78,127.9,129.34,6460,0,100143,69573.0
131,-60,FGBX,FGBXZ23,D1,2023-09-14,1694649600,129.36,130.98,128.86,129.84,7232,0,98050,87225.0
132,-59,FGBX,FGBXZ23,D1,2023-09-15,1694736000,129.78,130.2,127.38,127.44,6205,0,90114,96102.0
133,-58,FGBX,FGBXZ23,D1,2023-09-18,1694995200,127.24,127.6,126.4,127.06,5511,0,69595,85920.0
134,-57,FGBX,FGBXZ23,D1,2023-09-19,1695081600,127.02,127.3,125.84,125.88,5154,0,71023,76911.0
135,-56,FGBX,FGBXZ23,D1,2023-09-20,1695168000,125.78,127.14,125.7,126.4,5613,0,65902,68840.0
136,-55,FGBX,FGBXZ23,D1,2023-09-21,1695254400,125.98,126.68,125.3,126.14,6998,0,92301,76409.0
137,-54,FGBX,FGBXZ23,D1,2023-09-22,1695340800,126.02,127.34,124.88,125.8,6591,0,84823,81009.0
138,-53,FGBX,FGBXZ23,D1,2023-09-25,1695600000,125.5,125.64,122.7,122.76,6075,0,103008,93377.0
139,-52,FGBX,FGBXZ23,D1,2023-09-26,1695686400,122.78,124.02,122.46,122.8,6472,0,95594,94475.0
140,-51,FGBX,FGBXZ23,D1,2023-09-27,1695772800,123.16,124.02,121.38,121.84,6126,0,85015,94539.0
141,-50,FGBX,FGBXZ23,D1,2023-09-28,1695859200,121.78,122.4,119.06,120.96,9461,0,153979,111529.0
142,-49,FGBX,FGBXZ23,D1,2023-09-29,1695945600,120.82,122.94,120.36,121.74,8480,0,133204,124066.0
143,-48,FGBX,FGBXZ23,D1,2023-10-02,1696204800,121.5,122.08,119.52,119.76,6859,0,89842,125675.0
144,-47,FGBX,FGBXZ23,D1,2023-10-03,1696291200,119.7,120.1,117.54,117.74,7779,0,122031,115026.0
145,-46,FGBX,FGBXZ23,D1,2023-10-04,1696377600,117.72,119.62,116.42,119.22,8942,0,131582,114485.0
146,-45,FGBX,FGBXZ23,D1,2023-10-05,1696464000,119.14,120.26,117.82,119.88,7809,0,117368,123660.0
147,-44,FGBX,FGBXZ23,D1,2023-10-06,1696550400,119.78,120.08,117.92,119.18,7300,0,102911,117287.0
148,-43,FGBX,FGBXZ23,D1,2023-10-09,1696809600,120.1,122.64,119.2,122.62,7725,0,86855,102378.0
149,-42,FGBX,FGBXZ23,D1,2023-10-10,1696896000,122.5,123.08,120.7,122.14,9353,0,111127,100298.0
150,-41,FGBX,FGBXZ23,D1,2023-10-11,1696982400,122.22,125.36,122.2,125.3,9680,0,144330,114104.0
151,-40,FGBX,FGBXZ23,D1,2023-10-12,1697068800,125.38,126.3,121.94,122.08,9030,0,107370,120942.0
152,-39,FGBX,FGBXZ23,D1,2023-10-13,1697155200,122.5,125.18,122.16,124.76,8708,0,82352,111351.0
153,-38,FGBX,FGBXZ23,D1,2023-10-16,1697414400,124.12,124.26,122.06,122.6,7595,0,66302,85341.0
154,-37,FGBX,FGBXZ23,D1,2023-10-17,1697500800,122.58,122.9,120.3,121.28,8579,0,114349,87668.0
155,-36,FGBX,FGBXZ23,D1,2023-10-18,1697587200,121.22,121.4,119.52,120.34,8187,0,90032,90228.0
156,-35,FGBX,FGBXZ23,D1,2023-10-19,1697673600,120.04,120.66,118.72,118.72,9704,0,96791,100391.0
157,-34,FGBX,FGBXZ23,D1,2023-10-20,1697760000,118.88,120.3,118.82,119.98,8556,0,83881,90235.0
158,-33,FGBX,FGBXZ23,D1,2023-10-23,1698019200,119.52,121.22,117.92,120.92,7816,0,87737,89470.0
159,-32,FGBX,FGBXZ23,D1,2023-10-24,1698105600,120.76,123.02,120.74,121.82,8656,0,95760,89126.0
160,-31,FGBX,FGBXZ23,D1,2023-10-25,1698192000,121.8,122.3,118.88,119.14,7160,0,77908,87135.0
161,-30,FGBX,FGBXZ23,D1,2023-10-26,1698278400,119.04,120.58,118.24,120.44,8927,0,86752,86807.0
162,-29,FGBX,FGBXZ23,D1,2023-10-27,1698364800,120.2,120.58,119.22,120.0,7355,0,84776,83145.0
163,-28,FGBX,FGBXZ23,D1,2023-10-30,1698624000,119.54,121.08,119.12,120.08,8286,0,98107,89878.0
164,-27,FGBX,FGBXZ23,D1,2023-10-31,1698710400,120.02,121.72,119.08,119.12,8989,0,125603,102829.0
165,-26,FGBX,FGBXZ23,D1,2023-11-01,1698796800,119.44,121.66,118.72,121.62,8742,0,107095,110268.0
166,-25,FGBX,FGBXZ23,D1,2023-11-02,1698883200,121.84,123.56,121.1,123.28,9082,0,158904,130534.0
167,-24,FGBX,FGBXZ23,D1,2023-11-03,1698969600,123.14,124.98,122.58,124.3,8393,0,130680,132226.0
168,-23,FGBX,FGBXZ23,D1,2023-11-06,1699228800,124.04,124.18,122.18,122.4,5730,0,87540,125708.0
169,-22,FGBX,FGBXZ23,D1,2023-11-07,1699315200,122.62,125.62,122.0,125.04,7609,0,121699,113306.0
170,-21,FGBX,FGBXZ23,D1,2023-11-08,1699401600,125.24,127.78,124.82,127.56,8298,0,136671,115303.0
171,-20,FGBX,FGBXZ23,D1,2023-11-09,1699488000,127.58,127.82,123.8,123.86,9623,0,140685,133018.0
172,-19,FGBX,FGBXZ23,D1,2023-11-10,1699574400,123.72,124.9,123.24,124.44,7955,0,107694,128350.0
173,-18,FGBX,FGBXZ23,D1,2023-11-13,1699833600,123.86,125.2,123.54,124.6,7072,0,93377,113919.0
174,-17,FGBX,FGBXZ23,D1,2023-11-14,1699920000,124.4,127.26,124.22,127.1,8200,0,147950,116340.0
175,-16,FGBX,FGBXZ23,D1,2023-11-15,1700006400,127.04,128.0,125.34,125.68,8953,0,165512,135613.0
176,-15,FGBX,FGBXZ23,D1,2023-11-16,1700092800,126.02,127.64,125.82,126.8,7478,0,121219,144894.0
177,-14,FGBX,FGBXZ23,D1,2023-11-17,1700179200,126.92,128.72,126.42,127.46,7462,0,154413,147048.0
178,-13,FGBX,FGBXZ23,D1,2023-11-20,1700438400,127.36,128.0,126.42,127.86,6830,0,85404,120345.0
179,-12,FGBX,FGBXZ23,D1,2023-11-21,1700524800,127.82,128.9,127.3,127.94,7419,0,111167,116995.0
180,-11,FGBX,FGBXZ23,D1,2023-11-22,1700611200,128.0,129.74,127.36,128.76,7493,0,106815,101129.0
181,-10,FGBX,FGBXZ23,D1,2023-11-23,1700697600,128.9,129.24,127.28,127.64,5942,0,80073,99352.0
182,-9,FGBX,FGBXZ23,D1,2023-11-24,1700784000,127.62,127.7,126.18,126.96,5612,0,77305,88064.0
183,-8,FGBX,FGBXZ23,D1,2023-11-27,1701043200,126.76,128.94,126.28,128.64,6788,0,78370,78583.0
184,-7,FGBX,FGBXZ23,D1,2023-11-28,1701129600,128.42,129.36,127.62,129.04,31224,0,93883,83186.0
185,-6,FGBX,FGBXZ23,D1,2023-11-29,1701216000,129.2,130.98,129.1,130.96,43846,0,139490,103914.0
186,-5,FGBX,FGBXZ23,D1,2023-11-30,1701302400,130.88,131.5,129.08,129.9,45401,0,144961,126111.0
187,-4,FGBX,FGBXZ23,D1,2023-12-01,1701388800,130.48,132.12,129.72,131.98,41395,0,120634,135028.0
188,-3,FGBX,FGBXZ23,D1,2023-12-04,1701648000,131.66,133.36,131.3,133.08,29281,0,81662,115752.0
189,-2,FGBX,FGBXZ23,D1,2023-12-05,1701734400,133.2,136.76,133.14,136.6,33285,0,87344,96547.0
128,-63,FGBX,FGBXH24,D1,2023-12-06,1701820800,136.8,138.86,135.72,138.6,39296,0,118254,74332.0
129,-62,FGBX,FGBXH24,D1,2023-12-07,1701907200,138.54,139.04,137.12,137.78,35045,0,107345,98367.0
130,-61,FGBX,FGBXH24,D1,2023-12-08,1701993600,137.52,137.74,135.32,136.48,31341,0,91656,105752.0
131,-60,FGBX,FGBXH24,D1,2023-12-11,1702252800,136.48,136.92,135.94,136.6,21094,0,65080,88027.0
132,-59,FGBX,FGBXH24,D1,2023-12-12,1702339200,136.54,138.86,136.52,137.88,28685,0,86960,81232.0
133,-58,FGBX,FGBXH24,D1,2023-12-13,1702425600,137.76,140.5,137.76,139.92,29737,0,94788,82276.0
134,-57,FGBX,FGBXH24,D1,2023-12-14,1702512000,140.02,142.0,138.78,140.16,47107,0,140229,107326.0
135,-56,FGBX,FGBXH24,D1,2023-12-15,1702598400,139.86,143.48,139.1,143.32,35493,0,110212,115076.0
136,-55,FGBX,FGBXH24,D1,2023-12-18,1702857600,143.0,143.52,140.92,141.24,22425,0,70838,107093.0
137,-54,FGBX,FGBXH24,D1,2023-12-19,1702944000,141.28,143.54,141.28,143.08,23404,0,77351,86134.0
138,-53,FGBX,FGBXH24,D1,2023-12-20,1703030400,143.32,145.3,143.2,145.3,23565,0,74604,74264.0
139,-52,FGBX,FGBXH24,D1,2023-12-21,1703116800,145.26,145.3,143.62,143.96,24347,0,79006,76987.0
140,-51,FGBX,FGBXH24,D1,2023-12-22,1703203200,143.98,144.36,143.14,143.34,16111,0,48740,67450.0
141,-50,FGBX,FGBXH24,D1,2023-12-27,1703635200,143.26,146.06,143.18,145.88,15922,0,48240,58662.0
142,-49,FGBX,FGBXH24,D1,2023-12-28,1703721600,145.82,145.82,143.68,144.12,18341,0,63961,53647.0
143,-48,FGBX,FGBXH24,D1,2023-12-29,1703808000,144.0,144.5,140.96,141.24,23621,0,79840,64014.0
144,-47,FGBX,FGBXH24,D1,2024-01-02,1704153600,141.16,141.28,138.94,140.18,38789,0,124816,89539.0
145,-46,FGBX,FGBXH24,D1,2024-01-03,1704240000,140.02,142.12,139.04,141.86,32248,0,94490,99715.0
146,-45,FGBX,FGBXH24,D1,2024-01-04,1704326400,141.88,142.72,138.38,138.86,37635,0,122973,114093.0
147,-44,FGBX,FGBXH24,D1,2024-01-05,1704412800,138.82,139.5,137.14,137.84,33760,0,97929,105131.0
148,-43,FGBX,FGBXH24,D1,2024-01-08,1704672000,137.68,139.12,136.82,138.24,29739,0,93716,104873.0
149,-42,FGBX,FGBXH24,D1,2024-01-09,1704758400,138.24,138.44,136.68,137.34,31805,0,112383,101343.0
150,-41,FGBX,FGBXH24,D1,2024-01-10,1704844800,137.5,138.34,136.8,136.84,27200,0,90041,98713.0
151,-40,FGBX,FGBXH24,D1,2024-01-11,1704931200,137.06,138.58,136.7,137.88,31493,0,96618,99681.0
152,-39,FGBX,FGBXH24,D1,2024-01-12,1705017600,137.98,138.84,136.92,137.76,33689,0,94830,93830.0
153,-38,FGBX,FGBXH24,D1,2024-01-15,1705276800,137.92,137.94,136.06,136.76,25208,0,91479,94309.0
154,-37,FGBX,FGBXH24,D1,2024-01-16,1705363200,136.72,137.26,135.1,135.5,38845,0,134006,106772.0
155,-36,FGBX,FGBXH24,D1,2024-01-17,1705449600,135.28,136.58,134.84,135.38,43883,0,154855,126780.0
156,-35,FGBX,FGBXH24,D1,2024-01-18,1705536000,135.32,135.66,134.06,134.3,34132,0,115489,134783.0
157,-34,FGBX,FGBXH24,D1,2024-01-19,1705622400,134.3,135.46,134.0,135.16,29511,0,99730,123358.0
158,-33,FGBX,FGBXH24,D1,2024-01-22,1705881600,135.4,136.42,135.06,135.82,25882,0,81762,98994.0
159,-32,FGBX,FGBXH24,D1,2024-01-23,1705968000,135.8,135.98,133.5,133.86,30940,0,115474,98989.0
160,-31,FGBX,FGBXH24,D1,2024-01-24,1706054400,133.86,135.14,133.5,133.6,34363,0,111730,102989.0
161,-30,FGBX,FGBXH24,D1,2024-01-25,1706140800,133.5,135.02,133.28,134.74,35686,0,116090,114431.0
162,-29,FGBX,FGBXH24,D1,2024-01-26,1706227200,134.92,135.8,133.88,134.26,30939,0,100360,109393.0
163,-28,FGBX,FGBXH24,D1,2024-01-29,1706486400,134.52,136.16,134.14,135.8,27320,0,97123,104524.0
164,-27,FGBX,FGBXH24,D1,2024-01-30,1706572800,135.8,136.76,134.28,135.36,39060,0,147185,114889.0
165,-26,FGBX,FGBXH24,D1,2024-01-31,1706659200,135.66,137.82,135.4,136.76,43828,0,155352,133220.0
166,-25,FGBX,FGBXH24,D1,2024-02-01,1706745600,137.3,138.88,135.74,138.12,41047,0,138890,147142.0
167,-24,FGBX,FGBXH24,D1,2024-02-02,1706832000,137.64,138.5,136.08,136.48,40623,0,134291,142844.0
168,-23,FGBX,FGBXH24,D1,2024-02-05,1707091200,136.18,136.4,133.72,134.12,32000,0,104419,125867.0
169,-22,FGBX,FGBXH24,D1,2024-02-06,1707177600,134.36,134.88,133.2,134.84,34409,0,131625,123445.0
170,-21,FGBX,FGBXH24,D1,2024-02-07,1707264000,134.52,134.98,133.44,133.58,31074,0,107068,114371.0
171,-20,FGBX,FGBXH24,D1,2024-02-08,1707350400,133.56,134.12,132.46,132.62,25610,0,91156,109950.0
172,-19,FGBX,FGBXH24,D1,2024-02-09,1707436800,132.5,134.0,132.18,133.1,27552,0,95547,97924.0
173,-18,FGBX,FGBXH24,D1,2024-02-12,1707696000,133.1,133.88,132.72,133.26,20470,0,75120,87274.0
174,-17,FGBX,FGBXH24,D1,2024-02-13,1707782400,133.2,134.34,132.14,132.38,33028,0,116487,95718.0
175,-16,FGBX,FGBXH24,D1,2024-02-14,1707868800,132.16,134.6,132.1,134.22,35585,0,134424,108677.0
176,-15,FGBX,FGBXH24,D1,2024-02-15,1707955200,134.3,135.46,133.42,133.9,29851,0,103806,118239.0
177,-14,FGBX,FGBXH24,D1,2024-02-16,1708041600,133.86,133.88,132.26,133.3,28941,0,102371,113534.0
178,-13,FGBX,FGBXH24,D1,2024-02-19,1708300800,133.42,133.6,132.36,132.44,14693,0,61987,89388.0
179,-12,FGBX,FGBXH24,D1,2024-02-20,1708387200,132.4,133.78,132.4,133.04,23316,2,83980,82779.0
180,-11,FGBX,FGBXH24,D1,2024-02-21,1708473600,132.84,133.56,131.44,131.68,28834,0,102804,82924.0
181,-10,FGBX,FGBXH24,D1,2024-02-22,1708560000,131.7,133.5,130.74,132.78,42550,0,147167,111317.0
182,-9,FGBX,FGBXH24,D1,2024-02-23,1708646400,133.06,134.56,132.16,134.32,35925,0,129326,126432.0
183,-8,FGBX,FGBXH24,D1,2024-02-26,1708905600,134.5,135.02,132.0,132.4,29785,0,107500,127998.0
184,-7,FGBX,FGBXH24,D1,2024-02-27,1708992000,132.46,132.84,130.98,131.1,43718,0,177788,138205.0
185,-6,FGBX,FGBXH24,D1,2024-02-28,1709078400,131.14,132.08,131.04,132.02,32629,0,123622,136303.0
186,-5,FGBX,FGBXH24,D1,2024-02-29,1709164800,132.02,133.58,130.82,132.9,45589,0,181980,161130.0
187,-4,FGBX,FGBXH24,D1,2024-03-01,1709251200,132.92,133.42,131.52,133.22,41378,0,149416,151673.0
188,-3,FGBX,FGBXH24,D1,2024-03-04,1709510400,133.06,133.62,132.3,133.12,29218,0,106620,146005.0
189,-2,FGBX,FGBXH24,D1,2024-03-05,1709596800,133.18,135.96,133.04,135.56,26488,0,94922,116986.0
105,-63,FGBX,FGBXM24,D1,2024-03-06,1709683200,135.48,135.64,134.36,135.2,35696,0,124931,78362.0
106,-62,FGBX,FGBXM24,D1,2024-03-07,1709769600,135.44,137.46,134.7,136.02,39082,0,152310,119338.0
107,-61,FGBX,FGBXM24,D1,2024-03-08,1709856000,136.04,137.1,135.78,136.26,32744,0,106222,127821.0
108,-60,FGBX,FGBXM24,D1,2024-03-11,1710115200,136.28,137.12,135.08,135.54,26357,0,93029,117187.0
109,-59,FGBX,FGBXM24,D1,2024-03-12,1710201600,135.64,136.48,134.88,135.3,31518,0,102468,100573.0
110,-58,FGBX,FGBXM24,D1,2024-03-13,1710288000,135.4,136.16,133.68,133.9,33365,0,116478,103992.0
111,-57,FGBX,FGBXM24,D1,2024-03-14,1710374400,133.7,134.1,132.26,132.36,35977,0,128464,115803.0
112,-56,FGBX,FGBXM24,D1,2024-03-15,1710460800,132.24,132.9,131.9,132.5,28440,0,103516,116153.0
113,-55,FGBX,FGBXM24,D1,2024-03-18,1710720000,132.38,132.92,131.44,131.86,25521,0,95418,109133.0
114,-54,FGBX,FGBXM24,D1,2024-03-19,1710806400,131.86,132.44,131.32,131.68,32959,0,126422,108452.0
115,-53,FGBX,FGBXM24,D1,2024-03-20,1710892800,131.74,132.78,131.16,131.78,27901,0,108359,110066.0
116,-52,FGBX,FGBXM24,D1,2024-03-21,1710979200,131.66,133.08,131.38,132.56,32149,0,116714,117165.0
117,-51,FGBX,FGBXM24,D1,2024-03-22,1711065600,132.72,134.88,132.6,134.78,27390,0,101057,108710.0
118,-50,FGBX,FGBXM24,D1,2024-03-25,1711324800,134.98,135.14,133.58,133.8,20149,0,72720,96830.0
119,-49,FGBX,FGBXM24,D1,2024-03-26,1711411200,134.0,134.56,133.64,134.36,22040,0,77968,83915.0
120,-48,FGBX,FGBXM24,D1,2024-03-27,1711497600,134.44,135.88,134.3,135.72,23769,0,86735,79141.0
121,-47,FGBX,FGBXM24,D1,2024-03-28,1711584000,135.32,135.94,134.84,135.4,27840,0,111353,92019.0
122,-46,FGBX,FGBXM24,D1,2024-04-02,1712016000,134.62,134.62,131.52,132.72,36530,0,136857,111648.0
123,-45,FGBX,FGBXM24,D1,2024-04-03,1712102400,132.46,133.52,131.68,133.08,34317,0,116635,121615.0
124,-44,FGBX,FGBXM24,D1,2024-04-04,1712188800,133.2,134.32,132.52,134.26,29511,0,104785,119426.0
125,-43,FGBX,FGBXM24,D1,2024-04-05,1712275200,134.3,134.36,132.38,132.5,27985,0,87121,102847.0
126,-42,FGBX,FGBXM24,D1,2024-04-08,1712534400,132.24,132.42,131.24,132.22,24456,0,90036,93981.0
127,-41,FGBX,FGBXM24,D1,2024-04-09,1712620800,132.1,134.24,131.94,134.02,28258,0,99407,92188.0
128,-40,FGBX,FGBXM24,D1,2024-04-10,1712707200,134.1,134.46,132.16,132.48,36158,0,121125,103523.0
129,-39,FGBX,FGBXM24,D1,2024-04-11,1712793600,132.46,133.18,131.36,132.2,43563,0,146728,122420.0
130,-38,FGBX,FGBXM24,D1,2024-04-12,1712880000,132.02,135.4,131.96,134.1,35453,0,127843,131899.0
131,-37,FGBX,FGBXM24,D1,2024-04-15,1713139200,133.8,134.0,131.74,132.3,40684,0,128841,134471.0
132,-36,FGBX,FGBXM24,D1,2024-04-16,1713225600,132.42,132.68,130.02,130.94,47041,0,168110,141598.0
133,-35,FGBX,FGBXM24,D1,2024-04-17,1713312000,130.98,132.08,130.74,131.78,33640,0,117399,138117.0
134,-34,FGBX,FGBXM24,D1,2024-04-18,1713398400,131.64,132.58,130.64,131.04,30412,0,96366,127292.0
135,-33,FGBX,FGBXM24,D1,2024-04-19,1713484800,131.16,133.38,130.52,130.82,32717,0,93234,102333.0
136,-32,FGBX,FGBXM24,D1,2024-04-22,1713744000,130.5,130.96,129.56,130.88,27839,0,94863,94821.0
137,-31,FGBX,FGBXM24,D1,2024-04-23,1713830400,130.92,131.58,129.82,129.92,33947,0,114457,100851.0
138,-30,FGBX,FGBXM24,D1,2024-04-24,1713916800,130.02,130.02,127.72,128.02,36814,0,135127,114816.0
139,-29,FGBX,FGBXM24,D1,2024-04-25,1714003200,127.94,128.38,126.96,127.42,37179,0,130552,126712.0
140,-28,FGBX,FGBXM24,D1,2024-04-26,1714089600,127.2,129.3,127.12,128.54,29491,0,106956,124212.0
141,-27,FGBX,FGBXM24,D1,2024-04-29,1714348800,128.8,130.38,128.56,129.82,28411,0,104216,113908.0
142,-26,FGBX,FGBXM24,D1,2024-04-30,1714435200,130.2,130.44,128.6,128.82,38147,0,144479,118550.0
143,-25,FGBX,FGBXM24,D1,2024-05-02,1714608000,129.42,130.4,128.88,130.22,36779,0,130372,126356.0
144,-24,FGBX,FGBXM24,D1,2024-05-03,1714694400,130.1,131.68,129.82,130.98,36028,0,116409,130420.0
145,-23,FGBX,FGBXM24,D1,2024-05-06,1714953600,130.86,132.16,130.76,131.72,19379,0,64649,103810.0
146,-22,FGBX,FGBXM24,D1,2024-05-07,1715040000,131.74,132.76,131.66,132.26,27193,0,102353,94470.0
147,-21,FGBX,FGBXM24,D1,2024-05-08,1715126400,132.42,132.46,131.28,131.44,23672,0,89190,85397.0
148,-20,FGBX,FGBXM24,D1,2024-05-09,1715212800,131.44,131.44,130.02,130.92,24662,0,91523,94355.0
149,-19,FGBX,FGBXM24,D1,2024-05-10,1715299200,130.8,131.36,129.54,129.86,21389,0,79220,86644.0
150,-18,FGBX,FGBXM24,D1,2024-05-13,1715558400,130.0,130.6,129.52,130.0,19676,0,77675,82806.0
151,-17,FGBX,FGBXM24,D1,2024-05-14,1715644800,130.06,130.48,128.64,129.28,30068,0,128594,95163.0
152,-16,FGBX,FGBXM24,D1,2024-05-15,1715731200,129.26,132.24,129.26,131.78,37468,0,144553,116941.0
153,-15,FGBX,FGBXM24,D1,2024-05-16,1715817600,132.12,132.66,130.68,130.7,30565,0,109505,127551.0
154,-14,FGBX,FGBXM24,D1,2024-05-17,1715904000,130.96,131.0,129.46,129.56,25136,0,95316,116458.0
155,-13,FGBX,FGBXM24,D1,2024-05-20,1716163200,129.5,129.76,128.94,129.2,17374,0,60572,88464.0
156,-12,FGBX,FGBXM24,D1,2024-05-21,1716249600,129.22,130.2,129.1,129.82,24847,0,97648,84512.0
157,-11,FGBX,FGBXM24,D1,2024-05-22,1716336000,129.8,129.92,128.68,129.08,34199,0,144593,100938.0
158,-10,FGBX,FGBXM24,D1,2024-05-23,1716422400,129.16,129.72,127.9,128.34,42785,0,169264,137168.0
159,-9,FGBX,FGBXM24,D1,2024-05-24,1716508800,128.46,128.78,127.88,128.74,28618,0,111594,141817.0
160,-8,FGBX,FGBXM24,D1,2024-05-27,1716768000,128.92,129.44,128.06,129.02,13170,0,54996,111951.0
161,-7,FGBX,FGBXM24,D1,2024-05-28,1716854400,128.9,129.5,127.4,127.44,30121,0,116297,94296.0
162,-6,FGBX,FGBXM24,D1,2024-05-29,1716940800,127.46,127.58,124.88,125.28,43861,0,173390,114894.0
163,-5,FGBX,FGBXM24,D1,2024-05-30,1717027200,125.4,126.02,125.18,125.88,33710,0,125790,138492.0
164,-4,FGBX,FGBXM24,D1,2024-05-31,1717113600,126.02,126.64,124.92,126.04,41618,0,167833,155671.0
165,-3,FGBX,FGBXM24,D1,2024-06-03,1717372800,126.38,128.08,126.06,127.74,28128,0,104304,132642.0
166,-2,FGBX,FGBXM24,D1,2024-06-04,1717459200,127.94,129.72,127.56,128.86,25935,0,92335,121491.0
94,-67,FGBX,FGBXU24,D1,2024-06-05,1717545600,130.5,131.72,130.12,131.26,29760,0,100902,70462.0
95,-66,FGBX,FGBXU24,D1,2024-06-06,1717632000,131.26,131.48,129.98,130.86,33261,0,127014,98633.0
96,-65,FGBX,FGBXU24,D1,2024-06-07,1717718400,130.72,130.78,128.9,129.22,27995,0,91379,106432.0
97,-64,FGBX,FGBXU24,D1,2024-06-10,1717977600,129.1,129.2,127.08,127.4,32221,0,118344,112246.0
98,-63,FGBX,FGBXU24,D1,2024-06-11,1718064000,127.38,128.38,126.66,128.3,41884,0,152208,120644.0
99,-62,FGBX,FGBXU24,D1,2024-06-12,1718150400,128.2,130.6,128.14,129.62,36364,0,122597,131050.0
100,-61,FGBX,FGBXU24,D1,2024-06-13,1718236800,130.04,131.8,129.44,131.56,32718,0,116310,130372.0
101,-60,FGBX,FGBXU24,D1,2024-06-14,1718323200,131.08,135.52,130.92,135.02,50573,0,164496,134468.0
102,-59,FGBX,FGBXU24,D1,2024-06-17,1718582400,134.56,135.24,133.04,133.66,31136,0,104897,128568.0
103,-58,FGBX,FGBXU24,D1,2024-06-18,1718668800,133.78,134.48,133.02,134.36,27812,0,90184,119859.0
104,-57,FGBX,FGBXU24,D1,2024-06-19,1718755200,134.14,134.84,133.36,133.54,22584,0,87895,94325.0
105,-56,FGBX,FGBXU24,D1,2024-06-20,1718841600,133.6,133.84,132.24,133.24,25009,0,83053,87044.0
106,-55,FGBX,FGBXU24,D1,2024-06-21,1718928000,133.1,134.3,132.64,132.98,29656,0,96773,89240.0
107,-54,FGBX,FGBXU24,D1,2024-06-24,1719187200,132.98,133.24,131.88,132.52,20056,0,72736,84187.0
108,-53,FGBX,FGBXU24,D1,2024-06-25,1719273600,132.7,133.38,132.3,132.84,21349,0,76074,81861.0
109,-52,FGBX,FGBXU24,D1,2024-06-26,1719360000,132.76,132.78,131.34,131.42,22859,0,82910,77240.0
110,-51,FGBX,FGBXU24,D1,2024-06-27,1719446400,131.1,132.0,130.7,131.58,23837,0,89622,82869.0
111,-50,FGBX,FGBXU24,D1,2024-06-28,1719532800,131.54,131.96,129.9,130.06,30359,0,119580,97371.0
112,-49,FGBX,FGBXU24,D1,2024-07-01,1719792000,129.22,129.6,127.28,127.46,32690,0,107593,105598.0
113,-48,FGBX,FGBXU24,D1,2024-07-02,1719878400,127.62,128.08,126.84,127.62,27755,0,96388,107854.0
114,-47,FGBX,FGBXU24,D1,2024-07-03,1719964800,127.72,128.96,127.16,128.66,30208,0,107906,103962.0
115,-46,FGBX,FGBXU24,D1,2024-07-04,1720051200,128.56,128.68,128.06,128.24,16556,0,62386,88893.0
116,-45,FGBX,FGBXU24,D1,2024-07-05,1720137600,128.42,129.44,128.24,129.42,23326,0,79217,83170.0
117,-44,FGBX,FGBXU24,D1,2024-07-08,1720396800,129.18,130.18,128.5,130.04,22769,0,78962,73522.0
118,-43,FGBX,FGBXU24,D1,2024-07-09,1720483200,129.82,129.96,128.6,129.08,25818,0,107318,88499.0
119,-42,FGBX,FGBXU24,D1,2024-07-10,1720569600,129.06,130.42,128.88,130.06,21278,0,79288,88523.0
120,-41,FGBX,FGBXU24,D1,2024-07-11,1720656000,129.98,131.12,129.16,130.26,28540,0,101600,96069.0
121,-40,FGBX,FGBXU24,D1,2024-07-12,1720742400,130.16,130.62,129.52,130.48,22516,0,78844,86577.0
122,-39,FGBX,FGBXU24,D1,2024-07-15,1721001600,129.84,131.14,129.46,130.64,20317,0,75536,85327.0
123,-38,FGBX,FGBXU24,D1,2024-07-16,1721088000,130.9,132.38,130.86,132.34,20242,0,77707,77362.0
124,-37,FGBX,FGBXU24,D1,2024-07-17,1721174400,132.2,132.82,131.98,132.62,22492,0,90309,81184.0
125,-36,FGBX,FGBXU24,D1,2024-07-18,1721260800,132.44,132.66,131.32,131.58,22713,0,86969,84995.0
126,-35,FGBX,FGBXU24,D1,2024-07-19,1721347200,131.64,132.06,130.58,130.78,17979,0,65982,81087.0
127,-34,FGBX,FGBXU24,D1,2024-07-22,1721606400,131.08,131.46,130.02,130.32,17783,0,69813,74255.0
128,-33,FGBX,FGBXU24,D1,2024-07-23,1721692800,130.38,131.72,130.14,131.22,19403,0,79844,71880.0
129,-32,FGBX,FGBXU24,D1,2024-07-24,1721779200,131.2,132.02,129.96,130.12,27936,0,101245,83634.0
130,-31,FGBX,FGBXU24,D1,2024-07-25,1721865600,129.98,132.1,129.9,131.22,35580,0,129849,103646.0
131,-30,FGBX,FGBXU24,D1,2024-07-26,1721952000,131.4,132.14,130.32,131.98,28132,0,103395,111496.0
132,-29,FGBX,FGBXU24,D1,2024-07-29,1722211200,132.14,133.84,131.88,133.28,24404,0,102580,111941.0
133,-28,FGBX,FGBXU24,D1,2024-07-30,1722297600,133.16,133.92,132.96,133.6,24898,0,91340,99105.0
134,-27,FGBX,FGBXU24,D1,2024-07-31,1722384000,133.4,135.0,133.34,134.94,32589,0,130708,108209.0
135,-26,FGBX,FGBXU24,D1,2024-08-01,1722470400,135.08,136.64,134.76,135.94,35852,0,128812,116953.0
136,-25,FGBX,FGBXU24,D1,2024-08-02,1722556800,136.1,138.4,135.98,137.94,46341,0,151590,137037.0
137,-24,FGBX,FGBXU24,D1,2024-08-05,1722816000,138.4,139.92,137.66,138.76,61913,0,172097,150833.0
138,-23,FGBX,FGBXU24,D1,2024-08-06,1722902400,137.7,139.32,137.04,137.48,40984,0,125390,149692.0
139,-22,FGBX,FGBXU24,D1,2024-08-07,1722988800,137.28,137.58,135.0,135.24,33255,0,112608,136698.0
140,-21,FGBX,FGBXU24,D1,2024-08-08,1723075200,135.74,136.6,134.66,135.04,28049,0,88834,108944.0
141,-20,FGBX,FGBXU24,D1,2024-08-09,1723161600,135.3,136.74,135.22,136.42,17987,2,57476,86306.0
142,-19,FGBX,FGBXU24,D1,2024-08-12,1723420800,136.36,136.74,135.7,136.6,15904,0,53753,66688.0
143,-18,FGBX,FGBXU24,D1,2024-08-13,1723507200,136.46,137.66,136.1,137.44,16775,0,58364,56531.0
144,-17,FGBX,FGBXU24,D1,2024-08-14,1723593600,137.42,137.86,136.26,137.28,23630,0,82638,64918.0
145,-16,FGBX,FGBXU24,D1,2024-08-15,1723680000,137.24,137.8,135.62,136.12,18961,0,66562,69188.0
146,-15,FGBX,FGBXU24,D1,2024-08-16,1723766400,136.08,137.04,135.88,136.3,17007,0,58610,69270.0
147,-14,FGBX,FGBXU24,D1,2024-08-19,1724025600,136.04,137.22,135.76,136.16,13979,2,51869,59014.0
148,-13,FGBX,FGBXU24,D1,2024-08-20,1724112000,135.96,137.18,135.82,137.14,16020,0,60426,56968.0
149,-12,FGBX,FGBXU24,D1,2024-08-21,1724198400,137.18,137.54,136.48,137.18,17960,0,66349,59548.0
150,-11,FGBX,FGBXU24,D1,2024-08-22,1724284800,137.04,137.46,135.48,135.68,23971,0,88727,71834.0
151,-10,FGBX,FGBXU24,D1,2024-08-23,1724371200,135.94,136.3,135.32,135.82,20229,0,66712,73929.0
152,-9,FGBX,FGBXU24,D1,2024-08-26,1724630400,136.18,136.36,135.02,135.68,16582,0,57609,71016.0
153,-8,FGBX,FGBXU24,D1,2024-08-27,1724716800,135.76,135.76,133.84,134.54,22784,0,89287,71203.0
154,-7,FGBX,FGBXU24,D1,2024-08-28,1724803200,134.58,135.92,134.46,134.7,21499,0,77398,74765.0
155,-6,FGBX,FGBXU24,D1,2024-08-29,1724889600,134.8,135.94,134.14,134.34,26108,0,101008,89231.0
156,-5,FGBX,FGBXU24,D1,2024-08-30,1724976000,134.38,135.26,133.38,133.6,29046,0,113508,97305.0
157,-4,FGBX,FGBXU24,D1,2024-09-02,1725235200,133.58,133.66,132.56,132.9,14592,0,60346,91621.0
158,-3,FGBX,FGBXU24,D1,2024-09-03,1725321600,133.0,135.36,132.86,135.06,25380,0,88188,87347.0
159,-2,FGBX,FGBXU24,D1,2024-09-04,1725408000,135.1,136.62,135.1,136.32,19210,0,60066,69533.0
103,-66,FGBX,FGBXZ24,D1,2024-09-05,1725494400,136.56,136.86,135.88,136.78,28587,0,95828,64000.0
104,-65,FGBX,FGBXZ24,D1,2024-09-06,1725580800,136.74,138.1,135.96,136.08,34755,0,111363,86906.0
105,-64,FGBX,FGBXZ24,D1,2024-09-09,1725840000,135.88,137.3,135.02,137.24,25020,0,82062,96418.0
106,-63,FGBX,FGBXZ24,D1,2024-09-10,1725926400,137.28,138.04,136.44,137.64,33053,0,124026,105817.0
107,-62,FGBX,FGBXZ24,D1,2024-09-11,1726012800,137.68,138.94,137.3,138.22,32700,0,103608,103232.0
108,-61,FGBX,FGBXZ24,D1,2024-09-12,1726099200,138.06,138.76,137.0,137.32,29804,0,90320,105985.0
109,-60,FGBX,FGBXZ24,D1,2024-09-13,1726185600,137.8,138.28,136.92,137.3,20754,0,68585,87504.0
110,-59,FGBX,FGBXZ24,D1,2024-09-16,1726444800,137.24,138.22,136.98,138.04,17886,0,59649,72851.0
111,-58,FGBX,FGBXZ24,D1,2024-09-17,1726531200,138.12,139.02,137.72,137.88,24445,0,83298,70511.0
112,-57,FGBX,FGBXZ24,D1,2024-09-18,1726617600,137.8,138.08,135.76,135.98,29577,0,105473,82807.0
113,-56,FGBX,FGBXZ24,D1,2024-09-19,1726704000,135.62,136.08,134.84,135.4,31346,0,107696,98822.0
114,-55,FGBX,FGBXZ24,D1,2024-09-20,1726790400,135.52,136.26,134.66,135.24,25137,0,91427,101532.0
115,-54,FGBX,FGBXZ24,D1,2024-09-23,1727049600,134.92,136.16,134.66,135.98,30179,0,106061,101728.0
116,-53,FGBX,FGBXZ24,D1,2024-09-24,1727136000,135.92,136.24,134.24,136.02,30468,0,111001,102830.0
117,-52,FGBX,FGBXZ24,D1,2024-09-25,1727222400,135.9,136.52,134.9,135.24,25339,0,92597,103220.0
118,-51,FGBX,FGBXZ24,D1,2024-09-26,1727308800,135.1,136.56,134.96,135.62,31666,0,110992,104863.0
119,-50,FGBX,FGBXZ24,D1,2024-09-27,1727395200,135.74,137.3,135.24,136.26,31702,0,113569,105719.0
120,-49,FGBX,FGBXZ24,D1,2024-09-30,1727654400,136.14,136.94,135.08,136.14,37051,0,135589,120050.0
121,-48,FGBX,FGBXZ24,D1,2024-10-01,1727740800,136.46,139.9,136.26,138.76,39809,0,142526,130561.0
122,-47,FGBX,FGBXZ24,D1,2024-10-02,1727827200,138.82,139.06,136.7,137.16,27528,0,103372,127162.0
123,-46,FGBX,FGBXZ24,D1,2024-10-03,1727913600,137.0,137.3,135.24,135.58,31694,0,115003,120300.0
124,-45,FGBX,FGBXZ24,D1,2024-10-04,1728000000,135.64,135.74,134.02,135.18,32557,0,118205,112193.0
125,-44,FGBX,FGBXZ24,D1,2024-10-07,1728259200,135.06,135.52,133.96,134.34,29746,0,105677,112962.0
126,-43,FGBX,FGBXZ24,D1,2024-10-08,1728345600,134.42,134.82,133.54,134.04,25338,0,96202,106695.0
127,-42,FGBX,FGBXZ24,D1,2024-10-09,1728432000,134.28,134.66,133.32,133.52,22113,0,76078,92652.0
128,-41,FGBX,FGBXZ24,D1,2024-10-10,1728518400,133.52,134.16,133.0,134.0,34361,0,116789,96356.0
129,-40,FGBX,FGBXZ24,D1,2024-10-11,1728604800,134.1,134.26,132.62,133.58,23112,0,81705,91524.0
130,-39,FGBX,FGBXZ24,D1,2024-10-14,1728864000,133.12,133.94,132.84,133.6,14850,0,53215,83903.0
131,-38,FGBX,FGBXZ24,D1,2024-10-15,1728950400,133.66,134.82,133.64,134.6,24847,0,92247,75722.0
132,-37,FGBX,FGBXZ24,D1,2024-10-16,1729036800,134.54,136.0,134.46,135.46,23151,0,96565,80676.0
133,-36,FGBX,FGBXZ24,D1,2024-10-17,1729123200,135.34,135.36,134.1,134.6,28143,0,105871,98228.0
134,-35,FGBX,FGBXZ24,D1,2024-10-18,1729209600,134.62,135.2,133.66,134.94,21153,0,80938,94458.0
135,-34,FGBX,FGBXZ24,D1,2024-10-21,1729468800,134.56,134.94,132.14,132.14,29816,0,115684,100831.0
136,-33,FGBX,FGBXZ24,D1,2024-10-22,1729555200,132.06,132.28,131.12,131.68,32322,0,123684,106769.0
137,-32,FGBX,FGBXZ24,D1,2024-10-23,1729641600,131.52,131.62,130.54,131.2,27923,0,106114,115161.0
138,-31,FGBX,FGBXZ24,D1,2024-10-24,1729728000,131.04,133.36,130.96,132.76,34248,0,121634,117144.0
139,-30,FGBX,FGBXZ24,D1,2024-10-25,1729814400,132.84,133.48,131.74,131.88,23928,0,89487,105745.0
140,-29,FGBX,FGBXZ24,D1,2024-10-28,1730073600,131.46,133.16,130.78,132.42,24205,0,86589,99237.0
141,-28,FGBX,FGBXZ24,D1,2024-10-29,1730160000,132.7,132.84,131.1,132.38,26827,0,100417,92164.0
142,-27,FGBX,FGBXZ24,D1,2024-10-30,1730246400,132.48,133.1,130.7,130.72,42939,0,155701,114236.0
143,-26,FGBX,FGBXZ24,D1,2024-10-31,1730332800,130.8,132.54,130.32,132.06,50263,0,189724,148614.0
144,-25,FGBX,FGBXZ24,D1,2024-11-01,1730419200,132.08,132.62,130.86,130.98,38102,0,134168,159864.0
145,-24,FGBX,FGBXZ24,D1,2024-11-04,1730678400,131.86,132.88,130.94,132.48,28677,0,104934,142942.0
146,-23,FGBX,FGBXZ24,D1,2024-11-05,1730764800,132.8,133.6,131.3,133.32,27234,0,103573,114225.0
147,-22,FGBX,FGBXZ24,D1,2024-11-06,1730851200,133.44,133.66,129.72,130.82,59104,0,183151,130553.0
148,-21,FGBX,FGBXZ24,D1,2024-11-07,1730937600,130.62,131.02,128.1,130.06,44559,0,168382,151702.0
149,-20,FGBX,FGBXZ24,D1,2024-11-08,1731024000,130.02,132.58,129.6,132.56,33002,0,119144,156892.0
150,-19,FGBX,FGBXZ24,D1,2024-11-11,1731283200,132.26,133.9,131.68,133.34,24530,0,84456,123994.0
151,-18,FGBX,FGBXZ24,D1,2024-11-12,1731369600,133.44,134.42,132.28,132.46,29690,0,107213,103604.0
152,-17,FGBX,FGBXZ24,D1,2024-11-13,1731456000,132.36,133.68,131.6,131.78,36162,0,121953,104541.0
153,-16,FGBX,FGBXZ24,D1,2024-11-14,1731542400,131.6,133.48,131.22,133.12,34303,0,111440,113535.0
154,-15,FGBX,FGBXZ24,D1,2024-11-15,1731628800,133.1,133.82,132.42,133.36,33296,0,101417,111603.0
155,-14,FGBX,FGBXZ24,D1,2024-11-18,1731888000,133.28,133.56,131.94,133.22,27414,0,86313,99723.0
156,-13,FGBX,FGBXZ24,D1,2024-11-19,1731974400,133.3,135.48,133.3,133.48,38796,0,124116,103949.0
157,-12,FGBX,FGBXZ24,D1,2024-11-20,1732060800,133.56,133.8,132.38,133.24,28682,0,100944,103791.0
158,-11,FGBX,FGBXZ24,D1,2024-11-21,1732147200,133.18,134.54,132.88,133.52,34167,0,106316,110459.0
159,-10,FGBX,FGBXZ24,D1,2024-11-22,1732233600,133.64,135.36,133.06,134.72,38714,0,121354,109538.0
160,-9,FGBX,FGBXZ24,D1,2024-11-25,1732492800,135.4,136.86,134.94,136.72,35169,0,110891,112854.0
161,-8,FGBX,FGBXZ24,D1,2024-11-26,1732579200,136.48,137.74,136.06,137.58,30671,0,101108,111118.0
162,-7,FGBX,FGBXZ24,D1,2024-11-27,1732665600,137.4,139.14,137.16,138.36,41527,0,135724,115908.0
163,-6,FGBX,FGBXZ24,D1,2024-11-28,1732752000,138.26,139.36,138.04,139.14,22810,2,72929,103254.0
164,-5,FGBX,FGBXZ24,D1,2024-11-29,1732838400,139.22,140.22,139.02,140.1,30296,0,110272,106308.0
165,-4,FGBX,FGBXZ24,D1,2024-12-02,1733097600,140.06,141.64,139.8,141.4,37268,0,113407,98869.0
166,-3,FGBX,FGBXZ24,D1,2024-12-03,1733184000,141.34,141.86,140.4,140.86,25637,0,84444,102708.0
167,-2,FGBX,FGBXZ24,D1,2024-12-04,1733270400,140.9,141.52,140.06,141.38,24583,0,74097,90649.0
120,-60,FGBX,FGBXH25,D1,2024-12-05,1733356800,141.32,141.62,140.1,140.72,430,0,110805,66690.0
121,-59,FGBX,FGBXH25,D1,2024-12-06,1733443200,140.72,141.44,139.9,140.32,399,0,91475,83412.0
122,-58,FGBX,FGBXH25,D1,2024-12-09,1733702400,140.4,141.0,139.14,139.2,363,0,72093,91458.0
123,-57,FGBX,FGBXH25,D1,2024-12-10,1733788800,139.18,139.7,138.4,138.92,333,0,88492,84020.0
124,-56,FGBX,FGBXH25,D1,2024-12-11,1733875200,138.96,139.4,138.04,138.12,330,0,104039,88208.0
125,-55,FGBX,FGBXH25,D1,2024-12-12,1733961600,138.12,138.16,135.86,135.94,297,0,119990,104174.0
126,-54,FGBX,FGBXH25,D1,2024-12-13,1734048000,136.06,136.52,135.04,135.14,263,0,91245,105091.0
127,-53,FGBX,FGBXH25,D1,2024-12-16,1734307200,135.26,135.88,135.2,135.6,418,0,70775,94003.0
128,-52,FGBX,FGBXH25,D1,2024-12-17,1734393600,135.54,136.36,135.06,136.04,346,0,84642,82221.0
129,-51,FGBX,FGBXH25,D1,2024-12-18,1734480000,136.08,136.26,134.86,135.02,214,0,77507,77641.0
130,-50,FGBX,FGBXH25,D1,2024-12-19,1734566400,134.94,134.98,133.48,133.86,258,0,109060,90403.0
131,-49,FGBX,FGBXH25,D1,2024-12-20,1734652800,134.0,134.44,133.26,134.02,311,0,58569,81712.0
132,-48,FGBX,FGBXH25,D1,2024-12-23,1734912000,134.0,134.18,132.94,133.04,323,0,46758,71462.0
133,-47,FGBX,FGBXH25,D1,2024-12-27,1735257600,133.0,133.38,131.0,131.04,392,0,68307,57878.0
134,-46,FGBX,FGBXH25,D1,2024-12-30,1735516800,131.0,132.78,130.78,132.22,565,0,71562,62209.0
135,-45,FGBX,FGBXH25,D1,2025-01-02,1735776000,131.72,133.14,131.3,131.8,442,0,95397,78422.0
136,-44,FGBX,FGBXH25,D1,2025-01-03,1735862400,131.98,132.32,130.3,130.38,418,0,77248,81402.0
137,-43,FGBX,FGBXH25,D1,2025-01-06,1736121600,130.12,130.52,129.68,130.18,446,0,109039,93895.0
138,-42,FGBX,FGBXH25,D1,2025-01-07,1736208000,130.0,130.4,128.62,128.68,273,0,119022,101770.0
139,-41,FGBX,FGBXH25,D1,2025-01-08,1736294400,128.68,129.04,126.82,127.46,194,0,134546,120869.0
140,-40,FGBX,FGBXH25,D1,2025-01-09,1736380800,127.34,127.82,126.94,127.04,261,0,127178,126915.0
141,-39,FGBX,FGBXH25,D1,2025-01-10,1736467200,127.06,127.14,125.88,126.66,325,0,129671,130465.0
142,-38,FGBX,FGBXH25,D1,2025-01-13,1736726400,126.48,126.8,126.1,126.44,388,0,118681,125177.0
143,-37,FGBX,FGBXH25,D1,2025-01-14,1736812800,126.74,126.82,124.84,125.06,267,0,140519,129624.0
144,-36,FGBX,FGBXH25,D1,2025-01-15,1736899200,125.1,127.64,125.08,127.3,256,0,153662,137621.0
145,-35,FGBX,FGBXH25,D1,2025-01-16,1736985600,127.26,127.52,125.92,127.14,331,0,158987,151056.0
146,-34,FGBX,FGBXH25,D1,2025-01-17,1737072000,126.96,128.34,126.96,127.8,352,0,105585,139411.0
147,-33,FGBX,FGBXH25,D1,2025-01-20,1737331200,127.5,128.14,127.22,127.82,246,0,72424,112332.0
148,-32,FGBX,FGBXH25,D1,2025-01-21,1737417600,128.28,128.74,127.88,128.48,435,0,102165,93391.0
149,-31,FGBX,FGBXH25,D1,2025-01-22,1737504000,128.16,129.06,127.72,127.88,494,0,115298,96629.0
150,-30,FGBX,FGBXH25,D1,2025-01-23,1737590400,127.86,128.22,126.84,127.28,297,0,106927,108130.0
151,-29,FGBX,FGBXH25,D1,2025-01-24,1737676800,127.38,127.82,126.4,127.1,375,0,113922,112049.0
152,-28,FGBX,FGBXH25,D1,2025-01-27,1737936000,127.36,128.74,127.34,127.66,345,0,122032,114294.0
153,-27,FGBX,FGBXH25,D1,2025-01-28,1738022400,127.5,127.76,127.02,127.38,418,0,90740,108898.0
154,-26,FGBX,FGBXH25,D1,2025-01-29,1738108800,127.42,127.96,126.04,126.44,296,0,99753,104175.0
155,-25,FGBX,FGBXH25,D1,2025-01-30,1738195200,126.64,128.32,126.48,127.78,468,0,112024,100839.0
156,-24,FGBX,FGBXH25,D1,2025-01-31,1738281600,127.74,129.1,127.18,128.38,370,0,158622,123466.0
157,-23,FGBX,FGBXH25,D1,2025-02-03,1738540800,128.72,131.72,128.6,130.48,43313,0,151601,140749.0
158,-22,FGBX,FGBXH25,D1,2025-02-04,1738627200,130.3,131.18,129.62,131.1,31779,0,116897,142373.0
159,-21,FGBX,FGBXH25,D1,2025-02-05,1738713600,130.88,132.52,130.88,132.08,31546,0,126785,131761.0
160,-20,FGBX,FGBXH25,D1,2025-02-06,1738800000,132.1,132.26,130.98,131.82,32393,0,135525,126402.0
161,-19,FGBX,FGBXH25,D1,2025-02-07,1738886400,131.98,132.4,130.6,131.4,28559,0,115372,125894.0
162,-18,FGBX,FGBXH25,D1,2025-02-10,1739145600,131.26,131.86,130.76,131.32,22156,0,86369,112422.0
163,-17,FGBX,FGBXH25,D1,2025-02-11,1739232000,131.5,131.56,129.32,129.38,31256,0,146346,116029.0
164,-16,FGBX,FGBXH25,D1,2025-02-12,1739318400,129.36,129.5,128.16,128.54,42233,0,185254,139323.0
165,-15,FGBX,FGBXH25,D1,2025-02-13,1739404800,128.6,130.4,128.34,130.18,34371,0,140034,157211.0
166,-14,FGBX,FGBXH25,D1,2025-02-14,1739491200,130.12,130.44,129.44,129.62,30239,0,121134,148807.0
167,-13,FGBX,FGBXH25,D1,2025-02-17,1739750400,129.56,129.58,127.62,128.02,23866,0,104381,121850.0
168,-12,FGBX,FGBXH25,D1,2025-02-18,1739836800,128.02,128.2,127.08,127.6,25756,0,106469,110661.0
169,-11,FGBX,FGBXH25,D1,2025-02-19,1739923200,127.5,127.74,126.18,126.62,29758,0,135871,115574.0
170,-10,FGBX,FGBXH25,D1,2025-02-20,1740009600,126.64,127.04,126.1,126.84,23885,0,97027,113122.0
171,-9,FGBX,FGBXH25,D1,2025-02-21,1740096000,126.76,129.1,126.76,128.98,29082,0,118476,117125.0
172,-8,FGBX,FGBXH25,D1,2025-02-24,1740355200,128.32,129.08,126.82,127.02,32733,0,134666,116723.0
173,-7,FGBX,FGBXH25,D1,2025-02-25,1740441600,126.96,128.92,126.94,128.64,37023,0,164304,139149.0
174,-6,FGBX,FGBXH25,D1,2025-02-26,1740528000,128.7,129.8,128.12,129.7,27717,0,114459,137810.0
175,-5,FGBX,FGBXH25,D1,2025-02-27,1740614400,129.52,129.78,128.32,129.14,28172,0,113921,130895.0
176,-4,FGBX,FGBXH25,D1,2025-02-28,1740700800,129.22,130.4,129.06,129.66,36363,0,158519,128966.0
177,-3,FGBX,FGBXH25,D1,2025-03-03,1740960000,128.4,128.84,125.94,127.3,37642,0,158625,143688.0
178,-2,FGBX,FGBXH25,D1,2025-03-04,1741046400,127.5,128.26,122.08,122.56,44969,0,167745,161630.0
120,-64,FGBX,FGBXM25,D1,2025-03-05,1741132800,121.3,122.28,119.24,119.54,87794,0,345672,181281.0
121,-63,FGBX,FGBXM25,D1,2025-03-06,1741219200,119.0,120.08,117.3,119.64,77048,0,276583,250576.0
122,-62,FGBX,FGBXM25,D1,2025-03-07,1741305600,119.54,120.46,117.94,118.26,47311,0,178368,266874.0
123,-61,FGBX,FGBXM25,D1,2025-03-10,1741564800,118.78,120.04,117.9,118.54,37520,0,131871,195607.0
124,-60,FGBX,FGBXM25,D1,2025-03-11,1741651200,118.98,119.7,115.78,116.12,38091,0,141491,150577.0
125,-59,FGBX,FGBXM25,D1,2025-03-12,1741737600,116.3,117.5,116.12,117.14,33043,0,122256,131873.0
126,-58,FGBX,FGBXM25,D1,2025-03-13,1741824000,117.32,117.88,116.14,117.4,31615,0,127616,130454.0
127,-57,FGBX,FGBXM25,D1,2025-03-14,1741910400,117.4,117.44,115.32,116.5,31750,0,130758,126877.0
128,-56,FGBX,FGBXM25,D1,2025-03-17,1742169600,116.78,119.0,116.26,118.22,28144,0,116939,125104.0
129,-55,FGBX,FGBXM25,D1,2025-03-18,1742256000,118.36,118.64,117.38,118.42,22684,0,100094,115930.0
130,-54,FGBX,FGBXM25,D1,2025-03-19,1742342400,118.46,119.92,118.16,119.74,25816,0,118270,111768.0
131,-53,FGBX,FGBXM25,D1,2025-03-20,1742428800,120.0,120.24,118.78,118.92,24575,0,103108,107157.0
132,-52,FGBX,FGBXM25,D1,2025-03-21,1742515200,118.98,119.56,118.7,119.08,21438,0,90666,104015.0
133,-51,FGBX,FGBXM25,D1,2025-03-24,1742774400,118.76,119.18,118.06,118.42,21290,0,89934,94569.0
134,-50,FGBX,FGBXM25,D1,2025-03-25,1742860800,118.36,118.48,117.34,118.12,19217,0,83235,87945.0
135,-49,FGBX,FGBXM25,D1,2025-03-26,1742947200,117.96,118.6,117.54,118.28,24382,0,103835,92335.0
136,-48,FGBX,FGBXM25,D1,2025-03-27,1743033600,118.56,118.76,117.68,118.22,25537,0,101359,96143.0
137,-47,FGBX,FGBXM25,D1,2025-03-28,1743120000,118.38,119.76,118.36,118.9,26071,0,108091,104428.0
138,-46,FGBX,FGBXM25,D1,2025-03-31,1743379200,119.42,120.54,118.72,119.06,32213,0,132352,113934.0
139,-45,FGBX,FGBXM25,D1,2025-04-01,1743465600,119.24,121.26,118.98,120.7,24557,0,105971,115471.0
140,-44,FGBX,FGBXM25,D1,2025-04-02,1743552000,120.52,121.0,119.18,119.68,25369,0,116081,118135.0
141,-43,FGBX,FGBXM25,D1,2025-04-03,1743638400,121.3,121.6,120.08,120.16,45414,0,177022,133025.0
142,-42,FGBX,FGBXM25,D1,2025-04-04,1743724800,120.36,124.58,120.3,121.74,69906,0,249396,180833.0
143,-41,FGBX,FGBXM25,D1,2025-04-07,1743984000,124.4,125.04,118.8,120.74,70633,0,207063,211160.0
144,-40,FGBX,FGBXM25,D1,2025-04-08,1744070400,120.54,122.04,119.48,120.98,47522,0,166724,207728.0
145,-39,FGBX,FGBXM25,D1,2025-04-09,1744156800,120.04,122.9,117.84,119.88,80373,0,219424,197737.0
146,-38,FGBX,FGBXM25,D1,2025-04-10,1744243200,120.26,122.94,119.0,122.14,49250,0,156801,180983.0
147,-37,FGBX,FGBXM25,D1,2025-04-11,1744329600,121.44,125.16,120.94,123.88,48291,0,170129,182118.0
148,-36,FGBX,FGBXM25,D1,2025-04-14,1744588800,123.82,125.16,123.48,124.94,27882,0,103061,143330.0
149,-35,FGBX,FGBXM25,D1,2025-04-15,1744675200,124.88,125.46,122.8,123.46,29045,0,109379,127523.0
150,-34,FGBX,FGBXM25,D1,2025-04-16,1744761600,123.6,124.92,123.18,123.54,31880,0,134147,115529.0
151,-33,FGBX,FGBXM25,D1,2025-04-17,1744848000,123.66,124.28,122.58,123.74,26263,0,90512,111346.0
152,-32,FGBX,FGBXM25,D1,2025-04-22,1745280000,123.6,125.14,123.3,124.82,23242,0,87230,103963.0
153,-31,FGBX,FGBXM25,D1,2025-04-23,1745366400,125.04,125.2,123.12,123.44,32256,0,119979,99240.0
154,-30,FGBX,FGBXM25,D1,2025-04-24,1745452800,123.6,124.64,123.5,124.54,21976,0,86080,97763.0
155,-29,FGBX,FGBXM25,D1,2025-04-25,1745539200,124.48,124.48,123.88,124.1,16520,0,71891,92650.0
156,-28,FGBX,FGBXM25,D1,2025-04-28,1745798400,124.28,124.44,122.44,122.84,19588,0,85948,81306.0
157,-27,FGBX,FGBXM25,D1,2025-04-29,1745884800,123.02,123.56,122.7,123.3,25547,0,123702,93847.0
158,-26,FGBX,FGBXM25,D1,2025-04-30,1745971200,123.44,124.54,123.22,124.32,27010,0,137746,115799.0
159,-25,FGBX,FGBXM25,D1,2025-05-02,1746144000,124.0,124.04,121.92,122.1,24968,0,104103,121850.0
160,-24,FGBX,FGBXM25,D1,2025-05-05,1746403200,122.16,122.68,121.5,121.82,16689,0,67609,103153.0
161,-23,FGBX,FGBXM25,D1,2025-05-06,1746489600,121.68,121.96,120.82,121.6,28061,0,137653,103122.0
162,-22,FGBX,FGBXM25,D1,2025-05-07,1746576000,121.62,123.54,121.24,123.24,21802,0,107958,104407.0
163,-21,FGBX,FGBXM25,D1,2025-05-08,1746662400,123.38,123.46,121.42,121.54,18475,0,81237,108949.0
164,-20,FGBX,FGBXM25,D1,2025-05-09,1746748800,121.5,121.58,120.36,121.04,17599,0,80377,89857.0
165,-19,FGBX,FGBXM25,D1,2025-05-12,1747008000,120.8,120.8,119.12,119.2,26922,0,121481,94365.0
166,-18,FGBX,FGBXM25,D1,2025-05-13,1747094400,119.08,119.34,118.3,118.38,26887,0,137124,112994.0
167,-17,FGBX,FGBXM25,D1,2025-05-14,1747180800,118.36,118.98,117.74,117.88,21726,0,117197,125267.0
168,-16,FGBX,FGBXM25,D1,2025-05-15,1747267200,117.82,120.02,117.74,119.92,22373,0,109438,121253.0
169,-15,FGBX,FGBXM25,D1,2025-05-16,1747353600,120.02,121.38,119.98,120.4,18854,0,92942,106526.0
170,-14,FGBX,FGBXM25,D1,2025-05-19,1747612800,120.22,120.98,118.68,120.92,23479,0,103776,102052.0
171,-13,FGBX,FGBXM25,D1,2025-05-20,1747699200,121.14,121.26,118.56,119.3,29570,0,145709,114142.0
172,-12,FGBX,FGBXM25,D1,2025-05-21,1747785600,119.3,119.36,117.54,117.54,27809,0,126302,125262.0
173,-11,FGBX,FGBXM25,D1,2025-05-22,1747872000,117.54,118.18,117.16,118.18,29294,0,136522,136178.0
174,-10,FGBX,FGBXM25,D1,2025-05-23,1747958400,118.3,120.06,117.82,119.36,24854,0,108938,123921.0
175,-9,FGBX,FGBXM25,D1,2025-05-26,1748217600,118.78,120.12,118.44,119.94,13068,0,55892,100451.0
176,-8,FGBX,FGBXM25,D1,2025-05-27,1748304000,119.96,121.52,119.9,121.38,28014,0,123886,96239.0
177,-7,FGBX,FGBXM25,D1,2025-05-28,1748390400,121.18,121.38,120.56,121.1,21166,0,101626,93801.0
178,-6,FGBX,FGBXM25,D1,2025-05-29,1748476800,120.8,121.86,119.66,121.74,24091,0,95476,106996.0
179,-5,FGBX,FGBXM25,D1,2025-05-30,1748563200,121.66,122.08,120.82,121.84,29322,0,133693,110265.0
180,-4,FGBX,FGBXM25,D1,2025-06-02,1748822400,121.56,121.58,120.36,121.42,21680,0,101940,110370.0
181,-3,FGBX,FGBXM25,D1,2025-06-03,1748908800,121.38,122.28,120.94,121.34,19021,0,90077,108570.0
182,-2,FGBX,FGBXM25,D1,2025-06-04,1748995200,121.56,122.1,120.62,121.82,14623,0,59752,83923.0
106,-67,FGBX,FGBXU25,D1,2025-06-05,1749081600,121.04,122.36,119.7,119.86,39132,0,165652,86423.0
107,-66,FGBX,FGBXU25,D1,2025-06-06,1749168000,120.06,121.4,119.96,120.36,25911,0,114152,112826.0
108,-65,FGBX,FGBXU25,D1,2025-06-09,1749427200,120.26,121.92,119.64,120.58,23167,0,93838,124547.0
109,-64,FGBX,FGBXU25,D1,2025-06-10,1749513600,120.74,121.82,120.48,121.66,21337,0,90058,99349.0
110,-63,FGBX,FGBXU25,D1,2025-06-11,1749600000,121.66,121.82,120.22,120.78,24812,0,108069,97322.0
111,-62,FGBX,FGBXU25,D1,2025-06-12,1749686400,120.7,122.56,120.5,122.34,29025,0,129719,109282.0
112,-61,FGBX,FGBXU25,D1,2025-06-13,1749772800,122.62,123.88,120.78,121.08,26605,0,92325,110038.0
113,-60,FGBX,FGBXU25,D1,2025-06-16,1750032000,120.84,121.62,119.66,120.42,23273,0,93798,105281.0
114,-59,FGBX,FGBXU25,D1,2025-06-17,1750118400,120.88,121.98,120.12,121.48,22323,0,90005,92043.0
115,-58,FGBX,FGBXU25,D1,2025-06-18,1750204800,121.52,122.42,120.48,121.82,25539,0,115894,99899.0
116,-57,FGBX,FGBXU25,D1,2025-06-19,1750291200,121.84,122.16,121.02,121.88,15445,0,59737,88545.0
117,-56,FGBX,FGBXU25,D1,2025-06-20,1750377600,121.88,122.64,120.88,121.3,20954,0,72764,82798.0
118,-55,FGBX,FGBXU25,D1,2025-06-23,1750636800,121.1,122.26,120.32,121.24,23552,0,87211,73237.0
119,-54,FGBX,FGBXU25,D1,2025-06-24,1750723200,121.02,121.82,119.32,120.12,33434,0,141437,100471.0
120,-53,FGBX,FGBXU25,D1,2025-06-25,1750809600,120.12,121.26,119.2,119.78,24544,0,100861,109836.0
121,-52,FGBX,FGBXU25,D1,2025-06-26,1750896000,119.88,120.4,118.62,119.44,20395,0,87346,109881.0
122,-51,FGBX,FGBXU25,D1,2025-06-27,1750982400,119.48,119.66,118.42,118.94,23362,0,101115,96441.0
123,-50,FGBX,FGBXU25,D1,2025-06-30,1751241600,118.86,119.74,118.24,118.84,21179,0,90641,93034.0
124,-49,FGBX,FGBXU25,D1,2025-07-01,1751328000,118.74,120.28,118.72,119.78,23525,0,101736,97831.0
125,-48,FGBX,FGBXU25,D1,2025-07-02,1751414400,119.86,119.86,118.0,118.38,27614,0,117972,103450.0
126,-47,FGBX,FGBXU25,D1,2025-07-03,1751500800,118.56,119.66,118.44,119.28,25377,0,109524,109744.0
127,-46,FGBX,FGBXU25,D1,2025-07-04,1751587200,119.22,120.3,119.18,119.36,13708,0,54698,94065.0
128,-45,FGBX,FGBXU25,D1,2025-07-07,1751846400,119.42,119.7,118.3,118.6,19315,0,83820,82681.0
129,-44,FGBX,FGBXU25,D1,2025-07-08,1751932800,118.64,118.64,116.78,117.46,23590,0,117130,85216.0
130,-43,FGBX,FGBXU25,D1,2025-07-09,1752019200,117.42,118.02,117.1,117.96,19577,0,91636,97529.0
131,-42,FGBX,FGBXU25,D1,2025-07-10,1752105600,118.06,118.22,116.38,116.84,23279,0,110631,106466.0
132,-41,FGBX,FGBXU25,D1,2025-07-11,1752192000,116.74,117.2,115.66,115.82,19402,0,86624,96297.0
133,-40,FGBX,FGBXU25,D1,2025-07-14,1752451200,116.14,116.14,115.2,115.76,18254,0,85811,94355.0
134,-39,FGBX,FGBXU25,D1,2025-07-15,1752537600,115.8,116.98,115.5,116.06,20535,0,90218,87551.0
135,-38,FGBX,FGBXU25,D1,2025-07-16,1752624000,115.98,116.66,115.54,116.26,23580,0,109971,95333.0
136,-37,FGBX,FGBXU25,D1,2025-07-17,1752710400,116.18,116.9,115.44,116.42,19100,0,82400,94196.0
137,-36,FGBX,FGBXU25,D1,2025-07-18,1752796800,116.62,116.9,115.68,116.24,14525,0,59162,83844.0
138,-35,FGBX,FGBXU25,D1,2025-07-21,1753056000,116.34,118.2,116.2,117.94,19722,0,89074,76879.0
139,-34,FGBX,FGBXU25,D1,2025-07-22,1753142400,117.76,118.7,117.42,118.2,17220,0,79077,75771.0
140,-33,FGBX,FGBXU25,D1,2025-07-23,1753228800,118.16,118.24,116.52,116.78,20527,0,89755,85969.0
141,-32,FGBX,FGBXU25,D1,2025-07-24,1753315200,117.06,117.12,116.02,116.62,24458,0,102086,90306.0
142,-31,FGBX,FGBXU25,D1,2025-07-25,1753401600,116.86,116.96,115.22,116.8,23611,0,100518,97453.0
143,-30,FGBX,FGBXU25,D1,2025-07-28,1753660800,116.34,117.22,115.9,116.72,20327,0,78182,93595.0
144,-29,FGBX,FGBXU25,D1,2025-07-29,1753747200,116.68,117.32,116.18,117.24,17517,0,72014,83571.0
145,-28,FGBX,FGBXU25,D1,2025-07-30,1753833600,117.06,117.5,116.24,116.6,21071,0,85485,78560.0
146,-27,FGBX,FGBXU25,D1,2025-07-31,1753920000,116.66,117.58,116.64,117.04,24675,0,112670,90056.0
147,-26,FGBX,FGBXU25,D1,2025-08-01,1754006400,116.84,117.92,115.84,117.16,32423,0,136521,111559.0
148,-25,FGBX,FGBXU25,D1,2025-08-04,1754265600,117.18,118.42,115.84,118.38,20576,0,91016,113402.0
149,-24,FGBX,FGBXU25,D1,2025-08-05,1754352000,118.48,118.98,117.5,118.36,18773,0,78912,102150.0
150,-23,FGBX,FGBXU25,D1,2025-08-06,1754438400,118.2,118.38,116.46,117.38,15919,0,70505,80144.0
151,-22,FGBX,FGBXU25,D1,2025-08-07,1754524800,117.38,118.26,116.98,117.88,21514,0,94317,81245.0
152,-21,FGBX,FGBXU25,D1,2025-08-08,1754611200,117.92,117.96,116.36,116.46,14496,0,63342,76055.0
153,-20,FGBX,FGBXU25,D1,2025-08-11,1754870400,116.48,117.38,116.02,116.14,12223,0,52789,70149.0
154,-19,FGBX,FGBXU25,D1,2025-08-12,1754956800,116.0,116.34,114.2,114.66,20829,0,96565,70899.0
155,-18,FGBX,FGBXU25,D1,2025-08-13,1755043200,114.5,116.22,114.4,116.06,16900,0,84459,77938.0
156,-17,FGBX,FGBXU25,D1,2025-08-14,1755129600,116.1,116.78,115.1,115.24,17039,0,77470,86165.0
157,-16,FGBX,FGBXU25,D1,2025-08-15,1755216000,115.28,115.5,113.22,113.36,19233,0,86816,82915.0
158,-15,FGBX,FGBXU25,D1,2025-08-18,1755475200,113.56,114.64,113.28,113.66,18704,0,91074,85120.0
159,-14,FGBX,FGBXU25,D1,2025-08-19,1755561600,113.76,114.08,113.02,113.7,16202,0,83196,87029.0
160,-13,FGBX,FGBXU25,D1,2025-08-20,1755648000,113.72,114.74,113.34,114.56,19315,0,90166,88145.0
161,-12,FGBX,FGBXU25,D1,2025-08-21,1755734400,114.42,114.88,113.7,114.04,19267,0,87927,87096.0
162,-11,FGBX,FGBXU25,D1,2025-08-22,1755820800,114.1,114.92,113.66,114.12,20973,0,88172,88755.0
163,-10,FGBX,FGBXU25,D1,2025-08-25,1756080000,114.04,114.08,113.1,113.84,14937,0,68782,81627.0
164,-9,FGBX,FGBXU25,D1,2025-08-26,1756166400,113.9,114.38,113.4,114.16,22027,0,93467,83474.0
165,-8,FGBX,FGBXU25,D1,2025-08-27,1756252800,114.0,114.98,113.62,114.34,24709,0,110523,90924.0
166,-7,FGBX,FGBXU25,D1,2025-08-28,1756339200,114.34,114.9,113.7,114.46,21447,0,92614,98868.0
167,-6,FGBX,FGBXU25,D1,2025-08-29,1756425600,114.46,114.66,113.52,113.72,22796,0,113533,105557.0
168,-5,FGBX,FGBXU25,D1,2025-09-01,1756684800,113.56,113.66,112.72,113.18,16880,0,74018,93388.0
169,-4,FGBX,FGBXU25,D1,2025-09-02,1756771200,113.16,113.24,111.88,112.2,21833,0,106884,98145.0
170,-3,FGBX,FGBXU25,D1,2025-09-03,1756857600,112.12,113.4,111.48,113.26,16612,0,70019,83640.0
171,-2,FGBX,FGBXU25,D1,2025-09-04,1756944000,113.3,114.4,113.26,113.84,14719,0,63853,80252.0
122,-66,FGBX,FGBXZ25,D1,2025-09-05,1757030400,113.42,114.5,113.08,114.34,583,0,121408,85543.0
123,-65,FGBX,FGBXZ25,D1,2025-09-08,1757289600,114.2,115.0,113.96,114.74,362,0,103409,105954.0
124,-64,FGBX,FGBXZ25,D1,2025-09-09,1757376000,114.7,114.8,114.08,114.6,509,0,124187,116335.0
125,-63,FGBX,FGBXZ25,D1,2025-09-10,1757462400,114.44,115.16,114.04,114.84,311,0,81559,103052.0
126,-62,FGBX,FGBXZ25,D1,2025-09-11,1757548800,114.66,115.64,114.04,115.4,587,0,132410,112719.0
127,-61,FGBX,FGBXZ25,D1,2025-09-12,1757635200,115.36,115.46,114.08,114.38,378,0,141471,118480.0
128,-60,FGBX,FGBXZ25,D1,2025-09-15,1757894400,114.08,115.16,114.02,114.68,474,0,87840,120574.0
129,-59,FGBX,FGBXZ25,D1,2025-09-16,1757980800,114.6,115.26,113.94,114.6,322,0,107773,112361.0
130,-58,FGBX,FGBXZ25,D1,2025-09-17,1758067200,114.74,115.92,114.62,115.24,139,0,142483,112699.0
131,-57,FGBX,FGBXZ25,D1,2025-09-18,1758153600,115.12,115.82,113.78,113.84,283,0,150647,133634.0
132,-56,FGBX,FGBXZ25,D1,2025-09-19,1758240000,113.84,113.92,113.18,113.2,587,0,93473,128868.0
133,-55,FGBX,FGBXZ25,D1,2025-09-22,1758499200,113.12,113.56,112.74,112.82,710,0,99445,114522.0
134,-54,FGBX,FGBXZ25,D1,2025-09-23,1758585600,112.9,113.32,112.8,113.14,599,0,127015,106644.0
135,-53,FGBX,FGBXZ25,D1,2025-09-24,1758672000,113.14,113.68,112.76,113.02,477,0,89424,105295.0
136,-52,FGBX,FGBXZ25,D1,2025-09-25,1758758400,113.2,113.86,112.88,113.28,403,0,134264,116901.0
137,-51,FGBX,FGBXZ25,D1,2025-09-26,1758844800,113.28,114.08,112.82,113.4,343,0,119290,114326.0
138,-50,FGBX,FGBXZ25,D1,2025-09-29,1759104000,113.54,114.84,113.52,114.7,498,0,97249,116934.0
139,-49,FGBX,FGBXZ25,D1,2025-09-30,1759190400,114.6,114.96,114.22,114.24,503,0,116171,110903.0
140,-48,FGBX,FGBXZ25,D1,2025-10-01,1759276800,114.1,114.56,113.36,114.18,434,0,144213,119211.0
141,-47,FGBX,FGBXZ25,D1,2025-10-02,1759363200,114.24,114.98,113.72,114.66,376,0,140812,133732.0
142,-46,FGBX,FGBXZ25,D1,2025-10-03,1759449600,114.72,115.12,114.56,114.72,466,0,89488,124838.0
143,-45,FGBX,FGBXZ25,D1,2025-10-06,1759708800,114.5,114.7,113.7,114.0,718,0,129989,120096.0
144,-44,FGBX,FGBXZ25,D1,2025-10-07,1759795200,114.06,114.34,113.36,114.1,654,0,109723,109733.0
145,-43,FGBX,FGBXZ25,D1,2025-10-08,1759881600,114.0,115.46,113.9,114.9,462,0,111121,116944.0
146,-42,FGBX,FGBXZ25,D1,2025-10-09,1759968000,115.18,115.26,114.5,114.56,433,0,82948,101264.0
147,-41,FGBX,FGBXZ25,D1,2025-10-10,1760054400,114.68,116.32,114.64,116.18,442,0,94472,96180.0
148,-40,FGBX,FGBXZ25,D1,2025-10-13,1760313600,115.82,116.38,115.42,116.18,609,0,80332,85917.0
149,-39,FGBX,FGBXZ25,D1,2025-10-14,1760400000,116.1,117.26,115.96,116.86,381,0,110109,94971.0
150,-38,FGBX,FGBXZ25,D1,2025-10-15,1760486400,116.74,118.02,116.66,117.54,410,0,118266,102902.0
151,-37,FGBX,FGBXZ25,D1,2025-10-16,1760572800,117.58,118.16,117.06,118.04,208,0,116057,114811.0
152,-36,FGBX,FGBXZ25,D1,2025-10-17,1760659200,118.22,118.56,116.86,117.32,449,0,116899,117074.0
153,-35,FGBX,FGBXZ25,D1,2025-10-20,1760918400,116.9,117.5,116.46,117.42,615,0,72091,101682.0
154,-34,FGBX,FGBXZ25,D1,2025-10-21,1761004800,117.5,118.24,117.32,118.0,481,0,85680,91557.0
155,-33,FGBX,FGBXZ25,D1,2025-10-22,1761091200,118.12,118.4,117.56,117.86,431,0,95414,84395.0
156,-32,FGBX,FGBXZ25,D1,2025-10-23,1761177600,118.0,118.02,117.06,117.06,489,0,71173,84089.0
157,-31,FGBX,FGBXZ25,D1,2025-10-24,1761264000,117.08,117.5,116.1,116.38,308,0,107315,91301.0
158,-30,FGBX,FGBXZ25,D1,2025-10-27,1761523200,116.14,116.86,115.74,116.8,13978,2,67333,81940.0
159,-29,FGBX,FGBXZ25,D1,2025-10-28,1761609600,116.9,117.1,116.56,116.82,12421,0,61056,78568.0
160,-28,FGBX,FGBXZ25,D1,2025-10-29,1761696000,116.7,116.9,116.26,116.34,13737,0,70023,66137.0
161,-27,FGBX,FGBXZ25,D1,2025-10-30,1761782400,116.34,116.88,116.08,116.64,19589,0,101111,77397.0
162,-26,FGBX,FGBXZ25,D1,2025-10-31,1761868800,116.64,116.74,115.74,116.2,26684,0,180101,117078.0
163,-25,FGBX,FGBXZ25,D1,2025-11-03,1762128000,116.06,116.32,115.28,115.52,18348,0,113182,131465.0
164,-24,FGBX,FGBXZ25,D1,2025-11-04,1762214400,115.44,116.04,115.44,115.74,16425,0,99068,130784.0
165,-23,FGBX,FGBXZ25,D1,2025-11-05,1762300800,115.86,116.2,115.0,115.18,19783,0,120931,111060.0
166,-22,FGBX,FGBXZ25,D1,2025-11-06,1762387200,115.14,115.76,115.04,115.42,18288,0,105044,108348.0
167,-21,FGBX,FGBXZ25,D1,2025-11-07,1762473600,115.42,115.42,114.58,115.04,20273,0,125004,116993.0
168,-20,FGBX,FGBXZ25,D1,2025-11-10,1762732800,114.88,115.38,114.36,115.1,14567,0,78523,102857.0
169,-19,FGBX,FGBXZ25,D1,2025-11-11,1762819200,115.0,115.66,114.9,115.54,14925,0,83502,95676.0
170,-18,FGBX,FGBXZ25,D1,2025-11-12,1762905600,115.44,116.02,114.82,115.94,20168,0,122986,95004.0
171,-17,FGBX,FGBXZ25,D1,2025-11-13,1762992000,115.96,116.1,114.54,114.56,22343,0,121864,109451.0
172,-16,FGBX,FGBXZ25,D1,2025-11-14,1763078400,114.5,114.8,113.76,113.88,24072,0,135895,126915.0
173,-15,FGBX,FGBXZ25,D1,2025-11-17,1763337600,113.74,114.28,113.66,113.96,16363,0,83872,113877.0
174,-14,FGBX,FGBXZ25,D1,2025-11-18,1763424000,113.88,114.38,113.64,113.84,24535,0,127100,115622.0
175,-13,FGBX,FGBXZ25,D1,2025-11-19,1763510400,113.92,114.3,113.34,113.38,21460,0,121761,110911.0
176,-12,FGBX,FGBXZ25,D1,2025-11-20,1763596800,113.26,113.6,112.66,113.1,25077,0,136227,128363.0
177,-11,FGBX,FGBXZ25,D1,2025-11-21,1763683200,113.12,114.04,113.04,113.66,27570,0,142264,133417.0
178,-10,FGBX,FGBXZ25,D1,2025-11-24,1763942400,113.66,114.2,113.56,113.92,15876,0,92933,123808.0
179,-9,FGBX,FGBXZ25,D1,2025-11-25,1764028800,114.0,114.56,113.56,114.06,17797,0,104355,113184.0
180,-8,FGBX,FGBXZ25,D1,2025-11-26,1764115200,114.1,114.48,113.78,114.34,20118,0,102804,100031.0
181,-7,FGBX,FGBXZ25,D1,2025-11-27,1764201600,114.36,114.4,113.88,113.98,10629,0,65164,90774.0
182,-6,FGBX,FGBXZ25,D1,2025-11-28,1764288000,113.98,114.24,113.64,113.82,19764,0,111181,93050.0
183,-5,FGBX,FGBXZ25,D1,2025-12-01,1764547200,113.64,113.76,112.26,112.36,22639,0,122731,99692.0
184,-4,FGBX,FGBXZ25,D1,2025-12-02,1764633600,112.36,112.64,112.16,112.56,18528,2,111624,115179.0
185,-3,FGBX,FGBXZ25,D1,2025-12-03,1764720000,112.54,112.76,112.26,112.56,13237,0,82069,105475.0
186,-2,FGBX,FGBXZ25,D1,2025-12-04,1764806400,112.46,112.46,112.02,112.12,10825,0,67142,86945.0
123,-12,FGBX,FGBXH26,D1,2025-12-05,1764892800,111.74,111.82,110.82,110.92,17449,0,99873,67022.0
124,-11,FGBX,FGBXH26,D1,2025-12-08,1765152000,110.88,110.98,110.02,110.42,22806,0,146644,102429.0
125,-10,FGBX,FGBXH26,D1,2025-12-09,1765238400,110.4,110.82,109.84,110.32,23376,0,138743,128420.0
126,-9,FGBX,FGBXH26,D1,2025-12-10,1765324800,110.26,110.52,109.78,110.2,23145,0,131360,138916.0
127,-8,FGBX,FGBXH26,D1,2025-12-11,1765411200,110.32,110.74,109.88,110.32,16597,0,89167,119757.0
128,-7,FGBX,FGBXH26,D1,2025-12-12,1765497600,110.18,110.34,109.6,109.92,15566,0,92836,104454.0
129,-6,FGBX,FGBXH26,D1,2025-12-15,1765756800,110.14,110.58,109.96,110.16,13020,0,76843,86282.0
130,-5,FGBX,FGBXH26,D1,2025-12-16,1765843200,110.34,110.54,109.7,110.34,15742,0,88556,86078.0
131,-4,FGBX,FGBXH26,D1,2025-12-17,1765929600,110.32,110.76,109.68,109.88,14716,0,91850,85750.0
132,-3,FGBX,FGBXH26,D1,2025-12-18,1766016000,110.04,110.32,109.16,109.82,22046,0,131238,103881.0
133,-2,FGBX,FGBXH26,D1,2025-12-19,1766102400,109.7,109.8,108.44,108.56,15981,0,101858,108315.0
134,-1,FGBX,FGBXH26,D1,2025-12-22,1766361600,108.42,108.92,107.96,108.78,13518,0,68423,100506.0
135,0,FGBX,FGBXH26,D1,2025-12-23,1766448000,108.74,110.02,108.74,109.88,13679,0,72413,80898.0
