a,z,ticker,symbol,tf,datetime,time,open,high,low,close,tick_volume,spread,real_volume,mean_volume
1,-99,FSXE,FSXEU21,D1,2021-04-12,1618185600,3900.0,3900.0,3900.0,3900.0,1,0,0,0.0
2,-98,FSXE,FSXEU21,D1,2021-04-13,1618272000,3901.0,3901.0,3901.0,3901.0,1,0,0,0.0
3,-97,FSXE,FSXEU21,D1,2021-04-14,1618358400,3913.0,3913.0,3913.0,3913.0,1,0,0,0.0
4,-96,FSXE,FSXEU21,D1,2021-04-15,1618444800,3927.0,3927.0,3927.0,3927.0,1,0,0,0.0
5,-95,FSXE,FSXEU21,D1,2021-04-16,1618531200,3968.0,3968.0,3968.0,3968.0,1,0,0,0.0
6,-46,FSXE,FSXEM21,D1,2021-04-19,1618790400,3993.5,3993.5,3986.0,3993.0,4,0,4,1.0
7,-45,FSXE,FSXEM21,D1,2021-04-20,1618876800,3980.0,3980.0,3922.0,3929.0,4,10,4,3.0
8,-44,FSXE,FSXEM21,D1,2021-04-21,1618963200,3928.5,3931.5,3913.5,3931.5,4,40,4,4.0
9,-43,FSXE,FSXEM21,D1,2021-04-22,1619049600,3952.5,3970.0,3946.0,3946.0,15,5,20,9.0
10,-42,FSXE,FSXEM21,D1,2021-04-23,1619136000,3960.5,3968.0,3935.0,3968.0,31,5,155,60.0
11,-41,FSXE,FSXEM21,D1,2021-04-26,1619395200,3958.5,3979.0,3958.0,3973.5,84,5,464,213.0
12,-40,FSXE,FSXEM21,D1,2021-04-27,1619481600,3976.5,3978.5,3956.5,3971.5,57,5,653,424.0
13,-39,FSXE,FSXEM21,D1,2021-04-28,1619568000,3965.0,3982.0,3964.0,3968.0,81,5,232,450.0
14,-38,FSXE,FSXEM21,D1,2021-04-29,1619654400,3979.5,3992.0,3945.5,3963.5,96,5,753,546.0
15,-37,FSXE,FSXEM21,D1,2021-04-30,1619740800,3961.5,3968.0,3923.0,3936.5,111,5,689,558.0
16,-36,FSXE,FSXEM21,D1,2021-05-01,1619827200,3936.5,3936.5,3936.5,3936.5,2,180,200,547.0
17,-35,FSXE,FSXEM21,D1,2021-05-03,1620000000,3944.5,3974.0,3936.5,3966.5,105,5,1105,665.0
18,-34,FSXE,FSXEM21,D1,2021-05-04,1620086400,3964.5,3983.0,3883.0,3903.0,361,5,1739,1015.0
19,-33,FSXE,FSXEM21,D1,2021-05-05,1620172800,3916.5,3977.0,3914.0,3974.0,192,5,784,1209.0
20,-32,FSXE,FSXEM21,D1,2021-05-06,1620259200,3974.5,3998.0,3951.0,3993.0,152,5,793,1105.0
21,-31,FSXE,FSXEM21,D1,2021-05-07,1620345600,3997.5,4022.0,3984.5,4017.5,148,5,707,761.0
22,-30,FSXE,FSXEM21,D1,2021-05-10,1620604800,4031.0,4036.0,3985.0,4036.0,102,0,318,606.0
23,-29,FSXE,FSXEM21,D1,2021-05-11,1620691200,3981.0,3981.0,3904.5,3931.0,401,5,1484,836.0
24,-28,FSXE,FSXEM21,D1,2021-05-12,1620777600,3915.0,3948.5,3895.5,3904.0,345,5,1804,1202.0
25,-27,FSXE,FSXEM21,D1,2021-05-13,1620864000,3915.0,3961.0,3845.5,3955.0,620,5,1875,1721.0
26,-26,FSXE,FSXEM21,D1,2021-05-14,1620950400,3968.0,4029.0,3951.0,4029.0,252,5,1234,1638.0
27,-25,FSXE,FSXEM21,D1,2021-05-17,1621209600,4019.0,4022.5,3985.5,4006.0,241,5,496,1202.0
28,-24,FSXE,FSXEM21,D1,2021-05-18,1621296000,4025.0,4033.5,3979.0,3979.0,201,5,1018,916.0
29,-23,FSXE,FSXEM21,D1,2021-05-19,1621382400,3968.0,3979.5,3886.0,3937.0,342,5,1737,1084.0
30,-22,FSXE,FSXEM21,D1,2021-05-20,1621468800,3950.0,4003.0,3929.5,3995.0,250,5,1110,1288.0
31,-21,FSXE,FSXEM21,D1,2021-05-21,1621555200,4030.0,4030.0,3991.0,4023.0,327,5,1128,1325.0
32,-20,FSXE,FSXEM21,D1,2021-05-24,1621814400,4027.0,4050.0,4021.5,4043.0,232,5,724,987.0
33,-19,FSXE,FSXEM21,D1,2021-05-25,1621900800,4050.5,4058.0,4031.0,4031.0,224,5,1165,1006.0
34,-18,FSXE,FSXEM21,D1,2021-05-26,1621987200,4046.0,4051.0,4019.5,4035.5,180,5,418,769.0
35,-17,FSXE,FSXEM21,D1,2021-05-27,1622073600,4031.0,4053.0,4016.0,4043.0,246,5,769,784.0
36,-16,FSXE,FSXEM21,D1,2021-05-28,1622160000,4053.0,4073.5,4045.0,4067.0,183,5,561,583.0
37,-15,FSXE,FSXEM21,D1,2021-05-30,1622332800,4067.0,4067.0,4067.0,4067.0,1,175,3,444.0
38,-14,FSXE,FSXEM21,D1,2021-05-31,1622419200,4065.0,4069.0,4033.0,4039.5,174,5,574,379.0
39,-13,FSXE,FSXEM21,D1,2021-06-01,1622505600,4037.5,4100.0,4037.5,4075.0,376,5,1046,541.0
40,-12,FSXE,FSXEM21,D1,2021-06-02,1622592000,4071.0,4090.0,4062.0,4090.0,195,5,667,762.0
41,-11,FSXE,FSXEM21,D1,2021-06-03,1622678400,4087.5,4089.0,4050.0,4077.5,269,5,1296,1003.0
42,-10,FSXE,FSXEM21,D1,2021-06-04,1622764800,4072.0,4098.0,4068.0,4096.0,208,5,1029,997.0
43,-9,FSXE,FSXEM21,D1,2021-06-07,1623024000,4084.0,4106.0,4068.0,4106.0,272,5,1259,1195.0
44,-8,FSXE,FSXEM21,D1,2021-06-08,1623110400,4110.0,4116.0,4092.0,4104.0,249,5,1115,1134.0
45,-7,FSXE,FSXEM21,D1,2021-06-09,1623196800,4102.5,4102.5,4077.0,4099.5,247,5,1262,1212.0
46,-6,FSXE,FSXEM21,D1,2021-06-10,1623283200,4104.5,4109.0,4080.0,4102.0,217,5,554,977.0
47,-5,FSXE,FSXEM21,D1,2021-06-11,1623369600,4102.0,4137.0,4098.0,4137.0,213,5,564,793.0
48,-4,FSXE,FSXEM21,D1,2021-06-14,1623628800,4138.5,4152.0,4128.0,4144.5,190,5,645,588.0
49,-3,FSXE,FSXEM21,D1,2021-06-15,1623715200,4150.5,4158.5,4141.0,4144.0,168,5,551,587.0
50,-2,FSXE,FSXEM21,D1,2021-06-16,1623801600,4148.5,4157.0,4139.0,4154.0,130,5,304,500.0
51,-1,FSXE,FSXEM21,D1,2021-06-17,1623888000,4133.0,4166.0,4124.5,4165.5,260,5,694,516.0
35,-65,FSXE,FSXEU21,D1,2021-06-18,1623974400,4195.0,4195.0,4058.5,4074.0,408,0,1263,610.0
36,-64,FSXE,FSXEU21,D1,2021-06-21,1624233600,4068.5,4109.5,4017.5,4106.0,393,5,773,758.0
37,-63,FSXE,FSXEU21,D1,2021-06-22,1624320000,4109.0,4112.5,4077.0,4106.0,240,5,421,819.0
38,-62,FSXE,FSXEU21,D1,2021-06-23,1624406400,4107.5,4118.5,4058.0,4063.5,425,5,1028,741.0
39,-61,FSXE,FSXEU21,D1,2021-06-24,1624492800,4072.0,4116.5,4072.0,4113.0,282,5,712,720.0
40,-60,FSXE,FSXEU21,D1,2021-06-25,1624579200,4110.0,4120.5,4092.5,4110.0,203,5,371,704.0
41,-59,FSXE,FSXEU21,D1,2021-06-28,1624838400,4106.0,4113.0,4074.0,4085.0,287,5,436,506.0
42,-58,FSXE,FSXEU21,D1,2021-06-29,1624924800,4079.0,4112.0,4076.5,4092.5,324,5,708,505.0
43,-57,FSXE,FSXEU21,D1,2021-06-30,1625011200,4096.0,4097.5,4035.5,4059.0,592,5,1196,780.0
44,-56,FSXE,FSXEU21,D1,2021-07-01,1625097600,4068.5,4101.0,4037.0,4077.0,610,5,1958,1287.0
45,-55,FSXE,FSXEU21,D1,2021-07-02,1625184000,4078.5,4088.0,4065.0,4073.5,293,5,517,1224.0
46,-54,FSXE,FSXEU21,D1,2021-07-05,1625443200,4070.0,4083.0,4045.0,4075.0,260,5,490,988.0
47,-53,FSXE,FSXEU21,D1,2021-07-06,1625529600,4079.5,4079.5,4025.5,4039.5,552,5,789,599.0
48,-52,FSXE,FSXEU21,D1,2021-07-07,1625616000,4034.0,4074.0,4034.0,4074.0,369,5,601,627.0
49,-51,FSXE,FSXEU21,D1,2021-07-08,1625702400,4052.0,4071.0,3951.0,3980.5,946,5,1687,1026.0
50,-50,FSXE,FSXEU21,D1,2021-07-09,1625788800,3988.5,4063.5,3966.0,4058.0,565,5,1000,1096.0
51,-49,FSXE,FSXEU21,D1,2021-07-12,1626048000,4069.0,4092.5,4036.0,4088.0,386,5,759,1149.0
52,-48,FSXE,FSXEU21,D1,2021-07-13,1626134400,4081.5,4093.0,4072.0,4078.5,337,5,537,765.0
53,-47,FSXE,FSXEU21,D1,2021-07-14,1626220800,4076.0,4096.0,4064.5,4084.0,342,5,691,662.0
54,-46,FSXE,FSXEU21,D1,2021-07-15,1626307200,4082.0,4084.0,4032.0,4046.0,628,5,1216,815.0
55,-45,FSXE,FSXEU21,D1,2021-07-16,1626393600,4041.0,4063.5,4004.0,4013.0,424,5,786,898.0
56,-44,FSXE,FSXEU21,D1,2021-07-19,1626652800,4015.0,4015.0,3896.5,3918.5,776,5,2133,1378.0
57,-43,FSXE,FSXEU21,D1,2021-07-20,1626739200,3933.0,3971.0,3913.0,3959.0,670,5,1502,1474.0
58,-42,FSXE,FSXEU21,D1,2021-07-21,1626825600,3966.0,4036.0,3946.0,4036.0,552,5,1609,1748.0
59,-41,FSXE,FSXEU21,D1,2021-07-22,1626912000,4033.0,4070.0,4033.0,4059.0,359,5,814,1308.0
60,-40,FSXE,FSXEU21,D1,2021-07-23,1626998400,4064.0,4111.0,4059.5,4092.0,334,5,740,1054.0
61,-39,FSXE,FSXEU21,D1,2021-07-26,1627257600,4092.0,4101.0,4065.5,4097.0,282,5,771,775.0
62,-38,FSXE,FSXEU21,D1,2021-07-27,1627344000,4092.0,4096.0,4048.0,4074.0,433,5,1704,1072.0
63,-37,FSXE,FSXEU21,D1,2021-07-28,1627430400,4078.0,4098.5,4054.0,4089.0,275,5,530,1002.0
64,-36,FSXE,FSXEU21,D1,2021-07-29,1627516800,4083.5,4122.5,4083.5,4114.0,262,5,833,1022.0
65,-35,FSXE,FSXEU21,D1,2021-07-30,1627603200,4102.0,4107.0,4073.0,4085.0,495,5,1253,872.0
66,-34,FSXE,FSXEU21,D1,2021-08-02,1627862400,4097.5,4130.0,4091.0,4097.5,530,5,927,1004.0
67,-33,FSXE,FSXEU21,D1,2021-08-03,1627948800,4103.5,4125.5,4096.5,4125.0,328,5,994,1058.0
68,-32,FSXE,FSXEU21,D1,2021-08-04,1628035200,4115.5,4145.0,4115.5,4135.5,409,5,793,905.0
69,-31,FSXE,FSXEU21,D1,2021-08-05,1628121600,4139.0,4161.0,4133.5,4154.0,289,5,652,813.0
70,-30,FSXE,FSXEU21,D1,2021-08-06,1628208000,4153.5,4178.5,4150.0,4172.5,212,5,411,619.0
71,-29,FSXE,FSXEU21,D1,2021-08-09,1628467200,4162.0,4181.0,4159.0,4179.0,213,5,789,617.0
72,-28,FSXE,FSXEU21,D1,2021-08-10,1628553600,4179.0,4191.0,4170.5,4186.5,249,5,756,652.0
73,-27,FSXE,FSXEU21,D1,2021-08-11,1628640000,4191.0,4214.5,4180.5,4210.0,326,5,711,752.0
74,-26,FSXE,FSXEU21,D1,2021-08-12,1628726400,4206.0,4228.0,4197.0,4226.5,292,5,534,667.0
75,-25,FSXE,FSXEU21,D1,2021-08-13,1628812800,4219.5,4237.0,4218.5,4228.0,248,5,463,569.0
76,-24,FSXE,FSXEU21,D1,2021-08-16,1629072000,4219.5,4219.5,4185.5,4210.0,462,5,751,583.0
77,-23,FSXE,FSXEU21,D1,2021-08-17,1629158400,4206.5,4206.5,4168.0,4186.0,428,5,739,651.0
78,-22,FSXE,FSXEU21,D1,2021-08-18,1629244800,4185.0,4204.5,4172.5,4173.5,371,5,748,746.0
79,-21,FSXE,FSXEU21,D1,2021-08-19,1629331200,4166.0,4167.0,4079.0,4134.0,902,5,2113,1200.0
80,-20,FSXE,FSXEU21,D1,2021-08-20,1629417600,4123.0,4150.0,4102.0,4148.5,478,5,944,1268.0
81,-19,FSXE,FSXEU21,D1,2021-08-23,1629676800,4157.5,4182.0,4153.0,4179.5,358,5,739,1265.0
82,-18,FSXE,FSXEU21,D1,2021-08-24,1629763200,4179.0,4196.0,4160.0,4176.0,294,5,595,759.0
83,-17,FSXE,FSXEU21,D1,2021-08-25,1629849600,4178.0,4185.0,4172.5,4175.5,207,5,381,572.0
84,-16,FSXE,FSXEU21,D1,2021-08-26,1629936000,4168.5,4174.0,4138.5,4162.0,415,5,858,611.0
85,-15,FSXE,FSXEU21,D1,2021-08-27,1630022400,4152.5,4196.5,4152.5,4195.0,298,5,532,590.0
86,-14,FSXE,FSXEU21,D1,2021-08-30,1630281600,4190.0,4201.5,4181.0,4196.0,226,5,1069,820.0
87,-13,FSXE,FSXEU21,D1,2021-08-31,1630368000,4182.0,4220.0,4173.0,4194.0,417,5,1147,916.0
88,-12,FSXE,FSXEU21,D1,2021-09-01,1630454400,4200.0,4249.0,4196.0,4221.5,533,5,1446,1221.0
89,-11,FSXE,FSXEU21,D1,2021-09-02,1630540800,4220.0,4236.0,4213.0,4220.5,217,5,353,982.0
90,-10,FSXE,FSXEU21,D1,2021-09-03,1630627200,4228.0,4235.0,4181.5,4199.5,361,5,542,780.0
91,-9,FSXE,FSXEU21,D1,2021-09-06,1630886400,4187.0,4251.5,4186.5,4244.5,309,5,722,539.0
92,-8,FSXE,FSXEU21,D1,2021-09-07,1630972800,4241.0,4244.0,4212.5,4212.5,299,5,691,652.0
93,-7,FSXE,FSXEU21,D1,2021-09-08,1631059200,4212.0,4222.0,4158.5,4177.5,721,5,1981,1131.0
94,-6,FSXE,FSXEU21,D1,2021-09-09,1631145600,4173.0,4194.0,4134.0,4168.0,768,5,2955,1876.0
95,-5,FSXE,FSXEU21,D1,2021-09-10,1631232000,4180.0,4204.5,4157.5,4158.0,436,5,1287,2074.0
96,-4,FSXE,FSXEU21,D1,2021-09-13,1631491200,4161.5,4210.0,4156.5,4189.0,519,5,1421,1888.0
97,-3,FSXE,FSXEU21,D1,2021-09-14,1631577600,4194.0,4202.5,4162.5,4180.5,470,5,964,1224.0
98,-2,FSXE,FSXEU21,D1,2021-09-15,1631664000,4188.0,4197.0,4144.5,4169.5,547,5,1334,1240.0
99,-1,FSXE,FSXEU21,D1,2021-09-16,1631750400,4164.5,4195.5,4156.0,4191.0,414,5,1333,1210.0
91,-65,FSXE,FSXEZ21,D1,2021-09-17,1631836800,4158.0,4183.5,4082.0,4106.0,781,5,2311,948.0
92,-64,FSXE,FSXEZ21,D1,2021-09-20,1632096000,4082.5,4100.0,3974.5,3999.0,1137,5,3363,2003.0
93,-63,FSXE,FSXEZ21,D1,2021-09-21,1632182400,4010.0,4085.0,4010.0,4075.5,879,5,3502,3059.0
94,-62,FSXE,FSXEZ21,D1,2021-09-22,1632268800,4059.5,4145.0,4049.5,4136.0,964,5,2869,3245.0
95,-61,FSXE,FSXEZ21,D1,2021-09-23,1632355200,4135.0,4185.0,4135.0,4175.0,845,5,2763,3045.0
96,-60,FSXE,FSXEZ21,D1,2021-09-24,1632441600,4180.0,4200.0,4129.0,4145.5,628,5,2196,2609.0
97,-59,FSXE,FSXEZ21,D1,2021-09-27,1632700800,4146.5,4178.5,4137.5,4152.0,529,5,1694,2218.0
98,-58,FSXE,FSXEZ21,D1,2021-09-28,1632787200,4145.0,4161.5,4031.5,4047.0,994,5,3520,2470.0
99,-57,FSXE,FSXEZ21,D1,2021-09-29,1632873600,4057.5,4090.5,4038.5,4060.5,761,5,2245,2486.0
100,-56,FSXE,FSXEZ21,D1,2021-09-30,1632960000,4068.5,4100.0,4012.0,4028.5,851,5,2431,2732.0
101,-55,FSXE,FSXEZ21,D1,2021-10-01,1633046400,4020.0,4047.0,3962.0,4042.5,987,5,3280,2652.0
102,-54,FSXE,FSXEZ21,D1,2021-10-04,1633305600,4041.0,4041.0,3977.0,3991.5,1059,5,2166,2626.0
103,-53,FSXE,FSXEZ21,D1,2021-10-05,1633392000,3990.0,4053.5,3970.0,4046.0,687,5,1366,2271.0
104,-52,FSXE,FSXEZ21,D1,2021-10-06,1633478400,4040.0,4043.5,3950.0,4020.0,1480,5,3824,2452.0
105,-51,FSXE,FSXEZ21,D1,2021-10-07,1633564800,4032.5,4085.0,4032.5,4077.5,649,5,1441,2210.0
106,-50,FSXE,FSXEZ21,D1,2021-10-08,1633651200,4071.0,4088.0,4052.0,4057.5,648,5,1079,2115.0
107,-49,FSXE,FSXEZ21,D1,2021-10-11,1633910400,4046.0,4070.0,4029.5,4039.0,666,0,1396,1305.0
108,-48,FSXE,FSXEZ21,D1,2021-10-12,1633996800,4033.0,4052.5,4004.5,4039.0,645,5,1366,1280.0
109,-47,FSXE,FSXEZ21,D1,2021-10-13,1634083200,4044.5,4085.5,4027.0,4075.5,558,5,899,1220.0
110,-46,FSXE,FSXEZ21,D1,2021-10-14,1634169600,4091.0,4144.0,4086.0,4141.0,566,5,1179,1148.0
111,-45,FSXE,FSXEZ21,D1,2021-10-15,1634256000,4145.0,4174.0,4142.0,4170.5,491,0,1135,1071.0
112,-44,FSXE,FSXEZ21,D1,2021-10-18,1634515200,4172.0,4172.0,4119.5,4140.0,395,5,1132,1149.0
113,-43,FSXE,FSXEZ21,D1,2021-10-19,1634601600,4147.0,4159.5,4140.0,4152.0,270,5,568,945.0
114,-42,FSXE,FSXEZ21,D1,2021-10-20,1634688000,4157.0,4168.0,4132.5,4161.5,370,5,650,783.0
115,-41,FSXE,FSXEZ21,D1,2021-10-21,1634774400,4157.5,4163.0,4128.0,4157.0,317,5,1224,814.0
116,-40,FSXE,FSXEZ21,D1,2021-10-22,1634860800,4152.0,4192.0,4152.0,4183.5,418,5,924,933.0
117,-39,FSXE,FSXEZ21,D1,2021-10-25,1635120000,4182.0,4191.0,4173.5,4181.0,285,5,541,896.0
118,-38,FSXE,FSXEZ21,D1,2021-10-26,1635206400,4187.0,4221.0,4182.5,4211.0,472,5,924,796.0
119,-37,FSXE,FSXEZ21,D1,2021-10-27,1635292800,4208.5,4220.0,4194.0,4208.0,403,5,1247,904.0
120,-36,FSXE,FSXEZ21,D1,2021-10-28,1635379200,4208.0,4226.0,4199.5,4216.0,565,5,2142,1438.0
121,-35,FSXE,FSXEZ21,D1,2021-10-29,1635465600,4212.0,4255.0,4179.5,4252.0,656,5,1788,1726.0
122,-34,FSXE,FSXEZ21,D1,2021-11-01,1635724800,4270.0,4283.5,4253.0,4279.0,394,5,800,1577.0
123,-33,FSXE,FSXEZ21,D1,2021-11-02,1635811200,4271.5,4292.5,4263.5,4287.0,332,5,556,1048.0
124,-32,FSXE,FSXEZ21,D1,2021-11-03,1635897600,4284.0,4325.0,4280.5,4324.0,343,5,563,640.0
125,-31,FSXE,FSXEZ21,D1,2021-11-04,1635984000,4322.0,4333.5,4314.5,4331.0,378,5,654,591.0
126,-30,FSXE,FSXEZ21,D1,2021-11-05,1636070400,4324.5,4368.0,4317.0,4355.0,469,5,880,699.0
127,-29,FSXE,FSXEZ21,D1,2021-11-08,1636329600,4349.0,4359.0,4340.0,4342.0,249,5,423,652.0
128,-28,FSXE,FSXEZ21,D1,2021-11-09,1636416000,4338.0,4357.5,4328.0,4334.0,365,5,1132,812.0
129,-27,FSXE,FSXEZ21,D1,2021-11-10,1636502400,4360.5,4360.5,4314.5,4318.0,345,5,847,801.0
130,-26,FSXE,FSXEZ21,D1,2021-11-11,1636588800,4323.0,4352.0,4318.5,4350.5,276,5,499,826.0
131,-25,FSXE,FSXEZ21,D1,2021-11-12,1636675200,4360.0,4365.5,4345.5,4365.5,259,5,546,631.0
132,-24,FSXE,FSXEZ21,D1,2021-11-15,1636934400,4369.0,4380.0,4358.5,4375.5,256,5,555,533.0
133,-23,FSXE,FSXEZ21,D1,2021-11-16,1637020800,4373.5,4402.5,4373.5,4399.0,360,5,707,603.0
134,-22,FSXE,FSXEZ21,D1,2021-11-17,1637107200,4393.0,4403.5,4389.0,4396.0,242,5,917,726.0
135,-21,FSXE,FSXEZ21,D1,2021-11-18,1637193600,4404.0,4408.0,4372.0,4381.0,316,5,750,791.0
136,-20,FSXE,FSXEZ21,D1,2021-11-19,1637280000,4399.0,4399.0,4327.0,4342.0,760,5,1519,1062.0
137,-19,FSXE,FSXEZ21,D1,2021-11-22,1637539200,4350.5,4368.5,4319.0,4336.0,533,5,1275,1181.0
138,-18,FSXE,FSXEZ21,D1,2021-11-23,1637625600,4334.0,4335.0,4264.5,4295.5,802,5,1568,1454.0
139,-17,FSXE,FSXEZ21,D1,2021-11-24,1637712000,4300.0,4303.0,4237.0,4283.0,743,5,1542,1462.0
140,-16,FSXE,FSXEZ21,D1,2021-11-25,1637798400,4292.0,4303.0,4274.0,4286.5,285,5,721,1277.0
141,-15,FSXE,FSXEZ21,D1,2021-11-26,1637884800,4282.5,4282.5,4031.0,4049.0,1926,0,3878,2047.0
142,-14,FSXE,FSXEZ21,D1,2021-11-29,1638144000,4110.0,4159.0,4070.0,4123.5,1010,0,1813,2137.0
143,-13,FSXE,FSXEZ21,D1,2021-11-30,1638230400,4141.0,4152.5,3997.0,4066.0,1282,5,2604,2765.0
144,-12,FSXE,FSXEZ21,D1,2021-12-01,1638316800,4078.5,4185.0,4065.0,4109.0,957,5,1713,2043.0
145,-11,FSXE,FSXEZ21,D1,2021-12-02,1638403200,4099.0,4151.0,4085.0,4138.5,981,5,2229,2182.0
146,-10,FSXE,FSXEZ21,D1,2021-12-03,1638489600,4114.5,4152.0,4053.0,4066.0,811,5,1579,1840.0
147,-9,FSXE,FSXEZ21,D1,2021-12-06,1638748800,4090.0,4154.0,4077.0,4145.5,856,5,1327,1712.0
148,-8,FSXE,FSXEZ21,D1,2021-12-07,1638835200,4113.5,4286.0,4113.5,4266.5,770,5,1376,1427.0
149,-7,FSXE,FSXEZ21,D1,2021-12-08,1638921600,4263.0,4289.0,4231.5,4240.0,734,5,1280,1328.0
150,-6,FSXE,FSXEZ21,D1,2021-12-09,1639008000,4237.5,4251.0,4193.0,4195.0,486,5,708,1121.0
151,-5,FSXE,FSXEZ21,D1,2021-12-10,1639094400,4193.0,4220.5,4178.0,4208.0,458,5,723,904.0
152,-4,FSXE,FSXEZ21,D1,2021-12-13,1639353600,4219.0,4240.5,4177.5,4188.5,552,5,1095,842.0
153,-3,FSXE,FSXEZ21,D1,2021-12-14,1639440000,4192.5,4210.5,4136.5,4160.0,584,5,990,936.0
154,-2,FSXE,FSXEZ21,D1,2021-12-15,1639526400,4170.5,4209.5,4142.0,4202.0,509,5,895,993.0
155,-1,FSXE,FSXEZ21,D1,2021-12-16,1639612800,4205.5,4250.0,4172.0,4179.0,648,15,1112,999.0
156,0,FSXE,FSXEZ21,D1,2021-12-17,1639699200,4183.5,4190.0,4133.0,4158.0,38,15,86,698.0
126,-62,FSXE,FSXEH22,D1,2021-12-20,1639958400,4111.0,4115.5,4028.0,4109.5,843,80,1540,982.0
127,-61,FSXE,FSXEH22,D1,2021-12-21,1640044800,4129.5,4179.5,4108.5,4172.0,561,0,945,1171.0
128,-60,FSXE,FSXEH22,D1,2021-12-22,1640131200,4167.0,4209.5,4149.0,4209.0,449,0,643,1043.0
129,-59,FSXE,FSXEH22,D1,2021-12-23,1640217600,4206.5,4253.5,4205.0,4247.0,487,0,896,828.0
130,-58,FSXE,FSXEH22,D1,2021-12-27,1640563200,4240.0,4287.0,4221.0,4287.0,347,0,563,701.0
131,-57,FSXE,FSXEH22,D1,2021-12-28,1640649600,4285.0,4306.0,4270.5,4297.0,306,0,472,644.0
132,-56,FSXE,FSXEH22,D1,2021-12-29,1640736000,4300.0,4300.0,4255.0,4277.0,341,0,687,574.0
133,-55,FSXE,FSXEH22,D1,2021-12-30,1640822400,4274.0,4295.0,4262.0,4281.5,396,5,803,654.0
134,-54,FSXE,FSXEH22,D1,2022-01-03,1641168000,4299.5,4336.0,4284.0,4331.0,494,0,1075,855.0
135,-53,FSXE,FSXEH22,D1,2022-01-04,1641254400,4326.5,4373.5,4322.5,4357.5,537,5,871,916.0
136,-52,FSXE,FSXEH22,D1,2022-01-05,1641340800,4350.5,4380.5,4331.0,4333.5,499,5,914,953.0
137,-51,FSXE,FSXEH22,D1,2022-01-06,1641427200,4318.0,4335.5,4283.0,4307.5,815,0,1544,1110.0
138,-50,FSXE,FSXEH22,D1,2022-01-07,1641513600,4321.5,4323.0,4265.5,4294.0,652,5,1143,1200.0
139,-49,FSXE,FSXEH22,D1,2022-01-10,1641772800,4284.5,4313.0,4219.0,4253.0,684,0,1508,1398.0
140,-48,FSXE,FSXEH22,D1,2022-01-11,1641859200,4263.5,4294.5,4248.5,4292.0,653,5,1079,1243.0
141,-47,FSXE,FSXEH22,D1,2022-01-12,1641945600,4297.0,4317.0,4276.5,4304.0,559,5,935,1174.0
142,-46,FSXE,FSXEH22,D1,2022-01-13,1642032000,4313.5,4324.0,4270.0,4270.5,652,5,984,999.0
143,-45,FSXE,FSXEH22,D1,2022-01-14,1642118400,4265.0,4281.0,4244.0,4280.0,732,5,1076,998.0
144,-44,FSXE,FSXEH22,D1,2022-01-17,1642377600,4286.0,4298.0,4262.0,4289.5,377,5,594,885.0
145,-43,FSXE,FSXEH22,D1,2022-01-18,1642464000,4293.0,4297.0,4220.0,4239.5,687,5,1819,1163.0
146,-42,FSXE,FSXEH22,D1,2022-01-19,1642550400,4240.0,4290.5,4215.0,4250.0,795,5,1186,1200.0
147,-41,FSXE,FSXEH22,D1,2022-01-20,1642636800,4242.0,4292.0,4236.0,4248.5,572,5,869,1291.0
148,-40,FSXE,FSXEH22,D1,2022-01-21,1642723200,4225.0,4242.5,4170.5,4185.5,1124,5,2045,1367.0
149,-39,FSXE,FSXEH22,D1,2022-01-24,1642982400,4194.5,4215.0,3990.5,4102.5,1532,5,2678,1864.0
150,-38,FSXE,FSXEH22,D1,2022-01-25,1643068800,4111.0,4113.0,4029.0,4092.5,1074,0,1752,2158.0
151,-37,FSXE,FSXEH22,D1,2022-01-26,1643155200,4081.0,4190.0,4079.0,4114.0,808,5,1182,1871.0
152,-36,FSXE,FSXEH22,D1,2022-01-27,1643241600,4134.5,4196.0,4031.5,4156.5,1011,0,2049,1661.0
153,-35,FSXE,FSXEH22,D1,2022-01-28,1643328000,4160.5,4174.0,4061.0,4141.0,1182,0,3130,2120.0
154,-34,FSXE,FSXEH22,D1,2022-01-31,1643587200,4164.0,4191.5,4125.5,4187.0,572,5,893,2024.0
155,-33,FSXE,FSXEH22,D1,2022-02-01,1643673600,4180.0,4225.0,4180.0,4223.0,567,5,1077,1700.0
156,-32,FSXE,FSXEH22,D1,2022-02-02,1643760000,4230.0,4250.0,4205.0,4227.0,599,5,1226,1065.0
157,-31,FSXE,FSXEH22,D1,2022-02-03,1643846400,4216.5,4216.5,4111.0,4116.0,1016,5,1986,1430.0
158,-30,FSXE,FSXEH22,D1,2022-02-04,1643932800,4155.5,4168.0,4050.0,4114.5,952,5,2748,1987.0
159,-29,FSXE,FSXEH22,D1,2022-02-07,1644192000,4086.5,4128.0,4065.0,4110.0,533,5,1428,2054.0
160,-28,FSXE,FSXEH22,D1,2022-02-08,1644278400,4106.5,4146.5,4095.0,4144.0,392,5,616,1597.0
161,-27,FSXE,FSXEH22,D1,2022-02-09,1644364800,4148.5,4210.5,4143.0,4210.5,491,5,830,958.0
162,-26,FSXE,FSXEH22,D1,2022-02-10,1644451200,4198.5,4230.0,4148.0,4152.0,778,5,1360,935.0
163,-25,FSXE,FSXEH22,D1,2022-02-11,1644537600,4143.0,4173.5,4062.5,4075.5,988,5,1939,1376.0
164,-24,FSXE,FSXEH22,D1,2022-02-14,1644796800,4082.0,4087.5,3997.0,4055.0,1335,0,3467,2255.0
165,-23,FSXE,FSXEH22,D1,2022-02-15,1644883200,4062.0,4142.0,4033.5,4135.5,800,5,2389,2598.0
166,-22,FSXE,FSXEH22,D1,2022-02-16,1644969600,4133.5,4175.0,4110.5,4152.0,722,5,2156,2671.0
167,-21,FSXE,FSXEH22,D1,2022-02-17,1645056000,4134.0,4153.0,4075.0,4085.5,689,5,1995,2180.0
168,-20,FSXE,FSXEH22,D1,2022-02-18,1645142400,4084.0,4126.0,4047.5,4069.0,921,5,2406,2186.0
169,-19,FSXE,FSXEH22,D1,2022-02-21,1645401600,4043.0,4118.0,3895.0,3912.0,1168,0,3593,2665.0
170,-18,FSXE,FSXEH22,D1,2022-02-22,1645488000,3969.5,4011.0,3876.0,3975.5,1442,5,4737,3579.0
171,-17,FSXE,FSXEH22,D1,2022-02-23,1645574400,3992.5,4048.5,3927.0,3930.0,940,5,2669,3666.0
172,-16,FSXE,FSXEH22,D1,2022-02-24,1645660800,3918.0,3919.5,3733.0,3890.5,1778,5,5230,4212.0
173,-15,FSXE,FSXEH22,D1,2022-02-25,1645747200,3900.0,3982.0,3825.0,3966.5,1006,5,1927,3275.0
174,-14,FSXE,FSXEH22,D1,2022-02-28,1646006400,3912.5,3932.0,3785.0,3839.5,778,5,1314,2824.0
175,-13,FSXE,FSXEH22,D1,2022-03-01,1646092800,3888.0,3921.0,3708.5,3732.0,1591,5,5334,2858.0
176,-12,FSXE,FSXEH22,D1,2022-03-02,1646179200,3756.0,3846.0,3714.5,3812.5,1719,0,6576,4408.0
177,-11,FSXE,FSXEH22,D1,2022-03-03,1646265600,3825.0,3837.0,3709.0,3716.5,1325,5,5148,5686.0
178,-10,FSXE,FSXEH22,D1,2022-03-04,1646352000,3700.0,3700.0,3529.0,3543.5,1850,5,7143,6289.0
179,-9,FSXE,FSXEH22,D1,2022-03-07,1646611200,3510.0,3595.5,3381.5,3463.0,2417,0,14286,8859.0
180,-8,FSXE,FSXEH22,D1,2022-03-08,1646697600,3460.0,3653.0,3410.0,3561.0,2546,5,9757,10395.0
181,-7,FSXE,FSXEH22,D1,2022-03-09,1646784000,3580.0,3805.5,3550.0,3768.5,2410,5,10411,11485.0
182,-6,FSXE,FSXEH22,D1,2022-03-10,1646870400,3753.5,3761.0,3625.0,3664.5,2071,5,12213,10794.0
183,-5,FSXE,FSXEH22,D1,2022-03-11,1646956800,3669.0,3827.0,3604.5,3666.0,2456,0,8209,10278.0
184,-4,FSXE,FSXEH22,D1,2022-03-14,1647216000,3720.0,3788.5,3699.0,3725.5,1201,5,2819,7747.0
185,-3,FSXE,FSXEH22,D1,2022-03-15,1647302400,3732.5,3763.5,3642.0,3758.0,1694,5,9277,6768.0
186,-2,FSXE,FSXEH22,D1,2022-03-16,1647388800,3741.5,3930.0,3736.5,3914.0,1869,5,4243,5446.0
187,-1,FSXE,FSXEH22,D1,2022-03-17,1647475200,3902.5,3919.0,3843.0,3887.0,1435,0,7862,7127.0
188,0,FSXE,FSXEH22,D1,2022-03-18,1647561600,3866.5,3899.0,3845.0,3849.5,60,0,156,4087.0
123,-62,FSXE,FSXEM22,D1,2022-03-21,1647820800,3819.5,3830.0,3765.0,3787.0,4217,0,16997,7118.0
124,-61,FSXE,FSXEM22,D1,2022-03-22,1647907200,3777.0,3858.5,3769.5,3847.0,595,0,3045,8062.0
125,-60,FSXE,FSXEM22,D1,2022-03-23,1647993600,3854.0,3868.5,3754.0,3768.0,471,5,846,6963.0
126,-59,FSXE,FSXEM22,D1,2022-03-24,1648080000,3774.5,3810.0,3763.0,3802.0,376,5,518,1470.0
127,-58,FSXE,FSXEM22,D1,2022-03-25,1648166400,3800.0,3822.0,3769.0,3813.0,333,5,582,649.0
128,-57,FSXE,FSXEM22,D1,2022-03-28,1648425600,3800.0,3864.0,3781.0,3838.0,469,5,832,644.0
129,-56,FSXE,FSXEM22,D1,2022-03-29,1648512000,3843.5,3944.0,3841.0,3930.0,587,5,1183,866.0
130,-55,FSXE,FSXEM22,D1,2022-03-30,1648598400,3917.0,3917.0,3853.5,3853.5,447,5,666,894.0
131,-54,FSXE,FSXEM22,D1,2022-03-31,1648684800,3847.0,3896.5,3798.0,3803.5,568,5,905,918.0
132,-53,FSXE,FSXEM22,D1,2022-04-01,1648771200,3807.5,3852.5,3807.5,3847.0,303,5,504,692.0
133,-52,FSXE,FSXEM22,D1,2022-04-04,1649030400,3840.0,3910.0,3808.5,3870.0,327,5,566,658.0
134,-51,FSXE,FSXEM22,D1,2022-04-05,1649116800,3854.0,3887.0,3808.0,3812.0,416,5,738,603.0
135,-50,FSXE,FSXEM22,D1,2022-04-06,1649203200,3825.0,3834.0,3711.5,3757.5,541,5,910,738.0
136,-49,FSXE,FSXEM22,D1,2022-04-07,1649289600,3734.5,3796.0,3709.0,3762.0,439,5,659,769.0
137,-48,FSXE,FSXEM22,D1,2022-04-08,1649376000,3752.0,3794.0,3744.0,3764.0,374,5,648,739.0
138,-47,FSXE,FSXEM22,D1,2022-04-11,1649635200,3755.5,3795.0,3735.0,3735.0,479,5,894,734.0
139,-46,FSXE,FSXEM22,D1,2022-04-12,1649721600,3729.5,3779.0,3681.0,3719.5,679,5,1285,942.0
140,-45,FSXE,FSXEM22,D1,2022-04-13,1649808000,3735.0,3767.0,3711.0,3753.5,449,5,802,994.0
141,-44,FSXE,FSXEM22,D1,2022-04-14,1649894400,3757.0,3783.0,3745.0,3749.5,391,5,716,934.0
142,-43,FSXE,FSXEM22,D1,2022-04-19,1650326400,3772.5,3777.0,3720.0,3777.0,436,5,727,748.0
143,-42,FSXE,FSXEM22,D1,2022-04-20,1650412800,3778.5,3835.5,3759.5,3813.0,481,5,1153,865.0
144,-41,FSXE,FSXEM22,D1,2022-04-21,1650499200,3822.5,3885.0,3793.0,3797.0,483,0,850,910.0
145,-40,FSXE,FSXEM22,D1,2022-04-22,1650585600,3786.5,3815.0,3735.5,3749.5,416,5,864,956.0
146,-39,FSXE,FSXEM22,D1,2022-04-25,1650844800,3747.5,3747.5,3660.0,3732.0,781,5,1363,1026.0
147,-38,FSXE,FSXEM22,D1,2022-04-26,1650931200,3725.0,3750.0,3628.5,3632.0,512,5,1050,1092.0
148,-37,FSXE,FSXEM22,D1,2022-04-27,1651017600,3630.0,3690.5,3606.0,3654.0,574,5,954,1122.0
149,-36,FSXE,FSXEM22,D1,2022-04-28,1651104000,3669.5,3760.0,3662.5,3741.0,642,5,1142,1049.0
150,-35,FSXE,FSXEM22,D1,2022-04-29,1651190400,3749.0,3772.0,3694.0,3694.0,501,5,1047,1048.0
151,-34,FSXE,FSXEM22,D1,2022-05-02,1651449600,3683.5,3706.5,3646.5,3690.5,491,5,892,1027.0
152,-33,FSXE,FSXEM22,D1,2022-05-03,1651536000,3698.0,3730.0,3678.5,3712.0,711,5,1289,1076.0
153,-32,FSXE,FSXEM22,D1,2022-05-04,1651622400,3709.5,3765.0,3677.0,3756.0,362,5,566,916.0
154,-31,FSXE,FSXEM22,D1,2022-05-05,1651708800,3760.5,3778.5,3623.0,3632.0,689,5,1338,1064.0
155,-30,FSXE,FSXEM22,D1,2022-05-06,1651795200,3637.5,3655.0,3570.0,3598.0,717,5,1264,1056.0
156,-29,FSXE,FSXEM22,D1,2022-05-09,1652054400,3580.0,3600.0,3489.0,3499.5,594,5,981,1194.0
157,-28,FSXE,FSXEM22,D1,2022-05-10,1652140800,3489.5,3587.0,3468.5,3534.5,623,5,1239,1161.0
158,-27,FSXE,FSXEM22,D1,2022-05-11,1652227200,3526.5,3635.0,3526.0,3558.5,752,5,1309,1176.0
159,-26,FSXE,FSXEM22,D1,2022-05-12,1652313600,3534.0,3615.0,3516.0,3561.5,880,5,1586,1378.0
160,-25,FSXE,FSXEM22,D1,2022-05-13,1652400000,3589.0,3696.5,3589.0,3689.5,596,5,1117,1337.0
161,-24,FSXE,FSXEM22,D1,2022-05-16,1652659200,3696.0,3700.0,3643.0,3676.0,434,5,749,1151.0
162,-23,FSXE,FSXEM22,D1,2022-05-17,1652745600,3677.0,3748.0,3674.5,3745.0,425,5,784,883.0
163,-22,FSXE,FSXEM22,D1,2022-05-18,1652832000,3741.5,3745.0,3634.0,3640.0,510,5,865,799.0
164,-21,FSXE,FSXEM22,D1,2022-05-19,1652918400,3632.5,3651.0,3576.5,3644.0,780,0,1597,1082.0
165,-20,FSXE,FSXEM22,D1,2022-05-20,1653004800,3646.0,3698.0,3602.5,3641.0,486,5,990,1151.0
166,-19,FSXE,FSXEM22,D1,2022-05-23,1653264000,3670.0,3709.0,3651.0,3690.0,442,5,781,1123.0
167,-18,FSXE,FSXEM22,D1,2022-05-24,1653350400,3681.5,3688.5,3638.5,3671.0,424,5,725,832.0
168,-17,FSXE,FSXEM22,D1,2022-05-25,1653436800,3665.0,3703.0,3630.0,3693.0,346,5,539,682.0
169,-16,FSXE,FSXEM22,D1,2022-05-26,1653523200,3697.5,3755.0,3666.0,3752.0,414,5,778,681.0
170,-15,FSXE,FSXEM22,D1,2022-05-27,1653609600,3749.5,3821.0,3738.0,3815.5,457,5,873,730.0
171,-14,FSXE,FSXEM22,D1,2022-05-30,1653868800,3815.0,3849.0,3811.0,3841.0,395,5,712,788.0
172,-13,FSXE,FSXEM22,D1,2022-05-31,1653955200,3830.5,3838.0,3774.0,3802.0,419,5,640,742.0
173,-12,FSXE,FSXEM22,D1,2022-06-01,1654041600,3811.0,3812.0,3746.5,3768.0,338,5,645,666.0
174,-11,FSXE,FSXEM22,D1,2022-06-02,1654128000,3758.0,3820.0,3755.0,3816.0,277,5,518,601.0
175,-10,FSXE,FSXEM22,D1,2022-06-03,1654214400,3829.0,3834.5,3769.5,3787.0,304,5,572,578.0
176,-9,FSXE,FSXEM22,D1,2022-06-06,1654473600,3791.0,3858.0,3791.0,3819.0,602,5,1174,755.0
177,-8,FSXE,FSXEM22,D1,2022-06-07,1654560000,3816.0,3828.5,3781.5,3819.0,285,5,434,727.0
178,-7,FSXE,FSXEM22,D1,2022-06-08,1654646400,3824.0,3828.0,3756.5,3771.0,354,5,603,737.0
179,-6,FSXE,FSXEM22,D1,2022-06-09,1654732800,3760.0,3788.0,3699.0,3699.0,665,5,1278,772.0
180,-5,FSXE,FSXEM22,D1,2022-06-10,1654819200,3692.0,3701.5,3590.0,3610.0,546,5,1143,1008.0
181,-4,FSXE,FSXEM22,D1,2022-06-13,1655078400,3571.5,3571.5,3489.5,3501.0,641,5,1139,1187.0
182,-3,FSXE,FSXEM22,D1,2022-06-14,1655164800,3516.5,3548.0,3447.5,3469.0,588,5,1285,1189.0
183,-2,FSXE,FSXEM22,D1,2022-06-15,1655251200,3489.0,3570.5,3474.0,3552.0,483,5,810,1078.0
184,-1,FSXE,FSXEM22,D1,2022-06-16,1655337600,3566.0,3578.0,3403.0,3412.0,567,5,1389,1161.0
185,0,FSXE,FSXEM22,D1,2022-06-17,1655424000,3429.0,3475.0,3424.0,3475.0,209,5,509,903.0
125,-64,FSXE,FSXEU22,D1,2022-06-20,1655683200,3435.5,3458.0,3405.0,3449.0,293,5,605,872.0
126,-63,FSXE,FSXEU22,D1,2022-06-21,1655769600,3451.0,3510.0,3450.0,3469.0,353,5,665,734.0
127,-62,FSXE,FSXEU22,D1,2022-06-22,1655856000,3464.5,3466.5,3401.0,3445.0,529,5,1025,765.0
128,-61,FSXE,FSXEU22,D1,2022-06-23,1655942400,3429.5,3468.0,3395.0,3437.0,574,5,989,893.0
129,-60,FSXE,FSXEU22,D1,2022-06-24,1656028800,3436.0,3542.0,3433.0,3536.0,577,5,833,949.0
130,-59,FSXE,FSXEU22,D1,2022-06-27,1656288000,3533.0,3589.0,3510.0,3512.5,556,5,970,931.0
131,-58,FSXE,FSXEU22,D1,2022-06-28,1656374400,3528.0,3570.0,3500.0,3522.0,459,5,698,834.0
132,-57,FSXE,FSXEU22,D1,2022-06-29,1656460800,3507.0,3519.0,3480.5,3509.0,505,5,809,826.0
133,-56,FSXE,FSXEU22,D1,2022-06-30,1656547200,3485.0,3493.5,3401.5,3451.0,673,5,1216,908.0
134,-55,FSXE,FSXEU22,D1,2022-07-01,1656633600,3455.0,3466.0,3390.5,3466.0,477,5,838,954.0
135,-54,FSXE,FSXEU22,D1,2022-07-04,1656892800,3460.0,3470.0,3431.0,3431.0,240,10,451,835.0
136,-53,FSXE,FSXEU22,D1,2022-07-05,1656979200,3447.0,3476.0,3344.0,3391.0,783,5,1544,944.0
137,-52,FSXE,FSXEU22,D1,2022-07-06,1657065600,3400.0,3442.0,3376.0,3431.0,518,5,1075,1023.0
138,-51,FSXE,FSXEU22,D1,2022-07-07,1657152000,3420.0,3489.0,3420.0,3486.0,388,5,635,1085.0
139,-50,FSXE,FSXEU22,D1,2022-07-08,1657238400,3482.0,3509.0,3445.5,3494.0,511,5,1131,947.0
140,-49,FSXE,FSXEU22,D1,2022-07-11,1657497600,3477.0,3484.5,3430.0,3461.5,463,5,908,891.0
141,-48,FSXE,FSXEU22,D1,2022-07-12,1657584000,3463.0,3486.5,3416.5,3449.0,522,5,952,997.0
142,-47,FSXE,FSXEU22,D1,2022-07-13,1657670400,3470.0,3475.0,3396.0,3460.0,703,5,1391,1084.0
143,-46,FSXE,FSXEU22,D1,2022-07-14,1657756800,3434.5,3463.0,3362.0,3411.0,805,5,1925,1423.0
144,-45,FSXE,FSXEU22,D1,2022-07-15,1657843200,3415.0,3474.0,3387.0,3464.0,506,5,948,1421.0
145,-44,FSXE,FSXEU22,D1,2022-07-18,1658102400,3477.5,3527.0,3466.0,3478.0,444,5,986,1286.0
146,-43,FSXE,FSXEU22,D1,2022-07-19,1658188800,3470.0,3590.0,3466.0,3587.0,502,10,964,966.0
147,-42,FSXE,FSXEU22,D1,2022-07-20,1658275200,3593.0,3612.0,3537.0,3558.0,427,5,743,898.0
148,-41,FSXE,FSXEU22,D1,2022-07-21,1658361600,3560.0,3607.0,3547.5,3595.0,407,5,634,780.0
149,-40,FSXE,FSXEU22,D1,2022-07-22,1658448000,3580.0,3619.5,3561.0,3574.5,288,5,519,632.0
150,-39,FSXE,FSXEU22,D1,2022-07-25,1658707200,3579.0,3615.0,3562.0,3592.0,312,5,487,547.0
151,-38,FSXE,FSXEU22,D1,2022-07-26,1658793600,3585.0,3600.0,3552.5,3560.0,302,5,508,505.0
152,-37,FSXE,FSXEU22,D1,2022-07-27,1658880000,3576.5,3638.0,3574.0,3630.0,332,5,602,532.0
153,-36,FSXE,FSXEU22,D1,2022-07-28,1658966400,3615.0,3676.0,3590.0,3656.5,389,10,734,615.0
154,-35,FSXE,FSXEU22,D1,2022-07-29,1659052800,3677.0,3723.0,3661.0,3722.0,352,5,670,669.0
155,-34,FSXE,FSXEU22,D1,2022-08-01,1659312000,3706.5,3729.5,3688.0,3705.0,321,5,569,658.0
156,-33,FSXE,FSXEU22,D1,2022-08-02,1659398400,3685.5,3698.5,3659.0,3675.0,257,5,386,542.0
157,-32,FSXE,FSXEU22,D1,2022-08-03,1659484800,3673.5,3741.0,3666.0,3736.5,337,5,650,535.0
158,-31,FSXE,FSXEU22,D1,2022-08-04,1659571200,3740.5,3778.0,3730.0,3744.0,365,5,1021,686.0
159,-30,FSXE,FSXEU22,D1,2022-08-05,1659657600,3750.0,3756.0,3711.5,3737.0,230,5,481,717.0
160,-29,FSXE,FSXEU22,D1,2022-08-08,1659916800,3726.5,3777.0,3725.0,3749.5,296,5,492,665.0
161,-28,FSXE,FSXEU22,D1,2022-08-09,1660003200,3754.5,3755.0,3705.0,3718.5,414,10,931,635.0
162,-27,FSXE,FSXEU22,D1,2022-08-10,1660089600,3712.0,3757.0,3691.5,3753.0,376,5,583,669.0
163,-26,FSXE,FSXEU22,D1,2022-08-11,1660176000,3764.0,3782.0,3737.5,3737.5,339,5,711,742.0
164,-25,FSXE,FSXEU22,D1,2022-08-12,1660262400,3751.0,3807.0,3747.5,3798.0,226,5,416,570.0
165,-24,FSXE,FSXEU22,D1,2022-08-15,1660521600,3795.0,3808.0,3756.5,3805.0,193,10,402,510.0
166,-23,FSXE,FSXEU22,D1,2022-08-16,1660608000,3803.5,3824.0,3785.5,3818.0,379,5,734,517.0
167,-22,FSXE,FSXEU22,D1,2022-08-17,1660694400,3818.5,3821.5,3746.0,3765.0,400,5,678,605.0
168,-21,FSXE,FSXEU22,D1,2022-08-18,1660780800,3751.5,3783.0,3746.5,3783.0,251,5,412,608.0
169,-20,FSXE,FSXEU22,D1,2022-08-19,1660867200,3770.0,3771.0,3717.0,3722.5,363,5,620,570.0
170,-19,FSXE,FSXEU22,D1,2022-08-22,1661126400,3710.0,3725.0,3636.0,3642.5,486,5,935,656.0
171,-18,FSXE,FSXEU22,D1,2022-08-23,1661212800,3651.0,3672.5,3621.5,3642.0,348,5,701,752.0
172,-17,FSXE,FSXEU22,D1,2022-08-24,1661299200,3635.5,3672.5,3623.5,3657.0,301,5,650,762.0
173,-16,FSXE,FSXEU22,D1,2022-08-25,1661385600,3686.5,3700.0,3655.0,3688.0,365,5,791,714.0
174,-15,FSXE,FSXEU22,D1,2022-08-26,1661472000,3693.0,3704.0,3564.0,3564.0,634,5,1336,926.0
175,-14,FSXE,FSXEU22,D1,2022-08-29,1661731200,3553.0,3585.5,3533.0,3579.0,431,5,1081,1069.0
176,-13,FSXE,FSXEU22,D1,2022-08-30,1661817600,3577.0,3628.5,3538.5,3548.0,488,5,893,1103.0
177,-12,FSXE,FSXEU22,D1,2022-08-31,1661904000,3553.0,3587.0,3500.0,3514.0,602,5,1170,1048.0
178,-11,FSXE,FSXEU22,D1,2022-09-01,1661990400,3494.5,3495.0,3447.0,3478.0,531,5,1131,1065.0
179,-10,FSXE,FSXEU22,D1,2022-09-02,1662076800,3487.0,3548.5,3440.5,3440.5,664,5,1217,1173.0
180,-9,FSXE,FSXEU22,D1,2022-09-05,1662336000,3463.5,3501.0,3429.0,3481.5,453,5,5622,2657.0
181,-8,FSXE,FSXEU22,D1,2022-09-06,1662422400,3481.0,3522.0,3468.5,3483.5,506,5,831,2557.0
182,-7,FSXE,FSXEU22,D1,2022-09-07,1662508800,3468.0,3525.0,3449.0,3518.0,453,0,719,2391.0
183,-6,FSXE,FSXEU22,D1,2022-09-08,1662595200,3522.0,3538.0,3452.5,3489.5,676,0,1873,1141.0
184,-5,FSXE,FSXEU22,D1,2022-09-09,1662681600,3504.0,3589.0,3504.0,3581.0,519,5,1087,1226.0
185,-4,FSXE,FSXEU22,D1,2022-09-12,1662940800,3590.0,3660.0,3583.5,3643.0,390,5,848,1269.0
186,-3,FSXE,FSXEU22,D1,2022-09-13,1663027200,3646.0,3683.0,3555.0,3557.0,560,5,5741,2559.0
187,-2,FSXE,FSXEU22,D1,2022-09-14,1663113600,3559.0,3592.5,3545.0,3563.0,472,5,1002,2530.0
188,-1,FSXE,FSXEU22,D1,2022-09-15,1663200000,3573.0,3587.5,3526.0,3526.0,498,5,963,2569.0
127,-65,FSXE,FSXEZ22,D1,2022-09-16,1663286400,3515.0,3518.0,3472.5,3493.0,668,5,1789,977.0
128,-64,FSXE,FSXEZ22,D1,2022-09-19,1663545600,3506.0,3515.0,3443.5,3512.0,422,5,1046,1070.0
129,-63,FSXE,FSXEZ22,D1,2022-09-20,1663632000,3520.0,3533.0,3423.5,3461.0,541,5,1951,1595.0
130,-62,FSXE,FSXEZ22,D1,2022-09-21,1663718400,3451.0,3518.0,3417.5,3453.5,545,5,1189,1395.0
131,-61,FSXE,FSXEZ22,D1,2022-09-22,1663804800,3432.5,3491.0,3405.0,3439.0,606,10,1138,1426.0
132,-60,FSXE,FSXEZ22,D1,2022-09-23,1663891200,3444.0,3449.0,3324.5,3343.0,685,5,1544,1290.0
133,-59,FSXE,FSXEZ22,D1,2022-09-26,1664150400,3350.5,3373.0,3315.0,3336.0,371,5,1155,1279.0
134,-58,FSXE,FSXEZ22,D1,2022-09-27,1664236800,3353.0,3390.0,3286.0,3311.0,611,5,2914,1871.0
135,-57,FSXE,FSXEZ22,D1,2022-09-28,1664323200,3323.5,3364.0,3251.5,3364.0,759,10,1595,1888.0
136,-56,FSXE,FSXEZ22,D1,2022-09-29,1664409600,3362.0,3362.0,3240.0,3280.5,637,5,1567,2025.0
137,-55,FSXE,FSXEZ22,D1,2022-09-30,1664496000,3281.5,3320.0,3264.0,3278.5,448,5,1152,1438.0
138,-54,FSXE,FSXEZ22,D1,2022-10-03,1664755200,3253.5,3361.0,3240.0,3352.5,458,5,953,1224.0
139,-53,FSXE,FSXEZ22,D1,2022-10-04,1664841600,3363.0,3483.5,3362.0,3465.0,707,5,1137,1081.0
140,-52,FSXE,FSXEZ22,D1,2022-10-05,1664928000,3462.5,3481.0,3421.5,3474.0,570,0,1011,1034.0
141,-51,FSXE,FSXEZ22,D1,2022-10-06,1665014400,3488.0,3493.5,3412.5,3421.0,501,5,1317,1155.0
142,-50,FSXE,FSXEZ22,D1,2022-10-07,1665100800,3415.0,3434.5,3344.5,3351.0,1367,5,1905,1411.0
143,-49,FSXE,FSXEZ22,D1,2022-10-10,1665360000,3340.5,3386.5,3325.5,3370.0,506,5,1282,1501.0
144,-48,FSXE,FSXEZ22,D1,2022-10-11,1665446400,3354.5,3356.5,3306.0,3315.5,716,5,1410,1532.0
145,-47,FSXE,FSXEZ22,D1,2022-10-12,1665532800,3320.0,3366.0,3310.5,3332.0,427,5,719,1137.0
146,-46,FSXE,FSXEZ22,D1,2022-10-13,1665619200,3328.5,3400.0,3251.5,3395.0,1095,5,2494,1541.0
147,-45,FSXE,FSXEZ22,D1,2022-10-14,1665705600,3389.5,3452.0,3360.0,3362.0,727,5,1179,1464.0
148,-44,FSXE,FSXEZ22,D1,2022-10-17,1665964800,3361.5,3454.0,3361.5,3437.0,415,5,785,1486.0
149,-43,FSXE,FSXEZ22,D1,2022-10-18,1666051200,3456.5,3510.0,3436.5,3469.0,597,5,1204,1056.0
150,-42,FSXE,FSXEZ22,D1,2022-10-19,1666137600,3480.0,3501.0,3446.5,3459.5,448,5,986,992.0
151,-41,FSXE,FSXEZ22,D1,2022-10-20,1666224000,3450.0,3503.0,3442.5,3457.5,607,5,1324,1171.0
152,-40,FSXE,FSXEZ22,D1,2022-10-21,1666310400,3466.5,3506.5,3420.0,3503.0,543,5,1156,1155.0
153,-39,FSXE,FSXEZ22,D1,2022-10-24,1666569600,3508.0,3551.0,3471.0,3535.0,812,5,1511,1330.0
154,-38,FSXE,FSXEZ22,D1,2022-10-25,1666656000,3520.0,3591.0,3508.0,3585.5,470,5,1124,1264.0
155,-37,FSXE,FSXEZ22,D1,2022-10-26,1666742400,3570.5,3612.0,3555.5,3584.5,451,5,732,1122.0
156,-36,FSXE,FSXEZ22,D1,2022-10-27,1666828800,3590.0,3616.0,3563.0,3596.5,647,5,1224,1027.0
157,-35,FSXE,FSXEZ22,D1,2022-10-28,1666915200,3580.0,3640.0,3555.0,3637.5,474,5,1011,989.0
158,-34,FSXE,FSXEZ22,D1,2022-10-31,1667174400,3635.5,3635.5,3605.5,3618.0,213,5,434,890.0
159,-33,FSXE,FSXEZ22,D1,2022-11-01,1667260800,3628.0,3678.0,3628.0,3651.5,408,5,1118,854.0
160,-32,FSXE,FSXEZ22,D1,2022-11-02,1667347200,3649.0,3674.0,3580.0,3582.5,478,5,847,800.0
161,-31,FSXE,FSXEZ22,D1,2022-11-03,1667433600,3577.0,3597.5,3560.5,3588.5,412,5,893,953.0
162,-30,FSXE,FSXEZ22,D1,2022-11-04,1667520000,3581.5,3711.0,3581.5,3700.0,715,5,1827,1189.0
163,-29,FSXE,FSXEZ22,D1,2022-11-07,1667779200,3678.5,3720.0,3665.0,3715.0,374,5,1651,1457.0
164,-28,FSXE,FSXEZ22,D1,2022-11-08,1667865600,3719.5,3741.5,3690.5,3733.5,260,5,491,1323.0
165,-27,FSXE,FSXEZ22,D1,2022-11-09,1667952000,3727.0,3737.5,3700.0,3708.0,286,10,433,858.0
166,-26,FSXE,FSXEZ22,D1,2022-11-10,1668038400,3703.0,3852.0,3700.0,3844.5,659,0,2105,1010.0
167,-25,FSXE,FSXEZ22,D1,2022-11-11,1668124800,3854.0,3896.5,3843.5,3892.5,420,5,2230,1589.0
168,-24,FSXE,FSXEZ22,D1,2022-11-14,1668384000,3880.5,3917.5,3870.5,3886.5,326,5,957,1764.0
169,-23,FSXE,FSXEZ22,D1,2022-11-15,1668470400,3872.0,3930.0,3847.5,3887.5,471,5,1928,1705.0
170,-22,FSXE,FSXEZ22,D1,2022-11-16,1668556800,3876.5,3918.0,3860.0,3880.0,373,5,1833,1573.0
171,-21,FSXE,FSXEZ22,D1,2022-11-17,1668643200,3877.0,3907.0,3840.5,3890.0,508,5,892,1551.0
172,-20,FSXE,FSXEZ22,D1,2022-11-18,1668729600,3891.0,3937.5,3888.5,3928.5,493,5,1139,1288.0
173,-19,FSXE,FSXEZ22,D1,2022-11-21,1668988800,3923.0,3927.0,3898.0,3921.5,314,5,1859,1297.0
174,-18,FSXE,FSXEZ22,D1,2022-11-22,1669075200,3924.5,3949.5,3902.0,3944.5,304,5,494,1164.0
175,-17,FSXE,FSXEZ22,D1,2022-11-23,1669161600,3947.0,3954.5,3925.0,3939.5,324,5,1488,1280.0
176,-16,FSXE,FSXEZ22,D1,2022-11-24,1669248000,3950.5,3978.0,3946.5,3964.0,305,5,787,923.0
177,-15,FSXE,FSXEZ22,D1,2022-11-25,1669334400,3960.0,3974.0,3952.0,3970.0,156,5,246,840.0
178,-14,FSXE,FSXEZ22,D1,2022-11-28,1669593600,3948.5,3957.0,3920.0,3924.5,325,5,505,513.0
179,-13,FSXE,FSXEZ22,D1,2022-11-29,1669680000,3923.5,3962.0,3923.5,3948.5,314,10,519,423.0
180,-12,FSXE,FSXEZ22,D1,2022-11-30,1669766400,3943.0,4010.5,3942.5,4007.0,406,5,954,659.0
181,-11,FSXE,FSXEZ22,D1,2022-12-01,1669852800,3985.0,4021.0,3968.0,3988.0,329,0,560,678.0
182,-10,FSXE,FSXEZ22,D1,2022-12-02,1669939200,3972.0,3998.5,3942.0,3980.0,343,5,904,806.0
183,-9,FSXE,FSXEZ22,D1,2022-12-05,1670198400,3983.0,3983.0,3941.5,3951.5,414,5,3154,1539.0
184,-8,FSXE,FSXEZ22,D1,2022-12-06,1670284800,3951.5,3968.0,3920.0,3934.0,332,5,562,1540.0
185,-7,FSXE,FSXEZ22,D1,2022-12-07,1670371200,3939.0,3948.0,3909.0,3931.5,347,5,565,1427.0
186,-6,FSXE,FSXEZ22,D1,2022-12-08,1670457600,3921.5,3937.0,3903.0,3925.0,205,5,489,539.0
187,-5,FSXE,FSXEZ22,D1,2022-12-09,1670544000,3938.5,3950.0,3902.0,3930.0,242,5,481,512.0
188,-4,FSXE,FSXEZ22,D1,2022-12-12,1670803200,3924.0,3942.5,3911.0,3941.5,296,5,644,538.0
126,-67,FSXE,FSXEH23,D1,2022-12-13,1670889600,3935.0,4042.5,3930.0,3980.0,3731,0,2430,1055.0
127,-66,FSXE,FSXEH23,D1,2022-12-14,1670976000,3992.0,3992.0,3950.0,3961.0,876,0,694,1155.0
128,-65,FSXE,FSXEH23,D1,2022-12-15,1671062400,3965.5,3970.0,3832.0,3840.5,3689,0,1452,1525.0
129,-64,FSXE,FSXEH23,D1,2022-12-16,1671148800,3849.5,3858.5,3785.0,3817.0,3740,0,1682,1276.0
130,-63,FSXE,FSXEH23,D1,2022-12-19,1671408000,3817.0,3840.0,3795.5,3799.5,1741,0,839,1324.0
131,-62,FSXE,FSXEH23,D1,2022-12-20,1671494400,3808.5,3824.0,3752.5,3816.0,2109,0,1543,1355.0
132,-61,FSXE,FSXEH23,D1,2022-12-21,1671580800,3825.0,3883.0,3815.5,3882.5,1781,0,1271,1218.0
133,-60,FSXE,FSXEH23,D1,2022-12-22,1671667200,3874.0,3896.0,3802.0,3825.0,2626,0,1101,1305.0
134,-59,FSXE,FSXEH23,D1,2022-12-23,1671753600,3831.5,3848.0,3801.0,3835.0,1933,0,827,1066.0
135,-58,FSXE,FSXEH23,D1,2022-12-27,1672099200,3841.5,3858.5,3827.0,3830.0,541,0,372,767.0
136,-57,FSXE,FSXEH23,D1,2022-12-28,1672185600,3827.5,3845.0,3794.0,3801.0,707,0,1274,824.0
137,-56,FSXE,FSXEH23,D1,2022-12-29,1672272000,3798.0,3860.0,3794.0,3857.0,1051,0,776,807.0
138,-55,FSXE,FSXEH23,D1,2022-12-30,1672358400,3848.5,3848.5,3780.0,3781.0,1360,0,1056,1035.0
139,-54,FSXE,FSXEH23,D1,2023-01-02,1672617600,3804.0,3874.0,3791.0,3874.0,2410,0,1147,993.0
140,-53,FSXE,FSXEH23,D1,2023-01-03,1672704000,3832.0,3926.0,3813.5,3892.0,4122,0,2190,1464.0
141,-52,FSXE,FSXEH23,D1,2023-01-04,1672790400,3892.5,3991.0,3892.5,3981.5,3782,0,1705,1681.0
142,-51,FSXE,FSXEH23,D1,2023-01-05,1672876800,3981.0,3983.0,3956.0,3967.5,2016,0,922,1606.0
143,-50,FSXE,FSXEH23,D1,2023-01-06,1672963200,3979.0,4050.0,3957.0,4050.0,2556,0,1196,1274.0
144,-49,FSXE,FSXEH23,D1,2023-01-09,1673222400,4044.0,4087.0,4030.0,4051.5,2780,0,1554,1224.0
145,-48,FSXE,FSXEH23,D1,2023-01-10,1673308800,4051.0,4085.5,4042.0,4085.0,2617,0,1013,1254.0
146,-47,FSXE,FSXEH23,D1,2023-01-11,1673395200,4088.5,4126.0,4072.5,4125.5,2231,0,1186,1251.0
147,-46,FSXE,FSXEH23,D1,2023-01-12,1673481600,4121.0,4152.5,4106.0,4141.5,3967,0,1797,1332.0
148,-45,FSXE,FSXEH23,D1,2023-01-13,1673568000,4148.0,4177.5,4134.0,4174.0,2882,0,1315,1433.0
149,-44,FSXE,FSXEH23,D1,2023-01-16,1673827200,4170.5,4192.5,4152.0,4160.5,1906,0,1215,1442.0
150,-43,FSXE,FSXEH23,D1,2023-01-17,1673913600,4160.5,4201.0,4148.0,4185.0,2202,0,1252,1261.0
151,-42,FSXE,FSXEH23,D1,2023-01-18,1674000000,4181.0,4204.0,4161.0,4162.0,2225,0,1216,1228.0
152,-41,FSXE,FSXEH23,D1,2023-01-19,1674086400,4160.0,4166.5,4096.5,4113.0,4226,0,2272,1580.0
153,-40,FSXE,FSXEH23,D1,2023-01-20,1674172800,4122.5,4145.0,4106.0,4144.0,3687,0,6321,3270.0
154,-39,FSXE,FSXEH23,D1,2023-01-23,1674432000,4144.0,4170.0,4129.0,4168.0,1827,0,1069,3221.0
155,-38,FSXE,FSXEH23,D1,2023-01-24,1674518400,4167.0,4177.0,4139.5,4161.0,9651,0,2324,3238.0
156,-37,FSXE,FSXEH23,D1,2023-01-25,1674604800,4173.0,4178.0,4124.0,4170.5,2692,0,1412,1602.0
157,-36,FSXE,FSXEH23,D1,2023-01-26,1674691200,4181.0,4198.5,4168.0,4195.0,2668,0,1779,1838.0
158,-35,FSXE,FSXEH23,D1,2023-01-27,1674777600,4193.0,4195.5,4159.0,4176.5,1957,0,1000,1397.0
159,-34,FSXE,FSXEH23,D1,2023-01-30,1675036800,4179.5,4182.5,4127.5,4157.5,715,5,1930,1570.0
160,-33,FSXE,FSXEH23,D1,2023-01-31,1675123200,4158.0,4181.0,4130.0,4181.0,633,5,958,1296.0
161,-32,FSXE,FSXEH23,D1,2023-02-01,1675209600,4188.5,4218.0,4160.0,4218.0,710,5,1399,1429.0
162,-31,FSXE,FSXEH23,D1,2023-02-02,1675296000,4203.0,4259.5,4195.5,4238.5,705,0,2362,1573.0
163,-30,FSXE,FSXEH23,D1,2023-02-03,1675382400,4246.0,4264.0,4212.0,4244.5,417,5,716,1492.0
164,-29,FSXE,FSXEH23,D1,2023-02-06,1675641600,4231.5,4237.5,4192.0,4214.0,470,5,795,1291.0
165,-28,FSXE,FSXEH23,D1,2023-02-07,1675728000,4219.5,4243.5,4199.0,4243.5,477,5,972,828.0
166,-27,FSXE,FSXEH23,D1,2023-02-08,1675814400,4250.0,4257.0,4206.0,4219.0,432,5,735,834.0
167,-26,FSXE,FSXEH23,D1,2023-02-09,1675900800,4224.5,4280.0,4223.0,4229.0,514,5,844,850.0
168,-25,FSXE,FSXEH23,D1,2023-02-10,1675987200,4232.5,4243.0,4180.0,4215.5,515,5,990,856.0
169,-24,FSXE,FSXEH23,D1,2023-02-13,1676246400,4202.0,4263.5,4191.0,4262.5,385,5,646,827.0
170,-23,FSXE,FSXEH23,D1,2023-02-14,1676332800,4263.5,4285.5,4240.0,4276.0,549,5,1048,895.0
171,-22,FSXE,FSXEH23,D1,2023-02-15,1676419200,4262.0,4306.5,4239.0,4302.0,492,5,687,794.0
172,-21,FSXE,FSXEH23,D1,2023-02-16,1676505600,4309.0,4322.0,4275.5,4288.0,845,0,1465,1067.0
173,-20,FSXE,FSXEH23,D1,2023-02-17,1676592000,4285.0,4298.0,4237.0,4295.0,572,5,1017,1056.0
174,-19,FSXE,FSXEH23,D1,2023-02-20,1676851200,4287.0,4300.5,4268.0,4272.5,306,5,465,982.0
175,-18,FSXE,FSXEH23,D1,2023-02-21,1676937600,4274.0,4275.5,4215.5,4252.0,614,5,1438,973.0
176,-17,FSXE,FSXEH23,D1,2023-02-22,1677024000,4245.5,4263.5,4211.0,4242.0,756,5,1698,1200.0
177,-16,FSXE,FSXEH23,D1,2023-02-23,1677110400,4258.0,4292.0,4253.5,4290.0,405,5,751,1296.0
178,-15,FSXE,FSXEH23,D1,2023-02-24,1677196800,4287.0,4288.5,4169.0,4194.0,623,5,1104,1184.0
179,-14,FSXE,FSXEH23,D1,2023-02-27,1677456000,4202.0,4272.0,4198.0,4252.5,524,5,1151,1002.0
180,-13,FSXE,FSXEH23,D1,2023-02-28,1677542400,4260.5,4273.0,4226.0,4234.5,409,5,759,1005.0
181,-12,FSXE,FSXEH23,D1,2023-03-01,1677628800,4229.5,4280.0,4210.0,4227.5,575,5,1546,1152.0
182,-11,FSXE,FSXEH23,D1,2023-03-02,1677715200,4224.5,4268.0,4181.0,4265.0,746,5,1807,1371.0
183,-10,FSXE,FSXEH23,D1,2023-03-03,1677801600,4262.5,4324.0,4254.5,4315.0,591,0,1105,1486.0
184,-9,FSXE,FSXEH23,D1,2023-03-06,1678060800,4313.0,4331.0,4298.5,4308.5,388,0,671,1194.0
185,-8,FSXE,FSXEH23,D1,2023-03-07,1678147200,4309.0,4320.5,4266.5,4278.0,337,5,752,843.0
186,-7,FSXE,FSXEH23,D1,2023-03-08,1678233600,4275.0,4305.0,4259.0,4295.0,474,5,884,769.0
187,-6,FSXE,FSXEH23,D1,2023-03-09,1678320000,4323.0,4323.0,4239.0,4241.0,464,5,920,852.0
188,-5,FSXE,FSXEH23,D1,2023-03-10,1678406400,4234.0,4252.0,4174.0,4179.5,789,5,1611,1138.0
189,-4,FSXE,FSXEH23,D1,2023-03-13,1678665600,4215.5,4242.5,4071.5,4092.5,1174,5,3400,1977.0
190,-3,FSXE,FSXEH23,D1,2023-03-14,1678752000,4101.0,4189.5,4073.0,4170.5,652,5,1566,2192.0
191,-2,FSXE,FSXEH23,D1,2023-03-15,1678838400,4172.0,4182.0,4017.0,4083.0,1006,5,2133,2366.0
128,-63,FSXE,FSXEM23,D1,2023-03-16,1678924800,4020.0,4088.0,3950.0,4085.0,7122,0,1957,1761.0
129,-62,FSXE,FSXEM23,D1,2023-03-17,1679011200,4078.5,4110.0,3979.0,3998.0,5593,0,2133,1777.0
130,-61,FSXE,FSXEM23,D1,2023-03-20,1679270400,4023.0,4085.0,3916.0,4062.5,7741,0,3316,2469.0
131,-60,FSXE,FSXEM23,D1,2023-03-21,1679356800,4084.0,4152.0,4073.5,4139.0,4902,0,2988,2812.0
132,-59,FSXE,FSXEM23,D1,2023-03-22,1679443200,4130.0,4160.5,4088.5,4098.0,4753,0,2046,2783.0
133,-58,FSXE,FSXEM23,D1,2023-03-23,1679529600,4101.0,4157.5,4082.0,4124.0,3365,0,1702,2245.0
134,-57,FSXE,FSXEM23,D1,2023-03-24,1679616000,4118.0,4136.0,4034.0,4097.0,5669,0,2045,1931.0
135,-56,FSXE,FSXEM23,D1,2023-03-27,1679875200,4106.0,4133.0,4082.0,4118.0,3159,0,1325,1691.0
136,-55,FSXE,FSXEM23,D1,2023-03-28,1679961600,4117.5,4148.0,4092.0,4106.5,1872,0,1254,1541.0
137,-54,FSXE,FSXEM23,D1,2023-03-29,1680048000,4117.5,4192.0,4117.5,4187.0,3040,0,1328,1302.0
138,-53,FSXE,FSXEM23,D1,2023-03-30,1680134400,4181.0,4242.5,4177.0,4226.5,2555,0,1329,1304.0
139,-52,FSXE,FSXEM23,D1,2023-03-31,1680220800,4238.0,4271.5,4224.0,4264.5,2613,0,1528,1395.0
140,-51,FSXE,FSXEM23,D1,2023-04-03,1680480000,4269.0,4274.0,4249.0,4261.0,2254,0,1221,1359.0
141,-50,FSXE,FSXEM23,D1,2023-04-04,1680566400,4260.5,4294.0,4249.0,4253.5,2262,0,1186,1312.0
142,-49,FSXE,FSXEM23,D1,2023-04-05,1680652800,4261.5,4264.0,4231.0,4246.5,1665,0,944,1117.0
143,-48,FSXE,FSXEM23,D1,2023-04-06,1680739200,4238.5,4275.5,4231.0,4262.0,1120,0,720,950.0
144,-47,FSXE,FSXEM23,D1,2023-04-11,1681171200,4273.5,4306.0,4239.5,4284.5,3368,0,1985,1216.0
145,-46,FSXE,FSXEM23,D1,2023-04-12,1681257600,4276.0,4319.0,4267.0,4283.0,2553,0,2332,1679.0
146,-45,FSXE,FSXEM23,D1,2023-04-13,1681344000,4292.0,4324.5,4279.5,4324.0,1708,0,1006,1774.0
147,-44,FSXE,FSXEM23,D1,2023-04-14,1681430400,4317.5,4344.0,4314.0,4341.0,1835,0,1172,1503.0
148,-43,FSXE,FSXEM23,D1,2023-04-17,1681689600,4347.5,4348.0,4308.0,4326.5,1388,0,1004,1061.0
149,-42,FSXE,FSXEM23,D1,2023-04-18,1681776000,4317.5,4352.5,4317.5,4347.5,1077,0,721,966.0
150,-41,FSXE,FSXEM23,D1,2023-04-19,1681862400,4337.5,4400.0,4320.0,4356.0,3193,0,2070,1265.0
151,-40,FSXE,FSXEM23,D1,2023-04-20,1681948800,4340.5,4349.0,4310.0,4331.5,2610,0,1646,1479.0
152,-39,FSXE,FSXEM23,D1,2023-04-21,1682035200,4326.0,4363.0,4312.5,4358.0,2067,0,2906,2207.0
153,-38,FSXE,FSXEM23,D1,2023-04-24,1682294400,4354.0,4361.5,4338.0,4353.5,217,5,414,1655.0
154,-37,FSXE,FSXEM23,D1,2023-04-25,1682380800,4357.5,4357.5,4302.0,4303.5,267,5,1068,1463.0
155,-36,FSXE,FSXEM23,D1,2023-04-26,1682467200,4308.0,4318.0,4281.0,4285.5,378,5,833,772.0
156,-35,FSXE,FSXEM23,D1,2023-04-27,1682553600,4288.0,4344.5,4285.5,4342.5,437,5,1118,1006.0
157,-34,FSXE,FSXEM23,D1,2023-04-28,1682640000,4335.0,4347.0,4270.0,4324.0,538,5,1387,1113.0
158,-33,FSXE,FSXEM23,D1,2023-05-02,1682985600,4331.5,4341.5,4255.0,4274.5,451,5,1041,1182.0
159,-32,FSXE,FSXEM23,D1,2023-05-03,1683072000,4279.0,4304.0,4267.0,4273.0,319,5,845,1091.0
160,-31,FSXE,FSXEM23,D1,2023-05-04,1683158400,4256.5,4278.0,4235.0,4266.0,441,5,1240,1042.0
161,-30,FSXE,FSXEM23,D1,2023-05-05,1683244800,4259.5,4340.0,4259.5,4337.5,460,5,1304,1130.0
162,-29,FSXE,FSXEM23,D1,2023-05-08,1683504000,4330.0,4340.0,4320.0,4337.5,291,5,641,1062.0
163,-28,FSXE,FSXEM23,D1,2023-05-09,1683590400,4336.5,4340.0,4292.0,4313.0,330,5,599,848.0
164,-27,FSXE,FSXEM23,D1,2023-05-10,1683676800,4315.5,4320.0,4270.0,4301.0,321,5,591,610.0
165,-26,FSXE,FSXEM23,D1,2023-05-11,1683763200,4304.0,4330.0,4270.0,4299.5,341,5,710,633.0
166,-25,FSXE,FSXEM23,D1,2023-05-12,1683849600,4309.0,4338.5,4297.0,4309.5,456,5,1218,840.0
167,-24,FSXE,FSXEM23,D1,2023-05-15,1684108800,4313.5,4333.0,4299.0,4321.5,324,5,1120,1016.0
168,-23,FSXE,FSXEM23,D1,2023-05-16,1684195200,4321.5,4323.0,4293.0,4305.0,304,5,637,992.0
169,-22,FSXE,FSXEM23,D1,2023-05-17,1684281600,4301.0,4349.0,4289.0,4340.5,391,5,1116,958.0
170,-21,FSXE,FSXEM23,D1,2023-05-18,1684368000,4344.0,4377.0,4338.0,4375.5,362,5,724,826.0
171,-20,FSXE,FSXEM23,D1,2023-05-19,1684454400,4378.0,4409.0,4375.0,4400.0,388,5,1095,978.0
172,-19,FSXE,FSXEM23,D1,2023-05-22,1684713600,4391.0,4400.0,4377.0,4389.5,325,5,802,874.0
173,-18,FSXE,FSXEM23,D1,2023-05-23,1684800000,4399.0,4399.0,4321.0,4328.0,404,5,842,913.0
174,-17,FSXE,FSXEM23,D1,2023-05-24,1684886400,4331.0,4332.0,4254.0,4261.5,563,5,1302,982.0
175,-16,FSXE,FSXEM23,D1,2023-05-25,1684972800,4278.0,4291.0,4252.0,4288.5,486,5,1184,1109.0
176,-15,FSXE,FSXEM23,D1,2023-05-26,1685059200,4281.0,4348.5,4260.0,4346.0,569,5,2134,1540.0
177,-14,FSXE,FSXEM23,D1,2023-05-29,1685318400,4342.0,4361.0,4314.5,4319.5,265,5,655,1324.0
178,-13,FSXE,FSXEM23,D1,2023-05-30,1685404800,4322.5,4349.0,4287.0,4294.5,313,5,847,1212.0
179,-12,FSXE,FSXEM23,D1,2023-05-31,1685491200,4293.0,4300.0,4217.0,4243.0,690,5,2357,1286.0
180,-11,FSXE,FSXEM23,D1,2023-06-01,1685577600,4244.0,4278.0,4230.0,4268.0,383,5,699,1301.0
181,-10,FSXE,FSXEM23,D1,2023-06-02,1685664000,4271.0,4337.0,4270.0,4335.0,423,5,918,1325.0
182,-9,FSXE,FSXEM23,D1,2023-06-05,1685923200,4330.5,4342.0,4284.0,4292.0,339,5,670,762.0
183,-8,FSXE,FSXEM23,D1,2023-06-06,1686009600,4286.0,4308.0,4276.5,4307.5,304,5,635,741.0
184,-7,FSXE,FSXEM23,D1,2023-06-07,1686096000,4310.5,4312.0,4276.5,4293.0,268,5,460,588.0
185,-6,FSXE,FSXEM23,D1,2023-06-08,1686182400,4287.0,4311.0,4276.0,4307.0,251,5,925,673.0
186,-5,FSXE,FSXEM23,D1,2023-06-09,1686268800,4304.0,4310.5,4277.0,4299.5,262,5,621,669.0
187,-4,FSXE,FSXEM23,D1,2023-06-12,1686528000,4314.0,4336.5,4305.0,4332.0,468,5,989,845.0
188,-3,FSXE,FSXEM23,D1,2023-06-13,1686614400,4334.0,4356.0,4309.0,4352.0,390,0,827,812.0
189,-2,FSXE,FSXEM23,D1,2023-06-14,1686700800,4353.0,4388.0,4344.0,4366.0,329,5,793,870.0
125,-66,FSXE,FSXEU23,D1,2023-06-15,1686787200,4413.5,4413.5,4362.0,4399.0,2024,0,2082,1349.0
126,-65,FSXE,FSXEU23,D1,2023-06-16,1686873600,4393.5,4448.0,4391.0,4448.0,2362,0,1727,1664.0
127,-64,FSXE,FSXEU23,D1,2023-06-19,1687132800,4433.5,4433.5,4381.0,4387.5,1544,0,1632,1814.0
128,-63,FSXE,FSXEU23,D1,2023-06-20,1687219200,4386.5,4391.5,4365.0,4376.0,1963,0,1251,1537.0
129,-62,FSXE,FSXEU23,D1,2023-06-21,1687305600,4380.5,4381.0,4342.0,4346.0,1614,0,1007,1297.0
130,-61,FSXE,FSXEU23,D1,2023-06-22,1687392000,4348.0,4348.0,4289.0,4330.5,3124,0,1775,1344.0
131,-60,FSXE,FSXEU23,D1,2023-06-23,1687478400,4327.0,4327.0,4274.0,4285.5,1888,0,831,1204.0
132,-59,FSXE,FSXEU23,D1,2023-06-26,1687737600,4301.5,4320.0,4261.5,4309.0,2555,0,2134,1580.0
133,-58,FSXE,FSXEU23,D1,2023-06-27,1687824000,4314.5,4356.5,4296.0,4351.0,2076,0,1686,1550.0
134,-57,FSXE,FSXEU23,D1,2023-06-28,1687910400,4345.5,4384.0,4341.0,4370.0,2419,0,2387,2069.0
135,-56,FSXE,FSXEU23,D1,2023-06-29,1687996800,4382.0,4398.5,4367.0,4388.5,1581,0,1792,1955.0
136,-55,FSXE,FSXEU23,D1,2023-06-30,1688083200,4409.5,4442.5,4380.0,4442.5,1628,0,1926,2035.0
137,-54,FSXE,FSXEU23,D1,2023-07-03,1688342400,4438.5,4446.5,4421.0,4434.0,2120,0,1224,1647.0
138,-53,FSXE,FSXEU23,D1,2023-07-04,1688428800,4429.0,4439.0,4412.0,4425.0,539,0,354,1168.0
139,-52,FSXE,FSXEU23,D1,2023-07-05,1688515200,4410.0,4410.0,4366.0,4372.5,1363,0,998,859.0
140,-51,FSXE,FSXEU23,D1,2023-07-06,1688601600,4366.0,4367.5,4234.0,4252.0,4206,0,2257,1203.0
141,-50,FSXE,FSXEU23,D1,2023-07-07,1688688000,4247.5,4281.5,4219.0,4264.0,4021,0,3835,2363.0
142,-49,FSXE,FSXEU23,D1,2023-07-10,1688947200,4267.5,4297.0,4235.0,4271.5,1723,0,929,2340.0
143,-48,FSXE,FSXEU23,D1,2023-07-11,1689033600,4281.0,4325.0,4281.0,4323.0,1795,0,1655,2140.0
144,-47,FSXE,FSXEU23,D1,2023-07-12,1689120000,4321.5,4392.0,4320.5,4382.0,2760,0,3001,1862.0
145,-46,FSXE,FSXEU23,D1,2023-07-13,1689206400,4388.5,4434.0,4381.5,4423.0,1883,0,1213,1956.0
146,-45,FSXE,FSXEU23,D1,2023-07-14,1689292800,4415.5,4436.0,4395.0,4416.5,2503,0,1691,1968.0
147,-44,FSXE,FSXEU23,D1,2023-07-17,1689552000,4401.0,4404.0,4365.0,4389.5,1898,0,1175,1360.0
148,-43,FSXE,FSXEU23,D1,2023-07-18,1689638400,4383.5,4407.0,4367.5,4406.0,1609,0,1594,1487.0
149,-42,FSXE,FSXEU23,D1,2023-07-19,1689724800,4409.0,4427.5,4377.0,4381.0,1668,0,1060,1276.0
150,-41,FSXE,FSXEU23,D1,2023-07-20,1689811200,4379.5,4402.0,4362.0,4382.0,1669,0,953,1202.0
151,-40,FSXE,FSXEU23,D1,2023-07-21,1689897600,4376.0,4418.0,4375.0,4406.5,1559,0,1374,1129.0
152,-39,FSXE,FSXEU23,D1,2023-07-24,1690156800,4405.0,4411.5,4386.0,4406.0,696,0,617,981.0
153,-38,FSXE,FSXEU23,D1,2023-07-25,1690243200,4406.5,4423.5,4392.5,4400.5,1543,0,1350,1114.0
154,-37,FSXE,FSXEU23,D1,2023-07-26,1690329600,4391.5,4402.5,4332.5,4373.0,2889,0,2208,1392.0
155,-36,FSXE,FSXEU23,D1,2023-07-27,1690416000,4372.0,4480.5,4372.0,4438.0,3962,0,2476,2011.0
156,-35,FSXE,FSXEU23,D1,2023-07-28,1690502400,4446.5,4498.5,4432.5,4486.0,2449,0,1646,2110.0
157,-34,FSXE,FSXEU23,D1,2023-07-31,1690761600,4487.5,4512.5,4474.5,4494.0,1268,0,861,1661.0
158,-33,FSXE,FSXEU23,D1,2023-08-01,1690848000,4495.5,4498.0,4422.0,4431.0,2023,0,1948,1485.0
159,-32,FSXE,FSXEU23,D1,2023-08-02,1690934400,4420.5,4423.5,4338.5,4343.5,4766,0,2347,1719.0
160,-31,FSXE,FSXEU23,D1,2023-08-03,1691020800,4346.0,4353.0,4295.0,4329.0,3084,0,1495,1930.0
161,-30,FSXE,FSXEU23,D1,2023-08-04,1691107200,4324.5,4363.0,4300.0,4300.0,3813,0,3194,2345.0
162,-29,FSXE,FSXEU23,D1,2023-08-07,1691366400,4317.5,4371.0,4317.5,4371.0,2146,0,1199,1963.0
163,-28,FSXE,FSXEU23,D1,2023-08-08,1691452800,4362.0,4367.0,4274.5,4326.5,2919,0,2117,2170.0
164,-27,FSXE,FSXEU23,D1,2023-08-09,1691539200,4326.0,4372.0,4325.0,4339.0,2383,0,1496,1604.0
165,-26,FSXE,FSXEU23,D1,2023-08-10,1691625600,4344.5,4419.0,4344.5,4379.0,3700,0,1675,1763.0
166,-25,FSXE,FSXEU23,D1,2023-08-11,1691712000,4389.0,4391.0,4324.5,4346.5,2184,0,1029,1400.0
167,-24,FSXE,FSXEU23,D1,2023-08-14,1691971200,4309.0,4358.0,4309.0,4350.0,258,5,560,1088.0
168,-23,FSXE,FSXEU23,D1,2023-08-15,1692057600,4353.0,4363.5,4277.5,4288.0,395,5,673,754.0
169,-22,FSXE,FSXEU23,D1,2023-08-16,1692144000,4283.0,4318.0,4270.5,4284.0,277,5,484,572.0
170,-21,FSXE,FSXEU23,D1,2023-08-17,1692230400,4226.0,4289.0,4222.0,4227.0,333,5,843,667.0
171,-20,FSXE,FSXEU23,D1,2023-08-18,1692316800,4245.5,4245.5,4187.0,4233.5,509,5,1209,845.0
172,-19,FSXE,FSXEU23,D1,2023-08-21,1692576000,4231.5,4277.0,4221.0,4260.0,332,10,783,945.0
173,-18,FSXE,FSXEU23,D1,2023-08-22,1692662400,4248.0,4304.5,4242.0,4264.5,335,5,583,858.0
174,-17,FSXE,FSXEU23,D1,2023-08-23,1692748800,4270.0,4302.5,4260.0,4284.0,307,5,640,669.0
175,-16,FSXE,FSXEU23,D1,2023-08-24,1692835200,4298.0,4333.0,4232.5,4234.0,531,5,1111,778.0
176,-15,FSXE,FSXEU23,D1,2023-08-25,1692921600,4241.0,4279.0,4226.0,4267.0,325,5,556,769.0
177,-14,FSXE,FSXEU23,D1,2023-08-28,1693180800,4268.5,4313.0,4265.5,4307.0,296,5,531,733.0
178,-13,FSXE,FSXEU23,D1,2023-08-29,1693267200,4306.5,4344.5,4300.0,4343.0,414,5,1060,716.0
179,-12,FSXE,FSXEU23,D1,2023-08-30,1693353600,4342.5,4356.5,4303.0,4322.5,372,5,668,753.0
180,-11,FSXE,FSXEU23,D1,2023-08-31,1693440000,4315.0,4347.5,4289.5,4301.0,460,5,1267,998.0
181,-10,FSXE,FSXEU23,D1,2023-09-01,1693526400,4315.0,4327.0,4283.0,4294.5,404,5,987,974.0
182,-9,FSXE,FSXEU23,D1,2023-09-04,1693785600,4300.0,4329.0,4275.0,4286.0,206,5,359,871.0
183,-8,FSXE,FSXEU23,D1,2023-09-05,1693872000,4283.0,4292.5,4239.0,4274.5,277,5,2247,1198.0
184,-7,FSXE,FSXEU23,D1,2023-09-06,1693958400,4265.0,4270.0,4229.5,4236.5,319,5,487,1031.0
185,-6,FSXE,FSXEU23,D1,2023-09-07,1694044800,4246.0,4257.5,4211.0,4226.0,418,0,1148,1294.0
186,-5,FSXE,FSXEU23,D1,2023-09-08,1694131200,4227.0,4248.5,4182.0,4238.0,545,5,1026,887.0
187,-4,FSXE,FSXEU23,D1,2023-09-11,1694390400,4242.5,4283.5,4238.0,4264.0,239,5,341,838.0
188,-3,FSXE,FSXEU23,D1,2023-09-12,1694476800,4262.0,4269.5,4232.0,4244.5,206,5,368,578.0
125,-67,FSXE,FSXEZ23,D1,2023-09-13,1694563200,4271.0,4271.5,4227.0,4242.5,1679,0,4652,1723.0
126,-66,FSXE,FSXEZ23,D1,2023-09-14,1694649600,4260.0,4333.0,4235.0,4327.0,3593,0,6165,3700.0
127,-65,FSXE,FSXEZ23,D1,2023-09-15,1694736000,4332.0,4357.0,4312.0,4314.5,2545,0,1467,4095.0
128,-64,FSXE,FSXEZ23,D1,2023-09-18,1694995200,4346.5,4346.5,4262.5,4275.0,2968,0,2315,3316.0
129,-63,FSXE,FSXEZ23,D1,2023-09-19,1695081600,4277.0,4293.0,4256.5,4280.0,1589,0,1063,1615.0
130,-62,FSXE,FSXEZ23,D1,2023-09-20,1695168000,4270.5,4318.5,4265.5,4285.0,1839,0,1802,1727.0
131,-61,FSXE,FSXEZ23,D1,2023-09-21,1695254400,4283.5,4283.5,4214.0,4214.0,3008,0,2255,1707.0
132,-60,FSXE,FSXEZ23,D1,2023-09-22,1695340800,4217.0,4247.0,4203.0,4225.0,2323,0,1492,1850.0
133,-59,FSXE,FSXEZ23,D1,2023-09-25,1695600000,4234.5,4242.0,4170.5,4200.0,2876,0,1858,1868.0
134,-58,FSXE,FSXEZ23,D1,2023-09-26,1695686400,4186.0,4188.0,4138.0,4138.0,2991,0,1580,1643.0
135,-57,FSXE,FSXEZ23,D1,2023-09-27,1695772800,4149.5,4179.5,4124.0,4163.0,3044,0,2240,1893.0
136,-56,FSXE,FSXEZ23,D1,2023-09-28,1695859200,4165.0,4198.0,4131.0,4183.0,1866,0,2182,2001.0
137,-55,FSXE,FSXEZ23,D1,2023-09-29,1695945600,4177.5,4238.0,4173.0,4193.5,2348,0,1405,1942.0
138,-54,FSXE,FSXEZ23,D1,2023-10-02,1696204800,4190.0,4228.5,4134.5,4148.5,3756,0,2343,1977.0
139,-53,FSXE,FSXEZ23,D1,2023-10-03,1696291200,4146.0,4169.0,4105.0,4122.0,2875,0,1912,1887.0
140,-52,FSXE,FSXEZ23,D1,2023-10-04,1696377600,4104.0,4150.0,4084.0,4138.0,2398,0,1577,1944.0
141,-51,FSXE,FSXEZ23,D1,2023-10-05,1696464000,4115.0,4148.5,4112.0,4134.0,1963,0,2444,1978.0
142,-50,FSXE,FSXEZ23,D1,2023-10-06,1696550400,4127.0,4191.0,4112.5,4185.5,4006,0,2774,2265.0
143,-49,FSXE,FSXEZ23,D1,2023-10-09,1696809600,4125.0,4160.5,4117.5,4152.0,1700,0,1237,2152.0
144,-48,FSXE,FSXEZ23,D1,2023-10-10,1696896000,4160.0,4231.0,4160.0,4204.5,2644,0,2223,2078.0
145,-47,FSXE,FSXEZ23,D1,2023-10-11,1696982400,4204.0,4239.5,4188.0,4229.5,2069,0,1431,1630.0
146,-46,FSXE,FSXEZ23,D1,2023-10-12,1697068800,4233.5,4255.0,4189.0,4208.5,2193,0,1281,1645.0
147,-45,FSXE,FSXEZ23,D1,2023-10-13,1697155200,4208.0,4220.5,4140.0,4153.0,3126,0,2078,1597.0
148,-44,FSXE,FSXEZ23,D1,2023-10-16,1697414400,4140.5,4182.0,4129.0,4177.5,1925,0,1172,1510.0
149,-43,FSXE,FSXEZ23,D1,2023-10-17,1697500800,4178.0,4188.0,4129.0,4177.0,1720,0,1169,1473.0
150,-42,FSXE,FSXEZ23,D1,2023-10-18,1697587200,4160.0,4178.5,4101.5,4109.0,2140,0,1383,1241.0
151,-41,FSXE,FSXEZ23,D1,2023-10-19,1697673600,4085.0,4125.5,4071.5,4081.0,2885,0,2192,1581.0
152,-40,FSXE,FSXEZ23,D1,2023-10-20,1697760000,4071.0,4082.5,4036.0,4039.5,2002,0,1233,1603.0
153,-39,FSXE,FSXEZ23,D1,2023-10-23,1698019200,4049.5,4068.0,4006.5,4040.5,2789,0,1832,1752.0
154,-38,FSXE,FSXEZ23,D1,2023-10-24,1698105600,4063.5,4090.0,4033.0,4089.0,1818,0,1485,1517.0
155,-37,FSXE,FSXEZ23,D1,2023-10-25,1698192000,4081.0,4098.5,4050.5,4050.5,2182,0,2009,1775.0
156,-36,FSXE,FSXEZ23,D1,2023-10-26,1698278400,4050.0,4079.0,4028.0,4051.5,2658,0,1673,1722.0
157,-35,FSXE,FSXEZ23,D1,2023-10-27,1698364800,4064.5,4081.0,3995.0,4012.0,2946,0,1192,1625.0
158,-34,FSXE,FSXEZ23,D1,2023-10-30,1698624000,4020.0,4063.5,4020.0,4057.0,1756,0,2065,1643.0
159,-33,FSXE,FSXEZ23,D1,2023-10-31,1698710400,4049.0,4087.0,4031.0,4081.5,1875,0,1972,1743.0
160,-32,FSXE,FSXEZ23,D1,2023-11-01,1698796800,4079.0,4125.0,4062.5,4125.0,2157,0,2448,2162.0
161,-31,FSXE,FSXEZ23,D1,2023-11-02,1698883200,4129.5,4204.0,4123.0,4199.5,3405,0,1664,2028.0
162,-30,FSXE,FSXEZ23,D1,2023-11-03,1698969600,4204.0,4208.0,4177.0,4186.5,1758,0,2370,2161.0
163,-29,FSXE,FSXEZ23,D1,2023-11-06,1699228800,4186.5,4200.0,4158.0,4174.0,1075,0,1852,1962.0
164,-28,FSXE,FSXEZ23,D1,2023-11-07,1699315200,4169.5,4177.5,4146.0,4162.0,1468,0,1187,1803.0
165,-27,FSXE,FSXEZ23,D1,2023-11-08,1699401600,4160.5,4210.0,4143.0,4196.0,1787,0,1642,1560.0
166,-26,FSXE,FSXEZ23,D1,2023-11-09,1699488000,4190.0,4246.0,4187.0,4210.0,2106,0,1940,1590.0
167,-25,FSXE,FSXEZ23,D1,2023-11-10,1699574400,4206.0,4245.0,4186.0,4245.0,1439,0,2147,1910.0
168,-24,FSXE,FSXEZ23,D1,2023-11-13,1699833600,4252.0,4252.0,4213.0,4246.5,1092,0,1732,1940.0
169,-23,FSXE,FSXEZ23,D1,2023-11-14,1699920000,4243.0,4317.0,4236.5,4307.5,3166,0,1615,1831.0
170,-22,FSXE,FSXEZ23,D1,2023-11-15,1700006400,4308.0,4336.5,4306.0,4323.5,987,0,960,1436.0
171,-21,FSXE,FSXEZ23,D1,2023-11-16,1700092800,4319.5,4331.0,4307.0,4323.5,1132,0,847,1141.0
172,-20,FSXE,FSXEZ23,D1,2023-11-17,1700179200,4325.0,4356.5,4316.5,4356.5,774,0,869,892.0
173,-19,FSXE,FSXEZ23,D1,2023-11-20,1700438400,4355.5,4367.5,4339.5,4356.5,819,0,1275,997.0
174,-18,FSXE,FSXEZ23,D1,2023-11-21,1700524800,4361.0,4363.5,4339.5,4347.0,468,0,1035,1060.0
175,-17,FSXE,FSXEZ23,D1,2023-11-22,1700611200,4354.0,4368.0,4344.5,4365.0,896,0,887,1066.0
176,-16,FSXE,FSXEZ23,D1,2023-11-23,1700697600,4359.0,4372.0,4358.5,4369.0,332,0,409,777.0
177,-15,FSXE,FSXEZ23,D1,2023-11-24,1700784000,4373.5,4386.0,4362.5,4381.5,330,0,373,556.0
178,-14,FSXE,FSXEZ23,D1,2023-11-27,1701043200,4378.0,4386.0,4362.0,4362.5,813,0,676,486.0
179,-13,FSXE,FSXEZ23,D1,2023-11-28,1701129600,4356.0,4365.0,4336.0,4350.0,234,5,611,553.0
180,-12,FSXE,FSXEZ23,D1,2023-11-29,1701216000,4355.0,4389.0,4349.5,4376.0,291,5,540,609.0
181,-11,FSXE,FSXEZ23,D1,2023-11-30,1701302400,4377.0,4400.0,4367.0,4396.5,252,5,524,558.0
182,-10,FSXE,FSXEZ23,D1,2023-12-01,1701388800,4397.5,4436.5,4396.0,4433.0,306,5,516,527.0
183,-9,FSXE,FSXEZ23,D1,2023-12-04,1701648000,4435.5,4435.5,4411.5,4431.0,354,5,559,533.0
184,-8,FSXE,FSXEZ23,D1,2023-12-05,1701734400,4427.0,4465.0,4411.0,4461.0,513,5,2283,1119.0
185,-7,FSXE,FSXEZ23,D1,2023-12-06,1701820800,4467.0,4502.0,4464.0,4477.5,476,5,967,1270.0
186,-6,FSXE,FSXEZ23,D1,2023-12-07,1701907200,4474.0,4487.0,4468.0,4486.5,339,5,810,1353.0
187,-5,FSXE,FSXEZ23,D1,2023-12-08,1701993600,4483.0,4537.0,4481.0,4537.0,498,5,905,894.0
188,-4,FSXE,FSXEZ23,D1,2023-12-11,1702252800,4531.0,4555.0,4523.0,4550.5,450,5,857,857.0
189,-3,FSXE,FSXEZ23,D1,2023-12-12,1702339200,4554.0,4562.0,4537.5,4545.5,197,5,645,802.0
190,-2,FSXE,FSXEZ23,D1,2023-12-13,1702425600,4551.5,4574.5,4522.5,4571.0,277,5,860,787.0
129,-63,FSXE,FSXEH24,D1,2023-12-14,1702512000,4634.0,4634.0,4553.0,4577.5,377,5,1070,810.0
130,-62,FSXE,FSXEH24,D1,2023-12-15,1702598400,4592.5,4617.0,4570.5,4573.5,356,5,1085,983.0
131,-61,FSXE,FSXEH24,D1,2023-12-18,1702857600,4584.0,4586.0,4549.0,4569.5,227,5,617,924.0
132,-60,FSXE,FSXEH24,D1,2023-12-19,1702944000,4564.0,4584.0,4560.0,4583.0,177,5,330,677.0
133,-59,FSXE,FSXEH24,D1,2023-12-20,1703030400,4579.0,4592.0,4537.0,4539.5,261,5,727,558.0
134,-58,FSXE,FSXEH24,D1,2023-12-21,1703116800,4541.5,4569.5,4535.5,4566.0,243,5,443,500.0
135,-57,FSXE,FSXEH24,D1,2023-12-22,1703203200,4567.0,4567.0,4540.0,4557.0,160,5,342,504.0
136,-56,FSXE,FSXEH24,D1,2023-12-27,1703635200,4568.0,4582.5,4552.5,4567.0,187,0,484,423.0
137,-55,FSXE,FSXEH24,D1,2023-12-28,1703721600,4565.0,4583.5,4541.0,4549.0,206,5,444,423.0
138,-54,FSXE,FSXEH24,D1,2023-12-29,1703808000,4546.5,4566.5,4542.0,4562.5,283,5,779,569.0
139,-53,FSXE,FSXEH24,D1,2024-01-02,1704153600,4576.0,4599.0,4513.5,4528.5,371,5,918,714.0
140,-52,FSXE,FSXEH24,D1,2024-01-03,1704240000,4515.0,4544.0,4460.0,4479.5,435,5,1155,951.0
141,-51,FSXE,FSXEH24,D1,2024-01-04,1704326400,4470.0,4504.0,4465.0,4488.0,399,5,1180,1084.0
142,-50,FSXE,FSXEH24,D1,2024-01-05,1704412800,4485.0,4501.0,4445.0,4481.0,405,5,802,1046.0
143,-49,FSXE,FSXEH24,D1,2024-01-08,1704672000,4488.0,4532.5,4460.5,4532.5,424,5,866,949.0
144,-48,FSXE,FSXEH24,D1,2024-01-09,1704758400,4534.5,4534.5,4471.5,4489.0,295,5,602,757.0
145,-47,FSXE,FSXEH24,D1,2024-01-10,1704844800,4485.0,4510.5,4475.0,4505.0,265,0,768,745.0
146,-46,FSXE,FSXEH24,D1,2024-01-11,1704931200,4502.0,4535.0,4463.0,4496.0,641,5,1913,1094.0
147,-45,FSXE,FSXEH24,D1,2024-01-12,1705017600,4492.5,4517.0,4483.0,4505.5,299,5,669,1117.0
148,-44,FSXE,FSXEH24,D1,2024-01-15,1705276800,4508.5,4523.0,4475.0,4480.5,205,5,517,1033.0
149,-43,FSXE,FSXEH24,D1,2024-01-16,1705363200,4471.0,4472.5,4437.0,4454.5,345,5,1318,835.0
150,-42,FSXE,FSXEH24,D1,2024-01-17,1705449600,4450.0,4453.5,4403.5,4422.0,542,5,1455,1097.0
151,-41,FSXE,FSXEH24,D1,2024-01-18,1705536000,4427.0,4491.5,4416.5,4488.5,535,5,1284,1352.0
152,-40,FSXE,FSXEH24,D1,2024-01-19,1705622400,4498.0,4507.5,4457.0,4493.0,376,5,1309,1349.0
153,-39,FSXE,FSXEH24,D1,2024-01-22,1705881600,4487.5,4519.0,4486.0,4503.0,368,5,933,1175.0
154,-38,FSXE,FSXEH24,D1,2024-01-23,1705968000,4500.0,4520.5,4478.0,4496.5,316,5,611,951.0
155,-37,FSXE,FSXEH24,D1,2024-01-24,1706054400,4525.0,4599.0,4503.0,4581.0,563,5,1770,1105.0
156,-36,FSXE,FSXEH24,D1,2024-01-25,1706140800,4561.0,4619.0,4561.0,4619.0,437,5,949,1110.0
157,-35,FSXE,FSXEH24,D1,2024-01-26,1706227200,4601.5,4659.0,4596.0,4653.5,457,5,1250,1323.0
158,-34,FSXE,FSXEH24,D1,2024-01-29,1706486400,4645.0,4680.0,4641.0,4676.5,221,5,572,924.0
159,-33,FSXE,FSXEH24,D1,2024-01-30,1706572800,4667.5,4689.5,4660.5,4684.0,201,5,397,740.0
160,-32,FSXE,FSXEH24,D1,2024-01-31,1706659200,4678.0,4693.5,4645.5,4652.0,245,5,613,527.0
161,-31,FSXE,FSXEH24,D1,2024-02-01,1706745600,4658.5,4679.0,4631.0,4679.0,320,5,1104,705.0
162,-30,FSXE,FSXEH24,D1,2024-02-02,1706832000,4689.0,4695.0,4667.0,4683.0,263,5,517,745.0
163,-29,FSXE,FSXEH24,D1,2024-02-05,1707091200,4676.0,4690.0,4653.5,4686.0,245,5,485,702.0
164,-28,FSXE,FSXEH24,D1,2024-02-06,1707177600,4685.0,4712.0,4675.5,4708.0,220,5,545,516.0
165,-27,FSXE,FSXEH24,D1,2024-02-07,1707264000,4706.5,4720.5,4693.0,4708.0,185,5,451,494.0
166,-26,FSXE,FSXEH24,D1,2024-02-08,1707350400,4713.0,4736.0,4697.0,4723.5,362,5,1074,690.0
167,-25,FSXE,FSXEH24,D1,2024-02-09,1707436800,4735.0,4752.0,4714.0,4748.0,333,5,1076,867.0
168,-24,FSXE,FSXEH24,D1,2024-02-12,1707696000,4736.0,4763.0,4736.0,4751.5,255,5,889,1013.0
169,-23,FSXE,FSXEH24,D1,2024-02-13,1707782400,4761.0,4761.0,4672.0,4680.0,356,5,991,985.0
170,-22,FSXE,FSXEH24,D1,2024-02-14,1707868800,4691.5,4739.5,4688.5,4737.5,292,5,695,858.0
171,-21,FSXE,FSXEH24,D1,2024-02-15,1707955200,4732.5,4778.0,4732.5,4775.5,304,5,787,824.0
172,-20,FSXE,FSXEH24,D1,2024-02-16,1708041600,4778.0,4796.0,4762.0,4762.0,349,5,781,754.0
173,-19,FSXE,FSXEH24,D1,2024-02-19,1708300800,4775.0,4784.0,4758.0,4778.0,143,5,469,679.0
174,-18,FSXE,FSXEH24,D1,2024-02-20,1708387200,4768.0,4779.0,4760.0,4773.0,167,5,435,562.0
175,-17,FSXE,FSXEH24,D1,2024-02-21,1708473600,4785.0,4802.0,4770.0,4802.0,255,5,864,589.0
176,-16,FSXE,FSXEH24,D1,2024-02-22,1708560000,4811.0,4883.0,4811.0,4881.0,514,5,1348,882.0
177,-15,FSXE,FSXEH24,D1,2024-02-23,1708646400,4866.0,4893.0,4862.0,4883.0,278,5,1025,1079.0
178,-14,FSXE,FSXEH24,D1,2024-02-26,1708905600,4889.0,4889.0,4865.0,4877.5,166,5,870,1081.0
179,-13,FSXE,FSXEH24,D1,2024-02-27,1708992000,4869.5,4899.0,4862.5,4894.5,221,5,544,813.0
180,-12,FSXE,FSXEH24,D1,2024-02-28,1709078400,4891.5,4897.5,4885.0,4894.5,128,5,410,608.0
181,-11,FSXE,FSXEH24,D1,2024-02-29,1709164800,4888.5,4906.5,4875.0,4900.0,229,5,574,509.0
182,-10,FSXE,FSXEH24,D1,2024-03-01,1709251200,4908.0,4921.0,4881.5,4912.0,260,5,579,521.0
183,-9,FSXE,FSXEH24,D1,2024-03-04,1709510400,4907.0,4930.0,4904.0,4926.0,149,5,476,543.0
184,-8,FSXE,FSXEH24,D1,2024-03-05,1709596800,4913.5,4918.0,4871.5,4878.5,269,5,762,606.0
185,-7,FSXE,FSXEH24,D1,2024-03-06,1709683200,4888.0,4934.5,4887.0,4925.0,229,5,482,573.0
186,-6,FSXE,FSXEH24,D1,2024-03-07,1709769600,4925.0,4995.0,4894.5,4986.5,475,5,1185,810.0
187,-5,FSXE,FSXEH24,D1,2024-03-08,1709856000,4984.5,4996.0,4940.5,4948.0,233,5,601,756.0
188,-4,FSXE,FSXEH24,D1,2024-03-11,1710115200,4951.0,4951.0,4916.0,4941.5,244,5,695,827.0
189,-3,FSXE,FSXEH24,D1,2024-03-12,1710201600,4947.0,4996.0,4923.0,4996.0,375,5,1382,893.0
190,-2,FSXE,FSXEH24,D1,2024-03-13,1710288000,4994.0,5018.5,4985.0,5008.5,196,5,536,871.0
191,-1,FSXE,FSXEH24,D1,2024-03-14,1710374400,5000.0,5032.5,4975.0,4992.0,1421,0,2165,1361.0
192,0,FSXE,FSXEH24,D1,2024-03-15,1710460800,4993.5,5023.0,4985.0,5022.5,537,0,366,1022.0
128,-66,FSXE,FSXEM24,D1,2024-03-18,1710720000,4956.0,4966.5,4931.0,4937.0,246,5,924,1107.0
129,-65,FSXE,FSXEM24,D1,2024-03-19,1710806400,4932.0,4969.0,4923.0,4952.0,274,5,795,1109.0
130,-64,FSXE,FSXEM24,D1,2024-03-20,1710892800,4948.5,5000.0,4937.0,4999.0,341,5,1379,1033.0
131,-63,FSXE,FSXEM24,D1,2024-03-21,1710979200,5005.0,5020.5,4978.0,5001.0,472,5,1306,1160.0
132,-62,FSXE,FSXEM24,D1,2024-03-22,1711065600,5003.0,5005.0,4969.5,4992.0,298,5,977,1221.0
133,-61,FSXE,FSXEM24,D1,2024-03-25,1711324800,4996.0,5012.0,4973.5,5001.0,206,5,545,943.0
134,-60,FSXE,FSXEM24,D1,2024-03-26,1711411200,5008.0,5033.5,4997.5,5019.5,254,5,1122,881.0
135,-59,FSXE,FSXEM24,D1,2024-03-27,1711497600,5021.5,5059.0,5020.0,5059.0,241,5,736,801.0
136,-58,FSXE,FSXEM24,D1,2024-03-28,1711584000,5059.0,5065.0,5040.5,5047.5,193,5,656,838.0
137,-57,FSXE,FSXEM24,D1,2024-04-02,1712016000,5035.0,5078.5,4992.0,5003.0,478,5,1491,961.0
138,-56,FSXE,FSXEM24,D1,2024-04-03,1712102400,5001.5,5029.0,4984.0,5021.0,730,5,1705,1284.0
139,-55,FSXE,FSXEM24,D1,2024-04-04,1712188800,5017.5,5042.0,4952.5,4958.0,436,5,1573,1590.0
140,-54,FSXE,FSXEM24,D1,2024-04-05,1712275200,4960.5,4977.5,4931.5,4965.0,499,5,2066,1781.0
141,-53,FSXE,FSXEM24,D1,2024-04-08,1712534400,4964.5,5007.5,4960.0,4994.0,354,5,932,1524.0
142,-52,FSXE,FSXEM24,D1,2024-04-09,1712620800,4998.0,4998.0,4933.5,4953.5,355,5,1025,1341.0
143,-51,FSXE,FSXEM24,D1,2024-04-10,1712707200,4963.0,4990.5,4902.0,4945.0,635,5,2498,1485.0
144,-50,FSXE,FSXEM24,D1,2024-04-11,1712793600,4941.0,4965.5,4886.5,4951.0,669,5,2188,1904.0
145,-49,FSXE,FSXEM24,D1,2024-04-12,1712880000,4968.0,4979.0,4880.0,4891.0,599,5,2128,2271.0
146,-48,FSXE,FSXEM24,D1,2024-04-15,1713139200,4910.0,4988.0,4893.0,4898.0,819,5,2818,2378.0
147,-47,FSXE,FSXEM24,D1,2024-04-16,1713225600,4890.5,4896.5,4852.0,4885.0,817,5,3876,2941.0
148,-46,FSXE,FSXEM24,D1,2024-04-17,1713312000,4888.0,4921.0,4843.5,4857.5,735,5,3175,3290.0
149,-45,FSXE,FSXEM24,D1,2024-04-18,1713398400,4868.0,4900.0,4858.5,4872.0,527,5,2385,3145.0
150,-44,FSXE,FSXEM24,D1,2024-04-19,1713484800,4884.0,4884.0,4765.0,4852.0,926,5,9982,5181.0
151,-43,FSXE,FSXEM24,D1,2024-04-22,1713744000,4862.0,4930.5,4862.0,4914.0,536,5,2269,4879.0
152,-42,FSXE,FSXEM24,D1,2024-04-23,1713830400,4915.0,4988.0,4915.0,4986.5,552,5,1899,4717.0
153,-41,FSXE,FSXEM24,D1,2024-04-24,1713916800,4983.0,5002.0,4943.0,4960.0,449,5,1324,1831.0
154,-40,FSXE,FSXEM24,D1,2024-04-25,1714003200,4954.0,4956.0,4863.0,4916.5,493,5,1357,1527.0
155,-39,FSXE,FSXEM24,D1,2024-04-26,1714089600,4925.0,4993.0,4925.0,4985.0,404,5,1290,1324.0
156,-38,FSXE,FSXEM24,D1,2024-04-29,1714348800,4999.0,5006.0,4944.5,4954.0,410,5,1091,1246.0
157,-37,FSXE,FSXEM24,D1,2024-04-30,1714435200,4961.5,4968.0,4886.0,4890.0,458,5,1697,1359.0
158,-36,FSXE,FSXEM24,D1,2024-05-02,1714608000,4888.0,4899.0,4863.5,4877.0,425,5,1314,1367.0
159,-35,FSXE,FSXEM24,D1,2024-05-03,1714694400,4878.5,4925.0,4876.5,4907.0,502,5,1311,1441.0
160,-34,FSXE,FSXEM24,D1,2024-05-06,1714953600,4916.5,4954.0,4903.0,4948.5,266,5,672,1099.0
161,-33,FSXE,FSXEM24,D1,2024-05-07,1715040000,4949.5,5005.0,4948.5,4995.5,285,5,516,833.0
162,-32,FSXE,FSXEM24,D1,2024-05-08,1715126400,5000.5,5029.5,4989.0,5025.0,372,5,727,638.0
163,-31,FSXE,FSXEM24,D1,2024-05-09,1715212800,5023.5,5055.5,5002.5,5052.0,399,5,775,673.0
164,-30,FSXE,FSXEM24,D1,2024-05-10,1715299200,5058.5,5089.0,5050.0,5079.5,308,5,769,757.0
165,-29,FSXE,FSXEM24,D1,2024-05-13,1715558400,5074.0,5085.0,5064.5,5072.5,184,5,397,647.0
166,-28,FSXE,FSXEM24,D1,2024-05-14,1715644800,5067.5,5089.0,5050.0,5088.5,229,5,383,516.0
167,-27,FSXE,FSXEM24,D1,2024-05-15,1715731200,5090.0,5099.5,5068.0,5099.5,313,5,690,490.0
168,-26,FSXE,FSXEM24,D1,2024-05-16,1715817600,5103.5,5108.5,5052.0,5055.5,325,5,1115,729.0
169,-25,FSXE,FSXEM24,D1,2024-05-17,1715904000,5055.5,5068.0,5036.5,5068.0,220,5,462,756.0
170,-24,FSXE,FSXEM24,D1,2024-05-20,1716163200,5115.0,5119.0,5063.5,5069.0,231,5,633,737.0
171,-23,FSXE,FSXEM24,D1,2024-05-21,1716249600,5066.0,5070.0,5034.0,5058.0,234,5,658,584.0
172,-22,FSXE,FSXEM24,D1,2024-05-22,1716336000,5063.5,5065.0,5011.0,5021.0,351,5,581,624.0
173,-21,FSXE,FSXEM24,D1,2024-05-23,1716422400,5033.0,5072.0,5001.0,5009.5,415,5,908,716.0
174,-20,FSXE,FSXEM24,D1,2024-05-24,1716508800,5015.0,5047.5,4998.5,5041.0,300,5,576,688.0
175,-19,FSXE,FSXEM24,D1,2024-05-27,1716768000,5040.5,5069.0,5033.5,5067.0,144,5,257,580.0
176,-18,FSXE,FSXEM24,D1,2024-05-28,1716854400,5063.0,5082.0,5023.5,5037.5,390,5,753,529.0
177,-17,FSXE,FSXEM24,D1,2024-05-29,1716940800,5038.5,5038.5,4963.0,4981.0,443,5,855,622.0
178,-16,FSXE,FSXEM24,D1,2024-05-30,1717027200,4970.0,5005.5,4951.0,4994.5,500,0,837,815.0
179,-15,FSXE,FSXEM24,D1,2024-05-31,1717113600,4983.0,5010.0,4974.5,5006.0,259,5,435,709.0
180,-14,FSXE,FSXEM24,D1,2024-06-03,1717372800,5025.0,5046.5,4984.0,5002.0,411,0,796,689.0
181,-13,FSXE,FSXEM24,D1,2024-06-04,1717459200,5010.0,5011.5,4946.5,4972.0,642,5,1360,864.0
182,-12,FSXE,FSXEM24,D1,2024-06-05,1717545600,4980.5,5062.0,4979.0,5058.0,474,5,937,1031.0
183,-11,FSXE,FSXEM24,D1,2024-06-06,1717632000,5065.5,5087.5,5054.0,5072.5,442,0,819,1039.0
184,-10,FSXE,FSXEM24,D1,2024-06-07,1717718400,5084.0,5084.0,5021.0,5046.5,415,5,829,862.0
185,-9,FSXE,FSXEM24,D1,2024-06-10,1717977600,5036.0,5039.0,4971.5,5024.5,496,5,1094,914.0
186,-8,FSXE,FSXEM24,D1,2024-06-11,1718064000,5029.5,5040.0,4943.5,4973.0,438,5,1041,988.0
187,-7,FSXE,FSXEM24,D1,2024-06-12,1718150400,4978.0,5045.0,4978.0,5027.0,402,5,1715,1283.0
188,-6,FSXE,FSXEM24,D1,2024-06-13,1718236800,5034.5,5040.0,4927.5,4949.5,507,5,1048,1268.0
189,-5,FSXE,FSXEM24,D1,2024-06-14,1718323200,4953.5,4959.5,4820.5,4832.5,745,5,1838,1534.0
190,-4,FSXE,FSXEM24,D1,2024-06-17,1718582400,4831.0,4906.5,4831.0,4903.5,442,5,1002,1296.0
191,-3,FSXE,FSXEM24,D1,2024-06-18,1718668800,4912.0,4928.5,4881.5,4918.0,289,5,613,1151.0
125,-67,FSXE,FSXEU24,D1,2024-06-19,1718755200,4978.5,4978.5,4920.0,4922.0,268,5,1369,904.0
126,-66,FSXE,FSXEU24,D1,2024-06-20,1718841600,4924.5,4994.0,4923.5,4992.5,519,5,1206,1094.0
127,-65,FSXE,FSXEU24,D1,2024-06-21,1718928000,4987.5,4991.0,4931.0,4948.5,529,5,1462,1346.0
128,-64,FSXE,FSXEU24,D1,2024-06-24,1719187200,4960.0,5007.0,4932.0,4981.5,454,5,1096,1255.0
129,-63,FSXE,FSXEU24,D1,2024-06-25,1719273600,4975.0,4991.0,4951.0,4989.0,349,5,885,1148.0
130,-62,FSXE,FSXEU24,D1,2024-06-26,1719360000,4988.0,5017.0,4928.0,4955.5,437,5,826,936.0
131,-61,FSXE,FSXEU24,D1,2024-06-27,1719446400,4940.0,4973.5,4935.0,4942.5,329,5,1076,929.0
132,-60,FSXE,FSXEU24,D1,2024-06-28,1719532800,4953.0,4964.0,4916.5,4928.5,373,5,1412,1105.0
133,-59,FSXE,FSXEU24,D1,2024-07-01,1719792000,4960.0,5020.0,4960.0,4976.0,571,5,1278,1255.0
134,-58,FSXE,FSXEU24,D1,2024-07-02,1719878400,4968.5,4971.0,4903.0,4954.5,434,5,970,1220.0
135,-57,FSXE,FSXEU24,D1,2024-07-03,1719964800,4961.5,5013.5,4955.0,5013.0,432,5,1017,1088.0
136,-56,FSXE,FSXEU24,D1,2024-07-04,1720051200,5001.5,5032.0,5001.5,5031.0,272,5,601,863.0
137,-55,FSXE,FSXEU24,D1,2024-07-05,1720137600,5028.0,5056.0,4997.0,5023.0,355,5,851,823.0
138,-54,FSXE,FSXEU24,D1,2024-07-08,1720396800,5015.5,5066.0,4993.0,5000.0,532,5,1097,850.0
139,-53,FSXE,FSXEU24,D1,2024-07-09,1720483200,5004.0,5007.0,4928.0,4938.0,595,5,1119,1022.0
140,-52,FSXE,FSXEU24,D1,2024-07-10,1720569600,4946.0,5008.0,4933.0,5005.5,661,5,1298,1171.0
141,-51,FSXE,FSXEU24,D1,2024-07-11,1720656000,5006.0,5040.0,4996.5,5008.5,492,5,926,1114.0
142,-50,FSXE,FSXEU24,D1,2024-07-12,1720742400,5009.5,5086.0,5006.0,5064.0,425,5,676,967.0
143,-49,FSXE,FSXEU24,D1,2024-07-15,1721001600,5062.5,5070.0,4997.0,5007.5,428,5,876,826.0
144,-48,FSXE,FSXEU24,D1,2024-07-16,1721088000,5007.5,5012.0,4970.5,4996.0,395,5,804,785.0
145,-47,FSXE,FSXEU24,D1,2024-07-17,1721174400,4982.0,4995.0,4908.0,4911.0,655,5,1684,1121.0
146,-46,FSXE,FSXEU24,D1,2024-07-18,1721260800,4923.0,4954.0,4884.5,4896.5,646,5,1307,1265.0
147,-45,FSXE,FSXEU24,D1,2024-07-19,1721347200,4907.0,4915.0,4848.5,4854.5,717,5,1816,1602.0
148,-44,FSXE,FSXEU24,D1,2024-07-22,1721606400,4882.5,4950.5,4856.0,4949.0,683,5,3399,2174.0
149,-43,FSXE,FSXEU24,D1,2024-07-23,1721692800,4947.5,4980.0,4925.0,4932.0,810,5,1554,2256.0
150,-42,FSXE,FSXEU24,D1,2024-07-24,1721779200,4920.0,4925.5,4864.0,4868.0,516,5,1193,2049.0
151,-41,FSXE,FSXEU24,D1,2024-07-25,1721865600,4863.0,4877.5,4793.5,4847.0,974,5,2646,1798.0
152,-40,FSXE,FSXEU24,D1,2024-07-26,1721952000,4838.0,4907.0,4834.5,4895.0,561,5,1580,1806.0
153,-39,FSXE,FSXEU24,D1,2024-07-29,1722211200,4904.5,4924.0,4837.0,4857.0,504,5,1194,1807.0
154,-38,FSXE,FSXEU24,D1,2024-07-30,1722297600,4841.0,4888.5,4826.0,4862.0,467,5,1198,1324.0
155,-37,FSXE,FSXEU24,D1,2024-07-31,1722384000,4868.0,4950.0,4868.0,4906.0,675,5,1981,1458.0
156,-36,FSXE,FSXEU24,D1,2024-08-01,1722470400,4909.5,4915.0,4758.0,4772.5,1023,5,2207,1795.0
157,-35,FSXE,FSXEU24,D1,2024-08-02,1722556800,4754.0,4766.5,4648.0,4676.5,1759,5,3429,2539.0
158,-34,FSXE,FSXEU24,D1,2024-08-05,1722816000,4670.5,4670.5,4495.0,4592.5,3137,0,6126,3921.0
159,-33,FSXE,FSXEU24,D1,2024-08-06,1722902400,4632.0,4661.0,4558.5,4610.5,1018,5,3640,4398.0
160,-32,FSXE,FSXEU24,D1,2024-08-07,1722988800,4598.0,4705.0,4585.0,4638.0,776,5,1964,3910.0
161,-31,FSXE,FSXEU24,D1,2024-08-08,1723075200,4619.5,4706.0,4615.0,4700.0,477,5,1056,2220.0
162,-30,FSXE,FSXEU24,D1,2024-08-09,1723161600,4703.5,4722.0,4666.0,4704.5,572,5,1266,1429.0
163,-29,FSXE,FSXEU24,D1,2024-08-12,1723420800,4707.0,4721.0,4676.5,4685.5,412,5,784,1035.0
164,-28,FSXE,FSXEU24,D1,2024-08-13,1723507200,4684.5,4726.5,4677.5,4725.0,366,5,562,871.0
165,-27,FSXE,FSXEU24,D1,2024-08-14,1723593600,4725.0,4752.5,4719.0,4744.5,340,5,763,703.0
166,-26,FSXE,FSXEU24,D1,2024-08-15,1723680000,4746.5,4846.0,4743.0,4845.0,537,5,1108,811.0
167,-25,FSXE,FSXEU24,D1,2024-08-16,1723766400,4842.0,4867.0,4831.0,4863.5,451,5,815,895.0
168,-24,FSXE,FSXEU24,D1,2024-08-19,1724025600,4859.0,4897.5,4853.0,4892.0,429,0,925,949.0
169,-23,FSXE,FSXEU24,D1,2024-08-20,1724112000,4891.0,4913.5,4859.0,4873.0,454,5,796,845.0
170,-22,FSXE,FSXEU24,D1,2024-08-21,1724198400,4868.5,4907.0,4868.5,4904.5,336,5,772,831.0
171,-21,FSXE,FSXEU24,D1,2024-08-22,1724284800,4912.0,4925.0,4880.0,4880.0,470,5,1876,1148.0
172,-20,FSXE,FSXEU24,D1,2024-08-23,1724371200,4883.5,4934.5,4883.0,4923.0,487,5,1044,1231.0
173,-19,FSXE,FSXEU24,D1,2024-08-26,1724630400,4924.0,4925.0,4902.5,4913.0,311,5,660,1193.0
174,-18,FSXE,FSXEU24,D1,2024-08-27,1724716800,4910.0,4931.0,4906.5,4918.5,312,5,673,792.0
175,-17,FSXE,FSXEU24,D1,2024-08-28,1724803200,4910.0,4945.5,4908.5,4929.5,415,5,947,760.0
176,-16,FSXE,FSXEU24,D1,2024-08-29,1724889600,4919.5,4995.0,4912.5,4959.5,735,5,1386,1002.0
177,-15,FSXE,FSXEU24,D1,2024-08-30,1724976000,4958.0,4993.5,4952.5,4971.5,368,5,617,983.0
178,-14,FSXE,FSXEU24,D1,2024-09-02,1725235200,4970.0,4990.0,4934.0,4987.0,332,5,771,925.0
179,-13,FSXE,FSXEU24,D1,2024-09-03,1725321600,4983.0,4997.5,4888.5,4890.0,666,5,1308,899.0
180,-12,FSXE,FSXEU24,D1,2024-09-04,1725408000,4891.0,4892.0,4843.0,4848.0,674,5,1270,1116.0
181,-11,FSXE,FSXEU24,D1,2024-09-05,1725494400,4855.0,4862.0,4815.0,4821.0,548,5,749,1109.0
182,-10,FSXE,FSXEU24,D1,2024-09-06,1725580800,4819.0,4838.0,4731.0,4734.5,804,0,1369,1129.0
183,-9,FSXE,FSXEU24,D1,2024-09-09,1725840000,4748.0,4805.5,4741.5,4794.0,586,5,929,1016.0
184,-8,FSXE,FSXEU24,D1,2024-09-10,1725926400,4788.5,4809.5,4730.0,4765.0,617,5,1023,1107.0
185,-7,FSXE,FSXEU24,D1,2024-09-11,1726012800,4760.0,4820.0,4740.5,4812.5,779,5,1443,1132.0
186,-6,FSXE,FSXEU24,D1,2024-09-12,1726099200,4822.0,4841.0,4785.5,4830.0,547,5,1015,1160.0
187,-5,FSXE,FSXEU24,D1,2024-09-13,1726185600,4831.0,4856.5,4820.0,4843.5,399,5,685,1048.0
188,-4,FSXE,FSXEU24,D1,2024-09-16,1726444800,4850.0,4855.5,4823.0,4849.5,347,5,655,785.0
189,-3,FSXE,FSXEU24,D1,2024-09-17,1726531200,4840.0,4881.5,4837.5,4852.0,536,5,922,754.0
190,-2,FSXE,FSXEU24,D1,2024-09-18,1726617600,4859.5,4888.0,4831.0,4856.0,480,5,860,812.0
191,-1,FSXE,FSXEU24,D1,2024-09-19,1726704000,4872.0,4958.0,4862.5,4943.5,665,0,1306,1029.0
127,-65,FSXE,FSXEZ24,D1,2024-09-20,1726790400,4959.5,4963.0,4895.0,4908.5,574,5,1123,1015.0
128,-64,FSXE,FSXEZ24,D1,2024-09-23,1727049600,4917.0,4927.5,4880.5,4921.0,436,5,679,992.0
129,-63,FSXE,FSXEZ24,D1,2024-09-24,1727136000,4925.0,4981.5,4919.0,4966.0,622,5,936,913.0
130,-62,FSXE,FSXEZ24,D1,2024-09-25,1727222400,4956.5,4963.0,4933.0,4939.5,571,5,1263,959.0
131,-61,FSXE,FSXEZ24,D1,2024-09-26,1727308800,4950.0,5075.5,4950.0,5066.5,1002,5,1780,1326.0
132,-60,FSXE,FSXEZ24,D1,2024-09-27,1727395200,5068.5,5100.0,5054.0,5080.0,509,5,924,1322.0
133,-59,FSXE,FSXEZ24,D1,2024-09-30,1727654400,5081.5,5106.5,5018.5,5033.0,733,5,2939,1881.0
134,-58,FSXE,FSXEZ24,D1,2024-10-01,1727740800,5038.0,5048.0,4957.0,4984.0,951,5,1992,1952.0
135,-57,FSXE,FSXEZ24,D1,2024-10-02,1727827200,4980.5,5007.5,4953.0,4985.0,564,5,1121,2017.0
136,-56,FSXE,FSXEZ24,D1,2024-10-03,1727913600,4988.5,4988.5,4928.5,4933.5,507,5,922,1345.0
137,-55,FSXE,FSXEZ24,D1,2024-10-04,1728000000,4941.0,5003.0,4933.0,5001.5,621,5,1074,1039.0
138,-54,FSXE,FSXEZ24,D1,2024-10-07,1728259200,5002.0,5012.5,4952.0,4968.0,583,5,1454,1150.0
139,-53,FSXE,FSXEZ24,D1,2024-10-08,1728345600,4981.0,4988.5,4933.0,4985.5,499,5,850,1126.0
140,-52,FSXE,FSXEZ24,D1,2024-10-09,1728432000,4984.5,5015.0,4952.5,5012.5,426,5,770,1025.0
141,-51,FSXE,FSXEZ24,D1,2024-10-10,1728518400,5006.0,5016.0,4971.0,4991.5,563,5,877,832.0
142,-50,FSXE,FSXEZ24,D1,2024-10-11,1728604800,5003.5,5031.0,4973.5,5031.0,392,5,716,788.0
143,-49,FSXE,FSXEZ24,D1,2024-10-14,1728864000,5019.0,5076.0,5013.0,5075.5,424,5,722,772.0
144,-48,FSXE,FSXEZ24,D1,2024-10-15,1728950400,5070.0,5081.0,4934.5,4944.5,1046,5,2586,1341.0
145,-47,FSXE,FSXEZ24,D1,2024-10-16,1729036800,4951.0,4954.5,4917.0,4935.0,661,5,1935,1748.0
146,-46,FSXE,FSXEZ24,D1,2024-10-17,1729123200,4938.0,4992.5,4919.5,4960.0,561,5,899,1807.0
147,-45,FSXE,FSXEZ24,D1,2024-10-18,1729209600,4960.5,5005.5,4948.0,5000.5,412,5,819,1218.0
148,-44,FSXE,FSXEZ24,D1,2024-10-21,1729468800,5004.5,5008.0,4955.0,4965.5,524,5,1157,958.0
149,-43,FSXE,FSXEZ24,D1,2024-10-22,1729555200,4969.0,4982.0,4926.5,4960.0,608,5,1276,1084.0
150,-42,FSXE,FSXEZ24,D1,2024-10-23,1729641600,4957.0,4965.5,4915.5,4929.5,697,5,1106,1180.0
151,-41,FSXE,FSXEZ24,D1,2024-10-24,1729728000,4931.5,4985.0,4928.5,4945.0,538,5,1134,1172.0
152,-40,FSXE,FSXEZ24,D1,2024-10-25,1729814400,4949.0,4968.0,4928.0,4940.5,414,5,620,953.0
153,-39,FSXE,FSXEZ24,D1,2024-10-28,1730073600,4960.0,4997.5,4946.0,4989.0,591,5,1098,951.0
154,-38,FSXE,FSXEZ24,D1,2024-10-29,1730160000,4982.0,5016.0,4961.0,4968.0,571,5,1125,948.0
155,-37,FSXE,FSXEZ24,D1,2024-10-30,1730246400,4974.0,4974.0,4880.0,4890.5,695,5,1660,1294.0
156,-36,FSXE,FSXEZ24,D1,2024-10-31,1730332800,4892.5,4902.5,4818.0,4842.5,922,5,2286,1690.0
157,-35,FSXE,FSXEZ24,D1,2024-11-01,1730419200,4839.5,4906.0,4830.5,4879.0,376,5,646,1531.0
158,-34,FSXE,FSXEZ24,D1,2024-11-04,1730678400,4871.0,4909.0,4853.0,4860.0,606,5,1147,1360.0
159,-33,FSXE,FSXEZ24,D1,2024-11-05,1730764800,4852.5,4896.5,4852.5,4881.0,572,5,779,857.0
160,-32,FSXE,FSXEZ24,D1,2024-11-06,1730851200,4892.0,4960.0,4798.0,4824.0,1668,5,3643,1856.0
161,-31,FSXE,FSXEZ24,D1,2024-11-07,1730937600,4818.5,4887.0,4796.0,4879.5,845,5,1724,2049.0
162,-30,FSXE,FSXEZ24,D1,2024-11-08,1731024000,4884.0,4884.5,4801.0,4816.0,608,5,1480,2282.0
163,-29,FSXE,FSXEZ24,D1,2024-11-11,1731283200,4821.0,4886.0,4817.5,4852.5,757,5,1863,1689.0
164,-28,FSXE,FSXEZ24,D1,2024-11-12,1731369600,4846.0,4855.0,4735.5,4758.0,904,5,2269,1871.0
165,-27,FSXE,FSXEZ24,D1,2024-11-13,1731456000,4753.0,4770.0,4706.5,4759.0,833,5,1633,1922.0
166,-26,FSXE,FSXEZ24,D1,2024-11-14,1731542400,4772.5,4845.5,4735.5,4827.5,938,5,2387,2096.0
167,-25,FSXE,FSXEZ24,D1,2024-11-15,1731628800,4818.5,4839.0,4784.0,4799.5,659,5,1151,1724.0
168,-24,FSXE,FSXEZ24,D1,2024-11-18,1731888000,4809.5,4817.5,4768.0,4788.5,708,5,1801,1780.0
169,-23,FSXE,FSXEZ24,D1,2024-11-19,1731974400,4788.0,4820.5,4699.0,4767.0,1056,5,2427,1793.0
170,-22,FSXE,FSXEZ24,D1,2024-11-20,1732060800,4775.0,4802.5,4729.0,4756.0,758,0,1484,1904.0
171,-21,FSXE,FSXEZ24,D1,2024-11-21,1732147200,4756.5,4784.5,4700.0,4776.0,952,5,1971,1961.0
172,-20,FSXE,FSXEZ24,D1,2024-11-22,1732233600,4774.0,4812.0,4732.5,4800.5,925,5,1836,1764.0
173,-19,FSXE,FSXEZ24,D1,2024-11-25,1732492800,4824.0,4844.0,4790.0,4798.5,665,0,1569,1792.0
174,-18,FSXE,FSXEZ24,D1,2024-11-26,1732579200,4785.0,4803.0,4752.0,4766.5,689,5,1837,1747.0
175,-17,FSXE,FSXEZ24,D1,2024-11-27,1732665600,4764.5,4777.0,4715.0,4747.0,702,5,1309,1572.0
176,-16,FSXE,FSXEZ24,D1,2024-11-28,1732752000,4753.0,4789.0,4753.0,4769.0,403,5,721,1289.0
177,-15,FSXE,FSXEZ24,D1,2024-11-29,1732838400,4761.0,4822.0,4746.0,4808.5,456,5,1130,1053.0
178,-14,FSXE,FSXEZ24,D1,2024-12-02,1733097600,4804.0,4868.0,4761.0,4864.0,1106,5,2862,1571.0
179,-13,FSXE,FSXEZ24,D1,2024-12-03,1733184000,4863.5,4912.0,4857.5,4887.0,713,5,2565,2186.0
180,-12,FSXE,FSXEZ24,D1,2024-12-04,1733270400,4888.0,4940.0,4882.0,4918.0,587,5,2498,2642.0
181,-11,FSXE,FSXEZ24,D1,2024-12-05,1733356800,4918.5,4965.0,4911.5,4953.5,507,5,1470,2178.0
182,-10,FSXE,FSXEZ24,D1,2024-12-06,1733443200,4949.0,4994.0,4941.5,4979.5,491,5,1049,1672.0
183,-9,FSXE,FSXEZ24,D1,2024-12-09,1733702400,4976.5,5013.5,4974.0,4980.0,574,5,1205,1241.0
184,-8,FSXE,FSXEZ24,D1,2024-12-10,1733788800,4978.0,4985.5,4948.0,4952.0,455,5,858,1037.0
185,-7,FSXE,FSXEZ24,D1,2024-12-11,1733875200,4949.0,4981.5,4939.0,4980.0,356,5,653,905.0
186,-6,FSXE,FSXEZ24,D1,2024-12-12,1733961600,4970.5,4979.5,4960.0,4965.0,260,5,456,656.0
187,-5,FSXE,FSXEZ24,D1,2024-12-13,1734048000,4967.0,5000.0,4957.5,4973.5,460,5,1225,778.0
188,-4,FSXE,FSXEZ24,D1,2024-12-16,1734307200,4975.5,4982.0,4944.5,4952.0,401,5,807,829.0
189,-3,FSXE,FSXEZ24,D1,2024-12-17,1734393600,4948.0,4970.5,4928.0,4944.0,458,5,1843,1292.0
190,-2,FSXE,FSXEZ24,D1,2024-12-18,1734480000,4943.5,4972.5,4886.5,4886.5,570,5,1126,1259.0
191,-1,FSXE,FSXEZ24,D1,2024-12-19,1734566400,4895.0,4910.5,4868.0,4873.0,400,5,1278,1416.0
129,-60,FSXE,FSXEH25,D1,2024-12-20,1734652800,4909.0,4915.0,4830.0,4879.5,277,0,1378,1282.0
130,-59,FSXE,FSXEH25,D1,2024-12-23,1734912000,4879.5,4898.5,4856.5,4898.0,234,0,1088,1390.0
131,-58,FSXE,FSXEH25,D1,2024-12-27,1735257600,4916.0,4926.0,4870.0,4912.0,220,0,889,1118.0
132,-57,FSXE,FSXEH25,D1,2024-12-30,1735516800,4917.0,4925.0,4868.0,4880.0,191,0,794,924.0
133,-56,FSXE,FSXEH25,D1,2025-01-02,1735776000,4870.0,4941.0,4859.0,4911.0,332,0,1392,1025.0
134,-55,FSXE,FSXEH25,D1,2025-01-03,1735862400,4908.5,4936.5,4878.0,4892.0,230,0,1072,1086.0
135,-54,FSXE,FSXEH25,D1,2025-01-06,1736121600,4891.5,5012.0,4891.5,4978.5,551,0,2661,1708.0
136,-53,FSXE,FSXEH25,D1,2025-01-07,1736208000,4985.5,5049.0,4972.0,5012.0,339,0,1659,1797.0
137,-52,FSXE,FSXEH25,D1,2025-01-08,1736294400,5022.0,5052.0,4985.0,4991.0,387,0,1808,2043.0
138,-51,FSXE,FSXEH25,D1,2025-01-09,1736380800,5000.0,5039.5,4983.0,5036.0,322,0,1230,1566.0
139,-50,FSXE,FSXEH25,D1,2025-01-10,1736467200,5031.0,5049.0,4986.0,5001.5,400,0,1885,1641.0
140,-49,FSXE,FSXEH25,D1,2025-01-13,1736726400,4990.0,5003.5,4932.0,4971.0,429,0,1880,1665.0
141,-48,FSXE,FSXEH25,D1,2025-01-14,1736812800,4993.5,5033.0,4986.5,4996.5,439,0,2105,1957.0
142,-47,FSXE,FSXEH25,D1,2025-01-15,1736899200,5005.0,5068.0,4993.0,5051.5,367,0,2111,2032.0
143,-46,FSXE,FSXEH25,D1,2025-01-16,1736985600,5057.5,5131.5,5044.0,5121.5,458,0,3320,2512.0
144,-45,FSXE,FSXEH25,D1,2025-01-17,1737072000,5114.5,5175.0,5114.0,5163.5,470,0,2545,2659.0
145,-44,FSXE,FSXEH25,D1,2025-01-20,1737331200,5155.0,5201.5,5140.0,5183.0,381,0,2214,2693.0
146,-43,FSXE,FSXEH25,D1,2025-01-21,1737417600,5177.0,5199.5,5148.5,5193.5,431,0,2195,2318.0
147,-42,FSXE,FSXEH25,D1,2025-01-22,1737504000,5199.0,5245.0,5189.0,5211.0,460,0,2324,2244.0
148,-41,FSXE,FSXEH25,D1,2025-01-23,1737590400,5210.0,5275.0,5200.0,5275.0,391,0,1923,2147.0
149,-40,FSXE,FSXEH25,D1,2025-01-24,1737676800,5250.0,5275.0,5222.0,5238.0,392,0,1899,2049.0
150,-39,FSXE,FSXEH25,D1,2025-01-27,1737936000,5188.0,5222.5,5144.0,5222.5,517,0,3094,2305.0
151,-38,FSXE,FSXEH25,D1,2025-01-28,1738022400,5224.0,5234.0,5186.5,5227.5,654,0,2942,2645.0
152,-37,FSXE,FSXEH25,D1,2025-01-29,1738108800,5211.5,5273.5,5211.5,5230.0,473,0,2512,2849.0
153,-36,FSXE,FSXEH25,D1,2025-01-30,1738195200,5245.0,5318.5,5245.0,5294.5,459,0,2353,2602.0
154,-35,FSXE,FSXEH25,D1,2025-01-31,1738281600,5291.0,5326.0,5262.0,5284.0,448,0,2557,2474.0
155,-34,FSXE,FSXEH25,D1,2025-02-03,1738540800,5217.5,5240.5,5115.0,5220.0,1708,0,3763,2891.0
156,-33,FSXE,FSXEH25,D1,2025-02-04,1738627200,5236.0,5281.0,5193.5,5267.0,1147,5,2212,2844.0
157,-32,FSXE,FSXEH25,D1,2025-02-05,1738713600,5268.0,5299.0,5249.0,5296.5,820,5,1483,2486.0
158,-31,FSXE,FSXEH25,D1,2025-02-06,1738800000,5306.0,5374.0,5295.5,5354.5,982,0,1971,1889.0
159,-30,FSXE,FSXEH25,D1,2025-02-07,1738886400,5356.0,5369.0,5322.5,5325.5,598,5,1181,1545.0
160,-29,FSXE,FSXEH25,D1,2025-02-10,1739145600,5319.0,5379.0,5319.0,5379.0,577,5,1163,1438.0
161,-28,FSXE,FSXEH25,D1,2025-02-11,1739232000,5371.5,5421.0,5361.0,5414.5,446,5,1127,1157.0
162,-27,FSXE,FSXEH25,D1,2025-02-12,1739318400,5415.0,5463.0,5372.0,5454.5,1008,5,1865,1385.0
163,-26,FSXE,FSXEH25,D1,2025-02-13,1739404800,5457.0,5511.5,5445.5,5481.5,1265,0,2660,1884.0
164,-25,FSXE,FSXEH25,D1,2025-02-14,1739491200,5484.0,5534.0,5479.0,5495.0,946,5,2035,2187.0
165,-24,FSXE,FSXEH25,D1,2025-02-17,1739750400,5505.0,5552.5,5495.0,5538.5,627,0,1549,2081.0
166,-23,FSXE,FSXEH25,D1,2025-02-18,1739836800,5539.0,5554.5,5515.0,5545.0,541,5,2769,2118.0
167,-22,FSXE,FSXEH25,D1,2025-02-19,1739923200,5544.0,5552.0,5457.5,5465.5,951,5,2358,2225.0
168,-21,FSXE,FSXEH25,D1,2025-02-20,1740009600,5464.0,5509.0,5457.0,5473.5,713,5,1343,2157.0
169,-20,FSXE,FSXEH25,D1,2025-02-21,1740096000,5473.5,5498.0,5438.0,5444.0,609,5,1315,1672.0
170,-19,FSXE,FSXEH25,D1,2025-02-24,1740355200,5456.5,5525.0,5431.0,5441.5,1006,0,2757,1805.0
171,-18,FSXE,FSXEH25,D1,2025-02-25,1740441600,5436.0,5491.0,5421.0,5477.0,776,5,1823,1965.0
172,-17,FSXE,FSXEH25,D1,2025-02-26,1740528000,5492.5,5541.0,5471.0,5496.0,883,5,1984,2188.0
173,-16,FSXE,FSXEH25,D1,2025-02-27,1740614400,5497.0,5519.5,5434.0,5437.5,916,5,2108,1972.0
174,-15,FSXE,FSXEH25,D1,2025-02-28,1740700800,5436.0,5477.0,5391.0,5449.0,895,5,2104,2065.0
175,-14,FSXE,FSXEH25,D1,2025-03-03,1740960000,5472.0,5574.0,5438.5,5480.5,1396,0,6728,3647.0
176,-13,FSXE,FSXEH25,D1,2025-03-04,1741046400,5502.5,5520.0,5374.0,5477.0,1499,0,4402,4411.0
177,-12,FSXE,FSXEH25,D1,2025-03-05,1741132800,5464.0,5547.0,5450.0,5542.0,1207,5,2867,4666.0
178,-11,FSXE,FSXEH25,D1,2025-03-06,1741219200,5530.0,5568.0,5455.0,5490.0,1463,5,3877,3715.0
179,-10,FSXE,FSXEH25,D1,2025-03-07,1741305600,5487.0,5525.0,5437.5,5503.0,1042,5,2292,3012.0
180,-9,FSXE,FSXEH25,D1,2025-03-10,1741564800,5502.0,5514.5,5340.0,5383.0,1156,5,2663,2944.0
181,-8,FSXE,FSXEH25,D1,2025-03-11,1741651200,5378.0,5429.0,5284.5,5336.5,1411,0,4616,3190.0
182,-7,FSXE,FSXEH25,D1,2025-03-12,1741737600,5350.0,5417.5,5319.5,5351.0,757,5,1523,2934.0
183,-6,FSXE,FSXEH25,D1,2025-03-13,1741824000,5366.5,5385.0,5301.5,5315.5,839,5,1790,2643.0
184,-5,FSXE,FSXEH25,D1,2025-03-14,1741910400,5328.0,5427.5,5311.0,5414.0,985,0,2295,1869.0
185,-4,FSXE,FSXEH25,D1,2025-03-17,1742169600,5408.0,5474.0,5382.5,5466.0,717,5,1750,1945.0
186,-3,FSXE,FSXEH25,D1,2025-03-18,1742256000,5465.0,5499.0,5452.0,5481.5,770,5,2042,2029.0
187,-2,FSXE,FSXEH25,D1,2025-03-19,1742342400,5484.0,5531.5,5448.0,5511.0,612,5,1426,1739.0
188,-1,FSXE,FSXEH25,D1,2025-03-20,1742428800,5511.5,5524.5,5427.0,5446.5,570,5,1283,1584.0
125,-62,FSXE,FSXEM25,D1,2025-03-21,1742515200,5396.5,5396.5,5334.0,5366.0,791,5,1959,1207.0
126,-61,FSXE,FSXEM25,D1,2025-03-24,1742774400,5375.0,5413.0,5344.0,5362.5,792,5,1808,1599.0
127,-60,FSXE,FSXEM25,D1,2025-03-25,1742860800,5366.0,5439.0,5336.5,5427.0,706,5,1406,1724.0
128,-59,FSXE,FSXEM25,D1,2025-03-26,1742947200,5434.0,5439.5,5319.0,5329.0,813,5,1634,1616.0
129,-58,FSXE,FSXEM25,D1,2025-03-27,1743033600,5320.0,5340.5,5279.5,5318.5,794,5,1586,1542.0
130,-57,FSXE,FSXEM25,D1,2025-03-28,1743120000,5306.0,5318.5,5253.5,5262.0,809,0,1425,1548.0
131,-56,FSXE,FSXEM25,D1,2025-03-31,1743379200,5240.0,5252.0,5159.0,5225.0,1020,5,1701,1571.0
132,-55,FSXE,FSXEM25,D1,2025-04-01,1743465600,5202.0,5269.0,5197.5,5246.0,832,5,1826,1651.0
133,-54,FSXE,FSXEM25,D1,2025-04-02,1743552000,5259.5,5260.0,5194.5,5247.0,885,5,2046,1858.0
134,-53,FSXE,FSXEM25,D1,2025-04-03,1743638400,5160.5,5161.0,5035.0,5046.5,1573,0,3570,2481.0
135,-52,FSXE,FSXEM25,D1,2025-04-04,1743724800,5044.5,5047.5,4759.0,4796.0,3053,0,7708,4441.0
136,-51,FSXE,FSXEM25,D1,2025-04-07,1743984000,4621.0,4865.0,4438.5,4622.5,2145,0,4757,5345.0
137,-50,FSXE,FSXEM25,D1,2025-04-08,1744070400,4663.0,4765.5,4514.0,4514.0,2295,5,4383,5616.0
138,-49,FSXE,FSXEM25,D1,2025-04-09,1744156800,4513.5,4988.0,4477.0,4976.5,2680,0,6525,5222.0
139,-48,FSXE,FSXEM25,D1,2025-04-10,1744243200,4968.0,4987.5,4664.0,4735.0,2689,5,4930,5279.0
140,-47,FSXE,FSXEM25,D1,2025-04-11,1744329600,4705.0,4833.0,4667.5,4820.5,1731,5,3078,4844.0
141,-46,FSXE,FSXEM25,D1,2025-04-14,1744588800,4856.0,4878.0,4788.0,4855.5,1276,5,2379,3462.0
142,-45,FSXE,FSXEM25,D1,2025-04-15,1744675200,4835.0,4920.0,4823.0,4908.5,1310,0,2321,2593.0
143,-44,FSXE,FSXEM25,D1,2025-04-16,1744761600,4880.0,4906.0,4814.0,4827.0,1288,5,2353,2351.0
144,-43,FSXE,FSXEM25,D1,2025-04-17,1744848000,4840.0,4919.0,4840.0,4890.5,992,5,2283,2319.0
145,-42,FSXE,FSXEM25,D1,2025-04-22,1745280000,4836.0,4941.0,4823.5,4934.0,903,0,1659,2098.0
146,-41,FSXE,FSXEM25,D1,2025-04-23,1745366400,4997.0,5078.5,4961.0,5030.0,1289,0,2530,2157.0
147,-40,FSXE,FSXEM25,D1,2025-04-24,1745452800,5047.5,5085.0,4993.0,5085.0,713,5,1534,1908.0
148,-39,FSXE,FSXEM25,D1,2025-04-25,1745539200,5088.0,5132.0,5077.0,5127.0,730,5,1398,1821.0
149,-38,FSXE,FSXEM25,D1,2025-04-28,1745798400,5123.5,5151.5,5101.0,5123.0,524,5,952,1295.0
150,-37,FSXE,FSXEM25,D1,2025-04-29,1745884800,5122.0,5136.0,5092.5,5131.5,540,5,1141,1164.0
151,-36,FSXE,FSXEM25,D1,2025-04-30,1745971200,5126.0,5140.0,5054.5,5121.5,867,5,3226,1773.0
152,-35,FSXE,FSXEM25,D1,2025-05-02,1746144000,5138.5,5256.0,5138.5,5251.0,912,5,2890,2419.0
153,-34,FSXE,FSXEM25,D1,2025-05-05,1746403200,5234.0,5266.0,5225.0,5255.0,436,0,814,2310.0
154,-33,FSXE,FSXEM25,D1,2025-05-06,1746489600,5248.5,5262.5,5178.5,5223.5,989,0,2348,2017.0
155,-32,FSXE,FSXEM25,D1,2025-05-07,1746576000,5222.0,5250.0,5187.5,5228.5,504,5,830,1331.0
156,-31,FSXE,FSXEM25,D1,2025-05-08,1746662400,5219.0,5290.5,5215.5,5281.0,725,5,1367,1515.0
157,-30,FSXE,FSXEM25,D1,2025-05-09,1746748800,5264.0,5303.0,5256.5,5290.0,567,5,1334,1177.0
158,-29,FSXE,FSXEM25,D1,2025-05-12,1747008000,5319.0,5408.5,5319.0,5385.5,990,0,1925,1542.0
159,-28,FSXE,FSXEM25,D1,2025-05-13,1747094400,5384.5,5409.0,5349.0,5405.0,376,5,637,1299.0
160,-27,FSXE,FSXEM25,D1,2025-05-14,1747180800,5400.0,5412.0,5365.0,5389.5,474,5,991,1184.0
161,-26,FSXE,FSXEM25,D1,2025-05-15,1747267200,5394.0,5414.0,5355.5,5408.5,498,5,899,842.0
162,-25,FSXE,FSXEM25,D1,2025-05-16,1747353600,5413.5,5443.5,5398.5,5439.0,523,5,989,960.0
163,-24,FSXE,FSXEM25,D1,2025-05-19,1747612800,5416.0,5455.0,5388.0,5451.5,537,5,981,956.0
164,-23,FSXE,FSXEM25,D1,2025-05-20,1747699200,5452.0,5474.0,5428.5,5465.5,397,5,721,897.0
165,-22,FSXE,FSXEM25,D1,2025-05-21,1747785600,5464.0,5468.0,5398.5,5416.5,584,5,1118,940.0
166,-21,FSXE,FSXEM25,D1,2025-05-22,1747872000,5417.0,5449.0,5387.0,5446.0,456,5,784,874.0
167,-20,FSXE,FSXEM25,D1,2025-05-23,1747958400,5433.0,5444.5,5258.0,5328.5,817,5,1760,1221.0
168,-19,FSXE,FSXEM25,D1,2025-05-26,1748217600,5350.0,5420.5,5350.0,5399.5,413,0,2063,1536.0
169,-18,FSXE,FSXEM25,D1,2025-05-27,1748304000,5395.0,5440.0,5385.5,5428.0,444,5,727,1517.0
170,-17,FSXE,FSXEM25,D1,2025-05-28,1748390400,5431.0,5433.0,5379.0,5388.5,511,5,973,1254.0
171,-16,FSXE,FSXEM25,D1,2025-05-29,1748476800,5438.0,5461.0,5353.0,5372.0,713,5,1410,1037.0
172,-15,FSXE,FSXEM25,D1,2025-05-30,1748563200,5370.5,5405.0,5333.0,5370.5,764,0,1577,1320.0
173,-14,FSXE,FSXEM25,D1,2025-06-02,1748822400,5374.0,5385.0,5310.5,5382.5,589,5,1250,1412.0
174,-13,FSXE,FSXEM25,D1,2025-06-03,1748908800,5381.0,5388.5,5330.0,5386.5,419,5,999,1275.0
175,-12,FSXE,FSXEM25,D1,2025-06-04,1748995200,5379.0,5426.5,5379.0,5406.5,432,5,861,1037.0
176,-11,FSXE,FSXEM25,D1,2025-06-05,1749081600,5409.0,5438.5,5375.0,5395.0,500,5,1453,1104.0
177,-10,FSXE,FSXEM25,D1,2025-06-06,1749168000,5385.0,5437.0,5385.0,5430.5,326,5,655,990.0
178,-9,FSXE,FSXEM25,D1,2025-06-09,1749427200,5423.5,5429.5,5398.0,5419.0,331,5,714,941.0
179,-8,FSXE,FSXEM25,D1,2025-06-10,1749513600,5411.0,5434.5,5396.5,5418.0,303,5,546,638.0
180,-7,FSXE,FSXEM25,D1,2025-06-11,1749600000,5428.5,5431.0,5368.0,5376.0,432,5,874,711.0
181,-6,FSXE,FSXEM25,D1,2025-06-12,1749686400,5366.5,5382.0,5325.5,5361.0,461,5,754,725.0
182,-5,FSXE,FSXEM25,D1,2025-06-13,1749772800,5325.0,5325.0,5245.0,5266.0,787,0,1664,1097.0
183,-4,FSXE,FSXEM25,D1,2025-06-16,1750032000,5281.5,5343.0,5264.5,5319.5,796,5,1260,1226.0
184,-3,FSXE,FSXEM25,D1,2025-06-17,1750118400,5311.0,5311.0,5263.0,5265.0,673,5,1277,1400.0
185,-2,FSXE,FSXEM25,D1,2025-06-18,1750204800,5270.0,5299.0,5250.5,5267.0,565,0,1235,1257.0
118,-66,FSXE,FSXEU25,D1,2025-06-19,1750291200,5267.0,5280.0,5203.0,5236.0,341,0,11302,4189.0
119,-65,FSXE,FSXEU25,D1,2025-06-20,1750377600,5254.0,5295.0,5215.0,5238.0,482,0,8654,6920.0
120,-64,FSXE,FSXEU25,D1,2025-06-23,1750636800,5227.0,5271.0,5201.0,5271.0,479,0,2218,7391.0
121,-63,FSXE,FSXEU25,D1,2025-06-24,1750723200,5289.5,5349.0,5289.5,5334.5,421,0,2319,4397.0
122,-62,FSXE,FSXEU25,D1,2025-06-25,1750809600,5328.5,5337.0,5265.0,5272.0,303,0,1583,2040.0
123,-61,FSXE,FSXEU25,D1,2025-06-26,1750896000,5275.5,5291.0,5239.5,5284.0,316,0,1696,1866.0
124,-60,FSXE,FSXEU25,D1,2025-06-27,1750982400,5288.0,5357.5,5284.5,5349.0,383,0,2153,1811.0
125,-59,FSXE,FSXEU25,D1,2025-06-30,1751241600,5359.0,5371.5,5313.0,5330.5,434,0,3033,2294.0
126,-58,FSXE,FSXEU25,D1,2025-07-01,1751328000,5331.0,5336.0,5282.0,5305.5,320,0,1259,2148.0
127,-57,FSXE,FSXEU25,D1,2025-07-02,1751414400,5304.0,5343.5,5300.5,5342.0,279,0,1309,1867.0
128,-56,FSXE,FSXEU25,D1,2025-07-03,1751500800,5330.5,5362.5,5317.0,5354.0,286,0,1390,1319.0
129,-55,FSXE,FSXEU25,D1,2025-07-04,1751587200,5346.0,5346.0,5283.0,5295.0,310,0,1414,1371.0
130,-54,FSXE,FSXEU25,D1,2025-07-07,1751846400,5298.5,5370.0,5298.5,5340.0,376,0,1994,1599.0
131,-53,FSXE,FSXEU25,D1,2025-07-08,1751932800,5344.5,5406.0,5344.5,5403.0,281,0,1934,1781.0
132,-52,FSXE,FSXEU25,D1,2025-07-09,1752019200,5400.0,5487.0,5390.0,5485.5,386,0,1849,1926.0
133,-51,FSXE,FSXEU25,D1,2025-07-10,1752105600,5474.0,5487.0,5452.5,5461.5,262,0,1221,1668.0
134,-50,FSXE,FSXEU25,D1,2025-07-11,1752192000,5454.5,5454.5,5384.0,5397.0,300,0,1477,1516.0
135,-49,FSXE,FSXEU25,D1,2025-07-14,1752451200,5372.0,5401.0,5343.5,5395.0,301,0,1178,1292.0
136,-48,FSXE,FSXEU25,D1,2025-07-15,1752537600,5396.0,5416.0,5366.0,5370.0,892,0,2275,1643.0
137,-47,FSXE,FSXEU25,D1,2025-07-16,1752624000,5369.5,5378.0,5303.0,5363.0,543,0,3286,2246.0
138,-46,FSXE,FSXEU25,D1,2025-07-17,1752710400,5355.0,5401.5,5351.5,5397.0,316,0,1876,2479.0
139,-45,FSXE,FSXEU25,D1,2025-07-18,1752796800,5401.0,5419.5,5350.0,5353.5,375,0,1735,2299.0
140,-44,FSXE,FSXEU25,D1,2025-07-21,1753056000,5360.5,5376.0,5334.0,5342.0,285,0,1247,1619.0
141,-43,FSXE,FSXEU25,D1,2025-07-22,1753142400,5338.0,5348.5,5291.0,5316.0,310,0,1708,1563.0
142,-42,FSXE,FSXEU25,D1,2025-07-23,1753228800,5328.0,5434.0,5319.5,5434.0,469,0,2508,1821.0
143,-41,FSXE,FSXEU25,D1,2025-07-24,1753315200,5436.0,5439.5,5354.0,5362.0,386,0,1806,2007.0
144,-40,FSXE,FSXEU25,D1,2025-07-25,1753401600,5374.5,5392.5,5330.5,5386.5,314,0,1958,2091.0
145,-39,FSXE,FSXEU25,D1,2025-07-28,1753660800,5410.5,5448.0,5342.5,5359.0,471,0,2845,2203.0
146,-38,FSXE,FSXEU25,D1,2025-07-29,1753747200,5358.0,5428.0,5357.0,5388.0,371,0,1390,2064.0
147,-37,FSXE,FSXEU25,D1,2025-07-30,1753833600,5398.5,5421.0,5379.0,5415.0,314,0,1452,1896.0
148,-36,FSXE,FSXEU25,D1,2025-07-31,1753920000,5426.0,5438.5,5314.5,5327.5,453,0,2660,1834.0
149,-35,FSXE,FSXEU25,D1,2025-08-01,1754006400,5343.0,5343.0,5167.0,5190.5,441,0,3530,2547.0
150,-34,FSXE,FSXEU25,D1,2025-08-04,1754265600,5193.0,5263.0,5192.5,5263.0,538,0,2930,3040.0
151,-33,FSXE,FSXEU25,D1,2025-08-05,1754352000,5264.5,5286.5,5249.0,5272.0,449,0,2076,2845.0
152,-32,FSXE,FSXEU25,D1,2025-08-06,1754438400,5250.5,5298.5,5250.5,5292.0,323,0,1415,2140.0
153,-31,FSXE,FSXEU25,D1,2025-08-07,1754524800,5295.0,5370.0,5282.0,5349.0,434,0,2848,2113.0
154,-30,FSXE,FSXEU25,D1,2025-08-08,1754611200,5335.5,5383.5,5335.5,5372.0,273,0,1605,1956.0
155,-29,FSXE,FSXEU25,D1,2025-08-11,1754870400,5386.0,5387.0,5338.5,5351.5,292,0,1270,1908.0
156,-28,FSXE,FSXEU25,D1,2025-08-12,1754956800,5354.0,5373.0,5322.5,5368.0,270,0,1417,1431.0
157,-27,FSXE,FSXEU25,D1,2025-08-13,1755043200,5370.0,5413.5,5364.5,5411.0,300,0,1404,1364.0
158,-26,FSXE,FSXEU25,D1,2025-08-14,1755129600,5411.0,5467.0,5387.5,5463.5,419,0,2536,1786.0
159,-25,FSXE,FSXEU25,D1,2025-08-15,1755216000,5449.0,5486.0,5449.0,5473.0,271,0,1205,1715.0
160,-24,FSXE,FSXEU25,D1,2025-08-18,1755475200,5476.0,5489.5,5423.0,5454.5,360,0,1696,1812.0
161,-23,FSXE,FSXEU25,D1,2025-08-19,1755561600,5454.5,5502.0,5450.5,5476.0,366,0,2173,1691.0
162,-22,FSXE,FSXEU25,D1,2025-08-20,1755648000,5471.0,5503.5,5456.5,5490.0,410,0,2853,2241.0
163,-21,FSXE,FSXEU25,D1,2025-08-21,1755734400,5487.5,5495.0,5448.5,5472.0,265,0,1046,2024.0
164,-20,FSXE,FSXEU25,D1,2025-08-22,1755820800,5471.5,5530.5,5454.5,5495.0,293,0,1982,1960.0
165,-19,FSXE,FSXEU25,D1,2025-08-25,1756080000,5507.0,5507.0,5438.0,5438.0,326,0,1510,1513.0
166,-18,FSXE,FSXEU25,D1,2025-08-26,1756166400,5430.5,5443.0,5385.0,5408.5,366,0,2273,1922.0
167,-17,FSXE,FSXEU25,D1,2025-08-27,1756252800,5417.0,5418.5,5375.0,5403.5,322,0,1586,1790.0
168,-16,FSXE,FSXEU25,D1,2025-08-28,1756339200,5404.5,5437.0,5385.5,5409.0,305,0,1864,1908.0
169,-15,FSXE,FSXEU25,D1,2025-08-29,1756425600,5414.0,5414.0,5354.0,5363.5,322,0,3907,2452.0
170,-14,FSXE,FSXEU25,D1,2025-09-01,1756684800,5373.5,5385.0,5363.5,5372.5,260,0,1382,2384.0
171,-13,FSXE,FSXEU25,D1,2025-09-02,1756771200,5370.5,5385.0,5294.0,5328.0,480,0,2862,2717.0
172,-12,FSXE,FSXEU25,D1,2025-09-03,1756857600,5332.0,5348.0,5310.0,5336.0,331,0,1450,1898.0
173,-11,FSXE,FSXEU25,D1,2025-09-04,1756944000,5344.5,5363.0,5317.0,5362.0,373,0,2972,2428.0
174,-10,FSXE,FSXEU25,D1,2025-09-05,1757030400,5365.0,5383.0,5305.0,5334.5,336,0,2409,2277.0
175,-9,FSXE,FSXEU25,D1,2025-09-08,1757289600,5369.5,5373.0,5333.5,5364.0,276,0,1772,2384.0
176,-8,FSXE,FSXEU25,D1,2025-09-09,1757376000,5362.5,5392.5,5349.0,5387.0,327,0,1986,2056.0
177,-7,FSXE,FSXEU25,D1,2025-09-10,1757462400,5387.5,5416.0,5354.5,5361.0,369,0,3786,2515.0
178,-6,FSXE,FSXEU25,D1,2025-09-11,1757548800,5368.0,5408.0,5357.0,5403.0,372,0,2197,2656.0
179,-5,FSXE,FSXEU25,D1,2025-09-12,1757635200,5406.0,5406.0,5360.5,5401.0,349,0,2279,2754.0
180,-4,FSXE,FSXEU25,D1,2025-09-15,1757894400,5394.0,5448.5,5389.0,5438.5,535,5,1128,1868.0
181,-3,FSXE,FSXEU25,D1,2025-09-16,1757980800,5440.0,5458.0,5370.5,5384.0,553,0,2059,1822.0
182,-2,FSXE,FSXEU25,D1,2025-09-17,1758067200,5384.0,5396.0,5357.5,5379.5,449,5,1957,1715.0
183,-1,FSXE,FSXEU25,D1,2025-09-18,1758153600,5378.0,5468.0,5374.0,5456.0,488,5,2023,2013.0
127,-65,FSXE,FSXEZ25,D1,2025-09-19,1758240000,5465.0,5504.0,5458.0,5476.5,326,0,1663,1452.0
128,-64,FSXE,FSXEZ25,D1,2025-09-22,1758499200,5478.5,5482.5,5435.0,5461.0,333,0,2634,1985.0
129,-63,FSXE,FSXEZ25,D1,2025-09-23,1758585600,5459.5,5505.5,5454.5,5467.5,385,0,2027,2108.0
130,-62,FSXE,FSXEZ25,D1,2025-09-24,1758672000,5471.0,5494.0,5458.0,5475.0,339,0,1894,2185.0
131,-61,FSXE,FSXEZ25,D1,2025-09-25,1758758400,5482.0,5486.5,5424.0,5471.5,361,0,2507,2143.0
132,-60,FSXE,FSXEZ25,D1,2025-09-26,1758844800,5469.5,5517.5,5460.0,5517.5,447,0,2548,2316.0
133,-59,FSXE,FSXEZ25,D1,2025-09-29,1759104000,5516.0,5548.0,5508.0,5523.0,394,0,3064,2706.0
134,-58,FSXE,FSXEZ25,D1,2025-09-30,1759190400,5522.0,5561.0,5495.5,5557.5,411,0,3232,2948.0
135,-57,FSXE,FSXEZ25,D1,2025-10-01,1759276800,5546.0,5633.5,5518.0,5625.5,499,0,3172,3156.0
136,-56,FSXE,FSXEZ25,D1,2025-10-02,1759363200,5615.0,5687.5,5615.0,5670.5,443,0,2459,2954.0
137,-55,FSXE,FSXEZ25,D1,2025-10-03,1759449600,5670.0,5685.5,5654.5,5666.0,324,0,1650,2427.0
138,-54,FSXE,FSXEZ25,D1,2025-10-06,1759708800,5673.0,5683.0,5619.0,5649.0,327,0,1833,1981.0
139,-53,FSXE,FSXEZ25,D1,2025-10-07,1759795200,5645.0,5656.0,5615.5,5617.5,276,0,1300,1594.0
140,-52,FSXE,FSXEZ25,D1,2025-10-08,1759881600,5621.0,5670.0,5616.0,5664.5,278,0,1403,1512.0
141,-51,FSXE,FSXEZ25,D1,2025-10-09,1759968000,5663.5,5677.0,5625.0,5638.5,323,0,1555,1419.0
142,-50,FSXE,FSXEZ25,D1,2025-10-10,1760054400,5643.5,5660.5,5510.0,5510.0,334,0,4071,2343.0
143,-49,FSXE,FSXEZ25,D1,2025-10-13,1760313600,5553.0,5602.5,5552.0,5587.0,437,0,2338,2655.0
144,-48,FSXE,FSXEZ25,D1,2025-10-14,1760400000,5549.5,5620.5,5497.5,5605.5,728,0,6206,4205.0
145,-47,FSXE,FSXEZ25,D1,2025-10-15,1760486400,5613.0,5652.0,5570.0,5607.5,461,0,3025,3856.0
146,-46,FSXE,FSXEZ25,D1,2025-10-16,1760572800,5610.5,5667.0,5595.5,5625.0,573,0,5556,4929.0
147,-45,FSXE,FSXEZ25,D1,2025-10-17,1760659200,5628.5,5656.5,5563.0,5651.5,512,0,5710,4764.0
148,-44,FSXE,FSXEZ25,D1,2025-10-20,1760918400,5645.5,5711.5,5630.0,5703.0,481,0,4046,5104.0
149,-43,FSXE,FSXEZ25,D1,2025-10-21,1761004800,5713.0,5717.0,5678.5,5678.5,312,0,1520,3759.0
150,-42,FSXE,FSXEZ25,D1,2025-10-22,1761091200,5673.0,5693.5,5612.0,5644.0,442,0,2783,2783.0
151,-41,FSXE,FSXEZ25,D1,2025-10-23,1761177600,5632.0,5688.5,5631.0,5685.0,396,0,2223,2175.0
152,-40,FSXE,FSXEZ25,D1,2025-10-24,1761264000,5689.0,5709.0,5657.0,5671.5,349,0,2284,2430.0
153,-39,FSXE,FSXEZ25,D1,2025-10-27,1761523200,5693.5,5720.5,5690.5,5719.0,586,0,1402,1970.0
154,-38,FSXE,FSXEZ25,D1,2025-10-28,1761609600,5714.0,5720.0,5691.5,5704.0,366,5,694,1460.0
155,-37,FSXE,FSXEZ25,D1,2025-10-29,1761696000,5709.5,5741.5,5685.0,5710.5,638,0,1813,1303.0
156,-36,FSXE,FSXEZ25,D1,2025-10-30,1761782400,5718.5,5736.5,5671.0,5700.0,630,5,1702,1403.0
157,-35,FSXE,FSXEZ25,D1,2025-10-31,1761868800,5706.0,5707.5,5653.5,5666.5,419,5,1200,1572.0
158,-34,FSXE,FSXEZ25,D1,2025-11-03,1762128000,5676.0,5712.5,5665.0,5689.5,482,5,935,1279.0
159,-33,FSXE,FSXEZ25,D1,2025-11-04,1762214400,5674.0,5676.5,5585.0,5646.0,982,5,2529,1555.0
160,-32,FSXE,FSXEZ25,D1,2025-11-05,1762300800,5639.5,5695.5,5575.0,5693.5,762,5,1608,1691.0
161,-31,FSXE,FSXEZ25,D1,2025-11-06,1762387200,5685.5,5685.5,5610.0,5629.0,659,5,1866,2001.0
162,-30,FSXE,FSXEZ25,D1,2025-11-07,1762473600,5629.0,5642.0,5562.5,5625.5,796,5,1964,1813.0
163,-29,FSXE,FSXEZ25,D1,2025-11-10,1762732800,5630.5,5705.0,5630.5,5704.0,657,5,1157,1662.0
164,-28,FSXE,FSXEZ25,D1,2025-11-11,1762819200,5708.0,5753.5,5686.5,5747.5,802,5,1535,1552.0
165,-27,FSXE,FSXEZ25,D1,2025-11-12,1762905600,5749.5,5811.5,5745.0,5803.0,743,5,1604,1432.0
166,-26,FSXE,FSXEZ25,D1,2025-11-13,1762992000,5798.0,5823.5,5714.5,5731.0,711,5,1090,1410.0
167,-25,FSXE,FSXEZ25,D1,2025-11-14,1763078400,5735.0,5745.5,5637.5,5688.5,925,0,1961,1552.0
168,-24,FSXE,FSXEZ25,D1,2025-11-17,1763337600,5685.0,5707.0,5595.0,5608.0,941,0,1775,1609.0
169,-23,FSXE,FSXEZ25,D1,2025-11-18,1763424000,5614.0,5614.0,5512.5,5551.0,1123,5,4642,2793.0
170,-22,FSXE,FSXEZ25,D1,2025-11-19,1763510400,5537.5,5588.0,5510.0,5572.0,920,5,2937,3118.0
171,-21,FSXE,FSXEZ25,D1,2025-11-20,1763596800,5601.0,5629.5,5488.5,5492.0,1210,0,3101,3560.0
172,-20,FSXE,FSXEZ25,D1,2025-11-21,1763683200,5505.5,5564.0,5475.5,5547.5,1062,0,2131,2723.0
173,-19,FSXE,FSXEZ25,D1,2025-11-24,1763942400,5551.0,5570.5,5514.0,5541.0,856,5,1827,2353.0
174,-18,FSXE,FSXEZ25,D1,2025-11-25,1764028800,5540.0,5605.0,5519.0,5604.5,999,5,2356,2105.0
175,-17,FSXE,FSXEZ25,D1,2025-11-26,1764115200,5597.5,5670.5,5595.0,5666.5,903,5,2540,2241.0
176,-16,FSXE,FSXEZ25,D1,2025-11-27,1764201600,5662.0,5673.5,5645.0,5657.0,382,5,748,1881.0
177,-15,FSXE,FSXEZ25,D1,2025-11-28,1764288000,5669.0,5687.0,5645.0,5684.5,522,5,1134,1474.0
178,-14,FSXE,FSXEZ25,D1,2025-12-01,1764547200,5678.0,5694.5,5628.5,5677.5,738,5,1454,1112.0
179,-13,FSXE,FSXEZ25,D1,2025-12-02,1764633600,5681.5,5719.5,5670.5,5709.0,557,0,956,1181.0
180,-12,FSXE,FSXEZ25,D1,2025-12-03,1764720000,5712.0,5733.0,5683.0,5721.5,570,5,1271,1227.0
181,-11,FSXE,FSXEZ25,D1,2025-12-04,1764806400,5722.0,5738.0,5709.0,5720.5,527,5,936,1054.0
182,-10,FSXE,FSXEZ25,D1,2025-12-05,1764892800,5726.0,5754.0,5722.5,5724.5,498,5,1007,1071.0
183,-9,FSXE,FSXEZ25,D1,2025-12-08,1765152000,5726.5,5739.5,5716.5,5719.0,337,0,624,856.0
184,-8,FSXE,FSXEZ25,D1,2025-12-09,1765238400,5730.0,5757.0,5711.5,5714.5,552,5,1482,1038.0
185,-7,FSXE,FSXEZ25,D1,2025-12-10,1765324800,5718.5,5748.0,5696.5,5747.0,529,5,833,980.0
186,-6,FSXE,FSXEZ25,D1,2025-12-11,1765411200,5735.0,5781.5,5685.0,5778.0,609,5,1026,1114.0
187,-5,FSXE,FSXEZ25,D1,2025-12-12,1765497600,5777.5,5798.0,5717.0,5729.5,545,5,952,937.0
188,-4,FSXE,FSXEZ25,D1,2025-12-15,1765756800,5739.0,5765.5,5735.0,5753.0,578,5,1386,1121.0
189,-3,FSXE,FSXEZ25,D1,2025-12-16,1765843200,5753.0,5759.5,5707.0,5738.0,711,5,1322,1220.0
190,-2,FSXE,FSXEZ25,D1,2025-12-17,1765929600,5729.5,5747.5,5672.5,5676.5,625,5,1372,1360.0
191,-1,FSXE,FSXEZ25,D1,2025-12-18,1766016000,5676.0,5749.0,5670.0,5738.5,367,5,883,1192.0
192,0,FSXE,FSXEZ25,D1,2025-12-19,1766102400,5730.0,5756.5,5710.0,5742.0,75,15,179,811.0
131,-1,FSXE,FSXEH26,D1,2025-12-22,1766361600,5795.5,5795.5,5757.0,5770.5,455,5,921,825.0
132,0,FSXE,FSXEH26,D1,2025-12-23,1766448000,5774.0,5780.5,5751.0,5768.0,250,5,607,787.0
