a,z,ticker,symbol,tf,datetime,time,open,high,low,close,tick_volume,spread,real_volume,mean_volume
1,-1406,MNK,MNKM25,H1,2025-02-14 21:00:00,1739566800,39010.0,39010.0,39010.0,39010.0,0,0,0,0.0
2,-1405,MNK,MNKM25,H1,2025-02-18 21:00:00,1739912400,39170.0,39170.0,39170.0,39170.0,0,0,0,0.0
3,-1404,MNK,MNKM25,H1,2025-02-19 21:00:00,1739998800,38850.0,38850.0,38850.0,38850.0,0,0,0,0.0
4,-1403,MNK,MNKM25,H1,2025-02-20 21:00:00,1740085200,38435.0,38435.0,38435.0,38435.0,0,0,0,0.0
5,-1402,MNK,MNKM25,H1,2025-02-21 21:00:00,1740171600,38030.0,38030.0,38030.0,38030.0,0,0,0,0.0
6,-1401,MNK,MNKM25,H1,2025-02-24 21:00:00,1740430800,37945.0,37945.0,37945.0,37945.0,0,0,0,0.0
7,-1400,MNK,MNKM25,H1,2025-02-25 21:00:00,1740517200,37855.0,37855.0,37855.0,37855.0,0,0,0,0.0
8,-1399,MNK,MNKM25,H1,2025-02-26 21:00:00,1740603600,37955.0,37955.0,37955.0,37955.0,0,0,0,0.0
1,-1507,MNK,MNKU25,H1,2025-02-27 21:00:00,1740690000,37570.0,37570.0,37570.0,37570.0,0,0,0,0.0
2,-1506,MNK,MNKU25,H1,2025-02-28 21:00:00,1740776400,37610.0,37610.0,37610.0,37610.0,0,0,0,0.0
3,-1505,MNK,MNKU25,H1,2025-03-03 21:00:00,1741035600,37300.0,37300.0,37300.0,37300.0,0,0,0,0.0
12,-1395,MNK,MNKM25,H1,2025-03-04 08:00:00,1741075200,37170.0,37170.0,37170.0,37170.0,0,0,1,0.0
13,-1394,MNK,MNKM25,H1,2025-03-04 10:00:00,1741082400,37000.0,37000.0,37000.0,37000.0,0,0,1,0.0
14,-1393,MNK,MNKM25,H1,2025-03-04 14:00:00,1741096800,36665.0,36665.0,36660.0,36660.0,0,0,3,0.0
15,-1392,MNK,MNKM25,H1,2025-03-04 18:00:00,1741111200,36660.0,36660.0,36660.0,36660.0,0,0,2,0.0
16,-1391,MNK,MNKM25,H1,2025-03-04 19:00:00,1741114800,37170.0,37170.0,37170.0,37170.0,0,0,1,0.0
4,-1504,MNK,MNKU25,H1,2025-03-04 21:00:00,1741122000,37015.0,37015.0,37015.0,37015.0,0,0,0,0.0
18,-1389,MNK,MNKM25,H1,2025-03-05 13:00:00,1741179600,37285.0,37285.0,37285.0,37285.0,0,0,1,0.0
5,-1503,MNK,MNKU25,H1,2025-03-05 21:00:00,1741208400,37760.0,37760.0,37760.0,37760.0,0,0,0,0.0
6,-1502,MNK,MNKU25,H1,2025-03-06 21:00:00,1741294800,36885.0,36885.0,36885.0,36885.0,0,0,0,0.0
21,-1386,MNK,MNKM25,H1,2025-03-07 01:00:00,1741309200,36850.0,36850.0,36850.0,36850.0,0,0,1,0.0
22,-1385,MNK,MNKM25,H1,2025-03-07 14:00:00,1741356000,36600.0,36600.0,36600.0,36600.0,0,0,1,0.0
7,-1501,MNK,MNKU25,H1,2025-03-07 21:00:00,1741381200,37330.0,37330.0,37330.0,37330.0,0,0,0,0.0
24,-1383,MNK,MNKM25,H1,2025-03-10 12:00:00,1741608000,36480.0,36480.0,36480.0,36480.0,0,0,1,0.0
25,-1382,MNK,MNKM25,H1,2025-03-10 16:00:00,1741622400,36385.0,36385.0,36385.0,36385.0,0,0,2,1.0
26,-1381,MNK,MNKM25,H1,2025-03-10 18:00:00,1741629600,36235.0,36235.0,36235.0,36235.0,0,0,1,1.0
27,-1380,MNK,MNKM25,H1,2025-03-10 19:00:00,1741633200,36400.0,36400.0,36400.0,36400.0,0,0,1,1.0
28,-1379,MNK,MNKM25,H1,2025-03-10 20:00:00,1741636800,36365.0,36365.0,36365.0,36365.0,0,0,0,1.0
29,-1378,MNK,MNKM25,H1,2025-03-10 22:00:00,1741644000,36240.0,36260.0,36240.0,36260.0,0,0,2,1.0
30,-1377,MNK,MNKM25,H1,2025-03-11 00:00:00,1741651200,36120.0,36120.0,36120.0,36120.0,0,0,2,1.0
31,-1376,MNK,MNKM25,H1,2025-03-11 02:00:00,1741658400,36300.0,36300.0,36300.0,36300.0,0,0,2,1.0
32,-1375,MNK,MNKM25,H1,2025-03-11 03:00:00,1741662000,36300.0,36330.0,36300.0,36325.0,0,0,3,1.0
33,-1374,MNK,MNKM25,H1,2025-03-11 04:00:00,1741665600,36260.0,36440.0,36260.0,36440.0,0,0,3,1.0
34,-1373,MNK,MNKM25,H1,2025-03-11 05:00:00,1741669200,36490.0,36495.0,36490.0,36495.0,0,0,2,1.0
35,-1372,MNK,MNKM25,H1,2025-03-11 06:00:00,1741672800,36600.0,36645.0,36600.0,36645.0,0,0,53,2.0
36,-1371,MNK,MNKM25,H1,2025-03-11 07:00:00,1741676400,36615.0,36615.0,36615.0,36615.0,0,0,10,3.0
37,-1370,MNK,MNKM25,H1,2025-03-11 08:00:00,1741680000,36765.0,36765.0,36765.0,36765.0,0,0,1,3.0
38,-1369,MNK,MNKM25,H1,2025-03-11 12:00:00,1741694400,36605.0,36605.0,36570.0,36570.0,0,0,11,3.0
39,-1368,MNK,MNKM25,H1,2025-03-11 14:00:00,1741701600,36425.0,36425.0,36325.0,36325.0,0,0,4,3.0
40,-1367,MNK,MNKM25,H1,2025-03-11 15:00:00,1741705200,36425.0,36485.0,36425.0,36485.0,0,0,5,3.0
41,-1366,MNK,MNKM25,H1,2025-03-11 16:00:00,1741708800,36315.0,36345.0,36315.0,36345.0,0,0,4,3.0
42,-1365,MNK,MNKM25,H1,2025-03-11 17:00:00,1741712400,36000.0,36155.0,35970.0,36155.0,0,0,5,3.0
43,-1364,MNK,MNKM25,H1,2025-03-11 19:00:00,1741719600,36680.0,36680.0,36460.0,36510.0,0,0,12,3.0
44,-1363,MNK,MNKM25,H1,2025-03-11 20:00:00,1741723200,36400.0,36400.0,36400.0,36400.0,0,0,0,3.0
45,-1362,MNK,MNKM25,H1,2025-03-11 22:00:00,1741730400,36430.0,36430.0,36430.0,36430.0,0,0,1,3.0
46,-1361,MNK,MNKM25,H1,2025-03-11 23:00:00,1741734000,36510.0,36510.0,36510.0,36510.0,0,0,4,3.0
47,-1360,MNK,MNKM25,H1,2025-03-12 00:00:00,1741737600,36735.0,36815.0,36590.0,36715.0,0,0,22,3.0
48,-1359,MNK,MNKM25,H1,2025-03-12 01:00:00,1741741200,36730.0,36750.0,36680.0,36750.0,0,0,7,4.0
49,-1358,MNK,MNKM25,H1,2025-03-12 02:00:00,1741744800,36755.0,36755.0,36710.0,36710.0,0,0,22,4.0
50,-1357,MNK,MNKM25,H1,2025-03-12 03:00:00,1741748400,36720.0,36720.0,36660.0,36660.0,0,0,3,4.0
51,-1356,MNK,MNKM25,H1,2025-03-12 04:00:00,1741752000,36635.0,36635.0,36635.0,36635.0,0,0,1,4.0
52,-1355,MNK,MNKM25,H1,2025-03-12 05:00:00,1741755600,36770.0,36780.0,36770.0,36780.0,0,0,6,4.0
53,-1354,MNK,MNKM25,H1,2025-03-12 06:00:00,1741759200,36695.0,36700.0,36695.0,36700.0,0,0,5,4.0
54,-1353,MNK,MNKM25,H1,2025-03-12 09:00:00,1741770000,36770.0,36770.0,36770.0,36770.0,0,0,1,4.0
55,-1352,MNK,MNKM25,H1,2025-03-12 10:00:00,1741773600,36800.0,36800.0,36750.0,36755.0,0,0,25,4.0
56,-1351,MNK,MNKM25,H1,2025-03-12 11:00:00,1741777200,36885.0,36885.0,36840.0,36845.0,0,0,15,4.0
57,-1350,MNK,MNKM25,H1,2025-03-12 12:00:00,1741780800,36825.0,36935.0,36795.0,36935.0,0,0,12,5.0
58,-1349,MNK,MNKM25,H1,2025-03-12 13:00:00,1741784400,37030.0,37045.0,36895.0,36895.0,0,0,31,5.0
59,-1348,MNK,MNKM25,H1,2025-03-12 14:00:00,1741788000,36840.0,36840.0,36725.0,36725.0,0,0,33,5.0
60,-1347,MNK,MNKM25,H1,2025-03-12 15:00:00,1741791600,36660.0,36825.0,36660.0,36825.0,0,0,9,6.0
61,-1346,MNK,MNKM25,H1,2025-03-12 16:00:00,1741795200,36990.0,37040.0,36915.0,37025.0,0,0,19,6.0
62,-1345,MNK,MNKM25,H1,2025-03-12 17:00:00,1741798800,37095.0,37095.0,36925.0,36925.0,0,0,5,6.0
63,-1344,MNK,MNKM25,H1,2025-03-12 18:00:00,1741802400,37080.0,37080.0,37080.0,37080.0,0,0,1,6.0
64,-1343,MNK,MNKM25,H1,2025-03-12 19:00:00,1741806000,36990.0,36990.0,36970.0,36970.0,0,0,4,6.0
65,-1342,MNK,MNKM25,H1,2025-03-12 20:00:00,1741809600,36970.0,36970.0,36900.0,36920.0,0,0,25,6.0
66,-1341,MNK,MNKM25,H1,2025-03-12 22:00:00,1741816800,36950.0,36965.0,36945.0,36965.0,0,0,8,6.0
67,-1340,MNK,MNKM25,H1,2025-03-12 23:00:00,1741820400,36980.0,37035.0,36980.0,37035.0,0,0,4,6.0
68,-1339,MNK,MNKM25,H1,2025-03-13 00:00:00,1741824000,37085.0,37190.0,37085.0,37105.0,0,0,106,7.0
69,-1338,MNK,MNKM25,H1,2025-03-13 01:00:00,1741827600,37070.0,37095.0,36955.0,37035.0,0,0,55,8.0
70,-1337,MNK,MNKM25,H1,2025-03-13 02:00:00,1741831200,37000.0,37020.0,36995.0,37020.0,0,0,12,8.0
71,-1336,MNK,MNKM25,H1,2025-03-13 03:00:00,1741834800,37010.0,37010.0,36845.0,36845.0,0,0,38,9.0
72,-1335,MNK,MNKM25,H1,2025-03-13 04:00:00,1741838400,36840.0,36875.0,36790.0,36790.0,0,0,25,9.0
73,-1334,MNK,MNKM25,H1,2025-03-13 05:00:00,1741842000,36790.0,36790.0,36750.0,36780.0,0,0,6,9.0
74,-1333,MNK,MNKM25,H1,2025-03-13 06:00:00,1741845600,36695.0,36705.0,36640.0,36640.0,0,0,14,9.0
75,-1332,MNK,MNKM25,H1,2025-03-13 07:00:00,1741849200,36705.0,36705.0,36640.0,36640.0,0,0,2,9.0
76,-1331,MNK,MNKM25,H1,2025-03-13 08:00:00,1741852800,36645.0,36725.0,36600.0,36725.0,0,0,17,9.0
77,-1330,MNK,MNKM25,H1,2025-03-13 09:00:00,1741856400,36785.0,36875.0,36785.0,36875.0,0,0,3,9.0
78,-1329,MNK,MNKM25,H1,2025-03-13 10:00:00,1741860000,36890.0,36890.0,36810.0,36810.0,0,0,25,10.0
79,-1328,MNK,MNKM25,H1,2025-03-13 11:00:00,1741863600,36825.0,36835.0,36655.0,36720.0,0,0,188,12.0
80,-1327,MNK,MNKM25,H1,2025-03-13 12:00:00,1741867200,36670.0,36715.0,36650.0,36715.0,0,0,30,13.0
81,-1326,MNK,MNKM25,H1,2025-03-13 13:00:00,1741870800,36755.0,36810.0,36600.0,36600.0,0,0,67,14.0
82,-1325,MNK,MNKM25,H1,2025-03-13 14:00:00,1741874400,36730.0,36870.0,36730.0,36750.0,0,0,60,15.0
83,-1324,MNK,MNKM25,H1,2025-03-13 15:00:00,1741878000,36640.0,36710.0,36605.0,36680.0,0,0,76,16.0
84,-1323,MNK,MNKM25,H1,2025-03-13 16:00:00,1741881600,36675.0,36675.0,36530.0,36570.0,0,0,42,16.0
85,-1322,MNK,MNKM25,H1,2025-03-13 17:00:00,1741885200,36620.0,36620.0,36415.0,36425.0,0,0,59,17.0
86,-1321,MNK,MNKM25,H1,2025-03-13 18:00:00,1741888800,36500.0,36680.0,36500.0,36645.0,0,0,67,18.0
87,-1320,MNK,MNKM25,H1,2025-03-13 19:00:00,1741892400,36710.0,36720.0,36510.0,36570.0,0,0,70,19.0
88,-1319,MNK,MNKM25,H1,2025-03-13 20:00:00,1741896000,36560.0,36620.0,36560.0,36620.0,0,0,2,19.0
89,-1318,MNK,MNKM25,H1,2025-03-13 23:00:00,1741906800,36655.0,36655.0,36565.0,36585.0,0,0,33,19.0
90,-1317,MNK,MNKM25,H1,2025-03-14 00:00:00,1741910400,36570.0,36800.0,36505.0,36800.0,0,0,103,21.0
91,-1316,MNK,MNKM25,H1,2025-03-14 01:00:00,1741914000,36745.0,36780.0,36655.0,36745.0,0,0,32,21.0
92,-1315,MNK,MNKM25,H1,2025-03-14 02:00:00,1741917600,36735.0,36825.0,36735.0,36825.0,0,0,43,22.0
93,-1314,MNK,MNKM25,H1,2025-03-14 03:00:00,1741921200,36830.0,36970.0,36830.0,36950.0,0,0,81,23.0
94,-1313,MNK,MNKM25,H1,2025-03-14 04:00:00,1741924800,36945.0,37005.0,36910.0,36995.0,0,0,42,23.0
95,-1312,MNK,MNKM25,H1,2025-03-14 05:00:00,1741928400,36965.0,36975.0,36960.0,36960.0,0,0,9,24.0
96,-1311,MNK,MNKM25,H1,2025-03-14 06:00:00,1741932000,36945.0,36980.0,36920.0,36980.0,0,0,30,24.0
97,-1310,MNK,MNKM25,H1,2025-03-14 07:00:00,1741935600,36920.0,36975.0,36920.0,36975.0,0,0,9,24.0
98,-1309,MNK,MNKM25,H1,2025-03-14 08:00:00,1741939200,36920.0,37045.0,36895.0,37045.0,0,0,13,24.0
99,-1308,MNK,MNKM25,H1,2025-03-14 09:00:00,1741942800,37090.0,37090.0,37040.0,37040.0,0,0,21,24.0
100,-1307,MNK,MNKM25,H1,2025-03-14 10:00:00,1741946400,36995.0,37130.0,36995.0,37130.0,0,0,32,25.0
101,-1306,MNK,MNKM25,H1,2025-03-14 11:00:00,1741950000,37125.0,37180.0,37125.0,37175.0,0,0,12,25.0
102,-1305,MNK,MNKM25,H1,2025-03-14 12:00:00,1741953600,37190.0,37280.0,37190.0,37250.0,0,0,121,27.0
103,-1304,MNK,MNKM25,H1,2025-03-14 13:00:00,1741957200,37235.0,37345.0,37200.0,37325.0,0,0,101,28.0
104,-1303,MNK,MNKM25,H1,2025-03-14 14:00:00,1741960800,37275.0,37335.0,37245.0,37335.0,0,0,67,29.0
105,-1302,MNK,MNKM25,H1,2025-03-14 15:00:00,1741964400,37360.0,37460.0,37360.0,37420.0,0,0,111,30.0
106,-1301,MNK,MNKM25,H1,2025-03-14 16:00:00,1741968000,37355.0,37405.0,37355.0,37405.0,0,0,5,31.0
107,-1300,MNK,MNKM25,H1,2025-03-14 17:00:00,1741971600,37420.0,37420.0,37380.0,37380.0,0,0,22,30.0
108,-1299,MNK,MNKM25,H1,2025-03-14 18:00:00,1741975200,37400.0,37440.0,37400.0,37405.0,0,0,4,30.0
109,-1298,MNK,MNKM25,H1,2025-03-14 19:00:00,1741978800,37435.0,37480.0,37400.0,37470.0,0,0,35,30.0
110,-1297,MNK,MNKM25,H1,2025-03-14 20:00:00,1741982400,37465.0,37465.0,37380.0,37385.0,0,0,9,30.0
111,-1296,MNK,MNKM25,H1,2025-03-16 22:00:00,1742162400,37355.0,37355.0,37300.0,37335.0,0,0,18,31.0
112,-1295,MNK,MNKM25,H1,2025-03-16 23:00:00,1742166000,37325.0,37415.0,37325.0,37415.0,0,0,17,31.0
113,-1294,MNK,MNKM25,H1,2025-03-17 00:00:00,1742169600,37350.0,37395.0,37270.0,37395.0,0,0,35,31.0
114,-1293,MNK,MNKM25,H1,2025-03-17 01:00:00,1742173200,37390.0,37390.0,37325.0,37325.0,0,0,28,32.0
115,-1292,MNK,MNKM25,H1,2025-03-17 02:00:00,1742176800,37330.0,37345.0,37330.0,37345.0,0,0,17,32.0
116,-1291,MNK,MNKM25,H1,2025-03-17 04:00:00,1742184000,37380.0,37395.0,37370.0,37375.0,0,0,29,32.0
117,-1290,MNK,MNKM25,H1,2025-03-17 06:00:00,1742191200,37350.0,37350.0,37270.0,37340.0,0,0,27,32.0
118,-1289,MNK,MNKM25,H1,2025-03-17 07:00:00,1742194800,37350.0,37380.0,37350.0,37380.0,0,0,7,32.0
119,-1288,MNK,MNKM25,H1,2025-03-17 08:00:00,1742198400,37390.0,37390.0,37315.0,37370.0,0,0,6,32.0
120,-1287,MNK,MNKM25,H1,2025-03-17 10:00:00,1742205600,37375.0,37375.0,37375.0,37375.0,0,0,1,32.0
121,-1286,MNK,MNKM25,H1,2025-03-17 11:00:00,1742209200,37395.0,37400.0,37345.0,37345.0,0,0,12,32.0
122,-1285,MNK,MNKM25,H1,2025-03-17 12:00:00,1742212800,37345.0,37495.0,37335.0,37460.0,0,0,15,32.0
123,-1284,MNK,MNKM25,H1,2025-03-17 13:00:00,1742216400,37445.0,37640.0,37445.0,37600.0,0,0,39,33.0
124,-1283,MNK,MNKM25,H1,2025-03-17 14:00:00,1742220000,37590.0,37605.0,37560.0,37560.0,0,0,12,33.0
125,-1282,MNK,MNKM25,H1,2025-03-17 15:00:00,1742223600,37490.0,37585.0,37490.0,37585.0,0,0,26,33.0
126,-1281,MNK,MNKM25,H1,2025-03-17 16:00:00,1742227200,37575.0,37635.0,37575.0,37625.0,0,0,28,33.0
127,-1280,MNK,MNKM25,H1,2025-03-17 17:00:00,1742230800,37655.0,37770.0,37655.0,37765.0,0,0,14,33.0
128,-1279,MNK,MNKM25,H1,2025-03-17 18:00:00,1742234400,37780.0,37885.0,37765.0,37885.0,0,0,162,35.0
129,-1278,MNK,MNKM25,H1,2025-03-17 19:00:00,1742238000,37830.0,37855.0,37830.0,37845.0,0,0,5,35.0
130,-1277,MNK,MNKM25,H1,2025-03-17 20:00:00,1742241600,37800.0,37800.0,37755.0,37770.0,0,0,3,35.0
131,-1276,MNK,MNKM25,H1,2025-03-17 22:00:00,1742248800,37820.0,37820.0,37810.0,37810.0,0,0,3,34.0
132,-1275,MNK,MNKM25,H1,2025-03-17 23:00:00,1742252400,37855.0,37855.0,37795.0,37815.0,0,0,8,34.0
133,-1274,MNK,MNKM25,H1,2025-03-18 00:00:00,1742256000,37800.0,37810.0,37730.0,37765.0,0,0,48,35.0
134,-1273,MNK,MNKM25,H1,2025-03-18 01:00:00,1742259600,37785.0,37820.0,37780.0,37815.0,0,0,20,35.0
135,-1272,MNK,MNKM25,H1,2025-03-18 02:00:00,1742263200,37800.0,37810.0,37800.0,37810.0,0,0,32,35.0
136,-1271,MNK,MNKM25,H1,2025-03-18 03:00:00,1742266800,37780.0,37800.0,37780.0,37800.0,0,0,2,35.0
137,-1270,MNK,MNKM25,H1,2025-03-18 04:00:00,1742270400,37765.0,37775.0,37750.0,37775.0,0,0,38,36.0
138,-1269,MNK,MNKM25,H1,2025-03-18 05:00:00,1742274000,37780.0,37780.0,37720.0,37735.0,0,0,97,37.0
139,-1268,MNK,MNKM25,H1,2025-03-18 06:00:00,1742277600,37705.0,37725.0,37695.0,37725.0,0,0,21,37.0
140,-1267,MNK,MNKM25,H1,2025-03-18 07:00:00,1742281200,37710.0,37730.0,37705.0,37730.0,0,0,12,36.0
141,-1266,MNK,MNKM25,H1,2025-03-18 08:00:00,1742284800,37745.0,37820.0,37735.0,37820.0,0,0,8,35.0
142,-1265,MNK,MNKM25,H1,2025-03-18 10:00:00,1742292000,37770.0,37770.0,37765.0,37765.0,0,0,4,35.0
143,-1264,MNK,MNKM25,H1,2025-03-18 11:00:00,1742295600,37755.0,37765.0,37720.0,37720.0,0,0,32,35.0
144,-1263,MNK,MNKM25,H1,2025-03-18 12:00:00,1742299200,37745.0,37745.0,37745.0,37745.0,0,0,1,35.0
145,-1262,MNK,MNKM25,H1,2025-03-18 13:00:00,1742302800,37635.0,37635.0,37565.0,37565.0,0,0,38,35.0
146,-1261,MNK,MNKM25,H1,2025-03-18 14:00:00,1742306400,37570.0,37615.0,37535.0,37615.0,0,0,61,36.0
147,-1260,MNK,MNKM25,H1,2025-03-18 15:00:00,1742310000,37530.0,37595.0,37510.0,37590.0,0,0,101,37.0
148,-1259,MNK,MNKM25,H1,2025-03-18 16:00:00,1742313600,37635.0,37665.0,37580.0,37580.0,0,0,60,38.0
149,-1258,MNK,MNKM25,H1,2025-03-18 17:00:00,1742317200,37565.0,37640.0,37495.0,37640.0,0,0,116,39.0
150,-1257,MNK,MNKM25,H1,2025-03-18 18:00:00,1742320800,37590.0,37685.0,37555.0,37665.0,0,0,116,40.0
151,-1256,MNK,MNKM25,H1,2025-03-18 19:00:00,1742324400,37640.0,37660.0,37620.0,37655.0,0,0,89,39.0
152,-1255,MNK,MNKM25,H1,2025-03-18 20:00:00,1742328000,37650.0,37660.0,37640.0,37640.0,0,0,14,39.0
153,-1254,MNK,MNKM25,H1,2025-03-18 22:00:00,1742335200,37605.0,37660.0,37605.0,37660.0,0,0,6,38.0
154,-1253,MNK,MNKM25,H1,2025-03-18 23:00:00,1742338800,37675.0,37700.0,37635.0,37700.0,0,0,28,38.0
155,-1252,MNK,MNKM25,H1,2025-03-19 00:00:00,1742342400,37710.0,37935.0,37665.0,37930.0,0,0,220,40.0
156,-1251,MNK,MNKM25,H1,2025-03-19 01:00:00,1742346000,37920.0,37920.0,37890.0,37900.0,0,0,18,39.0
157,-1250,MNK,MNKM25,H1,2025-03-19 02:00:00,1742349600,37925.0,37970.0,37900.0,37920.0,0,0,70,39.0
158,-1249,MNK,MNKM25,H1,2025-03-19 03:00:00,1742353200,37850.0,37850.0,37850.0,37850.0,0,0,10,39.0
159,-1248,MNK,MNKM25,H1,2025-03-19 04:00:00,1742356800,37800.0,37800.0,37720.0,37745.0,0,0,5,38.0
160,-1247,MNK,MNKM25,H1,2025-03-19 05:00:00,1742360400,37670.0,37680.0,37670.0,37680.0,0,0,20,38.0
161,-1246,MNK,MNKM25,H1,2025-03-19 06:00:00,1742364000,37600.0,37610.0,37595.0,37610.0,0,0,16,38.0
162,-1245,MNK,MNKM25,H1,2025-03-19 07:00:00,1742367600,37580.0,37580.0,37510.0,37510.0,0,0,20,37.0
163,-1244,MNK,MNKM25,H1,2025-03-19 09:00:00,1742374800,37640.0,37640.0,37640.0,37640.0,0,0,20,36.0
164,-1243,MNK,MNKM25,H1,2025-03-19 10:00:00,1742378400,37665.0,37675.0,37665.0,37675.0,0,0,10,36.0
165,-1242,MNK,MNKM25,H1,2025-03-19 11:00:00,1742382000,37650.0,37650.0,37615.0,37640.0,0,0,75,36.0
166,-1241,MNK,MNKM25,H1,2025-03-19 12:00:00,1742385600,37640.0,37640.0,37590.0,37590.0,0,0,37,36.0
167,-1240,MNK,MNKM25,H1,2025-03-19 13:00:00,1742389200,37580.0,37775.0,37580.0,37775.0,0,0,113,37.0
168,-1239,MNK,MNKM25,H1,2025-03-19 14:00:00,1742392800,37770.0,37785.0,37765.0,37785.0,0,0,29,37.0
169,-1238,MNK,MNKM25,H1,2025-03-19 15:00:00,1742396400,37710.0,37780.0,37710.0,37780.0,0,0,11,37.0
170,-1237,MNK,MNKM25,H1,2025-03-19 16:00:00,1742400000,37705.0,37705.0,37705.0,37705.0,0,0,10,37.0
171,-1236,MNK,MNKM25,H1,2025-03-19 18:00:00,1742407200,37780.0,37780.0,37665.0,37755.0,0,0,32,37.0
172,-1235,MNK,MNKM25,H1,2025-03-19 19:00:00,1742410800,37765.0,37800.0,37690.0,37715.0,0,0,61,38.0
173,-1234,MNK,MNKM25,H1,2025-03-19 20:00:00,1742414400,37720.0,37745.0,37700.0,37710.0,0,0,48,38.0
174,-1233,MNK,MNKM25,H1,2025-03-19 22:00:00,1742421600,37740.0,37760.0,37740.0,37750.0,0,0,10,37.0
175,-1232,MNK,MNKM25,H1,2025-03-20 00:00:00,1742428800,37710.0,37720.0,37700.0,37720.0,0,0,14,36.0
176,-1231,MNK,MNKM25,H1,2025-03-20 01:00:00,1742432400,37690.0,37690.0,37675.0,37675.0,0,0,4,35.0
177,-1230,MNK,MNKM25,H1,2025-03-20 02:00:00,1742436000,37695.0,37705.0,37695.0,37705.0,0,0,8,33.0
178,-1229,MNK,MNKM25,H1,2025-03-20 03:00:00,1742439600,37690.0,37690.0,37690.0,37690.0,0,0,1,33.0
179,-1228,MNK,MNKM25,H1,2025-03-20 06:00:00,1742450400,37715.0,37715.0,37660.0,37660.0,0,0,26,33.0
180,-1227,MNK,MNKM25,H1,2025-03-20 08:00:00,1742457600,37675.0,37685.0,37675.0,37685.0,0,0,3,33.0
181,-1226,MNK,MNKM25,H1,2025-03-20 09:00:00,1742461200,37640.0,37640.0,37555.0,37555.0,0,0,12,33.0
182,-1225,MNK,MNKM25,H1,2025-03-20 10:00:00,1742464800,37560.0,37560.0,37300.0,37385.0,0,0,64,34.0
183,-1224,MNK,MNKM25,H1,2025-03-20 11:00:00,1742468400,37395.0,37415.0,37360.0,37410.0,0,0,17,34.0
184,-1223,MNK,MNKM25,H1,2025-03-20 12:00:00,1742472000,37380.0,37400.0,37355.0,37355.0,0,0,8,34.0
185,-1222,MNK,MNKM25,H1,2025-03-20 13:00:00,1742475600,37305.0,37395.0,37290.0,37395.0,0,0,32,33.0
186,-1221,MNK,MNKM25,H1,2025-03-20 14:00:00,1742479200,37480.0,37535.0,37480.0,37500.0,0,0,12,33.0
187,-1220,MNK,MNKM25,H1,2025-03-20 15:00:00,1742482800,37440.0,37555.0,37440.0,37555.0,0,0,12,33.0
188,-1219,MNK,MNKM25,H1,2025-03-20 16:00:00,1742486400,37530.0,37565.0,37410.0,37435.0,0,0,164,35.0
189,-1218,MNK,MNKM25,H1,2025-03-20 17:00:00,1742490000,37455.0,37455.0,37455.0,37455.0,0,0,1,35.0
190,-1217,MNK,MNKM25,H1,2025-03-20 18:00:00,1742493600,37400.0,37460.0,37400.0,37460.0,0,0,5,35.0
191,-1216,MNK,MNKM25,H1,2025-03-20 19:00:00,1742497200,37515.0,37550.0,37515.0,37520.0,0,0,23,35.0
192,-1215,MNK,MNKM25,H1,2025-03-20 20:00:00,1742500800,37530.0,37530.0,37520.0,37520.0,0,0,2,35.0
193,-1214,MNK,MNKM25,H1,2025-03-20 22:00:00,1742508000,37490.0,37525.0,37490.0,37525.0,0,0,6,35.0
194,-1213,MNK,MNKM25,H1,2025-03-20 23:00:00,1742511600,37485.0,37525.0,37460.0,37460.0,0,0,19,35.0
195,-1212,MNK,MNKM25,H1,2025-03-21 00:00:00,1742515200,37465.0,37760.0,37465.0,37740.0,0,0,56,35.0
196,-1211,MNK,MNKM25,H1,2025-03-21 01:00:00,1742518800,37750.0,37765.0,37750.0,37765.0,0,0,11,35.0
197,-1210,MNK,MNKM25,H1,2025-03-21 02:00:00,1742522400,37745.0,37745.0,37745.0,37745.0,0,0,2,35.0
198,-1209,MNK,MNKM25,H1,2025-03-21 03:00:00,1742526000,37735.0,37735.0,37710.0,37720.0,0,0,31,35.0
199,-1208,MNK,MNKM25,H1,2025-03-21 04:00:00,1742529600,37775.0,37775.0,37670.0,37670.0,0,0,21,35.0
200,-1207,MNK,MNKM25,H1,2025-03-21 05:00:00,1742533200,37650.0,37650.0,37585.0,37590.0,0,0,8,33.0
201,-1206,MNK,MNKM25,H1,2025-03-21 06:00:00,1742536800,37580.0,37590.0,37475.0,37475.0,0,0,50,33.0
202,-1205,MNK,MNKM25,H1,2025-03-21 07:00:00,1742540400,37590.0,37590.0,37465.0,37465.0,0,0,16,34.0
203,-1204,MNK,MNKM25,H1,2025-03-21 08:00:00,1742544000,37495.0,37515.0,37365.0,37435.0,0,0,57,34.0
204,-1203,MNK,MNKM25,H1,2025-03-21 09:00:00,1742547600,37380.0,37420.0,37380.0,37420.0,0,0,2,34.0
205,-1202,MNK,MNKM25,H1,2025-03-21 11:00:00,1742554800,37365.0,37370.0,37355.0,37355.0,0,0,7,34.0
206,-1201,MNK,MNKM25,H1,2025-03-21 12:00:00,1742558400,37300.0,37310.0,37260.0,37260.0,0,0,16,34.0
207,-1200,MNK,MNKM25,H1,2025-03-21 13:00:00,1742562000,37225.0,37295.0,37210.0,37255.0,0,0,71,34.0
208,-1199,MNK,MNKM25,H1,2025-03-21 14:00:00,1742565600,37265.0,37290.0,37215.0,37290.0,0,0,19,34.0
209,-1198,MNK,MNKM25,H1,2025-03-21 15:00:00,1742569200,37300.0,37325.0,37200.0,37230.0,0,0,92,35.0
210,-1197,MNK,MNKM25,H1,2025-03-21 16:00:00,1742572800,37275.0,37370.0,37225.0,37370.0,0,0,171,36.0
211,-1196,MNK,MNKM25,H1,2025-03-21 17:00:00,1742576400,37410.0,37440.0,37410.0,37440.0,0,0,14,36.0
212,-1195,MNK,MNKM25,H1,2025-03-21 18:00:00,1742580000,37435.0,37440.0,37415.0,37415.0,0,0,50,37.0
213,-1194,MNK,MNKM25,H1,2025-03-21 19:00:00,1742583600,37395.0,37450.0,37370.0,37450.0,0,0,29,37.0
214,-1193,MNK,MNKM25,H1,2025-03-21 20:00:00,1742587200,37450.0,37450.0,37410.0,37410.0,0,0,21,37.0
215,-1192,MNK,MNKM25,H1,2025-03-23 22:00:00,1742767200,37600.0,37655.0,37590.0,37645.0,0,0,12,37.0
216,-1191,MNK,MNKM25,H1,2025-03-23 23:00:00,1742770800,37675.0,37675.0,37610.0,37655.0,0,0,28,37.0
217,-1190,MNK,MNKM25,H1,2025-03-24 00:00:00,1742774400,37660.0,37665.0,37525.0,37620.0,0,0,81,38.0
218,-1189,MNK,MNKM25,H1,2025-03-24 01:00:00,1742778000,37550.0,37605.0,37550.0,37570.0,0,0,18,37.0
219,-1188,MNK,MNKM25,H1,2025-03-24 02:00:00,1742781600,37525.0,37565.0,37510.0,37560.0,0,0,39,36.0
220,-1187,MNK,MNKM25,H1,2025-03-24 03:00:00,1742785200,37560.0,37560.0,37495.0,37525.0,0,0,6,36.0
221,-1186,MNK,MNKM25,H1,2025-03-24 05:00:00,1742792400,37500.0,37500.0,37500.0,37500.0,0,0,1,34.0
222,-1185,MNK,MNKM25,H1,2025-03-24 06:00:00,1742796000,37445.0,37515.0,37440.0,37510.0,0,0,9,33.0
223,-1184,MNK,MNKM25,H1,2025-03-24 07:00:00,1742799600,37570.0,37575.0,37535.0,37535.0,0,0,8,31.0
224,-1183,MNK,MNKM25,H1,2025-03-24 08:00:00,1742803200,37540.0,37580.0,37520.0,37520.0,0,0,61,32.0
225,-1182,MNK,MNKM25,H1,2025-03-24 09:00:00,1742806800,37525.0,37525.0,37475.0,37475.0,0,0,4,32.0
226,-1181,MNK,MNKM25,H1,2025-03-24 10:00:00,1742810400,37470.0,37470.0,37470.0,37470.0,0,0,5,32.0
227,-1180,MNK,MNKM25,H1,2025-03-24 11:00:00,1742814000,37560.0,37560.0,37560.0,37560.0,0,0,4,29.0
228,-1179,MNK,MNKM25,H1,2025-03-24 13:00:00,1742821200,37595.0,37635.0,37595.0,37635.0,0,0,28,29.0
229,-1178,MNK,MNKM25,H1,2025-03-24 14:00:00,1742824800,37665.0,37770.0,37640.0,37770.0,0,0,26,28.0
230,-1177,MNK,MNKM25,H1,2025-03-24 15:00:00,1742828400,37765.0,37785.0,37765.0,37780.0,0,0,35,29.0
231,-1176,MNK,MNKM25,H1,2025-03-24 16:00:00,1742832000,37825.0,37825.0,37745.0,37745.0,0,0,19,29.0
232,-1175,MNK,MNKM25,H1,2025-03-24 17:00:00,1742835600,37745.0,37745.0,37745.0,37745.0,0,0,2,29.0
233,-1174,MNK,MNKM25,H1,2025-03-24 18:00:00,1742839200,37725.0,37810.0,37725.0,37810.0,0,0,224,31.0
234,-1173,MNK,MNKM25,H1,2025-03-24 19:00:00,1742842800,37810.0,37840.0,37810.0,37840.0,0,0,28,32.0
235,-1172,MNK,MNKM25,H1,2025-03-24 20:00:00,1742846400,37835.0,37835.0,37790.0,37795.0,0,0,15,31.0
236,-1171,MNK,MNKM25,H1,2025-03-24 22:00:00,1742853600,37840.0,37840.0,37800.0,37800.0,0,0,2,31.0
237,-1170,MNK,MNKM25,H1,2025-03-24 23:00:00,1742857200,37805.0,37870.0,37805.0,37830.0,0,0,5,30.0
238,-1169,MNK,MNKM25,H1,2025-03-25 00:00:00,1742860800,37865.0,37960.0,37825.0,37945.0,0,0,32,30.0
239,-1168,MNK,MNKM25,H1,2025-03-25 01:00:00,1742864400,37920.0,37920.0,37745.0,37755.0,0,0,20,29.0
240,-1167,MNK,MNKM25,H1,2025-03-25 02:00:00,1742868000,37715.0,37715.0,37715.0,37715.0,0,0,1,29.0
241,-1166,MNK,MNKM25,H1,2025-03-25 03:00:00,1742871600,37665.0,37680.0,37665.0,37680.0,0,0,3,29.0
242,-1165,MNK,MNKM25,H1,2025-03-25 04:00:00,1742875200,37570.0,37600.0,37530.0,37600.0,0,0,5,28.0
243,-1164,MNK,MNKM25,H1,2025-03-25 06:00:00,1742882400,37645.0,37670.0,37625.0,37670.0,0,0,12,28.0
244,-1163,MNK,MNKM25,H1,2025-03-25 08:00:00,1742889600,37685.0,37710.0,37685.0,37695.0,0,0,10,27.0
245,-1162,MNK,MNKM25,H1,2025-03-25 09:00:00,1742893200,37745.0,37745.0,37745.0,37745.0,0,0,3,27.0
246,-1161,MNK,MNKM25,H1,2025-03-25 10:00:00,1742896800,37750.0,37805.0,37750.0,37805.0,0,0,3,27.0
247,-1160,MNK,MNKM25,H1,2025-03-25 11:00:00,1742900400,37825.0,37865.0,37800.0,37860.0,0,0,143,29.0
248,-1159,MNK,MNKM25,H1,2025-03-25 12:00:00,1742904000,37870.0,37870.0,37800.0,37800.0,0,0,23,29.0
249,-1158,MNK,MNKM25,H1,2025-03-25 13:00:00,1742907600,37750.0,37750.0,37710.0,37710.0,0,0,79,30.0
250,-1157,MNK,MNKM25,H1,2025-03-25 14:00:00,1742911200,37710.0,37710.0,37645.0,37645.0,0,0,6,30.0
251,-1156,MNK,MNKM25,H1,2025-03-25 15:00:00,1742914800,37740.0,37740.0,37690.0,37700.0,0,0,8,30.0
252,-1155,MNK,MNKM25,H1,2025-03-25 16:00:00,1742918400,37740.0,37755.0,37740.0,37755.0,0,0,6,30.0
253,-1154,MNK,MNKM25,H1,2025-03-25 18:00:00,1742925600,37825.0,37825.0,37815.0,37815.0,0,0,2,30.0
254,-1153,MNK,MNKM25,H1,2025-03-25 19:00:00,1742929200,37850.0,37915.0,37850.0,37905.0,0,0,8,29.0
255,-1152,MNK,MNKM25,H1,2025-03-25 20:00:00,1742932800,37905.0,37925.0,37905.0,37915.0,0,0,7,29.0
256,-1151,MNK,MNKM25,H1,2025-03-25 22:00:00,1742940000,37935.0,37935.0,37905.0,37905.0,0,0,3,29.0
257,-1150,MNK,MNKM25,H1,2025-03-25 23:00:00,1742943600,37965.0,37970.0,37955.0,37955.0,0,0,11,28.0
258,-1149,MNK,MNKM25,H1,2025-03-26 00:00:00,1742947200,37930.0,37985.0,37835.0,37925.0,0,0,41,29.0
259,-1148,MNK,MNKM25,H1,2025-03-26 01:00:00,1742950800,37800.0,37820.0,37715.0,37750.0,0,0,31,29.0
260,-1147,MNK,MNKM25,H1,2025-03-26 02:00:00,1742954400,37740.0,37775.0,37725.0,37760.0,0,0,70,28.0
261,-1146,MNK,MNKM25,H1,2025-03-26 03:00:00,1742958000,37785.0,37840.0,37785.0,37835.0,0,0,38,28.0
262,-1145,MNK,MNKM25,H1,2025-03-26 04:00:00,1742961600,37855.0,37935.0,37855.0,37925.0,0,0,35,29.0
263,-1144,MNK,MNKM25,H1,2025-03-26 05:00:00,1742965200,37940.0,38040.0,37940.0,37995.0,0,0,33,29.0
264,-1143,MNK,MNKM25,H1,2025-03-26 06:00:00,1742968800,37915.0,37915.0,37885.0,37885.0,0,0,10,29.0
265,-1142,MNK,MNKM25,H1,2025-03-26 08:00:00,1742976000,37855.0,37855.0,37795.0,37795.0,0,0,26,29.0
266,-1141,MNK,MNKM25,H1,2025-03-26 09:00:00,1742979600,37800.0,37805.0,37765.0,37780.0,0,0,28,29.0
267,-1140,MNK,MNKM25,H1,2025-03-26 10:00:00,1742983200,37800.0,37800.0,37800.0,37800.0,0,0,1,28.0
268,-1139,MNK,MNKM25,H1,2025-03-26 11:00:00,1742986800,37845.0,37845.0,37845.0,37845.0,0,0,3,28.0
269,-1138,MNK,MNKM25,H1,2025-03-26 13:00:00,1742994000,37845.0,37875.0,37735.0,37735.0,0,0,196,31.0
270,-1137,MNK,MNKM25,H1,2025-03-26 14:00:00,1742997600,37750.0,37770.0,37685.0,37740.0,0,0,191,33.0
271,-1136,MNK,MNKM25,H1,2025-03-26 15:00:00,1743001200,37710.0,37725.0,37650.0,37685.0,0,0,83,34.0
272,-1135,MNK,MNKM25,H1,2025-03-26 16:00:00,1743004800,37655.0,37655.0,37640.0,37640.0,0,0,2,34.0
273,-1134,MNK,MNKM25,H1,2025-03-26 17:00:00,1743008400,37620.0,37635.0,37500.0,37540.0,0,0,40,34.0
274,-1133,MNK,MNKM25,H1,2025-03-26 18:00:00,1743012000,37570.0,37595.0,37545.0,37545.0,0,0,5,34.0
275,-1132,MNK,MNKM25,H1,2025-03-26 19:00:00,1743015600,37490.0,37555.0,37490.0,37535.0,0,0,25,33.0
276,-1131,MNK,MNKM25,H1,2025-03-26 20:00:00,1743019200,37550.0,37550.0,37515.0,37515.0,0,0,3,33.0
277,-1130,MNK,MNKM25,H1,2025-03-26 22:00:00,1743026400,37470.0,37490.0,37365.0,37375.0,0,0,35,34.0
278,-1129,MNK,MNKM25,H1,2025-03-26 23:00:00,1743030000,37390.0,37550.0,37390.0,37540.0,0,0,17,34.0
279,-1128,MNK,MNKM25,H1,2025-03-27 00:00:00,1743033600,37395.0,37630.0,37395.0,37530.0,0,0,6,33.0
280,-1127,MNK,MNKM25,H1,2025-03-27 01:00:00,1743037200,37525.0,37525.0,37400.0,37420.0,0,0,30,33.0
281,-1126,MNK,MNKM25,H1,2025-03-27 02:00:00,1743040800,37445.0,37485.0,37445.0,37485.0,0,0,12,32.0
282,-1125,MNK,MNKM25,H1,2025-03-27 03:00:00,1743044400,37465.0,37485.0,37420.0,37420.0,0,0,9,30.0
283,-1124,MNK,MNKM25,H1,2025-03-27 04:00:00,1743048000,37500.0,37505.0,37475.0,37475.0,0,0,5,29.0
284,-1123,MNK,MNKM25,H1,2025-03-27 05:00:00,1743051600,37485.0,37485.0,37485.0,37485.0,0,0,21,29.0
285,-1122,MNK,MNKM25,H1,2025-03-27 06:00:00,1743055200,37480.0,37590.0,37480.0,37535.0,0,0,43,29.0
286,-1121,MNK,MNKM25,H1,2025-03-27 07:00:00,1743058800,37460.0,37460.0,37460.0,37460.0,0,0,2,29.0
287,-1120,MNK,MNKM25,H1,2025-03-27 08:00:00,1743062400,37460.0,37540.0,37410.0,37535.0,0,0,29,29.0
288,-1119,MNK,MNKM25,H1,2025-03-27 10:00:00,1743069600,37580.0,37600.0,37580.0,37585.0,0,0,13,29.0
289,-1118,MNK,MNKM25,H1,2025-03-27 11:00:00,1743073200,37525.0,37580.0,37525.0,37580.0,0,0,21,28.0
290,-1117,MNK,MNKM25,H1,2025-03-27 12:00:00,1743076800,37600.0,37600.0,37540.0,37545.0,0,0,24,28.0
291,-1116,MNK,MNKM25,H1,2025-03-27 13:00:00,1743080400,37445.0,37510.0,37365.0,37505.0,0,0,75,29.0
292,-1115,MNK,MNKM25,H1,2025-03-27 14:00:00,1743084000,37560.0,37615.0,37560.0,37600.0,0,0,10,29.0
293,-1114,MNK,MNKM25,H1,2025-03-27 15:00:00,1743087600,37590.0,37590.0,37490.0,37490.0,0,0,18,29.0
294,-1113,MNK,MNKM25,H1,2025-03-27 16:00:00,1743091200,37580.0,37580.0,37565.0,37565.0,0,0,16,29.0
295,-1112,MNK,MNKM25,H1,2025-03-27 17:00:00,1743094800,37480.0,37480.0,37480.0,37480.0,0,0,1,29.0
296,-1111,MNK,MNKM25,H1,2025-03-27 18:00:00,1743098400,37510.0,37510.0,37510.0,37510.0,0,0,2,28.0
297,-1110,MNK,MNKM25,H1,2025-03-27 19:00:00,1743102000,37495.0,37550.0,37465.0,37485.0,0,0,21,28.0
298,-1109,MNK,MNKM25,H1,2025-03-27 20:00:00,1743105600,37475.0,37500.0,37475.0,37490.0,0,0,3,28.0
299,-1108,MNK,MNKM25,H1,2025-03-27 22:00:00,1743112800,37530.0,37575.0,37525.0,37575.0,0,0,13,29.0
300,-1107,MNK,MNKM25,H1,2025-03-27 23:00:00,1743116400,37540.0,37540.0,37445.0,37465.0,0,0,30,29.0
301,-1106,MNK,MNKM25,H1,2025-03-28 00:00:00,1743120000,37425.0,37425.0,37245.0,37245.0,0,0,16,28.0
302,-1105,MNK,MNKM25,H1,2025-03-28 01:00:00,1743123600,37210.0,37210.0,37115.0,37115.0,0,0,38,28.0
303,-1104,MNK,MNKM25,H1,2025-03-28 02:00:00,1743127200,37110.0,37145.0,37105.0,37135.0,0,0,35,29.0
304,-1103,MNK,MNKM25,H1,2025-03-28 03:00:00,1743130800,37105.0,37135.0,37085.0,37120.0,0,0,23,29.0
305,-1102,MNK,MNKM25,H1,2025-03-28 04:00:00,1743134400,37010.0,37060.0,37005.0,37045.0,0,0,91,27.0
306,-1101,MNK,MNKM25,H1,2025-03-28 05:00:00,1743138000,37055.0,37085.0,37010.0,37085.0,0,0,27,27.0
307,-1100,MNK,MNKM25,H1,2025-03-28 06:00:00,1743141600,37115.0,37210.0,37105.0,37105.0,0,0,83,28.0
308,-1099,MNK,MNKM25,H1,2025-03-28 07:00:00,1743145200,37045.0,37045.0,36945.0,36955.0,0,0,19,28.0
309,-1098,MNK,MNKM25,H1,2025-03-28 08:00:00,1743148800,36950.0,36955.0,36850.0,36895.0,0,0,43,29.0
310,-1097,MNK,MNKM25,H1,2025-03-28 09:00:00,1743152400,36950.0,36950.0,36925.0,36940.0,0,0,7,28.0
311,-1096,MNK,MNKM25,H1,2025-03-28 10:00:00,1743156000,36935.0,36935.0,36915.0,36915.0,0,0,6,28.0
312,-1095,MNK,MNKM25,H1,2025-03-28 11:00:00,1743159600,36890.0,36895.0,36890.0,36895.0,0,0,3,28.0
313,-1094,MNK,MNKM25,H1,2025-03-28 12:00:00,1743163200,36890.0,36920.0,36800.0,36815.0,0,0,24,29.0
314,-1093,MNK,MNKM25,H1,2025-03-28 13:00:00,1743166800,36795.0,36905.0,36785.0,36840.0,0,0,57,29.0
315,-1092,MNK,MNKM25,H1,2025-03-28 14:00:00,1743170400,36765.0,36765.0,36465.0,36485.0,0,0,84,30.0
316,-1091,MNK,MNKM25,H1,2025-03-28 15:00:00,1743174000,36510.0,36635.0,36505.0,36515.0,0,0,50,31.0
317,-1090,MNK,MNKM25,H1,2025-03-28 16:00:00,1743177600,36570.0,36570.0,36480.0,36515.0,0,0,9,31.0
318,-1089,MNK,MNKM25,H1,2025-03-28 17:00:00,1743181200,36455.0,36465.0,36405.0,36405.0,0,0,83,32.0
319,-1088,MNK,MNKM25,H1,2025-03-28 19:00:00,1743188400,36480.0,36480.0,36455.0,36455.0,0,0,4,30.0
320,-1087,MNK,MNKM25,H1,2025-03-28 20:00:00,1743192000,36465.0,36465.0,36380.0,36405.0,0,0,12,30.0
321,-1086,MNK,MNKM25,H1,2025-03-30 22:00:00,1743372000,36225.0,36240.0,36210.0,36240.0,0,0,9,29.0
322,-1085,MNK,MNKM25,H1,2025-03-30 23:00:00,1743375600,36185.0,36195.0,36075.0,36185.0,0,0,17,29.0
323,-1084,MNK,MNKM25,H1,2025-03-31 00:00:00,1743379200,36215.0,36215.0,35805.0,35875.0,0,0,104,31.0
324,-1083,MNK,MNKM25,H1,2025-03-31 01:00:00,1743382800,36005.0,36035.0,35855.0,35900.0,0,0,112,32.0
325,-1082,MNK,MNKM25,H1,2025-03-31 02:00:00,1743386400,35835.0,35835.0,35800.0,35800.0,0,0,13,32.0
326,-1081,MNK,MNKM25,H1,2025-03-31 03:00:00,1743390000,35765.0,35780.0,35765.0,35780.0,0,0,5,32.0
327,-1080,MNK,MNKM25,H1,2025-03-31 04:00:00,1743393600,35860.0,35860.0,35860.0,35860.0,0,0,1,32.0
328,-1079,MNK,MNKM25,H1,2025-03-31 05:00:00,1743397200,35845.0,35845.0,35815.0,35825.0,0,0,17,32.0
329,-1078,MNK,MNKM25,H1,2025-03-31 06:00:00,1743400800,35825.0,35840.0,35740.0,35800.0,0,0,14,32.0
330,-1077,MNK,MNKM25,H1,2025-03-31 07:00:00,1743404400,35705.0,35785.0,35705.0,35785.0,0,0,9,32.0
331,-1076,MNK,MNKM25,H1,2025-03-31 08:00:00,1743408000,35875.0,35965.0,35875.0,35945.0,0,0,55,32.0
332,-1075,MNK,MNKM25,H1,2025-03-31 10:00:00,1743415200,35780.0,35810.0,35780.0,35800.0,0,0,3,31.0
333,-1074,MNK,MNKM25,H1,2025-03-31 11:00:00,1743418800,35755.0,35755.0,35695.0,35695.0,0,0,3,31.0
334,-1073,MNK,MNKM25,H1,2025-03-31 12:00:00,1743422400,35780.0,35780.0,35780.0,35780.0,0,0,1,30.0
335,-1072,MNK,MNKM25,H1,2025-03-31 13:00:00,1743426000,35830.0,35830.0,35590.0,35690.0,0,0,22,30.0
336,-1071,MNK,MNKM25,H1,2025-03-31 14:00:00,1743429600,35815.0,35910.0,35740.0,35870.0,0,0,15,30.0
337,-1070,MNK,MNKM25,H1,2025-03-31 15:00:00,1743433200,35865.0,36015.0,35855.0,35965.0,0,0,30,30.0
338,-1069,MNK,MNKM25,H1,2025-03-31 16:00:00,1743436800,35940.0,35980.0,35940.0,35975.0,0,0,6,30.0
339,-1068,MNK,MNKM25,H1,2025-03-31 17:00:00,1743440400,36050.0,36050.0,35990.0,36005.0,0,0,11,30.0
340,-1067,MNK,MNKM25,H1,2025-03-31 18:00:00,1743444000,36035.0,36115.0,36015.0,36100.0,0,0,37,31.0
341,-1066,MNK,MNKM25,H1,2025-03-31 19:00:00,1743447600,36090.0,36220.0,36090.0,36120.0,0,0,17,28.0
342,-1065,MNK,MNKM25,H1,2025-03-31 20:00:00,1743451200,36130.0,36130.0,36085.0,36085.0,0,0,3,25.0
343,-1064,MNK,MNKM25,H1,2025-03-31 22:00:00,1743458400,36030.0,36045.0,36030.0,36045.0,0,0,3,24.0
344,-1063,MNK,MNKM25,H1,2025-03-31 23:00:00,1743462000,36105.0,36105.0,35975.0,35975.0,0,0,3,24.0
345,-1062,MNK,MNKM25,H1,2025-04-01 00:00:00,1743465600,35990.0,36150.0,35850.0,35915.0,0,0,68,25.0
346,-1061,MNK,MNKM25,H1,2025-04-01 01:00:00,1743469200,35840.0,35965.0,35840.0,35860.0,0,0,10,25.0
347,-1060,MNK,MNKM25,H1,2025-04-01 02:00:00,1743472800,35960.0,35980.0,35960.0,35980.0,0,0,2,24.0
348,-1059,MNK,MNKM25,H1,2025-04-01 03:00:00,1743476400,35840.0,35840.0,35840.0,35840.0,0,0,1,24.0
349,-1058,MNK,MNKM25,H1,2025-04-01 04:00:00,1743480000,35765.0,35795.0,35660.0,35795.0,0,0,45,25.0
350,-1057,MNK,MNKM25,H1,2025-04-01 05:00:00,1743483600,35855.0,35855.0,35730.0,35730.0,0,0,41,25.0
351,-1056,MNK,MNKM25,H1,2025-04-01 06:00:00,1743487200,35705.0,35770.0,35690.0,35765.0,0,0,48,26.0
352,-1055,MNK,MNKM25,H1,2025-04-01 07:00:00,1743490800,35770.0,35815.0,35625.0,35625.0,0,0,45,26.0
353,-1054,MNK,MNKM25,H1,2025-04-01 08:00:00,1743494400,35640.0,35770.0,35635.0,35770.0,0,0,46,26.0
354,-1053,MNK,MNKM25,H1,2025-04-01 09:00:00,1743498000,35780.0,35800.0,35770.0,35800.0,0,0,15,26.0
355,-1052,MNK,MNKM25,H1,2025-04-01 10:00:00,1743501600,35755.0,35760.0,35560.0,35560.0,0,0,112,28.0
356,-1051,MNK,MNKM25,H1,2025-04-01 11:00:00,1743505200,35395.0,35440.0,35380.0,35440.0,0,0,60,28.0
357,-1050,MNK,MNKM25,H1,2025-04-01 12:00:00,1743508800,35435.0,35490.0,35435.0,35490.0,0,0,4,28.0
358,-1049,MNK,MNKM25,H1,2025-04-01 13:00:00,1743512400,35520.0,35550.0,35415.0,35485.0,0,0,26,28.0
359,-1048,MNK,MNKM25,H1,2025-04-01 14:00:00,1743516000,35465.0,35625.0,35275.0,35625.0,0,0,381,33.0
360,-1047,MNK,MNKM25,H1,2025-04-01 15:00:00,1743519600,35680.0,35810.0,35675.0,35810.0,0,0,155,35.0
361,-1046,MNK,MNKM25,H1,2025-04-01 16:00:00,1743523200,35870.0,35900.0,35735.0,35815.0,0,0,201,37.0
362,-1045,MNK,MNKM25,H1,2025-04-01 17:00:00,1743526800,35805.0,35835.0,35720.0,35720.0,0,0,22,37.0
363,-1044,MNK,MNKM25,H1,2025-04-01 18:00:00,1743530400,35610.0,35625.0,35590.0,35625.0,0,0,28,37.0
364,-1043,MNK,MNKM25,H1,2025-04-01 19:00:00,1743534000,35740.0,35870.0,35740.0,35850.0,0,0,29,37.0
365,-1042,MNK,MNKM25,H1,2025-04-01 20:00:00,1743537600,35860.0,35865.0,35800.0,35810.0,0,0,375,42.0
366,-1041,MNK,MNKM25,H1,2025-04-01 22:00:00,1743544800,35980.0,35990.0,35910.0,35950.0,0,0,10,42.0
367,-1040,MNK,MNKM25,H1,2025-04-01 23:00:00,1743548400,35935.0,35975.0,35885.0,35885.0,0,0,16,42.0
368,-1039,MNK,MNKM25,H1,2025-04-02 00:00:00,1743552000,35860.0,35860.0,35590.0,35600.0,0,0,66,43.0
369,-1038,MNK,MNKM25,H1,2025-04-02 01:00:00,1743555600,35645.0,35795.0,35645.0,35750.0,0,0,32,43.0
370,-1037,MNK,MNKM25,H1,2025-04-02 02:00:00,1743559200,35730.0,35760.0,35730.0,35750.0,0,0,40,44.0
371,-1036,MNK,MNKM25,H1,2025-04-02 03:00:00,1743562800,35780.0,35805.0,35745.0,35805.0,0,0,45,44.0
372,-1035,MNK,MNKM25,H1,2025-04-02 04:00:00,1743566400,35825.0,35855.0,35825.0,35855.0,0,0,8,44.0
373,-1034,MNK,MNKM25,H1,2025-04-02 05:00:00,1743570000,35905.0,35915.0,35850.0,35860.0,0,0,32,44.0
374,-1033,MNK,MNKM25,H1,2025-04-02 06:00:00,1743573600,35780.0,35850.0,35780.0,35835.0,0,0,16,44.0
375,-1032,MNK,MNKM25,H1,2025-04-02 07:00:00,1743577200,35785.0,35785.0,35760.0,35760.0,0,0,3,43.0
376,-1031,MNK,MNKM25,H1,2025-04-02 08:00:00,1743580800,35805.0,35805.0,35690.0,35690.0,0,0,3,43.0
377,-1030,MNK,MNKM25,H1,2025-04-02 10:00:00,1743588000,35700.0,35700.0,35610.0,35610.0,0,0,36,42.0
378,-1029,MNK,MNKM25,H1,2025-04-02 11:00:00,1743591600,35590.0,35590.0,35590.0,35590.0,0,0,1,42.0
379,-1028,MNK,MNKM25,H1,2025-04-02 12:00:00,1743595200,35500.0,35530.0,35430.0,35530.0,0,0,29,41.0
380,-1027,MNK,MNKM25,H1,2025-04-02 13:00:00,1743598800,35530.0,35685.0,35490.0,35685.0,0,0,110,42.0
381,-1026,MNK,MNKM25,H1,2025-04-02 14:00:00,1743602400,35660.0,35835.0,35660.0,35835.0,0,0,69,43.0
382,-1025,MNK,MNKM25,H1,2025-04-02 15:00:00,1743606000,35815.0,35970.0,35805.0,35930.0,0,0,57,43.0
383,-1024,MNK,MNKM25,H1,2025-04-02 16:00:00,1743609600,35985.0,36130.0,35985.0,36110.0,0,0,36,44.0
384,-1023,MNK,MNKM25,H1,2025-04-02 17:00:00,1743613200,36155.0,36205.0,36000.0,36000.0,0,0,28,44.0
385,-1022,MNK,MNKM25,H1,2025-04-02 18:00:00,1743616800,36035.0,36040.0,35990.0,35990.0,0,0,4,44.0
386,-1021,MNK,MNKM25,H1,2025-04-02 19:00:00,1743620400,35895.0,36125.0,35895.0,36105.0,0,0,28,44.0
387,-1020,MNK,MNKM25,H1,2025-04-02 20:00:00,1743624000,36085.0,36535.0,35000.0,35000.0,0,0,306,47.0
388,-1019,MNK,MNKM25,H1,2025-04-02 22:00:00,1743631200,34700.0,34700.0,34600.0,34600.0,0,0,7,46.0
389,-1018,MNK,MNKM25,H1,2025-04-02 23:00:00,1743634800,34510.0,34510.0,33525.0,33965.0,0,0,55,47.0
390,-1017,MNK,MNKM25,H1,2025-04-03 00:00:00,1743638400,33985.0,34900.0,33980.0,34665.0,0,0,104,47.0
391,-1016,MNK,MNKM25,H1,2025-04-03 01:00:00,1743642000,34715.0,34930.0,34650.0,34870.0,0,0,75,48.0
392,-1015,MNK,MNKM25,H1,2025-04-03 02:00:00,1743645600,34900.0,34960.0,34750.0,34820.0,0,0,61,49.0
393,-1014,MNK,MNKM25,H1,2025-04-03 03:00:00,1743649200,34750.0,34800.0,34525.0,34635.0,0,0,55,49.0
394,-1013,MNK,MNKM25,H1,2025-04-03 04:00:00,1743652800,34750.0,34800.0,34750.0,34760.0,0,0,15,49.0
395,-1012,MNK,MNKM25,H1,2025-04-03 05:00:00,1743656400,34795.0,34800.0,34645.0,34685.0,0,0,60,49.0
396,-1011,MNK,MNKM25,H1,2025-04-03 06:00:00,1743660000,34685.0,34950.0,34685.0,34885.0,0,0,44,48.0
397,-1010,MNK,MNKM25,H1,2025-04-03 07:00:00,1743663600,34830.0,34890.0,34820.0,34820.0,0,0,24,48.0
398,-1009,MNK,MNKM25,H1,2025-04-03 08:00:00,1743667200,34825.0,34925.0,34750.0,34840.0,0,0,360,53.0
399,-1008,MNK,MNKM25,H1,2025-04-03 09:00:00,1743670800,34750.0,34750.0,34605.0,34620.0,0,0,143,55.0
400,-1007,MNK,MNKM25,H1,2025-04-03 10:00:00,1743674400,34585.0,34585.0,34295.0,34400.0,0,0,319,59.0
401,-1006,MNK,MNKM25,H1,2025-04-03 11:00:00,1743678000,34435.0,34575.0,34390.0,34390.0,0,0,127,60.0
402,-1005,MNK,MNKM25,H1,2025-04-03 12:00:00,1743681600,34440.0,34555.0,34220.0,34330.0,0,0,109,62.0
403,-1004,MNK,MNKM25,H1,2025-04-03 13:00:00,1743685200,34240.0,34385.0,34160.0,34230.0,0,0,98,62.0
404,-1003,MNK,MNKM25,H1,2025-04-03 14:00:00,1743688800,34195.0,34260.0,34025.0,34025.0,0,0,34,63.0
405,-1002,MNK,MNKM25,H1,2025-04-03 15:00:00,1743692400,34025.0,34130.0,33950.0,34120.0,0,0,61,64.0
406,-1001,MNK,MNKM25,H1,2025-04-03 16:00:00,1743696000,34145.0,34255.0,34120.0,34120.0,0,0,38,64.0
407,-1000,MNK,MNKM25,H1,2025-04-03 17:00:00,1743699600,34185.0,34185.0,34185.0,34185.0,0,0,10,64.0
408,-999,MNK,MNKM25,H1,2025-04-03 18:00:00,1743703200,34025.0,34130.0,34025.0,34100.0,0,0,97,65.0
409,-998,MNK,MNKM25,H1,2025-04-03 19:00:00,1743706800,34200.0,34205.0,33970.0,33995.0,0,0,57,66.0
410,-997,MNK,MNKM25,H1,2025-04-03 20:00:00,1743710400,33960.0,34000.0,33710.0,33710.0,0,0,73,67.0
411,-996,MNK,MNKM25,H1,2025-04-03 22:00:00,1743717600,33810.0,33920.0,33770.0,33770.0,0,0,13,67.0
412,-995,MNK,MNKM25,H1,2025-04-03 23:00:00,1743721200,33815.0,34125.0,33815.0,34045.0,0,0,64,67.0
413,-994,MNK,MNKM25,H1,2025-04-04 00:00:00,1743724800,34105.0,34440.0,33955.0,34005.0,0,0,130,68.0
414,-993,MNK,MNKM25,H1,2025-04-04 01:00:00,1743728400,34180.0,34215.0,33945.0,33950.0,0,0,133,70.0
415,-992,MNK,MNKM25,H1,2025-04-04 02:00:00,1743732000,33955.0,34065.0,33955.0,33970.0,0,0,101,72.0
416,-991,MNK,MNKM25,H1,2025-04-04 03:00:00,1743735600,33920.0,33930.0,33730.0,33730.0,0,0,71,73.0
417,-990,MNK,MNKM25,H1,2025-04-04 04:00:00,1743739200,33670.0,33695.0,33410.0,33505.0,0,0,122,73.0
418,-989,MNK,MNKM25,H1,2025-04-04 05:00:00,1743742800,33505.0,33975.0,33505.0,33975.0,0,0,217,76.0
419,-988,MNK,MNKM25,H1,2025-04-04 06:00:00,1743746400,33985.0,34065.0,33820.0,33865.0,0,0,206,79.0
420,-987,MNK,MNKM25,H1,2025-04-04 07:00:00,1743750000,33780.0,33805.0,33670.0,33670.0,0,0,23,79.0
421,-986,MNK,MNKM25,H1,2025-04-04 08:00:00,1743753600,33640.0,33725.0,33590.0,33705.0,0,0,208,82.0
422,-985,MNK,MNKM25,H1,2025-04-04 09:00:00,1743757200,33590.0,33630.0,33520.0,33520.0,0,0,46,82.0
423,-984,MNK,MNKM25,H1,2025-04-04 10:00:00,1743760800,33475.0,33475.0,32540.0,32590.0,0,0,524,88.0
424,-983,MNK,MNKM25,H1,2025-04-04 11:00:00,1743764400,32680.0,32765.0,32350.0,32705.0,0,0,449,94.0
425,-982,MNK,MNKM25,H1,2025-04-04 12:00:00,1743768000,32665.0,32820.0,32575.0,32760.0,0,0,585,101.0
426,-981,MNK,MNKM25,H1,2025-04-04 13:00:00,1743771600,32880.0,33040.0,32755.0,32955.0,0,0,170,104.0
427,-980,MNK,MNKM25,H1,2025-04-04 14:00:00,1743775200,32940.0,32940.0,32145.0,32500.0,0,0,92,103.0
428,-979,MNK,MNKM25,H1,2025-04-04 15:00:00,1743778800,32450.0,32900.0,32425.0,32510.0,0,0,219,105.0
429,-978,MNK,MNKM25,H1,2025-04-04 16:00:00,1743782400,32520.0,32625.0,32230.0,32390.0,0,0,161,108.0
430,-977,MNK,MNKM25,H1,2025-04-04 17:00:00,1743786000,32330.0,32640.0,32220.0,32605.0,0,0,90,109.0
431,-976,MNK,MNKM25,H1,2025-04-04 18:00:00,1743789600,32690.0,32725.0,32290.0,32420.0,0,0,89,104.0
432,-975,MNK,MNKM25,H1,2025-04-04 19:00:00,1743793200,32520.0,32725.0,32300.0,32360.0,0,0,93,104.0
433,-974,MNK,MNKM25,H1,2025-04-04 20:00:00,1743796800,32335.0,32360.0,32215.0,32360.0,0,0,62,102.0
434,-973,MNK,MNKM25,H1,2025-04-06 22:00:00,1743976800,31115.0,31130.0,30900.0,31000.0,0,0,21,102.0
435,-972,MNK,MNKM25,H1,2025-04-06 23:00:00,1743980400,31050.0,31200.0,30600.0,31045.0,0,0,16,102.0
436,-971,MNK,MNKM25,H1,2025-04-07 00:00:00,1743984000,31300.0,31600.0,30930.0,31520.0,0,0,37,102.0
437,-970,MNK,MNKM25,H1,2025-04-07 01:00:00,1743987600,31620.0,32020.0,31525.0,32010.0,0,0,52,97.0
438,-969,MNK,MNKM25,H1,2025-04-07 02:00:00,1743991200,31940.0,32035.0,31700.0,31780.0,0,0,22,97.0
439,-968,MNK,MNKM25,H1,2025-04-07 03:00:00,1743994800,31745.0,31850.0,31455.0,31810.0,0,0,59,98.0
440,-967,MNK,MNKM25,H1,2025-04-07 04:00:00,1743998400,31810.0,31900.0,31525.0,31545.0,0,0,21,97.0
441,-966,MNK,MNKM25,H1,2025-04-07 05:00:00,1744002000,31675.0,31950.0,31615.0,31615.0,0,0,52,98.0
442,-965,MNK,MNKM25,H1,2025-04-07 06:00:00,1744005600,31630.0,31730.0,30830.0,30830.0,0,0,163,99.0
443,-964,MNK,MNKM25,H1,2025-04-07 07:00:00,1744009200,30780.0,31025.0,30610.0,31025.0,0,0,275,102.0
444,-963,MNK,MNKM25,H1,2025-04-07 08:00:00,1744012800,31125.0,31515.0,31110.0,31495.0,0,0,217,105.0
445,-962,MNK,MNKM25,H1,2025-04-07 09:00:00,1744016400,31170.0,31425.0,30980.0,31400.0,0,0,25,105.0
446,-961,MNK,MNKM25,H1,2025-04-07 10:00:00,1744020000,31295.0,31890.0,31295.0,31700.0,0,0,158,107.0
447,-960,MNK,MNKM25,H1,2025-04-07 11:00:00,1744023600,31690.0,31860.0,31680.0,31695.0,0,0,79,108.0
448,-959,MNK,MNKM25,H1,2025-04-07 12:00:00,1744027200,31725.0,31970.0,31665.0,31880.0,0,0,43,109.0
449,-958,MNK,MNKM25,H1,2025-04-07 13:00:00,1744030800,31670.0,32000.0,31380.0,32000.0,0,0,102,110.0
450,-957,MNK,MNKM25,H1,2025-04-07 14:00:00,1744034400,32145.0,33665.0,32005.0,32610.0,0,0,253,113.0
451,-956,MNK,MNKM25,H1,2025-04-07 15:00:00,1744038000,32515.0,32515.0,32040.0,32360.0,0,0,64,114.0
452,-955,MNK,MNKM25,H1,2025-04-07 16:00:00,1744041600,32240.0,32370.0,31980.0,31980.0,0,0,41,113.0
453,-954,MNK,MNKM25,H1,2025-04-07 17:00:00,1744045200,32315.0,32775.0,32090.0,32775.0,0,0,192,115.0
454,-953,MNK,MNKM25,H1,2025-04-07 18:00:00,1744048800,32870.0,32870.0,32375.0,32380.0,0,0,205,117.0
455,-952,MNK,MNKM25,H1,2025-04-07 19:00:00,1744052400,32400.0,32440.0,32165.0,32370.0,0,0,498,123.0
456,-951,MNK,MNKM25,H1,2025-04-07 20:00:00,1744056000,32300.0,32750.0,32300.0,32630.0,0,0,137,124.0
457,-950,MNK,MNKM25,H1,2025-04-07 22:00:00,1744063200,32790.0,32835.0,32790.0,32835.0,0,0,4,124.0
458,-949,MNK,MNKM25,H1,2025-04-07 23:00:00,1744066800,32865.0,32940.0,32740.0,32790.0,0,0,118,126.0
459,-948,MNK,MNKM25,H1,2025-04-08 00:00:00,1744070400,32735.0,33205.0,32550.0,33020.0,0,0,99,123.0
460,-947,MNK,MNKM25,H1,2025-04-08 01:00:00,1744074000,32990.0,33395.0,32905.0,33320.0,0,0,110,124.0
461,-946,MNK,MNKM25,H1,2025-04-08 02:00:00,1744077600,33295.0,33295.0,33155.0,33160.0,0,0,59,124.0
462,-945,MNK,MNKM25,H1,2025-04-08 03:00:00,1744081200,33110.0,33125.0,32800.0,32835.0,0,0,87,124.0
463,-944,MNK,MNKM25,H1,2025-04-08 04:00:00,1744084800,32930.0,32995.0,32775.0,32995.0,0,0,46,124.0
464,-943,MNK,MNKM25,H1,2025-04-08 05:00:00,1744088400,32985.0,33185.0,32885.0,33125.0,0,0,96,124.0
465,-942,MNK,MNKM25,H1,2025-04-08 06:00:00,1744092000,33045.0,33345.0,33005.0,33285.0,0,0,109,125.0
466,-941,MNK,MNKM25,H1,2025-04-08 07:00:00,1744095600,33210.0,33300.0,33185.0,33275.0,0,0,21,125.0
467,-940,MNK,MNKM25,H1,2025-04-08 08:00:00,1744099200,33310.0,33315.0,32990.0,33135.0,0,0,281,128.0
468,-939,MNK,MNKM25,H1,2025-04-08 09:00:00,1744102800,33050.0,33060.0,32875.0,32875.0,0,0,49,128.0
469,-938,MNK,MNKM25,H1,2025-04-08 10:00:00,1744106400,32820.0,32990.0,32820.0,32930.0,0,0,25,128.0
470,-937,MNK,MNKM25,H1,2025-04-08 11:00:00,1744110000,32965.0,33535.0,32935.0,33535.0,0,0,129,125.0
471,-936,MNK,MNKM25,H1,2025-04-08 12:00:00,1744113600,33465.0,33585.0,33445.0,33490.0,0,0,69,124.0
472,-935,MNK,MNKM25,H1,2025-04-08 13:00:00,1744117200,33530.0,33925.0,33530.0,33925.0,0,0,145,122.0
473,-934,MNK,MNKM25,H1,2025-04-08 14:00:00,1744120800,33945.0,34015.0,33580.0,33580.0,0,0,306,124.0
474,-933,MNK,MNKM25,H1,2025-04-08 15:00:00,1744124400,33565.0,33660.0,33360.0,33590.0,0,0,168,125.0
475,-932,MNK,MNKM25,H1,2025-04-08 16:00:00,1744128000,33585.0,33655.0,33085.0,33140.0,0,0,312,128.0
476,-931,MNK,MNKM25,H1,2025-04-08 17:00:00,1744131600,32980.0,33085.0,32510.0,32845.0,0,0,488,134.0
477,-930,MNK,MNKM25,H1,2025-04-08 18:00:00,1744135200,32820.0,32975.0,32625.0,32660.0,0,0,237,137.0
478,-929,MNK,MNKM25,H1,2025-04-08 19:00:00,1744138800,32540.0,32540.0,31935.0,32315.0,0,0,202,139.0
479,-928,MNK,MNKM25,H1,2025-04-08 20:00:00,1744142400,32310.0,32345.0,32155.0,32255.0,0,0,94,140.0
480,-927,MNK,MNKM25,H1,2025-04-08 22:00:00,1744149600,31955.0,32090.0,31870.0,32090.0,0,0,24,139.0
481,-926,MNK,MNKM25,H1,2025-04-08 23:00:00,1744153200,32070.0,32325.0,31965.0,32325.0,0,0,119,140.0
482,-925,MNK,MNKM25,H1,2025-04-09 00:00:00,1744156800,32395.0,32420.0,31890.0,32020.0,0,0,156,141.0
483,-924,MNK,MNKM25,H1,2025-04-09 01:00:00,1744160400,32220.0,32230.0,31940.0,32170.0,0,0,77,142.0
484,-923,MNK,MNKM25,H1,2025-04-09 02:00:00,1744164000,32300.0,32355.0,32180.0,32180.0,0,0,41,142.0
485,-922,MNK,MNKM25,H1,2025-04-09 03:00:00,1744167600,32170.0,32170.0,31895.0,31895.0,0,0,87,141.0
486,-921,MNK,MNKM25,H1,2025-04-09 04:00:00,1744171200,31915.0,31990.0,31425.0,31700.0,0,0,90,140.0
487,-920,MNK,MNKM25,H1,2025-04-09 05:00:00,1744174800,31530.0,31885.0,31505.0,31885.0,0,0,92,140.0
488,-919,MNK,MNKM25,H1,2025-04-09 06:00:00,1744178400,31980.0,32160.0,31865.0,31890.0,0,0,88,140.0
489,-918,MNK,MNKM25,H1,2025-04-09 07:00:00,1744182000,31985.0,32545.0,31985.0,32515.0,0,0,117,140.0
490,-917,MNK,MNKM25,H1,2025-04-09 08:00:00,1744185600,32525.0,32640.0,32035.0,32350.0,0,0,251,141.0
491,-916,MNK,MNKM25,H1,2025-04-09 09:00:00,1744189200,32370.0,32440.0,32145.0,32165.0,0,0,111,140.0
492,-915,MNK,MNKM25,H1,2025-04-09 10:00:00,1744192800,32165.0,32260.0,31885.0,32085.0,0,0,136,141.0
493,-914,MNK,MNKM25,H1,2025-04-09 11:00:00,1744196400,31765.0,31880.0,31620.0,31755.0,0,0,32,139.0
494,-913,MNK,MNKM25,H1,2025-04-09 12:00:00,1744200000,31600.0,31625.0,31415.0,31625.0,0,0,53,139.0
495,-912,MNK,MNKM25,H1,2025-04-09 13:00:00,1744203600,31535.0,32110.0,31515.0,32020.0,0,0,254,135.0
496,-911,MNK,MNKM25,H1,2025-04-09 14:00:00,1744207200,32060.0,32145.0,31645.0,31645.0,0,0,57,130.0
497,-910,MNK,MNKM25,H1,2025-04-09 15:00:00,1744210800,31680.0,31950.0,31680.0,31820.0,0,0,25,122.0
498,-909,MNK,MNKM25,H1,2025-04-09 16:00:00,1744214400,31760.0,32125.0,31760.0,32105.0,0,0,24,120.0
499,-908,MNK,MNKM25,H1,2025-04-09 17:00:00,1744218000,32085.0,34315.0,31945.0,34050.0,0,0,156,121.0
500,-907,MNK,MNKM25,H1,2025-04-09 18:00:00,1744221600,34250.0,35000.0,34250.0,34365.0,0,0,23,118.0
501,-906,MNK,MNKM25,H1,2025-04-09 19:00:00,1744225200,34465.0,35045.0,34465.0,35035.0,0,0,18,116.0
502,-905,MNK,MNKM25,H1,2025-04-09 20:00:00,1744228800,35000.0,35180.0,34900.0,35150.0,0,0,29,115.0
503,-904,MNK,MNKM25,H1,2025-04-09 22:00:00,1744236000,35150.0,35195.0,35150.0,35195.0,0,0,4,114.0
504,-903,MNK,MNKM25,H1,2025-04-09 23:00:00,1744239600,35195.0,35285.0,34930.0,34985.0,0,0,63,114.0
505,-902,MNK,MNKM25,H1,2025-04-10 00:00:00,1744243200,34905.0,34995.0,34395.0,34560.0,0,0,139,115.0
506,-901,MNK,MNKM25,H1,2025-04-10 01:00:00,1744246800,34510.0,34515.0,34315.0,34500.0,0,0,67,115.0
507,-900,MNK,MNKM25,H1,2025-04-10 02:00:00,1744250400,34510.0,34565.0,34510.0,34545.0,0,0,25,115.0
508,-899,MNK,MNKM25,H1,2025-04-10 03:00:00,1744254000,34455.0,34560.0,34455.0,34560.0,0,0,13,115.0
509,-898,MNK,MNKM25,H1,2025-04-10 04:00:00,1744257600,34575.0,34605.0,34465.0,34605.0,0,0,34,115.0
510,-897,MNK,MNKM25,H1,2025-04-10 05:00:00,1744261200,34560.0,34590.0,34535.0,34590.0,0,0,27,115.0
511,-896,MNK,MNKM25,H1,2025-04-10 06:00:00,1744264800,34685.0,34770.0,34600.0,34715.0,0,0,66,115.0
512,-895,MNK,MNKM25,H1,2025-04-10 07:00:00,1744268400,34840.0,34840.0,34440.0,34495.0,0,0,91,116.0
513,-894,MNK,MNKM25,H1,2025-04-10 08:00:00,1744272000,34265.0,34320.0,34060.0,34190.0,0,0,17,115.0
514,-893,MNK,MNKM25,H1,2025-04-10 09:00:00,1744275600,34070.0,34110.0,33960.0,34045.0,0,0,61,114.0
515,-892,MNK,MNKM25,H1,2025-04-10 10:00:00,1744279200,34085.0,34135.0,34025.0,34025.0,0,0,7,110.0
516,-891,MNK,MNKM25,H1,2025-04-10 11:00:00,1744282800,34015.0,34030.0,33975.0,33975.0,0,0,8,107.0
517,-890,MNK,MNKM25,H1,2025-04-10 12:00:00,1744286400,34020.0,34040.0,33790.0,33790.0,0,0,19,107.0
518,-889,MNK,MNKM25,H1,2025-04-10 13:00:00,1744290000,33940.0,33985.0,33675.0,33760.0,0,0,45,106.0
519,-888,MNK,MNKM25,H1,2025-04-10 14:00:00,1744293600,33650.0,33750.0,33515.0,33525.0,0,0,33,105.0
520,-887,MNK,MNKM25,H1,2025-04-10 15:00:00,1744297200,33500.0,33660.0,33080.0,33080.0,0,0,34,105.0
521,-886,MNK,MNKM25,H1,2025-04-10 16:00:00,1744300800,33215.0,33240.0,32660.0,33200.0,0,0,156,106.0
522,-885,MNK,MNKM25,H1,2025-04-10 17:00:00,1744304400,33250.0,33405.0,32895.0,33400.0,0,0,147,104.0
523,-884,MNK,MNKM25,H1,2025-04-10 18:00:00,1744308000,33260.0,33565.0,33185.0,33410.0,0,0,37,104.0
524,-883,MNK,MNKM25,H1,2025-04-10 19:00:00,1744311600,33460.0,33520.0,33365.0,33520.0,0,0,15,104.0
525,-882,MNK,MNKM25,H1,2025-04-10 20:00:00,1744315200,33530.0,33530.0,33470.0,33470.0,0,0,4,101.0
526,-881,MNK,MNKM25,H1,2025-04-10 22:00:00,1744322400,33570.0,33635.0,33515.0,33580.0,0,0,8,98.0
527,-880,MNK,MNKM25,H1,2025-04-10 23:00:00,1744326000,33455.0,33515.0,33180.0,33180.0,0,0,64,92.0
528,-879,MNK,MNKM25,H1,2025-04-11 00:00:00,1744329600,33010.0,33050.0,32800.0,33050.0,0,0,111,92.0
529,-878,MNK,MNKM25,H1,2025-04-11 01:00:00,1744333200,32945.0,33285.0,32940.0,33260.0,0,0,84,93.0
530,-877,MNK,MNKM25,H1,2025-04-11 02:00:00,1744336800,33265.0,33345.0,33125.0,33290.0,0,0,29,92.0
531,-876,MNK,MNKM25,H1,2025-04-11 03:00:00,1744340400,33305.0,33510.0,33305.0,33345.0,0,0,70,91.0
532,-875,MNK,MNKM25,H1,2025-04-11 04:00:00,1744344000,33430.0,33495.0,33320.0,33325.0,0,0,21,90.0
533,-874,MNK,MNKM25,H1,2025-04-11 05:00:00,1744347600,33295.0,33665.0,33255.0,33640.0,0,0,84,90.0
534,-873,MNK,MNKM25,H1,2025-04-11 06:00:00,1744351200,33730.0,33845.0,33650.0,33660.0,0,0,93,90.0
535,-872,MNK,MNKM25,H1,2025-04-11 07:00:00,1744354800,33640.0,33640.0,33455.0,33470.0,0,0,9,90.0
536,-871,MNK,MNKM25,H1,2025-04-11 08:00:00,1744358400,33325.0,33375.0,32915.0,32915.0,0,0,339,93.0
537,-870,MNK,MNKM25,H1,2025-04-11 09:00:00,1744362000,33015.0,33235.0,32995.0,33235.0,0,0,27,92.0
538,-869,MNK,MNKM25,H1,2025-04-11 10:00:00,1744365600,33280.0,33435.0,33205.0,33435.0,0,0,60,93.0
539,-868,MNK,MNKM25,H1,2025-04-11 11:00:00,1744369200,33330.0,33330.0,33185.0,33250.0,0,0,69,90.0
540,-867,MNK,MNKM25,H1,2025-04-11 12:00:00,1744372800,33280.0,33475.0,33265.0,33390.0,0,0,40,90.0
541,-866,MNK,MNKM25,H1,2025-04-11 13:00:00,1744376400,33180.0,33465.0,33040.0,33335.0,0,0,82,90.0
542,-865,MNK,MNKM25,H1,2025-04-11 14:00:00,1744380000,33325.0,33330.0,33120.0,33275.0,0,0,20,89.0
543,-864,MNK,MNKM25,H1,2025-04-11 15:00:00,1744383600,33150.0,33360.0,33150.0,33360.0,0,0,21,88.0
544,-863,MNK,MNKM25,H1,2025-04-11 16:00:00,1744387200,33375.0,33660.0,33370.0,33660.0,0,0,25,87.0
545,-862,MNK,MNKM25,H1,2025-04-11 17:00:00,1744390800,33630.0,33630.0,33520.0,33535.0,0,0,7,82.0
546,-861,MNK,MNKM25,H1,2025-04-11 18:00:00,1744394400,33760.0,33775.0,33760.0,33770.0,0,0,5,80.0
547,-860,MNK,MNKM25,H1,2025-04-11 19:00:00,1744398000,33800.0,33840.0,33790.0,33840.0,0,0,18,76.0
548,-859,MNK,MNKM25,H1,2025-04-11 20:00:00,1744401600,33825.0,33880.0,33815.0,33875.0,0,0,20,70.0
549,-858,MNK,MNKM25,H1,2025-04-13 22:00:00,1744581600,34150.0,34205.0,34030.0,34070.0,0,0,38,67.0
550,-857,MNK,MNKM25,H1,2025-04-13 23:00:00,1744585200,33990.0,34185.0,33990.0,34185.0,0,0,10,64.0
551,-856,MNK,MNKM25,H1,2025-04-14 00:00:00,1744588800,34205.0,34495.0,34185.0,34185.0,0,0,47,64.0
552,-855,MNK,MNKM25,H1,2025-04-14 01:00:00,1744592400,34235.0,34270.0,34075.0,34100.0,0,0,66,64.0
553,-854,MNK,MNKM25,H1,2025-04-14 02:00:00,1744596000,34185.0,34330.0,34185.0,34330.0,0,0,18,63.0
554,-853,MNK,MNKM25,H1,2025-04-14 03:00:00,1744599600,34270.0,34320.0,34270.0,34320.0,0,0,6,61.0
555,-852,MNK,MNKM25,H1,2025-04-14 04:00:00,1744603200,34370.0,34435.0,34355.0,34435.0,0,0,10,60.0
556,-851,MNK,MNKM25,H1,2025-04-14 05:00:00,1744606800,34340.0,34340.0,34305.0,34305.0,0,0,2,59.0
557,-850,MNK,MNKM25,H1,2025-04-14 06:00:00,1744610400,34185.0,34325.0,34170.0,34325.0,0,0,10,58.0
558,-849,MNK,MNKM25,H1,2025-04-14 07:00:00,1744614000,34250.0,34250.0,34220.0,34220.0,0,0,4,57.0
559,-848,MNK,MNKM25,H1,2025-04-14 08:00:00,1744617600,34365.0,34370.0,34350.0,34370.0,0,0,7,56.0
560,-847,MNK,MNKM25,H1,2025-04-14 09:00:00,1744621200,34205.0,34205.0,34205.0,34205.0,0,0,2,54.0
561,-846,MNK,MNKM25,H1,2025-04-14 11:00:00,1744628400,34385.0,34395.0,34355.0,34375.0,0,0,14,53.0
562,-845,MNK,MNKM25,H1,2025-04-14 12:00:00,1744632000,34285.0,34475.0,34285.0,34475.0,0,0,14,50.0
563,-844,MNK,MNKM25,H1,2025-04-14 13:00:00,1744635600,34545.0,34570.0,34380.0,34460.0,0,0,40,49.0
564,-843,MNK,MNKM25,H1,2025-04-14 14:00:00,1744639200,34560.0,34575.0,34465.0,34495.0,0,0,47,48.0
565,-842,MNK,MNKM25,H1,2025-04-14 15:00:00,1744642800,34470.0,34470.0,34175.0,34185.0,0,0,63,48.0
566,-841,MNK,MNKM25,H1,2025-04-14 16:00:00,1744646400,34165.0,34290.0,34100.0,34290.0,0,0,4,47.0
567,-840,MNK,MNKM25,H1,2025-04-14 17:00:00,1744650000,34260.0,34400.0,34260.0,34355.0,0,0,37,44.0
568,-839,MNK,MNKM25,H1,2025-04-14 18:00:00,1744653600,34455.0,34550.0,34455.0,34550.0,0,0,12,44.0
569,-838,MNK,MNKM25,H1,2025-04-14 19:00:00,1744657200,34530.0,34530.0,34400.0,34415.0,0,0,21,44.0
570,-837,MNK,MNKM25,H1,2025-04-14 20:00:00,1744660800,34410.0,34425.0,34305.0,34425.0,0,0,17,44.0
571,-836,MNK,MNKM25,H1,2025-04-14 22:00:00,1744668000,34405.0,34405.0,34360.0,34395.0,0,0,6,41.0
572,-835,MNK,MNKM25,H1,2025-04-14 23:00:00,1744671600,34410.0,34525.0,34310.0,34450.0,0,0,13,41.0
573,-834,MNK,MNKM25,H1,2025-04-15 00:00:00,1744675200,34490.0,34600.0,34430.0,34505.0,0,0,35,42.0
574,-833,MNK,MNKM25,H1,2025-04-15 01:00:00,1744678800,34520.0,34520.0,34465.0,34490.0,0,0,3,41.0
575,-832,MNK,MNKM25,H1,2025-04-15 02:00:00,1744682400,34485.0,34485.0,34410.0,34410.0,0,0,6,41.0
576,-831,MNK,MNKM25,H1,2025-04-15 03:00:00,1744686000,34400.0,34480.0,34400.0,34480.0,0,0,2,40.0
577,-830,MNK,MNKM25,H1,2025-04-15 05:00:00,1744693200,34455.0,34470.0,34435.0,34440.0,0,0,18,39.0
578,-829,MNK,MNKM25,H1,2025-04-15 06:00:00,1744696800,34430.0,34435.0,34410.0,34410.0,0,0,5,38.0
579,-828,MNK,MNKM25,H1,2025-04-15 07:00:00,1744700400,34525.0,34590.0,34520.0,34520.0,0,0,21,38.0
580,-827,MNK,MNKM25,H1,2025-04-15 08:00:00,1744704000,34535.0,34540.0,34440.0,34480.0,0,0,50,38.0
581,-826,MNK,MNKM25,H1,2025-04-15 11:00:00,1744714800,34450.0,34470.0,34350.0,34390.0,0,0,21,38.0
582,-825,MNK,MNKM25,H1,2025-04-15 12:00:00,1744718400,34360.0,34410.0,34335.0,34410.0,0,0,17,38.0
583,-824,MNK,MNKM25,H1,2025-04-15 13:00:00,1744722000,34470.0,34665.0,34470.0,34645.0,0,0,26,37.0
584,-823,MNK,MNKM25,H1,2025-04-15 14:00:00,1744725600,34645.0,34665.0,34510.0,34575.0,0,0,190,39.0
585,-822,MNK,MNKM25,H1,2025-04-15 15:00:00,1744729200,34620.0,34695.0,34620.0,34695.0,0,0,19,39.0
586,-821,MNK,MNKM25,H1,2025-04-15 16:00:00,1744732800,34650.0,34705.0,34600.0,34600.0,0,0,6,38.0
587,-820,MNK,MNKM25,H1,2025-04-15 17:00:00,1744736400,34600.0,34600.0,34600.0,34600.0,0,0,1,38.0
588,-819,MNK,MNKM25,H1,2025-04-15 18:00:00,1744740000,34565.0,34565.0,34565.0,34565.0,0,0,1,38.0
589,-818,MNK,MNKM25,H1,2025-04-15 19:00:00,1744743600,34610.0,34645.0,34595.0,34610.0,0,0,22,38.0
590,-817,MNK,MNKM25,H1,2025-04-15 20:00:00,1744747200,34595.0,34595.0,34560.0,34595.0,0,0,9,37.0
591,-816,MNK,MNKM25,H1,2025-04-15 22:00:00,1744754400,34375.0,34385.0,34375.0,34385.0,0,0,4,37.0
592,-815,MNK,MNKM25,H1,2025-04-15 23:00:00,1744758000,34345.0,34345.0,34340.0,34340.0,0,0,2,37.0
593,-814,MNK,MNKM25,H1,2025-04-16 00:00:00,1744761600,34315.0,34335.0,34235.0,34235.0,0,0,29,35.0
594,-813,MNK,MNKM25,H1,2025-04-16 01:00:00,1744765200,34250.0,34250.0,34250.0,34250.0,0,0,1,33.0
595,-812,MNK,MNKM25,H1,2025-04-16 02:00:00,1744768800,34275.0,34275.0,34140.0,34170.0,0,0,14,32.0
596,-811,MNK,MNKM25,H1,2025-04-16 03:00:00,1744772400,34185.0,34190.0,34135.0,34135.0,0,0,7,32.0
597,-810,MNK,MNKM25,H1,2025-04-16 04:00:00,1744776000,34095.0,34095.0,34055.0,34055.0,0,0,3,32.0
598,-809,MNK,MNKM25,H1,2025-04-16 05:00:00,1744779600,34055.0,34055.0,33840.0,33865.0,0,0,11,32.0
599,-808,MNK,MNKM25,H1,2025-04-16 06:00:00,1744783200,33885.0,34060.0,33885.0,34050.0,0,0,15,32.0
600,-807,MNK,MNKM25,H1,2025-04-16 07:00:00,1744786800,34075.0,34075.0,33900.0,33900.0,0,0,11,30.0
601,-806,MNK,MNKM25,H1,2025-04-16 08:00:00,1744790400,34020.0,34395.0,34020.0,34300.0,0,0,257,33.0
602,-805,MNK,MNKM25,H1,2025-04-16 09:00:00,1744794000,34310.0,34380.0,34265.0,34265.0,0,0,90,34.0
603,-804,MNK,MNKM25,H1,2025-04-16 10:00:00,1744797600,34285.0,34335.0,34255.0,34270.0,0,0,42,33.0
604,-803,MNK,MNKM25,H1,2025-04-16 11:00:00,1744801200,34265.0,34315.0,34260.0,34280.0,0,0,32,33.0
605,-802,MNK,MNKM25,H1,2025-04-16 12:00:00,1744804800,34285.0,34285.0,34285.0,34285.0,0,0,1,32.0
606,-801,MNK,MNKM25,H1,2025-04-16 13:00:00,1744808400,34260.0,34280.0,34235.0,34235.0,0,0,5,31.0
607,-800,MNK,MNKM25,H1,2025-04-16 14:00:00,1744812000,34225.0,34305.0,34165.0,34305.0,0,0,17,31.0
608,-799,MNK,MNKM25,H1,2025-04-16 15:00:00,1744815600,34435.0,34445.0,34435.0,34440.0,0,0,3,26.0
609,-798,MNK,MNKM25,H1,2025-04-16 17:00:00,1744822800,34305.0,34310.0,33900.0,33900.0,0,0,63,27.0
610,-797,MNK,MNKM25,H1,2025-04-16 18:00:00,1744826400,33910.0,34030.0,33865.0,33885.0,0,0,39,27.0
611,-796,MNK,MNKM25,H1,2025-04-16 19:00:00,1744830000,33795.0,33965.0,33750.0,33925.0,0,0,44,26.0
612,-795,MNK,MNKM25,H1,2025-04-16 20:00:00,1744833600,33950.0,33990.0,33920.0,33920.0,0,0,14,26.0
613,-794,MNK,MNKM25,H1,2025-04-16 22:00:00,1744840800,33990.0,33990.0,33970.0,33990.0,0,0,3,25.0
614,-793,MNK,MNKM25,H1,2025-04-16 23:00:00,1744844400,33930.0,34180.0,33925.0,34180.0,0,0,45,25.0
615,-792,MNK,MNKM25,H1,2025-04-17 00:00:00,1744848000,34125.0,34410.0,34110.0,34205.0,0,0,97,26.0
616,-791,MNK,MNKM25,H1,2025-04-17 01:00:00,1744851600,34240.0,34305.0,34220.0,34300.0,0,0,12,26.0
617,-790,MNK,MNKM25,H1,2025-04-17 02:00:00,1744855200,34320.0,34345.0,34295.0,34320.0,0,0,7,26.0
618,-789,MNK,MNKM25,H1,2025-04-17 03:00:00,1744858800,34380.0,34390.0,34305.0,34365.0,0,0,9,26.0
619,-788,MNK,MNKM25,H1,2025-04-17 04:00:00,1744862400,34365.0,34365.0,34365.0,34365.0,0,0,3,26.0
620,-787,MNK,MNKM25,H1,2025-04-17 05:00:00,1744866000,34340.0,34425.0,34340.0,34425.0,0,0,7,26.0
621,-786,MNK,MNKM25,H1,2025-04-17 06:00:00,1744869600,34435.0,34495.0,34435.0,34495.0,0,0,4,25.0
622,-785,MNK,MNKM25,H1,2025-04-17 07:00:00,1744873200,34520.0,34595.0,34505.0,34530.0,0,0,44,26.0
623,-784,MNK,MNKM25,H1,2025-04-17 08:00:00,1744876800,34510.0,34510.0,34510.0,34510.0,0,0,1,25.0
624,-783,MNK,MNKM25,H1,2025-04-17 09:00:00,1744880400,34565.0,34565.0,34565.0,34565.0,0,0,2,24.0
625,-782,MNK,MNKM25,H1,2025-04-17 10:00:00,1744884000,34550.0,34550.0,34415.0,34415.0,0,0,11,24.0
626,-781,MNK,MNKM25,H1,2025-04-17 11:00:00,1744887600,34430.0,34460.0,34430.0,34460.0,0,0,6,24.0
627,-780,MNK,MNKM25,H1,2025-04-17 12:00:00,1744891200,34575.0,34575.0,34510.0,34520.0,0,0,49,25.0
628,-779,MNK,MNKM25,H1,2025-04-17 13:00:00,1744894800,34490.0,34690.0,34480.0,34655.0,0,0,52,25.0
629,-778,MNK,MNKM25,H1,2025-04-17 14:00:00,1744898400,34650.0,34705.0,34485.0,34485.0,0,0,108,27.0
630,-777,MNK,MNKM25,H1,2025-04-17 15:00:00,1744902000,34615.0,34670.0,34600.0,34670.0,0,0,10,27.0
631,-776,MNK,MNKM25,H1,2025-04-17 16:00:00,1744905600,34610.0,34800.0,34580.0,34785.0,0,0,111,28.0
632,-775,MNK,MNKM25,H1,2025-04-17 17:00:00,1744909200,34735.0,34760.0,34665.0,34665.0,0,0,19,28.0
633,-774,MNK,MNKM25,H1,2025-04-17 18:00:00,1744912800,34785.0,34840.0,34765.0,34765.0,0,0,59,29.0
634,-773,MNK,MNKM25,H1,2025-04-17 19:00:00,1744916400,34735.0,34735.0,34570.0,34585.0,0,0,23,29.0
635,-772,MNK,MNKM25,H1,2025-04-17 20:00:00,1744920000,34585.0,34635.0,34565.0,34635.0,0,0,23,29.0
636,-771,MNK,MNKM25,H1,2025-04-20 22:00:00,1745186400,34570.0,34570.0,34480.0,34535.0,0,0,16,28.0
637,-770,MNK,MNKM25,H1,2025-04-20 23:00:00,1745190000,34585.0,34630.0,34585.0,34630.0,0,0,2,28.0
638,-769,MNK,MNKM25,H1,2025-04-21 00:00:00,1745193600,34590.0,34730.0,34480.0,34480.0,0,0,18,28.0
639,-768,MNK,MNKM25,H1,2025-04-21 01:00:00,1745197200,34500.0,34540.0,34425.0,34505.0,0,0,33,28.0
640,-767,MNK,MNKM25,H1,2025-04-21 02:00:00,1745200800,34500.0,34525.0,34345.0,34345.0,0,0,7,28.0
641,-766,MNK,MNKM25,H1,2025-04-21 03:00:00,1745204400,34380.0,34380.0,34375.0,34375.0,0,0,8,28.0
642,-765,MNK,MNKM25,H1,2025-04-21 04:00:00,1745208000,34425.0,34435.0,34390.0,34400.0,0,0,7,27.0
643,-764,MNK,MNKM25,H1,2025-04-21 05:00:00,1745211600,34440.0,34440.0,34440.0,34440.0,0,0,2,27.0
644,-763,MNK,MNKM25,H1,2025-04-21 06:00:00,1745215200,34440.0,34440.0,34360.0,34360.0,0,0,6,27.0
645,-762,MNK,MNKM25,H1,2025-04-21 08:00:00,1745222400,34270.0,34310.0,34270.0,34305.0,0,0,10,27.0
646,-761,MNK,MNKM25,H1,2025-04-21 10:00:00,1745229600,34340.0,34380.0,34340.0,34380.0,0,0,5,27.0
647,-760,MNK,MNKM25,H1,2025-04-21 11:00:00,1745233200,34350.0,34350.0,34330.0,34330.0,0,0,15,27.0
648,-759,MNK,MNKM25,H1,2025-04-21 12:00:00,1745236800,34365.0,34400.0,34365.0,34400.0,0,0,6,27.0
649,-758,MNK,MNKM25,H1,2025-04-21 13:00:00,1745240400,34375.0,34425.0,34370.0,34395.0,0,0,29,27.0
650,-757,MNK,MNKM25,H1,2025-04-21 14:00:00,1745244000,34265.0,34280.0,34185.0,34195.0,0,0,4,27.0
651,-756,MNK,MNKM25,H1,2025-04-21 15:00:00,1745247600,34245.0,34245.0,34125.0,34135.0,0,0,4,27.0
652,-755,MNK,MNKM25,H1,2025-04-21 17:00:00,1745254800,34035.0,34040.0,33980.0,33985.0,0,0,23,27.0
653,-754,MNK,MNKM25,H1,2025-04-21 19:00:00,1745262000,34095.0,34275.0,34095.0,34255.0,0,0,53,27.0
654,-753,MNK,MNKM25,H1,2025-04-21 20:00:00,1745265600,34255.0,34260.0,34205.0,34205.0,0,0,2,27.0
655,-752,MNK,MNKM25,H1,2025-04-21 22:00:00,1745272800,34140.0,34180.0,34140.0,34165.0,0,0,6,27.0
656,-751,MNK,MNKM25,H1,2025-04-21 23:00:00,1745276400,34175.0,34335.0,34165.0,34335.0,0,0,8,24.0
657,-750,MNK,MNKM25,H1,2025-04-22 00:00:00,1745280000,34310.0,34415.0,34310.0,34315.0,0,0,17,24.0
658,-749,MNK,MNKM25,H1,2025-04-22 01:00:00,1745283600,34300.0,34415.0,34300.0,34400.0,0,0,24,24.0
659,-748,MNK,MNKM25,H1,2025-04-22 02:00:00,1745287200,34375.0,34400.0,34330.0,34330.0,0,0,15,24.0
660,-747,MNK,MNKM25,H1,2025-04-22 03:00:00,1745290800,34295.0,34295.0,34295.0,34295.0,0,0,1,24.0
661,-746,MNK,MNKM25,H1,2025-04-22 04:00:00,1745294400,34335.0,34375.0,34335.0,34375.0,0,0,3,24.0
662,-745,MNK,MNKM25,H1,2025-04-22 05:00:00,1745298000,34350.0,34350.0,34350.0,34350.0,0,0,1,24.0
663,-744,MNK,MNKM25,H1,2025-04-22 06:00:00,1745301600,34310.0,34420.0,34300.0,34420.0,0,0,6,24.0
664,-743,MNK,MNKM25,H1,2025-04-22 08:00:00,1745308800,34445.0,34470.0,34420.0,34425.0,0,0,18,24.0
665,-742,MNK,MNKM25,H1,2025-04-22 10:00:00,1745316000,34545.0,34570.0,34510.0,34510.0,0,0,17,24.0
666,-741,MNK,MNKM25,H1,2025-04-22 12:00:00,1745323200,34465.0,34550.0,34465.0,34550.0,0,0,3,24.0
667,-740,MNK,MNKM25,H1,2025-04-22 13:00:00,1745326800,34595.0,34740.0,34595.0,34680.0,0,0,9,24.0
668,-739,MNK,MNKM25,H1,2025-04-22 14:00:00,1745330400,34700.0,34760.0,34700.0,34760.0,0,0,5,24.0
669,-738,MNK,MNKM25,H1,2025-04-22 15:00:00,1745334000,34780.0,34885.0,34740.0,34885.0,0,0,93,25.0
670,-737,MNK,MNKM25,H1,2025-04-22 16:00:00,1745337600,34960.0,35020.0,34955.0,35020.0,0,0,24,26.0
671,-736,MNK,MNKM25,H1,2025-04-22 17:00:00,1745341200,34960.0,34990.0,34715.0,34800.0,0,0,104,27.0
672,-735,MNK,MNKM25,H1,2025-04-22 18:00:00,1745344800,34800.0,34960.0,34800.0,34960.0,0,0,37,27.0
673,-734,MNK,MNKM25,H1,2025-04-22 20:00:00,1745352000,34955.0,35005.0,34920.0,34920.0,0,0,19,24.0
674,-733,MNK,MNKM25,H1,2025-04-22 22:00:00,1745359200,35380.0,35530.0,35350.0,35500.0,0,0,15,23.0
675,-732,MNK,MNKM25,H1,2025-04-22 23:00:00,1745362800,35490.0,35490.0,35280.0,35415.0,0,0,33,23.0
676,-731,MNK,MNKM25,H1,2025-04-23 00:00:00,1745366400,35320.0,35320.0,34990.0,35010.0,0,0,242,26.0
677,-730,MNK,MNKM25,H1,2025-04-23 01:00:00,1745370000,35010.0,35010.0,34810.0,34875.0,0,0,23,26.0
678,-729,MNK,MNKM25,H1,2025-04-23 02:00:00,1745373600,34960.0,34985.0,34960.0,34985.0,0,0,4,26.0
679,-728,MNK,MNKM25,H1,2025-04-23 03:00:00,1745377200,35070.0,35095.0,35070.0,35095.0,0,0,3,26.0
680,-727,MNK,MNKM25,H1,2025-04-23 04:00:00,1745380800,35080.0,35110.0,35020.0,35020.0,0,0,7,26.0
681,-726,MNK,MNKM25,H1,2025-04-23 05:00:00,1745384400,35040.0,35040.0,35035.0,35035.0,0,0,20,25.0
682,-725,MNK,MNKM25,H1,2025-04-23 07:00:00,1745391600,35060.0,35070.0,35060.0,35070.0,0,0,2,25.0
683,-724,MNK,MNKM25,H1,2025-04-23 08:00:00,1745395200,35110.0,35205.0,35080.0,35205.0,0,0,25,24.0
684,-723,MNK,MNKM25,H1,2025-04-23 09:00:00,1745398800,35250.0,35250.0,35250.0,35250.0,0,0,1,24.0
685,-722,MNK,MNKM25,H1,2025-04-23 10:00:00,1745402400,35245.0,35310.0,35245.0,35310.0,0,0,5,24.0
686,-721,MNK,MNKM25,H1,2025-04-23 11:00:00,1745406000,35270.0,35270.0,35190.0,35190.0,0,0,9,24.0
687,-720,MNK,MNKM25,H1,2025-04-23 12:00:00,1745409600,35220.0,35275.0,35220.0,35275.0,0,0,12,23.0
688,-719,MNK,MNKM25,H1,2025-04-23 13:00:00,1745413200,35280.0,35570.0,35280.0,35465.0,0,0,161,25.0
689,-718,MNK,MNKM25,H1,2025-04-23 14:00:00,1745416800,35510.0,35530.0,35440.0,35530.0,0,0,35,25.0
690,-717,MNK,MNKM25,H1,2025-04-23 15:00:00,1745420400,35490.0,35610.0,35250.0,35250.0,0,0,149,27.0
691,-716,MNK,MNKM25,H1,2025-04-23 16:00:00,1745424000,35305.0,35395.0,35225.0,35385.0,0,0,19,27.0
692,-715,MNK,MNKM25,H1,2025-04-23 18:00:00,1745431200,35525.0,35530.0,35490.0,35490.0,0,0,12,27.0
693,-714,MNK,MNKM25,H1,2025-04-23 19:00:00,1745434800,35410.0,35470.0,35345.0,35455.0,0,0,25,28.0
694,-713,MNK,MNKM25,H1,2025-04-23 20:00:00,1745438400,35455.0,35595.0,35455.0,35515.0,0,0,21,27.0
695,-712,MNK,MNKM25,H1,2025-04-23 22:00:00,1745445600,35375.0,35375.0,35370.0,35370.0,0,0,3,27.0
696,-711,MNK,MNKM25,H1,2025-04-23 23:00:00,1745449200,35415.0,35500.0,35415.0,35500.0,0,0,9,27.0
697,-710,MNK,MNKM25,H1,2025-04-24 00:00:00,1745452800,35390.0,35420.0,35245.0,35290.0,0,0,55,28.0
698,-709,MNK,MNKM25,H1,2025-04-24 01:00:00,1745456400,35330.0,35340.0,35270.0,35285.0,0,0,27,28.0
699,-708,MNK,MNKM25,H1,2025-04-24 02:00:00,1745460000,35360.0,35360.0,35285.0,35290.0,0,0,3,28.0
700,-707,MNK,MNKM25,H1,2025-04-24 04:00:00,1745467200,35165.0,35200.0,35155.0,35155.0,0,0,21,27.0
701,-706,MNK,MNKM25,H1,2025-04-24 05:00:00,1745470800,35160.0,35160.0,35075.0,35075.0,0,0,20,26.0
702,-705,MNK,MNKM25,H1,2025-04-24 06:00:00,1745474400,35150.0,35170.0,35150.0,35170.0,0,0,44,26.0
703,-704,MNK,MNKM25,H1,2025-04-24 07:00:00,1745478000,35120.0,35185.0,35110.0,35175.0,0,0,7,25.0
704,-703,MNK,MNKM25,H1,2025-04-24 08:00:00,1745481600,35000.0,35000.0,34905.0,34905.0,0,0,23,25.0
705,-702,MNK,MNKM25,H1,2025-04-24 10:00:00,1745488800,35185.0,35185.0,35185.0,35185.0,0,0,1,24.0
706,-701,MNK,MNKM25,H1,2025-04-24 11:00:00,1745492400,35200.0,35220.0,35105.0,35110.0,0,0,124,26.0
707,-700,MNK,MNKM25,H1,2025-04-24 12:00:00,1745496000,35185.0,35195.0,35120.0,35165.0,0,0,64,26.0
708,-699,MNK,MNKM25,H1,2025-04-24 13:00:00,1745499600,35180.0,35225.0,35150.0,35150.0,0,0,4,26.0
709,-698,MNK,MNKM25,H1,2025-04-24 14:00:00,1745503200,35340.0,35395.0,35340.0,35365.0,0,0,18,26.0
710,-697,MNK,MNKM25,H1,2025-04-24 15:00:00,1745506800,35490.0,35500.0,35440.0,35500.0,0,0,32,26.0
711,-696,MNK,MNKM25,H1,2025-04-24 16:00:00,1745510400,35530.0,35550.0,35505.0,35550.0,0,0,72,27.0
712,-695,MNK,MNKM25,H1,2025-04-24 17:00:00,1745514000,35570.0,35570.0,35570.0,35570.0,0,0,2,27.0
713,-694,MNK,MNKM25,H1,2025-04-24 19:00:00,1745521200,35505.0,35665.0,35505.0,35665.0,0,0,16,27.0
714,-693,MNK,MNKM25,H1,2025-04-24 20:00:00,1745524800,35650.0,35750.0,35650.0,35660.0,0,0,159,29.0
715,-692,MNK,MNKM25,H1,2025-04-24 23:00:00,1745535600,35685.0,35710.0,35670.0,35670.0,0,0,5,29.0
716,-691,MNK,MNKM25,H1,2025-04-25 00:00:00,1745539200,35615.0,35750.0,35565.0,35745.0,0,0,24,29.0
717,-690,MNK,MNKM25,H1,2025-04-25 01:00:00,1745542800,35680.0,35705.0,35570.0,35570.0,0,0,9,29.0
718,-689,MNK,MNKM25,H1,2025-04-25 02:00:00,1745546400,35620.0,35690.0,35620.0,35690.0,0,0,17,30.0
719,-688,MNK,MNKM25,H1,2025-04-25 03:00:00,1745550000,35685.0,35870.0,35685.0,35870.0,0,0,32,30.0
720,-687,MNK,MNKM25,H1,2025-04-25 04:00:00,1745553600,35955.0,35955.0,35780.0,35780.0,0,0,6,30.0
721,-686,MNK,MNKM25,H1,2025-04-25 05:00:00,1745557200,35780.0,35800.0,35780.0,35800.0,0,0,2,29.0
722,-685,MNK,MNKM25,H1,2025-04-25 06:00:00,1745560800,35805.0,35915.0,35805.0,35915.0,0,0,5,29.0
723,-684,MNK,MNKM25,H1,2025-04-25 07:00:00,1745564400,35905.0,35905.0,35820.0,35825.0,0,0,4,29.0
724,-683,MNK,MNKM25,H1,2025-04-25 08:00:00,1745568000,35790.0,35840.0,35790.0,35810.0,0,0,78,30.0
725,-682,MNK,MNKM25,H1,2025-04-25 09:00:00,1745571600,35660.0,35790.0,35660.0,35790.0,0,0,15,30.0
726,-681,MNK,MNKM25,H1,2025-04-25 10:00:00,1745575200,35735.0,35785.0,35665.0,35665.0,0,0,57,30.0
727,-680,MNK,MNKM25,H1,2025-04-25 12:00:00,1745582400,35650.0,35745.0,35650.0,35730.0,0,0,105,32.0
728,-679,MNK,MNKM25,H1,2025-04-25 13:00:00,1745586000,35735.0,35925.0,35735.0,35835.0,0,0,88,33.0
729,-678,MNK,MNKM25,H1,2025-04-25 14:00:00,1745589600,35795.0,35910.0,35780.0,35895.0,0,0,17,33.0
730,-677,MNK,MNKM25,H1,2025-04-25 15:00:00,1745593200,35925.0,35950.0,35910.0,35910.0,0,0,6,33.0
731,-676,MNK,MNKM25,H1,2025-04-25 16:00:00,1745596800,35960.0,36005.0,35960.0,36005.0,0,0,4,33.0
732,-675,MNK,MNKM25,H1,2025-04-25 17:00:00,1745600400,36045.0,36060.0,35870.0,35870.0,0,0,64,33.0
733,-674,MNK,MNKM25,H1,2025-04-25 18:00:00,1745604000,35930.0,35930.0,35890.0,35890.0,0,0,5,33.0
734,-673,MNK,MNKM25,H1,2025-04-25 20:00:00,1745611200,36105.0,36160.0,36105.0,36130.0,0,0,41,34.0
735,-672,MNK,MNKM25,H1,2025-04-27 22:00:00,1745791200,36085.0,36095.0,36040.0,36075.0,0,0,193,37.0
736,-671,MNK,MNKM25,H1,2025-04-27 23:00:00,1745794800,36035.0,36060.0,36005.0,36045.0,0,0,140,38.0
737,-670,MNK,MNKM25,H1,2025-04-28 00:00:00,1745798400,36050.0,36190.0,36020.0,36020.0,0,0,11,38.0
738,-669,MNK,MNKM25,H1,2025-04-28 01:00:00,1745802000,36020.0,36110.0,36020.0,36110.0,0,0,9,38.0
739,-668,MNK,MNKM25,H1,2025-04-28 02:00:00,1745805600,36070.0,36075.0,35975.0,35975.0,0,0,12,38.0
740,-667,MNK,MNKM25,H1,2025-04-28 03:00:00,1745809200,35960.0,35960.0,35960.0,35960.0,0,0,3,38.0
741,-666,MNK,MNKM25,H1,2025-04-28 04:00:00,1745812800,35985.0,35985.0,35965.0,35965.0,0,0,2,37.0
742,-665,MNK,MNKM25,H1,2025-04-28 06:00:00,1745820000,35905.0,35905.0,35905.0,35905.0,0,0,1,37.0
743,-664,MNK,MNKM25,H1,2025-04-28 07:00:00,1745823600,36010.0,36010.0,36010.0,36010.0,0,0,1,35.0
744,-663,MNK,MNKM25,H1,2025-04-28 08:00:00,1745827200,35960.0,35960.0,35960.0,35960.0,0,0,11,35.0
745,-662,MNK,MNKM25,H1,2025-04-28 10:00:00,1745834400,36055.0,36055.0,36055.0,36055.0,0,0,1,35.0
746,-661,MNK,MNKM25,H1,2025-04-28 11:00:00,1745838000,36015.0,36025.0,36000.0,36025.0,0,0,8,35.0
747,-660,MNK,MNKM25,H1,2025-04-28 13:00:00,1745845200,36130.0,36130.0,36045.0,36045.0,0,0,61,35.0
748,-659,MNK,MNKM25,H1,2025-04-28 14:00:00,1745848800,35990.0,35990.0,35915.0,35915.0,0,0,2,32.0
749,-658,MNK,MNKM25,H1,2025-04-28 15:00:00,1745852400,35980.0,35980.0,35875.0,35885.0,0,0,17,32.0
750,-657,MNK,MNKM25,H1,2025-04-28 19:00:00,1745866800,35945.0,36020.0,35935.0,36010.0,0,0,7,32.0
751,-656,MNK,MNKM25,H1,2025-04-28 20:00:00,1745870400,36005.0,36005.0,35965.0,35970.0,0,0,4,32.0
752,-655,MNK,MNKM25,H1,2025-04-28 23:00:00,1745881200,36010.0,36035.0,36010.0,36035.0,0,0,3,32.0
753,-654,MNK,MNKM25,H1,2025-04-29 00:00:00,1745884800,35995.0,36010.0,35995.0,36010.0,0,0,2,31.0
754,-653,MNK,MNKM25,H1,2025-04-29 01:00:00,1745888400,35980.0,35980.0,35980.0,35980.0,0,0,1,31.0
755,-652,MNK,MNKM25,H1,2025-04-29 02:00:00,1745892000,36065.0,36070.0,36060.0,36060.0,0,0,3,31.0
756,-651,MNK,MNKM25,H1,2025-04-29 03:00:00,1745895600,36100.0,36140.0,36100.0,36140.0,0,0,3,31.0
757,-650,MNK,MNKM25,H1,2025-04-29 06:00:00,1745906400,36140.0,36160.0,36140.0,36145.0,0,0,6,31.0
758,-649,MNK,MNKM25,H1,2025-04-29 07:00:00,1745910000,36120.0,36165.0,36120.0,36165.0,0,0,2,31.0
759,-648,MNK,MNKM25,H1,2025-04-29 08:00:00,1745913600,36180.0,36185.0,36150.0,36185.0,0,0,3,31.0
760,-647,MNK,MNKM25,H1,2025-04-29 11:00:00,1745924400,36140.0,36140.0,36135.0,36135.0,0,0,2,29.0
761,-646,MNK,MNKM25,H1,2025-04-29 12:00:00,1745928000,36115.0,36125.0,36015.0,36015.0,0,0,35,29.0
762,-645,MNK,MNKM25,H1,2025-04-29 13:00:00,1745931600,36000.0,36095.0,35935.0,36050.0,0,0,71,27.0
763,-644,MNK,MNKM25,H1,2025-04-29 14:00:00,1745935200,36110.0,36125.0,36000.0,36095.0,0,0,98,29.0
764,-643,MNK,MNKM25,H1,2025-04-29 15:00:00,1745938800,36050.0,36050.0,36050.0,36050.0,0,0,1,28.0
765,-642,MNK,MNKM25,H1,2025-04-29 16:00:00,1745942400,36130.0,36130.0,36000.0,36000.0,0,0,2,28.0
766,-641,MNK,MNKM25,H1,2025-04-29 17:00:00,1745946000,36170.0,36225.0,36170.0,36225.0,0,0,59,29.0
767,-640,MNK,MNKM25,H1,2025-04-29 18:00:00,1745949600,36210.0,36210.0,36195.0,36195.0,0,0,3,29.0
768,-639,MNK,MNKM25,H1,2025-04-29 19:00:00,1745953200,36175.0,36195.0,36135.0,36170.0,0,0,73,30.0
769,-638,MNK,MNKM25,H1,2025-04-29 20:00:00,1745956800,36155.0,36165.0,36095.0,36095.0,0,0,5,29.0
770,-637,MNK,MNKM25,H1,2025-04-29 22:00:00,1745964000,36120.0,36120.0,36110.0,36110.0,0,0,2,28.0
771,-636,MNK,MNKM25,H1,2025-04-29 23:00:00,1745967600,36090.0,36090.0,36020.0,36020.0,0,0,12,29.0
772,-635,MNK,MNKM25,H1,2025-04-30 00:00:00,1745971200,36045.0,36100.0,35905.0,35980.0,0,0,61,29.0
773,-634,MNK,MNKM25,H1,2025-04-30 01:00:00,1745974800,36010.0,36010.0,35915.0,35965.0,0,0,7,29.0
774,-633,MNK,MNKM25,H1,2025-04-30 02:00:00,1745978400,35950.0,35985.0,35950.0,35965.0,0,0,9,28.0
775,-632,MNK,MNKM25,H1,2025-04-30 03:00:00,1745982000,35930.0,35970.0,35920.0,35970.0,0,0,15,29.0
776,-631,MNK,MNKM25,H1,2025-04-30 04:00:00,1745985600,35990.0,36020.0,35990.0,35990.0,0,0,14,28.0
777,-630,MNK,MNKM25,H1,2025-04-30 05:00:00,1745989200,36035.0,36095.0,36035.0,36095.0,0,0,21,29.0
778,-629,MNK,MNKM25,H1,2025-04-30 06:00:00,1745992800,36090.0,36090.0,36090.0,36090.0,0,0,3,27.0
779,-628,MNK,MNKM25,H1,2025-04-30 07:00:00,1745996400,36135.0,36135.0,36135.0,36135.0,0,0,1,26.0
780,-627,MNK,MNKM25,H1,2025-04-30 08:00:00,1746000000,36160.0,36175.0,36130.0,36130.0,0,0,9,26.0
781,-626,MNK,MNKM25,H1,2025-04-30 11:00:00,1746010800,36115.0,36115.0,36115.0,36115.0,0,0,1,26.0
782,-625,MNK,MNKM25,H1,2025-04-30 12:00:00,1746014400,36010.0,36020.0,35820.0,35855.0,0,0,27,26.0
783,-624,MNK,MNKM25,H1,2025-04-30 13:00:00,1746018000,35865.0,35865.0,35810.0,35810.0,0,0,10,25.0
784,-623,MNK,MNKM25,H1,2025-04-30 14:00:00,1746021600,35900.0,35900.0,35880.0,35880.0,0,0,2,25.0
785,-622,MNK,MNKM25,H1,2025-04-30 15:00:00,1746025200,35950.0,36045.0,35950.0,35990.0,0,0,84,26.0
786,-621,MNK,MNKM25,H1,2025-04-30 17:00:00,1746032400,35965.0,36070.0,35965.0,36070.0,0,0,5,24.0
787,-620,MNK,MNKM25,H1,2025-04-30 18:00:00,1746036000,36110.0,36220.0,36110.0,36145.0,0,0,112,25.0
788,-619,MNK,MNKM25,H1,2025-04-30 19:00:00,1746039600,36125.0,36290.0,36115.0,36200.0,0,0,85,26.0
789,-618,MNK,MNKM25,H1,2025-04-30 20:00:00,1746043200,36195.0,36375.0,36195.0,36315.0,0,0,86,27.0
790,-617,MNK,MNKM25,H1,2025-04-30 22:00:00,1746050400,36390.0,36390.0,36365.0,36365.0,0,0,6,27.0
791,-616,MNK,MNKM25,H1,2025-04-30 23:00:00,1746054000,36355.0,36360.0,36355.0,36360.0,0,0,2,27.0
792,-615,MNK,MNKM25,H1,2025-05-01 00:00:00,1746057600,36260.0,36415.0,36210.0,36215.0,0,0,41,27.0
793,-614,MNK,MNKM25,H1,2025-05-01 01:00:00,1746061200,36180.0,36260.0,36145.0,36245.0,0,0,8,27.0
794,-613,MNK,MNKM25,H1,2025-05-01 02:00:00,1746064800,36305.0,36345.0,36295.0,36295.0,0,0,10,27.0
795,-612,MNK,MNKM25,H1,2025-05-01 03:00:00,1746068400,36325.0,36455.0,36325.0,36455.0,0,0,220,30.0
796,-611,MNK,MNKM25,H1,2025-05-01 04:00:00,1746072000,36470.0,36500.0,36460.0,36500.0,0,0,5,29.0
797,-610,MNK,MNKM25,H1,2025-05-01 05:00:00,1746075600,36515.0,36585.0,36515.0,36545.0,0,0,48,30.0
798,-609,MNK,MNKM25,H1,2025-05-01 06:00:00,1746079200,36510.0,36610.0,36505.0,36610.0,0,0,13,29.0
799,-608,MNK,MNKM25,H1,2025-05-01 07:00:00,1746082800,36620.0,36690.0,36620.0,36675.0,0,0,5,28.0
800,-607,MNK,MNKM25,H1,2025-05-01 08:00:00,1746086400,36665.0,36700.0,36640.0,36675.0,0,0,47,27.0
801,-606,MNK,MNKM25,H1,2025-05-01 09:00:00,1746090000,36760.0,36860.0,36755.0,36860.0,0,0,21,27.0
802,-605,MNK,MNKM25,H1,2025-05-01 11:00:00,1746097200,36785.0,36890.0,36785.0,36890.0,0,0,36,28.0
803,-604,MNK,MNKM25,H1,2025-05-01 12:00:00,1746100800,36915.0,36920.0,36785.0,36785.0,0,0,29,28.0
804,-603,MNK,MNKM25,H1,2025-05-01 13:00:00,1746104400,36875.0,36885.0,36770.0,36770.0,0,0,68,28.0
805,-602,MNK,MNKM25,H1,2025-05-01 14:00:00,1746108000,36740.0,37060.0,36740.0,37050.0,0,0,28,28.0
806,-601,MNK,MNKM25,H1,2025-05-01 15:00:00,1746111600,37025.0,37130.0,37025.0,37030.0,0,0,194,31.0
807,-600,MNK,MNKM25,H1,2025-05-01 16:00:00,1746115200,37000.0,37000.0,36950.0,36950.0,0,0,5,28.0
808,-599,MNK,MNKM25,H1,2025-05-01 17:00:00,1746118800,37070.0,37070.0,37025.0,37025.0,0,0,4,26.0
809,-598,MNK,MNKM25,H1,2025-05-01 18:00:00,1746122400,37085.0,37125.0,37085.0,37120.0,0,0,102,27.0
810,-597,MNK,MNKM25,H1,2025-05-01 19:00:00,1746126000,37080.0,37100.0,37065.0,37065.0,0,0,5,27.0
811,-596,MNK,MNKM25,H1,2025-05-01 20:00:00,1746129600,36970.0,36980.0,36790.0,36810.0,0,0,107,29.0
812,-595,MNK,MNKM25,H1,2025-05-01 22:00:00,1746136800,36780.0,36820.0,36780.0,36810.0,0,0,8,29.0
813,-594,MNK,MNKM25,H1,2025-05-01 23:00:00,1746140400,36840.0,36895.0,36790.0,36795.0,0,0,8,29.0
814,-593,MNK,MNKM25,H1,2025-05-02 00:00:00,1746144000,36740.0,37080.0,36740.0,37080.0,0,0,67,30.0
815,-592,MNK,MNKM25,H1,2025-05-02 01:00:00,1746147600,37000.0,37005.0,36800.0,36800.0,0,0,42,30.0
816,-591,MNK,MNKM25,H1,2025-05-02 02:00:00,1746151200,36795.0,36830.0,36775.0,36790.0,0,0,11,30.0
817,-590,MNK,MNKM25,H1,2025-05-02 03:00:00,1746154800,36780.0,36800.0,36730.0,36730.0,0,0,6,30.0
818,-589,MNK,MNKM25,H1,2025-05-02 04:00:00,1746158400,36855.0,36985.0,36855.0,36985.0,0,0,43,31.0
819,-588,MNK,MNKM25,H1,2025-05-02 05:00:00,1746162000,36990.0,36995.0,36970.0,36990.0,0,0,15,30.0
820,-587,MNK,MNKM25,H1,2025-05-02 06:00:00,1746165600,36965.0,36965.0,36885.0,36895.0,0,0,18,30.0
821,-586,MNK,MNKM25,H1,2025-05-02 07:00:00,1746169200,36880.0,36940.0,36880.0,36940.0,0,0,8,30.0
822,-585,MNK,MNKM25,H1,2025-05-02 08:00:00,1746172800,36915.0,36915.0,36800.0,36810.0,0,0,24,30.0
823,-584,MNK,MNKM25,H1,2025-05-02 09:00:00,1746176400,36780.0,36780.0,36760.0,36775.0,0,0,68,31.0
824,-583,MNK,MNKM25,H1,2025-05-02 10:00:00,1746180000,36810.0,36845.0,36810.0,36845.0,0,0,8,31.0
825,-582,MNK,MNKM25,H1,2025-05-02 12:00:00,1746187200,36795.0,37000.0,36770.0,37000.0,0,0,65,32.0
826,-581,MNK,MNKM25,H1,2025-05-02 13:00:00,1746190800,36900.0,36940.0,36765.0,36800.0,0,0,129,34.0
827,-580,MNK,MNKM25,H1,2025-05-02 14:00:00,1746194400,36945.0,36980.0,36945.0,36980.0,0,0,2,34.0
828,-579,MNK,MNKM25,H1,2025-05-02 15:00:00,1746198000,37070.0,37085.0,37000.0,37030.0,0,0,14,34.0
829,-578,MNK,MNKM25,H1,2025-05-02 16:00:00,1746201600,37030.0,37175.0,37030.0,37110.0,0,0,146,36.0
830,-577,MNK,MNKM25,H1,2025-05-02 17:00:00,1746205200,37150.0,37150.0,37150.0,37150.0,0,0,1,36.0
831,-576,MNK,MNKM25,H1,2025-05-02 18:00:00,1746208800,37175.0,37200.0,37175.0,37200.0,0,0,5,36.0
832,-575,MNK,MNKM25,H1,2025-05-02 19:00:00,1746212400,37245.0,37290.0,37245.0,37260.0,0,0,55,37.0
833,-574,MNK,MNKM25,H1,2025-05-02 20:00:00,1746216000,37280.0,37310.0,37260.0,37265.0,0,0,13,37.0
834,-573,MNK,MNKM25,H1,2025-05-04 22:00:00,1746396000,37200.0,37200.0,37175.0,37175.0,0,0,20,36.0
835,-572,MNK,MNKM25,H1,2025-05-04 23:00:00,1746399600,37165.0,37165.0,37070.0,37105.0,0,0,25,35.0
836,-571,MNK,MNKM25,H1,2025-05-05 00:00:00,1746403200,37150.0,37205.0,37130.0,37205.0,0,0,18,35.0
837,-570,MNK,MNKM25,H1,2025-05-05 01:00:00,1746406800,37165.0,37165.0,37010.0,37010.0,0,0,24,35.0
838,-569,MNK,MNKM25,H1,2025-05-05 02:00:00,1746410400,37040.0,37040.0,37040.0,37040.0,0,0,4,35.0
839,-568,MNK,MNKM25,H1,2025-05-05 03:00:00,1746414000,37045.0,37045.0,37045.0,37045.0,0,0,1,35.0
840,-567,MNK,MNKM25,H1,2025-05-05 04:00:00,1746417600,37020.0,37020.0,37020.0,37020.0,0,0,1,34.0
841,-566,MNK,MNKM25,H1,2025-05-05 06:00:00,1746424800,37120.0,37135.0,37100.0,37100.0,0,0,8,34.0
842,-565,MNK,MNKM25,H1,2025-05-05 07:00:00,1746428400,37060.0,37095.0,37060.0,37095.0,0,0,36,34.0
843,-564,MNK,MNKM25,H1,2025-05-05 09:00:00,1746435600,37090.0,37090.0,37090.0,37090.0,0,0,1,34.0
844,-563,MNK,MNKM25,H1,2025-05-05 10:00:00,1746439200,37060.0,37060.0,37060.0,37060.0,0,0,2,33.0
845,-562,MNK,MNKM25,H1,2025-05-05 11:00:00,1746442800,37115.0,37115.0,37115.0,37115.0,0,0,2,33.0
846,-561,MNK,MNKM25,H1,2025-05-05 13:00:00,1746450000,37105.0,37140.0,37105.0,37140.0,0,0,3,33.0
847,-560,MNK,MNKM25,H1,2025-05-05 14:00:00,1746453600,37185.0,37295.0,37185.0,37290.0,0,0,55,34.0
848,-559,MNK,MNKM25,H1,2025-05-05 15:00:00,1746457200,37250.0,37305.0,37215.0,37305.0,0,0,50,34.0
849,-558,MNK,MNKM25,H1,2025-05-05 16:00:00,1746460800,37355.0,37375.0,37330.0,37375.0,0,0,5,34.0
850,-557,MNK,MNKM25,H1,2025-05-05 17:00:00,1746464400,37325.0,37325.0,37325.0,37325.0,0,0,3,34.0
851,-556,MNK,MNKM25,H1,2025-05-05 18:00:00,1746468000,37345.0,37345.0,37345.0,37345.0,0,0,1,34.0
852,-555,MNK,MNKM25,H1,2025-05-05 19:00:00,1746471600,37335.0,37335.0,37210.0,37225.0,0,0,58,35.0
853,-554,MNK,MNKM25,H1,2025-05-05 20:00:00,1746475200,37235.0,37235.0,37190.0,37215.0,0,0,10,35.0
854,-553,MNK,MNKM25,H1,2025-05-05 22:00:00,1746482400,37190.0,37190.0,37190.0,37190.0,0,0,1,34.0
855,-552,MNK,MNKM25,H1,2025-05-05 23:00:00,1746486000,37190.0,37195.0,37190.0,37195.0,0,0,3,34.0
856,-551,MNK,MNKM25,H1,2025-05-06 00:00:00,1746489600,37175.0,37250.0,37175.0,37250.0,0,0,2,34.0
857,-550,MNK,MNKM25,H1,2025-05-06 01:00:00,1746493200,37240.0,37240.0,37165.0,37195.0,0,0,8,33.0
858,-549,MNK,MNKM25,H1,2025-05-06 02:00:00,1746496800,37185.0,37185.0,37180.0,37180.0,0,0,3,33.0
859,-548,MNK,MNKM25,H1,2025-05-06 03:00:00,1746500400,37180.0,37180.0,37180.0,37180.0,0,0,1,32.0
860,-547,MNK,MNKM25,H1,2025-05-06 05:00:00,1746507600,37175.0,37175.0,37165.0,37165.0,0,0,7,31.0
861,-546,MNK,MNKM25,H1,2025-05-06 06:00:00,1746511200,37220.0,37220.0,37195.0,37195.0,0,0,7,29.0
862,-545,MNK,MNKM25,H1,2025-05-06 07:00:00,1746514800,37190.0,37190.0,37035.0,37070.0,0,0,9,29.0
863,-544,MNK,MNKM25,H1,2025-05-06 08:00:00,1746518400,37070.0,37075.0,36900.0,36910.0,0,0,89,31.0
864,-543,MNK,MNKM25,H1,2025-05-06 09:00:00,1746522000,36840.0,36890.0,36840.0,36890.0,0,0,4,30.0
865,-542,MNK,MNKM25,H1,2025-05-06 10:00:00,1746525600,36895.0,36915.0,36895.0,36915.0,0,0,2,30.0
866,-541,MNK,MNKM25,H1,2025-05-06 11:00:00,1746529200,36990.0,36990.0,36910.0,36925.0,0,0,74,31.0
867,-540,MNK,MNKM25,H1,2025-05-06 12:00:00,1746532800,36880.0,36880.0,36880.0,36880.0,0,0,3,28.0
868,-539,MNK,MNKM25,H1,2025-05-06 13:00:00,1746536400,36915.0,36920.0,36820.0,36850.0,0,0,115,29.0
869,-538,MNK,MNKM25,H1,2025-05-06 14:00:00,1746540000,36825.0,37030.0,36820.0,37025.0,0,0,48,29.0
870,-537,MNK,MNKM25,H1,2025-05-06 15:00:00,1746543600,37010.0,37010.0,37010.0,37010.0,0,0,1,29.0
871,-536,MNK,MNKM25,H1,2025-05-06 16:00:00,1746547200,36970.0,37050.0,36940.0,37005.0,0,0,102,31.0
872,-535,MNK,MNKM25,H1,2025-05-06 18:00:00,1746554400,36895.0,36900.0,36815.0,36890.0,0,0,37,31.0
873,-534,MNK,MNKM25,H1,2025-05-06 19:00:00,1746558000,36845.0,36845.0,36845.0,36845.0,0,0,1,30.0
874,-533,MNK,MNKM25,H1,2025-05-06 20:00:00,1746561600,36820.0,36820.0,36740.0,36740.0,0,0,10,30.0
875,-532,MNK,MNKM25,H1,2025-05-06 22:00:00,1746568800,37165.0,37215.0,37165.0,37215.0,0,0,3,30.0
876,-531,MNK,MNKM25,H1,2025-05-06 23:00:00,1746572400,37075.0,37090.0,37065.0,37080.0,0,0,7,29.0
877,-530,MNK,MNKM25,H1,2025-05-07 00:00:00,1746576000,37055.0,37055.0,36875.0,36945.0,0,0,198,31.0
878,-529,MNK,MNKM25,H1,2025-05-07 01:00:00,1746579600,36910.0,36940.0,36865.0,36925.0,0,0,82,29.0
879,-528,MNK,MNKM25,H1,2025-05-07 02:00:00,1746583200,36925.0,36930.0,36870.0,36870.0,0,0,14,30.0
880,-527,MNK,MNKM25,H1,2025-05-07 03:00:00,1746586800,36900.0,36955.0,36900.0,36955.0,0,0,11,30.0
881,-526,MNK,MNKM25,H1,2025-05-07 04:00:00,1746590400,36975.0,36975.0,36975.0,36975.0,0,0,1,28.0
882,-525,MNK,MNKM25,H1,2025-05-07 05:00:00,1746594000,36995.0,36995.0,36900.0,36900.0,0,0,20,29.0
883,-524,MNK,MNKM25,H1,2025-05-07 06:00:00,1746597600,36855.0,36855.0,36855.0,36855.0,0,0,1,27.0
884,-523,MNK,MNKM25,H1,2025-05-07 07:00:00,1746601200,36890.0,36940.0,36890.0,36920.0,0,0,9,27.0
885,-522,MNK,MNKM25,H1,2025-05-07 08:00:00,1746604800,36925.0,37000.0,36925.0,36990.0,0,0,40,28.0
886,-521,MNK,MNKM25,H1,2025-05-07 09:00:00,1746608400,36990.0,37005.0,36960.0,36960.0,0,0,3,27.0
887,-520,MNK,MNKM25,H1,2025-05-07 11:00:00,1746615600,36940.0,36940.0,36940.0,36940.0,0,0,20,26.0
888,-519,MNK,MNKM25,H1,2025-05-07 12:00:00,1746619200,36880.0,36890.0,36865.0,36870.0,0,0,29,27.0
889,-518,MNK,MNKM25,H1,2025-05-07 13:00:00,1746622800,36775.0,36820.0,36745.0,36805.0,0,0,84,28.0
890,-517,MNK,MNKM25,H1,2025-05-07 14:00:00,1746626400,36820.0,36855.0,36820.0,36855.0,0,0,3,27.0
891,-516,MNK,MNKM25,H1,2025-05-07 15:00:00,1746630000,36800.0,36820.0,36800.0,36820.0,0,0,4,27.0
892,-515,MNK,MNKM25,H1,2025-05-07 16:00:00,1746633600,36845.0,36845.0,36840.0,36840.0,0,0,11,27.0
893,-514,MNK,MNKM25,H1,2025-05-07 17:00:00,1746637200,36905.0,36935.0,36845.0,36845.0,0,0,43,27.0
894,-513,MNK,MNKM25,H1,2025-05-07 18:00:00,1746640800,36885.0,36950.0,36680.0,36950.0,0,0,39,28.0
895,-512,MNK,MNKM25,H1,2025-05-07 19:00:00,1746644400,36895.0,37145.0,36895.0,37035.0,0,0,75,28.0
896,-511,MNK,MNKM25,H1,2025-05-07 20:00:00,1746648000,37030.0,37035.0,36965.0,37025.0,0,0,15,28.0
897,-510,MNK,MNKM25,H1,2025-05-07 23:00:00,1746658800,36965.0,36965.0,36965.0,36965.0,0,0,1,27.0
898,-509,MNK,MNKM25,H1,2025-05-08 00:00:00,1746662400,37065.0,37065.0,36775.0,36960.0,0,0,34,26.0
899,-508,MNK,MNKM25,H1,2025-05-08 01:00:00,1746666000,36915.0,37045.0,36880.0,37020.0,0,0,67,26.0
900,-507,MNK,MNKM25,H1,2025-05-08 02:00:00,1746669600,37060.0,37115.0,37060.0,37115.0,0,0,5,26.0
901,-506,MNK,MNKM25,H1,2025-05-08 03:00:00,1746673200,37130.0,37190.0,37130.0,37135.0,0,0,28,25.0
902,-505,MNK,MNKM25,H1,2025-05-08 04:00:00,1746676800,37110.0,37110.0,37110.0,37110.0,0,0,10,25.0
903,-504,MNK,MNKM25,H1,2025-05-08 05:00:00,1746680400,37155.0,37155.0,37155.0,37155.0,0,0,1,25.0
904,-503,MNK,MNKM25,H1,2025-05-08 06:00:00,1746684000,37135.0,37215.0,37135.0,37215.0,0,0,11,24.0
905,-502,MNK,MNKM25,H1,2025-05-08 07:00:00,1746687600,37220.0,37225.0,37220.0,37225.0,0,0,3,24.0
906,-501,MNK,MNKM25,H1,2025-05-08 08:00:00,1746691200,37225.0,37350.0,37225.0,37350.0,0,0,17,24.0
907,-500,MNK,MNKM25,H1,2025-05-08 09:00:00,1746694800,37425.0,37490.0,37425.0,37490.0,0,0,28,24.0
908,-499,MNK,MNKM25,H1,2025-05-08 10:00:00,1746698400,37500.0,37505.0,37465.0,37505.0,0,0,33,24.0
909,-498,MNK,MNKM25,H1,2025-05-08 11:00:00,1746702000,37510.0,37510.0,37465.0,37475.0,0,0,65,25.0
910,-497,MNK,MNKM25,H1,2025-05-08 12:00:00,1746705600,37465.0,37500.0,37350.0,37380.0,0,0,119,26.0
911,-496,MNK,MNKM25,H1,2025-05-08 13:00:00,1746709200,37315.0,37325.0,37315.0,37325.0,0,0,4,26.0
912,-495,MNK,MNKM25,H1,2025-05-08 14:00:00,1746712800,37335.0,37405.0,37285.0,37340.0,0,0,61,27.0
913,-494,MNK,MNKM25,H1,2025-05-08 15:00:00,1746716400,37325.0,37675.0,37325.0,37655.0,0,0,277,31.0
914,-493,MNK,MNKM25,H1,2025-05-08 16:00:00,1746720000,37700.0,37720.0,37665.0,37720.0,0,0,25,31.0
915,-492,MNK,MNKM25,H1,2025-05-08 17:00:00,1746723600,37690.0,37705.0,37680.0,37680.0,0,0,27,31.0
916,-491,MNK,MNKM25,H1,2025-05-08 18:00:00,1746727200,37620.0,37620.0,37620.0,37620.0,0,0,2,31.0
917,-490,MNK,MNKM25,H1,2025-05-08 19:00:00,1746730800,37700.0,37730.0,37530.0,37530.0,0,0,207,34.0
918,-489,MNK,MNKM25,H1,2025-05-08 20:00:00,1746734400,37535.0,37555.0,37530.0,37555.0,0,0,11,34.0
919,-488,MNK,MNKM25,H1,2025-05-08 22:00:00,1746741600,37530.0,37530.0,37520.0,37520.0,0,0,2,33.0
920,-487,MNK,MNKM25,H1,2025-05-08 23:00:00,1746745200,37485.0,37540.0,37485.0,37540.0,0,0,13,33.0
921,-486,MNK,MNKM25,H1,2025-05-09 00:00:00,1746748800,37525.0,37555.0,37385.0,37390.0,0,0,91,34.0
922,-485,MNK,MNKM25,H1,2025-05-09 01:00:00,1746752400,37405.0,37470.0,37405.0,37465.0,0,0,17,34.0
923,-484,MNK,MNKM25,H1,2025-05-09 02:00:00,1746756000,37510.0,37590.0,37510.0,37550.0,0,0,6,34.0
924,-483,MNK,MNKM25,H1,2025-05-09 03:00:00,1746759600,37520.0,37550.0,37480.0,37550.0,0,0,28,34.0
925,-482,MNK,MNKM25,H1,2025-05-09 04:00:00,1746763200,37480.0,37590.0,37480.0,37590.0,0,0,5,34.0
926,-481,MNK,MNKM25,H1,2025-05-09 05:00:00,1746766800,37565.0,37645.0,37565.0,37645.0,0,0,47,34.0
927,-480,MNK,MNKM25,H1,2025-05-09 06:00:00,1746770400,37635.0,37635.0,37515.0,37540.0,0,0,24,35.0
928,-479,MNK,MNKM25,H1,2025-05-09 07:00:00,1746774000,37575.0,37610.0,37575.0,37610.0,0,0,31,35.0
929,-478,MNK,MNKM25,H1,2025-05-09 09:00:00,1746781200,37490.0,37490.0,37490.0,37490.0,0,0,3,35.0
930,-477,MNK,MNKM25,H1,2025-05-09 10:00:00,1746784800,37575.0,37635.0,37575.0,37635.0,0,0,33,36.0
931,-476,MNK,MNKM25,H1,2025-05-09 11:00:00,1746788400,37660.0,37720.0,37565.0,37600.0,0,0,108,37.0
932,-475,MNK,MNKM25,H1,2025-05-09 12:00:00,1746792000,37630.0,37680.0,37605.0,37650.0,0,0,92,38.0
933,-474,MNK,MNKM25,H1,2025-05-09 13:00:00,1746795600,37675.0,37675.0,37570.0,37570.0,0,0,17,38.0
934,-473,MNK,MNKM25,H1,2025-05-09 14:00:00,1746799200,37590.0,37590.0,37430.0,37470.0,0,0,7,38.0
935,-472,MNK,MNKM25,H1,2025-05-09 15:00:00,1746802800,37535.0,37535.0,37510.0,37520.0,0,0,20,37.0
936,-471,MNK,MNKM25,H1,2025-05-09 16:00:00,1746806400,37480.0,37480.0,37385.0,37400.0,0,0,37,38.0
937,-470,MNK,MNKM25,H1,2025-05-09 17:00:00,1746810000,37435.0,37485.0,37385.0,37485.0,0,0,98,39.0
938,-469,MNK,MNKM25,H1,2025-05-09 19:00:00,1746817200,37525.0,37525.0,37525.0,37525.0,0,0,1,38.0
939,-468,MNK,MNKM25,H1,2025-05-09 20:00:00,1746820800,37530.0,37535.0,37525.0,37535.0,0,0,7,38.0
940,-467,MNK,MNKM25,H1,2025-05-11 22:00:00,1747000800,37775.0,38000.0,37775.0,37900.0,0,0,15,37.0
941,-466,MNK,MNKM25,H1,2025-05-11 23:00:00,1747004400,37940.0,37945.0,37885.0,37885.0,0,0,11,36.0
942,-465,MNK,MNKM25,H1,2025-05-12 00:00:00,1747008000,37795.0,37795.0,37665.0,37665.0,0,0,10,36.0
943,-464,MNK,MNKM25,H1,2025-05-12 01:00:00,1747011600,37695.0,37730.0,37680.0,37680.0,0,0,6,35.0
944,-463,MNK,MNKM25,H1,2025-05-12 02:00:00,1747015200,37630.0,37630.0,37620.0,37620.0,0,0,3,35.0
945,-462,MNK,MNKM25,H1,2025-05-12 03:00:00,1747018800,37600.0,37600.0,37525.0,37545.0,0,0,44,35.0
946,-461,MNK,MNKM25,H1,2025-05-12 04:00:00,1747022400,37530.0,37665.0,37530.0,37665.0,0,0,72,36.0
947,-460,MNK,MNKM25,H1,2025-05-12 05:00:00,1747026000,37675.0,37745.0,37675.0,37740.0,0,0,25,36.0
948,-459,MNK,MNKM25,H1,2025-05-12 06:00:00,1747029600,37725.0,37755.0,37705.0,37730.0,0,0,62,37.0
949,-458,MNK,MNKM25,H1,2025-05-12 07:00:00,1747033200,37775.0,38395.0,37775.0,38285.0,0,0,75,35.0
950,-457,MNK,MNKM25,H1,2025-05-12 08:00:00,1747036800,38305.0,38385.0,38225.0,38385.0,0,0,79,35.0
951,-456,MNK,MNKM25,H1,2025-05-12 09:00:00,1747040400,38420.0,38500.0,38410.0,38500.0,0,0,18,35.0
952,-455,MNK,MNKM25,H1,2025-05-12 10:00:00,1747044000,38540.0,38605.0,38500.0,38605.0,0,0,20,36.0
953,-454,MNK,MNKM25,H1,2025-05-12 11:00:00,1747047600,38650.0,38650.0,38530.0,38530.0,0,0,13,36.0
954,-453,MNK,MNKM25,H1,2025-05-12 12:00:00,1747051200,38605.0,38605.0,38605.0,38605.0,0,0,2,35.0
955,-452,MNK,MNKM25,H1,2025-05-12 13:00:00,1747054800,38540.0,38545.0,38455.0,38455.0,0,0,29,36.0
956,-451,MNK,MNKM25,H1,2025-05-12 14:00:00,1747058400,38600.0,38670.0,38505.0,38670.0,0,0,43,36.0
957,-450,MNK,MNKM25,H1,2025-05-12 15:00:00,1747062000,38585.0,38670.0,38585.0,38670.0,0,0,4,36.0
958,-449,MNK,MNKM25,H1,2025-05-12 16:00:00,1747065600,38640.0,38760.0,38640.0,38760.0,0,0,37,36.0
959,-448,MNK,MNKM25,H1,2025-05-12 17:00:00,1747069200,38825.0,38835.0,38815.0,38820.0,0,0,9,36.0
960,-447,MNK,MNKM25,H1,2025-05-12 18:00:00,1747072800,38835.0,38835.0,38820.0,38820.0,0,0,2,36.0
961,-446,MNK,MNKM25,H1,2025-05-12 19:00:00,1747076400,38795.0,38815.0,38795.0,38805.0,0,0,4,35.0
962,-445,MNK,MNKM25,H1,2025-05-12 20:00:00,1747080000,38820.0,38820.0,38785.0,38795.0,0,0,5,35.0
963,-444,MNK,MNKM25,H1,2025-05-12 22:00:00,1747087200,38775.0,38775.0,38775.0,38775.0,0,0,1,35.0
964,-443,MNK,MNKM25,H1,2025-05-12 23:00:00,1747090800,38800.0,38800.0,38665.0,38665.0,0,0,18,35.0
965,-442,MNK,MNKM25,H1,2025-05-13 00:00:00,1747094400,38600.0,38600.0,38420.0,38450.0,0,0,31,35.0
966,-441,MNK,MNKM25,H1,2025-05-13 01:00:00,1747098000,38410.0,38445.0,38355.0,38360.0,0,0,28,34.0
967,-440,MNK,MNKM25,H1,2025-05-13 02:00:00,1747101600,38360.0,38360.0,38330.0,38350.0,0,0,7,33.0
968,-439,MNK,MNKM25,H1,2025-05-13 03:00:00,1747105200,38345.0,38365.0,38345.0,38345.0,0,0,5,33.0
969,-438,MNK,MNKM25,H1,2025-05-13 04:00:00,1747108800,38435.0,38435.0,38435.0,38435.0,0,0,1,33.0
970,-437,MNK,MNKM25,H1,2025-05-13 05:00:00,1747112400,38395.0,38395.0,38360.0,38390.0,0,0,39,33.0
971,-436,MNK,MNKM25,H1,2025-05-13 06:00:00,1747116000,38395.0,38395.0,38250.0,38250.0,0,0,13,33.0
972,-435,MNK,MNKM25,H1,2025-05-13 07:00:00,1747119600,38245.0,38300.0,38220.0,38300.0,0,0,4,33.0
973,-434,MNK,MNKM25,H1,2025-05-13 08:00:00,1747123200,38235.0,38235.0,38100.0,38100.0,0,0,4,32.0
974,-433,MNK,MNKM25,H1,2025-05-13 09:00:00,1747126800,38135.0,38160.0,38125.0,38155.0,0,0,23,32.0
975,-432,MNK,MNKM25,H1,2025-05-13 10:00:00,1747130400,38190.0,38190.0,38190.0,38190.0,0,0,1,32.0
976,-431,MNK,MNKM25,H1,2025-05-13 11:00:00,1747134000,38160.0,38170.0,38155.0,38170.0,0,0,10,32.0
977,-430,MNK,MNKM25,H1,2025-05-13 12:00:00,1747137600,38230.0,38295.0,38195.0,38280.0,0,0,32,33.0
978,-429,MNK,MNKM25,H1,2025-05-13 13:00:00,1747141200,38255.0,38370.0,38225.0,38370.0,0,0,16,33.0
979,-428,MNK,MNKM25,H1,2025-05-13 14:00:00,1747144800,38360.0,38455.0,38360.0,38400.0,0,0,19,33.0
980,-427,MNK,MNKM25,H1,2025-05-13 15:00:00,1747148400,38425.0,38485.0,38425.0,38440.0,0,0,5,32.0
981,-426,MNK,MNKM25,H1,2025-05-13 16:00:00,1747152000,38415.0,38480.0,38415.0,38480.0,0,0,3,32.0
982,-425,MNK,MNKM25,H1,2025-05-13 17:00:00,1747155600,38510.0,38530.0,38505.0,38505.0,0,0,3,30.0
983,-424,MNK,MNKM25,H1,2025-05-13 18:00:00,1747159200,38480.0,38490.0,38480.0,38490.0,0,0,30,30.0
984,-423,MNK,MNKM25,H1,2025-05-13 19:00:00,1747162800,38515.0,38515.0,38395.0,38395.0,0,0,20,30.0
985,-422,MNK,MNKM25,H1,2025-05-13 20:00:00,1747166400,38410.0,38410.0,38360.0,38360.0,0,0,4,26.0
986,-421,MNK,MNKM25,H1,2025-05-13 22:00:00,1747173600,38355.0,38355.0,38350.0,38350.0,0,0,2,26.0
987,-420,MNK,MNKM25,H1,2025-05-14 00:00:00,1747180800,38350.0,38350.0,38150.0,38150.0,0,0,29,26.0
988,-419,MNK,MNKM25,H1,2025-05-14 01:00:00,1747184400,38080.0,38080.0,37960.0,38015.0,0,0,20,26.0
989,-418,MNK,MNKM25,H1,2025-05-14 02:00:00,1747188000,37985.0,37985.0,37925.0,37925.0,0,0,10,23.0
990,-417,MNK,MNKM25,H1,2025-05-14 03:00:00,1747191600,37910.0,37990.0,37910.0,37990.0,0,0,14,23.0
991,-416,MNK,MNKM25,H1,2025-05-14 04:00:00,1747195200,38090.0,38090.0,38090.0,38090.0,0,0,1,23.0
992,-415,MNK,MNKM25,H1,2025-05-14 05:00:00,1747198800,38125.0,38195.0,38105.0,38195.0,0,0,3,23.0
993,-414,MNK,MNKM25,H1,2025-05-14 06:00:00,1747202400,38185.0,38185.0,38175.0,38180.0,0,0,7,22.0
994,-413,MNK,MNKM25,H1,2025-05-14 07:00:00,1747206000,38290.0,38290.0,38210.0,38210.0,0,0,2,22.0
995,-412,MNK,MNKM25,H1,2025-05-14 08:00:00,1747209600,38180.0,38180.0,38115.0,38155.0,0,0,14,22.0
996,-411,MNK,MNKM25,H1,2025-05-14 09:00:00,1747213200,37980.0,37990.0,37950.0,37970.0,0,0,27,22.0
997,-410,MNK,MNKM25,H1,2025-05-14 10:00:00,1747216800,37965.0,38015.0,37965.0,38015.0,0,0,46,22.0
998,-409,MNK,MNKM25,H1,2025-05-14 11:00:00,1747220400,38045.0,38045.0,38035.0,38035.0,0,0,3,22.0
999,-408,MNK,MNKM25,H1,2025-05-14 12:00:00,1747224000,38090.0,38100.0,38050.0,38050.0,0,0,3,21.0
1000,-407,MNK,MNKM25,H1,2025-05-14 13:00:00,1747227600,38065.0,38065.0,37850.0,37850.0,0,0,12,21.0
1001,-406,MNK,MNKM25,H1,2025-05-14 14:00:00,1747231200,37900.0,37905.0,37790.0,37815.0,0,0,68,22.0
1002,-405,MNK,MNKM25,H1,2025-05-14 15:00:00,1747234800,37785.0,37785.0,37740.0,37765.0,0,0,5,22.0
1003,-404,MNK,MNKM25,H1,2025-05-14 16:00:00,1747238400,37770.0,37780.0,37760.0,37760.0,0,0,30,21.0
1004,-403,MNK,MNKM25,H1,2025-05-14 17:00:00,1747242000,37705.0,37730.0,37695.0,37730.0,0,0,29,20.0
1005,-402,MNK,MNKM25,H1,2025-05-14 18:00:00,1747245600,37735.0,37755.0,37720.0,37725.0,0,0,78,21.0
1006,-401,MNK,MNKM25,H1,2025-05-14 19:00:00,1747249200,37740.0,37760.0,37740.0,37760.0,0,0,14,21.0
1007,-400,MNK,MNKM25,H1,2025-05-14 20:00:00,1747252800,37765.0,37765.0,37715.0,37715.0,0,0,2,20.0
1008,-399,MNK,MNKM25,H1,2025-05-14 22:00:00,1747260000,37655.0,37680.0,37650.0,37680.0,4,5,4,20.0
1009,-398,MNK,MNKM25,H1,2025-05-14 23:00:00,1747263600,37730.0,37825.0,37730.0,37825.0,3,5,4,19.0
1010,-397,MNK,MNKM25,H1,2025-05-15 00:00:00,1747267200,37835.0,37910.0,37790.0,37835.0,11,5,11,19.0
1011,-396,MNK,MNKM25,H1,2025-05-15 01:00:00,1747270800,37820.0,37855.0,37730.0,37730.0,10,5,50,19.0
1012,-395,MNK,MNKM25,H1,2025-05-15 02:00:00,1747274400,37770.0,37770.0,37770.0,37770.0,5,5,7,19.0
1013,-394,MNK,MNKM25,H1,2025-05-15 03:00:00,1747278000,37780.0,37780.0,37780.0,37780.0,1,10,1,19.0
1014,-393,MNK,MNKM25,H1,2025-05-15 04:00:00,1747281600,37780.0,37780.0,37780.0,37780.0,1,15,1,19.0
1015,-392,MNK,MNKM25,H1,2025-05-15 06:00:00,1747288800,37870.0,37870.0,37805.0,37810.0,10,5,21,19.0
1016,-391,MNK,MNKM25,H1,2025-05-15 07:00:00,1747292400,37740.0,37740.0,37715.0,37715.0,3,5,4,19.0
1017,-390,MNK,MNKM25,H1,2025-05-15 08:00:00,1747296000,37705.0,37705.0,37695.0,37695.0,2,5,8,19.0
1018,-389,MNK,MNKM25,H1,2025-05-15 10:00:00,1747303200,37710.0,37710.0,37675.0,37675.0,3,5,5,18.0
1019,-388,MNK,MNKM25,H1,2025-05-15 11:00:00,1747306800,37760.0,37760.0,37755.0,37755.0,3,10,6,18.0
1020,-387,MNK,MNKM25,H1,2025-05-15 14:00:00,1747317600,37720.0,37720.0,37715.0,37720.0,3,10,5,17.0
1021,-386,MNK,MNKM25,H1,2025-05-15 15:00:00,1747321200,37805.0,37855.0,37805.0,37820.0,4,10,22,16.0
1022,-385,MNK,MNKM25,H1,2025-05-15 16:00:00,1747324800,37845.0,37865.0,37845.0,37865.0,2,10,2,15.0
1023,-384,MNK,MNKM25,H1,2025-05-15 17:00:00,1747328400,37870.0,37895.0,37820.0,37820.0,5,15,5,15.0
1024,-383,MNK,MNKM25,H1,2025-05-15 18:00:00,1747332000,37825.0,37825.0,37790.0,37790.0,2,20,2,14.0
1025,-382,MNK,MNKM25,H1,2025-05-15 19:00:00,1747335600,37755.0,37810.0,37725.0,37780.0,8,5,20,15.0
1026,-381,MNK,MNKM25,H1,2025-05-15 20:00:00,1747339200,37825.0,37825.0,37825.0,37825.0,1,35,1,15.0
1027,-380,MNK,MNKM25,H1,2025-05-15 22:00:00,1747346400,37845.0,37845.0,37805.0,37805.0,4,5,5,14.0
1028,-379,MNK,MNKM25,H1,2025-05-15 23:00:00,1747350000,37790.0,37860.0,37780.0,37860.0,5,5,6,14.0
1029,-378,MNK,MNKM25,H1,2025-05-16 00:00:00,1747353600,37745.0,37745.0,37595.0,37605.0,8,5,18,14.0
1030,-377,MNK,MNKM25,H1,2025-05-16 01:00:00,1747357200,37575.0,37655.0,37545.0,37625.0,6,5,6,13.0
1031,-376,MNK,MNKM25,H1,2025-05-16 02:00:00,1747360800,37600.0,37760.0,37600.0,37760.0,8,5,8,13.0
1032,-375,MNK,MNKM25,H1,2025-05-16 03:00:00,1747364400,37675.0,37675.0,37675.0,37675.0,1,10,1,13.0
1033,-374,MNK,MNKM25,H1,2025-05-16 04:00:00,1747368000,37760.0,37830.0,37760.0,37830.0,3,20,4,13.0
1034,-373,MNK,MNKM25,H1,2025-05-16 05:00:00,1747371600,37795.0,37795.0,37770.0,37780.0,4,10,4,13.0
1035,-372,MNK,MNKM25,H1,2025-05-16 06:00:00,1747375200,37800.0,37825.0,37800.0,37805.0,8,10,16,14.0
1036,-371,MNK,MNKM25,H1,2025-05-16 07:00:00,1747378800,37810.0,37810.0,37810.0,37810.0,1,10,1,13.0
1037,-370,MNK,MNKM25,H1,2025-05-16 08:00:00,1747382400,37895.0,37915.0,37895.0,37910.0,7,5,10,13.0
1038,-369,MNK,MNKM25,H1,2025-05-16 10:00:00,1747389600,37885.0,37965.0,37885.0,37965.0,6,5,6,13.0
1039,-368,MNK,MNKM25,H1,2025-05-16 11:00:00,1747393200,37955.0,37955.0,37950.0,37950.0,7,5,27,13.0
1040,-367,MNK,MNKM25,H1,2025-05-16 12:00:00,1747396800,37950.0,37950.0,37855.0,37855.0,6,5,9,13.0
1041,-366,MNK,MNKM25,H1,2025-05-16 13:00:00,1747400400,37835.0,37870.0,37835.0,37850.0,4,5,7,13.0
1042,-365,MNK,MNKM25,H1,2025-05-16 14:00:00,1747404000,37850.0,37930.0,37780.0,37895.0,23,10,85,14.0
1043,-364,MNK,MNKM25,H1,2025-05-16 15:00:00,1747407600,37945.0,37945.0,37945.0,37945.0,1,20,1,14.0
1044,-363,MNK,MNKM25,H1,2025-05-16 18:00:00,1747418400,37990.0,38005.0,37985.0,37985.0,3,15,3,14.0
1045,-362,MNK,MNKM25,H1,2025-05-16 19:00:00,1747422000,38015.0,38035.0,38000.0,38035.0,5,5,11,14.0
1046,-361,MNK,MNKM25,H1,2025-05-16 20:00:00,1747425600,38010.0,38010.0,37865.0,37885.0,4,15,8,14.0
1047,-360,MNK,MNKM25,H1,2025-05-18 22:00:00,1747605600,37765.0,37765.0,37685.0,37715.0,6,15,6,14.0
1048,-359,MNK,MNKM25,H1,2025-05-18 23:00:00,1747609200,37695.0,37695.0,37630.0,37660.0,17,5,46,14.0
1049,-358,MNK,MNKM25,H1,2025-05-19 00:00:00,1747612800,37665.0,37680.0,37565.0,37610.0,21,5,88,15.0
1050,-357,MNK,MNKM25,H1,2025-05-19 01:00:00,1747616400,37640.0,37700.0,37640.0,37700.0,5,5,15,15.0
1051,-356,MNK,MNKM25,H1,2025-05-19 02:00:00,1747620000,37585.0,37675.0,37580.0,37675.0,4,5,4,15.0
1052,-355,MNK,MNKM25,H1,2025-05-19 03:00:00,1747623600,37625.0,37625.0,37495.0,37495.0,10,5,21,15.0
1053,-354,MNK,MNKM25,H1,2025-05-19 04:00:00,1747627200,37520.0,37520.0,37520.0,37520.0,1,15,1,15.0
1054,-353,MNK,MNKM25,H1,2025-05-19 05:00:00,1747630800,37520.0,37520.0,37520.0,37520.0,1,10,10,15.0
1055,-352,MNK,MNKM25,H1,2025-05-19 06:00:00,1747634400,37545.0,37550.0,37465.0,37475.0,9,5,9,15.0
1056,-351,MNK,MNKM25,H1,2025-05-19 07:00:00,1747638000,37475.0,37475.0,37475.0,37475.0,1,15,1,14.0
1057,-350,MNK,MNKM25,H1,2025-05-19 09:00:00,1747645200,37365.0,37365.0,37365.0,37365.0,1,5,1,14.0
1058,-349,MNK,MNKM25,H1,2025-05-19 10:00:00,1747648800,37320.0,37335.0,37290.0,37335.0,9,5,16,15.0
1059,-348,MNK,MNKM25,H1,2025-05-19 11:00:00,1747652400,37365.0,37375.0,37365.0,37375.0,3,5,5,14.0
1060,-347,MNK,MNKM25,H1,2025-05-19 12:00:00,1747656000,37355.0,37355.0,37330.0,37330.0,2,5,2,14.0
1061,-346,MNK,MNKM25,H1,2025-05-19 13:00:00,1747659600,37340.0,37425.0,37295.0,37425.0,12,5,50,15.0
1062,-345,MNK,MNKM25,H1,2025-05-19 14:00:00,1747663200,37550.0,37585.0,37480.0,37480.0,16,5,71,15.0
1063,-344,MNK,MNKM25,H1,2025-05-19 15:00:00,1747666800,37480.0,37525.0,37465.0,37525.0,6,5,6,15.0
1064,-343,MNK,MNKM25,H1,2025-05-19 16:00:00,1747670400,37570.0,37570.0,37570.0,37570.0,1,5,1,15.0
1065,-342,MNK,MNKM25,H1,2025-05-19 17:00:00,1747674000,37635.0,37635.0,37625.0,37625.0,8,5,32,16.0
1066,-341,MNK,MNKM25,H1,2025-05-19 18:00:00,1747677600,37555.0,37555.0,37540.0,37540.0,4,10,22,16.0
1067,-340,MNK,MNKM25,H1,2025-05-19 19:00:00,1747681200,37520.0,37630.0,37520.0,37630.0,3,5,11,16.0
1068,-339,MNK,MNKM25,H1,2025-05-19 20:00:00,1747684800,37620.0,37620.0,37605.0,37605.0,5,5,6,16.0
1069,-338,MNK,MNKM25,H1,2025-05-19 23:00:00,1747695600,37715.0,37770.0,37700.0,37770.0,7,10,34,16.0
1070,-337,MNK,MNKM25,H1,2025-05-20 00:00:00,1747699200,37795.0,37965.0,37785.0,37900.0,30,5,108,17.0
1071,-336,MNK,MNKM25,H1,2025-05-20 01:00:00,1747702800,37755.0,37775.0,37715.0,37755.0,5,10,23,17.0
1072,-335,MNK,MNKM25,H1,2025-05-20 03:00:00,1747710000,37710.0,37710.0,37670.0,37700.0,12,5,47,18.0
1073,-334,MNK,MNKM25,H1,2025-05-20 04:00:00,1747713600,37650.0,37650.0,37650.0,37650.0,1,15,1,17.0
1074,-333,MNK,MNKM25,H1,2025-05-20 05:00:00,1747717200,37700.0,37700.0,37540.0,37540.0,5,5,5,17.0
1075,-332,MNK,MNKM25,H1,2025-05-20 06:00:00,1747720800,37510.0,37555.0,37510.0,37555.0,8,10,48,17.0
1076,-331,MNK,MNKM25,H1,2025-05-20 07:00:00,1747724400,37455.0,37455.0,37440.0,37440.0,2,5,2,17.0
1077,-330,MNK,MNKM25,H1,2025-05-20 08:00:00,1747728000,37485.0,37490.0,37485.0,37490.0,5,10,32,16.0
1078,-329,MNK,MNKM25,H1,2025-05-20 09:00:00,1747731600,37540.0,37540.0,37540.0,37540.0,1,10,1,16.0
1079,-328,MNK,MNKM25,H1,2025-05-20 10:00:00,1747735200,37530.0,37570.0,37530.0,37550.0,9,5,10,16.0
1080,-327,MNK,MNKM25,H1,2025-05-20 11:00:00,1747738800,37625.0,37625.0,37625.0,37625.0,1,5,4,16.0
1081,-326,MNK,MNKM25,H1,2025-05-20 13:00:00,1747746000,37640.0,37650.0,37640.0,37650.0,2,5,2,16.0
1082,-325,MNK,MNKM25,H1,2025-05-20 14:00:00,1747749600,37635.0,37635.0,37600.0,37625.0,7,5,12,16.0
1083,-324,MNK,MNKM25,H1,2025-05-20 15:00:00,1747753200,37595.0,37610.0,37580.0,37610.0,7,5,9,15.0
1084,-323,MNK,MNKM25,H1,2025-05-20 16:00:00,1747756800,37660.0,37700.0,37660.0,37700.0,4,10,13,15.0
1085,-322,MNK,MNKM25,H1,2025-05-20 17:00:00,1747760400,37675.0,37675.0,37655.0,37655.0,3,15,3,16.0
1086,-321,MNK,MNKM25,H1,2025-05-20 18:00:00,1747764000,37560.0,37580.0,37525.0,37525.0,3,10,3,16.0
1087,-320,MNK,MNKM25,H1,2025-05-20 19:00:00,1747767600,37510.0,37655.0,37510.0,37645.0,3,5,4,15.0
1088,-319,MNK,MNKM25,H1,2025-05-20 20:00:00,1747771200,37640.0,37640.0,37640.0,37640.0,4,5,6,15.0
1089,-318,MNK,MNKM25,H1,2025-05-20 22:00:00,1747778400,37545.0,37545.0,37545.0,37545.0,1,5,1,15.0
1090,-317,MNK,MNKM25,H1,2025-05-20 23:00:00,1747782000,37600.0,37650.0,37600.0,37650.0,4,10,13,15.0
1091,-316,MNK,MNKM25,H1,2025-05-21 00:00:00,1747785600,37685.0,37695.0,37530.0,37545.0,36,5,145,17.0
1092,-315,MNK,MNKM25,H1,2025-05-21 01:00:00,1747789200,37480.0,37510.0,37480.0,37490.0,3,5,3,17.0
1093,-314,MNK,MNKM25,H1,2025-05-21 02:00:00,1747792800,37510.0,37510.0,37490.0,37490.0,2,5,2,17.0
1094,-313,MNK,MNKM25,H1,2025-05-21 03:00:00,1747796400,37455.0,37455.0,37455.0,37455.0,1,15,1,17.0
1095,-312,MNK,MNKM25,H1,2025-05-21 04:00:00,1747800000,37480.0,37480.0,37430.0,37430.0,3,10,4,17.0
1096,-311,MNK,MNKM25,H1,2025-05-21 05:00:00,1747803600,37440.0,37450.0,37385.0,37385.0,4,10,24,17.0
1097,-310,MNK,MNKM25,H1,2025-05-21 06:00:00,1747807200,37360.0,37385.0,37300.0,37300.0,10,5,14,17.0
1098,-309,MNK,MNKM25,H1,2025-05-21 07:00:00,1747810800,37305.0,37305.0,37305.0,37305.0,1,20,1,17.0
1099,-308,MNK,MNKM25,H1,2025-05-21 09:00:00,1747818000,37290.0,37290.0,37290.0,37290.0,1,10,1,17.0
1100,-307,MNK,MNKM25,H1,2025-05-21 10:00:00,1747821600,37250.0,37250.0,37245.0,37245.0,2,5,2,17.0
1101,-306,MNK,MNKM25,H1,2025-05-21 12:00:00,1747828800,37240.0,37240.0,37195.0,37195.0,4,5,5,17.0
1102,-305,MNK,MNKM25,H1,2025-05-21 13:00:00,1747832400,37190.0,37300.0,37185.0,37280.0,12,10,40,17.0
1103,-304,MNK,MNKM25,H1,2025-05-21 14:00:00,1747836000,37285.0,37330.0,37230.0,37295.0,26,5,111,19.0
1104,-303,MNK,MNKM25,H1,2025-05-21 15:00:00,1747839600,37350.0,37350.0,37330.0,37335.0,11,5,23,19.0
1105,-302,MNK,MNKM25,H1,2025-05-21 16:00:00,1747843200,37365.0,37380.0,37365.0,37380.0,5,10,7,19.0
1106,-301,MNK,MNKM25,H1,2025-05-21 17:00:00,1747846800,37300.0,37300.0,36895.0,37110.0,22,5,67,20.0
1107,-300,MNK,MNKM25,H1,2025-05-21 18:00:00,1747850400,37080.0,37080.0,36990.0,36990.0,3,5,4,20.0
1108,-299,MNK,MNKM25,H1,2025-05-21 19:00:00,1747854000,36920.0,37005.0,36920.0,37000.0,10,5,19,20.0
1109,-298,MNK,MNKM25,H1,2025-05-21 20:00:00,1747857600,36935.0,36935.0,36865.0,36875.0,8,5,28,20.0
1110,-297,MNK,MNKM25,H1,2025-05-21 22:00:00,1747864800,36920.0,36960.0,36920.0,36960.0,4,5,31,21.0
1111,-296,MNK,MNKM25,H1,2025-05-22 00:00:00,1747872000,37050.0,37105.0,37025.0,37105.0,8,5,32,21.0
1112,-295,MNK,MNKM25,H1,2025-05-22 01:00:00,1747875600,37115.0,37115.0,37115.0,37115.0,1,20,1,21.0
1113,-294,MNK,MNKM25,H1,2025-05-22 02:00:00,1747879200,36950.0,36950.0,36950.0,36950.0,1,5,1,21.0
1114,-293,MNK,MNKM25,H1,2025-05-22 03:00:00,1747882800,36965.0,36975.0,36930.0,36930.0,3,20,3,19.0
1115,-292,MNK,MNKM25,H1,2025-05-22 04:00:00,1747886400,36925.0,36925.0,36925.0,36925.0,1,20,1,19.0
1116,-291,MNK,MNKM25,H1,2025-05-22 05:00:00,1747890000,36985.0,37060.0,36985.0,37050.0,12,5,84,21.0
1117,-290,MNK,MNKM25,H1,2025-05-22 06:00:00,1747893600,37045.0,37045.0,36990.0,36990.0,5,5,14,21.0
1118,-289,MNK,MNKM25,H1,2025-05-22 07:00:00,1747897200,36975.0,36975.0,36965.0,36975.0,4,5,4,21.0
1119,-288,MNK,MNKM25,H1,2025-05-22 08:00:00,1747900800,36935.0,36970.0,36935.0,36970.0,2,5,2,20.0
1120,-287,MNK,MNKM25,H1,2025-05-22 09:00:00,1747904400,36985.0,36985.0,36940.0,36950.0,5,5,11,20.0
1121,-286,MNK,MNKM25,H1,2025-05-22 10:00:00,1747908000,36905.0,36950.0,36905.0,36950.0,2,20,2,19.0
1122,-285,MNK,MNKM25,H1,2025-05-22 11:00:00,1747911600,36955.0,36955.0,36790.0,36790.0,12,5,23,19.0
1123,-284,MNK,MNKM25,H1,2025-05-22 12:00:00,1747915200,36780.0,36810.0,36750.0,36750.0,10,5,10,19.0
1124,-283,MNK,MNKM25,H1,2025-05-22 13:00:00,1747918800,36870.0,37020.0,36865.0,37020.0,19,5,94,20.0
1125,-282,MNK,MNKM25,H1,2025-05-22 14:00:00,1747922400,37040.0,37040.0,37040.0,37040.0,1,10,3,20.0
1126,-281,MNK,MNKM25,H1,2025-05-22 15:00:00,1747926000,37090.0,37100.0,37090.0,37100.0,3,10,7,20.0
1127,-280,MNK,MNKM25,H1,2025-05-22 16:00:00,1747929600,37095.0,37095.0,37095.0,37095.0,1,10,1,20.0
1128,-279,MNK,MNKM25,H1,2025-05-22 17:00:00,1747933200,37220.0,37230.0,37220.0,37230.0,2,10,2,20.0
1129,-278,MNK,MNKM25,H1,2025-05-22 18:00:00,1747936800,37205.0,37210.0,37205.0,37210.0,3,5,21,20.0
1130,-277,MNK,MNKM25,H1,2025-05-22 19:00:00,1747940400,37220.0,37240.0,37090.0,37090.0,18,5,48,21.0
1131,-276,MNK,MNKM25,H1,2025-05-22 20:00:00,1747944000,37095.0,37130.0,37080.0,37130.0,6,5,6,21.0
1132,-275,MNK,MNKM25,H1,2025-05-22 23:00:00,1747954800,37065.0,37145.0,37065.0,37145.0,3,5,4,21.0
1133,-274,MNK,MNKM25,H1,2025-05-23 00:00:00,1747958400,37190.0,37325.0,37190.0,37320.0,12,5,13,20.0
1134,-273,MNK,MNKM25,H1,2025-05-23 01:00:00,1747962000,37350.0,37400.0,37350.0,37390.0,6,5,6,19.0
1135,-272,MNK,MNKM25,H1,2025-05-23 03:00:00,1747969200,37295.0,37295.0,37295.0,37295.0,1,15,1,19.0
1136,-271,MNK,MNKM25,H1,2025-05-23 04:00:00,1747972800,37190.0,37190.0,37160.0,37180.0,5,5,5,19.0
1137,-270,MNK,MNKM25,H1,2025-05-23 05:00:00,1747976400,37225.0,37225.0,37225.0,37225.0,2,5,11,19.0
1138,-269,MNK,MNKM25,H1,2025-05-23 06:00:00,1747980000,37165.0,37185.0,37145.0,37180.0,5,5,15,19.0
1139,-268,MNK,MNKM25,H1,2025-05-23 07:00:00,1747983600,37290.0,37290.0,37290.0,37290.0,1,10,2,19.0
1140,-267,MNK,MNKM25,H1,2025-05-23 09:00:00,1747990800,37220.0,37220.0,37220.0,37220.0,1,5,2,19.0
1141,-266,MNK,MNKM25,H1,2025-05-23 11:00:00,1747998000,37195.0,37195.0,36640.0,36640.0,88,5,260,22.0
1142,-265,MNK,MNKM25,H1,2025-05-23 12:00:00,1748001600,36650.0,36690.0,36545.0,36635.0,32,5,65,21.0
1143,-264,MNK,MNKM25,H1,2025-05-23 13:00:00,1748005200,36570.0,36755.0,36515.0,36725.0,41,5,164,23.0
1144,-263,MNK,MNKM25,H1,2025-05-23 14:00:00,1748008800,36755.0,36805.0,36725.0,36800.0,36,5,78,24.0
1145,-262,MNK,MNKM25,H1,2025-05-23 15:00:00,1748012400,36780.0,36850.0,36745.0,36835.0,14,5,21,24.0
1146,-261,MNK,MNKM25,H1,2025-05-23 16:00:00,1748016000,36850.0,36860.0,36820.0,36860.0,16,5,95,25.0
1147,-260,MNK,MNKM25,H1,2025-05-23 17:00:00,1748019600,36885.0,36950.0,36880.0,36950.0,5,5,14,25.0
1148,-259,MNK,MNKM25,H1,2025-05-23 18:00:00,1748023200,36950.0,36970.0,36880.0,36880.0,4,10,8,25.0
1149,-258,MNK,MNKM25,H1,2025-05-23 19:00:00,1748026800,36870.0,36905.0,36860.0,36905.0,4,5,4,24.0
1150,-257,MNK,MNKM25,H1,2025-05-23 20:00:00,1748030400,36840.0,36865.0,36820.0,36865.0,3,10,6,24.0
1151,-256,MNK,MNKM25,H1,2025-05-25 22:00:00,1748210400,36980.0,37200.0,36980.0,37180.0,10,5,13,24.0
1152,-255,MNK,MNKM25,H1,2025-05-25 23:00:00,1748214000,37215.0,37275.0,37215.0,37240.0,7,5,16,25.0
1153,-254,MNK,MNKM25,H1,2025-05-26 00:00:00,1748217600,37250.0,37445.0,37250.0,37445.0,30,5,103,26.0
1154,-253,MNK,MNKM25,H1,2025-05-26 01:00:00,1748221200,37455.0,37530.0,37440.0,37460.0,20,5,67,27.0
1155,-252,MNK,MNKM25,H1,2025-05-26 02:00:00,1748224800,37430.0,37430.0,37345.0,37345.0,3,10,3,27.0
1156,-251,MNK,MNKM25,H1,2025-05-26 04:00:00,1748232000,37500.0,37520.0,37465.0,37500.0,12,10,49,27.0
1157,-250,MNK,MNKM25,H1,2025-05-26 05:00:00,1748235600,37500.0,37555.0,37500.0,37555.0,3,5,3,27.0
1158,-249,MNK,MNKM25,H1,2025-05-26 06:00:00,1748239200,37600.0,37635.0,37600.0,37625.0,6,5,11,27.0
1159,-248,MNK,MNKM25,H1,2025-05-26 07:00:00,1748242800,37610.0,37610.0,37575.0,37575.0,4,5,7,27.0
1160,-247,MNK,MNKM25,H1,2025-05-26 08:00:00,1748246400,37630.0,37630.0,37595.0,37595.0,4,5,13,27.0
1161,-246,MNK,MNKM25,H1,2025-05-26 11:00:00,1748257200,37660.0,37660.0,37660.0,37660.0,1,15,1,27.0
1162,-245,MNK,MNKM25,H1,2025-05-26 23:00:00,1748300400,37570.0,37570.0,37570.0,37570.0,1,20,1,27.0
1163,-244,MNK,MNKM25,H1,2025-05-27 00:00:00,1748304000,37520.0,37565.0,37475.0,37565.0,4,5,4,25.0
1164,-243,MNK,MNKM25,H1,2025-05-27 01:00:00,1748307600,37470.0,37470.0,37460.0,37460.0,3,5,7,25.0
1165,-242,MNK,MNKM25,H1,2025-05-27 03:00:00,1748314800,37475.0,37475.0,37475.0,37475.0,1,5,1,25.0
1166,-241,MNK,MNKM25,H1,2025-05-27 04:00:00,1748318400,37480.0,37535.0,37480.0,37535.0,7,5,8,25.0
1167,-240,MNK,MNKM25,H1,2025-05-27 05:00:00,1748322000,37550.0,37785.0,37550.0,37785.0,5,10,11,26.0
1168,-239,MNK,MNKM25,H1,2025-05-27 06:00:00,1748325600,37745.0,37850.0,37745.0,37850.0,3,5,3,25.0
1169,-238,MNK,MNKM25,H1,2025-05-27 07:00:00,1748329200,37885.0,37980.0,37870.0,37980.0,4,5,4,25.0
1170,-237,MNK,MNKM25,H1,2025-05-27 08:00:00,1748332800,37920.0,37930.0,37885.0,37885.0,4,5,6,25.0
1171,-236,MNK,MNKM25,H1,2025-05-27 09:00:00,1748336400,37955.0,37955.0,37920.0,37920.0,2,5,2,25.0
1172,-235,MNK,MNKM25,H1,2025-05-27 10:00:00,1748340000,38025.0,38040.0,38010.0,38040.0,11,5,29,26.0
1173,-234,MNK,MNKM25,H1,2025-05-27 11:00:00,1748343600,38020.0,38060.0,38020.0,38060.0,2,10,2,26.0
1174,-233,MNK,MNKM25,H1,2025-05-27 12:00:00,1748347200,38085.0,38115.0,38065.0,38115.0,13,5,33,25.0
1175,-232,MNK,MNKM25,H1,2025-05-27 13:00:00,1748350800,38145.0,38160.0,38065.0,38150.0,13,5,24,24.0
1176,-231,MNK,MNKM25,H1,2025-05-27 14:00:00,1748354400,38215.0,38250.0,38205.0,38225.0,6,5,6,24.0
1177,-230,MNK,MNKM25,H1,2025-05-27 15:00:00,1748358000,38220.0,38300.0,38210.0,38300.0,8,5,8,24.0
1178,-229,MNK,MNKM25,H1,2025-05-27 16:00:00,1748361600,38345.0,38385.0,38345.0,38380.0,4,5,6,23.0
1179,-228,MNK,MNKM25,H1,2025-05-27 17:00:00,1748365200,38375.0,38375.0,38375.0,38375.0,1,20,10,23.0
1180,-227,MNK,MNKM25,H1,2025-05-27 18:00:00,1748368800,38345.0,38345.0,38345.0,38345.0,1,20,1,23.0
1181,-226,MNK,MNKM25,H1,2025-05-27 19:00:00,1748372400,38360.0,38375.0,38345.0,38370.0,6,5,7,23.0
1182,-225,MNK,MNKM25,H1,2025-05-27 20:00:00,1748376000,38380.0,38380.0,38370.0,38370.0,2,10,4,22.0
1183,-224,MNK,MNKM25,H1,2025-05-27 22:00:00,1748383200,38330.0,38355.0,38330.0,38340.0,3,15,3,22.0
1184,-223,MNK,MNKM25,H1,2025-05-27 23:00:00,1748386800,38325.0,38325.0,38250.0,38300.0,8,5,27,22.0
1185,-222,MNK,MNKM25,H1,2025-05-28 00:00:00,1748390400,38160.0,38165.0,38010.0,38020.0,13,5,14,22.0
1186,-221,MNK,MNKM25,H1,2025-05-28 01:00:00,1748394000,38065.0,38065.0,37975.0,37985.0,10,5,10,23.0
1187,-220,MNK,MNKM25,H1,2025-05-28 02:00:00,1748397600,37970.0,38030.0,37950.0,38030.0,11,5,11,23.0
1188,-219,MNK,MNKM25,H1,2025-05-28 03:00:00,1748401200,38015.0,38015.0,37870.0,37870.0,17,10,23,22.0
1189,-218,MNK,MNKM25,H1,2025-05-28 04:00:00,1748404800,37875.0,37900.0,37805.0,37830.0,9,5,16,22.0
1190,-217,MNK,MNKM25,H1,2025-05-28 05:00:00,1748408400,37830.0,37885.0,37830.0,37870.0,7,5,15,22.0
1191,-216,MNK,MNKM25,H1,2025-05-28 06:00:00,1748412000,37815.0,37820.0,37755.0,37775.0,9,5,14,22.0
1192,-215,MNK,MNKM25,H1,2025-05-28 07:00:00,1748415600,37795.0,37840.0,37795.0,37820.0,6,5,36,23.0
1193,-214,MNK,MNKM25,H1,2025-05-28 08:00:00,1748419200,37785.0,37790.0,37700.0,37700.0,6,5,9,23.0
1194,-213,MNK,MNKM25,H1,2025-05-28 09:00:00,1748422800,37710.0,37725.0,37710.0,37725.0,2,15,2,22.0
1195,-212,MNK,MNKM25,H1,2025-05-28 12:00:00,1748433600,37860.0,37880.0,37860.0,37880.0,2,5,2,22.0
1196,-211,MNK,MNKM25,H1,2025-05-28 13:00:00,1748437200,37930.0,37930.0,37930.0,37930.0,1,5,1,21.0
1197,-210,MNK,MNKM25,H1,2025-05-28 14:00:00,1748440800,37895.0,37895.0,37895.0,37895.0,1,5,1,21.0
1198,-209,MNK,MNKM25,H1,2025-05-28 15:00:00,1748444400,37870.0,37920.0,37870.0,37920.0,2,5,5,21.0
1199,-208,MNK,MNKM25,H1,2025-05-28 18:00:00,1748455200,37905.0,37905.0,37860.0,37860.0,4,5,7,21.0
1200,-207,MNK,MNKM25,H1,2025-05-28 19:00:00,1748458800,37935.0,37935.0,37815.0,37895.0,11,5,38,21.0
1201,-206,MNK,MNKM25,H1,2025-05-28 20:00:00,1748462400,37880.0,37955.0,37850.0,37955.0,31,5,55,22.0
1202,-205,MNK,MNKM25,H1,2025-05-28 22:00:00,1748469600,37940.0,38045.0,37940.0,38025.0,6,10,6,21.0
1203,-204,MNK,MNKM25,H1,2025-05-28 23:00:00,1748473200,38050.0,38380.0,38050.0,38200.0,28,5,31,22.0
1204,-203,MNK,MNKM25,H1,2025-05-29 00:00:00,1748476800,38215.0,38350.0,38155.0,38345.0,39,5,104,23.0
1205,-202,MNK,MNKM25,H1,2025-05-29 01:00:00,1748480400,38345.0,38410.0,38200.0,38410.0,20,5,49,24.0
1206,-201,MNK,MNKM25,H1,2025-05-29 02:00:00,1748484000,38315.0,38395.0,38315.0,38385.0,4,10,4,24.0
1207,-200,MNK,MNKM25,H1,2025-05-29 03:00:00,1748487600,38450.0,38450.0,38375.0,38375.0,2,20,4,24.0
1208,-199,MNK,MNKM25,H1,2025-05-29 04:00:00,1748491200,38305.0,38375.0,38305.0,38375.0,2,10,2,24.0
1209,-198,MNK,MNKM25,H1,2025-05-29 05:00:00,1748494800,38390.0,38450.0,38390.0,38450.0,2,15,2,23.0
1210,-197,MNK,MNKM25,H1,2025-05-29 06:00:00,1748498400,38450.0,38450.0,38445.0,38445.0,2,5,4,23.0
1211,-196,MNK,MNKM25,H1,2025-05-29 07:00:00,1748502000,38395.0,38395.0,38355.0,38355.0,3,10,15,23.0
1212,-195,MNK,MNKM25,H1,2025-05-29 08:00:00,1748505600,38410.0,38410.0,38240.0,38245.0,4,5,5,24.0
1213,-194,MNK,MNKM25,H1,2025-05-29 09:00:00,1748509200,38240.0,38240.0,38240.0,38240.0,1,15,1,20.0
1214,-193,MNK,MNKM25,H1,2025-05-29 10:00:00,1748512800,38190.0,38190.0,38190.0,38190.0,1,15,2,19.0
1215,-192,MNK,MNKM25,H1,2025-05-29 11:00:00,1748516400,38115.0,38115.0,38115.0,38115.0,1,10,1,17.0
1216,-191,MNK,MNKM25,H1,2025-05-29 12:00:00,1748520000,38065.0,38140.0,38015.0,38015.0,4,5,19,16.0
1217,-190,MNK,MNKM25,H1,2025-05-29 13:00:00,1748523600,38040.0,38040.0,37855.0,37945.0,6,5,9,16.0
1218,-189,MNK,MNKM25,H1,2025-05-29 14:00:00,1748527200,37800.0,37880.0,37785.0,37880.0,8,5,26,15.0
1219,-188,MNK,MNKM25,H1,2025-05-29 15:00:00,1748530800,37905.0,37905.0,37900.0,37900.0,2,10,3,15.0
1220,-187,MNK,MNKM25,H1,2025-05-29 16:00:00,1748534400,37805.0,37915.0,37805.0,37915.0,9,5,9,15.0
1221,-186,MNK,MNKM25,H1,2025-05-29 18:00:00,1748541600,37910.0,37910.0,37910.0,37910.0,2,5,20,15.0
1222,-185,MNK,MNKM25,H1,2025-05-29 19:00:00,1748545200,37905.0,37945.0,37905.0,37945.0,5,5,10,15.0
1223,-184,MNK,MNKM25,H1,2025-05-29 20:00:00,1748548800,37940.0,37955.0,37940.0,37955.0,3,15,3,15.0
1224,-183,MNK,MNKM25,H1,2025-05-29 22:00:00,1748556000,37880.0,37885.0,37880.0,37885.0,2,10,2,15.0
1225,-182,MNK,MNKM25,H1,2025-05-29 23:00:00,1748559600,37850.0,37850.0,37850.0,37850.0,1,10,3,13.0
1226,-181,MNK,MNKM25,H1,2025-05-30 00:00:00,1748563200,37865.0,37880.0,37790.0,37860.0,7,5,8,12.0
1227,-180,MNK,MNKM25,H1,2025-05-30 01:00:00,1748566800,37825.0,37910.0,37795.0,37910.0,9,5,20,13.0
1228,-179,MNK,MNKM25,H1,2025-05-30 02:00:00,1748570400,37955.0,37955.0,37920.0,37920.0,4,5,5,12.0
1229,-178,MNK,MNKM25,H1,2025-05-30 03:00:00,1748574000,37930.0,37930.0,37930.0,37930.0,1,5,1,12.0
1230,-177,MNK,MNKM25,H1,2025-05-30 04:00:00,1748577600,37940.0,37940.0,37895.0,37895.0,2,15,11,12.0
1231,-176,MNK,MNKM25,H1,2025-05-30 05:00:00,1748581200,38045.0,38095.0,38045.0,38095.0,4,5,4,12.0
1232,-175,MNK,MNKM25,H1,2025-05-30 06:00:00,1748584800,38130.0,38130.0,37985.0,37985.0,5,5,6,12.0
1233,-174,MNK,MNKM25,H1,2025-05-30 07:00:00,1748588400,37990.0,37990.0,37990.0,37990.0,1,10,1,12.0
1234,-173,MNK,MNKM25,H1,2025-05-30 08:00:00,1748592000,38030.0,38040.0,38030.0,38040.0,2,15,3,12.0
1235,-172,MNK,MNKM25,H1,2025-05-30 10:00:00,1748599200,37905.0,37925.0,37905.0,37925.0,2,15,2,12.0
1236,-171,MNK,MNKM25,H1,2025-05-30 12:00:00,1748606400,37880.0,37880.0,37650.0,37755.0,53,5,111,13.0
1237,-170,MNK,MNKM25,H1,2025-05-30 13:00:00,1748610000,37795.0,37810.0,37710.0,37710.0,9,5,15,14.0
1238,-169,MNK,MNKM25,H1,2025-05-30 14:00:00,1748613600,37695.0,37800.0,37690.0,37800.0,9,5,33,14.0
1239,-168,MNK,MNKM25,H1,2025-05-30 15:00:00,1748617200,37770.0,37770.0,37710.0,37710.0,6,5,6,14.0
1240,-167,MNK,MNKM25,H1,2025-05-30 16:00:00,1748620800,37740.0,37740.0,37430.0,37455.0,25,5,76,15.0
1241,-166,MNK,MNKM25,H1,2025-05-30 17:00:00,1748624400,37500.0,37535.0,37500.0,37535.0,6,5,8,15.0
1242,-165,MNK,MNKM25,H1,2025-05-30 19:00:00,1748631600,37660.0,37790.0,37660.0,37755.0,10,10,12,15.0
1243,-164,MNK,MNKM25,H1,2025-05-30 20:00:00,1748635200,37745.0,37745.0,37690.0,37700.0,5,5,7,15.0
1244,-163,MNK,MNKM25,H1,2025-06-01 22:00:00,1748815200,37705.0,37705.0,37610.0,37620.0,10,5,21,15.0
1245,-162,MNK,MNKM25,H1,2025-06-01 23:00:00,1748818800,37595.0,37595.0,37595.0,37595.0,1,20,1,15.0
1246,-161,MNK,MNKM25,H1,2025-06-02 00:00:00,1748822400,37535.0,37565.0,37500.0,37505.0,6,10,27,15.0
1247,-160,MNK,MNKM25,H1,2025-06-02 01:00:00,1748826000,37540.0,37540.0,37445.0,37445.0,4,5,24,15.0
1248,-159,MNK,MNKM25,H1,2025-06-02 02:00:00,1748829600,37440.0,37465.0,37415.0,37415.0,6,5,7,15.0
1249,-158,MNK,MNKM25,H1,2025-06-02 03:00:00,1748833200,37365.0,37385.0,37350.0,37385.0,6,5,7,15.0
1250,-157,MNK,MNKM25,H1,2025-06-02 04:00:00,1748836800,37435.0,37435.0,37435.0,37435.0,1,5,2,15.0
1251,-156,MNK,MNKM25,H1,2025-06-02 05:00:00,1748840400,37480.0,37480.0,37470.0,37470.0,6,5,16,15.0
1252,-155,MNK,MNKM25,H1,2025-06-02 06:00:00,1748844000,37490.0,37500.0,37485.0,37500.0,3,5,4,15.0
1253,-154,MNK,MNKM25,H1,2025-06-02 07:00:00,1748847600,37475.0,37545.0,37475.0,37525.0,6,5,6,15.0
1254,-153,MNK,MNKM25,H1,2025-06-02 08:00:00,1748851200,37505.0,37550.0,37505.0,37505.0,8,10,16,15.0
1255,-152,MNK,MNKM25,H1,2025-06-02 09:00:00,1748854800,37460.0,37460.0,37460.0,37460.0,1,20,1,15.0
1256,-151,MNK,MNKM25,H1,2025-06-02 10:00:00,1748858400,37510.0,37510.0,37510.0,37510.0,1,5,1,15.0
1257,-150,MNK,MNKM25,H1,2025-06-02 12:00:00,1748865600,37515.0,37540.0,37515.0,37540.0,2,15,2,14.0
1258,-149,MNK,MNKM25,H1,2025-06-02 13:00:00,1748869200,37580.0,37580.0,37425.0,37425.0,2,15,2,14.0
1259,-148,MNK,MNKM25,H1,2025-06-02 14:00:00,1748872800,37325.0,37585.0,37325.0,37555.0,28,5,142,16.0
1260,-147,MNK,MNKM25,H1,2025-06-02 15:00:00,1748876400,37585.0,37590.0,37565.0,37565.0,26,5,101,17.0
1261,-146,MNK,MNKM25,H1,2025-06-02 16:00:00,1748880000,37640.0,37640.0,37640.0,37640.0,1,15,1,17.0
1262,-145,MNK,MNKM25,H1,2025-06-02 17:00:00,1748883600,37700.0,37700.0,37685.0,37685.0,2,10,3,17.0
1263,-144,MNK,MNKM25,H1,2025-06-02 18:00:00,1748887200,37700.0,37745.0,37700.0,37745.0,4,10,12,17.0
1264,-143,MNK,MNKM25,H1,2025-06-02 19:00:00,1748890800,37795.0,37825.0,37795.0,37825.0,4,5,7,16.0
3,-1596,MNK,MNKZ25,H1,2025-06-02 20:00:00,1748894400,37830.0,37830.0,37830.0,37830.0,0,0,0,0.0
1265,-142,MNK,MNKM25,H1,2025-06-02 23:00:00,1748905200,37745.0,37750.0,37685.0,37685.0,6,5,15,17.0
1266,-141,MNK,MNKM25,H1,2025-06-03 00:00:00,1748908800,37600.0,37640.0,37540.0,37565.0,4,5,6,17.0
1267,-140,MNK,MNKM25,H1,2025-06-03 01:00:00,1748912400,37640.0,37710.0,37640.0,37700.0,6,5,17,17.0
1268,-139,MNK,MNKM25,H1,2025-06-03 02:00:00,1748916000,37610.0,37610.0,37600.0,37600.0,2,5,2,17.0
1269,-138,MNK,MNKM25,H1,2025-06-03 03:00:00,1748919600,37545.0,37610.0,37535.0,37610.0,6,5,7,17.0
1270,-137,MNK,MNKM25,H1,2025-06-03 04:00:00,1748923200,37550.0,37550.0,37505.0,37505.0,4,5,12,17.0
1271,-136,MNK,MNKM25,H1,2025-06-03 07:00:00,1748934000,37400.0,37460.0,37400.0,37455.0,5,5,6,17.0
1272,-135,MNK,MNKM25,H1,2025-06-03 08:00:00,1748937600,37450.0,37485.0,37450.0,37470.0,4,5,12,17.0
1273,-134,MNK,MNKM25,H1,2025-06-03 10:00:00,1748944800,37485.0,37485.0,37485.0,37485.0,1,10,2,16.0
1274,-133,MNK,MNKM25,H1,2025-06-03 11:00:00,1748948400,37550.0,37575.0,37550.0,37565.0,3,15,5,16.0
1275,-132,MNK,MNKM25,H1,2025-06-03 12:00:00,1748952000,37585.0,37605.0,37585.0,37605.0,7,5,25,16.0
1276,-131,MNK,MNKM25,H1,2025-06-03 14:00:00,1748959200,37690.0,37740.0,37690.0,37720.0,4,10,8,14.0
1277,-130,MNK,MNKM25,H1,2025-06-03 15:00:00,1748962800,37780.0,37780.0,37770.0,37770.0,6,10,6,14.0
1278,-129,MNK,MNKM25,H1,2025-06-03 18:00:00,1748973600,37740.0,37740.0,37740.0,37740.0,1,10,1,14.0
1279,-128,MNK,MNKM25,H1,2025-06-03 19:00:00,1748977200,37780.0,37780.0,37780.0,37780.0,3,5,8,14.0
1280,-127,MNK,MNKM25,H1,2025-06-03 20:00:00,1748980800,37740.0,37740.0,37740.0,37740.0,1,5,1,14.0
1281,-126,MNK,MNKM25,H1,2025-06-03 23:00:00,1748991600,37780.0,37795.0,37715.0,37715.0,11,5,18,14.0
1282,-125,MNK,MNKM25,H1,2025-06-04 00:00:00,1748995200,37800.0,37885.0,37800.0,37810.0,8,5,10,14.0
1283,-124,MNK,MNKM25,H1,2025-06-04 01:00:00,1748998800,37800.0,37800.0,37770.0,37770.0,3,10,4,14.0
1284,-123,MNK,MNKM25,H1,2025-06-04 02:00:00,1749002400,37795.0,37850.0,37795.0,37820.0,7,5,8,14.0
1285,-122,MNK,MNKM25,H1,2025-06-04 04:00:00,1749009600,37790.0,37790.0,37790.0,37790.0,1,5,1,14.0
1286,-121,MNK,MNKM25,H1,2025-06-04 06:00:00,1749016800,37845.0,37845.0,37745.0,37770.0,6,5,14,14.0
1287,-120,MNK,MNKM25,H1,2025-06-04 07:00:00,1749020400,37795.0,37795.0,37795.0,37795.0,1,15,4,14.0
1288,-119,MNK,MNKM25,H1,2025-06-04 08:00:00,1749024000,37860.0,37875.0,37850.0,37850.0,7,5,13,14.0
1289,-118,MNK,MNKM25,H1,2025-06-04 09:00:00,1749027600,37830.0,37830.0,37830.0,37830.0,1,15,1,14.0
1290,-117,MNK,MNKM25,H1,2025-06-04 10:00:00,1749031200,37810.0,37810.0,37790.0,37790.0,3,5,21,14.0
1291,-116,MNK,MNKM25,H1,2025-06-04 11:00:00,1749034800,37810.0,37815.0,37810.0,37815.0,2,15,2,14.0
1292,-115,MNK,MNKM25,H1,2025-06-04 12:00:00,1749038400,37710.0,37710.0,37640.0,37690.0,9,5,23,14.0
1293,-114,MNK,MNKM25,H1,2025-06-04 13:00:00,1749042000,37680.0,37685.0,37650.0,37685.0,4,15,4,14.0
1294,-113,MNK,MNKM25,H1,2025-06-04 14:00:00,1749045600,37645.0,37660.0,37525.0,37615.0,17,5,29,14.0
1295,-112,MNK,MNKM25,H1,2025-06-04 15:00:00,1749049200,37660.0,37660.0,37520.0,37565.0,13,5,34,15.0
1296,-111,MNK,MNKM25,H1,2025-06-04 16:00:00,1749052800,37530.0,37530.0,37505.0,37505.0,9,10,12,15.0
1297,-110,MNK,MNKM25,H1,2025-06-04 17:00:00,1749056400,37590.0,37595.0,37580.0,37590.0,5,5,5,15.0
1298,-109,MNK,MNKM25,H1,2025-06-04 19:00:00,1749063600,37595.0,37600.0,37585.0,37595.0,5,5,10,15.0
1299,-108,MNK,MNKM25,H1,2025-06-04 20:00:00,1749067200,37545.0,37550.0,37545.0,37550.0,4,5,36,15.0
1300,-107,MNK,MNKM25,H1,2025-06-05 00:00:00,1749081600,37615.0,37690.0,37615.0,37675.0,7,5,21,15.0
1301,-106,MNK,MNKM25,H1,2025-06-05 01:00:00,1749085200,37655.0,37735.0,37645.0,37685.0,8,5,10,15.0
1302,-105,MNK,MNKM25,H1,2025-06-05 02:00:00,1749088800,37635.0,37635.0,37635.0,37635.0,1,10,1,15.0
1303,-104,MNK,MNKM25,H1,2025-06-05 03:00:00,1749092400,37600.0,37650.0,37575.0,37575.0,7,5,8,15.0
1304,-103,MNK,MNKM25,H1,2025-06-05 04:00:00,1749096000,37605.0,37605.0,37555.0,37575.0,6,10,9,15.0
1305,-102,MNK,MNKM25,H1,2025-06-05 05:00:00,1749099600,37575.0,37585.0,37575.0,37585.0,4,5,4,15.0
1306,-101,MNK,MNKM25,H1,2025-06-05 06:00:00,1749103200,37610.0,37615.0,37545.0,37555.0,8,5,30,16.0
1307,-100,MNK,MNKM25,H1,2025-06-05 07:00:00,1749106800,37585.0,37615.0,37585.0,37615.0,2,5,2,16.0
1308,-99,MNK,MNKM25,H1,2025-06-05 08:00:00,1749110400,37655.0,37655.0,37605.0,37605.0,2,10,5,14.0
1309,-98,MNK,MNKM25,H1,2025-06-05 09:00:00,1749114000,37595.0,37595.0,37560.0,37560.0,3,5,3,14.0
1310,-97,MNK,MNKM25,H1,2025-06-05 10:00:00,1749117600,37560.0,37560.0,37520.0,37520.0,3,5,3,14.0
1311,-96,MNK,MNKM25,H1,2025-06-05 11:00:00,1749121200,37490.0,37535.0,37490.0,37530.0,8,5,12,14.0
1312,-95,MNK,MNKM25,H1,2025-06-05 12:00:00,1749124800,37500.0,37600.0,37410.0,37555.0,30,0,82,14.0
1313,-94,MNK,MNKM25,H1,2025-06-05 13:00:00,1749128400,37550.0,37550.0,37325.0,37335.0,22,5,38,14.0
1314,-93,MNK,MNKM25,H1,2025-06-05 14:00:00,1749132000,37395.0,37620.0,37390.0,37585.0,31,5,160,16.0
1315,-92,MNK,MNKM25,H1,2025-06-05 15:00:00,1749135600,37630.0,37640.0,37620.0,37640.0,8,10,20,17.0
1316,-91,MNK,MNKM25,H1,2025-06-05 16:00:00,1749139200,37665.0,37665.0,37485.0,37485.0,8,15,11,16.0
1317,-90,MNK,MNKM25,H1,2025-06-05 17:00:00,1749142800,37455.0,37590.0,37455.0,37570.0,4,5,4,16.0
1318,-89,MNK,MNKM25,H1,2025-06-05 18:00:00,1749146400,37500.0,37570.0,37500.0,37570.0,20,5,111,18.0
1319,-88,MNK,MNKM25,H1,2025-06-05 19:00:00,1749150000,37430.0,37535.0,37380.0,37480.0,31,5,102,19.0
1320,-87,MNK,MNKM25,H1,2025-06-05 20:00:00,1749153600,37465.0,37485.0,37450.0,37450.0,10,5,20,19.0
1321,-86,MNK,MNKM25,H1,2025-06-05 23:00:00,1749164400,37440.0,37565.0,37440.0,37535.0,5,5,6,19.0
1322,-85,MNK,MNKM25,H1,2025-06-06 00:00:00,1749168000,37620.0,37720.0,37620.0,37710.0,11,5,29,19.0
1323,-84,MNK,MNKM25,H1,2025-06-06 01:00:00,1749171600,37755.0,37755.0,37690.0,37735.0,6,5,6,19.0
1324,-83,MNK,MNKM25,H1,2025-06-06 02:00:00,1749175200,37740.0,37740.0,37740.0,37740.0,1,5,1,19.0
1325,-82,MNK,MNKM25,H1,2025-06-06 03:00:00,1749178800,37720.0,37745.0,37720.0,37745.0,4,10,4,19.0
1326,-81,MNK,MNKM25,H1,2025-06-06 04:00:00,1749182400,37690.0,37715.0,37690.0,37715.0,5,5,6,19.0
1327,-80,MNK,MNKM25,H1,2025-06-06 05:00:00,1749186000,37730.0,37735.0,37695.0,37705.0,8,10,9,19.0
1328,-79,MNK,MNKM25,H1,2025-06-06 06:00:00,1749189600,37700.0,37775.0,37700.0,37775.0,3,10,4,19.0
1329,-78,MNK,MNKM25,H1,2025-06-06 08:00:00,1749196800,37770.0,37775.0,37765.0,37775.0,6,5,7,19.0
1330,-77,MNK,MNKM25,H1,2025-06-06 10:00:00,1749204000,37840.0,37840.0,37825.0,37825.0,3,10,3,19.0
1331,-76,MNK,MNKM25,H1,2025-06-06 11:00:00,1749207600,37840.0,37840.0,37840.0,37840.0,1,15,10,17.0
1332,-75,MNK,MNKM25,H1,2025-06-06 12:00:00,1749211200,37870.0,38065.0,37865.0,38005.0,16,5,52,17.0
1333,-74,MNK,MNKM25,H1,2025-06-06 13:00:00,1749214800,38040.0,38155.0,38040.0,38130.0,9,5,13,17.0
1334,-73,MNK,MNKM25,H1,2025-06-06 14:00:00,1749218400,38070.0,38090.0,38065.0,38090.0,3,5,3,17.0
1335,-72,MNK,MNKM25,H1,2025-06-06 15:00:00,1749222000,38085.0,38115.0,38020.0,38020.0,20,5,60,17.0
1336,-71,MNK,MNKM25,H1,2025-06-06 16:00:00,1749225600,38020.0,38040.0,37970.0,37990.0,7,10,12,18.0
1337,-70,MNK,MNKM25,H1,2025-06-06 17:00:00,1749229200,37975.0,37980.0,37965.0,37965.0,4,5,4,17.0
1338,-69,MNK,MNKM25,H1,2025-06-06 18:00:00,1749232800,38010.0,38015.0,37990.0,37990.0,18,5,93,19.0
1339,-68,MNK,MNKM25,H1,2025-06-06 19:00:00,1749236400,38000.0,38025.0,37995.0,38025.0,6,5,8,18.0
1340,-67,MNK,MNKM25,H1,2025-06-06 20:00:00,1749240000,38030.0,38040.0,38010.0,38010.0,5,5,9,19.0
1341,-66,MNK,MNKM25,H1,2025-06-08 22:00:00,1749420000,37925.0,37935.0,37910.0,37910.0,5,5,6,19.0
1342,-65,MNK,MNKM25,H1,2025-06-08 23:00:00,1749423600,37950.0,38035.0,37940.0,38035.0,3,10,3,18.0
1343,-64,MNK,MNKM25,H1,2025-06-09 00:00:00,1749427200,38100.0,38135.0,38100.0,38110.0,7,5,26,19.0
1344,-63,MNK,MNKM25,H1,2025-06-09 01:00:00,1749430800,38150.0,38150.0,38085.0,38085.0,3,15,4,19.0
1345,-62,MNK,MNKM25,H1,2025-06-09 02:00:00,1749434400,38165.0,38165.0,38165.0,38165.0,1,10,1,19.0
1346,-61,MNK,MNKM25,H1,2025-06-09 03:00:00,1749438000,38170.0,38180.0,38125.0,38180.0,6,15,18,19.0
1347,-60,MNK,MNKM25,H1,2025-06-09 04:00:00,1749441600,38150.0,38150.0,38105.0,38130.0,4,5,4,18.0
1348,-59,MNK,MNKM25,H1,2025-06-09 05:00:00,1749445200,38105.0,38105.0,38075.0,38075.0,3,15,12,19.0
1349,-58,MNK,MNKM25,H1,2025-06-09 06:00:00,1749448800,38095.0,38135.0,38095.0,38130.0,8,10,10,19.0
1350,-57,MNK,MNKM25,H1,2025-06-09 07:00:00,1749452400,38115.0,38130.0,38080.0,38095.0,6,5,14,19.0
1351,-56,MNK,MNKM25,H1,2025-06-09 08:00:00,1749456000,38100.0,38150.0,38100.0,38150.0,5,10,23,19.0
1352,-55,MNK,MNKM25,H1,2025-06-09 09:00:00,1749459600,38125.0,38125.0,38125.0,38125.0,1,20,1,19.0
1353,-54,MNK,MNKM25,H1,2025-06-09 10:00:00,1749463200,38155.0,38155.0,38155.0,38155.0,1,10,3,19.0
1354,-53,MNK,MNKM25,H1,2025-06-09 11:00:00,1749466800,38150.0,38220.0,38150.0,38220.0,8,5,30,19.0
1355,-52,MNK,MNKM25,H1,2025-06-09 12:00:00,1749470400,38190.0,38190.0,38180.0,38180.0,2,15,2,19.0
1356,-51,MNK,MNKM25,H1,2025-06-09 13:00:00,1749474000,38205.0,38275.0,38205.0,38275.0,13,5,58,20.0
1357,-50,MNK,MNKM25,H1,2025-06-09 14:00:00,1749477600,38285.0,38315.0,38245.0,38245.0,36,5,143,22.0
1358,-49,MNK,MNKM25,H1,2025-06-09 15:00:00,1749481200,38190.0,38190.0,38190.0,38190.0,1,15,10,22.0
1359,-48,MNK,MNKM25,H1,2025-06-09 16:00:00,1749484800,38195.0,38195.0,38195.0,38195.0,1,15,1,22.0
1360,-47,MNK,MNKM25,H1,2025-06-09 17:00:00,1749488400,38240.0,38260.0,38235.0,38255.0,5,5,5,21.0
1361,-46,MNK,MNKM25,H1,2025-06-09 18:00:00,1749492000,38250.0,38250.0,38250.0,38250.0,1,10,1,21.0
1362,-45,MNK,MNKM25,H1,2025-06-09 19:00:00,1749495600,38230.0,38230.0,38230.0,38230.0,2,5,6,21.0
8,-1591,MNK,MNKZ25,H1,2025-06-09 20:00:00,1749499200,38260.0,38260.0,38260.0,38260.0,0,0,0,0.0
1363,-44,MNK,MNKM25,H1,2025-06-09 22:00:00,1749506400,38270.0,38270.0,38270.0,38270.0,1,20,1,21.0
1364,-43,MNK,MNKM25,H1,2025-06-09 23:00:00,1749510000,38295.0,38295.0,38280.0,38280.0,3,20,3,21.0
1365,-42,MNK,MNKM25,H1,2025-06-10 00:00:00,1749513600,38330.0,38345.0,38245.0,38245.0,10,5,19,21.0
1366,-41,MNK,MNKM25,H1,2025-06-10 01:00:00,1749517200,38315.0,38460.0,38315.0,38460.0,8,15,9,21.0
1367,-40,MNK,MNKM25,H1,2025-06-10 02:00:00,1749520800,38455.0,38465.0,38435.0,38455.0,7,5,8,21.0
1368,-39,MNK,MNKM25,H1,2025-06-10 03:00:00,1749524400,38440.0,38440.0,38420.0,38420.0,2,5,2,20.0
1369,-38,MNK,MNKM25,H1,2025-06-10 04:00:00,1749528000,38440.0,38440.0,38440.0,38440.0,1,15,2,20.0
1370,-37,MNK,MNKM25,H1,2025-06-10 05:00:00,1749531600,38445.0,38445.0,38165.0,38165.0,9,10,27,21.0
1371,-36,MNK,MNKM25,H1,2025-06-10 07:00:00,1749538800,38205.0,38225.0,38160.0,38160.0,7,5,9,20.0
1372,-35,MNK,MNKM25,H1,2025-06-10 08:00:00,1749542400,38230.0,38230.0,38150.0,38150.0,7,5,8,20.0
1373,-34,MNK,MNKM25,H1,2025-06-10 11:00:00,1749553200,38225.0,38225.0,38225.0,38225.0,2,5,2,20.0
1374,-33,MNK,MNKM25,H1,2025-06-10 12:00:00,1749556800,38245.0,38245.0,38230.0,38230.0,21,5,43,21.0
1375,-32,MNK,MNKM25,H1,2025-06-10 13:00:00,1749560400,38240.0,38240.0,38185.0,38220.0,7,10,13,21.0
1376,-31,MNK,MNKM25,H1,2025-06-10 14:00:00,1749564000,38255.0,38280.0,38240.0,38280.0,7,5,7,21.0
1377,-30,MNK,MNKM25,H1,2025-06-10 15:00:00,1749567600,38280.0,38295.0,38195.0,38205.0,13,5,15,21.0
1378,-29,MNK,MNKM25,H1,2025-06-10 16:00:00,1749571200,38290.0,38370.0,38290.0,38355.0,10,5,13,20.0
1379,-28,MNK,MNKM25,H1,2025-06-10 17:00:00,1749574800,38380.0,38380.0,38375.0,38375.0,2,10,2,20.0
1380,-27,MNK,MNKM25,H1,2025-06-10 18:00:00,1749578400,38290.0,38370.0,38290.0,38370.0,5,5,15,21.0
1381,-26,MNK,MNKM25,H1,2025-06-10 19:00:00,1749582000,38370.0,38370.0,38340.0,38370.0,8,5,15,21.0
1382,-25,MNK,MNKM25,H1,2025-06-10 20:00:00,1749585600,38375.0,38375.0,38375.0,38375.0,1,80,1,21.0
1383,-24,MNK,MNKM25,H1,2025-06-10 22:00:00,1749592800,38385.0,38420.0,38385.0,38420.0,8,5,22,21.0
1384,-23,MNK,MNKM25,H1,2025-06-11 00:00:00,1749600000,38485.0,38490.0,38460.0,38490.0,8,5,15,20.0
76,-1432,MNK,MNKU25,H1,2025-06-11 01:00:00,1749603600,38450.0,38495.0,38450.0,38495.0,3,15,3,2.0
1385,-22,MNK,MNKM25,H1,2025-06-11 02:00:00,1749607200,38395.0,38395.0,38395.0,38395.0,1,10,2,19.0
1386,-21,MNK,MNKM25,H1,2025-06-11 03:00:00,1749610800,38370.0,38370.0,38370.0,38370.0,1,10,2,17.0
1387,-20,MNK,MNKM25,H1,2025-06-11 04:00:00,1749614400,38370.0,38390.0,38370.0,38390.0,9,5,12,17.0
80,-1428,MNK,MNKU25,H1,2025-06-11 05:00:00,1749618000,38520.0,38565.0,38520.0,38535.0,6,5,6,2.0
1388,-19,MNK,MNKM25,H1,2025-06-11 06:00:00,1749621600,38355.0,38440.0,38345.0,38420.0,11,5,41,18.0
1389,-18,MNK,MNKM25,H1,2025-06-11 07:00:00,1749625200,38440.0,38480.0,38435.0,38480.0,3,5,3,18.0
1390,-17,MNK,MNKM25,H1,2025-06-11 08:00:00,1749628800,38545.0,38565.0,38545.0,38565.0,4,5,12,16.0
84,-1424,MNK,MNKU25,H1,2025-06-11 09:00:00,1749632400,38670.0,38670.0,38670.0,38670.0,1,5,10,2.0
1391,-16,MNK,MNKM25,H1,2025-06-11 10:00:00,1749636000,38565.0,38595.0,38560.0,38595.0,54,0,271,19.0
1392,-15,MNK,MNKM25,H1,2025-06-11 11:00:00,1749639600,38590.0,38590.0,38575.0,38575.0,5,5,10,18.0
1393,-14,MNK,MNKM25,H1,2025-06-11 12:00:00,1749643200,38625.0,38655.0,38615.0,38635.0,15,5,25,19.0
1394,-13,MNK,MNKM25,H1,2025-06-11 13:00:00,1749646800,38665.0,38665.0,38615.0,38615.0,12,5,29,19.0
1395,-12,MNK,MNKM25,H1,2025-06-11 14:00:00,1749650400,38590.0,38590.0,38590.0,38590.0,1,10,1,19.0
1396,-11,MNK,MNKM25,H1,2025-06-11 15:00:00,1749654000,38535.0,38535.0,38535.0,38535.0,1,15,1,19.0
1397,-10,MNK,MNKM25,H1,2025-06-11 16:00:00,1749657600,38455.0,38460.0,38455.0,38460.0,5,10,7,19.0
92,-1416,MNK,MNKU25,H1,2025-06-11 17:00:00,1749661200,38650.0,38650.0,38650.0,38650.0,1,10,1,6.0
1398,-9,MNK,MNKM25,H1,2025-06-11 18:00:00,1749664800,38400.0,38410.0,38395.0,38410.0,5,10,6,19.0
1399,-8,MNK,MNKM25,H1,2025-06-11 19:00:00,1749668400,38345.0,38360.0,38330.0,38330.0,8,5,24,19.0
1400,-7,MNK,MNKM25,H1,2025-06-11 20:00:00,1749672000,38325.0,38410.0,38325.0,38410.0,2,5,2,19.0
96,-1412,MNK,MNKU25,H1,2025-06-11 22:00:00,1749679200,38495.0,38495.0,38450.0,38450.0,5,5,6,7.0
97,-1411,MNK,MNKU25,H1,2025-06-11 23:00:00,1749682800,38405.0,38415.0,38395.0,38415.0,5,5,18,7.0
1401,-6,MNK,MNKM25,H1,2025-06-12 00:00:00,1749686400,38165.0,38165.0,38165.0,38165.0,2,10,3,19.0
99,-1409,MNK,MNKU25,H1,2025-06-12 01:00:00,1749690000,38305.0,38315.0,38215.0,38215.0,7,5,25,8.0
1402,-5,MNK,MNKM25,H1,2025-06-12 02:00:00,1749693600,38130.0,38130.0,38130.0,38130.0,2,10,4,19.0
101,-1407,MNK,MNKU25,H1,2025-06-12 03:00:00,1749697200,38300.0,38305.0,38300.0,38305.0,2,10,11,9.0
102,-1406,MNK,MNKU25,H1,2025-06-12 04:00:00,1749700800,38300.0,38300.0,38300.0,38300.0,1,10,1,9.0
103,-1405,MNK,MNKU25,H1,2025-06-12 05:00:00,1749704400,38305.0,38305.0,38275.0,38275.0,4,5,13,9.0
104,-1404,MNK,MNKU25,H1,2025-06-12 06:00:00,1749708000,38260.0,38275.0,38260.0,38275.0,4,5,25,9.0
105,-1403,MNK,MNKU25,H1,2025-06-12 07:00:00,1749711600,38330.0,38330.0,38235.0,38235.0,3,10,13,9.0
106,-1402,MNK,MNKU25,H1,2025-06-12 08:00:00,1749715200,38180.0,38180.0,38180.0,38180.0,1,5,6,9.0
1403,-4,MNK,MNKM25,H1,2025-06-12 11:00:00,1749726000,38015.0,38015.0,38015.0,38015.0,6,5,7,19.0
1404,-3,MNK,MNKM25,H1,2025-06-12 12:00:00,1749729600,38045.0,38045.0,38045.0,38045.0,1,5,3,18.0
109,-1399,MNK,MNKU25,H1,2025-06-12 13:00:00,1749733200,38200.0,38220.0,38200.0,38220.0,6,5,24,11.0
1405,-2,MNK,MNKM25,H1,2025-06-12 14:00:00,1749736800,38250.0,38250.0,38250.0,38250.0,1,5,1,18.0
1406,-1,MNK,MNKM25,H1,2025-06-12 15:00:00,1749740400,38280.0,38280.0,38280.0,38280.0,1,180,1,18.0
112,-1396,MNK,MNKU25,H1,2025-06-12 16:00:00,1749744000,38285.0,38320.0,38275.0,38275.0,15,5,33,12.0
113,-1395,MNK,MNKU25,H1,2025-06-12 17:00:00,1749747600,38325.0,38330.0,38325.0,38330.0,5,5,18,12.0
114,-1394,MNK,MNKU25,H1,2025-06-12 18:00:00,1749751200,38315.0,38315.0,38295.0,38295.0,2,15,2,12.0
115,-1393,MNK,MNKU25,H1,2025-06-12 19:00:00,1749754800,38295.0,38310.0,38295.0,38310.0,3,5,4,12.0
1407,0,MNK,MNKM25,H1,2025-06-12 20:00:00,1749758400,38210.0,38210.0,38210.0,38210.0,1,1735,1,17.0
117,-1391,MNK,MNKU25,H1,2025-06-12 22:00:00,1749765600,38260.0,38260.0,38260.0,38260.0,1,20,1,12.0
118,-1390,MNK,MNKU25,H1,2025-06-12 23:00:00,1749769200,38200.0,38200.0,38140.0,38140.0,13,5,32,13.0
119,-1389,MNK,MNKU25,H1,2025-06-13 00:00:00,1749772800,38155.0,38160.0,37715.0,37715.0,27,5,67,14.0
120,-1388,MNK,MNKU25,H1,2025-06-13 01:00:00,1749776400,37705.0,37830.0,37650.0,37815.0,21,10,49,14.0
121,-1387,MNK,MNKU25,H1,2025-06-13 02:00:00,1749780000,37850.0,37850.0,37630.0,37630.0,8,5,8,14.0
122,-1386,MNK,MNKU25,H1,2025-06-13 03:00:00,1749783600,37695.0,37815.0,37695.0,37815.0,7,5,9,14.0
123,-1385,MNK,MNKU25,H1,2025-06-13 04:00:00,1749787200,37845.0,37845.0,37845.0,37845.0,1,5,1,14.0
124,-1384,MNK,MNKU25,H1,2025-06-13 05:00:00,1749790800,37850.0,37850.0,37850.0,37850.0,1,5,1,14.0
125,-1383,MNK,MNKU25,H1,2025-06-13 06:00:00,1749794400,37915.0,37955.0,37905.0,37955.0,11,5,11,15.0
126,-1382,MNK,MNKU25,H1,2025-06-13 07:00:00,1749798000,38015.0,38025.0,38015.0,38025.0,2,10,7,15.0
127,-1381,MNK,MNKU25,H1,2025-06-13 08:00:00,1749801600,38025.0,38115.0,38025.0,38085.0,5,5,11,15.0
128,-1380,MNK,MNKU25,H1,2025-06-13 09:00:00,1749805200,38005.0,38105.0,38005.0,38105.0,5,5,5,15.0
129,-1379,MNK,MNKU25,H1,2025-06-13 10:00:00,1749808800,38100.0,38100.0,38100.0,38100.0,2,5,2,15.0
130,-1378,MNK,MNKU25,H1,2025-06-13 11:00:00,1749812400,38195.0,38195.0,38195.0,38195.0,2,10,20,15.0
131,-1377,MNK,MNKU25,H1,2025-06-13 12:00:00,1749816000,38180.0,38180.0,38160.0,38175.0,5,5,10,15.0
132,-1376,MNK,MNKU25,H1,2025-06-13 13:00:00,1749819600,38215.0,38215.0,38155.0,38160.0,10,5,15,15.0
133,-1375,MNK,MNKU25,H1,2025-06-13 14:00:00,1749823200,38125.0,38210.0,38095.0,38210.0,17,5,50,16.0
134,-1374,MNK,MNKU25,H1,2025-06-13 15:00:00,1749826800,38240.0,38265.0,38225.0,38255.0,10,5,33,16.0
135,-1373,MNK,MNKU25,H1,2025-06-13 16:00:00,1749830400,38240.0,38265.0,38240.0,38260.0,4,5,5,17.0
136,-1372,MNK,MNKU25,H1,2025-06-13 17:00:00,1749834000,38220.0,38240.0,38195.0,38225.0,5,5,5,17.0
137,-1371,MNK,MNKU25,H1,2025-06-13 18:00:00,1749837600,38180.0,38200.0,38020.0,38020.0,30,5,65,17.0
138,-1370,MNK,MNKU25,H1,2025-06-13 19:00:00,1749841200,38070.0,38070.0,38005.0,38055.0,9,5,22,18.0
139,-1369,MNK,MNKU25,H1,2025-06-13 20:00:00,1749844800,38020.0,38020.0,38020.0,38020.0,1,455,1,17.0
140,-1368,MNK,MNKU25,H1,2025-06-15 22:00:00,1750024800,38000.0,38145.0,38000.0,38145.0,7,5,8,17.0
141,-1367,MNK,MNKU25,H1,2025-06-15 23:00:00,1750028400,38095.0,38095.0,38095.0,38095.0,2,10,7,17.0
142,-1366,MNK,MNKU25,H1,2025-06-16 00:00:00,1750032000,38195.0,38315.0,38195.0,38265.0,30,5,111,19.0
143,-1365,MNK,MNKU25,H1,2025-06-16 01:00:00,1750035600,38205.0,38285.0,38180.0,38275.0,33,5,89,20.0
144,-1364,MNK,MNKU25,H1,2025-06-16 02:00:00,1750039200,38315.0,38355.0,38290.0,38355.0,9,10,10,20.0
145,-1363,MNK,MNKU25,H1,2025-06-16 03:00:00,1750042800,38355.0,38355.0,38355.0,38355.0,1,15,1,20.0
146,-1362,MNK,MNKU25,H1,2025-06-16 04:00:00,1750046400,38395.0,38430.0,38395.0,38430.0,5,5,6,20.0
147,-1361,MNK,MNKU25,H1,2025-06-16 05:00:00,1750050000,38390.0,38400.0,38390.0,38400.0,5,5,5,20.0
148,-1360,MNK,MNKU25,H1,2025-06-16 06:00:00,1750053600,38360.0,38500.0,38360.0,38500.0,7,5,36,20.0
149,-1359,MNK,MNKU25,H1,2025-06-16 07:00:00,1750057200,38540.0,38540.0,38535.0,38535.0,3,5,3,20.0
150,-1358,MNK,MNKU25,H1,2025-06-16 08:00:00,1750060800,38535.0,38545.0,38535.0,38545.0,2,15,11,20.0
151,-1357,MNK,MNKU25,H1,2025-06-16 09:00:00,1750064400,38525.0,38525.0,38515.0,38515.0,3,10,3,20.0
152,-1356,MNK,MNKU25,H1,2025-06-16 12:00:00,1750075200,38555.0,38560.0,38520.0,38520.0,6,10,15,20.0
153,-1355,MNK,MNKU25,H1,2025-06-16 13:00:00,1750078800,38495.0,38590.0,38485.0,38575.0,32,5,91,22.0
154,-1354,MNK,MNKU25,H1,2025-06-16 14:00:00,1750082400,38585.0,38625.0,38585.0,38625.0,3,10,8,22.0
155,-1353,MNK,MNKU25,H1,2025-06-16 15:00:00,1750086000,38690.0,38710.0,38650.0,38685.0,26,5,92,23.0
156,-1352,MNK,MNKU25,H1,2025-06-16 16:00:00,1750089600,38650.0,38650.0,38650.0,38650.0,2,20,3,23.0
157,-1351,MNK,MNKU25,H1,2025-06-16 17:00:00,1750093200,38685.0,38685.0,38665.0,38665.0,5,10,6,22.0
158,-1350,MNK,MNKU25,H1,2025-06-16 18:00:00,1750096800,38680.0,38680.0,38645.0,38645.0,2,15,2,22.0
159,-1349,MNK,MNKU25,H1,2025-06-16 19:00:00,1750100400,38630.0,38660.0,38620.0,38645.0,36,5,106,23.0
160,-1348,MNK,MNKU25,H1,2025-06-16 20:00:00,1750104000,38700.0,38705.0,38700.0,38705.0,3,5,3,22.0
161,-1347,MNK,MNKU25,H1,2025-06-16 22:00:00,1750111200,38655.0,38655.0,38650.0,38650.0,2,10,2,21.0
162,-1346,MNK,MNKU25,H1,2025-06-16 23:00:00,1750114800,38505.0,38505.0,38505.0,38505.0,1,20,1,21.0
163,-1345,MNK,MNKU25,H1,2025-06-17 00:00:00,1750118400,38495.0,38540.0,38460.0,38540.0,7,5,10,21.0
164,-1344,MNK,MNKU25,H1,2025-06-17 01:00:00,1750122000,38645.0,38665.0,38555.0,38630.0,18,5,58,22.0
165,-1343,MNK,MNKU25,H1,2025-06-17 02:00:00,1750125600,38665.0,38680.0,38605.0,38635.0,12,5,39,22.0
166,-1342,MNK,MNKU25,H1,2025-06-17 03:00:00,1750129200,38640.0,38640.0,38640.0,38640.0,1,5,1,22.0
167,-1341,MNK,MNKU25,H1,2025-06-17 04:00:00,1750132800,38640.0,38640.0,38640.0,38640.0,1,15,1,22.0
168,-1340,MNK,MNKU25,H1,2025-06-17 05:00:00,1750136400,38630.0,38630.0,38600.0,38600.0,5,5,22,22.0
169,-1339,MNK,MNKU25,H1,2025-06-17 06:00:00,1750140000,38665.0,38665.0,38590.0,38590.0,3,5,3,22.0
170,-1338,MNK,MNKU25,H1,2025-06-17 08:00:00,1750147200,38545.0,38545.0,38500.0,38520.0,14,5,48,21.0
171,-1337,MNK,MNKU25,H1,2025-06-17 09:00:00,1750150800,38550.0,38560.0,38450.0,38450.0,11,5,21,21.0
172,-1336,MNK,MNKU25,H1,2025-06-17 11:00:00,1750158000,38450.0,38455.0,38450.0,38455.0,2,15,2,21.0
173,-1335,MNK,MNKU25,H1,2025-06-17 12:00:00,1750161600,38490.0,38500.0,38480.0,38480.0,5,5,7,21.0
174,-1334,MNK,MNKU25,H1,2025-06-17 13:00:00,1750165200,38455.0,38535.0,38455.0,38535.0,11,5,38,22.0
175,-1333,MNK,MNKU25,H1,2025-06-17 14:00:00,1750168800,38565.0,38575.0,38515.0,38535.0,7,5,14,22.0
176,-1332,MNK,MNKU25,H1,2025-06-17 15:00:00,1750172400,38530.0,38530.0,38530.0,38530.0,1,5,10,21.0
177,-1331,MNK,MNKU25,H1,2025-06-17 16:00:00,1750176000,38540.0,38545.0,38470.0,38470.0,13,5,17,21.0
178,-1330,MNK,MNKU25,H1,2025-06-17 17:00:00,1750179600,38500.0,38500.0,38370.0,38370.0,2,10,2,21.0
179,-1329,MNK,MNKU25,H1,2025-06-17 18:00:00,1750183200,38350.0,38370.0,38335.0,38370.0,4,5,8,21.0
180,-1328,MNK,MNKU25,H1,2025-06-17 19:00:00,1750186800,38370.0,38375.0,38325.0,38355.0,15,5,46,21.0
181,-1327,MNK,MNKU25,H1,2025-06-17 20:00:00,1750190400,38340.0,38365.0,38340.0,38365.0,2,30,2,21.0
182,-1326,MNK,MNKU25,H1,2025-06-17 22:00:00,1750197600,38335.0,38335.0,38330.0,38330.0,2,10,2,21.0
183,-1325,MNK,MNKU25,H1,2025-06-17 23:00:00,1750201200,38370.0,38405.0,38370.0,38405.0,2,15,2,20.0
184,-1324,MNK,MNKU25,H1,2025-06-18 00:00:00,1750204800,38595.0,38690.0,38595.0,38655.0,15,5,18,20.0
185,-1323,MNK,MNKU25,H1,2025-06-18 01:00:00,1750208400,38730.0,38855.0,38730.0,38790.0,25,5,75,21.0
186,-1322,MNK,MNKU25,H1,2025-06-18 02:00:00,1750212000,38850.0,38925.0,38845.0,38900.0,28,5,109,22.0
187,-1321,MNK,MNKU25,H1,2025-06-18 03:00:00,1750215600,38890.0,38910.0,38855.0,38910.0,7,5,16,23.0
188,-1320,MNK,MNKU25,H1,2025-06-18 04:00:00,1750219200,38910.0,38940.0,38850.0,38905.0,19,10,47,23.0
189,-1319,MNK,MNKU25,H1,2025-06-18 05:00:00,1750222800,38915.0,38945.0,38915.0,38945.0,9,5,10,23.0
190,-1318,MNK,MNKU25,H1,2025-06-18 06:00:00,1750226400,38935.0,38995.0,38935.0,38965.0,5,5,10,23.0
191,-1317,MNK,MNKU25,H1,2025-06-18 07:00:00,1750230000,38945.0,38960.0,38915.0,38955.0,9,5,23,22.0
192,-1316,MNK,MNKU25,H1,2025-06-18 08:00:00,1750233600,39000.0,39030.0,38860.0,38860.0,17,5,22,22.0
193,-1315,MNK,MNKU25,H1,2025-06-18 09:00:00,1750237200,38920.0,38920.0,38830.0,38840.0,4,5,4,22.0
194,-1314,MNK,MNKU25,H1,2025-06-18 11:00:00,1750244400,38745.0,38760.0,38730.0,38760.0,5,5,8,22.0
195,-1313,MNK,MNKU25,H1,2025-06-18 12:00:00,1750248000,38760.0,38760.0,38760.0,38760.0,1,10,1,22.0
196,-1312,MNK,MNKU25,H1,2025-06-18 13:00:00,1750251600,38715.0,38760.0,38700.0,38760.0,4,15,9,22.0
197,-1311,MNK,MNKU25,H1,2025-06-18 14:00:00,1750255200,38740.0,38910.0,38740.0,38845.0,8,5,8,22.0
198,-1310,MNK,MNKU25,H1,2025-06-18 15:00:00,1750258800,38850.0,38850.0,38835.0,38835.0,2,5,2,22.0
199,-1309,MNK,MNKU25,H1,2025-06-18 16:00:00,1750262400,38780.0,38780.0,38760.0,38760.0,3,5,5,22.0
200,-1308,MNK,MNKU25,H1,2025-06-18 17:00:00,1750266000,38720.0,38770.0,38700.0,38770.0,7,5,11,22.0
201,-1307,MNK,MNKU25,H1,2025-06-18 18:00:00,1750269600,38750.0,38890.0,38675.0,38675.0,6,5,37,22.0
202,-1306,MNK,MNKU25,H1,2025-06-18 19:00:00,1750273200,38730.0,38765.0,38700.0,38755.0,18,5,21,22.0
203,-1305,MNK,MNKU25,H1,2025-06-18 20:00:00,1750276800,38765.0,38810.0,38765.0,38810.0,2,15,3,22.0
204,-1304,MNK,MNKU25,H1,2025-06-18 23:00:00,1750287600,38810.0,38810.0,38810.0,38810.0,1,20,1,22.0
205,-1303,MNK,MNKU25,H1,2025-06-19 00:00:00,1750291200,38675.0,38695.0,38670.0,38680.0,6,10,8,22.0
206,-1302,MNK,MNKU25,H1,2025-06-19 01:00:00,1750294800,38670.0,38675.0,38585.0,38675.0,17,5,21,21.0
207,-1301,MNK,MNKU25,H1,2025-06-19 02:00:00,1750298400,38655.0,38655.0,38655.0,38655.0,1,10,1,21.0
208,-1300,MNK,MNKU25,H1,2025-06-19 03:00:00,1750302000,38695.0,38715.0,38695.0,38695.0,6,5,8,21.0
209,-1299,MNK,MNKU25,H1,2025-06-19 04:00:00,1750305600,38710.0,38710.0,38660.0,38660.0,4,10,5,21.0
210,-1298,MNK,MNKU25,H1,2025-06-19 05:00:00,1750309200,38650.0,38650.0,38650.0,38650.0,1,10,1,20.0
211,-1297,MNK,MNKU25,H1,2025-06-19 06:00:00,1750312800,38635.0,38635.0,38600.0,38605.0,5,15,15,20.0
212,-1296,MNK,MNKU25,H1,2025-06-19 07:00:00,1750316400,38645.0,38645.0,38625.0,38625.0,2,20,2,20.0
213,-1295,MNK,MNKU25,H1,2025-06-19 08:00:00,1750320000,38635.0,38670.0,38635.0,38670.0,5,10,5,20.0
214,-1294,MNK,MNKU25,H1,2025-06-19 09:00:00,1750323600,38680.0,38725.0,38680.0,38720.0,5,10,6,19.0
215,-1293,MNK,MNKU25,H1,2025-06-19 10:00:00,1750327200,38770.0,38780.0,38770.0,38780.0,2,5,2,18.0
216,-1292,MNK,MNKU25,H1,2025-06-19 11:00:00,1750330800,38780.0,38780.0,38735.0,38735.0,5,5,9,18.0
217,-1291,MNK,MNKU25,H1,2025-06-19 13:00:00,1750338000,38580.0,38580.0,38570.0,38570.0,2,5,2,18.0
218,-1290,MNK,MNKU25,H1,2025-06-19 14:00:00,1750341600,38565.0,38565.0,38565.0,38565.0,1,20,1,18.0
219,-1289,MNK,MNKU25,H1,2025-06-19 15:00:00,1750345200,38515.0,38525.0,38480.0,38480.0,6,15,15,18.0
220,-1288,MNK,MNKU25,H1,2025-06-19 16:00:00,1750348800,38490.0,38520.0,38485.0,38520.0,4,15,6,17.0
221,-1287,MNK,MNKU25,H1,2025-06-19 22:00:00,1750370400,38735.0,38740.0,38720.0,38720.0,3,15,4,17.0
222,-1286,MNK,MNKU25,H1,2025-06-19 23:00:00,1750374000,38630.0,38630.0,38590.0,38590.0,2,10,2,17.0
223,-1285,MNK,MNKU25,H1,2025-06-20 00:00:00,1750377600,38615.0,38695.0,38615.0,38695.0,5,5,6,17.0
224,-1284,MNK,MNKU25,H1,2025-06-20 01:00:00,1750381200,38520.0,38520.0,38510.0,38510.0,2,5,2,17.0
225,-1283,MNK,MNKU25,H1,2025-06-20 02:00:00,1750384800,38515.0,38515.0,38515.0,38515.0,1,20,1,16.0
226,-1282,MNK,MNKU25,H1,2025-06-20 03:00:00,1750388400,38555.0,38570.0,38555.0,38570.0,2,20,2,16.0
227,-1281,MNK,MNKU25,H1,2025-06-20 04:00:00,1750392000,38550.0,38550.0,38550.0,38550.0,1,15,1,14.0
228,-1280,MNK,MNKU25,H1,2025-06-20 05:00:00,1750395600,38570.0,38595.0,38570.0,38585.0,4,5,5,14.0
229,-1279,MNK,MNKU25,H1,2025-06-20 06:00:00,1750399200,38600.0,38600.0,38455.0,38455.0,6,10,6,14.0
230,-1278,MNK,MNKU25,H1,2025-06-20 07:00:00,1750402800,38485.0,38485.0,38485.0,38485.0,2,5,10,15.0
231,-1277,MNK,MNKU25,H1,2025-06-20 08:00:00,1750406400,38575.0,38590.0,38530.0,38540.0,6,10,16,13.0
232,-1276,MNK,MNKU25,H1,2025-06-20 09:00:00,1750410000,38490.0,38520.0,38490.0,38520.0,4,5,4,13.0
233,-1275,MNK,MNKU25,H1,2025-06-20 11:00:00,1750417200,38645.0,38645.0,38640.0,38640.0,3,5,6,13.0
234,-1274,MNK,MNKU25,H1,2025-06-20 12:00:00,1750420800,38665.0,38665.0,38655.0,38665.0,4,5,4,13.0
235,-1273,MNK,MNKU25,H1,2025-06-20 13:00:00,1750424400,38635.0,38635.0,38635.0,38635.0,1,20,1,13.0
236,-1272,MNK,MNKU25,H1,2025-06-20 14:00:00,1750428000,38575.0,38600.0,38380.0,38380.0,9,5,10,13.0
237,-1271,MNK,MNKU25,H1,2025-06-20 15:00:00,1750431600,38375.0,38500.0,38375.0,38480.0,18,10,23,12.0
238,-1270,MNK,MNKU25,H1,2025-06-20 16:00:00,1750435200,38430.0,38430.0,38425.0,38425.0,4,5,5,12.0
239,-1269,MNK,MNKU25,H1,2025-06-20 17:00:00,1750438800,38450.0,38480.0,38435.0,38435.0,5,5,5,13.0
240,-1268,MNK,MNKU25,H1,2025-06-20 18:00:00,1750442400,38455.0,38475.0,38450.0,38450.0,5,10,7,12.0
241,-1267,MNK,MNKU25,H1,2025-06-20 19:00:00,1750446000,38445.0,38445.0,38395.0,38400.0,8,5,12,12.0
242,-1266,MNK,MNKU25,H1,2025-06-20 20:00:00,1750449600,38475.0,38475.0,38475.0,38475.0,1,1175,1,12.0
243,-1265,MNK,MNKU25,H1,2025-06-22 22:00:00,1750629600,38220.0,38375.0,38130.0,38365.0,26,5,40,12.0
244,-1264,MNK,MNKU25,H1,2025-06-22 23:00:00,1750633200,38355.0,38355.0,38290.0,38320.0,6,5,7,12.0
245,-1263,MNK,MNKU25,H1,2025-06-23 00:00:00,1750636800,38230.0,38250.0,38150.0,38150.0,10,5,17,12.0
246,-1262,MNK,MNKU25,H1,2025-06-23 01:00:00,1750640400,38295.0,38300.0,38245.0,38250.0,13,5,78,13.0
247,-1261,MNK,MNKU25,H1,2025-06-23 02:00:00,1750644000,38315.0,38315.0,38250.0,38250.0,3,10,5,13.0
248,-1260,MNK,MNKU25,H1,2025-06-23 03:00:00,1750647600,38320.0,38320.0,38320.0,38320.0,1,20,1,13.0
249,-1259,MNK,MNKU25,H1,2025-06-23 04:00:00,1750651200,38400.0,38405.0,38400.0,38400.0,3,10,3,12.0
250,-1258,MNK,MNKU25,H1,2025-06-23 06:00:00,1750658400,38420.0,38495.0,38420.0,38495.0,5,5,5,12.0
251,-1257,MNK,MNKU25,H1,2025-06-23 07:00:00,1750662000,38510.0,38600.0,38510.0,38600.0,8,5,25,13.0
252,-1256,MNK,MNKU25,H1,2025-06-23 08:00:00,1750665600,38595.0,38660.0,38590.0,38655.0,9,5,43,13.0
253,-1255,MNK,MNKU25,H1,2025-06-23 09:00:00,1750669200,38630.0,38660.0,38595.0,38600.0,47,5,50,13.0
254,-1254,MNK,MNKU25,H1,2025-06-23 10:00:00,1750672800,38630.0,38630.0,38570.0,38575.0,42,5,46,14.0
255,-1253,MNK,MNKU25,H1,2025-06-23 11:00:00,1750676400,38565.0,38565.0,38490.0,38515.0,32,5,38,14.0
256,-1252,MNK,MNKU25,H1,2025-06-23 12:00:00,1750680000,38540.0,38555.0,38535.0,38545.0,9,5,9,14.0
257,-1251,MNK,MNKU25,H1,2025-06-23 13:00:00,1750683600,38530.0,38600.0,38520.0,38600.0,85,5,94,15.0
258,-1250,MNK,MNKU25,H1,2025-06-23 14:00:00,1750687200,38625.0,38630.0,38570.0,38580.0,24,5,27,13.0
259,-1249,MNK,MNKU25,H1,2025-06-23 15:00:00,1750690800,38590.0,38600.0,38530.0,38535.0,45,5,47,14.0
260,-1248,MNK,MNKU25,H1,2025-06-23 16:00:00,1750694400,38505.0,38530.0,38345.0,38405.0,55,5,78,14.0
261,-1247,MNK,MNKU25,H1,2025-06-23 17:00:00,1750698000,38475.0,38705.0,38475.0,38660.0,87,5,159,16.0
262,-1246,MNK,MNKU25,H1,2025-06-23 18:00:00,1750701600,38660.0,38680.0,38645.0,38645.0,24,5,26,17.0
263,-1245,MNK,MNKU25,H1,2025-06-23 19:00:00,1750705200,38675.0,38700.0,38675.0,38700.0,6,10,7,16.0
264,-1244,MNK,MNKU25,H1,2025-06-23 20:00:00,1750708800,38700.0,38700.0,38700.0,38700.0,1,295,1,16.0
265,-1243,MNK,MNKU25,H1,2025-06-23 22:00:00,1750716000,38700.0,38940.0,38700.0,38895.0,19,5,51,17.0
266,-1242,MNK,MNKU25,H1,2025-06-23 23:00:00,1750719600,38920.0,38920.0,38835.0,38885.0,8,5,9,17.0
267,-1241,MNK,MNKU25,H1,2025-06-24 00:00:00,1750723200,39030.0,39085.0,38775.0,38800.0,31,5,126,18.0
268,-1240,MNK,MNKU25,H1,2025-06-24 01:00:00,1750726800,38800.0,38960.0,38800.0,38960.0,12,5,20,19.0
269,-1239,MNK,MNKU25,H1,2025-06-24 02:00:00,1750730400,38810.0,38835.0,38785.0,38810.0,13,5,34,19.0
270,-1238,MNK,MNKU25,H1,2025-06-24 05:00:00,1750741200,38895.0,38895.0,38895.0,38895.0,1,15,1,19.0
271,-1237,MNK,MNKU25,H1,2025-06-24 06:00:00,1750744800,38845.0,38915.0,38805.0,38915.0,11,5,17,19.0
272,-1236,MNK,MNKU25,H1,2025-06-24 07:00:00,1750748400,38820.0,38820.0,38750.0,38750.0,6,5,12,19.0
273,-1235,MNK,MNKU25,H1,2025-06-24 08:00:00,1750752000,38805.0,38810.0,38805.0,38810.0,6,5,24,19.0
274,-1234,MNK,MNKU25,H1,2025-06-24 09:00:00,1750755600,38845.0,38845.0,38845.0,38845.0,1,5,2,19.0
275,-1233,MNK,MNKU25,H1,2025-06-24 12:00:00,1750766400,38800.0,38810.0,38785.0,38785.0,5,5,6,19.0
276,-1232,MNK,MNKU25,H1,2025-06-24 13:00:00,1750770000,38780.0,38800.0,38755.0,38755.0,22,5,82,20.0
277,-1231,MNK,MNKU25,H1,2025-06-24 14:00:00,1750773600,38735.0,38755.0,38700.0,38730.0,41,5,117,21.0
278,-1230,MNK,MNKU25,H1,2025-06-24 15:00:00,1750777200,38775.0,38780.0,38725.0,38725.0,24,5,83,22.0
279,-1229,MNK,MNKU25,H1,2025-06-24 17:00:00,1750784400,38765.0,38765.0,38760.0,38760.0,3,5,3,22.0
280,-1228,MNK,MNKU25,H1,2025-06-24 18:00:00,1750788000,38840.0,38840.0,38840.0,38840.0,1,5,2,22.0
281,-1227,MNK,MNKU25,H1,2025-06-24 19:00:00,1750791600,38870.0,38890.0,38855.0,38855.0,23,5,98,23.0
282,-1226,MNK,MNKU25,H1,2025-06-24 20:00:00,1750795200,38850.0,38855.0,38840.0,38855.0,15,5,50,24.0
283,-1225,MNK,MNKU25,H1,2025-06-24 22:00:00,1750802400,38895.0,38895.0,38895.0,38895.0,1,20,1,24.0
284,-1224,MNK,MNKU25,H1,2025-06-24 23:00:00,1750806000,38885.0,38885.0,38845.0,38845.0,5,5,5,24.0
285,-1223,MNK,MNKU25,H1,2025-06-25 00:00:00,1750809600,38900.0,38900.0,38880.0,38880.0,5,5,6,24.0
286,-1222,MNK,MNKU25,H1,2025-06-25 01:00:00,1750813200,38935.0,38935.0,38935.0,38935.0,1,20,1,24.0
287,-1221,MNK,MNKU25,H1,2025-06-25 02:00:00,1750816800,38920.0,38920.0,38800.0,38835.0,7,10,7,24.0
288,-1220,MNK,MNKU25,H1,2025-06-25 03:00:00,1750820400,38825.0,38855.0,38820.0,38820.0,6,15,6,24.0
289,-1219,MNK,MNKU25,H1,2025-06-25 04:00:00,1750824000,38910.0,38920.0,38910.0,38920.0,2,20,2,24.0
290,-1218,MNK,MNKU25,H1,2025-06-25 05:00:00,1750827600,38980.0,38980.0,38980.0,38980.0,1,15,1,24.0
291,-1217,MNK,MNKU25,H1,2025-06-25 06:00:00,1750831200,39015.0,39015.0,39015.0,39015.0,1,15,4,24.0
292,-1216,MNK,MNKU25,H1,2025-06-25 08:00:00,1750838400,39040.0,39040.0,39040.0,39040.0,1,15,1,24.0
293,-1215,MNK,MNKU25,H1,2025-06-25 10:00:00,1750845600,39115.0,39200.0,39115.0,39200.0,5,5,17,24.0
294,-1214,MNK,MNKU25,H1,2025-06-25 11:00:00,1750849200,39190.0,39225.0,39190.0,39225.0,5,5,14,24.0
295,-1213,MNK,MNKU25,H1,2025-06-25 12:00:00,1750852800,39170.0,39175.0,39170.0,39170.0,3,15,13,24.0
296,-1212,MNK,MNKU25,H1,2025-06-25 13:00:00,1750856400,39190.0,39190.0,39130.0,39150.0,8,5,29,25.0
297,-1211,MNK,MNKU25,H1,2025-06-25 14:00:00,1750860000,39150.0,39150.0,39150.0,39150.0,2,10,3,25.0
298,-1210,MNK,MNKU25,H1,2025-06-25 15:00:00,1750863600,39085.0,39095.0,39085.0,39090.0,11,5,11,25.0
299,-1209,MNK,MNKU25,H1,2025-06-25 16:00:00,1750867200,39050.0,39050.0,39040.0,39040.0,3,5,5,25.0
300,-1208,MNK,MNKU25,H1,2025-06-25 17:00:00,1750870800,39035.0,39060.0,39025.0,39030.0,7,5,9,25.0
301,-1207,MNK,MNKU25,H1,2025-06-25 18:00:00,1750874400,39010.0,39010.0,39010.0,39010.0,1,10,2,25.0
302,-1206,MNK,MNKU25,H1,2025-06-25 20:00:00,1750881600,39005.0,39005.0,39005.0,39005.0,1,20,1,25.0
303,-1205,MNK,MNKU25,H1,2025-06-25 23:00:00,1750892400,39105.0,39105.0,39105.0,39105.0,1,25,1,24.0
304,-1204,MNK,MNKU25,H1,2025-06-26 00:00:00,1750896000,39195.0,39380.0,39175.0,39340.0,23,5,54,25.0
305,-1203,MNK,MNKU25,H1,2025-06-26 01:00:00,1750899600,39325.0,39450.0,39325.0,39380.0,43,5,80,26.0
306,-1202,MNK,MNKU25,H1,2025-06-26 02:00:00,1750903200,39395.0,39435.0,39370.0,39370.0,8,5,14,26.0
307,-1201,MNK,MNKU25,H1,2025-06-26 03:00:00,1750906800,39370.0,39530.0,39370.0,39520.0,33,5,75,27.0
308,-1200,MNK,MNKU25,H1,2025-06-26 04:00:00,1750910400,39530.0,39560.0,39510.0,39545.0,14,5,51,28.0
309,-1199,MNK,MNKU25,H1,2025-06-26 05:00:00,1750914000,39570.0,39660.0,39570.0,39630.0,13,5,23,28.0
310,-1198,MNK,MNKU25,H1,2025-06-26 06:00:00,1750917600,39600.0,39630.0,39575.0,39610.0,6,5,6,28.0
311,-1197,MNK,MNKU25,H1,2025-06-26 07:00:00,1750921200,39540.0,39540.0,39540.0,39540.0,1,15,1,28.0
312,-1196,MNK,MNKU25,H1,2025-06-26 08:00:00,1750924800,39565.0,39585.0,39555.0,39580.0,5,5,7,28.0
313,-1195,MNK,MNKU25,H1,2025-06-26 09:00:00,1750928400,39555.0,39555.0,39555.0,39555.0,2,5,20,28.0
314,-1194,MNK,MNKU25,H1,2025-06-26 10:00:00,1750932000,39605.0,39665.0,39605.0,39665.0,12,5,20,28.0
315,-1193,MNK,MNKU25,H1,2025-06-26 11:00:00,1750935600,39635.0,39635.0,39635.0,39635.0,2,10,20,28.0
316,-1192,MNK,MNKU25,H1,2025-06-26 12:00:00,1750939200,39590.0,39590.0,39530.0,39530.0,3,10,3,28.0
317,-1191,MNK,MNKU25,H1,2025-06-26 13:00:00,1750942800,39565.0,39590.0,39505.0,39520.0,34,5,94,29.0
318,-1190,MNK,MNKU25,H1,2025-06-26 14:00:00,1750946400,39540.0,39605.0,39530.0,39605.0,8,5,16,28.0
319,-1189,MNK,MNKU25,H1,2025-06-26 15:00:00,1750950000,39670.0,39670.0,39670.0,39670.0,1,5,1,28.0
320,-1188,MNK,MNKU25,H1,2025-06-26 16:00:00,1750953600,39725.0,39745.0,39705.0,39705.0,8,10,9,28.0
321,-1187,MNK,MNKU25,H1,2025-06-26 17:00:00,1750957200,39725.0,39725.0,39725.0,39725.0,1,10,1,28.0
322,-1186,MNK,MNKU25,H1,2025-06-26 18:00:00,1750960800,39800.0,39835.0,39790.0,39800.0,6,5,8,28.0
323,-1185,MNK,MNKU25,H1,2025-06-26 19:00:00,1750964400,39870.0,39870.0,39860.0,39860.0,4,5,5,28.0
19,-1580,MNK,MNKZ25,H1,2025-06-26 20:00:00,1750968000,39905.0,39905.0,39905.0,39905.0,0,0,0,0.0
324,-1184,MNK,MNKU25,H1,2025-06-26 22:00:00,1750975200,39905.0,40025.0,39905.0,40025.0,16,5,16,28.0
325,-1183,MNK,MNKU25,H1,2025-06-26 23:00:00,1750978800,40025.0,40050.0,39990.0,40050.0,18,5,38,27.0
326,-1182,MNK,MNKU25,H1,2025-06-27 00:00:00,1750982400,40075.0,40285.0,40050.0,40285.0,47,5,79,28.0
327,-1181,MNK,MNKU25,H1,2025-06-27 01:00:00,1750986000,40290.0,40305.0,40245.0,40280.0,22,5,40,28.0
328,-1180,MNK,MNKU25,H1,2025-06-27 02:00:00,1750989600,40280.0,40325.0,40255.0,40300.0,10,5,18,28.0
329,-1179,MNK,MNKU25,H1,2025-06-27 03:00:00,1750993200,40315.0,40345.0,40300.0,40320.0,5,5,5,27.0
330,-1178,MNK,MNKU25,H1,2025-06-27 04:00:00,1750996800,40315.0,40320.0,40315.0,40320.0,2,15,6,26.0
331,-1177,MNK,MNKU25,H1,2025-06-27 05:00:00,1751000400,40235.0,40265.0,40215.0,40215.0,6,5,6,26.0
332,-1176,MNK,MNKU25,H1,2025-06-27 06:00:00,1751004000,40160.0,40275.0,40160.0,40275.0,7,5,16,25.0
333,-1175,MNK,MNKU25,H1,2025-06-27 07:00:00,1751007600,40290.0,40290.0,40275.0,40275.0,2,5,2,23.0
334,-1174,MNK,MNKU25,H1,2025-06-27 09:00:00,1751014800,40310.0,40335.0,40310.0,40335.0,6,5,14,23.0
335,-1173,MNK,MNKU25,H1,2025-06-27 10:00:00,1751018400,40355.0,40420.0,40350.0,40400.0,21,5,25,23.0
336,-1172,MNK,MNKU25,H1,2025-06-27 11:00:00,1751022000,40405.0,40520.0,40405.0,40510.0,12,5,29,23.0
337,-1171,MNK,MNKU25,H1,2025-06-27 12:00:00,1751025600,40495.0,40515.0,40435.0,40460.0,4,5,5,23.0
338,-1170,MNK,MNKU25,H1,2025-06-27 13:00:00,1751029200,40490.0,40510.0,40460.0,40510.0,9,5,13,23.0
339,-1169,MNK,MNKU25,H1,2025-06-27 14:00:00,1751032800,40510.0,40585.0,40510.0,40555.0,25,5,67,22.0
340,-1168,MNK,MNKU25,H1,2025-06-27 15:00:00,1751036400,40600.0,40725.0,40600.0,40725.0,18,5,30,22.0
341,-1167,MNK,MNKU25,H1,2025-06-27 16:00:00,1751040000,40695.0,40725.0,40695.0,40720.0,10,5,10,22.0
342,-1166,MNK,MNKU25,H1,2025-06-27 17:00:00,1751043600,40695.0,40695.0,40555.0,40600.0,15,5,22,22.0
343,-1165,MNK,MNKU25,H1,2025-06-27 18:00:00,1751047200,40615.0,40615.0,40455.0,40500.0,9,10,28,22.0
344,-1164,MNK,MNKU25,H1,2025-06-27 19:00:00,1751050800,40505.0,40650.0,40500.0,40635.0,23,5,30,22.0
345,-1163,MNK,MNKU25,H1,2025-06-27 20:00:00,1751054400,40620.0,40630.0,40590.0,40590.0,5,5,5,22.0
346,-1162,MNK,MNKU25,H1,2025-06-29 22:00:00,1751234400,40710.0,40780.0,40710.0,40780.0,15,5,20,22.0
347,-1161,MNK,MNKU25,H1,2025-06-29 23:00:00,1751238000,40770.0,40770.0,40665.0,40700.0,10,5,17,23.0
348,-1160,MNK,MNKU25,H1,2025-06-30 00:00:00,1751241600,40730.0,40940.0,40635.0,40905.0,28,5,37,22.0
349,-1159,MNK,MNKU25,H1,2025-06-30 01:00:00,1751245200,40900.0,40950.0,40855.0,40880.0,7,5,13,20.0
350,-1158,MNK,MNKU25,H1,2025-06-30 02:00:00,1751248800,40890.0,40930.0,40880.0,40880.0,9,10,28,20.0
351,-1157,MNK,MNKU25,H1,2025-06-30 03:00:00,1751252400,40860.0,40885.0,40840.0,40840.0,6,5,7,20.0
352,-1156,MNK,MNKU25,H1,2025-06-30 04:00:00,1751256000,40805.0,40805.0,40705.0,40705.0,2,5,2,20.0
353,-1155,MNK,MNKU25,H1,2025-06-30 05:00:00,1751259600,40650.0,40650.0,40505.0,40535.0,12,5,30,19.0
354,-1154,MNK,MNKU25,H1,2025-06-30 06:00:00,1751263200,40515.0,40620.0,40470.0,40540.0,18,5,59,19.0
355,-1153,MNK,MNKU25,H1,2025-06-30 07:00:00,1751266800,40530.0,40530.0,40530.0,40530.0,1,5,1,19.0
356,-1152,MNK,MNKU25,H1,2025-06-30 08:00:00,1751270400,40480.0,40480.0,40480.0,40480.0,1,15,1,19.0
357,-1151,MNK,MNKU25,H1,2025-06-30 09:00:00,1751274000,40455.0,40455.0,40440.0,40440.0,3,5,3,19.0
358,-1150,MNK,MNKU25,H1,2025-06-30 10:00:00,1751277600,40460.0,40460.0,40430.0,40430.0,2,10,2,19.0
359,-1149,MNK,MNKU25,H1,2025-06-30 11:00:00,1751281200,40425.0,40485.0,40425.0,40475.0,6,5,25,19.0
360,-1148,MNK,MNKU25,H1,2025-06-30 13:00:00,1751288400,40445.0,40445.0,40420.0,40445.0,13,5,43,20.0
361,-1147,MNK,MNKU25,H1,2025-06-30 14:00:00,1751292000,40445.0,40445.0,40415.0,40435.0,7,5,28,20.0
362,-1146,MNK,MNKU25,H1,2025-06-30 15:00:00,1751295600,40430.0,40450.0,40410.0,40450.0,4,10,4,20.0
363,-1145,MNK,MNKU25,H1,2025-06-30 16:00:00,1751299200,40430.0,40430.0,40430.0,40430.0,1,10,2,20.0
364,-1144,MNK,MNKU25,H1,2025-06-30 17:00:00,1751302800,40420.0,40435.0,40330.0,40330.0,17,5,37,20.0
365,-1143,MNK,MNKU25,H1,2025-06-30 18:00:00,1751306400,40400.0,40425.0,40360.0,40370.0,7,10,10,20.0
366,-1142,MNK,MNKU25,H1,2025-06-30 19:00:00,1751310000,40380.0,40425.0,40380.0,40385.0,6,5,9,20.0
367,-1141,MNK,MNKU25,H1,2025-06-30 20:00:00,1751313600,40395.0,40395.0,40355.0,40370.0,3,5,4,20.0
368,-1140,MNK,MNKU25,H1,2025-06-30 22:00:00,1751320800,40375.0,40375.0,40375.0,40375.0,1,5,1,20.0
369,-1139,MNK,MNKU25,H1,2025-06-30 23:00:00,1751324400,40370.0,40390.0,40340.0,40365.0,8,5,17,20.0
370,-1138,MNK,MNKU25,H1,2025-07-01 00:00:00,1751328000,40410.0,40445.0,40150.0,40225.0,32,5,127,22.0
371,-1137,MNK,MNKU25,H1,2025-07-01 01:00:00,1751331600,40200.0,40200.0,40130.0,40140.0,7,5,12,22.0
372,-1136,MNK,MNKU25,H1,2025-07-01 02:00:00,1751335200,40160.0,40215.0,40160.0,40215.0,4,10,5,22.0
373,-1135,MNK,MNKU25,H1,2025-07-01 03:00:00,1751338800,40205.0,40205.0,40100.0,40155.0,3,20,3,22.0
374,-1134,MNK,MNKU25,H1,2025-07-01 04:00:00,1751342400,40200.0,40245.0,40155.0,40245.0,14,5,27,22.0
375,-1133,MNK,MNKU25,H1,2025-07-01 05:00:00,1751346000,40180.0,40185.0,40080.0,40100.0,12,10,49,23.0
376,-1132,MNK,MNKU25,H1,2025-07-01 06:00:00,1751349600,40045.0,40045.0,39945.0,39950.0,15,5,42,23.0
377,-1131,MNK,MNKU25,H1,2025-07-01 07:00:00,1751353200,39895.0,39920.0,39890.0,39920.0,5,5,7,22.0
378,-1130,MNK,MNKU25,H1,2025-07-01 08:00:00,1751356800,39850.0,39850.0,39785.0,39805.0,19,5,67,22.0
379,-1129,MNK,MNKU25,H1,2025-07-01 09:00:00,1751360400,39785.0,39785.0,39685.0,39745.0,15,5,21,22.0
380,-1128,MNK,MNKU25,H1,2025-07-01 10:00:00,1751364000,39780.0,39795.0,39780.0,39795.0,4,10,4,21.0
381,-1127,MNK,MNKU25,H1,2025-07-01 11:00:00,1751367600,39730.0,39730.0,39730.0,39730.0,2,5,2,21.0
382,-1126,MNK,MNKU25,H1,2025-07-01 12:00:00,1751371200,39745.0,39755.0,39720.0,39720.0,7,5,16,21.0
383,-1125,MNK,MNKU25,H1,2025-07-01 13:00:00,1751374800,39780.0,39860.0,39765.0,39840.0,10,5,13,21.0
384,-1124,MNK,MNKU25,H1,2025-07-01 14:00:00,1751378400,39845.0,39845.0,39830.0,39830.0,2,15,2,21.0
385,-1123,MNK,MNKU25,H1,2025-07-01 15:00:00,1751382000,39730.0,39795.0,39715.0,39740.0,8,5,13,21.0
386,-1122,MNK,MNKU25,H1,2025-07-01 16:00:00,1751385600,39775.0,39825.0,39775.0,39800.0,3,5,3,20.0
387,-1121,MNK,MNKU25,H1,2025-07-01 17:00:00,1751389200,39845.0,39845.0,39845.0,39845.0,1,15,2,20.0
388,-1120,MNK,MNKU25,H1,2025-07-01 18:00:00,1751392800,39860.0,39885.0,39860.0,39885.0,2,10,3,20.0
389,-1119,MNK,MNKU25,H1,2025-07-01 19:00:00,1751396400,39780.0,39810.0,39750.0,39750.0,6,5,18,19.0
390,-1118,MNK,MNKU25,H1,2025-07-01 20:00:00,1751400000,39740.0,39740.0,39740.0,39740.0,1,5,1,19.0
391,-1117,MNK,MNKU25,H1,2025-07-01 22:00:00,1751407200,39680.0,39690.0,39645.0,39645.0,10,5,10,19.0
392,-1116,MNK,MNKU25,H1,2025-07-01 23:00:00,1751410800,39665.0,39680.0,39530.0,39565.0,14,5,43,20.0
393,-1115,MNK,MNKU25,H1,2025-07-02 00:00:00,1751414400,39630.0,39630.0,39580.0,39580.0,2,10,2,20.0
394,-1114,MNK,MNKU25,H1,2025-07-02 01:00:00,1751418000,39835.0,39835.0,39690.0,39695.0,7,5,18,20.0
395,-1113,MNK,MNKU25,H1,2025-07-02 02:00:00,1751421600,39685.0,39725.0,39680.0,39725.0,7,5,8,20.0
396,-1112,MNK,MNKU25,H1,2025-07-02 03:00:00,1751425200,39730.0,39820.0,39715.0,39820.0,9,5,9,20.0
397,-1111,MNK,MNKU25,H1,2025-07-02 04:00:00,1751428800,39840.0,40015.0,39840.0,40015.0,4,5,4,19.0
398,-1110,MNK,MNKU25,H1,2025-07-02 05:00:00,1751432400,40005.0,40005.0,39875.0,39875.0,9,5,15,18.0
399,-1109,MNK,MNKU25,H1,2025-07-02 06:00:00,1751436000,39880.0,39880.0,39865.0,39880.0,3,10,3,18.0
400,-1108,MNK,MNKU25,H1,2025-07-02 07:00:00,1751439600,39900.0,39905.0,39830.0,39830.0,7,5,10,18.0
401,-1107,MNK,MNKU25,H1,2025-07-02 08:00:00,1751443200,39775.0,39815.0,39775.0,39815.0,2,10,3,18.0
402,-1106,MNK,MNKU25,H1,2025-07-02 09:00:00,1751446800,39865.0,39880.0,39865.0,39880.0,2,15,4,18.0
403,-1105,MNK,MNKU25,H1,2025-07-02 10:00:00,1751450400,39825.0,39825.0,39820.0,39825.0,3,5,3,18.0
404,-1104,MNK,MNKU25,H1,2025-07-02 11:00:00,1751454000,39870.0,39870.0,39825.0,39825.0,2,15,4,17.0
405,-1103,MNK,MNKU25,H1,2025-07-02 12:00:00,1751457600,39850.0,39850.0,39650.0,39650.0,9,10,10,18.0
406,-1102,MNK,MNKU25,H1,2025-07-02 13:00:00,1751461200,39725.0,39770.0,39725.0,39770.0,7,5,15,18.0
407,-1101,MNK,MNKU25,H1,2025-07-02 14:00:00,1751464800,39730.0,39830.0,39720.0,39805.0,18,5,46,18.0
408,-1100,MNK,MNKU25,H1,2025-07-02 15:00:00,1751468400,39805.0,39830.0,39805.0,39810.0,6,5,12,18.0
409,-1099,MNK,MNKU25,H1,2025-07-02 16:00:00,1751472000,39775.0,39800.0,39775.0,39800.0,6,5,10,18.0
410,-1098,MNK,MNKU25,H1,2025-07-02 18:00:00,1751479200,39775.0,39785.0,39765.0,39765.0,4,15,4,18.0
411,-1097,MNK,MNKU25,H1,2025-07-02 19:00:00,1751482800,39740.0,39800.0,39740.0,39795.0,12,5,22,17.0
412,-1096,MNK,MNKU25,H1,2025-07-02 20:00:00,1751486400,39815.0,39835.0,39795.0,39835.0,3,10,3,17.0
413,-1095,MNK,MNKU25,H1,2025-07-02 22:00:00,1751493600,39800.0,39830.0,39795.0,39830.0,4,5,4,16.0
414,-1094,MNK,MNKU25,H1,2025-07-02 23:00:00,1751497200,39845.0,39855.0,39835.0,39835.0,4,15,4,16.0
415,-1093,MNK,MNKU25,H1,2025-07-03 00:00:00,1751500800,39790.0,39930.0,39765.0,39910.0,10,5,12,16.0
416,-1092,MNK,MNKU25,H1,2025-07-03 01:00:00,1751504400,39915.0,39960.0,39860.0,39885.0,12,5,16,16.0
417,-1091,MNK,MNKU25,H1,2025-07-03 02:00:00,1751508000,39810.0,39820.0,39790.0,39820.0,6,5,12,16.0
418,-1090,MNK,MNKU25,H1,2025-07-03 03:00:00,1751511600,39830.0,39895.0,39820.0,39875.0,5,10,5,16.0
419,-1089,MNK,MNKU25,H1,2025-07-03 04:00:00,1751515200,39875.0,39875.0,39875.0,39875.0,1,10,1,15.0
420,-1088,MNK,MNKU25,H1,2025-07-03 05:00:00,1751518800,39805.0,39820.0,39795.0,39795.0,6,5,10,15.0
421,-1087,MNK,MNKU25,H1,2025-07-03 06:00:00,1751522400,39790.0,39840.0,39790.0,39790.0,5,5,6,15.0
422,-1086,MNK,MNKU25,H1,2025-07-03 07:00:00,1751526000,39830.0,39830.0,39830.0,39830.0,2,5,4,15.0
423,-1085,MNK,MNKU25,H1,2025-07-03 09:00:00,1751533200,39860.0,39860.0,39860.0,39860.0,1,10,1,15.0
424,-1084,MNK,MNKU25,H1,2025-07-03 10:00:00,1751536800,39840.0,39840.0,39840.0,39840.0,1,15,1,15.0
425,-1083,MNK,MNKU25,H1,2025-07-03 12:00:00,1751544000,39880.0,40140.0,39880.0,39990.0,20,5,28,15.0
426,-1082,MNK,MNKU25,H1,2025-07-03 13:00:00,1751547600,40045.0,40110.0,40045.0,40080.0,27,5,67,15.0
427,-1081,MNK,MNKU25,H1,2025-07-03 14:00:00,1751551200,40095.0,40170.0,40095.0,40155.0,10,5,10,15.0
428,-1080,MNK,MNKU25,H1,2025-07-03 15:00:00,1751554800,40130.0,40130.0,40130.0,40130.0,1,10,1,15.0
429,-1079,MNK,MNKU25,H1,2025-07-03 16:00:00,1751558400,40150.0,40150.0,40140.0,40140.0,3,5,3,15.0
430,-1078,MNK,MNKU25,H1,2025-07-03 17:00:00,1751562000,40145.0,40145.0,40145.0,40145.0,1,5,1,15.0
431,-1077,MNK,MNKU25,H1,2025-07-03 22:00:00,1751580000,40170.0,40170.0,40145.0,40145.0,2,5,2,14.0
432,-1076,MNK,MNKU25,H1,2025-07-03 23:00:00,1751583600,40035.0,40035.0,40035.0,40035.0,1,20,1,14.0
433,-1075,MNK,MNKU25,H1,2025-07-04 00:00:00,1751587200,40055.0,40055.0,39840.0,39935.0,15,5,18,14.0
434,-1074,MNK,MNKU25,H1,2025-07-04 01:00:00,1751590800,39985.0,40015.0,39950.0,39950.0,8,10,10,14.0
435,-1073,MNK,MNKU25,H1,2025-07-04 02:00:00,1751594400,39910.0,39930.0,39860.0,39870.0,10,5,18,14.0
436,-1072,MNK,MNKU25,H1,2025-07-04 03:00:00,1751598000,39905.0,39905.0,39820.0,39820.0,7,5,8,14.0
437,-1071,MNK,MNKU25,H1,2025-07-04 04:00:00,1751601600,39800.0,39905.0,39775.0,39905.0,20,5,58,14.0
438,-1070,MNK,MNKU25,H1,2025-07-04 05:00:00,1751605200,39915.0,39955.0,39915.0,39940.0,18,5,66,15.0
439,-1069,MNK,MNKU25,H1,2025-07-04 06:00:00,1751608800,39875.0,39905.0,39850.0,39850.0,8,5,16,15.0
440,-1068,MNK,MNKU25,H1,2025-07-04 07:00:00,1751612400,39870.0,39870.0,39865.0,39865.0,3,5,3,15.0
441,-1067,MNK,MNKU25,H1,2025-07-04 08:00:00,1751616000,39815.0,39815.0,39815.0,39815.0,1,10,1,15.0
442,-1066,MNK,MNKU25,H1,2025-07-04 09:00:00,1751619600,39710.0,39740.0,39710.0,39740.0,5,5,7,13.0
443,-1065,MNK,MNKU25,H1,2025-07-04 10:00:00,1751623200,39750.0,39800.0,39750.0,39765.0,4,5,4,13.0
444,-1064,MNK,MNKU25,H1,2025-07-04 12:00:00,1751630400,39785.0,39810.0,39780.0,39810.0,7,5,7,13.0
445,-1063,MNK,MNKU25,H1,2025-07-04 13:00:00,1751634000,39805.0,39900.0,39805.0,39855.0,7,5,9,13.0
446,-1062,MNK,MNKU25,H1,2025-07-04 15:00:00,1751641200,39885.0,39885.0,39840.0,39870.0,4,5,4,13.0
447,-1061,MNK,MNKU25,H1,2025-07-06 22:00:00,1751839200,39945.0,39990.0,39945.0,39955.0,15,5,22,13.0
448,-1060,MNK,MNKU25,H1,2025-07-06 23:00:00,1751842800,39945.0,39955.0,39860.0,39860.0,8,5,19,12.0
449,-1059,MNK,MNKU25,H1,2025-07-07 00:00:00,1751846400,39825.0,39845.0,39765.0,39780.0,18,5,46,13.0
450,-1058,MNK,MNKU25,H1,2025-07-07 01:00:00,1751850000,39700.0,39755.0,39665.0,39755.0,8,5,8,12.0
451,-1057,MNK,MNKU25,H1,2025-07-07 02:00:00,1751853600,39695.0,39720.0,39695.0,39710.0,3,5,3,12.0
452,-1056,MNK,MNKU25,H1,2025-07-07 03:00:00,1751857200,39690.0,39720.0,39690.0,39715.0,6,5,6,12.0
453,-1055,MNK,MNKU25,H1,2025-07-07 04:00:00,1751860800,39750.0,39770.0,39710.0,39710.0,7,15,8,12.0
454,-1054,MNK,MNKU25,H1,2025-07-07 05:00:00,1751864400,39650.0,39665.0,39650.0,39650.0,3,5,3,12.0
455,-1053,MNK,MNKU25,H1,2025-07-07 06:00:00,1751868000,39670.0,39670.0,39670.0,39670.0,1,20,1,12.0
456,-1052,MNK,MNKU25,H1,2025-07-07 07:00:00,1751871600,39695.0,39695.0,39665.0,39665.0,3,15,7,12.0
457,-1051,MNK,MNKU25,H1,2025-07-07 08:00:00,1751875200,39670.0,39670.0,39670.0,39670.0,1,5,1,11.0
458,-1050,MNK,MNKU25,H1,2025-07-07 09:00:00,1751878800,39670.0,39770.0,39670.0,39770.0,4,5,5,12.0
459,-1049,MNK,MNKU25,H1,2025-07-07 10:00:00,1751882400,39815.0,39830.0,39815.0,39830.0,2,10,2,12.0
460,-1048,MNK,MNKU25,H1,2025-07-07 11:00:00,1751886000,39810.0,39860.0,39810.0,39860.0,6,5,8,12.0
461,-1047,MNK,MNKU25,H1,2025-07-07 12:00:00,1751889600,39855.0,39880.0,39845.0,39845.0,12,5,14,12.0
462,-1046,MNK,MNKU25,H1,2025-07-07 13:00:00,1751893200,39845.0,39945.0,39830.0,39925.0,15,5,17,12.0
463,-1045,MNK,MNKU25,H1,2025-07-07 14:00:00,1751896800,39920.0,39920.0,39840.0,39870.0,11,5,17,12.0
464,-1044,MNK,MNKU25,H1,2025-07-07 15:00:00,1751900400,39870.0,39880.0,39865.0,39870.0,4,10,4,11.0
465,-1043,MNK,MNKU25,H1,2025-07-07 16:00:00,1751904000,39780.0,39780.0,39590.0,39670.0,25,5,29,12.0
466,-1042,MNK,MNKU25,H1,2025-07-07 17:00:00,1751907600,39660.0,39775.0,39605.0,39625.0,13,5,52,12.0
467,-1041,MNK,MNKU25,H1,2025-07-07 18:00:00,1751911200,39630.0,39635.0,39465.0,39620.0,16,5,16,12.0
468,-1040,MNK,MNKU25,H1,2025-07-07 19:00:00,1751914800,39610.0,39610.0,39495.0,39530.0,10,5,16,12.0
469,-1039,MNK,MNKU25,H1,2025-07-07 20:00:00,1751918400,39505.0,39515.0,39435.0,39435.0,10,5,14,12.0
470,-1038,MNK,MNKU25,H1,2025-07-07 22:00:00,1751925600,39445.0,39445.0,39430.0,39440.0,6,5,8,12.0
471,-1037,MNK,MNKU25,H1,2025-07-07 23:00:00,1751929200,39470.0,39600.0,39470.0,39585.0,6,15,6,12.0
472,-1036,MNK,MNKU25,H1,2025-07-08 00:00:00,1751932800,39710.0,39870.0,39710.0,39835.0,43,5,103,14.0
473,-1035,MNK,MNKU25,H1,2025-07-08 01:00:00,1751936400,39835.0,39845.0,39685.0,39695.0,7,5,9,14.0
474,-1034,MNK,MNKU25,H1,2025-07-08 02:00:00,1751940000,39710.0,39710.0,39710.0,39710.0,1,5,1,14.0
475,-1033,MNK,MNKU25,H1,2025-07-08 03:00:00,1751943600,39800.0,39800.0,39800.0,39800.0,1,15,1,14.0
476,-1032,MNK,MNKU25,H1,2025-07-08 04:00:00,1751947200,39725.0,39770.0,39710.0,39745.0,14,5,71,15.0
477,-1031,MNK,MNKU25,H1,2025-07-08 05:00:00,1751950800,39785.0,39790.0,39785.0,39790.0,2,5,3,15.0
478,-1030,MNK,MNKU25,H1,2025-07-08 06:00:00,1751954400,39800.0,39895.0,39800.0,39895.0,10,5,13,15.0
479,-1029,MNK,MNKU25,H1,2025-07-08 07:00:00,1751958000,39930.0,39930.0,39930.0,39930.0,1,20,1,14.0
480,-1028,MNK,MNKU25,H1,2025-07-08 08:00:00,1751961600,39940.0,39950.0,39920.0,39930.0,8,5,11,14.0
481,-1027,MNK,MNKU25,H1,2025-07-08 09:00:00,1751965200,39915.0,39915.0,39915.0,39915.0,1,15,1,14.0
482,-1026,MNK,MNKU25,H1,2025-07-08 10:00:00,1751968800,39945.0,39945.0,39915.0,39915.0,2,15,2,14.0
483,-1025,MNK,MNKU25,H1,2025-07-08 11:00:00,1751972400,39930.0,39970.0,39930.0,39970.0,5,10,5,14.0
484,-1024,MNK,MNKU25,H1,2025-07-08 12:00:00,1751976000,39925.0,39940.0,39905.0,39905.0,6,5,7,14.0
485,-1023,MNK,MNKU25,H1,2025-07-08 13:00:00,1751979600,39935.0,40030.0,39925.0,40000.0,9,5,34,14.0
486,-1022,MNK,MNKU25,H1,2025-07-08 14:00:00,1751983200,39955.0,40115.0,39955.0,40065.0,32,5,61,15.0
487,-1021,MNK,MNKU25,H1,2025-07-08 15:00:00,1751986800,40100.0,40100.0,40025.0,40095.0,9,5,11,15.0
488,-1020,MNK,MNKU25,H1,2025-07-08 16:00:00,1751990400,40075.0,40095.0,40075.0,40085.0,15,5,49,15.0
489,-1019,MNK,MNKU25,H1,2025-07-08 17:00:00,1751994000,40075.0,40075.0,40040.0,40070.0,5,5,7,15.0
490,-1018,MNK,MNKU25,H1,2025-07-08 18:00:00,1751997600,40060.0,40060.0,40060.0,40060.0,1,10,2,15.0
491,-1017,MNK,MNKU25,H1,2025-07-08 19:00:00,1752001200,40045.0,40065.0,40045.0,40050.0,7,5,9,15.0
492,-1016,MNK,MNKU25,H1,2025-07-08 20:00:00,1752004800,40040.0,40045.0,40025.0,40025.0,5,5,6,15.0
493,-1015,MNK,MNKU25,H1,2025-07-08 22:00:00,1752012000,40040.0,40055.0,40020.0,40055.0,7,0,8,15.0
494,-1014,MNK,MNKU25,H1,2025-07-08 23:00:00,1752015600,40025.0,40055.0,39995.0,39995.0,4,5,4,15.0
495,-1013,MNK,MNKU25,H1,2025-07-09 00:00:00,1752019200,40000.0,40000.0,39695.0,39695.0,14,5,15,15.0
496,-1012,MNK,MNKU25,H1,2025-07-09 01:00:00,1752022800,39715.0,39770.0,39670.0,39710.0,12,5,12,16.0
497,-1011,MNK,MNKU25,H1,2025-07-09 02:00:00,1752026400,39780.0,39780.0,39765.0,39765.0,3,5,4,15.0
498,-1010,MNK,MNKU25,H1,2025-07-09 03:00:00,1752030000,39785.0,39800.0,39785.0,39785.0,16,5,60,15.0
499,-1009,MNK,MNKU25,H1,2025-07-09 04:00:00,1752033600,39810.0,39850.0,39810.0,39850.0,24,5,78,16.0
500,-1008,MNK,MNKU25,H1,2025-07-09 05:00:00,1752037200,39860.0,39860.0,39830.0,39850.0,7,5,9,16.0
501,-1007,MNK,MNKU25,H1,2025-07-09 06:00:00,1752040800,39885.0,39895.0,39870.0,39895.0,4,5,5,16.0
502,-1006,MNK,MNKU25,H1,2025-07-09 07:00:00,1752044400,39905.0,39905.0,39885.0,39900.0,6,5,6,16.0
503,-1005,MNK,MNKU25,H1,2025-07-09 08:00:00,1752048000,39900.0,39920.0,39890.0,39890.0,5,5,9,16.0
504,-1004,MNK,MNKU25,H1,2025-07-09 09:00:00,1752051600,39860.0,39920.0,39860.0,39910.0,4,5,5,16.0
505,-1003,MNK,MNKU25,H1,2025-07-09 10:00:00,1752055200,39885.0,39885.0,39885.0,39885.0,2,5,20,16.0
506,-1002,MNK,MNKU25,H1,2025-07-09 11:00:00,1752058800,39910.0,39910.0,39910.0,39910.0,2,10,2,16.0
507,-1001,MNK,MNKU25,H1,2025-07-09 12:00:00,1752062400,39895.0,39920.0,39895.0,39920.0,5,5,7,16.0
508,-1000,MNK,MNKU25,H1,2025-07-09 13:00:00,1752066000,39905.0,40005.0,39905.0,39995.0,11,5,14,16.0
509,-999,MNK,MNKU25,H1,2025-07-09 14:00:00,1752069600,39970.0,39970.0,39850.0,39870.0,20,5,31,16.0
510,-998,MNK,MNKU25,H1,2025-07-09 15:00:00,1752073200,39885.0,39895.0,39830.0,39830.0,14,5,21,15.0
511,-997,MNK,MNKU25,H1,2025-07-09 17:00:00,1752080400,39890.0,39905.0,39875.0,39905.0,9,5,13,15.0
512,-996,MNK,MNKU25,H1,2025-07-09 18:00:00,1752084000,39940.0,39955.0,39940.0,39955.0,6,5,7,15.0
513,-995,MNK,MNKU25,H1,2025-07-09 19:00:00,1752087600,39985.0,39995.0,39985.0,39995.0,6,5,6,15.0
514,-994,MNK,MNKU25,H1,2025-07-09 20:00:00,1752091200,39985.0,39995.0,39980.0,39980.0,3,10,3,15.0
515,-993,MNK,MNKU25,H1,2025-07-09 22:00:00,1752098400,40020.0,40020.0,39995.0,39995.0,8,5,10,15.0
516,-992,MNK,MNKU25,H1,2025-07-09 23:00:00,1752102000,40000.0,40000.0,39900.0,39900.0,6,5,9,15.0
517,-991,MNK,MNKU25,H1,2025-07-10 00:00:00,1752105600,39835.0,39835.0,39680.0,39680.0,40,5,81,16.0
518,-990,MNK,MNKU25,H1,2025-07-10 01:00:00,1752109200,39685.0,39710.0,39625.0,39695.0,15,5,15,17.0
519,-989,MNK,MNKU25,H1,2025-07-10 02:00:00,1752112800,39665.0,39710.0,39665.0,39710.0,9,5,20,17.0
520,-988,MNK,MNKU25,H1,2025-07-10 03:00:00,1752116400,39665.0,39685.0,39630.0,39630.0,10,5,10,16.0
521,-987,MNK,MNKU25,H1,2025-07-10 04:00:00,1752120000,39690.0,39690.0,39685.0,39685.0,2,10,4,16.0
522,-986,MNK,MNKU25,H1,2025-07-10 05:00:00,1752123600,39615.0,39615.0,39605.0,39605.0,6,5,9,16.0
523,-985,MNK,MNKU25,H1,2025-07-10 06:00:00,1752127200,39750.0,39755.0,39705.0,39705.0,21,5,40,16.0
524,-984,MNK,MNKU25,H1,2025-07-10 07:00:00,1752130800,39715.0,39750.0,39715.0,39735.0,5,5,5,16.0
525,-983,MNK,MNKU25,H1,2025-07-10 08:00:00,1752134400,39740.0,39770.0,39740.0,39770.0,4,5,4,16.0
526,-982,MNK,MNKU25,H1,2025-07-10 09:00:00,1752138000,39760.0,39780.0,39740.0,39745.0,8,5,8,16.0
527,-981,MNK,MNKU25,H1,2025-07-10 11:00:00,1752145200,39730.0,39760.0,39730.0,39745.0,3,5,4,16.0
528,-980,MNK,MNKU25,H1,2025-07-10 12:00:00,1752148800,39690.0,39705.0,39675.0,39700.0,5,5,5,16.0
529,-979,MNK,MNKU25,H1,2025-07-10 13:00:00,1752152400,39690.0,39725.0,39690.0,39700.0,6,5,7,16.0
530,-978,MNK,MNKU25,H1,2025-07-10 14:00:00,1752156000,39675.0,39770.0,39675.0,39760.0,10,5,15,17.0
531,-977,MNK,MNKU25,H1,2025-07-10 15:00:00,1752159600,39750.0,39790.0,39750.0,39790.0,2,10,2,17.0
532,-976,MNK,MNKU25,H1,2025-07-10 16:00:00,1752163200,39780.0,39780.0,39770.0,39770.0,2,5,2,17.0
533,-975,MNK,MNKU25,H1,2025-07-10 18:00:00,1752170400,39800.0,39800.0,39790.0,39790.0,2,10,4,16.0
534,-974,MNK,MNKU25,H1,2025-07-10 19:00:00,1752174000,39775.0,39780.0,39735.0,39750.0,6,10,19,16.0
28,-1571,MNK,MNKZ25,H1,2025-07-10 20:00:00,1752177600,39640.0,39640.0,39640.0,39640.0,0,0,0,0.0
535,-973,MNK,MNKU25,H1,2025-07-10 22:00:00,1752184800,39815.0,39830.0,39800.0,39830.0,5,5,5,16.0
536,-972,MNK,MNKU25,H1,2025-07-10 23:00:00,1752188400,39800.0,39940.0,39800.0,39940.0,5,15,5,16.0
537,-971,MNK,MNKU25,H1,2025-07-11 00:00:00,1752192000,39955.0,39970.0,39710.0,39785.0,24,5,37,16.0
538,-970,MNK,MNKU25,H1,2025-07-11 01:00:00,1752195600,39715.0,39765.0,39670.0,39670.0,5,5,5,16.0
539,-969,MNK,MNKU25,H1,2025-07-11 02:00:00,1752199200,39685.0,39685.0,39595.0,39595.0,8,5,16,16.0
540,-968,MNK,MNKU25,H1,2025-07-11 03:00:00,1752202800,39650.0,39650.0,39650.0,39650.0,1,5,1,16.0
541,-967,MNK,MNKU25,H1,2025-07-11 05:00:00,1752210000,39715.0,39720.0,39700.0,39715.0,5,5,6,15.0
542,-966,MNK,MNKU25,H1,2025-07-11 06:00:00,1752213600,39610.0,39640.0,39585.0,39585.0,5,5,14,15.0
543,-965,MNK,MNKU25,H1,2025-07-11 07:00:00,1752217200,39515.0,39515.0,39440.0,39440.0,7,5,8,16.0
544,-964,MNK,MNKU25,H1,2025-07-11 08:00:00,1752220800,39385.0,39415.0,39380.0,39415.0,12,5,17,14.0
545,-963,MNK,MNKU25,H1,2025-07-11 09:00:00,1752224400,39435.0,39435.0,39365.0,39385.0,9,5,11,14.0
546,-962,MNK,MNKU25,H1,2025-07-11 10:00:00,1752228000,39405.0,39405.0,39360.0,39360.0,8,5,21,15.0
547,-961,MNK,MNKU25,H1,2025-07-11 11:00:00,1752231600,39345.0,39430.0,39345.0,39430.0,4,5,6,15.0
548,-960,MNK,MNKU25,H1,2025-07-11 12:00:00,1752235200,39405.0,39420.0,39405.0,39420.0,7,5,21,14.0
549,-959,MNK,MNKU25,H1,2025-07-11 13:00:00,1752238800,39450.0,39545.0,39435.0,39545.0,9,5,41,15.0
550,-958,MNK,MNKU25,H1,2025-07-11 14:00:00,1752242400,39540.0,39550.0,39500.0,39500.0,9,5,13,15.0
551,-957,MNK,MNKU25,H1,2025-07-11 15:00:00,1752246000,39500.0,39580.0,39500.0,39580.0,11,5,11,15.0
552,-956,MNK,MNKU25,H1,2025-07-11 16:00:00,1752249600,39525.0,39525.0,39525.0,39525.0,3,5,3,15.0
553,-955,MNK,MNKU25,H1,2025-07-11 17:00:00,1752253200,39555.0,39555.0,39550.0,39550.0,3,10,5,15.0
554,-954,MNK,MNKU25,H1,2025-07-11 18:00:00,1752256800,39590.0,39590.0,39590.0,39590.0,3,5,4,15.0
555,-953,MNK,MNKU25,H1,2025-07-11 19:00:00,1752260400,39600.0,39600.0,39545.0,39555.0,9,5,23,15.0
556,-952,MNK,MNKU25,H1,2025-07-11 20:00:00,1752264000,39550.0,39550.0,39510.0,39525.0,7,5,13,15.0
557,-951,MNK,MNKU25,H1,2025-07-13 22:00:00,1752444000,39485.0,39485.0,39260.0,39315.0,29,5,117,16.0
558,-950,MNK,MNKU25,H1,2025-07-13 23:00:00,1752447600,39355.0,39455.0,39335.0,39450.0,27,5,123,17.0
559,-949,MNK,MNKU25,H1,2025-07-14 00:00:00,1752451200,39465.0,39520.0,39435.0,39440.0,16,5,75,18.0
560,-948,MNK,MNKU25,H1,2025-07-14 01:00:00,1752454800,39460.0,39490.0,39345.0,39490.0,25,5,77,18.0
561,-947,MNK,MNKU25,H1,2025-07-14 02:00:00,1752458400,39495.0,39530.0,39465.0,39465.0,12,5,18,18.0
562,-946,MNK,MNKU25,H1,2025-07-14 03:00:00,1752462000,39520.0,39595.0,39520.0,39595.0,5,5,5,18.0
563,-945,MNK,MNKU25,H1,2025-07-14 04:00:00,1752465600,39600.0,39625.0,39600.0,39625.0,3,5,3,18.0
564,-944,MNK,MNKU25,H1,2025-07-14 05:00:00,1752469200,39615.0,39640.0,39535.0,39535.0,4,5,6,18.0
565,-943,MNK,MNKU25,H1,2025-07-14 06:00:00,1752472800,39475.0,39475.0,39455.0,39460.0,10,5,11,18.0
566,-942,MNK,MNKU25,H1,2025-07-14 07:00:00,1752476400,39440.0,39550.0,39440.0,39550.0,4,5,6,18.0
567,-941,MNK,MNKU25,H1,2025-07-14 08:00:00,1752480000,39425.0,39430.0,39400.0,39430.0,4,5,4,18.0
568,-940,MNK,MNKU25,H1,2025-07-14 09:00:00,1752483600,39400.0,39400.0,39400.0,39400.0,1,5,2,18.0
569,-939,MNK,MNKU25,H1,2025-07-14 10:00:00,1752487200,39400.0,39400.0,39390.0,39395.0,3,5,3,18.0
570,-938,MNK,MNKU25,H1,2025-07-14 11:00:00,1752490800,39400.0,39435.0,39400.0,39400.0,5,5,11,17.0
571,-937,MNK,MNKU25,H1,2025-07-14 12:00:00,1752494400,39390.0,39390.0,39390.0,39390.0,1,10,2,16.0
572,-936,MNK,MNKU25,H1,2025-07-14 13:00:00,1752498000,39430.0,39430.0,39370.0,39390.0,6,5,8,16.0
573,-935,MNK,MNKU25,H1,2025-07-14 14:00:00,1752501600,39380.0,39455.0,39380.0,39420.0,7,5,9,16.0
574,-934,MNK,MNKU25,H1,2025-07-14 15:00:00,1752505200,39520.0,39520.0,39515.0,39515.0,5,10,6,16.0
575,-933,MNK,MNKU25,H1,2025-07-14 16:00:00,1752508800,39550.0,39555.0,39550.0,39550.0,4,5,5,16.0
576,-932,MNK,MNKU25,H1,2025-07-14 17:00:00,1752512400,39575.0,39580.0,39570.0,39570.0,3,5,4,16.0
577,-931,MNK,MNKU25,H1,2025-07-14 19:00:00,1752519600,39550.0,39575.0,39540.0,39560.0,35,5,42,17.0
578,-930,MNK,MNKU25,H1,2025-07-14 20:00:00,1752523200,39550.0,39555.0,39535.0,39540.0,5,10,6,17.0
579,-929,MNK,MNKU25,H1,2025-07-14 22:00:00,1752530400,39540.0,39540.0,39540.0,39540.0,5,10,5,17.0
580,-928,MNK,MNKU25,H1,2025-07-14 23:00:00,1752534000,39530.0,39635.0,39530.0,39570.0,13,5,14,17.0
581,-927,MNK,MNKU25,H1,2025-07-15 00:00:00,1752537600,39485.0,39605.0,39445.0,39525.0,22,5,47,17.0
582,-926,MNK,MNKU25,H1,2025-07-15 01:00:00,1752541200,39430.0,39690.0,39430.0,39640.0,24,5,24,17.0
583,-925,MNK,MNKU25,H1,2025-07-15 02:00:00,1752544800,39570.0,39570.0,39480.0,39480.0,22,5,50,17.0
584,-924,MNK,MNKU25,H1,2025-07-15 03:00:00,1752548400,39500.0,39540.0,39500.0,39540.0,7,5,10,18.0
585,-923,MNK,MNKU25,H1,2025-07-15 04:00:00,1752552000,39570.0,39570.0,39560.0,39560.0,5,10,24,18.0
586,-922,MNK,MNKU25,H1,2025-07-15 05:00:00,1752555600,39630.0,39650.0,39630.0,39650.0,2,20,2,18.0
587,-921,MNK,MNKU25,H1,2025-07-15 06:00:00,1752559200,39705.0,39750.0,39705.0,39710.0,18,5,59,18.0
588,-920,MNK,MNKU25,H1,2025-07-15 07:00:00,1752562800,39710.0,39710.0,39710.0,39710.0,1,5,1,18.0
589,-919,MNK,MNKU25,H1,2025-07-15 09:00:00,1752570000,39725.0,39725.0,39720.0,39725.0,3,5,4,17.0
590,-918,MNK,MNKU25,H1,2025-07-15 10:00:00,1752573600,39785.0,39800.0,39785.0,39790.0,5,5,5,17.0
591,-917,MNK,MNKU25,H1,2025-07-15 11:00:00,1752577200,39770.0,39770.0,39755.0,39755.0,2,15,2,17.0
592,-916,MNK,MNKU25,H1,2025-07-15 12:00:00,1752580800,39755.0,39815.0,39745.0,39815.0,9,5,11,17.0
593,-915,MNK,MNKU25,H1,2025-07-15 13:00:00,1752584400,39795.0,39855.0,39760.0,39760.0,18,5,23,17.0
594,-914,MNK,MNKU25,H1,2025-07-15 14:00:00,1752588000,39780.0,39820.0,39720.0,39720.0,8,5,11,17.0
595,-913,MNK,MNKU25,H1,2025-07-15 15:00:00,1752591600,39710.0,39755.0,39705.0,39730.0,13,10,15,17.0
596,-912,MNK,MNKU25,H1,2025-07-15 16:00:00,1752595200,39705.0,39725.0,39680.0,39715.0,6,5,6,17.0
597,-911,MNK,MNKU25,H1,2025-07-15 17:00:00,1752598800,39760.0,39760.0,39745.0,39745.0,2,15,2,17.0
598,-910,MNK,MNKU25,H1,2025-07-15 18:00:00,1752602400,39795.0,39795.0,39690.0,39690.0,5,5,7,17.0
599,-909,MNK,MNKU25,H1,2025-07-15 19:00:00,1752606000,39700.0,39710.0,39675.0,39685.0,5,5,5,17.0
600,-908,MNK,MNKU25,H1,2025-07-15 20:00:00,1752609600,39645.0,39645.0,39620.0,39635.0,6,5,26,17.0
601,-907,MNK,MNKU25,H1,2025-07-15 22:00:00,1752616800,39675.0,39690.0,39620.0,39660.0,9,15,11,17.0
602,-906,MNK,MNKU25,H1,2025-07-15 23:00:00,1752620400,39655.0,39720.0,39615.0,39715.0,15,5,39,17.0
603,-905,MNK,MNKU25,H1,2025-07-16 00:00:00,1752624000,39780.0,39780.0,39575.0,39750.0,20,5,27,18.0
604,-904,MNK,MNKU25,H1,2025-07-16 01:00:00,1752627600,39820.0,39820.0,39690.0,39690.0,6,5,12,18.0
605,-903,MNK,MNKU25,H1,2025-07-16 02:00:00,1752631200,39695.0,39695.0,39695.0,39695.0,1,20,1,18.0
606,-902,MNK,MNKU25,H1,2025-07-16 03:00:00,1752634800,39695.0,39695.0,39695.0,39695.0,1,5,1,18.0
607,-901,MNK,MNKU25,H1,2025-07-16 04:00:00,1752638400,39790.0,39950.0,39790.0,39950.0,7,5,29,18.0
608,-900,MNK,MNKU25,H1,2025-07-16 06:00:00,1752645600,39680.0,39680.0,39660.0,39670.0,4,5,4,18.0
609,-899,MNK,MNKU25,H1,2025-07-16 07:00:00,1752649200,39625.0,39675.0,39590.0,39675.0,6,5,6,18.0
610,-898,MNK,MNKU25,H1,2025-07-16 08:00:00,1752652800,39670.0,39700.0,39670.0,39700.0,2,5,11,18.0
611,-897,MNK,MNKU25,H1,2025-07-16 09:00:00,1752656400,39655.0,39655.0,39635.0,39635.0,5,5,6,18.0
612,-896,MNK,MNKU25,H1,2025-07-16 10:00:00,1752660000,39625.0,39625.0,39625.0,39625.0,1,5,2,18.0
613,-895,MNK,MNKU25,H1,2025-07-16 11:00:00,1752663600,39615.0,39615.0,39610.0,39610.0,3,5,4,18.0
614,-894,MNK,MNKU25,H1,2025-07-16 12:00:00,1752667200,39645.0,39670.0,39645.0,39670.0,5,5,5,17.0
615,-893,MNK,MNKU25,H1,2025-07-16 13:00:00,1752670800,39635.0,39635.0,39595.0,39595.0,9,5,15,17.0
616,-892,MNK,MNKU25,H1,2025-07-16 14:00:00,1752674400,39585.0,39605.0,39495.0,39550.0,15,5,24,18.0
617,-891,MNK,MNKU25,H1,2025-07-16 15:00:00,1752678000,39535.0,39550.0,39215.0,39485.0,71,5,230,21.0
618,-890,MNK,MNKU25,H1,2025-07-16 16:00:00,1752681600,39515.0,39515.0,39480.0,39495.0,5,5,9,20.0
619,-889,MNK,MNKU25,H1,2025-07-16 17:00:00,1752685200,39525.0,39540.0,39515.0,39525.0,8,5,24,21.0
620,-888,MNK,MNKU25,H1,2025-07-16 18:00:00,1752688800,39575.0,39575.0,39575.0,39575.0,1,15,3,20.0
621,-887,MNK,MNKU25,H1,2025-07-16 19:00:00,1752692400,39630.0,39630.0,39610.0,39620.0,3,5,3,20.0
622,-886,MNK,MNKU25,H1,2025-07-16 20:00:00,1752696000,39600.0,39610.0,39585.0,39610.0,3,10,6,20.0
623,-885,MNK,MNKU25,H1,2025-07-16 22:00:00,1752703200,39620.0,39620.0,39620.0,39620.0,2,15,2,20.0
624,-884,MNK,MNKU25,H1,2025-07-16 23:00:00,1752706800,39535.0,39535.0,39525.0,39525.0,3,10,4,20.0
625,-883,MNK,MNKU25,H1,2025-07-17 00:00:00,1752710400,39470.0,39565.0,39425.0,39535.0,24,5,41,20.0
626,-882,MNK,MNKU25,H1,2025-07-17 01:00:00,1752714000,39580.0,39645.0,39555.0,39580.0,15,5,17,20.0
627,-881,MNK,MNKU25,H1,2025-07-17 02:00:00,1752717600,39635.0,39685.0,39635.0,39660.0,5,5,5,20.0
628,-880,MNK,MNKU25,H1,2025-07-17 03:00:00,1752721200,39700.0,39825.0,39700.0,39825.0,13,5,23,20.0
629,-879,MNK,MNKU25,H1,2025-07-17 04:00:00,1752724800,39815.0,39815.0,39735.0,39785.0,8,5,19,19.0
630,-878,MNK,MNKU25,H1,2025-07-17 05:00:00,1752728400,39810.0,39855.0,39790.0,39855.0,10,5,22,18.0
631,-877,MNK,MNKU25,H1,2025-07-17 06:00:00,1752732000,39890.0,39960.0,39890.0,39960.0,14,10,21,17.0
632,-876,MNK,MNKU25,H1,2025-07-17 07:00:00,1752735600,39930.0,39930.0,39915.0,39915.0,2,5,2,16.0
633,-875,MNK,MNKU25,H1,2025-07-17 08:00:00,1752739200,39935.0,39935.0,39925.0,39930.0,3,5,3,16.0
634,-874,MNK,MNKU25,H1,2025-07-17 09:00:00,1752742800,39925.0,39925.0,39925.0,39925.0,4,15,4,16.0
635,-873,MNK,MNKU25,H1,2025-07-17 10:00:00,1752746400,39885.0,39900.0,39885.0,39900.0,2,15,7,16.0
636,-872,MNK,MNKU25,H1,2025-07-17 11:00:00,1752750000,39880.0,39905.0,39870.0,39870.0,3,15,3,16.0
637,-871,MNK,MNKU25,H1,2025-07-17 12:00:00,1752753600,39890.0,39960.0,39890.0,39925.0,9,5,9,15.0
638,-870,MNK,MNKU25,H1,2025-07-17 14:00:00,1752760800,39955.0,39955.0,39955.0,39955.0,1,20,1,15.0
639,-869,MNK,MNKU25,H1,2025-07-17 15:00:00,1752764400,40015.0,40040.0,40005.0,40040.0,13,10,13,16.0
640,-868,MNK,MNKU25,H1,2025-07-17 16:00:00,1752768000,40065.0,40085.0,40065.0,40070.0,3,10,3,16.0
641,-867,MNK,MNKU25,H1,2025-07-17 17:00:00,1752771600,40085.0,40115.0,40080.0,40115.0,6,10,10,16.0
642,-866,MNK,MNKU25,H1,2025-07-17 18:00:00,1752775200,40105.0,40160.0,40105.0,40160.0,3,10,5,16.0
643,-865,MNK,MNKU25,H1,2025-07-17 19:00:00,1752778800,40110.0,40110.0,40080.0,40100.0,6,5,6,16.0
644,-864,MNK,MNKU25,H1,2025-07-17 20:00:00,1752782400,40110.0,40115.0,40090.0,40095.0,9,5,10,16.0
645,-863,MNK,MNKU25,H1,2025-07-17 22:00:00,1752789600,40095.0,40100.0,40095.0,40100.0,4,5,20,16.0
646,-862,MNK,MNKU25,H1,2025-07-17 23:00:00,1752793200,40140.0,40165.0,40125.0,40165.0,4,5,5,16.0
647,-861,MNK,MNKU25,H1,2025-07-18 00:00:00,1752796800,40110.0,40110.0,39950.0,39965.0,19,5,26,16.0
648,-860,MNK,MNKU25,H1,2025-07-18 01:00:00,1752800400,39960.0,39960.0,39840.0,39855.0,11,5,16,16.0
649,-859,MNK,MNKU25,H1,2025-07-18 02:00:00,1752804000,39815.0,39855.0,39800.0,39855.0,5,5,10,16.0
650,-858,MNK,MNKU25,H1,2025-07-18 04:00:00,1752811200,39805.0,39805.0,39805.0,39805.0,1,10,1,16.0
651,-857,MNK,MNKU25,H1,2025-07-18 05:00:00,1752814800,39880.0,39880.0,39880.0,39880.0,1,5,1,16.0
652,-856,MNK,MNKU25,H1,2025-07-18 07:00:00,1752822000,39850.0,39855.0,39850.0,39855.0,2,15,3,16.0
653,-855,MNK,MNKU25,H1,2025-07-18 08:00:00,1752825600,39880.0,39880.0,39880.0,39880.0,1,5,10,15.0
654,-854,MNK,MNKU25,H1,2025-07-18 09:00:00,1752829200,39870.0,39870.0,39870.0,39870.0,1,5,1,15.0
655,-853,MNK,MNKU25,H1,2025-07-18 10:00:00,1752832800,39855.0,39855.0,39805.0,39805.0,4,5,8,14.0
656,-852,MNK,MNKU25,H1,2025-07-18 11:00:00,1752836400,39810.0,39810.0,39810.0,39810.0,1,15,1,14.0
657,-851,MNK,MNKU25,H1,2025-07-18 12:00:00,1752840000,39780.0,39810.0,39780.0,39810.0,6,10,14,14.0
658,-850,MNK,MNKU25,H1,2025-07-18 13:00:00,1752843600,39790.0,39790.0,39765.0,39775.0,19,5,91,15.0
659,-849,MNK,MNKU25,H1,2025-07-18 14:00:00,1752847200,39785.0,39800.0,39740.0,39740.0,25,5,55,15.0
660,-848,MNK,MNKU25,H1,2025-07-18 15:00:00,1752850800,39740.0,39745.0,39725.0,39740.0,9,10,9,15.0
661,-847,MNK,MNKU25,H1,2025-07-18 16:00:00,1752854400,39770.0,39770.0,39715.0,39735.0,13,5,15,15.0
662,-846,MNK,MNKU25,H1,2025-07-18 17:00:00,1752858000,39710.0,39710.0,39680.0,39705.0,5,5,5,15.0
663,-845,MNK,MNKU25,H1,2025-07-18 18:00:00,1752861600,39700.0,39700.0,39700.0,39700.0,2,5,20,16.0
664,-844,MNK,MNKU25,H1,2025-07-18 19:00:00,1752865200,39725.0,39755.0,39710.0,39745.0,13,5,20,16.0
665,-843,MNK,MNKU25,H1,2025-07-18 20:00:00,1752868800,39765.0,39765.0,39755.0,39755.0,2,15,2,15.0
666,-842,MNK,MNKU25,H1,2025-07-20 22:00:00,1753048800,39845.0,39975.0,39845.0,39975.0,10,5,11,15.0
667,-841,MNK,MNKU25,H1,2025-07-20 23:00:00,1753052400,39990.0,40030.0,39920.0,39920.0,13,15,16,15.0
668,-840,MNK,MNKU25,H1,2025-07-21 00:00:00,1753056000,39870.0,39880.0,39850.0,39850.0,3,20,6,15.0
669,-839,MNK,MNKU25,H1,2025-07-21 01:00:00,1753059600,39820.0,39840.0,39820.0,39840.0,2,5,2,15.0
670,-838,MNK,MNKU25,H1,2025-07-21 02:00:00,1753063200,39840.0,39855.0,39830.0,39845.0,6,5,12,15.0
671,-837,MNK,MNKU25,H1,2025-07-21 03:00:00,1753066800,39860.0,39860.0,39850.0,39850.0,2,5,2,15.0
672,-836,MNK,MNKU25,H1,2025-07-21 04:00:00,1753070400,39865.0,39870.0,39865.0,39870.0,3,5,3,15.0
673,-835,MNK,MNKU25,H1,2025-07-21 05:00:00,1753074000,39865.0,39865.0,39865.0,39865.0,1,5,1,15.0
674,-834,MNK,MNKU25,H1,2025-07-21 06:00:00,1753077600,39880.0,39880.0,39855.0,39855.0,6,5,6,14.0
675,-833,MNK,MNKU25,H1,2025-07-21 09:00:00,1753088400,39850.0,39850.0,39850.0,39850.0,1,5,1,14.0
676,-832,MNK,MNKU25,H1,2025-07-21 10:00:00,1753092000,39825.0,39825.0,39810.0,39810.0,4,5,6,14.0
677,-831,MNK,MNKU25,H1,2025-07-21 11:00:00,1753095600,39805.0,39805.0,39805.0,39805.0,1,5,1,14.0
678,-830,MNK,MNKU25,H1,2025-07-21 12:00:00,1753099200,39800.0,39800.0,39755.0,39755.0,5,5,6,14.0
679,-829,MNK,MNKU25,H1,2025-07-21 13:00:00,1753102800,39730.0,39800.0,39720.0,39800.0,9,5,11,14.0
680,-828,MNK,MNKU25,H1,2025-07-21 14:00:00,1753106400,39855.0,39955.0,39855.0,39950.0,9,5,11,14.0
681,-827,MNK,MNKU25,H1,2025-07-21 15:00:00,1753110000,39955.0,39955.0,39945.0,39945.0,4,5,4,14.0
682,-826,MNK,MNKU25,H1,2025-07-21 16:00:00,1753113600,39930.0,39930.0,39910.0,39910.0,3,5,5,14.0
683,-825,MNK,MNKU25,H1,2025-07-21 17:00:00,1753117200,39945.0,39950.0,39940.0,39940.0,4,5,8,14.0
684,-824,MNK,MNKU25,H1,2025-07-21 18:00:00,1753120800,39945.0,39945.0,39890.0,39890.0,2,15,2,14.0
685,-823,MNK,MNKU25,H1,2025-07-21 19:00:00,1753124400,39895.0,39895.0,39835.0,39840.0,8,5,10,14.0
686,-822,MNK,MNKU25,H1,2025-07-21 20:00:00,1753128000,39855.0,39865.0,39850.0,39865.0,4,10,5,14.0
687,-821,MNK,MNKU25,H1,2025-07-21 22:00:00,1753135200,39850.0,39850.0,39835.0,39835.0,2,15,2,14.0
688,-820,MNK,MNKU25,H1,2025-07-21 23:00:00,1753138800,39860.0,39860.0,39815.0,39840.0,9,10,11,14.0
689,-819,MNK,MNKU25,H1,2025-07-22 00:00:00,1753142400,39910.0,40305.0,39910.0,39965.0,41,5,72,11.0
690,-818,MNK,MNKU25,H1,2025-07-22 01:00:00,1753146000,39965.0,40035.0,39930.0,39950.0,11,10,23,12.0
691,-817,MNK,MNKU25,H1,2025-07-22 02:00:00,1753149600,39940.0,39950.0,39880.0,39920.0,11,5,15,11.0
692,-816,MNK,MNKU25,H1,2025-07-22 03:00:00,1753153200,39770.0,39790.0,39670.0,39750.0,7,5,9,12.0
693,-815,MNK,MNKU25,H1,2025-07-22 04:00:00,1753156800,39755.0,39755.0,39685.0,39690.0,12,5,17,12.0
694,-814,MNK,MNKU25,H1,2025-07-22 05:00:00,1753160400,39730.0,39740.0,39720.0,39740.0,5,5,6,12.0
695,-813,MNK,MNKU25,H1,2025-07-22 06:00:00,1753164000,39750.0,39800.0,39750.0,39785.0,14,5,27,12.0
696,-812,MNK,MNKU25,H1,2025-07-22 07:00:00,1753167600,39850.0,39850.0,39850.0,39850.0,1,15,2,12.0
697,-811,MNK,MNKU25,H1,2025-07-22 08:00:00,1753171200,39825.0,39825.0,39825.0,39825.0,2,5,12,12.0
698,-810,MNK,MNKU25,H1,2025-07-22 09:00:00,1753174800,39775.0,39780.0,39775.0,39780.0,3,5,3,11.0
699,-809,MNK,MNKU25,H1,2025-07-22 10:00:00,1753178400,39750.0,39780.0,39750.0,39780.0,2,5,2,11.0
700,-808,MNK,MNKU25,H1,2025-07-22 11:00:00,1753182000,39755.0,39775.0,39755.0,39775.0,6,5,10,11.0
701,-807,MNK,MNKU25,H1,2025-07-22 12:00:00,1753185600,39790.0,39810.0,39775.0,39775.0,4,5,5,11.0
702,-806,MNK,MNKU25,H1,2025-07-22 13:00:00,1753189200,39735.0,39735.0,39535.0,39535.0,9,5,34,11.0
703,-805,MNK,MNKU25,H1,2025-07-22 14:00:00,1753192800,39515.0,39615.0,39495.0,39600.0,14,5,21,11.0
704,-804,MNK,MNKU25,H1,2025-07-22 15:00:00,1753196400,39630.0,39630.0,39590.0,39590.0,5,10,5,11.0
705,-803,MNK,MNKU25,H1,2025-07-22 16:00:00,1753200000,39590.0,39590.0,39590.0,39590.0,1,20,1,11.0
706,-802,MNK,MNKU25,H1,2025-07-22 17:00:00,1753203600,39600.0,39600.0,39600.0,39600.0,1,15,2,11.0
707,-801,MNK,MNKU25,H1,2025-07-22 18:00:00,1753207200,39625.0,39645.0,39625.0,39630.0,4,10,4,11.0
708,-800,MNK,MNKU25,H1,2025-07-22 19:00:00,1753210800,39655.0,39670.0,39650.0,39650.0,6,5,10,11.0
709,-799,MNK,MNKU25,H1,2025-07-22 20:00:00,1753214400,39630.0,39665.0,39630.0,39665.0,6,5,9,11.0
710,-798,MNK,MNKU25,H1,2025-07-22 22:00:00,1753221600,39685.0,39700.0,39680.0,39700.0,4,15,4,11.0
711,-797,MNK,MNKU25,H1,2025-07-22 23:00:00,1753225200,39710.0,40445.0,39700.0,40420.0,51,5,81,12.0
712,-796,MNK,MNKU25,H1,2025-07-23 00:00:00,1753228800,40330.0,40795.0,40300.0,40795.0,68,5,108,14.0
713,-795,MNK,MNKU25,H1,2025-07-23 01:00:00,1753232400,40805.0,40910.0,40765.0,40905.0,53,5,166,16.0
714,-794,MNK,MNKU25,H1,2025-07-23 02:00:00,1753236000,40955.0,41115.0,40910.0,41095.0,56,5,135,18.0
715,-793,MNK,MNKU25,H1,2025-07-23 03:00:00,1753239600,41090.0,41155.0,41090.0,41155.0,25,5,33,18.0
716,-792,MNK,MNKU25,H1,2025-07-23 04:00:00,1753243200,41110.0,41210.0,41045.0,41210.0,24,5,27,18.0
717,-791,MNK,MNKU25,H1,2025-07-23 05:00:00,1753246800,41255.0,41385.0,41235.0,41355.0,38,5,46,19.0
718,-790,MNK,MNKU25,H1,2025-07-23 06:00:00,1753250400,41350.0,41350.0,41230.0,41230.0,41,5,165,21.0
719,-789,MNK,MNKU25,H1,2025-07-23 07:00:00,1753254000,41200.0,41200.0,41120.0,41155.0,10,5,17,21.0
720,-788,MNK,MNKU25,H1,2025-07-23 08:00:00,1753257600,41150.0,41295.0,41150.0,41295.0,31,5,86,22.0
721,-787,MNK,MNKU25,H1,2025-07-23 09:00:00,1753261200,41340.0,41405.0,41340.0,41405.0,17,5,44,22.0
722,-786,MNK,MNKU25,H1,2025-07-23 10:00:00,1753264800,41335.0,41340.0,41290.0,41290.0,8,5,18,22.0
723,-785,MNK,MNKU25,H1,2025-07-23 11:00:00,1753268400,41275.0,41275.0,41220.0,41260.0,13,5,23,23.0
724,-784,MNK,MNKU25,H1,2025-07-23 12:00:00,1753272000,41300.0,41400.0,41295.0,41400.0,9,5,10,23.0
725,-783,MNK,MNKU25,H1,2025-07-23 13:00:00,1753275600,41400.0,41545.0,41400.0,41465.0,48,5,162,25.0
726,-782,MNK,MNKU25,H1,2025-07-23 14:00:00,1753279200,41470.0,41550.0,41470.0,41550.0,18,5,26,25.0
727,-781,MNK,MNKU25,H1,2025-07-23 15:00:00,1753282800,41540.0,41760.0,41530.0,41760.0,54,5,186,28.0
728,-780,MNK,MNKU25,H1,2025-07-23 16:00:00,1753286400,41760.0,41790.0,41700.0,41700.0,23,5,28,28.0
729,-779,MNK,MNKU25,H1,2025-07-23 17:00:00,1753290000,41700.0,41745.0,41615.0,41700.0,28,5,75,29.0
730,-778,MNK,MNKU25,H1,2025-07-23 18:00:00,1753293600,41715.0,41745.0,41710.0,41710.0,5,15,5,28.0
731,-777,MNK,MNKU25,H1,2025-07-23 19:00:00,1753297200,41685.0,41700.0,41640.0,41700.0,18,5,21,27.0
732,-776,MNK,MNKU25,H1,2025-07-23 20:00:00,1753300800,41695.0,41760.0,41695.0,41760.0,15,5,20,27.0
733,-775,MNK,MNKU25,H1,2025-07-23 22:00:00,1753308000,41755.0,41755.0,41725.0,41740.0,9,5,11,27.0
734,-774,MNK,MNKU25,H1,2025-07-23 23:00:00,1753311600,41760.0,41815.0,41665.0,41815.0,18,5,23,28.0
735,-773,MNK,MNKU25,H1,2025-07-24 00:00:00,1753315200,41780.0,41875.0,41675.0,41855.0,49,5,116,29.0
736,-772,MNK,MNKU25,H1,2025-07-24 01:00:00,1753318800,41845.0,42025.0,41845.0,42025.0,53,5,104,30.0
737,-771,MNK,MNKU25,H1,2025-07-24 02:00:00,1753322400,42000.0,42075.0,41995.0,42020.0,16,5,28,31.0
738,-770,MNK,MNKU25,H1,2025-07-24 03:00:00,1753326000,42035.0,42125.0,41885.0,41930.0,19,5,25,31.0
739,-769,MNK,MNKU25,H1,2025-07-24 04:00:00,1753329600,41900.0,41910.0,41870.0,41880.0,7,5,11,31.0
740,-768,MNK,MNKU25,H1,2025-07-24 05:00:00,1753333200,41895.0,41920.0,41835.0,41880.0,8,0,21,31.0
741,-767,MNK,MNKU25,H1,2025-07-24 06:00:00,1753336800,41930.0,41930.0,41930.0,41930.0,1,20,2,31.0
742,-766,MNK,MNKU25,H1,2025-07-24 07:00:00,1753340400,41845.0,41865.0,41845.0,41865.0,8,5,18,31.0
743,-765,MNK,MNKU25,H1,2025-07-24 08:00:00,1753344000,41825.0,41865.0,41800.0,41805.0,10,5,29,31.0
744,-764,MNK,MNKU25,H1,2025-07-24 09:00:00,1753347600,41805.0,41825.0,41790.0,41810.0,7,5,16,32.0
745,-763,MNK,MNKU25,H1,2025-07-24 10:00:00,1753351200,41780.0,41780.0,41710.0,41710.0,11,5,15,32.0
746,-762,MNK,MNKU25,H1,2025-07-24 11:00:00,1753354800,41730.0,41730.0,41680.0,41680.0,7,5,8,32.0
747,-761,MNK,MNKU25,H1,2025-07-24 12:00:00,1753358400,41660.0,41745.0,41660.0,41710.0,14,10,42,32.0
748,-760,MNK,MNKU25,H1,2025-07-24 13:00:00,1753362000,41685.0,41695.0,41645.0,41685.0,10,10,40,33.0
749,-759,MNK,MNKU25,H1,2025-07-24 14:00:00,1753365600,41675.0,41730.0,41590.0,41730.0,10,5,27,33.0
750,-758,MNK,MNKU25,H1,2025-07-24 15:00:00,1753369200,41750.0,41755.0,41715.0,41745.0,13,5,44,34.0
751,-757,MNK,MNKU25,H1,2025-07-24 16:00:00,1753372800,41715.0,41730.0,41715.0,41730.0,2,5,2,34.0
752,-756,MNK,MNKU25,H1,2025-07-24 17:00:00,1753376400,41775.0,41785.0,41765.0,41785.0,7,5,18,34.0
753,-755,MNK,MNKU25,H1,2025-07-24 18:00:00,1753380000,41785.0,41815.0,41750.0,41785.0,7,5,8,34.0
754,-754,MNK,MNKU25,H1,2025-07-24 19:00:00,1753383600,41775.0,41775.0,41655.0,41655.0,8,5,18,34.0
755,-753,MNK,MNKU25,H1,2025-07-24 20:00:00,1753387200,41640.0,41720.0,41640.0,41720.0,4,5,13,34.0
756,-752,MNK,MNKU25,H1,2025-07-24 22:00:00,1753394400,41725.0,41755.0,41725.0,41755.0,2,20,2,34.0
757,-751,MNK,MNKU25,H1,2025-07-24 23:00:00,1753398000,41765.0,41765.0,41675.0,41730.0,10,5,16,34.0
758,-750,MNK,MNKU25,H1,2025-07-25 00:00:00,1753401600,41720.0,41765.0,41650.0,41730.0,13,5,16,34.0
759,-749,MNK,MNKU25,H1,2025-07-25 01:00:00,1753405200,41715.0,41715.0,41625.0,41625.0,25,5,55,35.0
760,-748,MNK,MNKU25,H1,2025-07-25 02:00:00,1753408800,41630.0,41660.0,41630.0,41660.0,3,10,3,35.0
761,-747,MNK,MNKU25,H1,2025-07-25 03:00:00,1753412400,41635.0,41635.0,41530.0,41540.0,7,10,7,34.0
762,-746,MNK,MNKU25,H1,2025-07-25 04:00:00,1753416000,41540.0,41615.0,41485.0,41485.0,16,5,51,34.0
763,-745,MNK,MNKU25,H1,2025-07-25 05:00:00,1753419600,41505.0,41505.0,41495.0,41505.0,5,5,17,34.0
764,-744,MNK,MNKU25,H1,2025-07-25 06:00:00,1753423200,41520.0,41520.0,41420.0,41420.0,8,5,17,34.0
765,-743,MNK,MNKU25,H1,2025-07-25 07:00:00,1753426800,41400.0,41400.0,41340.0,41340.0,7,5,26,35.0
766,-742,MNK,MNKU25,H1,2025-07-25 08:00:00,1753430400,41420.0,41475.0,41420.0,41475.0,7,5,26,35.0
767,-741,MNK,MNKU25,H1,2025-07-25 10:00:00,1753437600,41465.0,41515.0,41465.0,41500.0,10,5,20,35.0
768,-740,MNK,MNKU25,H1,2025-07-25 11:00:00,1753441200,41485.0,41495.0,41400.0,41400.0,9,5,15,35.0
769,-739,MNK,MNKU25,H1,2025-07-25 12:00:00,1753444800,41425.0,41465.0,41425.0,41465.0,5,5,16,35.0
770,-738,MNK,MNKU25,H1,2025-07-25 13:00:00,1753448400,41455.0,41455.0,41340.0,41365.0,6,5,25,35.0
771,-737,MNK,MNKU25,H1,2025-07-25 14:00:00,1753452000,41400.0,41415.0,41370.0,41400.0,23,5,70,36.0
772,-736,MNK,MNKU25,H1,2025-07-25 15:00:00,1753455600,41400.0,41420.0,41360.0,41360.0,10,5,28,36.0
773,-735,MNK,MNKU25,H1,2025-07-25 16:00:00,1753459200,41450.0,41450.0,41450.0,41450.0,3,5,5,36.0
774,-734,MNK,MNKU25,H1,2025-07-25 17:00:00,1753462800,41430.0,41440.0,41430.0,41440.0,3,5,5,36.0
775,-733,MNK,MNKU25,H1,2025-07-25 18:00:00,1753466400,41420.0,41420.0,41420.0,41420.0,2,10,3,36.0
776,-732,MNK,MNKU25,H1,2025-07-25 19:00:00,1753470000,41415.0,41420.0,41400.0,41420.0,9,5,19,36.0
777,-731,MNK,MNKU25,H1,2025-07-25 20:00:00,1753473600,41405.0,41415.0,41405.0,41415.0,2,5,2,36.0
778,-730,MNK,MNKU25,H1,2025-07-27 22:00:00,1753653600,41640.0,41655.0,41585.0,41620.0,9,10,12,36.0
779,-729,MNK,MNKU25,H1,2025-07-27 23:00:00,1753657200,41635.0,41635.0,41520.0,41520.0,4,10,5,36.0
780,-728,MNK,MNKU25,H1,2025-07-28 00:00:00,1753660800,41480.0,41480.0,41145.0,41305.0,47,5,68,37.0
781,-727,MNK,MNKU25,H1,2025-07-28 01:00:00,1753664400,41215.0,41275.0,41215.0,41230.0,5,10,5,37.0
782,-726,MNK,MNKU25,H1,2025-07-28 03:00:00,1753671600,41245.0,41255.0,41105.0,41105.0,5,5,26,37.0
783,-725,MNK,MNKU25,H1,2025-07-28 04:00:00,1753675200,41100.0,41115.0,41075.0,41075.0,14,5,24,36.0
784,-724,MNK,MNKU25,H1,2025-07-28 05:00:00,1753678800,41085.0,41145.0,41085.0,41120.0,6,10,6,35.0
785,-723,MNK,MNKU25,H1,2025-07-28 06:00:00,1753682400,41025.0,41025.0,40970.0,40970.0,14,5,17,33.0
786,-722,MNK,MNKU25,H1,2025-07-28 07:00:00,1753686000,40990.0,40990.0,40950.0,40960.0,5,5,5,31.0
787,-721,MNK,MNKU25,H1,2025-07-28 08:00:00,1753689600,41000.0,41000.0,40940.0,40965.0,10,5,13,31.0
788,-720,MNK,MNKU25,H1,2025-07-28 09:00:00,1753693200,40990.0,40995.0,40985.0,40985.0,3,5,3,31.0
789,-719,MNK,MNKU25,H1,2025-07-28 10:00:00,1753696800,41030.0,41040.0,41030.0,41040.0,3,5,4,30.0
790,-718,MNK,MNKU25,H1,2025-07-28 11:00:00,1753700400,40995.0,41025.0,40995.0,41010.0,12,5,62,29.0
791,-717,MNK,MNKU25,H1,2025-07-28 12:00:00,1753704000,40970.0,40970.0,40910.0,40910.0,4,5,6,28.0
792,-716,MNK,MNKU25,H1,2025-07-28 13:00:00,1753707600,40850.0,40870.0,40780.0,40780.0,6,10,8,27.0
793,-715,MNK,MNKU25,H1,2025-07-28 14:00:00,1753711200,40805.0,40805.0,40740.0,40800.0,7,10,24,27.0
794,-714,MNK,MNKU25,H1,2025-07-28 16:00:00,1753718400,40815.0,40815.0,40815.0,40815.0,2,5,11,27.0
795,-713,MNK,MNKU25,H1,2025-07-28 18:00:00,1753725600,40800.0,40800.0,40780.0,40780.0,2,15,2,27.0
796,-712,MNK,MNKU25,H1,2025-07-28 19:00:00,1753729200,40805.0,40850.0,40805.0,40850.0,6,5,8,27.0
797,-711,MNK,MNKU25,H1,2025-07-28 20:00:00,1753732800,40840.0,40855.0,40835.0,40855.0,4,15,4,24.0
798,-710,MNK,MNKU25,H1,2025-07-28 22:00:00,1753740000,40880.0,40890.0,40870.0,40870.0,6,5,8,24.0
799,-709,MNK,MNKU25,H1,2025-07-28 23:00:00,1753743600,40945.0,40945.0,40830.0,40850.0,8,5,8,22.0
800,-708,MNK,MNKU25,H1,2025-07-29 00:00:00,1753747200,40775.0,40840.0,40735.0,40740.0,17,5,21,22.0
801,-707,MNK,MNKU25,H1,2025-07-29 01:00:00,1753750800,40725.0,40725.0,40725.0,40725.0,2,15,2,21.0
802,-706,MNK,MNKU25,H1,2025-07-29 02:00:00,1753754400,40660.0,40735.0,40660.0,40735.0,14,5,31,21.0
803,-705,MNK,MNKU25,H1,2025-07-29 03:00:00,1753758000,40715.0,40715.0,40715.0,40715.0,1,20,2,21.0
804,-704,MNK,MNKU25,H1,2025-07-29 04:00:00,1753761600,40710.0,40710.0,40640.0,40640.0,12,5,14,21.0
805,-703,MNK,MNKU25,H1,2025-07-29 05:00:00,1753765200,40620.0,40685.0,40620.0,40685.0,3,5,6,21.0
806,-702,MNK,MNKU25,H1,2025-07-29 06:00:00,1753768800,40690.0,40855.0,40690.0,40855.0,17,5,41,21.0
807,-701,MNK,MNKU25,H1,2025-07-29 07:00:00,1753772400,40930.0,40985.0,40920.0,40985.0,15,5,48,20.0
808,-700,MNK,MNKU25,H1,2025-07-29 08:00:00,1753776000,40910.0,40925.0,40905.0,40925.0,7,5,8,18.0
809,-699,MNK,MNKU25,H1,2025-07-29 09:00:00,1753779600,40925.0,40935.0,40925.0,40935.0,4,5,4,18.0
810,-698,MNK,MNKU25,H1,2025-07-29 10:00:00,1753783200,40970.0,40970.0,40970.0,40970.0,1,15,1,18.0
811,-697,MNK,MNKU25,H1,2025-07-29 11:00:00,1753786800,40925.0,40930.0,40925.0,40930.0,2,5,3,18.0
812,-696,MNK,MNKU25,H1,2025-07-29 12:00:00,1753790400,40905.0,40905.0,40905.0,40905.0,1,5,1,17.0
813,-695,MNK,MNKU25,H1,2025-07-29 13:00:00,1753794000,40925.0,40935.0,40805.0,40825.0,8,5,18,18.0
814,-694,MNK,MNKU25,H1,2025-07-29 14:00:00,1753797600,40835.0,40835.0,40695.0,40695.0,6,5,6,17.0
815,-693,MNK,MNKU25,H1,2025-07-29 15:00:00,1753801200,40715.0,40760.0,40635.0,40755.0,7,15,11,17.0
816,-692,MNK,MNKU25,H1,2025-07-29 16:00:00,1753804800,40740.0,40740.0,40700.0,40700.0,6,5,6,17.0
817,-691,MNK,MNKU25,H1,2025-07-29 17:00:00,1753808400,40705.0,40725.0,40705.0,40725.0,6,15,9,17.0
818,-690,MNK,MNKU25,H1,2025-07-29 18:00:00,1753812000,40715.0,40715.0,40715.0,40715.0,1,5,1,17.0
819,-689,MNK,MNKU25,H1,2025-07-29 19:00:00,1753815600,40690.0,40690.0,40685.0,40685.0,5,5,5,16.0
820,-688,MNK,MNKU25,H1,2025-07-29 20:00:00,1753819200,40685.0,40700.0,40685.0,40700.0,6,5,12,16.0
821,-687,MNK,MNKU25,H1,2025-07-29 22:00:00,1753826400,40705.0,40760.0,40705.0,40760.0,3,5,5,16.0
822,-686,MNK,MNKU25,H1,2025-07-29 23:00:00,1753830000,40755.0,40755.0,40755.0,40755.0,1,30,1,15.0
823,-685,MNK,MNKU25,H1,2025-07-30 00:00:00,1753833600,40725.0,40730.0,40610.0,40635.0,15,5,19,15.0
824,-684,MNK,MNKU25,H1,2025-07-30 01:00:00,1753837200,40680.0,40700.0,40645.0,40685.0,8,5,11,15.0
825,-683,MNK,MNKU25,H1,2025-07-30 02:00:00,1753840800,40680.0,40725.0,40680.0,40725.0,4,5,4,15.0
826,-682,MNK,MNKU25,H1,2025-07-30 03:00:00,1753844400,40715.0,40735.0,40670.0,40730.0,10,5,10,15.0
827,-681,MNK,MNKU25,H1,2025-07-30 04:00:00,1753848000,40700.0,40700.0,40690.0,40690.0,3,15,4,15.0
828,-680,MNK,MNKU25,H1,2025-07-30 05:00:00,1753851600,40685.0,40685.0,40645.0,40660.0,6,5,7,15.0
829,-679,MNK,MNKU25,H1,2025-07-30 06:00:00,1753855200,40660.0,40700.0,40660.0,40700.0,9,5,12,15.0
830,-678,MNK,MNKU25,H1,2025-07-30 07:00:00,1753858800,40640.0,40670.0,40640.0,40670.0,6,5,11,15.0
831,-677,MNK,MNKU25,H1,2025-07-30 08:00:00,1753862400,40730.0,40730.0,40730.0,40730.0,1,15,1,14.0
832,-676,MNK,MNKU25,H1,2025-07-30 09:00:00,1753866000,40720.0,40720.0,40720.0,40720.0,1,10,10,14.0
833,-675,MNK,MNKU25,H1,2025-07-30 10:00:00,1753869600,40720.0,40730.0,40720.0,40730.0,5,5,9,14.0
834,-674,MNK,MNKU25,H1,2025-07-30 11:00:00,1753873200,40740.0,40790.0,40740.0,40790.0,3,10,3,14.0
835,-673,MNK,MNKU25,H1,2025-07-30 12:00:00,1753876800,40745.0,40820.0,40740.0,40800.0,6,5,8,13.0
836,-672,MNK,MNKU25,H1,2025-07-30 13:00:00,1753880400,40825.0,40825.0,40785.0,40790.0,12,5,53,14.0
837,-671,MNK,MNKU25,H1,2025-07-30 14:00:00,1753884000,40790.0,40790.0,40760.0,40760.0,7,5,12,14.0
838,-670,MNK,MNKU25,H1,2025-07-30 15:00:00,1753887600,40705.0,40720.0,40700.0,40720.0,5,5,9,14.0
839,-669,MNK,MNKU25,H1,2025-07-30 16:00:00,1753891200,40745.0,40745.0,40745.0,40745.0,1,5,1,13.0
840,-668,MNK,MNKU25,H1,2025-07-30 18:00:00,1753898400,40745.0,40745.0,40745.0,40745.0,1,5,3,13.0
841,-667,MNK,MNKU25,H1,2025-07-30 19:00:00,1753902000,40605.0,40690.0,40565.0,40680.0,16,5,23,13.0
842,-666,MNK,MNKU25,H1,2025-07-30 20:00:00,1753905600,40700.0,40775.0,40700.0,40735.0,21,5,54,14.0
843,-665,MNK,MNKU25,H1,2025-07-30 22:00:00,1753912800,40730.0,40810.0,40720.0,40810.0,6,5,6,13.0
844,-664,MNK,MNKU25,H1,2025-07-30 23:00:00,1753916400,40885.0,40885.0,40795.0,40800.0,10,5,16,13.0
845,-663,MNK,MNKU25,H1,2025-07-31 00:00:00,1753920000,40755.0,40910.0,40735.0,40900.0,14,10,29,13.0
846,-662,MNK,MNKU25,H1,2025-07-31 01:00:00,1753923600,40810.0,41030.0,40810.0,41000.0,15,5,31,13.0
847,-661,MNK,MNKU25,H1,2025-07-31 02:00:00,1753927200,40980.0,41070.0,40980.0,41060.0,5,5,5,13.0
848,-660,MNK,MNKU25,H1,2025-07-31 03:00:00,1753930800,41050.0,41050.0,41050.0,41050.0,1,25,1,13.0
849,-659,MNK,MNKU25,H1,2025-07-31 04:00:00,1753934400,41065.0,41105.0,41025.0,41100.0,14,5,14,13.0
850,-658,MNK,MNKU25,H1,2025-07-31 05:00:00,1753938000,41100.0,41135.0,41100.0,41100.0,7,10,9,13.0
851,-657,MNK,MNKU25,H1,2025-07-31 06:00:00,1753941600,41150.0,41235.0,41120.0,41230.0,11,5,16,13.0
852,-656,MNK,MNKU25,H1,2025-07-31 07:00:00,1753945200,41170.0,41175.0,41135.0,41175.0,10,5,35,13.0
853,-655,MNK,MNKU25,H1,2025-07-31 08:00:00,1753948800,41245.0,41245.0,41245.0,41245.0,1,15,1,13.0
854,-654,MNK,MNKU25,H1,2025-07-31 09:00:00,1753952400,41295.0,41295.0,41260.0,41260.0,3,15,9,13.0
855,-653,MNK,MNKU25,H1,2025-07-31 10:00:00,1753956000,41275.0,41275.0,41275.0,41275.0,2,10,3,12.0
856,-652,MNK,MNKU25,H1,2025-07-31 11:00:00,1753959600,41185.0,41215.0,41185.0,41190.0,5,5,8,12.0
857,-651,MNK,MNKU25,H1,2025-07-31 12:00:00,1753963200,41170.0,41235.0,41170.0,41215.0,11,5,21,12.0
858,-650,MNK,MNKU25,H1,2025-07-31 13:00:00,1753966800,41170.0,41170.0,40970.0,40970.0,8,5,35,13.0
859,-649,MNK,MNKU25,H1,2025-07-31 14:00:00,1753970400,41050.0,41050.0,40850.0,40855.0,12,5,16,13.0
860,-648,MNK,MNKU25,H1,2025-07-31 15:00:00,1753974000,40870.0,40920.0,40825.0,40880.0,13,5,34,13.0
861,-647,MNK,MNKU25,H1,2025-07-31 16:00:00,1753977600,40890.0,40890.0,40890.0,40890.0,2,10,5,13.0
862,-646,MNK,MNKU25,H1,2025-07-31 17:00:00,1753981200,40835.0,40835.0,40640.0,40640.0,22,5,62,13.0
863,-645,MNK,MNKU25,H1,2025-07-31 18:00:00,1753984800,40760.0,40760.0,40755.0,40755.0,2,10,2,13.0
864,-644,MNK,MNKU25,H1,2025-07-31 19:00:00,1753988400,40770.0,40805.0,40770.0,40785.0,12,5,23,13.0
865,-643,MNK,MNKU25,H1,2025-07-31 20:00:00,1753992000,40810.0,40840.0,40795.0,40815.0,12,5,14,13.0
866,-642,MNK,MNKU25,H1,2025-07-31 22:00:00,1753999200,40765.0,40780.0,40735.0,40780.0,6,5,12,13.0
867,-641,MNK,MNKU25,H1,2025-07-31 23:00:00,1754002800,40770.0,40800.0,40770.0,40800.0,6,15,15,13.0
868,-640,MNK,MNKU25,H1,2025-08-01 00:00:00,1754006400,40740.0,40880.0,40630.0,40765.0,18,5,58,14.0
869,-639,MNK,MNKU25,H1,2025-08-01 01:00:00,1754010000,40860.0,40935.0,40810.0,40935.0,9,5,12,14.0
870,-638,MNK,MNKU25,H1,2025-08-01 02:00:00,1754013600,40955.0,41015.0,40945.0,41015.0,11,5,11,14.0
871,-637,MNK,MNKU25,H1,2025-08-01 03:00:00,1754017200,41030.0,41030.0,40930.0,40930.0,3,5,5,14.0
872,-636,MNK,MNKU25,H1,2025-08-01 04:00:00,1754020800,40910.0,40930.0,40900.0,40930.0,3,5,3,14.0
873,-635,MNK,MNKU25,H1,2025-08-01 05:00:00,1754024400,40830.0,40875.0,40815.0,40875.0,9,5,10,14.0
874,-634,MNK,MNKU25,H1,2025-08-01 06:00:00,1754028000,40880.0,40880.0,40880.0,40880.0,1,5,1,14.0
875,-633,MNK,MNKU25,H1,2025-08-01 07:00:00,1754031600,40815.0,40815.0,40665.0,40690.0,16,5,40,14.0
876,-632,MNK,MNKU25,H1,2025-08-01 08:00:00,1754035200,40705.0,40710.0,40540.0,40615.0,18,5,47,15.0
877,-631,MNK,MNKU25,H1,2025-08-01 09:00:00,1754038800,40600.0,40600.0,40555.0,40555.0,5,5,21,15.0
878,-630,MNK,MNKU25,H1,2025-08-01 10:00:00,1754042400,40550.0,40590.0,40510.0,40510.0,9,5,19,15.0
879,-629,MNK,MNKU25,H1,2025-08-01 11:00:00,1754046000,40510.0,40560.0,40510.0,40560.0,10,10,10,14.0
880,-628,MNK,MNKU25,H1,2025-08-01 12:00:00,1754049600,40560.0,40560.0,40360.0,40370.0,43,5,142,16.0
881,-627,MNK,MNKU25,H1,2025-08-01 13:00:00,1754053200,40340.0,40340.0,39975.0,40010.0,38,5,129,18.0
882,-626,MNK,MNKU25,H1,2025-08-01 14:00:00,1754056800,39975.0,40100.0,39755.0,40100.0,29,5,106,19.0
883,-625,MNK,MNKU25,H1,2025-08-01 15:00:00,1754060400,40050.0,40150.0,40010.0,40150.0,4,15,13,19.0
884,-624,MNK,MNKU25,H1,2025-08-01 16:00:00,1754064000,40175.0,40175.0,40080.0,40080.0,11,5,19,20.0
885,-623,MNK,MNKU25,H1,2025-08-01 17:00:00,1754067600,40030.0,40030.0,39980.0,40010.0,17,5,82,20.0
886,-622,MNK,MNKU25,H1,2025-08-01 18:00:00,1754071200,39970.0,40075.0,39940.0,39995.0,16,5,47,21.0
887,-621,MNK,MNKU25,H1,2025-08-01 19:00:00,1754074800,39995.0,40065.0,39975.0,40035.0,27,5,140,23.0
888,-620,MNK,MNKU25,H1,2025-08-01 20:00:00,1754078400,40015.0,40015.0,39985.0,39985.0,6,5,8,23.0
889,-619,MNK,MNKU25,H1,2025-08-03 22:00:00,1754258400,39980.0,39995.0,39965.0,39995.0,6,5,6,23.0
890,-618,MNK,MNKU25,H1,2025-08-03 23:00:00,1754262000,39980.0,39985.0,39825.0,39865.0,31,5,87,24.0
891,-617,MNK,MNKU25,H1,2025-08-04 00:00:00,1754265600,39800.0,40080.0,39800.0,39955.0,31,5,111,25.0
892,-616,MNK,MNKU25,H1,2025-08-04 01:00:00,1754269200,40000.0,40125.0,39980.0,40050.0,27,5,100,27.0
893,-615,MNK,MNKU25,H1,2025-08-04 02:00:00,1754272800,40150.0,40160.0,40145.0,40145.0,5,5,7,27.0
894,-614,MNK,MNKU25,H1,2025-08-04 03:00:00,1754276400,40140.0,40335.0,40140.0,40335.0,24,5,87,28.0
895,-613,MNK,MNKU25,H1,2025-08-04 04:00:00,1754280000,40305.0,40320.0,40225.0,40235.0,25,5,38,28.0
896,-612,MNK,MNKU25,H1,2025-08-04 05:00:00,1754283600,40225.0,40285.0,40225.0,40285.0,7,5,25,28.0
897,-611,MNK,MNKU25,H1,2025-08-04 06:00:00,1754287200,40285.0,40350.0,40280.0,40280.0,17,5,37,29.0
898,-610,MNK,MNKU25,H1,2025-08-04 07:00:00,1754290800,40405.0,40440.0,40385.0,40425.0,11,0,20,29.0
899,-609,MNK,MNKU25,H1,2025-08-04 08:00:00,1754294400,40410.0,40455.0,40410.0,40455.0,7,5,19,29.0
900,-608,MNK,MNKU25,H1,2025-08-04 09:00:00,1754298000,40490.0,40490.0,40430.0,40445.0,4,10,5,29.0
901,-607,MNK,MNKU25,H1,2025-08-04 10:00:00,1754301600,40435.0,40435.0,40395.0,40395.0,4,5,4,29.0
902,-606,MNK,MNKU25,H1,2025-08-04 11:00:00,1754305200,40360.0,40370.0,40360.0,40365.0,5,5,5,29.0
903,-605,MNK,MNKU25,H1,2025-08-04 12:00:00,1754308800,40370.0,40425.0,40365.0,40395.0,4,10,5,29.0
904,-604,MNK,MNKU25,H1,2025-08-04 13:00:00,1754312400,40365.0,40515.0,40360.0,40510.0,17,5,40,29.0
905,-603,MNK,MNKU25,H1,2025-08-04 14:00:00,1754316000,40515.0,40520.0,40445.0,40445.0,5,10,23,30.0
906,-602,MNK,MNKU25,H1,2025-08-04 15:00:00,1754319600,40510.0,40545.0,40500.0,40545.0,7,5,7,30.0
907,-601,MNK,MNKU25,H1,2025-08-04 16:00:00,1754323200,40555.0,40555.0,40550.0,40550.0,4,5,4,30.0
908,-600,MNK,MNKU25,H1,2025-08-04 17:00:00,1754326800,40555.0,40565.0,40555.0,40555.0,3,15,3,29.0
909,-599,MNK,MNKU25,H1,2025-08-04 18:00:00,1754330400,40580.0,40580.0,40580.0,40580.0,1,20,1,29.0
910,-598,MNK,MNKU25,H1,2025-08-04 19:00:00,1754334000,40620.0,40625.0,40605.0,40625.0,13,5,25,29.0
911,-597,MNK,MNKU25,H1,2025-08-04 20:00:00,1754337600,40650.0,40665.0,40645.0,40665.0,6,5,6,29.0
912,-596,MNK,MNKU25,H1,2025-08-04 22:00:00,1754344800,40660.0,40675.0,40635.0,40650.0,5,5,7,29.0
913,-595,MNK,MNKU25,H1,2025-08-04 23:00:00,1754348400,40620.0,40625.0,40525.0,40565.0,13,5,28,29.0
914,-594,MNK,MNKU25,H1,2025-08-05 00:00:00,1754352000,40495.0,40635.0,40480.0,40485.0,23,5,33,29.0
915,-593,MNK,MNKU25,H1,2025-08-05 01:00:00,1754355600,40495.0,40540.0,40495.0,40525.0,6,5,6,29.0
916,-592,MNK,MNKU25,H1,2025-08-05 02:00:00,1754359200,40565.0,40590.0,40565.0,40575.0,12,5,21,29.0
917,-591,MNK,MNKU25,H1,2025-08-05 03:00:00,1754362800,40605.0,40640.0,40605.0,40640.0,2,5,2,29.0
918,-590,MNK,MNKU25,H1,2025-08-05 04:00:00,1754366400,40585.0,40585.0,40585.0,40585.0,1,15,1,28.0
919,-589,MNK,MNKU25,H1,2025-08-05 05:00:00,1754370000,40570.0,40590.0,40570.0,40590.0,2,5,2,28.0
920,-588,MNK,MNKU25,H1,2025-08-05 06:00:00,1754373600,40590.0,40695.0,40590.0,40680.0,9,5,10,28.0
921,-587,MNK,MNKU25,H1,2025-08-05 07:00:00,1754377200,40670.0,40670.0,40625.0,40650.0,6,5,9,28.0
922,-586,MNK,MNKU25,H1,2025-08-05 08:00:00,1754380800,40630.0,40630.0,40580.0,40605.0,11,5,15,28.0
923,-585,MNK,MNKU25,H1,2025-08-05 09:00:00,1754384400,40580.0,40580.0,40570.0,40580.0,4,5,15,28.0
924,-584,MNK,MNKU25,H1,2025-08-05 10:00:00,1754388000,40630.0,40675.0,40630.0,40670.0,8,5,16,28.0
925,-583,MNK,MNKU25,H1,2025-08-05 11:00:00,1754391600,40675.0,40675.0,40650.0,40650.0,12,5,39,28.0
926,-582,MNK,MNKU25,H1,2025-08-05 12:00:00,1754395200,40640.0,40665.0,40640.0,40660.0,19,5,38,29.0
927,-581,MNK,MNKU25,H1,2025-08-05 13:00:00,1754398800,40660.0,40690.0,40635.0,40680.0,11,5,12,29.0
928,-580,MNK,MNKU25,H1,2025-08-05 14:00:00,1754402400,40635.0,40635.0,40385.0,40460.0,27,5,56,30.0
929,-579,MNK,MNKU25,H1,2025-08-05 15:00:00,1754406000,40450.0,40490.0,40450.0,40490.0,6,5,19,30.0
930,-578,MNK,MNKU25,H1,2025-08-05 16:00:00,1754409600,40535.0,40580.0,40535.0,40560.0,16,5,65,30.0
931,-577,MNK,MNKU25,H1,2025-08-05 17:00:00,1754413200,40610.0,40640.0,40610.0,40640.0,4,5,6,30.0
932,-576,MNK,MNKU25,H1,2025-08-05 18:00:00,1754416800,40585.0,40585.0,40565.0,40580.0,7,5,13,30.0
933,-575,MNK,MNKU25,H1,2025-08-05 19:00:00,1754420400,40560.0,40560.0,40560.0,40560.0,1,10,4,30.0
934,-574,MNK,MNKU25,H1,2025-08-05 20:00:00,1754424000,40580.0,40585.0,40535.0,40535.0,4,10,19,29.0
935,-573,MNK,MNKU25,H1,2025-08-05 22:00:00,1754431200,40520.0,40535.0,40490.0,40525.0,8,5,10,29.0
936,-572,MNK,MNKU25,H1,2025-08-05 23:00:00,1754434800,40510.0,40510.0,40510.0,40510.0,1,25,1,29.0
937,-571,MNK,MNKU25,H1,2025-08-06 00:00:00,1754438400,40465.0,40605.0,40465.0,40605.0,3,5,3,29.0
938,-570,MNK,MNKU25,H1,2025-08-06 01:00:00,1754442000,40645.0,40800.0,40600.0,40800.0,10,5,10,29.0
939,-569,MNK,MNKU25,H1,2025-08-06 02:00:00,1754445600,40805.0,40845.0,40805.0,40825.0,8,5,11,29.0
940,-568,MNK,MNKU25,H1,2025-08-06 03:00:00,1754449200,40825.0,40870.0,40805.0,40870.0,8,5,14,28.0
941,-567,MNK,MNKU25,H1,2025-08-06 04:00:00,1754452800,40840.0,40855.0,40765.0,40765.0,13,5,40,28.0
942,-566,MNK,MNKU25,H1,2025-08-06 05:00:00,1754456400,40765.0,40840.0,40735.0,40840.0,13,5,43,29.0
943,-565,MNK,MNKU25,H1,2025-08-06 06:00:00,1754460000,40835.0,40865.0,40820.0,40820.0,9,5,19,29.0
944,-564,MNK,MNKU25,H1,2025-08-06 07:00:00,1754463600,40830.0,40830.0,40830.0,40830.0,1,10,1,29.0
945,-563,MNK,MNKU25,H1,2025-08-06 08:00:00,1754467200,40810.0,40810.0,40760.0,40760.0,8,5,10,29.0
946,-562,MNK,MNKU25,H1,2025-08-06 10:00:00,1754474400,40720.0,40720.0,40720.0,40720.0,1,5,1,29.0
947,-561,MNK,MNKU25,H1,2025-08-06 11:00:00,1754478000,40755.0,40780.0,40750.0,40750.0,14,5,18,29.0
948,-560,MNK,MNKU25,H1,2025-08-06 12:00:00,1754481600,40725.0,40725.0,40695.0,40695.0,4,5,5,28.0
949,-559,MNK,MNKU25,H1,2025-08-06 13:00:00,1754485200,40710.0,40740.0,40680.0,40720.0,8,5,16,28.0
950,-558,MNK,MNKU25,H1,2025-08-06 14:00:00,1754488800,40725.0,40775.0,40660.0,40750.0,30,5,130,30.0
951,-557,MNK,MNKU25,H1,2025-08-06 15:00:00,1754492400,40745.0,40845.0,40745.0,40840.0,4,5,5,30.0
952,-556,MNK,MNKU25,H1,2025-08-06 17:00:00,1754499600,40900.0,40900.0,40900.0,40900.0,1,15,2,28.0
953,-555,MNK,MNKU25,H1,2025-08-06 18:00:00,1754503200,40910.0,40910.0,40885.0,40890.0,8,5,16,26.0
954,-554,MNK,MNKU25,H1,2025-08-06 19:00:00,1754506800,40900.0,40905.0,40890.0,40895.0,10,5,14,25.0
955,-553,MNK,MNKU25,H1,2025-08-06 20:00:00,1754510400,40890.0,40890.0,40830.0,40840.0,8,5,20,25.0
956,-552,MNK,MNKU25,H1,2025-08-06 22:00:00,1754517600,40770.0,40770.0,40760.0,40760.0,2,20,4,25.0
957,-551,MNK,MNKU25,H1,2025-08-06 23:00:00,1754521200,40790.0,40790.0,40725.0,40740.0,6,5,12,24.0
958,-550,MNK,MNKU25,H1,2025-08-07 00:00:00,1754524800,40765.0,41060.0,40765.0,41055.0,21,5,32,23.0
959,-549,MNK,MNKU25,H1,2025-08-07 01:00:00,1754528400,41040.0,41180.0,41040.0,41170.0,11,5,16,22.0
960,-548,MNK,MNKU25,H1,2025-08-07 02:00:00,1754532000,41165.0,41200.0,41165.0,41200.0,2,5,2,22.0
961,-547,MNK,MNKU25,H1,2025-08-07 03:00:00,1754535600,41130.0,41130.0,41125.0,41125.0,2,15,2,22.0
962,-546,MNK,MNKU25,H1,2025-08-07 04:00:00,1754539200,41080.0,41090.0,40995.0,41005.0,12,5,12,21.0
963,-545,MNK,MNKU25,H1,2025-08-07 05:00:00,1754542800,41005.0,41020.0,41005.0,41020.0,2,5,2,19.0
964,-544,MNK,MNKU25,H1,2025-08-07 06:00:00,1754546400,41035.0,41100.0,41005.0,41005.0,16,5,37,18.0
965,-543,MNK,MNKU25,H1,2025-08-07 07:00:00,1754550000,40995.0,41025.0,40990.0,41020.0,16,5,21,18.0
966,-542,MNK,MNKU25,H1,2025-08-07 08:00:00,1754553600,41090.0,41240.0,41090.0,41225.0,15,5,26,17.0
967,-541,MNK,MNKU25,H1,2025-08-07 09:00:00,1754557200,41200.0,41310.0,41200.0,41310.0,7,5,7,17.0
968,-540,MNK,MNKU25,H1,2025-08-07 10:00:00,1754560800,41340.0,41340.0,41300.0,41300.0,3,10,3,17.0
969,-539,MNK,MNKU25,H1,2025-08-07 11:00:00,1754564400,41310.0,41330.0,41310.0,41330.0,2,10,4,16.0
970,-538,MNK,MNKU25,H1,2025-08-07 12:00:00,1754568000,41285.0,41295.0,41240.0,41295.0,15,5,44,17.0
971,-537,MNK,MNKU25,H1,2025-08-07 13:00:00,1754571600,41340.0,41340.0,41275.0,41290.0,14,5,59,17.0
972,-536,MNK,MNKU25,H1,2025-08-07 14:00:00,1754575200,41305.0,41305.0,41135.0,41135.0,38,5,47,18.0
973,-535,MNK,MNKU25,H1,2025-08-07 15:00:00,1754578800,41130.0,41170.0,41110.0,41110.0,9,5,11,18.0
974,-534,MNK,MNKU25,H1,2025-08-07 16:00:00,1754582400,41115.0,41125.0,41060.0,41125.0,8,5,11,18.0
975,-533,MNK,MNKU25,H1,2025-08-07 17:00:00,1754586000,41115.0,41125.0,41070.0,41080.0,9,5,11,18.0
976,-532,MNK,MNKU25,H1,2025-08-07 18:00:00,1754589600,41045.0,41060.0,41045.0,41060.0,2,10,4,18.0
977,-531,MNK,MNKU25,H1,2025-08-07 19:00:00,1754593200,41065.0,41130.0,41055.0,41130.0,9,5,13,17.0
978,-530,MNK,MNKU25,H1,2025-08-07 20:00:00,1754596800,41160.0,41170.0,41155.0,41155.0,16,5,17,18.0
979,-529,MNK,MNKU25,H1,2025-08-07 22:00:00,1754604000,41175.0,41175.0,41175.0,41175.0,2,5,3,18.0
980,-528,MNK,MNKU25,H1,2025-08-07 23:00:00,1754607600,41260.0,41300.0,41220.0,41255.0,16,5,49,18.0
981,-527,MNK,MNKU25,H1,2025-08-08 00:00:00,1754611200,41390.0,41830.0,41390.0,41820.0,71,5,146,20.0
982,-526,MNK,MNKU25,H1,2025-08-08 01:00:00,1754614800,41870.0,41960.0,41850.0,41865.0,51,5,165,22.0
983,-525,MNK,MNKU25,H1,2025-08-08 02:00:00,1754618400,41920.0,41995.0,41920.0,41995.0,16,5,26,22.0
984,-524,MNK,MNKU25,H1,2025-08-08 03:00:00,1754622000,42005.0,42030.0,42000.0,42030.0,7,5,8,22.0
985,-523,MNK,MNKU25,H1,2025-08-08 04:00:00,1754625600,42050.0,42055.0,41850.0,41885.0,40,5,91,23.0
986,-522,MNK,MNKU25,H1,2025-08-08 05:00:00,1754629200,41905.0,41905.0,41820.0,41820.0,8,5,8,23.0
987,-521,MNK,MNKU25,H1,2025-08-08 06:00:00,1754632800,41805.0,41925.0,41795.0,41855.0,13,5,16,23.0
988,-520,MNK,MNKU25,H1,2025-08-08 07:00:00,1754636400,41800.0,41865.0,41800.0,41850.0,5,5,6,23.0
989,-519,MNK,MNKU25,H1,2025-08-08 08:00:00,1754640000,41870.0,41955.0,41870.0,41915.0,7,5,16,23.0
990,-518,MNK,MNKU25,H1,2025-08-08 09:00:00,1754643600,41930.0,42010.0,41930.0,42010.0,8,5,8,23.0
991,-517,MNK,MNKU25,H1,2025-08-08 10:00:00,1754647200,42015.0,42145.0,42015.0,42145.0,16,5,28,24.0
992,-516,MNK,MNKU25,H1,2025-08-08 11:00:00,1754650800,42125.0,42180.0,42110.0,42170.0,10,5,10,24.0
993,-515,MNK,MNKU25,H1,2025-08-08 12:00:00,1754654400,42045.0,42085.0,42040.0,42085.0,5,5,5,23.0
994,-514,MNK,MNKU25,H1,2025-08-08 13:00:00,1754658000,42095.0,42205.0,42050.0,42195.0,23,0,29,24.0
995,-513,MNK,MNKU25,H1,2025-08-08 14:00:00,1754661600,42210.0,42325.0,42195.0,42285.0,47,5,54,24.0
996,-512,MNK,MNKU25,H1,2025-08-08 15:00:00,1754665200,42310.0,42360.0,42240.0,42300.0,26,5,28,24.0
997,-511,MNK,MNKU25,H1,2025-08-08 16:00:00,1754668800,42340.0,42380.0,42340.0,42365.0,9,5,11,24.0
998,-510,MNK,MNKU25,H1,2025-08-08 17:00:00,1754672400,42350.0,42390.0,42350.0,42365.0,13,5,18,24.0
999,-509,MNK,MNKU25,H1,2025-08-08 18:00:00,1754676000,42390.0,42410.0,42365.0,42395.0,13,5,14,24.0
1000,-508,MNK,MNKU25,H1,2025-08-08 19:00:00,1754679600,42395.0,42395.0,42300.0,42325.0,19,5,20,23.0
1001,-507,MNK,MNKU25,H1,2025-08-08 20:00:00,1754683200,42340.0,42355.0,42150.0,42255.0,14,15,17,23.0
1002,-506,MNK,MNKU25,H1,2025-08-10 22:00:00,1754863200,42295.0,42340.0,42295.0,42310.0,4,5,7,22.0
1003,-505,MNK,MNKU25,H1,2025-08-10 23:00:00,1754866800,42310.0,42310.0,42240.0,42285.0,9,10,9,22.0
1004,-504,MNK,MNKU25,H1,2025-08-11 00:00:00,1754870400,42295.0,42415.0,42295.0,42415.0,7,5,7,22.0
1005,-503,MNK,MNKU25,H1,2025-08-11 01:00:00,1754874000,42475.0,42520.0,42440.0,42460.0,12,5,16,22.0
1006,-502,MNK,MNKU25,H1,2025-08-11 02:00:00,1754877600,42480.0,42480.0,42430.0,42445.0,10,10,10,22.0
1007,-501,MNK,MNKU25,H1,2025-08-11 03:00:00,1754881200,42485.0,42485.0,42440.0,42440.0,3,10,3,22.0
1008,-500,MNK,MNKU25,H1,2025-08-11 04:00:00,1754884800,42330.0,42380.0,42330.0,42380.0,6,5,6,22.0
1009,-499,MNK,MNKU25,H1,2025-08-11 05:00:00,1754888400,42375.0,42375.0,42375.0,42375.0,1,10,1,22.0
1010,-498,MNK,MNKU25,H1,2025-08-11 06:00:00,1754892000,42370.0,42425.0,42350.0,42425.0,7,5,9,22.0
1011,-497,MNK,MNKU25,H1,2025-08-11 07:00:00,1754895600,42400.0,42400.0,42280.0,42280.0,7,5,11,22.0
1012,-496,MNK,MNKU25,H1,2025-08-11 08:00:00,1754899200,42305.0,42320.0,42290.0,42290.0,12,5,34,23.0
1013,-495,MNK,MNKU25,H1,2025-08-11 09:00:00,1754902800,42300.0,42300.0,42300.0,42300.0,1,5,1,22.0
1014,-494,MNK,MNKU25,H1,2025-08-11 10:00:00,1754906400,42340.0,42350.0,42335.0,42335.0,7,5,14,22.0
1015,-493,MNK,MNKU25,H1,2025-08-11 12:00:00,1754913600,42350.0,42350.0,42325.0,42330.0,13,5,20,22.0
1016,-492,MNK,MNKU25,H1,2025-08-11 13:00:00,1754917200,42370.0,42415.0,42350.0,42400.0,9,5,10,22.0
1017,-491,MNK,MNKU25,H1,2025-08-11 14:00:00,1754920800,42410.0,42410.0,42380.0,42380.0,10,5,21,22.0
1018,-490,MNK,MNKU25,H1,2025-08-11 15:00:00,1754924400,42365.0,42400.0,42360.0,42360.0,5,5,6,22.0
1019,-489,MNK,MNKU25,H1,2025-08-11 16:00:00,1754928000,42440.0,42440.0,42375.0,42390.0,5,5,5,22.0
1020,-488,MNK,MNKU25,H1,2025-08-11 17:00:00,1754931600,42330.0,42330.0,42320.0,42320.0,2,5,2,22.0
1021,-487,MNK,MNKU25,H1,2025-08-11 18:00:00,1754935200,42335.0,42335.0,42335.0,42335.0,1,5,1,22.0
1022,-486,MNK,MNKU25,H1,2025-08-11 19:00:00,1754938800,42260.0,42310.0,42260.0,42310.0,2,5,2,20.0
1023,-485,MNK,MNKU25,H1,2025-08-11 20:00:00,1754942400,42340.0,42340.0,42305.0,42305.0,8,5,11,20.0
1024,-484,MNK,MNKU25,H1,2025-08-11 22:00:00,1754949600,42205.0,42280.0,42205.0,42255.0,7,5,7,20.0
1025,-483,MNK,MNKU25,H1,2025-08-11 23:00:00,1754953200,42260.0,42320.0,42240.0,42240.0,12,5,16,20.0
1026,-482,MNK,MNKU25,H1,2025-08-12 00:00:00,1754956800,42335.0,42820.0,42335.0,42820.0,69,5,95,21.0
1027,-481,MNK,MNKU25,H1,2025-08-12 01:00:00,1754960400,42805.0,42895.0,42685.0,42860.0,30,5,86,22.0
1028,-480,MNK,MNKU25,H1,2025-08-12 02:00:00,1754964000,42880.0,42930.0,42840.0,42920.0,12,5,14,22.0
1029,-479,MNK,MNKU25,H1,2025-08-12 03:00:00,1754967600,42925.0,43005.0,42925.0,42970.0,23,5,32,22.0
1030,-478,MNK,MNKU25,H1,2025-08-12 04:00:00,1754971200,43000.0,43010.0,43000.0,43010.0,3,10,3,22.0
1031,-477,MNK,MNKU25,H1,2025-08-12 05:00:00,1754974800,42970.0,42970.0,42750.0,42765.0,50,5,107,23.0
1032,-476,MNK,MNKU25,H1,2025-08-12 06:00:00,1754978400,42820.0,42820.0,42630.0,42655.0,26,5,35,24.0
1033,-475,MNK,MNKU25,H1,2025-08-12 07:00:00,1754982000,42700.0,42730.0,42695.0,42730.0,6,5,6,24.0
1034,-474,MNK,MNKU25,H1,2025-08-12 08:00:00,1754985600,42730.0,42730.0,42660.0,42695.0,3,5,5,24.0
1035,-473,MNK,MNKU25,H1,2025-08-12 09:00:00,1754989200,42740.0,42800.0,42740.0,42760.0,16,5,21,24.0
1036,-472,MNK,MNKU25,H1,2025-08-12 10:00:00,1754992800,42775.0,42775.0,42770.0,42770.0,2,5,3,23.0
1037,-471,MNK,MNKU25,H1,2025-08-12 11:00:00,1754996400,42810.0,42840.0,42780.0,42840.0,7,5,9,23.0
1038,-470,MNK,MNKU25,H1,2025-08-12 12:00:00,1755000000,42850.0,43220.0,42850.0,43195.0,23,5,57,24.0
1039,-469,MNK,MNKU25,H1,2025-08-12 13:00:00,1755003600,43105.0,43205.0,43070.0,43100.0,26,5,29,24.0
1040,-468,MNK,MNKU25,H1,2025-08-12 14:00:00,1755007200,43105.0,43315.0,43080.0,43315.0,31,5,36,24.0
1041,-467,MNK,MNKU25,H1,2025-08-12 15:00:00,1755010800,43315.0,43385.0,43295.0,43350.0,19,5,22,25.0
1042,-466,MNK,MNKU25,H1,2025-08-12 16:00:00,1755014400,43330.0,43345.0,43330.0,43330.0,5,5,6,24.0
1043,-465,MNK,MNKU25,H1,2025-08-12 17:00:00,1755018000,43320.0,43335.0,43320.0,43335.0,2,20,2,23.0
1044,-464,MNK,MNKU25,H1,2025-08-12 18:00:00,1755021600,43335.0,43335.0,43265.0,43275.0,20,5,25,23.0
1045,-463,MNK,MNKU25,H1,2025-08-12 19:00:00,1755025200,43275.0,43320.0,43275.0,43310.0,16,5,20,23.0
1046,-462,MNK,MNKU25,H1,2025-08-12 20:00:00,1755028800,43300.0,43325.0,43275.0,43325.0,6,5,8,23.0
1047,-461,MNK,MNKU25,H1,2025-08-12 22:00:00,1755036000,43325.0,43325.0,43300.0,43305.0,3,10,3,23.0
1048,-460,MNK,MNKU25,H1,2025-08-12 23:00:00,1755039600,43305.0,43340.0,43220.0,43235.0,17,5,28,23.0
1049,-459,MNK,MNKU25,H1,2025-08-13 00:00:00,1755043200,43275.0,43275.0,43055.0,43245.0,39,5,96,25.0
1050,-458,MNK,MNKU25,H1,2025-08-13 01:00:00,1755046800,43260.0,43370.0,43250.0,43340.0,50,5,106,26.0
1051,-457,MNK,MNKU25,H1,2025-08-13 02:00:00,1755050400,43320.0,43320.0,43300.0,43310.0,4,5,4,26.0
1052,-456,MNK,MNKU25,H1,2025-08-13 03:00:00,1755054000,43390.0,43405.0,43345.0,43385.0,11,5,18,25.0
1053,-455,MNK,MNKU25,H1,2025-08-13 04:00:00,1755057600,43405.0,43420.0,43310.0,43310.0,5,5,6,23.0
1054,-454,MNK,MNKU25,H1,2025-08-13 05:00:00,1755061200,43310.0,43345.0,43215.0,43320.0,18,5,32,22.0
1055,-453,MNK,MNKU25,H1,2025-08-13 06:00:00,1755064800,43250.0,43410.0,43250.0,43360.0,16,5,34,22.0
1056,-452,MNK,MNKU25,H1,2025-08-13 07:00:00,1755068400,43390.0,43510.0,43390.0,43490.0,9,5,22,22.0
1057,-451,MNK,MNKU25,H1,2025-08-13 08:00:00,1755072000,43475.0,43475.0,43400.0,43475.0,7,10,25,21.0
1058,-450,MNK,MNKU25,H1,2025-08-13 09:00:00,1755075600,43365.0,43365.0,43310.0,43320.0,4,5,4,21.0
1059,-449,MNK,MNKU25,H1,2025-08-13 10:00:00,1755079200,43310.0,43310.0,43265.0,43265.0,2,5,3,21.0
1060,-448,MNK,MNKU25,H1,2025-08-13 11:00:00,1755082800,43285.0,43330.0,43255.0,43255.0,10,5,13,21.0
1061,-447,MNK,MNKU25,H1,2025-08-13 12:00:00,1755086400,43245.0,43245.0,43140.0,43190.0,18,5,41,21.0
1062,-446,MNK,MNKU25,H1,2025-08-13 13:00:00,1755090000,43190.0,43245.0,43175.0,43190.0,12,5,18,21.0
1063,-445,MNK,MNKU25,H1,2025-08-13 14:00:00,1755093600,43215.0,43245.0,43070.0,43100.0,17,5,18,21.0
1064,-444,MNK,MNKU25,H1,2025-08-13 15:00:00,1755097200,43090.0,43155.0,43090.0,43155.0,5,10,5,21.0
1065,-443,MNK,MNKU25,H1,2025-08-13 16:00:00,1755100800,43105.0,43150.0,43105.0,43115.0,8,5,11,21.0
1066,-442,MNK,MNKU25,H1,2025-08-13 17:00:00,1755104400,43125.0,43140.0,43125.0,43135.0,9,5,21,21.0
1067,-441,MNK,MNKU25,H1,2025-08-13 18:00:00,1755108000,43170.0,43175.0,43150.0,43150.0,8,5,8,20.0
1068,-440,MNK,MNKU25,H1,2025-08-13 19:00:00,1755111600,43150.0,43180.0,43120.0,43165.0,11,5,15,20.0
1069,-439,MNK,MNKU25,H1,2025-08-13 20:00:00,1755115200,43180.0,43180.0,43130.0,43130.0,2,10,2,20.0
1070,-438,MNK,MNKU25,H1,2025-08-13 22:00:00,1755122400,43090.0,43145.0,43085.0,43125.0,12,15,12,20.0
1071,-437,MNK,MNKU25,H1,2025-08-13 23:00:00,1755126000,43080.0,43080.0,43075.0,43075.0,5,10,5,20.0
1072,-436,MNK,MNKU25,H1,2025-08-14 00:00:00,1755129600,43100.0,43215.0,42850.0,42900.0,68,5,158,22.0
1073,-435,MNK,MNKU25,H1,2025-08-14 01:00:00,1755133200,42890.0,42890.0,42680.0,42695.0,69,5,91,23.0
1074,-434,MNK,MNKU25,H1,2025-08-14 02:00:00,1755136800,42710.0,42760.0,42710.0,42760.0,12,5,13,23.0
1075,-433,MNK,MNKU25,H1,2025-08-14 03:00:00,1755140400,42750.0,42750.0,42630.0,42690.0,15,5,17,23.0
1076,-432,MNK,MNKU25,H1,2025-08-14 04:00:00,1755144000,42700.0,42755.0,42665.0,42700.0,13,5,14,23.0
1077,-431,MNK,MNKU25,H1,2025-08-14 05:00:00,1755147600,42690.0,42770.0,42670.0,42715.0,8,5,8,23.0
1078,-430,MNK,MNKU25,H1,2025-08-14 06:00:00,1755151200,42675.0,42710.0,42625.0,42625.0,15,10,43,24.0
1079,-429,MNK,MNKU25,H1,2025-08-14 07:00:00,1755154800,42655.0,42715.0,42650.0,42695.0,10,5,23,24.0
1080,-428,MNK,MNKU25,H1,2025-08-14 08:00:00,1755158400,42700.0,42700.0,42545.0,42575.0,9,5,15,24.0
1081,-427,MNK,MNKU25,H1,2025-08-14 09:00:00,1755162000,42600.0,42650.0,42585.0,42650.0,6,5,7,24.0
1082,-426,MNK,MNKU25,H1,2025-08-14 10:00:00,1755165600,42665.0,42695.0,42660.0,42695.0,6,5,10,24.0
1083,-425,MNK,MNKU25,H1,2025-08-14 11:00:00,1755169200,42695.0,42760.0,42695.0,42760.0,9,10,9,24.0
1084,-424,MNK,MNKU25,H1,2025-08-14 12:00:00,1755172800,42775.0,42775.0,42555.0,42650.0,30,5,36,24.0
1085,-423,MNK,MNKU25,H1,2025-08-14 13:00:00,1755176400,42660.0,42810.0,42660.0,42810.0,23,5,57,25.0
1086,-422,MNK,MNKU25,H1,2025-08-14 14:00:00,1755180000,42835.0,42895.0,42830.0,42895.0,8,5,15,25.0
1087,-421,MNK,MNKU25,H1,2025-08-14 15:00:00,1755183600,42775.0,42790.0,42775.0,42785.0,3,5,6,25.0
1088,-420,MNK,MNKU25,H1,2025-08-14 16:00:00,1755187200,42745.0,42845.0,42735.0,42820.0,7,5,9,25.0
1089,-419,MNK,MNKU25,H1,2025-08-14 19:00:00,1755198000,42870.0,42870.0,42870.0,42870.0,1,15,1,24.0
1090,-418,MNK,MNKU25,H1,2025-08-14 20:00:00,1755201600,42795.0,42815.0,42770.0,42815.0,6,10,6,24.0
1091,-417,MNK,MNKU25,H1,2025-08-14 22:00:00,1755208800,42845.0,42845.0,42845.0,42845.0,1,20,1,24.0
1092,-416,MNK,MNKU25,H1,2025-08-14 23:00:00,1755212400,42780.0,42855.0,42780.0,42855.0,3,10,3,24.0
1093,-415,MNK,MNKU25,H1,2025-08-15 00:00:00,1755216000,42885.0,42980.0,42785.0,42920.0,35,5,145,26.0
1094,-414,MNK,MNKU25,H1,2025-08-15 01:00:00,1755219600,42870.0,42970.0,42870.0,42960.0,18,5,64,27.0
1095,-413,MNK,MNKU25,H1,2025-08-15 02:00:00,1755223200,43015.0,43100.0,42990.0,43100.0,10,5,13,27.0
1096,-412,MNK,MNKU25,H1,2025-08-15 03:00:00,1755226800,43060.0,43200.0,43060.0,43200.0,16,5,35,28.0
1097,-411,MNK,MNKU25,H1,2025-08-15 04:00:00,1755230400,43210.0,43285.0,43200.0,43255.0,13,5,20,28.0
1098,-410,MNK,MNKU25,H1,2025-08-15 05:00:00,1755234000,43290.0,43380.0,43290.0,43365.0,10,5,14,27.0
1099,-409,MNK,MNKU25,H1,2025-08-15 06:00:00,1755237600,43380.0,43485.0,43330.0,43485.0,16,5,30,26.0
1100,-408,MNK,MNKU25,H1,2025-08-15 07:00:00,1755241200,43440.0,43460.0,43405.0,43460.0,11,5,16,26.0
1101,-407,MNK,MNKU25,H1,2025-08-15 08:00:00,1755244800,43440.0,43490.0,43360.0,43375.0,13,5,46,26.0
1102,-406,MNK,MNKU25,H1,2025-08-15 09:00:00,1755248400,43355.0,43355.0,43350.0,43350.0,2,5,2,26.0
1103,-405,MNK,MNKU25,H1,2025-08-15 10:00:00,1755252000,43380.0,43445.0,43380.0,43445.0,3,5,3,24.0
1104,-404,MNK,MNKU25,H1,2025-08-15 11:00:00,1755255600,43445.0,43445.0,43445.0,43445.0,1,5,1,24.0
1105,-403,MNK,MNKU25,H1,2025-08-15 12:00:00,1755259200,43410.0,43455.0,43385.0,43455.0,30,5,75,25.0
1106,-402,MNK,MNKU25,H1,2025-08-15 13:00:00,1755262800,43410.0,43475.0,43270.0,43270.0,26,5,30,25.0
1107,-401,MNK,MNKU25,H1,2025-08-15 14:00:00,1755266400,43290.0,43380.0,43290.0,43345.0,10,5,10,25.0
1108,-400,MNK,MNKU25,H1,2025-08-15 15:00:00,1755270000,43385.0,43440.0,43350.0,43350.0,9,10,9,25.0
1109,-399,MNK,MNKU25,H1,2025-08-15 16:00:00,1755273600,43390.0,43395.0,43390.0,43395.0,2,5,2,25.0
1110,-398,MNK,MNKU25,H1,2025-08-15 17:00:00,1755277200,43435.0,43480.0,43435.0,43475.0,9,5,9,24.0
1111,-397,MNK,MNKU25,H1,2025-08-15 18:00:00,1755280800,43510.0,43510.0,43460.0,43470.0,16,5,46,25.0
1112,-396,MNK,MNKU25,H1,2025-08-15 19:00:00,1755284400,43445.0,43490.0,43445.0,43475.0,7,10,8,24.0
1113,-395,MNK,MNKU25,H1,2025-08-15 20:00:00,1755288000,43470.0,43470.0,43345.0,43420.0,31,5,53,25.0
1114,-394,MNK,MNKU25,H1,2025-08-17 22:00:00,1755468000,43430.0,43495.0,43430.0,43495.0,10,5,10,25.0
1115,-393,MNK,MNKU25,H1,2025-08-17 23:00:00,1755471600,43495.0,43560.0,43405.0,43405.0,17,5,20,25.0
1116,-392,MNK,MNKU25,H1,2025-08-18 00:00:00,1755475200,43495.0,43720.0,43420.0,43540.0,114,5,285,29.0
1117,-391,MNK,MNKU25,H1,2025-08-18 01:00:00,1755478800,43605.0,43720.0,43580.0,43680.0,40,5,91,30.0
1118,-390,MNK,MNKU25,H1,2025-08-18 02:00:00,1755482400,43710.0,43815.0,43710.0,43815.0,21,5,32,30.0
1119,-389,MNK,MNKU25,H1,2025-08-18 03:00:00,1755486000,43780.0,43850.0,43780.0,43820.0,10,5,12,30.0
1120,-388,MNK,MNKU25,H1,2025-08-18 04:00:00,1755489600,43795.0,43795.0,43680.0,43750.0,12,5,12,30.0
1121,-387,MNK,MNKU25,H1,2025-08-18 05:00:00,1755493200,43810.0,43820.0,43775.0,43785.0,15,5,20,29.0
1122,-386,MNK,MNKU25,H1,2025-08-18 06:00:00,1755496800,43770.0,43770.0,43710.0,43730.0,9,5,10,28.0
1123,-385,MNK,MNKU25,H1,2025-08-18 07:00:00,1755500400,43710.0,43710.0,43645.0,43685.0,12,5,13,28.0
1124,-384,MNK,MNKU25,H1,2025-08-18 08:00:00,1755504000,43700.0,43700.0,43655.0,43685.0,7,5,7,28.0
1125,-383,MNK,MNKU25,H1,2025-08-18 09:00:00,1755507600,43700.0,43750.0,43700.0,43745.0,9,5,9,28.0
1126,-382,MNK,MNKU25,H1,2025-08-18 10:00:00,1755511200,43790.0,43820.0,43790.0,43810.0,9,5,9,27.0
1127,-381,MNK,MNKU25,H1,2025-08-18 11:00:00,1755514800,43770.0,43800.0,43770.0,43800.0,3,5,3,27.0
1128,-380,MNK,MNKU25,H1,2025-08-18 12:00:00,1755518400,43810.0,43850.0,43810.0,43840.0,9,5,10,27.0
1129,-379,MNK,MNKU25,H1,2025-08-18 13:00:00,1755522000,43870.0,43950.0,43870.0,43945.0,15,5,15,26.0
1130,-378,MNK,MNKU25,H1,2025-08-18 14:00:00,1755525600,43945.0,43945.0,43875.0,43875.0,10,5,13,27.0
1131,-377,MNK,MNKU25,H1,2025-08-18 15:00:00,1755529200,43900.0,43925.0,43895.0,43900.0,7,5,9,27.0
1132,-376,MNK,MNKU25,H1,2025-08-18 16:00:00,1755532800,43840.0,43840.0,43825.0,43825.0,8,5,17,27.0
1133,-375,MNK,MNKU25,H1,2025-08-18 17:00:00,1755536400,43825.0,43825.0,43800.0,43805.0,4,5,4,26.0
1134,-374,MNK,MNKU25,H1,2025-08-18 18:00:00,1755540000,43790.0,43835.0,43780.0,43835.0,10,5,13,26.0
1135,-373,MNK,MNKU25,H1,2025-08-18 19:00:00,1755543600,43800.0,43855.0,43800.0,43855.0,6,5,8,26.0
1136,-372,MNK,MNKU25,H1,2025-08-18 20:00:00,1755547200,43835.0,43835.0,43815.0,43815.0,8,5,10,26.0
1137,-371,MNK,MNKU25,H1,2025-08-18 22:00:00,1755554400,43820.0,43875.0,43820.0,43855.0,10,5,11,26.0
1138,-370,MNK,MNKU25,H1,2025-08-18 23:00:00,1755558000,43850.0,43875.0,43800.0,43860.0,15,5,16,26.0
1139,-369,MNK,MNKU25,H1,2025-08-19 00:00:00,1755561600,43780.0,43880.0,43510.0,43510.0,73,5,105,27.0
1140,-368,MNK,MNKU25,H1,2025-08-19 01:00:00,1755565200,43500.0,43740.0,43450.0,43730.0,102,5,192,30.0
1141,-367,MNK,MNKU25,H1,2025-08-19 02:00:00,1755568800,43675.0,43745.0,43655.0,43655.0,28,5,49,30.0
1142,-366,MNK,MNKU25,H1,2025-08-19 03:00:00,1755572400,43645.0,43650.0,43570.0,43645.0,11,5,14,31.0
1143,-365,MNK,MNKU25,H1,2025-08-19 04:00:00,1755576000,43645.0,43705.0,43645.0,43705.0,6,5,6,31.0
1144,-364,MNK,MNKU25,H1,2025-08-19 05:00:00,1755579600,43670.0,43695.0,43630.0,43640.0,7,5,19,29.0
1145,-363,MNK,MNKU25,H1,2025-08-19 06:00:00,1755583200,43605.0,43605.0,43545.0,43595.0,13,5,21,28.0
1146,-362,MNK,MNKU25,H1,2025-08-19 07:00:00,1755586800,43595.0,43595.0,43595.0,43595.0,6,5,6,28.0
1147,-361,MNK,MNKU25,H1,2025-08-19 08:00:00,1755590400,43685.0,43710.0,43685.0,43710.0,2,5,2,27.0
1148,-360,MNK,MNKU25,H1,2025-08-19 09:00:00,1755594000,43710.0,43840.0,43710.0,43780.0,10,5,10,27.0
1149,-359,MNK,MNKU25,H1,2025-08-19 10:00:00,1755597600,43775.0,43775.0,43770.0,43770.0,3,5,4,27.0
1150,-358,MNK,MNKU25,H1,2025-08-19 12:00:00,1755604800,43725.0,43725.0,43725.0,43725.0,1,15,1,27.0
1151,-357,MNK,MNKU25,H1,2025-08-19 13:00:00,1755608400,43695.0,43700.0,43575.0,43595.0,21,5,21,27.0
1152,-356,MNK,MNKU25,H1,2025-08-19 14:00:00,1755612000,43650.0,43655.0,43495.0,43550.0,25,5,36,27.0
1153,-355,MNK,MNKU25,H1,2025-08-19 15:00:00,1755615600,43490.0,43530.0,43475.0,43520.0,14,5,24,27.0
1154,-354,MNK,MNKU25,H1,2025-08-19 16:00:00,1755619200,43515.0,43515.0,43375.0,43410.0,15,5,22,27.0
1155,-353,MNK,MNKU25,H1,2025-08-19 17:00:00,1755622800,43345.0,43420.0,43345.0,43420.0,7,5,11,27.0
1156,-352,MNK,MNKU25,H1,2025-08-19 18:00:00,1755626400,43380.0,43410.0,43380.0,43380.0,5,10,5,27.0
1157,-351,MNK,MNKU25,H1,2025-08-19 19:00:00,1755630000,43385.0,43410.0,43370.0,43410.0,8,5,10,26.0
1158,-350,MNK,MNKU25,H1,2025-08-19 20:00:00,1755633600,43425.0,43425.0,43420.0,43420.0,2,10,2,26.0
1159,-349,MNK,MNKU25,H1,2025-08-19 22:00:00,1755640800,43385.0,43480.0,43385.0,43480.0,3,10,5,26.0
1160,-348,MNK,MNKU25,H1,2025-08-19 23:00:00,1755644400,43430.0,43430.0,43260.0,43260.0,17,5,55,27.0
1161,-347,MNK,MNKU25,H1,2025-08-20 00:00:00,1755648000,43185.0,43220.0,42920.0,42940.0,120,5,312,31.0
1162,-346,MNK,MNKU25,H1,2025-08-20 01:00:00,1755651600,42990.0,43050.0,42835.0,42850.0,31,5,98,32.0
1163,-345,MNK,MNKU25,H1,2025-08-20 02:00:00,1755655200,42805.0,42910.0,42805.0,42900.0,6,5,9,32.0
1164,-344,MNK,MNKU25,H1,2025-08-20 03:00:00,1755658800,42900.0,42900.0,42775.0,42775.0,14,5,42,33.0
1165,-343,MNK,MNKU25,H1,2025-08-20 04:00:00,1755662400,42770.0,42920.0,42770.0,42910.0,15,5,41,31.0
1166,-342,MNK,MNKU25,H1,2025-08-20 05:00:00,1755666000,42870.0,42905.0,42870.0,42885.0,7,5,31,31.0
1167,-341,MNK,MNKU25,H1,2025-08-20 06:00:00,1755669600,42940.0,42940.0,42940.0,42940.0,1,5,1,31.0
1168,-340,MNK,MNKU25,H1,2025-08-20 07:00:00,1755673200,42990.0,43015.0,42950.0,42995.0,13,5,14,31.0
1169,-339,MNK,MNKU25,H1,2025-08-20 08:00:00,1755676800,42970.0,43000.0,42970.0,43000.0,8,5,8,30.0
1170,-338,MNK,MNKU25,H1,2025-08-20 09:00:00,1755680400,43000.0,43000.0,43000.0,43000.0,2,5,2,30.0
1171,-337,MNK,MNKU25,H1,2025-08-20 10:00:00,1755684000,42935.0,42935.0,42935.0,42935.0,1,10,1,30.0
1172,-336,MNK,MNKU25,H1,2025-08-20 11:00:00,1755687600,42950.0,42950.0,42915.0,42915.0,3,5,5,30.0
1173,-335,MNK,MNKU25,H1,2025-08-20 12:00:00,1755691200,42955.0,42955.0,42890.0,42925.0,16,5,26,29.0
1174,-334,MNK,MNKU25,H1,2025-08-20 13:00:00,1755694800,42910.0,42910.0,42615.0,42615.0,31,5,147,31.0
1175,-333,MNK,MNKU25,H1,2025-08-20 14:00:00,1755698400,42720.0,42720.0,42590.0,42635.0,35,5,66,32.0
1176,-332,MNK,MNKU25,H1,2025-08-20 15:00:00,1755702000,42635.0,42790.0,42635.0,42725.0,23,5,26,33.0
1177,-331,MNK,MNKU25,H1,2025-08-20 16:00:00,1755705600,42740.0,42830.0,42740.0,42815.0,8,5,10,32.0
1178,-330,MNK,MNKU25,H1,2025-08-20 17:00:00,1755709200,42755.0,42800.0,42755.0,42800.0,6,5,11,31.0
1179,-329,MNK,MNKU25,H1,2025-08-20 18:00:00,1755712800,42795.0,42795.0,42795.0,42795.0,1,15,1,31.0
1180,-328,MNK,MNKU25,H1,2025-08-20 19:00:00,1755716400,42820.0,42875.0,42820.0,42855.0,6,5,10,31.0
1181,-327,MNK,MNKU25,H1,2025-08-20 20:00:00,1755720000,42830.0,42845.0,42830.0,42840.0,11,5,17,32.0
1182,-326,MNK,MNKU25,H1,2025-08-20 22:00:00,1755727200,42885.0,42885.0,42865.0,42865.0,2,5,2,31.0
1183,-325,MNK,MNKU25,H1,2025-08-20 23:00:00,1755730800,42815.0,42845.0,42815.0,42845.0,2,20,2,31.0
1184,-324,MNK,MNKU25,H1,2025-08-21 00:00:00,1755734400,42770.0,42900.0,42700.0,42700.0,8,5,9,31.0
1185,-323,MNK,MNKU25,H1,2025-08-21 01:00:00,1755738000,42680.0,42745.0,42635.0,42745.0,31,5,42,31.0
1186,-322,MNK,MNKU25,H1,2025-08-21 02:00:00,1755741600,42735.0,42735.0,42695.0,42695.0,3,5,4,31.0
1187,-321,MNK,MNKU25,H1,2025-08-21 03:00:00,1755745200,42660.0,42665.0,42640.0,42640.0,7,5,7,30.0
1188,-320,MNK,MNKU25,H1,2025-08-21 04:00:00,1755748800,42635.0,42655.0,42635.0,42655.0,2,5,2,27.0
1189,-319,MNK,MNKU25,H1,2025-08-21 05:00:00,1755752400,42635.0,42650.0,42590.0,42645.0,11,5,33,26.0
1190,-318,MNK,MNKU25,H1,2025-08-21 06:00:00,1755756000,42660.0,42685.0,42650.0,42650.0,8,5,12,25.0
1191,-317,MNK,MNKU25,H1,2025-08-21 07:00:00,1755759600,42650.0,42680.0,42640.0,42680.0,6,5,24,26.0
1192,-316,MNK,MNKU25,H1,2025-08-21 08:00:00,1755763200,42610.0,42645.0,42590.0,42590.0,4,5,4,26.0
1193,-315,MNK,MNKU25,H1,2025-08-21 09:00:00,1755766800,42580.0,42635.0,42555.0,42600.0,10,5,11,25.0
1194,-314,MNK,MNKU25,H1,2025-08-21 10:00:00,1755770400,42580.0,42600.0,42580.0,42600.0,6,5,6,25.0
1195,-313,MNK,MNKU25,H1,2025-08-21 11:00:00,1755774000,42645.0,42645.0,42645.0,42645.0,2,10,3,25.0
1196,-312,MNK,MNKU25,H1,2025-08-21 12:00:00,1755777600,42605.0,42605.0,42550.0,42585.0,5,5,16,25.0
1197,-311,MNK,MNKU25,H1,2025-08-21 13:00:00,1755781200,42625.0,42650.0,42625.0,42645.0,9,5,45,26.0
1198,-310,MNK,MNKU25,H1,2025-08-21 14:00:00,1755784800,42700.0,42760.0,42700.0,42700.0,30,5,76,27.0
1199,-309,MNK,MNKU25,H1,2025-08-21 15:00:00,1755788400,42700.0,42740.0,42630.0,42650.0,19,5,36,27.0
1200,-308,MNK,MNKU25,H1,2025-08-21 16:00:00,1755792000,42625.0,42640.0,42590.0,42600.0,11,5,14,27.0
1201,-307,MNK,MNKU25,H1,2025-08-21 17:00:00,1755795600,42580.0,42690.0,42580.0,42690.0,5,10,9,27.0
1202,-306,MNK,MNKU25,H1,2025-08-21 18:00:00,1755799200,42660.0,42660.0,42660.0,42660.0,4,5,5,27.0
1203,-305,MNK,MNKU25,H1,2025-08-21 19:00:00,1755802800,42700.0,42700.0,42630.0,42665.0,16,5,16,27.0
1204,-304,MNK,MNKU25,H1,2025-08-21 20:00:00,1755806400,42650.0,42650.0,42650.0,42650.0,2,5,3,27.0
1205,-303,MNK,MNKU25,H1,2025-08-21 22:00:00,1755813600,42725.0,42725.0,42725.0,42725.0,1,20,1,27.0
1206,-302,MNK,MNKU25,H1,2025-08-21 23:00:00,1755817200,42695.0,42695.0,42615.0,42615.0,2,25,3,27.0
1207,-301,MNK,MNKU25,H1,2025-08-22 00:00:00,1755820800,42625.0,42660.0,42340.0,42660.0,50,5,102,28.0
1208,-300,MNK,MNKU25,H1,2025-08-22 01:00:00,1755824400,42610.0,42680.0,42605.0,42605.0,7,5,11,28.0
1209,-299,MNK,MNKU25,H1,2025-08-22 02:00:00,1755828000,42690.0,42720.0,42590.0,42590.0,17,5,27,28.0
1210,-298,MNK,MNKU25,H1,2025-08-22 03:00:00,1755831600,42575.0,42590.0,42555.0,42555.0,5,5,5,28.0
1211,-297,MNK,MNKU25,H1,2025-08-22 04:00:00,1755835200,42555.0,42555.0,42550.0,42550.0,2,5,2,27.0
1212,-296,MNK,MNKU25,H1,2025-08-22 07:00:00,1755846000,42690.0,42725.0,42690.0,42725.0,9,5,11,24.0
1213,-295,MNK,MNKU25,H1,2025-08-22 08:00:00,1755849600,42715.0,42715.0,42685.0,42685.0,3,5,3,24.0
1214,-294,MNK,MNKU25,H1,2025-08-22 09:00:00,1755853200,42765.0,42770.0,42765.0,42770.0,2,5,2,23.0
1215,-293,MNK,MNKU25,H1,2025-08-22 10:00:00,1755856800,42785.0,42785.0,42695.0,42695.0,3,5,5,23.0
1216,-292,MNK,MNKU25,H1,2025-08-22 11:00:00,1755860400,42735.0,42735.0,42730.0,42730.0,2,15,9,23.0
1217,-291,MNK,MNKU25,H1,2025-08-22 12:00:00,1755864000,42695.0,42715.0,42695.0,42715.0,2,5,2,23.0
1218,-290,MNK,MNKU25,H1,2025-08-22 13:00:00,1755867600,42730.0,42820.0,42730.0,42805.0,22,5,70,24.0
1219,-289,MNK,MNKU25,H1,2025-08-22 14:00:00,1755871200,42770.0,43125.0,42770.0,43025.0,27,5,56,25.0
1220,-288,MNK,MNKU25,H1,2025-08-22 15:00:00,1755874800,43015.0,43040.0,42950.0,42950.0,13,5,18,25.0
1221,-287,MNK,MNKU25,H1,2025-08-22 17:00:00,1755882000,42955.0,42955.0,42925.0,42950.0,3,15,3,25.0
1222,-286,MNK,MNKU25,H1,2025-08-22 18:00:00,1755885600,42965.0,43000.0,42955.0,43000.0,10,5,21,25.0
1223,-285,MNK,MNKU25,H1,2025-08-22 19:00:00,1755889200,42960.0,42995.0,42960.0,42995.0,9,5,17,25.0
1224,-284,MNK,MNKU25,H1,2025-08-22 20:00:00,1755892800,42995.0,43045.0,42990.0,43025.0,11,5,20,25.0
1225,-283,MNK,MNKU25,H1,2025-08-24 22:00:00,1756072800,43015.0,43115.0,42985.0,43070.0,16,5,23,25.0
1226,-282,MNK,MNKU25,H1,2025-08-24 23:00:00,1756076400,43135.0,43200.0,42985.0,43085.0,13,5,19,25.0
1227,-281,MNK,MNKU25,H1,2025-08-25 00:00:00,1756080000,43080.0,43205.0,42865.0,42910.0,31,5,34,25.0
1228,-280,MNK,MNKU25,H1,2025-08-25 01:00:00,1756083600,42890.0,42930.0,42845.0,42930.0,14,5,31,25.0
1229,-279,MNK,MNKU25,H1,2025-08-25 02:00:00,1756087200,42905.0,42920.0,42830.0,42845.0,12,5,29,26.0
1230,-278,MNK,MNKU25,H1,2025-08-25 03:00:00,1756090800,42830.0,42830.0,42695.0,42725.0,19,5,21,26.0
1231,-277,MNK,MNKU25,H1,2025-08-25 04:00:00,1756094400,42740.0,42800.0,42740.0,42800.0,3,5,3,26.0
1232,-276,MNK,MNKU25,H1,2025-08-25 05:00:00,1756098000,42780.0,42780.0,42780.0,42780.0,1,5,1,25.0
1233,-275,MNK,MNKU25,H1,2025-08-25 06:00:00,1756101600,42780.0,42780.0,42780.0,42780.0,1,20,1,21.0
1234,-274,MNK,MNKU25,H1,2025-08-25 07:00:00,1756105200,42760.0,42770.0,42760.0,42770.0,2,15,5,20.0
1235,-273,MNK,MNKU25,H1,2025-08-25 08:00:00,1756108800,42750.0,42750.0,42670.0,42670.0,11,5,11,20.0
1236,-272,MNK,MNKU25,H1,2025-08-25 09:00:00,1756112400,42630.0,42630.0,42625.0,42625.0,4,5,4,19.0
1237,-271,MNK,MNKU25,H1,2025-08-25 10:00:00,1756116000,42670.0,42675.0,42670.0,42675.0,2,5,2,18.0
1238,-270,MNK,MNKU25,H1,2025-08-25 12:00:00,1756123200,42645.0,42645.0,42630.0,42630.0,2,5,2,18.0
1239,-269,MNK,MNKU25,H1,2025-08-25 13:00:00,1756126800,42700.0,42700.0,42700.0,42700.0,7,5,8,18.0
1240,-268,MNK,MNKU25,H1,2025-08-25 14:00:00,1756130400,42640.0,42640.0,42630.0,42630.0,7,10,8,18.0
1241,-267,MNK,MNKU25,H1,2025-08-25 15:00:00,1756134000,42645.0,42645.0,42645.0,42645.0,1,15,2,18.0
1242,-266,MNK,MNKU25,H1,2025-08-25 16:00:00,1756137600,42625.0,42625.0,42625.0,42625.0,1,20,1,18.0
1243,-265,MNK,MNKU25,H1,2025-08-25 17:00:00,1756141200,42585.0,42600.0,42585.0,42600.0,6,5,12,18.0
1244,-264,MNK,MNKU25,H1,2025-08-25 18:00:00,1756144800,42605.0,42605.0,42605.0,42605.0,3,5,3,18.0
1245,-263,MNK,MNKU25,H1,2025-08-25 19:00:00,1756148400,42580.0,42595.0,42540.0,42540.0,8,5,8,18.0
1246,-262,MNK,MNKU25,H1,2025-08-25 20:00:00,1756152000,42550.0,42555.0,42515.0,42555.0,4,15,4,16.0
1247,-261,MNK,MNKU25,H1,2025-08-25 22:00:00,1756159200,42545.0,42585.0,42545.0,42580.0,9,5,9,15.0
1248,-260,MNK,MNKU25,H1,2025-08-25 23:00:00,1756162800,42585.0,42695.0,42570.0,42675.0,26,5,31,15.0
1249,-259,MNK,MNKU25,H1,2025-08-26 00:00:00,1756166400,42675.0,42675.0,42155.0,42310.0,72,5,169,17.0
1250,-258,MNK,MNKU25,H1,2025-08-26 01:00:00,1756170000,42290.0,42360.0,42290.0,42360.0,7,5,8,17.0
1251,-257,MNK,MNKU25,H1,2025-08-26 02:00:00,1756173600,42330.0,42390.0,42330.0,42360.0,7,10,7,17.0
1252,-256,MNK,MNKU25,H1,2025-08-26 03:00:00,1756177200,42295.0,42430.0,42295.0,42430.0,14,5,15,17.0
1253,-255,MNK,MNKU25,H1,2025-08-26 04:00:00,1756180800,42460.0,42460.0,42420.0,42420.0,4,5,4,17.0
1254,-254,MNK,MNKU25,H1,2025-08-26 05:00:00,1756184400,42445.0,42445.0,42430.0,42430.0,2,5,2,17.0
1255,-253,MNK,MNKU25,H1,2025-08-26 06:00:00,1756188000,42275.0,42330.0,42275.0,42330.0,24,5,51,18.0
1256,-252,MNK,MNKU25,H1,2025-08-26 07:00:00,1756191600,42265.0,42270.0,42230.0,42270.0,9,5,25,18.0
1257,-251,MNK,MNKU25,H1,2025-08-26 08:00:00,1756195200,42280.0,42280.0,42210.0,42210.0,17,5,38,18.0
1258,-250,MNK,MNKU25,H1,2025-08-26 09:00:00,1756198800,42265.0,42275.0,42265.0,42275.0,4,10,4,18.0
1259,-249,MNK,MNKU25,H1,2025-08-26 10:00:00,1756202400,42290.0,42345.0,42290.0,42345.0,9,10,10,18.0
1260,-248,MNK,MNKU25,H1,2025-08-26 12:00:00,1756209600,42270.0,42335.0,42255.0,42335.0,10,5,15,18.0
1261,-247,MNK,MNKU25,H1,2025-08-26 13:00:00,1756213200,42405.0,42420.0,42360.0,42415.0,12,5,34,18.0
1262,-246,MNK,MNKU25,H1,2025-08-26 14:00:00,1756216800,42465.0,42465.0,42465.0,42465.0,1,20,1,18.0
1263,-245,MNK,MNKU25,H1,2025-08-26 15:00:00,1756220400,42450.0,42450.0,42385.0,42395.0,4,5,4,18.0
1264,-244,MNK,MNKU25,H1,2025-08-26 16:00:00,1756224000,42370.0,42385.0,42370.0,42385.0,2,15,2,18.0
1265,-243,MNK,MNKU25,H1,2025-08-26 18:00:00,1756231200,42415.0,42440.0,42415.0,42440.0,2,15,2,18.0
1266,-242,MNK,MNKU25,H1,2025-08-26 19:00:00,1756234800,42470.0,42515.0,42470.0,42510.0,7,5,7,18.0
1267,-241,MNK,MNKU25,H1,2025-08-26 20:00:00,1756238400,42510.0,42535.0,42510.0,42535.0,4,5,6,18.0
1268,-240,MNK,MNKU25,H1,2025-08-26 22:00:00,1756245600,42535.0,42540.0,42535.0,42540.0,5,5,5,18.0
1269,-239,MNK,MNKU25,H1,2025-08-26 23:00:00,1756249200,42535.0,42535.0,42475.0,42495.0,6,5,6,17.0
1270,-238,MNK,MNKU25,H1,2025-08-27 00:00:00,1756252800,42460.0,42460.0,42280.0,42370.0,36,5,43,17.0
1271,-237,MNK,MNKU25,H1,2025-08-27 01:00:00,1756256400,42390.0,42435.0,42350.0,42430.0,23,5,29,17.0
1272,-236,MNK,MNKU25,H1,2025-08-27 02:00:00,1756260000,42440.0,42560.0,42440.0,42525.0,23,5,30,17.0
1273,-235,MNK,MNKU25,H1,2025-08-27 03:00:00,1756263600,42540.0,42610.0,42535.0,42555.0,9,5,15,17.0
1274,-234,MNK,MNKU25,H1,2025-08-27 04:00:00,1756267200,42520.0,42520.0,42475.0,42475.0,5,5,11,17.0
1275,-233,MNK,MNKU25,H1,2025-08-27 05:00:00,1756270800,42435.0,42480.0,42410.0,42480.0,7,10,15,17.0
1276,-232,MNK,MNKU25,H1,2025-08-27 06:00:00,1756274400,42550.0,42550.0,42480.0,42480.0,5,5,5,17.0
1277,-231,MNK,MNKU25,H1,2025-08-27 07:00:00,1756278000,42460.0,42460.0,42435.0,42435.0,10,5,12,17.0
1278,-230,MNK,MNKU25,H1,2025-08-27 08:00:00,1756281600,42440.0,42440.0,42440.0,42440.0,1,15,1,17.0
1279,-229,MNK,MNKU25,H1,2025-08-27 09:00:00,1756285200,42410.0,42410.0,42405.0,42405.0,2,10,4,16.0
1280,-228,MNK,MNKU25,H1,2025-08-27 10:00:00,1756288800,42430.0,42445.0,42430.0,42445.0,4,5,6,16.0
1281,-227,MNK,MNKU25,H1,2025-08-27 12:00:00,1756296000,42450.0,42485.0,42410.0,42410.0,22,5,28,16.0
1282,-226,MNK,MNKU25,H1,2025-08-27 13:00:00,1756299600,42405.0,42415.0,42405.0,42410.0,13,5,45,16.0
1283,-225,MNK,MNKU25,H1,2025-08-27 14:00:00,1756303200,42435.0,42485.0,42435.0,42470.0,5,5,7,16.0
1284,-224,MNK,MNKU25,H1,2025-08-27 15:00:00,1756306800,42470.0,42490.0,42470.0,42475.0,8,5,8,16.0
1285,-223,MNK,MNKU25,H1,2025-08-27 16:00:00,1756310400,42455.0,42485.0,42455.0,42485.0,2,15,3,16.0
1286,-222,MNK,MNKU25,H1,2025-08-27 18:00:00,1756317600,42555.0,42560.0,42555.0,42560.0,2,10,3,16.0
1287,-221,MNK,MNKU25,H1,2025-08-27 19:00:00,1756321200,42545.0,42545.0,42545.0,42545.0,2,5,3,16.0
62,-1537,MNK,MNKZ25,H1,2025-08-27 20:00:00,1756324800,42480.0,42480.0,42480.0,42480.0,0,0,0,0.0
1288,-220,MNK,MNKU25,H1,2025-08-27 22:00:00,1756332000,42470.0,42470.0,42470.0,42470.0,1,5,4,16.0
1289,-219,MNK,MNKU25,H1,2025-08-27 23:00:00,1756335600,42435.0,42450.0,42345.0,42365.0,11,5,22,16.0
1290,-218,MNK,MNKU25,H1,2025-08-28 00:00:00,1756339200,42355.0,42735.0,42355.0,42625.0,58,5,86,17.0
1291,-217,MNK,MNKU25,H1,2025-08-28 01:00:00,1756342800,42640.0,42720.0,42630.0,42710.0,15,5,22,16.0
1292,-216,MNK,MNKU25,H1,2025-08-28 02:00:00,1756346400,42700.0,42760.0,42690.0,42690.0,13,5,14,16.0
1293,-215,MNK,MNKU25,H1,2025-08-28 03:00:00,1756350000,42745.0,42820.0,42745.0,42820.0,7,5,9,16.0
1294,-214,MNK,MNKU25,H1,2025-08-28 04:00:00,1756353600,42780.0,42800.0,42760.0,42800.0,5,5,5,16.0
1295,-213,MNK,MNKU25,H1,2025-08-28 05:00:00,1756357200,42800.0,42810.0,42785.0,42785.0,4,5,4,16.0
1296,-212,MNK,MNKU25,H1,2025-08-28 06:00:00,1756360800,42815.0,42940.0,42815.0,42940.0,22,5,44,16.0
1297,-211,MNK,MNKU25,H1,2025-08-28 07:00:00,1756364400,42955.0,43035.0,42955.0,42975.0,18,5,49,17.0
1298,-210,MNK,MNKU25,H1,2025-08-28 08:00:00,1756368000,43015.0,43015.0,42945.0,42945.0,4,5,4,16.0
1299,-209,MNK,MNKU25,H1,2025-08-28 09:00:00,1756371600,42845.0,42845.0,42840.0,42840.0,6,5,7,16.0
1300,-208,MNK,MNKU25,H1,2025-08-28 10:00:00,1756375200,42810.0,42810.0,42810.0,42810.0,1,15,1,16.0
1301,-207,MNK,MNKU25,H1,2025-08-28 11:00:00,1756378800,42810.0,42810.0,42750.0,42750.0,4,5,7,15.0
1302,-206,MNK,MNKU25,H1,2025-08-28 12:00:00,1756382400,42840.0,42840.0,42840.0,42840.0,1,20,1,15.0
1303,-205,MNK,MNKU25,H1,2025-08-28 13:00:00,1756386000,42875.0,42915.0,42840.0,42840.0,9,5,13,15.0
1304,-204,MNK,MNKU25,H1,2025-08-28 14:00:00,1756389600,42850.0,42965.0,42850.0,42965.0,26,5,62,16.0
1305,-203,MNK,MNKU25,H1,2025-08-28 15:00:00,1756393200,42985.0,42985.0,42950.0,42955.0,5,15,5,16.0
1306,-202,MNK,MNKU25,H1,2025-08-28 16:00:00,1756396800,42935.0,43000.0,42930.0,42935.0,8,5,8,16.0
1307,-201,MNK,MNKU25,H1,2025-08-28 17:00:00,1756400400,42925.0,42945.0,42925.0,42945.0,3,15,3,16.0
1308,-200,MNK,MNKU25,H1,2025-08-28 18:00:00,1756404000,42985.0,42985.0,42950.0,42950.0,3,10,4,16.0
1309,-199,MNK,MNKU25,H1,2025-08-28 20:00:00,1756411200,42935.0,42935.0,42935.0,42935.0,2,5,2,16.0
1310,-198,MNK,MNKU25,H1,2025-08-28 22:00:00,1756418400,42940.0,42940.0,42940.0,42940.0,1,35,2,16.0
1311,-197,MNK,MNKU25,H1,2025-08-28 23:00:00,1756422000,42860.0,42860.0,42820.0,42830.0,13,5,20,16.0
1312,-196,MNK,MNKU25,H1,2025-08-29 00:00:00,1756425600,42775.0,42775.0,42645.0,42680.0,24,5,28,16.0
1313,-195,MNK,MNKU25,H1,2025-08-29 01:00:00,1756429200,42705.0,42705.0,42705.0,42705.0,1,15,1,16.0
1314,-194,MNK,MNKU25,H1,2025-08-29 02:00:00,1756432800,42730.0,42750.0,42705.0,42705.0,6,5,9,16.0
1315,-193,MNK,MNKU25,H1,2025-08-29 03:00:00,1756436400,42730.0,42730.0,42730.0,42730.0,3,5,4,16.0
1316,-192,MNK,MNKU25,H1,2025-08-29 04:00:00,1756440000,42770.0,42770.0,42710.0,42710.0,4,15,8,16.0
1317,-191,MNK,MNKU25,H1,2025-08-29 05:00:00,1756443600,42665.0,42750.0,42665.0,42740.0,10,5,20,17.0
1318,-190,MNK,MNKU25,H1,2025-08-29 06:00:00,1756447200,42770.0,42820.0,42690.0,42715.0,14,5,17,17.0
1319,-189,MNK,MNKU25,H1,2025-08-29 07:00:00,1756450800,42705.0,42715.0,42660.0,42685.0,7,5,22,17.0
1320,-188,MNK,MNKU25,H1,2025-08-29 08:00:00,1756454400,42620.0,42620.0,42390.0,42390.0,26,5,52,17.0
1321,-187,MNK,MNKU25,H1,2025-08-29 09:00:00,1756458000,42445.0,42445.0,42445.0,42445.0,2,10,5,15.0
1322,-186,MNK,MNKU25,H1,2025-08-29 10:00:00,1756461600,42450.0,42450.0,42420.0,42420.0,3,10,6,15.0
1323,-185,MNK,MNKU25,H1,2025-08-29 11:00:00,1756465200,42425.0,42425.0,42425.0,42425.0,1,30,5,15.0
1324,-184,MNK,MNKU25,H1,2025-08-29 12:00:00,1756468800,42435.0,42455.0,42435.0,42455.0,10,5,12,15.0
1325,-183,MNK,MNKU25,H1,2025-08-29 13:00:00,1756472400,42400.0,42400.0,42185.0,42190.0,19,5,40,15.0
1326,-182,MNK,MNKU25,H1,2025-08-29 14:00:00,1756476000,42185.0,42195.0,42045.0,42180.0,16,5,40,16.0
1327,-181,MNK,MNKU25,H1,2025-08-29 15:00:00,1756479600,42210.0,42210.0,42135.0,42165.0,6,5,6,15.0
1328,-180,MNK,MNKU25,H1,2025-08-29 16:00:00,1756483200,42175.0,42175.0,42175.0,42175.0,1,15,1,15.0
1329,-179,MNK,MNKU25,H1,2025-08-29 19:00:00,1756494000,42115.0,42115.0,42100.0,42105.0,3,5,8,15.0
1330,-178,MNK,MNKU25,H1,2025-08-29 20:00:00,1756497600,42090.0,42130.0,42090.0,42130.0,7,10,8,15.0
1331,-177,MNK,MNKU25,H1,2025-08-31 23:00:00,1756681200,42325.0,42325.0,42270.0,42300.0,4,10,4,14.0
1332,-176,MNK,MNKU25,H1,2025-09-01 00:00:00,1756684800,42330.0,42450.0,42280.0,42315.0,23,5,35,15.0
1333,-175,MNK,MNKU25,H1,2025-09-01 01:00:00,1756688400,42220.0,42220.0,41910.0,41910.0,32,5,41,15.0
1334,-174,MNK,MNKU25,H1,2025-09-01 02:00:00,1756692000,41945.0,41945.0,41830.0,41840.0,14,5,31,15.0
1335,-173,MNK,MNKU25,H1,2025-09-01 03:00:00,1756695600,41800.0,41920.0,41800.0,41920.0,13,5,24,16.0
1336,-172,MNK,MNKU25,H1,2025-09-01 04:00:00,1756699200,41975.0,42020.0,41975.0,42020.0,4,5,4,16.0
1337,-171,MNK,MNKU25,H1,2025-09-01 05:00:00,1756702800,42100.0,42155.0,42095.0,42155.0,7,5,12,16.0
1338,-170,MNK,MNKU25,H1,2025-09-01 06:00:00,1756706400,42265.0,42265.0,42265.0,42265.0,1,20,1,16.0
1339,-169,MNK,MNKU25,H1,2025-09-01 07:00:00,1756710000,42300.0,42300.0,42300.0,42300.0,2,10,2,16.0
1340,-168,MNK,MNKU25,H1,2025-09-01 08:00:00,1756713600,42335.0,42380.0,42335.0,42360.0,5,10,5,16.0
1341,-167,MNK,MNKU25,H1,2025-09-01 10:00:00,1756720800,42335.0,42335.0,42335.0,42335.0,1,15,1,16.0
1342,-166,MNK,MNKU25,H1,2025-09-01 11:00:00,1756724400,42350.0,42365.0,42350.0,42365.0,4,5,9,15.0
1343,-165,MNK,MNKU25,H1,2025-09-01 12:00:00,1756728000,42380.0,42400.0,42380.0,42395.0,5,5,16,15.0
1344,-164,MNK,MNKU25,H1,2025-09-01 13:00:00,1756731600,42380.0,42380.0,42305.0,42305.0,4,5,5,15.0
1345,-163,MNK,MNKU25,H1,2025-09-01 14:00:00,1756735200,42380.0,42380.0,42380.0,42380.0,1,465,1,14.0
1346,-162,MNK,MNKU25,H1,2025-09-01 23:00:00,1756767600,42360.0,42360.0,42340.0,42360.0,3,20,3,14.0
1347,-161,MNK,MNKU25,H1,2025-09-02 00:00:00,1756771200,42375.0,42410.0,42290.0,42405.0,17,5,26,14.0
1348,-160,MNK,MNKU25,H1,2025-09-02 01:00:00,1756774800,42360.0,42495.0,42285.0,42285.0,36,5,60,15.0
1349,-159,MNK,MNKU25,H1,2025-09-02 02:00:00,1756778400,42260.0,42260.0,42260.0,42260.0,1,5,1,15.0
1350,-158,MNK,MNKU25,H1,2025-09-02 03:00:00,1756782000,42330.0,42415.0,42330.0,42400.0,11,5,12,15.0
1351,-157,MNK,MNKU25,H1,2025-09-02 04:00:00,1756785600,42375.0,42375.0,42265.0,42275.0,11,5,13,15.0
1352,-156,MNK,MNKU25,H1,2025-09-02 05:00:00,1756789200,42210.0,42210.0,42135.0,42135.0,3,5,5,15.0
1353,-155,MNK,MNKU25,H1,2025-09-02 06:00:00,1756792800,42350.0,42350.0,42350.0,42350.0,1,10,2,15.0
1354,-154,MNK,MNKU25,H1,2025-09-02 07:00:00,1756796400,42370.0,42370.0,42200.0,42200.0,10,5,29,15.0
1355,-153,MNK,MNKU25,H1,2025-09-02 08:00:00,1756800000,42150.0,42160.0,42075.0,42130.0,8,5,12,15.0
1356,-152,MNK,MNKU25,H1,2025-09-02 10:00:00,1756807200,42020.0,42020.0,42010.0,42010.0,2,15,3,15.0
1357,-151,MNK,MNKU25,H1,2025-09-02 11:00:00,1756810800,41990.0,41990.0,41945.0,41945.0,4,5,4,15.0
1358,-150,MNK,MNKU25,H1,2025-09-02 12:00:00,1756814400,41900.0,41900.0,41810.0,41820.0,13,5,23,15.0
1359,-149,MNK,MNKU25,H1,2025-09-02 13:00:00,1756818000,41850.0,42050.0,41760.0,42050.0,26,5,49,16.0
1360,-148,MNK,MNKU25,H1,2025-09-02 14:00:00,1756821600,42040.0,42090.0,41990.0,41990.0,10,5,10,16.0
1361,-147,MNK,MNKU25,H1,2025-09-02 15:00:00,1756825200,41980.0,41980.0,41855.0,41860.0,19,5,21,16.0
1362,-146,MNK,MNKU25,H1,2025-09-02 16:00:00,1756828800,41915.0,41950.0,41915.0,41950.0,4,5,7,15.0
1363,-145,MNK,MNKU25,H1,2025-09-02 18:00:00,1756836000,42015.0,42015.0,41980.0,41980.0,7,10,11,14.0
1364,-144,MNK,MNKU25,H1,2025-09-02 19:00:00,1756839600,42040.0,42120.0,42040.0,42120.0,9,5,11,14.0
1365,-143,MNK,MNKU25,H1,2025-09-02 20:00:00,1756843200,42100.0,42165.0,42100.0,42145.0,7,5,15,14.0
1366,-142,MNK,MNKU25,H1,2025-09-02 22:00:00,1756850400,42130.0,42130.0,42100.0,42100.0,3,5,3,14.0
1367,-141,MNK,MNKU25,H1,2025-09-02 23:00:00,1756854000,42075.0,42155.0,42075.0,42080.0,5,10,5,14.0
1368,-140,MNK,MNKU25,H1,2025-09-03 00:00:00,1756857600,42130.0,42265.0,42130.0,42215.0,8,5,17,14.0
1369,-139,MNK,MNKU25,H1,2025-09-03 01:00:00,1756861200,42195.0,42300.0,42155.0,42285.0,13,5,21,14.0
1370,-138,MNK,MNKU25,H1,2025-09-03 02:00:00,1756864800,42290.0,42310.0,42160.0,42160.0,29,5,52,14.0
1371,-137,MNK,MNKU25,H1,2025-09-03 03:00:00,1756868400,42150.0,42165.0,42045.0,42045.0,5,5,11,14.0
1372,-136,MNK,MNKU25,H1,2025-09-03 04:00:00,1756872000,42000.0,42000.0,41980.0,41980.0,6,5,8,14.0
1373,-135,MNK,MNKU25,H1,2025-09-03 05:00:00,1756875600,41890.0,41985.0,41890.0,41905.0,8,5,13,15.0
1374,-134,MNK,MNKU25,H1,2025-09-03 06:00:00,1756879200,42000.0,42000.0,42000.0,42000.0,1,20,1,15.0
1375,-133,MNK,MNKU25,H1,2025-09-03 07:00:00,1756882800,42055.0,42080.0,42040.0,42080.0,8,5,9,15.0
1376,-132,MNK,MNKU25,H1,2025-09-03 08:00:00,1756886400,42090.0,42150.0,42090.0,42150.0,3,5,3,14.0
1377,-131,MNK,MNKU25,H1,2025-09-03 09:00:00,1756890000,42145.0,42185.0,42145.0,42170.0,3,5,8,14.0
1378,-130,MNK,MNKU25,H1,2025-09-03 10:00:00,1756893600,42170.0,42170.0,42165.0,42170.0,3,5,3,14.0
1379,-129,MNK,MNKU25,H1,2025-09-03 11:00:00,1756897200,42210.0,42230.0,42170.0,42170.0,6,5,6,14.0
1380,-128,MNK,MNKU25,H1,2025-09-03 12:00:00,1756900800,42180.0,42180.0,42175.0,42175.0,2,5,2,14.0
1381,-127,MNK,MNKU25,H1,2025-09-03 13:00:00,1756904400,42150.0,42220.0,42140.0,42160.0,10,5,15,14.0
1382,-126,MNK,MNKU25,H1,2025-09-03 14:00:00,1756908000,42080.0,42155.0,42080.0,42130.0,5,5,6,14.0
1383,-125,MNK,MNKU25,H1,2025-09-03 15:00:00,1756911600,42145.0,42145.0,42145.0,42145.0,1,20,1,14.0
1384,-124,MNK,MNKU25,H1,2025-09-03 17:00:00,1756918800,42035.0,42035.0,42035.0,42035.0,1,5,1,13.0
1385,-123,MNK,MNKU25,H1,2025-09-03 19:00:00,1756926000,41960.0,42115.0,41960.0,42115.0,29,5,35,14.0
1386,-122,MNK,MNKU25,H1,2025-09-03 20:00:00,1756929600,42145.0,42155.0,42130.0,42145.0,12,5,14,14.0
1387,-121,MNK,MNKU25,H1,2025-09-03 22:00:00,1756936800,42130.0,42130.0,42130.0,42130.0,1,10,1,14.0
1388,-120,MNK,MNKU25,H1,2025-09-03 23:00:00,1756940400,42165.0,42165.0,42085.0,42085.0,4,5,5,14.0
1389,-119,MNK,MNKU25,H1,2025-09-04 00:00:00,1756944000,42070.0,42505.0,42070.0,42480.0,29,5,40,14.0
1390,-118,MNK,MNKU25,H1,2025-09-04 01:00:00,1756947600,42420.0,42420.0,42420.0,42420.0,1,5,1,14.0
1391,-117,MNK,MNKU25,H1,2025-09-04 02:00:00,1756951200,42450.0,42545.0,42450.0,42500.0,15,5,37,14.0
1392,-116,MNK,MNKU25,H1,2025-09-04 03:00:00,1756954800,42505.0,42510.0,42505.0,42505.0,3,5,4,13.0
1393,-115,MNK,MNKU25,H1,2025-09-04 04:00:00,1756958400,42490.0,42605.0,42490.0,42605.0,11,5,20,14.0
1394,-114,MNK,MNKU25,H1,2025-09-04 05:00:00,1756962000,42600.0,42610.0,42580.0,42580.0,4,5,6,14.0
1395,-113,MNK,MNKU25,H1,2025-09-04 06:00:00,1756965600,42555.0,42645.0,42550.0,42645.0,17,5,23,14.0
1396,-112,MNK,MNKU25,H1,2025-09-04 07:00:00,1756969200,42605.0,42605.0,42600.0,42605.0,5,5,11,14.0
1397,-111,MNK,MNKU25,H1,2025-09-04 08:00:00,1756972800,42600.0,42680.0,42600.0,42600.0,5,10,15,13.0
1398,-110,MNK,MNKU25,H1,2025-09-04 09:00:00,1756976400,42590.0,42590.0,42540.0,42540.0,16,5,43,13.0
1399,-109,MNK,MNKU25,H1,2025-09-04 10:00:00,1756980000,42570.0,42625.0,42545.0,42545.0,10,5,19,14.0
1400,-108,MNK,MNKU25,H1,2025-09-04 11:00:00,1756983600,42560.0,42565.0,42520.0,42520.0,5,5,6,14.0
1401,-107,MNK,MNKU25,H1,2025-09-04 12:00:00,1756987200,42540.0,42555.0,42520.0,42555.0,6,5,7,14.0
1402,-106,MNK,MNKU25,H1,2025-09-04 13:00:00,1756990800,42545.0,42635.0,42525.0,42635.0,9,10,14,14.0
1403,-105,MNK,MNKU25,H1,2025-09-04 14:00:00,1756994400,42615.0,42755.0,42615.0,42755.0,6,5,11,14.0
1404,-104,MNK,MNKU25,H1,2025-09-04 15:00:00,1756998000,42875.0,42885.0,42860.0,42885.0,4,5,5,13.0
1405,-103,MNK,MNKU25,H1,2025-09-04 16:00:00,1757001600,42875.0,42875.0,42845.0,42845.0,2,15,3,13.0
1406,-102,MNK,MNKU25,H1,2025-09-04 17:00:00,1757005200,42890.0,42890.0,42870.0,42880.0,5,5,5,13.0
1407,-101,MNK,MNKU25,H1,2025-09-04 19:00:00,1757012400,42870.0,42900.0,42860.0,42880.0,8,10,10,12.0
1408,-100,MNK,MNKU25,H1,2025-09-04 20:00:00,1757016000,42875.0,42930.0,42860.0,42930.0,21,5,25,13.0
1409,-99,MNK,MNKU25,H1,2025-09-04 22:00:00,1757023200,42925.0,42935.0,42920.0,42920.0,15,5,17,13.0
1410,-98,MNK,MNKU25,H1,2025-09-04 23:00:00,1757026800,42950.0,43025.0,42950.0,43025.0,10,5,38,13.0
1411,-97,MNK,MNKU25,H1,2025-09-05 00:00:00,1757030400,43050.0,43245.0,42945.0,42945.0,48,5,55,14.0
1412,-96,MNK,MNKU25,H1,2025-09-05 01:00:00,1757034000,42935.0,42995.0,42900.0,42970.0,13,5,15,14.0
1413,-95,MNK,MNKU25,H1,2025-09-05 02:00:00,1757037600,42940.0,42970.0,42880.0,42970.0,13,5,15,14.0
1414,-94,MNK,MNKU25,H1,2025-09-05 03:00:00,1757041200,42945.0,43020.0,42905.0,42970.0,14,5,15,14.0
1415,-93,MNK,MNKU25,H1,2025-09-05 04:00:00,1757044800,42920.0,42920.0,42825.0,42835.0,8,5,12,14.0
1416,-92,MNK,MNKU25,H1,2025-09-05 05:00:00,1757048400,42870.0,43005.0,42870.0,43005.0,7,5,7,14.0
1417,-91,MNK,MNKU25,H1,2025-09-05 06:00:00,1757052000,42995.0,43080.0,42995.0,43055.0,11,5,18,15.0
1418,-90,MNK,MNKU25,H1,2025-09-05 07:00:00,1757055600,43060.0,43060.0,43060.0,43060.0,1,10,2,15.0
1419,-89,MNK,MNKU25,H1,2025-09-05 08:00:00,1757059200,43055.0,43105.0,43055.0,43105.0,2,5,11,14.0
1420,-88,MNK,MNKU25,H1,2025-09-05 09:00:00,1757062800,43060.0,43100.0,43030.0,43100.0,4,10,6,14.0
1421,-87,MNK,MNKU25,H1,2025-09-05 10:00:00,1757066400,43090.0,43090.0,43090.0,43090.0,1,10,1,14.0
1422,-86,MNK,MNKU25,H1,2025-09-05 11:00:00,1757070000,43125.0,43125.0,43110.0,43110.0,3,5,3,14.0
1423,-85,MNK,MNKU25,H1,2025-09-05 12:00:00,1757073600,43100.0,43150.0,42980.0,43135.0,15,5,23,14.0
1424,-84,MNK,MNKU25,H1,2025-09-05 13:00:00,1757077200,43115.0,43185.0,43100.0,43180.0,24,5,97,15.0
1425,-83,MNK,MNKU25,H1,2025-09-05 14:00:00,1757080800,43085.0,43110.0,42640.0,42730.0,32,5,61,16.0
1426,-82,MNK,MNKU25,H1,2025-09-05 15:00:00,1757084400,42675.0,42775.0,42675.0,42770.0,7,5,19,16.0
1427,-81,MNK,MNKU25,H1,2025-09-05 16:00:00,1757088000,42765.0,42840.0,42765.0,42840.0,4,5,4,16.0
1428,-80,MNK,MNKU25,H1,2025-09-05 17:00:00,1757091600,42790.0,42790.0,42790.0,42790.0,1,15,1,16.0
1429,-79,MNK,MNKU25,H1,2025-09-05 18:00:00,1757095200,42815.0,42880.0,42815.0,42880.0,10,5,11,16.0
1430,-78,MNK,MNKU25,H1,2025-09-05 19:00:00,1757098800,42860.0,42925.0,42860.0,42925.0,13,5,16,16.0
1431,-77,MNK,MNKU25,H1,2025-09-05 20:00:00,1757102400,42920.0,42920.0,42920.0,42920.0,1,1140,1,15.0
1432,-76,MNK,MNKU25,H1,2025-09-07 22:00:00,1757282400,43085.0,43360.0,43085.0,43360.0,13,5,16,15.0
1433,-75,MNK,MNKU25,H1,2025-09-07 23:00:00,1757286000,43420.0,43835.0,43420.0,43545.0,28,5,31,15.0
1434,-74,MNK,MNKU25,H1,2025-09-08 00:00:00,1757289600,43395.0,43850.0,43390.0,43775.0,32,5,46,16.0
1435,-73,MNK,MNKU25,H1,2025-09-08 01:00:00,1757293200,43810.0,43845.0,43675.0,43845.0,23,5,28,16.0
1436,-72,MNK,MNKU25,H1,2025-09-08 02:00:00,1757296800,43780.0,43780.0,43600.0,43640.0,24,5,36,16.0
1437,-71,MNK,MNKU25,H1,2025-09-08 03:00:00,1757300400,43655.0,43685.0,43650.0,43660.0,12,5,17,16.0
1438,-70,MNK,MNKU25,H1,2025-09-08 04:00:00,1757304000,43630.0,43650.0,43590.0,43650.0,7,5,8,16.0
1439,-69,MNK,MNKU25,H1,2025-09-08 05:00:00,1757307600,43680.0,43680.0,43590.0,43620.0,4,10,5,16.0
1440,-68,MNK,MNKU25,H1,2025-09-08 06:00:00,1757311200,43665.0,43725.0,43640.0,43680.0,15,5,29,16.0
1441,-67,MNK,MNKU25,H1,2025-09-08 07:00:00,1757314800,43620.0,43650.0,43600.0,43600.0,5,5,8,16.0
1442,-66,MNK,MNKU25,H1,2025-09-08 08:00:00,1757318400,43590.0,43590.0,43590.0,43590.0,7,5,12,16.0
1443,-65,MNK,MNKU25,H1,2025-09-08 09:00:00,1757322000,43700.0,43835.0,43690.0,43835.0,6,5,6,16.0
1444,-64,MNK,MNKU25,H1,2025-09-08 10:00:00,1757325600,43825.0,43845.0,43825.0,43840.0,4,10,4,16.0
1445,-63,MNK,MNKU25,H1,2025-09-08 11:00:00,1757329200,43820.0,43820.0,43810.0,43810.0,2,15,2,15.0
1446,-62,MNK,MNKU25,H1,2025-09-08 12:00:00,1757332800,43800.0,43800.0,43765.0,43765.0,8,10,9,16.0
1447,-61,MNK,MNKU25,H1,2025-09-08 13:00:00,1757336400,43850.0,43880.0,43830.0,43830.0,22,5,65,16.0
1448,-60,MNK,MNKU25,H1,2025-09-08 14:00:00,1757340000,43830.0,43925.0,43810.0,43925.0,7,10,7,16.0
1449,-59,MNK,MNKU25,H1,2025-09-08 15:00:00,1757343600,43965.0,44025.0,43960.0,44025.0,9,5,22,17.0
1450,-58,MNK,MNKU25,H1,2025-09-08 16:00:00,1757347200,44005.0,44030.0,43995.0,44020.0,9,15,12,17.0
1451,-57,MNK,MNKU25,H1,2025-09-08 17:00:00,1757350800,43970.0,44025.0,43945.0,43945.0,11,10,12,17.0
1452,-56,MNK,MNKU25,H1,2025-09-08 18:00:00,1757354400,43950.0,44020.0,43950.0,44020.0,4,5,4,17.0
1453,-55,MNK,MNKU25,H1,2025-09-08 19:00:00,1757358000,43910.0,43990.0,43910.0,43985.0,23,5,26,17.0
1454,-54,MNK,MNKU25,H1,2025-09-08 20:00:00,1757361600,43955.0,43965.0,43945.0,43960.0,6,5,9,17.0
1455,-53,MNK,MNKU25,H1,2025-09-08 22:00:00,1757368800,43975.0,44015.0,43975.0,44015.0,2,15,5,17.0
1456,-52,MNK,MNKU25,H1,2025-09-08 23:00:00,1757372400,44020.0,44020.0,43885.0,43915.0,15,5,26,17.0
1457,-51,MNK,MNKU25,H1,2025-09-09 00:00:00,1757376000,43980.0,44185.0,43965.0,44125.0,44,5,69,18.0
1458,-50,MNK,MNKU25,H1,2025-09-09 01:00:00,1757379600,44040.0,44040.0,43750.0,43750.0,21,5,44,18.0
1459,-49,MNK,MNKU25,H1,2025-09-09 02:00:00,1757383200,43810.0,43810.0,43730.0,43745.0,5,5,8,18.0
1460,-48,MNK,MNKU25,H1,2025-09-09 03:00:00,1757386800,43730.0,43730.0,43665.0,43665.0,4,10,5,18.0
1461,-47,MNK,MNKU25,H1,2025-09-09 04:00:00,1757390400,43675.0,43720.0,43665.0,43665.0,4,5,5,18.0
1462,-46,MNK,MNKU25,H1,2025-09-09 05:00:00,1757394000,43600.0,43600.0,43480.0,43500.0,8,5,19,18.0
1463,-45,MNK,MNKU25,H1,2025-09-09 06:00:00,1757397600,43550.0,43570.0,43475.0,43570.0,13,5,27,18.0
1464,-44,MNK,MNKU25,H1,2025-09-09 08:00:00,1757404800,43570.0,43570.0,43305.0,43305.0,2,10,3,18.0
1465,-43,MNK,MNKU25,H1,2025-09-09 09:00:00,1757408400,43255.0,43305.0,43235.0,43305.0,6,5,10,18.0
1466,-42,MNK,MNKU25,H1,2025-09-09 10:00:00,1757412000,43290.0,43290.0,43275.0,43280.0,6,5,15,18.0
1467,-41,MNK,MNKU25,H1,2025-09-09 11:00:00,1757415600,43280.0,43280.0,43200.0,43200.0,9,5,10,18.0
1468,-40,MNK,MNKU25,H1,2025-09-09 12:00:00,1757419200,43255.0,43255.0,43255.0,43255.0,2,10,2,18.0
1469,-39,MNK,MNKU25,H1,2025-09-09 13:00:00,1757422800,43195.0,43210.0,43105.0,43105.0,18,5,26,18.0
1470,-38,MNK,MNKU25,H1,2025-09-09 14:00:00,1757426400,43105.0,43210.0,43100.0,43210.0,7,10,11,17.0
1471,-37,MNK,MNKU25,H1,2025-09-09 15:00:00,1757430000,43190.0,43275.0,43190.0,43215.0,9,15,9,17.0
1472,-36,MNK,MNKU25,H1,2025-09-09 16:00:00,1757433600,43340.0,43340.0,43325.0,43335.0,3,10,3,17.0
1473,-35,MNK,MNKU25,H1,2025-09-09 17:00:00,1757437200,43365.0,43450.0,43365.0,43450.0,8,5,11,17.0
1474,-34,MNK,MNKU25,H1,2025-09-09 18:00:00,1757440800,43475.0,43480.0,43470.0,43470.0,3,5,3,17.0
1475,-33,MNK,MNKU25,H1,2025-09-09 19:00:00,1757444400,43475.0,43515.0,43475.0,43500.0,12,5,14,17.0
1476,-32,MNK,MNKU25,H1,2025-09-09 20:00:00,1757448000,43525.0,43580.0,43525.0,43580.0,5,10,5,17.0
113,-1486,MNK,MNKZ25,H1,2025-09-09 22:00:00,1757455200,43520.0,43550.0,43520.0,43525.0,0,0,3,4.0
1477,-31,MNK,MNKU25,H1,2025-09-09 23:00:00,1757458800,43590.0,43590.0,43535.0,43535.0,5,15,5,17.0
1478,-30,MNK,MNKU25,H1,2025-09-10 00:00:00,1757462400,43675.0,43715.0,43645.0,43715.0,4,10,4,17.0
116,-1483,MNK,MNKZ25,H1,2025-09-10 01:00:00,1757466000,43570.0,43585.0,43460.0,43475.0,0,0,22,5.0
1479,-29,MNK,MNKU25,H1,2025-09-10 02:00:00,1757469600,43610.0,43710.0,43610.0,43675.0,8,5,23,17.0
1480,-28,MNK,MNKU25,H1,2025-09-10 03:00:00,1757473200,43730.0,43730.0,43730.0,43730.0,1,10,1,17.0
1481,-27,MNK,MNKU25,H1,2025-09-10 04:00:00,1757476800,43730.0,43785.0,43730.0,43785.0,5,5,7,17.0
1482,-26,MNK,MNKU25,H1,2025-09-10 05:00:00,1757480400,43825.0,43825.0,43825.0,43825.0,1,20,1,16.0
1483,-25,MNK,MNKU25,H1,2025-09-10 06:00:00,1757484000,43775.0,43825.0,43775.0,43825.0,4,5,4,16.0
1484,-24,MNK,MNKU25,H1,2025-09-10 07:00:00,1757487600,43830.0,43855.0,43830.0,43855.0,5,5,5,16.0
123,-1476,MNK,MNKZ25,H1,2025-09-10 08:00:00,1757491200,43815.0,43815.0,43590.0,43595.0,0,0,56,7.0
124,-1475,MNK,MNKZ25,H1,2025-09-10 09:00:00,1757494800,43620.0,43620.0,43620.0,43620.0,0,0,2,7.0
1485,-23,MNK,MNKU25,H1,2025-09-10 10:00:00,1757498400,43785.0,43785.0,43785.0,43785.0,2,5,8,15.0
1486,-22,MNK,MNKU25,H1,2025-09-10 11:00:00,1757502000,43830.0,43865.0,43830.0,43865.0,3,10,3,15.0
1487,-21,MNK,MNKU25,H1,2025-09-10 12:00:00,1757505600,43880.0,43945.0,43800.0,43930.0,30,5,81,16.0
1488,-20,MNK,MNKU25,H1,2025-09-10 13:00:00,1757509200,43915.0,44000.0,43915.0,43975.0,14,5,39,17.0
1489,-19,MNK,MNKU25,H1,2025-09-10 14:00:00,1757512800,43935.0,43935.0,43935.0,43935.0,2,10,3,16.0
1490,-18,MNK,MNKU25,H1,2025-09-10 15:00:00,1757516400,43970.0,43970.0,43970.0,43970.0,2,5,2,16.0
131,-1468,MNK,MNKZ25,H1,2025-09-10 16:00:00,1757520000,43865.0,43865.0,43790.0,43790.0,0,0,3,9.0
1491,-17,MNK,MNKU25,H1,2025-09-10 17:00:00,1757523600,43945.0,43945.0,43850.0,43885.0,9,5,12,16.0
1492,-16,MNK,MNKU25,H1,2025-09-10 19:00:00,1757530800,43905.0,43920.0,43905.0,43920.0,2,5,6,16.0
134,-1465,MNK,MNKZ25,H1,2025-09-10 20:00:00,1757534400,43795.0,43825.0,43795.0,43825.0,0,0,2,10.0
1493,-15,MNK,MNKU25,H1,2025-09-10 22:00:00,1757541600,43880.0,43880.0,43875.0,43875.0,3,5,5,17.0
136,-1463,MNK,MNKZ25,H1,2025-09-10 23:00:00,1757545200,43785.0,43890.0,43785.0,43830.0,0,0,14,10.0
1494,-14,MNK,MNKU25,H1,2025-09-11 00:00:00,1757548800,44035.0,44245.0,43945.0,44245.0,7,5,8,17.0
1495,-13,MNK,MNKU25,H1,2025-09-11 01:00:00,1757552400,44235.0,44235.0,44075.0,44075.0,6,5,12,16.0
1496,-12,MNK,MNKU25,H1,2025-09-11 02:00:00,1757556000,44265.0,44320.0,44240.0,44320.0,9,5,12,15.0
140,-1459,MNK,MNKZ25,H1,2025-09-11 03:00:00,1757559600,44170.0,44265.0,44170.0,44240.0,0,0,202,15.0
141,-1458,MNK,MNKZ25,H1,2025-09-11 04:00:00,1757563200,44275.0,44275.0,43980.0,43990.0,0,0,127,17.0
142,-1457,MNK,MNKZ25,H1,2025-09-11 05:00:00,1757566800,43990.0,44170.0,43890.0,44170.0,0,0,177,19.0
143,-1456,MNK,MNKZ25,H1,2025-09-11 06:00:00,1757570400,44180.0,44320.0,44180.0,44295.0,0,0,98,21.0
144,-1455,MNK,MNKZ25,H1,2025-09-11 07:00:00,1757574000,44300.0,44400.0,44285.0,44400.0,0,0,11,21.0
145,-1454,MNK,MNKZ25,H1,2025-09-11 08:00:00,1757577600,44415.0,44490.0,44400.0,44430.0,0,0,100,22.0
146,-1453,MNK,MNKZ25,H1,2025-09-11 09:00:00,1757581200,44445.0,44470.0,44445.0,44470.0,0,0,3,22.0
147,-1452,MNK,MNKZ25,H1,2025-09-11 10:00:00,1757584800,44445.0,44505.0,44445.0,44480.0,0,0,40,22.0
148,-1451,MNK,MNKZ25,H1,2025-09-11 11:00:00,1757588400,44505.0,44505.0,44435.0,44440.0,0,0,39,23.0
149,-1450,MNK,MNKZ25,H1,2025-09-11 12:00:00,1757592000,44450.0,44570.0,44450.0,44570.0,0,0,23,23.0
150,-1449,MNK,MNKZ25,H1,2025-09-11 13:00:00,1757595600,44535.0,44665.0,44520.0,44665.0,0,0,32,24.0
151,-1448,MNK,MNKZ25,H1,2025-09-11 14:00:00,1757599200,44640.0,44650.0,44575.0,44635.0,0,0,43,24.0
152,-1447,MNK,MNKZ25,H1,2025-09-11 15:00:00,1757602800,44640.0,44690.0,44630.0,44665.0,0,0,30,24.0
153,-1446,MNK,MNKZ25,H1,2025-09-11 16:00:00,1757606400,44665.0,44665.0,44595.0,44625.0,0,0,10,25.0
154,-1445,MNK,MNKZ25,H1,2025-09-11 17:00:00,1757610000,44615.0,44655.0,44615.0,44655.0,0,0,2,25.0
155,-1444,MNK,MNKZ25,H1,2025-09-11 18:00:00,1757613600,44645.0,44665.0,44620.0,44665.0,0,0,9,25.0
156,-1443,MNK,MNKZ25,H1,2025-09-11 19:00:00,1757617200,44645.0,44645.0,44615.0,44635.0,0,0,10,25.0
157,-1442,MNK,MNKZ25,H1,2025-09-11 20:00:00,1757620800,44620.0,44650.0,44520.0,44585.0,0,0,11,25.0
158,-1441,MNK,MNKZ25,H1,2025-09-11 22:00:00,1757628000,44660.0,44685.0,44660.0,44685.0,0,0,7,25.0
159,-1440,MNK,MNKZ25,H1,2025-09-11 23:00:00,1757631600,44685.0,44755.0,44645.0,44755.0,0,0,47,25.0
160,-1439,MNK,MNKZ25,H1,2025-09-12 00:00:00,1757635200,44760.0,44800.0,44500.0,44505.0,0,0,63,26.0
161,-1438,MNK,MNKZ25,H1,2025-09-12 01:00:00,1757638800,44450.0,44540.0,44450.0,44530.0,0,0,18,26.0
162,-1437,MNK,MNKZ25,H1,2025-09-12 02:00:00,1757642400,44505.0,44630.0,44490.0,44630.0,0,0,11,26.0
163,-1436,MNK,MNKZ25,H1,2025-09-12 03:00:00,1757646000,44600.0,44625.0,44590.0,44590.0,0,0,4,26.0
164,-1435,MNK,MNKZ25,H1,2025-09-12 04:00:00,1757649600,44690.0,44730.0,44650.0,44655.0,0,0,14,27.0
165,-1434,MNK,MNKZ25,H1,2025-09-12 05:00:00,1757653200,44690.0,44700.0,44675.0,44675.0,0,0,5,26.0
166,-1433,MNK,MNKZ25,H1,2025-09-12 06:00:00,1757656800,44655.0,44655.0,44605.0,44605.0,0,0,2,26.0
167,-1432,MNK,MNKZ25,H1,2025-09-12 07:00:00,1757660400,44615.0,44615.0,44540.0,44540.0,0,0,6,26.0
168,-1431,MNK,MNKZ25,H1,2025-09-12 08:00:00,1757664000,44555.0,44555.0,44470.0,44535.0,0,0,28,27.0
169,-1430,MNK,MNKZ25,H1,2025-09-12 09:00:00,1757667600,44630.0,44630.0,44595.0,44595.0,0,0,31,27.0
170,-1429,MNK,MNKZ25,H1,2025-09-12 10:00:00,1757671200,44595.0,44595.0,44595.0,44595.0,0,0,1,27.0
171,-1428,MNK,MNKZ25,H1,2025-09-12 11:00:00,1757674800,44600.0,44600.0,44540.0,44560.0,0,0,8,27.0
172,-1427,MNK,MNKZ25,H1,2025-09-12 12:00:00,1757678400,44540.0,44555.0,44485.0,44485.0,0,0,14,27.0
173,-1426,MNK,MNKZ25,H1,2025-09-12 13:00:00,1757682000,44515.0,44580.0,44515.0,44535.0,2,0,29,27.0
174,-1425,MNK,MNKZ25,H1,2025-09-12 14:00:00,1757685600,44545.0,44545.0,44520.0,44520.0,0,0,7,27.0
175,-1424,MNK,MNKZ25,H1,2025-09-12 15:00:00,1757689200,44535.0,44535.0,44515.0,44515.0,0,0,4,27.0
176,-1423,MNK,MNKZ25,H1,2025-09-12 16:00:00,1757692800,44525.0,44600.0,44525.0,44600.0,0,0,6,27.0
177,-1422,MNK,MNKZ25,H1,2025-09-12 17:00:00,1757696400,44580.0,44580.0,44575.0,44580.0,0,0,5,27.0
178,-1421,MNK,MNKZ25,H1,2025-09-12 18:00:00,1757700000,44640.0,44670.0,44640.0,44670.0,0,0,3,27.0
179,-1420,MNK,MNKZ25,H1,2025-09-12 19:00:00,1757703600,44650.0,44650.0,44580.0,44590.0,0,0,7,27.0
180,-1419,MNK,MNKZ25,H1,2025-09-12 20:00:00,1757707200,44515.0,44570.0,44515.0,44570.0,0,0,7,27.0
181,-1418,MNK,MNKZ25,H1,2025-09-15 00:00:00,1757894400,44535.0,44535.0,44535.0,44535.0,0,0,1,27.0
182,-1417,MNK,MNKZ25,H1,2025-09-15 02:00:00,1757901600,44595.0,44605.0,44595.0,44605.0,0,0,2,27.0
183,-1416,MNK,MNKZ25,H1,2025-09-15 03:00:00,1757905200,44530.0,44560.0,44530.0,44560.0,0,0,8,27.0
184,-1415,MNK,MNKZ25,H1,2025-09-15 04:00:00,1757908800,44510.0,44525.0,44510.0,44520.0,0,0,3,27.0
185,-1414,MNK,MNKZ25,H1,2025-09-15 05:00:00,1757912400,44530.0,44590.0,44510.0,44585.0,0,0,7,27.0
186,-1413,MNK,MNKZ25,H1,2025-09-15 06:00:00,1757916000,44590.0,44625.0,44585.0,44615.0,0,0,10,27.0
187,-1412,MNK,MNKZ25,H1,2025-09-15 07:00:00,1757919600,44690.0,44690.0,44690.0,44690.0,0,0,1,26.0
188,-1411,MNK,MNKZ25,H1,2025-09-15 08:00:00,1757923200,44590.0,44600.0,44560.0,44600.0,0,0,7,26.0
189,-1410,MNK,MNKZ25,H1,2025-09-15 10:00:00,1757930400,44555.0,44555.0,44555.0,44555.0,0,0,1,25.0
190,-1409,MNK,MNKZ25,H1,2025-09-15 11:00:00,1757934000,44575.0,44575.0,44570.0,44570.0,0,0,5,25.0
191,-1408,MNK,MNKZ25,H1,2025-09-15 12:00:00,1757937600,44595.0,44595.0,44575.0,44580.0,0,0,5,25.0
192,-1407,MNK,MNKZ25,H1,2025-09-15 13:00:00,1757941200,44555.0,44645.0,44555.0,44645.0,0,0,8,25.0
193,-1406,MNK,MNKZ25,H1,2025-09-15 14:00:00,1757944800,44735.0,44815.0,44720.0,44760.0,0,0,12,25.0
194,-1405,MNK,MNKZ25,H1,2025-09-15 15:00:00,1757948400,44730.0,44735.0,44670.0,44670.0,0,0,11,25.0
195,-1404,MNK,MNKZ25,H1,2025-09-15 16:00:00,1757952000,44700.0,44700.0,44700.0,44700.0,0,0,3,24.0
196,-1403,MNK,MNKZ25,H1,2025-09-15 17:00:00,1757955600,44710.0,44710.0,44710.0,44710.0,0,0,1,24.0
197,-1402,MNK,MNKZ25,H1,2025-09-15 18:00:00,1757959200,44675.0,44675.0,44675.0,44675.0,0,0,4,24.0
198,-1401,MNK,MNKZ25,H1,2025-09-15 19:00:00,1757962800,44730.0,44750.0,44730.0,44745.0,0,0,12,25.0
199,-1400,MNK,MNKZ25,H1,2025-09-15 20:00:00,1757966400,44750.0,44790.0,44740.0,44790.0,0,0,13,25.0
200,-1399,MNK,MNKZ25,H1,2025-09-15 22:00:00,1757973600,44770.0,44785.0,44755.0,44755.0,0,0,9,24.0
201,-1398,MNK,MNKZ25,H1,2025-09-15 23:00:00,1757977200,44800.0,44855.0,44755.0,44785.0,0,0,14,23.0
202,-1397,MNK,MNKZ25,H1,2025-09-16 00:00:00,1757980800,44820.0,44915.0,44520.0,44520.0,0,0,96,24.0
203,-1396,MNK,MNKZ25,H1,2025-09-16 01:00:00,1757984400,44490.0,44800.0,44475.0,44800.0,0,0,62,25.0
204,-1395,MNK,MNKZ25,H1,2025-09-16 02:00:00,1757988000,44790.0,44825.0,44760.0,44760.0,0,0,14,25.0
205,-1394,MNK,MNKZ25,H1,2025-09-16 03:00:00,1757991600,44865.0,44910.0,44760.0,44760.0,0,0,28,26.0
206,-1393,MNK,MNKZ25,H1,2025-09-16 04:00:00,1757995200,44775.0,44880.0,44740.0,44880.0,0,0,10,26.0
207,-1392,MNK,MNKZ25,H1,2025-09-16 05:00:00,1757998800,44875.0,44875.0,44835.0,44850.0,0,0,8,26.0
208,-1391,MNK,MNKZ25,H1,2025-09-16 06:00:00,1758002400,44860.0,44860.0,44680.0,44705.0,0,0,21,26.0
209,-1390,MNK,MNKZ25,H1,2025-09-16 07:00:00,1758006000,44675.0,44700.0,44675.0,44700.0,0,0,3,25.0
210,-1389,MNK,MNKZ25,H1,2025-09-16 08:00:00,1758009600,44655.0,44760.0,44655.0,44730.0,0,0,13,25.0
211,-1388,MNK,MNKZ25,H1,2025-09-16 09:00:00,1758013200,44730.0,44730.0,44730.0,44730.0,0,0,3,23.0
212,-1387,MNK,MNKZ25,H1,2025-09-16 10:00:00,1758016800,44735.0,44735.0,44735.0,44735.0,0,0,2,21.0
213,-1386,MNK,MNKZ25,H1,2025-09-16 13:00:00,1758027600,44725.0,44725.0,44610.0,44610.0,0,0,71,20.0
214,-1385,MNK,MNKZ25,H1,2025-09-16 14:00:00,1758031200,44620.0,44655.0,44600.0,44600.0,0,0,7,18.0
215,-1384,MNK,MNKZ25,H1,2025-09-16 15:00:00,1758034800,44540.0,44560.0,44535.0,44560.0,0,0,13,16.0
216,-1383,MNK,MNKZ25,H1,2025-09-16 16:00:00,1758038400,44575.0,44575.0,44565.0,44565.0,0,0,2,16.0
217,-1382,MNK,MNKZ25,H1,2025-09-16 17:00:00,1758042000,44565.0,44585.0,44565.0,44585.0,0,0,25,15.0
218,-1381,MNK,MNKZ25,H1,2025-09-16 19:00:00,1758049200,44595.0,44610.0,44595.0,44600.0,0,0,17,15.0
219,-1380,MNK,MNKZ25,H1,2025-09-16 20:00:00,1758052800,44605.0,44620.0,44600.0,44610.0,0,0,8,15.0
220,-1379,MNK,MNKZ25,H1,2025-09-16 22:00:00,1758060000,44620.0,44655.0,44620.0,44655.0,0,0,4,14.0
221,-1378,MNK,MNKZ25,H1,2025-09-16 23:00:00,1758063600,44640.0,44660.0,44575.0,44660.0,0,0,10,14.0
222,-1377,MNK,MNKZ25,H1,2025-09-17 00:00:00,1758067200,44545.0,44675.0,44460.0,44645.0,0,0,55,15.0
223,-1376,MNK,MNKZ25,H1,2025-09-17 01:00:00,1758070800,44700.0,44885.0,44685.0,44860.0,0,0,52,15.0
224,-1375,MNK,MNKZ25,H1,2025-09-17 02:00:00,1758074400,44835.0,44860.0,44835.0,44835.0,0,0,12,14.0
225,-1374,MNK,MNKZ25,H1,2025-09-17 03:00:00,1758078000,44810.0,44845.0,44790.0,44845.0,0,0,9,14.0
226,-1373,MNK,MNKZ25,H1,2025-09-17 04:00:00,1758081600,44790.0,44790.0,44670.0,44700.0,0,0,12,15.0
227,-1372,MNK,MNKZ25,H1,2025-09-17 05:00:00,1758085200,44710.0,44715.0,44630.0,44630.0,0,0,9,15.0
228,-1371,MNK,MNKZ25,H1,2025-09-17 06:00:00,1758088800,44695.0,44725.0,44695.0,44715.0,0,0,4,15.0
229,-1370,MNK,MNKZ25,H1,2025-09-17 07:00:00,1758092400,44700.0,44735.0,44700.0,44735.0,0,0,9,14.0
230,-1369,MNK,MNKZ25,H1,2025-09-17 08:00:00,1758096000,44690.0,44705.0,44605.0,44635.0,0,0,20,15.0
231,-1368,MNK,MNKZ25,H1,2025-09-17 09:00:00,1758099600,44620.0,44620.0,44620.0,44620.0,0,0,1,14.0
232,-1367,MNK,MNKZ25,H1,2025-09-17 10:00:00,1758103200,44615.0,44615.0,44580.0,44580.0,0,0,5,13.0
233,-1366,MNK,MNKZ25,H1,2025-09-17 12:00:00,1758110400,44620.0,44685.0,44620.0,44685.0,0,0,5,13.0
234,-1365,MNK,MNKZ25,H1,2025-09-17 13:00:00,1758114000,44670.0,44720.0,44665.0,44720.0,0,0,14,13.0
235,-1364,MNK,MNKZ25,H1,2025-09-17 14:00:00,1758117600,44750.0,44750.0,44705.0,44705.0,0,0,3,13.0
236,-1363,MNK,MNKZ25,H1,2025-09-17 15:00:00,1758121200,44675.0,44675.0,44660.0,44660.0,0,0,3,13.0
237,-1362,MNK,MNKZ25,H1,2025-09-17 16:00:00,1758124800,44655.0,44655.0,44655.0,44655.0,0,0,4,13.0
238,-1361,MNK,MNKZ25,H1,2025-09-17 17:00:00,1758128400,44620.0,44665.0,44620.0,44640.0,0,0,14,13.0
239,-1360,MNK,MNKZ25,H1,2025-09-17 18:00:00,1758132000,44655.0,44655.0,44445.0,44445.0,0,0,38,14.0
240,-1359,MNK,MNKZ25,H1,2025-09-17 19:00:00,1758135600,44695.0,44785.0,44635.0,44690.0,0,0,39,14.0
241,-1358,MNK,MNKZ25,H1,2025-09-17 20:00:00,1758139200,44660.0,44780.0,44660.0,44780.0,0,0,4,13.0
242,-1357,MNK,MNKZ25,H1,2025-09-17 22:00:00,1758146400,44755.0,44765.0,44745.0,44765.0,0,0,5,13.0
243,-1356,MNK,MNKZ25,H1,2025-09-17 23:00:00,1758150000,44850.0,44940.0,44840.0,44840.0,0,0,43,14.0
244,-1355,MNK,MNKZ25,H1,2025-09-18 00:00:00,1758153600,44710.0,44915.0,44695.0,44820.0,0,0,29,14.0
245,-1354,MNK,MNKZ25,H1,2025-09-18 01:00:00,1758157200,44900.0,45070.0,44900.0,45030.0,0,0,112,15.0
246,-1353,MNK,MNKZ25,H1,2025-09-18 02:00:00,1758160800,45040.0,45215.0,45040.0,45205.0,0,0,31,16.0
247,-1352,MNK,MNKZ25,H1,2025-09-18 03:00:00,1758164400,45165.0,45290.0,45165.0,45230.0,0,0,54,16.0
248,-1351,MNK,MNKZ25,H1,2025-09-18 04:00:00,1758168000,45235.0,45300.0,45235.0,45300.0,0,0,5,16.0
249,-1350,MNK,MNKZ25,H1,2025-09-18 05:00:00,1758171600,45320.0,45385.0,45170.0,45210.0,0,0,52,17.0
250,-1349,MNK,MNKZ25,H1,2025-09-18 06:00:00,1758175200,45255.0,45335.0,45140.0,45330.0,0,0,50,18.0
251,-1348,MNK,MNKZ25,H1,2025-09-18 07:00:00,1758178800,45340.0,45400.0,45320.0,45355.0,0,0,32,18.0
252,-1347,MNK,MNKZ25,H1,2025-09-18 08:00:00,1758182400,45415.0,45560.0,45415.0,45560.0,0,0,74,19.0
253,-1346,MNK,MNKZ25,H1,2025-09-18 09:00:00,1758186000,45510.0,45510.0,45505.0,45510.0,0,0,5,19.0
254,-1345,MNK,MNKZ25,H1,2025-09-18 10:00:00,1758189600,45540.0,45570.0,45535.0,45570.0,0,0,18,19.0
255,-1344,MNK,MNKZ25,H1,2025-09-18 11:00:00,1758193200,45600.0,45690.0,45600.0,45635.0,0,0,17,19.0
256,-1343,MNK,MNKZ25,H1,2025-09-18 12:00:00,1758196800,45655.0,45655.0,45600.0,45620.0,0,0,5,19.0
257,-1342,MNK,MNKZ25,H1,2025-09-18 13:00:00,1758200400,45565.0,45640.0,45540.0,45595.0,0,0,150,21.0
258,-1341,MNK,MNKZ25,H1,2025-09-18 14:00:00,1758204000,45645.0,45800.0,45645.0,45745.0,0,0,37,22.0
259,-1340,MNK,MNKZ25,H1,2025-09-18 15:00:00,1758207600,45720.0,45795.0,45710.0,45765.0,0,0,40,22.0
260,-1339,MNK,MNKZ25,H1,2025-09-18 16:00:00,1758211200,45770.0,45800.0,45770.0,45800.0,0,0,3,22.0
261,-1338,MNK,MNKZ25,H1,2025-09-18 17:00:00,1758214800,45750.0,45750.0,45685.0,45685.0,0,0,6,22.0
262,-1337,MNK,MNKZ25,H1,2025-09-18 18:00:00,1758218400,45675.0,45675.0,45670.0,45670.0,0,0,2,22.0
263,-1336,MNK,MNKZ25,H1,2025-09-18 19:00:00,1758222000,45700.0,45700.0,45620.0,45685.0,0,0,16,22.0
264,-1335,MNK,MNKZ25,H1,2025-09-18 20:00:00,1758225600,45685.0,45690.0,45670.0,45670.0,0,0,7,22.0
265,-1334,MNK,MNKZ25,H1,2025-09-18 22:00:00,1758232800,45670.0,45780.0,45670.0,45770.0,0,0,14,22.0
266,-1333,MNK,MNKZ25,H1,2025-09-18 23:00:00,1758236400,45685.0,45750.0,45660.0,45660.0,2,0,14,22.0
267,-1332,MNK,MNKZ25,H1,2025-09-19 00:00:00,1758240000,45660.0,45670.0,45435.0,45485.0,0,0,39,23.0
268,-1331,MNK,MNKZ25,H1,2025-09-19 01:00:00,1758243600,45560.0,45605.0,45485.0,45500.0,0,0,11,23.0
269,-1330,MNK,MNKZ25,H1,2025-09-19 03:00:00,1758250800,45525.0,45525.0,45200.0,45245.0,0,0,51,24.0
270,-1329,MNK,MNKZ25,H1,2025-09-19 04:00:00,1758254400,45165.0,45170.0,44370.0,44885.0,0,0,109,25.0
271,-1328,MNK,MNKZ25,H1,2025-09-19 05:00:00,1758258000,44885.0,45045.0,44840.0,44935.0,0,0,55,26.0
272,-1327,MNK,MNKZ25,H1,2025-09-19 06:00:00,1758261600,44900.0,44930.0,44785.0,44785.0,0,0,82,27.0
273,-1326,MNK,MNKZ25,H1,2025-09-19 07:00:00,1758265200,44790.0,44960.0,44790.0,44960.0,0,0,12,27.0
274,-1325,MNK,MNKZ25,H1,2025-09-19 08:00:00,1758268800,44950.0,45060.0,44940.0,45060.0,0,0,21,25.0
275,-1324,MNK,MNKZ25,H1,2025-09-19 09:00:00,1758272400,45085.0,45160.0,45085.0,45130.0,0,0,6,25.0
276,-1323,MNK,MNKZ25,H1,2025-09-19 10:00:00,1758276000,45080.0,45120.0,45080.0,45120.0,0,0,5,25.0
277,-1322,MNK,MNKZ25,H1,2025-09-19 11:00:00,1758279600,45110.0,45110.0,45095.0,45095.0,0,0,3,24.0
278,-1321,MNK,MNKZ25,H1,2025-09-19 12:00:00,1758283200,45165.0,45165.0,45135.0,45150.0,0,0,18,24.0
279,-1320,MNK,MNKZ25,H1,2025-09-19 13:00:00,1758286800,45150.0,45150.0,44975.0,45065.0,0,0,84,25.0
280,-1319,MNK,MNKZ25,H1,2025-09-19 14:00:00,1758290400,45085.0,45135.0,45085.0,45110.0,0,0,31,26.0
281,-1318,MNK,MNKZ25,H1,2025-09-19 15:00:00,1758294000,45055.0,45055.0,45005.0,45035.0,0,0,13,26.0
282,-1317,MNK,MNKZ25,H1,2025-09-19 16:00:00,1758297600,45100.0,45100.0,45090.0,45090.0,0,0,2,26.0
283,-1316,MNK,MNKZ25,H1,2025-09-19 17:00:00,1758301200,45120.0,45120.0,45120.0,45120.0,0,0,1,25.0
284,-1315,MNK,MNKZ25,H1,2025-09-19 18:00:00,1758304800,45075.0,45095.0,45075.0,45095.0,0,0,3,26.0
285,-1314,MNK,MNKZ25,H1,2025-09-19 19:00:00,1758308400,45105.0,45145.0,45100.0,45100.0,0,0,4,25.0
286,-1313,MNK,MNKZ25,H1,2025-09-19 20:00:00,1758312000,45100.0,45125.0,45085.0,45125.0,0,0,14,25.0
287,-1312,MNK,MNKZ25,H1,2025-09-21 22:00:00,1758492000,45110.0,45170.0,45110.0,45165.0,0,0,3,25.0
288,-1311,MNK,MNKZ25,H1,2025-09-21 23:00:00,1758495600,45125.0,45125.0,45085.0,45085.0,0,0,16,25.0
289,-1310,MNK,MNKZ25,H1,2025-09-22 00:00:00,1758499200,45195.0,45540.0,45195.0,45405.0,0,0,117,26.0
290,-1309,MNK,MNKZ25,H1,2025-09-22 01:00:00,1758502800,45515.0,45545.0,45450.0,45500.0,0,0,53,26.0
291,-1308,MNK,MNKZ25,H1,2025-09-22 02:00:00,1758506400,45510.0,45600.0,45510.0,45550.0,0,0,20,27.0
292,-1307,MNK,MNKZ25,H1,2025-09-22 03:00:00,1758510000,45475.0,45600.0,45475.0,45600.0,0,0,10,27.0
293,-1306,MNK,MNKZ25,H1,2025-09-22 04:00:00,1758513600,45545.0,45545.0,45430.0,45430.0,0,0,16,27.0
294,-1305,MNK,MNKZ25,H1,2025-09-22 05:00:00,1758517200,45470.0,45470.0,45435.0,45435.0,0,0,11,26.0
295,-1304,MNK,MNKZ25,H1,2025-09-22 06:00:00,1758520800,45360.0,45360.0,45360.0,45360.0,0,0,1,26.0
296,-1303,MNK,MNKZ25,H1,2025-09-22 07:00:00,1758524400,45405.0,45405.0,45205.0,45250.0,0,0,16,26.0
297,-1302,MNK,MNKZ25,H1,2025-09-22 08:00:00,1758528000,45305.0,45305.0,45305.0,45305.0,0,0,2,25.0
298,-1301,MNK,MNKZ25,H1,2025-09-22 09:00:00,1758531600,45285.0,45285.0,45250.0,45270.0,0,0,7,25.0
299,-1300,MNK,MNKZ25,H1,2025-09-22 10:00:00,1758535200,45320.0,45345.0,45315.0,45315.0,0,0,4,25.0
300,-1299,MNK,MNKZ25,H1,2025-09-22 11:00:00,1758538800,45275.0,45305.0,45260.0,45300.0,0,0,11,25.0
301,-1298,MNK,MNKZ25,H1,2025-09-22 12:00:00,1758542400,45310.0,45355.0,45310.0,45345.0,0,0,4,25.0
302,-1297,MNK,MNKZ25,H1,2025-09-22 13:00:00,1758546000,45350.0,45460.0,45350.0,45455.0,0,0,39,26.0
303,-1296,MNK,MNKZ25,H1,2025-09-22 14:00:00,1758549600,45395.0,45435.0,45380.0,45435.0,0,0,16,26.0
304,-1295,MNK,MNKZ25,H1,2025-09-22 15:00:00,1758553200,45440.0,45440.0,45370.0,45370.0,0,0,48,26.0
305,-1294,MNK,MNKZ25,H1,2025-09-22 16:00:00,1758556800,45390.0,45570.0,45390.0,45555.0,0,0,66,27.0
306,-1293,MNK,MNKZ25,H1,2025-09-22 17:00:00,1758560400,45560.0,45575.0,45545.0,45545.0,0,0,22,27.0
307,-1292,MNK,MNKZ25,H1,2025-09-22 18:00:00,1758564000,45525.0,45585.0,45525.0,45585.0,0,0,20,28.0
308,-1291,MNK,MNKZ25,H1,2025-09-22 19:00:00,1758567600,45580.0,45585.0,45555.0,45555.0,0,0,21,28.0
309,-1290,MNK,MNKZ25,H1,2025-09-22 20:00:00,1758571200,45555.0,45555.0,45445.0,45495.0,0,0,11,28.0
310,-1289,MNK,MNKZ25,H1,2025-09-22 22:00:00,1758578400,45505.0,45590.0,45505.0,45590.0,0,0,6,28.0
311,-1288,MNK,MNKZ25,H1,2025-09-22 23:00:00,1758582000,45615.0,45660.0,45580.0,45580.0,0,0,18,28.0
312,-1287,MNK,MNKZ25,H1,2025-09-23 00:00:00,1758585600,45570.0,45570.0,45505.0,45535.0,0,0,19,27.0
313,-1286,MNK,MNKZ25,H1,2025-09-23 01:00:00,1758589200,45520.0,45570.0,45510.0,45570.0,0,0,17,27.0
314,-1285,MNK,MNKZ25,H1,2025-09-23 02:00:00,1758592800,45570.0,45715.0,45570.0,45705.0,0,0,14,28.0
315,-1284,MNK,MNKZ25,H1,2025-09-23 03:00:00,1758596400,45705.0,45710.0,45705.0,45710.0,0,0,12,27.0
316,-1283,MNK,MNKZ25,H1,2025-09-23 04:00:00,1758600000,45615.0,45660.0,45545.0,45625.0,0,0,14,27.0
317,-1282,MNK,MNKZ25,H1,2025-09-23 05:00:00,1758603600,45600.0,45600.0,45600.0,45600.0,0,0,5,25.0
318,-1281,MNK,MNKZ25,H1,2025-09-23 06:00:00,1758607200,45650.0,45660.0,45650.0,45660.0,0,0,2,25.0
319,-1280,MNK,MNKZ25,H1,2025-09-23 08:00:00,1758614400,45645.0,45700.0,45645.0,45675.0,0,0,6,24.0
320,-1279,MNK,MNKZ25,H1,2025-09-23 09:00:00,1758618000,45650.0,45670.0,45650.0,45670.0,0,0,3,24.0
321,-1278,MNK,MNKZ25,H1,2025-09-23 10:00:00,1758621600,45660.0,45665.0,45625.0,45645.0,0,0,14,24.0
322,-1277,MNK,MNKZ25,H1,2025-09-23 11:00:00,1758625200,45630.0,45630.0,45600.0,45600.0,0,0,3,23.0
323,-1276,MNK,MNKZ25,H1,2025-09-23 12:00:00,1758628800,45615.0,45615.0,45600.0,45600.0,0,0,2,23.0
324,-1275,MNK,MNKZ25,H1,2025-09-23 13:00:00,1758632400,45580.0,45665.0,45580.0,45645.0,0,0,13,22.0
325,-1274,MNK,MNKZ25,H1,2025-09-23 14:00:00,1758636000,45605.0,45610.0,45605.0,45610.0,0,0,2,22.0
326,-1273,MNK,MNKZ25,H1,2025-09-23 15:00:00,1758639600,45600.0,45600.0,45590.0,45590.0,0,0,4,22.0
327,-1272,MNK,MNKZ25,H1,2025-09-23 16:00:00,1758643200,45545.0,45545.0,45520.0,45520.0,0,0,5,22.0
328,-1271,MNK,MNKZ25,H1,2025-09-23 17:00:00,1758646800,45530.0,45530.0,45360.0,45400.0,0,0,27,22.0
329,-1270,MNK,MNKZ25,H1,2025-09-23 18:00:00,1758650400,45340.0,45395.0,45340.0,45370.0,0,0,25,20.0
330,-1269,MNK,MNKZ25,H1,2025-09-23 19:00:00,1758654000,45390.0,45390.0,45390.0,45390.0,0,0,1,20.0
331,-1268,MNK,MNKZ25,H1,2025-09-23 20:00:00,1758657600,45395.0,45425.0,45380.0,45400.0,0,0,13,19.0
332,-1267,MNK,MNKZ25,H1,2025-09-23 22:00:00,1758664800,45460.0,45460.0,45460.0,45460.0,0,0,8,19.0
333,-1266,MNK,MNKZ25,H1,2025-09-23 23:00:00,1758668400,45435.0,45485.0,45315.0,45340.0,0,0,34,20.0
334,-1265,MNK,MNKZ25,H1,2025-09-24 00:00:00,1758672000,45300.0,45325.0,45125.0,45255.0,0,0,38,20.0
335,-1264,MNK,MNKZ25,H1,2025-09-24 01:00:00,1758675600,45195.0,45260.0,45085.0,45105.0,0,0,37,20.0
336,-1263,MNK,MNKZ25,H1,2025-09-24 02:00:00,1758679200,45160.0,45180.0,45150.0,45180.0,0,0,5,20.0
337,-1262,MNK,MNKZ25,H1,2025-09-24 03:00:00,1758682800,45190.0,45325.0,45190.0,45310.0,0,0,37,21.0
338,-1261,MNK,MNKZ25,H1,2025-09-24 04:00:00,1758686400,45330.0,45385.0,45330.0,45385.0,0,0,12,21.0
339,-1260,MNK,MNKZ25,H1,2025-09-24 05:00:00,1758690000,45360.0,45400.0,45325.0,45400.0,1,0,32,21.0
340,-1259,MNK,MNKZ25,H1,2025-09-24 06:00:00,1758693600,45400.0,45515.0,45400.0,45505.0,0,0,44,21.0
341,-1258,MNK,MNKZ25,H1,2025-09-24 07:00:00,1758697200,45505.0,45560.0,45505.0,45560.0,0,0,7,20.0
342,-1257,MNK,MNKZ25,H1,2025-09-24 08:00:00,1758700800,45520.0,45555.0,45520.0,45555.0,0,0,5,19.0
343,-1256,MNK,MNKZ25,H1,2025-09-24 09:00:00,1758704400,45600.0,45600.0,45570.0,45570.0,0,0,5,18.0
344,-1255,MNK,MNKZ25,H1,2025-09-24 10:00:00,1758708000,45555.0,45555.0,45530.0,45530.0,0,0,9,17.0
345,-1254,MNK,MNKZ25,H1,2025-09-24 11:00:00,1758711600,45530.0,45595.0,45530.0,45565.0,0,0,12,17.0
346,-1253,MNK,MNKZ25,H1,2025-09-24 12:00:00,1758715200,45545.0,45585.0,45545.0,45585.0,0,0,3,17.0
347,-1252,MNK,MNKZ25,H1,2025-09-24 13:00:00,1758718800,45615.0,45685.0,45590.0,45620.0,0,0,55,18.0
348,-1251,MNK,MNKZ25,H1,2025-09-24 14:00:00,1758722400,45620.0,45635.0,45600.0,45600.0,0,0,19,18.0
349,-1250,MNK,MNKZ25,H1,2025-09-24 15:00:00,1758726000,45575.0,45580.0,45415.0,45415.0,0,0,11,18.0
350,-1249,MNK,MNKZ25,H1,2025-09-24 16:00:00,1758729600,45445.0,45495.0,45380.0,45495.0,0,0,11,18.0
351,-1248,MNK,MNKZ25,H1,2025-09-24 17:00:00,1758733200,45480.0,45545.0,45465.0,45465.0,0,0,15,17.0
352,-1247,MNK,MNKZ25,H1,2025-09-24 18:00:00,1758736800,45465.0,45465.0,45465.0,45465.0,0,0,1,17.0
353,-1246,MNK,MNKZ25,H1,2025-09-24 19:00:00,1758740400,45500.0,45500.0,45430.0,45450.0,0,0,18,17.0
354,-1245,MNK,MNKZ25,H1,2025-09-24 20:00:00,1758744000,45460.0,45520.0,45460.0,45520.0,0,0,12,17.0
355,-1244,MNK,MNKZ25,H1,2025-09-24 22:00:00,1758751200,45525.0,45530.0,45525.0,45525.0,0,0,7,17.0
356,-1243,MNK,MNKZ25,H1,2025-09-24 23:00:00,1758754800,45475.0,45505.0,45445.0,45460.0,0,0,19,17.0
357,-1242,MNK,MNKZ25,H1,2025-09-25 00:00:00,1758758400,45505.0,45595.0,45375.0,45415.0,0,0,72,18.0
358,-1241,MNK,MNKZ25,H1,2025-09-25 01:00:00,1758762000,45400.0,45645.0,45395.0,45605.0,0,0,27,18.0
359,-1240,MNK,MNKZ25,H1,2025-09-25 02:00:00,1758765600,45655.0,45655.0,45510.0,45510.0,0,0,6,18.0
360,-1239,MNK,MNKZ25,H1,2025-09-25 03:00:00,1758769200,45545.0,45585.0,45540.0,45585.0,0,0,5,18.0
361,-1238,MNK,MNKZ25,H1,2025-09-25 04:00:00,1758772800,45605.0,45645.0,45470.0,45525.0,0,0,22,17.0
362,-1237,MNK,MNKZ25,H1,2025-09-25 05:00:00,1758776400,45510.0,45620.0,45480.0,45575.0,0,0,24,16.0
363,-1236,MNK,MNKZ25,H1,2025-09-25 06:00:00,1758780000,45575.0,45575.0,45540.0,45540.0,0,0,7,16.0
364,-1235,MNK,MNKZ25,H1,2025-09-25 07:00:00,1758783600,45535.0,45535.0,45495.0,45510.0,0,0,4,16.0
365,-1234,MNK,MNKZ25,H1,2025-09-25 08:00:00,1758787200,45530.0,45530.0,45490.0,45490.0,0,0,11,16.0
366,-1233,MNK,MNKZ25,H1,2025-09-25 09:00:00,1758790800,45490.0,45490.0,45490.0,45490.0,0,0,2,16.0
367,-1232,MNK,MNKZ25,H1,2025-09-25 10:00:00,1758794400,45485.0,45485.0,45480.0,45480.0,0,0,2,16.0
368,-1231,MNK,MNKZ25,H1,2025-09-25 11:00:00,1758798000,45385.0,45385.0,45245.0,45255.0,0,0,17,16.0
369,-1230,MNK,MNKZ25,H1,2025-09-25 12:00:00,1758801600,45250.0,45250.0,45170.0,45170.0,0,0,26,16.0
370,-1229,MNK,MNKZ25,H1,2025-09-25 13:00:00,1758805200,45275.0,45280.0,45125.0,45210.0,0,0,90,17.0
371,-1228,MNK,MNKZ25,H1,2025-09-25 14:00:00,1758808800,45235.0,45425.0,45235.0,45415.0,0,0,53,18.0
372,-1227,MNK,MNKZ25,H1,2025-09-25 15:00:00,1758812400,45385.0,45500.0,45385.0,45500.0,0,0,9,18.0
373,-1226,MNK,MNKZ25,H1,2025-09-25 16:00:00,1758816000,45465.0,45465.0,45465.0,45465.0,0,0,1,18.0
374,-1225,MNK,MNKZ25,H1,2025-09-25 17:00:00,1758819600,45375.0,45375.0,45370.0,45370.0,0,0,2,18.0
375,-1224,MNK,MNKZ25,H1,2025-09-25 18:00:00,1758823200,45340.0,45400.0,45225.0,45400.0,0,0,15,18.0
376,-1223,MNK,MNKZ25,H1,2025-09-25 19:00:00,1758826800,45400.0,45475.0,45400.0,45450.0,0,0,23,17.0
377,-1222,MNK,MNKZ25,H1,2025-09-25 20:00:00,1758830400,45460.0,45485.0,45460.0,45460.0,0,0,3,16.0
378,-1221,MNK,MNKZ25,H1,2025-09-25 22:00:00,1758837600,45490.0,45490.0,45430.0,45430.0,0,0,15,16.0
379,-1220,MNK,MNKZ25,H1,2025-09-25 23:00:00,1758841200,45390.0,45445.0,45390.0,45445.0,0,0,4,16.0
380,-1219,MNK,MNKZ25,H1,2025-09-26 00:00:00,1758844800,45405.0,45500.0,45300.0,45445.0,0,0,68,17.0
381,-1218,MNK,MNKZ25,H1,2025-09-26 01:00:00,1758848400,45470.0,45595.0,45470.0,45575.0,0,0,36,17.0
382,-1217,MNK,MNKZ25,H1,2025-09-26 02:00:00,1758852000,45540.0,45570.0,45485.0,45565.0,0,0,38,17.0
383,-1216,MNK,MNKZ25,H1,2025-09-26 03:00:00,1758855600,45505.0,45505.0,45300.0,45335.0,0,0,38,18.0
384,-1215,MNK,MNKZ25,H1,2025-09-26 04:00:00,1758859200,45340.0,45430.0,45270.0,45315.0,0,0,33,18.0
385,-1214,MNK,MNKZ25,H1,2025-09-26 05:00:00,1758862800,45300.0,45385.0,45255.0,45295.0,0,0,11,18.0
386,-1213,MNK,MNKZ25,H1,2025-09-26 06:00:00,1758866400,45255.0,45340.0,45145.0,45185.0,0,0,21,18.0
387,-1212,MNK,MNKZ25,H1,2025-09-26 07:00:00,1758870000,45205.0,45280.0,45200.0,45255.0,0,0,34,18.0
388,-1211,MNK,MNKZ25,H1,2025-09-26 08:00:00,1758873600,45200.0,45220.0,45130.0,45130.0,0,0,12,18.0
389,-1210,MNK,MNKZ25,H1,2025-09-26 09:00:00,1758877200,45120.0,45170.0,45085.0,45170.0,0,0,6,18.0
390,-1209,MNK,MNKZ25,H1,2025-09-26 10:00:00,1758880800,45065.0,45065.0,45015.0,45055.0,0,0,8,18.0
391,-1208,MNK,MNKZ25,H1,2025-09-26 11:00:00,1758884400,45085.0,45120.0,45085.0,45120.0,0,0,4,18.0
392,-1207,MNK,MNKZ25,H1,2025-09-26 12:00:00,1758888000,45105.0,45235.0,45105.0,45235.0,0,0,18,18.0
393,-1206,MNK,MNKZ25,H1,2025-09-26 13:00:00,1758891600,45220.0,45300.0,45205.0,45270.0,0,0,63,19.0
394,-1205,MNK,MNKZ25,H1,2025-09-26 14:00:00,1758895200,45295.0,45295.0,45030.0,45120.0,0,0,47,20.0
395,-1204,MNK,MNKZ25,H1,2025-09-26 15:00:00,1758898800,45050.0,45170.0,45050.0,45115.0,0,0,17,20.0
396,-1203,MNK,MNKZ25,H1,2025-09-26 16:00:00,1758902400,45115.0,45250.0,45115.0,45250.0,0,0,11,20.0
397,-1202,MNK,MNKZ25,H1,2025-09-26 17:00:00,1758906000,45250.0,45250.0,45155.0,45155.0,0,0,22,20.0
398,-1201,MNK,MNKZ25,H1,2025-09-26 18:00:00,1758909600,45230.0,45230.0,45230.0,45230.0,0,0,1,20.0
399,-1200,MNK,MNKZ25,H1,2025-09-26 19:00:00,1758913200,45215.0,45225.0,45205.0,45215.0,0,0,13,20.0
400,-1199,MNK,MNKZ25,H1,2025-09-26 20:00:00,1758916800,45215.0,45305.0,45215.0,45305.0,2,0,20,20.0
401,-1198,MNK,MNKZ25,H1,2025-09-28 22:00:00,1759096800,45305.0,45330.0,45290.0,45330.0,0,0,5,20.0
402,-1197,MNK,MNKZ25,H1,2025-09-28 23:00:00,1759100400,45330.0,45330.0,45290.0,45315.0,0,0,13,20.0
403,-1196,MNK,MNKZ25,H1,2025-09-29 00:00:00,1759104000,45195.0,45220.0,45070.0,45080.0,0,0,53,21.0
404,-1195,MNK,MNKZ25,H1,2025-09-29 01:00:00,1759107600,45050.0,45130.0,45020.0,45130.0,0,0,26,21.0
405,-1194,MNK,MNKZ25,H1,2025-09-29 02:00:00,1759111200,45120.0,45125.0,45040.0,45080.0,0,0,21,21.0
406,-1193,MNK,MNKZ25,H1,2025-09-29 03:00:00,1759114800,45070.0,45210.0,45070.0,45170.0,0,0,34,21.0
407,-1192,MNK,MNKZ25,H1,2025-09-29 04:00:00,1759118400,45175.0,45175.0,45135.0,45175.0,0,0,8,20.0
408,-1191,MNK,MNKZ25,H1,2025-09-29 05:00:00,1759122000,45135.0,45140.0,45050.0,45050.0,0,0,23,21.0
409,-1190,MNK,MNKZ25,H1,2025-09-29 06:00:00,1759125600,45060.0,45210.0,45060.0,45210.0,0,0,11,20.0
410,-1189,MNK,MNKZ25,H1,2025-09-29 07:00:00,1759129200,45180.0,45180.0,45170.0,45170.0,0,0,5,20.0
411,-1188,MNK,MNKZ25,H1,2025-09-29 08:00:00,1759132800,45200.0,45300.0,45200.0,45300.0,0,0,6,20.0
412,-1187,MNK,MNKZ25,H1,2025-09-29 09:00:00,1759136400,45275.0,45285.0,45235.0,45240.0,0,0,9,19.0
413,-1186,MNK,MNKZ25,H1,2025-09-29 10:00:00,1759140000,45265.0,45265.0,45250.0,45250.0,0,0,12,19.0
414,-1185,MNK,MNKZ25,H1,2025-09-29 11:00:00,1759143600,45230.0,45255.0,45215.0,45255.0,0,0,8,19.0
415,-1184,MNK,MNKZ25,H1,2025-09-29 12:00:00,1759147200,45255.0,45285.0,45255.0,45270.0,0,0,4,19.0
416,-1183,MNK,MNKZ25,H1,2025-09-29 13:00:00,1759150800,45275.0,45355.0,45255.0,45300.0,0,0,13,19.0
417,-1182,MNK,MNKZ25,H1,2025-09-29 14:00:00,1759154400,45305.0,45335.0,45305.0,45330.0,0,0,34,20.0
418,-1181,MNK,MNKZ25,H1,2025-09-29 15:00:00,1759158000,45270.0,45270.0,45185.0,45185.0,1,0,18,20.0
419,-1180,MNK,MNKZ25,H1,2025-09-29 16:00:00,1759161600,45175.0,45200.0,45175.0,45175.0,0,0,9,19.0
420,-1179,MNK,MNKZ25,H1,2025-09-29 17:00:00,1759165200,45140.0,45165.0,45140.0,45165.0,0,0,13,19.0
421,-1178,MNK,MNKZ25,H1,2025-09-29 18:00:00,1759168800,45205.0,45205.0,45205.0,45205.0,0,0,2,19.0
422,-1177,MNK,MNKZ25,H1,2025-09-29 19:00:00,1759172400,45270.0,45270.0,45250.0,45270.0,0,0,7,19.0
423,-1176,MNK,MNKZ25,H1,2025-09-29 20:00:00,1759176000,45260.0,45270.0,45205.0,45205.0,0,0,7,19.0
424,-1175,MNK,MNKZ25,H1,2025-09-29 22:00:00,1759183200,45275.0,45280.0,45255.0,45255.0,0,0,10,19.0
425,-1174,MNK,MNKZ25,H1,2025-09-29 23:00:00,1759186800,45280.0,45295.0,45160.0,45160.0,0,0,15,19.0
426,-1173,MNK,MNKZ25,H1,2025-09-30 00:00:00,1759190400,45210.0,45210.0,45030.0,45030.0,0,0,23,19.0
427,-1172,MNK,MNKZ25,H1,2025-09-30 01:00:00,1759194000,45010.0,45145.0,44930.0,45120.0,0,0,45,20.0
428,-1171,MNK,MNKZ25,H1,2025-09-30 02:00:00,1759197600,45125.0,45170.0,45125.0,45125.0,0,0,4,19.0
429,-1170,MNK,MNKZ25,H1,2025-09-30 03:00:00,1759201200,45125.0,45245.0,45100.0,45200.0,0,0,51,19.0
430,-1169,MNK,MNKZ25,H1,2025-09-30 04:00:00,1759204800,45220.0,45220.0,45195.0,45195.0,0,0,5,19.0
431,-1168,MNK,MNKZ25,H1,2025-09-30 06:00:00,1759212000,45095.0,45110.0,45000.0,45000.0,0,0,25,19.0
432,-1167,MNK,MNKZ25,H1,2025-09-30 07:00:00,1759215600,44990.0,44995.0,44900.0,44925.0,0,0,28,19.0
433,-1166,MNK,MNKZ25,H1,2025-09-30 08:00:00,1759219200,44935.0,44935.0,44730.0,44790.0,0,0,29,20.0
434,-1165,MNK,MNKZ25,H1,2025-09-30 09:00:00,1759222800,44800.0,44810.0,44800.0,44810.0,0,0,5,19.0
435,-1164,MNK,MNKZ25,H1,2025-09-30 10:00:00,1759226400,44800.0,44800.0,44800.0,44800.0,0,0,3,19.0
436,-1163,MNK,MNKZ25,H1,2025-09-30 11:00:00,1759230000,44820.0,44820.0,44815.0,44815.0,0,0,2,19.0
437,-1162,MNK,MNKZ25,H1,2025-09-30 12:00:00,1759233600,44790.0,44830.0,44790.0,44830.0,0,0,8,19.0
438,-1161,MNK,MNKZ25,H1,2025-09-30 13:00:00,1759237200,44810.0,44830.0,44720.0,44720.0,0,0,37,20.0
439,-1160,MNK,MNKZ25,H1,2025-09-30 14:00:00,1759240800,44855.0,44855.0,44725.0,44815.0,0,0,31,20.0
440,-1159,MNK,MNKZ25,H1,2025-09-30 15:00:00,1759244400,44875.0,44885.0,44820.0,44885.0,0,0,6,20.0
441,-1158,MNK,MNKZ25,H1,2025-09-30 16:00:00,1759248000,44855.0,44930.0,44855.0,44915.0,0,0,11,20.0
442,-1157,MNK,MNKZ25,H1,2025-09-30 18:00:00,1759255200,44825.0,44890.0,44825.0,44890.0,0,0,13,19.0
443,-1156,MNK,MNKZ25,H1,2025-09-30 19:00:00,1759258800,44915.0,44960.0,44915.0,44945.0,0,0,21,18.0
444,-1155,MNK,MNKZ25,H1,2025-09-30 20:00:00,1759262400,44940.0,44940.0,44915.0,44915.0,0,0,2,18.0
445,-1154,MNK,MNKZ25,H1,2025-09-30 22:00:00,1759269600,45025.0,45035.0,44970.0,45010.0,0,0,39,19.0
446,-1153,MNK,MNKZ25,H1,2025-09-30 23:00:00,1759273200,45025.0,45025.0,44915.0,44915.0,0,0,16,19.0
447,-1152,MNK,MNKZ25,H1,2025-10-01 00:00:00,1759276800,44970.0,45015.0,44615.0,44790.0,0,0,99,20.0
448,-1151,MNK,MNKZ25,H1,2025-10-01 01:00:00,1759280400,44775.0,44865.0,44555.0,44555.0,0,0,64,20.0
449,-1150,MNK,MNKZ25,H1,2025-10-01 02:00:00,1759284000,44560.0,44610.0,44510.0,44565.0,0,0,50,21.0
450,-1149,MNK,MNKZ25,H1,2025-10-01 03:00:00,1759287600,44525.0,44640.0,44505.0,44630.0,0,0,33,21.0
451,-1148,MNK,MNKZ25,H1,2025-10-01 04:00:00,1759291200,44620.0,44725.0,44620.0,44625.0,0,0,86,23.0
452,-1147,MNK,MNKZ25,H1,2025-10-01 05:00:00,1759294800,44655.0,44770.0,44620.0,44730.0,0,0,39,22.0
453,-1146,MNK,MNKZ25,H1,2025-10-01 06:00:00,1759298400,44745.0,44795.0,44500.0,44500.0,0,0,45,22.0
454,-1145,MNK,MNKZ25,H1,2025-10-01 07:00:00,1759302000,44530.0,44565.0,44460.0,44525.0,0,0,63,23.0
455,-1144,MNK,MNKZ25,H1,2025-10-01 08:00:00,1759305600,44530.0,44655.0,44475.0,44655.0,0,0,23,22.0
456,-1143,MNK,MNKZ25,H1,2025-10-01 09:00:00,1759309200,44660.0,44765.0,44660.0,44710.0,0,0,31,22.0
457,-1142,MNK,MNKZ25,H1,2025-10-01 10:00:00,1759312800,44725.0,44725.0,44700.0,44705.0,0,0,5,22.0
458,-1141,MNK,MNKZ25,H1,2025-10-01 11:00:00,1759316400,44740.0,44820.0,44740.0,44820.0,0,0,5,22.0
459,-1140,MNK,MNKZ25,H1,2025-10-01 12:00:00,1759320000,44815.0,44830.0,44760.0,44795.0,0,0,11,22.0
460,-1139,MNK,MNKZ25,H1,2025-10-01 13:00:00,1759323600,44800.0,44915.0,44800.0,44850.0,0,0,38,22.0
461,-1138,MNK,MNKZ25,H1,2025-10-01 14:00:00,1759327200,44855.0,44940.0,44835.0,44835.0,0,0,12,22.0
462,-1137,MNK,MNKZ25,H1,2025-10-01 16:00:00,1759334400,44885.0,44905.0,44885.0,44905.0,0,0,4,22.0
463,-1136,MNK,MNKZ25,H1,2025-10-01 17:00:00,1759338000,44865.0,44880.0,44860.0,44875.0,0,0,14,22.0
464,-1135,MNK,MNKZ25,H1,2025-10-01 19:00:00,1759345200,44925.0,44925.0,44920.0,44920.0,0,0,2,22.0
465,-1134,MNK,MNKZ25,H1,2025-10-01 20:00:00,1759348800,44915.0,44915.0,44890.0,44895.0,0,0,18,21.0
466,-1133,MNK,MNKZ25,H1,2025-10-01 22:00:00,1759356000,44935.0,44935.0,44930.0,44935.0,0,0,3,21.0
467,-1132,MNK,MNKZ25,H1,2025-10-01 23:00:00,1759359600,44950.0,45040.0,44915.0,45030.0,0,0,35,21.0
468,-1131,MNK,MNKZ25,H1,2025-10-02 00:00:00,1759363200,45045.0,45270.0,44855.0,44890.0,0,0,139,23.0
469,-1130,MNK,MNKZ25,H1,2025-10-02 01:00:00,1759366800,44825.0,44985.0,44825.0,44980.0,0,0,62,23.0
470,-1129,MNK,MNKZ25,H1,2025-10-02 02:00:00,1759370400,44855.0,44895.0,44825.0,44895.0,0,0,15,24.0
471,-1128,MNK,MNKZ25,H1,2025-10-02 03:00:00,1759374000,44875.0,45055.0,44875.0,45035.0,0,0,60,24.0
472,-1127,MNK,MNKZ25,H1,2025-10-02 04:00:00,1759377600,45040.0,45170.0,45025.0,45120.0,0,0,87,25.0
473,-1126,MNK,MNKZ25,H1,2025-10-02 05:00:00,1759381200,45165.0,45235.0,45140.0,45215.0,0,0,25,25.0
474,-1125,MNK,MNKZ25,H1,2025-10-02 06:00:00,1759384800,45170.0,45170.0,45090.0,45120.0,1,0,21,26.0
475,-1124,MNK,MNKZ25,H1,2025-10-02 07:00:00,1759388400,45100.0,45120.0,45075.0,45115.0,0,0,40,25.0
476,-1123,MNK,MNKZ25,H1,2025-10-02 08:00:00,1759392000,45100.0,45110.0,45090.0,45110.0,0,0,11,25.0
477,-1122,MNK,MNKZ25,H1,2025-10-02 09:00:00,1759395600,45080.0,45080.0,45025.0,45060.0,0,0,10,25.0
478,-1121,MNK,MNKZ25,H1,2025-10-02 10:00:00,1759399200,45105.0,45150.0,45105.0,45140.0,0,0,12,25.0
479,-1120,MNK,MNKZ25,H1,2025-10-02 11:00:00,1759402800,45150.0,45220.0,45150.0,45215.0,0,0,22,25.0
480,-1119,MNK,MNKZ25,H1,2025-10-02 12:00:00,1759406400,45195.0,45300.0,45195.0,45280.0,0,0,7,25.0
481,-1118,MNK,MNKZ25,H1,2025-10-02 13:00:00,1759410000,45240.0,45310.0,45230.0,45230.0,0,0,15,25.0
482,-1117,MNK,MNKZ25,H1,2025-10-02 14:00:00,1759413600,45230.0,45230.0,45045.0,45045.0,0,0,21,25.0
483,-1116,MNK,MNKZ25,H1,2025-10-02 15:00:00,1759417200,45050.0,45125.0,45050.0,45125.0,0,0,18,25.0
484,-1115,MNK,MNKZ25,H1,2025-10-02 16:00:00,1759420800,45160.0,45160.0,45140.0,45160.0,0,0,5,25.0
485,-1114,MNK,MNKZ25,H1,2025-10-02 17:00:00,1759424400,45120.0,45120.0,45095.0,45095.0,0,0,4,25.0
486,-1113,MNK,MNKZ25,H1,2025-10-02 18:00:00,1759428000,45135.0,45140.0,45135.0,45140.0,0,0,5,25.0
487,-1112,MNK,MNKZ25,H1,2025-10-02 19:00:00,1759431600,45170.0,45190.0,45160.0,45170.0,0,0,13,25.0
488,-1111,MNK,MNKZ25,H1,2025-10-02 20:00:00,1759435200,45175.0,45175.0,45135.0,45135.0,0,0,5,25.0
489,-1110,MNK,MNKZ25,H1,2025-10-02 22:00:00,1759442400,45175.0,45175.0,45075.0,45090.0,0,0,6,25.0
490,-1109,MNK,MNKZ25,H1,2025-10-02 23:00:00,1759446000,45035.0,45130.0,45035.0,45130.0,0,0,10,24.0
491,-1108,MNK,MNKZ25,H1,2025-10-03 00:00:00,1759449600,45240.0,45725.0,45230.0,45715.0,0,0,146,26.0
492,-1107,MNK,MNKZ25,H1,2025-10-03 01:00:00,1759453200,45720.0,45860.0,45670.0,45775.0,0,0,102,28.0
493,-1106,MNK,MNKZ25,H1,2025-10-03 02:00:00,1759456800,45790.0,45790.0,45695.0,45695.0,0,0,10,28.0
494,-1105,MNK,MNKZ25,H1,2025-10-03 03:00:00,1759460400,45755.0,45755.0,45755.0,45755.0,0,0,2,28.0
495,-1104,MNK,MNKZ25,H1,2025-10-03 04:00:00,1759464000,45755.0,45800.0,45735.0,45780.0,0,0,10,28.0
496,-1103,MNK,MNKZ25,H1,2025-10-03 05:00:00,1759467600,45790.0,45900.0,45790.0,45870.0,0,0,53,28.0
497,-1102,MNK,MNKZ25,H1,2025-10-03 06:00:00,1759471200,45900.0,46030.0,45900.0,46005.0,0,0,23,28.0
498,-1101,MNK,MNKZ25,H1,2025-10-03 07:00:00,1759474800,46050.0,46120.0,46050.0,46050.0,0,0,25,28.0
499,-1100,MNK,MNKZ25,H1,2025-10-03 08:00:00,1759478400,46125.0,46130.0,46035.0,46090.0,0,0,18,28.0
500,-1099,MNK,MNKZ25,H1,2025-10-03 09:00:00,1759482000,46120.0,46215.0,46120.0,46215.0,0,0,5,28.0
501,-1098,MNK,MNKZ25,H1,2025-10-03 10:00:00,1759485600,46195.0,46220.0,46165.0,46165.0,0,0,13,28.0
502,-1097,MNK,MNKZ25,H1,2025-10-03 11:00:00,1759489200,46130.0,46145.0,46055.0,46085.0,0,0,14,28.0
503,-1096,MNK,MNKZ25,H1,2025-10-03 12:00:00,1759492800,46065.0,46065.0,46030.0,46030.0,0,0,10,27.0
504,-1095,MNK,MNKZ25,H1,2025-10-03 13:00:00,1759496400,46065.0,46200.0,46055.0,46180.0,0,0,74,28.0
505,-1094,MNK,MNKZ25,H1,2025-10-03 14:00:00,1759500000,46125.0,46290.0,46110.0,46245.0,0,0,68,29.0
506,-1093,MNK,MNKZ25,H1,2025-10-03 15:00:00,1759503600,46175.0,46275.0,46175.0,46260.0,0,0,28,29.0
507,-1092,MNK,MNKZ25,H1,2025-10-03 16:00:00,1759507200,46255.0,46270.0,46250.0,46260.0,0,0,4,29.0
508,-1091,MNK,MNKZ25,H1,2025-10-03 17:00:00,1759510800,46245.0,46245.0,46000.0,46045.0,0,0,21,29.0
509,-1090,MNK,MNKZ25,H1,2025-10-03 18:00:00,1759514400,46055.0,46130.0,46055.0,46130.0,0,0,88,30.0
510,-1089,MNK,MNKZ25,H1,2025-10-03 19:00:00,1759518000,46135.0,46145.0,46080.0,46100.0,0,0,52,31.0
511,-1088,MNK,MNKZ25,H1,2025-10-03 20:00:00,1759521600,46100.0,46150.0,46090.0,46150.0,0,0,41,31.0
512,-1087,MNK,MNKZ25,H1,2025-10-05 22:00:00,1759701600,46155.0,48670.0,46155.0,48220.0,0,0,166,33.0
513,-1086,MNK,MNKZ25,H1,2025-10-05 23:00:00,1759705200,48230.0,48610.0,47765.0,47765.0,0,0,128,35.0
514,-1085,MNK,MNKZ25,H1,2025-10-06 00:00:00,1759708800,47710.0,47945.0,47480.0,47805.0,0,0,149,36.0
515,-1084,MNK,MNKZ25,H1,2025-10-06 01:00:00,1759712400,47785.0,48025.0,47700.0,47865.0,0,0,138,38.0
516,-1083,MNK,MNKZ25,H1,2025-10-06 02:00:00,1759716000,47910.0,48090.0,47900.0,47980.0,0,0,35,38.0
517,-1082,MNK,MNKZ25,H1,2025-10-06 03:00:00,1759719600,47975.0,48110.0,47950.0,48010.0,0,0,51,39.0
518,-1081,MNK,MNKZ25,H1,2025-10-06 04:00:00,1759723200,47920.0,48090.0,47745.0,48090.0,0,0,89,40.0
519,-1080,MNK,MNKZ25,H1,2025-10-06 05:00:00,1759726800,48085.0,48275.0,48085.0,48210.0,0,0,91,40.0
520,-1079,MNK,MNKZ25,H1,2025-10-06 06:00:00,1759730400,48180.0,48285.0,48110.0,48275.0,0,0,58,39.0
521,-1078,MNK,MNKZ25,H1,2025-10-06 07:00:00,1759734000,48260.0,48300.0,48125.0,48250.0,0,0,54,40.0
522,-1077,MNK,MNKZ25,H1,2025-10-06 08:00:00,1759737600,48300.0,48385.0,48170.0,48255.0,0,0,51,40.0
523,-1076,MNK,MNKZ25,H1,2025-10-06 09:00:00,1759741200,48305.0,48340.0,48245.0,48340.0,0,0,24,39.0
524,-1075,MNK,MNKZ25,H1,2025-10-06 10:00:00,1759744800,48420.0,48430.0,48330.0,48420.0,0,0,23,39.0
525,-1074,MNK,MNKZ25,H1,2025-10-06 11:00:00,1759748400,48410.0,48550.0,48385.0,48550.0,0,0,24,38.0
526,-1073,MNK,MNKZ25,H1,2025-10-06 12:00:00,1759752000,48600.0,48600.0,48395.0,48515.0,0,0,84,39.0
527,-1072,MNK,MNKZ25,H1,2025-10-06 13:00:00,1759755600,48480.0,48630.0,48455.0,48505.0,0,0,145,40.0
528,-1071,MNK,MNKZ25,H1,2025-10-06 14:00:00,1759759200,48490.0,48690.0,48465.0,48675.0,0,0,75,41.0
529,-1070,MNK,MNKZ25,H1,2025-10-06 15:00:00,1759762800,48695.0,48780.0,48670.0,48730.0,0,0,54,42.0
530,-1069,MNK,MNKZ25,H1,2025-10-06 16:00:00,1759766400,48720.0,48775.0,48720.0,48740.0,0,0,52,42.0
531,-1068,MNK,MNKZ25,H1,2025-10-06 17:00:00,1759770000,48745.0,48815.0,48710.0,48715.0,0,0,34,43.0
532,-1067,MNK,MNKZ25,H1,2025-10-06 18:00:00,1759773600,48750.0,48775.0,48710.0,48755.0,0,0,14,42.0
533,-1066,MNK,MNKZ25,H1,2025-10-06 19:00:00,1759777200,48765.0,48775.0,48670.0,48670.0,0,0,39,43.0
534,-1065,MNK,MNKZ25,H1,2025-10-06 20:00:00,1759780800,48660.0,48700.0,48635.0,48660.0,0,0,15,43.0
535,-1064,MNK,MNKZ25,H1,2025-10-06 22:00:00,1759788000,48720.0,48765.0,48695.0,48715.0,0,0,16,43.0
536,-1063,MNK,MNKZ25,H1,2025-10-06 23:00:00,1759791600,48695.0,48695.0,48500.0,48500.0,0,0,23,43.0
537,-1062,MNK,MNKZ25,H1,2025-10-07 00:00:00,1759795200,48550.0,48635.0,48190.0,48435.0,0,0,78,44.0
538,-1061,MNK,MNKZ25,H1,2025-10-07 01:00:00,1759798800,48440.0,48530.0,48325.0,48335.0,0,0,104,45.0
539,-1060,MNK,MNKZ25,H1,2025-10-07 02:00:00,1759802400,48335.0,48520.0,48330.0,48520.0,0,0,62,46.0
540,-1059,MNK,MNKZ25,H1,2025-10-07 03:00:00,1759806000,48515.0,48530.0,48395.0,48530.0,0,0,16,44.0
541,-1058,MNK,MNKZ25,H1,2025-10-07 04:00:00,1759809600,48440.0,48480.0,48300.0,48400.0,0,0,17,43.0
542,-1057,MNK,MNKZ25,H1,2025-10-07 05:00:00,1759813200,48295.0,48315.0,48130.0,48155.0,0,0,61,44.0
543,-1056,MNK,MNKZ25,H1,2025-10-07 06:00:00,1759816800,48165.0,48185.0,48005.0,48085.0,0,0,28,44.0
544,-1055,MNK,MNKZ25,H1,2025-10-07 07:00:00,1759820400,48045.0,48165.0,48020.0,48110.0,0,0,70,43.0
545,-1054,MNK,MNKZ25,H1,2025-10-07 08:00:00,1759824000,48130.0,48190.0,47995.0,48190.0,0,0,85,44.0
546,-1053,MNK,MNKZ25,H1,2025-10-07 09:00:00,1759827600,48205.0,48205.0,48165.0,48165.0,0,0,18,44.0
547,-1052,MNK,MNKZ25,H1,2025-10-07 10:00:00,1759831200,48205.0,48205.0,48160.0,48160.0,0,0,12,44.0
548,-1051,MNK,MNKZ25,H1,2025-10-07 11:00:00,1759834800,48135.0,48180.0,48135.0,48180.0,0,0,46,44.0
549,-1050,MNK,MNKZ25,H1,2025-10-07 12:00:00,1759838400,48225.0,48275.0,48225.0,48275.0,0,0,23,44.0
550,-1049,MNK,MNKZ25,H1,2025-10-07 13:00:00,1759842000,48275.0,48320.0,48255.0,48320.0,0,0,27,45.0
551,-1048,MNK,MNKZ25,H1,2025-10-07 14:00:00,1759845600,48240.0,48275.0,48175.0,48210.0,0,0,59,45.0
552,-1047,MNK,MNKZ25,H1,2025-10-07 15:00:00,1759849200,48150.0,48155.0,47920.0,47980.0,0,0,123,47.0
553,-1046,MNK,MNKZ25,H1,2025-10-07 16:00:00,1759852800,48020.0,48035.0,47965.0,48030.0,0,0,22,47.0
554,-1045,MNK,MNKZ25,H1,2025-10-07 17:00:00,1759856400,48030.0,48100.0,48030.0,48080.0,0,0,27,47.0
555,-1044,MNK,MNKZ25,H1,2025-10-07 18:00:00,1759860000,48015.0,48130.0,48000.0,48125.0,0,0,53,47.0
556,-1043,MNK,MNKZ25,H1,2025-10-07 19:00:00,1759863600,48080.0,48115.0,48055.0,48085.0,0,0,19,48.0
557,-1042,MNK,MNKZ25,H1,2025-10-07 20:00:00,1759867200,48090.0,48090.0,48090.0,48090.0,0,0,0,48.0
558,-1041,MNK,MNKZ25,H1,2025-10-07 22:00:00,1759874400,48095.0,48095.0,48020.0,48030.0,0,0,5,48.0
559,-1040,MNK,MNKZ25,H1,2025-10-07 23:00:00,1759878000,48060.0,48075.0,48015.0,48045.0,0,0,26,48.0
560,-1039,MNK,MNKZ25,H1,2025-10-08 00:00:00,1759881600,48090.0,48295.0,48070.0,48240.0,0,0,24,48.0
561,-1038,MNK,MNKZ25,H1,2025-10-08 01:00:00,1759885200,48225.0,48250.0,48085.0,48110.0,0,0,19,48.0
562,-1037,MNK,MNKZ25,H1,2025-10-08 02:00:00,1759888800,48085.0,48190.0,48080.0,48090.0,0,0,12,48.0
563,-1036,MNK,MNKZ25,H1,2025-10-08 03:00:00,1759892400,48130.0,48130.0,48085.0,48085.0,0,0,80,47.0
564,-1035,MNK,MNKZ25,H1,2025-10-08 04:00:00,1759896000,48120.0,48120.0,47985.0,47985.0,0,0,6,46.0
565,-1034,MNK,MNKZ25,H1,2025-10-08 05:00:00,1759899600,47955.0,47975.0,47910.0,47975.0,0,0,16,46.0
566,-1033,MNK,MNKZ25,H1,2025-10-08 06:00:00,1759903200,47900.0,47905.0,47845.0,47900.0,0,0,27,46.0
567,-1032,MNK,MNKZ25,H1,2025-10-08 07:00:00,1759906800,47935.0,48100.0,47930.0,48100.0,0,0,21,47.0
568,-1031,MNK,MNKZ25,H1,2025-10-08 08:00:00,1759910400,48115.0,48120.0,47990.0,48060.0,0,0,12,46.0
569,-1030,MNK,MNKZ25,H1,2025-10-08 09:00:00,1759914000,48165.0,48165.0,48125.0,48125.0,0,0,4,46.0
570,-1029,MNK,MNKZ25,H1,2025-10-08 10:00:00,1759917600,48080.0,48120.0,48080.0,48120.0,0,0,8,46.0
571,-1028,MNK,MNKZ25,H1,2025-10-08 11:00:00,1759921200,48135.0,48140.0,48040.0,48055.0,0,0,15,45.0
572,-1027,MNK,MNKZ25,H1,2025-10-08 12:00:00,1759924800,48020.0,48020.0,48015.0,48020.0,0,0,6,46.0
573,-1026,MNK,MNKZ25,H1,2025-10-08 13:00:00,1759928400,48005.0,48105.0,47980.0,48105.0,0,0,10,45.0
574,-1025,MNK,MNKZ25,H1,2025-10-08 14:00:00,1759932000,48105.0,48165.0,48105.0,48120.0,0,0,90,47.0
575,-1024,MNK,MNKZ25,H1,2025-10-08 15:00:00,1759935600,48185.0,48195.0,48140.0,48140.0,0,0,32,47.0
576,-1023,MNK,MNKZ25,H1,2025-10-08 16:00:00,1759939200,48140.0,48180.0,48140.0,48160.0,0,0,12,46.0
577,-1022,MNK,MNKZ25,H1,2025-10-08 18:00:00,1759946400,48150.0,48150.0,48110.0,48110.0,0,0,3,45.0
578,-1021,MNK,MNKZ25,H1,2025-10-08 19:00:00,1759950000,48165.0,48230.0,48160.0,48225.0,0,0,33,45.0
579,-1020,MNK,MNKZ25,H1,2025-10-08 20:00:00,1759953600,48225.0,48310.0,48215.0,48300.0,0,0,33,46.0
580,-1019,MNK,MNKZ25,H1,2025-10-08 22:00:00,1759960800,48265.0,48295.0,48265.0,48295.0,0,0,6,45.0
581,-1018,MNK,MNKZ25,H1,2025-10-08 23:00:00,1759964400,48280.0,48305.0,48200.0,48285.0,0,0,35,45.0
582,-1017,MNK,MNKZ25,H1,2025-10-09 00:00:00,1759968000,48255.0,48540.0,48215.0,48525.0,0,0,44,44.0
583,-1016,MNK,MNKZ25,H1,2025-10-09 01:00:00,1759971600,48525.0,48595.0,48395.0,48575.0,0,0,53,45.0
584,-1015,MNK,MNKZ25,H1,2025-10-09 02:00:00,1759975200,48565.0,48570.0,48445.0,48515.0,0,0,30,43.0
585,-1014,MNK,MNKZ25,H1,2025-10-09 03:00:00,1759978800,48560.0,48560.0,48500.0,48500.0,0,0,46,42.0
586,-1013,MNK,MNKZ25,H1,2025-10-09 04:00:00,1759982400,48500.0,48610.0,48500.0,48550.0,0,0,6,40.0
587,-1012,MNK,MNKZ25,H1,2025-10-09 05:00:00,1759986000,48560.0,48675.0,48560.0,48600.0,0,0,21,38.0
588,-1011,MNK,MNKZ25,H1,2025-10-09 06:00:00,1759989600,48650.0,48900.0,48650.0,48820.0,0,0,84,39.0
589,-1010,MNK,MNKZ25,H1,2025-10-09 07:00:00,1759993200,48810.0,48900.0,48810.0,48860.0,0,0,25,38.0
590,-1009,MNK,MNKZ25,H1,2025-10-09 08:00:00,1759996800,48820.0,48820.0,48725.0,48725.0,0,0,21,37.0
591,-1008,MNK,MNKZ25,H1,2025-10-09 09:00:00,1760000400,48620.0,48745.0,48545.0,48745.0,0,0,29,37.0
592,-1007,MNK,MNKZ25,H1,2025-10-09 10:00:00,1760004000,48735.0,48760.0,48730.0,48730.0,0,0,6,36.0
593,-1006,MNK,MNKZ25,H1,2025-10-09 11:00:00,1760007600,48800.0,48850.0,48800.0,48850.0,0,0,12,35.0
594,-1005,MNK,MNKZ25,H1,2025-10-09 12:00:00,1760011200,48880.0,49025.0,48875.0,48980.0,0,0,46,35.0
595,-1004,MNK,MNKZ25,H1,2025-10-09 13:00:00,1760014800,48970.0,49010.0,48840.0,48850.0,0,0,141,37.0
596,-1003,MNK,MNKZ25,H1,2025-10-09 14:00:00,1760018400,48875.0,48925.0,48780.0,48840.0,0,0,76,38.0
597,-1002,MNK,MNKZ25,H1,2025-10-09 15:00:00,1760022000,48850.0,48860.0,48705.0,48840.0,0,0,56,38.0
598,-1001,MNK,MNKZ25,H1,2025-10-09 16:00:00,1760025600,48815.0,48815.0,48700.0,48700.0,0,0,28,37.0
599,-1000,MNK,MNKZ25,H1,2025-10-09 17:00:00,1760029200,48625.0,48665.0,48560.0,48665.0,0,0,31,36.0
600,-999,MNK,MNKZ25,H1,2025-10-09 18:00:00,1760032800,48660.0,48675.0,48660.0,48660.0,0,0,5,35.0
601,-998,MNK,MNKZ25,H1,2025-10-09 19:00:00,1760036400,48715.0,48745.0,48705.0,48740.0,0,0,9,34.0
602,-997,MNK,MNKZ25,H1,2025-10-09 20:00:00,1760040000,48750.0,48755.0,48655.0,48655.0,0,0,9,33.0
603,-996,MNK,MNKZ25,H1,2025-10-09 22:00:00,1760047200,48655.0,48680.0,48650.0,48680.0,0,0,4,33.0
604,-995,MNK,MNKZ25,H1,2025-10-09 23:00:00,1760050800,48725.0,48740.0,48620.0,48710.0,0,0,16,33.0
605,-994,MNK,MNKZ25,H1,2025-10-10 00:00:00,1760054400,48760.0,48765.0,48390.0,48470.0,0,0,74,33.0
606,-993,MNK,MNKZ25,H1,2025-10-10 01:00:00,1760058000,48405.0,48430.0,48325.0,48375.0,0,0,23,34.0
607,-992,MNK,MNKZ25,H1,2025-10-10 02:00:00,1760061600,48320.0,48320.0,48230.0,48270.0,0,0,6,33.0
608,-991,MNK,MNKZ25,H1,2025-10-10 03:00:00,1760065200,48230.0,48235.0,48155.0,48235.0,0,0,15,33.0
609,-990,MNK,MNKZ25,H1,2025-10-10 04:00:00,1760068800,48235.0,48275.0,48120.0,48125.0,0,0,32,33.0
610,-989,MNK,MNKZ25,H1,2025-10-10 05:00:00,1760072400,48110.0,48260.0,48110.0,48260.0,0,0,17,32.0
611,-988,MNK,MNKZ25,H1,2025-10-10 06:00:00,1760076000,48325.0,48325.0,47500.0,47615.0,0,0,259,34.0
612,-987,MNK,MNKZ25,H1,2025-10-10 07:00:00,1760079600,47610.0,47735.0,47445.0,47615.0,0,0,55,35.0
613,-986,MNK,MNKZ25,H1,2025-10-10 08:00:00,1760083200,47500.0,47980.0,47500.0,47920.0,0,0,47,35.0
614,-985,MNK,MNKZ25,H1,2025-10-10 09:00:00,1760086800,47890.0,47890.0,47565.0,47570.0,0,0,36,35.0
615,-984,MNK,MNKZ25,H1,2025-10-10 10:00:00,1760090400,47500.0,47625.0,47500.0,47620.0,0,0,33,35.0
616,-983,MNK,MNKZ25,H1,2025-10-10 11:00:00,1760094000,47670.0,47700.0,47660.0,47675.0,0,0,15,34.0
617,-982,MNK,MNKZ25,H1,2025-10-10 12:00:00,1760097600,47760.0,47800.0,47760.0,47780.0,0,0,6,33.0
618,-981,MNK,MNKZ25,H1,2025-10-10 13:00:00,1760101200,47780.0,47840.0,47760.0,47780.0,1,0,18,33.0
619,-980,MNK,MNKZ25,H1,2025-10-10 14:00:00,1760104800,47635.0,47655.0,47450.0,47470.0,0,0,163,35.0
620,-979,MNK,MNKZ25,H1,2025-10-10 15:00:00,1760108400,47400.0,47400.0,46610.0,46985.0,0,0,173,37.0
621,-978,MNK,MNKZ25,H1,2025-10-10 16:00:00,1760112000,46840.0,46855.0,46600.0,46620.0,0,0,54,37.0
622,-977,MNK,MNKZ25,H1,2025-10-10 17:00:00,1760115600,46500.0,46535.0,46400.0,46510.0,0,0,38,38.0
623,-976,MNK,MNKZ25,H1,2025-10-10 18:00:00,1760119200,46420.0,46460.0,46230.0,46230.0,0,0,24,37.0
624,-975,MNK,MNKZ25,H1,2025-10-10 19:00:00,1760122800,46270.0,46270.0,46005.0,46095.0,0,0,27,36.0
625,-974,MNK,MNKZ25,H1,2025-10-10 20:00:00,1760126400,46095.0,46095.0,45395.0,45450.0,0,0,26,36.0
626,-973,MNK,MNKZ25,H1,2025-10-12 22:00:00,1760306400,45600.0,46725.0,45600.0,46605.0,0,0,78,36.0
627,-972,MNK,MNKZ25,H1,2025-10-12 23:00:00,1760310000,46610.0,46800.0,46465.0,46760.0,0,0,24,36.0
628,-971,MNK,MNKZ25,H1,2025-10-13 00:00:00,1760313600,46665.0,46665.0,46520.0,46585.0,0,0,23,36.0
629,-970,MNK,MNKZ25,H1,2025-10-13 01:00:00,1760317200,46600.0,46855.0,46570.0,46855.0,0,0,27,36.0
630,-969,MNK,MNKZ25,H1,2025-10-13 02:00:00,1760320800,46785.0,46785.0,46780.0,46780.0,0,0,4,36.0
631,-968,MNK,MNKZ25,H1,2025-10-13 03:00:00,1760324400,46810.0,46830.0,46565.0,46580.0,0,0,35,37.0
632,-967,MNK,MNKZ25,H1,2025-10-13 04:00:00,1760328000,46600.0,46650.0,46600.0,46650.0,0,0,8,36.0
633,-966,MNK,MNKZ25,H1,2025-10-13 05:00:00,1760331600,46710.0,46750.0,46695.0,46745.0,0,0,9,36.0
634,-965,MNK,MNKZ25,H1,2025-10-13 06:00:00,1760335200,46740.0,46820.0,46735.0,46800.0,0,0,20,36.0
635,-964,MNK,MNKZ25,H1,2025-10-13 07:00:00,1760338800,46850.0,47045.0,46850.0,46960.0,0,0,24,36.0
636,-963,MNK,MNKZ25,H1,2025-10-13 08:00:00,1760342400,47000.0,47000.0,46815.0,46825.0,0,0,12,36.0
637,-962,MNK,MNKZ25,H1,2025-10-13 09:00:00,1760346000,46890.0,46890.0,46865.0,46875.0,0,0,7,36.0
638,-961,MNK,MNKZ25,H1,2025-10-13 10:00:00,1760349600,46840.0,46840.0,46790.0,46790.0,0,0,7,35.0
639,-960,MNK,MNKZ25,H1,2025-10-13 11:00:00,1760353200,46765.0,46810.0,46650.0,46770.0,0,0,42,36.0
640,-959,MNK,MNKZ25,H1,2025-10-13 13:00:00,1760360400,46860.0,46905.0,46720.0,46905.0,0,0,67,36.0
641,-958,MNK,MNKZ25,H1,2025-10-13 14:00:00,1760364000,46945.0,46980.0,46865.0,46885.0,0,0,24,37.0
642,-957,MNK,MNKZ25,H1,2025-10-13 15:00:00,1760367600,46865.0,47045.0,46865.0,47045.0,0,0,7,37.0
643,-956,MNK,MNKZ25,H1,2025-10-13 16:00:00,1760371200,47060.0,47150.0,47045.0,47150.0,0,0,35,37.0
644,-955,MNK,MNKZ25,H1,2025-10-13 17:00:00,1760374800,47105.0,47105.0,47105.0,47105.0,0,0,2,37.0
645,-954,MNK,MNKZ25,H1,2025-10-13 18:00:00,1760378400,47100.0,47100.0,47095.0,47095.0,0,0,3,37.0
646,-953,MNK,MNKZ25,H1,2025-10-13 19:00:00,1760382000,47130.0,47135.0,47115.0,47115.0,0,0,9,36.0
647,-952,MNK,MNKZ25,H1,2025-10-13 20:00:00,1760385600,47135.0,47135.0,47070.0,47130.0,0,0,13,35.0
648,-951,MNK,MNKZ25,H1,2025-10-13 22:00:00,1760392800,47035.0,47160.0,47025.0,47155.0,0,0,11,35.0
649,-950,MNK,MNKZ25,H1,2025-10-13 23:00:00,1760396400,47185.0,47345.0,47140.0,47340.0,0,0,10,35.0
650,-949,MNK,MNKZ25,H1,2025-10-14 00:00:00,1760400000,47485.0,47985.0,47485.0,47660.0,0,0,82,36.0
651,-948,MNK,MNKZ25,H1,2025-10-14 01:00:00,1760403600,47660.0,47975.0,47645.0,47915.0,0,0,90,37.0
652,-947,MNK,MNKZ25,H1,2025-10-14 02:00:00,1760407200,47840.0,47880.0,47655.0,47660.0,0,0,62,38.0
653,-946,MNK,MNKZ25,H1,2025-10-14 03:00:00,1760410800,47655.0,47655.0,47430.0,47430.0,0,0,37,38.0
654,-945,MNK,MNKZ25,H1,2025-10-14 04:00:00,1760414400,47335.0,47335.0,46810.0,46875.0,0,0,83,38.0
655,-944,MNK,MNKZ25,H1,2025-10-14 05:00:00,1760418000,46885.0,47095.0,46735.0,46860.0,0,0,63,38.0
656,-943,MNK,MNKZ25,H1,2025-10-14 06:00:00,1760421600,46840.0,46985.0,46840.0,46940.0,0,0,80,39.0
657,-942,MNK,MNKZ25,H1,2025-10-14 07:00:00,1760425200,46895.0,46895.0,46730.0,46790.0,0,0,29,39.0
658,-941,MNK,MNKZ25,H1,2025-10-14 08:00:00,1760428800,46845.0,47035.0,46800.0,47035.0,0,0,53,39.0
659,-940,MNK,MNKZ25,H1,2025-10-14 09:00:00,1760432400,47050.0,47050.0,46950.0,46950.0,0,0,22,39.0
660,-939,MNK,MNKZ25,H1,2025-10-14 10:00:00,1760436000,46850.0,46850.0,46635.0,46680.0,0,0,36,39.0
661,-938,MNK,MNKZ25,H1,2025-10-14 11:00:00,1760439600,46770.0,46895.0,46765.0,46890.0,0,0,49,39.0
662,-937,MNK,MNKZ25,H1,2025-10-14 12:00:00,1760443200,46900.0,46900.0,46715.0,46715.0,0,0,15,39.0
663,-936,MNK,MNKZ25,H1,2025-10-14 13:00:00,1760446800,46855.0,46910.0,46685.0,46910.0,0,0,149,41.0
664,-935,MNK,MNKZ25,H1,2025-10-14 14:00:00,1760450400,46895.0,47120.0,46890.0,47055.0,0,0,78,42.0
665,-934,MNK,MNKZ25,H1,2025-10-14 15:00:00,1760454000,47075.0,47255.0,47075.0,47255.0,0,0,71,43.0
666,-933,MNK,MNKZ25,H1,2025-10-14 16:00:00,1760457600,47210.0,47355.0,47210.0,47345.0,0,0,37,42.0
667,-932,MNK,MNKZ25,H1,2025-10-14 17:00:00,1760461200,47265.0,47380.0,47265.0,47370.0,0,0,5,41.0
668,-931,MNK,MNKZ25,H1,2025-10-14 18:00:00,1760464800,47340.0,47355.0,47325.0,47325.0,0,0,3,40.0
669,-930,MNK,MNKZ25,H1,2025-10-14 19:00:00,1760468400,47325.0,47325.0,46995.0,47085.0,0,0,120,40.0
670,-929,MNK,MNKZ25,H1,2025-10-14 20:00:00,1760472000,47095.0,47095.0,47000.0,47035.0,0,0,3,40.0
671,-928,MNK,MNKZ25,H1,2025-10-14 22:00:00,1760479200,47230.0,47235.0,47095.0,47095.0,0,0,15,40.0
672,-927,MNK,MNKZ25,H1,2025-10-14 23:00:00,1760482800,47145.0,47195.0,47145.0,47165.0,0,0,8,40.0
673,-926,MNK,MNKZ25,H1,2025-10-15 00:00:00,1760486400,47165.0,47400.0,47095.0,47385.0,0,0,61,41.0
674,-925,MNK,MNKZ25,H1,2025-10-15 01:00:00,1760490000,47360.0,47460.0,47325.0,47420.0,0,0,22,41.0
675,-924,MNK,MNKZ25,H1,2025-10-15 02:00:00,1760493600,47415.0,47615.0,47415.0,47600.0,0,0,54,41.0
676,-923,MNK,MNKZ25,H1,2025-10-15 03:00:00,1760497200,47645.0,47670.0,47490.0,47550.0,0,0,46,42.0
677,-922,MNK,MNKZ25,H1,2025-10-15 04:00:00,1760500800,47565.0,47750.0,47565.0,47750.0,0,0,28,41.0
678,-921,MNK,MNKZ25,H1,2025-10-15 05:00:00,1760504400,47725.0,47915.0,47725.0,47820.0,0,0,52,42.0
679,-920,MNK,MNKZ25,H1,2025-10-15 06:00:00,1760508000,47790.0,47905.0,47750.0,47865.0,0,0,57,42.0
680,-919,MNK,MNKZ25,H1,2025-10-15 07:00:00,1760511600,47870.0,47945.0,47870.0,47870.0,0,0,17,42.0
681,-918,MNK,MNKZ25,H1,2025-10-15 08:00:00,1760515200,48000.0,48165.0,47975.0,48110.0,0,0,47,43.0
682,-917,MNK,MNKZ25,H1,2025-10-15 09:00:00,1760518800,48050.0,48245.0,48050.0,48245.0,0,0,30,43.0
683,-916,MNK,MNKZ25,H1,2025-10-15 10:00:00,1760522400,48275.0,48285.0,48225.0,48225.0,0,0,5,39.0
684,-915,MNK,MNKZ25,H1,2025-10-15 11:00:00,1760526000,48240.0,48280.0,48200.0,48275.0,0,0,16,39.0
685,-914,MNK,MNKZ25,H1,2025-10-15 12:00:00,1760529600,48310.0,48345.0,48230.0,48290.0,1,0,23,38.0
686,-913,MNK,MNKZ25,H1,2025-10-15 13:00:00,1760533200,48265.0,48275.0,48070.0,48200.0,0,0,194,41.0
687,-912,MNK,MNKZ25,H1,2025-10-15 14:00:00,1760536800,48265.0,48385.0,48265.0,48310.0,0,0,79,41.0
688,-911,MNK,MNKZ25,H1,2025-10-15 15:00:00,1760540400,48240.0,48265.0,47985.0,47985.0,0,0,32,41.0
689,-910,MNK,MNKZ25,H1,2025-10-15 16:00:00,1760544000,48095.0,48115.0,48080.0,48080.0,0,0,7,41.0
690,-909,MNK,MNKZ25,H1,2025-10-15 17:00:00,1760547600,47985.0,48065.0,47735.0,48065.0,0,0,88,42.0
691,-908,MNK,MNKZ25,H1,2025-10-15 18:00:00,1760551200,48065.0,48090.0,48065.0,48065.0,0,0,55,41.0
692,-907,MNK,MNKZ25,H1,2025-10-15 19:00:00,1760554800,48075.0,48115.0,48035.0,48115.0,0,0,16,39.0
693,-906,MNK,MNKZ25,H1,2025-10-15 20:00:00,1760558400,48150.0,48150.0,48100.0,48135.0,0,0,6,38.0
694,-905,MNK,MNKZ25,H1,2025-10-15 22:00:00,1760565600,47920.0,48185.0,47920.0,48185.0,0,0,3,38.0
695,-904,MNK,MNKZ25,H1,2025-10-15 23:00:00,1760569200,48140.0,48250.0,48140.0,48250.0,0,0,7,37.0
696,-903,MNK,MNKZ25,H1,2025-10-16 00:00:00,1760572800,48280.0,48285.0,48085.0,48100.0,0,0,37,37.0
697,-902,MNK,MNKZ25,H1,2025-10-16 01:00:00,1760576400,48220.0,48245.0,48130.0,48200.0,0,0,20,37.0
698,-901,MNK,MNKZ25,H1,2025-10-16 02:00:00,1760580000,48160.0,48250.0,48160.0,48250.0,0,0,38,37.0
699,-900,MNK,MNKZ25,H1,2025-10-16 03:00:00,1760583600,48285.0,48295.0,48165.0,48165.0,0,0,37,37.0
700,-899,MNK,MNKZ25,H1,2025-10-16 04:00:00,1760587200,48300.0,48440.0,48295.0,48440.0,0,0,34,37.0
701,-898,MNK,MNKZ25,H1,2025-10-16 05:00:00,1760590800,48450.0,48465.0,48400.0,48415.0,0,0,28,37.0
702,-897,MNK,MNKZ25,H1,2025-10-16 06:00:00,1760594400,48450.0,48575.0,48370.0,48575.0,0,0,32,38.0
703,-896,MNK,MNKZ25,H1,2025-10-16 07:00:00,1760598000,48585.0,48605.0,48405.0,48595.0,0,0,33,38.0
704,-895,MNK,MNKZ25,H1,2025-10-16 08:00:00,1760601600,48565.0,48565.0,48490.0,48490.0,0,0,4,38.0
705,-894,MNK,MNKZ25,H1,2025-10-16 09:00:00,1760605200,48520.0,48550.0,48520.0,48550.0,0,0,3,37.0
706,-893,MNK,MNKZ25,H1,2025-10-16 10:00:00,1760608800,48570.0,48585.0,48555.0,48555.0,0,0,3,37.0
707,-892,MNK,MNKZ25,H1,2025-10-16 11:00:00,1760612400,48550.0,48620.0,48550.0,48595.0,0,0,21,37.0
708,-891,MNK,MNKZ25,H1,2025-10-16 12:00:00,1760616000,48505.0,48615.0,48505.0,48605.0,0,0,15,37.0
709,-890,MNK,MNKZ25,H1,2025-10-16 13:00:00,1760619600,48650.0,48650.0,48450.0,48450.0,0,0,18,37.0
710,-889,MNK,MNKZ25,H1,2025-10-16 14:00:00,1760623200,48450.0,48580.0,48380.0,48435.0,0,0,16,37.0
711,-888,MNK,MNKZ25,H1,2025-10-16 15:00:00,1760626800,48430.0,48510.0,48265.0,48270.0,0,0,41,37.0
712,-887,MNK,MNKZ25,H1,2025-10-16 16:00:00,1760630400,48325.0,48355.0,48000.0,48230.0,0,0,67,37.0
713,-886,MNK,MNKZ25,H1,2025-10-16 17:00:00,1760634000,48240.0,48255.0,48160.0,48200.0,0,0,9,37.0
714,-885,MNK,MNKZ25,H1,2025-10-16 18:00:00,1760637600,48095.0,48125.0,47875.0,48125.0,0,0,39,38.0
715,-884,MNK,MNKZ25,H1,2025-10-16 19:00:00,1760641200,48070.0,48160.0,48005.0,48110.0,0,0,21,37.0
716,-883,MNK,MNKZ25,H1,2025-10-16 20:00:00,1760644800,48135.0,48135.0,47995.0,48040.0,0,0,28,38.0
717,-882,MNK,MNKZ25,H1,2025-10-16 22:00:00,1760652000,48190.0,48225.0,48075.0,48090.0,0,0,17,38.0
718,-881,MNK,MNKZ25,H1,2025-10-16 23:00:00,1760655600,48000.0,48035.0,47785.0,47895.0,0,0,25,38.0
719,-880,MNK,MNKZ25,H1,2025-10-17 00:00:00,1760659200,47850.0,48065.0,47850.0,47905.0,0,0,22,38.0
720,-879,MNK,MNKZ25,H1,2025-10-17 01:00:00,1760662800,48115.0,48270.0,48000.0,48000.0,0,0,30,39.0
721,-878,MNK,MNKZ25,H1,2025-10-17 02:00:00,1760666400,48020.0,48055.0,47960.0,47975.0,0,0,22,39.0
722,-877,MNK,MNKZ25,H1,2025-10-17 03:00:00,1760670000,47940.0,47965.0,47750.0,47855.0,0,0,97,39.0
723,-876,MNK,MNKZ25,H1,2025-10-17 04:00:00,1760673600,47905.0,47910.0,47750.0,47755.0,0,0,64,39.0
724,-875,MNK,MNKZ25,H1,2025-10-17 05:00:00,1760677200,47745.0,47785.0,47680.0,47745.0,0,0,20,38.0
725,-874,MNK,MNKZ25,H1,2025-10-17 06:00:00,1760680800,47760.0,47760.0,47605.0,47605.0,0,0,53,38.0
726,-873,MNK,MNKZ25,H1,2025-10-17 07:00:00,1760684400,47600.0,47600.0,47170.0,47255.0,0,0,62,38.0
727,-872,MNK,MNKZ25,H1,2025-10-17 08:00:00,1760688000,47340.0,47520.0,47245.0,47520.0,0,0,141,39.0
728,-871,MNK,MNKZ25,H1,2025-10-17 09:00:00,1760691600,47525.0,47730.0,47525.0,47655.0,0,0,24,38.0
729,-870,MNK,MNKZ25,H1,2025-10-17 10:00:00,1760695200,47625.0,47775.0,47555.0,47755.0,0,0,44,39.0
730,-869,MNK,MNKZ25,H1,2025-10-17 11:00:00,1760698800,47800.0,48140.0,47800.0,48030.0,0,0,91,39.0
731,-868,MNK,MNKZ25,H1,2025-10-17 12:00:00,1760702400,48140.0,48205.0,48120.0,48160.0,0,0,16,39.0
732,-867,MNK,MNKZ25,H1,2025-10-17 13:00:00,1760706000,48125.0,48320.0,48015.0,48220.0,0,0,154,41.0
733,-866,MNK,MNKZ25,H1,2025-10-17 14:00:00,1760709600,48165.0,48415.0,48090.0,48090.0,0,0,69,41.0
734,-865,MNK,MNKZ25,H1,2025-10-17 15:00:00,1760713200,48160.0,48275.0,48010.0,48260.0,0,0,69,42.0
735,-864,MNK,MNKZ25,H1,2025-10-17 16:00:00,1760716800,48255.0,48340.0,48255.0,48270.0,0,0,7,40.0
736,-863,MNK,MNKZ25,H1,2025-10-17 17:00:00,1760720400,48275.0,48300.0,48200.0,48300.0,0,0,9,39.0
737,-862,MNK,MNKZ25,H1,2025-10-17 18:00:00,1760724000,48395.0,48400.0,48340.0,48360.0,0,0,65,39.0
738,-861,MNK,MNKZ25,H1,2025-10-17 19:00:00,1760727600,48415.0,48415.0,48360.0,48360.0,0,0,19,38.0
739,-860,MNK,MNKZ25,H1,2025-10-17 20:00:00,1760731200,48360.0,48370.0,48360.0,48365.0,0,0,3,38.0
740,-859,MNK,MNKZ25,H1,2025-10-19 22:00:00,1760911200,48485.0,48690.0,48485.0,48650.0,0,0,44,39.0
741,-858,MNK,MNKZ25,H1,2025-10-19 23:00:00,1760914800,48670.0,48690.0,48495.0,48640.0,0,0,20,38.0
742,-857,MNK,MNKZ25,H1,2025-10-20 00:00:00,1760918400,48615.0,48980.0,48485.0,48930.0,0,0,136,39.0
743,-856,MNK,MNKZ25,H1,2025-10-20 01:00:00,1760922000,48905.0,49105.0,48905.0,49060.0,0,0,88,40.0
744,-855,MNK,MNKZ25,H1,2025-10-20 02:00:00,1760925600,49095.0,49175.0,49045.0,49165.0,0,0,143,42.0
745,-854,MNK,MNKZ25,H1,2025-10-20 03:00:00,1760929200,49155.0,49155.0,49045.0,49045.0,0,0,19,42.0
746,-853,MNK,MNKZ25,H1,2025-10-20 04:00:00,1760932800,49045.0,49125.0,49025.0,49105.0,0,0,22,42.0
747,-852,MNK,MNKZ25,H1,2025-10-20 05:00:00,1760936400,49085.0,49235.0,49085.0,49225.0,0,0,45,42.0
748,-851,MNK,MNKZ25,H1,2025-10-20 06:00:00,1760940000,49170.0,49410.0,49170.0,49365.0,0,0,33,41.0
749,-850,MNK,MNKZ25,H1,2025-10-20 07:00:00,1760943600,49330.0,49410.0,49330.0,49400.0,0,0,22,41.0
750,-849,MNK,MNKZ25,H1,2025-10-20 08:00:00,1760947200,49415.0,49420.0,49200.0,49260.0,0,0,63,41.0
751,-848,MNK,MNKZ25,H1,2025-10-20 09:00:00,1760950800,49205.0,49405.0,49205.0,49405.0,0,0,29,41.0
752,-847,MNK,MNKZ25,H1,2025-10-20 10:00:00,1760954400,49425.0,49475.0,49365.0,49395.0,0,0,39,41.0
753,-846,MNK,MNKZ25,H1,2025-10-20 11:00:00,1760958000,49360.0,49510.0,49360.0,49510.0,0,0,23,41.0
754,-845,MNK,MNKZ25,H1,2025-10-20 12:00:00,1760961600,49490.0,49495.0,49470.0,49480.0,0,0,23,41.0
755,-844,MNK,MNKZ25,H1,2025-10-20 13:00:00,1760965200,49550.0,49720.0,49550.0,49665.0,0,0,146,43.0
756,-843,MNK,MNKZ25,H1,2025-10-20 14:00:00,1760968800,49725.0,49885.0,49690.0,49885.0,0,0,82,44.0
757,-842,MNK,MNKZ25,H1,2025-10-20 15:00:00,1760972400,49860.0,49865.0,49785.0,49800.0,0,0,46,44.0
758,-841,MNK,MNKZ25,H1,2025-10-20 16:00:00,1760976000,49775.0,49810.0,49775.0,49800.0,0,0,3,41.0
759,-840,MNK,MNKZ25,H1,2025-10-20 17:00:00,1760979600,49835.0,49835.0,49835.0,49835.0,0,0,2,40.0
760,-839,MNK,MNKZ25,H1,2025-10-20 18:00:00,1760983200,49815.0,49815.0,49805.0,49805.0,0,0,2,40.0
761,-838,MNK,MNKZ25,H1,2025-10-20 19:00:00,1760986800,49805.0,49805.0,49765.0,49770.0,0,0,30,40.0
762,-837,MNK,MNKZ25,H1,2025-10-20 20:00:00,1760990400,49775.0,49820.0,49760.0,49810.0,0,0,9,39.0
763,-836,MNK,MNKZ25,H1,2025-10-20 22:00:00,1760997600,49730.0,49765.0,49725.0,49760.0,0,0,8,39.0
764,-835,MNK,MNKZ25,H1,2025-10-20 23:00:00,1761001200,49785.0,49915.0,49785.0,49880.0,0,0,56,39.0
765,-834,MNK,MNKZ25,H1,2025-10-21 00:00:00,1761004800,49935.0,49955.0,49610.0,49955.0,0,0,57,40.0
766,-833,MNK,MNKZ25,H1,2025-10-21 01:00:00,1761008400,49945.0,50060.0,49895.0,50020.0,0,0,45,40.0
767,-832,MNK,MNKZ25,H1,2025-10-21 02:00:00,1761012000,50100.0,50100.0,49965.0,50035.0,0,0,15,41.0
768,-831,MNK,MNKZ25,H1,2025-10-21 03:00:00,1761015600,50035.0,50070.0,49665.0,49735.0,0,0,69,41.0
769,-830,MNK,MNKZ25,H1,2025-10-21 04:00:00,1761019200,49750.0,49850.0,49380.0,49565.0,0,0,91,42.0
770,-829,MNK,MNKZ25,H1,2025-10-21 05:00:00,1761022800,49600.0,49695.0,49335.0,49500.0,0,0,116,43.0
771,-828,MNK,MNKZ25,H1,2025-10-21 06:00:00,1761026400,49510.0,49510.0,49250.0,49280.0,0,0,57,43.0
772,-827,MNK,MNKZ25,H1,2025-10-21 07:00:00,1761030000,49285.0,49335.0,49255.0,49300.0,0,0,29,43.0
773,-826,MNK,MNKZ25,H1,2025-10-21 08:00:00,1761033600,49300.0,49395.0,49225.0,49365.0,0,0,82,44.0
774,-825,MNK,MNKZ25,H1,2025-10-21 09:00:00,1761037200,49400.0,49520.0,49400.0,49505.0,0,0,40,44.0
775,-824,MNK,MNKZ25,H1,2025-10-21 10:00:00,1761040800,49475.0,49600.0,49475.0,49575.0,0,0,49,44.0
776,-823,MNK,MNKZ25,H1,2025-10-21 11:00:00,1761044400,49585.0,49665.0,49585.0,49635.0,0,0,29,45.0
777,-822,MNK,MNKZ25,H1,2025-10-21 12:00:00,1761048000,49630.0,49630.0,49615.0,49625.0,0,0,6,45.0
778,-821,MNK,MNKZ25,H1,2025-10-21 13:00:00,1761051600,49610.0,49610.0,49350.0,49360.0,0,0,206,48.0
779,-820,MNK,MNKZ25,H1,2025-10-21 14:00:00,1761055200,49355.0,49630.0,49350.0,49630.0,0,0,44,48.0
780,-819,MNK,MNKZ25,H1,2025-10-21 15:00:00,1761058800,49615.0,49620.0,49500.0,49500.0,0,0,14,48.0
781,-818,MNK,MNKZ25,H1,2025-10-21 16:00:00,1761062400,49550.0,49600.0,49480.0,49480.0,0,0,43,48.0
782,-817,MNK,MNKZ25,H1,2025-10-21 17:00:00,1761066000,49440.0,49525.0,49440.0,49525.0,0,0,14,48.0
783,-816,MNK,MNKZ25,H1,2025-10-21 18:00:00,1761069600,49525.0,49525.0,49525.0,49525.0,0,0,2,48.0
784,-815,MNK,MNKZ25,H1,2025-10-21 19:00:00,1761073200,49475.0,49495.0,49450.0,49450.0,0,0,10,47.0
785,-814,MNK,MNKZ25,H1,2025-10-21 20:00:00,1761076800,49450.0,49475.0,49435.0,49450.0,0,0,3,47.0
786,-813,MNK,MNKZ25,H1,2025-10-21 22:00:00,1761084000,49440.0,49515.0,49440.0,49515.0,0,0,13,46.0
787,-812,MNK,MNKZ25,H1,2025-10-21 23:00:00,1761087600,49480.0,49490.0,49380.0,49420.0,0,0,25,46.0
788,-811,MNK,MNKZ25,H1,2025-10-22 00:00:00,1761091200,49340.0,49375.0,48795.0,48795.0,0,0,181,49.0
789,-810,MNK,MNKZ25,H1,2025-10-22 01:00:00,1761094800,48800.0,49105.0,48800.0,49050.0,0,0,108,50.0
790,-809,MNK,MNKZ25,H1,2025-10-22 02:00:00,1761098400,49135.0,49245.0,49135.0,49210.0,0,0,26,50.0
791,-808,MNK,MNKZ25,H1,2025-10-22 03:00:00,1761102000,49190.0,49490.0,49145.0,49490.0,0,0,59,50.0
792,-807,MNK,MNKZ25,H1,2025-10-22 04:00:00,1761105600,49460.0,49560.0,49425.0,49510.0,0,0,45,51.0
793,-806,MNK,MNKZ25,H1,2025-10-22 05:00:00,1761109200,49500.0,49530.0,49410.0,49495.0,0,0,11,50.0
794,-805,MNK,MNKZ25,H1,2025-10-22 06:00:00,1761112800,49555.0,49785.0,49330.0,49390.0,0,0,221,52.0
795,-804,MNK,MNKZ25,H1,2025-10-22 07:00:00,1761116400,49355.0,49365.0,49290.0,49365.0,0,0,37,52.0
796,-803,MNK,MNKZ25,H1,2025-10-22 08:00:00,1761120000,49215.0,49215.0,49100.0,49130.0,0,0,42,52.0
797,-802,MNK,MNKZ25,H1,2025-10-22 09:00:00,1761123600,49080.0,49180.0,49060.0,49140.0,0,0,18,52.0
798,-801,MNK,MNKZ25,H1,2025-10-22 10:00:00,1761127200,49215.0,49215.0,49205.0,49205.0,0,0,2,51.0
799,-800,MNK,MNKZ25,H1,2025-10-22 11:00:00,1761130800,49120.0,49120.0,49000.0,49000.0,0,0,25,49.0
800,-799,MNK,MNKZ25,H1,2025-10-22 12:00:00,1761134400,49030.0,49105.0,49030.0,49105.0,0,0,13,49.0
801,-798,MNK,MNKZ25,H1,2025-10-22 13:00:00,1761138000,49165.0,49250.0,49100.0,49250.0,0,0,25,49.0
802,-797,MNK,MNKZ25,H1,2025-10-22 14:00:00,1761141600,49235.0,49235.0,48905.0,49035.0,0,0,77,49.0
803,-796,MNK,MNKZ25,H1,2025-10-22 15:00:00,1761145200,49000.0,49000.0,48850.0,48940.0,0,0,52,49.0
804,-795,MNK,MNKZ25,H1,2025-10-22 16:00:00,1761148800,48870.0,48870.0,48590.0,48830.0,0,0,139,49.0
805,-794,MNK,MNKZ25,H1,2025-10-22 17:00:00,1761152400,48810.0,48810.0,48530.0,48580.0,0,0,37,48.0
806,-793,MNK,MNKZ25,H1,2025-10-22 18:00:00,1761156000,48665.0,48730.0,48580.0,48705.0,0,0,29,48.0
807,-792,MNK,MNKZ25,H1,2025-10-22 19:00:00,1761159600,48760.0,48915.0,48760.0,48910.0,0,0,47,48.0
808,-791,MNK,MNKZ25,H1,2025-10-22 20:00:00,1761163200,48930.0,48945.0,48875.0,48875.0,0,0,14,48.0
809,-790,MNK,MNKZ25,H1,2025-10-22 23:00:00,1761174000,48830.0,48840.0,48785.0,48840.0,0,0,13,48.0
810,-789,MNK,MNKZ25,H1,2025-10-23 00:00:00,1761177600,48685.0,48840.0,48580.0,48745.0,0,0,34,48.0
811,-788,MNK,MNKZ25,H1,2025-10-23 01:00:00,1761181200,48815.0,48900.0,48720.0,48780.0,0,0,25,48.0
812,-787,MNK,MNKZ25,H1,2025-10-23 02:00:00,1761184800,48780.0,48850.0,48740.0,48830.0,0,0,31,48.0
813,-786,MNK,MNKZ25,H1,2025-10-23 03:00:00,1761188400,48790.0,48830.0,48725.0,48830.0,0,0,11,48.0
814,-785,MNK,MNKZ25,H1,2025-10-23 04:00:00,1761192000,48815.0,48815.0,48620.0,48620.0,0,0,26,46.0
815,-784,MNK,MNKZ25,H1,2025-10-23 05:00:00,1761195600,48605.0,48770.0,48580.0,48760.0,0,0,40,46.0
816,-783,MNK,MNKZ25,H1,2025-10-23 06:00:00,1761199200,48800.0,48840.0,48750.0,48840.0,0,0,8,44.0
817,-782,MNK,MNKZ25,H1,2025-10-23 07:00:00,1761202800,48865.0,48915.0,48800.0,48870.0,0,0,33,44.0
818,-781,MNK,MNKZ25,H1,2025-10-23 08:00:00,1761206400,48900.0,48910.0,48880.0,48880.0,0,0,8,44.0
819,-780,MNK,MNKZ25,H1,2025-10-23 09:00:00,1761210000,48935.0,48935.0,48835.0,48850.0,0,0,18,43.0
820,-779,MNK,MNKZ25,H1,2025-10-23 10:00:00,1761213600,48870.0,48905.0,48870.0,48905.0,0,0,2,43.0
821,-778,MNK,MNKZ25,H1,2025-10-23 11:00:00,1761217200,48880.0,48880.0,48805.0,48810.0,0,0,10,43.0
822,-777,MNK,MNKZ25,H1,2025-10-23 12:00:00,1761220800,48780.0,48780.0,48715.0,48770.0,0,0,15,42.0
823,-776,MNK,MNKZ25,H1,2025-10-23 13:00:00,1761224400,48710.0,49085.0,48710.0,49025.0,0,0,29,42.0
824,-775,MNK,MNKZ25,H1,2025-10-23 14:00:00,1761228000,48965.0,49025.0,48940.0,49010.0,0,0,42,42.0
825,-774,MNK,MNKZ25,H1,2025-10-23 15:00:00,1761231600,48960.0,49090.0,48960.0,49090.0,0,0,8,42.0
826,-773,MNK,MNKZ25,H1,2025-10-23 16:00:00,1761235200,49090.0,49090.0,49080.0,49080.0,0,0,4,42.0
827,-772,MNK,MNKZ25,H1,2025-10-23 17:00:00,1761238800,49050.0,49155.0,49035.0,49155.0,0,0,36,40.0
828,-771,MNK,MNKZ25,H1,2025-10-23 18:00:00,1761242400,49130.0,49130.0,49130.0,49130.0,0,0,2,39.0
829,-770,MNK,MNKZ25,H1,2025-10-23 19:00:00,1761246000,49085.0,49100.0,49080.0,49095.0,0,0,8,39.0
830,-769,MNK,MNKZ25,H1,2025-10-23 20:00:00,1761249600,49095.0,49105.0,49055.0,49105.0,0,0,7,39.0
831,-768,MNK,MNKZ25,H1,2025-10-23 22:00:00,1761256800,49090.0,49100.0,49090.0,49100.0,0,0,4,39.0
832,-767,MNK,MNKZ25,H1,2025-10-23 23:00:00,1761260400,49200.0,49245.0,49200.0,49245.0,0,0,11,39.0
833,-766,MNK,MNKZ25,H1,2025-10-24 00:00:00,1761264000,49250.0,49400.0,49140.0,49350.0,0,0,54,39.0
834,-765,MNK,MNKZ25,H1,2025-10-24 01:00:00,1761267600,49305.0,49455.0,49305.0,49455.0,0,0,38,40.0
835,-764,MNK,MNKZ25,H1,2025-10-24 02:00:00,1761271200,49480.0,49485.0,49430.0,49430.0,0,0,12,40.0
836,-763,MNK,MNKZ25,H1,2025-10-24 03:00:00,1761274800,49415.0,49555.0,49400.0,49515.0,0,0,31,39.0
837,-762,MNK,MNKZ25,H1,2025-10-24 04:00:00,1761278400,49490.0,49550.0,49470.0,49520.0,0,0,10,39.0
838,-761,MNK,MNKZ25,H1,2025-10-24 05:00:00,1761282000,49440.0,49510.0,49375.0,49385.0,0,0,50,39.0
839,-760,MNK,MNKZ25,H1,2025-10-24 06:00:00,1761285600,49445.0,49475.0,49405.0,49415.0,0,0,21,39.0
840,-759,MNK,MNKZ25,H1,2025-10-24 07:00:00,1761289200,49285.0,49325.0,49250.0,49290.0,0,0,18,38.0
841,-758,MNK,MNKZ25,H1,2025-10-24 08:00:00,1761292800,49290.0,49395.0,49290.0,49395.0,0,0,14,37.0
842,-757,MNK,MNKZ25,H1,2025-10-24 09:00:00,1761296400,49435.0,49520.0,49435.0,49520.0,0,0,8,35.0
843,-756,MNK,MNKZ25,H1,2025-10-24 10:00:00,1761300000,49480.0,49485.0,49480.0,49485.0,0,0,2,35.0
844,-755,MNK,MNKZ25,H1,2025-10-24 11:00:00,1761303600,49510.0,49520.0,49510.0,49520.0,0,0,4,34.0
845,-754,MNK,MNKZ25,H1,2025-10-24 12:00:00,1761307200,49445.0,49625.0,49445.0,49555.0,0,0,44,34.0
846,-753,MNK,MNKZ25,H1,2025-10-24 13:00:00,1761310800,49580.0,49720.0,49580.0,49705.0,0,0,20,34.0
847,-752,MNK,MNKZ25,H1,2025-10-24 14:00:00,1761314400,49720.0,49725.0,49545.0,49550.0,0,0,59,34.0
848,-751,MNK,MNKZ25,H1,2025-10-24 15:00:00,1761318000,49560.0,49685.0,49560.0,49665.0,0,0,16,34.0
849,-750,MNK,MNKZ25,H1,2025-10-24 16:00:00,1761321600,49650.0,49650.0,49605.0,49605.0,0,0,11,34.0
850,-749,MNK,MNKZ25,H1,2025-10-24 17:00:00,1761325200,49620.0,49650.0,49620.0,49650.0,0,0,3,31.0
851,-748,MNK,MNKZ25,H1,2025-10-24 19:00:00,1761332400,49665.0,49665.0,49625.0,49625.0,0,0,10,30.0
852,-747,MNK,MNKZ25,H1,2025-10-24 20:00:00,1761336000,49635.0,49635.0,49635.0,49635.0,0,0,1,30.0
853,-746,MNK,MNKZ25,H1,2025-10-26 22:00:00,1761516000,49765.0,50360.0,49765.0,50350.0,0,0,72,31.0
854,-745,MNK,MNKZ25,H1,2025-10-26 23:00:00,1761519600,50350.0,50385.0,50120.0,50165.0,0,0,110,32.0
855,-744,MNK,MNKZ25,H1,2025-10-27 00:00:00,1761523200,50110.0,50530.0,50100.0,50230.0,0,0,118,33.0
856,-743,MNK,MNKZ25,H1,2025-10-27 01:00:00,1761526800,50220.0,50635.0,50170.0,50565.0,0,0,160,36.0
857,-742,MNK,MNKZ25,H1,2025-10-27 02:00:00,1761530400,50540.0,50545.0,50480.0,50530.0,0,0,17,36.0
858,-741,MNK,MNKZ25,H1,2025-10-27 03:00:00,1761534000,50555.0,50555.0,50405.0,50405.0,0,0,12,36.0
859,-740,MNK,MNKZ25,H1,2025-10-27 04:00:00,1761537600,50440.0,50500.0,50360.0,50500.0,0,0,19,36.0
860,-739,MNK,MNKZ25,H1,2025-10-27 05:00:00,1761541200,50500.0,50605.0,50500.0,50575.0,0,0,20,33.0
861,-738,MNK,MNKZ25,H1,2025-10-27 06:00:00,1761544800,50600.0,50685.0,50600.0,50635.0,0,0,19,32.0
862,-737,MNK,MNKZ25,H1,2025-10-27 07:00:00,1761548400,50650.0,50760.0,50650.0,50705.0,0,0,28,32.0
863,-736,MNK,MNKZ25,H1,2025-10-27 08:00:00,1761552000,50725.0,50725.0,50595.0,50685.0,0,0,17,32.0
864,-735,MNK,MNKZ25,H1,2025-10-27 09:00:00,1761555600,50665.0,50665.0,50605.0,50650.0,0,0,47,32.0
865,-734,MNK,MNKZ25,H1,2025-10-27 10:00:00,1761559200,50635.0,50645.0,50635.0,50645.0,0,0,3,32.0
866,-733,MNK,MNKZ25,H1,2025-10-27 11:00:00,1761562800,50610.0,50610.0,50530.0,50530.0,0,0,7,29.0
867,-732,MNK,MNKZ25,H1,2025-10-27 12:00:00,1761566400,50545.0,50570.0,50535.0,50535.0,0,0,11,28.0
868,-731,MNK,MNKZ25,H1,2025-10-27 13:00:00,1761570000,50535.0,50595.0,50495.0,50560.0,0,0,25,28.0
869,-730,MNK,MNKZ25,H1,2025-10-27 14:00:00,1761573600,50535.0,50535.0,50500.0,50505.0,0,0,3,28.0
870,-729,MNK,MNKZ25,H1,2025-10-27 15:00:00,1761577200,50500.0,50525.0,50470.0,50500.0,1,0,24,28.0
871,-728,MNK,MNKZ25,H1,2025-10-27 16:00:00,1761580800,50540.0,50560.0,50540.0,50560.0,0,0,21,28.0
872,-727,MNK,MNKZ25,H1,2025-10-27 17:00:00,1761584400,50560.0,50560.0,50550.0,50550.0,0,0,2,28.0
873,-726,MNK,MNKZ25,H1,2025-10-27 18:00:00,1761588000,50540.0,50540.0,50540.0,50540.0,0,0,1,28.0
874,-725,MNK,MNKZ25,H1,2025-10-27 19:00:00,1761591600,50535.0,50600.0,50535.0,50575.0,0,0,23,27.0
875,-724,MNK,MNKZ25,H1,2025-10-27 20:00:00,1761595200,50575.0,50650.0,50550.0,50650.0,0,0,5,26.0
876,-723,MNK,MNKZ25,H1,2025-10-27 22:00:00,1761602400,50700.0,50700.0,50610.0,50650.0,0,0,39,25.0
877,-722,MNK,MNKZ25,H1,2025-10-27 23:00:00,1761606000,50685.0,50720.0,50480.0,50485.0,0,0,31,25.0
878,-721,MNK,MNKZ25,H1,2025-10-28 00:00:00,1761609600,50465.0,50575.0,50345.0,50530.0,0,0,40,25.0
879,-720,MNK,MNKZ25,H1,2025-10-28 01:00:00,1761613200,50515.0,50540.0,50430.0,50465.0,0,0,8,24.0
880,-719,MNK,MNKZ25,H1,2025-10-28 02:00:00,1761616800,50390.0,50575.0,50360.0,50560.0,0,0,31,24.0
881,-718,MNK,MNKZ25,H1,2025-10-28 03:00:00,1761620400,50560.0,50600.0,50505.0,50580.0,0,0,12,24.0
882,-717,MNK,MNKZ25,H1,2025-10-28 04:00:00,1761624000,50580.0,50580.0,50340.0,50340.0,0,0,26,24.0
883,-716,MNK,MNKZ25,H1,2025-10-28 05:00:00,1761627600,50330.0,50330.0,50245.0,50270.0,0,0,44,25.0
884,-715,MNK,MNKZ25,H1,2025-10-28 06:00:00,1761631200,50305.0,50545.0,50290.0,50510.0,0,0,52,25.0
885,-714,MNK,MNKZ25,H1,2025-10-28 07:00:00,1761634800,50530.0,50530.0,50460.0,50485.0,0,0,15,25.0
886,-713,MNK,MNKZ25,H1,2025-10-28 08:00:00,1761638400,50465.0,50465.0,50405.0,50405.0,0,0,6,25.0
887,-712,MNK,MNKZ25,H1,2025-10-28 09:00:00,1761642000,50470.0,50480.0,50470.0,50480.0,0,0,3,24.0
888,-711,MNK,MNKZ25,H1,2025-10-28 10:00:00,1761645600,50475.0,50535.0,50475.0,50510.0,0,0,14,24.0
889,-710,MNK,MNKZ25,H1,2025-10-28 11:00:00,1761649200,50545.0,50605.0,50510.0,50605.0,0,0,32,24.0
890,-709,MNK,MNKZ25,H1,2025-10-28 12:00:00,1761652800,50600.0,50600.0,50565.0,50565.0,0,0,11,24.0
891,-708,MNK,MNKZ25,H1,2025-10-28 13:00:00,1761656400,50625.0,50695.0,50625.0,50655.0,0,0,74,25.0
892,-707,MNK,MNKZ25,H1,2025-10-28 14:00:00,1761660000,50640.0,50645.0,50640.0,50645.0,0,0,3,25.0
893,-706,MNK,MNKZ25,H1,2025-10-28 15:00:00,1761663600,50580.0,50580.0,50555.0,50565.0,0,0,67,26.0
894,-705,MNK,MNKZ25,H1,2025-10-28 16:00:00,1761667200,50685.0,50840.0,50670.0,50810.0,0,0,42,26.0
895,-704,MNK,MNKZ25,H1,2025-10-28 17:00:00,1761670800,50840.0,50860.0,50800.0,50840.0,0,0,14,26.0
896,-703,MNK,MNKZ25,H1,2025-10-28 18:00:00,1761674400,50850.0,50885.0,50840.0,50840.0,0,0,18,26.0
897,-702,MNK,MNKZ25,H1,2025-10-28 19:00:00,1761678000,50860.0,50860.0,50770.0,50795.0,0,0,33,26.0
898,-701,MNK,MNKZ25,H1,2025-10-28 20:00:00,1761681600,50780.0,50785.0,50765.0,50780.0,0,0,8,26.0
899,-700,MNK,MNKZ25,H1,2025-10-28 22:00:00,1761688800,50725.0,50780.0,50725.0,50765.0,0,0,3,26.0
900,-699,MNK,MNKZ25,H1,2025-10-28 23:00:00,1761692400,50735.0,50825.0,50735.0,50805.0,0,0,19,26.0
901,-698,MNK,MNKZ25,H1,2025-10-29 00:00:00,1761696000,50880.0,51005.0,50815.0,50940.0,0,0,72,27.0
902,-697,MNK,MNKZ25,H1,2025-10-29 01:00:00,1761699600,50975.0,51375.0,50960.0,51355.0,0,0,161,29.0
903,-696,MNK,MNKZ25,H1,2025-10-29 02:00:00,1761703200,51350.0,51445.0,51335.0,51445.0,0,0,55,30.0
904,-695,MNK,MNKZ25,H1,2025-10-29 03:00:00,1761706800,51400.0,51400.0,51360.0,51375.0,0,0,30,30.0
905,-694,MNK,MNKZ25,H1,2025-10-29 04:00:00,1761710400,51380.0,51380.0,51215.0,51330.0,0,0,17,29.0
906,-693,MNK,MNKZ25,H1,2025-10-29 05:00:00,1761714000,51365.0,51605.0,51350.0,51455.0,0,0,64,30.0
907,-692,MNK,MNKZ25,H1,2025-10-29 06:00:00,1761717600,51420.0,51530.0,51420.0,51420.0,0,0,13,30.0
908,-691,MNK,MNKZ25,H1,2025-10-29 07:00:00,1761721200,51450.0,51465.0,51400.0,51465.0,0,0,7,29.0
909,-690,MNK,MNKZ25,H1,2025-10-29 08:00:00,1761724800,51450.0,51635.0,51445.0,51455.0,0,0,35,30.0
910,-689,MNK,MNKZ25,H1,2025-10-29 09:00:00,1761728400,51430.0,51430.0,51295.0,51300.0,0,0,28,29.0
911,-688,MNK,MNKZ25,H1,2025-10-29 10:00:00,1761732000,51415.0,51460.0,51410.0,51460.0,0,0,4,29.0
912,-687,MNK,MNKZ25,H1,2025-10-29 11:00:00,1761735600,51450.0,51475.0,51450.0,51460.0,0,0,68,30.0
913,-686,MNK,MNKZ25,H1,2025-10-29 12:00:00,1761739200,51440.0,51440.0,51365.0,51365.0,0,0,5,30.0
914,-685,MNK,MNKZ25,H1,2025-10-29 13:00:00,1761742800,51375.0,51375.0,51260.0,51295.0,0,0,67,31.0
915,-684,MNK,MNKZ25,H1,2025-10-29 14:00:00,1761746400,51260.0,51315.0,51220.0,51315.0,0,0,8,31.0
916,-683,MNK,MNKZ25,H1,2025-10-29 15:00:00,1761750000,51285.0,51350.0,51285.0,51315.0,0,0,19,31.0
917,-682,MNK,MNKZ25,H1,2025-10-29 16:00:00,1761753600,51255.0,51320.0,51220.0,51320.0,0,0,18,31.0
918,-681,MNK,MNKZ25,H1,2025-10-29 17:00:00,1761757200,51315.0,51320.0,51270.0,51270.0,0,0,8,30.0
919,-680,MNK,MNKZ25,H1,2025-10-29 18:00:00,1761760800,51300.0,51300.0,50895.0,51230.0,0,0,29,30.0
920,-679,MNK,MNKZ25,H1,2025-10-29 19:00:00,1761764400,51090.0,51200.0,50990.0,51200.0,0,0,20,30.0
921,-678,MNK,MNKZ25,H1,2025-10-29 20:00:00,1761768000,51200.0,51250.0,51070.0,51145.0,0,0,22,30.0
922,-677,MNK,MNKZ25,H1,2025-10-29 22:00:00,1761775200,51025.0,51040.0,51025.0,51040.0,0,0,2,30.0
923,-676,MNK,MNKZ25,H1,2025-10-29 23:00:00,1761778800,51250.0,51280.0,51130.0,51235.0,0,0,30,30.0
924,-675,MNK,MNKZ25,H1,2025-10-30 00:00:00,1761782400,51300.0,51645.0,51300.0,51335.0,0,0,109,32.0
925,-674,MNK,MNKZ25,H1,2025-10-30 01:00:00,1761786000,51340.0,51440.0,51195.0,51425.0,0,0,87,32.0
926,-673,MNK,MNKZ25,H1,2025-10-30 02:00:00,1761789600,51400.0,51520.0,51385.0,51460.0,0,0,20,31.0
927,-672,MNK,MNKZ25,H1,2025-10-30 03:00:00,1761793200,51380.0,51800.0,51380.0,51700.0,0,0,54,30.0
928,-671,MNK,MNKZ25,H1,2025-10-30 04:00:00,1761796800,51725.0,51765.0,51140.0,51140.0,0,0,130,30.0
929,-670,MNK,MNKZ25,H1,2025-10-30 05:00:00,1761800400,51170.0,51680.0,51170.0,51680.0,0,0,49,30.0
930,-669,MNK,MNKZ25,H1,2025-10-30 06:00:00,1761804000,51515.0,51575.0,51375.0,51520.0,0,0,17,30.0
931,-668,MNK,MNKZ25,H1,2025-10-30 07:00:00,1761807600,51540.0,51650.0,51520.0,51615.0,0,0,24,30.0
932,-667,MNK,MNKZ25,H1,2025-10-30 08:00:00,1761811200,51630.0,51840.0,51630.0,51840.0,0,0,151,32.0
933,-666,MNK,MNKZ25,H1,2025-10-30 09:00:00,1761814800,51850.0,51955.0,51735.0,51735.0,0,0,40,32.0
934,-665,MNK,MNKZ25,H1,2025-10-30 10:00:00,1761818400,51800.0,51855.0,51770.0,51855.0,0,0,10,32.0
935,-664,MNK,MNKZ25,H1,2025-10-30 11:00:00,1761822000,51900.0,51925.0,51850.0,51865.0,0,0,8,32.0
936,-663,MNK,MNKZ25,H1,2025-10-30 12:00:00,1761825600,51700.0,51780.0,51620.0,51620.0,0,0,94,33.0
937,-662,MNK,MNKZ25,H1,2025-10-30 13:00:00,1761829200,51620.0,51860.0,51490.0,51790.0,0,0,95,34.0
938,-661,MNK,MNKZ25,H1,2025-10-30 14:00:00,1761832800,51765.0,51795.0,51575.0,51665.0,0,0,35,34.0
939,-660,MNK,MNKZ25,H1,2025-10-30 15:00:00,1761836400,51690.0,51715.0,51595.0,51610.0,0,0,21,34.0
940,-659,MNK,MNKZ25,H1,2025-10-30 16:00:00,1761840000,51575.0,51695.0,51575.0,51695.0,0,0,7,34.0
941,-658,MNK,MNKZ25,H1,2025-10-30 17:00:00,1761843600,51590.0,51705.0,51590.0,51705.0,0,0,3,34.0
942,-657,MNK,MNKZ25,H1,2025-10-30 18:00:00,1761847200,51655.0,51655.0,51545.0,51575.0,0,0,6,34.0
943,-656,MNK,MNKZ25,H1,2025-10-30 19:00:00,1761850800,51535.0,51535.0,51390.0,51405.0,0,0,19,34.0
944,-655,MNK,MNKZ25,H1,2025-10-30 20:00:00,1761854400,51405.0,51625.0,51405.0,51620.0,0,0,56,35.0
945,-654,MNK,MNKZ25,H1,2025-10-30 22:00:00,1761861600,51665.0,51675.0,51625.0,51630.0,0,0,12,35.0
946,-653,MNK,MNKZ25,H1,2025-10-30 23:00:00,1761865200,51605.0,51750.0,51590.0,51750.0,0,0,18,35.0
947,-652,MNK,MNKZ25,H1,2025-10-31 00:00:00,1761868800,51830.0,52510.0,51830.0,52320.0,0,0,305,39.0
948,-651,MNK,MNKZ25,H1,2025-10-31 01:00:00,1761872400,52290.0,52340.0,51835.0,52050.0,0,0,148,40.0
949,-650,MNK,MNKZ25,H1,2025-10-31 02:00:00,1761876000,52050.0,52130.0,51955.0,52120.0,0,0,34,40.0
950,-649,MNK,MNKZ25,H1,2025-10-31 03:00:00,1761879600,52140.0,52355.0,52035.0,52310.0,0,0,60,41.0
951,-648,MNK,MNKZ25,H1,2025-10-31 04:00:00,1761883200,52295.0,52400.0,52220.0,52385.0,0,0,64,41.0
952,-647,MNK,MNKZ25,H1,2025-10-31 05:00:00,1761886800,52450.0,52480.0,52360.0,52400.0,0,0,18,41.0
953,-646,MNK,MNKZ25,H1,2025-10-31 06:00:00,1761890400,52350.0,52565.0,52295.0,52490.0,0,0,76,42.0
954,-645,MNK,MNKZ25,H1,2025-10-31 07:00:00,1761894000,52460.0,52630.0,52460.0,52630.0,0,0,24,42.0
955,-644,MNK,MNKZ25,H1,2025-10-31 08:00:00,1761897600,52630.0,52665.0,52550.0,52565.0,0,0,52,42.0
956,-643,MNK,MNKZ25,H1,2025-10-31 09:00:00,1761901200,52565.0,52585.0,52475.0,52485.0,0,0,11,42.0
957,-642,MNK,MNKZ25,H1,2025-10-31 10:00:00,1761904800,52510.0,52510.0,52490.0,52490.0,0,0,10,42.0
958,-641,MNK,MNKZ25,H1,2025-10-31 11:00:00,1761908400,52470.0,52655.0,52460.0,52650.0,0,0,25,42.0
959,-640,MNK,MNKZ25,H1,2025-10-31 12:00:00,1761912000,52645.0,52725.0,52545.0,52545.0,0,0,48,42.0
960,-639,MNK,MNKZ25,H1,2025-10-31 13:00:00,1761915600,52560.0,52560.0,52465.0,52470.0,0,0,50,43.0
961,-638,MNK,MNKZ25,H1,2025-10-31 14:00:00,1761919200,52475.0,52570.0,52415.0,52555.0,0,0,50,43.0
962,-637,MNK,MNKZ25,H1,2025-10-31 15:00:00,1761922800,52570.0,52570.0,52445.0,52450.0,0,0,42,44.0
963,-636,MNK,MNKZ25,H1,2025-10-31 16:00:00,1761926400,52420.0,52430.0,52250.0,52250.0,0,0,30,43.0
964,-635,MNK,MNKZ25,H1,2025-10-31 17:00:00,1761930000,52250.0,52290.0,52190.0,52290.0,0,0,27,43.0
965,-634,MNK,MNKZ25,H1,2025-10-31 18:00:00,1761933600,52305.0,52345.0,52305.0,52330.0,0,0,9,43.0
966,-633,MNK,MNKZ25,H1,2025-10-31 19:00:00,1761937200,52400.0,52440.0,52385.0,52395.0,0,0,22,42.0
967,-632,MNK,MNKZ25,H1,2025-10-31 20:00:00,1761940800,52350.0,52360.0,52285.0,52340.0,0,0,19,42.0
968,-631,MNK,MNKZ25,H1,2025-11-02 23:00:00,1762124400,52350.0,52630.0,52350.0,52540.0,0,0,54,43.0
969,-630,MNK,MNKZ25,H1,2025-11-03 00:00:00,1762128000,52480.0,52490.0,52355.0,52360.0,0,0,27,43.0
970,-629,MNK,MNKZ25,H1,2025-11-03 01:00:00,1762131600,52330.0,52350.0,52305.0,52320.0,0,0,13,43.0
971,-628,MNK,MNKZ25,H1,2025-11-03 02:00:00,1762135200,52320.0,52320.0,52255.0,52320.0,0,0,16,43.0
972,-627,MNK,MNKZ25,H1,2025-11-03 03:00:00,1762138800,52265.0,52315.0,52245.0,52315.0,0,0,10,43.0
973,-626,MNK,MNKZ25,H1,2025-11-03 04:00:00,1762142400,52360.0,52360.0,52350.0,52360.0,0,0,13,42.0
974,-625,MNK,MNKZ25,H1,2025-11-03 05:00:00,1762146000,52400.0,52400.0,52400.0,52400.0,0,0,4,40.0
975,-624,MNK,MNKZ25,H1,2025-11-03 06:00:00,1762149600,52450.0,52450.0,52325.0,52360.0,0,0,19,39.0
976,-623,MNK,MNKZ25,H1,2025-11-03 07:00:00,1762153200,52340.0,52340.0,52285.0,52340.0,0,0,5,39.0
977,-622,MNK,MNKZ25,H1,2025-11-03 08:00:00,1762156800,52355.0,52430.0,52355.0,52430.0,0,0,3,39.0
978,-621,MNK,MNKZ25,H1,2025-11-03 09:00:00,1762160400,52435.0,52530.0,52435.0,52495.0,0,0,22,38.0
979,-620,MNK,MNKZ25,H1,2025-11-03 10:00:00,1762164000,52495.0,52535.0,52495.0,52510.0,0,0,4,38.0
980,-619,MNK,MNKZ25,H1,2025-11-03 11:00:00,1762167600,52560.0,52570.0,52540.0,52540.0,0,0,3,38.0
981,-618,MNK,MNKZ25,H1,2025-11-03 12:00:00,1762171200,52525.0,52545.0,52500.0,52520.0,0,0,26,38.0
982,-617,MNK,MNKZ25,H1,2025-11-03 13:00:00,1762174800,52545.0,52615.0,52545.0,52595.0,0,0,5,38.0
983,-616,MNK,MNKZ25,H1,2025-11-03 14:00:00,1762178400,52620.0,52700.0,52420.0,52435.0,0,0,68,39.0
984,-615,MNK,MNKZ25,H1,2025-11-03 15:00:00,1762182000,52385.0,52445.0,52300.0,52395.0,0,0,95,39.0
985,-614,MNK,MNKZ25,H1,2025-11-03 16:00:00,1762185600,52490.0,52535.0,52445.0,52535.0,0,0,19,39.0
986,-613,MNK,MNKZ25,H1,2025-11-03 17:00:00,1762189200,52515.0,52660.0,52515.0,52660.0,0,0,14,38.0
987,-612,MNK,MNKZ25,H1,2025-11-03 18:00:00,1762192800,52635.0,52655.0,52635.0,52640.0,0,0,4,38.0
988,-611,MNK,MNKZ25,H1,2025-11-03 19:00:00,1762196400,52595.0,52625.0,52575.0,52575.0,0,0,18,38.0
989,-610,MNK,MNKZ25,H1,2025-11-03 20:00:00,1762200000,52585.0,52650.0,52585.0,52645.0,0,0,11,38.0
990,-609,MNK,MNKZ25,H1,2025-11-03 21:00:00,1762203600,52645.0,52645.0,52585.0,52585.0,0,0,16,38.0
991,-608,MNK,MNKZ25,H1,2025-11-03 23:00:00,1762210800,52485.0,52520.0,52425.0,52440.0,0,0,25,38.0
992,-607,MNK,MNKZ25,H1,2025-11-04 00:00:00,1762214400,52415.0,52530.0,52165.0,52530.0,0,0,61,39.0
993,-606,MNK,MNKZ25,H1,2025-11-04 01:00:00,1762218000,52475.0,52750.0,52475.0,52550.0,0,0,125,40.0
994,-605,MNK,MNKZ25,H1,2025-11-04 02:00:00,1762221600,52550.0,52570.0,52400.0,52400.0,1,0,69,41.0
995,-604,MNK,MNKZ25,H1,2025-11-04 03:00:00,1762225200,52395.0,52515.0,52270.0,52270.0,0,0,34,41.0
996,-603,MNK,MNKZ25,H1,2025-11-04 04:00:00,1762228800,52285.0,52300.0,52185.0,52240.0,0,0,42,40.0
997,-602,MNK,MNKZ25,H1,2025-11-04 05:00:00,1762232400,52280.0,52285.0,51875.0,51940.0,0,0,156,41.0
998,-601,MNK,MNKZ25,H1,2025-11-04 06:00:00,1762236000,51940.0,51940.0,51585.0,51640.0,0,0,128,43.0
999,-600,MNK,MNKZ25,H1,2025-11-04 07:00:00,1762239600,51570.0,51665.0,51550.0,51660.0,0,0,37,43.0
1000,-599,MNK,MNKZ25,H1,2025-11-04 08:00:00,1762243200,51630.0,51630.0,51350.0,51535.0,0,0,94,42.0
1001,-598,MNK,MNKZ25,H1,2025-11-04 09:00:00,1762246800,51505.0,51550.0,51290.0,51290.0,0,0,54,42.0
1002,-597,MNK,MNKZ25,H1,2025-11-04 10:00:00,1762250400,51235.0,51510.0,51235.0,51505.0,0,0,49,43.0
1003,-596,MNK,MNKZ25,H1,2025-11-04 11:00:00,1762254000,51450.0,51515.0,51450.0,51515.0,0,0,29,43.0
1004,-595,MNK,MNKZ25,H1,2025-11-04 12:00:00,1762257600,51465.0,51465.0,51420.0,51440.0,0,0,34,41.0
1005,-594,MNK,MNKZ25,H1,2025-11-04 13:00:00,1762261200,51440.0,51440.0,51320.0,51350.0,0,0,44,41.0
1006,-593,MNK,MNKZ25,H1,2025-11-04 14:00:00,1762264800,51295.0,51615.0,51280.0,51585.0,0,0,62,42.0
1007,-592,MNK,MNKZ25,H1,2025-11-04 15:00:00,1762268400,51615.0,51630.0,51450.0,51450.0,0,0,86,43.0
1008,-591,MNK,MNKZ25,H1,2025-11-04 16:00:00,1762272000,51550.0,51550.0,51465.0,51470.0,0,0,10,42.0
1009,-590,MNK,MNKZ25,H1,2025-11-04 17:00:00,1762275600,51400.0,51450.0,51365.0,51395.0,0,0,5,40.0
1010,-589,MNK,MNKZ25,H1,2025-11-04 18:00:00,1762279200,51410.0,51410.0,51320.0,51340.0,0,0,6,40.0
1011,-588,MNK,MNKZ25,H1,2025-11-04 19:00:00,1762282800,51305.0,51350.0,51240.0,51285.0,0,0,48,40.0
1012,-587,MNK,MNKZ25,H1,2025-11-04 20:00:00,1762286400,51310.0,51370.0,51245.0,51255.0,0,0,29,41.0
1013,-586,MNK,MNKZ25,H1,2025-11-04 21:00:00,1762290000,51245.0,51285.0,51195.0,51205.0,0,0,40,41.0
1014,-585,MNK,MNKZ25,H1,2025-11-04 23:00:00,1762297200,51225.0,51250.0,50800.0,50800.0,0,0,186,44.0
1015,-584,MNK,MNKZ25,H1,2025-11-05 00:00:00,1762300800,50750.0,50750.0,50275.0,50340.0,0,0,119,45.0
1016,-583,MNK,MNKZ25,H1,2025-11-05 01:00:00,1762304400,50325.0,50325.0,49500.0,49550.0,0,0,166,47.0
1017,-582,MNK,MNKZ25,H1,2025-11-05 02:00:00,1762308000,49640.0,49695.0,49270.0,49695.0,0,0,136,48.0
1018,-581,MNK,MNKZ25,H1,2025-11-05 03:00:00,1762311600,49695.0,50250.0,49655.0,50100.0,0,0,165,50.0
1019,-580,MNK,MNKZ25,H1,2025-11-05 04:00:00,1762315200,50115.0,50225.0,49870.0,50090.0,0,0,123,48.0
1020,-579,MNK,MNKZ25,H1,2025-11-05 05:00:00,1762318800,50060.0,50370.0,49990.0,50135.0,0,0,66,47.0
1021,-578,MNK,MNKZ25,H1,2025-11-05 06:00:00,1762322400,50040.0,50600.0,50040.0,50600.0,0,0,39,47.0
1022,-577,MNK,MNKZ25,H1,2025-11-05 07:00:00,1762326000,50630.0,50630.0,50475.0,50565.0,0,0,47,47.0
1023,-576,MNK,MNKZ25,H1,2025-11-05 08:00:00,1762329600,50490.0,50685.0,50475.0,50650.0,0,0,48,46.0
1024,-575,MNK,MNKZ25,H1,2025-11-05 09:00:00,1762333200,50690.0,50695.0,50555.0,50555.0,0,0,25,47.0
1025,-574,MNK,MNKZ25,H1,2025-11-05 10:00:00,1762336800,50600.0,50620.0,50420.0,50420.0,0,0,29,46.0
1026,-573,MNK,MNKZ25,H1,2025-11-05 11:00:00,1762340400,50405.0,50490.0,50385.0,50490.0,0,0,24,46.0
1027,-572,MNK,MNKZ25,H1,2025-11-05 12:00:00,1762344000,50470.0,50595.0,50465.0,50570.0,0,0,23,45.0
1028,-571,MNK,MNKZ25,H1,2025-11-05 13:00:00,1762347600,50615.0,50915.0,50610.0,50905.0,0,0,46,46.0
1029,-570,MNK,MNKZ25,H1,2025-11-05 14:00:00,1762351200,50865.0,51050.0,50760.0,51045.0,0,0,112,47.0
1030,-569,MNK,MNKZ25,H1,2025-11-05 15:00:00,1762354800,51060.0,51200.0,51060.0,51190.0,0,0,97,48.0
1031,-568,MNK,MNKZ25,H1,2025-11-05 16:00:00,1762358400,51185.0,51330.0,51100.0,51285.0,0,0,62,49.0
1032,-567,MNK,MNKZ25,H1,2025-11-05 17:00:00,1762362000,51250.0,51365.0,51240.0,51325.0,0,0,15,48.0
1033,-566,MNK,MNKZ25,H1,2025-11-05 18:00:00,1762365600,51355.0,51415.0,51325.0,51415.0,0,0,13,48.0
1034,-565,MNK,MNKZ25,H1,2025-11-05 19:00:00,1762369200,51400.0,51415.0,51400.0,51415.0,0,0,3,47.0
1035,-564,MNK,MNKZ25,H1,2025-11-05 20:00:00,1762372800,51420.0,51435.0,51270.0,51270.0,0,0,40,47.0
1036,-563,MNK,MNKZ25,H1,2025-11-05 21:00:00,1762376400,51265.0,51345.0,51250.0,51335.0,0,0,67,48.0
1037,-562,MNK,MNKZ25,H1,2025-11-05 23:00:00,1762383600,51360.0,51365.0,51180.0,51250.0,0,0,37,48.0
1038,-561,MNK,MNKZ25,H1,2025-11-06 00:00:00,1762387200,51290.0,51350.0,50780.0,51050.0,0,0,108,49.0
1039,-560,MNK,MNKZ25,H1,2025-11-06 01:00:00,1762390800,50950.0,51055.0,50825.0,50915.0,0,0,112,51.0
1040,-559,MNK,MNKZ25,H1,2025-11-06 02:00:00,1762394400,50850.0,51020.0,50710.0,50985.0,0,0,91,51.0
1041,-558,MNK,MNKZ25,H1,2025-11-06 03:00:00,1762398000,51020.0,51060.0,50935.0,51040.0,0,0,42,51.0
1042,-557,MNK,MNKZ25,H1,2025-11-06 04:00:00,1762401600,51035.0,51110.0,51000.0,51035.0,0,0,28,52.0
1043,-556,MNK,MNKZ25,H1,2025-11-06 05:00:00,1762405200,51110.0,51120.0,50980.0,50980.0,0,0,53,52.0
1044,-555,MNK,MNKZ25,H1,2025-11-06 06:00:00,1762408800,51040.0,51040.0,50860.0,50990.0,0,0,97,53.0
1045,-554,MNK,MNKZ25,H1,2025-11-06 07:00:00,1762412400,50935.0,50935.0,50850.0,50885.0,0,0,8,53.0
1046,-553,MNK,MNKZ25,H1,2025-11-06 08:00:00,1762416000,50825.0,50880.0,50670.0,50695.0,0,0,46,54.0
1047,-552,MNK,MNKZ25,H1,2025-11-06 09:00:00,1762419600,50830.0,50915.0,50830.0,50910.0,0,0,28,54.0
1048,-551,MNK,MNKZ25,H1,2025-11-06 10:00:00,1762423200,50910.0,51050.0,50910.0,51005.0,0,0,24,54.0
1049,-550,MNK,MNKZ25,H1,2025-11-06 11:00:00,1762426800,50965.0,50965.0,50965.0,50965.0,0,0,2,54.0
1050,-549,MNK,MNKZ25,H1,2025-11-06 12:00:00,1762430400,50945.0,51095.0,50945.0,51075.0,0,0,8,54.0
1051,-548,MNK,MNKZ25,H1,2025-11-06 13:00:00,1762434000,51080.0,51085.0,51065.0,51065.0,0,0,8,54.0
1052,-547,MNK,MNKZ25,H1,2025-11-06 14:00:00,1762437600,50985.0,50985.0,50690.0,50690.0,0,0,108,55.0
1053,-546,MNK,MNKZ25,H1,2025-11-06 15:00:00,1762441200,50595.0,50665.0,50320.0,50330.0,0,0,101,57.0
1054,-545,MNK,MNKZ25,H1,2025-11-06 16:00:00,1762444800,50330.0,50365.0,50125.0,50160.0,0,0,109,58.0
1055,-544,MNK,MNKZ25,H1,2025-11-06 17:00:00,1762448400,50240.0,50395.0,50140.0,50330.0,0,0,34,57.0
1056,-543,MNK,MNKZ25,H1,2025-11-06 18:00:00,1762452000,50245.0,50455.0,50160.0,50405.0,0,0,50,57.0
1057,-542,MNK,MNKZ25,H1,2025-11-06 19:00:00,1762455600,50440.0,50600.0,50440.0,50545.0,0,0,34,57.0
1058,-541,MNK,MNKZ25,H1,2025-11-06 20:00:00,1762459200,50540.0,50540.0,50275.0,50275.0,0,0,52,58.0
1059,-540,MNK,MNKZ25,H1,2025-11-06 21:00:00,1762462800,50290.0,50365.0,50290.0,50345.0,0,0,59,58.0
1060,-539,MNK,MNKZ25,H1,2025-11-06 23:00:00,1762470000,50270.0,50335.0,50225.0,50225.0,0,0,29,59.0
1061,-538,MNK,MNKZ25,H1,2025-11-07 00:00:00,1762473600,50205.0,50530.0,50205.0,50295.0,0,0,56,59.0
1062,-537,MNK,MNKZ25,H1,2025-11-07 01:00:00,1762477200,50220.0,50270.0,49900.0,50065.0,0,0,122,61.0
1063,-536,MNK,MNKZ25,H1,2025-11-07 02:00:00,1762480800,50075.0,50075.0,49905.0,49975.0,0,0,51,61.0
1064,-535,MNK,MNKZ25,H1,2025-11-07 03:00:00,1762484400,49985.0,49985.0,49810.0,49825.0,0,0,48,61.0
1065,-534,MNK,MNKZ25,H1,2025-11-07 04:00:00,1762488000,49820.0,50025.0,49820.0,49995.0,0,0,28,59.0
1066,-533,MNK,MNKZ25,H1,2025-11-07 05:00:00,1762491600,50175.0,50210.0,50075.0,50210.0,0,0,26,59.0
1067,-532,MNK,MNKZ25,H1,2025-11-07 06:00:00,1762495200,50230.0,50415.0,50230.0,50405.0,0,0,42,59.0
1068,-531,MNK,MNKZ25,H1,2025-11-07 07:00:00,1762498800,50345.0,50500.0,50345.0,50500.0,0,0,40,59.0
1069,-530,MNK,MNKZ25,H1,2025-11-07 08:00:00,1762502400,50500.0,50520.0,50435.0,50475.0,0,0,58,58.0
1070,-529,MNK,MNKZ25,H1,2025-11-07 09:00:00,1762506000,50495.0,50495.0,50400.0,50400.0,0,0,4,56.0
1071,-528,MNK,MNKZ25,H1,2025-11-07 10:00:00,1762509600,50370.0,50425.0,50310.0,50420.0,0,0,29,56.0
1072,-527,MNK,MNKZ25,H1,2025-11-07 11:00:00,1762513200,50340.0,50340.0,50095.0,50305.0,0,0,65,55.0
1073,-526,MNK,MNKZ25,H1,2025-11-07 12:00:00,1762516800,50320.0,50320.0,50115.0,50155.0,0,0,36,55.0
1074,-525,MNK,MNKZ25,H1,2025-11-07 13:00:00,1762520400,50170.0,50250.0,50130.0,50210.0,0,0,38,55.0
1075,-524,MNK,MNKZ25,H1,2025-11-07 14:00:00,1762524000,50200.0,50230.0,49890.0,50150.0,0,0,63,55.0
1076,-523,MNK,MNKZ25,H1,2025-11-07 15:00:00,1762527600,50135.0,50150.0,49880.0,49880.0,0,0,51,56.0
1077,-522,MNK,MNKZ25,H1,2025-11-07 16:00:00,1762531200,49845.0,49890.0,49645.0,49645.0,0,0,86,56.0
1078,-521,MNK,MNKZ25,H1,2025-11-07 17:00:00,1762534800,49615.0,49900.0,49610.0,49880.0,0,0,65,56.0
1079,-520,MNK,MNKZ25,H1,2025-11-07 18:00:00,1762538400,49920.0,50060.0,49890.0,49945.0,0,0,99,56.0
1080,-519,MNK,MNKZ25,H1,2025-11-07 19:00:00,1762542000,50015.0,50435.0,50015.0,50435.0,0,0,49,57.0
1081,-518,MNK,MNKZ25,H1,2025-11-07 20:00:00,1762545600,50455.0,50475.0,50320.0,50475.0,0,0,112,58.0
1082,-517,MNK,MNKZ25,H1,2025-11-07 21:00:00,1762549200,50495.0,50550.0,50490.0,50535.0,0,0,40,59.0
1083,-516,MNK,MNKZ25,H1,2025-11-09 23:00:00,1762729200,50580.0,51120.0,50580.0,50925.0,0,0,179,61.0
1084,-515,MNK,MNKZ25,H1,2025-11-10 00:00:00,1762732800,50895.0,50895.0,50555.0,50730.0,0,0,118,62.0
1085,-514,MNK,MNKZ25,H1,2025-11-10 01:00:00,1762736400,50700.0,50900.0,50660.0,50875.0,0,0,176,64.0
1086,-513,MNK,MNKZ25,H1,2025-11-10 02:00:00,1762740000,50940.0,51015.0,50840.0,50855.0,0,0,67,62.0
1087,-512,MNK,MNKZ25,H1,2025-11-10 03:00:00,1762743600,50865.0,50945.0,50815.0,50835.0,0,0,33,61.0
1088,-511,MNK,MNKZ25,H1,2025-11-10 04:00:00,1762747200,50825.0,51005.0,50825.0,51000.0,0,0,49,59.0
1089,-510,MNK,MNKZ25,H1,2025-11-10 05:00:00,1762750800,50955.0,51045.0,50955.0,51040.0,0,0,27,58.0
1090,-509,MNK,MNKZ25,H1,2025-11-10 06:00:00,1762754400,51050.0,51150.0,51045.0,51150.0,0,0,14,56.0
1091,-508,MNK,MNKZ25,H1,2025-11-10 07:00:00,1762758000,51130.0,51185.0,51120.0,51130.0,0,0,22,54.0
1092,-507,MNK,MNKZ25,H1,2025-11-10 08:00:00,1762761600,51050.0,51120.0,50980.0,51120.0,0,0,12,54.0
1093,-506,MNK,MNKZ25,H1,2025-11-10 09:00:00,1762765200,51210.0,51285.0,51200.0,51285.0,0,0,8,53.0
1094,-505,MNK,MNKZ25,H1,2025-11-10 10:00:00,1762768800,51225.0,51225.0,51205.0,51205.0,0,0,3,53.0
1095,-504,MNK,MNKZ25,H1,2025-11-10 11:00:00,1762772400,51175.0,51175.0,51070.0,51120.0,0,0,29,52.0
1096,-503,MNK,MNKZ25,H1,2025-11-10 12:00:00,1762776000,51060.0,51065.0,50980.0,50980.0,0,0,52,53.0
1097,-502,MNK,MNKZ25,H1,2025-11-10 13:00:00,1762779600,51060.0,51085.0,51000.0,51065.0,0,0,10,52.0
1098,-501,MNK,MNKZ25,H1,2025-11-10 14:00:00,1762783200,51030.0,51110.0,50990.0,51005.0,0,0,28,53.0
1099,-500,MNK,MNKZ25,H1,2025-11-10 15:00:00,1762786800,51005.0,51115.0,50865.0,50865.0,0,0,89,53.0
1100,-499,MNK,MNKZ25,H1,2025-11-10 16:00:00,1762790400,50840.0,50945.0,50825.0,50825.0,0,0,21,53.0
1101,-498,MNK,MNKZ25,H1,2025-11-10 17:00:00,1762794000,50970.0,51160.0,50970.0,51160.0,0,0,89,53.0
1102,-497,MNK,MNKZ25,H1,2025-11-10 18:00:00,1762797600,51170.0,51205.0,51170.0,51205.0,0,0,7,52.0
1103,-496,MNK,MNKZ25,H1,2025-11-10 19:00:00,1762801200,51170.0,51285.0,51165.0,51285.0,0,0,21,51.0
1104,-495,MNK,MNKZ25,H1,2025-11-10 20:00:00,1762804800,51265.0,51350.0,51265.0,51340.0,0,0,20,51.0
1105,-494,MNK,MNKZ25,H1,2025-11-10 21:00:00,1762808400,51335.0,51395.0,51335.0,51355.0,0,0,22,51.0
1106,-493,MNK,MNKZ25,H1,2025-11-10 23:00:00,1762815600,51345.0,51510.0,51315.0,51500.0,0,0,75,52.0
1107,-492,MNK,MNKZ25,H1,2025-11-11 00:00:00,1762819200,51480.0,51600.0,51375.0,51465.0,1,0,59,52.0
1108,-491,MNK,MNKZ25,H1,2025-11-11 01:00:00,1762822800,51430.0,51440.0,51265.0,51265.0,0,0,65,52.0
1109,-490,MNK,MNKZ25,H1,2025-11-11 02:00:00,1762826400,51245.0,51280.0,51190.0,51280.0,0,0,26,52.0
1110,-489,MNK,MNKZ25,H1,2025-11-11 03:00:00,1762830000,51280.0,51295.0,51190.0,51215.0,0,0,19,51.0
1111,-488,MNK,MNKZ25,H1,2025-11-11 04:00:00,1762833600,51165.0,51175.0,50890.0,50940.0,0,0,35,50.0
1112,-487,MNK,MNKZ25,H1,2025-11-11 05:00:00,1762837200,50930.0,50960.0,50725.0,50750.0,0,0,106,50.0
1113,-486,MNK,MNKZ25,H1,2025-11-11 06:00:00,1762840800,50725.0,51215.0,50705.0,51185.0,0,0,57,50.0
1114,-485,MNK,MNKZ25,H1,2025-11-11 07:00:00,1762844400,51210.0,51215.0,51115.0,51135.0,0,0,27,50.0
1115,-484,MNK,MNKZ25,H1,2025-11-11 08:00:00,1762848000,51120.0,51140.0,51040.0,51040.0,0,0,10,50.0
1116,-483,MNK,MNKZ25,H1,2025-11-11 09:00:00,1762851600,51110.0,51110.0,51080.0,51080.0,0,0,6,48.0
1117,-482,MNK,MNKZ25,H1,2025-11-11 10:00:00,1762855200,51065.0,51105.0,51065.0,51105.0,0,0,5,48.0
1118,-481,MNK,MNKZ25,H1,2025-11-11 11:00:00,1762858800,51040.0,51040.0,51025.0,51025.0,0,0,3,48.0
1119,-480,MNK,MNKZ25,H1,2025-11-11 12:00:00,1762862400,51030.0,51030.0,50995.0,50995.0,0,0,18,48.0
1120,-479,MNK,MNKZ25,H1,2025-11-11 13:00:00,1762866000,50900.0,50940.0,50900.0,50940.0,0,0,5,47.0
1121,-478,MNK,MNKZ25,H1,2025-11-11 14:00:00,1762869600,50920.0,51050.0,50915.0,51050.0,0,0,29,48.0
1122,-477,MNK,MNKZ25,H1,2025-11-11 15:00:00,1762873200,51005.0,51005.0,50835.0,50915.0,0,0,145,50.0
1123,-476,MNK,MNKZ25,H1,2025-11-11 16:00:00,1762876800,50940.0,51040.0,50925.0,51040.0,0,0,10,50.0
1124,-475,MNK,MNKZ25,H1,2025-11-11 17:00:00,1762880400,51035.0,51185.0,51035.0,51185.0,0,0,13,48.0
1125,-474,MNK,MNKZ25,H1,2025-11-11 18:00:00,1762884000,51190.0,51215.0,51180.0,51215.0,0,0,33,47.0
1126,-473,MNK,MNKZ25,H1,2025-11-11 19:00:00,1762887600,51195.0,51220.0,51190.0,51220.0,0,0,33,46.0
1127,-472,MNK,MNKZ25,H1,2025-11-11 20:00:00,1762891200,51215.0,51215.0,51170.0,51200.0,0,0,24,46.0
1128,-471,MNK,MNKZ25,H1,2025-11-11 21:00:00,1762894800,51185.0,51260.0,51185.0,51200.0,0,0,14,46.0
1129,-470,MNK,MNKZ25,H1,2025-11-11 23:00:00,1762902000,51215.0,51265.0,51085.0,51085.0,0,0,42,46.0
1130,-469,MNK,MNKZ25,H1,2025-11-12 00:00:00,1762905600,50890.0,51060.0,50640.0,50995.0,0,0,163,47.0
1131,-468,MNK,MNKZ25,H1,2025-11-12 01:00:00,1762909200,51115.0,51115.0,50945.0,51015.0,0,0,59,47.0
1132,-467,MNK,MNKZ25,H1,2025-11-12 02:00:00,1762912800,51060.0,51105.0,50915.0,50935.0,0,0,49,48.0
1133,-466,MNK,MNKZ25,H1,2025-11-12 03:00:00,1762916400,50905.0,50920.0,50750.0,50750.0,0,0,51,48.0
1134,-465,MNK,MNKZ25,H1,2025-11-12 04:00:00,1762920000,50780.0,51000.0,50780.0,51000.0,0,0,21,46.0
1135,-464,MNK,MNKZ25,H1,2025-11-12 05:00:00,1762923600,51010.0,51110.0,50925.0,51110.0,0,0,54,46.0
1136,-463,MNK,MNKZ25,H1,2025-11-12 06:00:00,1762927200,51130.0,51200.0,51120.0,51200.0,0,0,36,46.0
1137,-462,MNK,MNKZ25,H1,2025-11-12 07:00:00,1762930800,51195.0,51220.0,51155.0,51165.0,0,0,7,46.0
1138,-461,MNK,MNKZ25,H1,2025-11-12 08:00:00,1762934400,51175.0,51280.0,51115.0,51245.0,0,0,21,46.0
1139,-460,MNK,MNKZ25,H1,2025-11-12 09:00:00,1762938000,51240.0,51370.0,51215.0,51360.0,0,0,18,45.0
1140,-459,MNK,MNKZ25,H1,2025-11-12 10:00:00,1762941600,51375.0,51400.0,51340.0,51370.0,0,0,14,45.0
1141,-458,MNK,MNKZ25,H1,2025-11-12 11:00:00,1762945200,51370.0,51375.0,51315.0,51335.0,0,0,31,45.0
1142,-457,MNK,MNKZ25,H1,2025-11-12 12:00:00,1762948800,51355.0,51415.0,51355.0,51415.0,0,0,59,45.0
1143,-456,MNK,MNKZ25,H1,2025-11-12 13:00:00,1762952400,51435.0,51485.0,51425.0,51485.0,0,0,20,45.0
1144,-455,MNK,MNKZ25,H1,2025-11-12 14:00:00,1762956000,51375.0,51395.0,51250.0,51310.0,0,0,87,46.0
1145,-454,MNK,MNKZ25,H1,2025-11-12 15:00:00,1762959600,51350.0,51395.0,51230.0,51295.0,0,0,23,45.0
1146,-453,MNK,MNKZ25,H1,2025-11-12 16:00:00,1762963200,51235.0,51340.0,51235.0,51250.0,0,0,21,45.0
1147,-452,MNK,MNKZ25,H1,2025-11-12 17:00:00,1762966800,51220.0,51220.0,51220.0,51220.0,0,0,1,44.0
1148,-451,MNK,MNKZ25,H1,2025-11-12 18:00:00,1762970400,51305.0,51335.0,51275.0,51320.0,0,0,24,44.0
1149,-450,MNK,MNKZ25,H1,2025-11-12 19:00:00,1762974000,51250.0,51260.0,51235.0,51235.0,0,0,5,43.0
1150,-449,MNK,MNKZ25,H1,2025-11-12 20:00:00,1762977600,51230.0,51315.0,51230.0,51305.0,0,0,20,42.0
1151,-448,MNK,MNKZ25,H1,2025-11-12 21:00:00,1762981200,51315.0,51585.0,51315.0,51455.0,0,0,38,41.0
1152,-447,MNK,MNKZ25,H1,2025-11-12 23:00:00,1762988400,51420.0,51420.0,51075.0,51095.0,0,0,41,41.0
1153,-446,MNK,MNKZ25,H1,2025-11-13 00:00:00,1762992000,51050.0,51300.0,51040.0,51120.0,0,0,75,41.0
1154,-445,MNK,MNKZ25,H1,2025-11-13 01:00:00,1762995600,51140.0,51425.0,51140.0,51250.0,0,0,122,42.0
1155,-444,MNK,MNKZ25,H1,2025-11-13 02:00:00,1762999200,51250.0,51330.0,51180.0,51220.0,0,0,20,40.0
1156,-443,MNK,MNKZ25,H1,2025-11-13 03:00:00,1763002800,51150.0,51270.0,51150.0,51270.0,0,0,17,38.0
1157,-442,MNK,MNKZ25,H1,2025-11-13 04:00:00,1763006400,51220.0,51360.0,51220.0,51355.0,0,0,14,36.0
1158,-441,MNK,MNKZ25,H1,2025-11-13 05:00:00,1763010000,51380.0,51380.0,51295.0,51330.0,0,0,9,35.0
1159,-440,MNK,MNKZ25,H1,2025-11-13 06:00:00,1763013600,51300.0,51390.0,51300.0,51350.0,0,0,6,35.0
1160,-439,MNK,MNKZ25,H1,2025-11-13 07:00:00,1763017200,51350.0,51360.0,51350.0,51360.0,0,0,2,34.0
1161,-438,MNK,MNKZ25,H1,2025-11-13 08:00:00,1763020800,51275.0,51280.0,51225.0,51225.0,0,0,5,34.0
1162,-437,MNK,MNKZ25,H1,2025-11-13 09:00:00,1763024400,51200.0,51200.0,50950.0,50950.0,0,0,19,34.0
1163,-436,MNK,MNKZ25,H1,2025-11-13 10:00:00,1763028000,51030.0,51040.0,51030.0,51035.0,0,0,7,34.0
1164,-435,MNK,MNKZ25,H1,2025-11-13 11:00:00,1763031600,51040.0,51080.0,50980.0,50980.0,0,0,15,34.0
1165,-434,MNK,MNKZ25,H1,2025-11-13 12:00:00,1763035200,50955.0,50990.0,50920.0,50935.0,0,0,47,34.0
1166,-433,MNK,MNKZ25,H1,2025-11-13 13:00:00,1763038800,50955.0,50955.0,50875.0,50875.0,0,0,6,34.0
1167,-432,MNK,MNKZ25,H1,2025-11-13 14:00:00,1763042400,50845.0,50860.0,50690.0,50770.0,0,0,73,35.0
1168,-431,MNK,MNKZ25,H1,2025-11-13 15:00:00,1763046000,50735.0,50870.0,50435.0,50455.0,0,0,139,36.0
1169,-430,MNK,MNKZ25,H1,2025-11-13 16:00:00,1763049600,50435.0,50470.0,50350.0,50375.0,0,0,34,37.0
1170,-429,MNK,MNKZ25,H1,2025-11-13 17:00:00,1763053200,50420.0,50455.0,50325.0,50340.0,0,0,40,37.0
1171,-428,MNK,MNKZ25,H1,2025-11-13 18:00:00,1763056800,50240.0,50280.0,50080.0,50170.0,0,0,62,36.0
1172,-427,MNK,MNKZ25,H1,2025-11-13 19:00:00,1763060400,50160.0,50290.0,50110.0,50150.0,0,0,70,37.0
1173,-426,MNK,MNKZ25,H1,2025-11-13 20:00:00,1763064000,50155.0,50200.0,50100.0,50155.0,0,0,43,36.0
1174,-425,MNK,MNKZ25,H1,2025-11-13 21:00:00,1763067600,50150.0,50255.0,50150.0,50255.0,0,0,24,37.0
1175,-424,MNK,MNKZ25,H1,2025-11-13 23:00:00,1763074800,50235.0,50245.0,50090.0,50090.0,0,0,26,37.0
1176,-423,MNK,MNKZ25,H1,2025-11-14 00:00:00,1763078400,50205.0,50665.0,50205.0,50640.0,0,0,162,39.0
1177,-422,MNK,MNKZ25,H1,2025-11-14 01:00:00,1763082000,50660.0,50810.0,50565.0,50605.0,0,0,119,40.0
1178,-421,MNK,MNKZ25,H1,2025-11-14 02:00:00,1763085600,50580.0,50585.0,50450.0,50475.0,0,0,29,39.0
1179,-420,MNK,MNKZ25,H1,2025-11-14 03:00:00,1763089200,50465.0,50560.0,50455.0,50530.0,0,0,21,39.0
1180,-419,MNK,MNKZ25,H1,2025-11-14 04:00:00,1763092800,50545.0,50545.0,50410.0,50420.0,0,0,11,38.0
1181,-418,MNK,MNKZ25,H1,2025-11-14 05:00:00,1763096400,50395.0,50530.0,50355.0,50435.0,0,0,37,38.0
1182,-417,MNK,MNKZ25,H1,2025-11-14 06:00:00,1763100000,50420.0,50425.0,50310.0,50355.0,0,0,18,38.0
1183,-416,MNK,MNKZ25,H1,2025-11-14 07:00:00,1763103600,50335.0,50340.0,50265.0,50320.0,0,0,9,38.0
1184,-415,MNK,MNKZ25,H1,2025-11-14 08:00:00,1763107200,50255.0,50315.0,50165.0,50315.0,0,0,108,38.0
1185,-414,MNK,MNKZ25,H1,2025-11-14 09:00:00,1763110800,50365.0,50420.0,50270.0,50270.0,0,0,25,37.0
1186,-413,MNK,MNKZ25,H1,2025-11-14 10:00:00,1763114400,50265.0,50355.0,50265.0,50355.0,0,0,5,37.0
1187,-412,MNK,MNKZ25,H1,2025-11-14 11:00:00,1763118000,50280.0,50280.0,49950.0,49950.0,0,0,39,38.0
1188,-411,MNK,MNKZ25,H1,2025-11-14 12:00:00,1763121600,49990.0,49990.0,49750.0,49900.0,0,0,93,39.0
1189,-410,MNK,MNKZ25,H1,2025-11-14 13:00:00,1763125200,49915.0,49915.0,49805.0,49885.0,0,0,41,39.0
1190,-409,MNK,MNKZ25,H1,2025-11-14 14:00:00,1763128800,49885.0,50280.0,49870.0,50225.0,0,0,179,42.0
1191,-408,MNK,MNKZ25,H1,2025-11-14 15:00:00,1763132400,50230.0,50560.0,50160.0,50545.0,0,0,131,43.0
1192,-407,MNK,MNKZ25,H1,2025-11-14 16:00:00,1763136000,50550.0,50760.0,50500.0,50715.0,0,0,38,44.0
1193,-406,MNK,MNKZ25,H1,2025-11-14 17:00:00,1763139600,50740.0,50795.0,50695.0,50695.0,0,0,34,44.0
1194,-405,MNK,MNKZ25,H1,2025-11-14 18:00:00,1763143200,50645.0,50690.0,50475.0,50565.0,0,0,48,42.0
1195,-404,MNK,MNKZ25,H1,2025-11-14 19:00:00,1763146800,50550.0,50600.0,50500.0,50555.0,0,0,31,43.0
1196,-403,MNK,MNKZ25,H1,2025-11-14 20:00:00,1763150400,50540.0,50540.0,50475.0,50480.0,0,0,52,43.0
1197,-402,MNK,MNKZ25,H1,2025-11-14 21:00:00,1763154000,50490.0,50540.0,50465.0,50485.0,0,0,30,43.0
1198,-401,MNK,MNKZ25,H1,2025-11-16 23:00:00,1763334000,50490.0,50495.0,50250.0,50325.0,0,0,39,43.0
1199,-400,MNK,MNKZ25,H1,2025-11-17 00:00:00,1763337600,50235.0,50460.0,49945.0,50430.0,0,0,130,45.0
1200,-399,MNK,MNKZ25,H1,2025-11-17 01:00:00,1763341200,50315.0,50365.0,50200.0,50250.0,0,0,46,45.0
1201,-398,MNK,MNKZ25,H1,2025-11-17 02:00:00,1763344800,50120.0,50210.0,50090.0,50210.0,0,0,45,45.0
1202,-397,MNK,MNKZ25,H1,2025-11-17 03:00:00,1763348400,50220.0,50285.0,50185.0,50285.0,0,0,11,43.0
1203,-396,MNK,MNKZ25,H1,2025-11-17 04:00:00,1763352000,50310.0,50335.0,50290.0,50305.0,0,0,29,43.0
1204,-395,MNK,MNKZ25,H1,2025-11-17 05:00:00,1763355600,50305.0,50430.0,50305.0,50365.0,0,0,36,43.0
1205,-394,MNK,MNKZ25,H1,2025-11-17 06:00:00,1763359200,50455.0,50460.0,50370.0,50375.0,0,0,16,42.0
1206,-393,MNK,MNKZ25,H1,2025-11-17 07:00:00,1763362800,50440.0,50495.0,50440.0,50460.0,0,0,5,42.0
1207,-392,MNK,MNKZ25,H1,2025-11-17 08:00:00,1763366400,50405.0,50550.0,50405.0,50450.0,0,0,42,42.0
1208,-391,MNK,MNKZ25,H1,2025-11-17 09:00:00,1763370000,50405.0,50405.0,50345.0,50380.0,0,0,3,41.0
1209,-390,MNK,MNKZ25,H1,2025-11-17 10:00:00,1763373600,50215.0,50225.0,50215.0,50225.0,0,0,5,41.0
1210,-389,MNK,MNKZ25,H1,2025-11-17 11:00:00,1763377200,50270.0,50320.0,50250.0,50320.0,0,0,12,41.0
1211,-388,MNK,MNKZ25,H1,2025-11-17 12:00:00,1763380800,50225.0,50225.0,50175.0,50175.0,0,0,5,41.0
1212,-387,MNK,MNKZ25,H1,2025-11-17 13:00:00,1763384400,50180.0,50180.0,50070.0,50070.0,0,0,7,41.0
1213,-386,MNK,MNKZ25,H1,2025-11-17 14:00:00,1763388000,50170.0,50445.0,50085.0,50445.0,0,0,97,42.0
1214,-385,MNK,MNKZ25,H1,2025-11-17 15:00:00,1763391600,50380.0,50390.0,50260.0,50385.0,0,0,52,42.0
1215,-384,MNK,MNKZ25,H1,2025-11-17 16:00:00,1763395200,50225.0,50495.0,50095.0,50495.0,0,0,52,42.0
1216,-383,MNK,MNKZ25,H1,2025-11-17 17:00:00,1763398800,50440.0,50480.0,50325.0,50325.0,0,0,6,41.0
1217,-382,MNK,MNKZ25,H1,2025-11-17 18:00:00,1763402400,50225.0,50240.0,50035.0,50035.0,0,0,49,41.0
1218,-381,MNK,MNKZ25,H1,2025-11-17 19:00:00,1763406000,50000.0,50000.0,49560.0,49560.0,0,0,68,42.0
1219,-380,MNK,MNKZ25,H1,2025-11-17 20:00:00,1763409600,49575.0,49850.0,49550.0,49825.0,0,0,174,44.0
1220,-379,MNK,MNKZ25,H1,2025-11-17 21:00:00,1763413200,49830.0,49885.0,49830.0,49855.0,0,0,15,44.0
1221,-378,MNK,MNKZ25,H1,2025-11-17 23:00:00,1763420400,49960.0,49980.0,49795.0,49795.0,0,0,134,46.0
1222,-377,MNK,MNKZ25,H1,2025-11-18 00:00:00,1763424000,50005.0,50005.0,49365.0,49395.0,0,0,232,49.0
1223,-376,MNK,MNKZ25,H1,2025-11-18 01:00:00,1763427600,49365.0,49550.0,49180.0,49525.0,0,0,209,51.0
1224,-375,MNK,MNKZ25,H1,2025-11-18 02:00:00,1763431200,49540.0,49555.0,49280.0,49280.0,0,0,86,52.0
1225,-374,MNK,MNKZ25,H1,2025-11-18 03:00:00,1763434800,49250.0,49320.0,49000.0,49035.0,0,0,65,52.0
1226,-373,MNK,MNKZ25,H1,2025-11-18 04:00:00,1763438400,48945.0,49035.0,48740.0,49015.0,0,0,82,51.0
1227,-372,MNK,MNKZ25,H1,2025-11-18 05:00:00,1763442000,48875.0,49050.0,48875.0,48945.0,0,0,40,52.0
1228,-371,MNK,MNKZ25,H1,2025-11-18 06:00:00,1763445600,48970.0,48970.0,48445.0,48545.0,0,0,68,52.0
1229,-370,MNK,MNKZ25,H1,2025-11-18 07:00:00,1763449200,48565.0,48735.0,48475.0,48635.0,0,0,45,53.0
1230,-369,MNK,MNKZ25,H1,2025-11-18 08:00:00,1763452800,48690.0,48955.0,48690.0,48925.0,0,0,58,53.0
1231,-368,MNK,MNKZ25,H1,2025-11-18 09:00:00,1763456400,48850.0,48960.0,48780.0,48895.0,0,0,10,53.0
1232,-367,MNK,MNKZ25,H1,2025-11-18 10:00:00,1763460000,48860.0,49000.0,48825.0,49000.0,0,0,16,54.0
1233,-366,MNK,MNKZ25,H1,2025-11-18 11:00:00,1763463600,48980.0,48980.0,48895.0,48895.0,0,0,7,54.0
1234,-365,MNK,MNKZ25,H1,2025-11-18 12:00:00,1763467200,48735.0,48800.0,48690.0,48695.0,0,0,113,55.0
1235,-364,MNK,MNKZ25,H1,2025-11-18 13:00:00,1763470800,48725.0,48825.0,48725.0,48800.0,0,0,50,56.0
1236,-363,MNK,MNKZ25,H1,2025-11-18 14:00:00,1763474400,48800.0,48920.0,48625.0,48625.0,0,0,114,57.0
1237,-362,MNK,MNKZ25,H1,2025-11-18 15:00:00,1763478000,48620.0,48765.0,48460.0,48555.0,0,0,202,59.0
1238,-361,MNK,MNKZ25,H1,2025-11-18 16:00:00,1763481600,48555.0,48905.0,48485.0,48875.0,0,0,109,60.0
1239,-360,MNK,MNKZ25,H1,2025-11-18 17:00:00,1763485200,48900.0,49095.0,48770.0,49095.0,0,0,82,61.0
1240,-359,MNK,MNKZ25,H1,2025-11-18 18:00:00,1763488800,49090.0,49135.0,49035.0,49045.0,0,0,240,62.0
1241,-358,MNK,MNKZ25,H1,2025-11-18 19:00:00,1763492400,49050.0,49095.0,49000.0,49040.0,0,0,12,62.0
1242,-357,MNK,MNKZ25,H1,2025-11-18 20:00:00,1763496000,49015.0,49035.0,48880.0,48905.0,0,0,80,62.0
1243,-356,MNK,MNKZ25,H1,2025-11-18 21:00:00,1763499600,48875.0,48895.0,48675.0,48675.0,0,0,66,62.0
1244,-355,MNK,MNKZ25,H1,2025-11-18 23:00:00,1763506800,48710.0,48995.0,48700.0,48870.0,0,0,72,62.0
1245,-354,MNK,MNKZ25,H1,2025-11-19 00:00:00,1763510400,49000.0,49005.0,48320.0,48885.0,0,0,303,66.0
1246,-353,MNK,MNKZ25,H1,2025-11-19 01:00:00,1763514000,48940.0,49100.0,48750.0,48905.0,0,0,178,68.0
1247,-352,MNK,MNKZ25,H1,2025-11-19 02:00:00,1763517600,48985.0,49200.0,48985.0,49145.0,0,0,111,69.0
1248,-351,MNK,MNKZ25,H1,2025-11-19 03:00:00,1763521200,49145.0,49185.0,48735.0,48775.0,0,0,45,68.0
1249,-350,MNK,MNKZ25,H1,2025-11-19 04:00:00,1763524800,48775.0,48815.0,48695.0,48715.0,0,0,11,66.0
1250,-349,MNK,MNKZ25,H1,2025-11-19 05:00:00,1763528400,48770.0,48770.0,48500.0,48710.0,0,0,76,67.0
1251,-348,MNK,MNKZ25,H1,2025-11-19 06:00:00,1763532000,48735.0,48750.0,48650.0,48680.0,0,0,28,67.0
1252,-347,MNK,MNKZ25,H1,2025-11-19 07:00:00,1763535600,48775.0,48830.0,48775.0,48815.0,0,0,30,67.0
1253,-346,MNK,MNKZ25,H1,2025-11-19 08:00:00,1763539200,48840.0,48885.0,48805.0,48805.0,0,0,4,67.0
1254,-345,MNK,MNKZ25,H1,2025-11-19 09:00:00,1763542800,48780.0,49025.0,48770.0,49025.0,0,0,39,67.0
1255,-344,MNK,MNKZ25,H1,2025-11-19 10:00:00,1763546400,49030.0,49060.0,48990.0,49060.0,0,0,24,67.0
1256,-343,MNK,MNKZ25,H1,2025-11-19 11:00:00,1763550000,49080.0,49130.0,49075.0,49130.0,0,0,8,66.0
1257,-342,MNK,MNKZ25,H1,2025-11-19 12:00:00,1763553600,49080.0,49170.0,49080.0,49170.0,0,0,39,66.0
1258,-341,MNK,MNKZ25,H1,2025-11-19 13:00:00,1763557200,49105.0,49105.0,49105.0,49105.0,0,0,1,66.0
1259,-340,MNK,MNKZ25,H1,2025-11-19 14:00:00,1763560800,49200.0,49500.0,49120.0,49500.0,0,0,84,67.0
1260,-339,MNK,MNKZ25,H1,2025-11-19 15:00:00,1763564400,49495.0,49550.0,49265.0,49265.0,0,0,93,67.0
1261,-338,MNK,MNKZ25,H1,2025-11-19 16:00:00,1763568000,49280.0,49280.0,49155.0,49180.0,0,0,75,67.0
1262,-337,MNK,MNKZ25,H1,2025-11-19 17:00:00,1763571600,49225.0,49230.0,49010.0,49150.0,0,0,43,65.0
1263,-336,MNK,MNKZ25,H1,2025-11-19 18:00:00,1763575200,49210.0,49330.0,49160.0,49160.0,0,0,42,64.0
1264,-335,MNK,MNKZ25,H1,2025-11-19 19:00:00,1763578800,49220.0,49220.0,49135.0,49140.0,0,0,9,64.0
1265,-334,MNK,MNKZ25,H1,2025-11-19 20:00:00,1763582400,49390.0,49410.0,49310.0,49320.0,0,0,25,63.0
1266,-333,MNK,MNKZ25,H1,2025-11-19 21:00:00,1763586000,49325.0,49875.0,49250.0,49865.0,0,0,34,63.0
1267,-332,MNK,MNKZ25,H1,2025-11-19 23:00:00,1763593200,49995.0,50265.0,49965.0,50260.0,0,0,101,64.0
1268,-331,MNK,MNKZ25,H1,2025-11-20 00:00:00,1763596800,50310.0,50620.0,50285.0,50285.0,0,0,108,65.0
1269,-330,MNK,MNKZ25,H1,2025-11-20 01:00:00,1763600400,50265.0,50440.0,50160.0,50265.0,1,0,77,66.0
1270,-329,MNK,MNKZ25,H1,2025-11-20 02:00:00,1763604000,50245.0,50265.0,50100.0,50230.0,0,0,60,66.0
1271,-328,MNK,MNKZ25,H1,2025-11-20 03:00:00,1763607600,50240.0,50335.0,49760.0,49805.0,0,0,145,66.0
1272,-327,MNK,MNKZ25,H1,2025-11-20 04:00:00,1763611200,49915.0,49975.0,49830.0,49890.0,0,0,38,66.0
1273,-326,MNK,MNKZ25,H1,2025-11-20 05:00:00,1763614800,49930.0,50120.0,49930.0,49970.0,0,0,73,66.0
1274,-325,MNK,MNKZ25,H1,2025-11-20 06:00:00,1763618400,49985.0,50060.0,49825.0,50060.0,0,0,21,67.0
1275,-324,MNK,MNKZ25,H1,2025-11-20 07:00:00,1763622000,49995.0,50075.0,49925.0,49925.0,0,0,29,67.0
1276,-323,MNK,MNKZ25,H1,2025-11-20 08:00:00,1763625600,49910.0,49910.0,49750.0,49750.0,0,0,13,66.0
1277,-322,MNK,MNKZ25,H1,2025-11-20 09:00:00,1763629200,49755.0,49760.0,49640.0,49720.0,0,0,39,67.0
1278,-321,MNK,MNKZ25,H1,2025-11-20 10:00:00,1763632800,49790.0,49875.0,49770.0,49875.0,0,0,19,67.0
1279,-320,MNK,MNKZ25,H1,2025-11-20 11:00:00,1763636400,49820.0,49855.0,49820.0,49855.0,0,0,3,66.0
1280,-319,MNK,MNKZ25,H1,2025-11-20 12:00:00,1763640000,49810.0,49925.0,49810.0,49925.0,0,0,10,66.0
1281,-318,MNK,MNKZ25,H1,2025-11-20 13:00:00,1763643600,50000.0,50135.0,49880.0,50135.0,0,0,38,67.0
1282,-317,MNK,MNKZ25,H1,2025-11-20 14:00:00,1763647200,50085.0,50120.0,49970.0,50120.0,0,0,33,67.0
1283,-316,MNK,MNKZ25,H1,2025-11-20 15:00:00,1763650800,50160.0,50265.0,50030.0,50065.0,0,0,59,68.0
1284,-315,MNK,MNKZ25,H1,2025-11-20 16:00:00,1763654400,49995.0,49995.0,48930.0,48930.0,0,0,215,71.0
1285,-314,MNK,MNKZ25,H1,2025-11-20 17:00:00,1763658000,49060.0,49160.0,48585.0,48720.0,0,0,177,72.0
1286,-313,MNK,MNKZ25,H1,2025-11-20 18:00:00,1763661600,48730.0,49120.0,48545.0,48590.0,0,0,61,72.0
1287,-312,MNK,MNKZ25,H1,2025-11-20 19:00:00,1763665200,48640.0,48755.0,48555.0,48735.0,0,0,8,71.0
1288,-311,MNK,MNKZ25,H1,2025-11-20 20:00:00,1763668800,48745.0,48785.0,48505.0,48505.0,1,0,49,72.0
1289,-310,MNK,MNKZ25,H1,2025-11-20 21:00:00,1763672400,48505.0,48530.0,48395.0,48530.0,0,0,28,72.0
1290,-309,MNK,MNKZ25,H1,2025-11-20 23:00:00,1763679600,48305.0,48725.0,48210.0,48390.0,0,0,64,72.0
1291,-308,MNK,MNKZ25,H1,2025-11-21 00:00:00,1763683200,48500.0,48975.0,48495.0,48850.0,0,0,108,71.0
1292,-307,MNK,MNKZ25,H1,2025-11-21 01:00:00,1763686800,48810.0,49100.0,48760.0,48945.0,0,0,140,72.0
1293,-306,MNK,MNKZ25,H1,2025-11-21 02:00:00,1763690400,48915.0,48915.0,48745.0,48745.0,0,0,58,71.0
1294,-305,MNK,MNKZ25,H1,2025-11-21 03:00:00,1763694000,48805.0,48960.0,48705.0,48745.0,0,0,112,70.0
1295,-304,MNK,MNKZ25,H1,2025-11-21 04:00:00,1763697600,48665.0,48740.0,48565.0,48740.0,0,0,99,68.0
1296,-303,MNK,MNKZ25,H1,2025-11-21 05:00:00,1763701200,48790.0,48805.0,48695.0,48725.0,0,0,26,67.0
1297,-302,MNK,MNKZ25,H1,2025-11-21 06:00:00,1763704800,48765.0,48870.0,48720.0,48840.0,0,0,39,67.0
1298,-301,MNK,MNKZ25,H1,2025-11-21 07:00:00,1763708400,48800.0,48800.0,48465.0,48465.0,0,0,26,66.0
1299,-300,MNK,MNKZ25,H1,2025-11-21 08:00:00,1763712000,48450.0,48840.0,48445.0,48835.0,0,0,55,66.0
1300,-299,MNK,MNKZ25,H1,2025-11-21 09:00:00,1763715600,48845.0,48855.0,48455.0,48485.0,0,0,100,67.0
1301,-298,MNK,MNKZ25,H1,2025-11-21 10:00:00,1763719200,48410.0,48430.0,48115.0,48430.0,0,0,115,68.0
1302,-297,MNK,MNKZ25,H1,2025-11-21 11:00:00,1763722800,48450.0,48520.0,48395.0,48480.0,0,0,7,67.0
1303,-296,MNK,MNKZ25,H1,2025-11-21 12:00:00,1763726400,48425.0,48655.0,48225.0,48655.0,0,0,52,68.0
1304,-295,MNK,MNKZ25,H1,2025-11-21 13:00:00,1763730000,48765.0,48800.0,48700.0,48785.0,0,0,14,68.0
1305,-294,MNK,MNKZ25,H1,2025-11-21 14:00:00,1763733600,48760.0,48790.0,48635.0,48720.0,0,0,41,68.0
1306,-293,MNK,MNKZ25,H1,2025-11-21 15:00:00,1763737200,48680.0,48680.0,48235.0,48420.0,0,0,208,69.0
1307,-292,MNK,MNKZ25,H1,2025-11-21 16:00:00,1763740800,48315.0,48825.0,48205.0,48825.0,0,0,121,70.0
1308,-291,MNK,MNKZ25,H1,2025-11-21 17:00:00,1763744400,48795.0,48890.0,48765.0,48765.0,0,0,28,69.0
1309,-290,MNK,MNKZ25,H1,2025-11-21 18:00:00,1763748000,48590.0,49030.0,48560.0,48995.0,0,0,60,67.0
1310,-289,MNK,MNKZ25,H1,2025-11-21 19:00:00,1763751600,48910.0,49080.0,48880.0,48880.0,0,0,17,66.0
1311,-288,MNK,MNKZ25,H1,2025-11-21 20:00:00,1763755200,48905.0,48975.0,48820.0,48850.0,0,0,39,65.0
1312,-287,MNK,MNKZ25,H1,2025-11-21 21:00:00,1763758800,48855.0,48855.0,48690.0,48690.0,0,0,23,62.0
1313,-286,MNK,MNKZ25,H1,2025-11-23 23:00:00,1763938800,49030.0,49055.0,48930.0,48950.0,18,5,32,63.0
1314,-285,MNK,MNKZ25,H1,2025-11-24 00:00:00,1763942400,48870.0,48885.0,48740.0,48885.0,37,5,57,62.0
1315,-284,MNK,MNKZ25,H1,2025-11-24 01:00:00,1763946000,48800.0,48990.0,48795.0,48930.0,26,5,30,62.0
1316,-283,MNK,MNKZ25,H1,2025-11-24 02:00:00,1763949600,48925.0,49150.0,48925.0,49105.0,18,5,21,61.0
1317,-282,MNK,MNKZ25,H1,2025-11-24 03:00:00,1763953200,49050.0,49095.0,48980.0,49060.0,14,10,16,57.0
1318,-281,MNK,MNKZ25,H1,2025-11-24 04:00:00,1763956800,49125.0,49125.0,48990.0,49040.0,20,5,22,55.0
1319,-280,MNK,MNKZ25,H1,2025-11-24 05:00:00,1763960400,48960.0,49085.0,48950.0,49050.0,13,10,46,54.0
1320,-279,MNK,MNKZ25,H1,2025-11-24 06:00:00,1763964000,48980.0,49035.0,48980.0,49005.0,7,5,18,54.0
1321,-278,MNK,MNKZ25,H1,2025-11-24 07:00:00,1763967600,48980.0,49045.0,48980.0,49015.0,3,10,4,54.0
1322,-277,MNK,MNKZ25,H1,2025-11-24 08:00:00,1763971200,49090.0,49115.0,49000.0,49115.0,6,10,15,53.0
1323,-276,MNK,MNKZ25,H1,2025-11-24 09:00:00,1763974800,49045.0,49045.0,48800.0,48890.0,6,5,10,52.0
1324,-275,MNK,MNKZ25,H1,2025-11-24 10:00:00,1763978400,48790.0,48845.0,48710.0,48815.0,8,10,20,52.0
1325,-274,MNK,MNKZ25,H1,2025-11-24 11:00:00,1763982000,48785.0,48910.0,48750.0,48905.0,8,10,8,52.0
1326,-273,MNK,MNKZ25,H1,2025-11-24 12:00:00,1763985600,48870.0,48930.0,48850.0,48930.0,8,5,19,52.0
1327,-272,MNK,MNKZ25,H1,2025-11-24 13:00:00,1763989200,49015.0,49015.0,48975.0,48975.0,3,10,12,52.0
1328,-271,MNK,MNKZ25,H1,2025-11-24 14:00:00,1763992800,48940.0,49255.0,48940.0,49145.0,40,5,66,53.0
1329,-270,MNK,MNKZ25,H1,2025-11-24 15:00:00,1763996400,49215.0,49410.0,49210.0,49295.0,39,5,80,53.0
1330,-269,MNK,MNKZ25,H1,2025-11-24 16:00:00,1764000000,49370.0,49395.0,49340.0,49345.0,20,5,23,54.0
1331,-268,MNK,MNKZ25,H1,2025-11-24 17:00:00,1764003600,49345.0,49450.0,49345.0,49450.0,11,5,26,53.0
1332,-267,MNK,MNKZ25,H1,2025-11-24 18:00:00,1764007200,49470.0,49505.0,49450.0,49505.0,13,5,21,52.0
1333,-266,MNK,MNKZ25,H1,2025-11-24 19:00:00,1764010800,49540.0,49550.0,49500.0,49515.0,10,5,18,51.0
1334,-265,MNK,MNKZ25,H1,2025-11-24 20:00:00,1764014400,49600.0,49675.0,49555.0,49555.0,19,5,27,51.0
1335,-264,MNK,MNKZ25,H1,2025-11-24 21:00:00,1764018000,49575.0,49610.0,49575.0,49610.0,12,5,16,50.0
1336,-263,MNK,MNKZ25,H1,2025-11-24 23:00:00,1764025200,49615.0,49750.0,49555.0,49555.0,14,5,26,51.0
1337,-262,MNK,MNKZ25,H1,2025-11-25 00:00:00,1764028800,49490.0,49490.0,48885.0,49070.0,78,5,155,52.0
1338,-261,MNK,MNKZ25,H1,2025-11-25 01:00:00,1764032400,49025.0,49120.0,48965.0,49010.0,29,5,42,53.0
1339,-260,MNK,MNKZ25,H1,2025-11-25 02:00:00,1764036000,48980.0,49070.0,48875.0,49025.0,20,5,50,52.0
1340,-259,MNK,MNKZ25,H1,2025-11-25 03:00:00,1764039600,48900.0,48900.0,48600.0,48600.0,25,5,39,51.0
1341,-258,MNK,MNKZ25,H1,2025-11-25 04:00:00,1764043200,48730.0,48800.0,48690.0,48800.0,16,5,26,50.0
1342,-257,MNK,MNKZ25,H1,2025-11-25 05:00:00,1764046800,48795.0,48795.0,48630.0,48650.0,19,5,26,50.0
1343,-256,MNK,MNKZ25,H1,2025-11-25 06:00:00,1764050400,48715.0,48760.0,48715.0,48750.0,8,5,14,48.0
1344,-255,MNK,MNKZ25,H1,2025-11-25 07:00:00,1764054000,48655.0,48655.0,48575.0,48605.0,15,5,19,48.0
1345,-254,MNK,MNKZ25,H1,2025-11-25 08:00:00,1764057600,48730.0,48780.0,48550.0,48550.0,12,5,26,47.0
1346,-253,MNK,MNKZ25,H1,2025-11-25 09:00:00,1764061200,48670.0,48670.0,48510.0,48590.0,7,5,8,47.0
1347,-252,MNK,MNKZ25,H1,2025-11-25 10:00:00,1764064800,48525.0,48600.0,48525.0,48600.0,2,10,2,46.0
1348,-251,MNK,MNKZ25,H1,2025-11-25 11:00:00,1764068400,48685.0,48690.0,48650.0,48690.0,6,10,6,46.0
1349,-250,MNK,MNKZ25,H1,2025-11-25 12:00:00,1764072000,48735.0,48875.0,48690.0,48740.0,32,5,56,47.0
1350,-249,MNK,MNKZ25,H1,2025-11-25 13:00:00,1764075600,48715.0,48805.0,48710.0,48780.0,11,5,11,46.0
1351,-248,MNK,MNKZ25,H1,2025-11-25 14:00:00,1764079200,48705.0,48705.0,48335.0,48600.0,26,5,57,47.0
1352,-247,MNK,MNKZ25,H1,2025-11-25 15:00:00,1764082800,48625.0,48880.0,48440.0,48730.0,37,5,61,48.0
1353,-246,MNK,MNKZ25,H1,2025-11-25 16:00:00,1764086400,48750.0,48905.0,48750.0,48905.0,31,5,47,48.0
1354,-245,MNK,MNKZ25,H1,2025-11-25 17:00:00,1764090000,48920.0,49050.0,48920.0,48975.0,33,5,79,49.0
1355,-244,MNK,MNKZ25,H1,2025-11-25 18:00:00,1764093600,48990.0,49000.0,48980.0,49000.0,14,5,40,48.0
1356,-243,MNK,MNKZ25,H1,2025-11-25 19:00:00,1764097200,48980.0,48990.0,48960.0,48975.0,6,5,8,46.0
1357,-242,MNK,MNKZ25,H1,2025-11-25 20:00:00,1764100800,49120.0,49200.0,49100.0,49175.0,19,5,29,44.0
1358,-241,MNK,MNKZ25,H1,2025-11-25 21:00:00,1764104400,49180.0,49200.0,49170.0,49195.0,4,5,9,43.0
1359,-240,MNK,MNKZ25,H1,2025-11-25 23:00:00,1764111600,49005.0,49210.0,49005.0,49100.0,14,15,24,43.0
1360,-239,MNK,MNKZ25,H1,2025-11-26 00:00:00,1764115200,49060.0,49430.0,49020.0,49425.0,36,5,77,43.0
1361,-238,MNK,MNKZ25,H1,2025-11-26 01:00:00,1764118800,49460.0,49640.0,49460.0,49590.0,36,5,129,45.0
1362,-237,MNK,MNKZ25,H1,2025-11-26 02:00:00,1764122400,49740.0,49750.0,49675.0,49680.0,18,5,46,45.0
1363,-236,MNK,MNKZ25,H1,2025-11-26 03:00:00,1764126000,49740.0,49790.0,49670.0,49675.0,15,5,34,44.0
1364,-235,MNK,MNKZ25,H1,2025-11-26 04:00:00,1764129600,49660.0,49660.0,49520.0,49580.0,17,5,43,42.0
1365,-234,MNK,MNKZ25,H1,2025-11-26 05:00:00,1764133200,49645.0,49705.0,49645.0,49705.0,4,5,18,42.0
1366,-233,MNK,MNKZ25,H1,2025-11-26 06:00:00,1764136800,49560.0,49745.0,49560.0,49745.0,10,5,14,40.0
1367,-232,MNK,MNKZ25,H1,2025-11-26 07:00:00,1764140400,49705.0,49760.0,49705.0,49750.0,5,5,10,39.0
1368,-231,MNK,MNKZ25,H1,2025-11-26 08:00:00,1764144000,49715.0,49720.0,49625.0,49635.0,11,5,44,39.0
1369,-230,MNK,MNKZ25,H1,2025-11-26 09:00:00,1764147600,49585.0,49585.0,49560.0,49560.0,3,5,6,39.0
1370,-229,MNK,MNKZ25,H1,2025-11-26 10:00:00,1764151200,49615.0,49615.0,49615.0,49615.0,1,10,1,38.0
1371,-228,MNK,MNKZ25,H1,2025-11-26 11:00:00,1764154800,49660.0,49660.0,49620.0,49620.0,2,10,11,38.0
1372,-227,MNK,MNKZ25,H1,2025-11-26 12:00:00,1764158400,49580.0,49580.0,49440.0,49535.0,31,5,80,38.0
1373,-226,MNK,MNKZ25,H1,2025-11-26 13:00:00,1764162000,49555.0,49675.0,49555.0,49675.0,7,5,21,36.0
1374,-225,MNK,MNKZ25,H1,2025-11-26 14:00:00,1764165600,49725.0,49890.0,49705.0,49705.0,11,5,15,36.0
1375,-224,MNK,MNKZ25,H1,2025-11-26 15:00:00,1764169200,49730.0,49910.0,49720.0,49910.0,14,5,15,36.0
1376,-223,MNK,MNKZ25,H1,2025-11-26 16:00:00,1764172800,49935.0,50050.0,49915.0,50050.0,24,5,37,36.0
1377,-222,MNK,MNKZ25,H1,2025-11-26 17:00:00,1764176400,50085.0,50140.0,50085.0,50140.0,3,5,9,36.0
1378,-221,MNK,MNKZ25,H1,2025-11-26 18:00:00,1764180000,50130.0,50185.0,50090.0,50185.0,18,5,35,33.0
1379,-220,MNK,MNKZ25,H1,2025-11-26 19:00:00,1764183600,50180.0,50190.0,50175.0,50175.0,15,5,29,32.0
1380,-219,MNK,MNKZ25,H1,2025-11-26 20:00:00,1764187200,50195.0,50230.0,50145.0,50145.0,21,5,26,32.0
1381,-218,MNK,MNKZ25,H1,2025-11-26 23:00:00,1764198000,50225.0,50225.0,50155.0,50155.0,6,10,9,31.0
1382,-217,MNK,MNKZ25,H1,2025-11-27 00:00:00,1764201600,50025.0,50360.0,50025.0,50250.0,44,5,81,32.0
1383,-216,MNK,MNKZ25,H1,2025-11-27 01:00:00,1764205200,50295.0,50325.0,50200.0,50200.0,10,5,12,32.0
1384,-215,MNK,MNKZ25,H1,2025-11-27 02:00:00,1764208800,50235.0,50240.0,50135.0,50135.0,8,5,11,32.0
1385,-214,MNK,MNKZ25,H1,2025-11-27 03:00:00,1764212400,50150.0,50150.0,50135.0,50150.0,4,5,4,31.0
1386,-213,MNK,MNKZ25,H1,2025-11-27 04:00:00,1764216000,50175.0,50175.0,50175.0,50175.0,1,15,1,30.0
1387,-212,MNK,MNKZ25,H1,2025-11-27 05:00:00,1764219600,50215.0,50215.0,50215.0,50215.0,1,10,1,30.0
1388,-211,MNK,MNKZ25,H1,2025-11-27 06:00:00,1764223200,50205.0,50205.0,50205.0,50205.0,1,10,10,30.0
1389,-210,MNK,MNKZ25,H1,2025-11-27 07:00:00,1764226800,50155.0,50170.0,50150.0,50150.0,6,5,9,30.0
1390,-209,MNK,MNKZ25,H1,2025-11-27 08:00:00,1764230400,50110.0,50190.0,50070.0,50135.0,9,5,11,30.0
1391,-208,MNK,MNKZ25,H1,2025-11-27 09:00:00,1764234000,50070.0,50115.0,50070.0,50115.0,3,15,6,29.0
1392,-207,MNK,MNKZ25,H1,2025-11-27 10:00:00,1764237600,50100.0,50100.0,50100.0,50100.0,1,5,1,29.0
1393,-206,MNK,MNKZ25,H1,2025-11-27 11:00:00,1764241200,50175.0,50175.0,50175.0,50175.0,1,10,1,29.0
1394,-205,MNK,MNKZ25,H1,2025-11-27 12:00:00,1764244800,50175.0,50175.0,50175.0,50175.0,4,5,6,29.0
1395,-204,MNK,MNKZ25,H1,2025-11-27 13:00:00,1764248400,50135.0,50135.0,50105.0,50105.0,2,10,4,29.0
1396,-203,MNK,MNKZ25,H1,2025-11-27 14:00:00,1764252000,50080.0,50085.0,50030.0,50070.0,7,5,13,29.0
1397,-202,MNK,MNKZ25,H1,2025-11-27 16:00:00,1764259200,50105.0,50105.0,50105.0,50105.0,1,5,1,28.0
1398,-201,MNK,MNKZ25,H1,2025-11-27 17:00:00,1764262800,50080.0,50080.0,50080.0,50080.0,1,465,1,28.0
1399,-200,MNK,MNKZ25,H1,2025-11-27 23:00:00,1764284400,50200.0,50230.0,50130.0,50230.0,9,10,13,28.0
1400,-199,MNK,MNKZ25,H1,2025-11-28 00:00:00,1764288000,50195.0,50220.0,50075.0,50115.0,24,5,27,28.0
1401,-198,MNK,MNKZ25,H1,2025-11-28 01:00:00,1764291600,50110.0,50235.0,50065.0,50120.0,22,5,26,27.0
1402,-197,MNK,MNKZ25,H1,2025-11-28 02:00:00,1764295200,50185.0,50185.0,50185.0,50185.0,1,20,1,27.0
1403,-196,MNK,MNKZ25,H1,2025-11-28 13:00:00,1764334800,50195.0,50195.0,50130.0,50135.0,10,10,20,27.0
1404,-195,MNK,MNKZ25,H1,2025-11-28 14:00:00,1764338400,50145.0,50185.0,50145.0,50185.0,7,5,29,27.0
1405,-194,MNK,MNKZ25,H1,2025-11-28 15:00:00,1764342000,50145.0,50145.0,50145.0,50145.0,1,5,1,26.0
1406,-193,MNK,MNKZ25,H1,2025-11-28 16:00:00,1764345600,50155.0,50235.0,50145.0,50235.0,11,5,25,26.0
1407,-192,MNK,MNKZ25,H1,2025-11-28 17:00:00,1764349200,50240.0,50285.0,50240.0,50285.0,3,100,3,26.0
1408,-191,MNK,MNKZ25,H1,2025-11-28 18:00:00,1764352800,50290.0,50320.0,50265.0,50265.0,17,55,21,26.0
1409,-190,MNK,MNKZ25,H1,2025-11-30 23:00:00,1764543600,50330.0,50420.0,50235.0,50270.0,45,5,73,25.0
1410,-189,MNK,MNKZ25,H1,2025-12-01 00:00:00,1764547200,50380.0,50380.0,49590.0,49650.0,71,5,113,26.0
1411,-188,MNK,MNKZ25,H1,2025-12-01 01:00:00,1764550800,49675.0,49675.0,49335.0,49540.0,48,5,63,26.0
1412,-187,MNK,MNKZ25,H1,2025-12-01 02:00:00,1764554400,49495.0,49505.0,49355.0,49390.0,25,5,50,26.0
1413,-186,MNK,MNKZ25,H1,2025-12-01 03:00:00,1764558000,49360.0,49435.0,49345.0,49370.0,29,5,63,27.0
1414,-185,MNK,MNKZ25,H1,2025-12-01 04:00:00,1764561600,49325.0,49400.0,49310.0,49400.0,7,5,10,27.0
1415,-184,MNK,MNKZ25,H1,2025-12-01 05:00:00,1764565200,49280.0,49330.0,49250.0,49330.0,16,5,27,27.0
1416,-183,MNK,MNKZ25,H1,2025-12-01 06:00:00,1764568800,49325.0,49360.0,49290.0,49300.0,14,5,17,27.0
1417,-182,MNK,MNKZ25,H1,2025-12-01 07:00:00,1764572400,49285.0,49285.0,49285.0,49285.0,1,10,2,26.0
1418,-181,MNK,MNKZ25,H1,2025-12-01 08:00:00,1764576000,49315.0,49420.0,49315.0,49400.0,19,5,41,27.0
1419,-180,MNK,MNKZ25,H1,2025-12-01 09:00:00,1764579600,49425.0,49460.0,49280.0,49280.0,22,5,40,27.0
1420,-179,MNK,MNKZ25,H1,2025-12-01 10:00:00,1764583200,49280.0,49300.0,49280.0,49285.0,4,5,7,27.0
1421,-178,MNK,MNKZ25,H1,2025-12-01 11:00:00,1764586800,49250.0,49280.0,49220.0,49240.0,5,5,11,27.0
1422,-177,MNK,MNKZ25,H1,2025-12-01 12:00:00,1764590400,49140.0,49140.0,49090.0,49115.0,10,5,18,27.0
1423,-176,MNK,MNKZ25,H1,2025-12-01 13:00:00,1764594000,49115.0,49265.0,49115.0,49265.0,11,5,37,27.0
1424,-175,MNK,MNKZ25,H1,2025-12-01 14:00:00,1764597600,49265.0,49515.0,49220.0,49510.0,33,5,50,26.0
1425,-174,MNK,MNKZ25,H1,2025-12-01 15:00:00,1764601200,49505.0,49510.0,49445.0,49500.0,13,5,15,26.0
1426,-173,MNK,MNKZ25,H1,2025-12-01 16:00:00,1764604800,49545.0,49550.0,49545.0,49550.0,2,5,2,25.0
1427,-172,MNK,MNKZ25,H1,2025-12-01 17:00:00,1764608400,49560.0,49585.0,49560.0,49575.0,6,5,13,25.0
1428,-171,MNK,MNKZ25,H1,2025-12-01 18:00:00,1764612000,49560.0,49595.0,49560.0,49595.0,8,5,9,25.0
1429,-170,MNK,MNKZ25,H1,2025-12-01 19:00:00,1764615600,49635.0,49635.0,49510.0,49525.0,11,5,15,24.0
1430,-169,MNK,MNKZ25,H1,2025-12-01 20:00:00,1764619200,49480.0,49485.0,49470.0,49470.0,3,5,3,24.0
1431,-168,MNK,MNKZ25,H1,2025-12-01 21:00:00,1764622800,49470.0,49490.0,49460.0,49460.0,15,5,22,24.0
1432,-167,MNK,MNKZ25,H1,2025-12-01 23:00:00,1764630000,49525.0,49605.0,49525.0,49600.0,9,5,19,23.0
1433,-166,MNK,MNKZ25,H1,2025-12-02 00:00:00,1764633600,49580.0,49645.0,49460.0,49575.0,19,5,29,22.0
1434,-165,MNK,MNKZ25,H1,2025-12-02 01:00:00,1764637200,49515.0,49630.0,49515.0,49615.0,25,5,99,23.0
1435,-164,MNK,MNKZ25,H1,2025-12-02 02:00:00,1764640800,49590.0,49615.0,49565.0,49615.0,18,0,29,23.0
1436,-163,MNK,MNKZ25,H1,2025-12-02 03:00:00,1764644400,49540.0,49540.0,49330.0,49530.0,23,5,43,23.0
1437,-162,MNK,MNKZ25,H1,2025-12-02 04:00:00,1764648000,49470.0,49470.0,49390.0,49390.0,8,5,16,23.0
1438,-161,MNK,MNKZ25,H1,2025-12-02 06:00:00,1764655200,49290.0,49330.0,49275.0,49330.0,21,5,51,23.0
1439,-160,MNK,MNKZ25,H1,2025-12-02 07:00:00,1764658800,49350.0,49350.0,49350.0,49350.0,1,10,2,23.0
1440,-159,MNK,MNKZ25,H1,2025-12-02 08:00:00,1764662400,49365.0,49450.0,49365.0,49450.0,6,5,15,23.0
1441,-158,MNK,MNKZ25,H1,2025-12-02 09:00:00,1764666000,49525.0,49530.0,49480.0,49495.0,18,5,58,23.0
1442,-157,MNK,MNKZ25,H1,2025-12-02 10:00:00,1764669600,49525.0,49565.0,49520.0,49565.0,4,5,6,24.0
1443,-156,MNK,MNKZ25,H1,2025-12-02 11:00:00,1764673200,49590.0,49620.0,49585.0,49610.0,13,5,15,24.0
1444,-155,MNK,MNKZ25,H1,2025-12-02 12:00:00,1764676800,49560.0,49660.0,49560.0,49660.0,19,5,21,23.0
1445,-154,MNK,MNKZ25,H1,2025-12-02 13:00:00,1764680400,49635.0,49645.0,49635.0,49645.0,2,5,2,22.0
1446,-153,MNK,MNKZ25,H1,2025-12-02 14:00:00,1764684000,49610.0,49750.0,49560.0,49615.0,36,5,44,23.0
1447,-152,MNK,MNKZ25,H1,2025-12-02 15:00:00,1764687600,49630.0,49665.0,49480.0,49620.0,37,5,50,23.0
1448,-151,MNK,MNKZ25,H1,2025-12-02 16:00:00,1764691200,49610.0,49640.0,49335.0,49440.0,56,5,97,24.0
1449,-150,MNK,MNKZ25,H1,2025-12-02 17:00:00,1764694800,49540.0,49565.0,49540.0,49565.0,2,10,3,24.0
1450,-149,MNK,MNKZ25,H1,2025-12-02 18:00:00,1764698400,49420.0,49500.0,49420.0,49500.0,2,5,2,24.0
1451,-148,MNK,MNKZ25,H1,2025-12-02 19:00:00,1764702000,49540.0,49540.0,49535.0,49535.0,2,5,2,23.0
1452,-147,MNK,MNKZ25,H1,2025-12-02 20:00:00,1764705600,49580.0,49580.0,49545.0,49555.0,7,5,7,23.0
1453,-146,MNK,MNKZ25,H1,2025-12-02 21:00:00,1764709200,49565.0,49595.0,49560.0,49570.0,11,20,11,23.0
1454,-145,MNK,MNKZ25,H1,2025-12-02 23:00:00,1764716400,49655.0,49655.0,49590.0,49590.0,8,10,17,22.0
1455,-144,MNK,MNKZ25,H1,2025-12-03 00:00:00,1764720000,49750.0,49815.0,49655.0,49720.0,22,5,34,22.0
1456,-143,MNK,MNKZ25,H1,2025-12-03 01:00:00,1764723600,49775.0,49775.0,49655.0,49655.0,18,5,47,23.0
1457,-142,MNK,MNKZ25,H1,2025-12-03 02:00:00,1764727200,49695.0,49930.0,49695.0,49910.0,30,5,44,24.0
1458,-141,MNK,MNKZ25,H1,2025-12-03 03:00:00,1764730800,49920.0,50145.0,49920.0,50100.0,21,5,28,24.0
1459,-140,MNK,MNKZ25,H1,2025-12-03 04:00:00,1764734400,50080.0,50115.0,50060.0,50115.0,6,5,6,24.0
1460,-139,MNK,MNKZ25,H1,2025-12-03 05:00:00,1764738000,50145.0,50145.0,50070.0,50070.0,5,10,5,24.0
1461,-138,MNK,MNKZ25,H1,2025-12-03 06:00:00,1764741600,50035.0,50035.0,49830.0,49875.0,35,5,44,24.0
1462,-137,MNK,MNKZ25,H1,2025-12-03 07:00:00,1764745200,49950.0,49950.0,49950.0,49950.0,1,5,1,24.0
1463,-136,MNK,MNKZ25,H1,2025-12-03 08:00:00,1764748800,49870.0,49880.0,49870.0,49870.0,8,10,32,25.0
1464,-135,MNK,MNKZ25,H1,2025-12-03 09:00:00,1764752400,49860.0,49860.0,49795.0,49795.0,8,5,13,25.0
1465,-134,MNK,MNKZ25,H1,2025-12-03 10:00:00,1764756000,49795.0,49795.0,49630.0,49630.0,6,5,14,25.0
1466,-133,MNK,MNKZ25,H1,2025-12-03 11:00:00,1764759600,49635.0,49635.0,49635.0,49635.0,1,20,5,25.0
1467,-132,MNK,MNKZ25,H1,2025-12-03 12:00:00,1764763200,49725.0,49740.0,49725.0,49735.0,8,5,12,25.0
1468,-131,MNK,MNKZ25,H1,2025-12-03 13:00:00,1764766800,49730.0,49730.0,49650.0,49705.0,11,5,15,25.0
1469,-130,MNK,MNKZ25,H1,2025-12-03 14:00:00,1764770400,49650.0,49650.0,49345.0,49425.0,63,5,131,27.0
1470,-129,MNK,MNKZ25,H1,2025-12-03 15:00:00,1764774000,49445.0,49710.0,49445.0,49645.0,32,5,62,28.0
1471,-128,MNK,MNKZ25,H1,2025-12-03 16:00:00,1764777600,49665.0,49710.0,49640.0,49665.0,10,5,10,28.0
1472,-127,MNK,MNKZ25,H1,2025-12-03 17:00:00,1764781200,49710.0,49710.0,49710.0,49710.0,1,5,1,27.0
1473,-126,MNK,MNKZ25,H1,2025-12-03 18:00:00,1764784800,49695.0,49730.0,49695.0,49720.0,4,5,4,27.0
1474,-125,MNK,MNKZ25,H1,2025-12-03 19:00:00,1764788400,49755.0,49820.0,49755.0,49820.0,7,5,15,27.0
1475,-124,MNK,MNKZ25,H1,2025-12-03 20:00:00,1764792000,49840.0,49905.0,49840.0,49895.0,20,5,25,27.0
1476,-123,MNK,MNKZ25,H1,2025-12-03 21:00:00,1764795600,49890.0,49890.0,49820.0,49820.0,4,15,6,27.0
1477,-122,MNK,MNKZ25,H1,2025-12-03 23:00:00,1764802800,49920.0,49920.0,49840.0,49850.0,13,5,27,27.0
1478,-121,MNK,MNKZ25,H1,2025-12-04 00:00:00,1764806400,49950.0,50370.0,49950.0,50205.0,67,5,113,29.0
1479,-120,MNK,MNKZ25,H1,2025-12-04 01:00:00,1764810000,50240.0,50555.0,50235.0,50515.0,29,5,74,30.0
1480,-119,MNK,MNKZ25,H1,2025-12-04 02:00:00,1764813600,50555.0,50605.0,50520.0,50590.0,12,5,31,30.0
1481,-118,MNK,MNKZ25,H1,2025-12-04 03:00:00,1764817200,50580.0,50675.0,50525.0,50670.0,24,5,44,29.0
1482,-117,MNK,MNKZ25,H1,2025-12-04 04:00:00,1764820800,50695.0,50785.0,50685.0,50765.0,45,5,58,29.0
1483,-116,MNK,MNKZ25,H1,2025-12-04 05:00:00,1764824400,50795.0,50915.0,50795.0,50870.0,63,5,166,30.0
1484,-115,MNK,MNKZ25,H1,2025-12-04 06:00:00,1764828000,50940.0,51070.0,50940.0,51010.0,36,5,72,30.0
1485,-114,MNK,MNKZ25,H1,2025-12-04 07:00:00,1764831600,50990.0,50990.0,50940.0,50940.0,6,5,6,29.0
1486,-113,MNK,MNKZ25,H1,2025-12-04 08:00:00,1764835200,50880.0,50885.0,50720.0,50770.0,22,5,68,30.0
1487,-112,MNK,MNKZ25,H1,2025-12-04 09:00:00,1764838800,50785.0,50980.0,50780.0,50980.0,25,5,39,30.0
1488,-111,MNK,MNKZ25,H1,2025-12-04 10:00:00,1764842400,50990.0,50990.0,50880.0,50890.0,9,5,9,30.0
1489,-110,MNK,MNKZ25,H1,2025-12-04 11:00:00,1764846000,50830.0,50855.0,50790.0,50810.0,18,5,44,31.0
1490,-109,MNK,MNKZ25,H1,2025-12-04 12:00:00,1764849600,50830.0,50840.0,50810.0,50810.0,7,5,8,30.0
1491,-108,MNK,MNKZ25,H1,2025-12-04 13:00:00,1764853200,50775.0,50830.0,50760.0,50785.0,16,5,22,30.0
1492,-107,MNK,MNKZ25,H1,2025-12-04 14:00:00,1764856800,50860.0,50875.0,50650.0,50705.0,41,5,96,31.0
1493,-106,MNK,MNKZ25,H1,2025-12-04 15:00:00,1764860400,50650.0,50660.0,50580.0,50580.0,30,5,48,32.0
1494,-105,MNK,MNKZ25,H1,2025-12-04 16:00:00,1764864000,50565.0,50600.0,50520.0,50600.0,7,5,26,32.0
1495,-104,MNK,MNKZ25,H1,2025-12-04 17:00:00,1764867600,50585.0,50585.0,50585.0,50585.0,1,10,1,32.0
1496,-103,MNK,MNKZ25,H1,2025-12-04 18:00:00,1764871200,50585.0,50605.0,50585.0,50605.0,3,5,3,31.0
1497,-102,MNK,MNKZ25,H1,2025-12-04 19:00:00,1764874800,50575.0,50590.0,50440.0,50590.0,22,5,38,31.0
1498,-101,MNK,MNKZ25,H1,2025-12-04 20:00:00,1764878400,50480.0,50580.0,50470.0,50570.0,12,5,21,32.0
1499,-100,MNK,MNKZ25,H1,2025-12-04 21:00:00,1764882000,50590.0,50600.0,50575.0,50600.0,8,15,8,31.0
1500,-99,MNK,MNKZ25,H1,2025-12-04 23:00:00,1764889200,50570.0,50660.0,50500.0,50500.0,18,5,22,32.0
1501,-98,MNK,MNKZ25,H1,2025-12-05 00:00:00,1764892800,50485.0,50490.0,50350.0,50360.0,53,5,129,33.0
1502,-97,MNK,MNKZ25,H1,2025-12-05 01:00:00,1764896400,50335.0,50370.0,50250.0,50255.0,32,5,107,35.0
1503,-96,MNK,MNKZ25,H1,2025-12-05 02:00:00,1764900000,50300.0,50450.0,50300.0,50365.0,23,5,31,35.0
1504,-95,MNK,MNKZ25,H1,2025-12-05 03:00:00,1764903600,50355.0,50355.0,50335.0,50335.0,3,15,5,35.0
1505,-94,MNK,MNKZ25,H1,2025-12-05 04:00:00,1764907200,50375.0,50395.0,50370.0,50370.0,4,5,8,34.0
1506,-93,MNK,MNKZ25,H1,2025-12-05 05:00:00,1764910800,50390.0,50445.0,50390.0,50435.0,13,5,14,33.0
1507,-92,MNK,MNKZ25,H1,2025-12-05 06:00:00,1764914400,50435.0,50540.0,50435.0,50540.0,11,5,17,33.0
1508,-91,MNK,MNKZ25,H1,2025-12-05 07:00:00,1764918000,50470.0,50475.0,50470.0,50470.0,3,5,13,33.0
1509,-90,MNK,MNKZ25,H1,2025-12-05 08:00:00,1764921600,50500.0,50500.0,50500.0,50500.0,1,10,2,32.0
1510,-89,MNK,MNKZ25,H1,2025-12-05 09:00:00,1764925200,50550.0,50560.0,50550.0,50560.0,2,5,2,32.0
1511,-88,MNK,MNKZ25,H1,2025-12-05 10:00:00,1764928800,50650.0,50720.0,50650.0,50720.0,13,5,16,32.0
1512,-87,MNK,MNKZ25,H1,2025-12-05 11:00:00,1764932400,50685.0,50700.0,50680.0,50700.0,6,5,6,32.0
1513,-86,MNK,MNKZ25,H1,2025-12-05 12:00:00,1764936000,50725.0,50760.0,50720.0,50750.0,12,5,16,31.0
1514,-85,MNK,MNKZ25,H1,2025-12-05 13:00:00,1764939600,50735.0,50735.0,50535.0,50605.0,9,5,11,31.0
1515,-84,MNK,MNKZ25,H1,2025-12-05 14:00:00,1764943200,50760.0,50805.0,50705.0,50785.0,18,5,19,31.0
1516,-83,MNK,MNKZ25,H1,2025-12-05 15:00:00,1764946800,50770.0,50855.0,50625.0,50640.0,16,5,19,31.0
1517,-82,MNK,MNKZ25,H1,2025-12-05 16:00:00,1764950400,50640.0,50640.0,50560.0,50610.0,7,5,17,31.0
80,-296,MNK,MNKH26,H1,2025-12-05 17:00:00,1764954000,50850.0,50855.0,50850.0,50855.0,2,105,2,0.0
1518,-81,MNK,MNKZ25,H1,2025-12-05 19:00:00,1764961200,50670.0,50670.0,50670.0,50670.0,1,10,1,31.0
1519,-80,MNK,MNKZ25,H1,2025-12-05 20:00:00,1764964800,50715.0,50715.0,50675.0,50675.0,3,5,3,30.0
1520,-79,MNK,MNKZ25,H1,2025-12-05 21:00:00,1764968400,50720.0,50720.0,50640.0,50650.0,11,5,11,29.0
1521,-78,MNK,MNKZ25,H1,2025-12-07 23:00:00,1765148400,50525.0,50740.0,50485.0,50735.0,23,5,27,29.0
1522,-77,MNK,MNKZ25,H1,2025-12-08 00:00:00,1765152000,50640.0,50640.0,50270.0,50470.0,24,5,29,30.0
1523,-76,MNK,MNKZ25,H1,2025-12-08 01:00:00,1765155600,50485.0,50485.0,50330.0,50405.0,13,5,31,30.0
1524,-75,MNK,MNKZ25,H1,2025-12-08 02:00:00,1765159200,50465.0,50495.0,50450.0,50450.0,3,5,4,30.0
1525,-74,MNK,MNKZ25,H1,2025-12-08 03:00:00,1765162800,50420.0,50535.0,50420.0,50480.0,5,5,5,30.0
1526,-73,MNK,MNKZ25,H1,2025-12-08 04:00:00,1765166400,50430.0,50520.0,50430.0,50520.0,10,5,10,30.0
1527,-72,MNK,MNKZ25,H1,2025-12-08 05:00:00,1765170000,50515.0,50540.0,50495.0,50495.0,4,5,4,29.0
1528,-71,MNK,MNKZ25,H1,2025-12-08 06:00:00,1765173600,50595.0,50595.0,50580.0,50580.0,5,5,5,29.0
1529,-70,MNK,MNKZ25,H1,2025-12-08 07:00:00,1765177200,50585.0,50630.0,50555.0,50605.0,10,5,17,28.0
1530,-69,MNK,MNKZ25,H1,2025-12-08 08:00:00,1765180800,50580.0,50665.0,50580.0,50665.0,6,5,16,28.0
1531,-68,MNK,MNKZ25,H1,2025-12-08 09:00:00,1765184400,50685.0,50695.0,50665.0,50665.0,4,5,13,28.0
1532,-67,MNK,MNKZ25,H1,2025-12-08 10:00:00,1765188000,50615.0,50660.0,50585.0,50660.0,13,5,31,29.0
1533,-66,MNK,MNKZ25,H1,2025-12-08 11:00:00,1765191600,50555.0,50555.0,50555.0,50555.0,1,5,1,28.0
1534,-65,MNK,MNKZ25,H1,2025-12-08 12:00:00,1765195200,50575.0,50575.0,50540.0,50540.0,3,5,3,28.0
1535,-64,MNK,MNKZ25,H1,2025-12-08 13:00:00,1765198800,50560.0,50560.0,50560.0,50560.0,2,5,2,28.0
1536,-63,MNK,MNKZ25,H1,2025-12-08 14:00:00,1765202400,50490.0,50490.0,50325.0,50370.0,37,5,132,29.0
1537,-62,MNK,MNKZ25,H1,2025-12-08 15:00:00,1765206000,50400.0,50420.0,50310.0,50310.0,30,5,53,30.0
1538,-61,MNK,MNKZ25,H1,2025-12-08 16:00:00,1765209600,50245.0,50285.0,50245.0,50285.0,9,5,18,30.0
1539,-60,MNK,MNKZ25,H1,2025-12-08 17:00:00,1765213200,50235.0,50265.0,50225.0,50265.0,5,5,16,30.0
1540,-59,MNK,MNKZ25,H1,2025-12-08 18:00:00,1765216800,50375.0,50375.0,50250.0,50250.0,6,5,9,30.0
1541,-58,MNK,MNKZ25,H1,2025-12-08 19:00:00,1765220400,50210.0,50215.0,50210.0,50215.0,9,10,11,28.0
1542,-57,MNK,MNKZ25,H1,2025-12-08 20:00:00,1765224000,50260.0,50335.0,50260.0,50330.0,16,5,27,28.0
1543,-56,MNK,MNKZ25,H1,2025-12-08 21:00:00,1765227600,50360.0,50380.0,50335.0,50360.0,13,5,26,28.0
1544,-55,MNK,MNKZ25,H1,2025-12-08 23:00:00,1765234800,50410.0,50465.0,50400.0,50430.0,8,5,34,29.0
1545,-54,MNK,MNKZ25,H1,2025-12-09 00:00:00,1765238400,50595.0,50785.0,50450.0,50515.0,26,5,42,29.0
1546,-53,MNK,MNKZ25,H1,2025-12-09 01:00:00,1765242000,50530.0,50550.0,50485.0,50525.0,17,5,40,30.0
1547,-52,MNK,MNKZ25,H1,2025-12-09 02:00:00,1765245600,50595.0,50690.0,50595.0,50650.0,11,5,11,29.0
1548,-51,MNK,MNKZ25,H1,2025-12-09 03:00:00,1765249200,50720.0,50770.0,50720.0,50740.0,9,5,11,29.0
1549,-50,MNK,MNKZ25,H1,2025-12-09 04:00:00,1765252800,50705.0,50730.0,50655.0,50655.0,5,5,6,29.0
1550,-49,MNK,MNKZ25,H1,2025-12-09 05:00:00,1765256400,50575.0,50690.0,50575.0,50690.0,2,25,2,28.0
1551,-48,MNK,MNKZ25,H1,2025-12-09 06:00:00,1765260000,50650.0,50800.0,50620.0,50800.0,12,5,27,27.0
1552,-47,MNK,MNKZ25,H1,2025-12-09 07:00:00,1765263600,50820.0,50880.0,50820.0,50880.0,5,5,15,27.0
1553,-46,MNK,MNKZ25,H1,2025-12-09 08:00:00,1765267200,50885.0,50980.0,50885.0,50945.0,16,5,34,27.0
1554,-45,MNK,MNKZ25,H1,2025-12-09 09:00:00,1765270800,50875.0,50900.0,50825.0,50825.0,4,5,16,26.0
1555,-44,MNK,MNKZ25,H1,2025-12-09 10:00:00,1765274400,50850.0,50875.0,50720.0,50855.0,12,5,25,24.0
1556,-43,MNK,MNKZ25,H1,2025-12-09 11:00:00,1765278000,50895.0,50895.0,50895.0,50895.0,1,15,3,23.0
1557,-42,MNK,MNKZ25,H1,2025-12-09 12:00:00,1765281600,50900.0,50900.0,50900.0,50900.0,1,10,1,23.0
1558,-41,MNK,MNKZ25,H1,2025-12-09 13:00:00,1765285200,50850.0,50850.0,50755.0,50755.0,34,5,58,23.0
1559,-40,MNK,MNKZ25,H1,2025-12-09 14:00:00,1765288800,50770.0,50880.0,50745.0,50880.0,17,5,18,23.0
1560,-39,MNK,MNKZ25,H1,2025-12-09 15:00:00,1765292400,50900.0,50980.0,50885.0,50980.0,13,5,26,23.0
1561,-38,MNK,MNKZ25,H1,2025-12-09 16:00:00,1765296000,50990.0,51025.0,50950.0,50950.0,14,5,25,23.0
1562,-37,MNK,MNKZ25,H1,2025-12-09 17:00:00,1765299600,50935.0,50960.0,50920.0,50930.0,7,5,15,23.0
1563,-36,MNK,MNKZ25,H1,2025-12-09 18:00:00,1765303200,50935.0,50935.0,50895.0,50905.0,8,5,9,22.0
1564,-35,MNK,MNKZ25,H1,2025-12-09 19:00:00,1765306800,50890.0,50890.0,50855.0,50865.0,4,5,4,21.0
1565,-34,MNK,MNKZ25,H1,2025-12-09 20:00:00,1765310400,50850.0,50870.0,50840.0,50860.0,8,5,27,21.0
8,-3,MNK,MNKM26,H1,2025-12-09 21:00:00,1765314000,50980.0,50980.0,50980.0,50980.0,0,0,0,0.0
1566,-33,MNK,MNKZ25,H1,2025-12-09 23:00:00,1765321200,50810.0,50890.0,50810.0,50890.0,6,5,14,21.0
1567,-32,MNK,MNKZ25,H1,2025-12-10 00:00:00,1765324800,50885.0,51120.0,50865.0,50865.0,12,5,20,21.0
1568,-31,MNK,MNKZ25,H1,2025-12-10 01:00:00,1765328400,50740.0,50740.0,50410.0,50410.0,20,5,35,21.0
1569,-30,MNK,MNKZ25,H1,2025-12-10 02:00:00,1765332000,50520.0,50530.0,50420.0,50420.0,5,5,6,21.0
122,-254,MNK,MNKH26,H1,2025-12-10 03:00:00,1765335600,50715.0,50715.0,50715.0,50715.0,1,5,1,9.0
123,-253,MNK,MNKH26,H1,2025-12-10 04:00:00,1765339200,50740.0,50740.0,50720.0,50720.0,2,10,2,9.0
1570,-29,MNK,MNKZ25,H1,2025-12-10 05:00:00,1765342800,50435.0,50445.0,50380.0,50445.0,8,5,23,21.0
1571,-28,MNK,MNKZ25,H1,2025-12-10 06:00:00,1765346400,50515.0,50610.0,50515.0,50605.0,19,5,32,21.0
1572,-27,MNK,MNKZ25,H1,2025-12-10 07:00:00,1765350000,50585.0,50585.0,50585.0,50585.0,1,10,1,21.0
1573,-26,MNK,MNKZ25,H1,2025-12-10 08:00:00,1765353600,50530.0,50575.0,50520.0,50575.0,9,5,24,20.0
1574,-25,MNK,MNKZ25,H1,2025-12-10 09:00:00,1765357200,50560.0,50560.0,50560.0,50560.0,1,5,1,18.0
1575,-24,MNK,MNKZ25,H1,2025-12-10 10:00:00,1765360800,50600.0,50655.0,50555.0,50555.0,14,5,18,18.0
1576,-23,MNK,MNKZ25,H1,2025-12-10 11:00:00,1765364400,50495.0,50510.0,50450.0,50450.0,7,5,11,18.0
1577,-22,MNK,MNKZ25,H1,2025-12-10 13:00:00,1765371600,50520.0,50585.0,50520.0,50585.0,5,5,6,18.0
1578,-21,MNK,MNKZ25,H1,2025-12-10 14:00:00,1765375200,50540.0,50540.0,50500.0,50515.0,6,5,16,18.0
1579,-20,MNK,MNKZ25,H1,2025-12-10 15:00:00,1765378800,50475.0,50475.0,50405.0,50410.0,12,5,30,18.0
1580,-19,MNK,MNKZ25,H1,2025-12-10 16:00:00,1765382400,50540.0,50540.0,50530.0,50540.0,6,5,22,18.0
1581,-18,MNK,MNKZ25,H1,2025-12-10 17:00:00,1765386000,50510.0,50510.0,50510.0,50510.0,1,5,2,18.0
1582,-17,MNK,MNKZ25,H1,2025-12-10 18:00:00,1765389600,50505.0,50505.0,50505.0,50505.0,2,5,8,18.0
1583,-16,MNK,MNKZ25,H1,2025-12-10 19:00:00,1765393200,50570.0,50680.0,50545.0,50575.0,19,5,35,19.0
1584,-15,MNK,MNKZ25,H1,2025-12-10 20:00:00,1765396800,50785.0,50900.0,50785.0,50870.0,18,5,32,19.0
1585,-14,MNK,MNKZ25,H1,2025-12-10 21:00:00,1765400400,50925.0,51015.0,50925.0,50980.0,7,5,16,19.0
1586,-13,MNK,MNKZ25,H1,2025-12-10 23:00:00,1765407600,50760.0,50770.0,50680.0,50690.0,5,5,5,19.0
1587,-12,MNK,MNKZ25,H1,2025-12-11 00:00:00,1765411200,50645.0,50655.0,50645.0,50655.0,2,5,2,19.0
1588,-11,MNK,MNKZ25,H1,2025-12-11 01:00:00,1765414800,50540.0,50540.0,50540.0,50540.0,1,15,1,18.0
1589,-10,MNK,MNKZ25,H1,2025-12-11 02:00:00,1765418400,50425.0,50425.0,50265.0,50265.0,8,5,13,18.0
1590,-9,MNK,MNKZ25,H1,2025-12-11 03:00:00,1765422000,50150.0,50150.0,49970.0,50095.0,30,5,79,20.0
1591,-8,MNK,MNKZ25,H1,2025-12-11 04:00:00,1765425600,50130.0,50130.0,50130.0,50130.0,1,20,1,19.0
1592,-7,MNK,MNKZ25,H1,2025-12-11 05:00:00,1765429200,50105.0,50105.0,50105.0,50105.0,1,20,3,19.0
1593,-6,MNK,MNKZ25,H1,2025-12-11 06:00:00,1765432800,50240.0,50240.0,50240.0,50240.0,1,15,1,19.0
147,-229,MNK,MNKH26,H1,2025-12-11 07:00:00,1765436400,50440.0,50485.0,50425.0,50455.0,7,5,21,18.0
1594,-5,MNK,MNKZ25,H1,2025-12-11 08:00:00,1765440000,50230.0,50315.0,50230.0,50315.0,3,5,9,19.0
149,-227,MNK,MNKH26,H1,2025-12-11 09:00:00,1765443600,50545.0,50615.0,50545.0,50615.0,4,5,6,19.0
150,-226,MNK,MNKH26,H1,2025-12-11 10:00:00,1765447200,50645.0,50645.0,50590.0,50625.0,8,5,10,19.0
1596,-3,MNK,MNKZ25,H1,2025-12-11 11:00:00,1765450800,50400.0,50445.0,50400.0,50445.0,5,5,5,18.0
151,-225,MNK,MNKH26,H1,2025-12-11 12:00:00,1765454400,50660.0,50685.0,50660.0,50680.0,3,5,12,19.0
152,-224,MNK,MNKH26,H1,2025-12-11 13:00:00,1765458000,50720.0,50720.0,50640.0,50655.0,19,5,49,20.0
153,-223,MNK,MNKH26,H1,2025-12-11 14:00:00,1765461600,50700.0,50705.0,50435.0,50450.0,39,5,165,22.0
154,-222,MNK,MNKH26,H1,2025-12-11 15:00:00,1765465200,50440.0,50740.0,50440.0,50640.0,26,5,60,23.0
155,-221,MNK,MNKH26,H1,2025-12-11 16:00:00,1765468800,50740.0,50775.0,50655.0,50690.0,31,5,57,23.0
156,-220,MNK,MNKH26,H1,2025-12-11 17:00:00,1765472400,50715.0,50815.0,50710.0,50815.0,9,5,26,23.0
157,-219,MNK,MNKH26,H1,2025-12-11 18:00:00,1765476000,50795.0,50895.0,50795.0,50890.0,11,5,24,24.0
158,-218,MNK,MNKH26,H1,2025-12-11 19:00:00,1765479600,50900.0,51035.0,50900.0,51035.0,19,5,20,24.0
159,-217,MNK,MNKH26,H1,2025-12-11 20:00:00,1765483200,51050.0,51085.0,51020.0,51085.0,20,5,46,25.0
160,-216,MNK,MNKH26,H1,2025-12-11 21:00:00,1765486800,51095.0,51150.0,51085.0,51085.0,20,10,21,25.0
161,-215,MNK,MNKH26,H1,2025-12-11 23:00:00,1765494000,50960.0,51065.0,50950.0,50950.0,14,5,14,25.0
162,-214,MNK,MNKH26,H1,2025-12-12 00:00:00,1765497600,50820.0,51320.0,50820.0,51160.0,35,5,73,26.0
163,-213,MNK,MNKH26,H1,2025-12-12 01:00:00,1765501200,51125.0,51125.0,50640.0,50815.0,23,5,33,26.0
164,-212,MNK,MNKH26,H1,2025-12-12 02:00:00,1765504800,50845.0,50850.0,50800.0,50840.0,7,5,9,26.0
165,-211,MNK,MNKH26,H1,2025-12-12 03:00:00,1765508400,50815.0,50815.0,50740.0,50740.0,4,5,10,26.0
166,-210,MNK,MNKH26,H1,2025-12-12 04:00:00,1765512000,50725.0,50740.0,50675.0,50685.0,9,5,18,27.0
167,-209,MNK,MNKH26,H1,2025-12-12 05:00:00,1765515600,51000.0,51005.0,51000.0,51005.0,2,5,2,27.0
168,-208,MNK,MNKH26,H1,2025-12-12 06:00:00,1765519200,51040.0,51065.0,50865.0,50865.0,21,5,32,27.0
169,-207,MNK,MNKH26,H1,2025-12-12 07:00:00,1765522800,50870.0,50915.0,50855.0,50915.0,16,5,52,28.0
170,-206,MNK,MNKH26,H1,2025-12-12 08:00:00,1765526400,50840.0,50840.0,50840.0,50840.0,1,10,1,27.0
171,-205,MNK,MNKH26,H1,2025-12-12 09:00:00,1765530000,50780.0,50810.0,50780.0,50810.0,2,5,2,27.0
172,-204,MNK,MNKH26,H1,2025-12-12 10:00:00,1765533600,50740.0,50765.0,50740.0,50740.0,3,5,3,27.0
173,-203,MNK,MNKH26,H1,2025-12-12 11:00:00,1765537200,50680.0,50690.0,50640.0,50640.0,4,10,5,27.0
174,-202,MNK,MNKH26,H1,2025-12-12 12:00:00,1765540800,50645.0,50745.0,50610.0,50745.0,10,5,22,27.0
175,-201,MNK,MNKH26,H1,2025-12-12 13:00:00,1765544400,50730.0,50825.0,50730.0,50825.0,6,5,6,27.0
176,-200,MNK,MNKH26,H1,2025-12-12 14:00:00,1765548000,50830.0,50840.0,50745.0,50760.0,18,5,47,28.0
177,-199,MNK,MNKH26,H1,2025-12-12 15:00:00,1765551600,50710.0,50710.0,50130.0,50155.0,47,5,103,29.0
178,-198,MNK,MNKH26,H1,2025-12-12 16:00:00,1765555200,50130.0,50155.0,49905.0,49945.0,27,5,51,29.0
179,-197,MNK,MNKH26,H1,2025-12-12 17:00:00,1765558800,50075.0,50215.0,50065.0,50215.0,15,5,32,30.0
180,-196,MNK,MNKH26,H1,2025-12-12 18:00:00,1765562400,50190.0,50290.0,50190.0,50290.0,16,5,28,28.0
181,-195,MNK,MNKH26,H1,2025-12-12 19:00:00,1765566000,50200.0,50205.0,50155.0,50155.0,10,5,29,29.0
182,-194,MNK,MNKH26,H1,2025-12-12 20:00:00,1765569600,50180.0,50180.0,50080.0,50165.0,19,5,38,29.0
183,-193,MNK,MNKH26,H1,2025-12-12 21:00:00,1765573200,50150.0,50260.0,50145.0,50260.0,4,5,4,28.0
184,-192,MNK,MNKH26,H1,2025-12-14 23:00:00,1765753200,50290.0,50300.0,50165.0,50220.0,15,5,20,28.0
185,-191,MNK,MNKH26,H1,2025-12-15 00:00:00,1765756800,50200.0,50520.0,50195.0,50370.0,36,5,54,29.0
186,-190,MNK,MNKH26,H1,2025-12-15 01:00:00,1765760400,50365.0,50410.0,50335.0,50390.0,14,5,19,29.0
187,-189,MNK,MNKH26,H1,2025-12-15 02:00:00,1765764000,50400.0,50410.0,50210.0,50250.0,16,5,17,29.0
188,-188,MNK,MNKH26,H1,2025-12-15 03:00:00,1765767600,50265.0,50265.0,50150.0,50170.0,7,5,9,29.0
189,-187,MNK,MNKH26,H1,2025-12-15 04:00:00,1765771200,50320.0,50320.0,50320.0,50320.0,1,20,1,29.0
190,-186,MNK,MNKH26,H1,2025-12-15 05:00:00,1765774800,50350.0,50395.0,50320.0,50395.0,7,10,9,29.0
191,-185,MNK,MNKH26,H1,2025-12-15 06:00:00,1765778400,50390.0,50400.0,50310.0,50310.0,12,5,18,29.0
192,-184,MNK,MNKH26,H1,2025-12-15 07:00:00,1765782000,50365.0,50365.0,50365.0,50365.0,1,15,1,28.0
193,-183,MNK,MNKH26,H1,2025-12-15 08:00:00,1765785600,50340.0,50445.0,50340.0,50435.0,9,5,26,28.0
194,-182,MNK,MNKH26,H1,2025-12-15 09:00:00,1765789200,50425.0,50440.0,50425.0,50440.0,3,5,10,28.0
195,-181,MNK,MNKH26,H1,2025-12-15 10:00:00,1765792800,50455.0,50460.0,50455.0,50460.0,3,5,5,28.0
196,-180,MNK,MNKH26,H1,2025-12-15 11:00:00,1765796400,50435.0,50440.0,50430.0,50440.0,4,5,13,28.0
197,-179,MNK,MNKH26,H1,2025-12-15 12:00:00,1765800000,50415.0,50505.0,50415.0,50490.0,3,5,4,28.0
198,-178,MNK,MNKH26,H1,2025-12-15 14:00:00,1765807200,50480.0,50480.0,50390.0,50390.0,3,10,11,27.0
199,-177,MNK,MNKH26,H1,2025-12-15 15:00:00,1765810800,50265.0,50280.0,50065.0,50245.0,21,5,36,28.0
200,-176,MNK,MNKH26,H1,2025-12-15 16:00:00,1765814400,50370.0,50385.0,50250.0,50300.0,9,5,10,28.0
201,-175,MNK,MNKH26,H1,2025-12-15 17:00:00,1765818000,50240.0,50240.0,50205.0,50205.0,3,5,4,28.0
202,-174,MNK,MNKH26,H1,2025-12-15 18:00:00,1765821600,50260.0,50260.0,50200.0,50200.0,4,5,5,28.0
203,-173,MNK,MNKH26,H1,2025-12-15 20:00:00,1765828800,50255.0,50255.0,50220.0,50220.0,12,5,12,28.0
204,-172,MNK,MNKH26,H1,2025-12-15 21:00:00,1765832400,50195.0,50225.0,50195.0,50225.0,6,5,8,27.0
205,-171,MNK,MNKH26,H1,2025-12-15 23:00:00,1765839600,50235.0,50235.0,50170.0,50170.0,4,10,6,27.0
206,-170,MNK,MNKH26,H1,2025-12-16 00:00:00,1765843200,49920.0,49920.0,49720.0,49880.0,5,5,6,27.0
207,-169,MNK,MNKH26,H1,2025-12-16 01:00:00,1765846800,49830.0,49900.0,49750.0,49785.0,9,5,13,27.0
208,-168,MNK,MNKH26,H1,2025-12-16 02:00:00,1765850400,49695.0,49715.0,49615.0,49670.0,23,5,28,27.0
209,-167,MNK,MNKH26,H1,2025-12-16 03:00:00,1765854000,49685.0,49735.0,49590.0,49735.0,12,5,13,27.0
210,-166,MNK,MNKH26,H1,2025-12-16 04:00:00,1765857600,49720.0,49720.0,49720.0,49720.0,1,15,1,27.0
211,-165,MNK,MNKH26,H1,2025-12-16 06:00:00,1765864800,49685.0,49685.0,49590.0,49630.0,6,15,7,26.0
212,-164,MNK,MNKH26,H1,2025-12-16 07:00:00,1765868400,49525.0,49525.0,49525.0,49525.0,1,15,1,26.0
213,-163,MNK,MNKH26,H1,2025-12-16 08:00:00,1765872000,49750.0,49845.0,49740.0,49845.0,5,5,9,25.0
214,-162,MNK,MNKH26,H1,2025-12-16 09:00:00,1765875600,49775.0,49780.0,49710.0,49710.0,5,5,6,24.0
215,-161,MNK,MNKH26,H1,2025-12-16 10:00:00,1765879200,49805.0,49805.0,49805.0,49805.0,1,10,1,23.0
216,-160,MNK,MNKH26,H1,2025-12-16 11:00:00,1765882800,49800.0,49815.0,49800.0,49800.0,5,5,5,22.0
217,-159,MNK,MNKH26,H1,2025-12-16 12:00:00,1765886400,49835.0,49885.0,49835.0,49865.0,6,5,10,22.0
218,-158,MNK,MNKH26,H1,2025-12-16 13:00:00,1765890000,49850.0,49955.0,49790.0,49790.0,5,5,5,22.0
219,-157,MNK,MNKH26,H1,2025-12-16 14:00:00,1765893600,49760.0,50020.0,49760.0,49990.0,26,5,92,23.0
220,-156,MNK,MNKH26,H1,2025-12-16 15:00:00,1765897200,49910.0,49910.0,49720.0,49880.0,7,10,8,22.0
221,-155,MNK,MNKH26,H1,2025-12-16 16:00:00,1765900800,49835.0,49875.0,49830.0,49875.0,9,5,19,23.0
222,-154,MNK,MNKH26,H1,2025-12-16 17:00:00,1765904400,49940.0,49940.0,49780.0,49780.0,10,5,42,23.0
223,-153,MNK,MNKH26,H1,2025-12-16 18:00:00,1765908000,49730.0,49850.0,49680.0,49805.0,28,5,50,24.0
224,-152,MNK,MNKH26,H1,2025-12-16 20:00:00,1765915200,49880.0,49935.0,49830.0,49830.0,9,5,11,23.0
225,-151,MNK,MNKH26,H1,2025-12-16 21:00:00,1765918800,49745.0,49745.0,49705.0,49705.0,3,10,3,21.0
226,-150,MNK,MNKH26,H1,2025-12-16 23:00:00,1765926000,49710.0,49710.0,49710.0,49710.0,1,40,1,20.0
227,-149,MNK,MNKH26,H1,2025-12-17 00:00:00,1765929600,49620.0,49620.0,49250.0,49500.0,34,5,36,20.0
228,-148,MNK,MNKH26,H1,2025-12-17 01:00:00,1765933200,49520.0,49735.0,49490.0,49735.0,28,5,49,20.0
229,-147,MNK,MNKH26,H1,2025-12-17 02:00:00,1765936800,49730.0,49730.0,49685.0,49685.0,9,5,9,20.0
230,-146,MNK,MNKH26,H1,2025-12-17 03:00:00,1765940400,49720.0,49720.0,49650.0,49650.0,4,10,4,20.0
231,-145,MNK,MNKH26,H1,2025-12-17 04:00:00,1765944000,49650.0,49650.0,49470.0,49470.0,13,5,26,19.0
232,-144,MNK,MNKH26,H1,2025-12-17 05:00:00,1765947600,49605.0,49605.0,49605.0,49605.0,1,15,1,19.0
233,-143,MNK,MNKH26,H1,2025-12-17 06:00:00,1765951200,49690.0,49860.0,49690.0,49835.0,38,5,66,20.0
234,-142,MNK,MNKH26,H1,2025-12-17 07:00:00,1765954800,49830.0,49865.0,49805.0,49835.0,23,5,35,19.0
235,-141,MNK,MNKH26,H1,2025-12-17 08:00:00,1765958400,49820.0,49880.0,49800.0,49810.0,11,5,19,19.0
236,-140,MNK,MNKH26,H1,2025-12-17 09:00:00,1765962000,49805.0,49870.0,49805.0,49860.0,7,5,20,19.0
237,-139,MNK,MNKH26,H1,2025-12-17 10:00:00,1765965600,49910.0,49910.0,49860.0,49860.0,4,5,7,19.0
238,-138,MNK,MNKH26,H1,2025-12-17 11:00:00,1765969200,49865.0,49865.0,49845.0,49845.0,2,5,2,19.0
239,-137,MNK,MNKH26,H1,2025-12-17 12:00:00,1765972800,49815.0,49850.0,49795.0,49850.0,7,5,24,19.0
240,-136,MNK,MNKH26,H1,2025-12-17 13:00:00,1765976400,49805.0,49805.0,49700.0,49760.0,25,5,43,19.0
241,-135,MNK,MNKH26,H1,2025-12-17 14:00:00,1765980000,49790.0,49800.0,49660.0,49740.0,37,5,85,20.0
242,-134,MNK,MNKH26,H1,2025-12-17 15:00:00,1765983600,49695.0,49735.0,49310.0,49335.0,42,5,65,21.0
243,-133,MNK,MNKH26,H1,2025-12-17 16:00:00,1765987200,49320.0,49425.0,49215.0,49270.0,59,0,119,22.0
244,-132,MNK,MNKH26,H1,2025-12-17 17:00:00,1765990800,49300.0,49370.0,49235.0,49240.0,39,5,101,24.0
245,-131,MNK,MNKH26,H1,2025-12-17 18:00:00,1765994400,49300.0,49300.0,49105.0,49140.0,32,5,78,25.0
246,-130,MNK,MNKH26,H1,2025-12-17 19:00:00,1765998000,49130.0,49145.0,49070.0,49145.0,14,5,30,25.0
247,-129,MNK,MNKH26,H1,2025-12-17 20:00:00,1766001600,49135.0,49170.0,49095.0,49105.0,26,5,39,25.0
248,-128,MNK,MNKH26,H1,2025-12-17 21:00:00,1766005200,49120.0,49280.0,49120.0,49280.0,18,5,31,25.0
249,-127,MNK,MNKH26,H1,2025-12-17 23:00:00,1766012400,49235.0,49265.0,48970.0,48970.0,17,5,23,24.0
250,-126,MNK,MNKH26,H1,2025-12-18 00:00:00,1766016000,49030.0,49335.0,48820.0,49180.0,103,5,148,25.0
251,-125,MNK,MNKH26,H1,2025-12-18 01:00:00,1766019600,49210.0,49215.0,49000.0,49070.0,62,5,86,26.0
252,-124,MNK,MNKH26,H1,2025-12-18 02:00:00,1766023200,49125.0,49200.0,49015.0,49105.0,51,5,76,27.0
253,-123,MNK,MNKH26,H1,2025-12-18 03:00:00,1766026800,49155.0,49155.0,48950.0,49070.0,50,5,81,27.0
254,-122,MNK,MNKH26,H1,2025-12-18 04:00:00,1766030400,49100.0,49270.0,49100.0,49270.0,11,5,15,27.0
255,-121,MNK,MNKH26,H1,2025-12-18 05:00:00,1766034000,49260.0,49275.0,49150.0,49275.0,14,5,19,27.0
256,-120,MNK,MNKH26,H1,2025-12-18 06:00:00,1766037600,49235.0,49290.0,49210.0,49270.0,24,5,34,28.0
257,-119,MNK,MNKH26,H1,2025-12-18 07:00:00,1766041200,49275.0,49325.0,49275.0,49290.0,10,5,14,27.0
258,-118,MNK,MNKH26,H1,2025-12-18 08:00:00,1766044800,49315.0,49400.0,49300.0,49355.0,13,5,23,27.0
259,-117,MNK,MNKH26,H1,2025-12-18 09:00:00,1766048400,49385.0,49385.0,49325.0,49380.0,6,5,9,27.0
260,-116,MNK,MNKH26,H1,2025-12-18 10:00:00,1766052000,49365.0,49365.0,49350.0,49350.0,3,5,5,27.0
261,-115,MNK,MNKH26,H1,2025-12-18 11:00:00,1766055600,49345.0,49350.0,49315.0,49345.0,8,5,10,27.0
262,-114,MNK,MNKH26,H1,2025-12-18 12:00:00,1766059200,49380.0,49390.0,49345.0,49390.0,4,5,7,27.0
263,-113,MNK,MNKH26,H1,2025-12-18 13:00:00,1766062800,49345.0,49615.0,49345.0,49560.0,27,5,45,27.0
264,-112,MNK,MNKH26,H1,2025-12-18 14:00:00,1766066400,49500.0,49605.0,49360.0,49480.0,38,5,83,28.0
265,-111,MNK,MNKH26,H1,2025-12-18 15:00:00,1766070000,49530.0,49700.0,49420.0,49620.0,61,5,140,30.0
266,-110,MNK,MNKH26,H1,2025-12-18 16:00:00,1766073600,49620.0,49650.0,49555.0,49630.0,14,5,27,30.0
267,-109,MNK,MNKH26,H1,2025-12-18 17:00:00,1766077200,49590.0,49590.0,49300.0,49515.0,18,5,31,31.0
268,-108,MNK,MNKH26,H1,2025-12-18 18:00:00,1766080800,49535.0,49615.0,49535.0,49580.0,4,5,9,31.0
269,-107,MNK,MNKH26,H1,2025-12-18 19:00:00,1766084400,49520.0,49520.0,49405.0,49435.0,11,5,16,31.0
270,-106,MNK,MNKH26,H1,2025-12-18 20:00:00,1766088000,49450.0,49555.0,49425.0,49430.0,24,5,39,31.0
271,-105,MNK,MNKH26,H1,2025-12-18 21:00:00,1766091600,49455.0,49465.0,49375.0,49375.0,10,5,13,31.0
272,-104,MNK,MNKH26,H1,2025-12-18 23:00:00,1766098800,49410.0,49560.0,49410.0,49485.0,42,5,62,32.0
273,-103,MNK,MNKH26,H1,2025-12-19 00:00:00,1766102400,49555.0,49650.0,49420.0,49650.0,53,5,88,33.0
274,-102,MNK,MNKH26,H1,2025-12-19 01:00:00,1766106000,49615.0,49685.0,49540.0,49685.0,20,5,39,33.0
275,-101,MNK,MNKH26,H1,2025-12-19 02:00:00,1766109600,49645.0,49855.0,49645.0,49800.0,31,10,39,34.0
276,-100,MNK,MNKH26,H1,2025-12-19 03:00:00,1766113200,49770.0,50020.0,49660.0,49815.0,64,5,84,35.0
277,-99,MNK,MNKH26,H1,2025-12-19 04:00:00,1766116800,49750.0,49760.0,49575.0,49660.0,20,5,35,35.0
278,-98,MNK,MNKH26,H1,2025-12-19 05:00:00,1766120400,49715.0,49785.0,49715.0,49750.0,13,5,17,35.0
279,-97,MNK,MNKH26,H1,2025-12-19 06:00:00,1766124000,49735.0,49785.0,49615.0,49645.0,30,5,47,36.0
280,-96,MNK,MNKH26,H1,2025-12-19 07:00:00,1766127600,49685.0,49880.0,49685.0,49880.0,9,5,17,35.0
281,-95,MNK,MNKH26,H1,2025-12-19 08:00:00,1766131200,49960.0,50165.0,49960.0,50165.0,27,5,41,36.0
282,-94,MNK,MNKH26,H1,2025-12-19 09:00:00,1766134800,50125.0,50140.0,50080.0,50130.0,7,5,13,36.0
283,-93,MNK,MNKH26,H1,2025-12-19 10:00:00,1766138400,50130.0,50200.0,50130.0,50165.0,12,5,40,36.0
284,-92,MNK,MNKH26,H1,2025-12-19 11:00:00,1766142000,50100.0,50165.0,50030.0,50120.0,15,5,20,37.0
285,-91,MNK,MNKH26,H1,2025-12-19 12:00:00,1766145600,50145.0,50150.0,50070.0,50070.0,17,5,31,37.0
286,-90,MNK,MNKH26,H1,2025-12-19 13:00:00,1766149200,50070.0,50165.0,50070.0,50165.0,6,5,12,37.0
287,-89,MNK,MNKH26,H1,2025-12-19 14:00:00,1766152800,50195.0,50445.0,50155.0,50445.0,42,0,107,39.0
288,-88,MNK,MNKH26,H1,2025-12-19 15:00:00,1766156400,50450.0,50450.0,50355.0,50395.0,31,5,71,40.0
289,-87,MNK,MNKH26,H1,2025-12-19 16:00:00,1766160000,50415.0,50475.0,50410.0,50410.0,23,5,43,40.0
290,-86,MNK,MNKH26,H1,2025-12-19 17:00:00,1766163600,50455.0,50500.0,50445.0,50480.0,10,5,20,40.0
291,-85,MNK,MNKH26,H1,2025-12-19 18:00:00,1766167200,50480.0,50485.0,50455.0,50485.0,7,5,11,39.0
292,-84,MNK,MNKH26,H1,2025-12-19 19:00:00,1766170800,50530.0,50585.0,50530.0,50585.0,7,5,10,39.0
293,-83,MNK,MNKH26,H1,2025-12-19 20:00:00,1766174400,50585.0,50585.0,50405.0,50435.0,35,5,56,40.0
294,-82,MNK,MNKH26,H1,2025-12-19 21:00:00,1766178000,50475.0,50500.0,50475.0,50475.0,7,5,7,39.0
295,-81,MNK,MNKH26,H1,2025-12-21 23:00:00,1766358000,50565.0,50665.0,50505.0,50610.0,24,5,40,39.0
296,-80,MNK,MNKH26,H1,2025-12-22 00:00:00,1766361600,50650.0,50655.0,50400.0,50535.0,51,5,69,40.0
297,-79,MNK,MNKH26,H1,2025-12-22 01:00:00,1766365200,50565.0,50745.0,50545.0,50655.0,26,5,45,40.0
298,-78,MNK,MNKH26,H1,2025-12-22 02:00:00,1766368800,50655.0,50665.0,50575.0,50625.0,12,5,16,41.0
299,-77,MNK,MNKH26,H1,2025-12-22 03:00:00,1766372400,50645.0,50670.0,50540.0,50615.0,18,5,25,40.0
300,-76,MNK,MNKH26,H1,2025-12-22 04:00:00,1766376000,50600.0,50635.0,50590.0,50600.0,13,5,29,40.0
301,-75,MNK,MNKH26,H1,2025-12-22 05:00:00,1766379600,50630.0,50630.0,50540.0,50540.0,7,5,11,40.0
302,-74,MNK,MNKH26,H1,2025-12-22 06:00:00,1766383200,50530.0,50620.0,50530.0,50560.0,34,5,52,41.0
303,-73,MNK,MNKH26,H1,2025-12-22 07:00:00,1766386800,50560.0,50625.0,50560.0,50610.0,13,5,28,41.0
304,-72,MNK,MNKH26,H1,2025-12-22 08:00:00,1766390400,50590.0,50645.0,50500.0,50500.0,12,5,19,41.0
305,-71,MNK,MNKH26,H1,2025-12-22 09:00:00,1766394000,50540.0,50540.0,50485.0,50485.0,13,5,27,41.0
306,-70,MNK,MNKH26,H1,2025-12-22 10:00:00,1766397600,50500.0,50500.0,50470.0,50470.0,3,5,3,40.0
307,-69,MNK,MNKH26,H1,2025-12-22 12:00:00,1766404800,50450.0,50450.0,50445.0,50445.0,3,10,7,40.0
308,-68,MNK,MNKH26,H1,2025-12-22 13:00:00,1766408400,50450.0,50450.0,50350.0,50405.0,41,5,103,41.0
309,-67,MNK,MNKH26,H1,2025-12-22 14:00:00,1766412000,50430.0,50435.0,50285.0,50375.0,18,5,29,41.0
310,-66,MNK,MNKH26,H1,2025-12-22 15:00:00,1766415600,50350.0,50400.0,50335.0,50380.0,11,5,16,42.0
311,-65,MNK,MNKH26,H1,2025-12-22 16:00:00,1766419200,50390.0,50435.0,50385.0,50390.0,18,5,27,42.0
312,-64,MNK,MNKH26,H1,2025-12-22 17:00:00,1766422800,50400.0,50425.0,50400.0,50425.0,4,5,8,41.0
313,-63,MNK,MNKH26,H1,2025-12-22 19:00:00,1766430000,50380.0,50420.0,50380.0,50420.0,3,5,5,40.0
314,-62,MNK,MNKH26,H1,2025-12-22 20:00:00,1766433600,50430.0,50455.0,50400.0,50435.0,15,5,18,39.0
315,-61,MNK,MNKH26,H1,2025-12-22 21:00:00,1766437200,50445.0,50500.0,50440.0,50455.0,6,5,9,38.0
316,-60,MNK,MNKH26,H1,2025-12-22 23:00:00,1766444400,50450.0,50545.0,50450.0,50545.0,16,5,20,37.0
317,-59,MNK,MNKH26,H1,2025-12-23 00:00:00,1766448000,50600.0,50650.0,50500.0,50525.0,30,5,40,36.0
318,-58,MNK,MNKH26,H1,2025-12-23 01:00:00,1766451600,50535.0,50650.0,50535.0,50635.0,18,5,23,36.0
319,-57,MNK,MNKH26,H1,2025-12-23 02:00:00,1766455200,50615.0,50625.0,50500.0,50525.0,15,5,31,36.0
320,-56,MNK,MNKH26,H1,2025-12-23 03:00:00,1766458800,50565.0,50565.0,50565.0,50565.0,1,15,2,36.0
321,-55,MNK,MNKH26,H1,2025-12-23 04:00:00,1766462400,50530.0,50530.0,50405.0,50405.0,11,5,19,36.0
322,-54,MNK,MNKH26,H1,2025-12-23 05:00:00,1766466000,50435.0,50550.0,50410.0,50550.0,7,5,10,34.0
323,-53,MNK,MNKH26,H1,2025-12-23 06:00:00,1766469600,50485.0,50625.0,50485.0,50580.0,18,5,39,33.0
324,-52,MNK,MNKH26,H1,2025-12-23 07:00:00,1766473200,50575.0,50580.0,50575.0,50580.0,2,10,2,32.0
325,-51,MNK,MNKH26,H1,2025-12-23 08:00:00,1766476800,50550.0,50620.0,50550.0,50565.0,8,5,16,31.0
326,-50,MNK,MNKH26,H1,2025-12-23 09:00:00,1766480400,50560.0,50635.0,50560.0,50625.0,4,5,9,31.0
327,-49,MNK,MNKH26,H1,2025-12-23 10:00:00,1766484000,50595.0,50595.0,50585.0,50585.0,3,10,5,31.0
328,-48,MNK,MNKH26,H1,2025-12-23 11:00:00,1766487600,50610.0,50610.0,50610.0,50610.0,1,5,1,30.0
329,-47,MNK,MNKH26,H1,2025-12-23 12:00:00,1766491200,50600.0,50600.0,50600.0,50600.0,4,5,5,30.0
330,-46,MNK,MNKH26,H1,2025-12-23 13:00:00,1766494800,50610.0,50715.0,50610.0,50675.0,30,5,60,31.0
331,-45,MNK,MNKH26,H1,2025-12-23 14:00:00,1766498400,50680.0,50815.0,50680.0,50760.0,24,5,30,31.0
332,-44,MNK,MNKH26,H1,2025-12-23 15:00:00,1766502000,50695.0,50695.0,50625.0,50630.0,18,5,21,31.0
333,-43,MNK,MNKH26,H1,2025-12-23 16:00:00,1766505600,50655.0,50660.0,50600.0,50610.0,7,5,8,31.0
334,-42,MNK,MNKH26,H1,2025-12-23 17:00:00,1766509200,50580.0,50580.0,50565.0,50565.0,3,10,3,31.0
335,-41,MNK,MNKH26,H1,2025-12-23 18:00:00,1766512800,50590.0,50590.0,50590.0,50590.0,1,10,1,31.0
336,-40,MNK,MNKH26,H1,2025-12-23 19:00:00,1766516400,50635.0,50665.0,50635.0,50655.0,5,5,8,30.0
337,-39,MNK,MNKH26,H1,2025-12-23 20:00:00,1766520000,50635.0,50710.0,50625.0,50685.0,43,5,45,28.0
338,-38,MNK,MNKH26,H1,2025-12-23 21:00:00,1766523600,50690.0,50690.0,50615.0,50615.0,7,5,7,28.0
339,-37,MNK,MNKH26,H1,2025-12-23 23:00:00,1766530800,50540.0,50695.0,50315.0,50665.0,28,5,32,28.0
340,-36,MNK,MNKH26,H1,2025-12-24 00:00:00,1766534400,50625.0,50700.0,50605.0,50695.0,27,5,37,28.0
341,-35,MNK,MNKH26,H1,2025-12-24 01:00:00,1766538000,50715.0,50765.0,50685.0,50695.0,21,5,32,29.0
342,-34,MNK,MNKH26,H1,2025-12-24 02:00:00,1766541600,50705.0,50705.0,50610.0,50635.0,8,5,8,28.0
343,-33,MNK,MNKH26,H1,2025-12-24 03:00:00,1766545200,50580.0,50610.0,50565.0,50605.0,8,5,10,28.0
344,-32,MNK,MNKH26,H1,2025-12-24 04:00:00,1766548800,50565.0,50565.0,50515.0,50525.0,7,5,8,27.0
345,-31,MNK,MNKH26,H1,2025-12-24 05:00:00,1766552400,50485.0,50515.0,50465.0,50515.0,8,5,8,26.0
346,-30,MNK,MNKH26,H1,2025-12-24 06:00:00,1766556000,50505.0,50505.0,50460.0,50460.0,8,5,10,26.0
347,-29,MNK,MNKH26,H1,2025-12-24 07:00:00,1766559600,50450.0,50455.0,50380.0,50410.0,14,5,23,26.0
348,-28,MNK,MNKH26,H1,2025-12-24 08:00:00,1766563200,50395.0,50460.0,50395.0,50455.0,10,5,13,25.0
349,-27,MNK,MNKH26,H1,2025-12-24 09:00:00,1766566800,50425.0,50475.0,50425.0,50475.0,4,5,6,24.0
350,-26,MNK,MNKH26,H1,2025-12-24 13:00:00,1766581200,50505.0,50520.0,50500.0,50520.0,5,5,9,24.0
351,-25,MNK,MNKH26,H1,2025-12-24 14:00:00,1766584800,50525.0,50525.0,50430.0,50430.0,7,5,9,24.0
352,-24,MNK,MNKH26,H1,2025-12-24 15:00:00,1766588400,50425.0,50505.0,50425.0,50505.0,4,5,4,23.0
353,-23,MNK,MNKH26,H1,2025-12-24 16:00:00,1766592000,50535.0,50560.0,50535.0,50555.0,4,5,5,23.0
354,-22,MNK,MNKH26,H1,2025-12-24 17:00:00,1766595600,50590.0,50600.0,50555.0,50555.0,10,5,12,23.0
355,-21,MNK,MNKH26,H1,2025-12-25 23:00:00,1766703600,50555.0,50670.0,50555.0,50645.0,19,5,23,23.0
356,-20,MNK,MNKH26,H1,2025-12-26 00:00:00,1766707200,50660.0,51025.0,50660.0,50940.0,71,5,99,24.0
357,-19,MNK,MNKH26,H1,2025-12-26 01:00:00,1766710800,50900.0,51025.0,50900.0,50995.0,26,5,30,24.0
358,-18,MNK,MNKH26,H1,2025-12-26 02:00:00,1766714400,51025.0,51055.0,51005.0,51005.0,10,5,13,24.0
359,-17,MNK,MNKH26,H1,2025-12-26 03:00:00,1766718000,50990.0,51075.0,50985.0,50985.0,27,5,40,23.0
360,-16,MNK,MNKH26,H1,2025-12-26 04:00:00,1766721600,50950.0,50980.0,50950.0,50970.0,3,5,6,22.0
361,-15,MNK,MNKH26,H1,2025-12-26 05:00:00,1766725200,50925.0,50925.0,50800.0,50805.0,61,5,63,22.0
362,-14,MNK,MNKH26,H1,2025-12-26 06:00:00,1766728800,50820.0,50870.0,50745.0,50815.0,35,5,45,22.0
363,-13,MNK,MNKH26,H1,2025-12-26 07:00:00,1766732400,50815.0,50845.0,50815.0,50815.0,7,5,10,22.0
364,-12,MNK,MNKH26,H1,2025-12-26 08:00:00,1766736000,50770.0,50800.0,50770.0,50800.0,4,5,5,22.0
365,-11,MNK,MNKH26,H1,2025-12-26 09:00:00,1766739600,50830.0,50850.0,50825.0,50845.0,8,5,9,22.0
366,-10,MNK,MNKH26,H1,2025-12-26 10:00:00,1766743200,50840.0,50850.0,50825.0,50825.0,6,5,7,22.0
367,-9,MNK,MNKH26,H1,2025-12-26 11:00:00,1766746800,50810.0,50810.0,50810.0,50810.0,1,10,2,21.0
368,-8,MNK,MNKH26,H1,2025-12-26 12:00:00,1766750400,50785.0,50785.0,50745.0,50745.0,2,5,2,20.0
369,-7,MNK,MNKH26,H1,2025-12-26 13:00:00,1766754000,50740.0,50755.0,50710.0,50710.0,5,5,6,20.0
370,-6,MNK,MNKH26,H1,2025-12-26 14:00:00,1766757600,50770.0,50770.0,50625.0,50625.0,11,5,14,20.0
371,-5,MNK,MNKH26,H1,2025-12-26 15:00:00,1766761200,50600.0,50740.0,50525.0,50740.0,17,5,21,20.0
372,-4,MNK,MNKH26,H1,2025-12-26 16:00:00,1766764800,50695.0,50725.0,50695.0,50725.0,2,5,4,19.0
373,-3,MNK,MNKH26,H1,2025-12-26 17:00:00,1766768400,50730.0,50785.0,50725.0,50775.0,7,5,9,19.0
374,-2,MNK,MNKH26,H1,2025-12-26 18:00:00,1766772000,50775.0,50775.0,50715.0,50715.0,5,5,6,19.0
375,-1,MNK,MNKH26,H1,2025-12-26 20:00:00,1766779200,50715.0,50805.0,50715.0,50805.0,6,5,7,18.0
376,0,MNK,MNKH26,H1,2025-12-26 21:00:00,1766782800,50820.0,50910.0,50820.0,50910.0,2,100,2,18.0
