a,z,ticker,symbol,tf,datetime,time,open,high,low,close,tick_volume,spread,real_volume,mean_volume
1,-1431,MZW,MZWU25,H1,2025-02-21 19:00:00,1740164400,632.0,632.0,632.0,632.0,0,0,0,0.0
2,-1007,MZW,MZWN25,H1,2025-02-24 01:00:00,1740358800,614.5,617.0,614.5,616.0,0,0,337,168.0
3,-1006,MZW,MZWN25,H1,2025-02-24 03:00:00,1740366000,613.0,613.0,613.0,613.0,0,0,3,113.0
4,-1005,MZW,MZWN25,H1,2025-02-24 05:00:00,1740373200,611.5,611.5,611.5,611.5,0,0,9,87.0
5,-1004,MZW,MZWN25,H1,2025-02-24 06:00:00,1740376800,611.5,611.5,611.5,611.5,0,0,3,70.0
2,-1430,MZW,MZWU25,H1,2025-02-24 07:00:00,1740380400,626.5,626.5,625.0,625.0,0,0,11,6.0
6,-1003,MZW,MZWN25,H1,2025-02-24 08:00:00,1740384000,610.0,610.0,610.0,610.0,0,0,10,60.0
7,-1002,MZW,MZWN25,H1,2025-02-24 09:00:00,1740387600,610.0,610.0,610.0,610.0,0,0,20,55.0
8,-1001,MZW,MZWN25,H1,2025-02-24 10:00:00,1740391200,610.0,610.0,609.5,609.5,0,0,53,54.0
9,-1000,MZW,MZWN25,H1,2025-02-24 11:00:00,1740394800,608.5,608.5,607.5,608.0,0,0,44,53.0
10,-999,MZW,MZWN25,H1,2025-02-24 12:00:00,1740398400,607.5,607.5,607.5,607.5,0,0,1,48.0
11,-998,MZW,MZWN25,H1,2025-02-24 13:00:00,1740402000,608.0,609.0,608.0,608.0,0,0,86,51.0
12,-997,MZW,MZWN25,H1,2025-02-24 14:00:00,1740405600,609.5,611.5,607.0,609.0,0,0,431,83.0
13,-996,MZW,MZWN25,H1,2025-02-24 15:00:00,1740409200,610.0,610.5,604.5,604.5,0,0,42,80.0
14,-995,MZW,MZWN25,H1,2025-02-24 16:00:00,1740412800,606.0,606.0,603.5,604.0,0,0,23,76.0
15,-994,MZW,MZWN25,H1,2025-02-24 17:00:00,1740416400,604.0,608.0,604.0,607.0,0,0,56,75.0
16,-993,MZW,MZWN25,H1,2025-02-24 18:00:00,1740420000,607.5,609.5,607.0,607.0,0,0,111,77.0
17,-992,MZW,MZWN25,H1,2025-02-24 19:00:00,1740423600,607.0,608.5,606.5,608.5,0,0,83,77.0
18,-991,MZW,MZWN25,H1,2025-02-25 01:00:00,1740445200,608.0,608.0,607.5,607.5,0,0,12,74.0
19,-990,MZW,MZWN25,H1,2025-02-25 02:00:00,1740448800,608.0,608.0,608.0,608.0,0,0,1,70.0
14,-1418,MZW,MZWU25,H1,2025-02-25 09:00:00,1740474000,622.0,622.0,622.0,622.0,0,0,6,31.0
15,-1417,MZW,MZWU25,H1,2025-02-25 10:00:00,1740477600,620.5,620.5,618.5,618.5,0,0,2,29.0
16,-1416,MZW,MZWU25,H1,2025-02-25 11:00:00,1740481200,617.0,617.0,617.0,617.0,0,0,11,28.0
17,-1415,MZW,MZWU25,H1,2025-02-25 12:00:00,1740484800,615.0,615.5,614.0,615.5,0,0,19,28.0
18,-1414,MZW,MZWU25,H1,2025-02-25 13:00:00,1740488400,616.5,616.5,616.5,616.5,0,0,2,26.0
20,-989,MZW,MZWN25,H1,2025-02-25 14:00:00,1740492000,601.5,601.5,596.0,596.0,0,0,107,72.0
21,-988,MZW,MZWN25,H1,2025-02-25 15:00:00,1740495600,597.5,597.5,597.5,597.5,0,0,1,68.0
22,-987,MZW,MZWN25,H1,2025-02-25 16:00:00,1740499200,601.0,601.0,600.0,600.0,0,0,41,67.0
23,-986,MZW,MZWN25,H1,2025-02-25 17:00:00,1740502800,600.0,601.5,600.0,600.5,0,0,18,65.0
24,-985,MZW,MZWN25,H1,2025-02-25 18:00:00,1740506400,600.5,601.5,600.5,601.5,0,0,9,63.0
25,-984,MZW,MZWN25,H1,2025-02-25 19:00:00,1740510000,601.5,603.5,601.5,603.5,0,0,20,61.0
26,-983,MZW,MZWN25,H1,2025-02-26 14:00:00,1740578400,601.0,603.5,601.0,601.5,0,0,38,60.0
27,-982,MZW,MZWN25,H1,2025-02-26 15:00:00,1740582000,596.5,596.5,593.0,593.0,0,0,58,60.0
28,-981,MZW,MZWN25,H1,2025-02-26 16:00:00,1740585600,593.0,595.0,593.0,595.0,0,0,37,59.0
29,-980,MZW,MZWN25,H1,2025-02-26 17:00:00,1740589200,594.5,597.0,594.5,595.0,0,0,22,58.0
30,-979,MZW,MZWN25,H1,2025-02-26 18:00:00,1740592800,594.5,594.5,593.5,594.5,0,0,58,58.0
31,-978,MZW,MZWN25,H1,2025-02-26 19:00:00,1740596400,594.0,594.0,593.5,593.5,0,0,4,56.0
32,-977,MZW,MZWN25,H1,2025-02-27 01:00:00,1740618000,593.0,593.5,593.0,593.5,0,0,5,54.0
33,-976,MZW,MZWN25,H1,2025-02-27 05:00:00,1740632400,590.5,590.5,590.5,590.5,0,0,3,53.0
34,-975,MZW,MZWN25,H1,2025-02-27 08:00:00,1740643200,592.0,592.0,591.5,591.5,0,0,38,52.0
35,-974,MZW,MZWN25,H1,2025-02-27 09:00:00,1740646800,590.5,591.0,590.5,591.0,0,0,20,52.0
36,-973,MZW,MZWN25,H1,2025-02-27 10:00:00,1740650400,591.0,592.0,591.0,592.0,0,0,14,50.0
37,-972,MZW,MZWN25,H1,2025-02-27 11:00:00,1740654000,590.0,590.0,589.5,589.5,0,0,9,49.0
38,-971,MZW,MZWN25,H1,2025-02-27 12:00:00,1740657600,589.5,589.5,589.5,589.5,0,0,5,48.0
39,-970,MZW,MZWN25,H1,2025-02-27 14:00:00,1740664800,586.0,586.5,580.0,580.5,0,0,410,57.0
40,-969,MZW,MZWN25,H1,2025-02-27 15:00:00,1740668400,580.5,582.0,577.0,577.0,0,0,461,68.0
41,-968,MZW,MZWN25,H1,2025-02-27 16:00:00,1740672000,577.0,578.5,576.5,578.0,0,0,330,74.0
42,-967,MZW,MZWN25,H1,2025-02-27 17:00:00,1740675600,578.0,578.0,576.0,577.0,0,0,355,81.0
43,-966,MZW,MZWN25,H1,2025-02-27 18:00:00,1740679200,576.0,578.0,575.0,578.0,0,0,349,87.0
44,-965,MZW,MZWN25,H1,2025-02-27 19:00:00,1740682800,577.5,577.5,576.5,577.0,0,0,107,87.0
39,-1393,MZW,MZWU25,H1,2025-02-28 01:00:00,1740704400,591.5,593.0,591.5,593.0,0,0,4,19.0
45,-964,MZW,MZWN25,H1,2025-02-28 05:00:00,1740718800,577.5,577.5,577.5,577.5,0,0,2,85.0
46,-963,MZW,MZWN25,H1,2025-02-28 07:00:00,1740726000,577.5,577.5,577.5,577.5,0,0,2,84.0
47,-962,MZW,MZWN25,H1,2025-02-28 08:00:00,1740729600,577.0,577.5,577.0,577.5,0,0,4,82.0
48,-961,MZW,MZWN25,H1,2025-02-28 09:00:00,1740733200,580.5,581.0,580.5,581.0,0,0,3,80.0
49,-960,MZW,MZWN25,H1,2025-02-28 10:00:00,1740736800,580.5,580.5,580.0,580.0,0,0,14,79.0
50,-959,MZW,MZWN25,H1,2025-02-28 12:00:00,1740744000,581.0,581.5,580.0,581.0,0,0,20,78.0
42,-1390,MZW,MZWU25,H1,2025-02-28 13:00:00,1740747600,598.5,598.5,598.5,598.5,0,0,3,19.0
51,-958,MZW,MZWN25,H1,2025-02-28 14:00:00,1740751200,583.5,584.0,577.5,578.5,0,0,463,85.0
52,-957,MZW,MZWN25,H1,2025-02-28 15:00:00,1740754800,578.5,579.0,575.0,576.0,0,0,371,91.0
53,-956,MZW,MZWN25,H1,2025-02-28 16:00:00,1740758400,576.0,576.0,571.5,574.5,0,0,476,98.0
54,-955,MZW,MZWN25,H1,2025-02-28 17:00:00,1740762000,574.0,576.5,573.5,574.0,0,0,301,102.0
55,-954,MZW,MZWN25,H1,2025-02-28 18:00:00,1740765600,574.0,575.5,571.5,572.0,0,0,358,107.0
56,-953,MZW,MZWN25,H1,2025-02-28 19:00:00,1740769200,571.5,571.5,569.0,569.0,0,0,132,107.0
57,-952,MZW,MZWN25,H1,2025-03-03 01:00:00,1740963600,573.0,574.0,573.0,574.0,0,0,8,105.0
58,-951,MZW,MZWN25,H1,2025-03-03 02:00:00,1740967200,576.5,576.5,576.5,576.5,0,0,2,103.0
59,-950,MZW,MZWN25,H1,2025-03-03 03:00:00,1740970800,576.0,576.0,576.0,576.0,0,0,1,102.0
60,-949,MZW,MZWN25,H1,2025-03-03 10:00:00,1740996000,572.5,572.5,572.5,572.5,0,0,2,100.0
61,-948,MZW,MZWN25,H1,2025-03-03 11:00:00,1740999600,572.5,572.5,572.5,572.5,0,0,1,98.0
62,-947,MZW,MZWN25,H1,2025-03-03 14:00:00,1741010400,571.5,573.5,569.0,569.0,0,0,519,105.0
63,-946,MZW,MZWN25,H1,2025-03-03 15:00:00,1741014000,569.5,569.5,565.5,565.5,0,0,77,105.0
64,-945,MZW,MZWN25,H1,2025-03-03 16:00:00,1741017600,565.0,565.5,562.5,563.0,0,0,48,104.0
65,-944,MZW,MZWN25,H1,2025-03-03 17:00:00,1741021200,563.5,563.5,560.5,562.0,0,0,47,103.0
66,-943,MZW,MZWN25,H1,2025-03-03 18:00:00,1741024800,561.5,561.5,559.0,560.5,0,0,33,102.0
67,-942,MZW,MZWN25,H1,2025-03-03 19:00:00,1741028400,562.0,563.0,560.5,560.5,0,0,10,101.0
68,-941,MZW,MZWN25,H1,2025-03-04 01:00:00,1741050000,563.5,563.5,562.0,562.0,0,0,5,99.0
69,-940,MZW,MZWN25,H1,2025-03-04 02:00:00,1741053600,562.5,562.5,562.5,562.5,0,0,2,98.0
56,-1376,MZW,MZWU25,H1,2025-03-04 03:00:00,1741057200,579.5,579.5,579.5,579.5,0,0,2,33.0
57,-1375,MZW,MZWU25,H1,2025-03-04 05:00:00,1741064400,576.0,576.0,575.0,575.0,0,0,8,32.0
70,-939,MZW,MZWN25,H1,2025-03-04 06:00:00,1741068000,558.0,558.0,557.5,558.0,0,0,9,96.0
71,-938,MZW,MZWN25,H1,2025-03-04 07:00:00,1741071600,559.5,559.5,559.5,559.5,0,0,1,95.0
72,-937,MZW,MZWN25,H1,2025-03-04 09:00:00,1741078800,557.5,557.5,557.5,557.5,0,0,1,94.0
60,-1372,MZW,MZWU25,H1,2025-03-04 10:00:00,1741082400,572.0,572.0,572.0,572.0,0,0,2,31.0
73,-936,MZW,MZWN25,H1,2025-03-04 11:00:00,1741086000,556.5,558.5,556.5,557.5,0,0,5,94.0
74,-935,MZW,MZWN25,H1,2025-03-04 12:00:00,1741089600,555.0,555.0,555.0,555.0,0,0,4,89.0
75,-934,MZW,MZWN25,H1,2025-03-04 13:00:00,1741093200,553.0,554.0,553.0,554.0,0,0,2,89.0
76,-933,MZW,MZWN25,H1,2025-03-04 14:00:00,1741096800,551.0,555.0,548.5,552.5,0,0,81,90.0
77,-932,MZW,MZWN25,H1,2025-03-04 15:00:00,1741100400,551.0,552.0,546.5,547.5,0,0,41,91.0
78,-931,MZW,MZWN25,H1,2025-03-04 16:00:00,1741104000,548.0,549.0,545.5,549.0,0,0,38,91.0
79,-930,MZW,MZWN25,H1,2025-03-04 17:00:00,1741107600,549.5,554.0,549.5,551.0,0,0,28,91.0
80,-929,MZW,MZWN25,H1,2025-03-04 19:00:00,1741114800,551.5,551.5,551.5,551.5,0,0,6,91.0
81,-928,MZW,MZWN25,H1,2025-03-05 01:00:00,1741136400,555.0,555.0,554.5,554.5,0,0,4,90.0
82,-927,MZW,MZWN25,H1,2025-03-05 04:00:00,1741147200,553.5,553.5,553.5,553.5,0,0,6,90.0
83,-926,MZW,MZWN25,H1,2025-03-05 08:00:00,1741161600,556.5,556.5,556.5,556.5,0,0,2,89.0
84,-925,MZW,MZWN25,H1,2025-03-05 09:00:00,1741165200,557.0,558.0,557.0,558.0,0,0,3,83.0
85,-924,MZW,MZWN25,H1,2025-03-05 10:00:00,1741168800,558.5,558.5,557.5,557.5,0,0,11,83.0
86,-923,MZW,MZWN25,H1,2025-03-05 11:00:00,1741172400,558.0,558.0,558.0,558.0,0,0,4,82.0
70,-1362,MZW,MZWU25,H1,2025-03-05 12:00:00,1741176000,575.0,576.5,575.0,575.5,0,0,3,27.0
87,-922,MZW,MZWN25,H1,2025-03-05 13:00:00,1741179600,563.0,563.0,563.0,563.0,0,0,1,82.0
88,-921,MZW,MZWN25,H1,2025-03-05 14:00:00,1741183200,559.0,560.0,555.5,555.5,0,0,36,81.0
89,-920,MZW,MZWN25,H1,2025-03-05 15:00:00,1741186800,555.5,559.5,555.0,559.5,0,0,44,80.0
90,-919,MZW,MZWN25,H1,2025-03-05 16:00:00,1741190400,559.5,562.5,558.0,562.5,0,0,26,80.0
91,-918,MZW,MZWN25,H1,2025-03-05 17:00:00,1741194000,561.5,563.5,561.5,562.0,0,0,25,81.0
92,-917,MZW,MZWN25,H1,2025-03-05 18:00:00,1741197600,561.5,561.5,561.5,561.5,0,0,17,79.0
93,-916,MZW,MZWN25,H1,2025-03-05 19:00:00,1741201200,563.0,563.0,562.0,562.0,0,0,32,80.0
77,-1355,MZW,MZWU25,H1,2025-03-06 06:00:00,1741240800,582.0,582.0,582.0,582.0,0,0,1,27.0
94,-915,MZW,MZWN25,H1,2025-03-06 08:00:00,1741248000,566.0,566.0,566.0,566.0,0,0,1,79.0
95,-914,MZW,MZWN25,H1,2025-03-06 09:00:00,1741251600,563.0,563.0,563.0,563.0,0,0,1,79.0
96,-913,MZW,MZWN25,H1,2025-03-06 13:00:00,1741266000,560.5,561.0,560.5,561.0,0,0,5,79.0
97,-912,MZW,MZWN25,H1,2025-03-06 14:00:00,1741269600,562.5,563.5,559.5,559.5,0,0,28,79.0
98,-911,MZW,MZWN25,H1,2025-03-06 15:00:00,1741273200,559.5,568.0,559.5,568.0,0,0,64,79.0
99,-910,MZW,MZWN25,H1,2025-03-06 16:00:00,1741276800,568.5,574.0,568.5,573.0,0,0,32,79.0
100,-909,MZW,MZWN25,H1,2025-03-06 17:00:00,1741280400,570.5,572.0,570.0,572.0,0,0,22,79.0
101,-908,MZW,MZWN25,H1,2025-03-06 18:00:00,1741284000,570.5,570.5,570.0,570.0,0,0,4,79.0
102,-907,MZW,MZWN25,H1,2025-03-06 19:00:00,1741287600,569.0,569.0,567.0,567.0,0,0,21,78.0
103,-906,MZW,MZWN25,H1,2025-03-07 01:00:00,1741309200,567.0,567.0,567.0,567.0,0,0,2,78.0
86,-1346,MZW,MZWU25,H1,2025-03-07 03:00:00,1741316400,580.0,580.0,580.0,580.0,0,0,3,24.0
104,-905,MZW,MZWN25,H1,2025-03-07 07:00:00,1741330800,563.0,563.0,562.0,562.0,0,0,9,78.0
105,-904,MZW,MZWN25,H1,2025-03-07 08:00:00,1741334400,561.5,561.5,561.5,561.5,0,0,1,78.0
89,-1343,MZW,MZWU25,H1,2025-03-07 09:00:00,1741338000,578.0,578.0,578.0,578.0,0,0,4,23.0
106,-903,MZW,MZWN25,H1,2025-03-07 10:00:00,1741341600,560.5,561.5,560.5,561.5,0,0,11,78.0
107,-902,MZW,MZWN25,H1,2025-03-07 11:00:00,1741345200,561.5,561.5,561.5,561.5,0,0,6,77.0
92,-1340,MZW,MZWU25,H1,2025-03-07 12:00:00,1741348800,576.0,577.0,576.0,577.0,0,0,6,23.0
93,-1339,MZW,MZWU25,H1,2025-03-07 13:00:00,1741352400,577.5,577.5,577.0,577.0,0,0,4,22.0
108,-901,MZW,MZWN25,H1,2025-03-07 14:00:00,1741356000,563.0,563.0,561.5,562.5,0,0,11,77.0
109,-900,MZW,MZWN25,H1,2025-03-07 15:00:00,1741359600,562.0,566.0,562.0,563.5,0,0,83,78.0
110,-899,MZW,MZWN25,H1,2025-03-07 16:00:00,1741363200,563.0,563.0,563.0,563.0,0,0,6,78.0
111,-898,MZW,MZWN25,H1,2025-03-07 17:00:00,1741366800,566.5,566.5,566.5,566.5,0,0,4,73.0
112,-897,MZW,MZWN25,H1,2025-03-07 18:00:00,1741370400,566.5,566.5,565.5,565.5,0,0,8,66.0
113,-896,MZW,MZWN25,H1,2025-03-07 19:00:00,1741374000,565.5,566.5,565.5,566.5,0,0,4,62.0
100,-1332,MZW,MZWU25,H1,2025-03-10 00:00:00,1741564800,589.5,589.5,589.5,589.5,0,0,10,23.0
114,-895,MZW,MZWN25,H1,2025-03-10 01:00:00,1741568400,571.5,571.5,571.5,571.5,0,0,6,57.0
115,-894,MZW,MZWN25,H1,2025-03-10 09:00:00,1741597200,570.5,570.5,570.5,570.5,0,0,3,52.0
116,-893,MZW,MZWN25,H1,2025-03-10 10:00:00,1741600800,571.5,571.5,571.5,571.5,0,0,3,51.0
117,-892,MZW,MZWN25,H1,2025-03-10 11:00:00,1741604400,573.0,573.0,573.0,573.0,0,0,3,51.0
118,-891,MZW,MZWN25,H1,2025-03-10 12:00:00,1741608000,574.0,575.5,574.0,575.5,0,0,13,51.0
119,-890,MZW,MZWN25,H1,2025-03-10 13:00:00,1741611600,574.0,579.0,574.0,575.5,0,0,38,52.0
120,-889,MZW,MZWN25,H1,2025-03-10 14:00:00,1741615200,575.0,577.0,573.0,576.0,0,0,62,52.0
121,-888,MZW,MZWN25,H1,2025-03-10 15:00:00,1741618800,577.0,577.0,577.0,577.0,0,0,6,52.0
122,-887,MZW,MZWN25,H1,2025-03-10 16:00:00,1741622400,579.5,579.5,579.5,579.5,0,0,14,52.0
123,-886,MZW,MZWN25,H1,2025-03-10 17:00:00,1741626000,576.5,576.5,576.5,576.5,0,0,4,46.0
124,-885,MZW,MZWN25,H1,2025-03-10 18:00:00,1741629600,576.5,577.5,576.5,577.0,0,0,17,41.0
125,-884,MZW,MZWN25,H1,2025-03-11 00:00:00,1741651200,574.0,574.5,574.0,574.5,0,0,8,34.0
110,-1322,MZW,MZWU25,H1,2025-03-11 02:00:00,1741658400,589.0,589.5,589.0,589.5,0,0,6,23.0
126,-883,MZW,MZWN25,H1,2025-03-11 06:00:00,1741672800,572.5,572.5,572.5,572.5,0,0,4,30.0
112,-1320,MZW,MZWU25,H1,2025-03-11 07:00:00,1741676400,589.5,589.5,589.5,589.5,0,0,4,23.0
127,-882,MZW,MZWN25,H1,2025-03-11 08:00:00,1741680000,574.0,574.0,574.0,574.0,0,0,2,25.0
128,-881,MZW,MZWN25,H1,2025-03-11 09:00:00,1741683600,575.5,575.5,573.5,573.5,0,0,12,24.0
129,-880,MZW,MZWN25,H1,2025-03-11 10:00:00,1741687200,575.0,575.0,574.0,574.0,0,0,23,24.0
116,-1316,MZW,MZWU25,H1,2025-03-11 11:00:00,1741690800,591.0,591.0,591.0,591.0,0,0,4,18.0
130,-879,MZW,MZWN25,H1,2025-03-11 12:00:00,1741694400,574.5,574.5,574.0,574.0,0,0,8,24.0
131,-878,MZW,MZWN25,H1,2025-03-11 13:00:00,1741698000,573.5,573.5,572.5,572.5,0,0,18,24.0
132,-877,MZW,MZWN25,H1,2025-03-11 14:00:00,1741701600,574.5,574.5,574.0,574.0,0,0,11,24.0
133,-876,MZW,MZWN25,H1,2025-03-11 15:00:00,1741705200,574.5,574.5,574.0,574.0,0,0,21,25.0
134,-875,MZW,MZWN25,H1,2025-03-11 16:00:00,1741708800,573.5,573.5,571.0,572.5,0,0,29,18.0
135,-874,MZW,MZWN25,H1,2025-03-11 17:00:00,1741712400,574.0,574.0,574.0,574.0,0,0,10,17.0
136,-873,MZW,MZWN25,H1,2025-03-11 18:00:00,1741716000,572.0,572.0,570.5,570.5,0,0,18,16.0
137,-872,MZW,MZWN25,H1,2025-03-12 00:00:00,1741737600,574.5,574.5,574.5,574.5,0,0,2,16.0
138,-871,MZW,MZWN25,H1,2025-03-12 01:00:00,1741741200,575.5,575.5,575.5,575.5,0,0,10,15.0
139,-870,MZW,MZWN25,H1,2025-03-12 06:00:00,1741759200,575.5,575.5,575.5,575.5,0,0,4,15.0
140,-869,MZW,MZWN25,H1,2025-03-12 07:00:00,1741762800,573.5,573.5,573.0,573.0,0,0,9,15.0
141,-868,MZW,MZWN25,H1,2025-03-12 08:00:00,1741766400,571.5,571.5,569.5,569.5,0,0,10,16.0
142,-867,MZW,MZWN25,H1,2025-03-12 09:00:00,1741770000,567.0,567.0,566.0,566.0,0,0,8,16.0
143,-866,MZW,MZWN25,H1,2025-03-12 10:00:00,1741773600,566.0,566.0,566.0,566.0,0,0,2,16.0
144,-865,MZW,MZWN25,H1,2025-03-12 11:00:00,1741777200,567.5,567.5,567.5,567.5,0,0,4,16.0
127,-1305,MZW,MZWU25,H1,2025-03-12 12:00:00,1741780800,586.0,586.0,586.0,586.0,0,0,4,11.0
145,-864,MZW,MZWN25,H1,2025-03-12 13:00:00,1741784400,570.5,572.0,570.5,572.0,0,0,7,16.0
146,-863,MZW,MZWN25,H1,2025-03-12 14:00:00,1741788000,569.0,573.0,569.0,571.5,0,0,18,16.0
147,-862,MZW,MZWN25,H1,2025-03-12 15:00:00,1741791600,564.0,565.0,564.0,564.0,0,0,12,16.0
148,-861,MZW,MZWN25,H1,2025-03-12 16:00:00,1741795200,564.0,568.5,564.0,568.5,0,0,4,15.0
132,-1300,MZW,MZWU25,H1,2025-03-12 17:00:00,1741798800,588.0,588.0,587.0,587.0,0,0,14,12.0
149,-860,MZW,MZWN25,H1,2025-03-12 18:00:00,1741802400,569.5,570.5,569.5,570.5,0,0,1,14.0
150,-859,MZW,MZWN25,H1,2025-03-13 01:00:00,1741827600,571.0,571.0,571.0,571.0,0,0,4,14.0
134,-1298,MZW,MZWU25,H1,2025-03-13 08:00:00,1741852800,589.5,589.5,589.5,589.5,0,0,4,11.0
151,-858,MZW,MZWN25,H1,2025-03-13 09:00:00,1741856400,571.0,572.5,571.0,572.5,0,0,12,14.0
152,-857,MZW,MZWN25,H1,2025-03-13 10:00:00,1741860000,572.5,574.0,572.5,574.0,0,0,16,14.0
153,-856,MZW,MZWN25,H1,2025-03-13 11:00:00,1741863600,574.0,574.5,574.0,574.5,0,0,12,14.0
154,-855,MZW,MZWN25,H1,2025-03-13 12:00:00,1741867200,574.0,574.5,574.0,574.5,0,0,8,14.0
155,-854,MZW,MZWN25,H1,2025-03-13 13:00:00,1741870800,576.0,581.0,576.0,580.5,0,0,35,14.0
156,-853,MZW,MZWN25,H1,2025-03-13 14:00:00,1741874400,580.0,580.5,575.5,579.5,0,0,25,15.0
157,-852,MZW,MZWN25,H1,2025-03-13 15:00:00,1741878000,578.5,578.5,576.5,576.5,0,0,23,15.0
158,-851,MZW,MZWN25,H1,2025-03-13 16:00:00,1741881600,579.0,579.0,577.0,577.5,0,0,121,16.0
159,-850,MZW,MZWN25,H1,2025-03-13 17:00:00,1741885200,576.0,577.5,576.0,577.5,0,0,15,17.0
160,-849,MZW,MZWN25,H1,2025-03-13 18:00:00,1741888800,578.5,578.5,577.5,577.5,0,0,1,16.0
161,-848,MZW,MZWN25,H1,2025-03-14 00:00:00,1741910400,575.0,575.0,575.0,575.0,0,0,12,16.0
162,-847,MZW,MZWN25,H1,2025-03-14 01:00:00,1741914000,575.5,575.5,575.5,575.5,0,0,4,15.0
163,-846,MZW,MZWN25,H1,2025-03-14 02:00:00,1741917600,576.5,577.5,576.5,577.5,0,0,8,15.0
148,-1284,MZW,MZWU25,H1,2025-03-14 05:00:00,1741928400,595.0,595.0,595.0,595.0,0,0,2,13.0
164,-845,MZW,MZWN25,H1,2025-03-14 06:00:00,1741932000,578.5,578.5,578.0,578.0,0,0,6,15.0
165,-844,MZW,MZWN25,H1,2025-03-14 08:00:00,1741939200,577.5,577.5,576.5,576.5,0,0,12,15.0
166,-843,MZW,MZWN25,H1,2025-03-14 09:00:00,1741942800,575.0,575.0,575.0,575.0,0,0,8,15.0
151,-1281,MZW,MZWU25,H1,2025-03-14 10:00:00,1741946400,591.0,591.0,591.0,591.0,0,0,4,13.0
152,-1280,MZW,MZWU25,H1,2025-03-14 11:00:00,1741950000,591.0,591.0,591.0,591.0,0,0,4,12.0
167,-842,MZW,MZWN25,H1,2025-03-14 13:00:00,1741957200,578.0,578.0,574.5,576.0,0,0,65,16.0
168,-841,MZW,MZWN25,H1,2025-03-14 14:00:00,1741960800,577.0,578.0,577.0,577.5,0,0,13,16.0
169,-840,MZW,MZWN25,H1,2025-03-14 15:00:00,1741964400,575.0,576.5,575.0,575.0,0,0,25,16.0
170,-839,MZW,MZWN25,H1,2025-03-14 16:00:00,1741968000,574.0,574.0,572.0,572.0,0,0,12,15.0
171,-838,MZW,MZWN25,H1,2025-03-14 17:00:00,1741971600,574.0,574.0,574.0,574.0,0,0,4,15.0
172,-837,MZW,MZWN25,H1,2025-03-14 18:00:00,1741975200,573.0,573.5,573.0,573.5,0,0,2,14.0
173,-836,MZW,MZWN25,H1,2025-03-17 01:00:00,1742173200,580.0,580.0,580.0,580.0,0,0,4,14.0
174,-835,MZW,MZWN25,H1,2025-03-17 07:00:00,1742194800,582.0,583.0,582.0,583.0,0,0,5,14.0
160,-1272,MZW,MZWU25,H1,2025-03-17 08:00:00,1742198400,599.5,599.5,599.5,599.5,0,0,2,12.0
175,-834,MZW,MZWN25,H1,2025-03-17 09:00:00,1742202000,585.0,585.0,585.0,585.0,0,0,2,14.0
176,-833,MZW,MZWN25,H1,2025-03-17 10:00:00,1742205600,583.5,583.5,583.5,583.5,0,0,4,14.0
177,-832,MZW,MZWN25,H1,2025-03-17 11:00:00,1742209200,584.0,584.0,584.0,584.0,0,0,3,14.0
164,-1268,MZW,MZWU25,H1,2025-03-17 12:00:00,1742212800,601.5,601.5,601.5,601.5,0,0,4,12.0
178,-831,MZW,MZWN25,H1,2025-03-17 13:00:00,1742216400,585.5,587.0,585.5,586.0,0,0,21,14.0
179,-830,MZW,MZWN25,H1,2025-03-17 14:00:00,1742220000,585.5,590.0,585.5,590.0,0,0,20,14.0
180,-829,MZW,MZWN25,H1,2025-03-17 15:00:00,1742223600,589.5,590.5,589.5,590.5,0,0,8,14.0
181,-828,MZW,MZWN25,H1,2025-03-17 16:00:00,1742227200,589.0,589.0,586.0,586.0,0,0,62,14.0
182,-827,MZW,MZWN25,H1,2025-03-17 17:00:00,1742230800,585.0,585.5,585.0,585.5,0,0,5,14.0
183,-826,MZW,MZWN25,H1,2025-03-17 18:00:00,1742234400,584.0,585.0,584.0,584.5,0,0,6,14.0
184,-825,MZW,MZWN25,H1,2025-03-18 05:00:00,1742274000,586.5,586.5,586.5,586.5,0,0,4,14.0
185,-824,MZW,MZWN25,H1,2025-03-18 06:00:00,1742277600,586.5,586.5,586.5,586.5,0,0,3,14.0
186,-823,MZW,MZWN25,H1,2025-03-18 07:00:00,1742281200,588.0,589.0,588.0,589.0,0,0,10,14.0
187,-822,MZW,MZWN25,H1,2025-03-18 08:00:00,1742284800,588.0,588.0,588.0,588.0,0,0,4,14.0
188,-821,MZW,MZWN25,H1,2025-03-18 09:00:00,1742288400,586.0,586.0,586.0,586.0,0,0,4,14.0
189,-820,MZW,MZWN25,H1,2025-03-18 10:00:00,1742292000,585.5,586.5,585.5,586.5,0,0,8,14.0
171,-1261,MZW,MZWU25,H1,2025-03-18 11:00:00,1742295600,602.0,602.0,602.0,602.0,0,0,2,12.0
190,-819,MZW,MZWN25,H1,2025-03-18 13:00:00,1742302800,586.0,590.0,586.0,590.0,0,0,13,14.0
191,-818,MZW,MZWN25,H1,2025-03-18 14:00:00,1742306400,586.0,588.0,583.5,586.0,0,0,31,14.0
174,-1258,MZW,MZWU25,H1,2025-03-18 15:00:00,1742310000,604.5,606.0,603.5,603.5,0,0,18,13.0
193,-816,MZW,MZWN25,H1,2025-03-18 16:00:00,1742313600,586.0,586.0,583.5,583.5,0,0,27,14.0
176,-1256,MZW,MZWU25,H1,2025-03-18 18:00:00,1742320800,599.0,599.0,597.5,597.5,0,0,3,13.0
195,-814,MZW,MZWN25,H1,2025-03-19 00:00:00,1742342400,578.5,578.5,576.0,576.0,0,0,18,14.0
178,-1254,MZW,MZWU25,H1,2025-03-19 01:00:00,1742346000,593.0,593.0,592.0,592.0,0,0,18,13.0
196,-813,MZW,MZWN25,H1,2025-03-19 02:00:00,1742349600,576.5,577.0,576.5,577.0,0,0,8,14.0
179,-1253,MZW,MZWU25,H1,2025-03-19 03:00:00,1742353200,593.5,593.5,593.5,593.5,0,0,4,13.0
180,-1252,MZW,MZWU25,H1,2025-03-19 05:00:00,1742360400,593.5,594.0,593.5,593.5,0,0,8,13.0
197,-812,MZW,MZWN25,H1,2025-03-19 06:00:00,1742364000,577.5,578.0,576.5,576.5,0,0,20,14.0
198,-811,MZW,MZWN25,H1,2025-03-19 07:00:00,1742367600,579.5,579.5,579.5,579.5,0,0,8,14.0
199,-810,MZW,MZWN25,H1,2025-03-19 08:00:00,1742371200,581.5,583.0,581.5,583.0,0,0,12,14.0
200,-809,MZW,MZWN25,H1,2025-03-19 09:00:00,1742374800,581.0,581.0,581.0,581.0,0,0,6,14.0
201,-808,MZW,MZWN25,H1,2025-03-19 10:00:00,1742378400,582.0,582.0,580.0,580.0,0,0,6,14.0
202,-807,MZW,MZWN25,H1,2025-03-19 11:00:00,1742382000,583.5,584.0,583.5,584.0,0,0,8,14.0
186,-1246,MZW,MZWU25,H1,2025-03-19 12:00:00,1742385600,596.0,596.0,596.0,596.0,0,0,1,13.0
204,-805,MZW,MZWN25,H1,2025-03-19 13:00:00,1742389200,581.0,584.0,581.0,581.0,0,0,19,14.0
205,-804,MZW,MZWN25,H1,2025-03-19 14:00:00,1742392800,582.0,584.5,582.0,582.5,0,0,20,14.0
189,-1243,MZW,MZWU25,H1,2025-03-19 15:00:00,1742396400,598.5,598.5,595.0,596.0,0,0,37,14.0
207,-802,MZW,MZWN25,H1,2025-03-19 16:00:00,1742400000,577.5,581.0,577.5,581.0,0,0,62,15.0
208,-801,MZW,MZWN25,H1,2025-03-19 17:00:00,1742403600,579.5,580.0,579.5,579.5,0,0,30,15.0
209,-800,MZW,MZWN25,H1,2025-03-19 18:00:00,1742407200,580.0,580.0,579.5,579.5,0,0,3,15.0
210,-799,MZW,MZWN25,H1,2025-03-20 00:00:00,1742428800,583.0,583.0,582.5,582.5,0,0,6,15.0
211,-798,MZW,MZWN25,H1,2025-03-20 01:00:00,1742432400,583.0,583.0,583.0,583.0,0,0,2,15.0
212,-797,MZW,MZWN25,H1,2025-03-20 02:00:00,1742436000,584.0,584.0,584.0,584.0,0,0,4,15.0
193,-1239,MZW,MZWU25,H1,2025-03-20 04:00:00,1742443200,600.0,600.0,600.0,600.0,0,0,4,14.0
213,-796,MZW,MZWN25,H1,2025-03-20 05:00:00,1742446800,582.5,582.5,582.5,582.5,0,0,2,15.0
214,-795,MZW,MZWN25,H1,2025-03-20 06:00:00,1742450400,582.0,582.0,582.0,582.0,0,0,4,15.0
215,-794,MZW,MZWN25,H1,2025-03-20 09:00:00,1742461200,577.0,577.0,577.0,577.0,0,0,2,15.0
216,-793,MZW,MZWN25,H1,2025-03-20 10:00:00,1742464800,576.0,576.0,576.0,576.0,0,0,4,15.0
217,-792,MZW,MZWN25,H1,2025-03-20 11:00:00,1742468400,575.0,575.0,575.0,575.0,0,0,4,15.0
218,-791,MZW,MZWN25,H1,2025-03-20 12:00:00,1742472000,577.5,577.5,574.5,575.0,0,0,22,15.0
219,-790,MZW,MZWN25,H1,2025-03-20 13:00:00,1742475600,574.5,575.5,574.5,574.5,0,0,12,15.0
220,-789,MZW,MZWN25,H1,2025-03-20 14:00:00,1742479200,573.5,573.5,571.5,572.0,0,0,20,15.0
221,-788,MZW,MZWN25,H1,2025-03-20 15:00:00,1742482800,573.0,574.5,573.0,574.5,0,0,6,15.0
222,-787,MZW,MZWN25,H1,2025-03-20 16:00:00,1742486400,575.5,575.5,575.5,575.5,0,0,9,15.0
223,-786,MZW,MZWN25,H1,2025-03-20 17:00:00,1742490000,575.0,575.0,574.0,574.0,0,0,6,15.0
224,-785,MZW,MZWN25,H1,2025-03-20 18:00:00,1742493600,574.5,574.5,573.5,573.5,0,0,6,15.0
225,-784,MZW,MZWN25,H1,2025-03-21 00:00:00,1742515200,573.5,573.5,573.5,573.5,0,0,1,15.0
226,-783,MZW,MZWN25,H1,2025-03-21 02:00:00,1742522400,572.0,572.0,572.0,572.0,0,0,4,15.0
227,-782,MZW,MZWN25,H1,2025-03-21 07:00:00,1742540400,573.0,573.0,573.0,573.0,0,0,2,14.0
228,-781,MZW,MZWN25,H1,2025-03-21 08:00:00,1742544000,573.5,573.5,573.5,573.5,0,0,4,14.0
229,-780,MZW,MZWN25,H1,2025-03-21 09:00:00,1742547600,572.5,572.5,572.5,572.5,0,0,6,14.0
230,-779,MZW,MZWN25,H1,2025-03-21 10:00:00,1742551200,575.5,575.5,575.5,575.5,0,0,4,12.0
208,-1224,MZW,MZWU25,H1,2025-03-21 12:00:00,1742558400,590.5,590.5,590.5,590.5,0,0,4,13.0
209,-1223,MZW,MZWU25,H1,2025-03-21 13:00:00,1742562000,592.5,595.0,592.5,594.0,0,0,12,13.0
210,-1222,MZW,MZWU25,H1,2025-03-21 14:00:00,1742565600,592.0,592.0,591.5,591.5,0,0,8,13.0
211,-1221,MZW,MZWU25,H1,2025-03-21 18:00:00,1742580000,591.0,591.0,590.5,590.5,0,0,2,13.0
235,-774,MZW,MZWN25,H1,2025-03-24 01:00:00,1742778000,576.5,576.5,576.5,576.5,0,0,4,12.0
212,-1220,MZW,MZWU25,H1,2025-03-24 03:00:00,1742785200,590.0,590.0,589.0,589.0,0,0,2,12.0
236,-773,MZW,MZWN25,H1,2025-03-24 04:00:00,1742788800,574.0,574.0,574.0,574.0,0,0,1,12.0
237,-772,MZW,MZWN25,H1,2025-03-24 05:00:00,1742792400,574.0,574.0,574.0,574.0,0,0,4,12.0
213,-1219,MZW,MZWU25,H1,2025-03-24 06:00:00,1742796000,590.5,590.5,590.0,590.0,0,0,8,12.0
239,-770,MZW,MZWN25,H1,2025-03-24 07:00:00,1742799600,572.0,572.0,572.0,572.0,0,0,4,11.0
214,-1218,MZW,MZWU25,H1,2025-03-24 08:00:00,1742803200,586.5,586.5,586.0,586.0,0,0,10,12.0
215,-1217,MZW,MZWU25,H1,2025-03-24 09:00:00,1742806800,586.5,586.5,586.5,586.5,0,0,3,11.0
216,-1216,MZW,MZWU25,H1,2025-03-24 10:00:00,1742810400,585.5,585.5,585.5,585.5,0,0,3,11.0
217,-1215,MZW,MZWU25,H1,2025-03-24 13:00:00,1742821200,583.0,583.0,580.5,581.0,0,0,9,11.0
218,-1214,MZW,MZWU25,H1,2025-03-24 14:00:00,1742824800,579.0,581.5,579.0,581.5,0,0,4,11.0
219,-1213,MZW,MZWU25,H1,2025-03-24 15:00:00,1742828400,580.0,582.0,580.0,582.0,0,0,8,11.0
220,-1212,MZW,MZWU25,H1,2025-03-24 16:00:00,1742832000,582.5,583.5,582.0,583.5,0,0,18,12.0
221,-1211,MZW,MZWU25,H1,2025-03-24 17:00:00,1742835600,583.5,583.5,583.5,583.5,0,0,2,12.0
222,-1210,MZW,MZWU25,H1,2025-03-24 18:00:00,1742839200,582.0,582.0,581.5,581.5,0,0,1,12.0
247,-762,MZW,MZWN25,H1,2025-03-25 08:00:00,1742889600,563.0,563.0,562.5,562.5,0,0,8,11.0
3,-1648,MZW,MZWZ25,H1,2025-03-25 09:00:00,1742893200,601.0,601.0,601.0,601.0,0,0,1,4.0
223,-1209,MZW,MZWU25,H1,2025-03-25 10:00:00,1742896800,580.0,582.5,580.0,582.5,0,0,16,12.0
224,-1208,MZW,MZWU25,H1,2025-03-25 11:00:00,1742900400,581.0,581.0,581.0,581.0,0,0,4,12.0
225,-1207,MZW,MZWU25,H1,2025-03-25 12:00:00,1742904000,579.0,579.0,579.0,579.0,0,0,2,11.0
226,-1206,MZW,MZWU25,H1,2025-03-25 13:00:00,1742907600,579.5,579.5,579.5,579.5,0,0,1,11.0
227,-1205,MZW,MZWU25,H1,2025-03-25 14:00:00,1742911200,576.5,576.5,576.5,576.5,0,0,4,11.0
228,-1204,MZW,MZWU25,H1,2025-03-25 15:00:00,1742914800,578.0,578.5,577.5,577.5,0,0,24,11.0
229,-1203,MZW,MZWU25,H1,2025-03-25 16:00:00,1742918400,575.0,575.0,575.0,575.0,0,0,2,11.0
230,-1202,MZW,MZWU25,H1,2025-03-25 17:00:00,1742922000,575.0,576.0,575.0,576.0,0,0,13,11.0
231,-1201,MZW,MZWU25,H1,2025-03-25 18:00:00,1742925600,576.5,576.5,576.5,576.5,0,0,1,11.0
232,-1200,MZW,MZWU25,H1,2025-03-26 01:00:00,1742950800,575.5,575.5,575.5,575.5,0,0,1,11.0
233,-1199,MZW,MZWU25,H1,2025-03-26 03:00:00,1742958000,574.5,574.5,574.5,574.5,0,0,12,11.0
234,-1198,MZW,MZWU25,H1,2025-03-26 06:00:00,1742968800,576.0,576.0,576.0,576.0,0,0,5,11.0
256,-753,MZW,MZWN25,H1,2025-03-26 07:00:00,1742972400,560.5,560.5,560.5,560.5,0,0,7,10.0
235,-1197,MZW,MZWU25,H1,2025-03-26 09:00:00,1742979600,578.0,578.0,575.0,575.0,0,0,44,11.0
236,-1196,MZW,MZWU25,H1,2025-03-26 10:00:00,1742983200,576.0,576.0,576.0,576.0,0,0,11,11.0
237,-1195,MZW,MZWU25,H1,2025-03-26 11:00:00,1742986800,576.5,576.5,576.5,576.5,0,0,1,11.0
238,-1194,MZW,MZWU25,H1,2025-03-26 12:00:00,1742990400,574.0,574.0,573.5,573.5,0,0,6,11.0
239,-1193,MZW,MZWU25,H1,2025-03-26 13:00:00,1742994000,576.5,576.5,576.5,576.5,0,0,13,10.0
261,-748,MZW,MZWN25,H1,2025-03-26 14:00:00,1742997600,559.0,559.0,555.0,555.0,0,0,14,10.0
262,-747,MZW,MZWN25,H1,2025-03-26 15:00:00,1743001200,553.0,553.0,553.0,553.0,0,0,3,10.0
240,-1192,MZW,MZWU25,H1,2025-03-26 16:00:00,1743004800,573.0,573.0,571.5,571.5,0,0,6,10.0
241,-1191,MZW,MZWU25,H1,2025-03-26 17:00:00,1743008400,572.0,572.0,571.5,571.5,0,0,2,10.0
242,-1190,MZW,MZWU25,H1,2025-03-26 18:00:00,1743012000,568.0,568.5,568.0,568.5,0,0,3,10.0
264,-745,MZW,MZWN25,H1,2025-03-27 00:00:00,1743033600,549.5,549.5,549.5,549.5,0,0,10,10.0
243,-1189,MZW,MZWU25,H1,2025-03-27 01:00:00,1743037200,566.0,566.0,566.0,566.0,0,0,8,10.0
244,-1188,MZW,MZWU25,H1,2025-03-27 03:00:00,1743044400,566.0,567.0,566.0,566.5,0,0,28,10.0
265,-744,MZW,MZWN25,H1,2025-03-27 06:00:00,1743055200,549.0,549.0,549.0,549.0,0,0,10,9.0
266,-743,MZW,MZWN25,H1,2025-03-27 08:00:00,1743062400,549.0,549.5,549.0,549.5,0,0,6,9.0
267,-742,MZW,MZWN25,H1,2025-03-27 09:00:00,1743066000,550.0,551.5,550.0,551.5,0,0,10,9.0
245,-1187,MZW,MZWU25,H1,2025-03-27 10:00:00,1743069600,568.0,568.0,568.0,568.0,0,0,1,10.0
246,-1186,MZW,MZWU25,H1,2025-03-27 11:00:00,1743073200,567.5,568.0,567.5,568.0,0,0,5,10.0
270,-739,MZW,MZWN25,H1,2025-03-27 12:00:00,1743076800,553.0,553.0,550.0,550.0,0,0,6,9.0
247,-1185,MZW,MZWU25,H1,2025-03-27 13:00:00,1743080400,563.5,563.5,563.5,563.5,0,0,1,9.0
248,-1184,MZW,MZWU25,H1,2025-03-27 14:00:00,1743084000,563.5,563.5,562.5,562.5,0,0,4,9.0
273,-736,MZW,MZWN25,H1,2025-03-27 15:00:00,1743087600,544.0,545.0,544.0,545.0,0,0,13,9.0
249,-1183,MZW,MZWU25,H1,2025-03-27 16:00:00,1743091200,562.0,562.0,562.0,562.0,0,0,3,9.0
274,-735,MZW,MZWN25,H1,2025-03-27 17:00:00,1743094800,546.0,547.0,546.0,547.0,0,0,20,9.0
250,-1182,MZW,MZWU25,H1,2025-03-27 18:00:00,1743098400,564.5,564.5,563.5,563.5,0,0,2,9.0
251,-1181,MZW,MZWU25,H1,2025-03-28 00:00:00,1743120000,562.5,562.5,562.5,562.5,0,0,4,9.0
277,-732,MZW,MZWN25,H1,2025-03-28 07:00:00,1743145200,543.0,543.0,540.0,540.0,0,0,23,9.0
252,-1180,MZW,MZWU25,H1,2025-03-28 08:00:00,1743148800,556.0,556.0,556.0,556.0,0,0,2,9.0
253,-1179,MZW,MZWU25,H1,2025-03-28 09:00:00,1743152400,556.5,556.5,556.5,556.5,0,0,2,9.0
280,-729,MZW,MZWN25,H1,2025-03-28 10:00:00,1743156000,540.5,540.5,540.5,540.5,0,0,6,7.0
254,-1178,MZW,MZWU25,H1,2025-03-28 11:00:00,1743159600,556.5,556.5,556.5,556.5,0,0,8,9.0
255,-1177,MZW,MZWU25,H1,2025-03-28 12:00:00,1743163200,555.0,555.0,554.5,554.5,0,0,4,9.0
256,-1176,MZW,MZWU25,H1,2025-03-28 13:00:00,1743166800,553.5,554.0,551.5,551.5,0,0,5,9.0
257,-1175,MZW,MZWU25,H1,2025-03-28 14:00:00,1743170400,550.0,552.0,550.0,552.0,0,0,13,9.0
285,-724,MZW,MZWN25,H1,2025-03-28 15:00:00,1743174000,539.0,539.0,539.0,539.0,0,0,1,7.0
286,-723,MZW,MZWN25,H1,2025-03-28 16:00:00,1743177600,539.5,539.5,539.0,539.0,0,0,6,7.0
258,-1174,MZW,MZWU25,H1,2025-03-28 17:00:00,1743181200,557.5,557.5,557.5,557.5,0,0,5,9.0
259,-1173,MZW,MZWU25,H1,2025-03-28 18:00:00,1743184800,559.5,560.0,559.5,560.0,0,0,3,9.0
260,-1172,MZW,MZWU25,H1,2025-03-31 06:00:00,1743400800,561.0,561.0,561.0,561.0,0,0,2,8.0
290,-719,MZW,MZWN25,H1,2025-03-31 08:00:00,1743408000,544.0,544.0,544.0,544.0,0,0,1,7.0
291,-718,MZW,MZWN25,H1,2025-03-31 10:00:00,1743415200,543.0,543.0,543.0,543.0,0,0,4,7.0
261,-1171,MZW,MZWU25,H1,2025-03-31 11:00:00,1743418800,558.5,558.5,558.0,558.0,0,0,8,8.0
293,-716,MZW,MZWN25,H1,2025-03-31 13:00:00,1743426000,543.5,543.5,543.5,543.5,0,0,4,6.0
262,-1170,MZW,MZWU25,H1,2025-03-31 14:00:00,1743429600,561.5,561.5,561.5,561.5,0,0,8,7.0
263,-1169,MZW,MZWU25,H1,2025-03-31 15:00:00,1743433200,556.0,556.0,556.0,556.0,0,0,8,7.0
264,-1168,MZW,MZWU25,H1,2025-03-31 16:00:00,1743436800,556.0,567.0,556.0,565.5,0,0,64,8.0
265,-1167,MZW,MZWU25,H1,2025-03-31 17:00:00,1743440400,567.5,567.5,567.0,567.0,0,0,8,8.0
266,-1166,MZW,MZWU25,H1,2025-03-31 18:00:00,1743444000,566.5,566.5,566.5,566.5,0,0,1,8.0
267,-1165,MZW,MZWU25,H1,2025-04-01 07:00:00,1743490800,564.0,564.0,564.0,564.0,0,0,4,8.0
268,-1164,MZW,MZWU25,H1,2025-04-01 10:00:00,1743501600,570.5,570.5,570.5,570.5,0,0,4,8.0
269,-1163,MZW,MZWU25,H1,2025-04-01 11:00:00,1743505200,571.5,571.5,571.5,571.5,0,0,4,8.0
270,-1162,MZW,MZWU25,H1,2025-04-01 13:00:00,1743512400,569.0,569.5,569.0,569.5,0,0,8,8.0
271,-1161,MZW,MZWU25,H1,2025-04-01 14:00:00,1743516000,569.5,570.5,569.5,570.5,0,0,12,8.0
272,-1160,MZW,MZWU25,H1,2025-04-01 15:00:00,1743519600,571.0,571.5,571.0,571.5,0,0,8,8.0
301,-708,MZW,MZWN25,H1,2025-04-01 16:00:00,1743523200,554.5,554.5,552.5,552.5,0,0,6,8.0
302,-707,MZW,MZWN25,H1,2025-04-01 18:00:00,1743530400,554.0,554.0,554.0,554.0,0,0,0,8.0
303,-706,MZW,MZWN25,H1,2025-04-02 00:00:00,1743552000,554.0,554.0,554.0,554.0,0,0,1,8.0
274,-1158,MZW,MZWU25,H1,2025-04-02 01:00:00,1743555600,571.0,571.0,571.0,571.0,0,0,2,7.0
304,-705,MZW,MZWN25,H1,2025-04-02 03:00:00,1743562800,553.5,553.5,553.5,553.5,0,0,1,7.0
275,-1157,MZW,MZWU25,H1,2025-04-02 04:00:00,1743566400,569.0,569.0,569.0,569.0,0,0,4,7.0
276,-1156,MZW,MZWU25,H1,2025-04-02 05:00:00,1743570000,568.0,568.0,568.0,568.0,0,0,4,7.0
307,-702,MZW,MZWN25,H1,2025-04-02 08:00:00,1743580800,550.5,550.5,550.5,550.5,0,0,4,7.0
308,-701,MZW,MZWN25,H1,2025-04-02 10:00:00,1743588000,550.0,550.0,550.0,550.0,0,0,10,8.0
309,-700,MZW,MZWN25,H1,2025-04-02 11:00:00,1743591600,551.0,551.0,551.0,551.0,0,0,4,8.0
310,-699,MZW,MZWN25,H1,2025-04-02 12:00:00,1743595200,550.0,550.0,547.5,547.5,0,0,6,8.0
311,-698,MZW,MZWN25,H1,2025-04-02 13:00:00,1743598800,550.5,550.5,550.0,550.5,0,0,3,8.0
280,-1152,MZW,MZWU25,H1,2025-04-02 14:00:00,1743602400,567.5,568.5,565.5,565.5,0,0,32,8.0
313,-696,MZW,MZWN25,H1,2025-04-02 15:00:00,1743606000,549.0,553.0,549.0,553.0,0,0,11,8.0
281,-1151,MZW,MZWU25,H1,2025-04-02 16:00:00,1743609600,570.5,570.5,570.5,570.5,0,0,6,8.0
282,-1150,MZW,MZWU25,H1,2025-04-02 18:00:00,1743616800,568.0,568.0,566.5,566.5,0,0,1,8.0
283,-1149,MZW,MZWU25,H1,2025-04-03 00:00:00,1743638400,556.5,559.5,556.5,559.5,0,0,16,8.0
284,-1148,MZW,MZWU25,H1,2025-04-03 05:00:00,1743656400,561.5,561.5,561.5,561.5,0,0,2,8.0
318,-691,MZW,MZWN25,H1,2025-04-03 07:00:00,1743663600,545.5,545.5,545.0,545.0,0,0,10,8.0
285,-1147,MZW,MZWU25,H1,2025-04-03 10:00:00,1743674400,559.0,559.0,559.0,559.0,0,0,2,8.0
320,-689,MZW,MZWN25,H1,2025-04-03 11:00:00,1743678000,540.0,541.0,540.0,541.0,0,0,5,8.0
286,-1146,MZW,MZWU25,H1,2025-04-03 13:00:00,1743685200,558.5,565.0,558.5,565.0,0,0,3,8.0
287,-1145,MZW,MZWU25,H1,2025-04-03 14:00:00,1743688800,566.0,568.5,566.0,568.5,0,0,5,8.0
288,-1144,MZW,MZWU25,H1,2025-04-03 15:00:00,1743692400,569.0,569.0,569.0,569.0,0,0,1,8.0
324,-685,MZW,MZWN25,H1,2025-04-03 16:00:00,1743696000,554.0,554.0,554.0,554.0,0,0,1,8.0
325,-684,MZW,MZWN25,H1,2025-04-03 17:00:00,1743699600,553.0,553.5,553.0,553.5,0,0,2,8.0
289,-1143,MZW,MZWU25,H1,2025-04-03 18:00:00,1743703200,565.5,565.5,565.0,565.5,0,0,3,8.0
327,-682,MZW,MZWN25,H1,2025-04-04 00:00:00,1743724800,552.0,552.0,552.0,552.0,0,0,3,8.0
290,-1142,MZW,MZWU25,H1,2025-04-04 06:00:00,1743746400,565.0,565.0,564.5,564.5,0,0,6,8.0
291,-1141,MZW,MZWU25,H1,2025-04-04 07:00:00,1743750000,564.0,564.0,564.0,564.0,0,0,2,7.0
328,-681,MZW,MZWN25,H1,2025-04-04 10:00:00,1743760800,537.5,538.5,537.5,538.5,0,0,13,8.0
329,-680,MZW,MZWN25,H1,2025-04-04 13:00:00,1743771600,540.0,540.0,535.5,535.5,0,0,7,8.0
330,-679,MZW,MZWN25,H1,2025-04-04 14:00:00,1743775200,538.5,538.5,538.5,538.5,0,0,5,8.0
331,-678,MZW,MZWN25,H1,2025-04-04 15:00:00,1743778800,540.0,542.5,540.0,542.5,0,0,3,8.0
332,-677,MZW,MZWN25,H1,2025-04-04 16:00:00,1743782400,545.0,545.0,545.0,545.0,0,0,5,8.0
333,-676,MZW,MZWN25,H1,2025-04-04 17:00:00,1743786000,542.0,542.0,542.0,542.0,0,0,1,8.0
334,-675,MZW,MZWN25,H1,2025-04-04 18:00:00,1743789600,543.0,544.0,543.0,544.0,0,0,1,8.0
335,-674,MZW,MZWN25,H1,2025-04-07 00:00:00,1743984000,542.0,544.0,540.0,543.5,0,0,18,8.0
298,-1134,MZW,MZWU25,H1,2025-04-07 01:00:00,1743987600,557.0,557.0,557.0,557.0,0,0,2,7.0
336,-673,MZW,MZWN25,H1,2025-04-07 08:00:00,1744012800,544.5,545.0,544.5,545.0,0,0,3,8.0
337,-672,MZW,MZWN25,H1,2025-04-07 09:00:00,1744016400,544.0,544.0,544.0,544.0,0,0,2,8.0
300,-1132,MZW,MZWU25,H1,2025-04-07 10:00:00,1744020000,557.0,557.0,557.0,557.0,0,0,2,7.0
301,-1131,MZW,MZWU25,H1,2025-04-07 11:00:00,1744023600,557.5,557.5,557.5,557.5,0,0,4,7.0
338,-671,MZW,MZWN25,H1,2025-04-07 12:00:00,1744027200,544.5,548.5,544.5,548.0,0,0,11,8.0
339,-670,MZW,MZWN25,H1,2025-04-07 13:00:00,1744030800,550.5,552.5,550.5,552.5,0,0,4,8.0
304,-1128,MZW,MZWU25,H1,2025-04-07 14:00:00,1744034400,571.5,571.5,571.5,571.5,0,0,1,7.0
340,-669,MZW,MZWN25,H1,2025-04-07 18:00:00,1744048800,549.5,550.5,549.5,550.5,0,0,1,8.0
341,-668,MZW,MZWN25,H1,2025-04-08 00:00:00,1744070400,555.0,555.0,555.0,555.0,0,0,4,8.0
307,-1125,MZW,MZWU25,H1,2025-04-08 09:00:00,1744102800,571.5,571.5,571.5,571.5,0,0,2,6.0
342,-667,MZW,MZWN25,H1,2025-04-08 10:00:00,1744106400,555.5,555.5,555.5,555.5,0,0,7,8.0
343,-666,MZW,MZWN25,H1,2025-04-08 11:00:00,1744110000,555.5,555.5,555.5,555.5,0,0,9,8.0
344,-665,MZW,MZWN25,H1,2025-04-08 13:00:00,1744117200,559.0,562.5,552.5,552.5,0,0,15,8.0
345,-664,MZW,MZWN25,H1,2025-04-08 14:00:00,1744120800,550.0,550.0,549.0,550.0,0,0,23,8.0
346,-663,MZW,MZWN25,H1,2025-04-08 15:00:00,1744124400,554.5,554.5,554.0,554.0,0,0,5,8.0
310,-1122,MZW,MZWU25,H1,2025-04-08 16:00:00,1744128000,567.0,567.0,567.0,567.0,0,0,4,6.0
347,-662,MZW,MZWN25,H1,2025-04-08 17:00:00,1744131600,554.0,554.0,553.0,553.0,0,0,13,8.0
348,-661,MZW,MZWN25,H1,2025-04-08 18:00:00,1744135200,554.0,554.0,554.0,554.0,0,0,0,8.0
349,-660,MZW,MZWN25,H1,2025-04-09 00:00:00,1744156800,555.5,555.5,555.5,555.5,0,0,2,8.0
350,-659,MZW,MZWN25,H1,2025-04-09 05:00:00,1744174800,553.5,553.5,553.5,553.5,0,0,4,8.0
351,-658,MZW,MZWN25,H1,2025-04-09 06:00:00,1744178400,552.0,552.0,552.0,552.0,0,0,3,8.0
312,-1120,MZW,MZWU25,H1,2025-04-09 10:00:00,1744192800,571.5,571.5,571.5,571.5,0,0,2,6.0
352,-657,MZW,MZWN25,H1,2025-04-09 11:00:00,1744196400,554.0,554.0,553.0,553.0,0,0,22,8.0
353,-656,MZW,MZWN25,H1,2025-04-09 12:00:00,1744200000,558.5,559.0,558.5,559.0,0,0,3,8.0
354,-655,MZW,MZWN25,H1,2025-04-09 13:00:00,1744203600,558.0,558.0,552.5,552.5,0,0,3,8.0
355,-654,MZW,MZWN25,H1,2025-04-09 14:00:00,1744207200,550.0,550.0,550.0,550.0,0,0,1,8.0
356,-653,MZW,MZWN25,H1,2025-04-09 18:00:00,1744221600,556.0,556.0,554.5,554.5,0,0,1,8.0
357,-652,MZW,MZWN25,H1,2025-04-10 00:00:00,1744243200,558.0,558.5,557.5,558.5,0,0,6,8.0
318,-1114,MZW,MZWU25,H1,2025-04-10 01:00:00,1744246800,570.5,570.5,569.0,569.5,0,0,4,6.0
319,-1113,MZW,MZWU25,H1,2025-04-10 02:00:00,1744250400,570.0,570.0,570.0,570.0,0,0,4,6.0
320,-1112,MZW,MZWU25,H1,2025-04-10 05:00:00,1744261200,569.0,569.0,569.0,569.0,0,0,2,6.0
321,-1111,MZW,MZWU25,H1,2025-04-10 07:00:00,1744268400,567.5,567.5,567.5,567.5,0,0,2,6.0
358,-651,MZW,MZWN25,H1,2025-04-10 08:00:00,1744272000,556.0,562.5,555.0,555.0,0,0,51,8.0
359,-650,MZW,MZWN25,H1,2025-04-10 09:00:00,1744275600,557.5,559.0,557.5,559.0,0,0,23,9.0
360,-649,MZW,MZWN25,H1,2025-04-10 10:00:00,1744279200,559.5,560.0,559.5,560.0,0,0,15,9.0
361,-648,MZW,MZWN25,H1,2025-04-10 12:00:00,1744286400,558.5,558.5,558.5,558.5,0,0,1,9.0
362,-647,MZW,MZWN25,H1,2025-04-10 13:00:00,1744290000,558.0,558.0,558.0,558.0,0,0,5,9.0
363,-646,MZW,MZWN25,H1,2025-04-10 14:00:00,1744293600,552.0,552.0,552.0,552.0,0,0,6,9.0
364,-645,MZW,MZWN25,H1,2025-04-10 15:00:00,1744297200,552.0,553.5,552.0,553.5,0,0,5,9.0
365,-644,MZW,MZWN25,H1,2025-04-10 16:00:00,1744300800,554.5,555.5,554.5,555.5,0,0,12,9.0
366,-643,MZW,MZWN25,H1,2025-04-10 17:00:00,1744304400,551.5,551.5,551.5,551.5,0,0,3,9.0
367,-642,MZW,MZWN25,H1,2025-04-10 18:00:00,1744308000,554.0,554.0,553.5,553.5,0,0,3,8.0
368,-641,MZW,MZWN25,H1,2025-04-11 01:00:00,1744333200,552.5,552.5,552.0,552.0,0,0,16,8.0
369,-640,MZW,MZWN25,H1,2025-04-11 03:00:00,1744340400,553.5,553.5,553.5,553.5,0,0,2,8.0
370,-639,MZW,MZWN25,H1,2025-04-11 04:00:00,1744344000,555.5,555.5,555.5,555.5,0,0,2,8.0
329,-1103,MZW,MZWU25,H1,2025-04-11 05:00:00,1744347600,571.0,571.0,571.0,571.0,0,0,2,6.0
371,-638,MZW,MZWN25,H1,2025-04-11 06:00:00,1744351200,556.5,557.0,556.5,557.0,0,0,12,8.0
372,-637,MZW,MZWN25,H1,2025-04-11 07:00:00,1744354800,558.0,558.0,558.0,558.0,0,0,5,8.0
373,-636,MZW,MZWN25,H1,2025-04-11 08:00:00,1744358400,560.0,561.5,560.0,561.5,0,0,3,8.0
374,-635,MZW,MZWN25,H1,2025-04-11 09:00:00,1744362000,561.5,563.5,561.5,563.0,0,0,12,8.0
375,-634,MZW,MZWN25,H1,2025-04-11 10:00:00,1744365600,562.0,562.5,562.0,562.5,0,0,8,8.0
376,-633,MZW,MZWN25,H1,2025-04-11 12:00:00,1744372800,563.0,564.5,563.0,564.5,0,0,11,8.0
377,-632,MZW,MZWN25,H1,2025-04-11 13:00:00,1744376400,564.0,570.0,564.0,567.5,0,0,182,10.0
378,-631,MZW,MZWN25,H1,2025-04-11 14:00:00,1744380000,567.5,567.5,563.5,564.0,0,0,22,11.0
379,-630,MZW,MZWN25,H1,2025-04-11 15:00:00,1744383600,567.0,567.5,566.5,567.5,0,0,10,11.0
380,-629,MZW,MZWN25,H1,2025-04-11 16:00:00,1744387200,571.0,571.0,571.0,571.0,0,0,4,11.0
381,-628,MZW,MZWN25,H1,2025-04-11 18:00:00,1744394400,570.5,570.5,570.0,570.0,0,0,1,10.0
382,-627,MZW,MZWN25,H1,2025-04-14 00:00:00,1744588800,568.0,568.0,565.0,565.0,0,0,18,11.0
383,-626,MZW,MZWN25,H1,2025-04-14 01:00:00,1744592400,564.5,565.0,564.5,565.0,0,0,3,11.0
384,-625,MZW,MZWN25,H1,2025-04-14 04:00:00,1744603200,564.0,564.0,564.0,564.0,0,0,2,10.0
385,-624,MZW,MZWN25,H1,2025-04-14 05:00:00,1744606800,564.0,564.0,564.0,564.0,0,0,5,10.0
386,-623,MZW,MZWN25,H1,2025-04-14 07:00:00,1744614000,564.0,564.0,564.0,564.0,0,0,3,10.0
387,-622,MZW,MZWN25,H1,2025-04-14 08:00:00,1744617600,564.0,564.0,564.0,564.0,0,0,3,10.0
388,-621,MZW,MZWN25,H1,2025-04-14 09:00:00,1744621200,563.5,566.5,563.5,566.5,0,0,56,11.0
336,-1096,MZW,MZWU25,H1,2025-04-14 10:00:00,1744624800,579.0,579.0,579.0,579.0,0,0,10,5.0
389,-620,MZW,MZWN25,H1,2025-04-14 11:00:00,1744628400,566.0,566.0,566.0,566.0,0,0,1,11.0
390,-619,MZW,MZWN25,H1,2025-04-14 13:00:00,1744635600,562.0,563.5,560.5,560.5,0,0,11,11.0
391,-618,MZW,MZWN25,H1,2025-04-14 14:00:00,1744639200,560.5,560.5,558.0,558.0,0,0,6,11.0
392,-617,MZW,MZWN25,H1,2025-04-14 16:00:00,1744646400,560.5,560.5,560.5,560.5,0,0,1,11.0
393,-616,MZW,MZWN25,H1,2025-04-14 17:00:00,1744650000,560.5,560.5,560.5,560.5,0,0,3,11.0
394,-615,MZW,MZWN25,H1,2025-04-14 18:00:00,1744653600,562.0,562.0,562.0,562.0,0,0,9,10.0
395,-614,MZW,MZWN25,H1,2025-04-15 00:00:00,1744675200,562.0,562.0,562.0,562.0,0,0,1,10.0
396,-613,MZW,MZWN25,H1,2025-04-15 01:00:00,1744678800,561.0,561.0,560.5,560.5,0,0,16,10.0
397,-612,MZW,MZWN25,H1,2025-04-15 05:00:00,1744693200,563.5,563.5,563.5,563.5,0,0,12,11.0
398,-611,MZW,MZWN25,H1,2025-04-15 06:00:00,1744696800,564.0,564.0,564.0,564.0,0,0,2,11.0
399,-610,MZW,MZWN25,H1,2025-04-15 07:00:00,1744700400,564.0,564.0,564.0,564.0,0,0,1,11.0
400,-609,MZW,MZWN25,H1,2025-04-15 08:00:00,1744704000,562.5,562.5,561.0,562.0,0,0,32,11.0
401,-608,MZW,MZWN25,H1,2025-04-15 09:00:00,1744707600,561.0,561.0,561.0,561.0,0,0,2,11.0
402,-607,MZW,MZWN25,H1,2025-04-15 10:00:00,1744711200,561.0,561.0,561.0,561.0,0,0,3,11.0
403,-606,MZW,MZWN25,H1,2025-04-15 11:00:00,1744714800,560.5,560.5,559.5,559.5,0,0,4,11.0
404,-605,MZW,MZWN25,H1,2025-04-15 13:00:00,1744722000,558.5,562.5,558.5,561.5,0,0,17,11.0
405,-604,MZW,MZWN25,H1,2025-04-15 14:00:00,1744725600,558.5,558.5,555.0,555.0,0,0,3,11.0
406,-603,MZW,MZWN25,H1,2025-04-15 15:00:00,1744729200,558.5,558.5,557.5,557.5,0,0,4,11.0
348,-1084,MZW,MZWU25,H1,2025-04-15 17:00:00,1744736400,571.0,571.0,571.0,571.0,0,0,1,5.0
407,-602,MZW,MZWN25,H1,2025-04-15 18:00:00,1744740000,557.0,557.0,556.0,556.0,0,0,12,11.0
408,-601,MZW,MZWN25,H1,2025-04-16 00:00:00,1744761600,556.5,556.5,555.5,555.5,0,0,3,11.0
409,-600,MZW,MZWN25,H1,2025-04-16 01:00:00,1744765200,555.0,555.5,554.5,555.5,0,0,12,11.0
410,-599,MZW,MZWN25,H1,2025-04-16 02:00:00,1744768800,554.5,554.5,554.5,554.5,0,0,1,11.0
411,-598,MZW,MZWN25,H1,2025-04-16 05:00:00,1744779600,552.5,552.5,551.0,551.5,0,0,8,11.0
412,-597,MZW,MZWN25,H1,2025-04-16 06:00:00,1744783200,551.5,551.5,551.5,551.5,0,0,2,11.0
413,-596,MZW,MZWN25,H1,2025-04-16 07:00:00,1744786800,553.0,553.0,552.5,552.5,0,0,4,11.0
414,-595,MZW,MZWN25,H1,2025-04-16 08:00:00,1744790400,554.5,556.0,554.0,555.5,0,0,13,11.0
415,-594,MZW,MZWN25,H1,2025-04-16 09:00:00,1744794000,556.0,556.0,556.0,556.0,0,0,1,11.0
416,-593,MZW,MZWN25,H1,2025-04-16 11:00:00,1744801200,559.0,559.0,559.0,559.0,0,0,1,11.0
417,-592,MZW,MZWN25,H1,2025-04-16 12:00:00,1744804800,560.0,563.5,560.0,563.5,0,0,5,11.0
418,-591,MZW,MZWN25,H1,2025-04-16 13:00:00,1744808400,562.5,563.0,562.0,563.0,0,0,155,13.0
419,-590,MZW,MZWN25,H1,2025-04-16 14:00:00,1744812000,560.0,560.0,559.0,559.0,0,0,5,12.0
420,-589,MZW,MZWN25,H1,2025-04-16 16:00:00,1744819200,561.0,561.0,561.0,561.0,0,0,1,12.0
421,-588,MZW,MZWN25,H1,2025-04-16 17:00:00,1744822800,562.0,562.0,560.5,560.5,0,0,2,12.0
422,-587,MZW,MZWN25,H1,2025-04-16 18:00:00,1744826400,561.0,561.0,561.0,561.0,0,0,1,12.0
423,-586,MZW,MZWN25,H1,2025-04-17 00:00:00,1744848000,563.0,563.0,563.0,563.0,0,0,1,12.0
424,-585,MZW,MZWN25,H1,2025-04-17 06:00:00,1744869600,564.5,564.5,564.5,564.5,0,0,5,12.0
425,-584,MZW,MZWN25,H1,2025-04-17 09:00:00,1744880400,562.5,563.0,561.5,563.0,0,0,6,12.0
426,-583,MZW,MZWN25,H1,2025-04-17 12:00:00,1744891200,565.0,565.0,565.0,565.0,0,0,2,12.0
427,-582,MZW,MZWN25,H1,2025-04-17 13:00:00,1744894800,565.0,568.5,565.0,568.5,0,0,26,13.0
428,-581,MZW,MZWN25,H1,2025-04-17 14:00:00,1744898400,567.0,568.5,567.0,568.0,0,0,8,13.0
429,-580,MZW,MZWN25,H1,2025-04-17 15:00:00,1744902000,564.5,564.5,564.5,564.5,0,0,3,13.0
430,-579,MZW,MZWN25,H1,2025-04-17 16:00:00,1744905600,565.5,565.5,565.5,565.5,0,0,1,12.0
431,-578,MZW,MZWN25,H1,2025-04-17 17:00:00,1744909200,563.5,563.5,562.5,562.5,0,0,3,12.0
432,-577,MZW,MZWN25,H1,2025-04-17 18:00:00,1744912800,562.5,562.5,562.0,562.0,0,0,1,11.0
433,-576,MZW,MZWN25,H1,2025-04-21 00:00:00,1745193600,562.0,562.0,562.0,562.0,0,0,1,11.0
434,-575,MZW,MZWN25,H1,2025-04-21 02:00:00,1745200800,561.0,561.0,561.0,561.0,0,0,2,11.0
435,-574,MZW,MZWN25,H1,2025-04-21 07:00:00,1745218800,560.0,560.0,559.5,560.0,0,0,5,11.0
436,-573,MZW,MZWN25,H1,2025-04-21 09:00:00,1745226000,562.5,562.5,562.5,562.5,0,0,3,11.0
437,-572,MZW,MZWN25,H1,2025-04-21 10:00:00,1745229600,563.5,563.5,563.5,563.5,0,0,1,11.0
438,-571,MZW,MZWN25,H1,2025-04-21 12:00:00,1745236800,565.5,565.5,565.0,565.0,0,0,2,11.0
439,-570,MZW,MZWN25,H1,2025-04-21 13:00:00,1745240400,563.5,563.5,559.5,559.5,0,0,9,11.0
440,-569,MZW,MZWN25,H1,2025-04-21 14:00:00,1745244000,558.5,558.5,558.0,558.0,0,0,6,11.0
441,-568,MZW,MZWN25,H1,2025-04-21 15:00:00,1745247600,556.5,556.5,555.0,556.0,0,0,9,11.0
442,-567,MZW,MZWN25,H1,2025-04-21 16:00:00,1745251200,555.0,555.0,554.0,554.0,0,0,3,11.0
443,-566,MZW,MZWN25,H1,2025-04-21 17:00:00,1745254800,553.5,553.5,552.0,552.0,0,0,7,11.0
444,-565,MZW,MZWN25,H1,2025-04-21 18:00:00,1745258400,552.0,552.5,552.0,552.5,0,0,2,11.0
445,-564,MZW,MZWN25,H1,2025-04-22 00:00:00,1745280000,554.0,554.5,553.0,553.0,0,0,8,11.0
446,-563,MZW,MZWN25,H1,2025-04-22 01:00:00,1745283600,554.0,554.5,553.0,553.0,0,0,5,11.0
447,-562,MZW,MZWN25,H1,2025-04-22 03:00:00,1745290800,553.0,553.0,553.0,553.0,0,0,1,11.0
448,-561,MZW,MZWN25,H1,2025-04-22 07:00:00,1745305200,552.5,552.5,552.0,552.0,0,0,3,11.0
449,-560,MZW,MZWN25,H1,2025-04-22 08:00:00,1745308800,552.0,552.5,551.0,551.0,0,0,6,8.0
450,-559,MZW,MZWN25,H1,2025-04-22 12:00:00,1745323200,547.0,547.0,546.5,546.5,0,0,3,8.0
451,-558,MZW,MZWN25,H1,2025-04-22 13:00:00,1745326800,548.5,548.5,547.0,548.0,0,0,10,8.0
452,-557,MZW,MZWN25,H1,2025-04-22 14:00:00,1745330400,549.0,552.0,549.0,552.0,0,0,3,8.0
453,-556,MZW,MZWN25,H1,2025-04-22 15:00:00,1745334000,551.5,552.5,551.5,552.5,0,0,3,8.0
454,-555,MZW,MZWN25,H1,2025-04-22 16:00:00,1745337600,551.5,551.5,551.5,551.5,0,0,2,8.0
455,-554,MZW,MZWN25,H1,2025-04-22 18:00:00,1745344800,550.0,550.5,549.5,550.5,0,0,3,8.0
456,-553,MZW,MZWN25,H1,2025-04-23 03:00:00,1745377200,549.0,549.0,549.0,549.0,0,0,1,8.0
360,-1072,MZW,MZWU25,H1,2025-04-23 06:00:00,1745388000,565.0,565.0,565.0,565.0,0,0,2,4.0
457,-552,MZW,MZWN25,H1,2025-04-23 07:00:00,1745391600,550.5,550.5,550.5,550.5,0,0,1,8.0
458,-551,MZW,MZWN25,H1,2025-04-23 09:00:00,1745398800,551.5,551.5,551.0,551.0,0,0,3,8.0
459,-550,MZW,MZWN25,H1,2025-04-23 11:00:00,1745406000,547.0,547.0,547.0,547.0,0,0,3,8.0
460,-549,MZW,MZWN25,H1,2025-04-23 13:00:00,1745413200,547.5,548.0,547.5,548.0,0,0,2,7.0
461,-548,MZW,MZWN25,H1,2025-04-23 14:00:00,1745416800,549.0,549.0,547.5,547.5,0,0,3,7.0
462,-547,MZW,MZWN25,H1,2025-04-23 15:00:00,1745420400,547.0,547.5,547.0,547.5,0,0,2,7.0
463,-546,MZW,MZWN25,H1,2025-04-23 16:00:00,1745424000,544.5,544.5,543.5,543.5,0,0,6,7.0
464,-545,MZW,MZWN25,H1,2025-04-23 17:00:00,1745427600,544.0,544.0,544.0,544.0,0,0,1,7.0
465,-544,MZW,MZWN25,H1,2025-04-23 18:00:00,1745431200,544.0,544.0,543.5,543.5,0,0,3,7.0
466,-543,MZW,MZWN25,H1,2025-04-24 03:00:00,1745463600,541.0,541.0,541.0,541.0,0,0,1,7.0
467,-542,MZW,MZWN25,H1,2025-04-24 06:00:00,1745474400,541.5,541.5,541.5,541.5,0,0,10,7.0
468,-541,MZW,MZWN25,H1,2025-04-24 07:00:00,1745478000,540.5,540.5,540.5,540.5,0,0,1,7.0
469,-540,MZW,MZWN25,H1,2025-04-24 10:00:00,1745488800,542.5,542.5,542.5,542.5,0,0,1,7.0
470,-539,MZW,MZWN25,H1,2025-04-24 11:00:00,1745492400,543.5,544.0,542.5,543.5,0,0,81,8.0
471,-538,MZW,MZWN25,H1,2025-04-24 12:00:00,1745496000,545.0,545.0,544.5,544.5,0,0,14,8.0
472,-537,MZW,MZWN25,H1,2025-04-24 13:00:00,1745499600,542.5,543.0,541.5,543.0,0,0,12,8.0
473,-536,MZW,MZWN25,H1,2025-04-24 15:00:00,1745506800,541.5,541.5,540.5,540.5,0,0,3,8.0
474,-535,MZW,MZWN25,H1,2025-04-24 16:00:00,1745510400,540.0,540.5,539.5,540.5,0,0,5,8.0
475,-534,MZW,MZWN25,H1,2025-04-24 17:00:00,1745514000,541.5,541.5,541.5,541.5,0,0,2,8.0
476,-533,MZW,MZWN25,H1,2025-04-24 18:00:00,1745517600,544.5,545.0,544.0,544.0,0,0,16,8.0
477,-532,MZW,MZWN25,H1,2025-04-25 00:00:00,1745539200,545.5,545.5,545.5,545.5,0,0,2,8.0
478,-531,MZW,MZWN25,H1,2025-04-25 07:00:00,1745564400,546.0,546.5,546.0,546.5,0,0,11,8.0
365,-1067,MZW,MZWU25,H1,2025-04-25 08:00:00,1745568000,558.5,558.5,558.5,558.5,0,0,1,4.0
479,-530,MZW,MZWN25,H1,2025-04-25 09:00:00,1745571600,547.5,549.0,547.5,549.0,0,0,4,8.0
30,-1621,MZW,MZWZ25,H1,2025-04-25 10:00:00,1745575200,585.5,585.5,585.5,585.5,0,0,2,1.0
31,-1620,MZW,MZWZ25,H1,2025-04-25 11:00:00,1745578800,586.0,586.0,585.5,585.5,0,0,7,1.0
480,-529,MZW,MZWN25,H1,2025-04-25 12:00:00,1745582400,546.0,546.0,546.0,546.0,0,0,2,8.0
481,-528,MZW,MZWN25,H1,2025-04-25 13:00:00,1745586000,546.5,546.5,545.0,545.0,0,0,3,8.0
482,-527,MZW,MZWN25,H1,2025-04-25 14:00:00,1745589600,546.0,547.0,546.0,547.0,0,0,5,8.0
483,-526,MZW,MZWN25,H1,2025-04-25 15:00:00,1745593200,545.0,545.0,545.0,545.0,0,0,2,8.0
484,-525,MZW,MZWN25,H1,2025-04-25 18:00:00,1745604000,545.0,545.5,545.0,545.5,0,0,2,8.0
485,-524,MZW,MZWN25,H1,2025-04-28 00:00:00,1745798400,543.5,543.5,543.0,543.0,0,0,2,8.0
486,-523,MZW,MZWN25,H1,2025-04-28 01:00:00,1745802000,542.0,542.5,541.5,542.0,0,0,7,7.0
487,-522,MZW,MZWN25,H1,2025-04-28 02:00:00,1745805600,542.0,542.0,542.0,542.0,0,0,1,7.0
34,-1617,MZW,MZWZ25,H1,2025-04-28 04:00:00,1745812800,578.5,578.5,578.5,578.5,0,0,1,1.0
488,-521,MZW,MZWN25,H1,2025-04-28 06:00:00,1745820000,539.0,539.0,538.5,538.5,0,0,14,8.0
489,-520,MZW,MZWN25,H1,2025-04-28 07:00:00,1745823600,538.0,538.0,538.0,538.0,0,0,3,8.0
490,-519,MZW,MZWN25,H1,2025-04-28 08:00:00,1745827200,537.0,537.0,537.0,537.0,0,0,1,5.0
491,-518,MZW,MZWN25,H1,2025-04-28 09:00:00,1745830800,537.5,537.5,537.5,537.5,0,0,2,5.0
492,-517,MZW,MZWN25,H1,2025-04-28 11:00:00,1745838000,536.0,537.0,534.0,534.0,0,0,4,5.0
493,-516,MZW,MZWN25,H1,2025-04-28 12:00:00,1745841600,534.5,534.5,534.5,534.5,0,0,1,5.0
494,-515,MZW,MZWN25,H1,2025-04-28 13:00:00,1745845200,534.0,535.0,528.5,529.5,0,0,64,6.0
495,-514,MZW,MZWN25,H1,2025-04-28 14:00:00,1745848800,528.0,530.5,527.5,528.5,0,0,9,6.0
496,-513,MZW,MZWN25,H1,2025-04-28 15:00:00,1745852400,529.0,532.0,529.0,532.0,0,0,5,6.0
497,-512,MZW,MZWN25,H1,2025-04-28 16:00:00,1745856000,531.0,531.5,530.0,531.5,0,0,6,6.0
498,-511,MZW,MZWN25,H1,2025-04-28 17:00:00,1745859600,533.0,533.5,531.5,531.5,0,0,34,7.0
499,-510,MZW,MZWN25,H1,2025-04-28 18:00:00,1745863200,532.0,533.0,531.0,533.0,0,0,7,7.0
500,-509,MZW,MZWN25,H1,2025-04-29 00:00:00,1745884800,534.0,535.0,534.0,534.5,0,0,14,7.0
501,-508,MZW,MZWN25,H1,2025-04-29 01:00:00,1745888400,534.0,534.0,534.0,534.0,0,0,1,7.0
502,-507,MZW,MZWN25,H1,2025-04-29 03:00:00,1745895600,534.0,534.0,534.0,534.0,0,0,2,7.0
503,-506,MZW,MZWN25,H1,2025-04-29 04:00:00,1745899200,533.5,533.5,533.5,533.5,0,0,2,7.0
504,-505,MZW,MZWN25,H1,2025-04-29 05:00:00,1745902800,533.5,533.5,533.5,533.5,0,0,19,7.0
505,-504,MZW,MZWN25,H1,2025-04-29 06:00:00,1745906400,533.0,533.0,533.0,533.0,0,0,4,7.0
506,-503,MZW,MZWN25,H1,2025-04-29 07:00:00,1745910000,532.0,532.0,532.0,532.0,0,0,1,7.0
507,-502,MZW,MZWN25,H1,2025-04-29 10:00:00,1745920800,533.5,533.5,533.5,533.5,0,0,2,7.0
508,-501,MZW,MZWN25,H1,2025-04-29 11:00:00,1745924400,535.5,536.5,535.5,536.5,0,0,52,8.0
509,-500,MZW,MZWN25,H1,2025-04-29 12:00:00,1745928000,536.5,536.5,536.5,536.5,0,0,1,8.0
510,-499,MZW,MZWN25,H1,2025-04-29 13:00:00,1745931600,534.5,536.0,529.0,535.5,0,0,25,8.0
511,-498,MZW,MZWN25,H1,2025-04-29 14:00:00,1745935200,532.5,532.5,526.5,526.5,0,0,34,8.0
512,-497,MZW,MZWN25,H1,2025-04-29 15:00:00,1745938800,525.5,526.5,524.5,526.0,0,0,8,8.0
513,-496,MZW,MZWN25,H1,2025-04-29 16:00:00,1745942400,525.0,526.0,524.0,526.0,0,0,14,8.0
514,-495,MZW,MZWN25,H1,2025-04-29 17:00:00,1745946000,527.0,527.0,525.5,526.5,0,0,10,8.0
515,-494,MZW,MZWN25,H1,2025-04-29 18:00:00,1745949600,525.5,525.5,525.0,525.0,0,0,11,8.0
516,-493,MZW,MZWN25,H1,2025-04-30 00:00:00,1745971200,527.0,527.0,526.0,526.0,0,0,4,9.0
517,-492,MZW,MZWN25,H1,2025-04-30 03:00:00,1745982000,526.0,526.0,525.5,526.0,0,0,3,8.0
518,-491,MZW,MZWN25,H1,2025-04-30 06:00:00,1745992800,524.5,524.5,524.0,524.5,0,0,3,8.0
519,-490,MZW,MZWN25,H1,2025-04-30 07:00:00,1745996400,524.0,524.0,523.5,523.5,0,0,2,8.0
520,-489,MZW,MZWN25,H1,2025-04-30 08:00:00,1746000000,525.5,525.5,525.5,525.5,0,0,1,8.0
521,-488,MZW,MZWN25,H1,2025-04-30 09:00:00,1746003600,527.0,527.0,526.0,526.0,0,0,2,8.0
522,-487,MZW,MZWN25,H1,2025-04-30 11:00:00,1746010800,527.5,529.0,527.5,528.0,0,0,9,8.0
523,-486,MZW,MZWN25,H1,2025-04-30 12:00:00,1746014400,525.5,525.5,525.5,525.5,0,0,1,8.0
524,-485,MZW,MZWN25,H1,2025-04-30 13:00:00,1746018000,531.5,534.5,531.5,534.5,0,0,8,8.0
525,-484,MZW,MZWN25,H1,2025-04-30 14:00:00,1746021600,533.0,538.0,533.0,538.0,0,0,2,8.0
526,-483,MZW,MZWN25,H1,2025-04-30 15:00:00,1746025200,537.5,538.0,537.0,538.0,0,0,3,8.0
384,-1048,MZW,MZWU25,H1,2025-04-30 16:00:00,1746028800,549.0,549.0,549.0,549.0,0,0,2,3.0
527,-482,MZW,MZWN25,H1,2025-04-30 17:00:00,1746032400,532.0,532.0,530.5,530.5,0,0,3,8.0
528,-481,MZW,MZWN25,H1,2025-04-30 18:00:00,1746036000,531.0,531.0,531.0,531.0,0,0,3,8.0
529,-480,MZW,MZWN25,H1,2025-05-01 01:00:00,1746061200,532.5,532.5,531.5,532.5,0,0,5,8.0
530,-479,MZW,MZWN25,H1,2025-05-01 02:00:00,1746064800,533.0,533.0,533.0,533.0,0,0,1,8.0
531,-478,MZW,MZWN25,H1,2025-05-01 04:00:00,1746072000,534.5,534.5,534.5,534.5,0,0,1,8.0
532,-477,MZW,MZWN25,H1,2025-05-01 05:00:00,1746075600,534.5,534.5,534.5,534.5,0,0,1,8.0
533,-476,MZW,MZWN25,H1,2025-05-01 08:00:00,1746086400,532.5,533.0,532.5,533.0,0,0,2,8.0
534,-475,MZW,MZWN25,H1,2025-05-01 09:00:00,1746090000,532.0,532.0,532.0,532.0,0,0,1,8.0
535,-474,MZW,MZWN25,H1,2025-05-01 11:00:00,1746097200,533.0,534.0,533.0,534.0,0,0,2,8.0
536,-473,MZW,MZWN25,H1,2025-05-01 13:00:00,1746104400,531.0,533.0,530.5,533.0,0,0,3,8.0
537,-472,MZW,MZWN25,H1,2025-05-01 14:00:00,1746108000,534.5,536.0,534.5,535.0,0,0,3,8.0
538,-471,MZW,MZWN25,H1,2025-05-01 15:00:00,1746111600,532.5,532.5,532.0,532.0,0,0,2,8.0
539,-470,MZW,MZWN25,H1,2025-05-01 16:00:00,1746115200,531.5,531.5,529.0,530.0,0,0,5,8.0
540,-469,MZW,MZWN25,H1,2025-05-01 17:00:00,1746118800,532.5,532.5,531.5,532.0,0,0,5,8.0
541,-468,MZW,MZWN25,H1,2025-05-01 18:00:00,1746122400,531.0,531.5,530.5,531.5,0,0,3,8.0
542,-467,MZW,MZWN25,H1,2025-05-02 01:00:00,1746147600,533.5,533.5,533.5,533.5,0,0,3,7.0
543,-466,MZW,MZWN25,H1,2025-05-02 03:00:00,1746154800,534.5,534.5,534.5,534.5,0,0,1,7.0
544,-465,MZW,MZWN25,H1,2025-05-02 08:00:00,1746172800,536.5,536.5,535.5,535.5,0,0,3,7.0
545,-464,MZW,MZWN25,H1,2025-05-02 09:00:00,1746176400,537.0,537.0,537.0,537.0,0,0,2,7.0
546,-463,MZW,MZWN25,H1,2025-05-02 11:00:00,1746183600,540.5,540.5,540.0,540.0,0,0,4,7.0
547,-462,MZW,MZWN25,H1,2025-05-02 12:00:00,1746187200,540.5,542.5,540.0,542.5,0,0,11,7.0
548,-461,MZW,MZWN25,H1,2025-05-02 13:00:00,1746190800,543.0,546.5,543.0,546.0,0,0,25,7.0
549,-460,MZW,MZWN25,H1,2025-05-02 14:00:00,1746194400,544.0,544.0,543.5,543.5,0,0,5,7.0
550,-459,MZW,MZWN25,H1,2025-05-02 15:00:00,1746198000,542.0,542.0,541.0,542.0,0,0,32,8.0
394,-1038,MZW,MZWU25,H1,2025-05-02 16:00:00,1746201600,556.5,556.5,556.5,556.5,0,0,1,3.0
551,-458,MZW,MZWN25,H1,2025-05-02 17:00:00,1746205200,541.0,542.0,541.0,542.0,0,0,3,8.0
552,-457,MZW,MZWN25,H1,2025-05-02 18:00:00,1746208800,544.0,544.0,543.0,543.0,0,0,4,8.0
553,-456,MZW,MZWN25,H1,2025-05-05 00:00:00,1746403200,545.0,545.0,545.0,545.0,0,0,1,8.0
554,-455,MZW,MZWN25,H1,2025-05-05 01:00:00,1746406800,545.0,545.0,545.0,545.0,0,0,2,7.0
555,-454,MZW,MZWN25,H1,2025-05-05 03:00:00,1746414000,546.0,546.0,545.5,545.5,0,0,2,7.0
397,-1035,MZW,MZWU25,H1,2025-05-05 05:00:00,1746421200,559.0,559.0,559.0,559.0,0,0,1,3.0
556,-453,MZW,MZWN25,H1,2025-05-05 07:00:00,1746428400,544.5,546.0,544.5,546.0,0,0,3,7.0
557,-452,MZW,MZWN25,H1,2025-05-05 08:00:00,1746432000,544.5,544.5,544.5,544.5,1,5,1,7.0
558,-451,MZW,MZWN25,H1,2025-05-05 09:00:00,1746435600,543.0,543.0,541.5,542.0,12,5,24,8.0
559,-450,MZW,MZWN25,H1,2025-05-05 10:00:00,1746439200,540.0,540.0,540.0,540.0,3,5,5,8.0
560,-449,MZW,MZWN25,H1,2025-05-05 11:00:00,1746442800,540.5,541.0,540.5,541.0,9,5,23,8.0
561,-448,MZW,MZWN25,H1,2025-05-05 13:00:00,1746450000,540.0,550.0,538.5,539.0,9,5,11,8.0
562,-447,MZW,MZWN25,H1,2025-05-05 14:00:00,1746453600,536.5,536.5,534.5,536.5,9,5,13,8.0
563,-446,MZW,MZWN25,H1,2025-05-05 15:00:00,1746457200,538.0,538.0,538.0,538.0,1,5,1,8.0
564,-445,MZW,MZWN25,H1,2025-05-05 16:00:00,1746460800,535.0,535.0,533.5,533.5,6,5,13,8.0
565,-444,MZW,MZWN25,H1,2025-05-05 17:00:00,1746464400,532.5,532.5,531.0,532.0,8,5,8,8.0
566,-443,MZW,MZWN25,H1,2025-05-05 18:00:00,1746468000,531.5,531.5,531.5,531.5,4,5,5,8.0
567,-442,MZW,MZWN25,H1,2025-05-06 00:00:00,1746489600,532.0,532.0,530.0,530.0,2,5,2,7.0
568,-441,MZW,MZWN25,H1,2025-05-06 01:00:00,1746493200,530.5,530.5,530.5,530.5,2,5,2,7.0
405,-1027,MZW,MZWU25,H1,2025-05-06 02:00:00,1746496800,543.0,543.0,543.0,543.0,2,5,2,3.0
569,-440,MZW,MZWN25,H1,2025-05-06 03:00:00,1746500400,529.0,529.0,529.0,529.0,1,10,1,7.0
570,-439,MZW,MZWN25,H1,2025-05-06 05:00:00,1746507600,530.0,530.0,530.0,530.0,2,5,2,7.0
571,-438,MZW,MZWN25,H1,2025-05-06 07:00:00,1746514800,530.5,530.5,530.0,530.0,5,5,6,7.0
572,-437,MZW,MZWN25,H1,2025-05-06 08:00:00,1746518400,529.5,532.0,529.5,532.0,3,5,5,7.0
573,-436,MZW,MZWN25,H1,2025-05-06 11:00:00,1746529200,535.0,535.0,534.0,534.5,3,5,4,7.0
574,-435,MZW,MZWN25,H1,2025-05-06 12:00:00,1746532800,536.0,536.0,536.0,536.0,1,5,1,7.0
575,-434,MZW,MZWN25,H1,2025-05-06 14:00:00,1746540000,537.0,537.5,536.0,537.0,7,5,10,7.0
576,-433,MZW,MZWN25,H1,2025-05-06 15:00:00,1746543600,537.0,538.5,537.0,537.0,11,5,19,7.0
577,-432,MZW,MZWN25,H1,2025-05-06 16:00:00,1746547200,537.0,537.0,536.5,536.5,2,5,2,7.0
578,-431,MZW,MZWN25,H1,2025-05-06 17:00:00,1746550800,535.0,536.0,535.0,536.0,4,5,4,7.0
579,-430,MZW,MZWN25,H1,2025-05-06 18:00:00,1746554400,535.5,535.5,535.0,535.0,6,5,10,7.0
580,-429,MZW,MZWN25,H1,2025-05-07 00:00:00,1746576000,538.5,538.5,538.5,538.5,2,5,2,6.0
581,-428,MZW,MZWN25,H1,2025-05-07 01:00:00,1746579600,540.0,543.0,540.0,543.0,7,5,9,6.0
582,-427,MZW,MZWN25,H1,2025-05-07 02:00:00,1746583200,542.5,542.5,541.0,541.5,4,5,4,6.0
583,-426,MZW,MZWN25,H1,2025-05-07 04:00:00,1746590400,543.5,543.5,541.5,541.5,3,5,4,6.0
584,-425,MZW,MZWN25,H1,2025-05-07 05:00:00,1746594000,543.0,543.0,543.0,543.0,1,5,1,6.0
585,-424,MZW,MZWN25,H1,2025-05-07 06:00:00,1746597600,543.5,544.5,543.5,544.0,7,5,8,6.0
586,-423,MZW,MZWN25,H1,2025-05-07 07:00:00,1746601200,544.0,544.0,542.0,542.0,5,5,5,5.0
587,-422,MZW,MZWN25,H1,2025-05-07 08:00:00,1746604800,543.0,543.0,543.0,543.0,2,5,2,5.0
588,-421,MZW,MZWN25,H1,2025-05-07 09:00:00,1746608400,543.0,543.0,541.5,542.5,7,5,7,5.0
589,-420,MZW,MZWN25,H1,2025-05-07 11:00:00,1746615600,542.0,542.0,540.5,540.5,5,5,6,5.0
590,-419,MZW,MZWN25,H1,2025-05-07 12:00:00,1746619200,540.0,540.0,537.0,537.0,10,5,14,6.0
591,-418,MZW,MZWN25,H1,2025-05-07 13:00:00,1746622800,538.0,538.0,535.0,537.0,5,5,6,6.0
592,-417,MZW,MZWN25,H1,2025-05-07 14:00:00,1746626400,535.0,535.5,534.0,534.0,10,5,16,6.0
593,-416,MZW,MZWN25,H1,2025-05-07 15:00:00,1746630000,535.5,535.5,535.5,535.5,2,5,5,6.0
594,-415,MZW,MZWN25,H1,2025-05-07 16:00:00,1746633600,535.5,535.5,535.5,535.5,3,5,5,6.0
595,-414,MZW,MZWN25,H1,2025-05-07 17:00:00,1746637200,535.5,536.0,535.5,536.0,3,5,6,6.0
596,-413,MZW,MZWN25,H1,2025-05-07 18:00:00,1746640800,534.5,534.5,534.5,534.5,1,105,1,6.0
597,-412,MZW,MZWN25,H1,2025-05-08 02:00:00,1746669600,535.0,535.0,535.0,535.0,1,10,1,6.0
598,-411,MZW,MZWN25,H1,2025-05-08 04:00:00,1746676800,536.0,536.0,535.0,536.0,9,5,10,6.0
599,-410,MZW,MZWN25,H1,2025-05-08 11:00:00,1746702000,538.5,538.5,536.5,536.5,3,5,3,6.0
600,-409,MZW,MZWN25,H1,2025-05-08 12:00:00,1746705600,534.0,534.0,534.0,534.0,2,5,2,6.0
601,-408,MZW,MZWN25,H1,2025-05-08 13:00:00,1746709200,534.0,534.0,531.0,531.0,3,5,3,6.0
602,-407,MZW,MZWN25,H1,2025-05-08 14:00:00,1746712800,531.5,532.5,530.0,530.0,4,5,5,6.0
603,-406,MZW,MZWN25,H1,2025-05-08 15:00:00,1746716400,529.5,529.5,526.0,526.0,10,0,12,6.0
604,-405,MZW,MZWN25,H1,2025-05-08 16:00:00,1746720000,528.0,529.0,527.5,529.0,6,5,8,6.0
605,-404,MZW,MZWN25,H1,2025-05-08 17:00:00,1746723600,529.0,529.0,526.5,527.5,9,5,13,6.0
606,-403,MZW,MZWN25,H1,2025-05-08 18:00:00,1746727200,528.5,530.5,528.0,530.5,7,5,12,6.0
607,-402,MZW,MZWN25,H1,2025-05-09 00:00:00,1746748800,531.5,531.5,531.5,531.5,1,5,1,6.0
425,-1007,MZW,MZWU25,H1,2025-05-09 04:00:00,1746763200,544.5,544.5,544.5,544.5,1,5,1,3.0
608,-401,MZW,MZWN25,H1,2025-05-09 05:00:00,1746766800,529.0,529.0,529.0,529.0,2,5,3,6.0
426,-1006,MZW,MZWU25,H1,2025-05-09 06:00:00,1746770400,544.0,544.0,544.0,544.0,1,5,1,3.0
427,-1005,MZW,MZWU25,H1,2025-05-09 07:00:00,1746774000,545.5,545.5,545.5,545.5,1,10,1,3.0
609,-400,MZW,MZWN25,H1,2025-05-09 09:00:00,1746781200,532.5,532.5,532.5,532.5,2,5,4,6.0
610,-399,MZW,MZWN25,H1,2025-05-09 11:00:00,1746788400,532.5,533.0,532.5,533.0,2,5,2,6.0
71,-1580,MZW,MZWZ25,H1,2025-05-09 12:00:00,1746792000,565.5,565.5,565.0,565.0,0,0,4,3.0
611,-398,MZW,MZWN25,H1,2025-05-09 13:00:00,1746795600,529.0,529.5,526.0,526.0,17,5,24,7.0
612,-397,MZW,MZWN25,H1,2025-05-09 14:00:00,1746799200,525.0,525.0,521.5,522.5,21,5,29,7.0
613,-396,MZW,MZWN25,H1,2025-05-09 15:00:00,1746802800,523.5,524.5,523.5,524.0,7,5,8,7.0
614,-395,MZW,MZWN25,H1,2025-05-09 16:00:00,1746806400,523.5,523.5,523.5,523.5,3,5,4,7.0
615,-394,MZW,MZWN25,H1,2025-05-09 17:00:00,1746810000,522.5,522.5,522.0,522.0,5,5,9,7.0
616,-393,MZW,MZWN25,H1,2025-05-09 18:00:00,1746813600,521.5,521.5,521.0,521.5,4,5,5,7.0
617,-392,MZW,MZWN25,H1,2025-05-12 00:00:00,1747008000,525.0,525.0,516.0,516.0,10,5,13,7.0
618,-391,MZW,MZWN25,H1,2025-05-12 01:00:00,1747011600,516.5,516.5,516.0,516.5,4,5,4,7.0
619,-390,MZW,MZWN25,H1,2025-05-12 02:00:00,1747015200,517.0,517.0,516.5,517.0,3,5,3,7.0
620,-389,MZW,MZWN25,H1,2025-05-12 03:00:00,1747018800,516.5,516.5,516.5,516.5,3,5,3,7.0
621,-388,MZW,MZWN25,H1,2025-05-12 04:00:00,1747022400,516.5,516.5,515.5,515.5,2,5,2,7.0
622,-387,MZW,MZWN25,H1,2025-05-12 05:00:00,1747026000,516.0,516.0,516.0,516.0,2,5,3,7.0
623,-386,MZW,MZWN25,H1,2025-05-12 06:00:00,1747029600,516.0,516.0,516.0,516.0,1,5,1,7.0
624,-385,MZW,MZWN25,H1,2025-05-12 07:00:00,1747033200,519.5,519.5,516.0,517.5,18,5,56,7.0
625,-384,MZW,MZWN25,H1,2025-05-12 08:00:00,1747036800,519.5,520.5,519.5,520.5,2,5,2,7.0
626,-383,MZW,MZWN25,H1,2025-05-12 09:00:00,1747040400,519.5,521.0,519.5,520.5,3,5,3,7.0
627,-382,MZW,MZWN25,H1,2025-05-12 10:00:00,1747044000,521.0,522.0,521.0,522.0,3,5,12,7.0
628,-381,MZW,MZWN25,H1,2025-05-12 11:00:00,1747047600,521.5,521.5,521.5,521.5,3,5,3,7.0
629,-380,MZW,MZWN25,H1,2025-05-12 12:00:00,1747051200,519.5,521.0,519.5,521.0,5,5,6,8.0
630,-379,MZW,MZWN25,H1,2025-05-12 13:00:00,1747054800,522.0,525.0,522.0,525.0,5,5,5,7.0
631,-378,MZW,MZWN25,H1,2025-05-12 14:00:00,1747058400,525.0,525.5,525.0,525.5,3,5,3,7.0
632,-377,MZW,MZWN25,H1,2025-05-12 15:00:00,1747062000,527.0,527.0,524.0,524.0,3,5,4,7.0
633,-376,MZW,MZWN25,H1,2025-05-12 16:00:00,1747065600,523.5,524.5,517.5,518.0,39,5,76,8.0
634,-375,MZW,MZWN25,H1,2025-05-12 17:00:00,1747069200,517.5,517.5,515.0,516.0,17,5,35,8.0
635,-374,MZW,MZWN25,H1,2025-05-12 18:00:00,1747072800,515.5,516.0,514.0,516.0,18,5,39,9.0
636,-373,MZW,MZWN25,H1,2025-05-13 00:00:00,1747094400,514.0,514.5,512.5,512.5,7,5,8,9.0
637,-372,MZW,MZWN25,H1,2025-05-13 01:00:00,1747098000,512.0,512.0,512.0,512.0,2,5,2,9.0
638,-371,MZW,MZWN25,H1,2025-05-13 02:00:00,1747101600,512.5,512.5,512.5,512.5,1,5,1,8.0
639,-370,MZW,MZWN25,H1,2025-05-13 04:00:00,1747108800,513.0,513.0,512.5,512.5,2,5,3,8.0
640,-369,MZW,MZWN25,H1,2025-05-13 05:00:00,1747112400,513.0,513.0,511.0,511.0,9,5,11,9.0
641,-368,MZW,MZWN25,H1,2025-05-13 07:00:00,1747119600,510.0,510.0,509.0,509.0,7,5,13,9.0
642,-367,MZW,MZWN25,H1,2025-05-13 08:00:00,1747123200,508.0,508.0,508.0,508.0,4,5,4,9.0
643,-366,MZW,MZWN25,H1,2025-05-13 09:00:00,1747126800,508.5,508.5,508.5,508.5,1,5,1,9.0
644,-365,MZW,MZWN25,H1,2025-05-13 10:00:00,1747130400,507.0,507.0,507.0,507.0,1,5,2,9.0
645,-364,MZW,MZWN25,H1,2025-05-13 11:00:00,1747134000,507.5,507.5,507.5,507.5,2,10,3,9.0
646,-363,MZW,MZWN25,H1,2025-05-13 12:00:00,1747137600,508.0,510.0,508.0,508.5,8,5,12,9.0
647,-362,MZW,MZWN25,H1,2025-05-13 13:00:00,1747141200,508.5,510.0,507.5,507.5,13,5,21,9.0
648,-361,MZW,MZWN25,H1,2025-05-13 14:00:00,1747144800,507.5,514.0,507.5,513.5,12,5,33,9.0
649,-360,MZW,MZWN25,H1,2025-05-13 15:00:00,1747148400,516.0,519.0,516.0,519.0,9,5,18,9.0
650,-359,MZW,MZWN25,H1,2025-05-13 16:00:00,1747152000,519.0,520.0,517.5,519.5,7,5,8,9.0
651,-358,MZW,MZWN25,H1,2025-05-13 17:00:00,1747155600,519.0,519.0,516.5,516.5,3,5,11,9.0
652,-357,MZW,MZWN25,H1,2025-05-13 18:00:00,1747159200,516.5,517.0,516.5,517.0,2,5,3,10.0
653,-356,MZW,MZWN25,H1,2025-05-14 00:00:00,1747180800,517.5,517.5,517.5,517.5,1,5,1,9.0
654,-355,MZW,MZWN25,H1,2025-05-14 01:00:00,1747184400,518.0,518.5,518.0,518.0,3,5,3,9.0
655,-354,MZW,MZWN25,H1,2025-05-14 02:00:00,1747188000,517.5,517.5,516.5,516.5,6,5,20,10.0
656,-353,MZW,MZWN25,H1,2025-05-14 03:00:00,1747191600,517.0,517.0,517.0,517.0,1,5,1,10.0
91,-1560,MZW,MZWZ25,H1,2025-05-14 06:00:00,1747202400,556.5,556.5,556.5,556.5,0,0,2,5.0
657,-352,MZW,MZWN25,H1,2025-05-14 07:00:00,1747206000,519.0,520.0,519.0,520.0,6,5,11,10.0
658,-351,MZW,MZWN25,H1,2025-05-14 08:00:00,1747209600,520.0,520.0,519.0,519.0,2,5,2,10.0
659,-350,MZW,MZWN25,H1,2025-05-14 09:00:00,1747213200,517.0,517.0,516.0,516.0,9,5,14,10.0
660,-349,MZW,MZWN25,H1,2025-05-14 10:00:00,1747216800,515.5,515.5,515.5,515.5,1,10,1,10.0
661,-348,MZW,MZWN25,H1,2025-05-14 11:00:00,1747220400,516.0,516.0,514.5,514.5,4,5,4,10.0
662,-347,MZW,MZWN25,H1,2025-05-14 12:00:00,1747224000,513.0,513.0,511.0,511.0,7,5,14,10.0
663,-346,MZW,MZWN25,H1,2025-05-14 13:00:00,1747227600,513.0,521.5,513.0,521.5,24,5,40,10.0
664,-345,MZW,MZWN25,H1,2025-05-14 14:00:00,1747231200,521.5,521.5,519.0,521.5,9,5,14,10.0
665,-344,MZW,MZWN25,H1,2025-05-14 15:00:00,1747234800,522.0,524.5,522.0,524.5,11,5,21,10.0
666,-343,MZW,MZWN25,H1,2025-05-14 16:00:00,1747238400,523.5,524.5,522.5,523.5,8,5,16,10.0
667,-342,MZW,MZWN25,H1,2025-05-14 17:00:00,1747242000,523.0,524.0,523.0,523.5,10,5,25,11.0
668,-341,MZW,MZWN25,H1,2025-05-14 18:00:00,1747245600,522.5,531.5,522.5,531.5,18,5,29,11.0
669,-340,MZW,MZWN25,H1,2025-05-15 00:00:00,1747267200,524.5,524.5,523.5,523.5,3,5,10,11.0
670,-339,MZW,MZWN25,H1,2025-05-15 01:00:00,1747270800,526.0,526.5,526.0,526.0,3,5,5,11.0
671,-338,MZW,MZWN25,H1,2025-05-15 02:00:00,1747274400,526.0,526.0,526.0,526.0,4,5,4,11.0
672,-337,MZW,MZWN25,H1,2025-05-15 03:00:00,1747278000,526.5,526.5,526.5,526.5,1,5,1,11.0
673,-336,MZW,MZWN25,H1,2025-05-15 05:00:00,1747285200,525.5,525.5,525.5,525.5,1,5,1,11.0
674,-335,MZW,MZWN25,H1,2025-05-15 06:00:00,1747288800,526.0,526.5,526.0,526.5,2,5,2,11.0
675,-334,MZW,MZWN25,H1,2025-05-15 07:00:00,1747292400,527.5,529.0,527.5,529.0,2,5,2,11.0
676,-333,MZW,MZWN25,H1,2025-05-15 08:00:00,1747296000,527.5,527.5,527.0,527.0,3,5,3,11.0
677,-332,MZW,MZWN25,H1,2025-05-15 09:00:00,1747299600,526.0,526.0,525.0,525.0,3,5,4,11.0
678,-331,MZW,MZWN25,H1,2025-05-15 10:00:00,1747303200,524.0,524.0,524.0,524.0,3,5,4,11.0
679,-330,MZW,MZWN25,H1,2025-05-15 11:00:00,1747306800,524.5,524.5,524.0,524.0,3,5,4,11.0
680,-329,MZW,MZWN25,H1,2025-05-15 12:00:00,1747310400,524.5,530.5,524.5,530.0,15,5,16,11.0
681,-328,MZW,MZWN25,H1,2025-05-15 13:00:00,1747314000,531.0,532.0,523.5,528.0,12,5,12,11.0
682,-327,MZW,MZWN25,H1,2025-05-15 14:00:00,1747317600,526.5,527.5,525.5,526.5,7,5,7,11.0
683,-326,MZW,MZWN25,H1,2025-05-15 15:00:00,1747321200,527.5,529.0,524.5,526.5,8,5,8,11.0
684,-325,MZW,MZWN25,H1,2025-05-15 16:00:00,1747324800,528.5,530.5,528.5,530.0,16,5,18,11.0
685,-324,MZW,MZWN25,H1,2025-05-15 17:00:00,1747328400,530.0,531.5,530.0,531.5,13,5,15,11.0
686,-323,MZW,MZWN25,H1,2025-05-15 18:00:00,1747332000,532.0,533.0,530.0,532.0,14,5,23,11.0
687,-322,MZW,MZWN25,H1,2025-05-16 01:00:00,1747357200,533.0,533.0,533.0,533.0,1,5,1,11.0
688,-321,MZW,MZWN25,H1,2025-05-16 03:00:00,1747364400,531.5,531.5,531.5,531.5,1,10,1,11.0
689,-320,MZW,MZWN25,H1,2025-05-16 04:00:00,1747368000,532.0,532.5,532.0,532.5,2,5,2,11.0
690,-319,MZW,MZWN25,H1,2025-05-16 06:00:00,1747375200,533.0,533.0,532.0,532.0,4,5,4,11.0
691,-318,MZW,MZWN25,H1,2025-05-16 07:00:00,1747378800,532.0,532.0,529.0,529.0,19,5,21,11.0
692,-317,MZW,MZWN25,H1,2025-05-16 08:00:00,1747382400,528.5,528.5,528.0,528.0,3,5,3,11.0
693,-316,MZW,MZWN25,H1,2025-05-16 09:00:00,1747386000,529.5,529.5,529.5,529.5,1,5,1,11.0
694,-315,MZW,MZWN25,H1,2025-05-16 10:00:00,1747389600,532.0,532.0,531.0,531.0,2,5,2,11.0
695,-314,MZW,MZWN25,H1,2025-05-16 11:00:00,1747393200,531.0,531.5,531.0,531.5,2,5,2,11.0
696,-313,MZW,MZWN25,H1,2025-05-16 12:00:00,1747396800,532.0,532.0,532.0,532.0,1,5,1,10.0
697,-312,MZW,MZWN25,H1,2025-05-16 13:00:00,1747400400,531.0,533.0,529.5,529.5,30,5,43,11.0
698,-311,MZW,MZWN25,H1,2025-05-16 14:00:00,1747404000,526.5,526.5,525.5,525.5,14,5,23,11.0
699,-310,MZW,MZWN25,H1,2025-05-16 15:00:00,1747407600,526.0,526.0,524.0,524.0,4,5,4,11.0
700,-309,MZW,MZWN25,H1,2025-05-16 16:00:00,1747411200,524.0,524.0,524.0,524.0,2,5,4,11.0
701,-308,MZW,MZWN25,H1,2025-05-16 17:00:00,1747414800,524.0,524.5,524.0,524.0,7,5,7,11.0
102,-1549,MZW,MZWZ25,H1,2025-05-16 18:00:00,1747418400,561.0,561.0,561.0,561.0,0,0,0,5.0
460,-972,MZW,MZWU25,H1,2025-05-19 00:00:00,1747612800,541.0,541.0,541.0,541.0,2,5,2,7.0
702,-307,MZW,MZWN25,H1,2025-05-19 01:00:00,1747616400,528.5,528.5,528.0,528.0,5,5,6,11.0
703,-306,MZW,MZWN25,H1,2025-05-19 03:00:00,1747623600,529.5,529.5,529.5,529.5,3,5,3,11.0
704,-305,MZW,MZWN25,H1,2025-05-19 06:00:00,1747634400,530.5,531.0,530.0,531.0,9,5,10,11.0
705,-304,MZW,MZWN25,H1,2025-05-19 07:00:00,1747638000,531.0,532.0,531.0,532.0,4,5,4,10.0
461,-971,MZW,MZWU25,H1,2025-05-19 09:00:00,1747645200,543.0,543.0,543.0,543.0,1,5,2,7.0
706,-303,MZW,MZWN25,H1,2025-05-19 11:00:00,1747652400,530.5,531.0,530.0,531.0,9,5,9,10.0
707,-302,MZW,MZWN25,H1,2025-05-19 12:00:00,1747656000,531.0,531.0,531.0,531.0,1,5,1,9.0
708,-301,MZW,MZWN25,H1,2025-05-19 13:00:00,1747659600,531.5,536.0,531.0,534.5,40,5,62,10.0
709,-300,MZW,MZWN25,H1,2025-05-19 14:00:00,1747663200,532.5,532.5,528.5,528.5,20,5,22,10.0
710,-299,MZW,MZWN25,H1,2025-05-19 15:00:00,1747666800,528.5,528.5,527.0,527.0,6,5,7,10.0
711,-298,MZW,MZWN25,H1,2025-05-19 16:00:00,1747670400,527.0,527.0,526.0,526.0,4,5,4,10.0
712,-297,MZW,MZWN25,H1,2025-05-19 17:00:00,1747674000,528.0,528.0,527.5,527.5,9,5,14,10.0
108,-1543,MZW,MZWZ25,H1,2025-05-19 18:00:00,1747677600,566.0,566.0,564.5,564.5,0,0,4,5.0
713,-296,MZW,MZWN25,H1,2025-05-20 00:00:00,1747699200,530.5,530.5,530.5,530.5,2,5,2,10.0
714,-295,MZW,MZWN25,H1,2025-05-20 02:00:00,1747706400,529.5,529.5,529.5,529.5,1,5,1,10.0
715,-294,MZW,MZWN25,H1,2025-05-20 06:00:00,1747720800,531.0,532.0,531.0,532.0,3,5,4,10.0
716,-293,MZW,MZWN25,H1,2025-05-20 07:00:00,1747724400,534.0,534.5,533.5,534.5,10,5,10,10.0
717,-292,MZW,MZWN25,H1,2025-05-20 08:00:00,1747728000,535.0,536.0,535.0,536.0,13,5,14,10.0
718,-291,MZW,MZWN25,H1,2025-05-20 09:00:00,1747731600,536.5,538.5,536.5,538.5,17,5,42,11.0
719,-290,MZW,MZWN25,H1,2025-05-20 10:00:00,1747735200,537.5,538.5,537.0,538.5,14,5,37,11.0
720,-289,MZW,MZWN25,H1,2025-05-20 11:00:00,1747738800,537.0,537.0,537.0,537.0,1,10,1,11.0
721,-288,MZW,MZWN25,H1,2025-05-20 12:00:00,1747742400,537.5,539.0,537.5,539.0,7,5,34,11.0
722,-287,MZW,MZWN25,H1,2025-05-20 13:00:00,1747746000,539.0,545.0,539.0,545.0,43,5,151,13.0
723,-286,MZW,MZWN25,H1,2025-05-20 14:00:00,1747749600,545.0,546.0,544.0,544.5,24,5,71,14.0
724,-285,MZW,MZWN25,H1,2025-05-20 15:00:00,1747753200,544.0,545.0,542.5,544.5,17,5,27,14.0
725,-284,MZW,MZWN25,H1,2025-05-20 16:00:00,1747756800,544.5,546.5,544.5,546.5,13,5,13,14.0
726,-283,MZW,MZWN25,H1,2025-05-20 17:00:00,1747760400,547.0,547.5,545.5,545.5,17,5,19,14.0
727,-282,MZW,MZWN25,H1,2025-05-20 18:00:00,1747764000,545.5,547.5,545.0,547.5,22,5,30,15.0
728,-281,MZW,MZWN25,H1,2025-05-21 00:00:00,1747785600,548.0,548.0,548.0,548.0,3,5,4,15.0
729,-280,MZW,MZWN25,H1,2025-05-21 01:00:00,1747789200,548.5,548.5,548.5,548.5,3,5,3,14.0
730,-279,MZW,MZWN25,H1,2025-05-21 02:00:00,1747792800,549.0,550.0,549.0,549.5,10,5,13,15.0
475,-957,MZW,MZWU25,H1,2025-05-21 03:00:00,1747796400,563.0,563.0,563.0,563.0,1,10,1,7.0
731,-278,MZW,MZWN25,H1,2025-05-21 04:00:00,1747800000,550.0,550.0,550.0,550.0,4,5,19,15.0
732,-277,MZW,MZWN25,H1,2025-05-21 05:00:00,1747803600,550.5,550.5,550.5,550.5,1,5,1,15.0
733,-276,MZW,MZWN25,H1,2025-05-21 06:00:00,1747807200,550.5,550.5,550.5,550.5,2,5,2,15.0
734,-275,MZW,MZWN25,H1,2025-05-21 07:00:00,1747810800,546.5,546.5,545.0,545.0,11,5,14,15.0
735,-274,MZW,MZWN25,H1,2025-05-21 08:00:00,1747814400,546.5,546.5,546.5,546.5,1,10,1,14.0
736,-273,MZW,MZWN25,H1,2025-05-21 09:00:00,1747818000,550.0,550.0,547.5,547.5,4,5,4,14.0
737,-272,MZW,MZWN25,H1,2025-05-21 10:00:00,1747821600,548.5,548.5,548.5,548.5,1,10,1,14.0
738,-271,MZW,MZWN25,H1,2025-05-21 11:00:00,1747825200,549.0,550.5,547.0,550.5,7,5,9,14.0
739,-270,MZW,MZWN25,H1,2025-05-21 12:00:00,1747828800,550.0,552.5,550.0,552.0,8,5,12,13.0
740,-269,MZW,MZWN25,H1,2025-05-21 13:00:00,1747832400,552.5,553.0,545.5,548.0,36,5,42,14.0
741,-268,MZW,MZWN25,H1,2025-05-21 14:00:00,1747836000,550.0,554.0,550.0,553.0,15,5,22,14.0
742,-267,MZW,MZWN25,H1,2025-05-21 15:00:00,1747839600,553.0,555.0,553.0,555.0,11,5,15,14.0
743,-266,MZW,MZWN25,H1,2025-05-21 16:00:00,1747843200,556.0,556.0,553.0,554.0,14,5,24,14.0
744,-265,MZW,MZWN25,H1,2025-05-21 17:00:00,1747846800,554.0,554.0,548.0,548.0,19,5,26,15.0
745,-264,MZW,MZWN25,H1,2025-05-21 18:00:00,1747850400,548.0,548.5,547.5,548.0,6,5,8,15.0
746,-263,MZW,MZWN25,H1,2025-05-22 00:00:00,1747872000,546.0,546.0,544.0,545.0,15,5,23,15.0
486,-946,MZW,MZWU25,H1,2025-05-22 02:00:00,1747879200,560.0,560.0,560.0,560.0,1,5,1,7.0
747,-262,MZW,MZWN25,H1,2025-05-22 03:00:00,1747882800,545.5,545.5,544.5,545.5,5,5,5,15.0
748,-261,MZW,MZWN25,H1,2025-05-22 05:00:00,1747890000,547.0,547.5,547.0,547.0,7,5,14,15.0
749,-260,MZW,MZWN25,H1,2025-05-22 06:00:00,1747893600,547.0,547.0,547.0,547.0,1,10,1,15.0
750,-259,MZW,MZWN25,H1,2025-05-22 07:00:00,1747897200,545.5,545.5,545.5,545.5,1,5,1,15.0
751,-258,MZW,MZWN25,H1,2025-05-22 08:00:00,1747900800,545.0,545.0,541.5,541.5,12,5,18,15.0
752,-257,MZW,MZWN25,H1,2025-05-22 10:00:00,1747908000,542.5,542.5,542.5,542.5,2,5,2,15.0
753,-256,MZW,MZWN25,H1,2025-05-22 11:00:00,1747911600,542.5,545.0,542.5,545.0,5,5,7,15.0
754,-255,MZW,MZWN25,H1,2025-05-22 12:00:00,1747915200,546.5,550.0,546.5,548.5,9,5,12,15.0
755,-254,MZW,MZWN25,H1,2025-05-22 13:00:00,1747918800,550.0,550.0,544.0,544.5,5,5,6,15.0
756,-253,MZW,MZWN25,H1,2025-05-22 14:00:00,1747922400,546.0,546.0,542.5,542.5,7,5,18,15.0
757,-252,MZW,MZWN25,H1,2025-05-22 15:00:00,1747926000,545.5,545.5,545.5,545.5,1,5,2,15.0
758,-251,MZW,MZWN25,H1,2025-05-22 16:00:00,1747929600,544.0,545.5,544.0,545.5,3,5,5,15.0
495,-937,MZW,MZWU25,H1,2025-05-22 17:00:00,1747933200,562.0,562.0,562.0,562.0,1,10,1,6.0
759,-250,MZW,MZWN25,H1,2025-05-22 18:00:00,1747936800,544.0,544.0,544.0,544.0,1,65,1,15.0
760,-249,MZW,MZWN25,H1,2025-05-23 00:00:00,1747958400,545.0,546.0,545.0,545.5,3,5,5,15.0
498,-934,MZW,MZWU25,H1,2025-05-23 03:00:00,1747969200,559.5,559.5,558.5,558.5,2,5,2,6.0
761,-248,MZW,MZWN25,H1,2025-05-23 06:00:00,1747980000,544.5,545.0,544.5,544.5,9,5,27,15.0
762,-247,MZW,MZWN25,H1,2025-05-23 08:00:00,1747987200,546.0,546.0,543.0,543.0,7,5,13,15.0
763,-246,MZW,MZWN25,H1,2025-05-23 10:00:00,1747994400,542.0,542.0,542.0,542.0,1,5,1,15.0
764,-245,MZW,MZWN25,H1,2025-05-23 11:00:00,1747998000,543.0,543.0,543.0,543.0,1,5,1,15.0
765,-244,MZW,MZWN25,H1,2025-05-23 12:00:00,1748001600,543.0,544.0,543.0,544.0,3,5,13,15.0
766,-243,MZW,MZWN25,H1,2025-05-23 13:00:00,1748005200,547.0,548.0,542.5,542.5,17,5,21,15.0
767,-242,MZW,MZWN25,H1,2025-05-23 14:00:00,1748008800,542.0,542.0,540.5,540.5,7,5,19,15.0
768,-241,MZW,MZWN25,H1,2025-05-23 15:00:00,1748012400,539.0,541.0,539.0,541.0,4,5,4,16.0
769,-240,MZW,MZWN25,H1,2025-05-23 16:00:00,1748016000,540.5,540.5,539.0,539.0,2,5,2,15.0
770,-239,MZW,MZWN25,H1,2025-05-23 17:00:00,1748019600,541.0,542.5,541.0,542.5,8,5,12,15.0
771,-238,MZW,MZWN25,H1,2025-05-23 18:00:00,1748023200,542.5,542.5,542.5,542.5,1,80,1,15.0
772,-237,MZW,MZWN25,H1,2025-05-27 00:00:00,1748304000,542.5,543.0,542.5,543.0,7,5,10,15.0
507,-925,MZW,MZWU25,H1,2025-05-27 01:00:00,1748307600,557.5,557.5,557.0,557.0,3,5,3,6.0
508,-924,MZW,MZWU25,H1,2025-05-27 02:00:00,1748311200,557.5,558.0,557.5,558.0,4,5,4,6.0
509,-923,MZW,MZWU25,H1,2025-05-27 05:00:00,1748322000,557.0,557.0,557.0,557.0,1,5,1,6.0
773,-236,MZW,MZWN25,H1,2025-05-27 06:00:00,1748325600,542.0,542.0,538.5,538.5,12,5,18,15.0
134,-1517,MZW,MZWZ25,H1,2025-05-27 07:00:00,1748329200,576.5,576.5,575.5,575.5,0,0,12,6.0
774,-235,MZW,MZWN25,H1,2025-05-27 08:00:00,1748332800,535.5,535.5,535.5,535.5,3,5,4,15.0
775,-234,MZW,MZWN25,H1,2025-05-27 09:00:00,1748336400,535.5,535.5,535.5,535.5,2,5,3,15.0
776,-233,MZW,MZWN25,H1,2025-05-27 10:00:00,1748340000,534.0,534.0,533.0,534.0,15,5,52,16.0
777,-232,MZW,MZWN25,H1,2025-05-27 11:00:00,1748343600,533.5,533.5,533.5,533.5,1,5,1,16.0
778,-231,MZW,MZWN25,H1,2025-05-27 12:00:00,1748347200,533.5,533.5,533.5,533.5,1,5,1,15.0
779,-230,MZW,MZWN25,H1,2025-05-27 13:00:00,1748350800,532.0,533.0,531.5,533.0,4,5,4,15.0
780,-229,MZW,MZWN25,H1,2025-05-27 14:00:00,1748354400,535.0,535.0,528.5,528.5,24,5,27,15.0
781,-228,MZW,MZWN25,H1,2025-05-27 15:00:00,1748358000,529.0,529.5,528.0,529.5,5,5,6,15.0
782,-227,MZW,MZWN25,H1,2025-05-27 16:00:00,1748361600,529.0,529.0,528.5,528.5,2,5,3,15.0
783,-226,MZW,MZWN25,H1,2025-05-27 17:00:00,1748365200,528.5,528.5,528.0,528.5,3,5,4,15.0
784,-225,MZW,MZWN25,H1,2025-05-27 18:00:00,1748368800,529.0,529.0,528.5,529.0,4,5,5,15.0
518,-914,MZW,MZWU25,H1,2025-05-28 00:00:00,1748390400,547.5,547.5,546.0,546.5,8,5,12,5.0
519,-913,MZW,MZWU25,H1,2025-05-28 01:00:00,1748394000,547.5,547.5,547.0,547.0,2,5,2,5.0
785,-224,MZW,MZWN25,H1,2025-05-28 02:00:00,1748397600,533.0,534.5,533.0,534.5,3,5,3,15.0
786,-223,MZW,MZWN25,H1,2025-05-28 03:00:00,1748401200,533.5,533.5,533.5,533.5,1,5,1,15.0
787,-222,MZW,MZWN25,H1,2025-05-28 04:00:00,1748404800,534.0,534.0,534.0,534.0,2,5,2,15.0
788,-221,MZW,MZWN25,H1,2025-05-28 06:00:00,1748412000,534.5,535.0,534.5,535.0,8,5,25,15.0
789,-220,MZW,MZWN25,H1,2025-05-28 07:00:00,1748415600,534.0,534.0,534.0,534.0,1,5,1,15.0
790,-219,MZW,MZWN25,H1,2025-05-28 08:00:00,1748419200,533.0,533.0,533.0,533.0,4,5,5,14.0
791,-218,MZW,MZWN25,H1,2025-05-28 09:00:00,1748422800,535.5,535.5,535.5,535.5,1,10,1,14.0
792,-217,MZW,MZWN25,H1,2025-05-28 10:00:00,1748426400,533.0,533.0,533.0,533.0,1,5,1,14.0
793,-216,MZW,MZWN25,H1,2025-05-28 11:00:00,1748430000,533.0,533.0,533.0,533.0,2,5,2,13.0
794,-215,MZW,MZWN25,H1,2025-05-28 12:00:00,1748433600,532.0,532.0,532.0,532.0,1,5,1,11.0
795,-214,MZW,MZWN25,H1,2025-05-28 13:00:00,1748437200,534.0,535.0,533.0,533.0,3,5,3,10.0
796,-213,MZW,MZWN25,H1,2025-05-28 14:00:00,1748440800,534.0,534.0,530.0,530.5,10,5,12,10.0
797,-212,MZW,MZWN25,H1,2025-05-28 15:00:00,1748444400,529.5,530.5,529.5,530.5,3,5,3,10.0
798,-211,MZW,MZWN25,H1,2025-05-28 16:00:00,1748448000,528.5,529.0,527.0,528.5,9,5,9,10.0
799,-210,MZW,MZWN25,H1,2025-05-28 17:00:00,1748451600,529.0,529.0,529.0,529.0,1,5,1,9.0
800,-209,MZW,MZWN25,H1,2025-05-28 18:00:00,1748455200,529.5,530.5,529.0,530.5,17,5,45,10.0
801,-208,MZW,MZWN25,H1,2025-05-29 00:00:00,1748476800,533.5,533.5,533.5,533.5,1,5,1,10.0
527,-905,MZW,MZWU25,H1,2025-05-29 01:00:00,1748480400,547.5,547.5,547.5,547.5,1,10,1,4.0
528,-904,MZW,MZWU25,H1,2025-05-29 05:00:00,1748494800,545.0,546.0,545.0,546.0,8,5,8,4.0
802,-207,MZW,MZWN25,H1,2025-05-29 06:00:00,1748498400,530.5,530.5,530.5,530.5,1,10,2,10.0
803,-206,MZW,MZWN25,H1,2025-05-29 07:00:00,1748502000,531.0,531.0,531.0,531.0,1,5,1,9.0
804,-205,MZW,MZWN25,H1,2025-05-29 08:00:00,1748505600,529.0,529.0,529.0,529.0,1,5,1,9.0
805,-204,MZW,MZWN25,H1,2025-05-29 09:00:00,1748509200,528.5,528.5,528.5,528.5,31,5,48,10.0
806,-203,MZW,MZWN25,H1,2025-05-29 10:00:00,1748512800,529.0,529.0,529.0,529.0,1,5,1,10.0
807,-202,MZW,MZWN25,H1,2025-05-29 11:00:00,1748516400,528.5,528.5,528.5,528.5,2,5,7,10.0
808,-201,MZW,MZWN25,H1,2025-05-29 12:00:00,1748520000,528.5,531.0,528.5,531.0,4,5,5,10.0
809,-200,MZW,MZWN25,H1,2025-05-29 13:00:00,1748523600,531.0,531.0,531.0,531.0,1,5,1,10.0
810,-199,MZW,MZWN25,H1,2025-05-29 14:00:00,1748527200,531.0,533.5,531.0,531.0,11,5,17,10.0
811,-198,MZW,MZWN25,H1,2025-05-29 15:00:00,1748530800,531.0,531.0,527.5,528.5,7,5,11,10.0
812,-197,MZW,MZWN25,H1,2025-05-29 16:00:00,1748534400,529.5,533.0,529.5,532.5,9,5,11,10.0
813,-196,MZW,MZWN25,H1,2025-05-29 17:00:00,1748538000,532.0,533.0,532.0,533.0,3,5,3,9.0
814,-195,MZW,MZWN25,H1,2025-05-29 18:00:00,1748541600,533.5,534.5,533.5,533.5,7,5,15,9.0
815,-194,MZW,MZWN25,H1,2025-05-30 00:00:00,1748563200,535.0,536.5,535.0,536.0,5,5,13,9.0
816,-193,MZW,MZWN25,H1,2025-05-30 01:00:00,1748566800,536.0,536.0,536.0,536.0,1,10,2,9.0
817,-192,MZW,MZWN25,H1,2025-05-30 02:00:00,1748570400,536.0,536.0,536.0,536.0,2,5,3,9.0
538,-894,MZW,MZWU25,H1,2025-05-30 03:00:00,1748574000,550.5,550.5,550.5,550.5,1,10,1,4.0
539,-893,MZW,MZWU25,H1,2025-05-30 05:00:00,1748581200,550.5,550.5,550.5,550.5,1,5,1,4.0
818,-191,MZW,MZWN25,H1,2025-05-30 06:00:00,1748584800,537.5,537.5,537.5,537.5,1,5,1,8.0
819,-190,MZW,MZWN25,H1,2025-05-30 07:00:00,1748588400,538.0,538.5,538.0,538.0,7,5,12,9.0
820,-189,MZW,MZWN25,H1,2025-05-30 08:00:00,1748592000,537.0,537.0,537.0,537.0,1,5,1,8.0
821,-188,MZW,MZWN25,H1,2025-05-30 10:00:00,1748599200,537.5,537.5,537.5,537.5,1,5,1,8.0
822,-187,MZW,MZWN25,H1,2025-05-30 11:00:00,1748602800,534.5,534.5,534.5,534.5,2,5,2,8.0
823,-186,MZW,MZWN25,H1,2025-05-30 12:00:00,1748606400,533.5,534.5,533.5,534.5,5,5,5,8.0
824,-185,MZW,MZWN25,H1,2025-05-30 13:00:00,1748610000,533.5,534.0,532.0,533.0,13,0,18,8.0
825,-184,MZW,MZWN25,H1,2025-05-30 14:00:00,1748613600,533.5,533.5,531.5,531.5,14,5,31,9.0
826,-183,MZW,MZWN25,H1,2025-05-30 15:00:00,1748617200,534.5,534.5,534.5,534.5,1,5,1,9.0
827,-182,MZW,MZWN25,H1,2025-05-30 16:00:00,1748620800,534.5,534.5,533.5,534.0,10,5,41,9.0
545,-887,MZW,MZWU25,H1,2025-05-30 17:00:00,1748624400,548.0,548.5,548.0,548.5,2,5,2,3.0
828,-181,MZW,MZWN25,H1,2025-05-30 18:00:00,1748628000,538.5,538.5,538.5,538.5,1,140,1,9.0
829,-180,MZW,MZWN25,H1,2025-06-02 00:00:00,1748822400,535.5,535.5,535.5,535.5,1,5,1,9.0
149,-1502,MZW,MZWZ25,H1,2025-06-02 01:00:00,1748826000,573.5,573.5,573.5,573.5,0,0,3,5.0
549,-883,MZW,MZWU25,H1,2025-06-02 02:00:00,1748829600,551.0,551.0,551.0,551.0,2,5,2,3.0
550,-882,MZW,MZWU25,H1,2025-06-02 03:00:00,1748833200,552.0,552.0,552.0,552.0,1,5,1,3.0
830,-179,MZW,MZWN25,H1,2025-06-02 04:00:00,1748836800,538.0,538.0,538.0,538.0,2,5,2,9.0
831,-178,MZW,MZWN25,H1,2025-06-02 05:00:00,1748840400,538.0,538.0,538.0,538.0,1,5,2,9.0
832,-177,MZW,MZWN25,H1,2025-06-02 06:00:00,1748844000,539.0,539.0,539.0,539.0,1,5,1,9.0
833,-176,MZW,MZWN25,H1,2025-06-02 07:00:00,1748847600,540.0,540.0,539.5,539.5,21,5,40,9.0
834,-175,MZW,MZWN25,H1,2025-06-02 08:00:00,1748851200,539.0,539.5,539.0,539.5,3,5,4,9.0
835,-174,MZW,MZWN25,H1,2025-06-02 09:00:00,1748854800,539.0,539.0,536.5,536.5,4,5,5,9.0
836,-173,MZW,MZWN25,H1,2025-06-02 10:00:00,1748858400,538.5,538.5,538.5,538.5,1,5,2,9.0
837,-172,MZW,MZWN25,H1,2025-06-02 11:00:00,1748862000,540.0,541.0,540.0,541.0,4,5,4,9.0
838,-171,MZW,MZWN25,H1,2025-06-02 12:00:00,1748865600,542.0,545.0,542.0,545.0,16,5,48,9.0
839,-170,MZW,MZWN25,H1,2025-06-02 13:00:00,1748869200,546.0,549.0,546.0,547.0,25,5,28,9.0
840,-169,MZW,MZWN25,H1,2025-06-02 14:00:00,1748872800,544.0,548.0,543.0,548.0,14,5,14,9.0
841,-168,MZW,MZWN25,H1,2025-06-02 15:00:00,1748876400,544.5,544.5,542.5,542.5,6,5,32,10.0
842,-167,MZW,MZWN25,H1,2025-06-02 16:00:00,1748880000,541.0,541.0,540.0,540.0,4,5,4,10.0
843,-166,MZW,MZWN25,H1,2025-06-02 17:00:00,1748883600,540.0,540.5,539.5,540.5,5,5,6,10.0
844,-165,MZW,MZWN25,H1,2025-06-02 18:00:00,1748887200,538.0,538.0,537.5,538.0,5,5,8,10.0
845,-164,MZW,MZWN25,H1,2025-06-03 00:00:00,1748908800,536.5,536.5,535.0,535.0,8,5,10,10.0
566,-866,MZW,MZWU25,H1,2025-06-03 01:00:00,1748912400,549.0,549.0,549.0,549.0,1,5,1,4.0
567,-865,MZW,MZWU25,H1,2025-06-03 03:00:00,1748919600,550.0,550.0,549.5,549.5,3,5,4,4.0
846,-163,MZW,MZWN25,H1,2025-06-03 04:00:00,1748923200,535.5,535.5,535.5,535.5,3,5,4,10.0
568,-864,MZW,MZWU25,H1,2025-06-03 06:00:00,1748930400,549.5,549.5,549.5,549.5,1,5,1,4.0
847,-162,MZW,MZWN25,H1,2025-06-03 07:00:00,1748934000,535.0,535.0,535.0,535.0,1,5,1,10.0
848,-161,MZW,MZWN25,H1,2025-06-03 08:00:00,1748937600,535.0,535.0,535.0,535.0,2,5,2,9.0
849,-160,MZW,MZWN25,H1,2025-06-03 09:00:00,1748941200,533.5,533.5,533.0,533.0,2,5,2,9.0
850,-159,MZW,MZWN25,H1,2025-06-03 10:00:00,1748944800,533.5,534.0,533.5,534.0,5,5,5,9.0
851,-158,MZW,MZWN25,H1,2025-06-03 11:00:00,1748948400,535.0,535.0,535.0,535.0,1,5,2,9.0
852,-157,MZW,MZWN25,H1,2025-06-03 12:00:00,1748952000,542.5,542.5,542.5,542.5,2,5,4,9.0
853,-156,MZW,MZWN25,H1,2025-06-03 13:00:00,1748955600,544.5,548.0,536.5,536.5,14,5,17,9.0
854,-155,MZW,MZWN25,H1,2025-06-03 14:00:00,1748959200,534.0,535.0,534.0,534.0,4,5,4,9.0
855,-154,MZW,MZWN25,H1,2025-06-03 15:00:00,1748962800,541.5,542.0,541.5,542.0,3,5,3,9.0
856,-153,MZW,MZWN25,H1,2025-06-03 16:00:00,1748966400,539.0,539.0,537.5,537.5,12,5,26,9.0
857,-152,MZW,MZWN25,H1,2025-06-03 17:00:00,1748970000,536.5,536.5,536.0,536.0,5,5,10,9.0
858,-151,MZW,MZWN25,H1,2025-06-03 18:00:00,1748973600,535.0,536.0,535.0,536.0,2,5,3,9.0
859,-150,MZW,MZWN25,H1,2025-06-04 00:00:00,1748995200,535.0,535.5,535.0,535.5,2,5,10,9.0
860,-149,MZW,MZWN25,H1,2025-06-04 03:00:00,1749006000,535.5,535.5,535.5,535.5,1,5,1,9.0
579,-853,MZW,MZWU25,H1,2025-06-04 05:00:00,1749013200,549.0,549.0,549.0,549.0,1,10,1,4.0
861,-148,MZW,MZWN25,H1,2025-06-04 06:00:00,1749016800,534.5,534.5,534.5,534.5,1,5,2,9.0
580,-852,MZW,MZWU25,H1,2025-06-04 07:00:00,1749020400,549.0,549.0,549.0,549.0,1,5,1,4.0
862,-147,MZW,MZWN25,H1,2025-06-04 08:00:00,1749024000,535.5,538.0,535.5,538.0,3,5,3,9.0
863,-146,MZW,MZWN25,H1,2025-06-04 10:00:00,1749031200,538.0,538.0,538.0,538.0,1,5,1,9.0
864,-145,MZW,MZWN25,H1,2025-06-04 11:00:00,1749034800,538.0,538.5,538.0,538.5,2,5,3,9.0
865,-144,MZW,MZWN25,H1,2025-06-04 12:00:00,1749038400,541.0,541.5,541.0,541.0,4,0,4,9.0
866,-143,MZW,MZWN25,H1,2025-06-04 13:00:00,1749042000,537.5,539.0,536.5,538.5,4,5,4,9.0
867,-142,MZW,MZWN25,H1,2025-06-04 14:00:00,1749045600,538.0,538.5,536.0,538.5,14,5,23,9.0
868,-141,MZW,MZWN25,H1,2025-06-04 15:00:00,1749049200,537.0,540.0,535.0,540.0,9,5,13,9.0
869,-140,MZW,MZWN25,H1,2025-06-04 16:00:00,1749052800,540.0,547.0,540.0,545.0,21,5,27,10.0
870,-139,MZW,MZWN25,H1,2025-06-04 17:00:00,1749056400,544.5,544.5,542.0,542.0,4,5,7,10.0
871,-138,MZW,MZWN25,H1,2025-06-04 18:00:00,1749060000,543.5,544.0,543.5,543.5,5,5,8,10.0
872,-137,MZW,MZWN25,H1,2025-06-05 00:00:00,1749081600,548.0,549.0,546.0,546.0,5,5,5,9.0
873,-136,MZW,MZWN25,H1,2025-06-05 01:00:00,1749085200,545.5,545.5,545.5,545.5,1,5,1,9.0
590,-842,MZW,MZWU25,H1,2025-06-05 02:00:00,1749088800,560.0,561.5,560.0,561.0,6,5,6,5.0
874,-135,MZW,MZWN25,H1,2025-06-05 03:00:00,1749092400,546.0,546.0,546.0,546.0,1,5,1,9.0
591,-841,MZW,MZWU25,H1,2025-06-05 04:00:00,1749096000,560.0,560.0,560.0,560.0,1,10,1,5.0
592,-840,MZW,MZWU25,H1,2025-06-05 06:00:00,1749103200,561.0,561.0,560.0,560.5,5,5,5,5.0
593,-839,MZW,MZWU25,H1,2025-06-05 07:00:00,1749106800,560.5,561.0,560.5,561.0,3,5,3,5.0
594,-838,MZW,MZWU25,H1,2025-06-05 08:00:00,1749110400,560.5,562.0,560.0,562.0,4,5,4,5.0
875,-134,MZW,MZWN25,H1,2025-06-05 09:00:00,1749114000,546.0,546.0,546.0,546.0,1,10,1,9.0
596,-836,MZW,MZWU25,H1,2025-06-05 10:00:00,1749117600,560.0,560.0,559.5,559.5,3,5,3,5.0
876,-133,MZW,MZWN25,H1,2025-06-05 11:00:00,1749121200,546.0,546.0,546.0,546.0,1,5,1,9.0
597,-835,MZW,MZWU25,H1,2025-06-05 12:00:00,1749124800,562.0,562.0,562.0,562.0,3,5,4,5.0
877,-132,MZW,MZWN25,H1,2025-06-05 13:00:00,1749128400,548.0,548.5,541.5,541.5,21,5,38,9.0
878,-131,MZW,MZWN25,H1,2025-06-05 14:00:00,1749132000,540.5,549.0,540.5,549.0,22,5,45,10.0
879,-130,MZW,MZWN25,H1,2025-06-05 15:00:00,1749135600,547.0,547.0,545.5,545.5,4,5,4,10.0
880,-129,MZW,MZWN25,H1,2025-06-05 16:00:00,1749139200,544.0,544.0,544.0,544.0,1,5,1,10.0
881,-128,MZW,MZWN25,H1,2025-06-05 17:00:00,1749142800,545.0,546.0,545.0,546.0,4,5,4,10.0
882,-127,MZW,MZWN25,H1,2025-06-05 18:00:00,1749146400,545.0,545.0,545.0,545.0,1,85,1,9.0
603,-829,MZW,MZWU25,H1,2025-06-06 01:00:00,1749171600,562.5,563.0,562.0,563.0,4,5,4,6.0
604,-828,MZW,MZWU25,H1,2025-06-06 03:00:00,1749178800,562.0,562.0,561.0,561.0,2,5,2,6.0
883,-126,MZW,MZWN25,H1,2025-06-06 04:00:00,1749182400,547.0,547.0,547.0,547.0,1,5,1,9.0
606,-826,MZW,MZWU25,H1,2025-06-06 05:00:00,1749186000,561.0,561.0,561.0,561.0,1,5,1,6.0
175,-1476,MZW,MZWZ25,H1,2025-06-06 06:00:00,1749189600,581.0,581.0,581.0,581.0,0,0,1,4.0
884,-125,MZW,MZWN25,H1,2025-06-06 08:00:00,1749196800,541.5,541.5,541.0,541.0,3,5,3,9.0
885,-124,MZW,MZWN25,H1,2025-06-06 09:00:00,1749200400,541.5,541.5,541.5,541.5,2,5,2,9.0
886,-123,MZW,MZWN25,H1,2025-06-06 10:00:00,1749204000,542.0,542.0,542.0,542.0,1,5,1,9.0
887,-122,MZW,MZWN25,H1,2025-06-06 11:00:00,1749207600,544.0,544.0,544.0,544.0,1,5,1,9.0
888,-121,MZW,MZWN25,H1,2025-06-06 12:00:00,1749211200,545.5,547.0,545.5,546.5,3,5,4,9.0
889,-120,MZW,MZWN25,H1,2025-06-06 13:00:00,1749214800,547.0,547.0,544.5,544.5,9,5,14,9.0
890,-119,MZW,MZWN25,H1,2025-06-06 14:00:00,1749218400,543.5,544.0,543.0,544.0,9,5,13,9.0
891,-118,MZW,MZWN25,H1,2025-06-06 15:00:00,1749222000,545.0,545.0,545.0,545.0,1,5,1,9.0
892,-117,MZW,MZWN25,H1,2025-06-06 16:00:00,1749225600,548.0,552.5,548.0,552.5,20,5,29,9.0
893,-116,MZW,MZWN25,H1,2025-06-06 17:00:00,1749229200,553.0,554.0,552.0,553.0,12,5,16,10.0
894,-115,MZW,MZWN25,H1,2025-06-06 18:00:00,1749232800,553.0,556.0,553.0,555.0,11,5,13,10.0
895,-114,MZW,MZWN25,H1,2025-06-09 00:00:00,1749427200,555.5,561.0,552.5,552.5,14,5,15,10.0
896,-113,MZW,MZWN25,H1,2025-06-09 01:00:00,1749430800,554.5,554.5,554.5,554.5,1,5,1,10.0
897,-112,MZW,MZWN25,H1,2025-06-09 02:00:00,1749434400,553.0,553.0,552.5,552.5,3,5,4,9.0
898,-111,MZW,MZWN25,H1,2025-06-09 03:00:00,1749438000,554.0,554.0,554.0,554.0,1,5,2,9.0
899,-110,MZW,MZWN25,H1,2025-06-09 05:00:00,1749445200,556.5,557.0,556.5,557.0,2,5,3,9.0
900,-109,MZW,MZWN25,H1,2025-06-09 06:00:00,1749448800,557.5,558.0,557.5,558.0,6,5,6,9.0
623,-809,MZW,MZWU25,H1,2025-06-09 07:00:00,1749452400,571.0,571.0,570.5,571.0,3,5,3,8.0
901,-108,MZW,MZWN25,H1,2025-06-09 08:00:00,1749456000,554.0,555.0,553.0,553.0,8,5,9,9.0
902,-107,MZW,MZWN25,H1,2025-06-09 09:00:00,1749459600,553.0,553.0,552.0,553.0,6,5,6,9.0
903,-106,MZW,MZWN25,H1,2025-06-09 10:00:00,1749463200,553.5,553.5,551.5,551.5,3,5,3,9.0
904,-105,MZW,MZWN25,H1,2025-06-09 11:00:00,1749466800,551.5,552.0,549.5,549.5,7,5,7,9.0
905,-104,MZW,MZWN25,H1,2025-06-09 12:00:00,1749470400,549.5,549.5,544.0,545.0,9,5,9,9.0
629,-803,MZW,MZWU25,H1,2025-06-09 13:00:00,1749474000,559.0,559.0,556.0,557.0,35,5,54,9.0
630,-802,MZW,MZWU25,H1,2025-06-09 14:00:00,1749477600,556.0,558.0,556.0,557.0,12,5,19,9.0
908,-101,MZW,MZWN25,H1,2025-06-09 15:00:00,1749481200,542.0,545.0,542.0,544.5,8,5,16,10.0
909,-100,MZW,MZWN25,H1,2025-06-09 16:00:00,1749484800,544.0,544.0,543.0,543.5,11,5,26,10.0
633,-799,MZW,MZWU25,H1,2025-06-09 17:00:00,1749488400,558.0,558.0,557.5,558.0,4,5,11,9.0
634,-798,MZW,MZWU25,H1,2025-06-09 18:00:00,1749492000,558.0,558.0,558.0,558.0,5,5,8,9.0
635,-797,MZW,MZWU25,H1,2025-06-10 00:00:00,1749513600,555.0,555.0,554.0,554.0,2,5,2,9.0
636,-796,MZW,MZWU25,H1,2025-06-10 01:00:00,1749517200,554.0,554.0,554.0,554.0,1,10,1,9.0
188,-1463,MZW,MZWZ25,H1,2025-06-10 03:00:00,1749524400,576.5,576.5,576.5,576.5,0,0,2,4.0
637,-795,MZW,MZWU25,H1,2025-06-10 04:00:00,1749528000,553.5,553.5,553.5,553.5,1,5,1,8.0
912,-97,MZW,MZWN25,H1,2025-06-10 05:00:00,1749531600,538.5,538.5,538.0,538.0,4,5,8,9.0
913,-96,MZW,MZWN25,H1,2025-06-10 06:00:00,1749535200,540.5,540.5,540.5,540.5,1,5,1,9.0
914,-95,MZW,MZWN25,H1,2025-06-10 07:00:00,1749538800,540.5,540.5,540.5,540.5,1,5,1,9.0
915,-94,MZW,MZWN25,H1,2025-06-10 08:00:00,1749542400,537.0,539.0,536.0,539.0,9,5,25,9.0
916,-93,MZW,MZWN25,H1,2025-06-10 11:00:00,1749553200,535.5,535.5,534.0,534.0,8,5,9,9.0
917,-92,MZW,MZWN25,H1,2025-06-10 12:00:00,1749556800,536.5,536.5,536.5,536.5,3,5,4,9.0
641,-791,MZW,MZWU25,H1,2025-06-10 13:00:00,1749560400,552.0,556.0,552.0,555.0,10,5,12,9.0
642,-790,MZW,MZWU25,H1,2025-06-10 14:00:00,1749564000,551.0,551.0,548.5,548.5,4,5,7,9.0
920,-89,MZW,MZWN25,H1,2025-06-10 15:00:00,1749567600,533.0,533.5,531.5,531.5,15,5,22,10.0
921,-88,MZW,MZWN25,H1,2025-06-10 16:00:00,1749571200,531.0,533.0,530.5,533.0,8,5,17,10.0
922,-87,MZW,MZWN25,H1,2025-06-10 17:00:00,1749574800,534.5,534.5,534.5,534.5,1,5,5,10.0
923,-86,MZW,MZWN25,H1,2025-06-10 18:00:00,1749578400,534.5,535.0,534.5,535.0,3,5,3,10.0
924,-85,MZW,MZWN25,H1,2025-06-11 00:00:00,1749600000,535.5,535.5,535.5,535.5,1,5,1,10.0
925,-84,MZW,MZWN25,H1,2025-06-11 02:00:00,1749607200,536.0,536.0,536.0,536.0,1,5,1,10.0
649,-783,MZW,MZWU25,H1,2025-06-11 03:00:00,1749610800,550.5,550.5,550.5,550.5,1,5,1,9.0
926,-83,MZW,MZWN25,H1,2025-06-11 04:00:00,1749614400,536.0,536.0,536.0,536.0,2,5,2,10.0
651,-781,MZW,MZWU25,H1,2025-06-11 05:00:00,1749618000,551.0,551.0,551.0,551.0,1,5,2,9.0
927,-82,MZW,MZWN25,H1,2025-06-11 06:00:00,1749621600,537.0,537.0,537.0,537.0,1,5,2,10.0
652,-780,MZW,MZWU25,H1,2025-06-11 07:00:00,1749625200,553.0,553.0,551.5,551.5,3,5,3,9.0
653,-779,MZW,MZWU25,H1,2025-06-11 10:00:00,1749636000,549.5,549.5,549.5,549.5,2,5,2,9.0
654,-778,MZW,MZWU25,H1,2025-06-11 11:00:00,1749639600,552.0,552.0,552.0,552.0,2,5,2,9.0
655,-777,MZW,MZWU25,H1,2025-06-11 12:00:00,1749643200,553.0,553.0,553.0,553.0,1,5,1,9.0
931,-78,MZW,MZWN25,H1,2025-06-11 13:00:00,1749646800,538.0,538.0,534.5,535.0,17,5,30,10.0
932,-77,MZW,MZWN25,H1,2025-06-11 14:00:00,1749650400,534.5,538.0,534.5,537.0,12,5,30,10.0
933,-76,MZW,MZWN25,H1,2025-06-11 15:00:00,1749654000,536.0,536.0,532.5,533.0,10,5,15,10.0
934,-75,MZW,MZWN25,H1,2025-06-11 16:00:00,1749657600,534.0,534.0,533.0,533.5,7,5,18,10.0
660,-772,MZW,MZWU25,H1,2025-06-11 17:00:00,1749661200,549.0,549.0,549.0,549.0,1,5,1,9.0
935,-74,MZW,MZWN25,H1,2025-06-11 18:00:00,1749664800,534.0,534.5,534.0,534.5,2,5,2,10.0
936,-73,MZW,MZWN25,H1,2025-06-12 00:00:00,1749686400,534.0,534.0,534.0,534.0,1,5,1,10.0
937,-72,MZW,MZWN25,H1,2025-06-12 03:00:00,1749697200,535.5,535.5,535.5,535.5,1,5,1,10.0
938,-71,MZW,MZWN25,H1,2025-06-12 04:00:00,1749700800,535.5,535.5,535.5,535.5,3,5,5,10.0
663,-769,MZW,MZWU25,H1,2025-06-12 07:00:00,1749711600,549.0,549.0,544.5,544.5,7,5,7,9.0
664,-768,MZW,MZWU25,H1,2025-06-12 08:00:00,1749715200,547.0,547.0,547.0,547.0,1,5,1,9.0
665,-767,MZW,MZWU25,H1,2025-06-12 09:00:00,1749718800,548.5,549.5,548.0,549.5,3,5,3,9.0
939,-70,MZW,MZWN25,H1,2025-06-12 10:00:00,1749722400,535.0,535.0,534.5,535.0,6,5,6,10.0
940,-69,MZW,MZWN25,H1,2025-06-12 11:00:00,1749726000,535.0,535.0,535.0,535.0,1,5,1,10.0
941,-68,MZW,MZWN25,H1,2025-06-12 12:00:00,1749729600,536.0,536.0,536.0,536.0,2,5,2,10.0
942,-67,MZW,MZWN25,H1,2025-06-12 13:00:00,1749733200,536.0,536.0,532.5,533.5,8,5,12,10.0
943,-66,MZW,MZWN25,H1,2025-06-12 14:00:00,1749736800,536.5,536.5,536.0,536.0,14,5,36,10.0
944,-65,MZW,MZWN25,H1,2025-06-12 15:00:00,1749740400,532.0,532.5,532.0,532.5,5,5,5,10.0
945,-64,MZW,MZWN25,H1,2025-06-12 16:00:00,1749744000,530.0,532.0,526.5,527.5,21,5,34,11.0
946,-63,MZW,MZWN25,H1,2025-06-12 17:00:00,1749747600,527.5,528.5,527.5,528.5,4,5,5,11.0
947,-62,MZW,MZWN25,H1,2025-06-12 18:00:00,1749751200,527.0,527.5,527.0,527.5,3,5,4,11.0
948,-61,MZW,MZWN25,H1,2025-06-13 00:00:00,1749772800,526.0,526.0,522.5,523.0,15,5,21,11.0
949,-60,MZW,MZWN25,H1,2025-06-13 01:00:00,1749776400,526.5,528.0,526.5,528.0,3,5,3,10.0
950,-59,MZW,MZWN25,H1,2025-06-13 02:00:00,1749780000,533.0,533.0,533.0,533.0,3,5,11,10.0
951,-58,MZW,MZWN25,H1,2025-06-13 03:00:00,1749783600,533.0,533.0,533.0,533.0,2,5,3,10.0
952,-57,MZW,MZWN25,H1,2025-06-13 05:00:00,1749790800,532.0,532.0,532.0,532.0,1,5,2,10.0
953,-56,MZW,MZWN25,H1,2025-06-13 06:00:00,1749794400,530.5,530.5,530.5,530.5,4,5,6,10.0
954,-55,MZW,MZWN25,H1,2025-06-13 07:00:00,1749798000,529.5,529.5,529.5,529.5,2,5,4,10.0
955,-54,MZW,MZWN25,H1,2025-06-13 08:00:00,1749801600,532.0,532.0,532.0,532.0,8,5,9,10.0
683,-749,MZW,MZWU25,H1,2025-06-13 09:00:00,1749805200,547.0,548.0,547.0,548.0,4,5,4,9.0
956,-53,MZW,MZWN25,H1,2025-06-13 10:00:00,1749808800,530.5,530.5,530.5,530.5,1,5,2,10.0
957,-52,MZW,MZWN25,H1,2025-06-13 11:00:00,1749812400,531.5,531.5,531.5,531.5,2,5,5,10.0
958,-51,MZW,MZWN25,H1,2025-06-13 12:00:00,1749816000,532.0,532.5,531.0,531.5,5,5,5,10.0
959,-50,MZW,MZWN25,H1,2025-06-13 13:00:00,1749819600,531.5,537.5,531.5,537.5,11,5,22,10.0
960,-49,MZW,MZWN25,H1,2025-06-13 14:00:00,1749823200,537.5,540.5,536.0,540.0,20,5,44,11.0
961,-48,MZW,MZWN25,H1,2025-06-13 15:00:00,1749826800,539.5,542.0,539.5,542.0,14,0,22,11.0
962,-47,MZW,MZWN25,H1,2025-06-13 16:00:00,1749830400,541.5,542.0,541.5,542.0,4,5,5,11.0
963,-46,MZW,MZWN25,H1,2025-06-13 17:00:00,1749834000,542.0,542.5,542.0,542.0,6,5,22,11.0
692,-740,MZW,MZWU25,H1,2025-06-13 18:00:00,1749837600,558.0,560.0,558.0,559.0,18,5,45,11.0
965,-44,MZW,MZWN25,H1,2025-06-16 00:00:00,1750032000,545.0,547.0,541.0,541.0,14,5,30,12.0
694,-738,MZW,MZWU25,H1,2025-06-16 01:00:00,1750035600,555.5,556.5,555.5,556.5,3,5,3,11.0
695,-737,MZW,MZWU25,H1,2025-06-16 02:00:00,1750039200,556.0,556.0,556.0,556.0,1,5,1,11.0
214,-1437,MZW,MZWZ25,H1,2025-06-16 03:00:00,1750042800,577.5,577.5,577.5,577.5,0,0,2,5.0
696,-736,MZW,MZWU25,H1,2025-06-16 04:00:00,1750046400,556.0,556.0,554.5,554.5,4,5,4,11.0
697,-735,MZW,MZWU25,H1,2025-06-16 05:00:00,1750050000,555.0,555.0,555.0,555.0,1,5,1,11.0
698,-734,MZW,MZWU25,H1,2025-06-16 06:00:00,1750053600,555.0,555.0,554.0,554.0,3,5,3,11.0
699,-733,MZW,MZWU25,H1,2025-06-16 07:00:00,1750057200,553.0,553.0,552.5,552.5,2,5,2,11.0
700,-732,MZW,MZWU25,H1,2025-06-16 08:00:00,1750060800,552.0,552.0,551.0,551.0,3,5,4,11.0
968,-41,MZW,MZWN25,H1,2025-06-16 09:00:00,1750064400,535.5,536.0,535.5,536.0,2,5,2,11.0
969,-40,MZW,MZWN25,H1,2025-06-16 10:00:00,1750068000,537.0,537.0,537.0,537.0,1,5,2,11.0
702,-730,MZW,MZWU25,H1,2025-06-16 11:00:00,1750071600,553.5,553.5,553.5,553.5,1,5,1,10.0
970,-39,MZW,MZWN25,H1,2025-06-16 12:00:00,1750075200,536.5,536.5,536.5,536.5,1,5,1,11.0
971,-38,MZW,MZWN25,H1,2025-06-16 13:00:00,1750078800,539.5,539.5,537.0,538.0,8,5,10,11.0
972,-37,MZW,MZWN25,H1,2025-06-16 14:00:00,1750082400,538.5,538.5,532.5,532.5,9,5,14,11.0
973,-36,MZW,MZWN25,H1,2025-06-16 15:00:00,1750086000,535.0,537.0,535.0,537.0,6,5,6,11.0
707,-725,MZW,MZWU25,H1,2025-06-16 17:00:00,1750093200,553.5,553.5,552.0,552.0,2,5,2,9.0
974,-35,MZW,MZWN25,H1,2025-06-16 18:00:00,1750096800,536.5,536.5,536.5,536.5,1,10,1,11.0
975,-34,MZW,MZWN25,H1,2025-06-17 00:00:00,1750118400,537.5,540.0,537.5,540.0,2,5,2,11.0
710,-722,MZW,MZWU25,H1,2025-06-17 01:00:00,1750122000,554.0,554.5,554.0,554.5,4,5,4,10.0
976,-33,MZW,MZWN25,H1,2025-06-17 02:00:00,1750125600,541.0,541.0,541.0,541.0,2,5,2,11.0
977,-32,MZW,MZWN25,H1,2025-06-17 03:00:00,1750129200,540.5,540.5,540.5,540.5,3,5,3,11.0
713,-719,MZW,MZWU25,H1,2025-06-17 06:00:00,1750140000,554.5,554.5,554.5,554.5,1,5,1,9.0
978,-31,MZW,MZWN25,H1,2025-06-17 07:00:00,1750143600,543.0,543.0,542.0,542.0,2,5,3,10.0
715,-717,MZW,MZWU25,H1,2025-06-17 08:00:00,1750147200,556.5,556.5,556.5,556.5,1,5,1,9.0
979,-30,MZW,MZWN25,H1,2025-06-17 09:00:00,1750150800,541.0,541.0,541.0,541.0,1,10,1,10.0
716,-716,MZW,MZWU25,H1,2025-06-17 10:00:00,1750154400,554.5,554.5,554.5,554.5,1,5,2,9.0
717,-715,MZW,MZWU25,H1,2025-06-17 11:00:00,1750158000,554.5,555.5,554.0,555.5,4,5,4,9.0
718,-714,MZW,MZWU25,H1,2025-06-17 12:00:00,1750161600,555.5,556.5,555.5,556.5,3,5,3,9.0
980,-29,MZW,MZWN25,H1,2025-06-17 13:00:00,1750165200,542.0,545.5,542.0,544.5,31,5,89,11.0
981,-28,MZW,MZWN25,H1,2025-06-17 14:00:00,1750168800,543.5,543.5,541.0,543.0,12,5,26,11.0
982,-27,MZW,MZWN25,H1,2025-06-17 15:00:00,1750172400,544.5,549.5,544.0,549.5,49,5,207,14.0
983,-26,MZW,MZWN25,H1,2025-06-17 16:00:00,1750176000,549.5,552.0,549.0,552.0,5,5,5,14.0
984,-25,MZW,MZWN25,H1,2025-06-17 17:00:00,1750179600,549.5,550.5,549.5,549.5,5,5,7,14.0
985,-24,MZW,MZWN25,H1,2025-06-17 18:00:00,1750183200,548.5,549.0,548.5,549.0,4,5,6,14.0
986,-23,MZW,MZWN25,H1,2025-06-18 00:00:00,1750204800,548.5,548.5,548.0,548.0,5,5,10,14.0
987,-22,MZW,MZWN25,H1,2025-06-18 01:00:00,1750208400,553.0,553.5,552.5,552.5,8,5,8,14.0
988,-21,MZW,MZWN25,H1,2025-06-18 02:00:00,1750212000,552.5,552.5,551.0,551.0,3,5,3,14.0
728,-704,MZW,MZWU25,H1,2025-06-18 03:00:00,1750215600,567.0,567.0,567.0,567.0,1,5,1,10.0
729,-703,MZW,MZWU25,H1,2025-06-18 05:00:00,1750222800,567.5,567.5,567.5,567.5,1,5,1,10.0
730,-702,MZW,MZWU25,H1,2025-06-18 06:00:00,1750226400,567.5,567.5,567.5,567.5,3,5,5,10.0
989,-20,MZW,MZWN25,H1,2025-06-18 07:00:00,1750230000,552.5,552.5,552.5,552.5,1,5,1,14.0
990,-19,MZW,MZWN25,H1,2025-06-18 08:00:00,1750233600,553.5,553.5,553.5,553.5,1,5,1,13.0
991,-18,MZW,MZWN25,H1,2025-06-18 09:00:00,1750237200,553.5,553.5,553.0,553.0,2,5,2,13.0
733,-699,MZW,MZWU25,H1,2025-06-18 10:00:00,1750240800,567.5,569.5,567.5,569.5,5,5,6,9.0
992,-17,MZW,MZWN25,H1,2025-06-18 11:00:00,1750244400,551.5,551.5,551.5,551.5,5,5,8,13.0
993,-16,MZW,MZWN25,H1,2025-06-18 12:00:00,1750248000,553.0,553.5,553.0,553.5,23,5,34,13.0
994,-15,MZW,MZWN25,H1,2025-06-18 13:00:00,1750251600,557.0,558.5,557.0,558.5,4,5,5,13.0
995,-14,MZW,MZWN25,H1,2025-06-18 14:00:00,1750255200,560.0,568.5,560.0,568.5,9,5,12,13.0
996,-13,MZW,MZWN25,H1,2025-06-18 15:00:00,1750258800,566.0,571.0,565.5,571.0,21,5,36,14.0
997,-12,MZW,MZWN25,H1,2025-06-18 16:00:00,1750262400,571.0,573.5,570.0,572.0,33,5,50,14.0
998,-11,MZW,MZWN25,H1,2025-06-18 17:00:00,1750266000,572.5,573.5,572.0,573.5,12,5,15,15.0
999,-10,MZW,MZWN25,H1,2025-06-18 18:00:00,1750269600,573.0,573.0,572.5,573.0,4,5,6,15.0
1000,-9,MZW,MZWN25,H1,2025-06-20 00:00:00,1750377600,571.0,571.0,570.0,570.5,13,5,42,15.0
743,-689,MZW,MZWU25,H1,2025-06-20 01:00:00,1750381200,587.5,587.5,587.5,587.5,3,5,3,12.0
744,-688,MZW,MZWU25,H1,2025-06-20 02:00:00,1750384800,586.5,586.5,586.5,586.5,1,10,1,12.0
1001,-8,MZW,MZWN25,H1,2025-06-20 03:00:00,1750388400,569.0,569.0,569.0,569.0,1,10,1,15.0
746,-686,MZW,MZWU25,H1,2025-06-20 05:00:00,1750395600,585.0,585.5,584.5,584.5,3,5,4,12.0
1002,-7,MZW,MZWN25,H1,2025-06-20 06:00:00,1750399200,567.0,567.0,567.0,567.0,7,5,10,15.0
748,-684,MZW,MZWU25,H1,2025-06-20 07:00:00,1750402800,583.0,584.0,583.0,584.0,7,5,23,12.0
749,-683,MZW,MZWU25,H1,2025-06-20 08:00:00,1750406400,587.5,587.5,587.5,587.5,1,10,2,12.0
750,-682,MZW,MZWU25,H1,2025-06-20 09:00:00,1750410000,585.5,585.5,584.0,584.0,4,5,4,12.0
751,-681,MZW,MZWU25,H1,2025-06-20 10:00:00,1750413600,584.5,584.5,583.5,584.5,3,5,3,12.0
1003,-6,MZW,MZWN25,H1,2025-06-20 11:00:00,1750417200,569.0,570.0,569.0,570.0,3,5,3,15.0
1004,-5,MZW,MZWN25,H1,2025-06-20 12:00:00,1750420800,570.5,571.5,570.5,571.5,3,5,3,14.0
1005,-4,MZW,MZWN25,H1,2025-06-20 13:00:00,1750424400,569.0,573.5,569.0,572.0,7,5,9,14.0
1006,-3,MZW,MZWN25,H1,2025-06-20 14:00:00,1750428000,574.0,574.5,574.0,574.5,3,5,3,14.0
1007,-2,MZW,MZWN25,H1,2025-06-20 15:00:00,1750431600,576.5,576.5,573.5,573.5,4,5,11,14.0
1008,-1,MZW,MZWN25,H1,2025-06-20 16:00:00,1750435200,569.5,569.5,569.5,569.5,1,10,1,14.0
757,-675,MZW,MZWU25,H1,2025-06-20 17:00:00,1750438800,587.5,587.5,584.5,585.0,16,5,21,13.0
1009,0,MZW,MZWN25,H1,2025-06-20 18:00:00,1750442400,567.5,567.5,567.5,567.5,1,10,1,14.0
759,-673,MZW,MZWU25,H1,2025-06-23 00:00:00,1750636800,583.5,584.5,581.0,584.5,23,5,55,13.0
760,-672,MZW,MZWU25,H1,2025-06-23 01:00:00,1750640400,583.5,583.5,583.5,583.5,1,10,1,13.0
761,-671,MZW,MZWU25,H1,2025-06-23 02:00:00,1750644000,583.0,584.0,582.5,583.0,4,5,4,12.0
762,-670,MZW,MZWU25,H1,2025-06-23 03:00:00,1750647600,583.5,584.0,583.5,584.0,4,5,4,12.0
763,-669,MZW,MZWU25,H1,2025-06-23 04:00:00,1750651200,584.0,584.0,583.5,583.5,2,5,2,11.0
24,-943,MZW,MZWH26,H1,2025-06-23 05:00:00,1750654800,625.0,625.0,625.0,625.0,0,0,4,1.0
764,-668,MZW,MZWU25,H1,2025-06-23 06:00:00,1750658400,584.0,584.0,581.0,581.0,7,5,7,11.0
765,-667,MZW,MZWU25,H1,2025-06-23 07:00:00,1750662000,580.0,581.0,579.5,581.0,5,5,6,11.0
766,-666,MZW,MZWU25,H1,2025-06-23 08:00:00,1750665600,579.5,579.5,579.5,579.5,1,5,1,10.0
26,-941,MZW,MZWH26,H1,2025-06-23 09:00:00,1750669200,623.5,624.5,623.5,624.0,0,0,10,2.0
767,-665,MZW,MZWU25,H1,2025-06-23 10:00:00,1750672800,585.0,585.0,585.0,585.0,2,5,2,10.0
768,-664,MZW,MZWU25,H1,2025-06-23 12:00:00,1750680000,581.5,581.5,578.0,578.0,8,5,8,11.0
769,-663,MZW,MZWU25,H1,2025-06-23 13:00:00,1750683600,578.0,578.0,572.5,572.5,16,5,20,11.0
770,-662,MZW,MZWU25,H1,2025-06-23 14:00:00,1750687200,572.5,572.5,567.5,567.5,43,5,169,13.0
771,-661,MZW,MZWU25,H1,2025-06-23 15:00:00,1750690800,568.0,569.0,566.5,568.5,22,5,56,14.0
772,-660,MZW,MZWU25,H1,2025-06-23 16:00:00,1750694400,570.0,572.0,569.0,571.0,8,5,10,14.0
773,-659,MZW,MZWU25,H1,2025-06-23 17:00:00,1750698000,571.5,571.5,570.5,570.5,11,5,20,14.0
774,-658,MZW,MZWU25,H1,2025-06-23 18:00:00,1750701600,570.0,570.5,569.5,570.5,5,5,9,14.0
775,-657,MZW,MZWU25,H1,2025-06-24 00:00:00,1750723200,567.0,568.0,552.0,563.0,17,5,25,15.0
776,-656,MZW,MZWU25,H1,2025-06-24 01:00:00,1750726800,566.5,566.5,564.5,564.5,5,5,12,15.0
777,-655,MZW,MZWU25,H1,2025-06-24 02:00:00,1750730400,565.0,565.0,565.0,565.0,3,5,5,14.0
778,-654,MZW,MZWU25,H1,2025-06-24 03:00:00,1750734000,564.5,564.5,564.0,564.0,4,5,9,14.0
779,-653,MZW,MZWU25,H1,2025-06-24 04:00:00,1750737600,564.5,564.5,564.0,564.5,4,5,4,14.0
780,-652,MZW,MZWU25,H1,2025-06-24 05:00:00,1750741200,563.5,563.5,563.0,563.0,2,5,3,14.0
781,-651,MZW,MZWU25,H1,2025-06-24 06:00:00,1750744800,562.0,562.0,562.0,562.0,5,5,7,15.0
782,-650,MZW,MZWU25,H1,2025-06-24 07:00:00,1750748400,565.0,565.5,564.0,564.0,12,5,17,15.0
783,-649,MZW,MZWU25,H1,2025-06-24 08:00:00,1750752000,563.5,564.0,563.0,563.0,4,5,4,15.0
784,-648,MZW,MZWU25,H1,2025-06-24 09:00:00,1750755600,563.0,564.0,563.0,564.0,3,5,3,15.0
785,-647,MZW,MZWU25,H1,2025-06-24 10:00:00,1750759200,563.5,563.5,563.0,563.0,2,5,2,15.0
786,-646,MZW,MZWU25,H1,2025-06-24 11:00:00,1750762800,561.5,561.5,561.0,561.0,8,5,9,15.0
787,-645,MZW,MZWU25,H1,2025-06-24 12:00:00,1750766400,558.5,559.0,557.5,559.0,10,5,12,15.0
788,-644,MZW,MZWU25,H1,2025-06-24 13:00:00,1750770000,560.0,560.0,554.0,555.5,15,5,22,15.0
789,-643,MZW,MZWU25,H1,2025-06-24 14:00:00,1750773600,556.0,557.0,553.5,554.5,22,5,31,16.0
790,-642,MZW,MZWU25,H1,2025-06-24 15:00:00,1750777200,557.0,557.0,553.5,553.5,18,5,24,16.0
791,-641,MZW,MZWU25,H1,2025-06-24 16:00:00,1750780800,554.0,554.0,553.5,553.5,7,5,8,16.0
792,-640,MZW,MZWU25,H1,2025-06-24 17:00:00,1750784400,553.5,553.5,553.5,553.5,3,5,4,16.0
793,-639,MZW,MZWU25,H1,2025-06-24 18:00:00,1750788000,553.0,553.0,551.5,551.5,6,5,8,16.0
794,-638,MZW,MZWU25,H1,2025-06-25 00:00:00,1750809600,549.0,550.0,549.0,550.0,5,5,5,15.0
795,-637,MZW,MZWU25,H1,2025-06-25 01:00:00,1750813200,549.5,549.5,549.5,549.5,1,5,1,15.0
796,-636,MZW,MZWU25,H1,2025-06-25 02:00:00,1750816800,550.5,550.5,550.0,550.0,9,5,14,15.0
797,-635,MZW,MZWU25,H1,2025-06-25 03:00:00,1750820400,551.5,551.5,551.5,551.5,2,5,2,15.0
798,-634,MZW,MZWU25,H1,2025-06-25 04:00:00,1750824000,551.5,551.5,551.5,551.5,1,10,1,15.0
799,-633,MZW,MZWU25,H1,2025-06-25 05:00:00,1750827600,552.5,552.5,551.5,551.5,4,5,4,15.0
800,-632,MZW,MZWU25,H1,2025-06-25 06:00:00,1750831200,551.5,551.5,550.0,550.0,4,5,6,15.0
801,-631,MZW,MZWU25,H1,2025-06-25 07:00:00,1750834800,550.0,553.0,550.0,551.0,8,5,9,15.0
802,-630,MZW,MZWU25,H1,2025-06-25 08:00:00,1750838400,551.5,553.0,550.5,553.0,7,5,7,15.0
803,-629,MZW,MZWU25,H1,2025-06-25 09:00:00,1750842000,551.5,551.5,551.0,551.0,5,5,12,15.0
804,-628,MZW,MZWU25,H1,2025-06-25 10:00:00,1750845600,550.5,551.0,550.5,550.5,4,5,4,15.0
805,-627,MZW,MZWU25,H1,2025-06-25 11:00:00,1750849200,550.5,550.5,550.0,550.0,6,5,6,15.0
806,-626,MZW,MZWU25,H1,2025-06-25 12:00:00,1750852800,549.5,549.5,549.0,549.0,4,5,5,15.0
807,-625,MZW,MZWU25,H1,2025-06-25 13:00:00,1750856400,547.0,550.0,545.5,545.5,18,5,22,15.0
808,-624,MZW,MZWU25,H1,2025-06-25 14:00:00,1750860000,545.0,546.0,543.5,543.5,28,5,74,16.0
809,-623,MZW,MZWU25,H1,2025-06-25 15:00:00,1750863600,545.0,546.5,544.0,544.0,6,5,7,15.0
810,-622,MZW,MZWU25,H1,2025-06-25 16:00:00,1750867200,546.5,546.5,546.5,546.5,1,5,1,14.0
811,-621,MZW,MZWU25,H1,2025-06-25 17:00:00,1750870800,545.0,545.5,543.5,544.0,13,5,21,14.0
812,-620,MZW,MZWU25,H1,2025-06-25 18:00:00,1750874400,544.0,544.0,544.0,544.0,1,35,1,14.0
813,-619,MZW,MZWU25,H1,2025-06-26 00:00:00,1750896000,544.0,546.5,544.0,545.0,4,5,4,13.0
814,-618,MZW,MZWU25,H1,2025-06-26 01:00:00,1750899600,545.0,545.0,545.0,545.0,1,10,1,13.0
815,-617,MZW,MZWU25,H1,2025-06-26 03:00:00,1750906800,544.5,544.5,544.5,544.5,3,5,3,13.0
816,-616,MZW,MZWU25,H1,2025-06-26 04:00:00,1750910400,544.5,544.5,544.5,544.5,1,5,1,13.0
817,-615,MZW,MZWU25,H1,2025-06-26 05:00:00,1750914000,544.0,544.5,544.0,544.5,3,5,3,13.0
818,-614,MZW,MZWU25,H1,2025-06-26 06:00:00,1750917600,543.5,543.5,543.5,543.5,1,5,1,13.0
819,-613,MZW,MZWU25,H1,2025-06-26 07:00:00,1750921200,544.0,544.0,542.5,542.5,9,5,15,13.0
820,-612,MZW,MZWU25,H1,2025-06-26 08:00:00,1750924800,544.5,546.0,544.0,544.0,26,5,106,14.0
821,-611,MZW,MZWU25,H1,2025-06-26 09:00:00,1750928400,544.5,546.5,544.5,546.5,3,5,3,14.0
822,-610,MZW,MZWU25,H1,2025-06-26 10:00:00,1750932000,547.0,547.5,547.0,547.0,5,5,6,14.0
823,-609,MZW,MZWU25,H1,2025-06-26 11:00:00,1750935600,544.0,545.0,542.0,542.0,12,5,12,15.0
824,-608,MZW,MZWU25,H1,2025-06-26 12:00:00,1750939200,542.5,542.5,541.0,541.5,9,5,9,15.0
825,-607,MZW,MZWU25,H1,2025-06-26 13:00:00,1750942800,542.5,543.0,542.0,543.0,8,5,10,15.0
826,-606,MZW,MZWU25,H1,2025-06-26 14:00:00,1750946400,540.5,543.5,538.5,539.0,49,0,147,16.0
827,-605,MZW,MZWU25,H1,2025-06-26 15:00:00,1750950000,541.5,541.5,539.5,539.5,2,5,2,16.0
828,-604,MZW,MZWU25,H1,2025-06-26 16:00:00,1750953600,539.5,540.5,537.0,537.0,10,5,11,16.0
829,-603,MZW,MZWU25,H1,2025-06-26 17:00:00,1750957200,537.5,537.5,536.5,537.0,13,5,22,16.0
830,-602,MZW,MZWU25,H1,2025-06-26 18:00:00,1750960800,537.5,538.0,536.5,536.5,7,5,11,16.0
831,-601,MZW,MZWU25,H1,2025-06-27 00:00:00,1750982400,541.0,542.0,540.5,540.5,13,5,16,15.0
832,-600,MZW,MZWU25,H1,2025-06-27 01:00:00,1750986000,540.0,540.0,539.5,539.5,4,5,5,16.0
833,-599,MZW,MZWU25,H1,2025-06-27 02:00:00,1750989600,539.5,539.5,538.5,538.5,5,5,5,16.0
834,-598,MZW,MZWU25,H1,2025-06-27 03:00:00,1750993200,539.0,539.0,539.0,539.0,1,5,1,15.0
835,-597,MZW,MZWU25,H1,2025-06-27 04:00:00,1750996800,538.5,539.0,538.5,539.0,2,5,2,15.0
836,-596,MZW,MZWU25,H1,2025-06-27 05:00:00,1751000400,539.0,539.0,538.5,538.5,2,5,2,15.0
837,-595,MZW,MZWU25,H1,2025-06-27 06:00:00,1751004000,539.5,541.0,539.5,541.0,3,5,3,15.0
838,-594,MZW,MZWU25,H1,2025-06-27 07:00:00,1751007600,542.0,543.0,542.0,543.0,8,5,10,16.0
839,-593,MZW,MZWU25,H1,2025-06-27 08:00:00,1751011200,543.0,543.0,543.0,543.0,4,5,6,16.0
840,-592,MZW,MZWU25,H1,2025-06-27 09:00:00,1751014800,543.0,543.5,543.0,543.0,3,5,3,15.0
841,-591,MZW,MZWU25,H1,2025-06-27 10:00:00,1751018400,542.0,543.0,541.5,543.0,3,5,4,15.0
842,-590,MZW,MZWU25,H1,2025-06-27 11:00:00,1751022000,543.0,543.0,541.0,541.0,6,5,6,13.0
843,-589,MZW,MZWU25,H1,2025-06-27 12:00:00,1751025600,543.0,543.0,540.0,542.5,8,5,8,12.0
844,-588,MZW,MZWU25,H1,2025-06-27 13:00:00,1751029200,541.5,545.0,540.5,541.5,16,5,23,13.0
845,-587,MZW,MZWU25,H1,2025-06-27 14:00:00,1751032800,540.5,540.5,539.5,540.0,5,5,5,12.0
846,-586,MZW,MZWU25,H1,2025-06-27 15:00:00,1751036400,541.0,541.0,538.0,538.5,5,5,5,12.0
847,-585,MZW,MZWU25,H1,2025-06-27 16:00:00,1751040000,541.5,542.5,541.5,541.5,4,5,5,12.0
848,-584,MZW,MZWU25,H1,2025-06-27 17:00:00,1751043600,542.5,542.5,542.0,542.0,2,5,2,12.0
849,-583,MZW,MZWU25,H1,2025-06-27 18:00:00,1751047200,542.0,542.5,540.5,540.5,5,5,9,12.0
850,-582,MZW,MZWU25,H1,2025-06-30 00:00:00,1751241600,542.0,543.5,540.5,540.5,10,5,11,12.0
851,-581,MZW,MZWU25,H1,2025-06-30 02:00:00,1751248800,540.0,540.0,538.5,539.5,11,5,12,12.0
852,-580,MZW,MZWU25,H1,2025-06-30 03:00:00,1751252400,540.0,540.0,540.0,540.0,1,5,1,12.0
853,-579,MZW,MZWU25,H1,2025-06-30 04:00:00,1751256000,540.0,540.0,540.0,540.0,1,5,1,12.0
854,-578,MZW,MZWU25,H1,2025-06-30 07:00:00,1751266800,542.0,542.0,542.0,542.0,1,5,2,12.0
855,-577,MZW,MZWU25,H1,2025-06-30 08:00:00,1751270400,540.0,540.5,540.0,540.5,2,5,2,12.0
856,-576,MZW,MZWU25,H1,2025-06-30 09:00:00,1751274000,539.5,539.5,539.5,539.5,1,5,1,12.0
857,-575,MZW,MZWU25,H1,2025-06-30 10:00:00,1751277600,538.5,538.5,538.0,538.0,4,5,4,12.0
858,-574,MZW,MZWU25,H1,2025-06-30 11:00:00,1751281200,537.0,537.0,537.0,537.0,3,5,6,12.0
859,-573,MZW,MZWU25,H1,2025-06-30 12:00:00,1751284800,537.0,538.0,535.5,538.0,7,5,7,12.0
860,-572,MZW,MZWU25,H1,2025-06-30 13:00:00,1751288400,537.0,542.5,537.0,542.5,13,5,15,11.0
861,-571,MZW,MZWU25,H1,2025-06-30 14:00:00,1751292000,543.5,544.5,540.0,544.5,31,5,71,12.0
862,-570,MZW,MZWU25,H1,2025-06-30 15:00:00,1751295600,542.0,545.0,542.0,542.5,8,5,11,12.0
863,-569,MZW,MZWU25,H1,2025-06-30 16:00:00,1751299200,542.0,542.0,535.5,538.5,13,5,16,12.0
864,-568,MZW,MZWU25,H1,2025-06-30 17:00:00,1751302800,539.5,543.5,537.5,543.5,18,5,21,12.0
865,-567,MZW,MZWU25,H1,2025-06-30 18:00:00,1751306400,538.0,538.0,537.5,537.5,5,5,6,12.0
866,-566,MZW,MZWU25,H1,2025-07-01 00:00:00,1751328000,536.5,542.5,536.5,537.0,5,5,7,12.0
867,-565,MZW,MZWU25,H1,2025-07-01 01:00:00,1751331600,536.0,536.0,536.0,536.0,1,10,1,12.0
868,-564,MZW,MZWU25,H1,2025-07-01 04:00:00,1751342400,540.0,540.0,540.0,540.0,1,5,1,12.0
869,-563,MZW,MZWU25,H1,2025-07-01 05:00:00,1751346000,539.0,540.0,539.0,540.0,12,5,25,12.0
870,-562,MZW,MZWU25,H1,2025-07-01 06:00:00,1751349600,540.5,540.5,539.5,539.5,8,5,11,12.0
871,-561,MZW,MZWU25,H1,2025-07-01 07:00:00,1751353200,539.0,539.0,538.0,538.0,9,5,16,13.0
872,-560,MZW,MZWU25,H1,2025-07-01 08:00:00,1751356800,538.0,538.0,538.0,538.0,2,5,2,13.0
873,-559,MZW,MZWU25,H1,2025-07-01 09:00:00,1751360400,539.0,540.0,538.5,540.0,4,5,4,13.0
874,-558,MZW,MZWU25,H1,2025-07-01 10:00:00,1751364000,539.5,539.5,539.0,539.5,7,5,9,13.0
875,-557,MZW,MZWU25,H1,2025-07-01 11:00:00,1751367600,543.0,545.0,543.0,544.0,10,5,10,13.0
876,-556,MZW,MZWU25,H1,2025-07-01 12:00:00,1751371200,544.5,545.0,541.5,542.5,14,5,17,13.0
877,-555,MZW,MZWU25,H1,2025-07-01 13:00:00,1751374800,543.5,550.5,542.5,550.0,29,5,33,13.0
878,-554,MZW,MZWU25,H1,2025-07-01 14:00:00,1751378400,550.0,550.0,545.0,546.0,21,5,24,13.0
879,-553,MZW,MZWU25,H1,2025-07-01 15:00:00,1751382000,545.5,547.5,545.0,546.5,11,5,12,13.0
880,-552,MZW,MZWU25,H1,2025-07-01 16:00:00,1751385600,546.5,546.5,546.0,546.0,3,5,3,12.0
285,-1366,MZW,MZWZ25,H1,2025-07-01 17:00:00,1751389200,567.5,567.5,567.5,567.5,0,0,3,5.0
881,-551,MZW,MZWU25,H1,2025-07-01 18:00:00,1751392800,548.0,550.5,547.5,550.5,12,5,15,12.0
882,-550,MZW,MZWU25,H1,2025-07-02 00:00:00,1751414400,550.5,550.5,547.5,547.5,4,5,4,12.0
883,-549,MZW,MZWU25,H1,2025-07-02 01:00:00,1751418000,547.5,547.5,547.5,547.5,1,5,1,12.0
884,-548,MZW,MZWU25,H1,2025-07-02 02:00:00,1751421600,548.0,548.5,548.0,548.5,4,5,5,12.0
885,-547,MZW,MZWU25,H1,2025-07-02 03:00:00,1751425200,548.0,548.0,547.5,547.5,2,5,2,12.0
886,-546,MZW,MZWU25,H1,2025-07-02 04:00:00,1751428800,547.5,547.5,547.5,547.5,1,5,1,12.0
887,-545,MZW,MZWU25,H1,2025-07-02 05:00:00,1751432400,548.0,548.5,548.0,548.5,3,5,3,12.0
888,-544,MZW,MZWU25,H1,2025-07-02 06:00:00,1751436000,547.5,547.5,547.5,547.5,1,5,2,12.0
889,-543,MZW,MZWU25,H1,2025-07-02 07:00:00,1751439600,547.5,547.5,547.5,547.5,1,5,1,12.0
890,-542,MZW,MZWU25,H1,2025-07-02 08:00:00,1751443200,549.5,551.0,548.5,548.5,11,5,13,12.0
891,-541,MZW,MZWU25,H1,2025-07-02 09:00:00,1751446800,548.5,550.0,547.5,548.0,6,5,7,12.0
892,-540,MZW,MZWU25,H1,2025-07-02 10:00:00,1751450400,549.5,549.5,549.0,549.0,5,5,9,11.0
893,-539,MZW,MZWU25,H1,2025-07-02 11:00:00,1751454000,549.5,549.5,546.5,547.0,5,5,5,11.0
894,-538,MZW,MZWU25,H1,2025-07-02 12:00:00,1751457600,547.0,547.0,545.5,545.5,5,5,5,11.0
895,-537,MZW,MZWU25,H1,2025-07-02 13:00:00,1751461200,546.5,554.0,546.5,554.0,13,5,18,11.0
896,-536,MZW,MZWU25,H1,2025-07-02 14:00:00,1751464800,553.5,556.0,553.5,553.5,22,5,30,11.0
897,-535,MZW,MZWU25,H1,2025-07-02 15:00:00,1751468400,552.5,555.5,552.5,555.5,16,5,26,11.0
898,-534,MZW,MZWU25,H1,2025-07-02 16:00:00,1751472000,556.0,561.0,556.0,560.5,67,5,187,12.0
899,-533,MZW,MZWU25,H1,2025-07-02 17:00:00,1751475600,560.5,563.0,559.5,563.0,18,5,29,12.0
900,-532,MZW,MZWU25,H1,2025-07-02 18:00:00,1751479200,562.5,565.0,562.0,563.0,14,5,26,13.0
901,-531,MZW,MZWU25,H1,2025-07-03 00:00:00,1751500800,566.0,567.5,566.0,567.0,6,5,7,12.0
902,-530,MZW,MZWU25,H1,2025-07-03 01:00:00,1751504400,565.0,565.0,562.0,562.0,12,5,13,12.0
903,-529,MZW,MZWU25,H1,2025-07-03 02:00:00,1751508000,563.0,563.5,562.0,562.0,8,5,8,12.0
904,-528,MZW,MZWU25,H1,2025-07-03 05:00:00,1751518800,563.0,563.5,563.0,563.0,3,5,4,12.0
905,-527,MZW,MZWU25,H1,2025-07-03 06:00:00,1751522400,562.5,562.5,562.5,562.5,1,10,1,12.0
906,-526,MZW,MZWU25,H1,2025-07-03 07:00:00,1751526000,565.0,565.5,565.0,565.5,3,5,3,12.0
907,-525,MZW,MZWU25,H1,2025-07-03 08:00:00,1751529600,565.0,565.0,565.0,565.0,2,5,3,12.0
908,-524,MZW,MZWU25,H1,2025-07-03 09:00:00,1751533200,563.0,563.0,563.0,563.0,1,5,1,12.0
909,-523,MZW,MZWU25,H1,2025-07-03 10:00:00,1751536800,565.5,565.5,565.5,565.5,2,5,2,12.0
910,-522,MZW,MZWU25,H1,2025-07-03 11:00:00,1751540400,563.0,563.5,562.5,563.5,5,5,6,12.0
300,-1351,MZW,MZWZ25,H1,2025-07-03 12:00:00,1751544000,585.5,585.5,585.5,585.5,0,0,2,5.0
911,-521,MZW,MZWU25,H1,2025-07-03 13:00:00,1751547600,565.0,567.0,559.5,563.5,22,5,27,12.0
912,-520,MZW,MZWU25,H1,2025-07-03 14:00:00,1751551200,564.5,566.0,561.5,564.0,15,5,22,13.0
913,-519,MZW,MZWU25,H1,2025-07-03 15:00:00,1751554800,563.0,564.0,563.0,563.0,4,5,5,13.0
914,-518,MZW,MZWU25,H1,2025-07-03 16:00:00,1751558400,561.0,562.5,560.0,562.5,28,5,65,14.0
915,-517,MZW,MZWU25,H1,2025-07-03 17:00:00,1751562000,561.0,561.0,557.5,557.5,7,5,8,14.0
916,-516,MZW,MZWU25,H1,2025-07-03 18:00:00,1751565600,557.0,557.0,556.0,556.0,7,5,9,13.0
917,-515,MZW,MZWU25,H1,2025-07-07 00:00:00,1751846400,555.0,555.0,535.0,546.5,34,0,40,14.0
918,-514,MZW,MZWU25,H1,2025-07-07 01:00:00,1751850000,546.0,546.0,546.0,546.0,4,5,5,14.0
98,-869,MZW,MZWH26,H1,2025-07-07 02:00:00,1751853600,586.5,586.5,586.5,586.5,0,0,2,6.0
919,-513,MZW,MZWU25,H1,2025-07-07 03:00:00,1751857200,546.0,546.0,545.0,545.0,3,5,3,14.0
920,-512,MZW,MZWU25,H1,2025-07-07 04:00:00,1751860800,546.0,546.5,545.0,545.0,4,5,13,14.0
921,-511,MZW,MZWU25,H1,2025-07-07 05:00:00,1751864400,545.0,545.0,544.5,544.5,2,5,5,14.0
310,-1341,MZW,MZWZ25,H1,2025-07-07 06:00:00,1751868000,563.5,565.0,563.0,565.0,0,0,13,5.0
311,-1340,MZW,MZWZ25,H1,2025-07-07 07:00:00,1751871600,564.0,564.0,564.0,564.0,0,0,3,5.0
922,-510,MZW,MZWU25,H1,2025-07-07 08:00:00,1751875200,542.5,542.5,542.5,542.5,1,5,2,14.0
923,-509,MZW,MZWU25,H1,2025-07-07 09:00:00,1751878800,543.0,545.0,543.0,545.0,5,5,6,14.0
924,-508,MZW,MZWU25,H1,2025-07-07 10:00:00,1751882400,544.0,544.0,544.0,544.0,1,5,2,14.0
925,-507,MZW,MZWU25,H1,2025-07-07 11:00:00,1751886000,546.0,546.0,545.5,545.5,4,5,4,14.0
926,-506,MZW,MZWU25,H1,2025-07-07 12:00:00,1751889600,547.0,547.0,547.0,547.0,2,5,7,14.0
927,-505,MZW,MZWU25,H1,2025-07-07 13:00:00,1751893200,542.5,544.5,542.0,542.5,6,5,7,14.0
928,-504,MZW,MZWU25,H1,2025-07-07 14:00:00,1751896800,544.0,548.0,543.0,546.5,14,5,19,14.0
929,-503,MZW,MZWU25,H1,2025-07-07 15:00:00,1751900400,546.5,550.5,546.5,549.5,29,5,83,15.0
930,-502,MZW,MZWU25,H1,2025-07-07 16:00:00,1751904000,548.0,548.0,548.0,548.0,1,5,1,15.0
931,-501,MZW,MZWU25,H1,2025-07-07 17:00:00,1751907600,548.5,548.5,547.0,548.0,4,5,6,15.0
932,-500,MZW,MZWU25,H1,2025-07-07 18:00:00,1751911200,548.0,549.5,548.0,548.5,6,5,7,15.0
933,-499,MZW,MZWU25,H1,2025-07-08 00:00:00,1751932800,546.0,546.0,546.0,546.0,4,5,4,14.0
934,-498,MZW,MZWU25,H1,2025-07-08 01:00:00,1751936400,545.5,546.0,545.5,546.0,2,5,2,14.0
935,-497,MZW,MZWU25,H1,2025-07-08 02:00:00,1751940000,546.0,546.0,546.0,546.0,1,5,1,14.0
936,-496,MZW,MZWU25,H1,2025-07-08 03:00:00,1751943600,545.5,545.5,545.5,545.5,1,5,1,14.0
937,-495,MZW,MZWU25,H1,2025-07-08 04:00:00,1751947200,547.0,547.0,546.0,546.5,4,5,4,13.0
938,-494,MZW,MZWU25,H1,2025-07-08 05:00:00,1751950800,546.0,546.0,545.0,545.0,3,5,4,13.0
939,-493,MZW,MZWU25,H1,2025-07-08 08:00:00,1751961600,542.5,545.5,542.5,542.5,5,5,7,14.0
940,-492,MZW,MZWU25,H1,2025-07-08 10:00:00,1751968800,548.0,548.5,547.0,547.0,17,5,56,14.0
941,-491,MZW,MZWU25,H1,2025-07-08 12:00:00,1751976000,544.0,544.0,544.0,544.0,1,5,1,14.0
942,-490,MZW,MZWU25,H1,2025-07-08 13:00:00,1751979600,544.5,546.5,544.0,544.5,10,5,12,14.0
943,-489,MZW,MZWU25,H1,2025-07-08 14:00:00,1751983200,544.5,549.0,544.5,546.0,14,5,19,14.0
944,-488,MZW,MZWU25,H1,2025-07-08 15:00:00,1751986800,547.5,549.5,547.0,547.5,8,5,9,14.0
945,-487,MZW,MZWU25,H1,2025-07-08 16:00:00,1751990400,546.0,547.5,546.0,547.0,9,5,11,14.0
946,-486,MZW,MZWU25,H1,2025-07-08 17:00:00,1751994000,546.5,549.0,546.5,548.0,8,5,9,14.0
947,-485,MZW,MZWU25,H1,2025-07-08 18:00:00,1751997600,547.5,548.0,547.5,548.0,3,5,4,14.0
948,-484,MZW,MZWU25,H1,2025-07-09 00:00:00,1752019200,548.0,551.0,548.0,551.0,5,5,5,14.0
949,-483,MZW,MZWU25,H1,2025-07-09 01:00:00,1752022800,550.0,550.0,550.0,550.0,1,5,1,14.0
950,-482,MZW,MZWU25,H1,2025-07-09 02:00:00,1752026400,550.0,550.0,550.0,550.0,2,5,2,13.0
951,-481,MZW,MZWU25,H1,2025-07-09 03:00:00,1752030000,550.0,550.0,550.0,550.0,1,5,1,13.0
952,-480,MZW,MZWU25,H1,2025-07-09 04:00:00,1752033600,550.0,550.0,550.0,550.0,2,5,2,13.0
953,-479,MZW,MZWU25,H1,2025-07-09 05:00:00,1752037200,549.5,549.5,549.0,549.0,2,5,2,13.0
954,-478,MZW,MZWU25,H1,2025-07-09 06:00:00,1752040800,549.0,549.0,549.0,549.0,1,5,1,13.0
955,-477,MZW,MZWU25,H1,2025-07-09 07:00:00,1752044400,548.0,548.0,546.5,546.5,5,5,5,13.0
956,-476,MZW,MZWU25,H1,2025-07-09 08:00:00,1752048000,548.0,549.5,548.0,549.0,5,5,5,13.0
957,-475,MZW,MZWU25,H1,2025-07-09 09:00:00,1752051600,549.0,549.0,549.0,549.0,2,5,2,13.0
958,-474,MZW,MZWU25,H1,2025-07-09 10:00:00,1752055200,549.0,549.0,548.5,548.5,2,5,2,13.0
959,-473,MZW,MZWU25,H1,2025-07-09 11:00:00,1752058800,548.0,548.0,547.0,547.0,2,5,4,13.0
960,-472,MZW,MZWU25,H1,2025-07-09 12:00:00,1752062400,546.5,546.5,545.0,546.0,3,5,3,13.0
961,-471,MZW,MZWU25,H1,2025-07-09 13:00:00,1752066000,545.0,546.5,543.5,543.5,8,5,9,13.0
962,-470,MZW,MZWU25,H1,2025-07-09 14:00:00,1752069600,542.0,546.0,542.0,546.0,8,5,14,13.0
963,-469,MZW,MZWU25,H1,2025-07-09 15:00:00,1752073200,547.0,549.0,547.0,548.0,9,5,13,13.0
964,-468,MZW,MZWU25,H1,2025-07-09 16:00:00,1752076800,549.0,550.0,548.5,549.0,21,5,60,14.0
965,-467,MZW,MZWU25,H1,2025-07-09 17:00:00,1752080400,548.5,549.0,547.5,547.5,7,5,8,14.0
966,-466,MZW,MZWU25,H1,2025-07-09 18:00:00,1752084000,546.5,547.0,546.5,547.0,3,5,5,14.0
967,-465,MZW,MZWU25,H1,2025-07-10 00:00:00,1752105600,548.0,548.0,543.0,543.0,7,5,10,14.0
968,-464,MZW,MZWU25,H1,2025-07-10 01:00:00,1752109200,543.0,543.0,543.0,543.0,3,5,3,13.0
969,-463,MZW,MZWU25,H1,2025-07-10 03:00:00,1752116400,542.5,542.5,542.0,542.0,2,5,2,13.0
115,-852,MZW,MZWH26,H1,2025-07-10 04:00:00,1752120000,580.0,580.0,580.0,580.0,0,0,1,5.0
334,-1317,MZW,MZWZ25,H1,2025-07-10 05:00:00,1752123600,563.5,563.5,563.5,563.5,0,0,2,5.0
970,-462,MZW,MZWU25,H1,2025-07-10 06:00:00,1752127200,544.0,544.0,544.0,544.0,2,5,4,10.0
971,-461,MZW,MZWU25,H1,2025-07-10 08:00:00,1752134400,545.0,547.5,545.0,547.5,2,5,4,10.0
972,-460,MZW,MZWU25,H1,2025-07-10 09:00:00,1752138000,547.0,551.0,547.0,551.0,11,5,18,10.0
973,-459,MZW,MZWU25,H1,2025-07-10 10:00:00,1752141600,551.0,553.5,551.0,553.0,13,5,19,10.0
974,-458,MZW,MZWU25,H1,2025-07-10 11:00:00,1752145200,553.0,553.5,551.0,551.0,11,5,13,10.0
975,-457,MZW,MZWU25,H1,2025-07-10 12:00:00,1752148800,551.0,552.0,550.0,551.0,7,5,7,10.0
976,-456,MZW,MZWU25,H1,2025-07-10 13:00:00,1752152400,553.0,553.0,553.0,553.0,1,5,1,10.0
977,-455,MZW,MZWU25,H1,2025-07-10 14:00:00,1752156000,550.5,551.5,548.0,548.0,7,5,8,10.0
978,-454,MZW,MZWU25,H1,2025-07-10 15:00:00,1752159600,549.0,550.5,548.0,550.5,5,5,5,10.0
979,-453,MZW,MZWU25,H1,2025-07-10 16:00:00,1752163200,551.5,554.0,551.5,554.0,10,5,14,10.0
980,-452,MZW,MZWU25,H1,2025-07-10 17:00:00,1752166800,553.5,555.0,553.5,555.0,5,5,5,10.0
981,-451,MZW,MZWU25,H1,2025-07-10 18:00:00,1752170400,554.5,554.5,554.0,554.0,3,5,3,10.0
982,-450,MZW,MZWU25,H1,2025-07-11 00:00:00,1752192000,556.0,556.0,553.5,553.5,9,5,14,11.0
983,-449,MZW,MZWU25,H1,2025-07-11 01:00:00,1752195600,552.5,553.0,552.0,553.0,7,5,7,10.0
984,-448,MZW,MZWU25,H1,2025-07-11 02:00:00,1752199200,553.0,555.5,553.0,554.5,8,5,8,10.0
985,-447,MZW,MZWU25,H1,2025-07-11 05:00:00,1752210000,555.5,557.5,555.5,557.0,9,5,9,10.0
986,-446,MZW,MZWU25,H1,2025-07-11 06:00:00,1752213600,555.0,555.0,554.0,554.0,5,5,5,9.0
987,-445,MZW,MZWU25,H1,2025-07-11 07:00:00,1752217200,553.0,554.5,553.0,554.5,5,5,7,9.0
988,-444,MZW,MZWU25,H1,2025-07-11 08:00:00,1752220800,554.0,554.0,554.0,554.0,1,5,1,9.0
989,-443,MZW,MZWU25,H1,2025-07-11 09:00:00,1752224400,552.5,552.5,551.0,551.5,5,5,7,9.0
990,-442,MZW,MZWU25,H1,2025-07-11 11:00:00,1752231600,551.5,552.5,551.0,552.5,3,5,3,9.0
991,-441,MZW,MZWU25,H1,2025-07-11 12:00:00,1752235200,551.5,551.5,551.5,551.5,3,5,3,9.0
992,-440,MZW,MZWU25,H1,2025-07-11 13:00:00,1752238800,550.5,550.5,547.5,549.5,25,5,54,9.0
993,-439,MZW,MZWU25,H1,2025-07-11 14:00:00,1752242400,550.0,551.5,549.5,551.0,11,5,15,9.0
994,-438,MZW,MZWU25,H1,2025-07-11 15:00:00,1752246000,553.0,555.0,551.0,555.0,12,5,18,10.0
995,-437,MZW,MZWU25,H1,2025-07-11 16:00:00,1752249600,556.0,556.5,545.0,549.0,23,5,23,10.0
996,-436,MZW,MZWU25,H1,2025-07-11 17:00:00,1752253200,549.5,549.5,544.5,544.5,9,5,10,10.0
997,-435,MZW,MZWU25,H1,2025-07-11 18:00:00,1752256800,545.0,546.0,545.0,545.0,10,5,13,10.0
998,-434,MZW,MZWU25,H1,2025-07-14 00:00:00,1752451200,543.0,543.0,540.0,542.5,17,5,19,10.0
999,-433,MZW,MZWU25,H1,2025-07-14 01:00:00,1752454800,543.0,543.5,542.5,543.0,5,5,6,10.0
1000,-432,MZW,MZWU25,H1,2025-07-14 02:00:00,1752458400,543.0,544.0,543.0,544.0,3,5,3,10.0
1001,-431,MZW,MZWU25,H1,2025-07-14 03:00:00,1752462000,544.5,544.5,544.5,544.5,2,5,4,9.0
1002,-430,MZW,MZWU25,H1,2025-07-14 04:00:00,1752465600,544.5,544.5,544.5,544.5,2,5,2,9.0
1003,-429,MZW,MZWU25,H1,2025-07-14 06:00:00,1752472800,545.5,545.5,545.5,545.5,1,5,1,9.0
1004,-428,MZW,MZWU25,H1,2025-07-14 08:00:00,1752480000,547.0,549.5,547.0,549.0,4,5,4,9.0
1005,-427,MZW,MZWU25,H1,2025-07-14 09:00:00,1752483600,550.0,550.0,550.0,550.0,2,5,7,9.0
1006,-426,MZW,MZWU25,H1,2025-07-14 10:00:00,1752487200,551.0,551.0,549.0,549.0,5,5,6,9.0
1007,-425,MZW,MZWU25,H1,2025-07-14 11:00:00,1752490800,549.0,552.0,549.0,552.0,5,5,7,9.0
1008,-424,MZW,MZWU25,H1,2025-07-14 12:00:00,1752494400,550.5,550.5,548.5,548.5,5,5,6,9.0
1009,-423,MZW,MZWU25,H1,2025-07-14 13:00:00,1752498000,548.0,548.5,542.0,542.0,23,0,28,9.0
1010,-422,MZW,MZWU25,H1,2025-07-14 14:00:00,1752501600,541.5,544.5,541.0,541.0,10,5,12,10.0
1011,-421,MZW,MZWU25,H1,2025-07-14 15:00:00,1752505200,540.5,541.0,540.0,540.0,10,5,14,10.0
1012,-420,MZW,MZWU25,H1,2025-07-14 16:00:00,1752508800,540.0,540.0,539.0,540.0,8,5,8,9.0
1013,-419,MZW,MZWU25,H1,2025-07-14 17:00:00,1752512400,539.0,542.0,539.0,541.5,10,5,12,9.0
1014,-418,MZW,MZWU25,H1,2025-07-14 18:00:00,1752516000,541.0,542.0,540.5,541.5,7,5,8,9.0
1015,-417,MZW,MZWU25,H1,2025-07-15 00:00:00,1752537600,542.5,547.5,541.5,541.5,12,5,14,9.0
1016,-416,MZW,MZWU25,H1,2025-07-15 01:00:00,1752541200,542.0,542.5,542.0,542.0,4,5,4,9.0
1017,-415,MZW,MZWU25,H1,2025-07-15 02:00:00,1752544800,542.5,543.5,542.5,543.5,2,5,5,9.0
1018,-414,MZW,MZWU25,H1,2025-07-15 03:00:00,1752548400,543.0,543.0,542.5,542.5,2,5,2,9.0
1019,-413,MZW,MZWU25,H1,2025-07-15 04:00:00,1752552000,543.0,543.5,543.0,543.5,4,5,4,9.0
1020,-412,MZW,MZWU25,H1,2025-07-15 05:00:00,1752555600,544.0,544.0,544.0,544.0,2,5,2,9.0
1021,-411,MZW,MZWU25,H1,2025-07-15 06:00:00,1752559200,543.0,543.5,543.0,543.5,3,5,3,9.0
1022,-410,MZW,MZWU25,H1,2025-07-15 07:00:00,1752562800,541.0,541.0,540.0,540.0,3,5,4,9.0
1023,-409,MZW,MZWU25,H1,2025-07-15 08:00:00,1752566400,541.0,541.0,539.5,539.5,3,5,4,9.0
1024,-408,MZW,MZWU25,H1,2025-07-15 09:00:00,1752570000,539.0,540.0,538.5,539.5,7,5,7,9.0
1025,-407,MZW,MZWU25,H1,2025-07-15 10:00:00,1752573600,538.0,538.0,538.0,538.0,2,5,2,9.0
1026,-406,MZW,MZWU25,H1,2025-07-15 11:00:00,1752577200,538.5,538.5,537.0,538.5,7,5,7,9.0
1027,-405,MZW,MZWU25,H1,2025-07-15 12:00:00,1752580800,538.0,538.0,535.5,538.0,14,5,16,9.0
1028,-404,MZW,MZWU25,H1,2025-07-15 13:00:00,1752584400,540.0,543.0,540.0,542.0,30,5,37,10.0
1029,-403,MZW,MZWU25,H1,2025-07-15 14:00:00,1752588000,544.0,544.0,542.0,542.0,14,5,23,10.0
1030,-402,MZW,MZWU25,H1,2025-07-15 15:00:00,1752591600,543.5,545.0,541.0,541.0,26,5,43,10.0
1031,-401,MZW,MZWU25,H1,2025-07-15 16:00:00,1752595200,541.5,541.5,536.5,537.5,15,5,23,11.0
1032,-400,MZW,MZWU25,H1,2025-07-15 17:00:00,1752598800,538.0,538.0,536.0,536.5,19,5,22,11.0
1033,-399,MZW,MZWU25,H1,2025-07-15 18:00:00,1752602400,538.5,538.5,538.5,538.5,1,85,1,11.0
1034,-398,MZW,MZWU25,H1,2025-07-16 00:00:00,1752624000,537.5,537.5,537.5,537.5,2,5,4,11.0
1035,-397,MZW,MZWU25,H1,2025-07-16 01:00:00,1752627600,538.5,538.5,538.5,538.5,1,5,2,11.0
1036,-396,MZW,MZWU25,H1,2025-07-16 02:00:00,1752631200,539.0,539.0,539.0,539.0,2,5,2,10.0
1037,-395,MZW,MZWU25,H1,2025-07-16 06:00:00,1752645600,540.0,540.0,540.0,540.0,1,5,1,10.0
1038,-394,MZW,MZWU25,H1,2025-07-16 07:00:00,1752649200,541.0,541.0,540.0,540.0,6,5,6,10.0
363,-1288,MZW,MZWZ25,H1,2025-07-16 08:00:00,1752652800,561.0,561.0,561.0,561.0,0,0,2,6.0
364,-1287,MZW,MZWZ25,H1,2025-07-16 09:00:00,1752656400,559.5,559.5,559.5,559.5,0,0,2,6.0
1039,-393,MZW,MZWU25,H1,2025-07-16 11:00:00,1752663600,537.0,537.0,537.0,537.0,2,5,2,10.0
1040,-392,MZW,MZWU25,H1,2025-07-16 12:00:00,1752667200,536.0,536.5,536.0,536.0,7,5,8,10.0
1041,-391,MZW,MZWU25,H1,2025-07-16 13:00:00,1752670800,536.5,537.0,534.0,537.0,21,5,32,10.0
1042,-390,MZW,MZWU25,H1,2025-07-16 14:00:00,1752674400,536.5,538.5,536.5,538.5,3,5,3,10.0
1043,-389,MZW,MZWU25,H1,2025-07-16 15:00:00,1752678000,538.0,543.0,538.0,541.0,25,5,28,10.0
1044,-388,MZW,MZWU25,H1,2025-07-16 16:00:00,1752681600,541.0,541.0,540.0,540.0,4,5,6,10.0
1045,-387,MZW,MZWU25,H1,2025-07-16 17:00:00,1752685200,539.5,539.5,539.5,539.5,1,5,3,10.0
1046,-386,MZW,MZWU25,H1,2025-07-16 18:00:00,1752688800,541.0,541.5,541.0,541.5,4,5,5,10.0
1047,-385,MZW,MZWU25,H1,2025-07-17 00:00:00,1752710400,539.5,540.5,539.5,540.5,6,5,6,10.0
1048,-384,MZW,MZWU25,H1,2025-07-17 01:00:00,1752714000,541.0,541.5,541.0,541.5,3,5,4,10.0
1049,-383,MZW,MZWU25,H1,2025-07-17 02:00:00,1752717600,542.0,542.0,541.5,541.5,3,5,4,10.0
1050,-382,MZW,MZWU25,H1,2025-07-17 03:00:00,1752721200,540.0,540.0,540.0,540.0,1,10,1,10.0
1051,-381,MZW,MZWU25,H1,2025-07-17 04:00:00,1752724800,541.0,541.0,540.0,540.0,3,5,4,10.0
1052,-380,MZW,MZWU25,H1,2025-07-17 05:00:00,1752728400,539.5,539.5,539.5,539.5,1,5,1,10.0
1053,-379,MZW,MZWU25,H1,2025-07-17 06:00:00,1752732000,539.0,539.0,539.0,539.0,1,5,1,10.0
1054,-378,MZW,MZWU25,H1,2025-07-17 07:00:00,1752735600,540.5,540.5,540.5,540.5,1,10,1,9.0
1055,-377,MZW,MZWU25,H1,2025-07-17 08:00:00,1752739200,540.5,540.5,538.5,538.5,2,5,2,9.0
1056,-376,MZW,MZWU25,H1,2025-07-17 09:00:00,1752742800,540.5,540.5,538.5,538.5,2,5,2,9.0
1057,-375,MZW,MZWU25,H1,2025-07-17 10:00:00,1752746400,538.0,538.0,537.0,537.5,4,5,4,9.0
1058,-374,MZW,MZWU25,H1,2025-07-17 11:00:00,1752750000,537.0,537.0,536.0,537.0,6,5,7,9.0
1059,-373,MZW,MZWU25,H1,2025-07-17 12:00:00,1752753600,537.0,537.0,536.5,536.5,3,5,3,9.0
1060,-372,MZW,MZWU25,H1,2025-07-17 13:00:00,1752757200,537.0,538.5,536.5,537.0,11,5,13,9.0
1061,-371,MZW,MZWU25,H1,2025-07-17 14:00:00,1752760800,536.0,537.5,535.0,535.0,13,5,16,9.0
1062,-370,MZW,MZWU25,H1,2025-07-17 15:00:00,1752764400,534.5,535.0,533.0,533.5,20,5,28,10.0
1063,-369,MZW,MZWU25,H1,2025-07-17 16:00:00,1752768000,534.5,534.5,533.5,533.5,7,5,11,10.0
1064,-368,MZW,MZWU25,H1,2025-07-17 17:00:00,1752771600,533.5,533.5,532.0,532.0,10,5,14,9.0
1065,-367,MZW,MZWU25,H1,2025-07-17 18:00:00,1752775200,533.5,533.5,533.5,533.5,1,5,1,9.0
1066,-366,MZW,MZWU25,H1,2025-07-18 00:00:00,1752796800,533.5,536.0,533.5,535.5,5,5,9,9.0
1067,-365,MZW,MZWU25,H1,2025-07-18 01:00:00,1752800400,536.0,536.0,534.5,535.5,7,5,10,9.0
1068,-364,MZW,MZWU25,H1,2025-07-18 02:00:00,1752804000,534.0,535.5,534.0,535.0,8,5,10,9.0
1069,-363,MZW,MZWU25,H1,2025-07-18 03:00:00,1752807600,535.5,535.5,535.5,535.5,2,5,4,9.0
1070,-362,MZW,MZWU25,H1,2025-07-18 04:00:00,1752811200,536.5,539.0,536.5,537.0,5,5,6,9.0
377,-1274,MZW,MZWZ25,H1,2025-07-18 05:00:00,1752814800,558.0,558.5,558.0,558.0,0,0,21,6.0
1071,-361,MZW,MZWU25,H1,2025-07-18 06:00:00,1752818400,537.0,538.0,537.0,538.0,3,5,3,8.0
1072,-360,MZW,MZWU25,H1,2025-07-18 08:00:00,1752825600,537.5,540.0,537.5,540.0,3,5,4,9.0
1073,-359,MZW,MZWU25,H1,2025-07-18 09:00:00,1752829200,540.0,542.5,540.0,542.5,36,5,114,10.0
1074,-358,MZW,MZWU25,H1,2025-07-18 10:00:00,1752832800,543.0,543.5,542.5,542.5,5,5,5,10.0
1075,-357,MZW,MZWU25,H1,2025-07-18 11:00:00,1752836400,543.0,543.5,542.0,542.5,13,5,16,10.0
1076,-356,MZW,MZWU25,H1,2025-07-18 12:00:00,1752840000,543.5,543.5,543.0,543.0,3,5,3,10.0
1077,-355,MZW,MZWU25,H1,2025-07-18 13:00:00,1752843600,543.5,548.5,543.5,547.0,36,5,45,11.0
1078,-354,MZW,MZWU25,H1,2025-07-18 14:00:00,1752847200,548.5,548.5,546.5,547.0,17,5,23,11.0
1079,-353,MZW,MZWU25,H1,2025-07-18 15:00:00,1752850800,547.0,548.5,546.5,546.5,16,5,23,11.0
1080,-352,MZW,MZWU25,H1,2025-07-18 16:00:00,1752854400,547.0,550.0,547.0,548.5,51,5,80,12.0
1081,-351,MZW,MZWU25,H1,2025-07-18 17:00:00,1752858000,549.0,549.0,547.5,547.5,4,5,7,12.0
1082,-350,MZW,MZWU25,H1,2025-07-18 18:00:00,1752861600,546.5,547.5,546.0,547.5,11,5,17,12.0
1083,-349,MZW,MZWU25,H1,2025-07-21 00:00:00,1753056000,546.5,546.5,543.0,546.5,23,5,26,12.0
1084,-348,MZW,MZWU25,H1,2025-07-21 01:00:00,1753059600,546.0,546.0,544.5,544.5,3,5,3,12.0
1085,-347,MZW,MZWU25,H1,2025-07-21 02:00:00,1753063200,544.0,544.0,543.5,543.5,2,5,2,12.0
386,-1265,MZW,MZWZ25,H1,2025-07-21 03:00:00,1753066800,565.0,565.0,565.0,565.0,0,0,1,8.0
1086,-346,MZW,MZWU25,H1,2025-07-21 04:00:00,1753070400,544.5,544.5,544.5,544.5,1,5,1,12.0
1087,-345,MZW,MZWU25,H1,2025-07-21 05:00:00,1753074000,545.5,545.5,545.5,545.5,5,5,5,12.0
387,-1264,MZW,MZWZ25,H1,2025-07-21 06:00:00,1753077600,565.5,565.5,565.5,565.5,0,0,1,8.0
1088,-344,MZW,MZWU25,H1,2025-07-21 07:00:00,1753081200,545.5,545.5,545.5,545.5,3,5,4,12.0
1089,-343,MZW,MZWU25,H1,2025-07-21 09:00:00,1753088400,547.0,547.0,547.0,547.0,1,5,1,12.0
1090,-342,MZW,MZWU25,H1,2025-07-21 10:00:00,1753092000,547.5,548.0,547.5,548.0,3,5,3,12.0
1091,-341,MZW,MZWU25,H1,2025-07-21 11:00:00,1753095600,548.5,548.5,548.5,548.5,1,5,1,12.0
1092,-340,MZW,MZWU25,H1,2025-07-21 12:00:00,1753099200,548.5,548.5,548.5,548.5,1,15,1,12.0
1093,-339,MZW,MZWU25,H1,2025-07-21 13:00:00,1753102800,548.0,548.5,546.0,546.0,7,5,10,12.0
1094,-338,MZW,MZWU25,H1,2025-07-21 14:00:00,1753106400,545.5,546.5,542.0,542.0,12,5,19,12.0
1095,-337,MZW,MZWU25,H1,2025-07-21 15:00:00,1753110000,543.0,543.0,543.0,543.0,1,5,1,12.0
1096,-336,MZW,MZWU25,H1,2025-07-21 17:00:00,1753117200,542.5,543.0,542.5,543.0,6,5,7,12.0
1097,-335,MZW,MZWU25,H1,2025-07-21 18:00:00,1753120800,543.0,543.0,542.0,542.0,4,5,4,12.0
1098,-334,MZW,MZWU25,H1,2025-07-22 00:00:00,1753142400,540.0,540.0,537.0,539.5,6,5,10,12.0
1099,-333,MZW,MZWU25,H1,2025-07-22 01:00:00,1753146000,540.0,540.0,539.5,539.5,3,5,3,12.0
1100,-332,MZW,MZWU25,H1,2025-07-22 03:00:00,1753153200,540.0,540.0,540.0,540.0,6,5,8,11.0
1101,-331,MZW,MZWU25,H1,2025-07-22 04:00:00,1753156800,540.0,540.0,540.0,540.0,2,5,5,11.0
1102,-330,MZW,MZWU25,H1,2025-07-22 05:00:00,1753160400,538.5,538.5,538.0,538.0,4,5,6,11.0
1103,-329,MZW,MZWU25,H1,2025-07-22 07:00:00,1753167600,537.5,537.5,537.5,537.5,1,5,1,10.0
1104,-328,MZW,MZWU25,H1,2025-07-22 08:00:00,1753171200,537.0,537.0,537.0,537.0,1,5,3,10.0
1105,-327,MZW,MZWU25,H1,2025-07-22 09:00:00,1753174800,537.5,538.0,537.0,537.0,4,5,6,10.0
1106,-326,MZW,MZWU25,H1,2025-07-22 10:00:00,1753178400,539.0,540.5,539.0,540.5,2,5,3,10.0
1107,-325,MZW,MZWU25,H1,2025-07-22 11:00:00,1753182000,540.5,540.5,540.5,540.5,2,5,5,10.0
1108,-324,MZW,MZWU25,H1,2025-07-22 12:00:00,1753185600,541.5,542.0,541.5,542.0,3,5,3,10.0
1109,-323,MZW,MZWU25,H1,2025-07-22 13:00:00,1753189200,545.0,552.0,545.0,551.0,97,5,224,13.0
1110,-322,MZW,MZWU25,H1,2025-07-22 14:00:00,1753192800,551.0,551.5,547.0,549.0,22,5,26,14.0
1111,-321,MZW,MZWU25,H1,2025-07-22 15:00:00,1753196400,548.5,550.5,548.5,550.5,7,5,7,14.0
1112,-320,MZW,MZWU25,H1,2025-07-22 16:00:00,1753200000,550.0,550.0,550.0,550.0,2,5,2,14.0
1113,-319,MZW,MZWU25,H1,2025-07-22 17:00:00,1753203600,549.0,549.5,548.5,549.0,10,5,11,13.0
1114,-318,MZW,MZWU25,H1,2025-07-22 18:00:00,1753207200,548.5,549.5,548.5,549.5,4,5,5,13.0
1115,-317,MZW,MZWU25,H1,2025-07-23 00:00:00,1753228800,549.0,550.0,547.5,550.0,10,5,11,13.0
1116,-316,MZW,MZWU25,H1,2025-07-23 01:00:00,1753232400,550.5,550.5,550.0,550.0,2,5,2,13.0
1117,-315,MZW,MZWU25,H1,2025-07-23 02:00:00,1753236000,550.5,550.5,549.5,549.5,3,5,3,13.0
1118,-314,MZW,MZWU25,H1,2025-07-23 03:00:00,1753239600,550.5,550.5,550.5,550.5,1,5,1,13.0
1119,-313,MZW,MZWU25,H1,2025-07-23 04:00:00,1753243200,550.5,550.5,549.5,549.5,4,5,4,13.0
1120,-312,MZW,MZWU25,H1,2025-07-23 05:00:00,1753246800,550.0,551.0,550.0,551.0,2,5,2,13.0
1121,-311,MZW,MZWU25,H1,2025-07-23 06:00:00,1753250400,550.5,550.5,549.0,549.0,12,5,53,14.0
1122,-310,MZW,MZWU25,H1,2025-07-23 07:00:00,1753254000,549.5,549.5,549.5,549.5,1,5,1,14.0
400,-1251,MZW,MZWZ25,H1,2025-07-23 09:00:00,1753261200,570.0,570.0,570.0,570.0,0,0,1,8.0
1123,-309,MZW,MZWU25,H1,2025-07-23 10:00:00,1753264800,549.5,549.5,549.5,549.5,1,5,1,14.0
1124,-308,MZW,MZWU25,H1,2025-07-23 11:00:00,1753268400,549.5,549.5,547.5,547.5,4,5,7,14.0
1125,-307,MZW,MZWU25,H1,2025-07-23 12:00:00,1753272000,547.0,547.0,546.5,546.5,2,5,2,14.0
1126,-306,MZW,MZWU25,H1,2025-07-23 13:00:00,1753275600,546.0,546.0,543.5,544.5,5,5,5,14.0
1127,-305,MZW,MZWU25,H1,2025-07-23 14:00:00,1753279200,546.0,546.0,544.0,544.0,7,5,10,14.0
1128,-304,MZW,MZWU25,H1,2025-07-23 15:00:00,1753282800,543.5,543.5,543.0,543.0,9,5,10,14.0
1129,-303,MZW,MZWU25,H1,2025-07-23 16:00:00,1753286400,543.5,543.5,542.0,542.0,6,5,9,14.0
1130,-302,MZW,MZWU25,H1,2025-07-23 17:00:00,1753290000,541.5,541.5,541.5,541.5,2,5,2,14.0
1131,-301,MZW,MZWU25,H1,2025-07-23 18:00:00,1753293600,540.5,541.0,540.5,541.0,2,5,2,14.0
1132,-300,MZW,MZWU25,H1,2025-07-24 00:00:00,1753315200,540.5,542.0,540.5,542.0,4,5,13,14.0
406,-1245,MZW,MZWZ25,H1,2025-07-24 02:00:00,1753322400,563.5,563.5,563.5,563.5,0,0,2,8.0
1133,-299,MZW,MZWU25,H1,2025-07-24 04:00:00,1753329600,543.5,543.5,543.5,543.5,1,5,1,14.0
1134,-298,MZW,MZWU25,H1,2025-07-24 06:00:00,1753336800,544.0,544.0,544.0,544.0,1,5,1,13.0
1135,-297,MZW,MZWU25,H1,2025-07-24 09:00:00,1753347600,543.0,545.0,543.0,545.0,16,5,46,14.0
1136,-296,MZW,MZWU25,H1,2025-07-24 10:00:00,1753351200,545.5,545.5,545.5,545.5,2,5,2,14.0
1137,-295,MZW,MZWU25,H1,2025-07-24 12:00:00,1753358400,540.0,543.0,539.0,543.0,13,5,17,14.0
1138,-294,MZW,MZWU25,H1,2025-07-24 13:00:00,1753362000,543.0,543.0,543.0,543.0,4,5,7,14.0
1139,-293,MZW,MZWU25,H1,2025-07-24 14:00:00,1753365600,539.5,540.0,537.5,538.0,18,5,25,14.0
1140,-292,MZW,MZWU25,H1,2025-07-24 15:00:00,1753369200,537.0,537.0,535.5,537.0,19,5,33,14.0
1141,-291,MZW,MZWU25,H1,2025-07-24 16:00:00,1753372800,538.0,540.5,538.0,539.5,8,5,13,15.0
1142,-290,MZW,MZWU25,H1,2025-07-24 17:00:00,1753376400,539.5,539.5,539.5,539.5,3,5,4,14.0
1143,-289,MZW,MZWU25,H1,2025-07-24 18:00:00,1753380000,540.0,541.5,540.0,541.5,3,5,4,14.0
1144,-288,MZW,MZWU25,H1,2025-07-25 00:00:00,1753401600,543.0,543.0,542.0,542.0,8,5,16,15.0
172,-795,MZW,MZWH26,H1,2025-07-25 01:00:00,1753405200,581.0,581.0,581.0,581.0,0,0,1,3.0
1145,-287,MZW,MZWU25,H1,2025-07-25 04:00:00,1753416000,540.5,540.5,540.5,540.5,1,5,3,13.0
1146,-286,MZW,MZWU25,H1,2025-07-25 05:00:00,1753419600,542.0,542.0,541.5,541.5,2,5,2,13.0
1147,-285,MZW,MZWU25,H1,2025-07-25 06:00:00,1753423200,541.0,542.0,541.0,541.0,3,5,3,13.0
1148,-284,MZW,MZWU25,H1,2025-07-25 07:00:00,1753426800,539.0,539.0,539.0,539.0,1,5,1,13.0
1149,-283,MZW,MZWU25,H1,2025-07-25 08:00:00,1753430400,539.0,539.0,539.0,539.0,2,5,3,12.0
1150,-282,MZW,MZWU25,H1,2025-07-25 09:00:00,1753434000,538.0,538.0,538.0,538.0,4,5,4,12.0
1151,-281,MZW,MZWU25,H1,2025-07-25 11:00:00,1753441200,539.5,539.5,539.5,539.5,1,5,1,12.0
1152,-280,MZW,MZWU25,H1,2025-07-25 12:00:00,1753444800,538.0,538.0,538.0,538.0,4,5,4,11.0
1153,-279,MZW,MZWU25,H1,2025-07-25 13:00:00,1753448400,537.0,537.5,536.5,537.5,8,5,15,11.0
1154,-278,MZW,MZWU25,H1,2025-07-25 14:00:00,1753452000,536.0,536.0,536.0,536.0,3,5,5,11.0
1155,-277,MZW,MZWU25,H1,2025-07-25 15:00:00,1753455600,535.5,536.5,535.5,535.5,5,5,7,10.0
1156,-276,MZW,MZWU25,H1,2025-07-25 16:00:00,1753459200,535.0,535.0,534.0,535.0,5,5,5,10.0
1157,-275,MZW,MZWU25,H1,2025-07-25 17:00:00,1753462800,536.5,538.0,536.0,538.0,4,5,4,10.0
1158,-274,MZW,MZWU25,H1,2025-07-25 18:00:00,1753466400,538.0,538.5,538.0,538.0,4,5,4,10.0
1159,-273,MZW,MZWU25,H1,2025-07-28 00:00:00,1753660800,534.5,537.0,534.5,536.5,10,5,15,11.0
1160,-272,MZW,MZWU25,H1,2025-07-28 01:00:00,1753664400,538.0,538.0,538.0,538.0,2,5,5,11.0
1161,-271,MZW,MZWU25,H1,2025-07-28 02:00:00,1753668000,537.5,537.5,537.5,537.5,1,5,1,11.0
1162,-270,MZW,MZWU25,H1,2025-07-28 03:00:00,1753671600,537.0,537.5,536.5,537.5,4,5,4,11.0
1163,-269,MZW,MZWU25,H1,2025-07-28 04:00:00,1753675200,537.0,537.0,537.0,537.0,1,5,1,11.0
1164,-268,MZW,MZWU25,H1,2025-07-28 05:00:00,1753678800,537.0,537.0,537.0,537.0,1,5,1,11.0
1165,-267,MZW,MZWU25,H1,2025-07-28 07:00:00,1753686000,534.5,534.5,534.5,534.5,1,5,1,10.0
1166,-266,MZW,MZWU25,H1,2025-07-28 08:00:00,1753689600,534.5,534.5,532.5,532.5,11,5,22,11.0
1167,-265,MZW,MZWU25,H1,2025-07-28 09:00:00,1753693200,534.0,534.0,534.0,534.0,2,5,3,11.0
1168,-264,MZW,MZWU25,H1,2025-07-28 10:00:00,1753696800,535.0,537.0,534.5,537.0,4,5,5,11.0
1169,-263,MZW,MZWU25,H1,2025-07-28 11:00:00,1753700400,537.0,537.0,537.0,537.0,6,5,10,11.0
1170,-262,MZW,MZWU25,H1,2025-07-28 12:00:00,1753704000,534.5,534.5,533.0,533.5,8,5,17,11.0
1171,-261,MZW,MZWU25,H1,2025-07-28 13:00:00,1753707600,535.0,535.0,532.0,532.5,22,5,32,11.0
1172,-260,MZW,MZWU25,H1,2025-07-28 14:00:00,1753711200,534.5,538.5,534.5,538.0,27,5,38,12.0
1173,-259,MZW,MZWU25,H1,2025-07-28 15:00:00,1753714800,538.0,538.5,535.5,536.0,13,5,31,12.0
1174,-258,MZW,MZWU25,H1,2025-07-28 16:00:00,1753718400,538.0,539.0,538.0,538.5,5,5,7,12.0
1175,-257,MZW,MZWU25,H1,2025-07-28 17:00:00,1753722000,539.5,539.5,539.5,539.5,1,10,1,12.0
432,-1219,MZW,MZWZ25,H1,2025-07-28 18:00:00,1753725600,559.0,559.0,558.0,559.0,1,0,4,8.0
433,-1218,MZW,MZWZ25,H1,2025-07-29 01:00:00,1753750800,557.5,558.0,557.0,557.5,2,0,23,8.0
1176,-256,MZW,MZWU25,H1,2025-07-29 04:00:00,1753761600,538.5,538.5,538.5,538.5,2,5,2,12.0
1177,-255,MZW,MZWU25,H1,2025-07-29 06:00:00,1753768800,538.0,538.0,538.0,538.0,1,5,1,12.0
1178,-254,MZW,MZWU25,H1,2025-07-29 07:00:00,1753772400,537.0,537.0,536.5,536.5,4,5,7,12.0
1179,-253,MZW,MZWU25,H1,2025-07-29 09:00:00,1753779600,535.0,535.0,532.5,532.5,16,5,25,12.0
1180,-252,MZW,MZWU25,H1,2025-07-29 10:00:00,1753783200,532.0,533.0,531.5,532.0,7,5,9,12.0
1181,-251,MZW,MZWU25,H1,2025-07-29 11:00:00,1753786800,531.5,532.0,531.5,532.0,6,5,11,9.0
1182,-250,MZW,MZWU25,H1,2025-07-29 12:00:00,1753790400,531.0,532.0,530.5,531.0,7,5,7,9.0
1183,-249,MZW,MZWU25,H1,2025-07-29 13:00:00,1753794000,531.0,531.5,526.0,528.0,43,5,58,10.0
1184,-248,MZW,MZWU25,H1,2025-07-29 14:00:00,1753797600,528.0,532.5,528.0,532.5,31,5,41,10.0
1185,-247,MZW,MZWU25,H1,2025-07-29 15:00:00,1753801200,532.5,532.5,529.5,530.0,5,5,5,10.0
439,-1212,MZW,MZWZ25,H1,2025-07-29 16:00:00,1753804800,549.5,549.5,549.0,549.0,0,0,3,8.0
1186,-246,MZW,MZWU25,H1,2025-07-29 17:00:00,1753808400,529.5,531.0,529.5,531.0,5,5,8,10.0
1187,-245,MZW,MZWU25,H1,2025-07-29 18:00:00,1753812000,530.5,530.5,530.5,530.5,1,10,1,10.0
1188,-244,MZW,MZWU25,H1,2025-07-30 00:00:00,1753833600,526.5,526.5,526.5,526.5,1,5,1,10.0
1189,-243,MZW,MZWU25,H1,2025-07-30 02:00:00,1753840800,528.5,528.5,528.5,528.5,3,5,3,10.0
1190,-242,MZW,MZWU25,H1,2025-07-30 03:00:00,1753844400,528.0,528.0,528.0,528.0,3,5,3,10.0
1191,-241,MZW,MZWU25,H1,2025-07-30 04:00:00,1753848000,527.5,527.5,526.5,526.5,5,5,6,10.0
443,-1208,MZW,MZWZ25,H1,2025-07-30 05:00:00,1753851600,547.0,547.0,547.0,547.0,0,0,2,9.0
1192,-240,MZW,MZWU25,H1,2025-07-30 06:00:00,1753855200,526.5,527.5,526.5,527.5,9,5,10,10.0
1193,-239,MZW,MZWU25,H1,2025-07-30 07:00:00,1753858800,528.0,529.0,528.0,528.0,5,5,5,10.0
1194,-238,MZW,MZWU25,H1,2025-07-30 08:00:00,1753862400,528.5,528.5,528.5,528.5,1,5,1,10.0
1195,-237,MZW,MZWU25,H1,2025-07-30 11:00:00,1753873200,528.5,528.5,528.5,528.5,3,5,12,10.0
1196,-236,MZW,MZWU25,H1,2025-07-30 12:00:00,1753876800,526.0,526.0,526.0,526.0,1,5,1,10.0
1197,-235,MZW,MZWU25,H1,2025-07-30 13:00:00,1753880400,526.5,530.0,526.5,529.5,10,5,13,10.0
448,-1203,MZW,MZWZ25,H1,2025-07-30 14:00:00,1753884000,550.0,550.5,550.0,550.5,0,0,4,8.0
1198,-234,MZW,MZWU25,H1,2025-07-30 15:00:00,1753887600,529.5,529.5,527.5,527.5,4,5,6,10.0
1199,-233,MZW,MZWU25,H1,2025-07-30 16:00:00,1753891200,526.0,526.0,525.0,525.0,4,5,5,10.0
1200,-232,MZW,MZWU25,H1,2025-07-30 17:00:00,1753894800,526.0,526.0,524.0,524.0,7,5,11,10.0
1201,-231,MZW,MZWU25,H1,2025-07-30 18:00:00,1753898400,524.0,524.0,523.5,524.0,5,5,5,10.0
1202,-230,MZW,MZWU25,H1,2025-07-31 00:00:00,1753920000,523.5,526.0,523.0,526.0,4,5,4,10.0
1203,-229,MZW,MZWU25,H1,2025-07-31 02:00:00,1753927200,524.5,524.5,524.5,524.5,1,5,1,10.0
1204,-228,MZW,MZWU25,H1,2025-07-31 03:00:00,1753930800,524.5,524.5,524.0,524.0,2,5,2,10.0
1205,-227,MZW,MZWU25,H1,2025-07-31 04:00:00,1753934400,523.5,523.5,523.0,523.0,9,5,15,10.0
1206,-226,MZW,MZWU25,H1,2025-07-31 05:00:00,1753938000,523.5,523.5,523.5,523.5,1,5,1,10.0
1207,-225,MZW,MZWU25,H1,2025-07-31 06:00:00,1753941600,523.0,523.0,523.0,523.0,1,5,1,9.0
1208,-224,MZW,MZWU25,H1,2025-07-31 07:00:00,1753945200,522.0,523.0,522.0,523.0,7,5,8,9.0
1209,-223,MZW,MZWU25,H1,2025-07-31 08:00:00,1753948800,523.5,524.0,523.5,524.0,2,5,2,9.0
453,-1198,MZW,MZWZ25,H1,2025-07-31 11:00:00,1753959600,544.5,544.5,544.5,544.5,0,0,3,7.0
1210,-222,MZW,MZWU25,H1,2025-07-31 12:00:00,1753963200,523.5,523.5,522.0,522.5,4,5,5,9.0
1211,-221,MZW,MZWU25,H1,2025-07-31 13:00:00,1753966800,521.0,522.0,517.5,517.5,21,0,36,9.0
1212,-220,MZW,MZWU25,H1,2025-07-31 14:00:00,1753970400,517.0,522.0,516.5,521.0,20,5,28,9.0
1213,-219,MZW,MZWU25,H1,2025-07-31 15:00:00,1753974000,522.5,522.5,522.0,522.5,3,5,4,9.0
1214,-218,MZW,MZWU25,H1,2025-07-31 16:00:00,1753977600,519.0,519.0,519.0,519.0,1,5,2,9.0
457,-1194,MZW,MZWZ25,H1,2025-07-31 17:00:00,1753981200,538.5,538.5,538.5,538.5,0,0,1,5.0
1215,-217,MZW,MZWU25,H1,2025-07-31 18:00:00,1753984800,524.0,524.0,523.5,524.0,5,5,5,9.0
1216,-216,MZW,MZWU25,H1,2025-08-01 00:00:00,1754006400,525.0,526.0,525.0,526.0,3,5,3,9.0
1217,-215,MZW,MZWU25,H1,2025-08-01 01:00:00,1754010000,524.5,524.5,524.5,524.5,2,5,2,9.0
1218,-214,MZW,MZWU25,H1,2025-08-01 03:00:00,1754017200,524.0,524.0,523.5,523.5,3,5,3,9.0
1219,-213,MZW,MZWU25,H1,2025-08-01 06:00:00,1754028000,525.5,526.0,524.5,526.0,7,5,7,9.0
1220,-212,MZW,MZWU25,H1,2025-08-01 07:00:00,1754031600,523.0,523.0,523.0,523.0,1,5,1,9.0
1221,-211,MZW,MZWU25,H1,2025-08-01 08:00:00,1754035200,522.5,522.5,522.5,522.5,1,5,1,9.0
461,-1190,MZW,MZWZ25,H1,2025-08-01 09:00:00,1754038800,540.0,540.0,540.0,540.0,0,0,1,5.0
1222,-210,MZW,MZWU25,H1,2025-08-01 10:00:00,1754042400,520.0,520.0,519.5,519.5,2,5,2,9.0
1223,-209,MZW,MZWU25,H1,2025-08-01 12:00:00,1754049600,517.5,519.0,517.0,519.0,10,5,25,9.0
1224,-208,MZW,MZWU25,H1,2025-08-01 13:00:00,1754053200,519.0,519.5,517.5,519.0,14,5,15,9.0
1225,-207,MZW,MZWU25,H1,2025-08-01 14:00:00,1754056800,518.0,518.5,517.5,517.5,7,5,8,9.0
1226,-206,MZW,MZWU25,H1,2025-08-01 15:00:00,1754060400,519.0,519.0,516.0,518.0,24,5,35,10.0
1227,-205,MZW,MZWU25,H1,2025-08-01 17:00:00,1754067600,518.5,519.0,518.5,519.0,9,5,11,10.0
467,-1184,MZW,MZWZ25,H1,2025-08-01 18:00:00,1754071200,537.0,537.0,537.0,537.0,0,0,1,5.0
1228,-204,MZW,MZWU25,H1,2025-08-04 00:00:00,1754265600,517.0,517.0,515.0,516.0,12,5,16,10.0
1229,-203,MZW,MZWU25,H1,2025-08-04 01:00:00,1754269200,516.0,516.0,516.0,516.0,2,5,2,10.0
1230,-202,MZW,MZWU25,H1,2025-08-04 02:00:00,1754272800,516.0,516.0,516.0,516.0,4,5,4,10.0
1231,-201,MZW,MZWU25,H1,2025-08-04 03:00:00,1754276400,515.5,515.5,514.0,514.0,6,5,7,10.0
1232,-200,MZW,MZWU25,H1,2025-08-04 04:00:00,1754280000,514.0,514.5,514.0,514.5,4,5,6,10.0
473,-1178,MZW,MZWZ25,H1,2025-08-04 05:00:00,1754283600,535.0,535.0,535.0,535.0,0,0,1,5.0
204,-763,MZW,MZWH26,H1,2025-08-04 06:00:00,1754287200,556.0,556.0,556.0,556.0,0,0,1,3.0
1233,-199,MZW,MZWU25,H1,2025-08-04 08:00:00,1754294400,515.5,515.5,514.0,514.0,5,5,5,10.0
1234,-198,MZW,MZWU25,H1,2025-08-04 09:00:00,1754298000,514.0,514.0,514.0,514.0,2,5,2,10.0
475,-1176,MZW,MZWZ25,H1,2025-08-04 11:00:00,1754305200,538.0,538.0,538.0,538.0,0,0,2,5.0
1235,-197,MZW,MZWU25,H1,2025-08-04 13:00:00,1754312400,520.0,525.0,519.0,521.5,18,5,28,10.0
1236,-196,MZW,MZWU25,H1,2025-08-04 14:00:00,1754316000,520.0,520.0,518.0,518.0,5,5,6,10.0
1237,-195,MZW,MZWU25,H1,2025-08-04 15:00:00,1754319600,516.0,518.0,516.0,517.5,4,5,4,10.0
1238,-194,MZW,MZWU25,H1,2025-08-04 16:00:00,1754323200,517.5,518.5,517.0,517.0,8,5,11,10.0
1239,-193,MZW,MZWU25,H1,2025-08-04 17:00:00,1754326800,516.5,516.5,516.5,516.5,2,5,2,10.0
1240,-192,MZW,MZWU25,H1,2025-08-04 18:00:00,1754330400,516.5,517.0,516.5,516.5,5,5,5,10.0
1241,-191,MZW,MZWU25,H1,2025-08-05 00:00:00,1754352000,516.0,516.0,513.0,513.0,9,5,14,10.0
1242,-190,MZW,MZWU25,H1,2025-08-05 01:00:00,1754355600,512.5,513.5,512.5,513.0,6,5,6,10.0
1243,-189,MZW,MZWU25,H1,2025-08-05 02:00:00,1754359200,513.0,513.0,512.5,513.0,5,5,7,10.0
484,-1167,MZW,MZWZ25,H1,2025-08-05 03:00:00,1754362800,533.5,533.5,533.5,533.5,0,0,1,5.0
1244,-188,MZW,MZWU25,H1,2025-08-05 04:00:00,1754366400,513.5,513.5,513.5,513.5,1,5,1,9.0
1245,-187,MZW,MZWU25,H1,2025-08-05 05:00:00,1754370000,513.5,513.5,512.5,513.0,8,5,10,9.0
1246,-186,MZW,MZWU25,H1,2025-08-05 06:00:00,1754373600,512.5,512.5,512.0,512.0,5,5,5,9.0
1247,-185,MZW,MZWU25,H1,2025-08-05 07:00:00,1754377200,512.0,513.0,512.0,513.0,3,5,5,9.0
1248,-184,MZW,MZWU25,H1,2025-08-05 08:00:00,1754380800,514.0,516.0,514.0,515.5,7,5,8,9.0
1249,-183,MZW,MZWU25,H1,2025-08-05 09:00:00,1754384400,514.5,514.5,514.5,514.5,1,5,1,9.0
1250,-182,MZW,MZWU25,H1,2025-08-05 10:00:00,1754388000,516.0,516.0,516.0,516.0,1,10,1,9.0
1251,-181,MZW,MZWU25,H1,2025-08-05 11:00:00,1754391600,516.5,516.5,516.0,516.0,4,5,5,8.0
489,-1162,MZW,MZWZ25,H1,2025-08-05 12:00:00,1754395200,535.0,535.0,535.0,535.0,0,0,2,5.0
1252,-180,MZW,MZWU25,H1,2025-08-05 13:00:00,1754398800,513.5,514.0,512.5,512.5,7,5,8,8.0
1253,-179,MZW,MZWU25,H1,2025-08-05 14:00:00,1754402400,512.0,512.0,509.5,510.5,30,5,37,9.0
1254,-178,MZW,MZWU25,H1,2025-08-05 15:00:00,1754406000,510.0,510.5,508.5,508.5,13,5,17,9.0
1255,-177,MZW,MZWU25,H1,2025-08-05 16:00:00,1754409600,508.5,508.5,507.5,508.0,14,5,21,8.0
1256,-176,MZW,MZWU25,H1,2025-08-05 17:00:00,1754413200,508.5,508.5,508.0,508.0,2,5,11,8.0
1257,-175,MZW,MZWU25,H1,2025-08-05 18:00:00,1754416800,508.0,508.5,508.0,508.5,2,5,4,8.0
1258,-174,MZW,MZWU25,H1,2025-08-06 00:00:00,1754438400,508.5,508.5,508.5,508.5,2,5,5,8.0
494,-1157,MZW,MZWZ25,H1,2025-08-06 03:00:00,1754449200,529.5,529.5,529.5,529.5,0,0,1,4.0
495,-1156,MZW,MZWZ25,H1,2025-08-06 05:00:00,1754456400,529.0,529.0,528.5,528.5,0,0,3,4.0
496,-1155,MZW,MZWZ25,H1,2025-08-06 06:00:00,1754460000,529.0,529.0,529.0,529.0,0,0,3,4.0
1259,-173,MZW,MZWU25,H1,2025-08-06 07:00:00,1754463600,508.0,508.0,508.0,508.0,1,5,1,8.0
1260,-172,MZW,MZWU25,H1,2025-08-06 08:00:00,1754467200,507.5,507.5,507.0,507.5,3,5,3,8.0
1261,-171,MZW,MZWU25,H1,2025-08-06 09:00:00,1754470800,506.5,506.5,506.5,506.5,1,5,4,8.0
1262,-170,MZW,MZWU25,H1,2025-08-06 10:00:00,1754474400,507.5,508.5,507.5,508.0,5,5,5,8.0
1263,-169,MZW,MZWU25,H1,2025-08-06 11:00:00,1754478000,508.0,508.0,508.0,508.0,1,10,1,8.0
1264,-168,MZW,MZWU25,H1,2025-08-06 12:00:00,1754481600,507.0,507.0,506.0,506.0,3,5,3,8.0
1265,-167,MZW,MZWU25,H1,2025-08-06 13:00:00,1754485200,507.5,509.0,507.5,508.0,23,5,33,8.0
1266,-166,MZW,MZWU25,H1,2025-08-06 14:00:00,1754488800,507.0,507.0,505.0,506.0,17,5,23,9.0
1267,-165,MZW,MZWU25,H1,2025-08-06 15:00:00,1754492400,504.5,506.0,504.5,506.0,4,5,6,8.0
1268,-164,MZW,MZWU25,H1,2025-08-06 16:00:00,1754496000,506.0,507.0,506.0,507.0,7,5,8,9.0
1269,-163,MZW,MZWU25,H1,2025-08-06 17:00:00,1754499600,507.0,509.0,507.0,508.5,9,5,10,9.0
1270,-162,MZW,MZWU25,H1,2025-08-06 18:00:00,1754503200,508.5,509.5,508.0,509.5,13,5,14,9.0
1271,-161,MZW,MZWU25,H1,2025-08-07 00:00:00,1754524800,512.0,512.0,509.5,510.5,5,5,7,9.0
1272,-160,MZW,MZWU25,H1,2025-08-07 01:00:00,1754528400,510.5,510.5,510.5,510.5,1,5,2,9.0
1273,-159,MZW,MZWU25,H1,2025-08-07 02:00:00,1754532000,510.5,510.5,510.5,510.5,1,5,2,9.0
506,-1145,MZW,MZWZ25,H1,2025-08-07 03:00:00,1754535600,531.5,531.5,531.0,531.0,0,0,2,4.0
1274,-158,MZW,MZWU25,H1,2025-08-07 05:00:00,1754542800,511.5,511.5,511.5,511.5,1,5,1,8.0
1275,-157,MZW,MZWU25,H1,2025-08-07 06:00:00,1754546400,512.0,512.0,512.0,512.0,8,5,16,9.0
1276,-156,MZW,MZWU25,H1,2025-08-07 07:00:00,1754550000,512.0,512.0,511.0,511.0,2,5,3,9.0
509,-1142,MZW,MZWZ25,H1,2025-08-07 08:00:00,1754553600,531.0,531.0,531.0,531.0,0,0,3,4.0
1277,-155,MZW,MZWU25,H1,2025-08-07 09:00:00,1754557200,512.0,512.5,512.0,512.5,2,5,3,9.0
1278,-154,MZW,MZWU25,H1,2025-08-07 10:00:00,1754560800,513.0,513.0,512.5,513.0,11,5,17,9.0
1279,-153,MZW,MZWU25,H1,2025-08-07 11:00:00,1754564400,514.0,515.0,513.0,515.0,18,5,26,9.0
1280,-152,MZW,MZWU25,H1,2025-08-07 12:00:00,1754568000,516.0,517.0,516.0,517.0,11,5,13,9.0
1281,-151,MZW,MZWU25,H1,2025-08-07 13:00:00,1754571600,517.0,518.0,516.0,517.5,9,5,13,9.0
1282,-150,MZW,MZWU25,H1,2025-08-07 14:00:00,1754575200,518.0,518.0,518.0,518.0,1,5,1,9.0
1283,-149,MZW,MZWU25,H1,2025-08-07 15:00:00,1754578800,518.0,519.5,518.0,519.0,4,5,4,9.0
1284,-148,MZW,MZWU25,H1,2025-08-07 16:00:00,1754582400,519.0,519.0,519.0,519.0,1,5,1,8.0
1285,-147,MZW,MZWU25,H1,2025-08-07 17:00:00,1754586000,519.5,519.5,519.5,519.5,1,5,1,8.0
1286,-146,MZW,MZWU25,H1,2025-08-07 18:00:00,1754589600,518.5,518.5,518.5,518.5,1,15,1,8.0
1287,-145,MZW,MZWU25,H1,2025-08-08 00:00:00,1754611200,519.0,519.0,518.5,518.5,2,5,2,8.0
1288,-144,MZW,MZWU25,H1,2025-08-08 02:00:00,1754618400,518.0,518.0,518.0,518.0,2,5,3,8.0
1289,-143,MZW,MZWU25,H1,2025-08-08 03:00:00,1754622000,518.5,518.5,518.5,518.5,1,5,3,8.0
521,-1130,MZW,MZWZ25,H1,2025-08-08 05:00:00,1754629200,540.0,540.0,540.0,540.0,0,0,1,3.0
1290,-142,MZW,MZWU25,H1,2025-08-08 06:00:00,1754632800,519.0,519.0,519.0,519.0,1,5,1,8.0
1291,-141,MZW,MZWU25,H1,2025-08-08 07:00:00,1754636400,519.0,520.5,519.0,520.5,5,5,6,8.0
1292,-140,MZW,MZWU25,H1,2025-08-08 08:00:00,1754640000,520.0,520.0,520.0,520.0,2,5,5,8.0
1293,-139,MZW,MZWU25,H1,2025-08-08 09:00:00,1754643600,518.0,518.0,518.0,518.0,1,5,2,8.0
1294,-138,MZW,MZWU25,H1,2025-08-08 10:00:00,1754647200,517.0,517.0,516.5,517.0,4,5,8,8.0
524,-1127,MZW,MZWZ25,H1,2025-08-08 11:00:00,1754650800,539.5,539.5,539.0,539.0,0,0,12,3.0
1295,-137,MZW,MZWU25,H1,2025-08-08 12:00:00,1754654400,519.5,519.5,518.5,518.5,2,5,2,8.0
1296,-136,MZW,MZWU25,H1,2025-08-08 13:00:00,1754658000,518.0,521.0,515.5,521.0,8,5,9,8.0
1297,-135,MZW,MZWU25,H1,2025-08-08 14:00:00,1754661600,520.5,521.0,520.5,521.0,5,5,6,8.0
1298,-134,MZW,MZWU25,H1,2025-08-08 15:00:00,1754665200,518.0,518.0,517.5,517.5,3,5,3,8.0
1299,-133,MZW,MZWU25,H1,2025-08-08 16:00:00,1754668800,516.0,516.5,516.0,516.5,5,5,6,8.0
1300,-132,MZW,MZWU25,H1,2025-08-08 17:00:00,1754672400,516.5,516.5,514.0,514.0,5,5,6,7.0
529,-1122,MZW,MZWZ25,H1,2025-08-08 18:00:00,1754676000,535.0,535.0,534.5,534.5,0,0,3,3.0
1301,-131,MZW,MZWU25,H1,2025-08-11 00:00:00,1754870400,513.5,513.5,513.5,513.5,1,5,1,7.0
1302,-130,MZW,MZWU25,H1,2025-08-11 01:00:00,1754874000,514.5,514.5,514.5,514.5,1,5,1,7.0
1303,-129,MZW,MZWU25,H1,2025-08-11 04:00:00,1754884800,518.5,518.5,518.5,518.5,1,5,1,7.0
1304,-128,MZW,MZWU25,H1,2025-08-11 05:00:00,1754888400,519.0,519.0,519.0,519.0,2,5,3,7.0
1305,-127,MZW,MZWU25,H1,2025-08-11 06:00:00,1754892000,519.5,519.5,519.5,519.5,1,5,2,7.0
1306,-126,MZW,MZWU25,H1,2025-08-11 07:00:00,1754895600,519.0,519.5,519.0,519.5,3,5,6,7.0
1307,-125,MZW,MZWU25,H1,2025-08-11 08:00:00,1754899200,520.0,520.0,520.0,520.0,1,5,1,7.0
1308,-124,MZW,MZWU25,H1,2025-08-11 09:00:00,1754902800,519.0,519.0,519.0,519.0,1,5,2,7.0
535,-1116,MZW,MZWZ25,H1,2025-08-11 10:00:00,1754906400,537.0,537.0,536.5,536.5,0,0,2,3.0
536,-1115,MZW,MZWZ25,H1,2025-08-11 12:00:00,1754913600,537.0,537.0,537.0,537.0,0,0,1,3.0
1309,-123,MZW,MZWU25,H1,2025-08-11 13:00:00,1754917200,514.5,521.0,514.5,521.0,5,5,5,7.0
1310,-122,MZW,MZWU25,H1,2025-08-11 14:00:00,1754920800,521.5,523.0,521.0,521.0,10,5,13,7.0
1311,-121,MZW,MZWU25,H1,2025-08-11 15:00:00,1754924400,517.5,517.5,516.0,516.0,7,5,10,7.0
1312,-120,MZW,MZWU25,H1,2025-08-11 16:00:00,1754928000,516.5,516.5,516.5,516.5,3,5,4,7.0
1313,-119,MZW,MZWU25,H1,2025-08-11 17:00:00,1754931600,517.0,517.0,514.5,514.5,6,5,9,7.0
1314,-118,MZW,MZWU25,H1,2025-08-11 18:00:00,1754935200,515.5,515.5,514.5,514.5,6,5,9,7.0
1315,-117,MZW,MZWU25,H1,2025-08-12 00:00:00,1754956800,513.5,514.5,513.5,514.5,4,5,7,7.0
1316,-116,MZW,MZWU25,H1,2025-08-12 01:00:00,1754960400,513.5,514.0,512.5,512.5,5,5,7,7.0
1317,-115,MZW,MZWU25,H1,2025-08-12 02:00:00,1754964000,512.5,512.5,512.5,512.5,1,5,1,7.0
1318,-114,MZW,MZWU25,H1,2025-08-12 03:00:00,1754967600,512.5,512.5,512.5,512.5,1,5,3,7.0
1319,-113,MZW,MZWU25,H1,2025-08-12 04:00:00,1754971200,512.0,512.0,512.0,512.0,3,5,4,7.0
1320,-112,MZW,MZWU25,H1,2025-08-12 06:00:00,1754978400,512.0,512.0,512.0,512.0,1,5,1,7.0
1321,-111,MZW,MZWU25,H1,2025-08-12 07:00:00,1754982000,511.0,511.0,511.0,511.0,2,5,3,7.0
548,-1103,MZW,MZWZ25,H1,2025-08-12 08:00:00,1754985600,532.5,532.5,532.0,532.0,0,0,6,3.0
1322,-110,MZW,MZWU25,H1,2025-08-12 09:00:00,1754989200,510.0,510.0,510.0,510.0,3,5,6,7.0
1323,-109,MZW,MZWU25,H1,2025-08-12 10:00:00,1754992800,509.0,509.0,508.5,509.0,7,5,24,7.0
551,-1100,MZW,MZWZ25,H1,2025-08-12 11:00:00,1754996400,530.0,530.5,529.5,530.5,0,0,5,4.0
1324,-108,MZW,MZWU25,H1,2025-08-12 12:00:00,1755000000,510.0,510.0,508.0,508.5,5,5,5,7.0
1325,-107,MZW,MZWU25,H1,2025-08-12 13:00:00,1755003600,509.5,509.5,509.5,509.5,2,5,5,7.0
1326,-106,MZW,MZWU25,H1,2025-08-12 14:00:00,1755007200,511.0,511.0,508.0,508.0,4,5,5,6.0
1327,-105,MZW,MZWU25,H1,2025-08-12 15:00:00,1755010800,508.0,508.0,508.0,508.0,1,10,1,6.0
1328,-104,MZW,MZWU25,H1,2025-08-12 16:00:00,1755014400,507.5,507.5,503.5,505.0,22,5,26,6.0
1329,-103,MZW,MZWU25,H1,2025-08-12 17:00:00,1755018000,504.0,504.5,503.5,503.5,9,5,9,6.0
1330,-102,MZW,MZWU25,H1,2025-08-12 18:00:00,1755021600,504.0,505.0,504.0,505.0,2,5,2,6.0
1331,-101,MZW,MZWU25,H1,2025-08-13 00:00:00,1755043200,504.0,504.0,503.0,503.5,11,5,17,7.0
1332,-100,MZW,MZWU25,H1,2025-08-13 01:00:00,1755046800,504.0,504.0,504.0,504.0,1,5,1,7.0
1333,-99,MZW,MZWU25,H1,2025-08-13 02:00:00,1755050400,504.5,505.0,504.5,505.0,4,5,4,7.0
560,-1091,MZW,MZWZ25,H1,2025-08-13 03:00:00,1755054000,525.0,525.0,525.0,525.0,0,0,1,4.0
1334,-98,MZW,MZWU25,H1,2025-08-13 04:00:00,1755057600,503.5,503.5,503.5,503.5,2,5,3,7.0
562,-1089,MZW,MZWZ25,H1,2025-08-13 05:00:00,1755061200,526.5,526.5,526.5,526.5,0,0,4,4.0
1335,-97,MZW,MZWU25,H1,2025-08-13 06:00:00,1755064800,506.0,506.0,506.0,506.0,2,5,7,7.0
1336,-96,MZW,MZWU25,H1,2025-08-13 08:00:00,1755072000,505.5,505.5,505.5,505.5,2,5,2,7.0
1337,-95,MZW,MZWU25,H1,2025-08-13 09:00:00,1755075600,505.0,505.0,504.5,505.0,6,5,7,6.0
1338,-94,MZW,MZWU25,H1,2025-08-13 10:00:00,1755079200,504.5,504.5,503.0,503.0,4,5,5,6.0
1339,-93,MZW,MZWU25,H1,2025-08-13 11:00:00,1755082800,506.0,506.5,506.0,506.5,2,5,2,6.0
1340,-92,MZW,MZWU25,H1,2025-08-13 12:00:00,1755086400,507.0,507.0,507.0,507.0,1,15,1,6.0
1341,-91,MZW,MZWU25,H1,2025-08-13 13:00:00,1755090000,506.0,506.0,503.5,504.5,10,5,10,6.0
1342,-90,MZW,MZWU25,H1,2025-08-13 14:00:00,1755093600,504.0,511.0,504.0,510.0,19,5,33,6.0
1343,-89,MZW,MZWU25,H1,2025-08-13 15:00:00,1755097200,507.0,507.0,505.0,505.0,5,5,5,6.0
1344,-88,MZW,MZWU25,H1,2025-08-13 16:00:00,1755100800,504.5,504.5,503.0,504.5,13,5,17,6.0
1345,-87,MZW,MZWU25,H1,2025-08-13 17:00:00,1755104400,507.0,508.0,507.0,508.0,5,5,6,6.0
1346,-86,MZW,MZWU25,H1,2025-08-13 18:00:00,1755108000,507.0,507.0,507.0,507.0,2,5,2,6.0
1347,-85,MZW,MZWU25,H1,2025-08-14 00:00:00,1755129600,507.0,508.0,507.0,508.0,2,5,2,6.0
1348,-84,MZW,MZWU25,H1,2025-08-14 01:00:00,1755133200,508.0,508.0,508.0,508.0,1,5,1,6.0
576,-1075,MZW,MZWZ25,H1,2025-08-14 02:00:00,1755136800,529.0,529.0,529.0,529.0,0,0,1,5.0
577,-1074,MZW,MZWZ25,H1,2025-08-14 03:00:00,1755140400,528.5,528.5,528.5,528.5,0,0,3,5.0
1349,-83,MZW,MZWU25,H1,2025-08-14 04:00:00,1755144000,508.0,508.0,508.0,508.0,1,5,1,6.0
1350,-82,MZW,MZWU25,H1,2025-08-14 06:00:00,1755151200,507.5,507.5,507.5,507.5,1,5,1,6.0
1351,-81,MZW,MZWU25,H1,2025-08-14 07:00:00,1755154800,506.0,506.0,504.0,505.0,11,5,12,6.0
1352,-80,MZW,MZWU25,H1,2025-08-14 08:00:00,1755158400,505.5,505.5,505.0,505.0,4,5,5,6.0
1353,-79,MZW,MZWU25,H1,2025-08-14 09:00:00,1755162000,505.5,505.5,505.0,505.0,4,5,6,6.0
1354,-78,MZW,MZWU25,H1,2025-08-14 10:00:00,1755165600,504.5,504.5,503.5,503.5,4,5,4,6.0
1355,-77,MZW,MZWU25,H1,2025-08-14 11:00:00,1755169200,503.5,503.5,503.5,503.5,2,5,2,6.0
1356,-76,MZW,MZWU25,H1,2025-08-14 12:00:00,1755172800,503.0,503.0,503.0,503.0,3,5,3,6.0
1357,-75,MZW,MZWU25,H1,2025-08-14 13:00:00,1755176400,504.5,505.0,504.5,505.0,5,5,5,6.0
1358,-74,MZW,MZWU25,H1,2025-08-14 14:00:00,1755180000,503.0,503.0,501.0,501.0,14,5,16,6.0
1359,-73,MZW,MZWU25,H1,2025-08-14 15:00:00,1755183600,501.5,503.0,501.5,503.0,5,5,5,6.0
1360,-72,MZW,MZWU25,H1,2025-08-14 16:00:00,1755187200,505.0,508.0,505.0,506.5,17,5,22,6.0
1361,-71,MZW,MZWU25,H1,2025-08-14 17:00:00,1755190800,505.0,505.0,502.5,502.5,4,5,4,6.0
1362,-70,MZW,MZWU25,H1,2025-08-14 18:00:00,1755194400,503.0,504.0,503.0,504.0,6,5,8,6.0
1363,-69,MZW,MZWU25,H1,2025-08-15 00:00:00,1755216000,505.0,505.0,504.0,504.0,4,5,4,6.0
1364,-68,MZW,MZWU25,H1,2025-08-15 01:00:00,1755219600,504.5,504.5,504.5,504.5,2,5,2,6.0
1365,-67,MZW,MZWU25,H1,2025-08-15 02:00:00,1755223200,504.0,504.0,504.0,504.0,2,5,2,6.0
592,-1059,MZW,MZWZ25,H1,2025-08-15 04:00:00,1755230400,525.0,525.0,524.5,524.5,0,0,2,5.0
1366,-66,MZW,MZWU25,H1,2025-08-15 05:00:00,1755234000,504.5,504.5,504.5,504.5,1,5,1,6.0
1367,-65,MZW,MZWU25,H1,2025-08-15 06:00:00,1755237600,503.0,503.0,502.5,502.5,2,5,2,6.0
594,-1057,MZW,MZWZ25,H1,2025-08-15 07:00:00,1755241200,523.5,523.5,523.5,523.5,0,0,1,4.0
239,-728,MZW,MZWH26,H1,2025-08-15 09:00:00,1755248400,543.0,543.0,542.0,542.0,0,0,11,3.0
240,-727,MZW,MZWH26,H1,2025-08-15 10:00:00,1755252000,542.5,542.5,542.5,542.5,0,0,2,3.0
1368,-64,MZW,MZWU25,H1,2025-08-15 11:00:00,1755255600,503.5,504.0,502.5,504.0,7,5,7,6.0
1369,-63,MZW,MZWU25,H1,2025-08-15 12:00:00,1755259200,505.5,507.0,505.5,507.0,10,5,10,6.0
1370,-62,MZW,MZWU25,H1,2025-08-15 13:00:00,1755262800,507.0,507.5,506.0,507.5,6,5,9,6.0
1371,-61,MZW,MZWU25,H1,2025-08-15 14:00:00,1755266400,507.5,508.0,506.5,508.0,7,5,11,6.0
1372,-60,MZW,MZWU25,H1,2025-08-15 15:00:00,1755270000,508.0,508.0,507.0,507.0,12,5,13,6.0
1373,-59,MZW,MZWU25,H1,2025-08-15 16:00:00,1755273600,504.5,504.5,504.5,504.5,1,5,1,6.0
1374,-58,MZW,MZWU25,H1,2025-08-15 17:00:00,1755277200,505.0,505.0,505.0,505.0,2,5,2,6.0
1375,-57,MZW,MZWU25,H1,2025-08-15 18:00:00,1755280800,506.0,506.0,506.0,506.0,1,40,1,6.0
1376,-56,MZW,MZWU25,H1,2025-08-18 00:00:00,1755475200,507.0,507.0,504.5,504.5,6,5,8,6.0
604,-1047,MZW,MZWZ25,H1,2025-08-18 01:00:00,1755478800,525.5,525.5,525.0,525.0,0,0,2,5.0
1377,-55,MZW,MZWU25,H1,2025-08-18 02:00:00,1755482400,504.0,505.0,503.0,505.0,8,5,9,7.0
1378,-54,MZW,MZWU25,H1,2025-08-18 03:00:00,1755486000,504.0,504.5,504.0,504.5,3,5,4,6.0
1379,-53,MZW,MZWU25,H1,2025-08-18 04:00:00,1755489600,504.5,504.5,504.5,504.5,1,5,3,7.0
607,-1044,MZW,MZWZ25,H1,2025-08-18 05:00:00,1755493200,525.5,525.5,525.5,525.5,0,0,2,5.0
1380,-52,MZW,MZWU25,H1,2025-08-18 06:00:00,1755496800,504.0,504.0,503.0,503.0,7,5,7,7.0
1381,-51,MZW,MZWU25,H1,2025-08-18 07:00:00,1755500400,502.5,502.5,502.0,502.0,3,5,4,7.0
1382,-50,MZW,MZWU25,H1,2025-08-18 08:00:00,1755504000,501.5,501.5,501.5,501.5,2,5,3,6.0
1383,-49,MZW,MZWU25,H1,2025-08-18 09:00:00,1755507600,502.5,502.5,502.5,502.5,4,5,6,6.0
1384,-48,MZW,MZWU25,H1,2025-08-18 10:00:00,1755511200,503.5,504.5,503.5,504.5,3,5,5,6.0
1385,-47,MZW,MZWU25,H1,2025-08-18 11:00:00,1755514800,502.5,502.5,502.5,502.5,1,5,1,6.0
1386,-46,MZW,MZWU25,H1,2025-08-18 12:00:00,1755518400,504.0,504.0,504.0,504.0,6,5,6,6.0
1387,-45,MZW,MZWU25,H1,2025-08-18 13:00:00,1755522000,505.5,508.5,505.5,506.0,20,5,22,6.0
1388,-44,MZW,MZWU25,H1,2025-08-18 14:00:00,1755525600,506.0,507.0,503.0,507.0,22,5,25,7.0
1389,-43,MZW,MZWU25,H1,2025-08-18 15:00:00,1755529200,504.0,504.0,501.0,501.5,26,5,29,7.0
1390,-42,MZW,MZWU25,H1,2025-08-18 16:00:00,1755532800,502.5,503.5,502.5,503.0,7,5,14,7.0
1391,-41,MZW,MZWU25,H1,2025-08-18 17:00:00,1755536400,504.0,504.0,503.0,503.0,3,5,3,7.0
1392,-40,MZW,MZWU25,H1,2025-08-18 18:00:00,1755540000,504.0,504.0,502.5,502.5,13,5,24,8.0
1393,-39,MZW,MZWU25,H1,2025-08-19 00:00:00,1755561600,502.5,502.5,500.5,501.0,10,10,12,8.0
1394,-38,MZW,MZWU25,H1,2025-08-19 01:00:00,1755565200,502.0,502.0,502.0,502.0,2,5,2,8.0
621,-1030,MZW,MZWZ25,H1,2025-08-19 02:00:00,1755568800,523.0,523.0,522.5,522.5,0,0,3,6.0
622,-1029,MZW,MZWZ25,H1,2025-08-19 03:00:00,1755572400,523.0,523.0,523.0,523.0,0,0,1,6.0
623,-1028,MZW,MZWZ25,H1,2025-08-19 04:00:00,1755576000,523.0,523.0,523.0,523.0,0,0,1,6.0
1395,-37,MZW,MZWU25,H1,2025-08-19 05:00:00,1755579600,501.0,501.0,501.0,501.0,1,5,1,7.0
1396,-36,MZW,MZWU25,H1,2025-08-19 06:00:00,1755583200,500.5,500.5,499.0,500.0,7,5,7,7.0
1397,-35,MZW,MZWU25,H1,2025-08-19 07:00:00,1755586800,499.5,499.5,499.5,499.5,2,5,2,7.0
1398,-34,MZW,MZWU25,H1,2025-08-19 09:00:00,1755594000,501.5,502.0,501.5,502.0,4,5,15,7.0
1399,-33,MZW,MZWU25,H1,2025-08-19 10:00:00,1755597600,500.0,500.0,499.5,499.5,3,5,6,7.0
1400,-32,MZW,MZWU25,H1,2025-08-19 11:00:00,1755601200,499.5,501.0,499.5,501.0,4,5,8,7.0
1401,-31,MZW,MZWU25,H1,2025-08-19 12:00:00,1755604800,499.0,499.0,499.0,499.0,3,5,3,7.0
1402,-30,MZW,MZWU25,H1,2025-08-19 13:00:00,1755608400,499.0,500.5,498.0,500.5,16,5,41,8.0
1403,-29,MZW,MZWU25,H1,2025-08-19 14:00:00,1755612000,500.0,500.0,498.5,498.5,7,5,8,8.0
1404,-28,MZW,MZWU25,H1,2025-08-19 15:00:00,1755615600,499.0,500.5,499.0,500.5,7,5,9,8.0
1405,-27,MZW,MZWU25,H1,2025-08-19 16:00:00,1755619200,499.0,499.0,498.5,498.5,7,5,31,8.0
1406,-26,MZW,MZWU25,H1,2025-08-19 17:00:00,1755622800,498.0,498.0,498.0,498.0,3,5,3,8.0
1407,-25,MZW,MZWU25,H1,2025-08-19 18:00:00,1755626400,498.5,500.5,498.5,500.5,4,10,5,8.0
1408,-24,MZW,MZWU25,H1,2025-08-20 00:00:00,1755648000,497.5,497.5,497.5,497.5,7,5,11,8.0
1409,-23,MZW,MZWU25,H1,2025-08-20 01:00:00,1755651600,497.5,497.5,497.5,497.5,1,10,2,8.0
1410,-22,MZW,MZWU25,H1,2025-08-20 02:00:00,1755655200,498.5,498.5,498.5,498.5,1,5,1,8.0
637,-1014,MZW,MZWZ25,H1,2025-08-20 03:00:00,1755658800,519.0,519.0,518.5,519.0,0,0,9,7.0
638,-1013,MZW,MZWZ25,H1,2025-08-20 04:00:00,1755662400,519.0,519.0,519.0,519.0,0,0,1,7.0
1411,-21,MZW,MZWU25,H1,2025-08-20 05:00:00,1755666000,496.0,496.0,496.0,496.0,1,5,1,8.0
640,-1011,MZW,MZWZ25,H1,2025-08-20 06:00:00,1755669600,519.0,519.5,519.0,519.5,0,0,4,6.0
641,-1010,MZW,MZWZ25,H1,2025-08-20 07:00:00,1755673200,519.0,520.5,519.0,520.5,0,0,19,6.0
1412,-20,MZW,MZWU25,H1,2025-08-20 08:00:00,1755676800,498.0,500.5,498.0,500.0,8,5,8,8.0
1413,-19,MZW,MZWU25,H1,2025-08-20 09:00:00,1755680400,501.0,501.0,501.0,501.0,2,5,5,8.0
644,-1007,MZW,MZWZ25,H1,2025-08-20 10:00:00,1755684000,522.5,522.5,522.5,522.5,0,0,2,6.0
645,-1006,MZW,MZWZ25,H1,2025-08-20 11:00:00,1755687600,523.0,523.0,523.0,523.0,0,0,1,6.0
1414,-18,MZW,MZWU25,H1,2025-08-20 12:00:00,1755691200,500.5,501.5,500.5,501.5,2,10,2,8.0
1415,-17,MZW,MZWU25,H1,2025-08-20 13:00:00,1755694800,496.5,505.0,496.5,505.0,10,5,13,8.0
1416,-16,MZW,MZWU25,H1,2025-08-20 14:00:00,1755698400,506.5,507.0,506.5,507.0,3,5,4,8.0
649,-1002,MZW,MZWZ25,H1,2025-08-20 15:00:00,1755702000,528.0,528.0,526.0,526.5,0,0,36,8.0
650,-1001,MZW,MZWZ25,H1,2025-08-20 16:00:00,1755705600,525.0,529.0,524.5,529.0,0,0,30,8.0
651,-1000,MZW,MZWZ25,H1,2025-08-20 17:00:00,1755709200,529.0,529.0,528.0,528.0,0,0,13,8.0
652,-999,MZW,MZWZ25,H1,2025-08-20 18:00:00,1755712800,528.0,528.5,528.0,528.5,0,0,2,8.0
653,-998,MZW,MZWZ25,H1,2025-08-21 00:00:00,1755734400,529.5,530.5,529.0,529.0,0,0,13,9.0
654,-997,MZW,MZWZ25,H1,2025-08-21 02:00:00,1755741600,529.0,530.0,529.0,529.5,0,0,10,9.0
655,-996,MZW,MZWZ25,H1,2025-08-21 05:00:00,1755752400,531.5,532.0,531.5,532.0,0,0,7,9.0
656,-995,MZW,MZWZ25,H1,2025-08-21 06:00:00,1755756000,531.5,531.5,531.5,531.5,0,0,5,9.0
657,-994,MZW,MZWZ25,H1,2025-08-21 07:00:00,1755759600,532.0,533.0,532.0,532.5,0,0,9,9.0
658,-993,MZW,MZWZ25,H1,2025-08-21 08:00:00,1755763200,533.0,534.0,532.5,533.0,0,0,12,9.0
659,-992,MZW,MZWZ25,H1,2025-08-21 09:00:00,1755766800,533.5,534.0,533.5,534.0,0,0,11,9.0
660,-991,MZW,MZWZ25,H1,2025-08-21 10:00:00,1755770400,533.0,534.0,533.0,534.0,0,0,3,9.0
661,-990,MZW,MZWZ25,H1,2025-08-21 11:00:00,1755774000,533.0,533.0,533.0,533.0,0,0,17,9.0
662,-989,MZW,MZWZ25,H1,2025-08-21 12:00:00,1755777600,534.0,534.0,533.0,533.0,0,0,2,9.0
663,-988,MZW,MZWZ25,H1,2025-08-21 13:00:00,1755781200,532.0,533.0,527.0,529.0,0,0,32,9.0
664,-987,MZW,MZWZ25,H1,2025-08-21 14:00:00,1755784800,529.0,529.0,526.0,526.0,0,0,32,10.0
665,-986,MZW,MZWZ25,H1,2025-08-21 15:00:00,1755788400,527.0,527.0,527.0,527.0,0,0,1,10.0
666,-985,MZW,MZWZ25,H1,2025-08-21 16:00:00,1755792000,528.0,530.5,528.0,530.5,0,0,3,10.0
667,-984,MZW,MZWZ25,H1,2025-08-21 17:00:00,1755795600,528.5,528.5,528.0,528.0,0,0,3,10.0
668,-983,MZW,MZWZ25,H1,2025-08-21 18:00:00,1755799200,530.5,530.5,529.5,530.0,0,0,5,10.0
669,-982,MZW,MZWZ25,H1,2025-08-22 00:00:00,1755820800,529.5,529.5,529.0,529.0,0,0,3,10.0
670,-981,MZW,MZWZ25,H1,2025-08-22 01:00:00,1755824400,529.5,529.5,529.5,529.5,0,0,1,10.0
1427,-5,MZW,MZWU25,H1,2025-08-22 04:00:00,1755835200,507.0,509.5,507.0,509.5,3,65,10,8.0
671,-980,MZW,MZWZ25,H1,2025-08-22 06:00:00,1755842400,531.5,531.5,529.5,530.5,0,0,3,9.0
672,-979,MZW,MZWZ25,H1,2025-08-22 07:00:00,1755846000,529.0,529.0,529.0,529.0,0,0,1,9.0
673,-978,MZW,MZWZ25,H1,2025-08-22 09:00:00,1755853200,528.0,528.0,527.5,528.0,0,0,26,9.0
674,-977,MZW,MZWZ25,H1,2025-08-22 10:00:00,1755856800,527.5,527.5,526.5,526.5,0,0,7,9.0
675,-976,MZW,MZWZ25,H1,2025-08-22 11:00:00,1755860400,527.0,527.0,527.0,527.0,0,0,61,10.0
676,-975,MZW,MZWZ25,H1,2025-08-22 12:00:00,1755864000,528.0,528.5,528.0,528.5,0,0,3,10.0
677,-974,MZW,MZWZ25,H1,2025-08-22 13:00:00,1755867600,529.0,529.0,527.0,527.5,0,0,10,10.0
678,-973,MZW,MZWZ25,H1,2025-08-22 14:00:00,1755871200,529.5,531.0,529.0,529.0,0,0,9,10.0
679,-972,MZW,MZWZ25,H1,2025-08-22 15:00:00,1755874800,529.0,532.0,529.0,531.0,0,0,9,11.0
680,-971,MZW,MZWZ25,H1,2025-08-22 16:00:00,1755878400,531.0,531.0,529.5,529.5,0,0,4,11.0
681,-970,MZW,MZWZ25,H1,2025-08-22 17:00:00,1755882000,528.5,529.0,528.5,528.5,0,0,13,11.0
682,-969,MZW,MZWZ25,H1,2025-08-22 18:00:00,1755885600,527.5,527.5,527.0,527.0,0,0,3,11.0
683,-968,MZW,MZWZ25,H1,2025-08-25 00:00:00,1756080000,527.5,530.0,527.5,529.5,0,0,7,11.0
684,-967,MZW,MZWZ25,H1,2025-08-25 01:00:00,1756083600,529.0,529.0,529.0,529.0,0,0,1,11.0
685,-966,MZW,MZWZ25,H1,2025-08-25 02:00:00,1756087200,530.0,531.0,530.0,531.0,0,0,3,11.0
686,-965,MZW,MZWZ25,H1,2025-08-25 03:00:00,1756090800,531.0,531.0,530.0,530.0,0,0,5,10.0
687,-964,MZW,MZWZ25,H1,2025-08-25 06:00:00,1756101600,530.5,530.5,530.5,530.5,0,0,3,10.0
688,-963,MZW,MZWZ25,H1,2025-08-25 07:00:00,1756105200,530.5,530.5,530.5,530.5,0,0,1,10.0
689,-962,MZW,MZWZ25,H1,2025-08-25 08:00:00,1756108800,530.0,530.0,529.0,529.0,0,0,3,10.0
690,-961,MZW,MZWZ25,H1,2025-08-25 10:00:00,1756116000,531.0,531.0,529.0,529.0,0,0,12,10.0
691,-960,MZW,MZWZ25,H1,2025-08-25 11:00:00,1756119600,531.5,531.5,531.5,531.5,0,0,1,10.0
692,-959,MZW,MZWZ25,H1,2025-08-25 12:00:00,1756123200,532.0,532.0,532.0,532.0,0,0,1,10.0
693,-958,MZW,MZWZ25,H1,2025-08-25 13:00:00,1756126800,531.5,533.0,531.5,533.0,0,0,8,10.0
694,-957,MZW,MZWZ25,H1,2025-08-25 14:00:00,1756130400,531.0,534.5,530.5,534.0,0,0,22,10.0
695,-956,MZW,MZWZ25,H1,2025-08-25 15:00:00,1756134000,533.5,535.0,533.0,533.0,0,0,5,10.0
696,-955,MZW,MZWZ25,H1,2025-08-25 16:00:00,1756137600,531.0,531.0,530.0,530.0,0,0,10,10.0
697,-954,MZW,MZWZ25,H1,2025-08-25 17:00:00,1756141200,530.0,531.0,530.0,531.0,0,0,5,10.0
698,-953,MZW,MZWZ25,H1,2025-08-25 18:00:00,1756144800,529.5,530.5,529.5,530.5,0,0,3,10.0
699,-952,MZW,MZWZ25,H1,2025-08-26 00:00:00,1756166400,529.5,529.5,527.5,527.5,0,0,9,10.0
700,-951,MZW,MZWZ25,H1,2025-08-26 01:00:00,1756170000,528.0,528.5,528.0,528.5,0,0,8,10.0
701,-950,MZW,MZWZ25,H1,2025-08-26 03:00:00,1756177200,528.0,528.0,528.0,528.0,0,0,1,10.0
702,-949,MZW,MZWZ25,H1,2025-08-26 04:00:00,1756180800,528.5,528.5,528.5,528.5,0,0,2,10.0
703,-948,MZW,MZWZ25,H1,2025-08-26 05:00:00,1756184400,527.5,527.5,527.5,527.5,0,0,1,10.0
704,-947,MZW,MZWZ25,H1,2025-08-26 06:00:00,1756188000,528.0,528.0,528.0,528.0,0,0,3,10.0
705,-946,MZW,MZWZ25,H1,2025-08-26 08:00:00,1756195200,529.5,529.5,529.0,529.0,0,0,12,10.0
706,-945,MZW,MZWZ25,H1,2025-08-26 09:00:00,1756198800,529.0,531.5,528.5,531.0,0,0,25,10.0
707,-944,MZW,MZWZ25,H1,2025-08-26 10:00:00,1756202400,531.0,531.0,529.0,529.5,0,0,13,10.0
708,-943,MZW,MZWZ25,H1,2025-08-26 11:00:00,1756206000,531.0,531.5,531.0,531.0,0,0,4,10.0
709,-942,MZW,MZWZ25,H1,2025-08-26 12:00:00,1756209600,532.0,532.0,531.5,531.5,0,0,13,10.0
710,-941,MZW,MZWZ25,H1,2025-08-26 13:00:00,1756213200,532.0,533.0,531.5,532.5,0,0,11,10.0
711,-940,MZW,MZWZ25,H1,2025-08-26 14:00:00,1756216800,532.5,532.5,531.0,532.0,0,0,37,10.0
712,-939,MZW,MZWZ25,H1,2025-08-26 15:00:00,1756220400,533.5,534.5,533.0,533.0,0,0,10,11.0
713,-938,MZW,MZWZ25,H1,2025-08-26 16:00:00,1756224000,534.0,534.0,534.0,534.0,0,0,1,10.0
714,-937,MZW,MZWZ25,H1,2025-08-26 17:00:00,1756227600,533.0,533.0,533.0,533.0,0,0,1,10.0
715,-936,MZW,MZWZ25,H1,2025-08-26 18:00:00,1756231200,531.0,532.0,531.0,531.5,1,0,15,10.0
716,-935,MZW,MZWZ25,H1,2025-08-27 00:00:00,1756252800,534.5,534.5,531.0,532.0,2,0,21,11.0
717,-934,MZW,MZWZ25,H1,2025-08-27 01:00:00,1756256400,532.5,532.5,532.5,532.5,0,0,1,11.0
718,-933,MZW,MZWZ25,H1,2025-08-27 03:00:00,1756263600,531.0,531.5,531.0,531.0,0,0,49,11.0
719,-932,MZW,MZWZ25,H1,2025-08-27 04:00:00,1756267200,531.0,531.0,530.5,530.5,0,0,6,11.0
720,-931,MZW,MZWZ25,H1,2025-08-27 05:00:00,1756270800,531.0,531.0,530.5,530.5,0,0,2,10.0
721,-930,MZW,MZWZ25,H1,2025-08-27 06:00:00,1756274400,531.0,531.0,529.5,529.5,0,0,4,10.0
722,-929,MZW,MZWZ25,H1,2025-08-27 07:00:00,1756278000,529.5,529.5,527.5,528.5,0,0,23,10.0
723,-928,MZW,MZWZ25,H1,2025-08-27 08:00:00,1756281600,529.0,529.0,529.0,529.0,0,0,1,9.0
724,-927,MZW,MZWZ25,H1,2025-08-27 09:00:00,1756285200,529.5,529.5,529.0,529.0,0,0,4,10.0
725,-926,MZW,MZWZ25,H1,2025-08-27 11:00:00,1756292400,528.0,528.0,526.0,526.0,0,0,16,10.0
726,-925,MZW,MZWZ25,H1,2025-08-27 12:00:00,1756296000,526.5,526.5,526.0,526.0,0,0,9,10.0
727,-924,MZW,MZWZ25,H1,2025-08-27 13:00:00,1756299600,526.0,526.0,523.5,525.0,0,0,23,10.0
728,-923,MZW,MZWZ25,H1,2025-08-27 14:00:00,1756303200,525.5,527.0,525.0,525.0,0,0,64,11.0
729,-922,MZW,MZWZ25,H1,2025-08-27 15:00:00,1756306800,525.5,525.5,525.5,525.5,0,0,4,11.0
730,-921,MZW,MZWZ25,H1,2025-08-27 16:00:00,1756310400,524.0,525.0,524.0,524.0,0,0,6,10.0
731,-920,MZW,MZWZ25,H1,2025-08-27 17:00:00,1756314000,524.5,525.0,524.0,524.0,0,0,9,10.0
732,-919,MZW,MZWZ25,H1,2025-08-27 18:00:00,1756317600,523.5,525.0,523.5,525.0,0,0,6,10.0
733,-918,MZW,MZWZ25,H1,2025-08-28 00:00:00,1756339200,523.0,525.0,521.0,525.0,0,0,14,10.0
734,-917,MZW,MZWZ25,H1,2025-08-28 01:00:00,1756342800,524.5,524.5,524.5,524.5,0,0,2,10.0
735,-916,MZW,MZWZ25,H1,2025-08-28 03:00:00,1756350000,524.5,524.5,524.5,524.5,0,0,4,10.0
736,-915,MZW,MZWZ25,H1,2025-08-28 04:00:00,1756353600,525.5,525.5,525.5,525.5,0,0,2,10.0
737,-914,MZW,MZWZ25,H1,2025-08-28 06:00:00,1756360800,525.0,525.0,525.0,525.0,0,0,3,10.0
738,-913,MZW,MZWZ25,H1,2025-08-28 07:00:00,1756364400,525.5,525.5,524.5,524.5,0,0,9,10.0
739,-912,MZW,MZWZ25,H1,2025-08-28 08:00:00,1756368000,524.0,524.0,523.0,523.0,0,0,15,10.0
740,-911,MZW,MZWZ25,H1,2025-08-28 10:00:00,1756375200,523.0,523.0,523.0,523.0,0,0,1,10.0
741,-910,MZW,MZWZ25,H1,2025-08-28 12:00:00,1756382400,522.0,522.0,520.5,520.5,0,0,12,10.0
742,-909,MZW,MZWZ25,H1,2025-08-28 13:00:00,1756386000,521.5,522.0,521.5,522.0,0,0,13,10.0
743,-908,MZW,MZWZ25,H1,2025-08-28 14:00:00,1756389600,522.0,522.0,520.5,521.0,0,0,19,10.0
744,-907,MZW,MZWZ25,H1,2025-08-28 15:00:00,1756393200,520.5,523.0,520.5,522.5,0,0,4,10.0
745,-906,MZW,MZWZ25,H1,2025-08-28 16:00:00,1756396800,523.5,524.5,522.5,524.5,0,0,21,10.0
746,-905,MZW,MZWZ25,H1,2025-08-28 17:00:00,1756400400,525.0,529.0,525.0,529.0,0,0,27,11.0
747,-904,MZW,MZWZ25,H1,2025-08-28 18:00:00,1756404000,529.5,530.0,529.0,530.0,0,0,7,10.0
748,-903,MZW,MZWZ25,H1,2025-08-29 00:00:00,1756425600,529.0,531.5,529.0,529.0,0,0,29,10.0
749,-902,MZW,MZWZ25,H1,2025-08-29 02:00:00,1756432800,529.0,529.0,529.0,529.0,0,0,5,10.0
750,-901,MZW,MZWZ25,H1,2025-08-29 03:00:00,1756436400,529.0,529.0,529.0,529.0,0,0,4,10.0
751,-900,MZW,MZWZ25,H1,2025-08-29 04:00:00,1756440000,529.5,529.5,529.5,529.5,0,0,4,10.0
752,-899,MZW,MZWZ25,H1,2025-08-29 07:00:00,1756450800,530.5,531.0,529.5,530.0,0,0,53,11.0
753,-898,MZW,MZWZ25,H1,2025-08-29 08:00:00,1756454400,529.5,529.5,529.5,529.5,0,0,1,10.0
754,-897,MZW,MZWZ25,H1,2025-08-29 10:00:00,1756461600,528.0,528.5,528.0,528.5,0,0,3,10.0
755,-896,MZW,MZWZ25,H1,2025-08-29 11:00:00,1756465200,528.5,529.0,528.0,529.0,0,0,11,11.0
756,-895,MZW,MZWZ25,H1,2025-08-29 13:00:00,1756472400,529.5,529.5,529.0,529.5,0,0,12,11.0
757,-894,MZW,MZWZ25,H1,2025-08-29 14:00:00,1756476000,528.5,531.5,528.5,531.5,0,0,7,11.0
758,-893,MZW,MZWZ25,H1,2025-08-29 15:00:00,1756479600,529.0,532.0,529.0,532.0,0,0,13,11.0
759,-892,MZW,MZWZ25,H1,2025-08-29 16:00:00,1756483200,532.5,533.5,532.5,532.5,0,0,15,11.0
760,-891,MZW,MZWZ25,H1,2025-08-29 17:00:00,1756486800,534.0,534.0,533.0,533.0,0,0,6,11.0
761,-890,MZW,MZWZ25,H1,2025-08-29 18:00:00,1756490400,533.0,534.5,533.0,533.5,0,0,14,11.0
762,-889,MZW,MZWZ25,H1,2025-09-02 00:00:00,1756771200,529.0,530.0,528.0,530.0,0,0,19,11.0
763,-888,MZW,MZWZ25,H1,2025-09-02 02:00:00,1756778400,529.5,529.5,529.5,529.5,0,0,2,11.0
764,-887,MZW,MZWZ25,H1,2025-09-02 03:00:00,1756782000,529.5,529.5,529.5,529.5,0,0,2,11.0
765,-886,MZW,MZWZ25,H1,2025-09-02 04:00:00,1756785600,529.0,529.0,528.0,528.0,0,0,6,11.0
766,-885,MZW,MZWZ25,H1,2025-09-02 05:00:00,1756789200,528.5,528.5,528.5,528.5,0,0,1,11.0
767,-884,MZW,MZWZ25,H1,2025-09-02 06:00:00,1756792800,530.5,530.5,529.5,529.5,0,0,5,11.0
768,-883,MZW,MZWZ25,H1,2025-09-02 07:00:00,1756796400,528.0,528.0,526.0,526.0,0,0,9,11.0
769,-882,MZW,MZWZ25,H1,2025-09-02 08:00:00,1756800000,525.0,527.0,525.0,527.0,0,0,38,12.0
770,-881,MZW,MZWZ25,H1,2025-09-02 09:00:00,1756803600,527.0,527.0,527.0,527.0,0,0,2,12.0
771,-880,MZW,MZWZ25,H1,2025-09-02 10:00:00,1756807200,526.0,526.0,525.5,525.5,0,0,3,11.0
772,-879,MZW,MZWZ25,H1,2025-09-02 11:00:00,1756810800,527.0,527.0,525.0,525.0,0,0,5,11.0
773,-878,MZW,MZWZ25,H1,2025-09-02 12:00:00,1756814400,525.0,525.0,523.5,524.0,0,0,37,12.0
774,-877,MZW,MZWZ25,H1,2025-09-02 13:00:00,1756818000,524.0,524.0,523.0,523.5,0,0,11,12.0
775,-876,MZW,MZWZ25,H1,2025-09-02 14:00:00,1756821600,523.5,527.5,522.5,527.5,0,0,27,12.0
776,-875,MZW,MZWZ25,H1,2025-09-02 15:00:00,1756825200,527.0,527.0,524.5,524.5,1,0,33,13.0
777,-874,MZW,MZWZ25,H1,2025-09-02 16:00:00,1756828800,524.5,525.5,524.5,525.5,0,0,15,13.0
778,-873,MZW,MZWZ25,H1,2025-09-02 17:00:00,1756832400,525.0,527.0,525.0,526.5,0,0,5,13.0
779,-872,MZW,MZWZ25,H1,2025-09-02 18:00:00,1756836000,527.0,529.0,527.0,528.0,0,0,11,13.0
780,-871,MZW,MZWZ25,H1,2025-09-03 00:00:00,1756857600,529.5,529.5,529.0,529.0,0,0,22,13.0
781,-870,MZW,MZWZ25,H1,2025-09-03 01:00:00,1756861200,529.0,529.0,528.5,528.5,0,0,2,13.0
782,-869,MZW,MZWZ25,H1,2025-09-03 02:00:00,1756864800,528.5,528.5,528.5,528.5,0,0,2,12.0
783,-868,MZW,MZWZ25,H1,2025-09-03 03:00:00,1756868400,528.0,528.0,528.0,528.0,0,0,1,12.0
784,-867,MZW,MZWZ25,H1,2025-09-03 05:00:00,1756875600,528.5,528.5,528.5,528.5,0,0,2,12.0
785,-866,MZW,MZWZ25,H1,2025-09-03 06:00:00,1756879200,528.5,528.5,528.5,528.5,0,0,5,12.0
786,-865,MZW,MZWZ25,H1,2025-09-03 07:00:00,1756882800,529.0,529.0,529.0,529.0,0,0,2,12.0
787,-864,MZW,MZWZ25,H1,2025-09-03 08:00:00,1756886400,529.0,529.0,528.0,528.0,0,0,2,12.0
788,-863,MZW,MZWZ25,H1,2025-09-03 09:00:00,1756890000,528.0,528.0,527.5,527.5,0,0,10,12.0
789,-862,MZW,MZWZ25,H1,2025-09-03 10:00:00,1756893600,527.5,528.0,527.5,528.0,0,0,5,12.0
790,-861,MZW,MZWZ25,H1,2025-09-03 11:00:00,1756897200,528.0,528.0,527.0,527.0,0,0,6,11.0
791,-860,MZW,MZWZ25,H1,2025-09-03 12:00:00,1756900800,526.0,527.0,526.0,526.5,0,0,6,11.0
792,-859,MZW,MZWZ25,H1,2025-09-03 13:00:00,1756904400,528.0,530.0,528.0,528.0,0,0,44,12.0
793,-858,MZW,MZWZ25,H1,2025-09-03 14:00:00,1756908000,525.0,525.5,523.0,523.0,0,0,9,12.0
794,-857,MZW,MZWZ25,H1,2025-09-03 15:00:00,1756911600,523.5,523.5,523.0,523.0,0,0,15,12.0
795,-856,MZW,MZWZ25,H1,2025-09-03 16:00:00,1756915200,523.0,523.5,523.0,523.5,0,0,5,12.0
796,-855,MZW,MZWZ25,H1,2025-09-03 17:00:00,1756918800,523.0,523.5,522.5,522.5,0,0,11,12.0
797,-854,MZW,MZWZ25,H1,2025-09-03 18:00:00,1756922400,522.0,523.0,522.0,522.5,0,0,7,12.0
798,-853,MZW,MZWZ25,H1,2025-09-04 00:00:00,1756944000,521.0,522.5,521.0,521.5,0,0,17,12.0
799,-852,MZW,MZWZ25,H1,2025-09-04 01:00:00,1756947600,520.5,521.0,520.5,521.0,0,0,4,11.0
800,-851,MZW,MZWZ25,H1,2025-09-04 02:00:00,1756951200,520.0,521.0,520.0,520.0,0,0,8,11.0
801,-850,MZW,MZWZ25,H1,2025-09-04 05:00:00,1756962000,521.0,521.0,521.0,521.0,0,0,2,11.0
802,-849,MZW,MZWZ25,H1,2025-09-04 06:00:00,1756965600,520.0,520.0,520.0,520.0,0,0,3,11.0
803,-848,MZW,MZWZ25,H1,2025-09-04 07:00:00,1756969200,520.0,520.0,520.0,520.0,0,0,1,11.0
804,-847,MZW,MZWZ25,H1,2025-09-04 08:00:00,1756972800,519.5,519.5,517.5,517.5,0,0,15,11.0
805,-846,MZW,MZWZ25,H1,2025-09-04 09:00:00,1756976400,517.0,517.5,516.5,516.5,0,0,55,11.0
806,-845,MZW,MZWZ25,H1,2025-09-04 10:00:00,1756980000,516.5,517.5,516.0,516.0,0,0,23,12.0
807,-844,MZW,MZWZ25,H1,2025-09-04 11:00:00,1756983600,515.5,516.0,515.0,515.5,0,0,25,12.0
808,-843,MZW,MZWZ25,H1,2025-09-04 12:00:00,1756987200,516.0,516.0,516.0,516.0,0,0,2,12.0
809,-842,MZW,MZWZ25,H1,2025-09-04 13:00:00,1756990800,517.0,518.0,514.5,515.5,0,0,42,12.0
810,-841,MZW,MZWZ25,H1,2025-09-04 14:00:00,1756994400,515.5,516.5,515.0,515.5,0,0,44,13.0
811,-840,MZW,MZWZ25,H1,2025-09-04 15:00:00,1756998000,515.0,517.5,515.0,517.0,0,0,13,13.0
812,-839,MZW,MZWZ25,H1,2025-09-04 16:00:00,1757001600,517.0,519.0,517.0,519.0,0,0,11,13.0
813,-838,MZW,MZWZ25,H1,2025-09-04 17:00:00,1757005200,518.0,518.5,518.0,518.5,0,0,2,13.0
814,-837,MZW,MZWZ25,H1,2025-09-04 18:00:00,1757008800,519.5,520.5,519.5,520.5,0,0,9,13.0
815,-836,MZW,MZWZ25,H1,2025-09-05 00:00:00,1757030400,521.0,521.0,519.5,519.5,0,0,2,13.0
816,-835,MZW,MZWZ25,H1,2025-09-05 01:00:00,1757034000,519.5,520.0,519.5,520.0,0,0,6,13.0
817,-834,MZW,MZWZ25,H1,2025-09-05 02:00:00,1757037600,520.5,520.5,520.5,520.5,0,0,2,12.0
818,-833,MZW,MZWZ25,H1,2025-09-05 03:00:00,1757041200,520.0,520.5,520.0,520.0,0,0,7,12.0
296,-671,MZW,MZWH26,H1,2025-09-05 04:00:00,1757044800,536.0,536.0,536.0,536.0,0,0,1,3.0
819,-832,MZW,MZWZ25,H1,2025-09-05 05:00:00,1757048400,519.5,519.5,519.5,519.5,0,0,1,12.0
820,-831,MZW,MZWZ25,H1,2025-09-05 07:00:00,1757055600,520.0,520.0,520.0,520.0,0,0,4,12.0
821,-830,MZW,MZWZ25,H1,2025-09-05 08:00:00,1757059200,520.5,523.0,520.5,522.0,0,0,17,12.0
822,-829,MZW,MZWZ25,H1,2025-09-05 09:00:00,1757062800,522.5,523.0,522.0,522.0,0,0,14,12.0
823,-828,MZW,MZWZ25,H1,2025-09-05 10:00:00,1757066400,522.0,523.0,522.0,522.5,0,0,4,12.0
824,-827,MZW,MZWZ25,H1,2025-09-05 11:00:00,1757070000,524.0,524.0,522.5,523.0,0,0,7,11.0
825,-826,MZW,MZWZ25,H1,2025-09-05 12:00:00,1757073600,523.0,523.0,521.5,521.5,0,0,2,11.0
826,-825,MZW,MZWZ25,H1,2025-09-05 13:00:00,1757077200,520.0,522.5,520.0,522.5,0,0,2,11.0
827,-824,MZW,MZWZ25,H1,2025-09-05 14:00:00,1757080800,521.5,522.5,521.5,522.0,0,0,5,11.0
828,-823,MZW,MZWZ25,H1,2025-09-05 15:00:00,1757084400,522.0,522.0,520.5,520.5,0,0,4,11.0
829,-822,MZW,MZWZ25,H1,2025-09-05 16:00:00,1757088000,521.5,521.5,520.0,520.0,0,0,3,11.0
830,-821,MZW,MZWZ25,H1,2025-09-05 17:00:00,1757091600,521.5,521.5,521.0,521.0,0,0,5,11.0
831,-820,MZW,MZWZ25,H1,2025-09-05 18:00:00,1757095200,520.0,520.0,518.5,518.5,0,0,6,11.0
832,-819,MZW,MZWZ25,H1,2025-09-08 00:00:00,1757289600,518.0,518.5,517.0,517.0,0,0,12,11.0
833,-818,MZW,MZWZ25,H1,2025-09-08 01:00:00,1757293200,518.0,518.0,518.0,518.0,0,0,5,11.0
834,-817,MZW,MZWZ25,H1,2025-09-08 02:00:00,1757296800,519.0,519.0,519.0,519.0,0,0,1,10.0
299,-668,MZW,MZWH26,H1,2025-09-08 03:00:00,1757300400,535.0,535.0,535.0,535.0,0,0,1,3.0
835,-816,MZW,MZWZ25,H1,2025-09-08 04:00:00,1757304000,518.0,518.0,518.0,518.0,0,0,5,10.0
836,-815,MZW,MZWZ25,H1,2025-09-08 06:00:00,1757311200,517.5,518.0,516.5,518.0,0,0,15,11.0
837,-814,MZW,MZWZ25,H1,2025-09-08 07:00:00,1757314800,518.5,518.5,518.0,518.0,0,0,6,11.0
838,-813,MZW,MZWZ25,H1,2025-09-08 08:00:00,1757318400,517.5,518.0,517.0,518.0,0,0,5,11.0
839,-812,MZW,MZWZ25,H1,2025-09-08 09:00:00,1757322000,520.5,520.5,520.5,520.5,0,0,1,11.0
840,-811,MZW,MZWZ25,H1,2025-09-08 10:00:00,1757325600,519.5,520.0,519.5,520.0,0,0,2,11.0
841,-810,MZW,MZWZ25,H1,2025-09-08 11:00:00,1757329200,521.0,521.0,520.5,520.5,0,0,2,10.0
842,-809,MZW,MZWZ25,H1,2025-09-08 13:00:00,1757336400,521.0,522.0,519.0,520.0,0,0,11,10.0
843,-808,MZW,MZWZ25,H1,2025-09-08 14:00:00,1757340000,521.5,521.5,521.5,521.5,0,0,1,10.0
844,-807,MZW,MZWZ25,H1,2025-09-08 15:00:00,1757343600,522.5,522.5,522.5,522.5,0,0,3,10.0
845,-806,MZW,MZWZ25,H1,2025-09-08 16:00:00,1757347200,523.0,524.0,522.0,522.5,0,0,19,10.0
846,-805,MZW,MZWZ25,H1,2025-09-08 17:00:00,1757350800,524.0,524.0,524.0,524.0,0,0,6,10.0
847,-804,MZW,MZWZ25,H1,2025-09-08 18:00:00,1757354400,523.5,523.5,523.5,523.5,0,0,2,9.0
38,-271,MZW,MZWK26,H1,2025-09-09 00:00:00,1757376000,552.5,552.5,552.5,552.5,0,0,1,3.0
848,-803,MZW,MZWZ25,H1,2025-09-09 04:00:00,1757390400,523.5,523.5,523.0,523.0,0,0,23,9.0
849,-802,MZW,MZWZ25,H1,2025-09-09 05:00:00,1757394000,523.5,524.5,523.5,523.5,0,0,66,10.0
850,-801,MZW,MZWZ25,H1,2025-09-09 06:00:00,1757397600,523.5,523.5,523.5,523.5,0,0,2,10.0
851,-800,MZW,MZWZ25,H1,2025-09-09 07:00:00,1757401200,522.5,522.5,522.5,522.5,0,0,1,10.0
852,-799,MZW,MZWZ25,H1,2025-09-09 08:00:00,1757404800,524.0,524.0,523.0,523.0,0,0,4,10.0
853,-798,MZW,MZWZ25,H1,2025-09-09 09:00:00,1757408400,523.0,523.0,522.0,522.0,0,0,9,10.0
854,-797,MZW,MZWZ25,H1,2025-09-09 10:00:00,1757412000,524.0,524.5,524.0,524.5,0,0,3,10.0
855,-796,MZW,MZWZ25,H1,2025-09-09 13:00:00,1757422800,521.0,522.5,521.0,522.5,0,0,24,10.0
856,-795,MZW,MZWZ25,H1,2025-09-09 14:00:00,1757426400,523.0,524.5,522.0,522.0,0,0,12,10.0
857,-794,MZW,MZWZ25,H1,2025-09-09 15:00:00,1757430000,522.0,522.0,522.0,522.0,0,0,4,10.0
858,-793,MZW,MZWZ25,H1,2025-09-09 16:00:00,1757433600,521.0,521.5,520.5,521.5,0,0,7,10.0
859,-792,MZW,MZWZ25,H1,2025-09-09 17:00:00,1757437200,521.5,522.0,521.5,522.0,0,0,3,10.0
860,-791,MZW,MZWZ25,H1,2025-09-09 18:00:00,1757440800,520.5,520.5,520.5,520.5,0,0,2,10.0
861,-790,MZW,MZWZ25,H1,2025-09-10 00:00:00,1757462400,520.5,520.5,517.0,520.0,0,0,31,11.0
862,-789,MZW,MZWZ25,H1,2025-09-10 02:00:00,1757469600,520.5,520.5,520.0,520.0,0,0,8,11.0
863,-788,MZW,MZWZ25,H1,2025-09-10 03:00:00,1757473200,520.0,520.0,520.0,520.0,0,0,1,10.0
305,-662,MZW,MZWH26,H1,2025-09-10 04:00:00,1757476800,537.5,537.5,537.5,537.5,0,0,1,3.0
864,-787,MZW,MZWZ25,H1,2025-09-10 05:00:00,1757480400,521.5,522.5,521.5,522.5,0,0,2,10.0
865,-786,MZW,MZWZ25,H1,2025-09-10 06:00:00,1757484000,521.5,522.5,521.5,522.5,0,0,4,10.0
866,-785,MZW,MZWZ25,H1,2025-09-10 07:00:00,1757487600,520.5,520.5,520.5,520.5,0,0,2,10.0
867,-784,MZW,MZWZ25,H1,2025-09-10 08:00:00,1757491200,522.0,522.0,521.5,521.5,0,0,2,10.0
868,-783,MZW,MZWZ25,H1,2025-09-10 09:00:00,1757494800,521.5,522.0,520.0,520.0,0,0,5,10.0
42,-267,MZW,MZWK26,H1,2025-09-10 10:00:00,1757498400,549.0,549.0,549.0,549.0,0,0,2,3.0
869,-782,MZW,MZWZ25,H1,2025-09-10 11:00:00,1757502000,519.5,519.5,519.5,519.5,0,0,4,9.0
870,-781,MZW,MZWZ25,H1,2025-09-10 12:00:00,1757505600,522.0,522.0,522.0,522.0,0,0,1,9.0
871,-780,MZW,MZWZ25,H1,2025-09-10 13:00:00,1757509200,519.0,520.0,518.0,520.0,0,0,8,9.0
872,-779,MZW,MZWZ25,H1,2025-09-10 14:00:00,1757512800,518.0,518.0,517.5,518.0,0,0,11,9.0
873,-778,MZW,MZWZ25,H1,2025-09-10 15:00:00,1757516400,517.0,518.0,517.0,518.0,0,0,3,9.0
874,-777,MZW,MZWZ25,H1,2025-09-10 16:00:00,1757520000,516.5,516.5,516.0,516.0,0,0,8,9.0
875,-776,MZW,MZWZ25,H1,2025-09-10 17:00:00,1757523600,515.5,516.5,515.5,516.5,0,0,10,10.0
876,-775,MZW,MZWZ25,H1,2025-09-10 18:00:00,1757527200,516.0,516.0,515.0,515.0,0,0,2,9.0
877,-774,MZW,MZWZ25,H1,2025-09-11 00:00:00,1757548800,514.5,515.0,514.0,515.0,0,0,17,9.0
878,-773,MZW,MZWZ25,H1,2025-09-11 02:00:00,1757556000,516.0,516.0,516.0,516.0,0,0,1,9.0
879,-772,MZW,MZWZ25,H1,2025-09-11 03:00:00,1757559600,516.0,516.0,515.5,516.0,0,0,5,8.0
880,-771,MZW,MZWZ25,H1,2025-09-11 05:00:00,1757566800,517.0,517.5,516.5,516.5,0,0,8,8.0
881,-770,MZW,MZWZ25,H1,2025-09-11 06:00:00,1757570400,516.5,516.5,516.5,516.5,0,0,3,8.0
882,-769,MZW,MZWZ25,H1,2025-09-11 07:00:00,1757574000,515.5,515.5,515.5,515.5,0,0,2,7.0
883,-768,MZW,MZWZ25,H1,2025-09-11 08:00:00,1757577600,515.0,515.0,515.0,515.0,0,0,1,7.0
884,-767,MZW,MZWZ25,H1,2025-09-11 09:00:00,1757581200,515.0,515.0,515.0,515.0,0,0,2,7.0
885,-766,MZW,MZWZ25,H1,2025-09-11 10:00:00,1757584800,515.0,515.0,514.0,514.0,0,0,6,7.0
886,-765,MZW,MZWZ25,H1,2025-09-11 11:00:00,1757588400,515.0,515.0,513.5,513.5,0,0,14,7.0
887,-764,MZW,MZWZ25,H1,2025-09-11 12:00:00,1757592000,513.5,514.0,513.0,513.0,0,0,13,7.0
888,-763,MZW,MZWZ25,H1,2025-09-11 13:00:00,1757595600,513.0,516.5,513.0,516.0,0,0,22,7.0
889,-762,MZW,MZWZ25,H1,2025-09-11 14:00:00,1757599200,517.0,519.0,516.0,518.5,0,0,26,8.0
890,-761,MZW,MZWZ25,H1,2025-09-11 15:00:00,1757602800,517.5,518.0,517.0,518.0,0,0,3,8.0
891,-760,MZW,MZWZ25,H1,2025-09-11 16:00:00,1757606400,518.5,520.5,518.5,520.5,0,0,22,8.0
892,-759,MZW,MZWZ25,H1,2025-09-11 17:00:00,1757610000,520.5,522.0,520.0,522.0,0,0,21,8.0
893,-758,MZW,MZWZ25,H1,2025-09-11 18:00:00,1757613600,521.5,521.5,521.0,521.0,0,0,5,8.0
894,-757,MZW,MZWZ25,H1,2025-09-12 00:00:00,1757635200,521.5,521.5,521.5,521.5,0,0,1,8.0
895,-756,MZW,MZWZ25,H1,2025-09-12 01:00:00,1757638800,521.0,521.0,521.0,521.0,0,0,1,8.0
896,-755,MZW,MZWZ25,H1,2025-09-12 02:00:00,1757642400,520.0,520.0,519.5,519.5,0,0,2,8.0
897,-754,MZW,MZWZ25,H1,2025-09-12 04:00:00,1757649600,520.5,520.5,520.5,520.5,0,0,4,8.0
898,-753,MZW,MZWZ25,H1,2025-09-12 05:00:00,1757653200,520.5,520.5,520.5,520.5,0,0,2,8.0
899,-752,MZW,MZWZ25,H1,2025-09-12 06:00:00,1757656800,520.5,520.5,520.0,520.0,0,0,12,8.0
900,-751,MZW,MZWZ25,H1,2025-09-12 07:00:00,1757660400,521.0,521.0,521.0,521.0,0,0,1,8.0
901,-750,MZW,MZWZ25,H1,2025-09-12 08:00:00,1757664000,521.0,521.0,520.5,521.0,0,0,14,8.0
902,-749,MZW,MZWZ25,H1,2025-09-12 11:00:00,1757674800,522.0,522.0,520.5,520.5,0,0,6,8.0
903,-748,MZW,MZWZ25,H1,2025-09-12 12:00:00,1757678400,520.0,521.0,518.5,518.5,0,0,12,8.0
904,-747,MZW,MZWZ25,H1,2025-09-12 13:00:00,1757682000,518.0,519.0,517.0,519.0,0,0,38,8.0
905,-746,MZW,MZWZ25,H1,2025-09-12 14:00:00,1757685600,519.0,521.0,519.0,519.0,0,0,8,9.0
906,-745,MZW,MZWZ25,H1,2025-09-12 15:00:00,1757689200,518.5,520.0,518.5,519.0,0,0,16,9.0
907,-744,MZW,MZWZ25,H1,2025-09-12 16:00:00,1757692800,517.0,517.0,516.0,516.5,0,0,28,9.0
908,-743,MZW,MZWZ25,H1,2025-09-12 17:00:00,1757696400,520.0,522.0,520.0,521.0,0,0,32,9.0
909,-742,MZW,MZWZ25,H1,2025-09-12 18:00:00,1757700000,523.0,523.5,523.0,523.0,0,0,3,9.0
910,-741,MZW,MZWZ25,H1,2025-09-15 00:00:00,1757894400,524.0,524.0,524.0,524.0,0,0,4,9.0
911,-740,MZW,MZWZ25,H1,2025-09-15 01:00:00,1757898000,523.0,524.0,523.0,523.5,0,0,4,9.0
912,-739,MZW,MZWZ25,H1,2025-09-15 02:00:00,1757901600,523.5,523.5,523.5,523.5,0,0,2,9.0
913,-738,MZW,MZWZ25,H1,2025-09-15 03:00:00,1757905200,524.0,524.0,524.0,524.0,0,0,2,9.0
53,-256,MZW,MZWK26,H1,2025-09-15 04:00:00,1757908800,552.0,552.0,552.0,552.0,0,0,1,3.0
914,-737,MZW,MZWZ25,H1,2025-09-15 06:00:00,1757916000,524.5,525.0,524.5,524.5,0,0,11,9.0
915,-736,MZW,MZWZ25,H1,2025-09-15 07:00:00,1757919600,524.5,524.5,524.5,524.5,0,0,8,9.0
916,-735,MZW,MZWZ25,H1,2025-09-15 08:00:00,1757923200,522.5,522.5,521.5,522.0,0,0,33,10.0
917,-734,MZW,MZWZ25,H1,2025-09-15 09:00:00,1757926800,522.0,522.0,522.0,522.0,0,0,1,10.0
918,-733,MZW,MZWZ25,H1,2025-09-15 10:00:00,1757930400,521.0,522.5,521.0,522.5,0,0,15,10.0
919,-732,MZW,MZWZ25,H1,2025-09-15 11:00:00,1757934000,523.5,526.0,523.5,526.0,0,0,24,10.0
920,-731,MZW,MZWZ25,H1,2025-09-15 12:00:00,1757937600,524.5,526.0,524.5,525.5,0,0,12,10.0
921,-730,MZW,MZWZ25,H1,2025-09-15 13:00:00,1757941200,525.5,529.0,524.0,528.0,0,0,26,9.0
922,-729,MZW,MZWZ25,H1,2025-09-15 14:00:00,1757944800,528.0,528.5,526.5,528.0,0,0,29,10.0
923,-728,MZW,MZWZ25,H1,2025-09-15 15:00:00,1757948400,527.0,527.0,524.5,524.5,0,0,11,10.0
924,-727,MZW,MZWZ25,H1,2025-09-15 16:00:00,1757952000,525.5,526.0,525.5,526.0,0,0,3,10.0
925,-726,MZW,MZWZ25,H1,2025-09-15 17:00:00,1757955600,525.0,525.5,524.5,525.0,0,0,15,10.0
926,-725,MZW,MZWZ25,H1,2025-09-15 18:00:00,1757959200,525.0,525.0,525.0,525.0,0,0,1,10.0
60,-249,MZW,MZWK26,H1,2025-09-16 00:00:00,1757980800,554.5,554.5,554.5,554.5,0,0,1,3.0
927,-724,MZW,MZWZ25,H1,2025-09-16 01:00:00,1757984400,526.5,527.0,526.5,527.0,0,0,6,10.0
928,-723,MZW,MZWZ25,H1,2025-09-16 02:00:00,1757988000,526.5,526.5,526.5,526.5,0,0,2,9.0
929,-722,MZW,MZWZ25,H1,2025-09-16 04:00:00,1757995200,527.0,527.0,527.0,527.0,0,0,1,9.0
930,-721,MZW,MZWZ25,H1,2025-09-16 09:00:00,1758013200,526.5,526.5,525.5,525.5,0,0,3,9.0
931,-720,MZW,MZWZ25,H1,2025-09-16 11:00:00,1758020400,528.0,528.5,528.0,528.5,0,0,2,9.0
932,-719,MZW,MZWZ25,H1,2025-09-16 12:00:00,1758024000,529.0,529.0,529.0,529.0,0,0,3,9.0
933,-718,MZW,MZWZ25,H1,2025-09-16 13:00:00,1758027600,529.5,531.5,529.5,530.5,0,0,21,9.0
934,-717,MZW,MZWZ25,H1,2025-09-16 14:00:00,1758031200,531.0,532.0,531.0,531.0,0,0,15,9.0
935,-716,MZW,MZWZ25,H1,2025-09-16 15:00:00,1758034800,532.0,534.0,532.0,533.5,0,0,27,10.0
936,-715,MZW,MZWZ25,H1,2025-09-16 16:00:00,1758038400,532.5,533.5,532.5,533.5,0,0,7,10.0
937,-714,MZW,MZWZ25,H1,2025-09-16 17:00:00,1758042000,533.0,534.0,533.0,534.0,0,0,40,10.0
938,-713,MZW,MZWZ25,H1,2025-09-16 18:00:00,1758045600,534.0,534.0,533.0,533.0,0,0,7,10.0
939,-712,MZW,MZWZ25,H1,2025-09-17 00:00:00,1758067200,533.0,533.0,533.0,533.0,0,0,3,10.0
940,-711,MZW,MZWZ25,H1,2025-09-17 02:00:00,1758074400,533.0,533.0,533.0,533.0,0,0,2,10.0
941,-710,MZW,MZWZ25,H1,2025-09-17 03:00:00,1758078000,533.0,533.0,533.0,533.0,0,0,1,10.0
942,-709,MZW,MZWZ25,H1,2025-09-17 04:00:00,1758081600,533.0,533.0,533.0,533.0,0,0,1,10.0
943,-708,MZW,MZWZ25,H1,2025-09-17 05:00:00,1758085200,533.0,533.0,532.5,532.5,0,0,2,10.0
944,-707,MZW,MZWZ25,H1,2025-09-17 06:00:00,1758088800,532.0,532.5,532.0,532.5,0,0,4,10.0
945,-706,MZW,MZWZ25,H1,2025-09-17 07:00:00,1758092400,532.0,532.0,531.5,531.5,0,0,5,10.0
946,-705,MZW,MZWZ25,H1,2025-09-17 08:00:00,1758096000,531.5,533.5,531.5,533.5,0,0,2,10.0
947,-704,MZW,MZWZ25,H1,2025-09-17 09:00:00,1758099600,534.0,535.5,534.0,535.5,0,0,42,10.0
948,-703,MZW,MZWZ25,H1,2025-09-17 10:00:00,1758103200,534.0,534.0,533.5,533.5,0,0,5,10.0
949,-702,MZW,MZWZ25,H1,2025-09-17 11:00:00,1758106800,533.5,533.5,533.0,533.0,0,0,6,10.0
950,-701,MZW,MZWZ25,H1,2025-09-17 13:00:00,1758114000,535.0,535.5,533.0,533.0,0,0,19,11.0
951,-700,MZW,MZWZ25,H1,2025-09-17 14:00:00,1758117600,532.5,533.0,532.0,533.0,0,0,11,11.0
952,-699,MZW,MZWZ25,H1,2025-09-17 15:00:00,1758121200,533.0,533.0,529.5,529.5,0,0,13,11.0
953,-698,MZW,MZWZ25,H1,2025-09-17 16:00:00,1758124800,528.5,528.5,527.5,527.5,0,0,13,11.0
954,-697,MZW,MZWZ25,H1,2025-09-17 17:00:00,1758128400,527.5,527.5,526.0,527.5,0,0,15,11.0
955,-696,MZW,MZWZ25,H1,2025-09-17 18:00:00,1758132000,528.0,528.5,528.0,528.0,0,0,3,11.0
956,-695,MZW,MZWZ25,H1,2025-09-18 00:00:00,1758153600,528.0,528.0,528.0,528.0,0,0,1,11.0
957,-694,MZW,MZWZ25,H1,2025-09-18 01:00:00,1758157200,529.0,529.0,529.0,529.0,0,0,1,11.0
958,-693,MZW,MZWZ25,H1,2025-09-18 05:00:00,1758171600,528.5,528.5,528.5,528.5,0,0,2,11.0
959,-692,MZW,MZWZ25,H1,2025-09-18 06:00:00,1758175200,528.0,528.0,527.5,527.5,0,0,2,11.0
334,-633,MZW,MZWH26,H1,2025-09-18 07:00:00,1758178800,546.5,546.5,546.5,546.5,0,0,1,2.0
960,-691,MZW,MZWZ25,H1,2025-09-18 08:00:00,1758182400,530.0,530.0,530.0,530.0,0,0,3,10.0
961,-690,MZW,MZWZ25,H1,2025-09-18 09:00:00,1758186000,530.0,531.0,530.0,531.0,0,0,4,10.0
962,-689,MZW,MZWZ25,H1,2025-09-18 10:00:00,1758189600,530.0,530.5,530.0,530.5,0,0,14,10.0
963,-688,MZW,MZWZ25,H1,2025-09-18 11:00:00,1758193200,532.0,532.0,532.0,532.0,0,0,1,10.0
964,-687,MZW,MZWZ25,H1,2025-09-18 12:00:00,1758196800,530.5,530.5,530.5,530.5,0,0,3,10.0
965,-686,MZW,MZWZ25,H1,2025-09-18 13:00:00,1758200400,529.0,529.0,529.0,529.0,0,0,1,10.0
966,-685,MZW,MZWZ25,H1,2025-09-18 14:00:00,1758204000,528.0,528.0,528.0,528.0,0,0,2,10.0
967,-684,MZW,MZWZ25,H1,2025-09-18 15:00:00,1758207600,527.0,527.0,525.5,525.5,0,0,12,10.0
968,-683,MZW,MZWZ25,H1,2025-09-18 16:00:00,1758211200,525.0,525.5,525.0,525.5,0,0,2,10.0
969,-682,MZW,MZWZ25,H1,2025-09-18 17:00:00,1758214800,523.5,523.5,523.5,523.5,0,0,3,10.0
970,-681,MZW,MZWZ25,H1,2025-09-18 18:00:00,1758218400,524.0,524.5,524.0,524.5,0,0,3,10.0
971,-680,MZW,MZWZ25,H1,2025-09-19 00:00:00,1758240000,523.5,523.5,523.5,523.5,0,0,1,10.0
972,-679,MZW,MZWZ25,H1,2025-09-19 02:00:00,1758247200,526.0,527.0,526.0,527.0,0,0,2,10.0
973,-678,MZW,MZWZ25,H1,2025-09-19 04:00:00,1758254400,526.5,526.5,526.5,526.5,0,0,1,9.0
974,-677,MZW,MZWZ25,H1,2025-09-19 06:00:00,1758261600,526.0,526.5,526.0,526.5,0,0,6,9.0
975,-676,MZW,MZWZ25,H1,2025-09-19 08:00:00,1758268800,526.5,526.5,525.0,525.0,0,0,11,9.0
976,-675,MZW,MZWZ25,H1,2025-09-19 09:00:00,1758272400,523.5,525.0,523.5,525.0,0,0,2,9.0
977,-674,MZW,MZWZ25,H1,2025-09-19 10:00:00,1758276000,523.5,523.5,523.5,523.5,0,0,1,9.0
72,-237,MZW,MZWK26,H1,2025-09-19 12:00:00,1758283200,555.0,555.0,555.0,555.0,0,0,1,3.0
978,-673,MZW,MZWZ25,H1,2025-09-19 13:00:00,1758286800,523.5,524.0,522.0,522.0,0,0,12,9.0
979,-672,MZW,MZWZ25,H1,2025-09-19 14:00:00,1758290400,523.0,525.0,523.0,523.5,0,0,8,9.0
980,-671,MZW,MZWZ25,H1,2025-09-19 15:00:00,1758294000,523.5,523.5,522.0,522.0,0,0,7,8.0
981,-670,MZW,MZWZ25,H1,2025-09-19 16:00:00,1758297600,521.0,522.0,520.5,521.5,0,0,67,9.0
982,-669,MZW,MZWZ25,H1,2025-09-19 17:00:00,1758301200,521.0,522.0,520.5,522.0,0,0,29,9.0
983,-668,MZW,MZWZ25,H1,2025-09-19 18:00:00,1758304800,522.0,522.5,522.0,522.5,0,0,7,9.0
984,-667,MZW,MZWZ25,H1,2025-09-22 00:00:00,1758499200,521.5,521.5,520.0,520.0,0,0,3,9.0
985,-666,MZW,MZWZ25,H1,2025-09-22 01:00:00,1758502800,521.5,521.5,521.0,521.0,0,0,4,10.0
986,-665,MZW,MZWZ25,H1,2025-09-22 02:00:00,1758506400,521.5,521.5,521.5,521.5,0,0,1,9.0
987,-664,MZW,MZWZ25,H1,2025-09-22 03:00:00,1758510000,521.0,522.0,521.0,522.0,0,0,11,9.0
988,-663,MZW,MZWZ25,H1,2025-09-22 04:00:00,1758513600,521.0,521.5,521.0,521.5,0,0,13,9.0
989,-662,MZW,MZWZ25,H1,2025-09-22 05:00:00,1758517200,521.0,521.0,520.5,520.5,0,0,2,9.0
990,-661,MZW,MZWZ25,H1,2025-09-22 06:00:00,1758520800,520.0,520.0,519.0,519.5,0,0,16,9.0
991,-660,MZW,MZWZ25,H1,2025-09-22 08:00:00,1758528000,519.5,519.5,519.0,519.5,0,0,14,9.0
992,-659,MZW,MZWZ25,H1,2025-09-22 10:00:00,1758535200,519.5,519.5,519.5,519.5,0,0,1,9.0
993,-658,MZW,MZWZ25,H1,2025-09-22 11:00:00,1758538800,518.0,518.0,517.0,517.5,1,0,17,9.0
994,-657,MZW,MZWZ25,H1,2025-09-22 13:00:00,1758546000,517.5,517.5,514.0,514.5,0,0,32,9.0
995,-656,MZW,MZWZ25,H1,2025-09-22 14:00:00,1758549600,514.0,514.0,509.0,509.5,0,0,152,11.0
996,-655,MZW,MZWZ25,H1,2025-09-22 15:00:00,1758553200,510.0,513.0,509.5,512.5,0,0,12,11.0
997,-654,MZW,MZWZ25,H1,2025-09-22 16:00:00,1758556800,512.5,512.5,511.0,511.5,0,0,36,11.0
998,-653,MZW,MZWZ25,H1,2025-09-22 17:00:00,1758560400,511.0,511.0,511.0,511.0,0,0,4,11.0
999,-652,MZW,MZWZ25,H1,2025-09-22 18:00:00,1758564000,510.5,511.0,510.0,511.0,0,0,5,11.0
1000,-651,MZW,MZWZ25,H1,2025-09-23 00:00:00,1758585600,510.0,510.0,509.0,509.0,0,0,15,11.0
1001,-650,MZW,MZWZ25,H1,2025-09-23 01:00:00,1758589200,508.5,509.0,508.5,509.0,0,0,4,11.0
1002,-649,MZW,MZWZ25,H1,2025-09-23 02:00:00,1758592800,508.0,508.0,508.0,508.0,0,0,6,11.0
1003,-648,MZW,MZWZ25,H1,2025-09-23 03:00:00,1758596400,508.0,508.5,508.0,508.0,0,0,16,12.0
1004,-647,MZW,MZWZ25,H1,2025-09-23 04:00:00,1758600000,508.0,508.0,508.0,508.0,0,0,5,12.0
1005,-646,MZW,MZWZ25,H1,2025-09-23 05:00:00,1758603600,508.0,508.0,507.0,507.0,0,0,16,12.0
1006,-645,MZW,MZWZ25,H1,2025-09-23 06:00:00,1758607200,507.5,509.5,507.5,509.5,0,0,2,11.0
1007,-644,MZW,MZWZ25,H1,2025-09-23 07:00:00,1758610800,510.0,510.0,510.0,510.0,0,0,2,11.0
1008,-643,MZW,MZWZ25,H1,2025-09-23 08:00:00,1758614400,510.0,510.0,508.0,508.0,0,0,4,11.0
1009,-642,MZW,MZWZ25,H1,2025-09-23 09:00:00,1758618000,509.5,509.5,509.5,509.5,0,0,13,11.0
1010,-641,MZW,MZWZ25,H1,2025-09-23 10:00:00,1758621600,509.0,510.0,508.5,510.0,0,0,12,11.0
1011,-640,MZW,MZWZ25,H1,2025-09-23 11:00:00,1758625200,511.0,511.0,511.0,511.0,0,0,4,11.0
1012,-639,MZW,MZWZ25,H1,2025-09-23 12:00:00,1758628800,511.5,511.5,511.5,511.5,0,0,1,11.0
1013,-638,MZW,MZWZ25,H1,2025-09-23 13:00:00,1758632400,512.0,515.0,512.0,515.0,0,0,28,11.0
1014,-637,MZW,MZWZ25,H1,2025-09-23 14:00:00,1758636000,515.0,518.5,515.0,518.0,0,0,118,13.0
1015,-636,MZW,MZWZ25,H1,2025-09-23 15:00:00,1758639600,518.5,520.0,518.0,520.0,0,0,21,13.0
1016,-635,MZW,MZWZ25,H1,2025-09-23 16:00:00,1758643200,519.5,520.0,518.5,520.0,0,0,24,13.0
1017,-634,MZW,MZWZ25,H1,2025-09-23 17:00:00,1758646800,520.5,520.5,520.0,520.0,0,0,10,13.0
1018,-633,MZW,MZWZ25,H1,2025-09-23 18:00:00,1758650400,520.0,520.5,520.0,520.5,0,0,2,13.0
1019,-632,MZW,MZWZ25,H1,2025-09-24 00:00:00,1758672000,521.0,522.0,521.0,522.0,0,0,10,13.0
1020,-631,MZW,MZWZ25,H1,2025-09-24 01:00:00,1758675600,522.5,522.5,522.0,522.0,0,0,4,13.0
1021,-630,MZW,MZWZ25,H1,2025-09-24 04:00:00,1758686400,522.5,522.5,522.0,522.0,0,0,5,13.0
1022,-629,MZW,MZWZ25,H1,2025-09-24 05:00:00,1758690000,522.5,523.0,522.5,523.0,0,0,3,13.0
1023,-628,MZW,MZWZ25,H1,2025-09-24 06:00:00,1758693600,523.5,523.5,523.0,523.0,0,0,4,13.0
1024,-627,MZW,MZWZ25,H1,2025-09-24 07:00:00,1758697200,523.0,523.0,522.5,522.5,0,0,6,12.0
1025,-626,MZW,MZWZ25,H1,2025-09-24 08:00:00,1758700800,521.5,521.5,520.0,520.0,0,0,22,13.0
1026,-625,MZW,MZWZ25,H1,2025-09-24 09:00:00,1758704400,520.0,520.5,520.0,520.5,0,0,5,12.0
1027,-624,MZW,MZWZ25,H1,2025-09-24 10:00:00,1758708000,521.5,521.5,520.5,521.0,0,0,5,12.0
1028,-623,MZW,MZWZ25,H1,2025-09-24 11:00:00,1758711600,521.0,521.0,520.0,520.0,0,0,4,13.0
1029,-622,MZW,MZWZ25,H1,2025-09-24 12:00:00,1758715200,521.0,522.0,521.0,521.5,0,0,8,13.0
1030,-621,MZW,MZWZ25,H1,2025-09-24 13:00:00,1758718800,523.0,524.0,523.0,523.0,0,0,47,13.0
1031,-620,MZW,MZWZ25,H1,2025-09-24 14:00:00,1758722400,522.5,523.0,521.0,522.5,0,0,52,14.0
1032,-619,MZW,MZWZ25,H1,2025-09-24 15:00:00,1758726000,523.5,524.0,522.5,523.0,0,0,46,15.0
1033,-618,MZW,MZWZ25,H1,2025-09-24 16:00:00,1758729600,523.0,523.0,522.0,522.0,0,0,44,15.0
1034,-617,MZW,MZWZ25,H1,2025-09-24 17:00:00,1758733200,521.5,521.5,520.0,520.0,0,0,5,15.0
1035,-616,MZW,MZWZ25,H1,2025-09-24 18:00:00,1758736800,519.5,519.5,519.0,519.0,0,0,9,15.0
1036,-615,MZW,MZWZ25,H1,2025-09-25 00:00:00,1758758400,518.5,519.5,518.5,519.5,0,0,9,15.0
1037,-614,MZW,MZWZ25,H1,2025-09-25 01:00:00,1758762000,519.0,519.5,519.0,519.5,0,0,11,15.0
1038,-613,MZW,MZWZ25,H1,2025-09-25 02:00:00,1758765600,520.5,521.5,520.5,521.5,0,0,2,15.0
357,-610,MZW,MZWH26,H1,2025-09-25 04:00:00,1758772800,541.5,541.5,541.5,541.5,0,0,1,2.0
358,-609,MZW,MZWH26,H1,2025-09-25 06:00:00,1758780000,541.5,541.5,541.5,541.5,1,0,4,3.0
1039,-612,MZW,MZWZ25,H1,2025-09-25 07:00:00,1758783600,522.5,522.5,522.5,522.5,0,0,1,15.0
89,-220,MZW,MZWK26,H1,2025-09-25 08:00:00,1758787200,552.0,552.0,552.0,552.0,0,0,6,3.0
1040,-611,MZW,MZWZ25,H1,2025-09-25 09:00:00,1758790800,522.0,522.0,521.5,522.0,0,0,14,15.0
1041,-610,MZW,MZWZ25,H1,2025-09-25 10:00:00,1758794400,522.0,522.5,522.0,522.5,0,0,4,15.0
1042,-609,MZW,MZWZ25,H1,2025-09-25 11:00:00,1758798000,522.0,525.5,522.0,525.5,0,0,14,15.0
1043,-608,MZW,MZWZ25,H1,2025-09-25 12:00:00,1758801600,526.0,526.0,524.5,525.0,0,0,30,16.0
1044,-607,MZW,MZWZ25,H1,2025-09-25 13:00:00,1758805200,525.5,525.5,525.0,525.0,0,0,11,16.0
1045,-606,MZW,MZWZ25,H1,2025-09-25 14:00:00,1758808800,523.5,525.5,522.5,525.5,0,0,13,16.0
1046,-605,MZW,MZWZ25,H1,2025-09-25 15:00:00,1758812400,526.0,526.0,524.5,524.5,0,0,4,16.0
1047,-604,MZW,MZWZ25,H1,2025-09-25 16:00:00,1758816000,524.5,526.0,524.5,526.0,0,0,6,16.0
1048,-603,MZW,MZWZ25,H1,2025-09-25 17:00:00,1758819600,526.0,527.5,526.0,526.5,0,0,18,16.0
1049,-602,MZW,MZWZ25,H1,2025-09-25 18:00:00,1758823200,527.0,527.0,526.5,526.5,0,0,5,16.0
1050,-601,MZW,MZWZ25,H1,2025-09-26 00:00:00,1758844800,526.0,526.0,526.0,526.0,0,0,1,16.0
1051,-600,MZW,MZWZ25,H1,2025-09-26 02:00:00,1758852000,525.5,525.5,525.5,525.5,0,0,3,16.0
1052,-599,MZW,MZWZ25,H1,2025-09-26 03:00:00,1758855600,526.0,526.0,526.0,526.0,0,0,5,16.0
1053,-598,MZW,MZWZ25,H1,2025-09-26 04:00:00,1758859200,526.0,526.0,526.0,526.0,0,0,1,15.0
364,-603,MZW,MZWH26,H1,2025-09-26 05:00:00,1758862800,543.5,543.5,543.5,543.5,0,0,14,2.0
1054,-597,MZW,MZWZ25,H1,2025-09-26 06:00:00,1758866400,525.0,525.0,525.0,525.0,0,0,1,15.0
1055,-596,MZW,MZWZ25,H1,2025-09-26 07:00:00,1758870000,524.5,524.5,523.5,523.5,0,0,2,15.0
1056,-595,MZW,MZWZ25,H1,2025-09-26 08:00:00,1758873600,524.5,524.5,524.0,524.0,0,0,2,15.0
1057,-594,MZW,MZWZ25,H1,2025-09-26 09:00:00,1758877200,525.0,525.0,524.5,524.5,0,0,2,15.0
1058,-593,MZW,MZWZ25,H1,2025-09-26 10:00:00,1758880800,523.5,524.5,523.5,524.5,0,0,2,15.0
1059,-592,MZW,MZWZ25,H1,2025-09-26 11:00:00,1758884400,524.5,524.5,524.5,524.5,0,0,26,15.0
1060,-591,MZW,MZWZ25,H1,2025-09-26 12:00:00,1758888000,523.5,523.5,522.5,522.5,0,0,14,15.0
1061,-590,MZW,MZWZ25,H1,2025-09-26 13:00:00,1758891600,522.5,522.5,520.5,521.5,0,0,17,15.0
1062,-589,MZW,MZWZ25,H1,2025-09-26 14:00:00,1758895200,520.5,521.0,520.0,520.0,0,0,29,15.0
1063,-588,MZW,MZWZ25,H1,2025-09-26 15:00:00,1758898800,520.0,520.0,519.5,519.5,0,0,11,15.0
1064,-587,MZW,MZWZ25,H1,2025-09-26 16:00:00,1758902400,520.0,520.0,519.5,519.5,0,0,10,15.0
1065,-586,MZW,MZWZ25,H1,2025-09-26 17:00:00,1758906000,519.0,519.0,519.0,519.0,0,0,4,15.0
1066,-585,MZW,MZWZ25,H1,2025-09-26 18:00:00,1758909600,520.0,520.0,519.5,519.5,0,0,2,15.0
1067,-584,MZW,MZWZ25,H1,2025-09-29 00:00:00,1759104000,521.5,521.5,512.0,519.5,0,0,51,13.0
1068,-583,MZW,MZWZ25,H1,2025-09-29 01:00:00,1759107600,519.5,519.5,519.5,519.5,0,0,4,13.0
1069,-582,MZW,MZWZ25,H1,2025-09-29 02:00:00,1759111200,520.0,520.0,520.0,520.0,0,0,1,13.0
1070,-581,MZW,MZWZ25,H1,2025-09-29 03:00:00,1759114800,521.0,521.0,521.0,521.0,0,0,1,13.0
1071,-580,MZW,MZWZ25,H1,2025-09-29 09:00:00,1759136400,519.0,519.0,519.0,519.0,0,0,2,13.0
1072,-579,MZW,MZWZ25,H1,2025-09-29 10:00:00,1759140000,520.5,520.5,520.5,520.5,0,0,5,13.0
1073,-578,MZW,MZWZ25,H1,2025-09-29 11:00:00,1759143600,520.5,520.5,520.5,520.5,0,0,1,13.0
1074,-577,MZW,MZWZ25,H1,2025-09-29 12:00:00,1759147200,519.0,519.0,518.5,518.5,0,0,7,13.0
1075,-576,MZW,MZWZ25,H1,2025-09-29 13:00:00,1759150800,518.5,519.0,518.5,519.0,0,0,7,12.0
1076,-575,MZW,MZWZ25,H1,2025-09-29 14:00:00,1759154400,519.0,519.5,519.0,519.0,0,0,20,13.0
1077,-574,MZW,MZWZ25,H1,2025-09-29 15:00:00,1759158000,520.5,522.5,520.5,522.0,0,0,38,13.0
1078,-573,MZW,MZWZ25,H1,2025-09-29 16:00:00,1759161600,520.0,521.5,520.0,521.5,0,0,3,13.0
1079,-572,MZW,MZWZ25,H1,2025-09-29 17:00:00,1759165200,521.0,521.5,520.5,520.5,0,0,4,13.0
1080,-571,MZW,MZWZ25,H1,2025-09-29 18:00:00,1759168800,519.5,519.5,519.0,519.0,0,0,3,13.0
1081,-570,MZW,MZWZ25,H1,2025-09-30 00:00:00,1759190400,520.0,520.0,517.0,517.5,0,0,8,13.0
1082,-569,MZW,MZWZ25,H1,2025-09-30 02:00:00,1759197600,518.0,518.0,518.0,518.0,0,0,1,13.0
1083,-568,MZW,MZWZ25,H1,2025-09-30 05:00:00,1759208400,517.0,517.0,517.0,517.0,0,0,1,13.0
1084,-567,MZW,MZWZ25,H1,2025-09-30 06:00:00,1759212000,516.5,516.5,516.0,516.0,0,0,2,13.0
1085,-566,MZW,MZWZ25,H1,2025-09-30 07:00:00,1759215600,517.0,517.5,517.0,517.5,0,0,2,12.0
1086,-565,MZW,MZWZ25,H1,2025-09-30 10:00:00,1759226400,519.5,519.5,518.5,518.5,0,0,4,11.0
1087,-564,MZW,MZWZ25,H1,2025-09-30 11:00:00,1759230000,518.0,518.0,518.0,518.0,0,0,1,10.0
1088,-563,MZW,MZWZ25,H1,2025-09-30 13:00:00,1759237200,518.5,518.5,518.5,518.5,0,0,3,10.0
1089,-562,MZW,MZWZ25,H1,2025-09-30 14:00:00,1759240800,516.0,516.5,515.5,516.0,0,0,39,11.0
1090,-561,MZW,MZWZ25,H1,2025-09-30 15:00:00,1759244400,516.0,516.0,515.0,515.5,0,0,12,11.0
1091,-560,MZW,MZWZ25,H1,2025-09-30 16:00:00,1759248000,514.0,514.0,507.0,508.0,0,0,196,13.0
1092,-559,MZW,MZWZ25,H1,2025-09-30 17:00:00,1759251600,508.5,509.5,507.5,508.5,0,0,44,14.0
1093,-558,MZW,MZWZ25,H1,2025-09-30 18:00:00,1759255200,508.5,508.5,507.5,507.5,0,0,11,14.0
1094,-557,MZW,MZWZ25,H1,2025-10-01 00:00:00,1759276800,507.5,507.5,505.5,505.5,0,0,32,14.0
1095,-556,MZW,MZWZ25,H1,2025-10-01 01:00:00,1759280400,507.0,507.5,506.5,507.0,0,0,12,14.0
1096,-555,MZW,MZWZ25,H1,2025-10-01 02:00:00,1759284000,506.5,507.5,506.5,507.0,0,0,9,15.0
1097,-554,MZW,MZWZ25,H1,2025-10-01 03:00:00,1759287600,506.5,506.5,506.5,506.5,0,0,2,14.0
1098,-553,MZW,MZWZ25,H1,2025-10-01 04:00:00,1759291200,506.5,507.0,506.5,506.5,0,0,7,14.0
1099,-552,MZW,MZWZ25,H1,2025-10-01 05:00:00,1759294800,507.0,507.0,505.5,505.5,0,0,15,14.0
1100,-551,MZW,MZWZ25,H1,2025-10-01 06:00:00,1759298400,506.0,506.0,505.5,505.5,0,0,12,15.0
1101,-550,MZW,MZWZ25,H1,2025-10-01 07:00:00,1759302000,506.5,506.5,506.0,506.0,0,0,5,14.0
1102,-549,MZW,MZWZ25,H1,2025-10-01 08:00:00,1759305600,506.0,506.5,505.5,505.5,0,0,17,14.0
1103,-548,MZW,MZWZ25,H1,2025-10-01 09:00:00,1759309200,505.5,505.5,504.5,505.0,0,0,28,14.0
1104,-547,MZW,MZWZ25,H1,2025-10-01 10:00:00,1759312800,504.5,504.5,504.0,504.0,0,0,17,13.0
1105,-546,MZW,MZWZ25,H1,2025-10-01 11:00:00,1759316400,503.5,504.0,503.5,503.5,0,0,11,13.0
1106,-545,MZW,MZWZ25,H1,2025-10-01 12:00:00,1759320000,503.5,503.5,502.0,502.0,0,0,11,13.0
1107,-544,MZW,MZWZ25,H1,2025-10-01 13:00:00,1759323600,502.5,505.0,502.0,504.0,0,0,38,13.0
1108,-543,MZW,MZWZ25,H1,2025-10-01 14:00:00,1759327200,503.5,506.0,502.0,502.5,0,0,66,14.0
1109,-542,MZW,MZWZ25,H1,2025-10-01 15:00:00,1759330800,502.5,504.0,502.0,503.0,0,0,79,15.0
1110,-541,MZW,MZWZ25,H1,2025-10-01 16:00:00,1759334400,502.5,505.5,502.5,505.0,0,0,21,15.0
1111,-540,MZW,MZWZ25,H1,2025-10-01 17:00:00,1759338000,505.5,508.5,505.5,508.5,0,0,26,16.0
1112,-539,MZW,MZWZ25,H1,2025-10-01 18:00:00,1759341600,509.0,510.0,508.5,510.0,0,0,25,16.0
1113,-538,MZW,MZWZ25,H1,2025-10-02 00:00:00,1759363200,510.5,511.0,507.5,509.0,0,0,10,16.0
1114,-537,MZW,MZWZ25,H1,2025-10-02 02:00:00,1759370400,511.0,511.0,511.0,511.0,0,0,1,16.0
1115,-536,MZW,MZWZ25,H1,2025-10-02 03:00:00,1759374000,510.0,510.0,510.0,510.0,0,0,1,15.0
1116,-535,MZW,MZWZ25,H1,2025-10-02 04:00:00,1759377600,510.0,510.5,510.0,510.0,0,0,3,15.0
1117,-534,MZW,MZWZ25,H1,2025-10-02 05:00:00,1759381200,509.5,509.5,509.0,509.0,0,0,2,15.0
1118,-533,MZW,MZWZ25,H1,2025-10-02 07:00:00,1759388400,509.5,510.5,509.5,510.5,0,0,3,15.0
1119,-532,MZW,MZWZ25,H1,2025-10-02 08:00:00,1759392000,509.5,510.5,509.5,510.5,0,0,9,15.0
1120,-531,MZW,MZWZ25,H1,2025-10-02 09:00:00,1759395600,511.0,511.5,509.0,509.0,0,0,14,15.0
1121,-530,MZW,MZWZ25,H1,2025-10-02 11:00:00,1759402800,510.5,511.5,509.5,510.5,0,0,9,15.0
1122,-529,MZW,MZWZ25,H1,2025-10-02 12:00:00,1759406400,510.5,512.0,510.0,512.0,0,0,20,15.0
1123,-528,MZW,MZWZ25,H1,2025-10-02 13:00:00,1759410000,511.0,511.5,509.5,511.0,0,0,30,16.0
1124,-527,MZW,MZWZ25,H1,2025-10-02 14:00:00,1759413600,511.5,514.5,511.5,514.5,0,0,44,16.0
1125,-526,MZW,MZWZ25,H1,2025-10-02 15:00:00,1759417200,514.5,515.5,513.0,513.0,0,0,28,17.0
1126,-525,MZW,MZWZ25,H1,2025-10-02 16:00:00,1759420800,512.5,512.5,512.0,512.0,0,0,6,17.0
1127,-524,MZW,MZWZ25,H1,2025-10-02 17:00:00,1759424400,513.5,516.0,513.5,515.0,0,0,12,17.0
1128,-523,MZW,MZWZ25,H1,2025-10-02 18:00:00,1759428000,515.5,515.5,513.5,513.5,0,0,6,17.0
1129,-522,MZW,MZWZ25,H1,2025-10-03 00:00:00,1759449600,513.0,515.5,513.0,515.5,0,0,3,17.0
1130,-521,MZW,MZWZ25,H1,2025-10-03 01:00:00,1759453200,514.5,514.5,513.0,513.0,0,0,2,17.0
1131,-520,MZW,MZWZ25,H1,2025-10-03 06:00:00,1759471200,513.0,514.0,513.0,514.0,0,0,3,17.0
1132,-519,MZW,MZWZ25,H1,2025-10-03 07:00:00,1759474800,514.0,514.5,514.0,514.5,0,0,3,16.0
1133,-518,MZW,MZWZ25,H1,2025-10-03 08:00:00,1759478400,515.0,516.0,515.0,516.0,0,0,12,16.0
1134,-517,MZW,MZWZ25,H1,2025-10-03 09:00:00,1759482000,516.5,516.5,515.5,515.5,0,0,20,16.0
1135,-516,MZW,MZWZ25,H1,2025-10-03 10:00:00,1759485600,514.0,514.0,513.5,514.0,0,0,8,16.0
1136,-515,MZW,MZWZ25,H1,2025-10-03 11:00:00,1759489200,516.0,517.0,516.0,517.0,0,0,7,16.0
1137,-514,MZW,MZWZ25,H1,2025-10-03 12:00:00,1759492800,517.0,517.5,517.0,517.5,0,0,5,16.0
1138,-513,MZW,MZWZ25,H1,2025-10-03 13:00:00,1759496400,513.5,513.5,513.5,513.5,0,0,3,16.0
1139,-512,MZW,MZWZ25,H1,2025-10-03 14:00:00,1759500000,514.0,515.5,513.5,513.5,0,0,16,16.0
1140,-511,MZW,MZWZ25,H1,2025-10-03 15:00:00,1759503600,515.0,518.0,515.0,518.0,0,0,35,16.0
1141,-510,MZW,MZWZ25,H1,2025-10-03 16:00:00,1759507200,517.0,517.0,516.5,517.0,0,0,4,16.0
1142,-509,MZW,MZWZ25,H1,2025-10-03 17:00:00,1759510800,515.5,515.5,515.0,515.0,0,0,6,16.0
1143,-508,MZW,MZWZ25,H1,2025-10-03 18:00:00,1759514400,515.5,515.5,514.5,514.5,0,0,4,16.0
1144,-507,MZW,MZWZ25,H1,2025-10-06 00:00:00,1759708800,515.5,515.5,513.0,514.0,0,0,7,16.0
1145,-506,MZW,MZWZ25,H1,2025-10-06 01:00:00,1759712400,513.0,514.5,513.0,514.5,0,0,6,16.0
1146,-505,MZW,MZWZ25,H1,2025-10-06 03:00:00,1759719600,515.0,515.0,514.5,514.5,0,0,2,16.0
1147,-504,MZW,MZWZ25,H1,2025-10-06 04:00:00,1759723200,514.5,514.5,514.5,514.5,0,0,1,16.0
1148,-503,MZW,MZWZ25,H1,2025-10-06 06:00:00,1759730400,514.0,514.0,513.5,513.5,0,0,4,16.0
1149,-502,MZW,MZWZ25,H1,2025-10-06 07:00:00,1759734000,513.0,513.0,512.5,513.0,0,0,6,16.0
1150,-501,MZW,MZWZ25,H1,2025-10-06 08:00:00,1759737600,513.0,515.5,513.0,515.5,0,0,44,16.0
1151,-500,MZW,MZWZ25,H1,2025-10-06 09:00:00,1759741200,515.5,516.0,515.5,516.0,0,0,15,16.0
1152,-499,MZW,MZWZ25,H1,2025-10-06 10:00:00,1759744800,516.0,517.5,516.0,517.5,0,0,5,16.0
1153,-498,MZW,MZWZ25,H1,2025-10-06 11:00:00,1759748400,516.5,517.0,516.5,517.0,0,0,3,16.0
1154,-497,MZW,MZWZ25,H1,2025-10-06 12:00:00,1759752000,516.5,517.0,516.5,517.0,0,0,10,16.0
1155,-496,MZW,MZWZ25,H1,2025-10-06 13:00:00,1759755600,517.0,517.0,514.0,515.0,0,0,30,17.0
1156,-495,MZW,MZWZ25,H1,2025-10-06 14:00:00,1759759200,517.5,518.0,514.5,514.5,0,0,23,17.0
1157,-494,MZW,MZWZ25,H1,2025-10-06 15:00:00,1759762800,514.5,515.0,513.5,515.0,0,0,20,17.0
1158,-493,MZW,MZWZ25,H1,2025-10-06 16:00:00,1759766400,514.5,515.0,514.0,514.0,0,0,16,18.0
1159,-492,MZW,MZWZ25,H1,2025-10-06 17:00:00,1759770000,513.5,513.5,513.5,513.5,0,0,7,18.0
1160,-491,MZW,MZWZ25,H1,2025-10-06 18:00:00,1759773600,513.5,513.5,512.0,512.5,0,0,19,18.0
1161,-490,MZW,MZWZ25,H1,2025-10-07 00:00:00,1759795200,514.5,514.5,510.0,510.5,0,0,43,18.0
1162,-489,MZW,MZWZ25,H1,2025-10-07 03:00:00,1759806000,511.0,511.0,511.0,511.0,0,0,1,18.0
1163,-488,MZW,MZWZ25,H1,2025-10-07 04:00:00,1759809600,510.5,511.0,510.5,511.0,0,0,2,15.0
111,-198,MZW,MZWK26,H1,2025-10-07 05:00:00,1759813200,541.0,541.0,541.0,541.0,0,0,2,3.0
1164,-487,MZW,MZWZ25,H1,2025-10-07 06:00:00,1759816800,512.0,512.0,512.0,512.0,0,0,1,14.0
1165,-486,MZW,MZWZ25,H1,2025-10-07 07:00:00,1759820400,512.0,513.0,512.0,513.0,0,0,6,14.0
1166,-485,MZW,MZWZ25,H1,2025-10-07 08:00:00,1759824000,513.0,513.5,513.0,513.5,0,0,11,14.0
1167,-484,MZW,MZWZ25,H1,2025-10-07 09:00:00,1759827600,512.5,512.5,512.5,512.5,0,0,1,14.0
1168,-483,MZW,MZWZ25,H1,2025-10-07 10:00:00,1759831200,512.5,512.5,512.5,512.5,0,0,1,14.0
1169,-482,MZW,MZWZ25,H1,2025-10-07 11:00:00,1759834800,514.0,514.0,513.5,513.5,0,0,7,14.0
1170,-481,MZW,MZWZ25,H1,2025-10-07 13:00:00,1759842000,511.5,511.5,511.0,511.0,0,0,8,14.0
1171,-480,MZW,MZWZ25,H1,2025-10-07 14:00:00,1759845600,511.5,512.0,510.0,510.5,0,0,25,14.0
1172,-479,MZW,MZWZ25,H1,2025-10-07 15:00:00,1759849200,510.0,510.0,508.0,508.0,0,0,68,15.0
1173,-478,MZW,MZWZ25,H1,2025-10-07 16:00:00,1759852800,509.0,509.5,508.5,509.5,0,0,13,15.0
1174,-477,MZW,MZWZ25,H1,2025-10-07 17:00:00,1759856400,508.5,508.5,507.0,507.0,0,0,35,15.0
1175,-476,MZW,MZWZ25,H1,2025-10-07 18:00:00,1759860000,507.5,507.5,506.0,506.0,0,0,19,15.0
1176,-475,MZW,MZWZ25,H1,2025-10-08 00:00:00,1759881600,507.0,507.0,505.5,506.0,0,0,26,15.0
1177,-474,MZW,MZWZ25,H1,2025-10-08 01:00:00,1759885200,506.0,506.0,506.0,506.0,0,0,3,15.0
1178,-473,MZW,MZWZ25,H1,2025-10-08 02:00:00,1759888800,505.5,505.5,505.5,505.5,0,0,2,15.0
1179,-472,MZW,MZWZ25,H1,2025-10-08 03:00:00,1759892400,506.0,506.0,506.0,506.0,0,0,5,14.0
1180,-471,MZW,MZWZ25,H1,2025-10-08 04:00:00,1759896000,505.5,505.5,505.5,505.5,0,0,2,14.0
1181,-470,MZW,MZWZ25,H1,2025-10-08 05:00:00,1759899600,505.5,505.5,504.0,504.5,0,0,22,13.0
1182,-469,MZW,MZWZ25,H1,2025-10-08 06:00:00,1759903200,505.0,505.0,504.5,504.5,0,0,17,13.0
1183,-468,MZW,MZWZ25,H1,2025-10-08 07:00:00,1759906800,505.0,505.0,505.0,505.0,0,0,1,12.0
1184,-467,MZW,MZWZ25,H1,2025-10-08 08:00:00,1759910400,505.0,505.0,504.5,504.5,0,0,6,12.0
1185,-466,MZW,MZWZ25,H1,2025-10-08 09:00:00,1759914000,504.5,505.5,504.5,505.5,0,0,4,12.0
1186,-465,MZW,MZWZ25,H1,2025-10-08 10:00:00,1759917600,506.0,506.0,506.0,506.0,0,0,1,12.0
1187,-464,MZW,MZWZ25,H1,2025-10-08 11:00:00,1759921200,506.0,507.5,506.0,507.0,0,0,7,12.0
1188,-463,MZW,MZWZ25,H1,2025-10-08 12:00:00,1759924800,507.5,507.5,507.5,507.5,0,0,3,12.0
1189,-462,MZW,MZWZ25,H1,2025-10-08 13:00:00,1759928400,506.5,507.5,506.0,507.5,0,0,12,12.0
1190,-461,MZW,MZWZ25,H1,2025-10-08 14:00:00,1759932000,508.0,508.5,506.0,506.0,0,0,16,12.0
1191,-460,MZW,MZWZ25,H1,2025-10-08 15:00:00,1759935600,506.5,506.5,505.5,505.5,0,0,19,13.0
1192,-459,MZW,MZWZ25,H1,2025-10-08 16:00:00,1759939200,505.5,505.5,505.5,505.5,0,0,11,13.0
1193,-458,MZW,MZWZ25,H1,2025-10-08 17:00:00,1759942800,507.0,507.5,507.0,507.5,0,0,5,12.0
1194,-457,MZW,MZWZ25,H1,2025-10-08 18:00:00,1759946400,507.0,508.0,507.0,508.0,0,0,2,12.0
1195,-456,MZW,MZWZ25,H1,2025-10-09 00:00:00,1759968000,507.5,510.0,507.0,508.5,0,0,21,12.0
1196,-455,MZW,MZWZ25,H1,2025-10-09 01:00:00,1759971600,510.0,512.0,510.0,512.0,0,0,20,12.0
1197,-454,MZW,MZWZ25,H1,2025-10-09 02:00:00,1759975200,510.5,510.5,510.5,510.5,0,0,1,11.0
1198,-453,MZW,MZWZ25,H1,2025-10-09 03:00:00,1759978800,510.0,510.0,509.5,509.5,0,0,2,11.0
1199,-452,MZW,MZWZ25,H1,2025-10-09 06:00:00,1759989600,511.0,511.0,511.0,511.0,3,0,44,12.0
1200,-451,MZW,MZWZ25,H1,2025-10-09 07:00:00,1759993200,511.5,511.5,511.5,511.5,0,0,3,12.0
1201,-450,MZW,MZWZ25,H1,2025-10-09 08:00:00,1759996800,510.5,511.5,510.0,510.0,0,0,14,12.0
1202,-449,MZW,MZWZ25,H1,2025-10-09 09:00:00,1760000400,509.5,509.5,509.5,509.5,0,0,4,12.0
1203,-448,MZW,MZWZ25,H1,2025-10-09 10:00:00,1760004000,509.5,509.5,509.5,509.5,0,0,1,12.0
1204,-447,MZW,MZWZ25,H1,2025-10-09 11:00:00,1760007600,510.5,511.5,510.5,511.5,0,0,42,12.0
1205,-446,MZW,MZWZ25,H1,2025-10-09 12:00:00,1760011200,511.0,511.0,511.0,511.0,0,0,10,12.0
1206,-445,MZW,MZWZ25,H1,2025-10-09 13:00:00,1760014800,510.0,513.0,509.5,513.0,0,0,49,13.0
1207,-444,MZW,MZWZ25,H1,2025-10-09 14:00:00,1760018400,512.0,513.5,509.0,510.5,0,0,39,13.0
1208,-443,MZW,MZWZ25,H1,2025-10-09 15:00:00,1760022000,511.0,512.0,510.0,510.5,0,0,22,13.0
1209,-442,MZW,MZWZ25,H1,2025-10-09 16:00:00,1760025600,510.0,510.0,508.0,508.0,0,0,26,14.0
1210,-441,MZW,MZWZ25,H1,2025-10-09 17:00:00,1760029200,508.0,509.0,507.5,507.5,0,0,27,14.0
1211,-440,MZW,MZWZ25,H1,2025-10-09 18:00:00,1760032800,507.5,507.5,506.5,507.0,0,0,33,14.0
1212,-439,MZW,MZWZ25,H1,2025-10-10 00:00:00,1760054400,506.5,509.0,506.5,508.5,0,0,16,14.0
1213,-438,MZW,MZWZ25,H1,2025-10-10 02:00:00,1760061600,508.0,508.0,507.5,507.5,0,0,5,14.0
1214,-437,MZW,MZWZ25,H1,2025-10-10 03:00:00,1760065200,508.5,508.5,508.5,508.5,0,0,1,14.0
1215,-436,MZW,MZWZ25,H1,2025-10-10 07:00:00,1760079600,507.0,508.0,507.0,507.0,0,0,26,14.0
1216,-435,MZW,MZWZ25,H1,2025-10-10 08:00:00,1760083200,506.5,507.5,506.5,507.5,0,0,8,14.0
1217,-434,MZW,MZWZ25,H1,2025-10-10 09:00:00,1760086800,507.0,507.0,506.5,506.5,0,0,8,14.0
1218,-433,MZW,MZWZ25,H1,2025-10-10 10:00:00,1760090400,506.5,506.5,505.5,505.5,0,0,24,15.0
1219,-432,MZW,MZWZ25,H1,2025-10-10 11:00:00,1760094000,505.5,505.5,502.5,502.5,0,0,49,15.0
1220,-431,MZW,MZWZ25,H1,2025-10-10 12:00:00,1760097600,503.0,503.5,502.5,503.5,0,0,35,16.0
1221,-430,MZW,MZWZ25,H1,2025-10-10 13:00:00,1760101200,503.5,504.5,501.5,504.0,0,0,79,17.0
1222,-429,MZW,MZWZ25,H1,2025-10-10 14:00:00,1760104800,504.0,504.0,500.0,500.0,1,0,82,17.0
1223,-428,MZW,MZWZ25,H1,2025-10-10 15:00:00,1760108400,499.5,499.5,497.5,498.0,0,0,27,17.0
1224,-427,MZW,MZWZ25,H1,2025-10-10 16:00:00,1760112000,499.0,500.0,499.0,500.0,0,0,9,18.0
1225,-426,MZW,MZWZ25,H1,2025-10-10 17:00:00,1760115600,497.0,498.0,497.0,497.5,0,0,20,18.0
1226,-425,MZW,MZWZ25,H1,2025-10-10 18:00:00,1760119200,498.5,499.5,498.5,499.5,0,0,12,18.0
1227,-424,MZW,MZWZ25,H1,2025-10-13 00:00:00,1760313600,501.5,502.0,500.5,501.0,0,0,25,18.0
1228,-423,MZW,MZWZ25,H1,2025-10-13 01:00:00,1760317200,500.5,502.0,500.5,502.0,0,0,2,17.0
1229,-422,MZW,MZWZ25,H1,2025-10-13 02:00:00,1760320800,501.5,501.5,501.5,501.5,0,0,1,17.0
1230,-421,MZW,MZWZ25,H1,2025-10-13 03:00:00,1760324400,499.5,500.0,499.5,500.0,0,0,3,17.0
1231,-420,MZW,MZWZ25,H1,2025-10-13 04:00:00,1760328000,500.0,500.0,499.5,499.5,0,0,9,17.0
1232,-419,MZW,MZWZ25,H1,2025-10-13 05:00:00,1760331600,499.0,499.0,499.0,499.0,0,0,5,17.0
1233,-418,MZW,MZWZ25,H1,2025-10-13 06:00:00,1760335200,498.5,498.5,498.0,498.5,0,0,11,16.0
1234,-417,MZW,MZWZ25,H1,2025-10-13 07:00:00,1760338800,498.0,498.5,498.0,498.5,0,0,5,16.0
1235,-416,MZW,MZWZ25,H1,2025-10-13 08:00:00,1760342400,498.0,498.0,497.5,497.5,0,0,5,16.0
1236,-415,MZW,MZWZ25,H1,2025-10-13 09:00:00,1760346000,497.5,497.5,497.5,497.5,0,0,4,16.0
1237,-414,MZW,MZWZ25,H1,2025-10-13 10:00:00,1760349600,497.5,497.5,496.0,496.0,0,0,37,17.0
1238,-413,MZW,MZWZ25,H1,2025-10-13 11:00:00,1760353200,495.5,496.0,495.0,496.0,0,0,37,17.0
1239,-412,MZW,MZWZ25,H1,2025-10-13 12:00:00,1760356800,496.0,496.0,495.5,495.5,0,0,31,18.0
1240,-411,MZW,MZWZ25,H1,2025-10-13 13:00:00,1760360400,496.0,498.0,492.0,497.5,0,0,66,19.0
1241,-410,MZW,MZWZ25,H1,2025-10-13 14:00:00,1760364000,496.5,500.0,495.0,499.0,0,0,43,19.0
1242,-409,MZW,MZWZ25,H1,2025-10-13 15:00:00,1760367600,499.0,500.0,499.0,499.5,0,0,13,19.0
1243,-408,MZW,MZWZ25,H1,2025-10-13 16:00:00,1760371200,498.5,498.5,497.5,498.0,0,0,10,19.0
1244,-407,MZW,MZWZ25,H1,2025-10-13 17:00:00,1760374800,498.0,498.0,496.5,497.5,0,0,7,18.0
1245,-406,MZW,MZWZ25,H1,2025-10-13 18:00:00,1760378400,497.5,497.5,496.5,496.5,0,0,6,18.0
1246,-405,MZW,MZWZ25,H1,2025-10-14 00:00:00,1760400000,497.0,497.0,495.5,496.5,0,0,11,18.0
1247,-404,MZW,MZWZ25,H1,2025-10-14 03:00:00,1760410800,496.0,496.0,496.0,496.0,0,0,3,17.0
1248,-403,MZW,MZWZ25,H1,2025-10-14 04:00:00,1760414400,495.0,495.0,495.0,495.0,0,0,3,17.0
1249,-402,MZW,MZWZ25,H1,2025-10-14 05:00:00,1760418000,494.5,494.5,493.0,493.0,0,0,29,18.0
1250,-401,MZW,MZWZ25,H1,2025-10-14 06:00:00,1760421600,493.5,494.5,493.5,494.0,0,0,8,18.0
1251,-400,MZW,MZWZ25,H1,2025-10-14 07:00:00,1760425200,494.5,494.5,494.0,494.0,0,0,6,18.0
1252,-399,MZW,MZWZ25,H1,2025-10-14 08:00:00,1760428800,493.5,495.0,493.5,495.0,0,0,40,18.0
1253,-398,MZW,MZWZ25,H1,2025-10-14 09:00:00,1760432400,494.0,494.0,493.0,493.0,0,0,3,18.0
1254,-397,MZW,MZWZ25,H1,2025-10-14 10:00:00,1760436000,492.5,494.0,492.5,493.5,0,0,26,18.0
1255,-396,MZW,MZWZ25,H1,2025-10-14 11:00:00,1760439600,493.0,493.5,492.0,493.5,0,0,13,18.0
411,-556,MZW,MZWH26,H1,2025-10-14 12:00:00,1760443200,509.0,509.0,508.5,508.5,0,0,3,2.0
1256,-395,MZW,MZWZ25,H1,2025-10-14 13:00:00,1760446800,493.5,498.5,493.5,498.0,0,0,164,20.0
1257,-394,MZW,MZWZ25,H1,2025-10-14 14:00:00,1760450400,498.5,499.0,496.5,499.0,0,0,24,21.0
1258,-393,MZW,MZWZ25,H1,2025-10-14 15:00:00,1760454000,500.0,500.0,498.5,500.0,0,0,26,21.0
1259,-392,MZW,MZWZ25,H1,2025-10-14 16:00:00,1760457600,500.0,500.5,500.0,500.0,0,0,13,21.0
1260,-391,MZW,MZWZ25,H1,2025-10-14 17:00:00,1760461200,500.0,501.0,500.0,500.5,0,0,7,21.0
1261,-390,MZW,MZWZ25,H1,2025-10-14 18:00:00,1760464800,501.5,501.5,500.0,500.5,0,0,8,21.0
1262,-389,MZW,MZWZ25,H1,2025-10-15 00:00:00,1760486400,499.0,499.0,498.0,498.0,0,0,12,21.0
1263,-388,MZW,MZWZ25,H1,2025-10-15 01:00:00,1760490000,499.5,500.0,499.5,499.5,0,0,3,21.0
1264,-387,MZW,MZWZ25,H1,2025-10-15 03:00:00,1760497200,499.5,499.5,499.5,499.5,0,0,3,21.0
1265,-386,MZW,MZWZ25,H1,2025-10-15 05:00:00,1760504400,500.0,500.0,500.0,500.0,0,0,1,21.0
1266,-385,MZW,MZWZ25,H1,2025-10-15 07:00:00,1760511600,501.0,501.0,500.5,500.5,0,0,5,21.0
1267,-384,MZW,MZWZ25,H1,2025-10-15 09:00:00,1760518800,499.0,499.0,498.5,498.5,0,0,3,20.0
1268,-383,MZW,MZWZ25,H1,2025-10-15 10:00:00,1760522400,498.0,498.0,497.5,497.5,0,0,5,20.0
1269,-382,MZW,MZWZ25,H1,2025-10-15 11:00:00,1760526000,497.5,497.5,497.0,497.0,0,0,4,20.0
1270,-381,MZW,MZWZ25,H1,2025-10-15 12:00:00,1760529600,497.0,497.0,496.0,496.0,0,0,13,20.0
1271,-380,MZW,MZWZ25,H1,2025-10-15 13:00:00,1760533200,495.5,496.0,495.0,496.0,0,0,28,20.0
1272,-379,MZW,MZWZ25,H1,2025-10-15 14:00:00,1760536800,496.5,498.5,495.5,498.5,0,0,23,20.0
1273,-378,MZW,MZWZ25,H1,2025-10-15 15:00:00,1760540400,496.5,498.0,496.5,498.0,0,0,7,20.0
1274,-377,MZW,MZWZ25,H1,2025-10-15 16:00:00,1760544000,499.0,500.0,499.0,499.5,0,0,18,21.0
1275,-376,MZW,MZWZ25,H1,2025-10-15 17:00:00,1760547600,498.5,498.5,498.0,498.0,0,0,7,21.0
1276,-375,MZW,MZWZ25,H1,2025-10-15 18:00:00,1760551200,499.0,499.0,498.5,498.5,0,0,3,20.0
1277,-374,MZW,MZWZ25,H1,2025-10-16 00:00:00,1760572800,500.0,500.0,500.0,500.0,0,0,1,20.0
418,-549,MZW,MZWH26,H1,2025-10-16 02:00:00,1760580000,515.5,515.5,515.5,515.5,0,0,1,2.0
1278,-373,MZW,MZWZ25,H1,2025-10-16 03:00:00,1760583600,499.0,499.0,499.0,499.0,0,0,1,19.0
1279,-372,MZW,MZWZ25,H1,2025-10-16 05:00:00,1760590800,498.0,498.0,498.0,498.0,0,0,1,19.0
1280,-371,MZW,MZWZ25,H1,2025-10-16 06:00:00,1760594400,498.5,498.5,498.5,498.5,0,0,3,18.0
1281,-370,MZW,MZWZ25,H1,2025-10-16 07:00:00,1760598000,497.5,497.5,497.0,497.0,0,0,4,18.0
1282,-369,MZW,MZWZ25,H1,2025-10-16 09:00:00,1760605200,496.5,496.5,495.5,495.5,0,0,5,18.0
1283,-368,MZW,MZWZ25,H1,2025-10-16 10:00:00,1760608800,496.5,496.5,496.5,496.5,0,0,2,17.0
1284,-367,MZW,MZWZ25,H1,2025-10-16 11:00:00,1760612400,496.5,496.5,496.0,496.0,0,0,7,17.0
1285,-366,MZW,MZWZ25,H1,2025-10-16 13:00:00,1760619600,496.5,499.5,496.5,499.5,0,0,8,17.0
1286,-365,MZW,MZWZ25,H1,2025-10-16 14:00:00,1760623200,499.5,502.0,499.0,502.0,0,0,49,18.0
1287,-364,MZW,MZWZ25,H1,2025-10-16 15:00:00,1760626800,502.0,502.0,500.0,500.0,0,0,8,18.0
1288,-363,MZW,MZWZ25,H1,2025-10-16 16:00:00,1760630400,502.0,503.0,502.0,503.0,0,0,14,18.0
1289,-362,MZW,MZWZ25,H1,2025-10-16 17:00:00,1760634000,503.5,503.5,503.0,503.0,0,0,6,18.0
1290,-361,MZW,MZWZ25,H1,2025-10-16 18:00:00,1760637600,502.5,503.0,502.0,503.0,0,0,8,18.0
1291,-360,MZW,MZWZ25,H1,2025-10-17 00:00:00,1760659200,502.5,503.0,502.5,503.0,0,0,2,17.0
1292,-359,MZW,MZWZ25,H1,2025-10-17 02:00:00,1760666400,502.5,502.5,502.5,502.5,0,0,2,17.0
1293,-358,MZW,MZWZ25,H1,2025-10-17 03:00:00,1760670000,502.5,502.5,502.5,502.5,0,0,3,15.0
1294,-357,MZW,MZWZ25,H1,2025-10-17 04:00:00,1760673600,503.0,503.0,502.5,502.5,0,0,6,14.0
1295,-356,MZW,MZWZ25,H1,2025-10-17 05:00:00,1760677200,503.5,503.5,503.5,503.5,0,0,2,14.0
1296,-355,MZW,MZWZ25,H1,2025-10-17 06:00:00,1760680800,504.0,504.0,503.5,503.5,0,0,4,14.0
1297,-354,MZW,MZWZ25,H1,2025-10-17 07:00:00,1760684400,503.0,503.5,503.0,503.5,0,0,2,14.0
1298,-353,MZW,MZWZ25,H1,2025-10-17 08:00:00,1760688000,503.5,503.5,503.5,503.5,0,0,1,14.0
1299,-352,MZW,MZWZ25,H1,2025-10-17 09:00:00,1760691600,504.0,504.0,503.5,503.5,0,0,2,13.0
1300,-351,MZW,MZWZ25,H1,2025-10-17 10:00:00,1760695200,504.5,505.0,504.5,505.0,0,0,2,13.0
1301,-350,MZW,MZWZ25,H1,2025-10-17 11:00:00,1760698800,504.0,504.0,503.5,504.0,0,0,3,13.0
1302,-349,MZW,MZWZ25,H1,2025-10-17 12:00:00,1760702400,503.0,503.0,502.5,502.5,0,0,3,13.0
1303,-348,MZW,MZWZ25,H1,2025-10-17 13:00:00,1760706000,502.5,502.5,502.0,502.0,0,0,4,13.0
1304,-347,MZW,MZWZ25,H1,2025-10-17 14:00:00,1760709600,501.5,502.0,500.5,500.5,0,0,15,13.0
1305,-346,MZW,MZWZ25,H1,2025-10-17 15:00:00,1760713200,502.5,505.0,502.5,504.5,0,0,39,14.0
1306,-345,MZW,MZWZ25,H1,2025-10-17 16:00:00,1760716800,504.0,504.5,504.0,504.5,0,0,4,14.0
1307,-344,MZW,MZWZ25,H1,2025-10-17 17:00:00,1760720400,504.5,505.0,504.5,504.5,0,0,4,14.0
1308,-343,MZW,MZWZ25,H1,2025-10-17 18:00:00,1760724000,504.0,504.0,504.0,504.0,0,0,3,14.0
1309,-342,MZW,MZWZ25,H1,2025-10-20 00:00:00,1760918400,505.0,506.0,505.0,506.0,0,0,5,13.0
1310,-341,MZW,MZWZ25,H1,2025-10-20 01:00:00,1760922000,505.5,505.5,505.5,505.5,0,0,1,13.0
1311,-340,MZW,MZWZ25,H1,2025-10-20 02:00:00,1760925600,506.5,506.5,505.5,505.5,0,0,2,12.0
1312,-339,MZW,MZWZ25,H1,2025-10-20 05:00:00,1760936400,506.0,506.5,506.0,506.5,0,0,9,12.0
1313,-338,MZW,MZWZ25,H1,2025-10-20 06:00:00,1760940000,506.5,506.5,506.5,506.5,0,0,1,11.0
1314,-337,MZW,MZWZ25,H1,2025-10-20 07:00:00,1760943600,506.0,506.0,506.0,506.0,0,0,2,11.0
1315,-336,MZW,MZWZ25,H1,2025-10-20 09:00:00,1760950800,506.0,506.0,506.0,506.0,0,0,1,11.0
1316,-335,MZW,MZWZ25,H1,2025-10-20 11:00:00,1760958000,503.0,503.0,502.5,502.5,0,0,3,11.0
1317,-334,MZW,MZWZ25,H1,2025-10-20 12:00:00,1760961600,502.5,502.5,502.5,502.5,0,0,1,11.0
1318,-333,MZW,MZWZ25,H1,2025-10-20 13:00:00,1760965200,502.5,504.0,502.5,504.0,0,0,4,10.0
1319,-332,MZW,MZWZ25,H1,2025-10-20 14:00:00,1760968800,504.5,504.5,503.5,503.5,0,0,2,10.0
1320,-331,MZW,MZWZ25,H1,2025-10-20 15:00:00,1760972400,505.0,505.0,503.0,503.0,0,0,22,11.0
1321,-330,MZW,MZWZ25,H1,2025-10-20 16:00:00,1760976000,503.0,503.5,503.0,503.5,0,0,3,10.0
1322,-329,MZW,MZWZ25,H1,2025-10-20 17:00:00,1760979600,504.0,504.5,503.5,504.5,0,0,14,10.0
1323,-328,MZW,MZWZ25,H1,2025-10-20 18:00:00,1760983200,504.5,505.0,504.5,505.0,0,0,6,10.0
1324,-327,MZW,MZWZ25,H1,2025-10-21 00:00:00,1761004800,505.5,506.0,505.0,506.0,0,0,4,10.0
1325,-326,MZW,MZWZ25,H1,2025-10-21 06:00:00,1761026400,504.5,504.5,504.5,504.5,0,0,4,10.0
1326,-325,MZW,MZWZ25,H1,2025-10-21 07:00:00,1761030000,504.0,504.0,504.0,504.0,0,0,2,10.0
426,-541,MZW,MZWH26,H1,2025-10-21 08:00:00,1761033600,520.5,520.5,520.5,520.5,0,0,2,2.0
1327,-324,MZW,MZWZ25,H1,2025-10-21 10:00:00,1761040800,504.0,504.0,504.0,504.0,0,0,1,9.0
1328,-323,MZW,MZWZ25,H1,2025-10-21 11:00:00,1761044400,503.5,503.5,502.5,502.5,0,0,14,7.0
1329,-322,MZW,MZWZ25,H1,2025-10-21 12:00:00,1761048000,502.0,502.0,502.0,502.0,0,0,5,7.0
1330,-321,MZW,MZWZ25,H1,2025-10-21 13:00:00,1761051600,502.0,502.5,498.5,498.5,0,0,35,7.0
1331,-320,MZW,MZWZ25,H1,2025-10-21 14:00:00,1761055200,499.5,502.5,499.0,501.5,0,0,44,8.0
1332,-319,MZW,MZWZ25,H1,2025-10-21 15:00:00,1761058800,501.5,501.5,501.0,501.0,0,0,3,8.0
1333,-318,MZW,MZWZ25,H1,2025-10-21 16:00:00,1761062400,501.0,502.5,500.5,500.5,0,0,34,8.0
1334,-317,MZW,MZWZ25,H1,2025-10-21 17:00:00,1761066000,501.0,501.0,500.0,500.5,0,0,9,8.0
1335,-316,MZW,MZWZ25,H1,2025-10-21 18:00:00,1761069600,500.0,500.5,500.0,500.5,0,0,7,8.0
1336,-315,MZW,MZWZ25,H1,2025-10-22 00:00:00,1761091200,501.5,501.5,499.0,499.0,0,0,8,8.0
1337,-314,MZW,MZWZ25,H1,2025-10-22 02:00:00,1761098400,500.0,500.5,500.0,500.5,0,0,2,8.0
1338,-313,MZW,MZWZ25,H1,2025-10-22 05:00:00,1761109200,499.5,500.0,499.5,499.5,0,0,3,8.0
1339,-312,MZW,MZWZ25,H1,2025-10-22 06:00:00,1761112800,500.5,500.5,500.5,500.5,0,0,1,8.0
1340,-311,MZW,MZWZ25,H1,2025-10-22 08:00:00,1761120000,499.0,499.0,498.5,498.5,0,0,11,8.0
1341,-310,MZW,MZWZ25,H1,2025-10-22 09:00:00,1761123600,498.5,500.0,498.5,500.0,0,0,4,8.0
1342,-309,MZW,MZWZ25,H1,2025-10-22 10:00:00,1761127200,500.0,500.0,500.0,500.0,0,0,1,8.0
1343,-308,MZW,MZWZ25,H1,2025-10-22 11:00:00,1761130800,500.5,500.5,500.5,500.5,0,0,1,8.0
1344,-307,MZW,MZWZ25,H1,2025-10-22 12:00:00,1761134400,501.0,502.0,501.0,501.5,0,0,23,8.0
1345,-306,MZW,MZWZ25,H1,2025-10-22 13:00:00,1761138000,501.5,503.0,500.5,503.0,0,0,27,8.0
1346,-305,MZW,MZWZ25,H1,2025-10-22 14:00:00,1761141600,503.0,505.0,502.5,503.5,0,0,36,8.0
1347,-304,MZW,MZWZ25,H1,2025-10-22 15:00:00,1761145200,503.0,503.5,503.0,503.5,0,0,9,8.0
1348,-303,MZW,MZWZ25,H1,2025-10-22 16:00:00,1761148800,504.0,504.0,502.0,502.5,0,0,8,8.0
1349,-302,MZW,MZWZ25,H1,2025-10-22 17:00:00,1761152400,503.0,503.0,503.0,503.0,0,0,6,8.0
1350,-301,MZW,MZWZ25,H1,2025-10-22 18:00:00,1761156000,503.0,504.5,503.0,503.5,0,0,6,8.0
1351,-300,MZW,MZWZ25,H1,2025-10-23 00:00:00,1761177600,505.0,505.0,504.5,505.0,0,0,10,8.0
1352,-299,MZW,MZWZ25,H1,2025-10-23 01:00:00,1761181200,504.0,504.0,504.0,504.0,0,0,3,8.0
1353,-298,MZW,MZWZ25,H1,2025-10-23 04:00:00,1761192000,503.0,503.0,502.5,502.5,0,0,5,8.0
1354,-297,MZW,MZWZ25,H1,2025-10-23 05:00:00,1761195600,503.0,503.0,503.0,503.0,0,0,1,8.0
1355,-296,MZW,MZWZ25,H1,2025-10-23 06:00:00,1761199200,503.5,503.5,503.5,503.5,0,0,1,8.0
1356,-295,MZW,MZWZ25,H1,2025-10-23 08:00:00,1761206400,505.0,505.0,505.0,505.0,0,0,1,8.0
1357,-294,MZW,MZWZ25,H1,2025-10-23 09:00:00,1761210000,504.5,504.5,504.0,504.0,0,0,2,8.0
1358,-293,MZW,MZWZ25,H1,2025-10-23 10:00:00,1761213600,504.5,505.0,504.0,504.5,0,0,4,8.0
1359,-292,MZW,MZWZ25,H1,2025-10-23 11:00:00,1761217200,504.0,506.0,504.0,506.0,0,0,10,8.0
1360,-291,MZW,MZWZ25,H1,2025-10-23 13:00:00,1761224400,503.5,504.0,502.5,503.0,0,0,17,8.0
1361,-290,MZW,MZWZ25,H1,2025-10-23 14:00:00,1761228000,504.0,508.0,504.0,508.0,0,0,30,8.0
1362,-289,MZW,MZWZ25,H1,2025-10-23 15:00:00,1761231600,508.0,510.5,508.0,510.5,0,0,36,8.0
1363,-288,MZW,MZWZ25,H1,2025-10-23 16:00:00,1761235200,511.0,512.0,510.0,511.5,0,0,53,9.0
1364,-287,MZW,MZWZ25,H1,2025-10-23 17:00:00,1761238800,512.0,512.5,511.5,512.0,0,0,25,9.0
1365,-286,MZW,MZWZ25,H1,2025-10-23 18:00:00,1761242400,512.5,513.0,512.5,512.5,0,0,13,10.0
1366,-285,MZW,MZWZ25,H1,2025-10-24 00:00:00,1761264000,514.0,514.0,512.5,512.5,0,0,6,10.0
1367,-284,MZW,MZWZ25,H1,2025-10-24 01:00:00,1761267600,513.0,513.5,513.0,513.0,0,0,4,10.0
1368,-283,MZW,MZWZ25,H1,2025-10-24 04:00:00,1761278400,512.5,512.5,512.5,512.5,0,0,1,10.0
1369,-282,MZW,MZWZ25,H1,2025-10-24 06:00:00,1761285600,512.5,512.5,512.5,512.5,0,0,1,10.0
1370,-281,MZW,MZWZ25,H1,2025-10-24 09:00:00,1761296400,511.5,511.5,511.0,511.5,0,0,6,10.0
442,-525,MZW,MZWH26,H1,2025-10-24 11:00:00,1761303600,529.0,529.0,528.5,528.5,0,0,3,2.0
1371,-280,MZW,MZWZ25,H1,2025-10-24 13:00:00,1761310800,512.0,512.5,509.5,511.0,0,0,12,10.0
1372,-279,MZW,MZWZ25,H1,2025-10-24 14:00:00,1761314400,511.5,511.5,510.5,510.5,0,0,6,10.0
1373,-278,MZW,MZWZ25,H1,2025-10-24 15:00:00,1761318000,512.5,515.0,512.5,514.0,0,0,21,10.0
1374,-277,MZW,MZWZ25,H1,2025-10-24 16:00:00,1761321600,514.0,515.5,513.5,513.5,0,0,7,10.0
1375,-276,MZW,MZWZ25,H1,2025-10-24 17:00:00,1761325200,512.0,512.0,512.0,512.0,0,0,1,10.0
1376,-275,MZW,MZWZ25,H1,2025-10-24 18:00:00,1761328800,512.5,512.5,512.0,512.0,0,0,5,10.0
1377,-274,MZW,MZWZ25,H1,2025-10-27 00:00:00,1761523200,513.5,522.5,512.0,522.5,18,5,25,10.0
1378,-273,MZW,MZWZ25,H1,2025-10-27 01:00:00,1761526800,521.5,524.0,521.5,524.0,5,5,6,10.0
1379,-272,MZW,MZWZ25,H1,2025-10-27 02:00:00,1761530400,523.5,523.5,523.5,523.5,10,5,10,10.0
1380,-271,MZW,MZWZ25,H1,2025-10-27 03:00:00,1761534000,523.5,524.5,523.5,524.5,9,5,15,10.0
1381,-270,MZW,MZWZ25,H1,2025-10-27 04:00:00,1761537600,524.5,524.5,524.0,524.0,2,5,2,10.0
1382,-269,MZW,MZWZ25,H1,2025-10-27 05:00:00,1761541200,523.5,524.0,523.5,524.0,11,5,11,10.0
1383,-268,MZW,MZWZ25,H1,2025-10-27 06:00:00,1761544800,523.5,524.0,523.5,524.0,6,5,9,10.0
1384,-267,MZW,MZWZ25,H1,2025-10-27 07:00:00,1761548400,522.5,523.5,522.5,523.5,3,5,3,10.0
1385,-266,MZW,MZWZ25,H1,2025-10-27 08:00:00,1761552000,522.5,523.0,522.5,523.0,2,5,3,10.0
1386,-265,MZW,MZWZ25,H1,2025-10-27 09:00:00,1761555600,524.0,524.0,523.5,523.5,3,5,5,10.0
1387,-264,MZW,MZWZ25,H1,2025-10-27 10:00:00,1761559200,523.0,523.0,521.5,523.0,5,5,6,10.0
1388,-263,MZW,MZWZ25,H1,2025-10-27 11:00:00,1761562800,525.0,525.5,525.0,525.5,5,5,10,10.0
1389,-262,MZW,MZWZ25,H1,2025-10-27 12:00:00,1761566400,526.5,526.5,526.5,526.5,2,5,5,10.0
1390,-261,MZW,MZWZ25,H1,2025-10-27 13:00:00,1761570000,526.0,528.5,526.0,526.5,12,5,13,11.0
1391,-260,MZW,MZWZ25,H1,2025-10-27 14:00:00,1761573600,526.5,528.0,526.5,528.0,11,5,19,11.0
1392,-259,MZW,MZWZ25,H1,2025-10-27 15:00:00,1761577200,528.5,530.0,527.5,527.5,17,5,36,11.0
1393,-258,MZW,MZWZ25,H1,2025-10-27 17:00:00,1761584400,529.5,529.5,529.5,529.5,1,5,3,11.0
1394,-257,MZW,MZWZ25,H1,2025-10-27 18:00:00,1761588000,525.0,527.0,524.0,526.5,14,5,36,11.0
1395,-256,MZW,MZWZ25,H1,2025-10-28 00:00:00,1761609600,525.0,525.0,524.5,524.5,3,5,3,11.0
1396,-255,MZW,MZWZ25,H1,2025-10-28 04:00:00,1761624000,526.5,526.5,526.5,526.5,1,5,2,11.0
1397,-254,MZW,MZWZ25,H1,2025-10-28 06:00:00,1761631200,527.5,528.5,527.5,528.5,7,5,10,11.0
154,-155,MZW,MZWK26,H1,2025-10-28 07:00:00,1761634800,555.5,555.5,555.5,555.5,0,0,1,3.0
1398,-253,MZW,MZWZ25,H1,2025-10-28 08:00:00,1761638400,529.0,529.5,529.0,529.5,4,5,5,11.0
1399,-252,MZW,MZWZ25,H1,2025-10-28 09:00:00,1761642000,530.5,531.0,530.5,531.0,5,5,7,11.0
1400,-251,MZW,MZWZ25,H1,2025-10-28 11:00:00,1761649200,532.0,532.0,531.5,531.5,7,5,11,11.0
1401,-250,MZW,MZWZ25,H1,2025-10-28 12:00:00,1761652800,532.5,533.0,532.5,532.5,13,0,34,12.0
1402,-249,MZW,MZWZ25,H1,2025-10-28 13:00:00,1761656400,531.5,534.0,531.5,532.5,19,5,31,12.0
1403,-248,MZW,MZWZ25,H1,2025-10-28 14:00:00,1761660000,533.0,535.5,533.0,533.5,19,5,36,12.0
1404,-247,MZW,MZWZ25,H1,2025-10-28 15:00:00,1761663600,533.5,534.0,533.5,534.0,5,5,14,12.0
1405,-246,MZW,MZWZ25,H1,2025-10-28 16:00:00,1761667200,534.0,534.0,527.0,527.5,15,5,21,12.0
1406,-245,MZW,MZWZ25,H1,2025-10-28 17:00:00,1761670800,528.5,528.5,527.0,527.0,3,5,5,12.0
1407,-244,MZW,MZWZ25,H1,2025-10-28 18:00:00,1761674400,528.0,529.5,528.0,529.5,5,5,8,12.0
1408,-243,MZW,MZWZ25,H1,2025-10-29 00:00:00,1761696000,535.5,535.5,529.0,529.0,4,5,11,12.0
1409,-242,MZW,MZWZ25,H1,2025-10-29 02:00:00,1761703200,530.0,530.0,530.0,530.0,1,5,3,12.0
1410,-241,MZW,MZWZ25,H1,2025-10-29 03:00:00,1761706800,530.0,530.5,530.0,530.5,7,5,24,12.0
1411,-240,MZW,MZWZ25,H1,2025-10-29 04:00:00,1761710400,530.0,530.5,530.0,530.5,3,5,13,12.0
1412,-239,MZW,MZWZ25,H1,2025-10-29 05:00:00,1761714000,530.5,530.5,530.5,530.5,1,5,1,12.0
1413,-238,MZW,MZWZ25,H1,2025-10-29 06:00:00,1761717600,530.5,531.0,530.5,531.0,8,5,8,12.0
1414,-237,MZW,MZWZ25,H1,2025-10-29 07:00:00,1761721200,529.0,529.0,529.0,529.0,1,5,1,12.0
466,-501,MZW,MZWH26,H1,2025-10-29 10:00:00,1761732000,544.0,544.0,544.0,544.0,0,0,1,4.0
1415,-236,MZW,MZWZ25,H1,2025-10-29 12:00:00,1761739200,527.5,528.0,527.5,528.0,6,0,8,12.0
1416,-235,MZW,MZWZ25,H1,2025-10-29 13:00:00,1761742800,527.0,532.0,527.0,531.5,23,5,33,12.0
1417,-234,MZW,MZWZ25,H1,2025-10-29 14:00:00,1761746400,531.5,531.5,531.0,531.5,6,5,14,12.0
1418,-233,MZW,MZWZ25,H1,2025-10-29 15:00:00,1761750000,528.5,528.5,528.5,528.5,1,10,1,12.0
1419,-232,MZW,MZWZ25,H1,2025-10-29 16:00:00,1761753600,530.0,531.0,529.0,529.0,4,5,4,11.0
1420,-231,MZW,MZWZ25,H1,2025-10-29 17:00:00,1761757200,531.0,531.0,528.5,529.5,5,5,6,11.0
1421,-230,MZW,MZWZ25,H1,2025-10-29 18:00:00,1761760800,529.5,534.0,529.5,534.0,14,5,19,12.0
1422,-229,MZW,MZWZ25,H1,2025-10-30 00:00:00,1761782400,534.5,535.0,533.5,534.5,10,5,18,12.0
1423,-228,MZW,MZWZ25,H1,2025-10-30 01:00:00,1761786000,534.5,535.0,534.5,535.0,4,5,6,12.0
1424,-227,MZW,MZWZ25,H1,2025-10-30 02:00:00,1761789600,534.5,534.5,533.5,533.5,2,5,3,12.0
1425,-226,MZW,MZWZ25,H1,2025-10-30 03:00:00,1761793200,535.0,535.5,532.5,532.5,10,5,10,12.0
1426,-225,MZW,MZWZ25,H1,2025-10-30 04:00:00,1761796800,531.5,534.0,525.5,525.5,55,5,90,13.0
1427,-224,MZW,MZWZ25,H1,2025-10-30 05:00:00,1761800400,526.5,526.5,524.5,526.0,13,5,23,13.0
1428,-223,MZW,MZWZ25,H1,2025-10-30 07:00:00,1761807600,523.0,523.0,523.0,523.0,5,5,5,13.0
1429,-222,MZW,MZWZ25,H1,2025-10-30 08:00:00,1761811200,526.5,527.0,526.5,527.0,2,5,3,13.0
1430,-221,MZW,MZWZ25,H1,2025-10-30 10:00:00,1761818400,523.0,523.0,523.0,523.0,1,10,1,13.0
1431,-220,MZW,MZWZ25,H1,2025-10-30 11:00:00,1761822000,525.5,527.5,525.5,527.5,6,5,21,14.0
1432,-219,MZW,MZWZ25,H1,2025-10-30 12:00:00,1761825600,527.5,530.0,527.0,528.5,12,0,20,14.0
1433,-218,MZW,MZWZ25,H1,2025-10-30 13:00:00,1761829200,528.5,530.0,522.5,522.5,23,5,33,14.0
1434,-217,MZW,MZWZ25,H1,2025-10-30 14:00:00,1761832800,524.0,524.0,522.5,522.5,4,5,5,13.0
1435,-216,MZW,MZWZ25,H1,2025-10-30 15:00:00,1761836400,523.0,523.5,523.0,523.5,2,5,2,12.0
1436,-215,MZW,MZWZ25,H1,2025-10-30 16:00:00,1761840000,523.5,526.5,523.5,524.5,10,5,15,12.0
1437,-214,MZW,MZWZ25,H1,2025-10-30 17:00:00,1761843600,526.5,526.5,523.5,523.5,4,5,6,12.0
1438,-213,MZW,MZWZ25,H1,2025-10-30 18:00:00,1761847200,523.5,524.0,523.5,524.0,3,5,4,12.0
163,-146,MZW,MZWK26,H1,2025-10-31 00:00:00,1761868800,554.0,554.0,554.0,554.0,0,0,1,2.0
1439,-212,MZW,MZWZ25,H1,2025-10-31 01:00:00,1761872400,525.0,525.0,525.0,525.0,3,5,3,12.0
1440,-211,MZW,MZWZ25,H1,2025-10-31 04:00:00,1761883200,526.0,526.5,526.0,526.5,3,5,5,12.0
1441,-210,MZW,MZWZ25,H1,2025-10-31 05:00:00,1761886800,526.0,526.0,526.0,526.0,2,5,2,12.0
1442,-209,MZW,MZWZ25,H1,2025-10-31 09:00:00,1761901200,521.0,521.0,520.0,520.0,7,5,9,12.0
1443,-208,MZW,MZWZ25,H1,2025-10-31 10:00:00,1761904800,520.0,520.0,519.5,519.5,2,5,2,12.0
1444,-207,MZW,MZWZ25,H1,2025-10-31 11:00:00,1761908400,519.0,519.0,519.0,519.0,1,5,1,12.0
1445,-206,MZW,MZWZ25,H1,2025-10-31 12:00:00,1761912000,518.5,519.0,518.5,519.0,2,5,2,12.0
1446,-205,MZW,MZWZ25,H1,2025-10-31 13:00:00,1761915600,518.0,518.0,517.5,517.5,8,5,15,12.0
1447,-204,MZW,MZWZ25,H1,2025-10-31 14:00:00,1761919200,519.5,524.0,519.5,523.5,10,5,18,12.0
1448,-203,MZW,MZWZ25,H1,2025-10-31 15:00:00,1761922800,526.0,526.5,525.0,526.0,8,5,19,12.0
1449,-202,MZW,MZWZ25,H1,2025-10-31 16:00:00,1761926400,528.0,530.0,528.0,530.0,8,5,15,12.0
1450,-201,MZW,MZWZ25,H1,2025-10-31 17:00:00,1761930000,531.5,532.0,531.0,532.0,6,5,10,12.0
1451,-200,MZW,MZWZ25,H1,2025-10-31 18:00:00,1761933600,533.0,534.0,533.0,533.0,19,5,43,13.0
1452,-199,MZW,MZWZ25,H1,2025-11-03 01:00:00,1762131600,533.5,537.5,533.5,537.5,21,5,40,13.0
1453,-198,MZW,MZWZ25,H1,2025-11-03 02:00:00,1762135200,537.0,539.0,537.0,539.0,9,5,15,13.0
1454,-197,MZW,MZWZ25,H1,2025-11-03 03:00:00,1762138800,539.0,540.0,538.5,540.0,57,5,100,15.0
1455,-196,MZW,MZWZ25,H1,2025-11-03 04:00:00,1762142400,539.5,539.5,539.5,539.5,4,5,6,14.0
1456,-195,MZW,MZWZ25,H1,2025-11-03 05:00:00,1762146000,540.0,540.0,540.0,540.0,9,5,14,15.0
1457,-194,MZW,MZWZ25,H1,2025-11-03 06:00:00,1762149600,540.0,540.0,539.5,539.5,47,5,102,16.0
1458,-193,MZW,MZWZ25,H1,2025-11-03 07:00:00,1762153200,539.0,540.0,539.0,539.0,21,0,50,17.0
1459,-192,MZW,MZWZ25,H1,2025-11-03 08:00:00,1762156800,540.0,540.5,539.5,540.5,8,5,24,17.0
1460,-191,MZW,MZWZ25,H1,2025-11-03 09:00:00,1762160400,542.5,542.5,541.5,542.0,10,5,29,17.0
1461,-190,MZW,MZWZ25,H1,2025-11-03 10:00:00,1762164000,542.5,543.0,542.5,543.0,8,5,15,17.0
1462,-189,MZW,MZWZ25,H1,2025-11-03 11:00:00,1762167600,541.5,541.5,541.5,541.5,3,5,8,17.0
1463,-188,MZW,MZWZ25,H1,2025-11-03 12:00:00,1762171200,540.5,542.5,540.5,542.5,5,5,6,17.0
1464,-187,MZW,MZWZ25,H1,2025-11-03 13:00:00,1762174800,541.5,541.5,541.0,541.0,2,5,2,17.0
1465,-186,MZW,MZWZ25,H1,2025-11-03 14:00:00,1762178400,541.0,542.0,534.0,535.0,34,5,44,17.0
1466,-185,MZW,MZWZ25,H1,2025-11-03 15:00:00,1762182000,534.5,534.5,532.0,532.0,14,5,27,17.0
1467,-184,MZW,MZWZ25,H1,2025-11-03 16:00:00,1762185600,532.0,541.5,532.0,541.5,13,5,22,17.0
1468,-183,MZW,MZWZ25,H1,2025-11-03 17:00:00,1762189200,541.5,543.0,541.0,543.0,11,5,22,18.0
1469,-182,MZW,MZWZ25,H1,2025-11-03 18:00:00,1762192800,543.5,544.5,542.5,543.0,19,5,54,18.0
1470,-181,MZW,MZWZ25,H1,2025-11-03 19:00:00,1762196400,542.0,545.0,542.0,545.0,9,5,14,18.0
1471,-180,MZW,MZWZ25,H1,2025-11-04 01:00:00,1762218000,545.5,549.0,540.5,549.0,9,0,14,18.0
1472,-179,MZW,MZWZ25,H1,2025-11-04 02:00:00,1762221600,548.5,548.5,548.0,548.5,6,5,6,18.0
1473,-178,MZW,MZWZ25,H1,2025-11-04 03:00:00,1762225200,547.5,547.5,547.5,547.5,1,5,1,18.0
1474,-177,MZW,MZWZ25,H1,2025-11-04 04:00:00,1762228800,547.0,547.0,547.0,547.0,2,5,4,17.0
1475,-176,MZW,MZWZ25,H1,2025-11-04 05:00:00,1762232400,547.0,547.5,546.0,546.0,4,5,6,17.0
1476,-175,MZW,MZWZ25,H1,2025-11-04 06:00:00,1762236000,545.0,545.5,545.0,545.0,3,5,4,17.0
1477,-174,MZW,MZWZ25,H1,2025-11-04 07:00:00,1762239600,544.5,544.5,544.5,544.5,2,5,5,17.0
1478,-173,MZW,MZWZ25,H1,2025-11-04 08:00:00,1762243200,546.0,547.0,546.0,546.5,3,5,7,17.0
1479,-172,MZW,MZWZ25,H1,2025-11-04 09:00:00,1762246800,547.5,547.5,546.0,546.0,5,5,12,17.0
1480,-171,MZW,MZWZ25,H1,2025-11-04 10:00:00,1762250400,547.0,547.0,547.0,547.0,1,5,1,17.0
1481,-170,MZW,MZWZ25,H1,2025-11-04 11:00:00,1762254000,546.5,546.5,545.5,545.5,2,5,4,17.0
1482,-169,MZW,MZWZ25,H1,2025-11-04 12:00:00,1762257600,545.0,547.0,545.0,547.0,7,5,10,16.0
1483,-168,MZW,MZWZ25,H1,2025-11-04 13:00:00,1762261200,547.0,547.0,546.5,546.5,2,10,2,16.0
1484,-167,MZW,MZWZ25,H1,2025-11-04 14:00:00,1762264800,546.0,548.0,543.0,543.0,16,5,25,17.0
1485,-166,MZW,MZWZ25,H1,2025-11-04 15:00:00,1762268400,543.5,543.5,541.0,542.0,7,5,8,17.0
1486,-165,MZW,MZWZ25,H1,2025-11-04 16:00:00,1762272000,542.5,542.5,539.5,542.0,9,5,12,17.0
1487,-164,MZW,MZWZ25,H1,2025-11-04 17:00:00,1762275600,546.5,547.0,546.5,546.5,6,5,7,17.0
1488,-163,MZW,MZWZ25,H1,2025-11-04 18:00:00,1762279200,547.0,549.0,546.5,549.0,13,5,17,17.0
1489,-162,MZW,MZWZ25,H1,2025-11-04 19:00:00,1762282800,550.0,550.5,550.0,550.0,13,5,40,17.0
1490,-161,MZW,MZWZ25,H1,2025-11-05 01:00:00,1762304400,547.0,547.0,547.0,547.0,1,10,1,17.0
510,-457,MZW,MZWH26,H1,2025-11-05 02:00:00,1762308000,559.0,559.0,559.0,559.0,0,0,2,7.0
1491,-160,MZW,MZWZ25,H1,2025-11-05 04:00:00,1762315200,549.0,550.0,549.0,550.0,15,5,35,17.0
1492,-159,MZW,MZWZ25,H1,2025-11-05 07:00:00,1762326000,550.0,550.0,550.0,550.0,3,5,4,17.0
1493,-158,MZW,MZWZ25,H1,2025-11-05 08:00:00,1762329600,550.0,550.0,550.0,550.0,1,5,1,17.0
1494,-157,MZW,MZWZ25,H1,2025-11-05 09:00:00,1762333200,548.5,550.0,548.5,550.0,7,5,12,17.0
1495,-156,MZW,MZWZ25,H1,2025-11-05 10:00:00,1762336800,547.5,547.5,547.5,547.5,3,5,3,17.0
1496,-155,MZW,MZWZ25,H1,2025-11-05 11:00:00,1762340400,550.0,550.5,550.0,550.5,4,5,6,17.0
1497,-154,MZW,MZWZ25,H1,2025-11-05 12:00:00,1762344000,549.0,549.0,549.0,549.0,2,5,4,17.0
1498,-153,MZW,MZWZ25,H1,2025-11-05 13:00:00,1762347600,549.0,549.0,547.5,548.0,4,0,9,16.0
1499,-152,MZW,MZWZ25,H1,2025-11-05 14:00:00,1762351200,548.0,548.5,546.5,548.5,11,5,16,16.0
1500,-151,MZW,MZWZ25,H1,2025-11-05 15:00:00,1762354800,549.5,550.0,548.5,550.0,12,5,22,16.0
1501,-150,MZW,MZWZ25,H1,2025-11-05 16:00:00,1762358400,550.5,553.0,550.5,553.0,15,5,21,16.0
1502,-149,MZW,MZWZ25,H1,2025-11-05 17:00:00,1762362000,553.5,555.0,553.5,555.0,14,5,20,16.0
1503,-148,MZW,MZWZ25,H1,2025-11-05 18:00:00,1762365600,552.0,554.5,552.0,553.0,11,5,15,16.0
1504,-147,MZW,MZWZ25,H1,2025-11-05 19:00:00,1762369200,554.0,554.5,554.0,554.5,6,5,10,16.0
1505,-146,MZW,MZWZ25,H1,2025-11-06 01:00:00,1762390800,552.5,552.5,551.0,551.0,8,5,9,16.0
187,-122,MZW,MZWK26,H1,2025-11-06 02:00:00,1762394400,572.5,572.5,572.0,572.5,0,0,8,3.0
1506,-145,MZW,MZWZ25,H1,2025-11-06 03:00:00,1762398000,550.5,550.5,550.5,550.5,3,5,3,16.0
1507,-144,MZW,MZWZ25,H1,2025-11-06 04:00:00,1762401600,551.0,551.5,550.5,551.5,4,5,4,16.0
519,-448,MZW,MZWH26,H1,2025-11-06 05:00:00,1762405200,564.5,564.5,564.5,564.5,0,0,1,8.0
1508,-143,MZW,MZWZ25,H1,2025-11-06 07:00:00,1762412400,551.5,551.5,550.0,550.0,6,5,6,16.0
1509,-142,MZW,MZWZ25,H1,2025-11-06 08:00:00,1762416000,551.0,551.0,551.0,551.0,1,5,1,16.0
522,-445,MZW,MZWH26,H1,2025-11-06 09:00:00,1762419600,564.0,564.0,563.5,563.5,0,0,2,7.0
190,-119,MZW,MZWK26,H1,2025-11-06 10:00:00,1762423200,572.0,572.0,572.0,572.0,0,0,2,3.0
1510,-141,MZW,MZWZ25,H1,2025-11-06 11:00:00,1762426800,550.0,550.0,546.5,546.5,17,5,23,16.0
1511,-140,MZW,MZWZ25,H1,2025-11-06 12:00:00,1762430400,546.0,547.5,546.0,547.5,14,5,20,16.0
1512,-139,MZW,MZWZ25,H1,2025-11-06 14:00:00,1762437600,544.5,544.5,542.5,543.0,16,5,25,16.0
1513,-138,MZW,MZWZ25,H1,2025-11-06 15:00:00,1762441200,542.0,542.0,537.0,537.0,28,5,44,17.0
1514,-137,MZW,MZWZ25,H1,2025-11-06 16:00:00,1762444800,537.0,537.0,534.5,535.5,43,5,82,18.0
1515,-136,MZW,MZWZ25,H1,2025-11-06 17:00:00,1762448400,537.0,537.0,537.0,537.0,3,5,4,18.0
1516,-135,MZW,MZWZ25,H1,2025-11-06 18:00:00,1762452000,537.0,537.0,536.0,536.5,7,5,10,18.0
1517,-134,MZW,MZWZ25,H1,2025-11-06 19:00:00,1762455600,536.5,536.5,535.5,535.5,13,5,15,18.0
1518,-133,MZW,MZWZ25,H1,2025-11-07 01:00:00,1762477200,536.0,536.5,535.5,536.5,3,5,3,18.0
1519,-132,MZW,MZWZ25,H1,2025-11-07 02:00:00,1762480800,537.0,537.0,537.0,537.0,1,5,1,18.0
1520,-131,MZW,MZWZ25,H1,2025-11-07 03:00:00,1762484400,536.0,536.0,536.0,536.0,1,5,2,18.0
1521,-130,MZW,MZWZ25,H1,2025-11-07 08:00:00,1762502400,536.0,536.0,536.0,536.0,1,5,1,18.0
1522,-129,MZW,MZWZ25,H1,2025-11-07 09:00:00,1762506000,536.0,536.0,536.0,536.0,1,5,2,17.0
1523,-128,MZW,MZWZ25,H1,2025-11-07 10:00:00,1762509600,533.0,533.0,533.0,533.0,5,5,9,17.0
1524,-127,MZW,MZWZ25,H1,2025-11-07 11:00:00,1762513200,533.0,533.0,533.0,533.0,1,5,2,16.0
1525,-126,MZW,MZWZ25,H1,2025-11-07 12:00:00,1762516800,532.5,532.5,532.0,532.0,2,5,3,16.0
1526,-125,MZW,MZWZ25,H1,2025-11-07 14:00:00,1762524000,531.0,535.5,530.0,535.0,21,5,34,15.0
1527,-124,MZW,MZWZ25,H1,2025-11-07 15:00:00,1762527600,533.5,533.5,531.0,531.5,16,5,25,16.0
1528,-123,MZW,MZWZ25,H1,2025-11-07 16:00:00,1762531200,532.0,532.5,529.0,530.5,16,5,30,16.0
1529,-122,MZW,MZWZ25,H1,2025-11-07 17:00:00,1762534800,528.0,528.0,527.5,528.0,12,5,15,15.0
1530,-121,MZW,MZWZ25,H1,2025-11-07 18:00:00,1762538400,527.5,527.5,526.0,526.0,21,5,38,14.0
1531,-120,MZW,MZWZ25,H1,2025-11-07 19:00:00,1762542000,527.5,527.5,527.0,527.0,3,5,3,14.0
1532,-119,MZW,MZWZ25,H1,2025-11-10 02:00:00,1762740000,530.0,530.0,530.0,530.0,1,5,1,14.0
1533,-118,MZW,MZWZ25,H1,2025-11-10 03:00:00,1762743600,529.0,529.5,529.0,529.5,3,5,4,14.0
1534,-117,MZW,MZWZ25,H1,2025-11-10 04:00:00,1762747200,529.5,529.5,529.5,529.5,1,5,1,14.0
1535,-116,MZW,MZWZ25,H1,2025-11-10 07:00:00,1762758000,531.0,531.0,531.0,531.0,1,10,1,13.0
1536,-115,MZW,MZWZ25,H1,2025-11-10 08:00:00,1762761600,532.5,532.5,532.5,532.5,2,5,2,13.0
1537,-114,MZW,MZWZ25,H1,2025-11-10 09:00:00,1762765200,533.5,533.5,533.5,533.5,1,5,2,13.0
1538,-113,MZW,MZWZ25,H1,2025-11-10 11:00:00,1762772400,534.5,535.5,534.5,535.5,3,5,4,13.0
1539,-112,MZW,MZWZ25,H1,2025-11-10 13:00:00,1762779600,534.5,534.5,534.5,534.5,1,10,2,12.0
1540,-111,MZW,MZWZ25,H1,2025-11-10 14:00:00,1762783200,534.5,536.0,532.0,533.0,8,5,22,12.0
1541,-110,MZW,MZWZ25,H1,2025-11-10 15:00:00,1762786800,531.5,533.5,531.5,533.5,9,5,12,12.0
1542,-109,MZW,MZWZ25,H1,2025-11-10 16:00:00,1762790400,534.0,534.0,532.5,532.5,4,5,9,12.0
1543,-108,MZW,MZWZ25,H1,2025-11-10 17:00:00,1762794000,535.0,535.5,535.0,535.5,5,5,8,12.0
1544,-107,MZW,MZWZ25,H1,2025-11-10 18:00:00,1762797600,535.5,536.0,535.5,535.5,6,5,10,12.0
1545,-106,MZW,MZWZ25,H1,2025-11-10 19:00:00,1762801200,536.0,536.0,535.0,535.0,7,5,8,12.0
1546,-105,MZW,MZWZ25,H1,2025-11-11 01:00:00,1762822800,536.0,536.0,533.5,533.5,3,5,5,12.0
1547,-104,MZW,MZWZ25,H1,2025-11-11 02:00:00,1762826400,534.0,534.0,534.0,534.0,1,5,1,12.0
1548,-103,MZW,MZWZ25,H1,2025-11-11 03:00:00,1762830000,534.0,534.0,534.0,534.0,1,5,1,12.0
1549,-102,MZW,MZWZ25,H1,2025-11-11 06:00:00,1762840800,536.0,536.5,536.0,536.5,2,5,3,12.0
1550,-101,MZW,MZWZ25,H1,2025-11-11 07:00:00,1762844400,536.0,537.0,536.0,537.0,7,5,10,12.0
1551,-100,MZW,MZWZ25,H1,2025-11-11 08:00:00,1762848000,538.0,538.5,538.0,538.0,4,5,7,12.0
1552,-99,MZW,MZWZ25,H1,2025-11-11 09:00:00,1762851600,538.5,539.0,537.5,537.5,5,5,5,12.0
1553,-98,MZW,MZWZ25,H1,2025-11-11 10:00:00,1762855200,536.0,536.0,536.0,536.0,1,5,1,12.0
1554,-97,MZW,MZWZ25,H1,2025-11-11 11:00:00,1762858800,536.0,536.0,535.5,535.5,3,5,6,12.0
550,-417,MZW,MZWH26,H1,2025-11-11 12:00:00,1762862400,550.5,550.5,550.5,550.5,0,0,1,8.0
1555,-96,MZW,MZWZ25,H1,2025-11-11 13:00:00,1762866000,535.5,535.5,534.5,534.5,4,5,6,12.0
1556,-95,MZW,MZWZ25,H1,2025-11-11 14:00:00,1762869600,532.5,534.0,532.0,534.0,12,5,26,12.0
1557,-94,MZW,MZWZ25,H1,2025-11-11 15:00:00,1762873200,534.5,538.0,534.0,538.0,17,5,37,12.0
1558,-93,MZW,MZWZ25,H1,2025-11-11 16:00:00,1762876800,536.5,536.5,534.5,534.5,6,5,14,12.0
1559,-92,MZW,MZWZ25,H1,2025-11-11 17:00:00,1762880400,536.0,536.0,534.5,536.0,6,5,12,12.0
1560,-91,MZW,MZWZ25,H1,2025-11-11 18:00:00,1762884000,537.0,537.0,536.5,536.5,4,5,7,12.0
1561,-90,MZW,MZWZ25,H1,2025-11-11 19:00:00,1762887600,535.5,535.5,535.5,535.5,2,5,3,11.0
1562,-89,MZW,MZWZ25,H1,2025-11-12 01:00:00,1762909200,534.0,534.0,534.0,534.0,1,5,1,11.0
213,-96,MZW,MZWK26,H1,2025-11-12 03:00:00,1762916400,562.5,562.5,562.5,562.5,0,0,2,4.0
1563,-88,MZW,MZWZ25,H1,2025-11-12 07:00:00,1762930800,534.5,534.5,534.0,534.0,4,5,7,11.0
559,-408,MZW,MZWH26,H1,2025-11-12 08:00:00,1762934400,549.5,549.5,549.5,549.5,0,0,4,6.0
214,-95,MZW,MZWK26,H1,2025-11-12 09:00:00,1762938000,559.5,559.5,559.5,559.5,0,0,4,4.0
1564,-87,MZW,MZWZ25,H1,2025-11-12 10:00:00,1762941600,532.0,532.5,532.0,532.5,4,5,4,11.0
1565,-86,MZW,MZWZ25,H1,2025-11-12 11:00:00,1762945200,532.5,532.5,532.0,532.0,2,5,2,11.0
1566,-85,MZW,MZWZ25,H1,2025-11-12 12:00:00,1762948800,530.0,530.0,528.0,529.0,10,5,17,11.0
1567,-84,MZW,MZWZ25,H1,2025-11-12 13:00:00,1762952400,528.0,528.5,528.0,528.5,4,5,4,11.0
1568,-83,MZW,MZWZ25,H1,2025-11-12 14:00:00,1762956000,528.5,533.0,528.5,532.0,28,5,51,12.0
1569,-82,MZW,MZWZ25,H1,2025-11-12 15:00:00,1762959600,532.5,534.0,532.0,533.5,12,5,19,12.0
1570,-81,MZW,MZWZ25,H1,2025-11-12 16:00:00,1762963200,535.0,536.0,534.0,534.0,13,5,17,12.0
1571,-80,MZW,MZWZ25,H1,2025-11-12 17:00:00,1762966800,534.5,535.5,534.0,535.5,6,5,12,12.0
1572,-79,MZW,MZWZ25,H1,2025-11-12 18:00:00,1762970400,536.0,536.0,536.0,536.0,4,5,5,12.0
1573,-78,MZW,MZWZ25,H1,2025-11-12 19:00:00,1762974000,535.5,535.5,535.5,535.5,3,5,4,12.0
1574,-77,MZW,MZWZ25,H1,2025-11-13 01:00:00,1762995600,537.0,537.0,534.5,536.0,3,5,3,11.0
1575,-76,MZW,MZWZ25,H1,2025-11-13 06:00:00,1763013600,534.5,535.0,534.5,535.0,9,5,9,11.0
1576,-75,MZW,MZWZ25,H1,2025-11-13 07:00:00,1763017200,534.0,534.0,533.5,533.5,2,5,2,11.0
1577,-74,MZW,MZWZ25,H1,2025-11-13 08:00:00,1763020800,534.0,534.0,533.0,533.0,3,5,4,11.0
1578,-73,MZW,MZWZ25,H1,2025-11-13 10:00:00,1763028000,532.5,532.5,532.5,532.5,1,5,2,11.0
1579,-72,MZW,MZWZ25,H1,2025-11-13 11:00:00,1763031600,531.0,531.0,530.5,531.0,5,5,5,11.0
1580,-71,MZW,MZWZ25,H1,2025-11-13 12:00:00,1763035200,534.0,534.0,534.0,534.0,3,5,4,11.0
1581,-70,MZW,MZWZ25,H1,2025-11-13 13:00:00,1763038800,534.0,534.0,534.0,534.0,2,0,3,11.0
1582,-69,MZW,MZWZ25,H1,2025-11-13 14:00:00,1763042400,535.0,538.0,535.0,537.5,17,5,37,11.0
1583,-68,MZW,MZWZ25,H1,2025-11-13 15:00:00,1763046000,538.0,538.5,537.5,537.5,22,5,35,11.0
1584,-67,MZW,MZWZ25,H1,2025-11-13 16:00:00,1763049600,536.5,538.0,535.5,535.5,18,5,29,12.0
1585,-66,MZW,MZWZ25,H1,2025-11-13 17:00:00,1763053200,535.0,538.0,535.0,538.0,10,5,18,11.0
1586,-65,MZW,MZWZ25,H1,2025-11-13 18:00:00,1763056800,539.0,539.0,535.5,535.5,24,5,34,10.0
1587,-64,MZW,MZWZ25,H1,2025-11-13 19:00:00,1763060400,536.5,536.5,536.5,536.5,1,10,1,10.0
1588,-63,MZW,MZWZ25,H1,2025-11-14 02:00:00,1763085600,536.5,536.5,536.5,536.5,2,5,4,10.0
1589,-62,MZW,MZWZ25,H1,2025-11-14 03:00:00,1763089200,536.5,536.5,536.5,536.5,1,5,1,10.0
1590,-61,MZW,MZWZ25,H1,2025-11-14 04:00:00,1763092800,536.5,539.5,536.5,539.5,14,5,17,10.0
1591,-60,MZW,MZWZ25,H1,2025-11-14 05:00:00,1763096400,539.5,543.0,539.0,542.5,21,5,27,11.0
1592,-59,MZW,MZWZ25,H1,2025-11-14 06:00:00,1763100000,542.5,542.5,542.0,542.5,10,5,17,11.0
1593,-58,MZW,MZWZ25,H1,2025-11-14 07:00:00,1763103600,540.5,541.0,540.5,541.0,7,5,8,11.0
1594,-57,MZW,MZWZ25,H1,2025-11-14 08:00:00,1763107200,540.0,540.0,539.5,540.0,3,5,4,11.0
1595,-56,MZW,MZWZ25,H1,2025-11-14 09:00:00,1763110800,539.5,540.0,539.5,539.5,4,5,6,11.0
1596,-55,MZW,MZWZ25,H1,2025-11-14 10:00:00,1763114400,540.0,540.0,540.0,540.0,1,10,1,11.0
1597,-54,MZW,MZWZ25,H1,2025-11-14 11:00:00,1763118000,541.0,541.0,541.0,541.0,1,5,1,11.0
1598,-53,MZW,MZWZ25,H1,2025-11-14 12:00:00,1763121600,541.5,543.5,541.5,543.5,4,5,8,11.0
1599,-52,MZW,MZWZ25,H1,2025-11-14 13:00:00,1763125200,544.5,544.5,542.5,542.5,11,5,15,10.0
1600,-51,MZW,MZWZ25,H1,2025-11-14 14:00:00,1763128800,541.0,542.0,539.5,541.0,13,5,16,10.0
1601,-50,MZW,MZWZ25,H1,2025-11-14 15:00:00,1763132400,544.0,544.0,538.0,538.0,21,5,39,11.0
1602,-49,MZW,MZWZ25,H1,2025-11-14 16:00:00,1763136000,537.5,538.0,537.0,538.0,9,5,22,10.0
1603,-48,MZW,MZWZ25,H1,2025-11-14 17:00:00,1763139600,537.5,537.5,525.5,526.5,63,5,97,12.0
1604,-47,MZW,MZWZ25,H1,2025-11-14 18:00:00,1763143200,525.5,527.0,525.5,527.0,7,5,7,12.0
1605,-46,MZW,MZWZ25,H1,2025-11-14 19:00:00,1763146800,527.0,527.0,527.0,527.0,6,5,8,12.0
1606,-45,MZW,MZWZ25,H1,2025-11-17 01:00:00,1763341200,527.0,528.0,527.0,527.0,14,5,21,12.0
590,-377,MZW,MZWH26,H1,2025-11-17 02:00:00,1763344800,542.0,542.0,542.0,542.0,0,0,3,10.0
1607,-44,MZW,MZWZ25,H1,2025-11-17 03:00:00,1763348400,528.0,528.0,527.5,527.5,6,5,7,12.0
1608,-43,MZW,MZWZ25,H1,2025-11-17 04:00:00,1763352000,528.0,528.0,528.0,528.0,1,5,1,12.0
593,-374,MZW,MZWH26,H1,2025-11-17 05:00:00,1763355600,542.0,542.0,542.0,542.0,0,0,2,10.0
1609,-42,MZW,MZWZ25,H1,2025-11-17 06:00:00,1763359200,528.5,528.5,528.5,528.5,2,5,10,12.0
594,-373,MZW,MZWH26,H1,2025-11-17 07:00:00,1763362800,543.0,544.5,543.0,544.5,0,0,5,10.0
595,-372,MZW,MZWH26,H1,2025-11-17 08:00:00,1763366400,546.0,546.0,545.0,545.0,0,0,2,10.0
596,-371,MZW,MZWH26,H1,2025-11-17 09:00:00,1763370000,544.5,544.5,544.5,544.5,0,0,2,10.0
1610,-41,MZW,MZWZ25,H1,2025-11-17 11:00:00,1763377200,531.5,532.0,531.5,532.0,2,5,2,12.0
598,-369,MZW,MZWH26,H1,2025-11-17 12:00:00,1763380800,548.5,549.0,548.5,549.0,0,0,2,10.0
1611,-40,MZW,MZWZ25,H1,2025-11-17 13:00:00,1763384400,532.5,532.5,532.5,532.5,1,10,1,12.0
1612,-39,MZW,MZWZ25,H1,2025-11-17 14:00:00,1763388000,532.0,539.5,532.0,539.5,9,5,18,12.0
1613,-38,MZW,MZWZ25,H1,2025-11-17 15:00:00,1763391600,539.5,542.5,539.5,542.5,8,5,11,12.0
1614,-37,MZW,MZWZ25,H1,2025-11-17 16:00:00,1763395200,541.5,546.0,541.0,543.0,18,5,22,12.0
1615,-36,MZW,MZWZ25,H1,2025-11-17 17:00:00,1763398800,545.5,545.5,543.0,543.0,8,5,14,12.0
1616,-35,MZW,MZWZ25,H1,2025-11-17 18:00:00,1763402400,543.5,544.0,543.5,544.0,9,5,9,12.0
1617,-34,MZW,MZWZ25,H1,2025-11-17 19:00:00,1763406000,543.0,545.5,543.0,545.5,4,5,4,12.0
1618,-33,MZW,MZWZ25,H1,2025-11-18 01:00:00,1763427600,545.0,547.5,542.0,542.0,11,5,26,13.0
1619,-32,MZW,MZWZ25,H1,2025-11-18 02:00:00,1763431200,542.0,542.0,542.0,542.0,1,15,1,13.0
1620,-31,MZW,MZWZ25,H1,2025-11-18 04:00:00,1763438400,540.0,540.0,540.0,540.0,5,10,10,13.0
1621,-30,MZW,MZWZ25,H1,2025-11-18 05:00:00,1763442000,540.5,541.0,540.5,541.0,2,5,2,13.0
1622,-29,MZW,MZWZ25,H1,2025-11-18 06:00:00,1763445600,541.5,542.0,541.5,542.0,5,5,7,13.0
609,-358,MZW,MZWH26,H1,2025-11-18 07:00:00,1763449200,558.0,558.0,557.5,557.5,0,0,3,11.0
610,-357,MZW,MZWH26,H1,2025-11-18 08:00:00,1763452800,558.5,560.0,558.5,560.0,0,0,3,11.0
1623,-28,MZW,MZWZ25,H1,2025-11-18 09:00:00,1763456400,546.5,546.5,546.5,546.5,2,5,2,13.0
612,-355,MZW,MZWH26,H1,2025-11-18 10:00:00,1763460000,557.5,558.5,557.5,558.5,0,0,8,11.0
1624,-27,MZW,MZWZ25,H1,2025-11-18 12:00:00,1763467200,547.5,547.5,547.5,547.5,1,10,1,13.0
1625,-26,MZW,MZWZ25,H1,2025-11-18 13:00:00,1763470800,549.5,549.5,549.5,549.5,1,10,1,13.0
1626,-25,MZW,MZWZ25,H1,2025-11-18 14:00:00,1763474400,542.0,542.0,541.5,541.5,6,5,11,13.0
616,-351,MZW,MZWH26,H1,2025-11-18 15:00:00,1763478000,557.0,557.5,557.0,557.5,0,0,3,11.0
1627,-24,MZW,MZWZ25,H1,2025-11-18 16:00:00,1763481600,543.5,543.5,543.5,543.5,6,5,29,13.0
1628,-23,MZW,MZWZ25,H1,2025-11-18 17:00:00,1763485200,546.0,546.0,546.0,546.0,14,5,21,13.0
1629,-22,MZW,MZWZ25,H1,2025-11-18 18:00:00,1763488800,545.0,546.5,545.0,546.0,9,5,29,13.0
1630,-21,MZW,MZWZ25,H1,2025-11-18 19:00:00,1763492400,547.0,547.0,546.5,546.5,6,5,11,13.0
1631,-20,MZW,MZWZ25,H1,2025-11-19 01:00:00,1763514000,546.0,546.0,545.0,545.0,2,5,3,13.0
622,-345,MZW,MZWH26,H1,2025-11-19 04:00:00,1763524800,558.5,558.5,558.5,558.5,0,0,1,11.0
1632,-19,MZW,MZWZ25,H1,2025-11-19 06:00:00,1763532000,546.5,546.5,546.0,546.0,2,5,2,13.0
1633,-18,MZW,MZWZ25,H1,2025-11-19 07:00:00,1763535600,544.0,544.0,543.5,543.5,2,5,2,13.0
625,-342,MZW,MZWH26,H1,2025-11-19 08:00:00,1763539200,557.0,557.0,557.0,557.0,0,0,1,11.0
1634,-17,MZW,MZWZ25,H1,2025-11-19 09:00:00,1763542800,547.5,547.5,547.5,547.5,1,5,1,13.0
627,-340,MZW,MZWH26,H1,2025-11-19 10:00:00,1763546400,560.5,560.5,560.5,560.5,0,0,1,11.0
1635,-16,MZW,MZWZ25,H1,2025-11-19 11:00:00,1763550000,548.0,549.0,548.0,549.0,3,5,4,13.0
628,-339,MZW,MZWH26,H1,2025-11-19 12:00:00,1763553600,562.0,562.0,562.0,562.0,0,0,3,11.0
1636,-15,MZW,MZWZ25,H1,2025-11-19 13:00:00,1763557200,548.0,548.0,548.0,548.0,1,15,1,12.0
1637,-14,MZW,MZWZ25,H1,2025-11-19 14:00:00,1763560800,548.0,548.0,540.5,541.0,14,5,14,13.0
1638,-13,MZW,MZWZ25,H1,2025-11-19 15:00:00,1763564400,541.0,541.0,540.0,540.0,6,5,10,13.0
1639,-12,MZW,MZWZ25,H1,2025-11-19 16:00:00,1763568000,539.0,539.0,537.5,537.5,5,5,11,13.0
633,-334,MZW,MZWH26,H1,2025-11-19 17:00:00,1763571600,551.5,551.5,549.5,549.5,0,0,8,11.0
1640,-11,MZW,MZWZ25,H1,2025-11-19 18:00:00,1763575200,536.0,536.0,536.0,536.0,1,10,1,12.0
1641,-10,MZW,MZWZ25,H1,2025-11-19 19:00:00,1763578800,537.0,537.0,537.0,537.0,2,5,3,12.0
1642,-9,MZW,MZWZ25,H1,2025-11-20 01:00:00,1763600400,537.0,537.0,537.0,537.0,1,5,2,12.0
637,-330,MZW,MZWH26,H1,2025-11-20 08:00:00,1763625600,552.5,552.5,552.0,552.5,0,0,20,11.0
638,-329,MZW,MZWH26,H1,2025-11-20 09:00:00,1763629200,552.5,552.5,552.5,552.5,0,0,1,11.0
639,-328,MZW,MZWH26,H1,2025-11-20 10:00:00,1763632800,552.5,552.5,552.5,552.5,0,0,2,11.0
1643,-8,MZW,MZWZ25,H1,2025-11-20 12:00:00,1763640000,542.0,542.0,540.5,540.5,2,5,5,11.0
641,-326,MZW,MZWH26,H1,2025-11-20 13:00:00,1763643600,554.5,555.5,552.5,555.5,0,0,11,11.0
1644,-7,MZW,MZWZ25,H1,2025-11-20 14:00:00,1763647200,541.5,541.5,537.0,537.0,17,5,47,12.0
1645,-6,MZW,MZWZ25,H1,2025-11-20 15:00:00,1763650800,532.5,534.5,532.0,532.0,8,5,16,12.0
1646,-5,MZW,MZWZ25,H1,2025-11-20 16:00:00,1763654400,531.5,531.5,531.5,531.5,4,5,4,12.0
645,-322,MZW,MZWH26,H1,2025-11-20 17:00:00,1763658000,543.5,544.0,543.5,544.0,0,0,16,11.0
1647,-4,MZW,MZWZ25,H1,2025-11-20 18:00:00,1763661600,529.5,530.0,527.0,527.0,16,5,20,12.0
1648,-3,MZW,MZWZ25,H1,2025-11-20 19:00:00,1763665200,528.5,528.5,528.5,528.5,3,15,5,12.0
648,-319,MZW,MZWH26,H1,2025-11-21 03:00:00,1763694000,538.5,538.5,538.5,538.5,0,0,7,11.0
649,-318,MZW,MZWH26,H1,2025-11-21 07:00:00,1763708400,538.0,538.0,538.0,538.0,0,0,3,11.0
650,-317,MZW,MZWH26,H1,2025-11-21 08:00:00,1763712000,537.5,537.5,537.5,537.5,0,0,1,11.0
651,-316,MZW,MZWH26,H1,2025-11-21 10:00:00,1763719200,537.5,537.5,537.0,537.0,0,0,3,11.0
652,-315,MZW,MZWH26,H1,2025-11-21 12:00:00,1763726400,537.0,537.0,537.0,537.0,0,0,1,11.0
247,-62,MZW,MZWK26,H1,2025-11-21 13:00:00,1763730000,548.5,548.5,548.5,548.5,0,0,4,4.0
1649,-2,MZW,MZWZ25,H1,2025-11-21 14:00:00,1763733600,526.5,526.5,526.5,526.5,2,15,2,12.0
1650,-1,MZW,MZWZ25,H1,2025-11-21 15:00:00,1763737200,528.5,528.5,528.5,528.5,1,15,1,12.0
655,-312,MZW,MZWH26,H1,2025-11-21 16:00:00,1763740800,542.5,545.0,542.5,544.0,0,0,6,10.0
656,-311,MZW,MZWH26,H1,2025-11-21 18:00:00,1763748000,541.5,541.5,541.5,541.5,0,0,2,10.0
1651,0,MZW,MZWZ25,H1,2025-11-21 19:00:00,1763751600,527.0,527.0,526.5,526.5,4,5,7,12.0
658,-309,MZW,MZWH26,H1,2025-11-24 01:00:00,1763946000,537.5,539.0,537.0,538.5,7,5,7,9.0
659,-308,MZW,MZWH26,H1,2025-11-24 03:00:00,1763953200,540.0,540.0,539.5,539.5,3,5,5,9.0
660,-307,MZW,MZWH26,H1,2025-11-24 06:00:00,1763964000,539.5,539.5,539.5,539.5,1,5,1,9.0
661,-306,MZW,MZWH26,H1,2025-11-24 07:00:00,1763967600,539.0,539.0,538.0,538.0,2,5,5,9.0
662,-305,MZW,MZWH26,H1,2025-11-24 08:00:00,1763971200,535.5,535.5,535.0,535.0,7,5,8,9.0
663,-304,MZW,MZWH26,H1,2025-11-24 09:00:00,1763974800,535.0,535.0,535.0,535.0,1,5,1,9.0
664,-303,MZW,MZWH26,H1,2025-11-24 11:00:00,1763982000,535.0,535.0,535.0,535.0,2,5,2,9.0
665,-302,MZW,MZWH26,H1,2025-11-24 12:00:00,1763985600,534.0,534.0,534.0,534.0,2,5,2,9.0
666,-301,MZW,MZWH26,H1,2025-11-24 13:00:00,1763989200,534.0,535.5,534.0,535.5,2,10,2,9.0
667,-300,MZW,MZWH26,H1,2025-11-24 14:00:00,1763992800,535.5,535.5,534.5,534.5,3,5,7,9.0
668,-299,MZW,MZWH26,H1,2025-11-24 15:00:00,1763996400,533.5,533.5,532.0,532.5,12,5,23,9.0
669,-298,MZW,MZWH26,H1,2025-11-24 16:00:00,1764000000,534.0,534.0,534.0,534.0,3,5,5,9.0
670,-297,MZW,MZWH26,H1,2025-11-24 17:00:00,1764003600,534.5,534.5,534.5,534.5,1,5,1,9.0
671,-296,MZW,MZWH26,H1,2025-11-24 18:00:00,1764007200,534.0,535.5,534.0,535.5,4,5,4,9.0
672,-295,MZW,MZWH26,H1,2025-11-24 19:00:00,1764010800,534.5,535.5,534.5,535.5,4,5,7,9.0
673,-294,MZW,MZWH26,H1,2025-11-25 01:00:00,1764032400,531.0,536.0,531.0,534.5,5,5,6,9.0
674,-293,MZW,MZWH26,H1,2025-11-25 06:00:00,1764050400,534.0,534.0,534.0,534.0,1,5,1,8.0
675,-292,MZW,MZWH26,H1,2025-11-25 08:00:00,1764057600,534.5,534.5,534.5,534.5,2,5,5,8.0
676,-291,MZW,MZWH26,H1,2025-11-25 09:00:00,1764061200,535.5,535.5,535.5,535.5,1,5,1,7.0
677,-290,MZW,MZWH26,H1,2025-11-25 10:00:00,1764064800,535.0,536.5,535.0,536.5,2,5,2,7.0
678,-289,MZW,MZWH26,H1,2025-11-25 11:00:00,1764068400,537.5,537.5,537.5,537.5,1,5,1,7.0
679,-288,MZW,MZWH26,H1,2025-11-25 12:00:00,1764072000,536.5,537.0,533.0,533.0,6,5,8,7.0
680,-287,MZW,MZWH26,H1,2025-11-25 13:00:00,1764075600,535.5,535.5,535.5,535.5,1,5,2,7.0
681,-286,MZW,MZWH26,H1,2025-11-25 14:00:00,1764079200,536.5,536.5,534.5,536.0,13,5,26,8.0
682,-285,MZW,MZWH26,H1,2025-11-25 15:00:00,1764082800,538.0,539.0,536.5,537.5,10,5,13,8.0
683,-284,MZW,MZWH26,H1,2025-11-25 17:00:00,1764090000,539.0,540.0,539.0,540.0,3,5,3,8.0
684,-283,MZW,MZWH26,H1,2025-11-25 18:00:00,1764093600,539.5,539.5,539.5,539.5,1,5,1,8.0
685,-282,MZW,MZWH26,H1,2025-11-25 19:00:00,1764097200,539.5,539.5,538.5,538.5,6,5,7,8.0
686,-281,MZW,MZWH26,H1,2025-11-26 01:00:00,1764118800,533.5,537.0,532.5,537.0,4,5,5,8.0
687,-280,MZW,MZWH26,H1,2025-11-26 02:00:00,1764122400,537.5,537.5,537.5,537.5,2,5,5,8.0
688,-279,MZW,MZWH26,H1,2025-11-26 06:00:00,1764136800,537.5,538.5,537.5,538.5,3,5,3,8.0
689,-278,MZW,MZWH26,H1,2025-11-26 07:00:00,1764140400,538.0,538.5,538.0,538.5,3,5,4,7.0
690,-277,MZW,MZWH26,H1,2025-11-26 13:00:00,1764162000,540.0,540.5,540.0,540.5,2,5,4,7.0
691,-276,MZW,MZWH26,H1,2025-11-26 14:00:00,1764165600,540.0,540.0,540.0,540.0,1,5,2,6.0
692,-275,MZW,MZWH26,H1,2025-11-26 15:00:00,1764169200,543.0,544.0,543.0,544.0,8,5,10,7.0
693,-274,MZW,MZWH26,H1,2025-11-26 16:00:00,1764172800,543.0,543.0,543.0,543.0,3,5,6,7.0
694,-273,MZW,MZWH26,H1,2025-11-26 18:00:00,1764180000,542.5,542.5,542.5,542.5,4,5,12,7.0
695,-272,MZW,MZWH26,H1,2025-11-28 14:00:00,1764338400,541.5,541.5,535.5,538.5,11,5,16,7.0
696,-271,MZW,MZWH26,H1,2025-11-28 15:00:00,1764342000,540.5,541.0,540.5,541.0,2,5,3,7.0
697,-270,MZW,MZWH26,H1,2025-11-28 16:00:00,1764345600,540.5,540.5,538.5,538.5,5,5,6,7.0
698,-269,MZW,MZWH26,H1,2025-11-28 17:00:00,1764349200,538.0,539.0,537.5,539.0,12,5,26,7.0
699,-268,MZW,MZWH26,H1,2025-12-01 01:00:00,1764550800,539.5,541.5,539.5,541.0,10,5,10,8.0
700,-267,MZW,MZWH26,H1,2025-12-01 02:00:00,1764554400,538.0,538.5,538.0,538.5,4,5,5,8.0
701,-266,MZW,MZWH26,H1,2025-12-01 03:00:00,1764558000,537.0,537.0,537.0,537.0,2,5,2,8.0
702,-265,MZW,MZWH26,H1,2025-12-01 04:00:00,1764561600,537.0,537.0,536.5,536.5,7,5,8,7.0
703,-264,MZW,MZWH26,H1,2025-12-01 05:00:00,1764565200,536.5,537.0,536.5,537.0,3,5,4,7.0
704,-263,MZW,MZWH26,H1,2025-12-01 06:00:00,1764568800,536.0,536.0,536.0,536.0,1,5,1,7.0
705,-262,MZW,MZWH26,H1,2025-12-01 07:00:00,1764572400,536.5,536.5,536.5,536.5,1,5,2,7.0
706,-261,MZW,MZWH26,H1,2025-12-01 08:00:00,1764576000,535.5,535.5,534.5,534.5,4,5,4,7.0
707,-260,MZW,MZWH26,H1,2025-12-01 09:00:00,1764579600,534.0,534.5,534.0,534.5,3,5,4,7.0
708,-259,MZW,MZWH26,H1,2025-12-01 10:00:00,1764583200,533.5,534.0,533.5,534.0,7,5,24,8.0
709,-258,MZW,MZWH26,H1,2025-12-01 12:00:00,1764590400,536.0,536.0,536.0,536.0,1,5,2,7.0
710,-257,MZW,MZWH26,H1,2025-12-01 13:00:00,1764594000,534.0,534.0,534.0,534.0,1,5,1,7.0
711,-256,MZW,MZWH26,H1,2025-12-01 14:00:00,1764597600,533.5,533.5,532.5,532.5,4,5,4,7.0
712,-255,MZW,MZWH26,H1,2025-12-01 15:00:00,1764601200,537.5,538.0,534.5,535.5,12,5,16,8.0
713,-254,MZW,MZWH26,H1,2025-12-01 16:00:00,1764604800,536.5,538.0,536.0,538.0,4,5,4,7.0
714,-253,MZW,MZWH26,H1,2025-12-01 17:00:00,1764608400,535.5,535.5,534.0,534.0,2,5,4,7.0
715,-252,MZW,MZWH26,H1,2025-12-01 19:00:00,1764615600,535.5,535.5,535.5,535.5,1,5,1,7.0
716,-251,MZW,MZWH26,H1,2025-12-02 01:00:00,1764637200,533.5,535.0,532.5,532.5,15,5,19,7.0
717,-250,MZW,MZWH26,H1,2025-12-02 02:00:00,1764640800,533.5,533.5,533.5,533.5,1,10,1,7.0
718,-249,MZW,MZWH26,H1,2025-12-02 03:00:00,1764644400,534.5,534.5,534.5,534.5,1,5,1,7.0
719,-248,MZW,MZWH26,H1,2025-12-02 04:00:00,1764648000,535.0,535.0,535.0,535.0,1,5,1,7.0
720,-247,MZW,MZWH26,H1,2025-12-02 06:00:00,1764655200,535.5,535.5,535.5,535.5,1,5,1,6.0
721,-246,MZW,MZWH26,H1,2025-12-02 07:00:00,1764658800,535.0,535.0,535.0,535.0,2,5,2,6.0
722,-245,MZW,MZWH26,H1,2025-12-02 09:00:00,1764666000,533.5,533.5,531.0,532.0,16,5,21,7.0
723,-244,MZW,MZWH26,H1,2025-12-02 13:00:00,1764680400,530.5,531.0,530.0,531.0,6,0,6,7.0
724,-243,MZW,MZWH26,H1,2025-12-02 14:00:00,1764684000,530.5,533.0,530.0,533.0,10,5,12,7.0
725,-242,MZW,MZWH26,H1,2025-12-02 15:00:00,1764687600,533.0,539.0,533.0,538.0,19,5,31,7.0
726,-241,MZW,MZWH26,H1,2025-12-02 16:00:00,1764691200,538.0,543.5,538.0,543.5,25,5,44,7.0
727,-240,MZW,MZWH26,H1,2025-12-02 17:00:00,1764694800,543.5,543.5,542.0,542.5,13,5,20,7.0
728,-239,MZW,MZWH26,H1,2025-12-02 18:00:00,1764698400,540.0,540.0,540.0,540.0,2,5,2,7.0
729,-238,MZW,MZWH26,H1,2025-12-02 19:00:00,1764702000,540.5,541.5,540.5,541.5,5,5,6,7.0
730,-237,MZW,MZWH26,H1,2025-12-03 01:00:00,1764723600,540.5,542.0,539.5,542.0,5,5,5,7.0
731,-236,MZW,MZWH26,H1,2025-12-03 02:00:00,1764727200,541.5,542.0,541.0,542.0,18,5,43,8.0
732,-235,MZW,MZWH26,H1,2025-12-03 06:00:00,1764741600,541.5,541.5,541.0,541.0,6,5,9,8.0
733,-234,MZW,MZWH26,H1,2025-12-03 09:00:00,1764752400,540.5,540.5,540.5,540.5,13,5,14,8.0
734,-233,MZW,MZWH26,H1,2025-12-03 12:00:00,1764763200,539.5,540.0,539.0,539.0,8,5,13,8.0
735,-232,MZW,MZWH26,H1,2025-12-03 13:00:00,1764766800,539.5,539.5,539.5,539.5,1,5,1,8.0
736,-231,MZW,MZWH26,H1,2025-12-03 14:00:00,1764770400,538.0,539.0,538.0,539.0,7,5,7,8.0
737,-230,MZW,MZWH26,H1,2025-12-03 15:00:00,1764774000,539.5,541.5,538.0,538.0,21,5,40,9.0
738,-229,MZW,MZWH26,H1,2025-12-03 16:00:00,1764777600,539.0,539.0,539.0,539.0,3,5,7,9.0
739,-228,MZW,MZWH26,H1,2025-12-03 17:00:00,1764781200,539.0,539.5,537.5,537.5,6,5,9,9.0
740,-227,MZW,MZWH26,H1,2025-12-03 18:00:00,1764784800,538.0,538.0,538.0,538.0,1,5,3,8.0
741,-226,MZW,MZWH26,H1,2025-12-03 19:00:00,1764788400,539.0,539.0,539.0,539.0,3,5,3,8.0
742,-225,MZW,MZWH26,H1,2025-12-04 04:00:00,1764820800,538.0,538.0,538.0,538.0,1,5,2,8.0
743,-224,MZW,MZWH26,H1,2025-12-04 06:00:00,1764828000,538.0,538.0,537.5,537.5,2,5,2,8.0
744,-223,MZW,MZWH26,H1,2025-12-04 10:00:00,1764842400,538.5,538.5,538.5,538.5,1,5,2,8.0
745,-222,MZW,MZWH26,H1,2025-12-04 11:00:00,1764846000,536.0,536.0,536.0,536.0,1,5,1,8.0
746,-221,MZW,MZWH26,H1,2025-12-04 12:00:00,1764849600,536.0,536.0,536.0,536.0,1,5,1,8.0
747,-220,MZW,MZWH26,H1,2025-12-04 13:00:00,1764853200,537.0,537.0,537.0,537.0,1,10,1,8.0
748,-219,MZW,MZWH26,H1,2025-12-04 14:00:00,1764856800,535.5,535.5,532.0,532.5,18,5,20,8.0
749,-218,MZW,MZWH26,H1,2025-12-04 15:00:00,1764860400,533.5,537.5,533.5,537.0,15,5,27,9.0
750,-217,MZW,MZWH26,H1,2025-12-04 16:00:00,1764864000,537.5,540.0,537.5,540.0,9,5,9,9.0
751,-216,MZW,MZWH26,H1,2025-12-04 17:00:00,1764867600,540.0,541.0,540.0,541.0,5,5,5,9.0
752,-215,MZW,MZWH26,H1,2025-12-04 18:00:00,1764871200,541.0,541.0,540.0,541.0,10,5,11,9.0
753,-214,MZW,MZWH26,H1,2025-12-04 19:00:00,1764874800,539.5,540.0,539.5,540.0,6,5,6,9.0
754,-213,MZW,MZWH26,H1,2025-12-05 01:00:00,1764896400,540.5,540.5,540.5,540.5,1,5,1,9.0
755,-212,MZW,MZWH26,H1,2025-12-05 03:00:00,1764903600,539.5,539.5,539.5,539.5,1,5,1,9.0
756,-211,MZW,MZWH26,H1,2025-12-05 09:00:00,1764925200,538.0,538.0,538.0,538.0,4,5,11,9.0
757,-210,MZW,MZWH26,H1,2025-12-05 12:00:00,1764936000,539.0,541.0,539.0,541.0,5,5,6,9.0
758,-209,MZW,MZWH26,H1,2025-12-05 13:00:00,1764939600,540.0,540.0,540.0,540.0,4,0,5,9.0
759,-208,MZW,MZWH26,H1,2025-12-05 14:00:00,1764943200,539.0,541.5,539.0,539.0,11,5,13,9.0
760,-207,MZW,MZWH26,H1,2025-12-05 15:00:00,1764946800,538.5,538.5,535.0,536.5,14,5,22,9.0
761,-206,MZW,MZWH26,H1,2025-12-05 16:00:00,1764950400,536.5,536.5,536.0,536.0,3,5,6,9.0
762,-205,MZW,MZWH26,H1,2025-12-05 17:00:00,1764954000,535.5,535.5,535.0,535.0,3,5,6,9.0
763,-204,MZW,MZWH26,H1,2025-12-05 18:00:00,1764957600,535.0,535.0,535.0,535.0,3,5,10,9.0
764,-203,MZW,MZWH26,H1,2025-12-05 19:00:00,1764961200,535.5,535.5,535.5,535.5,3,5,5,9.0
765,-202,MZW,MZWH26,H1,2025-12-08 01:00:00,1765155600,535.5,536.0,534.0,536.0,34,5,70,10.0
272,-37,MZW,MZWK26,H1,2025-12-08 03:00:00,1765162800,542.0,542.0,542.0,542.0,1,5,2,4.0
766,-201,MZW,MZWH26,H1,2025-12-08 07:00:00,1765177200,535.5,536.5,535.5,536.5,5,5,5,10.0
767,-200,MZW,MZWH26,H1,2025-12-08 08:00:00,1765180800,537.0,537.0,537.0,537.0,3,10,3,10.0
768,-199,MZW,MZWH26,H1,2025-12-08 09:00:00,1765184400,538.0,538.0,538.0,538.0,1,10,1,10.0
769,-198,MZW,MZWH26,H1,2025-12-08 10:00:00,1765188000,537.5,537.5,537.5,537.5,1,5,1,10.0
770,-197,MZW,MZWH26,H1,2025-12-08 11:00:00,1765191600,536.5,536.5,536.0,536.0,4,5,4,9.0
771,-196,MZW,MZWH26,H1,2025-12-08 12:00:00,1765195200,538.0,538.0,538.0,538.0,1,10,2,9.0
772,-195,MZW,MZWH26,H1,2025-12-08 13:00:00,1765198800,537.5,537.5,537.5,537.5,14,5,37,10.0
773,-194,MZW,MZWH26,H1,2025-12-08 14:00:00,1765202400,538.5,540.0,536.5,537.0,13,5,21,10.0
774,-193,MZW,MZWH26,H1,2025-12-08 15:00:00,1765206000,537.0,537.5,534.0,534.5,13,5,17,10.0
775,-192,MZW,MZWH26,H1,2025-12-08 16:00:00,1765209600,534.5,534.5,533.0,533.5,6,5,9,10.0
776,-191,MZW,MZWH26,H1,2025-12-08 17:00:00,1765213200,534.0,534.0,534.0,534.0,3,5,7,10.0
777,-190,MZW,MZWH26,H1,2025-12-08 18:00:00,1765216800,535.5,535.5,535.0,535.0,3,5,4,10.0
276,-33,MZW,MZWK26,H1,2025-12-08 19:00:00,1765220400,541.5,541.5,541.5,541.5,1,10,1,4.0
778,-189,MZW,MZWH26,H1,2025-12-09 01:00:00,1765242000,538.0,538.0,534.0,536.5,14,5,17,10.0
779,-188,MZW,MZWH26,H1,2025-12-09 03:00:00,1765249200,536.5,536.5,535.5,535.5,3,5,3,10.0
780,-187,MZW,MZWH26,H1,2025-12-09 04:00:00,1765252800,536.5,536.5,536.5,536.5,2,5,2,10.0
781,-186,MZW,MZWH26,H1,2025-12-09 05:00:00,1765256400,537.0,537.0,537.0,537.0,2,5,2,10.0
782,-185,MZW,MZWH26,H1,2025-12-09 06:00:00,1765260000,537.0,537.0,537.0,537.0,1,5,1,10.0
783,-184,MZW,MZWH26,H1,2025-12-09 07:00:00,1765263600,536.0,536.0,535.0,535.0,4,5,4,10.0
784,-183,MZW,MZWH26,H1,2025-12-09 09:00:00,1765270800,536.0,536.0,536.0,536.0,2,5,2,10.0
279,-30,MZW,MZWK26,H1,2025-12-09 11:00:00,1765278000,543.0,543.0,543.0,543.0,11,5,14,4.0
785,-182,MZW,MZWH26,H1,2025-12-09 12:00:00,1765281600,534.5,534.5,533.0,533.5,8,5,13,10.0
786,-181,MZW,MZWH26,H1,2025-12-09 13:00:00,1765285200,532.5,532.5,532.0,532.0,4,5,4,10.0
787,-180,MZW,MZWH26,H1,2025-12-09 14:00:00,1765288800,533.0,536.0,533.0,535.5,16,5,25,10.0
788,-179,MZW,MZWH26,H1,2025-12-09 15:00:00,1765292400,535.5,535.5,533.5,533.5,4,5,7,10.0
789,-178,MZW,MZWH26,H1,2025-12-09 16:00:00,1765296000,534.0,534.0,532.0,532.0,6,5,11,10.0
790,-177,MZW,MZWH26,H1,2025-12-09 17:00:00,1765299600,533.5,536.0,532.0,532.5,17,5,35,11.0
791,-176,MZW,MZWH26,H1,2025-12-09 18:00:00,1765303200,533.5,534.5,533.5,534.5,7,5,11,11.0
792,-175,MZW,MZWH26,H1,2025-12-09 19:00:00,1765306800,534.5,534.5,534.5,534.5,1,10,1,11.0
793,-174,MZW,MZWH26,H1,2025-12-10 01:00:00,1765328400,534.5,534.5,534.0,534.0,4,5,5,11.0
794,-173,MZW,MZWH26,H1,2025-12-10 04:00:00,1765339200,534.0,534.0,534.0,534.0,1,5,3,11.0
795,-172,MZW,MZWH26,H1,2025-12-10 05:00:00,1765342800,533.5,533.5,533.5,533.5,1,5,1,11.0
796,-171,MZW,MZWH26,H1,2025-12-10 07:00:00,1765350000,533.5,533.5,533.0,533.0,2,5,2,11.0
797,-170,MZW,MZWH26,H1,2025-12-10 08:00:00,1765353600,532.5,532.5,531.0,531.0,3,5,4,10.0
798,-169,MZW,MZWH26,H1,2025-12-10 09:00:00,1765357200,531.5,531.5,530.5,530.5,3,5,3,10.0
799,-168,MZW,MZWH26,H1,2025-12-10 11:00:00,1765364400,531.0,531.0,531.0,531.0,2,5,2,9.0
800,-167,MZW,MZWH26,H1,2025-12-10 12:00:00,1765368000,530.5,530.5,528.0,528.0,15,5,24,10.0
801,-166,MZW,MZWH26,H1,2025-12-10 13:00:00,1765371600,528.5,528.5,528.5,528.5,1,5,1,10.0
802,-165,MZW,MZWH26,H1,2025-12-10 14:00:00,1765375200,528.0,531.0,526.5,530.0,12,5,13,10.0
803,-164,MZW,MZWH26,H1,2025-12-10 15:00:00,1765378800,529.5,530.0,525.5,525.5,24,5,55,10.0
804,-163,MZW,MZWH26,H1,2025-12-10 16:00:00,1765382400,526.5,526.5,525.5,525.5,8,5,13,10.0
805,-162,MZW,MZWH26,H1,2025-12-10 17:00:00,1765386000,527.5,527.5,527.5,527.5,1,5,1,10.0
806,-161,MZW,MZWH26,H1,2025-12-10 18:00:00,1765389600,528.0,528.5,528.0,528.5,2,10,7,10.0
807,-160,MZW,MZWH26,H1,2025-12-10 19:00:00,1765393200,528.5,529.5,528.5,529.5,3,5,5,10.0
808,-159,MZW,MZWH26,H1,2025-12-11 01:00:00,1765414800,525.5,530.5,525.5,530.5,2,5,2,10.0
809,-158,MZW,MZWH26,H1,2025-12-11 02:00:00,1765418400,530.0,530.0,530.0,530.0,2,5,2,9.0
810,-157,MZW,MZWH26,H1,2025-12-11 03:00:00,1765422000,530.0,530.0,530.0,530.0,2,5,4,9.0
811,-156,MZW,MZWH26,H1,2025-12-11 05:00:00,1765429200,530.0,530.0,530.0,530.0,1,5,2,9.0
812,-155,MZW,MZWH26,H1,2025-12-11 09:00:00,1765443600,530.5,530.5,530.5,530.5,1,5,1,9.0
813,-154,MZW,MZWH26,H1,2025-12-11 11:00:00,1765450800,532.5,534.0,532.5,534.0,9,5,16,9.0
814,-153,MZW,MZWH26,H1,2025-12-11 12:00:00,1765454400,532.5,532.5,532.5,532.5,2,5,4,9.0
815,-152,MZW,MZWH26,H1,2025-12-11 13:00:00,1765458000,531.0,531.0,531.0,531.0,1,15,4,9.0
816,-151,MZW,MZWH26,H1,2025-12-11 14:00:00,1765461600,532.0,532.5,531.0,531.5,13,5,32,10.0
817,-150,MZW,MZWH26,H1,2025-12-11 15:00:00,1765465200,529.0,532.0,529.0,532.0,4,5,4,10.0
818,-149,MZW,MZWH26,H1,2025-12-11 16:00:00,1765468800,531.0,531.0,531.0,531.0,3,5,6,10.0
819,-148,MZW,MZWH26,H1,2025-12-11 17:00:00,1765472400,530.0,530.0,530.0,530.0,1,5,1,10.0
820,-147,MZW,MZWH26,H1,2025-12-11 18:00:00,1765476000,532.5,533.5,532.5,533.5,7,5,10,10.0
821,-146,MZW,MZWH26,H1,2025-12-11 19:00:00,1765479600,533.5,534.5,533.5,534.5,10,5,15,9.0
822,-145,MZW,MZWH26,H1,2025-12-12 01:00:00,1765501200,535.0,535.5,535.0,535.0,5,5,7,9.0
823,-144,MZW,MZWH26,H1,2025-12-12 03:00:00,1765508400,535.5,535.5,534.5,534.5,3,5,3,9.0
824,-143,MZW,MZWH26,H1,2025-12-12 07:00:00,1765522800,533.5,533.5,533.5,533.5,1,10,1,9.0
825,-142,MZW,MZWH26,H1,2025-12-12 08:00:00,1765526400,532.5,532.5,532.0,532.5,18,5,22,9.0
826,-141,MZW,MZWH26,H1,2025-12-12 09:00:00,1765530000,532.5,532.5,531.5,531.5,4,5,6,10.0
827,-140,MZW,MZWH26,H1,2025-12-12 10:00:00,1765533600,531.5,531.5,530.0,530.0,16,5,20,10.0
828,-139,MZW,MZWH26,H1,2025-12-12 11:00:00,1765537200,530.5,530.5,530.5,530.5,3,5,5,10.0
829,-138,MZW,MZWH26,H1,2025-12-12 12:00:00,1765540800,529.5,529.5,529.5,529.5,1,5,1,10.0
830,-137,MZW,MZWH26,H1,2025-12-12 13:00:00,1765544400,529.5,530.0,529.5,530.0,2,5,2,10.0
831,-136,MZW,MZWH26,H1,2025-12-12 14:00:00,1765548000,530.0,531.5,529.5,531.0,16,5,43,10.0
832,-135,MZW,MZWH26,H1,2025-12-12 15:00:00,1765551600,531.0,531.5,531.0,531.0,4,5,4,10.0
833,-134,MZW,MZWH26,H1,2025-12-12 16:00:00,1765555200,531.0,533.5,531.0,533.0,11,5,21,10.0
834,-133,MZW,MZWH26,H1,2025-12-12 17:00:00,1765558800,533.5,534.0,533.5,533.5,5,5,9,10.0
835,-132,MZW,MZWH26,H1,2025-12-12 18:00:00,1765562400,531.5,531.5,531.5,531.5,1,5,1,10.0
836,-131,MZW,MZWH26,H1,2025-12-12 19:00:00,1765566000,529.5,530.0,529.0,530.0,8,5,9,10.0
837,-130,MZW,MZWH26,H1,2025-12-15 01:00:00,1765760400,528.5,528.5,527.5,527.5,3,5,3,9.0
838,-129,MZW,MZWH26,H1,2025-12-15 02:00:00,1765764000,528.0,528.0,528.0,528.0,1,5,1,9.0
839,-128,MZW,MZWH26,H1,2025-12-15 05:00:00,1765774800,527.5,527.5,527.0,527.0,2,5,2,9.0
840,-127,MZW,MZWH26,H1,2025-12-15 06:00:00,1765778400,527.0,527.0,527.0,527.0,2,5,2,9.0
841,-126,MZW,MZWH26,H1,2025-12-15 07:00:00,1765782000,526.5,526.5,526.5,526.5,3,5,3,9.0
842,-125,MZW,MZWH26,H1,2025-12-15 09:00:00,1765789200,526.5,526.5,526.0,526.5,7,5,7,9.0
843,-124,MZW,MZWH26,H1,2025-12-15 10:00:00,1765792800,527.0,527.0,526.5,526.5,5,5,5,9.0
844,-123,MZW,MZWH26,H1,2025-12-15 11:00:00,1765796400,526.0,526.5,526.0,526.5,21,5,102,10.0
845,-122,MZW,MZWH26,H1,2025-12-15 12:00:00,1765800000,525.0,525.0,524.5,524.5,7,5,7,10.0
846,-121,MZW,MZWH26,H1,2025-12-15 13:00:00,1765803600,525.5,525.5,524.5,525.0,4,5,4,10.0
847,-120,MZW,MZWH26,H1,2025-12-15 14:00:00,1765807200,524.5,526.0,523.0,524.5,17,5,17,10.0
848,-119,MZW,MZWH26,H1,2025-12-15 15:00:00,1765810800,523.5,524.0,522.5,523.5,6,5,7,10.0
849,-118,MZW,MZWH26,H1,2025-12-15 16:00:00,1765814400,524.5,525.0,521.5,521.5,23,5,35,10.0
850,-117,MZW,MZWH26,H1,2025-12-15 17:00:00,1765818000,521.0,521.5,519.5,520.0,14,5,19,10.0
851,-116,MZW,MZWH26,H1,2025-12-15 18:00:00,1765821600,520.5,521.0,520.5,520.5,15,5,20,10.0
852,-115,MZW,MZWH26,H1,2025-12-15 19:00:00,1765825200,521.0,521.5,521.0,521.5,3,5,3,10.0
853,-114,MZW,MZWH26,H1,2025-12-16 01:00:00,1765846800,520.0,520.0,517.0,517.0,16,5,18,11.0
854,-113,MZW,MZWH26,H1,2025-12-16 02:00:00,1765850400,517.5,518.0,517.0,518.0,9,5,13,11.0
855,-112,MZW,MZWH26,H1,2025-12-16 03:00:00,1765854000,517.0,517.0,516.0,516.5,11,5,14,11.0
856,-111,MZW,MZWH26,H1,2025-12-16 04:00:00,1765857600,516.5,516.5,516.5,516.5,1,5,1,11.0
857,-110,MZW,MZWH26,H1,2025-12-16 05:00:00,1765861200,517.0,517.0,517.0,517.0,5,5,5,11.0
858,-109,MZW,MZWH26,H1,2025-12-16 06:00:00,1765864800,517.0,517.0,517.0,517.0,1,5,1,11.0
859,-108,MZW,MZWH26,H1,2025-12-16 07:00:00,1765868400,517.0,517.0,517.0,517.0,1,5,1,10.0
860,-107,MZW,MZWH26,H1,2025-12-16 09:00:00,1765875600,518.0,518.5,517.5,518.5,12,5,18,11.0
861,-106,MZW,MZWH26,H1,2025-12-16 10:00:00,1765879200,519.5,519.5,518.0,518.0,7,5,7,11.0
862,-105,MZW,MZWH26,H1,2025-12-16 11:00:00,1765882800,517.5,518.5,517.5,518.5,3,5,3,10.0
863,-104,MZW,MZWH26,H1,2025-12-16 12:00:00,1765886400,517.0,517.0,516.5,516.5,4,5,5,10.0
864,-103,MZW,MZWH26,H1,2025-12-16 13:00:00,1765890000,516.5,516.5,515.0,515.0,16,5,19,10.0
865,-102,MZW,MZWH26,H1,2025-12-16 14:00:00,1765893600,515.0,515.0,511.0,511.5,28,5,35,11.0
866,-101,MZW,MZWH26,H1,2025-12-16 15:00:00,1765897200,511.0,511.0,509.5,511.0,27,5,41,11.0
867,-100,MZW,MZWH26,H1,2025-12-16 16:00:00,1765900800,510.5,510.5,508.0,508.0,8,5,8,11.0
868,-99,MZW,MZWH26,H1,2025-12-16 17:00:00,1765904400,508.5,510.0,508.0,510.0,9,5,15,11.0
869,-98,MZW,MZWH26,H1,2025-12-16 19:00:00,1765911600,509.5,509.5,509.5,509.5,2,5,5,11.0
870,-97,MZW,MZWH26,H1,2025-12-17 01:00:00,1765933200,510.0,510.0,509.0,509.0,2,5,2,11.0
871,-96,MZW,MZWH26,H1,2025-12-17 02:00:00,1765936800,510.0,510.0,510.0,510.0,2,5,3,11.0
872,-95,MZW,MZWH26,H1,2025-12-17 06:00:00,1765951200,510.0,510.0,510.0,510.0,3,5,3,11.0
873,-94,MZW,MZWH26,H1,2025-12-17 07:00:00,1765954800,509.0,511.0,509.0,511.0,3,5,3,11.0
874,-93,MZW,MZWH26,H1,2025-12-17 08:00:00,1765958400,510.5,510.5,510.0,510.0,6,5,7,11.0
875,-92,MZW,MZWH26,H1,2025-12-17 09:00:00,1765962000,511.0,511.0,509.5,510.0,18,5,23,11.0
876,-91,MZW,MZWH26,H1,2025-12-17 10:00:00,1765965600,510.5,510.5,510.5,510.5,3,5,6,11.0
877,-90,MZW,MZWH26,H1,2025-12-17 11:00:00,1765969200,510.0,510.0,510.0,510.0,6,5,21,11.0
878,-89,MZW,MZWH26,H1,2025-12-17 12:00:00,1765972800,508.5,508.5,508.5,508.5,4,5,7,11.0
879,-88,MZW,MZWH26,H1,2025-12-17 14:00:00,1765980000,509.0,509.5,505.5,509.5,9,5,12,11.0
880,-87,MZW,MZWH26,H1,2025-12-17 15:00:00,1765983600,508.5,508.5,504.5,506.5,34,5,70,12.0
881,-86,MZW,MZWH26,H1,2025-12-17 16:00:00,1765987200,507.0,507.0,506.0,506.0,10,5,16,12.0
882,-85,MZW,MZWH26,H1,2025-12-17 17:00:00,1765990800,505.5,505.5,504.5,505.0,3,5,3,12.0
883,-84,MZW,MZWH26,H1,2025-12-17 18:00:00,1765994400,506.0,507.0,506.0,507.0,2,5,2,12.0
884,-83,MZW,MZWH26,H1,2025-12-17 19:00:00,1765998000,506.5,506.5,506.5,506.5,2,5,3,12.0
885,-82,MZW,MZWH26,H1,2025-12-18 02:00:00,1766023200,506.0,506.0,506.0,506.0,1,5,1,12.0
297,-12,MZW,MZWK26,H1,2025-12-18 03:00:00,1766026800,517.0,517.0,517.0,517.0,1,5,2,4.0
886,-81,MZW,MZWH26,H1,2025-12-18 04:00:00,1766030400,506.0,506.5,506.0,506.5,2,5,6,12.0
887,-80,MZW,MZWH26,H1,2025-12-18 05:00:00,1766034000,507.0,507.0,507.0,507.0,1,5,1,12.0
888,-79,MZW,MZWH26,H1,2025-12-18 06:00:00,1766037600,506.5,506.5,506.5,506.5,1,5,4,12.0
889,-78,MZW,MZWH26,H1,2025-12-18 07:00:00,1766041200,507.0,507.0,507.0,507.0,1,5,2,11.0
890,-77,MZW,MZWH26,H1,2025-12-18 08:00:00,1766044800,506.5,506.5,506.5,506.5,1,5,1,11.0
891,-76,MZW,MZWH26,H1,2025-12-18 09:00:00,1766048400,506.5,506.5,506.5,506.5,3,5,8,12.0
892,-75,MZW,MZWH26,H1,2025-12-18 10:00:00,1766052000,506.5,507.0,506.5,507.0,2,5,3,11.0
893,-74,MZW,MZWH26,H1,2025-12-18 11:00:00,1766055600,506.5,507.0,506.5,506.5,3,5,3,11.0
894,-73,MZW,MZWH26,H1,2025-12-18 12:00:00,1766059200,506.0,506.0,505.5,505.5,2,5,2,11.0
895,-72,MZW,MZWH26,H1,2025-12-18 13:00:00,1766062800,505.5,506.0,505.5,506.0,13,5,28,12.0
896,-71,MZW,MZWH26,H1,2025-12-18 14:00:00,1766066400,507.0,510.5,507.0,510.5,19,5,33,12.0
897,-70,MZW,MZWH26,H1,2025-12-18 15:00:00,1766070000,510.0,510.5,508.0,508.0,13,5,17,12.0
898,-69,MZW,MZWH26,H1,2025-12-18 16:00:00,1766073600,508.0,508.5,507.5,508.5,5,5,5,12.0
899,-68,MZW,MZWH26,H1,2025-12-18 17:00:00,1766077200,508.5,508.5,507.5,508.0,9,5,13,12.0
900,-67,MZW,MZWH26,H1,2025-12-18 18:00:00,1766080800,508.0,509.5,508.0,509.5,4,5,7,12.0
901,-66,MZW,MZWH26,H1,2025-12-18 19:00:00,1766084400,508.5,508.5,508.0,508.0,7,5,10,12.0
902,-65,MZW,MZWH26,H1,2025-12-19 01:00:00,1766106000,511.5,511.5,506.5,506.5,24,5,28,12.0
903,-64,MZW,MZWH26,H1,2025-12-19 02:00:00,1766109600,506.0,506.0,506.0,506.0,2,5,2,12.0
904,-63,MZW,MZWH26,H1,2025-12-19 03:00:00,1766113200,506.5,506.5,506.5,506.5,1,5,1,12.0
905,-62,MZW,MZWH26,H1,2025-12-19 04:00:00,1766116800,506.0,506.0,506.0,506.0,4,5,4,11.0
906,-61,MZW,MZWH26,H1,2025-12-19 09:00:00,1766134800,506.0,506.0,506.0,506.0,2,5,5,11.0
907,-60,MZW,MZWH26,H1,2025-12-19 10:00:00,1766138400,507.0,507.0,507.0,507.0,2,5,5,11.0
908,-59,MZW,MZWH26,H1,2025-12-19 11:00:00,1766142000,507.0,507.0,507.0,507.0,1,5,1,11.0
909,-58,MZW,MZWH26,H1,2025-12-19 12:00:00,1766145600,506.5,506.5,506.5,506.5,4,5,11,11.0
910,-57,MZW,MZWH26,H1,2025-12-19 13:00:00,1766149200,507.5,508.5,507.5,508.5,8,5,12,12.0
911,-56,MZW,MZWH26,H1,2025-12-19 14:00:00,1766152800,506.5,508.0,506.0,507.5,11,5,14,12.0
912,-55,MZW,MZWH26,H1,2025-12-19 15:00:00,1766156400,507.5,509.0,506.0,509.0,12,5,18,12.0
913,-54,MZW,MZWH26,H1,2025-12-19 16:00:00,1766160000,508.5,508.5,507.5,508.5,10,5,13,12.0
914,-53,MZW,MZWH26,H1,2025-12-19 17:00:00,1766163600,509.0,510.0,509.0,510.0,12,5,14,12.0
915,-52,MZW,MZWH26,H1,2025-12-19 18:00:00,1766167200,511.0,511.0,510.0,510.5,13,5,14,12.0
916,-51,MZW,MZWH26,H1,2025-12-19 19:00:00,1766170800,509.5,510.0,509.5,510.0,4,5,5,11.0
917,-50,MZW,MZWH26,H1,2025-12-22 01:00:00,1766365200,510.0,512.0,510.0,512.0,2,5,2,11.0
918,-49,MZW,MZWH26,H1,2025-12-22 02:00:00,1766368800,512.0,512.5,512.0,512.5,15,5,27,11.0
919,-48,MZW,MZWH26,H1,2025-12-22 03:00:00,1766372400,512.0,512.0,511.5,511.5,2,5,2,11.0
920,-47,MZW,MZWH26,H1,2025-12-22 04:00:00,1766376000,512.0,512.0,512.0,512.0,2,5,2,11.0
921,-46,MZW,MZWH26,H1,2025-12-22 05:00:00,1766379600,512.5,512.5,512.5,512.5,1,5,1,11.0
922,-45,MZW,MZWH26,H1,2025-12-22 06:00:00,1766383200,513.0,514.0,513.0,513.5,9,5,15,10.0
923,-44,MZW,MZWH26,H1,2025-12-22 07:00:00,1766386800,513.0,513.5,513.0,513.5,14,5,21,10.0
924,-43,MZW,MZWH26,H1,2025-12-22 08:00:00,1766390400,513.5,513.5,513.0,513.5,3,5,3,10.0
925,-42,MZW,MZWH26,H1,2025-12-22 09:00:00,1766394000,513.5,513.5,513.5,513.5,1,5,1,10.0
926,-41,MZW,MZWH26,H1,2025-12-22 10:00:00,1766397600,514.0,515.0,514.0,515.0,7,5,13,10.0
927,-40,MZW,MZWH26,H1,2025-12-22 11:00:00,1766401200,515.0,515.0,515.0,515.0,2,5,2,10.0
928,-39,MZW,MZWH26,H1,2025-12-22 12:00:00,1766404800,514.5,514.5,514.5,514.5,2,5,6,10.0
929,-38,MZW,MZWH26,H1,2025-12-22 13:00:00,1766408400,516.0,516.5,516.0,516.5,5,5,6,10.0
930,-37,MZW,MZWH26,H1,2025-12-22 14:00:00,1766412000,517.0,518.0,516.0,517.0,23,5,47,11.0
931,-36,MZW,MZWH26,H1,2025-12-22 15:00:00,1766415600,517.5,518.0,516.5,516.5,6,5,6,11.0
932,-35,MZW,MZWH26,H1,2025-12-22 16:00:00,1766419200,515.0,515.0,514.0,514.0,11,5,22,11.0
933,-34,MZW,MZWH26,H1,2025-12-22 17:00:00,1766422800,514.5,514.5,514.5,514.5,2,5,8,11.0
934,-33,MZW,MZWH26,H1,2025-12-22 18:00:00,1766426400,516.5,516.5,516.5,516.5,1,5,1,11.0
935,-32,MZW,MZWH26,H1,2025-12-22 19:00:00,1766430000,515.0,515.5,514.5,515.5,4,5,5,11.0
936,-31,MZW,MZWH26,H1,2025-12-23 01:00:00,1766451600,514.5,514.5,514.5,514.5,2,5,2,11.0
937,-30,MZW,MZWH26,H1,2025-12-23 02:00:00,1766455200,515.0,515.0,515.0,515.0,1,5,1,10.0
938,-29,MZW,MZWH26,H1,2025-12-23 04:00:00,1766462400,514.5,515.5,514.5,515.5,2,5,3,10.0
939,-28,MZW,MZWH26,H1,2025-12-23 07:00:00,1766473200,516.0,516.0,516.0,516.0,1,5,2,10.0
940,-27,MZW,MZWH26,H1,2025-12-23 11:00:00,1766487600,515.5,515.5,515.5,515.5,2,5,2,9.0
941,-26,MZW,MZWH26,H1,2025-12-23 12:00:00,1766491200,515.0,515.0,515.0,515.0,1,5,1,9.0
942,-25,MZW,MZWH26,H1,2025-12-23 13:00:00,1766494800,515.0,515.0,515.0,515.0,1,5,1,9.0
943,-24,MZW,MZWH26,H1,2025-12-23 14:00:00,1766498400,516.0,516.5,516.0,516.5,5,5,21,10.0
944,-23,MZW,MZWH26,H1,2025-12-23 15:00:00,1766502000,515.0,516.5,515.0,516.0,6,5,7,10.0
945,-22,MZW,MZWH26,H1,2025-12-23 16:00:00,1766505600,515.0,516.0,515.0,516.0,6,5,11,10.0
946,-21,MZW,MZWH26,H1,2025-12-23 17:00:00,1766509200,516.0,518.0,516.0,517.5,18,5,46,10.0
947,-20,MZW,MZWH26,H1,2025-12-23 18:00:00,1766512800,518.5,518.5,518.0,518.0,3,5,3,10.0
948,-19,MZW,MZWH26,H1,2025-12-23 19:00:00,1766516400,518.0,518.5,517.5,517.5,4,5,4,10.0
949,-18,MZW,MZWH26,H1,2025-12-24 01:00:00,1766538000,519.0,520.5,518.5,520.5,5,5,5,10.0
950,-17,MZW,MZWH26,H1,2025-12-24 02:00:00,1766541600,521.0,521.5,521.0,521.5,5,5,6,10.0
951,-16,MZW,MZWH26,H1,2025-12-24 04:00:00,1766548800,521.5,521.5,521.0,521.0,2,5,2,10.0
952,-15,MZW,MZWH26,H1,2025-12-24 05:00:00,1766552400,520.5,520.5,520.5,520.5,1,5,1,9.0
953,-14,MZW,MZWH26,H1,2025-12-24 09:00:00,1766566800,520.5,520.5,520.5,520.5,1,5,2,8.0
954,-13,MZW,MZWH26,H1,2025-12-24 10:00:00,1766570400,520.5,520.5,520.5,520.5,1,5,1,8.0
955,-12,MZW,MZWH26,H1,2025-12-24 11:00:00,1766574000,522.0,522.5,522.0,522.0,5,5,6,8.0
956,-11,MZW,MZWH26,H1,2025-12-24 13:00:00,1766581200,522.0,522.0,522.0,522.0,1,10,1,8.0
957,-10,MZW,MZWH26,H1,2025-12-24 14:00:00,1766584800,523.0,524.0,521.5,522.0,16,5,18,9.0
958,-9,MZW,MZWH26,H1,2025-12-24 15:00:00,1766588400,523.0,523.5,521.5,521.5,7,5,9,9.0
959,-8,MZW,MZWH26,H1,2025-12-24 16:00:00,1766592000,523.5,524.5,523.5,524.5,6,5,8,9.0
960,-7,MZW,MZWH26,H1,2025-12-24 17:00:00,1766595600,524.5,525.0,521.5,521.5,13,5,19,9.0
961,-6,MZW,MZWH26,H1,2025-12-24 18:00:00,1766599200,521.5,522.0,521.5,522.0,3,5,4,9.0
962,-5,MZW,MZWH26,H1,2025-12-26 14:00:00,1766757600,525.0,525.0,518.5,520.0,9,5,10,9.0
963,-4,MZW,MZWH26,H1,2025-12-26 15:00:00,1766761200,520.5,521.0,518.0,518.0,12,5,12,9.0
964,-3,MZW,MZWH26,H1,2025-12-26 16:00:00,1766764800,517.5,519.0,517.5,519.0,4,5,7,9.0
965,-2,MZW,MZWH26,H1,2025-12-26 17:00:00,1766768400,517.5,518.5,517.5,517.5,8,5,19,10.0
966,-1,MZW,MZWH26,H1,2025-12-26 18:00:00,1766772000,519.0,519.0,519.0,519.0,1,5,1,10.0
967,0,MZW,MZWH26,H1,2025-12-26 19:00:00,1766775600,519.0,519.0,519.0,519.0,2,5,5,9.0
