a,z,ticker,symbol,tf,datetime,time,open,high,low,close,tick_volume,spread,real_volume,mean_volume
1,-78,RBE,RBEX6,D1,2016-08-01,1470009600,1.206,1.206,1.2034,1.2034,2,0,2,2.0
1,-102,RBE,RBEZ6,D1,2016-08-02,1470096000,1.199,1.2218,1.18,1.1911,5351,0,3634,3634.0
2,-101,RBE,RBEZ6,D1,2016-08-03,1470182400,1.1964,1.2328,1.1839,1.231,7529,0,5202,4418.0
3,-100,RBE,RBEZ6,D1,2016-08-04,1470268800,1.2384,1.2503,1.2028,1.2486,6638,0,4245,4360.0
4,-99,RBE,RBEZ6,D1,2016-08-05,1470355200,1.2484,1.2559,1.2345,1.2545,4542,0,3145,4197.0
6,-73,RBE,RBEX6,D1,2016-08-07,1470528000,1.2634,1.2634,1.2634,1.2634,1,0,1,2001.0
5,-98,RBE,RBEZ6,D1,2016-08-08,1470614400,1.2524,1.2782,1.2503,1.2578,4429,0,2929,3440.0
6,-97,RBE,RBEZ6,D1,2016-08-09,1470700800,1.258,1.2686,1.2457,1.2643,5295,0,3956,3343.0
9,-70,RBE,RBEX6,D1,2016-08-10,1470787200,1.2717,1.2777,1.2176,1.2218,9917,0,6068,4173.0
10,-69,RBE,RBEX6,D1,2016-08-11,1470873600,1.2198,1.2872,1.2073,1.2797,9506,0,5284,4819.0
11,-68,RBE,RBEX6,D1,2016-08-12,1470960000,1.2816,1.301,1.2669,1.2974,8199,0,3619,4990.0
12,-67,RBE,RBEX6,D1,2016-08-14,1471132800,1.2944,1.2955,1.2944,1.2955,2,0,2,2968.0
13,-66,RBE,RBEX6,D1,2016-08-15,1471219200,1.3013,1.3349,1.2854,1.3282,7393,0,3715,2445.0
12,-91,RBE,RBEZ6,D1,2016-08-16,1471305600,1.3248,1.3582,1.3197,1.3433,6361,0,4839,3062.0
13,-90,RBE,RBEZ6,D1,2016-08-17,1471392000,1.3391,1.3798,1.3306,1.3765,7934,0,6149,5110.0
14,-89,RBE,RBEZ6,D1,2016-08-18,1471478400,1.3737,1.4081,1.367,1.4031,5295,0,4405,5131.0
15,-88,RBE,RBEZ6,D1,2016-08-19,1471564800,1.406,1.4184,1.3887,1.4129,6864,0,6374,5643.0
16,-87,RBE,RBEZ6,D1,2016-08-21,1471737600,1.4055,1.4055,1.4055,1.4055,1,0,1,3593.0
17,-86,RBE,RBEZ6,D1,2016-08-22,1471824000,1.4049,1.4049,1.3746,1.3753,5588,0,3804,3393.0
20,-59,RBE,RBEX6,D1,2016-08-23,1471910400,1.3776,1.4106,1.3651,1.3904,7517,0,4962,3196.0
19,-84,RBE,RBEZ6,D1,2016-08-24,1471996800,1.3832,1.3984,1.365,1.373,8750,0,6871,5271.0
20,-83,RBE,RBEZ6,D1,2016-08-25,1472083200,1.3729,1.3919,1.3604,1.3881,7081,0,4994,5668.0
21,-82,RBE,RBEZ6,D1,2016-08-26,1472169600,1.3898,1.4127,1.3774,1.3901,7074,0,5832,5899.0
22,-81,RBE,RBEZ6,D1,2016-08-28,1472342400,1.3883,1.3883,1.3805,1.3832,10,0,13,3613.0
25,-54,RBE,RBEX6,D1,2016-08-29,1472428800,1.3966,1.398,1.3747,1.3859,5003,0,3628,2981.0
26,-53,RBE,RBEX6,D1,2016-08-30,1472515200,1.3852,1.3912,1.3494,1.3576,7039,0,5565,3070.0
27,-52,RBE,RBEX6,D1,2016-08-31,1472601600,1.3605,1.3628,1.3109,1.3259,8122,0,9576,6256.0
28,-51,RBE,RBEX6,D1,2016-09-01,1472688000,1.3276,1.3328,1.261,1.2762,10443,0,13640,9594.0
29,-50,RBE,RBEX6,D1,2016-09-02,1472774400,1.2778,1.3025,1.27,1.2843,11782,0,10934,11383.0
30,-49,RBE,RBEX6,D1,2016-09-04,1472947200,1.2802,1.2866,1.2802,1.2866,17,0,7,8194.0
31,-48,RBE,RBEX6,D1,2016-09-05,1473033600,1.284,1.3572,1.2833,1.3094,8761,0,3811,4917.0
32,-47,RBE,RBEX6,D1,2016-09-06,1473120000,1.31,1.3212,1.2876,1.3059,9399,0,7154,3657.0
33,-46,RBE,RBEX6,D1,2016-09-07,1473206400,1.3056,1.3529,1.3045,1.3529,11243,0,9603,6856.0
34,-45,RBE,RBEX6,D1,2016-09-08,1473292800,1.3522,1.4082,1.3505,1.3918,12933,0,15777,10845.0
35,-44,RBE,RBEX6,D1,2016-09-09,1473379200,1.3919,1.3919,1.3462,1.3503,11657,0,12109,12496.0
36,-43,RBE,RBEX6,D1,2016-09-11,1473552000,1.3509,1.3573,1.3405,1.3533,361,0,172,9353.0
37,-42,RBE,RBEX6,D1,2016-09-12,1473638400,1.3529,1.3827,1.3349,1.3628,14909,0,14148,8810.0
38,-41,RBE,RBEX6,D1,2016-09-13,1473724800,1.3635,1.3778,1.3398,1.355,16311,0,19899,11406.0
39,-40,RBE,RBEX6,D1,2016-09-14,1473811200,1.3534,1.3586,1.3132,1.3362,15667,0,21879,18642.0
40,-39,RBE,RBEX6,D1,2016-09-15,1473897600,1.3361,1.3878,1.3277,1.3694,17152,0,28191,23323.0
41,-38,RBE,RBEX6,D1,2016-09-16,1473984000,1.3687,1.3939,1.3611,1.3874,20704,0,28118,26063.0
42,-37,RBE,RBEX6,D1,2016-09-18,1474156800,1.3891,1.401,1.3857,1.3932,1219,0,815,19041.0
43,-36,RBE,RBEX6,D1,2016-09-19,1474243200,1.3972,1.3984,1.3468,1.3524,15245,0,24444,17792.0
44,-35,RBE,RBEX6,D1,2016-09-20,1474329600,1.3527,1.3527,1.3009,1.3454,18975,0,32548,19269.0
45,-34,RBE,RBEX6,D1,2016-09-21,1474416000,1.3457,1.3726,1.3393,1.3683,16811,0,28898,28630.0
46,-33,RBE,RBEX6,D1,2016-09-22,1474502400,1.368,1.3879,1.3642,1.3685,14734,0,24995,28814.0
47,-32,RBE,RBEX6,D1,2016-09-23,1474588800,1.368,1.3917,1.3447,1.3542,19983,0,32996,28963.0
48,-31,RBE,RBEX6,D1,2016-09-25,1474761600,1.3597,1.365,1.356,1.3631,521,0,166,19386.0
49,-30,RBE,RBEX6,D1,2016-09-26,1474848000,1.3633,1.4028,1.3499,1.38,17989,0,32587,21916.0
50,-29,RBE,RBEX6,D1,2016-09-27,1474934400,1.3799,1.3844,1.3471,1.3734,20178,0,32653,21802.0
51,-28,RBE,RBEX6,D1,2016-09-28,1475020800,1.3735,1.4468,1.3596,1.4439,27072,0,57218,40819.0
52,-27,RBE,RBEX6,D1,2016-09-29,1475107200,1.444,1.455,1.4152,1.445,19593,0,34704,41525.0
53,-26,RBE,RBEX6,D1,2016-09-30,1475193600,1.4449,1.4655,1.4163,1.4565,16421,0,31735,41219.0
54,-25,RBE,RBEX6,D1,2016-10-02,1475366400,1.4592,1.4617,1.4521,1.4545,415,0,155,22198.0
55,-24,RBE,RBEX6,D1,2016-10-03,1475452800,1.4541,1.4781,1.4421,1.4767,15437,0,23081,18324.0
56,-23,RBE,RBEX6,D1,2016-10-04,1475539200,1.4766,1.5063,1.4621,1.5009,16945,0,28515,17250.0
57,-22,RBE,RBEX6,D1,2016-10-05,1475625600,1.5018,1.5163,1.478,1.4801,15845,0,28927,26841.0
58,-21,RBE,RBEX6,D1,2016-10-06,1475712000,1.4803,1.5062,1.4672,1.5034,13756,0,23035,26826.0
59,-20,RBE,RBEX6,D1,2016-10-07,1475798400,1.5036,1.504,1.4701,1.4777,15259,0,23832,25265.0
60,-19,RBE,RBEX6,D1,2016-10-09,1475971200,1.4794,1.4822,1.4681,1.471,399,0,205,15691.0
61,-18,RBE,RBEX6,D1,2016-10-10,1476057600,1.4689,1.5107,1.465,1.4913,13290,0,19550,14529.0
62,-17,RBE,RBEX6,D1,2016-10-11,1476144000,1.4907,1.5074,1.4708,1.4835,15479,0,24756,14837.0
63,-16,RBE,RBEX6,D1,2016-10-12,1476230400,1.4838,1.4909,1.4514,1.4518,13357,0,19329,21212.0
64,-15,RBE,RBEX6,D1,2016-10-13,1476316800,1.4521,1.4845,1.448,1.481,14831,0,25632,23239.0
65,-14,RBE,RBEX6,D1,2016-10-14,1476403200,1.481,1.5001,1.4699,1.4971,13712,0,22355,22439.0
66,-13,RBE,RBEX6,D1,2016-10-16,1476576000,1.4934,1.5012,1.4905,1.4915,445,0,227,16071.0
67,-12,RBE,RBEX6,D1,2016-10-17,1476662400,1.4925,1.5072,1.4768,1.5023,13133,0,19312,13965.0
68,-11,RBE,RBEX6,D1,2016-10-18,1476748800,1.5028,1.5185,1.4925,1.504,10879,0,14529,11356.0
67,-36,RBE,RBEZ6,D1,2016-10-19,1476835200,1.4935,1.5082,1.4895,1.5021,11204,0,20019,17786.0
68,-35,RBE,RBEZ6,D1,2016-10-20,1476921600,1.502,1.5038,1.4648,1.4826,12252,0,20593,18862.0
69,-34,RBE,RBEZ6,D1,2016-10-21,1477008000,1.4827,1.5173,1.475,1.5129,13612,0,29413,23342.0
70,-33,RBE,RBEZ6,D1,2016-10-23,1477180800,1.5154,1.5165,1.5034999999999998,1.5047,439,0,207,16738.0
71,-32,RBE,RBEZ6,D1,2016-10-24,1477267200,1.505,1.5149,1.4688,1.4856,13820,0,23428,17683.0
72,-31,RBE,RBEZ6,D1,2016-10-25,1477353600,1.4871,1.5034,1.4627,1.4627,13880,0,22139,15258.0
73,-30,RBE,RBEZ6,D1,2016-10-26,1477440000,1.4621,1.4842,1.4482,1.4782,15657,0,30757,25441.0
74,-29,RBE,RBEZ6,D1,2016-10-27,1477526400,1.4781,1.488,1.4633,1.479,14350,0,25906,26267.0
75,-28,RBE,RBEZ6,D1,2016-10-28,1477612800,1.4787,1.4871,1.4444,1.4544,14239,0,29669,28777.0
76,-27,RBE,RBEZ6,D1,2016-10-30,1477785600,1.4544,1.4544,1.4452,1.4468,2474,0,5056,20210.0
77,-26,RBE,RBEZ6,D1,2016-10-31,1477872000,1.4468,1.6351,1.4105,1.5681,270285,0,670521,235082.0
78,-25,RBE,RBEZ6,D1,2016-11-01,1477958400,1.5681,1.6117,1.4614,1.4715,458872,0,998740,558106.0
79,-24,RBE,RBEZ6,D1,2016-11-02,1478044800,1.4448,1.4526,1.4431,1.4485,53722,0,138497,602586.0
80,-23,RBE,RBEZ6,D1,2016-11-03,1478131200,1.4485,1.4667,1.4144,1.4177,234753,0,515722,550986.0
81,-22,RBE,RBEZ6,D1,2016-11-04,1478217600,1.4183,1.4227,1.3676,1.388,302565,0,619817,424679.0
82,-21,RBE,RBEZ6,D1,2016-11-06,1478390400,1.388,1.4148,1.384,1.3873,3520,0,9251,381597.0
65,-46,RBE,RBEF7,D1,2016-11-07,1478476800,1.376,1.376,1.3468,1.3654,182090,0,422398,512213.0
66,-45,RBE,RBEF7,D1,2016-11-08,1478563200,1.3634,1.3707,1.3468,1.3638,204567,0,473536,495602.0
85,-18,RBE,RBEZ6,D1,2016-11-09,1478649600,1.3727,1.3832,1.3333,1.3605,438933,0,869694,595504.0
86,-17,RBE,RBEZ6,D1,2016-11-10,1478736000,1.3605,1.3756,1.3323,1.3384,273717,0,581447,644403.0
87,-16,RBE,RBEZ6,D1,2016-11-11,1478822400,1.3384,1.35,1.2961,1.2977,214066,0,488074,646405.0
70,-41,RBE,RBEF7,D1,2016-11-13,1478995200,1.3001,1.3059,1.295,1.3058,850,0,1160,366896.0
89,-14,RBE,RBEZ6,D1,2016-11-14,1479081600,1.3035,1.3057,1.2681,1.2827,217969,0,469501,319707.0
90,-13,RBE,RBEZ6,D1,2016-11-15,1479168000,1.2831,1.3428,1.2821,1.3338,238404,0,533326,334791.0
91,-12,RBE,RBEZ6,D1,2016-11-16,1479254400,1.3338,1.3488,1.3105,1.3186,286811,0,653779,552202.0
74,-37,RBE,RBEF7,D1,2016-11-17,1479340800,1.3212,1.3592,1.3164,1.3401,234419,0,570209,592322.0
75,-36,RBE,RBEF7,D1,2016-11-18,1479427200,1.3401,1.3507,1.3243,1.3403,207468,0,485110,588580.0
76,-35,RBE,RBEF7,D1,2016-11-20,1479600000,1.3403,1.3576,1.3403,1.3511,2987,0,4570,353296.0
77,-34,RBE,RBEF7,D1,2016-11-21,1479686400,1.3511,1.4191,1.3486,1.4088,193632,0,471872,320517.0
78,-33,RBE,RBEF7,D1,2016-11-22,1479772800,1.4096,1.4345,1.3912,1.4145,245695,0,665374,380605.0
79,-32,RBE,RBEF7,D1,2016-11-23,1479859200,1.4144,1.4355,1.397,1.428,219093,0,470365,535870.0
80,-31,RBE,RBEF7,D1,2016-11-24,1479945600,1.428,1.443,1.4243,1.4356,59565,0,115342,417027.0
81,-30,RBE,RBEF7,D1,2016-11-25,1480032000,1.4339,1.434,1.3703,1.3713,118807,0,314164,299957.0
82,-29,RBE,RBEF7,D1,2016-11-27,1480204800,1.3712,1.3712,1.3545,1.3605,3510,0,4964,144823.0
83,-28,RBE,RBEF7,D1,2016-11-28,1480291200,1.3605,1.4285,1.3601,1.4092,265589,0,677110,332079.0
84,-27,RBE,RBEF7,D1,2016-11-29,1480377600,1.4073,1.4131,1.3638,1.3764,46113,0,83127,255067.0
85,-26,RBE,RBEF7,D1,2016-11-30,1480464000,1.3763,1.4991,1.3758,1.4762,34354,0,41443,267227.0
86,-25,RBE,RBEF7,D1,2016-12-01,1480550400,1.4768,1.5732,1.4754,1.5484,32540,0,39597,54722.0
87,-24,RBE,RBEF7,D1,2016-12-02,1480636800,1.5494,1.5693,1.5152,1.5547,20102,0,23705,34915.0
88,-23,RBE,RBEF7,D1,2016-12-04,1480809600,1.5581,1.5585,1.545,1.5476,118,0,130,21144.0
89,-22,RBE,RBEF7,D1,2016-12-05,1480896000,1.5466,1.5789,1.5405,1.5515,16499,0,19795,14543.0
90,-21,RBE,RBEF7,D1,2016-12-06,1480982400,1.5514,1.5608,1.5291,1.5459,15673,0,17939,12621.0
91,-20,RBE,RBEF7,D1,2016-12-07,1481068800,1.5459,1.55,1.503,1.5077,18672,0,21377,19704.0
92,-19,RBE,RBEF7,D1,2016-12-08,1481155200,1.5081,1.5149,1.484,1.5074999999999998,17164,0,19553,19623.0
93,-18,RBE,RBEF7,D1,2016-12-09,1481241600,1.5082,1.5207000000000002,1.4988,1.508,13346,0,15480,18803.0
94,-17,RBE,RBEF7,D1,2016-12-11,1481414400,1.5257,1.591,1.5257,1.5691000000000002,838,0,1040,12024.0
95,-16,RBE,RBEF7,D1,2016-12-12,1481500800,1.5696,1.5796,1.5261,1.5377999999999998,17305,0,19874,12131.0
96,-15,RBE,RBEF7,D1,2016-12-13,1481587200,1.5381,1.5711,1.5294,1.5316999999999998,15383,0,17812,12909.0
97,-14,RBE,RBEF7,D1,2016-12-14,1481673600,1.532,1.5613,1.5175,1.5348000000000002,18746,0,21786,19824.0
98,-13,RBE,RBEF7,D1,2016-12-15,1481760000,1.5342,1.5517,1.5116,1.5428,18027,0,21118,20239.0
99,-12,RBE,RBEF7,D1,2016-12-16,1481846400,1.5427,1.5705,1.5279,1.5586,11726,0,13318,18741.0
100,-11,RBE,RBEF7,D1,2016-12-18,1482019200,1.5601,1.5652,1.5592,1.5602,59,0,62,11499.0
101,-10,RBE,RBEF7,D1,2016-12-19,1482105600,1.5595,1.5696,1.5517,1.5643,7508,0,8945,7442.0
85,-36,RBE,RBEG7,D1,2016-12-20,1482192000,1.5832000000000002,1.6243,1.5774,1.619,15677,0,18086,9435.0
86,-35,RBE,RBEG7,D1,2016-12-21,1482278400,1.6189,1.629,1.6065,1.6159,21992,0,25357,17877.0
87,-34,RBE,RBEG7,D1,2016-12-22,1482364800,1.6149,1.6222,1.5914,1.6153,18355,0,20955,21466.0
88,-33,RBE,RBEG7,D1,2016-12-23,1482451200,1.6162999999999998,1.6457000000000002,1.5901999999999998,1.636,15125,0,17479,21264.0
89,-32,RBE,RBEG7,D1,2016-12-25,1482624000,1.636,1.636,1.636,1.636,3,199,3,12812.0
90,-31,RBE,RBEG7,D1,2016-12-26,1482710400,1.636,1.644,1.6321,1.6415,146,0,163,5882.0
91,-30,RBE,RBEG7,D1,2016-12-27,1482796800,1.6415,1.6825,1.6329,1.6621,15698,0,18314,6160.0
92,-29,RBE,RBEG7,D1,2016-12-28,1482883200,1.6621,1.6881,1.656,1.6772,15987,0,18740,12406.0
93,-28,RBE,RBEG7,D1,2016-12-29,1482969600,1.6772,1.7026,1.6644,1.6775,20290,0,24069,20374.0
94,-27,RBE,RBEG7,D1,2016-12-30,1483056000,1.6775,1.6800000000000002,1.6598000000000002,1.6739000000000002,15842,0,19612,20807.0
95,-26,RBE,RBEG7,D1,2017-01-01,1483228800,1.6739000000000002,1.6739000000000002,1.6739000000000002,1.6739000000000002,3,110,3,14561.0
96,-25,RBE,RBEG7,D1,2017-01-02,1483315200,1.6739000000000002,1.6867,1.6703,1.6787,292,0,334,6650.0
97,-24,RBE,RBEG7,D1,2017-01-03,1483401600,1.6787,1.7095,1.6169,1.6364,28038,0,32875,11071.0
98,-23,RBE,RBEG7,D1,2017-01-04,1483488000,1.6364,1.648,1.6185,1.6381,18021,0,20723,17977.0
99,-22,RBE,RBEG7,D1,2017-01-05,1483574400,1.6381,1.6561,1.612,1.6413,23973,0,27483,27027.0
100,-21,RBE,RBEG7,D1,2017-01-06,1483660800,1.6413,1.6583,1.6239,1.6256,21465,0,25321,24509.0
101,-20,RBE,RBEG7,D1,2017-01-08,1483833600,1.6297,1.6337000000000002,1.6274,1.6306,72,0,99,17634.0
102,-19,RBE,RBEG7,D1,2017-01-09,1483920000,1.6303999999999998,1.6318,1.5652,1.5703,23562,0,28584,18001.0
103,-18,RBE,RBEG7,D1,2017-01-10,1484006400,1.5701,1.5891,1.541,1.5537999999999998,22875,0,27035,18573.0
104,-17,RBE,RBEG7,D1,2017-01-11,1484092800,1.5544,1.616,1.5494,1.5974,30650,0,35394,30338.0
105,-16,RBE,RBEG7,D1,2017-01-12,1484179200,1.5979,1.6337000000000002,1.5939,1.6142,19411,0,22236,28222.0
106,-15,RBE,RBEG7,D1,2017-01-13,1484265600,1.614,1.6214,1.598,1.6127,16533,0,19894,25841.0
107,-14,RBE,RBEG7,D1,2017-01-15,1484438400,1.6087,1.6127,1.6086,1.6115,22,2,23,14051.0
108,-13,RBE,RBEG7,D1,2017-01-16,1484524800,1.6115,1.6241,1.6042999999999998,1.6216,2620,0,2898,7605.0
109,-12,RBE,RBEG7,D1,2017-01-17,1484611200,1.6216,1.6624,1.599,1.6013,24917,0,28948,10623.0
110,-11,RBE,RBEG7,D1,2017-01-18,1484697600,1.6013,1.613,1.54,1.5446,22887,0,27077,19641.0
88,-34,RBE,RBEH7,D1,2017-01-19,1484784000,1.5738,1.5872000000000002,1.5561,1.5659,23599,0,27200,26604.0
89,-33,RBE,RBEH7,D1,2017-01-20,1484870400,1.5654,1.6084,1.5652,1.596,25362,0,30117,28958.0
90,-32,RBE,RBEH7,D1,2017-01-22,1485043200,1.5934,1.6021999999999998,1.591,1.5983,222,0,254,19190.0
91,-31,RBE,RBEH7,D1,2017-01-23,1485129600,1.5983,1.6058,1.5706,1.6019,20612,0,23989,18120.0
92,-30,RBE,RBEH7,D1,2017-01-24,1485216000,1.6015,1.619,1.5816,1.588,21253,0,24542,16262.0
93,-29,RBE,RBEH7,D1,2017-01-25,1485302400,1.588,1.5899,1.5435,1.5629,31178,0,35775,28102.0
94,-28,RBE,RBEH7,D1,2017-01-26,1485388800,1.5627,1.5797,1.5327,1.5666,25459,0,29561,29959.0
95,-27,RBE,RBEH7,D1,2017-01-27,1485475200,1.5663,1.5755,1.5419,1.5502,23464,0,27306,30881.0
96,-26,RBE,RBEH7,D1,2017-01-29,1485648000,1.5472,1.5514,1.545,1.5457999999999998,87,0,116,18994.0
97,-25,RBE,RBEH7,D1,2017-01-30,1485734400,1.5453,1.5523,1.5238,1.5303,22200,0,25474,17632.0
98,-24,RBE,RBEH7,D1,2017-01-31,1485820800,1.5303,1.5789,1.5262,1.5554,26726,0,31979,19190.0
99,-23,RBE,RBEH7,D1,2017-02-01,1485907200,1.5551,1.5858,1.5457,1.58,28785,0,34785,30746.0
100,-22,RBE,RBEH7,D1,2017-02-02,1485993600,1.5795,1.5919,1.5305,1.5437,26084,0,30733,32499.0
101,-21,RBE,RBEH7,D1,2017-02-03,1486080000,1.5439,1.5643,1.5192,1.5602,25563,0,29944,31821.0
102,-20,RBE,RBEH7,D1,2017-02-05,1486252800,1.5550000000000002,1.5678999999999998,1.5550000000000002,1.5622,104,0,116,20264.0
103,-19,RBE,RBEH7,D1,2017-02-06,1486339200,1.5628,1.5708,1.5051,1.5102,25078,0,29473,19844.0
104,-18,RBE,RBEH7,D1,2017-02-07,1486425600,1.5108,1.5162,1.465,1.4657,25750,0,30059,19883.0
105,-17,RBE,RBEH7,D1,2017-02-08,1486512000,1.4666,1.5594,1.4666,1.5534,37943,0,44975,34836.0
106,-16,RBE,RBEH7,D1,2017-02-09,1486598400,1.5534,1.5811,1.5471,1.5716,26341,0,29885,34973.0
107,-15,RBE,RBEH7,D1,2017-02-10,1486684800,1.5716,1.6134,1.5716,1.5912,20990,0,24514,33125.0
108,-14,RBE,RBEH7,D1,2017-02-12,1486857600,1.589,1.6031,1.5858,1.5872000000000002,143,1,169,18189.0
109,-13,RBE,RBEH7,D1,2017-02-13,1486944000,1.5858,1.5858,1.5399,1.5464,20141,0,22938,15874.0
110,-12,RBE,RBEH7,D1,2017-02-14,1487030400,1.5466,1.5759,1.5339,1.5423,18131,0,20561,14556.0
111,-11,RBE,RBEH7,D1,2017-02-15,1487116800,1.5423,1.5603,1.5348000000000002,1.552,16580,0,18912,20804.0
112,-10,RBE,RBEH7,D1,2017-02-16,1487203200,1.5506,1.557,1.5106000000000002,1.5227,14052,0,16533,18669.0
82,-36,RBE,RBEJ7,D1,2017-02-17,1487289600,1.745,1.7473999999999998,1.715,1.7375,23069,0,26478,22167.0
83,-35,RBE,RBEJ7,D1,2017-02-19,1487462400,1.7424,1.7515,1.7415,1.7445,137,0,203,16923.0
84,-34,RBE,RBEJ7,D1,2017-02-20,1487548800,1.7439,1.7555,1.7314,1.7385000000000002,5405,0,6000,10894.0
85,-33,RBE,RBEJ7,D1,2017-02-21,1487635200,1.7376,1.7644,1.7186,1.7315,25593,0,28907,11703.0
86,-32,RBE,RBEJ7,D1,2017-02-22,1487721600,1.7315,1.7459,1.7135,1.7438,23984,0,27352,20753.0
87,-31,RBE,RBEJ7,D1,2017-02-23,1487808000,1.7438,1.775,1.7358,1.7428,29967,0,34603,30287.0
88,-30,RBE,RBEJ7,D1,2017-02-24,1487894400,1.7432,1.7479,1.7202,1.7355,20435,0,23713,28556.0
89,-29,RBE,RBEJ7,D1,2017-02-26,1488067200,1.7353,1.7375,1.7329,1.734,49,0,63,19460.0
90,-28,RBE,RBEJ7,D1,2017-02-27,1488153600,1.7338,1.7611,1.7325,1.7404,17898,0,20241,14672.0
91,-27,RBE,RBEJ7,D1,2017-02-28,1488240000,1.7404,1.7428,1.6799,1.7122000000000002,44869,0,53530,24611.0
92,-26,RBE,RBEJ7,D1,2017-03-01,1488326400,1.711,1.7257,1.6624,1.6675,27394,0,34197,35989.0
93,-25,RBE,RBEJ7,D1,2017-03-02,1488412800,1.6673,1.6707,1.6266,1.6401,32104,0,38804,42177.0
94,-24,RBE,RBEJ7,D1,2017-03-03,1488499200,1.6403,1.6591,1.639,1.6525,22414,0,26934,33312.0
95,-23,RBE,RBEJ7,D1,2017-03-05,1488672000,1.6544,1.6544,1.649,1.652,115,0,145,21961.0
96,-22,RBE,RBEJ7,D1,2017-03-06,1488758400,1.6502,1.6845,1.6361,1.6817,21443,0,25185,17421.0
97,-21,RBE,RBEJ7,D1,2017-03-07,1488844800,1.6817,1.7043,1.6747999999999998,1.6989999999999998,23537,0,28464,17931.0
98,-20,RBE,RBEJ7,D1,2017-03-08,1488931200,1.6991,1.7072,1.6435,1.6486,37179,0,45422,33024.0
99,-19,RBE,RBEJ7,D1,2017-03-09,1489017600,1.6495,1.667,1.6067,1.6261,29016,0,34134,36007.0
100,-18,RBE,RBEJ7,D1,2017-03-10,1489104000,1.6248,1.6429,1.5905,1.5919,22907,0,27987,35848.0
101,-17,RBE,RBEJ7,D1,2017-03-12,1489276800,1.5946,1.5947,1.5815,1.5825,451,0,574,20898.0
102,-16,RBE,RBEJ7,D1,2017-03-13,1489363200,1.5825,1.5945,1.5742,1.5811,20272,0,23881,17481.0
103,-15,RBE,RBEJ7,D1,2017-03-14,1489449600,1.581,1.6071,1.5623,1.5953,23781,0,28120,17525.0
104,-14,RBE,RBEJ7,D1,2017-03-15,1489536000,1.5955,1.6108,1.5781,1.5918,25314,0,30406,27469.0
105,-13,RBE,RBEJ7,D1,2017-03-16,1489622400,1.5918,1.61,1.579,1.5915,17891,0,20458,26328.0
106,-12,RBE,RBEJ7,D1,2017-03-17,1489708800,1.591,1.6094,1.586,1.5944,12404,0,14309,21724.0
107,-11,RBE,RBEJ7,D1,2017-03-19,1489881600,1.598,1.598,1.5925,1.5941999999999998,76,0,80,11616.0
108,-10,RBE,RBEJ7,D1,2017-03-20,1489968000,1.594,1.6248,1.581,1.6122999999999998,13301,0,15783,10057.0
91,-33,RBE,RBEK7,D1,2017-03-21,1490054400,1.6262,1.6465,1.611,1.6202,17896,0,20415,11127.0
92,-32,RBE,RBEK7,D1,2017-03-22,1490140800,1.6201,1.6233,1.5941999999999998,1.6142,24752,1,29652,20986.0
93,-31,RBE,RBEK7,D1,2017-03-23,1490227200,1.6141,1.6209,1.5916,1.5991,17077,1,19599,23222.0
94,-30,RBE,RBEK7,D1,2017-03-24,1490313600,1.6001,1.6245,1.5924,1.6222,16702,1,19714,22988.0
95,-29,RBE,RBEK7,D1,2017-03-26,1490486400,1.6217,1.6259,1.6156,1.6232,111,1,133,13149.0
96,-28,RBE,RBEK7,D1,2017-03-27,1490572800,1.622,1.6277,1.5996,1.6243,15993,0,18449,12765.0
97,-27,RBE,RBEK7,D1,2017-03-28,1490659200,1.6252,1.6584,1.6242,1.634,24070,0,28907,15830.0
98,-26,RBE,RBEK7,D1,2017-03-29,1490745600,1.6346,1.6753,1.6329,1.6738,25512,1,30120,25825.0
99,-25,RBE,RBEK7,D1,2017-03-30,1490832000,1.6737,1.6947,1.6649,1.6871,22002,0,25553,28193.0
100,-24,RBE,RBEK7,D1,2017-03-31,1490918400,1.6864,1.71,1.6664,1.7041,23593,1,27941,27871.0
101,-23,RBE,RBEK7,D1,2017-04-02,1491091200,1.7007,1.7083,1.697,1.7001,156,1,217,17904.0
102,-22,RBE,RBEK7,D1,2017-04-03,1491177600,1.6988,1.715,1.6893,1.6978,19613,0,23098,17085.0
103,-21,RBE,RBEK7,D1,2017-04-04,1491264000,1.6967,1.7288,1.6839,1.7282,19448,1,23509,15608.0
104,-20,RBE,RBEK7,D1,2017-04-05,1491350400,1.7277,1.7374,1.7041,1.7132,21264,1,25370,23992.0
105,-19,RBE,RBEK7,D1,2017-04-06,1491436800,1.7132,1.7325,1.7087,1.7317,15269,1,18663,22514.0
106,-18,RBE,RBEK7,D1,2017-04-07,1491523200,1.7315,1.766,1.7154,1.7428,22237,1,26711,23581.0
107,-17,RBE,RBEK7,D1,2017-04-09,1491696000,1.7466,1.751,1.7448,1.7489,152,0,201,15192.0
108,-16,RBE,RBEK7,D1,2017-04-10,1491782400,1.7481,1.7644,1.744,1.7632,15421,1,17747,14886.0
109,-15,RBE,RBEK7,D1,2017-04-11,1491868800,1.7635,1.7652,1.7364000000000002,1.7608,19784,0,23518,13822.0
110,-14,RBE,RBEK7,D1,2017-04-12,1491955200,1.761,1.771,1.7323,1.7365,17903,0,21682,20982.0
111,-13,RBE,RBEK7,D1,2017-04-13,1492041600,1.7387,1.7449,1.7218,1.7315,17287,1,20818,22006.0
112,-12,RBE,RBEK7,D1,2017-04-14,1492128000,1.7315,1.7315,1.7315,1.7315,80,151,80,14193.0
113,-11,RBE,RBEK7,D1,2017-04-16,1492300800,1.7332999999999998,1.736,1.7289,1.7312,171,1,190,7029.0
114,-10,RBE,RBEK7,D1,2017-04-17,1492387200,1.7309,1.7412999999999998,1.7175,1.7234,11884,1,13885,4718.0
48,-37,RBE,RBEM7,D1,2017-04-18,1492473600,1.7285,1.7299,1.7003,1.7050999999999998,20718,0,24124,11430.0
49,-36,RBE,RBEM7,D1,2017-04-19,1492560000,1.7050999999999998,1.7177,1.654,1.667,27266,0,32436,22192.0
50,-35,RBE,RBEM7,D1,2017-04-20,1492646400,1.6672,1.682,1.6592,1.671,28126,0,33486,30015.0
51,-34,RBE,RBEM7,D1,2017-04-21,1492732800,1.6707,1.6832,1.6399,1.6479,25898,1,30253,32058.0
52,-33,RBE,RBEM7,D1,2017-04-23,1492905600,1.645,1.653,1.6421,1.6501,199,1,270,21336.0
53,-32,RBE,RBEM7,D1,2017-04-24,1492992000,1.6501,1.6574,1.6233,1.628,19141,1,22984,17836.0
54,-31,RBE,RBEM7,D1,2017-04-25,1493078400,1.6282,1.6353,1.6033,1.6051,31297,0,36092,19782.0
55,-30,RBE,RBEM7,D1,2017-04-26,1493164800,1.6051,1.6205,1.5813,1.5844,37329,0,44429,34502.0
56,-29,RBE,RBEM7,D1,2017-04-27,1493251200,1.5844,1.5873,1.5428,1.5624,42446,0,50342,43621.0
57,-28,RBE,RBEM7,D1,2017-04-28,1493337600,1.5619,1.5879,1.5386,1.5399,38547,0,45085,46619.0
58,-27,RBE,RBEM7,D1,2017-04-30,1493510400,1.5481,1.5547,1.5427,1.5439,551,0,775,32067.0
59,-26,RBE,RBEM7,D1,2017-05-01,1493596800,1.5445,1.5470000000000002,1.5142,1.5238,23150,0,26996,24285.0
60,-25,RBE,RBEM7,D1,2017-05-02,1493683200,1.5238,1.553,1.5074999999999998,1.5355,33246,0,38398,22056.0
61,-24,RBE,RBEM7,D1,2017-05-03,1493769600,1.5353,1.546,1.5086,1.5258,33991,0,39391,34928.0
62,-23,RBE,RBEM7,D1,2017-05-04,1493856000,1.5251,1.5299,1.4683,1.4829,37816,0,45264,41018.0
63,-22,RBE,RBEM7,D1,2017-05-05,1493942400,1.483,1.5141,1.45,1.5102,28607,0,33524,39393.0
64,-21,RBE,RBEM7,D1,2017-05-07,1494115200,1.5065,1.5192,1.5061,1.5182,348,1,505,26431.0
65,-20,RBE,RBEM7,D1,2017-05-08,1494201600,1.5182,1.5288,1.5006,1.5211,21632,0,25214,19748.0
66,-19,RBE,RBEM7,D1,2017-05-09,1494288000,1.521,1.5295999999999998,1.4832,1.4847,23117,0,26857,17525.0
67,-18,RBE,RBEM7,D1,2017-05-10,1494374400,1.4842,1.5523,1.4805,1.5444,32523,0,37875,29982.0
68,-17,RBE,RBEM7,D1,2017-05-11,1494460800,1.5441,1.5709,1.5439,1.5663,25844,0,29885,31539.0
69,-16,RBE,RBEM7,D1,2017-05-12,1494547200,1.5663,1.5839,1.5574,1.5791,22065,0,26200,31320.0
70,-15,RBE,RBEM7,D1,2017-05-14,1494720000,1.5785,1.58,1.5777,1.5789,93,1,140,18742.0
71,-14,RBE,RBEM7,D1,2017-05-15,1494806400,1.5789,1.6186,1.5787,1.5958,20289,1,24236,16859.0
72,-13,RBE,RBEM7,D1,2017-05-16,1494892800,1.5965,1.615,1.5868,1.5885,16674,1,20070,14815.0
73,-12,RBE,RBEM7,D1,2017-05-17,1494979200,1.5882,1.6197,1.5846,1.6055,20666,1,24135,22814.0
74,-11,RBE,RBEM7,D1,2017-05-18,1495065600,1.6047,1.6172,1.5597,1.6082999999999998,15709,1,18822,21009.0
20,-36,RBE,RBEN7,D1,2017-05-19,1495152000,1.6066,1.6499,1.6051,1.6464,24642,1,28921,22686.0
21,-35,RBE,RBEN7,D1,2017-05-21,1495324800,1.6503,1.6584,1.6483,1.6574,259,1,321,16411.0
22,-34,RBE,RBEN7,D1,2017-05-22,1495411200,1.6574,1.664,1.6454,1.6608,21070,1,25086,18109.0
23,-33,RBE,RBEN7,D1,2017-05-23,1495497600,1.6604,1.6655,1.6385,1.6615,23695,1,27561,17656.0
24,-32,RBE,RBEN7,D1,2017-05-24,1495584000,1.6616,1.6693,1.6364999999999998,1.654,27878,1,33445,28697.0
25,-31,RBE,RBEN7,D1,2017-05-25,1495670400,1.6538,1.6641,1.5904,1.6072,37004,1,43580,34862.0
26,-30,RBE,RBEN7,D1,2017-05-26,1495756800,1.6074000000000002,1.6317,1.59,1.631,24309,1,28849,35291.0
27,-29,RBE,RBEN7,D1,2017-05-28,1495929600,1.6273,1.6313,1.625,1.6283,132,0,163,24197.0
28,-28,RBE,RBEN7,D1,2017-05-29,1496016000,1.6281,1.6442,1.6181,1.636,3894,0,4468,11160.0
29,-27,RBE,RBEN7,D1,2017-05-30,1496102400,1.6284999999999998,1.6331,1.6075,1.6235,22693,1,26496,10376.0
30,-26,RBE,RBEN7,D1,2017-05-31,1496188800,1.6243,1.626,1.5743,1.6098,28821,1,33934,21633.0
31,-25,RBE,RBEN7,D1,2017-06-01,1496275200,1.6107,1.6225,1.5828,1.5888,29127,1,35072,31834.0
32,-24,RBE,RBEN7,D1,2017-06-02,1496361600,1.5885,1.596,1.5545,1.5732,26735,1,31913,33640.0
33,-23,RBE,RBEN7,D1,2017-06-04,1496534400,1.577,1.577,1.571,1.572,157,1,170,22385.0
34,-22,RBE,RBEN7,D1,2017-06-05,1496620800,1.573,1.5905,1.5356999999999998,1.5395,22082,1,27001,19695.0
35,-21,RBE,RBEN7,D1,2017-06-06,1496707200,1.54,1.5574,1.522,1.5294,28138,0,34300,20490.0
36,-20,RBE,RBEN7,D1,2017-06-07,1496793600,1.5288,1.541,1.4873,1.5019,33580,1,41074,34125.0
37,-19,RBE,RBEN7,D1,2017-06-08,1496880000,1.5017,1.5163,1.4854,1.4891,23590,0,28139,34504.0
38,-18,RBE,RBEN7,D1,2017-06-09,1496966400,1.4882,1.5135,1.4782,1.5057,19624,1,23539,30917.0
39,-17,RBE,RBEN7,D1,2017-06-11,1497139200,1.5017,1.5072,1.5015,1.5068,88,1,124,17267.0
40,-16,RBE,RBEN7,D1,2017-06-12,1497225600,1.5071,1.5241,1.4834,1.4872,22767,1,27417,17027.0
41,-15,RBE,RBEN7,D1,2017-06-13,1497312000,1.4877,1.5067,1.4746,1.4852,23122,0,27191,18244.0
42,-14,RBE,RBEN7,D1,2017-06-14,1497398400,1.4853,1.499,1.4292,1.4305,32201,1,38003,30870.0
43,-13,RBE,RBEN7,D1,2017-06-15,1497484800,1.43,1.4425,1.4101,1.4403,25667,1,29983,31726.0
44,-12,RBE,RBEN7,D1,2017-06-16,1497571200,1.4404,1.4615,1.4398,1.4542,16595,1,19778,29255.0
45,-11,RBE,RBEN7,D1,2017-06-18,1497744000,1.4523,1.454,1.4483,1.453,74,0,98,16620.0
46,-10,RBE,RBEN7,D1,2017-06-19,1497830400,1.4528,1.4716,1.446,1.455,15295,0,18357,12744.0
17,-35,RBE,RBEQ7,D1,2017-06-20,1497916800,1.4473,1.451,1.4107,1.4182,17596,0,20694,13095.0
18,-34,RBE,RBEQ7,D1,2017-06-21,1498003200,1.4188,1.439,1.3902,1.4051,28022,1,32742,23981.0
19,-33,RBE,RBEQ7,D1,2017-06-22,1498089600,1.4056,1.4379,1.3974,1.4245,24649,1,28952,27463.0
20,-32,RBE,RBEQ7,D1,2017-06-23,1498176000,1.4245,1.4342,1.4151,1.4249,22847,1,26889,29528.0
21,-31,RBE,RBEQ7,D1,2017-06-25,1498348800,1.4228,1.4283,1.422,1.4265,123,1,166,18669.0
22,-30,RBE,RBEQ7,D1,2017-06-26,1498435200,1.4265,1.437,1.402,1.4333,23556,1,27680,18245.0
23,-29,RBE,RBEQ7,D1,2017-06-27,1498521600,1.4332,1.4596,1.4308,1.4381,24496,1,29098,18981.0
24,-28,RBE,RBEQ7,D1,2017-06-28,1498608000,1.4381,1.4839,1.4329,1.4815,31949,1,37582,31453.0
25,-27,RBE,RBEQ7,D1,2017-06-29,1498694400,1.4813,1.4953,1.4703,1.4779,23453,1,27240,31307.0
26,-26,RBE,RBEQ7,D1,2017-06-30,1498780800,1.4787,1.5177,1.4753,1.5161,28263,1,34245,33022.0
27,-25,RBE,RBEQ7,D1,2017-07-02,1498953600,1.5135,1.5135,1.5086,1.5107,369,0,506,20664.0
28,-24,RBE,RBEQ7,D1,2017-07-03,1499040000,1.5109,1.5396,1.5012,1.5352,23347,1,27689,20813.0
29,-23,RBE,RBEQ7,D1,2017-07-04,1499126400,1.535,1.5409000000000002,1.5224,1.53,4548,1,5134,11110.0
30,-22,RBE,RBEQ7,D1,2017-07-05,1499212800,1.5267,1.5309,1.4875,1.5199,26488,1,30974,21266.0
31,-21,RBE,RBEQ7,D1,2017-07-06,1499299200,1.5197,1.5417,1.509,1.5182,30394,0,36665,24258.0
32,-20,RBE,RBEQ7,D1,2017-07-07,1499385600,1.5175999999999998,1.5175999999999998,1.473,1.503,33486,1,39104,35581.0
33,-19,RBE,RBEQ7,D1,2017-07-09,1499558400,1.5064,1.51,1.5019,1.5025,222,0,345,25371.0
34,-18,RBE,RBEQ7,D1,2017-07-10,1499644800,1.5032,1.5143,1.4759,1.4993,23589,1,27936,22462.0
35,-17,RBE,RBEQ7,D1,2017-07-11,1499731200,1.4993,1.5367,1.4786,1.5346,26267,0,31570,19950.0
36,-16,RBE,RBEQ7,D1,2017-07-12,1499817600,1.5346,1.5485,1.5137,1.5141,22659,1,26209,28572.0
37,-15,RBE,RBEQ7,D1,2017-07-13,1499904000,1.5141,1.5395,1.4958,1.5276999999999998,19491,1,22892,26890.0
38,-14,RBE,RBEQ7,D1,2017-07-14,1499990400,1.5276,1.5634,1.5205,1.561,24534,1,28896,25999.0
39,-13,RBE,RBEQ7,D1,2017-07-16,1500163200,1.5625,1.5625,1.5605,1.5616,93,1,120,17303.0
40,-12,RBE,RBEQ7,D1,2017-07-17,1500249600,1.5621,1.5729,1.5531,1.5595,15990,1,18863,15960.0
41,-11,RBE,RBEQ7,D1,2017-07-18,1500336000,1.5595,1.5926,1.5499,1.5857,20118,1,24336,14440.0
18,-37,RBE,RBEU7,D1,2017-07-19,1500422400,1.5457999999999998,1.5808,1.5429,1.5796,27397,1,31579,21990.0
19,-36,RBE,RBEU7,D1,2017-07-20,1500508800,1.5796,1.596,1.5685,1.5739999999999998,27605,1,31530,27758.0
20,-35,RBE,RBEU7,D1,2017-07-21,1500595200,1.5745,1.5809,1.5275,1.5276999999999998,26411,0,31000,31370.0
21,-34,RBE,RBEU7,D1,2017-07-23,1500768000,1.5311,1.5361,1.5288,1.5351,183,1,236,20922.0
22,-33,RBE,RBEU7,D1,2017-07-24,1500854400,1.536,1.5508,1.5172,1.5336,20126,1,22240,17825.0
23,-32,RBE,RBEU7,D1,2017-07-25,1500940800,1.5336,1.5889,1.5328,1.5751,29375,0,33145,18540.0
24,-31,RBE,RBEU7,D1,2017-07-26,1501027200,1.5742,1.5974,1.5593,1.5907,27576,1,31745,29043.0
25,-30,RBE,RBEU7,D1,2017-07-27,1501113600,1.5908,1.6238,1.5863,1.6193,25379,1,29128,31339.0
26,-29,RBE,RBEU7,D1,2017-07-28,1501200000,1.6193,1.652,1.6107,1.6517,28053,1,32283,31052.0
27,-28,RBE,RBEU7,D1,2017-07-30,1501372800,1.66,1.6734,1.6564,1.6725,675,1,916,20776.0
28,-27,RBE,RBEU7,D1,2017-07-31,1501459200,1.6719,1.6800000000000002,1.6473,1.678,32136,1,37352,23517.0
29,-26,RBE,RBEU7,D1,2017-08-01,1501545600,1.678,1.6846,1.6387,1.655,36009,1,42851,27040.0
30,-25,RBE,RBEU7,D1,2017-08-02,1501632000,1.6554,1.6669,1.6291,1.6416,32168,1,37271,39158.0
31,-24,RBE,RBEU7,D1,2017-08-03,1501718400,1.6425,1.6569,1.6209,1.6354,28982,0,32668,37597.0
32,-23,RBE,RBEU7,D1,2017-08-04,1501804800,1.6358,1.6525,1.6244,1.6423,26050,1,29791,33243.0
33,-22,RBE,RBEU7,D1,2017-08-06,1501977600,1.6525,1.6525,1.6433,1.6441,204,1,347,20935.0
34,-21,RBE,RBEU7,D1,2017-08-07,1502064000,1.6438,1.6472,1.6042,1.6313,25836,0,30084,20074.0
35,-20,RBE,RBEU7,D1,2017-08-08,1502150400,1.6306,1.6345,1.5956,1.6057,34470,1,40126,23519.0
36,-19,RBE,RBEU7,D1,2017-08-09,1502236800,1.6051,1.6248,1.596,1.6236000000000002,27207,1,31623,33944.0
37,-18,RBE,RBEU7,D1,2017-08-10,1502323200,1.6242,1.6494,1.593,1.599,30895,0,36021,35923.0
38,-17,RBE,RBEU7,D1,2017-08-11,1502409600,1.5991,1.6215000000000002,1.5852,1.6106,23766,1,27379,31674.0
39,-16,RBE,RBEU7,D1,2017-08-13,1502582400,1.613,1.613,1.6071,1.6091,125,1,150,21183.0
40,-15,RBE,RBEU7,D1,2017-08-14,1502668800,1.6091,1.6199,1.5741,1.5779,22951,1,26059,17863.0
41,-14,RBE,RBEU7,D1,2017-08-15,1502755200,1.5777,1.5889,1.5657,1.5826,20635,1,23708,16639.0
42,-13,RBE,RBEU7,D1,2017-08-16,1502841600,1.583,1.5962,1.5590000000000002,1.5655,20318,1,22887,24218.0
43,-12,RBE,RBEU7,D1,2017-08-17,1502928000,1.5655,1.5932,1.5374,1.5873,23606,1,27053,24549.0
44,-11,RBE,RBEU7,D1,2017-08-18,1503014400,1.5876,1.6358,1.5791,1.623,21492,1,25023,24988.0
45,-10,RBE,RBEU7,D1,2017-08-20,1503187200,1.6274,1.628,1.6228,1.6228,69,1,111,17396.0
46,-9,RBE,RBEU7,D1,2017-08-21,1503273600,1.6223,1.6223,1.5734,1.5885,9859,1,11931,12355.0
18,-33,RBE,RBEV7,D1,2017-08-22,1503360000,1.4997,1.515,1.4905,1.4949,26107,1,29986,14073.0
19,-32,RBE,RBEV7,D1,2017-08-23,1503446400,1.4953,1.533,1.4904,1.5303,27251,1,31876,24698.0
20,-31,RBE,RBEV7,D1,2017-08-24,1503532800,1.5306,1.593,1.53,1.5899,44285,0,51446,37769.0
21,-30,RBE,RBEV7,D1,2017-08-25,1503619200,1.5885,1.5981,1.527,1.546,55233,1,64461,49261.0
22,-29,RBE,RBEV7,D1,2017-08-27,1503792000,1.583,1.6189,1.583,1.6058,3134,0,4615,40174.0
23,-28,RBE,RBEV7,D1,2017-08-28,1503878400,1.6051,1.609,1.5625,1.5827,39503,0,54075,41050.0
24,-27,RBE,RBEV7,D1,2017-08-29,1503964800,1.5846,1.64,1.5511,1.6315,49033,1,56578,38423.0
25,-26,RBE,RBEV7,D1,2017-08-30,1504051200,1.6309,1.671,1.6042,1.658,70629,0,87214,65956.0
26,-25,RBE,RBEV7,D1,2017-08-31,1504137600,1.6577,1.7832,1.6575,1.7793,74369,0,91802,78531.0
27,-24,RBE,RBEV7,D1,2017-09-01,1504224000,1.779,1.7797,1.696,1.7443,58081,1,71023,83346.0
28,-23,RBE,RBEV7,D1,2017-09-03,1504396800,1.7509,1.7509,1.6912,1.7047,1730,0,2198,55008.0
29,-22,RBE,RBEV7,D1,2017-09-04,1504483200,1.7049,1.7079,1.6579000000000002,1.6906,13359,0,15463,29561.0
30,-21,RBE,RBEV7,D1,2017-09-05,1504569600,1.6779,1.7039,1.665,1.6841,36801,1,44067,20576.0
31,-20,RBE,RBEV7,D1,2017-09-06,1504656000,1.685,1.6858,1.643,1.6762,36883,1,43343,34291.0
32,-19,RBE,RBEV7,D1,2017-09-07,1504742400,1.6761,1.6937,1.6425,1.6632,35926,1,41884,43098.0
33,-18,RBE,RBEV7,D1,2017-09-08,1504828800,1.6633,1.6734,1.6336,1.6475,26480,1,30831,38686.0
34,-17,RBE,RBEV7,D1,2017-09-10,1505001600,1.6497000000000002,1.6581,1.6476,1.6574,376,0,454,24390.0
35,-16,RBE,RBEV7,D1,2017-09-11,1505088000,1.6566999999999998,1.658,1.6006,1.6349,23755,1,27701,19662.0
36,-15,RBE,RBEV7,D1,2017-09-12,1505174400,1.6351,1.6673,1.6252,1.6544,21492,0,25451,17869.0
37,-14,RBE,RBEV7,D1,2017-09-13,1505260800,1.6547,1.6741,1.6364,1.6367,24677,1,28978,27377.0
38,-13,RBE,RBEV7,D1,2017-09-14,1505347200,1.6392,1.6566,1.6232,1.6276000000000002,17561,0,20531,24987.0
39,-12,RBE,RBEV7,D1,2017-09-15,1505433600,1.6284,1.6675,1.615,1.6612,18375,1,21888,23799.0
40,-11,RBE,RBEV7,D1,2017-09-17,1505606400,1.6615,1.668,1.6604,1.665,283,1,337,14252.0
41,-10,RBE,RBEV7,D1,2017-09-18,1505692800,1.6644,1.6783,1.6542,1.6725,12001,0,14732,12319.0
42,-9,RBE,RBEV7,D1,2017-09-19,1505779200,1.6724,1.6752,1.6424,1.6614,9023,1,11150,8740.0
43,-8,RBE,RBEV7,D1,2017-09-20,1505865600,1.6606999999999998,1.6665,1.6419,1.6526,7750,1,9045,11642.0
44,-7,RBE,RBEV7,D1,2017-09-21,1505952000,1.6526,1.6543,1.6205,1.6458,7229,1,8624,9606.0
45,-6,RBE,RBEV7,D1,2017-09-22,1506038400,1.6456,1.6695,1.6438,1.6676,5633,1,6766,8145.0
46,-5,RBE,RBEV7,D1,2017-09-24,1506211200,1.67,1.671,1.6675,1.6693,48,2,67,5152.0
20,-31,RBE,RBEX7,D1,2017-09-25,1506297600,1.6268,1.6808,1.6198,1.6751,23658,1,27710,12164.0
21,-30,RBE,RBEX7,D1,2017-09-26,1506384000,1.6751,1.6822,1.6378,1.6504,22734,1,27757,18525.0
22,-29,RBE,RBEX7,D1,2017-09-27,1506470400,1.6503,1.651,1.602,1.6037,25813,1,30886,28784.0
23,-28,RBE,RBEX7,D1,2017-09-28,1506556800,1.604,1.629,1.5956,1.6174,26879,1,31315,29986.0
24,-27,RBE,RBEX7,D1,2017-09-29,1506643200,1.6179,1.6236000000000002,1.582,1.5865,23736,1,28061,30087.0
25,-26,RBE,RBEX7,D1,2017-10-01,1506816000,1.5875,1.5915,1.5871,1.5898,236,1,314,19897.0
26,-25,RBE,RBEX7,D1,2017-10-02,1506902400,1.5898,1.5906,1.5421,1.5551,23800,1,28925,19100.0
27,-24,RBE,RBEX7,D1,2017-10-03,1506988800,1.5546,1.5696,1.5423,1.5465,23336,1,27705,18981.0
28,-23,RBE,RBEX7,D1,2017-10-04,1507075200,1.5476,1.5899,1.5428,1.5826,24434,1,28830,28487.0
29,-22,RBE,RBEX7,D1,2017-10-05,1507161600,1.5826,1.633,1.5764,1.625,28072,1,33474,30003.0
30,-21,RBE,RBEX7,D1,2017-10-06,1507248000,1.6248,1.6308,1.549,1.5569,32089,1,38963,33756.0
31,-20,RBE,RBEX7,D1,2017-10-08,1507420800,1.5575,1.5575,1.5463,1.552,499,0,788,24408.0
32,-19,RBE,RBEX7,D1,2017-10-09,1507507200,1.5521,1.5666,1.5366,1.5555,18499,1,22166,20639.0
33,-18,RBE,RBEX7,D1,2017-10-10,1507593600,1.5561,1.5971,1.5561,1.5893000000000002,18436,1,21308,14754.0
34,-17,RBE,RBEX7,D1,2017-10-11,1507680000,1.5893000000000002,1.6138,1.588,1.6079,18887,0,21743,21739.0
35,-16,RBE,RBEX7,D1,2017-10-12,1507766400,1.6082,1.612,1.5697,1.5914,19766,1,22956,22002.0
36,-15,RBE,RBEX7,D1,2017-10-13,1507852800,1.5905,1.6276000000000002,1.5862,1.6222,20327,1,23403,22701.0
37,-14,RBE,RBEX7,D1,2017-10-15,1508025600,1.6222,1.6359,1.6197,1.6349,321,1,456,15605.0
38,-13,RBE,RBEX7,D1,2017-10-16,1508112000,1.6349,1.6463,1.6143999999999998,1.6198,14991,1,17482,13780.0
39,-12,RBE,RBEX7,D1,2017-10-17,1508198400,1.6191,1.6394,1.6089,1.6313,15782,1,18049,11996.0
40,-11,RBE,RBEX7,D1,2017-10-18,1508284800,1.632,1.6553,1.6183,1.6523,12500,1,14526,16686.0
17,-36,RBE,RBEZ7,D1,2017-10-19,1508371200,1.6274,1.632,1.5995,1.6167,21649,1,24317,20125.0
18,-35,RBE,RBEZ7,D1,2017-10-20,1508457600,1.6168,1.6503,1.5989,1.6499,27092,1,31521,25178.0
19,-34,RBE,RBEZ7,D1,2017-10-22,1508630400,1.6498,1.6538,1.647,1.6489,412,1,469,18769.0
20,-33,RBE,RBEZ7,D1,2017-10-23,1508716800,1.649,1.655,1.6337000000000002,1.6356000000000002,20566,1,23078,18356.0
21,-32,RBE,RBEZ7,D1,2017-10-24,1508803200,1.636,1.6935,1.625,1.6902,26779,1,31039,18195.0
22,-31,RBE,RBEZ7,D1,2017-10-25,1508889600,1.6897,1.6959,1.6588,1.6866,32179,1,36982,30366.0
23,-30,RBE,RBEZ7,D1,2017-10-26,1508976000,1.6866,1.7077,1.6658,1.6983,28217,0,32638,33553.0
24,-29,RBE,RBEZ7,D1,2017-10-27,1509062400,1.6988,1.7238,1.6843,1.7229,25119,1,28961,32860.0
25,-28,RBE,RBEZ7,D1,2017-10-29,1509235200,1.7248,1.7267,1.7227,1.7248,189,0,257,20619.0
26,-27,RBE,RBEZ7,D1,2017-10-30,1509321600,1.7248,1.7288,1.701,1.714,22889,1,26485,18568.0
27,-26,RBE,RBEZ7,D1,2017-10-31,1509408000,1.7128,1.7515,1.7012,1.7483,30061,1,35744,20829.0
28,-25,RBE,RBEZ7,D1,2017-11-01,1509494400,1.748,1.7708,1.7335,1.7447,35845,1,42760,34996.0
29,-24,RBE,RBEZ7,D1,2017-11-02,1509580800,1.7452,1.7893,1.734,1.7872,28183,1,32973,37159.0
30,-23,RBE,RBEZ7,D1,2017-11-03,1509667200,1.7874,1.7997999999999998,1.7687,1.7885,28040,1,33633,36455.0
31,-22,RBE,RBEZ7,D1,2017-11-05,1509840000,1.7902,1.7988,1.7836,1.7955,442,1,550,22385.0
32,-21,RBE,RBEZ7,D1,2017-11-06,1509926400,1.7947,1.839,1.7767,1.823,25806,0,30153,21445.0
33,-20,RBE,RBEZ7,D1,2017-11-07,1510012800,1.8229,1.835,1.8025,1.807,26413,0,31238,20647.0
34,-19,RBE,RBEZ7,D1,2017-11-08,1510099200,1.8072,1.8402,1.7963,1.8261,32557,1,38366,33252.0
35,-18,RBE,RBEZ7,D1,2017-11-09,1510185600,1.8256,1.8345,1.8106,1.8147,22247,1,25699,31768.0
36,-17,RBE,RBEZ7,D1,2017-11-10,1510272000,1.8144,1.8336,1.807,1.8303,20830,1,24475,29513.0
37,-16,RBE,RBEZ7,D1,2017-11-12,1510444800,1.8284,1.8326,1.8278,1.8292,123,0,144,16773.0
38,-15,RBE,RBEZ7,D1,2017-11-13,1510531200,1.8292,1.8293,1.7829000000000002,1.784,21066,0,24953,16524.0
39,-14,RBE,RBEZ7,D1,2017-11-14,1510617600,1.7839,1.7886,1.7296,1.7316,24787,0,29792,18296.0
40,-13,RBE,RBEZ7,D1,2017-11-15,1510704000,1.7321,1.752,1.7262,1.7377,19128,1,23442,26062.0
41,-12,RBE,RBEZ7,D1,2017-11-16,1510790400,1.7371,1.743,1.7121,1.7194,14131,1,16606,23280.0
14,-35,RBE,RBEF8,D1,2017-11-17,1510876800,1.7173,1.7505,1.7146,1.7456,18665,1,21594,19335.0
15,-34,RBE,RBEF8,D1,2017-11-19,1511049600,1.748,1.748,1.7407,1.7428,116,1,146,13392.0
16,-33,RBE,RBEF8,D1,2017-11-20,1511136000,1.7426,1.7433999999999998,1.7148,1.7346,22609,1,25962,15901.0
17,-32,RBE,RBEF8,D1,2017-11-21,1511222400,1.7337,1.767,1.7325,1.7567,22285,1,24979,17029.0
18,-31,RBE,RBEF8,D1,2017-11-22,1511308800,1.7573,1.7774,1.7537,1.7587000000000002,21182,1,24335,25092.0
19,-30,RBE,RBEF8,D1,2017-11-23,1511395200,1.7586,1.7739,1.7555,1.7714,3437,0,3940,17751.0
20,-29,RBE,RBEF8,D1,2017-11-24,1511481600,1.7669,1.7875,1.7646,1.7806,12806,1,14448,14241.0
21,-28,RBE,RBEF8,D1,2017-11-26,1511654400,1.7785,1.7795999999999998,1.7771,1.7776999999999998,86,0,99,6162.0
22,-27,RBE,RBEF8,D1,2017-11-27,1511740800,1.7776999999999998,1.794,1.7695,1.7853,20145,1,23517,12688.0
23,-26,RBE,RBEF8,D1,2017-11-28,1511827200,1.7853,1.7859,1.7591,1.7616,24570,1,28560,17392.0
24,-25,RBE,RBEF8,D1,2017-11-29,1511913600,1.7616,1.776,1.7283,1.7322,28786,1,34668,28915.0
25,-24,RBE,RBEF8,D1,2017-11-30,1512000000,1.7316,1.7587000000000002,1.7183000000000002,1.7362,28645,1,33321,32183.0
26,-23,RBE,RBEF8,D1,2017-12-01,1512086400,1.7359,1.77,1.733,1.7375,24611,0,28819,32269.0
27,-22,RBE,RBEF8,D1,2017-12-03,1512259200,1.7365,1.7392,1.7332999999999998,1.7345000000000002,155,1,199,20780.0
28,-21,RBE,RBEF8,D1,2017-12-04,1512345600,1.7351,1.7353,1.6897,1.6909,25426,0,29475,19498.0
29,-20,RBE,RBEF8,D1,2017-12-05,1512432000,1.6909,1.7323,1.6894,1.7010999999999998,30361,1,36134,21936.0
30,-19,RBE,RBEF8,D1,2017-12-06,1512518400,1.7010999999999998,1.7108,1.66,1.6663,32462,0,38375,34661.0
31,-18,RBE,RBEF8,D1,2017-12-07,1512604800,1.6659000000000002,1.7026,1.662,1.6944,24613,0,29600,34703.0
32,-17,RBE,RBEF8,D1,2017-12-08,1512691200,1.6943,1.7337,1.6943,1.7143000000000002,22698,1,27359,31778.0
33,-16,RBE,RBEF8,D1,2017-12-10,1512864000,1.7158,1.7158,1.7082000000000002,1.7099,176,1,214,19058.0
34,-15,RBE,RBEF8,D1,2017-12-11,1512950400,1.7093,1.7368,1.7064,1.7271,20364,0,23628,17067.0
35,-14,RBE,RBEF8,D1,2017-12-12,1513036800,1.7271,1.7589,1.6911,1.7029999999999998,26789,1,31258,18367.0
36,-13,RBE,RBEF8,D1,2017-12-13,1513123200,1.7029999999999998,1.7144,1.6438,1.6509,28939,0,34961,29949.0
37,-12,RBE,RBEF8,D1,2017-12-14,1513209600,1.6509,1.6816,1.6469,1.6739000000000002,26086,1,30610,32276.0
38,-11,RBE,RBEF8,D1,2017-12-15,1513296000,1.6736,1.6873,1.6533,1.6547,18533,1,21815,29129.0
39,-10,RBE,RBEF8,D1,2017-12-17,1513468800,1.6555,1.6609,1.6555,1.6588,66,1,82,17502.0
40,-9,RBE,RBEF8,D1,2017-12-18,1513555200,1.6582,1.6857,1.6535,1.6733,12332,1,14392,12096.0
15,-35,RBE,RBEG8,D1,2017-12-19,1513641600,1.6888999999999998,1.7159,1.6867,1.7124,17979,0,20871,12651.0
16,-34,RBE,RBEG8,D1,2017-12-20,1513728000,1.7121,1.7484,1.7115,1.7454,23968,0,28357,22080.0
17,-33,RBE,RBEG8,D1,2017-12-21,1513814400,1.7456,1.7591,1.7367,1.7502,19426,1,23345,24191.0
18,-32,RBE,RBEG8,D1,2017-12-22,1513900800,1.7502,1.7681,1.739,1.7573,17690,1,20749,24150.0
19,-31,RBE,RBEG8,D1,2017-12-25,1514160000,1.7573,1.7661,1.7573,1.7633,84,1,92,14729.0
20,-30,RBE,RBEG8,D1,2017-12-26,1514246400,1.7635,1.8153,1.7525,1.7907,20391,1,23756,14866.0
21,-29,RBE,RBEG8,D1,2017-12-27,1514332800,1.7906,1.7974,1.7646,1.7899,22611,1,26408,16752.0
22,-28,RBE,RBEG8,D1,2017-12-28,1514419200,1.7894,1.7974,1.7831,1.7896999999999998,16082,0,18253,22806.0
23,-27,RBE,RBEG8,D1,2017-12-29,1514505600,1.7891,1.8044,1.7852,1.7877999999999998,16234,1,19189,21283.0
24,-26,RBE,RBEG8,D1,2018-01-01,1514764800,1.7877999999999998,1.8033,1.7877999999999998,1.7967,284,0,380,12607.0
25,-25,RBE,RBEG8,D1,2018-01-02,1514851200,1.7974,1.8038,1.7599,1.7627000000000002,27145,1,32396,17322.0
26,-24,RBE,RBEG8,D1,2018-01-03,1514937600,1.7621,1.8085,1.7588,1.8023,25961,1,30480,21085.0
27,-23,RBE,RBEG8,D1,2018-01-04,1515024000,1.802,1.8111,1.7771,1.8002,26878,0,32549,31808.0
28,-22,RBE,RBEG8,D1,2018-01-05,1515110400,1.8005,1.8049,1.7806,1.7888,19850,1,22710,28580.0
29,-21,RBE,RBEG8,D1,2018-01-07,1515283200,1.7892,1.795,1.7888,1.7913,122,1,154,18471.0
30,-20,RBE,RBEG8,D1,2018-01-08,1515369600,1.791,1.8091,1.7807,1.8046,23363,1,27909,16924.0
31,-19,RBE,RBEG8,D1,2018-01-09,1515456000,1.8041,1.8507,1.7961,1.845,35081,0,41803,23289.0
32,-18,RBE,RBEG8,D1,2018-01-10,1515542400,1.8444,1.8513,1.82,1.8333,29276,1,34991,34901.0
33,-17,RBE,RBEG8,D1,2018-01-11,1515628800,1.8338,1.8602,1.8285,1.8333,25443,1,30796,35863.0
34,-16,RBE,RBEG8,D1,2018-01-12,1515715200,1.8327,1.8525,1.8204,1.8475,22965,1,27915,31234.0
35,-15,RBE,RBEG8,D1,2018-01-14,1515888000,1.85,1.8514,1.844,1.846,126,1,179,19630.0
36,-14,RBE,RBEG8,D1,2018-01-15,1515974400,1.8457,1.8599,1.8409,1.8587,3549,0,4244,10779.0
37,-13,RBE,RBEG8,D1,2018-01-16,1516060800,1.8495,1.8577,1.8285,1.8408,22574,1,27253,10559.0
38,-12,RBE,RBEG8,D1,2018-01-17,1516147200,1.8413,1.8764,1.8269,1.8759,21493,0,25913,19137.0
39,-11,RBE,RBEG8,D1,2018-01-18,1516233600,1.8756,1.8859,1.8522,1.8794,18317,1,21545,24904.0
40,-10,RBE,RBEG8,D1,2018-01-19,1516320000,1.8791,1.8792,1.8492,1.8707,11626,1,14297,20585.0
41,-9,RBE,RBEG8,D1,2018-01-21,1516492800,1.8664,1.8709,1.8639,1.8661,61,0,88,11977.0
42,-8,RBE,RBEG8,D1,2018-01-22,1516579200,1.867,1.889,1.86,1.8874,6027,1,7230,7205.0
43,-7,RBE,RBEG8,D1,2018-01-23,1516665600,1.8866,1.915,1.8827,1.908,5070,1,6388,4569.0
44,-6,RBE,RBEG8,D1,2018-01-24,1516752000,1.9052,1.9273,1.8854,1.9214,6552,1,8103,7240.0
45,-5,RBE,RBEG8,D1,2018-01-25,1516838400,1.9216,1.9314,1.9029,1.9032,5528,1,6934,7142.0
46,-4,RBE,RBEG8,D1,2018-01-26,1516924800,1.905,1.951,1.9037,1.9375,4617,1,5441,6826.0
47,-3,RBE,RBEG8,D1,2018-01-28,1517097600,1.9432,1.9457,1.9422,1.9433,21,1,29,4135.0
48,-2,RBE,RBEG8,D1,2018-01-29,1517184000,1.9433,1.9453,1.9177,1.937,3008,1,3510,2993.0
49,-1,RBE,RBEG8,D1,2018-01-30,1517270400,1.9354,1.953,1.8754,1.8754,2252,1,2773,2104.0
26,-108,RBE,RBEM8,D1,2018-01-31,1517356800,2.0207,2.0609,2.0205,2.0592,6449,0,6222,3808.0
27,-107,RBE,RBEM8,D1,2018-02-01,1517443200,2.0609,2.0783,2.0524,2.0763,4356,0,3101,4130.0
28,-106,RBE,RBEM8,D1,2018-02-02,1517529600,2.0783,2.081,2.0233,2.035,5397,0,3482,4268.0
29,-105,RBE,RBEM8,D1,2018-02-04,1517702400,2.029,2.0303,2.029,2.029,27,0,3,2195.0
31,-20,RBE,RBEH8,D1,2018-02-05,1517788800,1.8651,1.88,1.8302,1.834,29866,1,36123,12165.0
32,-19,RBE,RBEH8,D1,2018-02-06,1517875200,1.8349,1.8377,1.8003,1.821,33267,1,39797,25431.0
33,-18,RBE,RBEH8,D1,2018-02-07,1517961600,1.8214,1.8277,1.7534999999999998,1.7629,32715,0,39059,38326.0
34,-17,RBE,RBEH8,D1,2018-02-08,1518048000,1.7631,1.775,1.7456,1.7652,27140,0,33483,37446.0
35,-16,RBE,RBEH8,D1,2018-02-09,1518134400,1.7649,1.7736,1.6704,1.7004,38550,1,46348,39630.0
36,-15,RBE,RBEH8,D1,2018-02-11,1518307200,1.7029,1.7085,1.7003,1.7077,215,0,297,26709.0
37,-14,RBE,RBEH8,D1,2018-02-12,1518393600,1.7077,1.7392,1.6743,1.686,25987,0,30906,25850.0
38,-13,RBE,RBEH8,D1,2018-02-13,1518480000,1.6852,1.6946,1.6519,1.6732,26059,0,30110,20438.0
39,-12,RBE,RBEH8,D1,2018-02-14,1518566400,1.6728,1.7243,1.6553,1.7183000000000002,22721,1,26802,29273.0
40,-11,RBE,RBEH8,D1,2018-02-15,1518652800,1.7183000000000002,1.7441,1.6991,1.7425000000000002,16921,1,20187,25700.0
13,-39,RBE,RBEJ8,D1,2018-02-16,1518739200,1.9217,1.9376,1.9081,1.9317,21106,1,23920,22483.0
14,-38,RBE,RBEJ8,D1,2018-02-18,1518912000,1.9286,1.9364,1.9286,1.9364,167,1,194,15379.0
15,-37,RBE,RBEJ8,D1,2018-02-19,1518998400,1.9358,1.9626,1.9342,1.9621,5258,0,5774,9963.0
16,-36,RBE,RBEJ8,D1,2018-02-20,1519084800,1.9597,1.9655,1.9278,1.9313,19967,0,22900,9623.0
17,-35,RBE,RBEJ8,D1,2018-02-21,1519171200,1.9313,1.9463,1.9134,1.9356,21355,1,24376,17683.0
18,-34,RBE,RBEJ8,D1,2018-02-22,1519257600,1.9358,1.9696,1.9253,1.9595,24374,1,28526,25267.0
19,-33,RBE,RBEJ8,D1,2018-02-23,1519344000,1.9586,1.994,1.9463,1.9907,22917,1,26539,26480.0
20,-32,RBE,RBEJ8,D1,2018-02-25,1519516800,1.9945,1.9945,1.9902,1.9923,97,1,139,18401.0
21,-31,RBE,RBEJ8,D1,2018-02-26,1519603200,1.9922,2.0122,1.981,2.0031,21461,0,24351,17010.0
22,-30,RBE,RBEJ8,D1,2018-02-27,1519689600,2.0028,2.0052,1.976,1.9784,20705,1,23900,16130.0
23,-29,RBE,RBEJ8,D1,2018-02-28,1519776000,1.9785,1.9862,1.9209,1.9244,29175,1,34029,27427.0
24,-28,RBE,RBEJ8,D1,2018-03-01,1519862400,1.9244,1.9335,1.8777,1.885,32751,1,38140,32023.0
25,-27,RBE,RBEJ8,D1,2018-03-02,1519948800,1.8855,1.9135,1.8584,1.9111,20292,1,24423,32197.0
26,-26,RBE,RBEJ8,D1,2018-03-03,1520035200,1.9111,1.9111,1.9111,1.9111,1,225,1,20855.0
27,-25,RBE,RBEJ8,D1,2018-03-04,1520121600,1.9111,1.916,1.9067,1.9077,215,0,316,8247.0
28,-24,RBE,RBEJ8,D1,2018-03-05,1520208000,1.9092,1.9382,1.8841,1.9345,21732,1,25560,8626.0
29,-23,RBE,RBEJ8,D1,2018-03-06,1520294400,1.9344,1.9443,1.9157,1.931,18953,1,21784,15887.0
30,-22,RBE,RBEJ8,D1,2018-03-07,1520380800,1.9312,1.9486,1.8985,1.9195,28125,1,32831,26725.0
31,-21,RBE,RBEJ8,D1,2018-03-08,1520467200,1.9193,1.9203,1.8644,1.8734,23091,1,27487,27367.0
32,-20,RBE,RBEJ8,D1,2018-03-09,1520553600,1.8736,1.9147,1.8693,1.8987,22576,1,27290,29203.0
33,-19,RBE,RBEJ8,D1,2018-03-10,1520640000,1.8987,1.8987,1.8987,1.8987,4,0,4,18260.0
34,-18,RBE,RBEJ8,D1,2018-03-11,1520726400,1.8987,1.9021,1.8986,1.9003,155,0,218,9171.0
35,-17,RBE,RBEJ8,D1,2018-03-12,1520812800,1.8999,1.9027,1.8649,1.8931,19291,1,22160,7461.0
36,-16,RBE,RBEJ8,D1,2018-03-13,1520899200,1.8913,1.9077,1.8574,1.8943,23232,1,26642,16340.0
37,-15,RBE,RBEJ8,D1,2018-03-14,1520985600,1.8946,1.926,1.8835,1.9216,21199,1,26971,25258.0
38,-14,RBE,RBEJ8,D1,2018-03-15,1521072000,1.9215,1.9371,1.9111,1.924,17487,1,20004,24539.0
39,-13,RBE,RBEJ8,D1,2018-03-16,1521158400,1.9229,1.9542,1.9081,1.9416,17952,1,21659,22878.0
40,-12,RBE,RBEJ8,D1,2018-03-17,1521244800,1.9416,1.9416,1.9416,1.9416,3,0,3,13889.0
41,-11,RBE,RBEJ8,D1,2018-03-18,1521331200,1.9416,1.9445,1.9389,1.9398,41,0,43,7235.0
18,-41,RBE,RBEK8,D1,2018-03-19,1521417600,1.9504,1.9622,1.9321,1.9414,18785,1,20617,6914.0
19,-40,RBE,RBEK8,D1,2018-03-20,1521504000,1.9413,1.9881,1.941,1.9812,27379,1,31733,17490.0
20,-39,RBE,RBEK8,D1,2018-03-21,1521590400,1.9821,2.0322,1.9759,2.024,29198,1,33052,28467.0
21,-38,RBE,RBEK8,D1,2018-03-22,1521676800,2.0237,2.0266,1.9978,2.0238,29102,1,33979,32921.0
22,-37,RBE,RBEK8,D1,2018-03-23,1521763200,2.0238,2.0517,2.0157,2.0362,28204,1,32710,33247.0
23,-36,RBE,RBEK8,D1,2018-03-24,1521849600,2.0362,2.0362,2.0362,2.0362,4,0,4,22231.0
24,-35,RBE,RBEK8,D1,2018-03-25,1521936000,2.0362,2.0545,2.0358,2.0508,326,0,367,11027.0
25,-34,RBE,RBEK8,D1,2018-03-26,1522022400,2.0514,2.0515,2.0132,2.02,21402,0,24169,8180.0
26,-33,RBE,RBEK8,D1,2018-03-27,1522108800,2.0207,2.0426,2.006,2.0187,22907,1,25862,16799.0
27,-32,RBE,RBEK8,D1,2018-03-28,1522195200,2.0191,2.0343,2.0012,2.0246,26398,0,30830,26954.0
28,-31,RBE,RBEK8,D1,2018-03-29,1522281600,2.0244,2.0397,2.0098,2.0192,24864,1,28494,28395.0
29,-30,RBE,RBEK8,D1,2018-03-30,1522368000,2.0192,2.0192,2.0192,2.0192,1,65,1,19775.0
30,-29,RBE,RBEK8,D1,2018-03-31,1522454400,2.0192,2.0192,2.0192,2.0192,3,0,3,9499.0
77,-57,RBE,RBEM8,D1,2018-04-01,1522540800,2.0236,2.0313,2.0236,2.0313,86,0,104,3050.0
32,-27,RBE,RBEK8,D1,2018-04-02,1522627200,2.0281,2.0331,1.9629,1.9711,24514,1,28785,9690.0
33,-26,RBE,RBEK8,D1,2018-04-03,1522713600,1.9711,1.9981,1.9677,1.972,26702,1,31158,20075.0
34,-25,RBE,RBEK8,D1,2018-04-04,1522800000,1.973,1.9888,1.9363,1.9861,31233,0,36370,32104.0
35,-24,RBE,RBEK8,D1,2018-04-05,1522886400,1.9866,1.9913,1.9632,1.9734,21824,0,25457,30995.0
36,-23,RBE,RBEK8,D1,2018-04-06,1522972800,1.9738,1.9873,1.9383,1.9485,23304,0,27449,29759.0
37,-22,RBE,RBEK8,D1,2018-04-07,1523059200,1.9485,1.9485,1.9485,1.9485,2,142,2,17636.0
38,-21,RBE,RBEK8,D1,2018-04-08,1523145600,1.9485,1.9541,1.9485,1.9528,154,0,175,9209.0
39,-20,RBE,RBEK8,D1,2018-04-09,1523232000,1.9531,1.9908,1.9515,1.9775,21136,1,24439,8205.0
40,-19,RBE,RBEK8,D1,2018-04-10,1523318400,1.9776,2.046,1.9769,2.0361,28867,1,33306,19307.0
41,-18,RBE,RBEK8,D1,2018-04-11,1523404800,2.0363,2.0788,2.0235,2.0644,34310,1,40148,32631.0
42,-17,RBE,RBEK8,D1,2018-04-12,1523491200,2.0648,2.0722,2.0392,2.053,20826,1,24078,32511.0
43,-16,RBE,RBEK8,D1,2018-04-13,1523577600,2.0529,2.0707,2.036,2.0616,22117,1,26119,30115.0
44,-15,RBE,RBEK8,D1,2018-04-14,1523664000,2.0616,2.0616,2.0616,2.0616,3,0,3,16733.0
45,-14,RBE,RBEK8,D1,2018-04-15,1523750400,2.0616,2.0688,2.0566,2.059,319,0,379,8834.0
46,-13,RBE,RBEK8,D1,2018-04-16,1523836800,2.0581,2.0588,2.0323,2.0443,20225,1,23920,8101.0
47,-12,RBE,RBEK8,D1,2018-04-17,1523923200,2.0444,2.0503,2.0253,2.045,24232,0,29409,17903.0
48,-11,RBE,RBEK8,D1,2018-04-18,1524009600,2.045,2.0783,2.0433,2.0755,12251,1,14791,22707.0
95,-39,RBE,RBEM8,D1,2018-04-19,1524096000,2.0814,2.099,2.0726,2.0916,28529,1,32757,28565.0
96,-38,RBE,RBEM8,D1,2018-04-20,1524182400,2.0916,2.1023,2.0654,2.0907,30368,1,35488,33586.0
97,-37,RBE,RBEM8,D1,2018-04-22,1524355200,2.0907,2.0987,2.0907,2.097,6,0,266,22837.0
98,-36,RBE,RBEM8,D1,2018-04-23,1524441600,2.0961,2.1387,2.078,2.1352,15546,0,37725,24493.0
99,-35,RBE,RBEM8,D1,2018-04-24,1524528000,2.1361,2.138,2.091,2.0993,19222,0,39784,25925.0
100,-34,RBE,RBEM8,D1,2018-04-25,1524614400,2.0994,2.1033,2.0748,2.1009,31271,0,36209,37906.0
101,-33,RBE,RBEM8,D1,2018-04-26,1524700800,2.1006,2.1203,2.0922,2.1166,29741,1,34792,36928.0
102,-32,RBE,RBEM8,D1,2018-04-27,1524787200,2.1166,2.13,2.1084,2.1226,27109,1,31061,34021.0
103,-31,RBE,RBEM8,D1,2018-04-28,1524873600,2.1226,2.1226,2.1226,2.1226,1,162,1,21951.0
104,-30,RBE,RBEM8,D1,2018-04-29,1524960000,2.1226,2.129,2.1197,2.1208,262,0,314,10459.0
105,-29,RBE,RBEM8,D1,2018-04-30,1525046400,2.1205,2.1523,2.0981,2.128,38645,0,43723,14679.0
106,-28,RBE,RBEM8,D1,2018-05-01,1525132800,2.128,2.132,2.0729,2.0839,33485,1,39427,27821.0
107,-27,RBE,RBEM8,D1,2018-05-02,1525219200,2.0841,2.0921,2.0564,2.0708,35215,1,41249,41466.0
108,-26,RBE,RBEM8,D1,2018-05-03,1525305600,2.0712,2.095,2.0529,2.0903,32777,0,38394,39690.0
109,-25,RBE,RBEM8,D1,2018-05-04,1525392000,2.0906,2.1238,2.0821,2.1147,28291,1,32642,37428.0
110,-24,RBE,RBEM8,D1,2018-05-05,1525478400,2.1147,2.1147,2.1147,2.1147,2,0,2,23679.0
111,-23,RBE,RBEM8,D1,2018-05-06,1525564800,2.1147,2.1183,2.1147,2.1152,201,0,218,10954.0
112,-22,RBE,RBEM8,D1,2018-05-07,1525651200,2.1152,2.1409,2.1109,2.1203,22543,1,26002,8741.0
113,-21,RBE,RBEM8,D1,2018-05-08,1525737600,2.1204,2.1405,2.0612,2.138,43893,1,52344,26188.0
114,-20,RBE,RBEM8,D1,2018-05-09,1525824000,2.1383,2.1724,2.1364,2.1715,33752,0,39305,39217.0
115,-19,RBE,RBEM8,D1,2018-05-10,1525910400,2.1713,2.1946,2.1597,2.1907,29150,1,34862,42170.0
116,-18,RBE,RBEM8,D1,2018-05-11,1525996800,2.1909,2.1959,2.18,2.1811,25430,1,30516,34894.0
117,-17,RBE,RBEM8,D1,2018-05-12,1526083200,2.1811,2.1811,2.1811,2.1811,2,0,2,21793.0
118,-16,RBE,RBEM8,D1,2018-05-13,1526169600,2.1811,2.1856,2.18,2.1839,215,0,279,10266.0
119,-15,RBE,RBEM8,D1,2018-05-14,1526256000,2.1841,2.2053,2.1676,2.2011,22569,1,26114,8798.0
120,-14,RBE,RBEM8,D1,2018-05-15,1526342400,2.201,2.2226,2.1854,2.199,29423,1,34836,20410.0
121,-13,RBE,RBEM8,D1,2018-05-16,1526428800,2.1998,2.2525,2.1961,2.25,26971,1,32357,31102.0
122,-12,RBE,RBEM8,D1,2018-05-17,1526515200,2.2507,2.2773,2.2407,2.2482,27068,1,32521,33238.0
123,-11,RBE,RBEM8,D1,2018-05-18,1526601600,2.248,2.2624,2.2295,2.2319,17071,1,20157,28345.0
124,-10,RBE,RBEM8,D1,2018-05-20,1526774400,2.2319,2.2469,2.2302,2.2415,146,0,173,17617.0
28,-38,RBE,RBEN8,D1,2018-05-21,1526860800,2.238,2.2597,2.2219,2.255,21536,1,24566,15409.0
29,-37,RBE,RBEN8,D1,2018-05-22,1526947200,2.2554,2.2804,2.25,2.2542,25726,1,30016,18265.0
30,-36,RBE,RBEN8,D1,2018-05-23,1527033600,2.254,2.2572,2.2195,2.2525,33152,1,39308,31297.0
31,-35,RBE,RBEN8,D1,2018-05-24,1527120000,2.2527,2.2536,2.2241,2.2268,23304,1,27471,32265.0
32,-34,RBE,RBEN8,D1,2018-05-25,1527206400,2.227,2.2298,2.163,2.1635,29742,1,34417,33732.0
33,-33,RBE,RBEN8,D1,2018-05-27,1527379200,2.1635,2.169,2.1534,2.1642,486,0,621,20836.0
34,-32,RBE,RBEN8,D1,2018-05-28,1527465600,2.1644,2.1648,2.1233,2.1477,9428,1,11104,15381.0
35,-31,RBE,RBEN8,D1,2018-05-29,1527552000,2.1477,2.1609,2.125,2.138,29273,1,33653,15126.0
36,-30,RBE,RBEN8,D1,2018-05-30,1527638400,2.1384,2.185,2.1284,2.1776,31888,0,37023,27260.0
37,-29,RBE,RBEN8,D1,2018-05-31,1527724800,2.1768,2.1987,2.1419,2.1652,37489,1,44559,38412.0
38,-28,RBE,RBEN8,D1,2018-06-01,1527811200,2.1655,2.1724,2.1316,2.1385,29329,1,33250,38277.0
39,-27,RBE,RBEN8,D1,2018-06-02,1527897600,2.1385,2.1385,2.1385,2.1385,1,0,1,25937.0
40,-26,RBE,RBEN8,D1,2018-06-03,1527984000,2.1385,2.1422,2.136,2.1391,175,0,193,11148.0
41,-25,RBE,RBEN8,D1,2018-06-04,1528070400,2.1391,2.1502,2.1079,2.1268,25436,1,29394,9863.0
42,-24,RBE,RBEN8,D1,2018-06-05,1528156800,2.1269,2.1332,2.0842,2.0947,29351,1,34301,21296.0
43,-23,RBE,RBEN8,D1,2018-06-06,1528243200,2.0948,2.1185,2.0554,2.0818,39447,1,45257,36317.0
44,-22,RBE,RBEN8,D1,2018-06-07,1528329600,2.0818,2.1234,2.0758,2.1224,31766,1,36010,38523.0
45,-21,RBE,RBEN8,D1,2018-06-08,1528416000,2.1224,2.1264,2.0952,2.1113,31740,1,37072,39446.0
46,-20,RBE,RBEN8,D1,2018-06-09,1528502400,2.1113,2.1113,2.1113,2.1113,1,51,1,24361.0
47,-19,RBE,RBEN8,D1,2018-06-10,1528588800,2.1113,2.1139,2.1028,2.1074,197,0,232,12435.0
48,-18,RBE,RBEN8,D1,2018-06-11,1528675200,2.1074,2.1154,2.0839,2.105,22208,1,25362,8532.0
49,-17,RBE,RBEN8,D1,2018-06-12,1528761600,2.1054,2.1171,2.0736,2.0774,21629,0,25119,16904.0
50,-16,RBE,RBEN8,D1,2018-06-13,1528848000,2.0782,2.1303,2.071,2.1183,33432,0,39424,29968.0
51,-15,RBE,RBEN8,D1,2018-06-14,1528934400,2.1184,2.1236,2.0853,2.0915,23779,1,27981,30841.0
52,-14,RBE,RBEN8,D1,2018-06-15,1529020800,2.0914,2.0959,2.0135,2.0135,25652,1,29491,32299.0
53,-13,RBE,RBEN8,D1,2018-06-16,1529107200,2.0135,2.0135,2.0135,2.0135,5,0,5,19159.0
54,-12,RBE,RBEN8,D1,2018-06-17,1529193600,2.0135,2.0135,2.0135,2.0135,1,0,1,9832.0
55,-11,RBE,RBEN8,D1,2018-06-18,1529280000,2.0092,2.06,2.0055,2.0487,20017,1,23212,7739.0
56,-10,RBE,RBEN8,D1,2018-06-19,1529366400,2.0487,2.0511,2.025,2.0378,12779,0,15524,12912.0
57,-9,RBE,RBEN8,D1,2018-06-20,1529452800,2.0382,2.0506,2.0034,2.0232,12359,1,14723,17820.0
58,-8,RBE,RBEN8,D1,2018-06-21,1529539200,2.024,2.0259,1.9975,2.0143,7150,1,8387,12878.0
59,-7,RBE,RBEN8,D1,2018-06-22,1529625600,2.0133,2.0732,2.0133,2.0711,6921,1,8563,10558.0
60,-6,RBE,RBEN8,D1,2018-06-23,1529712000,2.0711,2.0711,2.0711,2.0711,2,77,2,5651.0
54,-66,RBE,RBEU8,D1,2018-06-24,1529798400,2.0274,2.0305,2.0045,2.0135,671,0,170,5321.0
55,-65,RBE,RBEU8,D1,2018-06-25,1529884800,2.0135,2.0266,2.0037,2.0235,8173,0,5124,4570.0
56,-64,RBE,RBEU8,D1,2018-06-26,1529971200,2.0213,2.0531,1.994,2.0468,10590,0,8744,4679.0
57,-63,RBE,RBEU8,D1,2018-06-27,1530057600,2.0466,2.0988,2.0411,2.0814,11075,0,10171,8013.0
58,-62,RBE,RBEU8,D1,2018-06-28,1530144000,2.0819,2.1066,2.0778,2.0849,10493,0,7475,8797.0
59,-61,RBE,RBEU8,D1,2018-06-29,1530230400,2.0846,2.1385,2.0742,2.1278,13097,0,12047,9898.0
60,-60,RBE,RBEU8,D1,2018-07-01,1530403200,2.1152,2.1285,2.1038,2.1177,684,0,180,6567.0
61,-59,RBE,RBEU8,D1,2018-07-02,1530489600,2.1167,2.1192,2.0839,2.0876,10004,0,8329,6852.0
62,-58,RBE,RBEU8,D1,2018-07-03,1530576000,2.0876,2.1153,2.0718,2.1015,11705,0,8782,5764.0
63,-57,RBE,RBEU8,D1,2018-07-04,1530662400,2.1011,2.1121,2.0945,2.104,2717,1,3010,6707.0
64,-56,RBE,RBEU8,D1,2018-07-05,1530748800,2.1051,2.1282,2.094,2.1087,11826,1,12910,8234.0
65,-55,RBE,RBEU8,D1,2018-07-06,1530835200,2.1084,2.1097,2.0747,2.0895,11239,1,12273,9398.0
66,-54,RBE,RBEU8,D1,2018-07-08,1531008000,2.0895,2.0967,2.0879,2.0933,95,1,111,8431.0
67,-53,RBE,RBEU8,D1,2018-07-09,1531094400,2.0916,2.1325,2.0874,2.1304,9744,1,10981,7788.0
68,-52,RBE,RBEU8,D1,2018-07-10,1531180800,2.1299,2.1531,2.1265,2.14,10240,1,11477,7523.0
69,-51,RBE,RBEU8,D1,2018-07-11,1531267200,2.1375,2.1375,2.0284,2.0487,16494,0,18384,13614.0
70,-50,RBE,RBEU8,D1,2018-07-12,1531353600,2.0458,2.0647,2.0181,2.0449,16170,1,17695,15852.0
71,-49,RBE,RBEU8,D1,2018-07-13,1531440000,2.0453,2.0871,2.0227,2.0662,14052,1,15442,17174.0
72,-48,RBE,RBEU8,D1,2018-07-14,1531526400,2.0662,2.0662,2.0662,2.0662,1,0,1,11046.0
73,-47,RBE,RBEU8,D1,2018-07-15,1531612800,2.0662,2.0713,2.0642,2.0708,60,0,63,5169.0
74,-46,RBE,RBEU8,D1,2018-07-16,1531699200,2.0697,2.0752,1.9737,1.9816,16644,1,19496,6520.0
75,-45,RBE,RBEU8,D1,2018-07-17,1531785600,1.9811,2.0011,1.9715,1.9866,15774,1,17474,12344.0
76,-44,RBE,RBEU8,D1,2018-07-18,1531872000,1.9865,2.0278,1.975,2.0182,16455,1,18529,18500.0
77,-43,RBE,RBEU8,D1,2018-07-19,1531958400,2.0176,2.0305,1.9895,2.0184,21800,1,23504,19836.0
78,-42,RBE,RBEU8,D1,2018-07-20,1532044800,2.0192,2.0472,2.0129,2.0304,21539,1,24404,22146.0
79,-41,RBE,RBEU8,D1,2018-07-21,1532131200,2.0304,2.0304,2.0304,2.0304,3,0,3,15970.0
80,-40,RBE,RBEU8,D1,2018-07-22,1532217600,2.0304,2.0358,2.0265,2.0325,253,0,279,8229.0
81,-39,RBE,RBEU8,D1,2018-07-23,1532304000,2.033,2.0684,2.0209,2.0563,23165,1,26175,8819.0
82,-38,RBE,RBEU8,D1,2018-07-24,1532390400,2.0558,2.0855,2.047,2.0736,29830,1,33732,20062.0
83,-37,RBE,RBEU8,D1,2018-07-25,1532476800,2.0734,2.0948,2.0559,2.0929,27754,1,31239,30382.0
84,-36,RBE,RBEU8,D1,2018-07-26,1532563200,2.0928,2.1211,2.0814,2.1138,29732,1,34342,33104.0
85,-35,RBE,RBEU8,D1,2018-07-27,1532649600,2.1142,2.1364,2.108,2.1179,26789,1,30908,32163.0
86,-34,RBE,RBEU8,D1,2018-07-28,1532736000,2.1179,2.1179,2.1179,2.1179,4,0,4,21751.0
87,-33,RBE,RBEU8,D1,2018-07-29,1532822400,2.1179,2.1179,2.1179,2.1179,2,0,2,10305.0
88,-32,RBE,RBEU8,D1,2018-07-30,1532908800,2.1124,2.1288,2.1076,2.1144,24355,1,27268,9091.0
89,-31,RBE,RBEU8,D1,2018-07-31,1532995200,2.1145,2.1155,2.0627,2.0757,29818,1,33899,20390.0
90,-30,RBE,RBEU8,D1,2018-08-01,1533081600,2.0752,2.0807,2.038,2.0437,30543,0,35588,32252.0
91,-29,RBE,RBEU8,D1,2018-08-02,1533168000,2.0431,2.0837,2.0226,2.0618,30072,1,34175,34554.0
92,-28,RBE,RBEU8,D1,2018-08-03,1533254400,2.0623,2.0906,2.0547,2.069,25329,1,28276,32680.0
93,-27,RBE,RBEU8,D1,2018-08-04,1533340800,2.069,2.069,2.069,2.069,17,0,17,20823.0
94,-26,RBE,RBEU8,D1,2018-08-05,1533427200,2.069,2.069,2.0602,2.0613,254,0,315,9536.0
95,-25,RBE,RBEU8,D1,2018-08-06,1533513600,2.0616,2.0847,2.0523,2.06,24244,1,27879,9404.0
96,-24,RBE,RBEU8,D1,2018-08-07,1533600000,2.0604,2.1056,2.0599,2.0964,25971,1,30154,19449.0
97,-23,RBE,RBEU8,D1,2018-08-08,1533686400,2.0961,2.0985,2.0067,2.0157,40048,1,46805,34946.0
98,-22,RBE,RBEU8,D1,2018-08-09,1533772800,2.0163,2.0224,1.9945,2.0045,26381,0,31234,36064.0
99,-21,RBE,RBEU8,D1,2018-08-10,1533859200,2.0047,2.0515,1.9934,2.039,28226,1,33043,37027.0
100,-20,RBE,RBEU8,D1,2018-08-11,1533945600,2.039,2.039,2.039,2.039,3,0,3,21427.0
101,-19,RBE,RBEU8,D1,2018-08-12,1534032000,2.039,2.0449,2.037,2.0413,147,0,170,11072.0
102,-18,RBE,RBEU8,D1,2018-08-13,1534118400,2.0407,2.0411,1.98,2.0279,26132,1,29865,10013.0
103,-17,RBE,RBEU8,D1,2018-08-14,1534204800,2.0276,2.0689,2.0241,2.031,26806,1,30356,20130.0
104,-16,RBE,RBEU8,D1,2018-08-15,1534291200,2.0301,2.0426,1.9856,1.989,26067,1,29216,29812.0
105,-15,RBE,RBEU8,D1,2018-08-16,1534377600,1.9889,2.0044,1.9671,1.9829,19200,1,21408,26993.0
106,-14,RBE,RBEU8,D1,2018-08-17,1534464000,1.9828,2.0085,1.9748,1.9784,14848,1,16802,22475.0
107,-13,RBE,RBEU8,D1,2018-08-18,1534550400,1.9784,1.9784,1.9784,1.9784,1,25,2,12737.0
94,-37,RBE,RBEV18,D1,2018-08-19,1534636800,1.8848,1.8848,1.8792,1.8803,242,0,218,11854.0
95,-36,RBE,RBEV18,D1,2018-08-20,1534723200,1.8805,1.9186,1.8767,1.9099,11505,0,24756,13168.0
96,-35,RBE,RBEV18,D1,2018-08-21,1534809600,1.9096,1.932,1.9065,1.9152,10350,0,26449,17141.0
97,-34,RBE,RBEV18,D1,2018-08-22,1534896000,1.9155,1.9677,1.9139,1.963,12635,0,37122,29442.0
98,-33,RBE,RBEV18,D1,2018-08-23,1534982400,1.9628,1.9639,1.942,1.9574,9178,0,23332,28968.0
99,-32,RBE,RBEV18,D1,2018-08-24,1535068800,1.958,1.9889,1.9555,1.9746,10689,0,27556,29337.0
114,-6,RBE,RBEU8,D1,2018-08-25,1535155200,2.0774,2.0774,2.0774,2.0774,2,146,2,3795.0
100,-31,RBE,RBEV18,D1,2018-08-26,1535241600,1.9721,1.974,1.971,1.9736,174,0,341,17076.0
101,-30,RBE,RBEV18,D1,2018-08-27,1535328000,1.9733,1.9913,1.9671,1.987,8926,0,22600,16832.0
102,-29,RBE,RBEV18,D1,2018-08-28,1535414400,1.9871,1.9989,1.968,1.9731,10752,0,28210,17050.0
103,-28,RBE,RBEV18,D1,2018-08-29,1535500800,1.9738,2.0115,1.9626,2.0038,11851,0,37976,29595.0
104,-27,RBE,RBEV18,D1,2018-08-30,1535587200,2.0035,2.0162,1.9998,2.0062,10405,0,28848,31678.0
105,-26,RBE,RBEV18,D1,2018-08-31,1535673600,2.0066,2.0219,1.9897,1.9959,11956,0,36739,34521.0
106,-25,RBE,RBEV18,D1,2018-09-02,1535846400,1.9963,2.0023,1.9952,1.9998,152,0,227,21938.0
107,-24,RBE,RBEV18,D1,2018-09-03,1535932800,1.9995,2.0343,1.9931,2.0302,7355,0,10182,15716.0
108,-23,RBE,RBEV18,D1,2018-09-04,1536019200,2.0307,2.0624,1.9798,1.9893,15355,0,45494,18634.0
109,-22,RBE,RBEV18,D1,2018-09-05,1536105600,1.9896,1.9963,1.955,1.9569,13469,0,37828,31168.0
110,-21,RBE,RBEV18,D1,2018-09-06,1536192000,1.9567,1.9845,1.926,1.962,14923,0,39245,40856.0
111,-20,RBE,RBEV18,D1,2018-09-07,1536278400,1.962,1.978,1.9349,1.976,13048,0,33464,36846.0
112,-19,RBE,RBEV18,D1,2018-09-09,1536451200,1.976,1.9893,1.9736,1.9844,10,0,865,24525.0
113,-18,RBE,RBEV18,D1,2018-09-10,1536537600,1.9841,1.9998,1.9564,1.9626,29056,1,33660,22663.0
114,-17,RBE,RBEV18,D1,2018-09-11,1536624000,1.9624,2.0274,1.9603,2.0255,33935,1,39038,24521.0
115,-16,RBE,RBEV18,D1,2018-09-12,1536710400,2.0259,2.0424,2.0138,2.0319,30526,1,35755,36151.0
116,-15,RBE,RBEV18,D1,2018-09-13,1536796800,2.0331,2.0341,1.98,1.9986,29064,1,33602,36132.0
117,-14,RBE,RBEV18,D1,2018-09-14,1536883200,1.9988,2.0015,1.9604,1.9736,26128,1,30507,33288.0
118,-13,RBE,RBEV18,D1,2018-09-15,1536969600,1.9736,1.9736,1.9736,1.9736,7,0,7,21372.0
119,-12,RBE,RBEV18,D1,2018-09-16,1537056000,1.9736,1.9787,1.9699,1.9752,293,0,320,10278.0
120,-11,RBE,RBEV18,D1,2018-09-17,1537142400,1.9746,2.0052,1.9684,1.9697,24040,1,28341,9556.0
117,-42,RBE,RBEX18,D1,2018-09-18,1537228800,1.9568,2.0119,1.9526,1.9951,25028,1,27999,15911.0
118,-41,RBE,RBEX18,D1,2018-09-19,1537315200,1.9948,2.0132,1.9849,2.0108,24133,1,27381,24942.0
119,-40,RBE,RBEX18,D1,2018-09-20,1537401600,2.0103,2.0232,1.9941,2.001,23859,1,26068,27149.0
120,-39,RBE,RBEX18,D1,2018-09-21,1537488000,2.001,2.0371,1.9907,1.9983,30461,1,33368,28939.0
121,-38,RBE,RBEX18,D1,2018-09-22,1537574400,1.9983,1.9983,1.9983,1.9983,2,196,2,19813.0
122,-37,RBE,RBEX18,D1,2018-09-23,1537660800,1.9983,2.0243,1.9983,2.024,331,0,355,11242.0
123,-36,RBE,RBEX18,D1,2018-09-24,1537747200,2.025,2.052,2.0194,2.0455,28812,1,31295,10551.0
124,-35,RBE,RBEX18,D1,2018-09-25,1537833600,2.0455,2.0635,2.0437,2.0461,26516,1,30040,20563.0
125,-34,RBE,RBEX18,D1,2018-09-26,1537920000,2.0461,2.0597,2.0365,2.0576,26840,1,30346,30560.0
126,-33,RBE,RBEX18,D1,2018-09-27,1538006400,2.0582,2.0732,2.0455,2.0688,23455,1,27255,29214.0
127,-32,RBE,RBEX18,D1,2018-09-28,1538092800,2.0694,2.1074,2.0636,2.0893,36343,1,41458,33020.0
128,-31,RBE,RBEX18,D1,2018-09-29,1538179200,2.0893,2.0893,2.0893,2.0893,1,0,1,22905.0
129,-30,RBE,RBEX18,D1,2018-09-30,1538265600,2.0893,2.0944,2.087,2.0927,224,0,263,13907.0
130,-29,RBE,RBEX18,D1,2018-10-01,1538352000,2.0936,2.1384,2.0791,2.1322,29410,1,34125,11463.0
131,-28,RBE,RBEX18,D1,2018-10-02,1538438400,2.1315,2.1373,2.1171,2.1291,24715,1,28407,20932.0
132,-27,RBE,RBEX18,D1,2018-10-03,1538524800,2.1288,2.15,2.0973,2.1269,28113,1,32505,31679.0
133,-26,RBE,RBEX18,D1,2018-10-04,1538611200,2.1269,2.1339,2.0825,2.1114,27041,0,30723,30545.0
134,-25,RBE,RBEX18,D1,2018-10-05,1538697600,2.1114,2.1167,2.0801,2.0876,26158,1,29965,31064.0
135,-24,RBE,RBEX18,D1,2018-10-06,1538784000,2.0876,2.0876,2.0876,2.0876,3,57,3,20230.0
136,-23,RBE,RBEX18,D1,2018-10-07,1538870400,2.0876,2.0948,2.0667,2.0718,624,1,726,10231.0
137,-22,RBE,RBEX18,D1,2018-10-08,1538956800,2.071,2.0974,2.0484,2.0867,25147,1,29397,10042.0
138,-21,RBE,RBEX18,D1,2018-10-09,1539043200,2.0866,2.0998,2.0584,2.0717,27603,0,32274,20799.0
139,-20,RBE,RBEX18,D1,2018-10-10,1539129600,2.0722,2.0844,1.9904,1.9943,27662,1,31583,31085.0
140,-19,RBE,RBEX18,D1,2018-10-11,1539216000,1.9957,1.9999,1.9236,1.9331,32701,0,37210,33689.0
141,-18,RBE,RBEX18,D1,2018-10-12,1539302400,1.93,1.9814,1.9081,1.9474,30519,1,34569,34454.0
142,-17,RBE,RBEX18,D1,2018-10-13,1539388800,1.9474,1.9474,1.9474,1.9474,1,0,1,23927.0
143,-16,RBE,RBEX18,D1,2018-10-14,1539475200,1.9474,1.968,1.9474,1.9658,677,0,817,11796.0
144,-15,RBE,RBEX18,D1,2018-10-15,1539561600,1.9659,1.9674,1.914,1.9442,21503,1,23932,8250.0
145,-14,RBE,RBEX18,D1,2018-10-16,1539648000,1.9449,1.9915,1.9296,1.9882,23525,1,26672,17140.0
146,-13,RBE,RBEX18,D1,2018-10-17,1539734400,1.9886,1.9931,1.912,1.9212,23773,1,27012,25872.0
55,-42,RBE,RBEZ18,D1,2018-10-18,1539820800,1.9191,1.9241,1.879,1.8874,29103,0,31240,29150.0
56,-41,RBE,RBEZ18,D1,2018-10-19,1539907200,1.8874,1.9315,1.8871,1.912,30256,1,33259,31511.0
57,-40,RBE,RBEZ18,D1,2018-10-20,1539993600,1.912,1.912,1.912,1.912,5,0,5,21501.0
58,-39,RBE,RBEZ18,D1,2018-10-21,1540080000,1.912,1.9149,1.9063,1.9102,104,0,116,11127.0
59,-38,RBE,RBEZ18,D1,2018-10-22,1540166400,1.9082,1.9203,1.8755,1.911,26002,1,28904,9675.0
60,-37,RBE,RBEZ18,D1,2018-10-23,1540252800,1.911,1.9116,1.8204,1.8343,35305,0,39529,22850.0
61,-36,RBE,RBEZ18,D1,2018-10-24,1540339200,1.8338,1.8587,1.7939,1.7977,35842,1,39983,36139.0
62,-35,RBE,RBEZ18,D1,2018-10-25,1540425600,1.7978,1.8267,1.7926,1.8017,31312,1,34952,38155.0
63,-34,RBE,RBEZ18,D1,2018-10-26,1540512000,1.8012,1.8194,1.7644,1.8119,35247,1,39305,38080.0
64,-33,RBE,RBEZ18,D1,2018-10-28,1540684800,1.8119,1.8119,1.8056,1.8074,284,0,311,24856.0
65,-32,RBE,RBEZ18,D1,2018-10-29,1540771200,1.8081,1.8343,1.7913,1.8087,24998,0,28045,22554.0
66,-31,RBE,RBEZ18,D1,2018-10-30,1540857600,1.8082,1.8253,1.7873,1.8139,24875,1,27974,18777.0
67,-30,RBE,RBEZ18,D1,2018-10-31,1540944000,1.8141,1.8332,1.741,1.7443,37064,1,43226,33082.0
68,-29,RBE,RBEZ18,D1,2018-11-01,1541030400,1.7438,1.7574,1.6888999999999998,1.7176,40744,0,47025,39408.0
69,-28,RBE,RBEZ18,D1,2018-11-02,1541116800,1.7169,1.7298,1.6959,1.7,25273,1,28085,39445.0
70,-27,RBE,RBEZ18,D1,2018-11-03,1541203200,1.7,1.7,1.7,1.7,1,235,1,25037.0
71,-26,RBE,RBEZ18,D1,2018-11-04,1541289600,1.7,1.7085,1.698,1.702,179,0,191,9426.0
72,-25,RBE,RBEZ18,D1,2018-11-05,1541376000,1.6991,1.722,1.6774,1.6811,25962,1,29168,9787.0
73,-24,RBE,RBEZ18,D1,2018-11-06,1541462400,1.6811,1.7014,1.661,1.6804,26802,1,30581,19980.0
74,-23,RBE,RBEZ18,D1,2018-11-07,1541548800,1.6838,1.7049,1.6382,1.6472,31226,1,36636,32128.0
75,-22,RBE,RBEZ18,D1,2018-11-08,1541635200,1.6472,1.6706,1.6343,1.6465999999999998,25464,1,28554,31924.0
76,-21,RBE,RBEZ18,D1,2018-11-09,1541721600,1.6478000000000002,1.649,1.5984,1.6145,25719,1,29426,31539.0
77,-20,RBE,RBEZ18,D1,2018-11-10,1541808000,1.6145,1.6145,1.6145,1.6145,3,147,3,19328.0
78,-19,RBE,RBEZ18,D1,2018-11-11,1541894400,1.6145,1.6425999999999998,1.6145,1.6362,280,0,378,9936.0
79,-18,RBE,RBEZ18,D1,2018-11-12,1541980800,1.6371,1.6617,1.6114000000000002,1.6165,21455,1,24649,8343.0
80,-17,RBE,RBEZ18,D1,2018-11-13,1542067200,1.6148,1.6299,1.524,1.5454,30365,1,34408,19812.0
81,-16,RBE,RBEZ18,D1,2018-11-14,1542153600,1.5445,1.5878,1.5297,1.5466,25039,1,28534,29197.0
82,-15,RBE,RBEZ18,D1,2018-11-15,1542240000,1.5471,1.5837,1.5446,1.5521,19428,0,21906,28283.0
83,-14,RBE,RBEZ18,D1,2018-11-16,1542326400,1.5513,1.6104,1.5513,1.5813,21460,1,23814,24751.0
84,-13,RBE,RBEZ18,D1,2018-11-17,1542412800,1.5813,1.5813,1.5813,1.5813,1,118,1,15240.0
85,-12,RBE,RBEZ18,D1,2018-11-18,1542499200,1.5813,1.5887,1.5773,1.5871,146,2,162,7992.0
134,-42,RBE,RBEF19,D1,2018-11-19,1542585600,1.5772,1.584,1.5329000000000002,1.5688,22272,1,24435,8191.0
135,-41,RBE,RBEF19,D1,2018-11-20,1542672000,1.5676,1.5687,1.4624,1.4807,36952,1,41421,21997.0
136,-40,RBE,RBEF19,D1,2018-11-21,1542758400,1.4807,1.5255,1.4807,1.4922,27417,1,30370,32075.0
137,-39,RBE,RBEF19,D1,2018-11-22,1542844800,1.4911,1.4942,1.4628,1.4749,4243,0,4789,25527.0
138,-38,RBE,RBEF19,D1,2018-11-23,1542931200,1.475,1.4767,1.3685,1.373,21497,1,24331,19830.0
139,-37,RBE,RBEF19,D1,2018-11-24,1543017600,1.373,1.373,1.373,1.373,2,387,8,9709.0
140,-36,RBE,RBEF19,D1,2018-11-25,1543104000,1.373,1.3929,1.373,1.3861,322,0,384,8241.0
141,-35,RBE,RBEF19,D1,2018-11-26,1543190400,1.386,1.4428,1.378,1.4218,30426,1,34122,11505.0
142,-34,RBE,RBEF19,D1,2018-11-27,1543276800,1.4213,1.4375,1.3807,1.4207,32214,1,36035,23514.0
143,-33,RBE,RBEF19,D1,2018-11-28,1543363200,1.4214,1.4313,1.3683,1.38,29936,0,33581,34579.0
144,-32,RBE,RBEF19,D1,2018-11-29,1543449600,1.38,1.4409,1.3541,1.4284,35242,0,39691,36436.0
145,-31,RBE,RBEF19,D1,2018-11-30,1543536000,1.4284,1.4388,1.3832,1.3996,35664,1,40631,37968.0
146,-30,RBE,RBEF19,D1,2018-12-01,1543622400,1.3996,1.3996,1.3996,1.3996,1,211,1,26774.0
147,-29,RBE,RBEF19,D1,2018-12-02,1543708800,1.3996,1.4421,1.3996,1.4357,326,0,381,13671.0
148,-28,RBE,RBEF19,D1,2018-12-03,1543795200,1.4358,1.4781,1.4201,1.44,33340,1,37443,12608.0
149,-27,RBE,RBEF19,D1,2018-12-04,1543881600,1.4399,1.4779,1.4215,1.4291,26520,1,29644,22489.0
150,-26,RBE,RBEF19,D1,2018-12-05,1543968000,1.4292,1.491,1.4109,1.4378,20788,1,23765,30284.0
151,-25,RBE,RBEF19,D1,2018-12-06,1544054400,1.4378,1.4517,1.3748,1.4399,30368,1,33788,29066.0
152,-24,RBE,RBEF19,D1,2018-12-07,1544140800,1.4399,1.5177,1.4115,1.4702,29684,1,33207,30253.0
153,-23,RBE,RBEF19,D1,2018-12-08,1544227200,1.4702,1.4702,1.4702,1.4702,4,187,4,22333.0
154,-22,RBE,RBEF19,D1,2018-12-09,1544313600,1.4702,1.4808,1.4639,1.4786,276,0,318,11176.0
155,-21,RBE,RBEF19,D1,2018-12-10,1544400000,1.4776,1.487,1.4141,1.4234,22649,1,25449,8590.0
156,-20,RBE,RBEF19,D1,2018-12-11,1544486400,1.4242,1.4566,1.4158,1.4468,21188,0,23908,16558.0
157,-19,RBE,RBEF19,D1,2018-12-12,1544572800,1.4482,1.4732,1.4153,1.4244,24911,1,28376,25911.0
158,-18,RBE,RBEF19,D1,2018-12-13,1544659200,1.4246,1.489,1.4087,1.481,27722,1,31182,27822.0
159,-17,RBE,RBEF19,D1,2018-12-14,1544745600,1.4795,1.4817,1.4263,1.4429,17969,1,19695,26418.0
160,-16,RBE,RBEF19,D1,2018-12-15,1544832000,1.4429,1.4429,1.4429,1.4429,1,0,1,16959.0
161,-15,RBE,RBEF19,D1,2018-12-16,1544918400,1.4429,1.4451,1.4362,1.4402,58,0,60,6585.0
162,-14,RBE,RBEF19,D1,2018-12-17,1545004800,1.4402,1.4575,1.3932,1.3971,19840,1,22382,7481.0
163,-13,RBE,RBEF19,D1,2018-12-18,1545091200,1.3972,1.4049,1.3389,1.3535,21105,0,23596,15346.0
155,-43,RBE,RBEG19,D1,2018-12-19,1545177600,1.349,1.3934,1.3401,1.3571,32827,1,36574,25039.0
156,-42,RBE,RBEG19,D1,2018-12-20,1545264000,1.3571,1.3691,1.3051,1.3199,34812,1,39608,33878.0
157,-41,RBE,RBEG19,D1,2018-12-21,1545350400,1.3212,1.3311,1.28,1.2964,27844,0,30436,35539.0
158,-40,RBE,RBEG19,D1,2018-12-22,1545436800,1.2964,1.2964,1.2964,1.2964,1,344,1,23348.0
159,-39,RBE,RBEG19,D1,2018-12-23,1545523200,1.2964,1.3046,1.2952,1.299,92,2,104,10180.0
160,-38,RBE,RBEG19,D1,2018-12-24,1545609600,1.2998,1.3163,1.2351,1.2474,11394,1,12397,4167.0
161,-37,RBE,RBEG19,D1,2018-12-25,1545696000,1.2534,1.2614,1.2426,1.243,310,0,384,4295.0
162,-36,RBE,RBEG19,D1,2018-12-26,1545782400,1.2433,1.339,1.2293,1.332,24391,1,27241,13341.0
163,-35,RBE,RBEG19,D1,2018-12-27,1545868800,1.3317,1.3317,1.2734,1.3043,25270,1,27418,18348.0
164,-34,RBE,RBEG19,D1,2018-12-28,1545955200,1.3074,1.3251,1.2744,1.2947,24383,1,26649,27103.0
165,-33,RBE,RBEG19,D1,2018-12-29,1546041600,1.2947,1.2947,1.2947,1.2947,2,0,2,18023.0
166,-32,RBE,RBEG19,D1,2018-12-30,1546128000,1.2947,1.3076,1.2912,1.305,124,0,154,8935.0
167,-31,RBE,RBEG19,D1,2018-12-31,1546214400,1.3036,1.3436,1.2764,1.3119,17941,1,20243,6800.0
168,-30,RBE,RBEG19,D1,2019-01-01,1546300800,1.3136,1.3161,1.3111,1.3128,98,1,119,6839.0
169,-29,RBE,RBEG19,D1,2019-01-02,1546387200,1.3128,1.379,1.2685,1.3082,39343,0,45187,21850.0
170,-28,RBE,RBEG19,D1,2019-01-03,1546473600,1.3086,1.3676,1.3016,1.3355,22681,0,25065,23457.0
171,-27,RBE,RBEG19,D1,2019-01-04,1546560000,1.3306,1.3981,1.3293,1.3588,26574,1,30174,33475.0
172,-26,RBE,RBEG19,D1,2019-01-05,1546646400,1.3588,1.3588,1.3588,1.3588,2,167,2,18414.0
173,-25,RBE,RBEG19,D1,2019-01-06,1546732800,1.3588,1.3688,1.356,1.3685,249,0,266,10147.0
174,-24,RBE,RBEG19,D1,2019-01-07,1546819200,1.3684,1.3945,1.3389,1.3489,29734,1,34710,11659.0
175,-23,RBE,RBEG19,D1,2019-01-08,1546905600,1.3481,1.3722,1.3385,1.3679,26597,1,29843,21606.0
176,-22,RBE,RBEG19,D1,2019-01-09,1546992000,1.3679,1.4348,1.3678,1.4268,29147,1,32879,32477.0
177,-21,RBE,RBEG19,D1,2019-01-10,1547078400,1.4269,1.44,1.4087,1.4221,23805,1,27520,30081.0
178,-20,RBE,RBEG19,D1,2019-01-11,1547164800,1.4227,1.4468,1.3947,1.4077,22936,0,26047,28815.0
179,-19,RBE,RBEG19,D1,2019-01-12,1547251200,1.4077,1.4077,1.4077,1.4077,2,85,2,17856.0
180,-18,RBE,RBEG19,D1,2019-01-13,1547337600,1.4077,1.4182,1.4059,1.4129,179,0,189,8746.0
181,-17,RBE,RBEG19,D1,2019-01-14,1547424000,1.4135,1.4147,1.3605,1.3708,22928,1,27074,9088.0
182,-16,RBE,RBEG19,D1,2019-01-15,1547510400,1.3708,1.4162,1.3705,1.4051,21457,1,25066,17443.0
183,-15,RBE,RBEG19,D1,2019-01-16,1547596800,1.4035,1.4244,1.3752,1.4132,26917,1,30816,27652.0
184,-14,RBE,RBEG19,D1,2019-01-17,1547683200,1.4132,1.4362,1.3827,1.4241,24928,0,29299,28394.0
185,-13,RBE,RBEG19,D1,2019-01-18,1547769600,1.4241,1.4677,1.4234,1.4483,16484,0,18662,26259.0
186,-12,RBE,RBEG19,D1,2019-01-19,1547856000,1.4483,1.4483,1.4483,1.4483,1,0,1,15987.0
167,-38,RBE,RBEH19,D1,2019-01-20,1547942400,1.4609,1.465,1.4516,1.4537,119,1,131,7167.0
168,-37,RBE,RBEH19,D1,2019-01-21,1548028800,1.4545,1.4712,1.4514,1.465,5880,0,6328,2153.0
169,-36,RBE,RBEH19,D1,2019-01-22,1548115200,1.465,1.4658,1.4042,1.4175,27931,0,31721,12727.0
170,-35,RBE,RBEH19,D1,2019-01-23,1548201600,1.417,1.4282,1.378,1.4011,27951,0,31297,23115.0
171,-34,RBE,RBEH19,D1,2019-01-24,1548288000,1.4011,1.4155,1.3886,1.4014,25343,0,28889,30636.0
172,-33,RBE,RBEH19,D1,2019-01-25,1548374400,1.402,1.4193,1.3907,1.4035,20774,1,23832,28006.0
173,-32,RBE,RBEH19,D1,2019-01-26,1548460800,1.4035,1.4035,1.4035,1.4035,4,0,4,17575.0
174,-31,RBE,RBEH19,D1,2019-01-27,1548547200,1.4035,1.4036,1.397,1.397,84,0,108,7981.0
175,-30,RBE,RBEH19,D1,2019-01-28,1548633600,1.3962,1.406,1.3413,1.3516,29877,1,34313,11475.0
176,-29,RBE,RBEH19,D1,2019-01-29,1548720000,1.3512,1.4,1.3432,1.3725,35054,1,39204,24542.0
177,-28,RBE,RBEH19,D1,2019-01-30,1548806400,1.372,1.4279,1.3644,1.4168,42208,0,48745,40754.0
178,-27,RBE,RBEH19,D1,2019-01-31,1548892800,1.4168,1.4318,1.3737,1.3842,40617,0,46380,44776.0
179,-26,RBE,RBEH19,D1,2019-02-01,1548979200,1.3854,1.4398,1.3749,1.4322,34223,1,39008,44711.0
180,-25,RBE,RBEH19,D1,2019-02-02,1549065600,1.4322,1.4322,1.4322,1.4322,3,35,3,28464.0
181,-24,RBE,RBEH19,D1,2019-02-03,1549152000,1.4322,1.485,1.4322,1.4673,1227,0,1531,13514.0
182,-23,RBE,RBEH19,D1,2019-02-04,1549238400,1.4669,1.4717,1.4074,1.4335,28919,1,38549,13361.0
183,-22,RBE,RBEH19,D1,2019-02-05,1549324800,1.434,1.451,1.4109,1.4332,30845,0,35323,25134.0
184,-21,RBE,RBEH19,D1,2019-02-06,1549411200,1.4314,1.462,1.398,1.4543,29527,1,32847,35573.0
185,-20,RBE,RBEH19,D1,2019-02-07,1549497600,1.4547,1.4583,1.3925,1.4192,34314,0,39399,35856.0
186,-19,RBE,RBEH19,D1,2019-02-08,1549584000,1.4198,1.4525,1.4051,1.443,31491,1,35807,36018.0
187,-18,RBE,RBEH19,D1,2019-02-09,1549670400,1.443,1.443,1.443,1.443,3,56,3,25070.0
188,-17,RBE,RBEH19,D1,2019-02-10,1549756800,1.443,1.4454,1.4371,1.4383,126,1,142,11984.0
189,-16,RBE,RBEH19,D1,2019-02-11,1549843200,1.4371,1.454,1.4072,1.4203,28541,0,31385,10510.0
190,-15,RBE,RBEH19,D1,2019-02-12,1549929600,1.4206,1.4703,1.4206,1.4363,29396,1,31997,21175.0
191,-14,RBE,RBEH19,D1,2019-02-13,1550016000,1.4366,1.4727,1.4285,1.4725,27983,0,30797,31393.0
192,-13,RBE,RBEH19,D1,2019-02-14,1550102400,1.4725,1.5142,1.4652,1.5116,26104,0,28882,30559.0
193,-12,RBE,RBEH19,D1,2019-02-15,1550188800,1.5123,1.5768,1.5074999999999998,1.5742,25682,1,29184,29621.0
194,-11,RBE,RBEH19,D1,2019-02-17,1550361600,1.5742,1.58,1.5698,1.5782,127,0,149,19405.0
195,-10,RBE,RBEH19,D1,2019-02-18,1550448000,1.579,1.5862,1.5631,1.5653,2471,1,3059,10797.0
91,-37,RBE,RBEJ19,D1,2019-02-19,1550534400,1.7323,1.7422,1.7237,1.733,24995,1,27963,12013.0
92,-36,RBE,RBEJ19,D1,2019-02-20,1550620800,1.7339,1.7677,1.7211,1.7618,25600,1,28581,21489.0
93,-35,RBE,RBEJ19,D1,2019-02-21,1550707200,1.7617,1.776,1.753,1.7625,24543,1,27239,27928.0
94,-34,RBE,RBEJ19,D1,2019-02-22,1550793600,1.7619,1.78,1.759,1.759,19675,1,21974,25931.0
95,-33,RBE,RBEJ19,D1,2019-02-23,1550880000,1.759,1.759,1.759,1.759,1,269,1,16405.0
96,-32,RBE,RBEJ19,D1,2019-02-24,1550966400,1.759,1.7675999999999998,1.7502,1.7675999999999998,162,0,180,7385.0
97,-31,RBE,RBEJ19,D1,2019-02-25,1551052800,1.7675999999999998,1.7708,1.7007,1.7034,26720,1,30708,10296.0
98,-30,RBE,RBEJ19,D1,2019-02-26,1551139200,1.7037,1.7393,1.6972,1.7384,24891,1,27973,19620.0
99,-29,RBE,RBEJ19,D1,2019-02-27,1551225600,1.7385000000000002,1.7654999999999998,1.7269,1.7553,24309,1,26946,28542.0
100,-28,RBE,RBEJ19,D1,2019-02-28,1551312000,1.7546,1.7646,1.7389,1.7533,22398,1,25184,26701.0
101,-27,RBE,RBEJ19,D1,2019-03-01,1551398400,1.7541,1.772,1.7124,1.727,29700,1,33488,28539.0
102,-26,RBE,RBEJ19,D1,2019-03-02,1551484800,1.727,1.727,1.727,1.727,2,0,2,19558.0
103,-25,RBE,RBEJ19,D1,2019-03-03,1551571200,1.727,1.7418,1.727,1.7332999999999998,325,0,373,11288.0
104,-24,RBE,RBEJ19,D1,2019-03-04,1551657600,1.7329,1.766,1.7309,1.747,25447,1,28878,9751.0
105,-23,RBE,RBEJ19,D1,2019-03-05,1551744000,1.7472,1.7735,1.7387,1.7594,21411,1,23733,17661.0
106,-22,RBE,RBEJ19,D1,2019-03-06,1551830400,1.7592,1.7919,1.7524,1.7888,29463,1,34046,28886.0
107,-21,RBE,RBEJ19,D1,2019-03-07,1551916800,1.7888,1.816,1.7854,1.7938,27728,1,31121,29633.0
108,-20,RBE,RBEJ19,D1,2019-03-08,1552003200,1.7931,1.8047,1.739,1.8,40712,1,46260,37142.0
109,-19,RBE,RBEJ19,D1,2019-03-09,1552089600,1.8,1.8,1.8,1.8,2,61,2,25794.0
110,-18,RBE,RBEJ19,D1,2019-03-10,1552176000,1.8,1.8059,1.7976,1.8024,317,1,364,15542.0
111,-17,RBE,RBEJ19,D1,2019-03-11,1552262400,1.802,1.8369,1.7993,1.8307,27887,1,31215,10527.0
112,-16,RBE,RBEJ19,D1,2019-03-12,1552348800,1.8305,1.8397,1.8116,1.8245,23369,1,26347,19309.0
113,-15,RBE,RBEJ19,D1,2019-03-13,1552435200,1.8241,1.8752,1.8203,1.8683,28219,1,31566,29709.0
114,-14,RBE,RBEJ19,D1,2019-03-14,1552521600,1.8681,1.8822,1.843,1.8446,25786,1,29125,29013.0
115,-13,RBE,RBEJ19,D1,2019-03-15,1552608000,1.8449,1.8655,1.8218,1.8486,25706,1,28632,29774.0
116,-12,RBE,RBEJ19,D1,2019-03-16,1552694400,1.8486,1.8486,1.8486,1.8486,2,0,2,19253.0
117,-11,RBE,RBEJ19,D1,2019-03-17,1552780800,1.8486,1.8596,1.8486,1.8566,332,0,380,9671.0
89,-40,RBE,RBEK19,D1,2019-03-18,1552867200,1.8443,1.8775,1.8339,1.8657,17683,1,19788,6641.0
90,-39,RBE,RBEK19,D1,2019-03-19,1552953600,1.8658,1.8796,1.8554,1.875,28413,1,30664,16861.0
91,-38,RBE,RBEK19,D1,2019-03-20,1553040000,1.8807,1.8996,1.8619,1.8901,29366,1,32606,27686.0
92,-37,RBE,RBEK19,D1,2019-03-21,1553126400,1.8906,1.911,1.8842,1.9081,31188,1,34419,32563.0
93,-36,RBE,RBEK19,D1,2019-03-22,1553212800,1.9074,1.9086,1.8635,1.8846,34332,1,38283,35103.0
94,-35,RBE,RBEK19,D1,2019-03-24,1553385600,1.8846,1.8902,1.8815,1.8822,345,0,386,24363.0
95,-34,RBE,RBEK19,D1,2019-03-25,1553472000,1.8828,1.901,1.8664,1.8902,27675,1,30796,23155.0
96,-33,RBE,RBEK19,D1,2019-03-26,1553558400,1.89,1.9223,1.8861,1.8972,30395,0,33192,21458.0
97,-32,RBE,RBEK19,D1,2019-03-27,1553644800,1.8972,1.9058,1.8581,1.8672,33455,1,36396,33461.0
98,-31,RBE,RBEK19,D1,2019-03-28,1553731200,1.8666,1.8741,1.8147,1.8717,38117,0,42345,37311.0
99,-30,RBE,RBEK19,D1,2019-03-29,1553817600,1.8724,1.9018,1.8634,1.881,33582,1,37583,38775.0
100,-29,RBE,RBEK19,D1,2019-03-30,1553904000,1.881,1.881,1.881,1.881,4,0,12,26647.0
101,-28,RBE,RBEK19,D1,2019-03-31,1553990400,1.881,1.8882,1.881,1.8878,136,0,168,12588.0
102,-27,RBE,RBEK19,D1,2019-04-01,1554076800,1.8871,1.906,1.8786,1.9026,25235,1,27248,9143.0
103,-26,RBE,RBEK19,D1,2019-04-02,1554163200,1.9031,1.9308,1.8934,1.9273,27879,1,30867,19428.0
104,-25,RBE,RBEK19,D1,2019-04-03,1554249600,1.9269,1.9558,1.9219,1.95,34109,1,38793,32303.0
105,-24,RBE,RBEK19,D1,2019-04-04,1554336000,1.95,1.9537,1.9277,1.9287,27083,1,29852,33171.0
106,-23,RBE,RBEK19,D1,2019-04-05,1554422400,1.928,1.9743,1.9216,1.9732,32783,1,37224,35290.0
107,-22,RBE,RBEK19,D1,2019-04-06,1554508800,1.9732,1.9732,1.9732,1.9732,1,95,3,22360.0
108,-21,RBE,RBEK19,D1,2019-04-07,1554595200,1.9732,1.9843,1.9732,1.9836,802,0,1032,12753.0
109,-20,RBE,RBEK19,D1,2019-04-08,1554681600,1.9831,1.9924,1.9707,1.992,26012,1,28994,10010.0
110,-19,RBE,RBEK19,D1,2019-04-09,1554768000,1.9918,2.0217,1.986,2.0199,25998,1,28910,19645.0
111,-18,RBE,RBEK19,D1,2019-04-10,1554854400,2.0195,2.0702,2.0155,2.0562,35042,0,39431,32445.0
112,-17,RBE,RBEK19,D1,2019-04-11,1554940800,2.057,2.0608,2.015,2.0357,28595,0,33779,34040.0
113,-16,RBE,RBEK19,D1,2019-04-12,1555027200,2.0357,2.0493,2.0243,2.0262,24410,1,27423,33544.0
114,-15,RBE,RBEK19,D1,2019-04-13,1555113600,2.0262,2.0262,2.0262,2.0262,3,0,3,20402.0
115,-14,RBE,RBEK19,D1,2019-04-14,1555200000,2.0262,2.03,2.021,2.0233,200,0,235,9220.0
116,-13,RBE,RBEK19,D1,2019-04-15,1555286400,2.0233,2.0253,2.0045,2.011,23718,1,26816,9018.0
117,-12,RBE,RBEK19,D1,2019-04-16,1555372800,2.011,2.0391,1.993,2.0377,22370,1,25293,17448.0
118,-11,RBE,RBEK19,D1,2019-04-17,1555459200,2.0374,2.0521,2.0318,2.044,19350,1,22521,24877.0
90,-40,RBE,RBEM19,D1,2019-04-18,1555545600,2.0116,2.0341,2.0034,2.031,28980,1,31784,23344.0
91,-39,RBE,RBEM19,D1,2019-04-19,1555632000,2.031,2.031,2.031,2.031,2,120,2,16928.0
92,-38,RBE,RBEM19,D1,2019-04-21,1555804800,2.0377,2.041,2.0377,2.0404,40,1,42,10609.0
93,-37,RBE,RBEM19,D1,2019-04-22,1555891200,2.0405,2.0969,2.0398,2.0806,36554,0,41005,13683.0
94,-36,RBE,RBEM19,D1,2019-04-23,1555977600,2.0809,2.0885,2.062,2.0627,36538,1,40504,27184.0
95,-35,RBE,RBEM19,D1,2019-04-24,1556064000,2.0627,2.0792,2.055,2.073,33935,1,37373,39627.0
96,-34,RBE,RBEM19,D1,2019-04-25,1556150400,2.0725,2.0946,2.0663,2.0722,28180,1,30619,36165.0
97,-33,RBE,RBEM19,D1,2019-04-26,1556236800,2.0722,2.0864,2.013,2.0316,51083,1,56439,41477.0
98,-32,RBE,RBEM19,D1,2019-04-28,1556409600,2.0316,2.045,2.0316,2.034,371,0,439,29166.0
99,-31,RBE,RBEM19,D1,2019-04-29,1556496000,2.0345,2.0493,2.0206,2.0292,29653,1,33266,30048.0
100,-30,RBE,RBEM19,D1,2019-04-30,1556582400,2.0288,2.0724,2.0215,2.0593,35124,1,39663,24456.0
101,-29,RBE,RBEM19,D1,2019-05-01,1556668800,2.0595,2.0823,2.0414,2.0608,27807,1,31000,34643.0
102,-28,RBE,RBEM19,D1,2019-05-02,1556755200,2.0607,2.0658,1.9956,2.0192,31075,1,35266,35310.0
103,-27,RBE,RBEM19,D1,2019-05-03,1556841600,2.0192,2.0412,2.0105,2.026,27421,1,31377,32548.0
104,-26,RBE,RBEM19,D1,2019-05-04,1556928000,2.026,2.026,2.026,2.026,3,0,3,22215.0
105,-25,RBE,RBEM19,D1,2019-05-05,1557014400,2.026,2.026,1.9879,1.9946,795,0,967,10782.0
106,-24,RBE,RBEM19,D1,2019-05-06,1557100800,1.9941,2.0216,1.9811,1.9992,30632,0,33778,11583.0
107,-23,RBE,RBEM19,D1,2019-05-07,1557187200,1.9992,1.9995,1.9293,1.9508,34309,1,37722,24156.0
108,-22,RBE,RBEM19,D1,2019-05-08,1557273600,1.9513,1.9775,1.9264,1.9723,32236,1,35846,35782.0
109,-21,RBE,RBEM19,D1,2019-05-09,1557360000,1.9722,1.9838,1.9457,1.9761,26283,1,29051,34206.0
110,-20,RBE,RBEM19,D1,2019-05-10,1557446400,1.977,2.0043,1.9689,1.9911,27935,1,30428,31775.0
111,-19,RBE,RBEM19,D1,2019-05-11,1557532800,1.9911,1.9911,1.9911,1.9911,1,166,1,19827.0
112,-18,RBE,RBEM19,D1,2019-05-12,1557619200,1.9911,1.9959,1.9801,1.9827,259,0,297,10242.0
113,-17,RBE,RBEM19,D1,2019-05-13,1557705600,1.9827,2.04,1.9545,1.9583,31208,0,34743,11680.0
114,-16,RBE,RBEM19,D1,2019-05-14,1557792000,1.9584,1.9921,1.9565,1.9659,23732,1,26605,20548.0
115,-15,RBE,RBEM19,D1,2019-05-15,1557878400,1.9661,2.0259,1.9614,2.0204,25822,0,28807,30052.0
116,-14,RBE,RBEM19,D1,2019-05-16,1557964800,2.0206,2.0686,2.0161,2.0654,24901,1,28854,28089.0
117,-13,RBE,RBEM19,D1,2019-05-17,1558051200,2.0659,2.0854,2.0352,2.0429,19969,1,22510,26724.0
118,-12,RBE,RBEM19,D1,2019-05-18,1558137600,2.0429,2.0429,2.0429,2.0429,2,0,2,17122.0
119,-11,RBE,RBEM19,D1,2019-05-19,1558224000,2.0429,2.063,2.0429,2.0585,225,0,244,7585.0
90,-37,RBE,RBEN19,D1,2019-05-20,1558310400,2.0288,2.0382,1.9804,1.9918,19828,1,22405,7558.0
91,-36,RBE,RBEN19,D1,2019-05-21,1558396800,1.9914,2.0011,1.9794,1.9901,27343,1,29246,17305.0
92,-35,RBE,RBEN19,D1,2019-05-22,1558483200,1.9898,1.9999,1.945,1.966,37945,0,41907,31186.0
93,-34,RBE,RBEN19,D1,2019-05-23,1558569600,1.9656,1.9691,1.8772,1.8978,43951,0,48317,39823.0
94,-33,RBE,RBEN19,D1,2019-05-24,1558656000,1.8978,1.9281,1.8808,1.9266,39537,1,45645,45290.0
95,-32,RBE,RBEN19,D1,2019-05-26,1558828800,1.9266,1.9266,1.917,1.9245,130,0,155,31372.0
96,-31,RBE,RBEN19,D1,2019-05-27,1558915200,1.9236,1.9461,1.9099,1.9417,3449,1,3760,16520.0
97,-30,RBE,RBEN19,D1,2019-05-28,1559001600,1.9421,1.9566,1.9227,1.9313,31099,0,35375,13097.0
98,-29,RBE,RBEN19,D1,2019-05-29,1559088000,1.9319,1.9327,1.882,1.9179,30588,1,34800,24645.0
99,-28,RBE,RBEN19,D1,2019-05-30,1559174400,1.9177,1.927,1.8451,1.8458,28686,1,32291,34155.0
100,-27,RBE,RBEN19,D1,2019-05-31,1559260800,1.8457,1.8497,1.7577,1.7631,35984,1,41064,36052.0
101,-26,RBE,RBEN19,D1,2019-06-01,1559347200,1.7631,1.7631,1.7631,1.7631,1,0,1,24452.0
102,-25,RBE,RBEN19,D1,2019-06-02,1559433600,1.7631,1.765,1.7371,1.7525,576,0,694,13920.0
103,-24,RBE,RBEN19,D1,2019-06-03,1559520000,1.7526000000000002,1.7867,1.7288,1.7367,37379,0,40808,13834.0
104,-23,RBE,RBEN19,D1,2019-06-04,1559606400,1.7372999999999998,1.7447,1.6921,1.7042000000000002,36887,1,41535,27679.0
105,-22,RBE,RBEN19,D1,2019-06-05,1559692800,1.704,1.7195,1.6625,1.6942,32930,0,36668,39670.0
106,-21,RBE,RBEN19,D1,2019-06-06,1559779200,1.6944,1.7291,1.6688,1.7285,29336,1,33517,37240.0
107,-20,RBE,RBEN19,D1,2019-06-07,1559865600,1.7283,1.7435,1.7018,1.7375,28483,1,31781,33989.0
108,-19,RBE,RBEN19,D1,2019-06-08,1559952000,1.7375,1.7375,1.7375,1.7375,5,97,5,21768.0
109,-18,RBE,RBEN19,D1,2019-06-09,1560038400,1.7375,1.7548,1.7375,1.747,209,0,258,10681.0
110,-17,RBE,RBEN19,D1,2019-06-10,1560124800,1.7464,1.7591,1.7214,1.7353,21362,1,24016,8093.0
111,-16,RBE,RBEN19,D1,2019-06-11,1560211200,1.7351,1.7646,1.7336,1.7478,22666,1,25265,16513.0
112,-15,RBE,RBEN19,D1,2019-06-12,1560297600,1.7462,1.7462,1.6753,1.6796,27752,1,30391,26557.0
113,-14,RBE,RBEN19,D1,2019-06-13,1560384000,1.6796,1.735,1.675,1.7185,25778,1,28962,28206.0
114,-13,RBE,RBEN19,D1,2019-06-14,1560470400,1.7175,1.7465000000000002,1.7113,1.7344,17164,1,19208,26187.0
115,-12,RBE,RBEN19,D1,2019-06-15,1560556800,1.7344,1.7344,1.7344,1.7344,1,0,1,16057.0
116,-11,RBE,RBEN19,D1,2019-06-16,1560643200,1.7344,1.7402,1.7325,1.737,211,0,232,6480.0
117,-10,RBE,RBEN19,D1,2019-06-17,1560729600,1.7371,1.7371,1.6884,1.6943,17289,1,20094,6776.0
89,-41,RBE,RBEQ19,D1,2019-06-18,1560816000,1.6716,1.7153,1.6451,1.7086,23843,0,25653,13523.0
90,-40,RBE,RBEQ19,D1,2019-06-19,1560902400,1.7087,1.7284000000000002,1.6816,1.7265,30012,1,32637,24394.0
91,-39,RBE,RBEQ19,D1,2019-06-20,1560988800,1.7265,1.7766,1.7239,1.7679,33258,1,36317,31536.0
92,-38,RBE,RBEQ19,D1,2019-06-21,1561075200,1.768,1.8266,1.7493,1.8191,41811,1,46570,38508.0
93,-37,RBE,RBEQ19,D1,2019-06-23,1561248000,1.8191,1.8381,1.8191,1.8373,596,0,733,27873.0
94,-36,RBE,RBEQ19,D1,2019-06-24,1561334400,1.8375,1.8566,1.7989000000000002,1.8218,31694,1,35363,27555.0
95,-35,RBE,RBEQ19,D1,2019-06-25,1561420800,1.8219,1.874,1.8054,1.8706,33381,1,37361,24486.0
96,-34,RBE,RBEQ19,D1,2019-06-26,1561507200,1.8705,1.9433,1.8678,1.9161,42279,1,49344,40689.0
97,-33,RBE,RBEQ19,D1,2019-06-27,1561593600,1.9152,1.9247,1.8943,1.9119,28475,1,32070,39592.0
98,-32,RBE,RBEQ19,D1,2019-06-28,1561680000,1.9128,1.9217,1.8754,1.8928,28304,1,32696,38037.0
99,-31,RBE,RBEQ19,D1,2019-06-29,1561766400,1.8928,1.8928,1.8928,1.8928,1,0,1,21589.0
47,-80,RBE,RBEV19,D1,2019-06-30,1561852800,1.7025,1.7275,1.7025,1.724,280,0,25,1215.0
100,-30,RBE,RBEQ19,D1,2019-07-01,1561939200,1.927,1.9305,1.9181,1.9181,143,1,174,10957.0
101,-29,RBE,RBEQ19,D1,2019-07-02,1562025600,1.9181,1.9378,1.8645,1.8766,28157,1,33215,11130.0
102,-28,RBE,RBEQ19,D1,2019-07-03,1562112000,1.8764,1.9257,1.8623,1.9211,27643,1,31481,21623.0
103,-27,RBE,RBEQ19,D1,2019-07-04,1562198400,1.9222,1.9276,1.8926,1.8965,4938,1,5476,23391.0
104,-26,RBE,RBEQ19,D1,2019-07-05,1562284800,1.8958,1.9421,1.8838,1.9349,20628,1,23168,20042.0
105,-25,RBE,RBEQ19,D1,2019-07-06,1562371200,1.9349,1.9349,1.9349,1.9349,1,0,1,9548.0
106,-24,RBE,RBEQ19,D1,2019-07-07,1562457600,1.9349,1.9397,1.9253,1.928,201,0,249,7806.0
107,-23,RBE,RBEQ19,D1,2019-07-08,1562544000,1.9277,1.9365,1.8928,1.896,25987,1,29552,9934.0
108,-22,RBE,RBEQ19,D1,2019-07-09,1562630400,1.8941,1.9407,1.8935,1.9338,25248,1,28806,19536.0
109,-21,RBE,RBEQ19,D1,2019-07-10,1562716800,1.9331,2.0232,1.9289,2.0197,33234,1,37821,32060.0
110,-20,RBE,RBEQ19,D1,2019-07-11,1562803200,2.0195,2.0378,1.9828,1.9946,25606,1,29273,31967.0
111,-19,RBE,RBEQ19,D1,2019-07-12,1562889600,1.9953,2.0005,1.9675,1.98,22455,0,25263,30786.0
112,-18,RBE,RBEQ19,D1,2019-07-13,1562976000,1.98,1.98,1.98,1.98,1,0,1,18179.0
113,-17,RBE,RBEQ19,D1,2019-07-14,1563062400,1.98,1.98,1.948,1.9481,767,0,901,8722.0
114,-16,RBE,RBEQ19,D1,2019-07-15,1563148800,1.9487,1.9605,1.916,1.926,25100,1,28455,9786.0
115,-15,RBE,RBEQ19,D1,2019-07-16,1563235200,1.9257,1.949,1.8781,1.8942,28301,1,32725,20694.0
116,-14,RBE,RBEQ19,D1,2019-07-17,1563321600,1.8942,1.9208,1.871,1.8778,22760,1,25827,29002.0
117,-13,RBE,RBEQ19,D1,2019-07-18,1563408000,1.878,1.8949,1.8208,1.852,21761,1,25128,27893.0
93,-39,RBE,RBEU19,D1,2019-07-19,1563494400,1.8055,1.8182,1.7782,1.8027,25437,1,28197,23493.0
94,-38,RBE,RBEU19,D1,2019-07-20,1563580800,1.8027,1.8027,1.8027,1.8027,2,0,2,17268.0
95,-37,RBE,RBEU19,D1,2019-07-21,1563667200,1.8027,1.816,1.8027,1.8114,159,0,183,9461.0
96,-36,RBE,RBEU19,D1,2019-07-22,1563753600,1.8104,1.8242,1.7856,1.7906,23741,1,26058,8748.0
97,-35,RBE,RBEU19,D1,2019-07-23,1563840000,1.7905,1.824,1.7809,1.8127,26400,1,29362,18534.0
98,-34,RBE,RBEU19,D1,2019-07-24,1563926400,1.8124,1.8385,1.789,1.8053,32705,1,36196,30539.0
99,-33,RBE,RBEU19,D1,2019-07-25,1564012800,1.8056,1.8343,1.8031,1.8236,25332,1,29785,31781.0
100,-32,RBE,RBEU19,D1,2019-07-26,1564099200,1.8238,1.835,1.8063,1.8246,24791,1,27965,31315.0
101,-31,RBE,RBEU19,D1,2019-07-27,1564185600,1.8246,1.8246,1.8246,1.8246,2,124,2,19251.0
102,-30,RBE,RBEU19,D1,2019-07-28,1564272000,1.8246,1.8299,1.8171,1.8171,181,0,234,9400.0
103,-29,RBE,RBEU19,D1,2019-07-29,1564358400,1.8172,1.83,1.7954,1.8251,24653,1,27941,9392.0
104,-28,RBE,RBEU19,D1,2019-07-30,1564444800,1.8246,1.8589,1.8176,1.8519,25301,1,28821,18999.0
105,-27,RBE,RBEU19,D1,2019-07-31,1564531200,1.8539,1.877,1.8375,1.8392,31920,1,36163,30975.0
106,-26,RBE,RBEU19,D1,2019-08-01,1564617600,1.8392,1.847,1.7339,1.7618,37516,1,42127,35704.0
107,-25,RBE,RBEU19,D1,2019-08-02,1564704000,1.762,1.8007,1.759,1.7684,29009,1,32972,37087.0
108,-24,RBE,RBEU19,D1,2019-08-04,1564876800,1.7684,1.7703,1.7628,1.7656,209,0,242,25114.0
109,-23,RBE,RBEU19,D1,2019-08-05,1564963200,1.7665,1.7718,1.7028,1.7109,25020,0,28353,20522.0
110,-22,RBE,RBEU19,D1,2019-08-06,1565049600,1.7122000000000002,1.7338,1.6726,1.6789,26420,1,29485,19360.0
111,-21,RBE,RBEU19,D1,2019-08-07,1565136000,1.6787999999999998,1.6876,1.6111,1.6492,34664,1,40175,32671.0
112,-20,RBE,RBEU19,D1,2019-08-08,1565222400,1.6496,1.6579000000000002,1.6359,1.6517,21483,1,23641,31100.0
113,-19,RBE,RBEU19,D1,2019-08-09,1565308800,1.6515,1.6895,1.6417000000000002,1.6648,22893,1,25875,29897.0
114,-18,RBE,RBEU19,D1,2019-08-11,1565481600,1.6648,1.6667,1.6599,1.6609,186,3,212,16576.0
115,-17,RBE,RBEU19,D1,2019-08-12,1565568000,1.6611,1.6785,1.6514,1.6646,21220,1,23257,16448.0
116,-16,RBE,RBEU19,D1,2019-08-13,1565654400,1.6652,1.7456,1.6522,1.7264,26281,0,29530,17666.0
117,-15,RBE,RBEU19,D1,2019-08-14,1565740800,1.727,1.7284000000000002,1.6507,1.6673,28088,0,31441,28076.0
118,-14,RBE,RBEU19,D1,2019-08-15,1565827200,1.6692,1.6741,1.6303,1.645,19051,1,20836,27269.0
119,-13,RBE,RBEU19,D1,2019-08-16,1565913600,1.6445,1.666,1.6369,1.6575,17834,0,19983,24087.0
120,-12,RBE,RBEU19,D1,2019-08-17,1566000000,1.6575,1.6575,1.6575,1.6575,1,137,5,13608.0
121,-11,RBE,RBEU19,D1,2019-08-18,1566086400,1.6575,1.6633,1.6526999999999998,1.6626,202,0,238,6742.0
90,-37,RBE,RBEV19,D1,2019-08-19,1566172800,1.5295,1.5455,1.52,1.5298,14296,1,15531,5213.0
91,-36,RBE,RBEV19,D1,2019-08-20,1566259200,1.5298,1.5564,1.5137,1.554,20621,1,22203,12614.0
92,-35,RBE,RBEV19,D1,2019-08-21,1566345600,1.5533,1.5834,1.5508,1.5659,25252,1,28345,22026.0
93,-34,RBE,RBEV19,D1,2019-08-22,1566432000,1.5663,1.5776,1.54,1.5488,18575,1,20636,23728.0
94,-33,RBE,RBEV19,D1,2019-08-23,1566518400,1.5482,1.55,1.5021,1.5242,24131,1,26838,25273.0
95,-32,RBE,RBEV19,D1,2019-08-25,1566691200,1.5242,1.5242,1.5026000000000002,1.5144,735,0,873,16116.0
96,-31,RBE,RBEV19,D1,2019-08-26,1566777600,1.515,1.5484,1.5031,1.5131,23335,1,25676,17796.0
97,-30,RBE,RBEV19,D1,2019-08-27,1566864000,1.5126,1.5577,1.5104,1.5510000000000002,26981,1,29516,18688.0
98,-29,RBE,RBEV19,D1,2019-08-28,1566950400,1.5503,1.5816,1.5436,1.5794,32223,1,36089,30427.0
99,-28,RBE,RBEV19,D1,2019-08-29,1567036800,1.5797,1.5828,1.5503,1.572,28955,0,31988,32531.0
100,-27,RBE,RBEV19,D1,2019-08-30,1567123200,1.5717,1.5767,1.5044,1.5276,33571,1,37553,35210.0
101,-26,RBE,RBEV19,D1,2019-08-31,1567209600,1.5276,1.5276,1.5276,1.5276,1,38,1,23181.0
102,-25,RBE,RBEV19,D1,2019-09-01,1567296000,1.5276,1.5276,1.5129,1.5217,317,0,425,12660.0
77,-51,RBE,RBEX19,D1,2019-09-02,1567382400,1.495,1.5049,1.4668,1.4757,2495,1,2825,5512.0
104,-23,RBE,RBEV19,D1,2019-09-03,1567468800,1.498,1.5053,1.4475,1.4672,34969,1,39296,15921.0
105,-22,RBE,RBEV19,D1,2019-09-04,1567555200,1.4667,1.537,1.4667,1.5276999999999998,29842,1,34755,27364.0
106,-21,RBE,RBEV19,D1,2019-09-05,1567641600,1.5271,1.5776,1.5214,1.545,29886,1,33300,35784.0
107,-20,RBE,RBEV19,D1,2019-09-06,1567728000,1.5455,1.5838,1.5093,1.576,29055,1,32853,33636.0
108,-19,RBE,RBEV19,D1,2019-09-08,1567900800,1.58,1.58,1.5735,1.5743,322,1,367,22173.0
109,-18,RBE,RBEV19,D1,2019-09-09,1567987200,1.5744,1.5976,1.5664,1.5964,23536,1,26400,19873.0
110,-17,RBE,RBEV19,D1,2019-09-10,1568073600,1.5967,1.6131,1.5766,1.6069,25359,1,28299,18355.0
111,-16,RBE,RBEV19,D1,2019-09-11,1568160000,1.6072,1.6208,1.5645,1.5782,31408,1,34943,29881.0
112,-15,RBE,RBEV19,D1,2019-09-12,1568246400,1.5778,1.5815,1.5156,1.5550000000000002,25285,0,27954,30399.0
113,-14,RBE,RBEV19,D1,2019-09-13,1568332800,1.5548,1.5643,1.5359,1.5473,16116,1,18123,27007.0
114,-13,RBE,RBEV19,D1,2019-09-15,1568505600,1.637,1.7533,1.637,1.7308,2443,0,2867,16315.0
115,-12,RBE,RBEV19,D1,2019-09-16,1568592000,1.7329,1.7785,1.6603,1.7335,31039,0,34661,18550.0
116,-11,RBE,RBEV19,D1,2019-09-17,1568678400,1.7331,1.7772,1.6512,1.6734,25885,1,28632,22053.0
91,-37,RBE,RBEX19,D1,2019-09-18,1568764800,1.6465999999999998,1.6617,1.6129,1.6242,24563,0,26508,26991.0
92,-36,RBE,RBEX19,D1,2019-09-19,1568851200,1.6252,1.6824,1.6236000000000002,1.6681,24116,1,25620,28069.0
93,-35,RBE,RBEX19,D1,2019-09-20,1568937600,1.6683,1.6787,1.6445,1.6528,22080,1,24627,25585.0
94,-34,RBE,RBEX19,D1,2019-09-22,1569110400,1.6654,1.6741,1.6571,1.6575,277,0,328,16858.0
95,-33,RBE,RBEX19,D1,2019-09-23,1569196800,1.658,1.664,1.6188,1.6539,19346,0,20895,15283.0
96,-32,RBE,RBEX19,D1,2019-09-24,1569283200,1.6536,1.6556,1.605,1.6081,22361,0,24517,15247.0
97,-31,RBE,RBEX19,D1,2019-09-25,1569369600,1.6082,1.6139,1.5759,1.6086,26521,0,28419,24610.0
98,-30,RBE,RBEX19,D1,2019-09-26,1569456000,1.6079,1.6267,1.5877,1.614,24809,1,27279,26738.0
99,-29,RBE,RBEX19,D1,2019-09-27,1569542400,1.6122,1.6335,1.5789,1.6094,30976,0,34358,30019.0
100,-28,RBE,RBEX19,D1,2019-09-29,1569715200,1.6164,1.6188,1.6061,1.6076,204,1,251,20629.0
101,-27,RBE,RBEX19,D1,2019-09-30,1569801600,1.6074000000000002,1.6105,1.5635,1.572,21934,1,24801,19803.0
102,-26,RBE,RBEX19,D1,2019-10-01,1569888000,1.5724,1.5965,1.5645,1.5776,22349,1,24517,16523.0
103,-25,RBE,RBEX19,D1,2019-10-02,1569974400,1.5788,1.5838,1.5276999999999998,1.5456,22913,1,25524,24947.0
104,-24,RBE,RBEX19,D1,2019-10-03,1570060800,1.5451,1.564,1.5175,1.5553,24913,0,27512,25851.0
105,-23,RBE,RBEX19,D1,2019-10-04,1570147200,1.5550000000000002,1.5938,1.5543,1.5765,21817,1,24439,25825.0
106,-22,RBE,RBEX19,D1,2019-10-06,1570320000,1.5706,1.5742,1.5638,1.5638999999999998,206,1,230,17394.0
107,-21,RBE,RBEX19,D1,2019-10-07,1570406400,1.564,1.5973000000000002,1.5596,1.5748,22068,0,23808,16159.0
108,-20,RBE,RBEX19,D1,2019-10-08,1570492800,1.5751,1.5853000000000002,1.54,1.5755,24020,1,26404,16814.0
109,-19,RBE,RBEX19,D1,2019-10-09,1570579200,1.576,1.6126,1.5605,1.5745,22844,1,25144,25119.0
110,-18,RBE,RBEX19,D1,2019-10-10,1570665600,1.5748,1.6276000000000002,1.5704,1.6209,26432,1,29163,26904.0
111,-17,RBE,RBEX19,D1,2019-10-11,1570752000,1.6212,1.6474,1.6155,1.6438,27281,1,30188,28165.0
112,-16,RBE,RBEX19,D1,2019-10-13,1570924800,1.6439,1.6469,1.6408,1.6452,287,1,356,19902.0
113,-15,RBE,RBEX19,D1,2019-10-14,1571011200,1.6455,1.6455,1.5797,1.6134,24194,1,26377,18974.0
114,-14,RBE,RBEX19,D1,2019-10-15,1571097600,1.6136,1.6317,1.5918,1.6181,21627,1,23613,16782.0
115,-13,RBE,RBEX19,D1,2019-10-16,1571184000,1.6181,1.6343,1.5938,1.6105,18853,1,20247,23412.0
116,-12,RBE,RBEX19,D1,2019-10-17,1571270400,1.6107,1.6258,1.5948,1.6196000000000002,15946,0,17446,20435.0
117,-11,RBE,RBEX19,D1,2019-10-18,1571356800,1.62,1.6368,1.6103,1.6207,12305,1,13529,17074.0
90,-37,RBE,RBEZ19,D1,2019-10-20,1571529600,1.5778,1.5778,1.5688,1.5708,73,1,92,10714.0
91,-36,RBE,RBEZ19,D1,2019-10-21,1571616000,1.5717,1.5774,1.5417,1.5649,23163,0,25304,13984.0
92,-35,RBE,RBEZ19,D1,2019-10-22,1571702400,1.5646,1.5954000000000002,1.5589,1.5648,26945,1,29014,18137.0
93,-34,RBE,RBEZ19,D1,2019-10-23,1571788800,1.5654,1.6161,1.5536,1.6098,38127,1,41421,31913.0
94,-33,RBE,RBEZ19,D1,2019-10-24,1571875200,1.6099,1.633,1.5972,1.6233,26665,1,28555,32997.0
95,-32,RBE,RBEZ19,D1,2019-10-25,1571961600,1.6242,1.6381,1.6115,1.6332,21432,1,23275,31084.0
96,-31,RBE,RBEZ19,D1,2019-10-27,1572134400,1.6356000000000002,1.6381,1.6312,1.6356000000000002,185,1,206,17345.0
97,-30,RBE,RBEZ19,D1,2019-10-28,1572220800,1.6358,1.6495,1.623,1.6383,25366,1,27574,17018.0
98,-29,RBE,RBEZ19,D1,2019-10-29,1572307200,1.637,1.6572,1.6121,1.649,27979,1,30263,19348.0
99,-28,RBE,RBEZ19,D1,2019-10-30,1572393600,1.649,1.6597,1.6056,1.6122999999999998,34389,0,38605,32147.0
100,-27,RBE,RBEZ19,D1,2019-10-31,1572480000,1.6127,1.6299,1.58,1.5920999999999998,34452,0,37674,35514.0
101,-26,RBE,RBEZ19,D1,2019-11-01,1572566400,1.5928,1.6622,1.5918,1.6586,35869,1,40739,39006.0
102,-25,RBE,RBEZ19,D1,2019-11-02,1572652800,1.6586,1.6586,1.6586,1.6586,3,0,3,26139.0
103,-24,RBE,RBEZ19,D1,2019-11-03,1572739200,1.6558000000000002,1.6696,1.6558000000000002,1.6593,279,1,340,13694.0
104,-23,RBE,RBEZ19,D1,2019-11-04,1572825600,1.6586,1.6798,1.6504,1.6684,29501,1,32198,10847.0
105,-22,RBE,RBEZ19,D1,2019-11-05,1572912000,1.6681,1.6843,1.6633,1.6736,21907,1,23820,18786.0
106,-21,RBE,RBEZ19,D1,2019-11-06,1572998400,1.6731,1.6785,1.6226,1.6245,31650,1,35059,30359.0
107,-20,RBE,RBEZ19,D1,2019-11-07,1573084800,1.6242,1.65,1.6204,1.6344,25372,1,27386,28755.0
108,-19,RBE,RBEZ19,D1,2019-11-08,1573171200,1.6345,1.6394,1.5885,1.6361,30199,1,34670,32372.0
109,-18,RBE,RBEZ19,D1,2019-11-10,1573344000,1.6338,1.635,1.6293,1.6312,195,1,236,20764.0
110,-17,RBE,RBEZ19,D1,2019-11-11,1573430400,1.6318,1.6433,1.6061,1.6068,22194,0,25091,19999.0
111,-16,RBE,RBEZ19,D1,2019-11-12,1573516800,1.6074000000000002,1.6334,1.6061,1.6122999999999998,22938,1,25341,16889.0
112,-15,RBE,RBEZ19,D1,2019-11-13,1573603200,1.6122999999999998,1.6467,1.6001,1.639,24874,1,27091,25841.0
113,-14,RBE,RBEZ19,D1,2019-11-14,1573689600,1.6388,1.6496,1.6112,1.6197,18954,1,20841,24424.0
114,-13,RBE,RBEZ19,D1,2019-11-15,1573776000,1.6196000000000002,1.655,1.6023,1.6384,20218,1,22401,23444.0
115,-12,RBE,RBEZ19,D1,2019-11-17,1573948800,1.6402,1.6404999999999998,1.6335,1.6362,182,1,219,14487.0
90,-38,RBE,RBEF20,D1,2019-11-18,1574035200,1.6321,1.6404999999999998,1.5937,1.615,20404,1,22164,13278.0
91,-37,RBE,RBEF20,D1,2019-11-19,1574121600,1.6154,1.6254,1.586,1.5919,28799,1,31143,17809.0
92,-36,RBE,RBEF20,D1,2019-11-20,1574208000,1.5916,1.6588,1.5812,1.6491,37989,1,41389,31565.0
93,-35,RBE,RBEF20,D1,2019-11-21,1574294400,1.6486,1.7,1.6358,1.6976,33153,1,35860,36131.0
94,-34,RBE,RBEF20,D1,2019-11-22,1574380800,1.6973,1.7036,1.6608,1.6721,32143,0,35243,37497.0
95,-33,RBE,RBEF20,D1,2019-11-23,1574467200,1.6721,1.6721,1.6721,1.6721,1,0,1,23701.0
96,-32,RBE,RBEF20,D1,2019-11-24,1574553600,1.6698,1.6722,1.6666,1.6706,162,0,201,11815.0
97,-31,RBE,RBEF20,D1,2019-11-25,1574640000,1.67,1.6766,1.6465,1.6724,27008,0,29654,9952.0
98,-30,RBE,RBEF20,D1,2019-11-26,1574726400,1.6729,1.7015,1.6685,1.6918,27768,1,30314,20056.0
99,-29,RBE,RBEF20,D1,2019-11-27,1574812800,1.6911,1.6983,1.6594,1.6719,33460,0,36875,32281.0
100,-28,RBE,RBEF20,D1,2019-11-28,1574899200,1.6719,1.6885,1.663,1.6817,5012,0,5456,24215.0
101,-27,RBE,RBEF20,D1,2019-11-29,1574985600,1.6821000000000002,1.6839,1.5877,1.6012,34370,1,38172,26834.0
102,-26,RBE,RBEF20,D1,2019-12-01,1575158400,1.5965,1.6105,1.5920999999999998,1.6092,502,0,610,14746.0
103,-25,RBE,RBEF20,D1,2019-12-02,1575244800,1.6097,1.6342,1.5712000000000002,1.5763,39500,1,43808,27530.0
104,-24,RBE,RBEF20,D1,2019-12-03,1575331200,1.5766,1.5904,1.5550000000000002,1.5694,35817,1,39901,28106.0
105,-23,RBE,RBEF20,D1,2019-12-04,1575417600,1.5698,1.6217,1.565,1.6081,32079,1,35585,39765.0
106,-22,RBE,RBEF20,D1,2019-12-05,1575504000,1.6081,1.632,1.6019,1.622,27329,0,29740,35075.0
107,-21,RBE,RBEF20,D1,2019-12-06,1575590400,1.6219,1.6683,1.6089,1.6474,29999,1,33704,33010.0
108,-20,RBE,RBEF20,D1,2019-12-08,1575763200,1.6462,1.6474,1.6451,1.6453,21,3,21,21155.0
109,-19,RBE,RBEF20,D1,2019-12-09,1575849600,1.6442,1.6622,1.6228,1.6518000000000002,29275,1,31982,21902.0
110,-18,RBE,RBEF20,D1,2019-12-10,1575936000,1.6517,1.6667999999999998,1.6408,1.6447,21127,1,23546,18516.0
111,-17,RBE,RBEF20,D1,2019-12-11,1576022400,1.6448,1.6509,1.61,1.6349,23477,1,26377,27302.0
112,-16,RBE,RBEF20,D1,2019-12-12,1576108800,1.6352,1.6532,1.6239,1.6388,19803,0,22253,24059.0
113,-15,RBE,RBEF20,D1,2019-12-13,1576195200,1.6388,1.6761,1.6369,1.6549,23312,1,27102,25244.0
114,-14,RBE,RBEF20,D1,2019-12-15,1576368000,1.6586,1.66,1.6532,1.6564,154,1,170,16508.0
115,-13,RBE,RBEF20,D1,2019-12-16,1576454400,1.6559,1.6747,1.6538,1.6615,16387,1,17813,15028.0
116,-12,RBE,RBEF20,D1,2019-12-17,1576540800,1.6617,1.6867,1.6575,1.6705,13831,0,15248,11077.0
91,-38,RBE,RBEG20,D1,2019-12-18,1576627200,1.6754,1.6962000000000002,1.6611,1.692,21416,1,23406,16632.0
92,-37,RBE,RBEG20,D1,2019-12-19,1576713600,1.6911,1.7172,1.6872,1.711,23250,1,25369,21353.0
93,-36,RBE,RBEG20,D1,2019-12-20,1576800000,1.7107,1.7239,1.7024,1.7038,21627,1,23868,24214.0
94,-35,RBE,RBEG20,D1,2019-12-22,1576972800,1.708,1.7094,1.7034,1.7068,109,0,144,16460.0
95,-34,RBE,RBEG20,D1,2019-12-23,1577059200,1.7068,1.7149,1.6921,1.712,17619,1,19719,14577.0
96,-33,RBE,RBEG20,D1,2019-12-24,1577145600,1.7123,1.7387,1.7097,1.7296,12678,1,14035,11299.0
97,-32,RBE,RBEG20,D1,2019-12-25,1577232000,1.7301,1.7325,1.7238,1.726,130,1,138,11297.0
98,-31,RBE,RBEG20,D1,2019-12-26,1577318400,1.726,1.7585,1.7248,1.7533,15347,1,17239,10471.0
99,-30,RBE,RBEG20,D1,2019-12-27,1577404800,1.753,1.7656,1.7372,1.742,20086,1,22323,13233.0
100,-29,RBE,RBEG20,D1,2019-12-29,1577577600,1.7462,1.7462,1.7407,1.7445,80,1,109,13224.0
101,-28,RBE,RBEG20,D1,2019-12-30,1577664000,1.7442,1.7584,1.7142,1.7239,22205,1,24951,15794.0
102,-27,RBE,RBEG20,D1,2019-12-31,1577750400,1.7239,1.731,1.6888,1.6973,20304,1,23045,16035.0
103,-26,RBE,RBEG20,D1,2020-01-01,1577836800,1.6973,1.7034,1.696,1.7006,255,0,310,16102.0
104,-25,RBE,RBEG20,D1,2020-01-02,1577923200,1.7003,1.7159,1.694,1.7055,29054,0,32636,18664.0
105,-24,RBE,RBEG20,D1,2020-01-03,1578009600,1.7050999999999998,1.7824,1.7045,1.7508,31652,1,35661,22869.0
106,-23,RBE,RBEG20,D1,2020-01-05,1578182400,1.7556,1.7727,1.7556,1.7677,412,0,472,22923.0
107,-22,RBE,RBEG20,D1,2020-01-06,1578268800,1.7674,1.7943,1.7353,1.7483,23877,1,26392,20842.0
108,-21,RBE,RBEG20,D1,2020-01-07,1578355200,1.7486000000000002,1.7851,1.7057,1.7798,24782,1,27978,18281.0
109,-20,RBE,RBEG20,D1,2020-01-08,1578441600,1.7795,1.8011,1.6289,1.6539,44378,1,49337,34569.0
110,-19,RBE,RBEG20,D1,2020-01-09,1578528000,1.6547,1.6655,1.6302,1.6533,27435,1,30554,35956.0
111,-18,RBE,RBEG20,D1,2020-01-10,1578614400,1.6537,1.6786,1.6508,1.6596,24863,1,27587,35826.0
112,-17,RBE,RBEG20,D1,2020-01-12,1578787200,1.6667999999999998,1.6667999999999998,1.6528,1.6559,185,0,270,19470.0
113,-16,RBE,RBEG20,D1,2020-01-13,1578873600,1.6554,1.6661,1.6383,1.6609,24232,0,27315,18391.0
114,-15,RBE,RBEG20,D1,2020-01-14,1578960000,1.6608,1.6851,1.6502,1.6588,25550,0,28598,18728.0
115,-14,RBE,RBEG20,D1,2020-01-15,1579046400,1.6591,1.6617,1.6262,1.6481,23104,1,26127,27347.0
116,-13,RBE,RBEG20,D1,2020-01-16,1579132800,1.6481,1.6644,1.6344,1.6591,19215,0,21123,25283.0
117,-12,RBE,RBEG20,D1,2020-01-17,1579219200,1.6591,1.6666,1.6329,1.6463,16833,1,18680,21977.0
118,-11,RBE,RBEG20,D1,2020-01-19,1579392000,1.6524,1.6711,1.6524,1.6571,305,0,368,13390.0
89,-34,RBE,RBEH20,D1,2020-01-20,1579478400,1.6724,1.6727,1.6507,1.6547,7790,1,8557,10362.0
90,-33,RBE,RBEH20,D1,2020-01-21,1579564800,1.6547,1.6688,1.6265,1.6519,31081,1,33901,14262.0
91,-32,RBE,RBEH20,D1,2020-01-22,1579651200,1.6519,1.6533,1.5817,1.583,38002,1,42249,28236.0
92,-31,RBE,RBEH20,D1,2020-01-23,1579737600,1.5827,1.5857,1.5484,1.5751,35301,0,39302,38484.0
93,-30,RBE,RBEH20,D1,2020-01-24,1579824000,1.5753,1.586,1.5178,1.5254,39247,1,43508,41686.0
94,-29,RBE,RBEH20,D1,2020-01-26,1579996800,1.5114999999999998,1.5197,1.4785,1.4912,884,1,995,27935.0
95,-28,RBE,RBEH20,D1,2020-01-27,1580083200,1.491,1.5064,1.4449,1.4881,42204,1,46867,30457.0
96,-27,RBE,RBEH20,D1,2020-01-28,1580169600,1.4879,1.53,1.4715,1.5198,35005,1,38951,28938.0
97,-26,RBE,RBEH20,D1,2020-01-29,1580256000,1.5188,1.5461,1.5071,1.5358,34949,1,38283,41367.0
98,-25,RBE,RBEH20,D1,2020-01-30,1580342400,1.5366,1.5366,1.4889,1.531,32538,1,36064,37766.0
99,-24,RBE,RBEH20,D1,2020-01-31,1580428800,1.531,1.5402,1.4913,1.5019,31927,1,35343,36563.0
100,-23,RBE,RBEH20,D1,2020-02-02,1580601600,1.49,1.49,1.4685,1.4807,587,1,711,24039.0
101,-22,RBE,RBEH20,D1,2020-02-03,1580688000,1.4817,1.5135,1.459,1.4623,37039,0,40913,25656.0
102,-21,RBE,RBEH20,D1,2020-02-04,1580774400,1.4628,1.5053999999999998,1.4345,1.4375,36592,1,39995,27206.0
103,-20,RBE,RBEH20,D1,2020-02-05,1580860800,1.4383,1.5205,1.4383,1.4972,42314,1,47802,42903.0
104,-19,RBE,RBEH20,D1,2020-02-06,1580947200,1.4962,1.5254,1.4674,1.506,30597,1,33599,40465.0
105,-18,RBE,RBEH20,D1,2020-02-07,1581033600,1.5053,1.5335,1.4817,1.5276,41457,1,46211,42537.0
106,-17,RBE,RBEH20,D1,2020-02-09,1581206400,1.5209,1.522,1.51,1.5143,486,1,569,26793.0
107,-16,RBE,RBEH20,D1,2020-02-10,1581292800,1.5143,1.5534,1.4975,1.5282,33499,1,37394,28058.0
108,-15,RBE,RBEH20,D1,2020-02-11,1581379200,1.5289,1.5424,1.5086,1.5214,26383,1,28991,22318.0
109,-14,RBE,RBEH20,D1,2020-02-12,1581465600,1.5219,1.5999,1.5211,1.5882,27119,0,29894,32093.0
110,-13,RBE,RBEH20,D1,2020-02-13,1581552000,1.5883,1.6136,1.5564,1.5792000000000002,26871,1,29665,29517.0
111,-12,RBE,RBEH20,D1,2020-02-14,1581638400,1.5792000000000002,1.596,1.5613,1.5869,21480,1,24234,27931.0
112,-11,RBE,RBEH20,D1,2020-02-16,1581811200,1.5888,1.6012,1.5883,1.5989,305,1,329,18076.0
113,-10,RBE,RBEH20,D1,2020-02-17,1581897600,1.5983,1.6074000000000002,1.5892,1.596,3584,0,3854,9472.0
89,-36,RBE,RBEJ20,D1,2020-02-18,1581984000,1.7332,1.7468,1.7085,1.7422,30506,1,32566,13133.0
90,-35,RBE,RBEJ20,D1,2020-02-19,1582070400,1.7425000000000002,1.794,1.7357,1.7883,35972,1,38689,25903.0
91,-34,RBE,RBEJ20,D1,2020-02-20,1582156800,1.7883,1.8033,1.7563,1.763,33754,1,35982,35746.0
92,-33,RBE,RBEJ20,D1,2020-02-21,1582243200,1.7638,1.7734,1.7352,1.7576,32260,1,35557,36743.0
93,-32,RBE,RBEJ20,D1,2020-02-23,1582416000,1.7324000000000002,1.7365,1.7165,1.7202,701,1,821,24120.0
94,-31,RBE,RBEJ20,D1,2020-02-24,1582502400,1.7207,1.7225,1.6819,1.7122000000000002,30436,1,33021,23133.0
95,-30,RBE,RBEJ20,D1,2020-02-25,1582588800,1.7119,1.7287,1.6261,1.6403,36258,1,40050,24631.0
96,-29,RBE,RBEJ20,D1,2020-02-26,1582675200,1.6408,1.644,1.5435,1.5503,48275,0,52933,42001.0
97,-28,RBE,RBEJ20,D1,2020-02-27,1582761600,1.5486,1.5527,1.485,1.4905,44925,0,49679,47554.0
98,-27,RBE,RBEJ20,D1,2020-02-28,1582848000,1.4927,1.5034,1.4559,1.4862,42649,1,47561,50058.0
99,-26,RBE,RBEJ20,D1,2020-03-01,1583020800,1.4709,1.4709,1.4411,1.4616,409,1,502,32581.0
100,-25,RBE,RBEJ20,D1,2020-03-02,1583107200,1.4621,1.5663,1.4611,1.565,17360,1,18387,22150.0
101,-24,RBE,RBEJ20,D1,2020-03-03,1583193600,1.5649,1.5926,1.5157,1.5293,15687,0,16613,11834.0
102,-23,RBE,RBEJ20,D1,2020-03-04,1583280000,1.5314,1.5727,1.5314,1.5708,26842,1,29080,21360.0
103,-22,RBE,RBEJ20,D1,2020-03-05,1583366400,1.5705,1.5815,1.5094,1.5178,29225,1,32306,26000.0
104,-21,RBE,RBEJ20,D1,2020-03-06,1583452800,1.5171,1.5195,1.384,1.3927,35787,1,39821,33736.0
105,-20,RBE,RBEJ20,D1,2020-03-08,1583625600,1.2324,1.2324,1.1225,1.15,2493,0,2889,25005.0
106,-19,RBE,RBEJ20,D1,2020-03-09,1583712000,1.1474,1.2084,1.0574,1.1953,30860,0,35043,25918.0
107,-18,RBE,RBEJ20,D1,2020-03-10,1583798400,1.1958,1.2348,1.1333,1.1605,35302,0,39180,25704.0
108,-17,RBE,RBEJ20,D1,2020-03-11,1583884800,1.1619,1.2072,1.0915,1.0953,26649,1,30126,34783.0
109,-16,RBE,RBEJ20,D1,2020-03-12,1583971200,1.095,1.1072,0.8536,0.8924,40144,0,45882,38396.0
110,-15,RBE,RBEJ20,D1,2020-03-13,1584057600,0.8927,1.0195,0.8749,0.9217,28431,0,31594,35867.0
111,-14,RBE,RBEJ20,D1,2020-03-15,1584230400,0.915,0.9182,0.8064,0.8103,1508,0,1782,26419.0
112,-13,RBE,RBEJ20,D1,2020-03-16,1584316800,0.8118,0.827,0.6778,0.7342,24183,1,27650,20342.0
113,-12,RBE,RBEJ20,D1,2020-03-17,1584403200,0.7338,0.7818,0.6878,0.728,19998,1,22222,17218.0
91,-37,RBE,RBEK20,D1,2020-03-18,1584489600,0.7332,0.7503,0.6343,0.6799,26165,0,29458,25246.0
92,-36,RBE,RBEK20,D1,2020-03-19,1584576000,0.6809,0.7072,0.6366,0.6849,25336,0,28125,27707.0
93,-35,RBE,RBEK20,D1,2020-03-20,1584662400,0.6856,0.7612,0.6233,0.638,26093,1,28934,28839.0
94,-34,RBE,RBEK20,D1,2020-03-22,1584835200,0.6211,0.6267,0.5601,0.5725,1202,1,1402,19487.0
95,-33,RBE,RBEK20,D1,2020-03-23,1584921600,0.5727,0.5906,0.4605,0.5203,33845,1,38477,22938.0
96,-32,RBE,RBEK20,D1,2020-03-24,1585008000,0.52,0.5969,0.4758,0.53,36270,1,41430,27103.0
97,-31,RBE,RBEK20,D1,2020-03-25,1585094400,0.5289,0.6387,0.5124,0.592,34265,1,39727,39878.0
98,-30,RBE,RBEK20,D1,2020-03-26,1585180800,0.5987,0.669,0.5768,0.607,25216,1,29401,36853.0
99,-29,RBE,RBEK20,D1,2020-03-27,1585267200,0.6078,0.6358,0.5488,0.6257,20157,1,23181,30770.0
100,-28,RBE,RBEK20,D1,2020-03-29,1585440000,0.6257,0.6257,0.5725,0.5744,955,1,1066,17883.0
101,-27,RBE,RBEK20,D1,2020-03-30,1585526400,0.5743,0.6237,0.5327,0.6066,24643,1,28037,17428.0
102,-26,RBE,RBEK20,D1,2020-03-31,1585612800,0.6066,0.6579,0.561,0.5633,22706,1,25832,18312.0
103,-25,RBE,RBEK20,D1,2020-04-01,1585699200,0.565,0.5818,0.509,0.5765,29614,1,32978,28949.0
104,-24,RBE,RBEK20,D1,2020-04-02,1585785600,0.5793,0.7574,0.5671,0.6596,30087,0,34221,31010.0
105,-23,RBE,RBEK20,D1,2020-04-03,1585872000,0.6577,0.76,0.6347,0.7149,20282,1,23354,30184.0
106,-22,RBE,RBEK20,D1,2020-04-05,1586044800,0.667,0.667,0.6353,0.6579,582,1,732,19436.0
107,-21,RBE,RBEK20,D1,2020-04-06,1586131200,0.6594,0.725,0.653,0.7177,17797,1,19655,14580.0
108,-20,RBE,RBEK20,D1,2020-04-07,1586217600,0.7174,0.7349,0.635,0.6541,18965,1,21109,13832.0
109,-19,RBE,RBEK20,D1,2020-04-08,1586304000,0.6574,0.7176,0.6252,0.7088,19703,1,21919,20894.0
110,-18,RBE,RBEK20,D1,2020-04-09,1586390400,0.7079,0.7697,0.668,0.6885,17281,1,20729,21252.0
111,-17,RBE,RBEK20,D1,2020-04-12,1586649600,0.7329,0.7329,0.6721,0.6905,595,1,652,14433.0
112,-16,RBE,RBEK20,D1,2020-04-13,1586736000,0.6957,0.7307,0.6565,0.7274,10667,1,12020,11134.0
113,-15,RBE,RBEK20,D1,2020-04-14,1586822400,0.7259,0.7676,0.6992,0.7568,15342,1,16892,9855.0
114,-14,RBE,RBEK20,D1,2020-04-15,1586908800,0.7569,0.7643,0.6922,0.7269,13656,1,15237,14716.0
115,-13,RBE,RBEK20,D1,2020-04-16,1586995200,0.728,0.7749,0.6955,0.7191,13800,1,15801,15977.0
89,-37,RBE,RBEM20,D1,2020-04-17,1587081600,0.7713,0.79,0.7389,0.7669,14483,1,15782,15167.0
90,-36,RBE,RBEM20,D1,2020-04-19,1587254400,0.7713,0.7713,0.7601,0.7642,133,1,144,10745.0
91,-35,RBE,RBEM20,D1,2020-04-20,1587340800,0.7629,0.79,0.7143,0.7317,20391,1,22865,12930.0
92,-34,RBE,RBEM20,D1,2020-04-21,1587427200,0.7318,0.7438,0.5527,0.611,31729,0,35276,19428.0
93,-33,RBE,RBEM20,D1,2020-04-22,1587513600,0.6121,0.7269,0.5251,0.7207,24460,0,27427,28523.0
94,-32,RBE,RBEM20,D1,2020-04-23,1587600000,0.7203,0.7798,0.6525,0.6728,26401,1,29552,30752.0
95,-31,RBE,RBEM20,D1,2020-04-24,1587686400,0.6734,0.7141,0.6519,0.7013,19934,1,22594,26524.0
96,-30,RBE,RBEM20,D1,2020-04-25,1587772800,0.7013,0.7013,0.7013,0.7013,2,0,2,17383.0
97,-29,RBE,RBEM20,D1,2020-04-26,1587859200,0.692,0.6953,0.681,0.6947,290,1,318,7638.0
98,-28,RBE,RBEM20,D1,2020-04-27,1587945600,0.6959,0.7095,0.671,0.6831,16979,0,19145,6488.0
99,-27,RBE,RBEM20,D1,2020-04-28,1588032000,0.6832,0.7361,0.6626,0.7187,20402,0,23301,14255.0
100,-26,RBE,RBEM20,D1,2020-04-29,1588118400,0.7193,0.799,0.7181,0.7671,22760,1,25115,22520.0
101,-25,RBE,RBEM20,D1,2020-04-30,1588204800,0.7662,0.8236,0.7175,0.7881,31566,1,35915,28110.0
102,-24,RBE,RBEM20,D1,2020-05-01,1588291200,0.7872,0.8029,0.74,0.7674,21601,1,24697,28576.0
103,-23,RBE,RBEM20,D1,2020-05-03,1588464000,0.7622,0.7622,0.7445,0.7528,347,1,411,20341.0
104,-22,RBE,RBEM20,D1,2020-05-04,1588550400,0.7533,0.8446,0.7408,0.8415,22186,1,25671,16926.0
105,-21,RBE,RBEM20,D1,2020-05-05,1588636800,0.8411,0.9346,0.8305,0.9324,23841,1,26571,17551.0
106,-20,RBE,RBEM20,D1,2020-05-06,1588723200,0.9318,0.9318,0.85,0.8831,23222,1,26176,26139.0
107,-19,RBE,RBEM20,D1,2020-05-07,1588809600,0.8841,0.9648,0.8704,0.9342,24066,1,27114,26620.0
108,-18,RBE,RBEM20,D1,2020-05-08,1588896000,0.9335,0.9586,0.9087,0.9544,14657,1,16364,23218.0
109,-17,RBE,RBEM20,D1,2020-05-10,1589068800,0.96,0.96,0.943,0.9501,220,1,253,14577.0
110,-16,RBE,RBEM20,D1,2020-05-11,1589155200,0.9498,0.982,0.9157,0.9333,16566,1,18229,11615.0
111,-15,RBE,RBEM20,D1,2020-05-12,1589241600,0.9354,0.9452,0.8889,0.892,14748,0,16841,11774.0
112,-14,RBE,RBEM20,D1,2020-05-13,1589328000,0.892,0.909,0.8339,0.849,18418,0,20460,18510.0
113,-13,RBE,RBEM20,D1,2020-05-14,1589414400,0.849,0.9344,0.8376,0.9286,13047,1,14524,17275.0
114,-12,RBE,RBEM20,D1,2020-05-15,1589500800,0.93,0.9745,0.9165,0.9715,11435,1,12719,15901.0
89,-40,RBE,RBEN20,D1,2020-05-17,1589673600,0.9882,1.008,0.983,1.008,437,1,465,9418.0
90,-39,RBE,RBEN20,D1,2020-05-18,1589760000,1.0065,1.0699,1.0053,1.0626,15599,0,17024,10737.0
91,-38,RBE,RBEN20,D1,2020-05-19,1589846400,1.0617,1.0703,1.0381,1.0455,18053,0,19769,12419.0
92,-37,RBE,RBEN20,D1,2020-05-20,1589932800,1.0459,1.0999,1.0423,1.0579,22101,1,24246,20346.0
93,-36,RBE,RBEN20,D1,2020-05-21,1590019200,1.0575,1.0819,1.0454,1.0674,18190,1,19810,21275.0
94,-35,RBE,RBEN20,D1,2020-05-22,1590105600,1.0666,1.0674,1.0012,1.0481,17143,1,19016,21024.0
95,-34,RBE,RBEN20,D1,2020-05-24,1590278400,1.0479,1.0479,1.0318,1.0368,158,1,181,13002.0
96,-33,RBE,RBEN20,D1,2020-05-25,1590364800,1.0374,1.0744,1.0318,1.0659,2431,1,2667,7288.0
97,-32,RBE,RBEN20,D1,2020-05-26,1590451200,1.0652,1.0911,1.042,1.0537,19117,1,21135,7994.0
98,-31,RBE,RBEN20,D1,2020-05-27,1590537600,1.054,1.059,0.9913,1.002,18742,1,20456,14753.0
99,-30,RBE,RBEN20,D1,2020-05-28,1590624000,1.0042,1.0443,0.9891,1.026,18673,1,20812,20801.0
100,-29,RBE,RBEN20,D1,2020-05-29,1590710400,1.0259,1.0882,0.9998,1.074,23251,1,26653,22640.0
101,-28,RBE,RBEN20,D1,2020-05-30,1590796800,1.074,1.074,1.074,1.074,7,0,7,15824.0
102,-27,RBE,RBEN20,D1,2020-05-31,1590883200,1.074,1.0878,1.062,1.0761,485,0,549,9070.0
103,-26,RBE,RBEN20,D1,2020-06-01,1590969600,1.0773,1.0898,1.041,1.0683,23247,1,25335,8630.0
104,-25,RBE,RBEN20,D1,2020-06-02,1591056000,1.0684,1.1206,1.0666,1.1128,19607,1,21422,15769.0
105,-24,RBE,RBEN20,D1,2020-06-03,1591142400,1.1109,1.1352,1.0917,1.119,21621,1,23765,23507.0
106,-23,RBE,RBEN20,D1,2020-06-04,1591228800,1.119,1.1517,1.1053,1.1427,16036,1,17517,20901.0
107,-22,RBE,RBEN20,D1,2020-06-05,1591315200,1.1426,1.217,1.1425,1.2033,19262,1,21314,20865.0
108,-21,RBE,RBEN20,D1,2020-06-06,1591401600,1.2033,1.2033,1.2033,1.2033,2,0,2,12944.0
109,-20,RBE,RBEN20,D1,2020-06-07,1591488000,1.2129,1.2443,1.2046,1.2443,815,0,936,7417.0
110,-19,RBE,RBEN20,D1,2020-06-08,1591574400,1.2433,1.2444,1.1913,1.2086,21089,1,23724,8221.0
111,-18,RBE,RBEN20,D1,2020-06-09,1591660800,1.2089,1.2184,1.1818,1.2117,15857,1,17326,13995.0
112,-17,RBE,RBEN20,D1,2020-06-10,1591747200,1.2086,1.2198,1.1864,1.1914,19707,1,21720,20923.0
113,-16,RBE,RBEN20,D1,2020-06-11,1591833600,1.1923,1.1955,1.0927,1.0967,23315,1,25707,21584.0
114,-15,RBE,RBEN20,D1,2020-06-12,1591920000,1.0972,1.1382,1.0741,1.1261,20832,1,22821,23416.0
115,-14,RBE,RBEN20,D1,2020-06-14,1592092800,1.1208,1.1212,1.1087,1.1114,323,1,346,16291.0
116,-13,RBE,RBEN20,D1,2020-06-15,1592179200,1.1107,1.1792,1.09,1.1734,21234,0,24243,15803.0
117,-12,RBE,RBEN20,D1,2020-06-16,1592265600,1.173,1.2257,1.155,1.1895,17505,0,19494,14694.0
118,-11,RBE,RBEN20,D1,2020-06-17,1592352000,1.1881,1.2197,1.175,1.2077,14314,0,16059,19932.0
93,-37,RBE,RBEQ20,D1,2020-06-18,1592438400,1.215,1.2741,1.207,1.2683,18557,0,20628,17424.0
94,-36,RBE,RBEQ20,D1,2020-06-19,1592524800,1.2688,1.2867,1.2368,1.2607,24510,1,27118,21100.0
95,-35,RBE,RBEQ20,D1,2020-06-21,1592697600,1.2688,1.2722,1.2495,1.271,322,0,373,16040.0
96,-34,RBE,RBEQ20,D1,2020-06-22,1592784000,1.2694,1.3063,1.2537,1.2978,19156,1,20742,16078.0
97,-33,RBE,RBEQ20,D1,2020-06-23,1592870400,1.2973,1.3253,1.2755,1.2993,21435,1,23512,14876.0
98,-32,RBE,RBEQ20,D1,2020-06-24,1592956800,1.2992,1.3048,1.1775,1.1866,32021,1,35808,26687.0
99,-31,RBE,RBEQ20,D1,2020-06-25,1593043200,1.1879,1.214,1.1421,1.2071,29978,1,32766,30695.0
100,-30,RBE,RBEQ20,D1,2020-06-26,1593129600,1.2065,1.2177,1.1358,1.1401,28221,1,31304,33293.0
101,-29,RBE,RBEQ20,D1,2020-06-28,1593302400,1.1401,1.1401,1.1287,1.1326,442,0,506,21525.0
102,-28,RBE,RBEQ20,D1,2020-06-29,1593388800,1.1321,1.198,1.1128,1.1946,24499,1,27691,19834.0
103,-27,RBE,RBEQ20,D1,2020-06-30,1593475200,1.1938,1.2254,1.18,1.2163,22046,1,25489,17895.0
104,-26,RBE,RBEQ20,D1,2020-07-01,1593561600,1.2159,1.2497,1.192,1.2124,24093,0,27118,26766.0
105,-25,RBE,RBEQ20,D1,2020-07-02,1593648000,1.2124,1.2625,1.2092,1.243,21863,1,25356,25988.0
106,-24,RBE,RBEQ20,D1,2020-07-03,1593734400,1.2418,1.2553,1.2318,1.244,3589,1,3967,18814.0
107,-23,RBE,RBEQ20,D1,2020-07-05,1593907200,1.244,1.2632,1.244,1.2575,365,1,426,9916.0
108,-22,RBE,RBEQ20,D1,2020-07-06,1593993600,1.2578,1.2792,1.2334,1.2442,19382,1,22098,8830.0
109,-21,RBE,RBEQ20,D1,2020-07-07,1594080000,1.2442,1.2841,1.2286,1.2736,21415,0,24206,15577.0
110,-20,RBE,RBEQ20,D1,2020-07-08,1594166400,1.271,1.2974,1.2641,1.2863,21519,1,23917,23407.0
111,-19,RBE,RBEQ20,D1,2020-07-09,1594252800,1.2863,1.2954,1.2456,1.2511,19498,1,21694,23272.0
112,-18,RBE,RBEQ20,D1,2020-07-10,1594339200,1.2511,1.2911,1.2245,1.2815,21370,1,24562,23391.0
113,-17,RBE,RBEQ20,D1,2020-07-12,1594512000,1.2785,1.2795,1.2651,1.2657,381,1,423,15560.0
114,-16,RBE,RBEQ20,D1,2020-07-13,1594598400,1.266,1.2913,1.244,1.2453,20083,1,22501,15829.0
115,-15,RBE,RBEQ20,D1,2020-07-14,1594684800,1.2443,1.2675,1.217,1.2606,19526,1,21878,14934.0
116,-14,RBE,RBEQ20,D1,2020-07-15,1594771200,1.2605,1.2771,1.2448,1.2585,15572,1,17095,20491.0
117,-13,RBE,RBEQ20,D1,2020-07-16,1594857600,1.2576,1.2624,1.2255,1.2352,12273,1,13733,17569.0
118,-12,RBE,RBEQ20,D1,2020-07-17,1594944000,1.2354,1.237,1.1939,1.2222,13028,1,15041,15290.0
90,-37,RBE,RBEU20,D1,2020-07-19,1595116800,1.2062,1.2065,1.1991,1.2037,57,0,59,9859.0
91,-36,RBE,RBEU20,D1,2020-07-20,1595203200,1.2032,1.2192,1.1855,1.2102,15194,1,16487,11566.0
92,-35,RBE,RBEU20,D1,2020-07-21,1595289600,1.2103,1.2697,1.2103,1.2591,21386,1,23918,13488.0
93,-34,RBE,RBEU20,D1,2020-07-22,1595376000,1.2588,1.2679,1.241,1.2593,18593,1,20589,20331.0
94,-33,RBE,RBEU20,D1,2020-07-23,1595462400,1.2593,1.2774,1.233,1.243,20562,1,22549,22352.0
95,-32,RBE,RBEU20,D1,2020-07-24,1595548800,1.2421,1.261,1.2307,1.259,19177,1,21565,21568.0
96,-31,RBE,RBEU20,D1,2020-07-26,1595721600,1.2554,1.2585,1.2479,1.2527,228,1,283,14799.0
97,-30,RBE,RBEU20,D1,2020-07-27,1595808000,1.2522,1.2591,1.216,1.2517,22900,1,25320,15723.0
98,-29,RBE,RBEU20,D1,2020-07-28,1595894400,1.2515,1.2581,1.2223,1.2276,18283,1,20148,15250.0
99,-28,RBE,RBEU20,D1,2020-07-29,1595980800,1.2254,1.2394,1.2103,1.2148,20562,1,22721,22730.0
100,-27,RBE,RBEU20,D1,2020-07-30,1596067200,1.2148,1.2148,1.1342,1.205,32935,1,36795,26555.0
101,-26,RBE,RBEU20,D1,2020-07-31,1596153600,1.2051,1.2098,1.1474,1.1779,27259,1,30426,29981.0
102,-25,RBE,RBEU20,D1,2020-08-01,1596240000,1.1779,1.1779,1.1779,1.1779,5,0,5,22409.0
103,-24,RBE,RBEU20,D1,2020-08-02,1596326400,1.174,1.1755,1.1645,1.1681,115,2,145,10192.0
104,-23,RBE,RBEU20,D1,2020-08-03,1596412800,1.1695,1.2287,1.1557,1.2038,30639,1,34384,11511.0
105,-22,RBE,RBEU20,D1,2020-08-04,1596499200,1.2049,1.2311,1.1887,1.2127,20388,1,22960,19163.0
106,-21,RBE,RBEU20,D1,2020-08-05,1596585600,1.212,1.2646,1.2104,1.2266,18738,1,20379,25908.0
107,-20,RBE,RBEU20,D1,2020-08-06,1596672000,1.2269,1.2496,1.2139,1.2319,18613,1,19909,21083.0
108,-19,RBE,RBEU20,D1,2020-08-07,1596758400,1.2317,1.2378,1.1956,1.2135,23973,1,26393,22227.0
109,-18,RBE,RBEU20,D1,2020-08-09,1596931200,1.2195,1.2195,1.2081,1.2135,176,1,227,15510.0
110,-17,RBE,RBEU20,D1,2020-08-10,1597017600,1.2125,1.2491,1.2109,1.2344,22578,1,25000,17207.0
111,-16,RBE,RBEU20,D1,2020-08-11,1597104000,1.2337,1.2606,1.2015,1.2088,23320,1,25693,16973.0
112,-15,RBE,RBEU20,D1,2020-08-12,1597190400,1.2081,1.2482,1.207,1.2415,19724,0,21655,24116.0
113,-14,RBE,RBEU20,D1,2020-08-13,1597276800,1.2411,1.253,1.2176,1.2521,15734,1,17294,21547.0
114,-13,RBE,RBEU20,D1,2020-08-14,1597363200,1.2521,1.2524,1.2257,1.2488,17278,1,19227,19392.0
115,-12,RBE,RBEU20,D1,2020-08-16,1597536000,1.2525,1.2846,1.2525,1.2791,1215,1,1465,12662.0
116,-11,RBE,RBEU20,D1,2020-08-17,1597622400,1.2797,1.2915,1.2474,1.2695,18187,1,19869,13520.0
94,-37,RBE,RBEV20,D1,2020-08-18,1597708800,1.211,1.2272,1.1964,1.206,8377,0,16357,11554.0
95,-36,RBE,RBEV20,D1,2020-08-19,1597795200,1.2055,1.2294,1.1931,1.2178,8900,0,26539,19958.0
96,-35,RBE,RBEV20,D1,2020-08-20,1597881600,1.218,1.2356,1.184,1.2349,11010,0,30668,24521.0
97,-34,RBE,RBEV20,D1,2020-08-21,1597968000,1.2347,1.24,1.1845,1.2055,11566,0,33031,30079.0
98,-33,RBE,RBEV20,D1,2020-08-23,1598140800,1.2196,1.2462,1.2173,1.2257,1265,0,2118,21939.0
99,-32,RBE,RBEV20,D1,2020-08-24,1598227200,1.2257,1.2698,1.2201,1.2677,12455,0,38335,24495.0
100,-31,RBE,RBEV20,D1,2020-08-25,1598313600,1.2673,1.2941,1.2545,1.2704,14492,0,39284,26579.0
101,-30,RBE,RBEV20,D1,2020-08-26,1598400000,1.2698,1.2704,1.2391,1.2666,14023,0,37313,38311.0
102,-29,RBE,RBEV20,D1,2020-08-27,1598486400,1.2666,1.2765,1.1989,1.2115,15399,0,40365,38987.0
103,-28,RBE,RBEV20,D1,2020-08-28,1598572800,1.2116,1.25,1.2017,1.2467,11880,0,30861,36180.0
104,-27,RBE,RBEV20,D1,2020-08-30,1598745600,1.2412,1.2486,1.2412,1.2483,182,0,175,23800.0
105,-26,RBE,RBEV20,D1,2020-08-31,1598832000,1.2488,1.2584,1.2116,1.2231,9953,0,21934,17657.0
106,-25,RBE,RBEV20,D1,2020-09-01,1598918400,1.2234,1.2444,1.2194,1.2391,10070,0,19378,13829.0
107,-24,RBE,RBEV20,D1,2020-09-02,1599004800,1.2387,1.247,1.1924,1.2052,12472,0,30825,24046.0
108,-23,RBE,RBEV20,D1,2020-09-03,1599091200,1.2068,1.2126,1.1748,1.199,13882,0,26758,25654.0
109,-22,RBE,RBEV20,D1,2020-09-04,1599177600,1.1998,1.2104,1.1557,1.166,14557,0,35383,30989.0
110,-21,RBE,RBEV20,D1,2020-09-06,1599350400,1.1635,1.1685,1.15,1.1547,551,0,276,20806.0
111,-20,RBE,RBEV20,D1,2020-09-07,1599436800,1.1554,1.1735,1.1547,1.1644,5078,0,5126,13595.0
112,-19,RBE,RBEV20,D1,2020-09-08,1599523200,1.1637,1.1668,1.0851,1.0992,17898,0,40876,15426.0
113,-18,RBE,RBEV20,D1,2020-09-09,1599609600,1.0997,1.1292,1.0933,1.12,14057,0,26045,24016.0
114,-17,RBE,RBEV20,D1,2020-09-10,1599696000,1.1194,1.1314,1.0882,1.0933,12971,0,25714,30878.0
115,-16,RBE,RBEV20,D1,2020-09-11,1599782400,1.0935,1.1154,1.0755,1.1005,12546,0,25781,25847.0
116,-15,RBE,RBEV20,D1,2020-09-13,1599955200,1.1076,1.1177,1.1005,1.1119,1027,0,1444,17646.0
117,-14,RBE,RBEV20,D1,2020-09-14,1600041600,1.1118,1.1204,1.0927,1.1124,11090,0,25093,17439.0
118,-13,RBE,RBEV20,D1,2020-09-15,1600128000,1.1121,1.141,1.1004,1.1341,10632,0,22714,16417.0
119,-12,RBE,RBEV20,D1,2020-09-16,1600214400,1.133,1.199,1.1312,1.1952,11493,0,25416,24408.0
120,-11,RBE,RBEV20,D1,2020-09-17,1600300800,1.1947,1.2315,1.1732,1.2215,10094,0,20167,22766.0
88,-38,RBE,RBEX20,D1,2020-09-18,1600387200,1.1984,1.2142,1.1891,1.2079,21699,1,23517,19915.0
89,-37,RBE,RBEX20,D1,2020-09-20,1600560000,1.2065,1.2087,1.1912,1.193,582,1,617,14318.0
90,-36,RBE,RBEX20,D1,2020-09-21,1600646400,1.1929,1.2029,1.1372,1.1627,25285,1,27612,17249.0
91,-35,RBE,RBEX20,D1,2020-09-22,1600732800,1.1626,1.1658,1.1317,1.1513,18243,0,19578,15936.0
92,-34,RBE,RBEX20,D1,2020-09-23,1600819200,1.1514,1.1776,1.1396,1.1458,23051,0,25417,24202.0
93,-33,RBE,RBEX20,D1,2020-09-24,1600905600,1.1447,1.1759,1.1441,1.1719,19163,1,20873,21956.0
94,-32,RBE,RBEX20,D1,2020-09-25,1600992000,1.1717,1.1925,1.1619,1.1881,19054,1,21356,22549.0
95,-31,RBE,RBEX20,D1,2020-09-27,1601164800,1.1857,1.1924,1.1846,1.1878,153,1,179,14136.0
96,-30,RBE,RBEX20,D1,2020-09-28,1601251200,1.1879,1.2186,1.1797,1.2167,21999,1,24685,15407.0
97,-29,RBE,RBEX20,D1,2020-09-29,1601337600,1.2167,1.218,1.1548,1.1597,25666,1,29170,18011.0
98,-28,RBE,RBEX20,D1,2020-09-30,1601424000,1.1599,1.1837,1.1412,1.1767,20428,1,22339,25398.0
99,-27,RBE,RBEX20,D1,2020-10-01,1601510400,1.1765,1.1888,1.123,1.1469,23955,1,26675,26061.0
100,-26,RBE,RBEX20,D1,2020-10-02,1601596800,1.1469,1.1486,1.0958,1.119,23134,1,26115,25043.0
101,-25,RBE,RBEX20,D1,2020-10-04,1601769600,1.1274,1.1436,1.1224,1.143,923,1,1056,17949.0
102,-24,RBE,RBEX20,D1,2020-10-05,1601856000,1.1449,1.2147,1.1435,1.1995,32800,1,36584,21252.0
103,-23,RBE,RBEX20,D1,2020-10-06,1601942400,1.1998,1.2433,1.1952,1.2147,27398,1,30408,22683.0
104,-22,RBE,RBEX20,D1,2020-10-07,1602028800,1.2139,1.2236,1.1801,1.2095,24681,1,26862,31285.0
105,-21,RBE,RBEX20,D1,2020-10-08,1602115200,1.2084,1.2376,1.2038,1.2299,19134,1,20802,26024.0
106,-20,RBE,RBEX20,D1,2020-10-09,1602201600,1.2305,1.2323,1.1977,1.2056,21859,1,24423,24029.0
107,-19,RBE,RBEX20,D1,2020-10-10,1602288000,1.2056,1.2056,1.2056,1.2056,1,218,1,15075.0
108,-18,RBE,RBEX20,D1,2020-10-11,1602374400,1.2056,1.2082,1.1997,1.2013,423,0,483,8302.0
109,-17,RBE,RBEX20,D1,2020-10-12,1602460800,1.2002,1.2016,1.1678,1.1791,20679,1,22946,7810.0
110,-16,RBE,RBEX20,D1,2020-10-13,1602547200,1.1795,1.1998,1.1745,1.1801,17084,1,18704,14044.0
111,-15,RBE,RBEX20,D1,2020-10-14,1602633600,1.1816,1.2042,1.1651,1.2007,16778,1,18187,19946.0
112,-14,RBE,RBEX20,D1,2020-10-15,1602720000,1.1998,1.2017,1.1384,1.181,21229,1,23303,20065.0
113,-13,RBE,RBEX20,D1,2020-10-16,1602806400,1.1804,1.1828,1.1422,1.165,13523,1,14888,18793.0
114,-12,RBE,RBEX20,D1,2020-10-18,1602979200,1.165,1.1708,1.164,1.1683,194,1,243,12811.0
92,-35,RBE,RBEZ20,D1,2020-10-19,1603065600,1.1539,1.16,1.1415,1.1439,15928,1,17603,11748.0
93,-34,RBE,RBEZ20,D1,2020-10-20,1603152000,1.1442,1.1773,1.1374,1.168,23693,0,25831,14526.0
94,-33,RBE,RBEZ20,D1,2020-10-21,1603238400,1.1679,1.1695,1.1184,1.1247,35607,1,39038,27491.0
95,-32,RBE,RBEZ20,D1,2020-10-22,1603324800,1.1243,1.1583,1.1204,1.1463,22156,1,24378,29749.0
96,-31,RBE,RBEZ20,D1,2020-10-23,1603411200,1.1444,1.1507,1.119,1.1265,22203,1,24201,29206.0
120,-6,RBE,RBEX20,D1,2020-10-24,1603497600,1.1385,1.1385,1.1385,1.1385,2,0,2,2873.0
97,-30,RBE,RBEZ20,D1,2020-10-25,1603584000,1.1212,1.1262,1.109,1.1148,401,1,470,16350.0
98,-29,RBE,RBEZ20,D1,2020-10-26,1603670400,1.1142,1.1192,1.0925,1.0996,26601,1,29750,18140.0
99,-28,RBE,RBEZ20,D1,2020-10-27,1603756800,1.0994,1.1328,1.0968,1.1082,27611,1,30536,20252.0
100,-27,RBE,RBEZ20,D1,2020-10-28,1603843200,1.1079,1.1096,1.0535,1.0846,40474,1,44215,34834.0
101,-26,RBE,RBEZ20,D1,2020-10-29,1603929600,1.0849,1.087,1.0032,1.0271,39612,0,43356,39369.0
102,-25,RBE,RBEZ20,D1,2020-10-30,1604016000,1.0261,1.0362,1.0054,1.0318,28283,1,31402,39658.0
103,-24,RBE,RBEZ20,D1,2020-11-01,1604188800,1.0215,1.0217,0.9702,0.9778,1561,1,1816,25525.0
104,-23,RBE,RBEZ20,D1,2020-11-02,1604275200,0.9776,1.0625,0.9752,1.0579,28399,1,31119,21446.0
105,-22,RBE,RBEZ20,D1,2020-11-03,1604361600,1.0574,1.0965,1.0411,1.0903,25198,1,27616,20184.0
106,-21,RBE,RBEZ20,D1,2020-11-04,1604448000,1.0891,1.1125,1.061,1.1051,23798,1,25860,28198.0
107,-20,RBE,RBEZ20,D1,2020-11-05,1604534400,1.1044,1.1185,1.0861,1.112,19310,1,20853,24776.0
108,-19,RBE,RBEZ20,D1,2020-11-06,1604620800,1.1114,1.1127,1.0757,1.0894,23239,1,25629,24114.0
109,-18,RBE,RBEZ20,D1,2020-11-08,1604793600,1.0905,1.0998,1.0839,1.0984,169,1,194,15559.0
110,-17,RBE,RBEZ20,D1,2020-11-09,1604880000,1.0972,1.1973,1.0963,1.145,38620,1,42126,22650.0
111,-16,RBE,RBEZ20,D1,2020-11-10,1604966400,1.1454,1.2111,1.1395,1.1987,28064,1,30848,24389.0
112,-15,RBE,RBEZ20,D1,2020-11-11,1605052800,1.1981,1.2341,1.1729,1.1782,22228,1,24494,32489.0
113,-14,RBE,RBEZ20,D1,2020-11-12,1605139200,1.1762,1.1854,1.1427,1.1456,21605,1,23707,26350.0
114,-13,RBE,RBEZ20,D1,2020-11-13,1605225600,1.1445,1.1463,1.1178,1.1236,22562,1,25247,24483.0
59,-64,RBE,RBEG21,D1,2020-11-15,1605398400,1.1364,1.1431,1.1362,1.1431,29,0,17,2253.0
115,-12,RBE,RBEZ20,D1,2020-11-16,1605484800,1.1313,1.1746,1.1301,1.1507,17128,1,19192,22715.0
116,-11,RBE,RBEZ20,D1,2020-11-17,1605571200,1.1505,1.1598,1.1244,1.1532,11823,1,13143,19194.0
90,-36,RBE,RBEF21,D1,2020-11-18,1605657600,1.1526,1.1787,1.147,1.1544,20797,1,22465,18082.0
91,-35,RBE,RBEF21,D1,2020-11-19,1605744000,1.1539,1.167,1.1429,1.157,18651,1,20324,19555.0
92,-34,RBE,RBEF21,D1,2020-11-20,1605830400,1.1569,1.1799,1.1554,1.1755,20118,1,21981,21590.0
93,-33,RBE,RBEF21,D1,2020-11-22,1606003200,1.1752,1.1762,1.1723,1.1749,79,1,80,14128.0
94,-32,RBE,RBEF21,D1,2020-11-23,1606089600,1.175,1.2018,1.1713,1.1983,21545,0,24221,15427.0
95,-31,RBE,RBEF21,D1,2020-11-24,1606176000,1.1969,1.2619,1.1953,1.2513,28880,1,32133,18811.0
96,-30,RBE,RBEF21,D1,2020-11-25,1606262400,1.2514,1.2795,1.248,1.2742,28936,1,32171,29508.0
97,-29,RBE,RBEF21,D1,2020-11-26,1606348800,1.2735,1.2815,1.245,1.2544,4879,1,5615,23306.0
98,-28,RBE,RBEF21,D1,2020-11-27,1606435200,1.2539,1.2686,1.2439,1.2627,12764,1,13942,17243.0
99,-27,RBE,RBEF21,D1,2020-11-29,1606608000,1.264,1.264,1.2465,1.2534,427,1,542,6700.0
100,-26,RBE,RBEF21,D1,2020-11-30,1606694400,1.2534,1.266,1.2304,1.2381,30002,1,32877,15787.0
101,-25,RBE,RBEF21,D1,2020-12-01,1606780800,1.2381,1.2541,1.2057,1.2082,28994,1,31093,21504.0
102,-24,RBE,RBEF21,D1,2020-12-02,1606867200,1.2079,1.2553,1.2037,1.2346,29130,1,31414,31795.0
103,-23,RBE,RBEF21,D1,2020-12-03,1606953600,1.2345,1.2674,1.2239,1.2652,23144,1,24853,29120.0
104,-22,RBE,RBEF21,D1,2020-12-04,1607040000,1.2653,1.288,1.2588,1.2619,20271,1,22920,26396.0
105,-21,RBE,RBEF21,D1,2020-12-06,1607212800,1.2645,1.2676,1.2614,1.2623,169,1,200,15991.0
106,-20,RBE,RBEF21,D1,2020-12-07,1607299200,1.261,1.274,1.2438,1.2504,22363,1,24276,15799.0
107,-19,RBE,RBEF21,D1,2020-12-08,1607385600,1.2506,1.2686,1.2384,1.2559,21823,1,24217,16231.0
108,-18,RBE,RBEF21,D1,2020-12-09,1607472000,1.2558,1.2865,1.2495,1.2841,29352,1,32141,26878.0
109,-17,RBE,RBEF21,D1,2020-12-10,1607558400,1.284,1.3355,1.2789,1.3204,29126,1,31473,29277.0
110,-16,RBE,RBEF21,D1,2020-12-11,1607644800,1.3204,1.3265,1.2981,1.3079,21098,1,23427,29014.0
111,-15,RBE,RBEF21,D1,2020-12-12,1607731200,1.3079,1.3079,1.3079,1.3079,1,300,1,18300.0
112,-14,RBE,RBEF21,D1,2020-12-13,1607817600,1.3113,1.3131,1.3076,1.3109,182,1,206,7878.0
113,-13,RBE,RBEF21,D1,2020-12-14,1607904000,1.3106,1.3285,1.2862,1.3211,21301,0,23564,7924.0
114,-12,RBE,RBEF21,D1,2020-12-15,1607990400,1.3221,1.3346,1.309,1.3263,17990,1,19534,14435.0
115,-11,RBE,RBEF21,D1,2020-12-16,1608076800,1.3258,1.3597,1.3213,1.3549,20986,1,22798,21965.0
116,-10,RBE,RBEF21,D1,2020-12-17,1608163200,1.3548,1.3917,1.3544,1.3888,19901,0,22311,21548.0
117,-9,RBE,RBEF21,D1,2020-12-18,1608249600,1.3886,1.4018,1.3784,1.3964,12178,1,13753,19621.0
66,-53,RBE,RBEH21,D1,2020-12-20,1608422400,1.4035,1.405,1.3828,1.3842,429,0,221,3831.0
90,-33,RBE,RBEG21,D1,2020-12-21,1608508800,1.3427,1.3576,1.3027,1.3507,28151,1,30359,22686.0
91,-32,RBE,RBEG21,D1,2020-12-22,1608595200,1.3501,1.3516,1.3167,1.3344,19067,0,20815,23212.0
92,-31,RBE,RBEG21,D1,2020-12-23,1608681600,1.3341,1.3812,1.3175,1.3727,22201,1,23763,24979.0
93,-30,RBE,RBEG21,D1,2020-12-24,1608768000,1.3738,1.3884,1.3582,1.3725,11958,1,12866,19148.0
94,-29,RBE,RBEG21,D1,2020-12-27,1609027200,1.3729,1.3729,1.3553,1.3651,240,1,262,12297.0
95,-28,RBE,RBEG21,D1,2020-12-28,1609113600,1.3651,1.3922,1.3573,1.3611,18321,1,20123,11084.0
96,-27,RBE,RBEG21,D1,2020-12-29,1609200000,1.3612,1.3854,1.3599,1.3814,18885,1,20325,13570.0
97,-26,RBE,RBEG21,D1,2020-12-30,1609286400,1.3806,1.4119,1.3779,1.3994,23187,1,25151,21866.0
98,-25,RBE,RBEG21,D1,2020-12-31,1609372800,1.3992,1.4126,1.3825,1.4111,19394,1,22107,22528.0
99,-24,RBE,RBEG21,D1,2021-01-03,1609632000,1.4085,1.4115,1.4021,1.4093,225,1,233,15830.0
100,-23,RBE,RBEG21,D1,2021-01-04,1609718400,1.4086,1.4516,1.3618,1.3656,30605,1,33971,18770.0
101,-22,RBE,RBEG21,D1,2021-01-05,1609804800,1.3657,1.4586,1.3641,1.4415,28542,1,31767,21990.0
102,-21,RBE,RBEG21,D1,2021-01-06,1609891200,1.4413,1.4931,1.4404,1.4702,24490,1,26371,30703.0
103,-20,RBE,RBEG21,D1,2021-01-07,1609977600,1.4698,1.4879,1.4641,1.4869,18061,1,19831,25990.0
104,-19,RBE,RBEG21,D1,2021-01-08,1610064000,1.4864,1.5495,1.4844,1.548,24139,1,26869,24357.0
105,-18,RBE,RBEG21,D1,2021-01-09,1610150400,1.548,1.548,1.548,1.548,2,0,4,15568.0
106,-17,RBE,RBEG21,D1,2021-01-10,1610236800,1.548,1.5486,1.535,1.5354,191,0,221,9031.0
81,-38,RBE,RBEH21,D1,2021-01-11,1610323200,1.5338,1.5366,1.5089,1.5219,12101,1,13027,12111.0
82,-37,RBE,RBEH21,D1,2021-01-12,1610409600,1.5219,1.5594,1.5205,1.5564,12743,1,13822,13561.0
109,-14,RBE,RBEG21,D1,2021-01-13,1610496000,1.5612,1.5756,1.5344,1.5459,16779,1,18764,18209.0
110,-13,RBE,RBEG21,D1,2021-01-14,1610582400,1.5459,1.5609,1.5183,1.5609,12252,1,13935,16641.0
111,-12,RBE,RBEG21,D1,2021-01-15,1610668800,1.5608,1.5624,1.516,1.5183,13632,1,15380,16026.0
112,-11,RBE,RBEG21,D1,2021-01-17,1610841600,1.5181,1.5245,1.5166,1.521,71,1,87,9801.0
86,-33,RBE,RBEH21,D1,2021-01-18,1610928000,1.5206,1.5263,1.5117,1.5234,3165,0,3440,11825.0
87,-32,RBE,RBEH21,D1,2021-01-19,1611014400,1.5233,1.5477,1.5204,1.542,18101,1,19766,13520.0
88,-31,RBE,RBEH21,D1,2021-01-20,1611100800,1.5417,1.5634,1.5293,1.5344,18229,1,19885,14364.0
89,-30,RBE,RBEH21,D1,2021-01-21,1611187200,1.5344,1.5513,1.5282,1.5479,17692,1,19120,19590.0
90,-29,RBE,RBEH21,D1,2021-01-22,1611273600,1.5472,1.5484,1.5064,1.5365,27958,1,30425,23143.0
69,-60,RBE,RBEJ21,D1,2021-01-24,1611446400,1.6445,1.6445,1.6441,1.6441,4,0,4,4338.0
91,-28,RBE,RBEH21,D1,2021-01-25,1611532800,1.5432,1.5696,1.5283,1.5590000000000002,29739,1,32526,27357.0
92,-27,RBE,RBEH21,D1,2021-01-26,1611619200,1.5585,1.5844,1.549,1.5731000000000002,23192,1,24815,29255.0
93,-26,RBE,RBEH21,D1,2021-01-27,1611705600,1.5731000000000002,1.5839,1.5547,1.5589,18907,1,21084,26142.0
94,-25,RBE,RBEH21,D1,2021-01-28,1611792000,1.5596,1.6067,1.5567,1.5747,21916,1,24546,23482.0
95,-24,RBE,RBEH21,D1,2021-01-29,1611878400,1.5735,1.6258,1.549,1.5528,29694,1,34899,26843.0
75,-54,RBE,RBEJ21,D1,2021-01-30,1611964800,1.6544,1.6544,1.6544,1.6544,1,897,1,7265.0
96,-23,RBE,RBEH21,D1,2021-01-31,1612051200,1.5528,1.5541,1.541,1.5526,378,1,427,19957.0
97,-22,RBE,RBEH21,D1,2021-02-01,1612137600,1.5532,1.5979,1.5489000000000002,1.5955,23000,1,26095,20474.0
98,-21,RBE,RBEH21,D1,2021-02-02,1612224000,1.5941999999999998,1.6434,1.5924,1.6384,18254,1,21611,16044.0
99,-20,RBE,RBEH21,D1,2021-02-03,1612310400,1.6351,1.6583,1.6312,1.6533,21216,1,24054,23920.0
100,-19,RBE,RBEH21,D1,2021-02-04,1612396800,1.6524,1.6615,1.6244,1.6554,14541,1,17158,20941.0
101,-18,RBE,RBEH21,D1,2021-02-05,1612483200,1.6556,1.6732,1.647,1.6526,14996,1,17041,19418.0
102,-17,RBE,RBEH21,D1,2021-02-07,1612656000,1.6517,1.6627999999999998,1.6517,1.6611,60,2,70,11423.0
103,-16,RBE,RBEH21,D1,2021-02-08,1612742400,1.6619000000000002,1.6800000000000002,1.6575,1.6794,13481,1,15462,10858.0
104,-15,RBE,RBEH21,D1,2021-02-09,1612828800,1.6785,1.6924,1.6494,1.6676,17499,1,20109,11880.0
105,-14,RBE,RBEH21,D1,2021-02-10,1612915200,1.666,1.6721,1.6383,1.6388,16724,1,19238,18270.0
106,-13,RBE,RBEH21,D1,2021-02-11,1613001600,1.6413,1.667,1.6335,1.6462,16067,1,17904,19084.0
107,-12,RBE,RBEH21,D1,2021-02-12,1613088000,1.6463,1.7006,1.631,1.6946,17463,1,20026,19056.0
108,-11,RBE,RBEH21,D1,2021-02-14,1613260800,1.6946,1.7201,1.6946,1.7088,1326,0,1480,13137.0
89,-40,RBE,RBEJ21,D1,2021-02-15,1613347200,1.83,1.8781,1.8281,1.8777,12585,0,13359,10272.0
90,-39,RBE,RBEJ21,D1,2021-02-16,1613433600,1.8779,1.8835,1.8394,1.862,27082,1,29385,14589.0
91,-38,RBE,RBEJ21,D1,2021-02-17,1613520000,1.8617,1.906,1.8482,1.904,25793,1,28335,23693.0
92,-37,RBE,RBEJ21,D1,2021-02-18,1613606400,1.9048,1.9247,1.8646,1.8922,29066,1,31814,29845.0
93,-36,RBE,RBEJ21,D1,2021-02-19,1613692800,1.8924,1.9142,1.8645,1.8689,33100,1,37190,32446.0
94,-35,RBE,RBEJ21,D1,2021-02-21,1613865600,1.8786,1.891,1.8716,1.8872,239,1,284,23096.0
95,-34,RBE,RBEJ21,D1,2021-02-22,1613952000,1.8897,1.949,1.8735,1.9351,27229,1,30486,22653.0
96,-33,RBE,RBEJ21,D1,2021-02-23,1614038400,1.9342,1.96,1.9019,1.9363,24448,1,27804,19525.0
97,-32,RBE,RBEJ21,D1,2021-02-24,1614124800,1.9365,1.9849,1.9294,1.9832,22570,1,25152,27814.0
98,-31,RBE,RBEJ21,D1,2021-02-25,1614211200,1.9832,1.9894,1.9535,1.9825,21150,1,23473,25476.0
99,-30,RBE,RBEJ21,D1,2021-02-26,1614297600,1.9824,1.9824,1.9429,1.9505,26561,1,29652,26092.0
100,-29,RBE,RBEJ21,D1,2021-02-28,1614470400,1.9505,1.9781,1.9505,1.9758,424,0,476,17867.0
101,-28,RBE,RBEJ21,D1,2021-03-01,1614556800,1.9752,1.989,1.9178,1.9335,30271,1,33564,21231.0
102,-27,RBE,RBEJ21,D1,2021-03-02,1614643200,1.9325,1.9651,1.9063,1.9264,27157,1,30183,21408.0
103,-26,RBE,RBEJ21,D1,2021-03-03,1614729600,1.9263,1.9711,1.9247,1.9301,24470,1,27246,30331.0
104,-25,RBE,RBEJ21,D1,2021-03-04,1614816000,1.9315,2.0242,1.9166,2.0069,25383,0,28815,28748.0
105,-24,RBE,RBEJ21,D1,2021-03-05,1614902400,2.0051,2.079,1.9939,2.077,22312,1,25749,27270.0
106,-23,RBE,RBEJ21,D1,2021-03-07,1615075200,2.077,2.1119,2.077,2.089,575,1,750,18438.0
107,-22,RBE,RBEJ21,D1,2021-03-08,1615161600,2.0899,2.1065,2.0314,2.0478,19807,0,22345,16281.0
108,-21,RBE,RBEJ21,D1,2021-03-09,1615248000,2.0485,2.0859,2.0338,2.0461,17639,1,20319,14471.0
109,-20,RBE,RBEJ21,D1,2021-03-10,1615334400,2.0462,2.088,2.0202,2.0781,19334,1,21387,21350.0
110,-19,RBE,RBEJ21,D1,2021-03-11,1615420800,2.0777,2.1455,2.075,2.1345,17899,1,19854,20520.0
111,-18,RBE,RBEJ21,D1,2021-03-12,1615507200,2.1355,2.1599,2.1267,2.1519,16917,1,19278,20173.0
112,-17,RBE,RBEJ21,D1,2021-03-13,1615593600,2.1519,2.1519,2.1519,2.1519,1,320,1,13044.0
113,-16,RBE,RBEJ21,D1,2021-03-14,1615680000,2.1519,2.1646,2.1475,2.1609,287,2,334,6538.0
114,-15,RBE,RBEJ21,D1,2021-03-15,1615766400,2.1609,2.17,2.0798,2.1039,20851,0,23851,8062.0
115,-14,RBE,RBEJ21,D1,2021-03-16,1615852800,2.1039,2.1116,2.0761,2.0952,14514,1,16062,13416.0
116,-13,RBE,RBEJ21,D1,2021-03-17,1615939200,2.0957,2.1038,2.0309,2.0633,15996,1,18461,19458.0
88,-39,RBE,RBEK21,D1,2021-03-18,1616025600,2.0586,2.062,1.8933,1.9273,26058,1,28745,20954.0
89,-38,RBE,RBEK21,D1,2021-03-19,1616112000,1.9252,1.97,1.8982,1.9402,29365,1,32476,27740.0
90,-37,RBE,RBEK21,D1,2021-03-21,1616284800,1.9426,1.9458,1.9285,1.9285,269,1,335,20519.0
91,-36,RBE,RBEK21,D1,2021-03-22,1616371200,1.9265,1.9732,1.9164,1.9559,20154,1,22686,18499.0
92,-35,RBE,RBEK21,D1,2021-03-23,1616457600,1.956,1.9575,1.8697,1.8788,29058,1,31946,18322.0
93,-34,RBE,RBEK21,D1,2021-03-24,1616544000,1.8778,1.99,1.8759,1.9745,29762,1,33028,29220.0
94,-33,RBE,RBEK21,D1,2021-03-25,1616630400,1.9761,1.9824,1.9018,1.9292,26903,0,29900,31625.0
95,-32,RBE,RBEK21,D1,2021-03-26,1616716800,1.9274,1.9817,1.9271,1.972,26354,1,29073,30667.0
125,-4,RBE,RBEJ21,D1,2021-03-27,1616803200,1.9675,1.9675,1.9675,1.9675,2,1249,2,2576.0
96,-31,RBE,RBEK21,D1,2021-03-28,1616889600,1.9752,1.9787,1.9627,1.9761,213,1,237,19737.0
97,-30,RBE,RBEK21,D1,2021-03-29,1616976000,1.9775,2.0254,1.9522,2.0215,21914,1,24689,18000.0
98,-29,RBE,RBEK21,D1,2021-03-30,1617062400,2.0203,2.0203,1.962,1.9954,21061,1,23448,16125.0
99,-28,RBE,RBEK21,D1,2021-03-31,1617148800,1.9964,2.0178,1.9511,1.9688,18104,1,20414,22850.0
100,-27,RBE,RBEK21,D1,2021-04-01,1617235200,1.9661,2.036,1.955,2.0107,25276,1,29628,24497.0
101,-26,RBE,RBEK21,D1,2021-04-02,1617321600,2.0107,2.0107,2.0107,2.0107,1,274,1,16681.0
102,-25,RBE,RBEK21,D1,2021-04-03,1617408000,2.0107,2.0107,2.0107,2.0107,1,274,1,9877.0
52,-70,RBE,RBEN21,D1,2021-04-04,1617494400,1.9829,1.9829,1.9687,1.9687,112,0,43,1615.0
75,-39,RBE,RBEM21,D1,2021-04-05,1617580800,2.0012,2.0079,1.925,1.967,8101,1,9339,10027.0
105,-22,RBE,RBEK21,D1,2021-04-06,1617667200,1.9725,2.0171,1.9551,1.9574,21111,1,24486,16593.0
106,-21,RBE,RBEK21,D1,2021-04-07,1617753600,1.9601,1.9833,1.9169,1.9471,22061,1,25103,24832.0
107,-20,RBE,RBEK21,D1,2021-04-08,1617840000,1.9463,1.9655,1.9331,1.9578,17614,1,20033,23207.0
108,-19,RBE,RBEK21,D1,2021-04-09,1617926400,1.959,1.9691,1.94,1.9636,16769,1,19842,21659.0
109,-18,RBE,RBEK21,D1,2021-04-10,1618012800,1.9636,1.9636,1.9636,1.9636,6,149,6,13294.0
110,-17,RBE,RBEK21,D1,2021-04-11,1618099200,1.9636,1.9694,1.9636,1.967,209,1,258,6702.0
80,-34,RBE,RBEM21,D1,2021-04-12,1618185600,1.9684,1.9977,1.944,1.9702,10236,1,11164,11162.0
112,-15,RBE,RBEK21,D1,2021-04-13,1618272000,1.9685,1.9874,1.9646,1.9736,12829,1,15205,12143.0
113,-14,RBE,RBEK21,D1,2021-04-14,1618358400,1.9727,2.0465,1.9702,2.0248,18577,1,21396,19189.0
114,-13,RBE,RBEK21,D1,2021-04-15,1618444800,2.0239,2.0535,2.0176,2.05,12109,1,13520,16707.0
115,-12,RBE,RBEK21,D1,2021-04-16,1618531200,2.0509,2.0622,2.0364,2.0385,13883,1,16105,17007.0
116,-11,RBE,RBEK21,D1,2021-04-18,1618704000,2.0385,2.0408,2.0326,2.0335,165,0,201,9942.0
85,-29,RBE,RBEM21,D1,2021-04-19,1618790400,2.0358,2.0572,2.0322,2.0519,11783,1,13202,13961.0
86,-28,RBE,RBEM21,D1,2021-04-20,1618876800,2.0508,2.0742,1.9934,2.0118,25267,1,28304,18987.0
87,-27,RBE,RBEM21,D1,2021-04-21,1618963200,2.0122,2.0217,1.9722,1.9788,20500,1,22765,21424.0
88,-26,RBE,RBEM21,D1,2021-04-22,1619049600,1.9773,2.0029,1.9665,1.9932,19504,1,21230,24100.0
89,-25,RBE,RBEM21,D1,2021-04-23,1619136000,1.995,2.0103,1.9769,2.0032,19382,1,22654,22216.0
122,-5,RBE,RBEK21,D1,2021-04-25,1619308800,1.9925,1.9987,1.9901,1.9901,89,1,103,3836.0
90,-24,RBE,RBEM21,D1,2021-04-26,1619395200,1.9991,2.008,1.9537,1.992,20572,1,23415,22433.0
91,-23,RBE,RBEM21,D1,2021-04-27,1619481600,1.9928,2.0376,1.9888,2.0335,23713,1,26800,24290.0
92,-22,RBE,RBEM21,D1,2021-04-28,1619568000,2.0353,2.0774,2.0239,2.0726,21858,1,24044,24753.0
93,-21,RBE,RBEM21,D1,2021-04-29,1619654400,2.0729,2.1189,2.0716,2.1019,19801,1,22096,24313.0
94,-20,RBE,RBEM21,D1,2021-04-30,1619740800,2.1004,2.1007,2.0554,2.0716,23442,1,27416,24519.0
44,-77,RBE,RBEQ21,D1,2021-05-02,1619913600,2.0493,2.0493,2.0491,2.0491,2,0,3,1449.0
95,-19,RBE,RBEM21,D1,2021-05-03,1620000000,2.0849,2.1299,2.0541,2.1288,21022,1,23939,24484.0
96,-18,RBE,RBEM21,D1,2021-05-04,1620086400,2.1285,2.1741,2.1167,2.1676,27023,1,31431,27595.0
97,-17,RBE,RBEM21,D1,2021-05-05,1620172800,2.1675,2.1824,2.1273,2.1288,23040,1,26234,27201.0
98,-16,RBE,RBEM21,D1,2021-05-06,1620259200,2.1297,2.1543,2.109,2.1152,19616,1,22642,26769.0
99,-15,RBE,RBEM21,D1,2021-05-07,1620345600,2.1152,2.14,2.0856,2.1317,23928,1,27350,25409.0
50,-71,RBE,RBEQ21,D1,2021-05-09,1620518400,2.1631,2.182,2.1261,2.136,693,0,205,2359.0
100,-14,RBE,RBEM21,D1,2021-05-10,1620604800,2.1636,2.173,2.1128,2.1287,22179,1,24968,24987.0
101,-13,RBE,RBEM21,D1,2021-05-11,1620691200,2.1287,2.1452,2.0947,2.1364,20580,1,23743,25354.0
102,-12,RBE,RBEM21,D1,2021-05-12,1620777600,2.1365,2.1827,2.1223,2.143,22338,0,25578,24763.0
103,-11,RBE,RBEM21,D1,2021-05-13,1620864000,2.1443,2.148,2.077,2.0948,21551,1,24506,24609.0
104,-10,RBE,RBEM21,D1,2021-05-14,1620950400,2.0942,2.1299,2.0823,2.1299,17846,1,20703,23596.0
56,-65,RBE,RBEQ21,D1,2021-05-16,1621123200,2.115,2.1191,2.115,2.1183,44,0,6,2399.0
105,-9,RBE,RBEM21,D1,2021-05-17,1621209600,2.136,2.1645,2.1144,2.1596,12663,1,14378,19862.0
87,-35,RBE,RBEN21,D1,2021-05-18,1621296000,2.1557,2.1753,2.1144,2.1457,20253,1,22734,17068.0
88,-34,RBE,RBEN21,D1,2021-05-19,1621382400,2.1471,2.1471,2.0633,2.0962,29488,1,33087,23161.0
89,-33,RBE,RBEN21,D1,2021-05-20,1621468800,2.0965,2.1101,2.039,2.0483,22059,1,25579,27133.0
90,-32,RBE,RBEN21,D1,2021-05-21,1621555200,2.0496,2.0891,2.0322,2.0784,24451,1,27741,28802.0
62,-59,RBE,RBEQ21,D1,2021-05-23,1621728000,2.0676,2.0676,2.065,2.065,2,0,2,2646.0
91,-31,RBE,RBEN21,D1,2021-05-24,1621814400,2.0741,2.1293,2.0741,2.1235,20547,0,23420,25580.0
92,-30,RBE,RBEN21,D1,2021-05-25,1621900800,2.1241,2.1349,2.1055,2.1184,18929,1,22217,24459.0
93,-29,RBE,RBEN21,D1,2021-05-26,1621987200,2.119,2.155,2.1123,2.1512,22868,1,26198,23945.0
94,-28,RBE,RBEN21,D1,2021-05-27,1622073600,2.152,2.1661,2.1252,2.1636,19996,1,22666,23694.0
95,-27,RBE,RBEN21,D1,2021-05-28,1622160000,2.1636,2.1732,2.1313,2.1434,20366,1,23625,24163.0
68,-53,RBE,RBEQ21,D1,2021-05-30,1622332800,2.1367,2.1367,2.1323,2.1339,3,0,6,4617.0
96,-26,RBE,RBEN21,D1,2021-05-31,1622419200,2.1384,2.1635,2.1329,2.1469,2054,1,2385,16225.0
97,-25,RBE,RBEN21,D1,2021-06-01,1622505600,2.1478,2.2039,2.1471,2.1781,24593,0,29106,18372.0
98,-24,RBE,RBEN21,D1,2021-06-02,1622592000,2.1775,2.199,2.1692,2.189,16151,0,18853,16781.0
99,-23,RBE,RBEN21,D1,2021-06-03,1622678400,2.1881,2.2127,2.1789,2.1995,16108,1,18541,22167.0
100,-22,RBE,RBEN21,D1,2021-06-04,1622764800,2.1993,2.2241,2.1897,2.2028,14662,1,16921,18105.0
101,-21,RBE,RBEN21,D1,2021-06-06,1622937600,2.2028,2.2132,2.2028,2.2123,297,1,330,11931.0
102,-20,RBE,RBEN21,D1,2021-06-07,1623024000,2.2126,2.2171,2.19,2.1921,14634,1,17136,11462.0
103,-19,RBE,RBEN21,D1,2021-06-08,1623110400,2.1928,2.2265,2.1634,2.2176,23340,1,26885,14784.0
104,-18,RBE,RBEN21,D1,2021-06-09,1623196800,2.2173,2.2365,2.1878,2.1979,21374,0,24427,22816.0
105,-17,RBE,RBEN21,D1,2021-06-10,1623283200,2.199,2.2264,2.1723,2.2071,18147,1,20358,23890.0
106,-16,RBE,RBEN21,D1,2021-06-11,1623369600,2.2069,2.2232,2.1558,2.1852,22378,1,25823,23536.0
107,-15,RBE,RBEN21,D1,2021-06-13,1623542400,2.1852,2.1942,2.179,2.1913,164,1,208,15463.0
108,-14,RBE,RBEN21,D1,2021-06-14,1623628800,2.1929,2.2163,2.1652,2.1761,13264,1,14767,13599.0
109,-13,RBE,RBEN21,D1,2021-06-15,1623715200,2.1765,2.1911,2.1608,2.1739,16252,1,18127,11034.0
110,-12,RBE,RBEN21,D1,2021-06-16,1623801600,2.1716,2.1836,2.1315,2.1351,16011,0,17849,16914.0
84,-37,RBE,RBEQ21,D1,2021-06-17,1623888000,2.1386,2.177,2.1044,2.1341,23097,1,24802,19147.0
85,-36,RBE,RBEQ21,D1,2021-06-18,1623974400,2.1324,2.1763,2.1173,2.1617,19705,1,22237,22091.0
86,-35,RBE,RBEQ21,D1,2021-06-20,1624147200,2.1617,2.1884,2.1617,2.1867,279,1,317,15785.0
87,-34,RBE,RBEQ21,D1,2021-06-21,1624233600,2.1868,2.2079,2.1461,2.1983,20800,0,23340,15298.0
88,-33,RBE,RBEQ21,D1,2021-06-22,1624320000,2.1988,2.235,2.19,2.2282,24333,1,26958,16872.0
89,-32,RBE,RBEQ21,D1,2021-06-23,1624406400,2.2281,2.2869,2.2272,2.27,27100,1,30760,27019.0
90,-31,RBE,RBEQ21,D1,2021-06-24,1624492800,2.2706,2.2849,2.2452,2.2753,21647,1,23945,27221.0
91,-30,RBE,RBEQ21,D1,2021-06-25,1624579200,2.275,2.2937,2.1928,2.26,33104,1,37891,30865.0
92,-29,RBE,RBEQ21,D1,2021-06-27,1624752000,2.2619,2.262,2.2575,2.2576,170,1,186,20674.0
93,-28,RBE,RBEQ21,D1,2021-06-28,1624838400,2.2578,2.265,2.2159,2.2197,19503,1,22315,20131.0
94,-27,RBE,RBEQ21,D1,2021-06-29,1624924800,2.2194,2.2528,2.211,2.2422,19607,1,21935,14812.0
95,-26,RBE,RBEQ21,D1,2021-06-30,1625011200,2.2419,2.2659,2.2191,2.2428,20069,1,22480,22243.0
96,-25,RBE,RBEQ21,D1,2021-07-01,1625097600,2.2419,2.2984,2.24,2.2616,25656,1,29018,24478.0
97,-24,RBE,RBEQ21,D1,2021-07-02,1625184000,2.2599,2.3073,2.257,2.3005,26455,1,30809,27436.0
98,-23,RBE,RBEQ21,D1,2021-07-04,1625356800,2.3005,2.304,2.2987,2.2989,89,2,146,19991.0
99,-22,RBE,RBEQ21,D1,2021-07-05,1625443200,2.2997,2.3177,2.2907,2.3162,3918,0,4472,11809.0
100,-21,RBE,RBEQ21,D1,2021-07-06,1625529600,2.3158,2.3302,2.2262,2.2356,27999,0,31419,12012.0
101,-20,RBE,RBEQ21,D1,2021-07-07,1625616000,2.2345,2.2632,2.1674,2.2092,27876,1,31981,22624.0
102,-19,RBE,RBEQ21,D1,2021-07-08,1625702400,2.2095,2.2634,2.1775,2.2609,24987,1,28347,30582.0
103,-18,RBE,RBEQ21,D1,2021-07-09,1625788800,2.2608,2.3005,2.2521,2.2861,20923,1,23650,27993.0
104,-17,RBE,RBEQ21,D1,2021-07-11,1625961600,2.2861,2.2971,2.2852,2.2885,114,1,124,17374.0
105,-16,RBE,RBEQ21,D1,2021-07-12,1626048000,2.2879,2.2907,2.2573,2.2818,16347,1,17861,13878.0
106,-15,RBE,RBEQ21,D1,2021-07-13,1626134400,2.2807,2.3206,2.2706,2.3106,17188,1,19069,12351.0
107,-14,RBE,RBEQ21,D1,2021-07-14,1626220800,2.3109,2.3189,2.2546,2.29,20864,1,23461,20130.0
108,-13,RBE,RBEQ21,D1,2021-07-15,1626307200,2.2906,2.2912,2.2393,2.2414,13908,1,14946,19159.0
84,-34,RBE,RBEU21,D1,2021-07-16,1626393600,2.2218,2.2519,2.202,2.2201,16539,1,17991,17760.0
110,-11,RBE,RBEQ21,D1,2021-07-18,1626566400,2.2401,2.2463,2.2285,2.2404,168,2,205,9714.0
85,-33,RBE,RBEU21,D1,2021-07-19,1626652800,2.2202,2.2254,2.0744,2.1037,30777,1,33708,23024.0
86,-32,RBE,RBEU21,D1,2021-07-20,1626739200,2.1027,2.1187,2.0571,2.095,24430,1,26926,26208.0
87,-31,RBE,RBEU21,D1,2021-07-21,1626825600,2.0942,2.1959,2.0851,2.1908,28035,1,30836,30490.0
88,-30,RBE,RBEU21,D1,2021-07-22,1626912000,2.1908,2.2529,2.1814,2.2378,24412,1,26982,28248.0
89,-29,RBE,RBEU21,D1,2021-07-23,1626998400,2.2385,2.2663,2.2295,2.2636,18261,1,19785,25868.0
116,-5,RBE,RBEQ21,D1,2021-07-25,1627171200,2.2952,2.3003,2.2929,2.2984,22,3,22,3832.0
90,-28,RBE,RBEU21,D1,2021-07-26,1627257600,2.2679,2.2867,2.2284,2.2838,18370,1,20110,22292.0
91,-27,RBE,RBEU21,D1,2021-07-27,1627344000,2.2832,2.3056,2.269,2.2938,26870,1,29776,23224.0
92,-26,RBE,RBEU21,D1,2021-07-28,1627430400,2.2943,2.3007,2.2711,2.2829,22646,1,25105,24997.0
93,-25,RBE,RBEU21,D1,2021-07-29,1627516800,2.2831,2.3301,2.278,2.3189,27931,1,31028,28636.0
94,-24,RBE,RBEU21,D1,2021-07-30,1627603200,2.3189,2.3448,2.3071,2.3275,21435,1,24598,26910.0
46,-77,RBE,RBEX21,D1,2021-08-01,1627776000,2.1404,2.1407,2.1404,2.1407,2,0,4,1789.0
95,-23,RBE,RBEU21,D1,2021-08-02,1627862400,2.3279,2.3338,2.2535,2.2855,25615,1,28202,27943.0
96,-22,RBE,RBEU21,D1,2021-08-03,1627948800,2.2836,2.3033,2.2337,2.2755,20227,0,22027,24942.0
97,-21,RBE,RBEU21,D1,2021-08-04,1628035200,2.276,2.2942,2.2344,2.2469,21699,1,24031,24753.0
98,-20,RBE,RBEU21,D1,2021-08-05,1628121600,2.248,2.3004,2.2357,2.2971,22608,1,24903,23654.0
99,-19,RBE,RBEU21,D1,2021-08-06,1628208000,2.2965,2.3175,2.2444,2.2462,22133,1,24961,24632.0
52,-71,RBE,RBEX21,D1,2021-08-08,1628380800,2.035,2.035,2.0222,2.0256,101,0,12,1940.0
100,-18,RBE,RBEU21,D1,2021-08-09,1628467200,2.23,2.2496,2.173,2.2466,27195,1,30435,26766.0
101,-17,RBE,RBEU21,D1,2021-08-10,1628553600,2.2466,2.2884,2.2384,2.2652,20644,1,23107,26168.0
102,-16,RBE,RBEU21,D1,2021-08-11,1628640000,2.267,2.3099,2.2179,2.3076,24988,1,27769,27104.0
103,-15,RBE,RBEU21,D1,2021-08-12,1628726400,2.3083,2.31,2.2576,2.2702,19176,1,21153,24010.0
104,-14,RBE,RBEU21,D1,2021-08-13,1628812800,2.2697,2.2722,2.246,2.2528,22724,1,25094,24672.0
58,-65,RBE,RBEX21,D1,2021-08-15,1628985600,2.05,2.05,2.048,2.048,4,0,9,2371.0
105,-13,RBE,RBEU21,D1,2021-08-16,1629072000,2.2517,2.2574,2.1805,2.2139,24917,1,27535,24594.0
106,-12,RBE,RBEU21,D1,2021-08-17,1629158400,2.2131,2.2216,2.1556,2.1622,21021,1,22841,25157.0
87,-37,RBE,RBEV21,D1,2021-08-18,1629244800,2.0369,2.063,1.9958,2.0052,24239,1,26194,21714.0
88,-36,RBE,RBEV21,D1,2021-08-19,1629331200,2.0052,2.0052,1.9252,1.9482,35351,1,38555,27944.0
89,-35,RBE,RBEV21,D1,2021-08-20,1629417600,1.9487,1.9543,1.873,1.8733,34417,1,37007,33919.0
90,-34,RBE,RBEV21,D1,2021-08-22,1629590400,1.8772,1.888,1.8726,1.8841,397,1,467,25343.0
91,-33,RBE,RBEV21,D1,2021-08-23,1629676800,1.884,1.9915,1.884,1.9844,31242,1,33505,23660.0
92,-32,RBE,RBEV21,D1,2021-08-24,1629763200,1.9837,2.0625,1.9803,2.0537,27780,1,30277,21416.0
93,-31,RBE,RBEV21,D1,2021-08-25,1629849600,2.0521,2.1465,2.0452,2.1438,35531,1,39548,34443.0
94,-30,RBE,RBEV21,D1,2021-08-26,1629936000,2.1426,2.1467,2.0864,2.0954,39911,1,43381,37735.0
95,-29,RBE,RBEV21,D1,2021-08-27,1630022400,2.0964,2.1318,2.0892,2.1275,27348,1,30439,37789.0
96,-28,RBE,RBEV21,D1,2021-08-29,1630195200,2.1661,2.2117,2.1574,2.1699,2530,1,3117,25646.0
97,-27,RBE,RBEV21,D1,2021-08-30,1630281600,2.1695,2.1695,2.1203,2.1528,29538,1,32899,22152.0
98,-26,RBE,RBEV21,D1,2021-08-31,1630368000,2.153,2.1572,2.1138,2.1343,29984,1,33286,23101.0
99,-25,RBE,RBEV21,D1,2021-09-01,1630454400,2.1343,2.1492,2.088,2.1084,29767,1,32648,32944.0
100,-24,RBE,RBEV21,D1,2021-09-02,1630540800,2.1085,2.173,2.0966,2.1537,27156,1,29318,31751.0
101,-23,RBE,RBEV21,D1,2021-09-03,1630627200,2.1552,2.1936,2.1355,2.1453,24828,1,28068,30011.0
102,-22,RBE,RBEV21,D1,2021-09-05,1630800000,2.155,2.1564,2.1346,2.1352,143,1,194,19193.0
103,-21,RBE,RBEV21,D1,2021-09-06,1630886400,2.1345,2.1644,2.121,2.1481,2892,0,3391,10551.0
104,-20,RBE,RBEV21,D1,2021-09-07,1630972800,2.1479,2.1624,2.1119,2.1297,17756,1,19833,7806.0
105,-19,RBE,RBEV21,D1,2021-09-08,1631059200,2.1318,2.1679,2.121,2.1367,20727,1,22455,15226.0
106,-18,RBE,RBEV21,D1,2021-09-09,1631145600,2.1367,2.1516,2.079,2.1065,24365,1,26660,22983.0
107,-17,RBE,RBEV21,D1,2021-09-10,1631232000,2.1064,2.1592,2.0975,2.15,24558,1,27269,25461.0
108,-16,RBE,RBEV21,D1,2021-09-12,1631404800,2.157,2.1689,2.147,2.1661,615,1,688,18206.0
109,-15,RBE,RBEV21,D1,2021-09-13,1631491200,2.1662,2.1822,2.1501,2.1655,17362,1,19234,15730.0
110,-14,RBE,RBEV21,D1,2021-09-14,1631577600,2.1658,2.1885,2.1573,2.1769,20749,1,22009,13977.0
111,-13,RBE,RBEV21,D1,2021-09-15,1631664000,2.1776,2.2358,2.174,2.206,21719,1,24174,21806.0
112,-12,RBE,RBEV21,D1,2021-09-16,1631750400,2.205,2.2179,2.1631,2.1806,16481,1,17951,21378.0
113,-11,RBE,RBEV21,D1,2021-09-17,1631836800,2.18,2.1827,2.1475,2.1751,11575,1,12980,18368.0
88,-35,RBE,RBEX21,D1,2021-09-19,1632009600,2.1172,2.1216,2.1087,2.1136,89,2,95,12571.0
89,-34,RBE,RBEX21,D1,2021-09-20,1632096000,2.1134,2.1171,2.0491,2.0697,24252,1,25726,15901.0
90,-33,RBE,RBEX21,D1,2021-09-21,1632182400,2.0693,2.0897,2.0285,2.0678,25788,1,27500,17774.0
91,-32,RBE,RBEX21,D1,2021-09-22,1632268800,2.0674,2.0956,2.0442,2.0777,27904,1,30276,27834.0
92,-31,RBE,RBEX21,D1,2021-09-23,1632355200,2.0764,2.1286,2.0538,2.1234,33568,1,36015,31264.0
93,-30,RBE,RBEX21,D1,2021-09-24,1632441600,2.1247,2.1438,2.101,2.1285,27374,1,28578,31623.0
94,-29,RBE,RBEX21,D1,2021-09-26,1632614400,2.1367,2.1472,2.1347,2.1469,338,1,388,21660.0
95,-28,RBE,RBEX21,D1,2021-09-27,1632700800,2.1467,2.1749,2.1425,2.1621,24826,1,26469,18478.0
96,-27,RBE,RBEX21,D1,2021-09-28,1632787200,2.1612,2.1937,2.1197,2.1245,30784,1,32651,19836.0
97,-26,RBE,RBEX21,D1,2021-09-29,1632873600,2.1241,2.1811,2.1062,2.1752,31659,1,34164,31095.0
98,-25,RBE,RBEX21,D1,2021-09-30,1632960000,2.1754,2.2231,2.1318,2.195,29575,1,32194,33003.0
99,-24,RBE,RBEX21,D1,2021-10-01,1633046400,2.1949,2.2554,2.1783,2.245,25327,1,27266,31208.0
100,-23,RBE,RBEX21,D1,2021-10-03,1633219200,2.245,2.2552,2.2414,2.2441,363,1,433,19964.0
101,-22,RBE,RBEX21,D1,2021-10-04,1633305600,2.244,2.3233,2.2281,2.3118,26571,1,28850,18850.0
102,-21,RBE,RBEX21,D1,2021-10-05,1633392000,2.3111,2.3715,2.3088,2.3522,22103,1,24095,17793.0
103,-20,RBE,RBEX21,D1,2021-10-06,1633478400,2.3497,2.3727,2.2863,2.3122,30672,1,32954,28633.0
104,-19,RBE,RBEX21,D1,2021-10-07,1633564800,2.3133,2.3483,2.252,2.3415,22758,1,24098,27049.0
105,-18,RBE,RBEX21,D1,2021-10-08,1633651200,2.3416,2.3797,2.3364,2.3685,22885,1,25052,27368.0
106,-17,RBE,RBEX21,D1,2021-10-10,1633824000,2.3745,2.3831,2.3662,2.3684,151,1,165,16438.0
107,-16,RBE,RBEX21,D1,2021-10-11,1633910400,2.3676,2.4115,2.3667,2.3744,17580,0,18510,14576.0
108,-15,RBE,RBEX21,D1,2021-10-12,1633996800,2.3768,2.401,2.3569,2.3753,21060,0,22202,13626.0
109,-14,RBE,RBEX21,D1,2021-10-13,1634083200,2.3759,2.422,2.3462,2.4215,20141,0,21670,20794.0
110,-13,RBE,RBEX21,D1,2021-10-14,1634169600,2.4227,2.4411,2.3888,2.438,18888,0,20613,21495.0
111,-12,RBE,RBEX21,D1,2021-10-15,1634256000,2.4396,2.4888,2.432,2.4815,19596,0,21152,21145.0
112,-11,RBE,RBEX21,D1,2021-10-17,1634428800,2.4795,2.4989,2.4761,2.4942,265,1,310,14025.0
90,-37,RBE,RBEZ21,D1,2021-10-18,1634515200,2.4341,2.45,2.4085,2.4176,18894,0,20533,13385.0
91,-36,RBE,RBEZ21,D1,2021-10-19,1634601600,2.4172,2.4365,2.3808,2.4231,22765,0,24135,14955.0
92,-35,RBE,RBEZ21,D1,2021-10-20,1634688000,2.4254,2.4507,2.369,2.449,36489,0,39304,27991.0
93,-34,RBE,RBEZ21,D1,2021-10-21,1634774400,2.4482,2.4548,2.3921,2.4048,31424,0,33642,32360.0
94,-33,RBE,RBEZ21,D1,2021-10-22,1634860800,2.4061,2.4467,2.3924,2.421,27721,0,29961,34302.0
95,-32,RBE,RBEZ21,D1,2021-10-24,1635033600,2.4246,2.4268,2.4153,2.4194,103,1,111,21238.0
96,-31,RBE,RBEZ21,D1,2021-10-25,1635120000,2.4193,2.4684,2.4182,2.4431,27993,0,29824,19965.0
97,-30,RBE,RBEZ21,D1,2021-10-26,1635206400,2.4472,2.4667,2.4311,2.4318,26621,0,28487,19474.0
98,-29,RBE,RBEZ21,D1,2021-10-27,1635292800,2.4316,2.4387,2.364,2.3675,31903,0,34696,31002.0
99,-28,RBE,RBEZ21,D1,2021-10-28,1635379200,2.3655,2.3747,2.3178,2.3582,31416,0,33620,32268.0
100,-27,RBE,RBEZ21,D1,2021-10-29,1635465600,2.359,2.3891,2.3379,2.3589,26697,0,28792,32369.0
101,-26,RBE,RBEZ21,D1,2021-10-31,1635638400,2.3653,2.3653,2.3441,2.3512,187,1,230,20881.0
102,-25,RBE,RBEZ21,D1,2021-11-01,1635724800,2.351,2.4144,2.3486,2.4108,26802,0,28536,19186.0
103,-24,RBE,RBEZ21,D1,2021-11-02,1635811200,2.4104,2.4523,2.3858,2.4235,28116,0,30427,19731.0
104,-23,RBE,RBEZ21,D1,2021-11-03,1635897600,2.4224,2.4302,2.3225,2.3409,39765,0,42768,33910.0
105,-22,RBE,RBEZ21,D1,2021-11-04,1635984000,2.3398,2.4147,2.2788,2.3217,34975,0,37727,36974.0
106,-21,RBE,RBEZ21,D1,2021-11-05,1636070400,2.3218,2.3457,2.2803,2.3049,30156,0,32309,37601.0
107,-20,RBE,RBEZ21,D1,2021-11-07,1636243200,2.309,2.3215,2.3085,2.3155,94,3,98,23378.0
108,-19,RBE,RBEZ21,D1,2021-11-08,1636329600,2.3155,2.3515,2.3111,2.3291,23034,0,25065,19157.0
109,-18,RBE,RBEZ21,D1,2021-11-09,1636416000,2.3296,2.3937,2.3214,2.3878,28168,0,30209,18457.0
110,-17,RBE,RBEZ21,D1,2021-11-10,1636502400,2.3879,2.3977,2.2756,2.3016,31455,0,33596,29623.0
111,-16,RBE,RBEZ21,D1,2021-11-11,1636588800,2.3015,2.3375,2.2733,2.3142,25460,0,26602,30136.0
112,-15,RBE,RBEZ21,D1,2021-11-12,1636675200,2.3143,2.3245,2.2595,2.3095,23181,0,24131,28110.0
113,-14,RBE,RBEZ21,D1,2021-11-14,1636848000,2.311,2.3264,2.311,2.32,118,1,134,16956.0
114,-13,RBE,RBEZ21,D1,2021-11-15,1636934400,2.32,2.3445,2.2671,2.3342,24338,0,25904,16723.0
115,-12,RBE,RBEZ21,D1,2021-11-16,1637020800,2.3337,2.3674,2.3269,2.3519,17740,0,18639,14892.0
116,-11,RBE,RBEZ21,D1,2021-11-17,1637107200,2.3523,2.3534,2.2607,2.285,18402,0,20076,21540.0
91,-36,RBE,RBEF22,D1,2021-11-18,1637193600,2.236,2.2526,2.2077,2.2439,29102,0,30999,23965.0
92,-35,RBE,RBEF22,D1,2021-11-19,1637280000,2.2442,2.2733,2.1409,2.15,43282,0,45320,33352.0
93,-34,RBE,RBEF22,D1,2021-11-21,1637452800,2.1569,2.1572,2.1288,2.1472,400,1,431,25583.0
94,-33,RBE,RBEF22,D1,2021-11-22,1637539200,2.1479,2.2124,2.1414,2.196,35286,0,37040,27597.0
95,-32,RBE,RBEF22,D1,2021-11-23,1637625600,2.1942,2.287,2.1628,2.2595,34860,0,37175,24882.0
96,-31,RBE,RBEF22,D1,2021-11-24,1637712000,2.2588,2.2859,2.2472,2.2632,26676,0,28177,34131.0
97,-30,RBE,RBEF22,D1,2021-11-25,1637798400,2.2629,2.27,2.2417,2.2435,4787,1,5115,23489.0
98,-29,RBE,RBEF22,D1,2021-11-26,1637884800,2.2423,2.245,1.9743,1.9853,40226,0,42830,25374.0
99,-28,RBE,RBEF22,D1,2021-11-28,1638057600,2.006,2.076,2.006,2.0681,932,1,1058,16334.0
100,-27,RBE,RBEF22,D1,2021-11-29,1638144000,2.07,2.116,2.002,2.0494,37628,0,40622,28170.0
101,-26,RBE,RBEF22,D1,2021-11-30,1638230400,2.0505,2.0589,1.9045,1.9646,33980,0,37132,26271.0
102,-25,RBE,RBEF22,D1,2021-12-01,1638316800,1.9654,2.0369,1.9303,1.9726,29946,0,32171,36642.0
103,-24,RBE,RBEF22,D1,2021-12-02,1638403200,1.9726,2.005,1.8799,1.977,30942,0,33857,34387.0
104,-23,RBE,RBEF22,D1,2021-12-03,1638489600,1.9757,2.0235,1.9344,1.9584,24897,0,26734,30921.0
105,-22,RBE,RBEF22,D1,2021-12-05,1638662400,1.965,1.987,1.965,1.9845,201,1,240,20277.0
106,-21,RBE,RBEF22,D1,2021-12-06,1638748800,1.986,2.0646,1.9695,2.0581,23542,0,24945,17306.0
107,-20,RBE,RBEF22,D1,2021-12-07,1638835200,2.058,2.1234,2.0535,2.1122,24836,0,26489,17225.0
108,-19,RBE,RBEF22,D1,2021-12-08,1638921600,2.1148,2.1582,2.0946,2.1511,28683,0,30288,27241.0
109,-18,RBE,RBEF22,D1,2021-12-09,1639008000,2.1504,2.1665,2.1076,2.1099,20472,0,21372,26050.0
110,-17,RBE,RBEF22,D1,2021-12-10,1639094400,2.1107,2.1573,2.1062,2.1425,17885,0,18933,23531.0
111,-16,RBE,RBEF22,D1,2021-12-12,1639267200,2.1455,2.1581,2.1455,2.1548,88,1,101,13469.0
112,-15,RBE,RBEF22,D1,2021-12-13,1639353600,2.1566,2.1752,2.1144,2.1214,20423,0,21958,13664.0
113,-14,RBE,RBEF22,D1,2021-12-14,1639440000,2.1222,2.1412,2.0731,2.1048,20767,0,22009,14689.0
114,-13,RBE,RBEF22,D1,2021-12-15,1639526400,2.1051,2.1468,2.0803,2.145,20686,0,21809,21925.0
115,-12,RBE,RBEF22,D1,2021-12-16,1639612800,2.1429,2.1867,2.1369,2.1656,19282,1,20743,21520.0
116,-11,RBE,RBEF22,D1,2021-12-17,1639699200,2.1651,2.1665,2.0999,2.1337,15945,0,17052,19868.0
117,-10,RBE,RBEF22,D1,2021-12-19,1639872000,2.1271,2.1278,2.0892,2.0964,266,1,354,12716.0
91,-34,RBE,RBEG22,D1,2021-12-20,1639958400,2.0907,2.0951,2.0161,2.0909,19002,0,20233,12831.0
92,-33,RBE,RBEG22,D1,2021-12-21,1640044800,2.0916,2.1539,2.0721,2.1429,19136,0,20081,13549.0
93,-32,RBE,RBEG22,D1,2021-12-22,1640131200,2.1436,2.1784,2.1256,2.1759,21995,0,23093,21136.0
94,-31,RBE,RBEG22,D1,2021-12-23,1640217600,2.1752,2.2145,2.1537,2.2077,26604,0,28179,23784.0
95,-30,RBE,RBEG22,D1,2021-12-26,1640476800,2.201,2.2021,2.191,2.2,179,1,208,17160.0
96,-29,RBE,RBEG22,D1,2021-12-27,1640563200,2.2,2.255,2.1756,2.2326,20086,0,21337,16575.0
97,-28,RBE,RBEG22,D1,2021-12-28,1640649600,2.2327,2.2654,2.2219,2.2525,16864,0,17825,13123.0
98,-27,RBE,RBEG22,D1,2021-12-29,1640736000,2.2516,2.2864,2.2312,2.2651,20988,0,22152,20438.0
99,-26,RBE,RBEG22,D1,2021-12-30,1640822400,2.2648,2.2956,2.2484,2.2674,19820,0,21082,20353.0
100,-25,RBE,RBEG22,D1,2021-12-31,1640908800,2.267,2.2936,2.2065,2.2175,24493,0,27244,23493.0
101,-24,RBE,RBEG22,D1,2022-01-02,1641081600,2.2206,2.241,2.2205,2.237,418,1,466,16264.0
102,-23,RBE,RBEG22,D1,2022-01-03,1641168000,2.2384,2.2719,2.2104,2.2543,20213,0,22415,16708.0
103,-22,RBE,RBEG22,D1,2022-01-04,1641254400,2.2548,2.2969,2.2495,2.2744,25096,0,27180,16687.0
104,-21,RBE,RBEG22,D1,2022-01-05,1641340800,2.2737,2.3162,2.2611,2.2722,22600,0,24347,24647.0
105,-20,RBE,RBEG22,D1,2022-01-06,1641427200,2.2722,2.328,2.2564,2.3033,26466,0,28484,26670.0
106,-19,RBE,RBEG22,D1,2022-01-07,1641513600,2.3032,2.3338,2.2932,2.3043,19129,0,20524,24452.0
107,-18,RBE,RBEG22,D1,2022-01-09,1641686400,2.3039,2.3079,2.2901,2.2951,182,1,200,16403.0
108,-17,RBE,RBEG22,D1,2022-01-10,1641772800,2.2952,2.318,2.2679,2.2812,21206,0,22693,14472.0
109,-16,RBE,RBEG22,D1,2022-01-11,1641859200,2.2832,2.3629,2.2767,2.3465,25572,0,27374,16756.0
110,-15,RBE,RBEG22,D1,2022-01-12,1641945600,2.3467,2.4013,2.3444,2.393,23011,0,24886,24984.0
111,-14,RBE,RBEG22,D1,2022-01-13,1642032000,2.3941,2.4034,2.3667,2.3784,20175,0,21537,24599.0
112,-13,RBE,RBEG22,D1,2022-01-14,1642118400,2.3793,2.4296,2.3738,2.4239,19425,0,20784,22402.0
113,-12,RBE,RBEG22,D1,2022-01-16,1642291200,2.4247,2.4331,2.4227,2.4306,92,1,95,14139.0
114,-11,RBE,RBEG22,D1,2022-01-17,1642377600,2.427,2.4361,2.4075,2.4312,3167,1,3367,8082.0
115,-10,RBE,RBEG22,D1,2022-01-18,1642464000,2.431,2.4733,2.4214,2.4636,15618,0,16875,6779.0
91,-34,RBE,RBEH22,D1,2022-01-19,1642550400,2.4718,2.4835,2.4379,2.4413,18429,0,19837,13278.0
92,-33,RBE,RBEH22,D1,2022-01-20,1642636800,2.4427,2.4897,2.4284,2.4322,29273,0,31665,22754.0
93,-32,RBE,RBEH22,D1,2022-01-21,1642723200,2.4313,2.4627,2.3992,2.4423,25623,0,27288,26263.0
94,-31,RBE,RBEH22,D1,2022-01-23,1642896000,2.4477,2.4659,2.4409,2.4647,80,2,94,19682.0
95,-30,RBE,RBEH22,D1,2022-01-24,1642982400,2.466,2.47,2.3736,2.4293,28619,0,30656,19346.0
96,-29,RBE,RBEH22,D1,2022-01-25,1643068800,2.425,2.4683,2.406,2.4638,25934,0,27529,19426.0
97,-28,RBE,RBEH22,D1,2022-01-26,1643155200,2.4639,2.5367,2.456,2.5241,28135,0,30052,29412.0
98,-27,RBE,RBEH22,D1,2022-01-27,1643241600,2.523,2.5705,2.5086,2.5593,27236,0,29391,28991.0
99,-26,RBE,RBEH22,D1,2022-01-28,1643328000,2.5578,2.5786,2.5198,2.548,26831,0,29071,29505.0
100,-25,RBE,RBEH22,D1,2022-01-30,1643500800,2.5521000000000003,2.5608,2.5521000000000003,2.5553,110,1,119,19527.0
101,-24,RBE,RBEH22,D1,2022-01-31,1643587200,2.5585,2.5841,2.5278,2.5658,23588,0,25474,18221.0
102,-23,RBE,RBEH22,D1,2022-02-01,1643673600,2.563,2.5882,2.5112,2.5752,25721,0,27887,17827.0
103,-22,RBE,RBEH22,D1,2022-02-02,1643760000,2.5745,2.6173,2.5646,2.5965,25490,0,27538,26966.0
104,-21,RBE,RBEH22,D1,2022-02-03,1643846400,2.5964,2.6475,2.5731,2.6377,26368,0,28516,27980.0
105,-20,RBE,RBEH22,D1,2022-02-04,1643932800,2.6386,2.7024,2.637,2.6622,23042,0,25081,27045.0
106,-19,RBE,RBEH22,D1,2022-02-06,1644105600,2.675,2.6973000000000003,2.675,2.6938,690,0,896,18164.0
107,-18,RBE,RBEH22,D1,2022-02-07,1644192000,2.6924,2.72,2.6697,2.6803,22616,0,24281,16753.0
108,-17,RBE,RBEH22,D1,2022-02-08,1644278400,2.6813,2.6901,2.5957,2.6416,30708,0,33037,19405.0
109,-16,RBE,RBEH22,D1,2022-02-09,1644364800,2.642,2.6726,2.6113,2.6572,23179,0,24523,27280.0
110,-15,RBE,RBEH22,D1,2022-02-10,1644451200,2.6568,2.7069,2.6422,2.6594,24099,0,25529,27696.0
111,-14,RBE,RBEH22,D1,2022-02-11,1644537600,2.6592,2.7638,2.6391,2.7411,29852,0,31437,27163.0
112,-13,RBE,RBEH22,D1,2022-02-13,1644710400,2.7434,2.7555,2.7395,2.754,214,1,261,19076.0
113,-12,RBE,RBEH22,D1,2022-02-14,1644796800,2.7542,2.787,2.7017,2.765,22168,0,23682,18460.0
114,-11,RBE,RBEH22,D1,2022-02-15,1644883200,2.7636,2.7735,2.647,2.6806,20270,0,21808,15250.0
85,-37,RBE,RBEJ22,D1,2022-02-16,1644969600,2.82,2.8689,2.7396000000000003,2.7663,29028,0,30875,22053.0
86,-36,RBE,RBEJ22,D1,2022-02-17,1645056000,2.7675,2.8197,2.7515,2.8006,26125,0,27512,26003.0
87,-35,RBE,RBEJ22,D1,2022-02-18,1645142400,2.8005,2.8279,2.7316000000000003,2.8216,26964,0,28580,28989.0
88,-34,RBE,RBEJ22,D1,2022-02-20,1645315200,2.83,2.8529,2.829,2.8486,365,1,435,18842.0
89,-33,RBE,RBEJ22,D1,2022-02-21,1645401600,2.8497,2.9013,2.7931,2.8824,10440,1,11243,13419.0
90,-32,RBE,RBEJ22,D1,2022-02-22,1645488000,2.8829,2.9375,2.8358,2.8559,29231,0,30903,14194.0
91,-31,RBE,RBEJ22,D1,2022-02-23,1645574400,2.8564,2.9208,2.8374,2.8889,24794,0,26835,22994.0
92,-30,RBE,RBEJ22,D1,2022-02-24,1645660800,2.8896,3.0701,2.8842,2.9502,44649,0,47388,35042.0
93,-29,RBE,RBEJ22,D1,2022-02-25,1645747200,2.9502,2.9855,2.855,2.8839,27832,0,30167,34797.0
94,-28,RBE,RBEJ22,D1,2022-02-27,1645920000,2.9108,3.026,2.9015,2.9856,1167,0,1392,26316.0
95,-27,RBE,RBEJ22,D1,2022-02-28,1646006400,2.9856,3.0074,2.9205,2.9534,25159,0,26821,19460.0
96,-26,RBE,RBEJ22,D1,2022-03-01,1646092800,2.9542,3.1857,2.9521,3.1472,32440,0,35033,21082.0
97,-25,RBE,RBEJ22,D1,2022-03-02,1646179200,3.144,3.3734,3.1288,3.3565,36000,0,38556,33470.0
98,-24,RBE,RBEJ22,D1,2022-03-03,1646265600,3.3563,3.5221,3.241,3.2685,19449,0,21550,31713.0
99,-23,RBE,RBEJ22,D1,2022-03-04,1646352000,3.2702,3.5504,3.2511,3.515,25683,0,28329,29478.0
100,-22,RBE,RBEJ22,D1,2022-03-06,1646524800,3.608,3.8904,3.606,3.8238,623,0,820,16900.0
101,-21,RBE,RBEJ22,D1,2022-03-07,1646611200,3.8126,3.8259,3.5357,3.6081,21489,0,23970,17706.0
102,-20,RBE,RBEJ22,D1,2022-03-08,1646697600,3.6108,3.8329,3.5248,3.7342,19982,0,22512,15767.0
103,-19,RBE,RBEJ22,D1,2022-03-09,1646784000,3.7343,3.76,3.1653,3.3545,22779,0,24829,23770.0
104,-18,RBE,RBEJ22,D1,2022-03-10,1646870400,3.3545,3.4269,3.1341,3.1635,14765,0,16581,21307.0
105,-17,RBE,RBEJ22,D1,2022-03-11,1646956800,3.1685,3.3186,3.0874,3.2979,16779,0,18490,19967.0
106,-16,RBE,RBEJ22,D1,2022-03-13,1647129600,3.312,3.325,3.2523,3.271,305,1,339,11803.0
107,-15,RBE,RBEJ22,D1,2022-03-14,1647216000,3.2672,3.2722,3.0971,3.1428,10161,1,10917,9915.0
108,-14,RBE,RBEJ22,D1,2022-03-15,1647302400,3.1403,3.144,2.8861,2.963,11594,0,13900,8385.0
82,-37,RBE,RBEK22,D1,2022-03-16,1647388800,2.9315,3.064,2.9221,2.9701,9988,1,10664,11585.0
83,-36,RBE,RBEK22,D1,2022-03-17,1647475200,2.9701,3.1933,2.9471,3.1756,11938,0,12656,12447.0
84,-35,RBE,RBEK22,D1,2022-03-18,1647561600,3.1774,3.2377,3.1267,3.2086,10617,1,11281,11534.0
85,-34,RBE,RBEK22,D1,2022-03-20,1647734400,3.2164,3.2358,3.1905,3.231,132,1,146,8028.0
86,-33,RBE,RBEK22,D1,2022-03-21,1647820800,3.2346,3.3698,3.2346,3.368,14165,0,15137,8855.0
87,-32,RBE,RBEK22,D1,2022-03-22,1647907200,3.3616,3.394,3.2719,3.283,13127,1,13874,9719.0
88,-31,RBE,RBEK22,D1,2022-03-23,1647993600,3.2826,3.435,3.2806,3.4162,14062,0,14991,14667.0
89,-30,RBE,RBEK22,D1,2022-03-24,1648080000,3.4212,3.4727,3.3208,3.3546,12224,0,12857,13907.0
90,-29,RBE,RBEK22,D1,2022-03-25,1648166400,3.3593,3.44,3.285,3.3916,16045,1,17115,14988.0
91,-28,RBE,RBEK22,D1,2022-03-27,1648339200,3.422,3.422,3.344,3.3645,372,1,391,10121.0
92,-27,RBE,RBEK22,D1,2022-03-28,1648425600,3.3627,3.3864,3.1157,3.1538,19367,0,21769,13092.0
93,-26,RBE,RBEK22,D1,2022-03-29,1648512000,3.16,3.2746,3.0309,3.2253,16322,0,18126,13429.0
94,-25,RBE,RBEK22,D1,2022-03-30,1648598400,3.2253,3.3076,3.1796,3.2735,12767,0,13673,17856.0
95,-24,RBE,RBEK22,D1,2022-03-31,1648684800,3.2755,3.2763,3.1222,3.169,15582,0,16682,16160.0
96,-23,RBE,RBEK22,D1,2022-04-01,1648771200,3.1638,3.192,3.0948,3.1527,14902,1,16393,15583.0
97,-22,RBE,RBEK22,D1,2022-04-03,1648944000,3.1499,3.1505,3.1257,3.1354,139,2,154,11076.0
98,-21,RBE,RBEK22,D1,2022-04-04,1649030400,3.1343,3.2435,3.118,3.2157,13444,0,14265,10271.0
99,-20,RBE,RBEK22,D1,2022-04-05,1649116800,3.2153,3.2545,3.1092,3.1391,12610,0,13319,9246.0
100,-19,RBE,RBEK22,D1,2022-04-06,1649203200,3.1383,3.21,3.0338,3.0773,14378,0,15583,14389.0
101,-18,RBE,RBEK22,D1,2022-04-07,1649289600,3.0751,3.1106,2.9867,3.0543,12711,0,13531,14144.0
102,-17,RBE,RBEK22,D1,2022-04-08,1649376000,3.0556,3.1415,3.0166,3.1129,15785,0,16685,15266.0
103,-16,RBE,RBEK22,D1,2022-04-10,1649548800,3.125,3.1284,3.0879,3.0879,111,2,113,10110.0
104,-15,RBE,RBEK22,D1,2022-04-11,1649635200,3.0855,3.0949,2.9931,3.021,13606,0,14378,10392.0
105,-14,RBE,RBEK22,D1,2022-04-12,1649721600,3.0189,3.1844,3.0093,3.1811,13284,0,14238,9576.0
106,-13,RBE,RBEK22,D1,2022-04-13,1649808000,3.18,3.3011,3.1388,3.2895,12481,1,13412,14009.0
107,-12,RBE,RBEK22,D1,2022-04-14,1649894400,3.289,3.3993,3.2346,3.3731,15290,1,16917,14856.0
108,-11,RBE,RBEK22,D1,2022-04-17,1650153600,3.3922,3.4229,3.3824,3.4214,162,4,176,10168.0
90,-36,RBE,RBEM22,D1,2022-04-18,1650240000,3.3982,3.425,3.3135,3.3389,10833,0,11774,8879.0
91,-35,RBE,RBEM22,D1,2022-04-19,1650326400,3.336,3.3706,3.1934,3.252,19514,0,20250,10728.0
92,-34,RBE,RBEM22,D1,2022-04-20,1650412800,3.2482,3.2835,3.1754,3.2691,15961,0,16668,16231.0
93,-33,RBE,RBEM22,D1,2022-04-21,1650499200,3.2696,3.328,3.2505,3.2978,16667,0,17496,18138.0
94,-32,RBE,RBEM22,D1,2022-04-22,1650585600,3.2979,3.3118,3.2333,3.2817,23948,0,25039,19734.0
95,-31,RBE,RBEM22,D1,2022-04-24,1650758400,3.2681,3.2701,3.2402,3.2535,185,2,193,14243.0
96,-30,RBE,RBEM22,D1,2022-04-25,1650844800,3.254,3.2592,3.1189,3.2219,21546,0,22797,16010.0
97,-29,RBE,RBEM22,D1,2022-04-26,1650931200,3.2216,3.35,3.1808,3.3381,20133,0,21179,14723.0
98,-28,RBE,RBEM22,D1,2022-04-27,1651017600,3.338,3.4358,3.294,3.4066,23922,0,25640,23205.0
99,-27,RBE,RBEM22,D1,2022-04-28,1651104000,3.4082,3.4903,3.3656,3.4355,22589,0,24263,23694.0
100,-26,RBE,RBEM22,D1,2022-04-29,1651190400,3.4381,3.5015,3.4245,3.43,16907,0,17967,22623.0
101,-25,RBE,RBEM22,D1,2022-05-01,1651363200,3.435,3.4424,3.405,3.4316,183,1,203,14144.0
102,-24,RBE,RBEM22,D1,2022-05-02,1651449600,3.4339,3.532,3.3466,3.4784,19671,0,21400,13190.0
103,-23,RBE,RBEM22,D1,2022-05-03,1651536000,3.4829,3.5609,3.4412,3.5599,18517,0,20335,13979.0
104,-22,RBE,RBEM22,D1,2022-05-04,1651622400,3.5616,3.6754,3.54,3.6609,19909,0,21636,21124.0
105,-21,RBE,RBEM22,D1,2022-05-05,1651708800,3.658,3.7222,3.5938,3.6743,16679,0,18106,20026.0
106,-20,RBE,RBEM22,D1,2022-05-06,1651795200,3.6726,3.822,3.6334,3.815,18904,0,20408,20050.0
107,-19,RBE,RBEM22,D1,2022-05-08,1651968000,3.8129,3.8312,3.7842,3.7919,151,1,171,12895.0
108,-18,RBE,RBEM22,D1,2022-05-09,1652054400,3.7927,3.8024,3.6148,3.6187,17466,1,18926,13168.0
109,-17,RBE,RBEM22,D1,2022-05-10,1652140800,3.6187,3.6636,3.5025,3.5157,15642,0,17276,12124.0
110,-16,RBE,RBEM22,D1,2022-05-11,1652227200,3.5142,3.7087,3.5057,3.6855,19103,0,20273,18825.0
111,-15,RBE,RBEM22,D1,2022-05-12,1652313600,3.6878,3.8199,3.6161,3.8199,17581,1,19067,18872.0
112,-14,RBE,RBEM22,D1,2022-05-13,1652400000,3.8199,3.9733,3.8199,3.949,20711,0,22567,20636.0
113,-13,RBE,RBEM22,D1,2022-05-15,1652572800,3.9575,4.0111,3.9571,3.9993,261,3,335,13990.0
114,-12,RBE,RBEM22,D1,2022-05-16,1652659200,4.0036,4.064,3.9146,4.0222,15393,0,16583,13162.0
115,-11,RBE,RBEM22,D1,2022-05-17,1652745600,4.0227,4.0524,3.9048,3.9479,14100,1,15015,10644.0
116,-10,RBE,RBEM22,D1,2022-05-18,1652832000,3.95,3.9826,3.679,3.703,18038,1,19367,16988.0
88,-36,RBE,RBEN22,D1,2022-05-19,1652918400,3.57,3.6859,3.4236,3.6655,26544,0,27961,20797.0
89,-35,RBE,RBEN22,D1,2022-05-20,1653004800,3.6667,3.7373,3.6399,3.6955,23208,0,24460,24258.0
90,-34,RBE,RBEN22,D1,2022-05-22,1653177600,3.6985,3.7071,3.6802,3.701,166,1,184,17535.0
91,-33,RBE,RBEN22,D1,2022-05-23,1653264000,3.699,3.7252,3.5575,3.585,17794,0,18764,14469.0
92,-32,RBE,RBEN22,D1,2022-05-24,1653350400,3.5854,3.7079,3.537,3.7042,28518,1,30361,16436.0
93,-31,RBE,RBEN22,D1,2022-05-25,1653436800,3.703,3.7597,3.68,3.7332,23166,1,24777,24634.0
94,-30,RBE,RBEN22,D1,2022-05-26,1653523200,3.7298,3.832,3.7129,3.786,20698,0,21939,25692.0
95,-29,RBE,RBEN22,D1,2022-05-27,1653609600,3.7871,3.9224,3.7628,3.9067,25156,0,27598,24771.0
96,-28,RBE,RBEN22,D1,2022-05-29,1653782400,3.9177,3.9249,3.8909,3.9249,91,1,96,16544.0
97,-27,RBE,RBEN22,D1,2022-05-30,1653868800,3.9245,3.9488,3.8934,3.9426,4434,0,4841,10845.0
98,-26,RBE,RBEN22,D1,2022-05-31,1653955200,3.9432,4.0467,3.9098,3.9481,24494,0,26686,10541.0
99,-25,RBE,RBEN22,D1,2022-06-01,1654041600,3.9514,4.1028,3.9448,4.0526,18624,0,20321,17283.0
100,-24,RBE,RBEN22,D1,2022-06-02,1654128000,4.0561,4.2691,3.99,4.2631,18354,0,20459,22489.0
101,-23,RBE,RBEN22,D1,2022-06-03,1654214400,4.2664,4.3096,4.155,4.3082,15875,0,17779,19520.0
102,-22,RBE,RBEN22,D1,2022-06-05,1654387200,4.2725,4.3239,4.2725,4.315,161,1,201,12813.0
103,-21,RBE,RBEN22,D1,2022-06-06,1654473600,4.3161,4.326,4.1845,4.235,14429,1,16459,11480.0
104,-20,RBE,RBEN22,D1,2022-06-07,1654560000,4.2327,4.2397,4.0527,4.1591,16878,0,19249,11970.0
105,-19,RBE,RBEN22,D1,2022-06-08,1654646400,4.1579,4.253,4.0822,4.2107,17679,1,19662,18457.0
106,-18,RBE,RBEN22,D1,2022-06-09,1654732800,4.2142,4.3144,4.172,4.2624,14103,0,15646,18186.0
107,-17,RBE,RBEN22,D1,2022-06-10,1654819200,4.263,4.3224,4.1259,4.1605,16210,0,18082,17797.0
108,-16,RBE,RBEN22,D1,2022-06-12,1654992000,4.1605,4.1699,4.1217,4.1236,213,1,250,11326.0
109,-15,RBE,RBEN22,D1,2022-06-13,1655078400,4.1292,4.1398,3.9723,4.02,14584,0,16285,11539.0
110,-14,RBE,RBEN22,D1,2022-06-14,1655164800,4.016,4.1299,3.9433,4.0058,14269,0,15966,10834.0
111,-13,RBE,RBEN22,D1,2022-06-15,1655251200,4.0137,4.0253,3.8616,3.9202,13339,1,14915,15722.0
112,-12,RBE,RBEN22,D1,2022-06-16,1655337600,3.9174,3.9666,3.8036,3.918,10045,0,11072,13984.0
87,-36,RBE,RBEQ22,D1,2022-06-17,1655424000,3.8058,3.8429,3.5524,3.7207,23736,0,25893,17420.0
88,-35,RBE,RBEQ22,D1,2022-06-19,1655596800,3.7593,3.7593,3.7102,3.7234,166,2,172,12682.0
89,-34,RBE,RBEQ22,D1,2022-06-20,1655683200,3.7119,3.7394,3.6077,3.7353,4542,0,4814,10293.0
90,-33,RBE,RBEQ22,D1,2022-06-21,1655769600,3.7346,3.8324,3.68,3.7142,18853,1,20127,8371.0
91,-32,RBE,RBEQ22,D1,2022-06-22,1655856000,3.7117,3.7416,3.5566,3.6687,18986,0,20194,15045.0
92,-31,RBE,RBEQ22,D1,2022-06-23,1655942400,3.6691,3.7686,3.6129,3.6635,17167,0,18418,19580.0
93,-30,RBE,RBEQ22,D1,2022-06-24,1656028800,3.6627,3.7892,3.6252,3.7693,16795,0,17789,18800.0
94,-29,RBE,RBEQ22,D1,2022-06-26,1656201600,3.7709,3.7737,3.7295,3.7659,168,1,181,12129.0
95,-28,RBE,RBEQ22,D1,2022-06-27,1656288000,3.7621,3.829,3.715,3.7651,18920,0,20352,12774.0
96,-27,RBE,RBEQ22,D1,2022-06-28,1656374400,3.7655,3.85,3.6953,3.8206,22093,0,23523,14685.0
97,-26,RBE,RBEQ22,D1,2022-06-29,1656460800,3.8235,3.8672,3.6446,3.6496,24742,1,26487,23454.0
98,-25,RBE,RBEQ22,D1,2022-06-30,1656547200,3.6495,3.6673,3.4478,3.56,27391,0,29918,26643.0
99,-24,RBE,RBEQ22,D1,2022-07-01,1656633600,3.5619,3.733,3.5075,3.668,20593,0,23209,26538.0
100,-23,RBE,RBEQ22,D1,2022-07-03,1656806400,3.6581,3.6834,3.6566,3.6716,95,6,128,17752.0
101,-22,RBE,RBEQ22,D1,2022-07-04,1656892800,3.6682,3.7528,3.6432,3.6614,2786,1,3104,8814.0
102,-21,RBE,RBEQ22,D1,2022-07-05,1656979200,3.673,3.7358,3.2726,3.3729,24451,0,27247,10160.0
103,-20,RBE,RBEQ22,D1,2022-07-06,1657065600,3.3748,3.4015,3.188,3.2336,17910,0,19360,16570.0
104,-19,RBE,RBEQ22,D1,2022-07-07,1657152000,3.2325,3.4855,3.21,3.4129,18225,1,20017,22208.0
105,-18,RBE,RBEQ22,D1,2022-07-08,1657238400,3.418,3.4818,3.3481,3.4492,12160,1,13387,17588.0
106,-17,RBE,RBEQ22,D1,2022-07-10,1657411200,3.4545,3.4574,3.4173,3.4243,180,1,202,11202.0
107,-16,RBE,RBEQ22,D1,2022-07-11,1657497600,3.425,3.48,3.3648,3.4525,10552,0,11731,8440.0
108,-15,RBE,RBEQ22,D1,2022-07-12,1657584000,3.4564,3.4564,3.2134,3.2134,11436,1,12735,8223.0
109,-14,RBE,RBEQ22,D1,2022-07-13,1657670400,3.2218,3.2839,3.1497,3.2425,14455,0,16194,13553.0
84,-41,RBE,RBEU22,D1,2022-07-14,1657756800,3.0844,3.1236,2.9312,3.0201,15051,0,16248,14407.0
85,-40,RBE,RBEU22,D1,2022-07-15,1657843200,3.0201,3.1105,2.9694000000000003,3.0412,11950,1,12893,15393.0
86,-39,RBE,RBEU22,D1,2022-07-17,1658016000,3.0639,3.0659,3.0364,3.0453,49,6,50,9730.0
87,-38,RBE,RBEU22,D1,2022-07-18,1658102400,3.0404,3.1839,3.0022,3.1342,13865,0,14691,9211.0
88,-37,RBE,RBEU22,D1,2022-07-19,1658188800,3.1329,3.1764,3.0616,3.1692,13327,0,14039,9593.0
89,-36,RBE,RBEU22,D1,2022-07-20,1658275200,3.1694,3.1787,3.1083,3.1212,15628,1,16502,15077.0
90,-35,RBE,RBEU22,D1,2022-07-21,1658361600,3.1206,3.121,2.889,2.985,19266,0,20776,17106.0
91,-34,RBE,RBEU22,D1,2022-07-22,1658448000,2.982,3.0681,2.9365,3.0268,18534,1,19731,19003.0
92,-33,RBE,RBEU22,D1,2022-07-24,1658620800,3.0263,3.0365,3.018,3.02,87,6,97,13535.0
93,-32,RBE,RBEU22,D1,2022-07-25,1658707200,3.0181,3.1315,2.9773,3.0997,16624,0,17879,12569.0
94,-31,RBE,RBEU22,D1,2022-07-26,1658793600,3.1048,3.1972,3.0382,3.1005,19804,0,21558,13178.0
95,-30,RBE,RBEU22,D1,2022-07-27,1658880000,3.0985,3.1824,3.0785,3.1582,19819,0,21408,20282.0
96,-29,RBE,RBEU22,D1,2022-07-28,1658966400,3.1577,3.1907,3.0609,3.1443,17499,1,19001,20656.0
97,-28,RBE,RBEU22,D1,2022-07-29,1659052800,3.1385,3.2492,3.0877,3.0935,19731,0,21787,20732.0
98,-27,RBE,RBEU22,D1,2022-07-31,1659225600,3.107,3.1133,3.08,3.0988,102,1,112,13633.0
99,-26,RBE,RBEU22,D1,2022-08-01,1659312000,3.1,3.1041,2.9101,2.9956,22449,0,24301,15400.0
100,-25,RBE,RBEU22,D1,2022-08-02,1659398400,3.0014,3.1115,2.9403,3.0399,18457,0,19443,14619.0
101,-24,RBE,RBEU22,D1,2022-08-03,1659484800,3.04,3.1427,2.9001,2.9271000000000003,22074,0,23704,22483.0
102,-23,RBE,RBEU22,D1,2022-08-04,1659571200,2.9264,2.9343,2.7575,2.7717,18024,0,19151,20766.0
103,-22,RBE,RBEU22,D1,2022-08-05,1659657600,2.7697000000000003,2.8798,2.7586,2.8517,20056,0,21205,21353.0
104,-21,RBE,RBEU22,D1,2022-08-07,1659830400,2.8499,2.8703,2.8288,2.834,146,5,157,13504.0
105,-20,RBE,RBEU22,D1,2022-08-08,1659916800,2.8337,2.9054,2.829,2.8801,16527,0,17840,13067.0
106,-19,RBE,RBEU22,D1,2022-08-09,1660003200,2.8847,2.9831,2.8562,2.9735,16741,0,17928,11975.0
107,-18,RBE,RBEU22,D1,2022-08-10,1660089600,2.9772,3.0858,2.9214,3.0538,21383,0,23223,19664.0
108,-17,RBE,RBEU22,D1,2022-08-11,1660176000,3.0503,3.1199,3.0381,3.0644,13442,0,14450,18534.0
109,-16,RBE,RBEU22,D1,2022-08-12,1660262400,3.0656,3.0844,3.0044,3.0481,13248,0,14102,17258.0
110,-15,RBE,RBEU22,D1,2022-08-14,1660435200,3.0593,3.0631,3.0399,3.0412,64,21,76,9543.0
111,-14,RBE,RBEU22,D1,2022-08-15,1660521600,3.0402,3.0577,2.8881,2.9442,12256,0,13243,9140.0
112,-13,RBE,RBEU22,D1,2022-08-16,1660608000,2.9406,2.9669,2.8797,2.9343,13318,0,15047,9455.0
113,-12,RBE,RBEU22,D1,2022-08-17,1660694400,2.9342,2.9532,2.8615,2.9404,12131,0,13287,13859.0
94,-37,RBE,RBEV22,D1,2022-08-18,1660780800,2.716,2.8146,2.7,2.8112,15478,0,16207,14406.0
95,-36,RBE,RBEV22,D1,2022-08-19,1660867200,2.8112,2.8212,2.7346,2.771,14234,0,15191,15907.0
96,-35,RBE,RBEV22,D1,2022-08-21,1661040000,2.772,2.7764,2.7593,2.7635,133,3,141,10513.0
97,-34,RBE,RBEV22,D1,2022-08-22,1661126400,2.7628,2.7983,2.6158,2.6805,24057,0,25682,13671.0
98,-33,RBE,RBEV22,D1,2022-08-23,1661212800,2.6805,2.7678000000000003,2.6545,2.7346,21019,0,22452,16092.0
99,-32,RBE,RBEV22,D1,2022-08-24,1661299200,2.7363,2.7672,2.5992,2.6609,26895,0,28373,25502.0
100,-31,RBE,RBEV22,D1,2022-08-25,1661385600,2.6573,2.701,2.6193,2.6442,21507,0,22894,24573.0
101,-30,RBE,RBEV22,D1,2022-08-26,1661472000,2.645,2.6938,2.5637,2.6719,24914,0,26511,25926.0
102,-29,RBE,RBEV22,D1,2022-08-28,1661644800,2.6710000000000003,2.6774,2.6554,2.6710000000000003,138,1,147,16517.0
103,-28,RBE,RBEV22,D1,2022-08-29,1661731200,2.6712,2.7259,2.6269,2.7135,15103,1,16409,14356.0
104,-27,RBE,RBEV22,D1,2022-08-30,1661817600,2.712,2.7312,2.513,2.5329,25791,0,28637,15064.0
105,-26,RBE,RBEV22,D1,2022-08-31,1661904000,2.5358,2.5642,2.404,2.4186,20629,0,22401,22482.0
106,-25,RBE,RBEV22,D1,2022-09-01,1661990400,2.4206,2.4323,2.3501,2.402,20555,1,22423,24487.0
107,-24,RBE,RBEV22,D1,2022-09-02,1662076800,2.4005,2.4978,2.3991,2.4598,19336,0,21074,21966.0
108,-23,RBE,RBEV22,D1,2022-09-04,1662249600,2.4425,2.49,2.4425,2.4789,197,2,211,14569.0
109,-22,RBE,RBEV22,D1,2022-09-05,1662336000,2.4806,2.5299,2.449,2.4835,4412,1,4791,8692.0
110,-21,RBE,RBEV22,D1,2022-09-06,1662422400,2.4867,2.5167,2.4083,2.4258,16531,0,17648,7550.0
111,-20,RBE,RBEV22,D1,2022-09-07,1662508800,2.426,2.4672,2.3001,2.3097,15018,1,16119,12853.0
112,-19,RBE,RBEV22,D1,2022-09-08,1662595200,2.3119,2.3601,2.289,2.3238,12110,1,12957,15575.0
113,-18,RBE,RBEV22,D1,2022-09-09,1662681600,2.3254,2.448,2.321,2.4203,11629,1,12394,13823.0
114,-17,RBE,RBEV22,D1,2022-09-11,1662854400,2.4223,2.4349,2.4196,2.424,96,8,116,8489.0
115,-16,RBE,RBEV22,D1,2022-09-12,1662940800,2.4259,2.4949,2.3951,2.4715,11930,1,12831,8447.0
116,-15,RBE,RBEV22,D1,2022-09-13,1663027200,2.4717,2.5091,2.4172,2.4996,13152,1,14118,9022.0
117,-14,RBE,RBEV22,D1,2022-09-14,1663113600,2.5032,2.5645,2.4357,2.5329,12993,1,13854,13601.0
85,-38,RBE,RBEX22,D1,2022-09-15,1663200000,2.4847,2.4868,2.3448,2.3823,14789,0,15417,13806.0
86,-37,RBE,RBEX22,D1,2022-09-16,1663286400,2.3778,2.405,2.3379,2.3759,10472,0,10876,13671.0
87,-36,RBE,RBEX22,D1,2022-09-18,1663459200,2.3758,2.3867,2.3747,2.3786,175,1,192,8828.0
88,-35,RBE,RBEX22,D1,2022-09-19,1663545600,2.3821,2.44,2.3,2.4325,15855,0,16602,9223.0
89,-34,RBE,RBEX22,D1,2022-09-20,1663632000,2.4325,2.4587,2.37,2.3798,14484,0,15218,10671.0
90,-33,RBE,RBEX22,D1,2022-09-21,1663718400,2.385,2.4661,2.3781,2.3949,20155,0,21177,17666.0
91,-32,RBE,RBEX22,D1,2022-09-22,1663804800,2.3954,2.5072,2.3872,2.4317,19634,0,20854,19083.0
92,-31,RBE,RBEX22,D1,2022-09-23,1663891200,2.4402,2.4459,2.269,2.33,26085,0,28030,23354.0
93,-30,RBE,RBEX22,D1,2022-09-25,1664064000,2.3297,2.3329,2.3188,2.3279,199,1,212,16365.0
94,-29,RBE,RBEX22,D1,2022-09-26,1664150400,2.329,2.3706,2.26,2.2999,22315,0,23302,17181.0
95,-28,RBE,RBEX22,D1,2022-09-27,1664236800,2.2995,2.3933,2.2972,2.3759,21430,0,23014,15509.0
96,-27,RBE,RBEX22,D1,2022-09-28,1664323200,2.375,2.4666,2.3337,2.4528,20864,1,22459,22925.0
97,-26,RBE,RBEX22,D1,2022-09-29,1664409600,2.451,2.4722,2.395,2.4143,17882,0,19718,21730.0
98,-25,RBE,RBEX22,D1,2022-09-30,1664496000,2.4134,2.4267,2.3244,2.3714,19224,1,20753,20977.0
99,-24,RBE,RBEX22,D1,2022-10-02,1664668800,2.3887,2.4377,2.3887,2.4333,215,3,221,13564.0
100,-23,RBE,RBEX22,D1,2022-10-03,1664755200,2.434,2.5396,2.4153,2.5305,23325,0,24707,15227.0
101,-22,RBE,RBEX22,D1,2022-10-04,1664841600,2.5309,2.6888,2.5235,2.6707,22003,1,23707,16212.0
102,-21,RBE,RBEX22,D1,2022-10-05,1664928000,2.6721,2.7,2.5932,2.6616,19280,0,20982,23132.0
103,-20,RBE,RBEX22,D1,2022-10-06,1665014400,2.6615,2.7119,2.6267,2.695,13517,0,14430,19706.0
104,-19,RBE,RBEX22,D1,2022-10-07,1665100800,2.6935,2.7675,2.6645,2.7609,14182,0,15244,16885.0
105,-18,RBE,RBEX22,D1,2022-10-09,1665273600,2.7532,2.7685,2.7394,2.7469,177,3,211,9962.0
106,-17,RBE,RBEX22,D1,2022-10-10,1665360000,2.7465,2.7508,2.6016,2.608,12049,0,13045,9500.0
107,-16,RBE,RBEX22,D1,2022-10-11,1665446400,2.6083,2.6369,2.5792,2.5896,12834,1,13866,9041.0
108,-15,RBE,RBEX22,D1,2022-10-12,1665532800,2.5887,2.6687,2.5735,2.612,12905,1,14024,13645.0
109,-14,RBE,RBEX22,D1,2022-10-13,1665619200,2.6112,2.7168,2.57,2.6925,13111,0,14049,13980.0
110,-13,RBE,RBEX22,D1,2022-10-14,1665705600,2.693,2.7005,2.5935,2.6315,13542,0,14743,14272.0
111,-12,RBE,RBEX22,D1,2022-10-16,1665878400,2.6361,2.644,2.6216,2.6427,73,6,80,9624.0
112,-11,RBE,RBEX22,D1,2022-10-17,1665964800,2.6432,2.669,2.5762,2.6094,11405,0,12236,9020.0
88,-37,RBE,RBEZ22,D1,2022-10-18,1666051200,2.4477,2.4636,2.3526,2.433,14562,0,15412,8561.0
89,-36,RBE,RBEZ22,D1,2022-10-19,1666137600,2.4322,2.4883,2.395,2.4727,15785,0,16676,14095.0
90,-35,RBE,RBEZ22,D1,2022-10-20,1666224000,2.4722,2.5369,2.4603,2.4643,15257,0,16164,16084.0
91,-34,RBE,RBEZ22,D1,2022-10-21,1666310400,2.4652,2.501,2.4379,2.4599,13673,0,14495,15778.0
92,-33,RBE,RBEZ22,D1,2022-10-23,1666483200,2.4588,2.4715,2.4588,2.4692,215,1,221,10293.0
93,-32,RBE,RBEZ22,D1,2022-10-24,1666569600,2.4692,2.5221,2.3964,2.5108,21760,0,22936,12551.0
94,-31,RBE,RBEZ22,D1,2022-10-25,1666656000,2.5096,2.5595,2.4509,2.5402,21144,0,22206,15121.0
95,-30,RBE,RBEZ22,D1,2022-10-26,1666742400,2.5382,2.6312,2.525,2.6152,23283,0,24687,23276.0
96,-29,RBE,RBEZ22,D1,2022-10-27,1666828800,2.6158,2.66,2.5627,2.6273,20851,0,21911,22935.0
97,-28,RBE,RBEZ22,D1,2022-10-28,1666915200,2.6285,2.6361,2.5286,2.5481,25850,0,27464,24687.0
98,-27,RBE,RBEZ22,D1,2022-10-30,1667088000,2.5582000000000003,2.5668,2.553,2.5614,174,1,204,16526.0
99,-26,RBE,RBEZ22,D1,2022-10-31,1667174400,2.5595,2.5794,2.4822,2.5143,19120,0,20429,16032.0
100,-25,RBE,RBEZ22,D1,2022-11-01,1667260800,2.5154,2.6165000000000003,2.5093,2.6001,15665,0,17432,12688.0
101,-24,RBE,RBEZ22,D1,2022-11-02,1667347200,2.5986,2.7065,2.5813,2.6931000000000003,21426,0,23038,20300.0
102,-23,RBE,RBEZ22,D1,2022-11-03,1667433600,2.693,2.7053000000000003,2.6328,2.694,17112,0,18273,19581.0
103,-22,RBE,RBEZ22,D1,2022-11-04,1667520000,2.6928,2.8172,2.6842,2.7408,18444,0,19694,20335.0
104,-21,RBE,RBEZ22,D1,2022-11-06,1667692800,2.7356,2.7401,2.7052,2.7055,212,1,245,12737.0
105,-20,RBE,RBEZ22,D1,2022-11-07,1667779200,2.7073,2.7299,2.6472,2.6631,13676,1,14409,11449.0
106,-19,RBE,RBEZ22,D1,2022-11-08,1667865600,2.6666,2.6991,2.6101,2.6358,16742,0,17821,10825.0
107,-18,RBE,RBEZ22,D1,2022-11-09,1667952000,2.6398,2.6398,2.5402,2.5537,16342,1,17208,16479.0
108,-17,RBE,RBEZ22,D1,2022-11-10,1668038400,2.5528,2.6105,2.5284,2.5587,11855,1,12659,15896.0
109,-16,RBE,RBEZ22,D1,2022-11-11,1668124800,2.5587,2.648,2.5585,2.6291,13354,0,14242,14703.0
110,-15,RBE,RBEZ22,D1,2022-11-13,1668297600,2.6193,2.6564,2.6193,2.6487,108,1,136,9012.0
111,-14,RBE,RBEZ22,D1,2022-11-14,1668384000,2.6487,2.6586,2.52,2.5297,13067,1,13761,9380.0
112,-13,RBE,RBEZ22,D1,2022-11-15,1668470400,2.5297,2.575,2.488,2.5255,11132,0,11800,8566.0
81,-37,RBE,RBEF23,D1,2022-11-16,1668556800,2.4854,2.5014,2.4119,2.4627,13695,0,14575,12702.0
82,-36,RBE,RBEF23,D1,2022-11-17,1668643200,2.4622,2.4638,2.3864,2.4028,15686,1,16429,14209.0
83,-35,RBE,RBEF23,D1,2022-11-18,1668729600,2.4032,2.4153,2.2965,2.353,16350,0,16991,15998.0
84,-34,RBE,RBEF23,D1,2022-11-20,1668902400,2.353,2.3613,2.353,2.3593,130,1,132,11184.0
85,-33,RBE,RBEF23,D1,2022-11-21,1668988800,2.3568,2.3918,2.2538,2.3709,24070,0,25133,14085.0
86,-32,RBE,RBEF23,D1,2022-11-22,1669075200,2.3748,2.4727,2.3702,2.4528,19276,0,20367,15211.0
87,-31,RBE,RBEF23,D1,2022-11-23,1669161600,2.4487,2.4543,2.3241,2.3854,22760,0,24527,23342.0
88,-30,RBE,RBEF23,D1,2022-11-24,1669248000,2.3854,2.3927,2.35,2.3688,2977,1,3174,16023.0
89,-29,RBE,RBEF23,D1,2022-11-25,1669334400,2.3688,2.4086,2.2628,2.3061,13991,1,15265,14322.0
90,-28,RBE,RBEF23,D1,2022-11-27,1669507200,2.2695,2.3085,2.2665,2.2758,254,1,272,6237.0
91,-27,RBE,RBEF23,D1,2022-11-28,1669593600,2.2799,2.3098,2.2196,2.2372,24746,0,26693,14077.0
92,-26,RBE,RBEF23,D1,2022-11-29,1669680000,2.2331,2.3372,2.2229,2.295,20141,0,21329,16098.0
93,-25,RBE,RBEF23,D1,2022-11-30,1669766400,2.2931,2.3915,2.2918,2.3852,17194,0,18463,22162.0
94,-24,RBE,RBEF23,D1,2022-12-01,1669852800,2.3851,2.4204,2.3358,2.346,15388,0,16209,18667.0
95,-23,RBE,RBEF23,D1,2022-12-02,1669939200,2.342,2.3583,2.2701,2.2977,14069,0,14978,16550.0
96,-22,RBE,RBEF23,D1,2022-12-04,1670112000,2.2985,2.3218,2.2898,2.3111,112,2,115,10434.0
97,-21,RBE,RBEF23,D1,2022-12-05,1670198400,2.3168,2.348,2.1962,2.2268,18752,0,20226,11773.0
98,-20,RBE,RBEF23,D1,2022-12-06,1670284800,2.2269,2.2332,2.1288,2.1623,16922,0,17964,12768.0
99,-19,RBE,RBEF23,D1,2022-12-07,1670371200,2.1624,2.169,2.0698,2.0891,19276,0,20529,19573.0
100,-18,RBE,RBEF23,D1,2022-12-08,1670457600,2.086,2.1312,2.0413,2.0605,15803,0,16801,18431.0
101,-17,RBE,RBEF23,D1,2022-12-09,1670544000,2.0591,2.0801,2.0337,2.0599,14158,0,15091,17474.0
102,-16,RBE,RBEF23,D1,2022-12-11,1670716800,2.0582,2.0698,2.0572,2.0575,154,1,195,10696.0
103,-15,RBE,RBEF23,D1,2022-12-12,1670803200,2.0575,2.0966,2.0204,2.0851,16161,0,17253,10846.0
104,-14,RBE,RBEF23,D1,2022-12-13,1670889600,2.0852,2.1757,2.0824,2.1579,13730,0,14319,10589.0
105,-13,RBE,RBEF23,D1,2022-12-14,1670976000,2.1585,2.2524,2.1477,2.2408,14969,1,15906,15826.0
106,-12,RBE,RBEF23,D1,2022-12-15,1671062400,2.2393,2.2496,2.1642,2.1737,10703,1,11130,13785.0
107,-11,RBE,RBEF23,D1,2022-12-16,1671148800,2.1719,2.19,2.1013,2.1405,11534,1,12343,13126.0
108,-10,RBE,RBEF23,D1,2022-12-18,1671321600,2.1442,2.1516,2.1335,2.1516,59,5,62,7845.0
85,-35,RBE,RBEG23,D1,2022-12-19,1671408000,2.1647,2.2101,2.1439,2.1961,18359,0,14892,8869.0
86,-34,RBE,RBEG23,D1,2022-12-20,1671494400,2.1968,2.2426,2.1709,2.2303,17646,0,13664,9539.0
87,-33,RBE,RBEG23,D1,2022-12-21,1671580800,2.2327,2.283,2.2201,2.2787,16653,0,15763,14773.0
88,-32,RBE,RBEG23,D1,2022-12-22,1671667200,2.277,2.2968,2.2333,2.2843,18074,0,15508,14978.0
89,-31,RBE,RBEG23,D1,2022-12-23,1671753600,2.286,2.3959,2.2614,2.376,19378,0,19662,16978.0
90,-30,RBE,RBEG23,D1,2022-12-26,1672012800,2.3899,2.4241,2.3882,2.4225,940,0,224,11798.0
91,-29,RBE,RBEG23,D1,2022-12-27,1672099200,2.4223,2.4236,2.3588,2.3786,17723,0,15595,11827.0
92,-28,RBE,RBEG23,D1,2022-12-28,1672185600,2.3785,2.3833,2.303,2.3555,21245,0,18223,11347.0
93,-27,RBE,RBEG23,D1,2022-12-29,1672272000,2.3576,2.3905,2.3045,2.3783,19652,0,13809,15876.0
94,-26,RBE,RBEG23,D1,2022-12-30,1672358400,2.3773,2.5233,2.3638,2.5025,20765,0,19314,17115.0
95,-25,RBE,RBEG23,D1,2023-01-02,1672617600,2.4909,2.5057,2.4866,2.4869,699,0,127,11083.0
96,-24,RBE,RBEG23,D1,2023-01-03,1672704000,2.4914,2.5003,2.3484,2.362,28088,0,24658,14700.0
97,-23,RBE,RBEG23,D1,2023-01-04,1672790400,2.3623,2.3754,2.2433,2.2989,26747,0,20456,15080.0
98,-22,RBE,RBEG23,D1,2023-01-05,1672876800,2.3022,2.313,2.2554,2.277,23689,0,19491,21535.0
99,-21,RBE,RBEG23,D1,2023-01-06,1672963200,2.2698,2.3187,2.2356,2.254,22534,0,19974,19974.0
100,-20,RBE,RBEG23,D1,2023-01-08,1673136000,2.251,2.2774,2.251,2.2642,727,0,314,13260.0
101,-19,RBE,RBEG23,D1,2023-01-09,1673222400,2.265,2.3356,2.2628,2.2991,20789,0,19387,13225.0
102,-18,RBE,RBEG23,D1,2023-01-10,1673308800,2.3007,2.3485,2.2797,2.3159,17659,0,16261,11987.0
103,-17,RBE,RBEG23,D1,2023-01-11,1673395200,2.3167,2.4473,2.3005,2.439,19870,0,19006,18218.0
104,-16,RBE,RBEG23,D1,2023-01-12,1673481600,2.4391,2.4944,2.4216,2.4558,19181,0,15191,16819.0
105,-15,RBE,RBEG23,D1,2023-01-13,1673568000,2.4555,2.5408,2.4472,2.5375,16545,0,16034,16744.0
106,-14,RBE,RBEG23,D1,2023-01-15,1673740800,2.5375,2.5446,2.5277,2.5277,301,0,102,10442.0
107,-13,RBE,RBEG23,D1,2023-01-16,1673827200,2.5309,2.5381,2.4919,2.4996,6798,0,3133,6423.0
87,-36,RBE,RBEH23,D1,2023-01-17,1673913600,2.5021,2.5792,2.5021,2.5677,17511,0,15813,6652.0
88,-35,RBE,RBEH23,D1,2023-01-18,1674000000,2.5684,2.6059,2.5139,2.5165,19562,0,18621,12838.0
89,-34,RBE,RBEH23,D1,2023-01-19,1674086400,2.5168,2.6286,2.4961,2.6228,24415,0,26407,20280.0
90,-33,RBE,RBEH23,D1,2023-01-20,1674172800,2.6227,2.6734,2.6046,2.6442,20025,0,21787,22272.0
91,-32,RBE,RBEH23,D1,2023-01-22,1674345600,2.6574,2.6574,2.6324,2.6361,479,0,183,16126.0
92,-31,RBE,RBEH23,D1,2023-01-23,1674432000,2.6373,2.7135,2.6332,2.6877,20256,0,20175,14048.0
93,-30,RBE,RBEH23,D1,2023-01-24,1674518400,2.6893,2.7038,2.6351,2.692,22439,0,22231,14196.0
94,-29,RBE,RBEH23,D1,2023-01-25,1674604800,2.692,2.7186,2.5835,2.5946,23078,0,21679,21362.0
95,-28,RBE,RBEH23,D1,2023-01-26,1674691200,2.5938,2.6641,2.5665,2.6163,19937,0,18086,20665.0
96,-27,RBE,RBEH23,D1,2023-01-27,1674777600,2.6139,2.6512,2.5681000000000003,2.5825,22439,0,18278,19348.0
97,-26,RBE,RBEH23,D1,2023-01-29,1674950400,2.5866,2.6087,2.5866,2.6062,204,1,245,12203.0
98,-25,RBE,RBEH23,D1,2023-01-30,1675036800,2.6062,2.6075,2.499,2.5133,20146,0,21643,13389.0
99,-24,RBE,RBEH23,D1,2023-01-31,1675123200,2.5135,2.5734,2.466,2.5657,21003,0,22589,14826.0
100,-23,RBE,RBEH23,D1,2023-02-01,1675209600,2.5659,2.5941,2.4311,2.4579,23890,0,25531,23254.0
101,-22,RBE,RBEH23,D1,2023-02-02,1675296000,2.4594,2.493,2.4402,2.4506,18839,0,19863,22661.0
102,-21,RBE,RBEH23,D1,2023-02-03,1675382400,2.4512,2.4719,2.3137,2.3227,24835,0,26920,24105.0
103,-20,RBE,RBEH23,D1,2023-02-05,1675555200,2.3116,2.3286,2.3116,2.3201,173,1,233,15672.0
104,-19,RBE,RBEH23,D1,2023-02-06,1675641600,2.3211,2.3963,2.272,2.3819,22315,0,24165,17106.0
105,-18,RBE,RBEH23,D1,2023-02-07,1675728000,2.3811,2.467,2.3778,2.4579,19435,1,20832,15077.0
106,-17,RBE,RBEH23,D1,2023-02-08,1675814400,2.4582,2.485,2.4064,2.4668,14835,0,15908,20302.0
107,-16,RBE,RBEH23,D1,2023-02-09,1675900800,2.467,2.484,2.4045,2.4419,12832,0,13719,16820.0
108,-15,RBE,RBEH23,D1,2023-02-10,1675987200,2.4403,2.5138,2.4263,2.4985,13301,0,14231,14619.0
109,-14,RBE,RBEH23,D1,2023-02-12,1676160000,2.5065,2.5065,2.489,2.489,99,4,119,9356.0
110,-13,RBE,RBEH23,D1,2023-02-13,1676246400,2.4891,2.5337,2.4654,2.5103,12864,1,13983,9444.0
111,-12,RBE,RBEH23,D1,2023-02-14,1676332800,2.5122,2.5261,2.4399,2.4877,11504,0,12261,8788.0
82,-38,RBE,RBEJ23,D1,2023-02-15,1676419200,2.6934,2.7065,2.6315,2.689,15946,0,16656,13889.0
83,-37,RBE,RBEJ23,D1,2023-02-16,1676505600,2.6894,2.7089,2.6225,2.6264,16606,0,17277,15981.0
84,-36,RBE,RBEJ23,D1,2023-02-17,1676592000,2.6278,2.6322,2.557,2.6184,22136,0,23446,19126.0
85,-35,RBE,RBEJ23,D1,2023-02-19,1676764800,2.6174,2.6241,2.6163,2.6204,30,10,32,13585.0
86,-34,RBE,RBEJ23,D1,2023-02-20,1676851200,2.6219,2.6643,2.6141,2.6545,3945,0,4310,9263.0
87,-33,RBE,RBEJ23,D1,2023-02-21,1676937600,2.6536,2.6616,2.6081,2.6302,16978,0,17905,7416.0
88,-32,RBE,RBEJ23,D1,2023-02-22,1677024000,2.6306000000000003,2.64,2.5219,2.5364,22543,0,23897,15371.0
89,-31,RBE,RBEJ23,D1,2023-02-23,1677110400,2.5372,2.6087,2.5333,2.5963000000000003,18767,0,20340,20714.0
90,-30,RBE,RBEJ23,D1,2023-02-24,1677196800,2.5962,2.6186,2.5195,2.5825,20014,0,21464,21900.0
91,-29,RBE,RBEJ23,D1,2023-02-26,1677369600,2.5913,2.5974,2.5815,2.5867,233,1,260,14021.0
92,-28,RBE,RBEJ23,D1,2023-02-27,1677456000,2.5877,2.6036,2.5575,2.5797,16047,1,17433,13052.0
93,-27,RBE,RBEJ23,D1,2023-02-28,1677542400,2.58,2.6562,2.576,2.6364,18016,0,19610,12434.0
94,-26,RBE,RBEJ23,D1,2023-03-01,1677628800,2.6356,2.6795,2.6256,2.6702,18105,0,20045,19029.0
95,-25,RBE,RBEJ23,D1,2023-03-02,1677715200,2.6691000000000003,2.7073,2.6583,2.6916,14698,0,16377,18677.0
96,-24,RBE,RBEJ23,D1,2023-03-03,1677801600,2.6932,2.7569,2.6235,2.756,23100,1,25101,20508.0
97,-23,RBE,RBEJ23,D1,2023-03-05,1677974400,2.755,2.7601,2.7421,2.7472,176,1,204,13894.0
98,-22,RBE,RBEJ23,D1,2023-03-06,1678060800,2.7472,2.7992,2.7087,2.795,20903,0,22965,16090.0
99,-21,RBE,RBEJ23,D1,2023-03-07,1678147200,2.7937,2.8122,2.6773,2.6799,20038,0,21783,14984.0
100,-20,RBE,RBEJ23,D1,2023-03-08,1678233600,2.6789,2.7001,2.6542,2.6862,19477,0,21156,21968.0
101,-19,RBE,RBEJ23,D1,2023-03-09,1678320000,2.6862,2.7069,2.5897,2.5897,19461,0,20784,21241.0
102,-18,RBE,RBEJ23,D1,2023-03-10,1678406400,2.5908,2.6582,2.5677,2.642,18555,0,20007,20649.0
103,-17,RBE,RBEJ23,D1,2023-03-12,1678579200,2.6459,2.6710000000000003,2.6339,2.6541,272,1,344,13712.0
104,-16,RBE,RBEJ23,D1,2023-03-13,1678665600,2.6552,2.66,2.5236,2.5991,20533,0,22345,14232.0
105,-15,RBE,RBEJ23,D1,2023-03-14,1678752000,2.6044,2.6122,2.5369,2.5665,16956,0,18444,13711.0
106,-14,RBE,RBEJ23,D1,2023-03-15,1678838400,2.5655,2.5965,2.3862,2.4611,22243,0,24645,21811.0
84,-36,RBE,RBEK23,D1,2023-03-16,1678924800,2.4418,2.4828,2.3626,2.4759,25686,0,19699,21279.0
85,-35,RBE,RBEK23,D1,2023-03-17,1679011200,2.4756,2.5265,2.4177,2.4539,27998,0,21306,23397.0
86,-34,RBE,RBEK23,D1,2023-03-19,1679184000,2.4623,2.4747,2.4514,2.4727,521,0,212,13739.0
87,-33,RBE,RBEK23,D1,2023-03-20,1679270400,2.473,2.4986,2.3792,2.4922,26871,0,17193,12904.0
88,-32,RBE,RBEK23,D1,2023-03-21,1679356800,2.4888,2.5321,2.4721,2.4976,21865,0,19918,12441.0
89,-31,RBE,RBEK23,D1,2023-03-22,1679443200,2.4969,2.5685,2.4822,2.5393,23183,0,28189,21767.0
90,-30,RBE,RBEK23,D1,2023-03-23,1679529600,2.5395,2.613,2.536,2.5606,20717,0,24117,24075.0
91,-29,RBE,RBEK23,D1,2023-03-24,1679616000,2.5602,2.5821,2.4931,2.5462,26530,0,24569,25625.0
92,-28,RBE,RBEK23,D1,2023-03-26,1679788800,2.5579,2.5695,2.5452,2.5586,814,0,190,16292.0
93,-27,RBE,RBEK23,D1,2023-03-27,1679875200,2.557,2.6632,2.5347,2.6576,23135,0,24913,16557.0
94,-26,RBE,RBEK23,D1,2023-03-28,1679961600,2.6572,2.6904,2.6268,2.688,19629,0,22916,16006.0
95,-25,RBE,RBEK23,D1,2023-03-29,1680048000,2.6876,2.6994,2.6207000000000003,2.6298,20795,0,27722,25184.0
96,-24,RBE,RBEK23,D1,2023-03-30,1680134400,2.6307,2.66,2.5991,2.6281,19619,0,24327,24988.0
97,-23,RBE,RBEK23,D1,2023-03-31,1680220800,2.6277,2.6931000000000003,2.6036,2.6777,19209,0,22041,24697.0
98,-22,RBE,RBEK23,D1,2023-04-02,1680393600,2.792,2.8232,2.7776,2.78,3738,0,2054,16141.0
99,-21,RBE,RBEK23,D1,2023-04-03,1680480000,2.781,2.7965,2.7432,2.7716,23907,0,22432,15509.0
100,-20,RBE,RBEK23,D1,2023-04-04,1680566400,2.77,2.7898,2.7016,2.7597,21685,0,20805,15097.0
101,-19,RBE,RBEK23,D1,2023-04-05,1680652800,2.7597,2.8266,2.7395,2.825,19443,0,25343,22860.0
102,-18,RBE,RBEK23,D1,2023-04-06,1680739200,2.8253,2.8428,2.7888,2.803,21897,0,21935,22694.0
103,-17,RBE,RBEK23,D1,2023-04-09,1680998400,2.8120000000000003,2.8262,2.8092,2.8127,339,0,232,15837.0
104,-16,RBE,RBEK23,D1,2023-04-10,1681084800,2.8124,2.824,2.7656,2.8172,16919,0,15177,12448.0
105,-15,RBE,RBEK23,D1,2023-04-11,1681171200,2.8162000000000003,2.8682,2.784,2.8573,19218,0,19568,11659.0
106,-14,RBE,RBEK23,D1,2023-04-12,1681257600,2.8573,2.8943,2.8152,2.8566000000000003,19775,0,19406,18050.0
107,-13,RBE,RBEK23,D1,2023-04-13,1681344000,2.8566000000000003,2.8606,2.8236,2.8327,15536,0,14825,17933.0
108,-12,RBE,RBEK23,D1,2023-04-14,1681430400,2.8326,2.8451,2.7994,2.8348,15433,0,16101,16777.0
85,-39,RBE,RBEM23,D1,2023-04-16,1681603200,2.7865,2.7865,2.7748,2.7815,388,0,78,10792.0
86,-38,RBE,RBEM23,D1,2023-04-17,1681689600,2.7831,2.7858,2.7152,2.7355,16079,0,18079,11315.0
87,-37,RBE,RBEM23,D1,2023-04-18,1681776000,2.7347,2.7442,2.6836,2.7036,16982,0,19561,12573.0
88,-36,RBE,RBEM23,D1,2023-04-19,1681862400,2.7025,2.7121,2.5927,2.5938,21099,0,34347,23996.0
89,-35,RBE,RBEM23,D1,2023-04-20,1681948800,2.5954,2.6042,2.531,2.5568,21129,0,38970,30959.0
90,-34,RBE,RBEM23,D1,2023-04-21,1682035200,2.5568,2.6104000000000003,2.5531,2.5736,17945,0,24621,32646.0
91,-33,RBE,RBEM23,D1,2023-04-23,1682208000,2.5839,2.5839,2.566,2.5675,145,2,150,21247.0
92,-32,RBE,RBEM23,D1,2023-04-24,1682294400,2.5674,2.6215,2.5268,2.6091,21743,0,23419,16063.0
93,-31,RBE,RBEM23,D1,2023-04-25,1682380800,2.609,2.6295,2.5337,2.5648,23532,0,25498,16356.0
94,-30,RBE,RBEM23,D1,2023-04-26,1682467200,2.569,2.588,2.5034,2.5115,28385,1,30874,26597.0
95,-29,RBE,RBEM23,D1,2023-04-27,1682553600,2.5122,2.526,2.4786,2.4931,22593,0,24787,27053.0
96,-28,RBE,RBEM23,D1,2023-04-28,1682640000,2.4931,2.5555,2.4732,2.5248,22684,0,24120,26594.0
97,-27,RBE,RBEM23,D1,2023-04-30,1682812800,2.5325,2.5325,2.511,2.5118,141,1,157,16355.0
98,-26,RBE,RBEM23,D1,2023-05-01,1682899200,2.5127,2.558,2.4744,2.5479000000000003,20268,0,22182,15486.0
99,-25,RBE,RBEM23,D1,2023-05-02,1682985600,2.5483,2.56,2.424,2.4313,26940,0,29449,17263.0
100,-24,RBE,RBEM23,D1,2023-05-03,1683072000,2.4325,2.4371,2.25,2.2978,29026,1,32414,28015.0
101,-23,RBE,RBEM23,D1,2023-05-04,1683158400,2.2987,2.3591,2.289,2.3286,23955,0,26439,29434.0
102,-22,RBE,RBEM23,D1,2023-05-05,1683244800,2.3287,2.4,2.3208,2.3819,19516,1,21185,26679.0
103,-21,RBE,RBEM23,D1,2023-05-07,1683417600,2.3821,2.3961,2.3821,2.3863,216,1,232,15952.0
104,-20,RBE,RBEM23,D1,2023-05-08,1683504000,2.3864,2.4698,2.377,2.4548,19765,0,21251,14223.0
105,-19,RBE,RBEM23,D1,2023-05-09,1683590400,2.4552,2.4932,2.4121,2.4916,19100,1,20727,14070.0
106,-18,RBE,RBEM23,D1,2023-05-10,1683676800,2.4927,2.5123,2.4576,2.4944,20921,0,22744,21574.0
107,-17,RBE,RBEM23,D1,2023-05-11,1683763200,2.4937,2.5155,2.4432,2.4612,14806,1,16149,19873.0
108,-16,RBE,RBEM23,D1,2023-05-12,1683849600,2.4614,2.4783,2.4156,2.4299,16533,0,17975,18956.0
109,-15,RBE,RBEM23,D1,2023-05-14,1684022400,2.4252,2.4355,2.4249,2.4276,97,2,100,11408.0
110,-14,RBE,RBEM23,D1,2023-05-15,1684108800,2.4302,2.4865,2.4017,2.477,16959,1,18030,12035.0
111,-13,RBE,RBEM23,D1,2023-05-16,1684195200,2.477,2.4887,2.4457,2.4835,13218,0,14199,10776.0
88,-38,RBE,RBEN23,D1,2023-05-17,1684281600,2.431,2.5208,2.4141,2.514,24414,0,26340,18969.0
89,-37,RBE,RBEN23,D1,2023-05-18,1684368000,2.5137,2.5191,2.4846,2.514,19752,0,21026,20974.0
90,-36,RBE,RBEN23,D1,2023-05-19,1684454400,2.5131,2.5525,2.486,2.5002,22147,0,23569,23645.0
91,-35,RBE,RBEN23,D1,2023-05-21,1684627200,2.5012,2.5056000000000003,2.4943,2.4968,124,1,130,14908.0
92,-34,RBE,RBEN23,D1,2023-05-22,1684713600,2.4978,2.574,2.47,2.5681000000000003,24404,0,25939,16546.0
93,-33,RBE,RBEN23,D1,2023-05-23,1684800000,2.568,2.6044,2.5318,2.6019,29796,0,32572,19547.0
94,-32,RBE,RBEN23,D1,2023-05-24,1684886400,2.6019,2.6239,2.5669,2.6122,30254,0,33126,30546.0
95,-31,RBE,RBEN23,D1,2023-05-25,1684972800,2.6129,2.62,2.5153,2.55,24558,0,26563,30754.0
96,-30,RBE,RBEN23,D1,2023-05-26,1685059200,2.5504,2.6089,2.5397,2.5959,25688,0,27791,29160.0
97,-29,RBE,RBEN23,D1,2023-05-28,1685232000,2.5971,2.6135,2.5958,2.5974,210,1,229,18194.0
98,-28,RBE,RBEN23,D1,2023-05-29,1685318400,2.5993,2.604,2.5439,2.5822000000000003,3811,1,3996,10672.0
99,-27,RBE,RBEN23,D1,2023-05-30,1685404800,2.5845,2.5971,2.4638,2.4849,28738,0,30671,11632.0
100,-26,RBE,RBEN23,D1,2023-05-31,1685491200,2.4844,2.4878,2.4168,2.4326,25259,0,27974,20880.0
101,-25,RBE,RBEN23,D1,2023-06-01,1685577600,2.4329,2.4853,2.4016,2.4378,25728,0,27307,28651.0
102,-24,RBE,RBEN23,D1,2023-06-02,1685664000,2.4374,2.5149,2.4323,2.505,24735,1,26557,27279.0
103,-23,RBE,RBEN23,D1,2023-06-04,1685836800,2.5435,2.5748,2.5411,2.5455,671,1,889,18251.0
104,-22,RBE,RBEN23,D1,2023-06-05,1685923200,2.5460000000000003,2.5738,2.5134,2.5337,23265,0,25597,17681.0
105,-21,RBE,RBEN23,D1,2023-06-06,1686009600,2.5321,2.5771,2.4941,2.5498,25981,0,28249,18245.0
106,-20,RBE,RBEN23,D1,2023-06-07,1686096000,2.5499,2.6527,2.5306,2.6471,32477,0,35729,29858.0
107,-19,RBE,RBEN23,D1,2023-06-08,1686182400,2.6468,2.6822,2.5362,2.6008,30736,1,33528,32502.0
108,-18,RBE,RBEN23,D1,2023-06-09,1686268800,2.5983,2.6348000000000003,2.586,2.5972,19081,0,20632,29963.0
109,-17,RBE,RBEN23,D1,2023-06-11,1686441600,2.6014,2.6014,2.5819,2.5819,126,1,135,18098.0
110,-16,RBE,RBEN23,D1,2023-06-12,1686528000,2.5865,2.5865,2.4756,2.5005,22603,0,24738,15168.0
111,-15,RBE,RBEN23,D1,2023-06-13,1686614400,2.5002,2.5779,2.4905,2.5391,17577,1,19044,14639.0
112,-14,RBE,RBEN23,D1,2023-06-14,1686700800,2.5387,2.5873,2.5343,2.5602,16662,0,18111,20631.0
86,-38,RBE,RBEQ23,D1,2023-06-15,1686787200,2.4552,2.5477,2.4415,2.5447,19993,0,21028,18576.0
87,-37,RBE,RBEQ23,D1,2023-06-16,1686873600,2.5442,2.5905,2.5308,2.5806,20391,0,21978,20392.0
88,-36,RBE,RBEQ23,D1,2023-06-18,1687046400,2.5788,2.5819,2.5708,2.5721,54,7,59,14355.0
89,-35,RBE,RBEQ23,D1,2023-06-19,1687132800,2.5719,2.5845,2.55,2.5571,5795,1,6152,9396.0
90,-34,RBE,RBEQ23,D1,2023-06-20,1687219200,2.5581,2.5719,2.4855,2.5101,21613,0,22993,9735.0
91,-33,RBE,RBEQ23,D1,2023-06-21,1687305600,2.5101,2.5492,2.4753,2.5262,23021,0,24376,17840.0
92,-32,RBE,RBEQ23,D1,2023-06-22,1687392000,2.5259,2.5283,2.4432,2.47,25575,0,27670,25013.0
93,-31,RBE,RBEQ23,D1,2023-06-23,1687478400,2.4689,2.4733,2.3986,2.4514,20595,0,21747,24598.0
94,-30,RBE,RBEQ23,D1,2023-06-25,1687651200,2.458,2.4699,2.4486,2.4686,274,3,285,16567.0
95,-29,RBE,RBEQ23,D1,2023-06-26,1687737600,2.4685,2.4691,2.4196,2.4549,19406,0,21050,14361.0
96,-28,RBE,RBEQ23,D1,2023-06-27,1687824000,2.4556,2.4834,2.4136,2.4467,24483,0,26373,15903.0
97,-27,RBE,RBEQ23,D1,2023-06-28,1687910400,2.4477,2.5051,2.421,2.4938,28555,0,30471,25965.0
98,-26,RBE,RBEQ23,D1,2023-06-29,1687996800,2.4944,2.5175,2.4734,2.4911,22493,1,24098,26981.0
99,-25,RBE,RBEQ23,D1,2023-06-30,1688083200,2.4906,2.5481,2.4834,2.5385,27495,1,30202,28257.0
100,-24,RBE,RBEQ23,D1,2023-07-02,1688256000,2.5364,2.5452,2.5311,2.534,185,1,190,18163.0
101,-23,RBE,RBEQ23,D1,2023-07-03,1688342400,2.537,2.5639,2.4605,2.4796,21882,1,23997,18130.0
102,-22,RBE,RBEQ23,D1,2023-07-04,1688428800,2.4793,2.5239000000000003,2.4736,2.5131,3870,1,4142,9443.0
103,-21,RBE,RBEQ23,D1,2023-07-05,1688515200,2.5121,2.5574,2.5,2.5171,22577,0,24310,17483.0
104,-20,RBE,RBEQ23,D1,2023-07-06,1688601600,2.5178000000000003,2.5540000000000003,2.4638,2.5473,23126,1,24711,17721.0
105,-19,RBE,RBEQ23,D1,2023-07-07,1688688000,2.5473,2.5991,2.5387,2.5885,23128,1,26147,25056.0
106,-18,RBE,RBEQ23,D1,2023-07-09,1688860800,2.59,2.59,2.5793,2.5824,149,1,157,17005.0
107,-17,RBE,RBEQ23,D1,2023-07-10,1688947200,2.5824,2.6054,2.5523,2.5776,18795,0,20907,15737.0
108,-16,RBE,RBEQ23,D1,2023-07-11,1689033600,2.5756,2.6288,2.573,2.6269,16077,0,17744,12936.0
109,-15,RBE,RBEQ23,D1,2023-07-12,1689120000,2.6252,2.6788,2.6208,2.6724,20970,0,23170,20607.0
110,-14,RBE,RBEQ23,D1,2023-07-13,1689206400,2.6734,2.6888,2.6422,2.6793,14618,0,15852,18922.0
86,-41,RBE,RBEU23,D1,2023-07-14,1689292800,2.614,2.6177,2.5701,2.5772,15936,0,17551,19229.0
87,-40,RBE,RBEU23,D1,2023-07-16,1689465600,2.5683,2.5722,2.56,2.5658,326,0,109,11979.0
88,-39,RBE,RBEU23,D1,2023-07-17,1689552000,2.5658,2.6025,2.5464,2.5782,17907,0,18574,12078.0
89,-38,RBE,RBEU23,D1,2023-07-18,1689638400,2.579,2.6485,2.5683,2.637,16269,0,26508,15064.0
90,-37,RBE,RBEU23,D1,2023-07-19,1689724800,2.6363,2.6898,2.62,2.6752,20416,0,33458,26180.0
91,-36,RBE,RBEU23,D1,2023-07-20,1689811200,2.6743,2.7112,2.6539,2.7078,20493,0,30663,30210.0
92,-35,RBE,RBEU23,D1,2023-07-21,1689897600,2.7073,2.7609,2.6986,2.75,21753,0,33097,32406.0
93,-34,RBE,RBEU23,D1,2023-07-23,1690070400,2.757,2.7574,2.7397,2.7401,344,0,184,21315.0
94,-33,RBE,RBEU23,D1,2023-07-24,1690156800,2.7396000000000003,2.8867000000000003,2.7392,2.8441,28932,0,41422,24901.0
95,-32,RBE,RBEU23,D1,2023-07-25,1690243200,2.844,2.8508,2.7768,2.7974,22729,0,30807,24138.0
96,-31,RBE,RBEU23,D1,2023-07-26,1690329600,2.7977,2.8565,2.767,2.8415,25414,0,35482,35904.0
97,-30,RBE,RBEU23,D1,2023-07-27,1690416000,2.8422,2.8955,2.8232,2.8625,21881,0,26479,30923.0
98,-29,RBE,RBEU23,D1,2023-07-28,1690502400,2.8615,2.9257,2.8536,2.8828,22228,0,27158,29706.0
99,-28,RBE,RBEU23,D1,2023-07-30,1690675200,2.8815,2.8871,2.8749,2.8761,592,0,170,17936.0
100,-27,RBE,RBEU23,D1,2023-07-31,1690761600,2.8721,2.9088000000000003,2.8494,2.9017,22744,0,24578,17302.0
101,-26,RBE,RBEU23,D1,2023-08-01,1690848000,2.9011,2.9196,2.8605,2.9019,24740,0,27379,17376.0
102,-25,RBE,RBEU23,D1,2023-08-02,1690934400,2.9031,2.9130000000000003,2.7664,2.7786,26093,0,28721,26893.0
103,-24,RBE,RBEU23,D1,2023-08-03,1691020800,2.781,2.7864,2.7131,2.7852,25755,0,31256,29119.0
104,-23,RBE,RBEU23,D1,2023-08-04,1691107200,2.7844,2.8199,2.7608,2.7812,21842,0,20325,26767.0
105,-22,RBE,RBEU23,D1,2023-08-06,1691280000,2.7887,2.8031,2.7847,2.7945,593,0,197,17259.0
106,-21,RBE,RBEU23,D1,2023-08-07,1691366400,2.7921,2.8333,2.7712,2.8294,21183,0,21360,13961.0
107,-20,RBE,RBEU23,D1,2023-08-08,1691452800,2.8282,2.8514,2.7359,2.8327,23640,0,24122,15226.0
108,-19,RBE,RBEU23,D1,2023-08-09,1691539200,2.8325,2.9399,2.8292,2.9317,24337,0,27289,24257.0
109,-18,RBE,RBEU23,D1,2023-08-10,1691625600,2.9322,2.9443,2.867,2.9036,22672,0,22559,24657.0
110,-17,RBE,RBEU23,D1,2023-08-11,1691712000,2.904,2.9859,2.9005,2.9459,23761,0,25533,25127.0
111,-16,RBE,RBEU23,D1,2023-08-13,1691884800,2.949,2.949,2.9357,2.94,184,1,231,16108.0
112,-15,RBE,RBEU23,D1,2023-08-14,1691971200,2.9406,2.9467,2.8848000000000003,2.9056,15391,1,16728,14164.0
113,-14,RBE,RBEU23,D1,2023-08-15,1692057600,2.904,2.9318,2.8388,2.84,15848,0,17300,11420.0
86,-38,RBE,RBEV23,D1,2023-08-16,1692144000,2.6046,2.6456,2.5841,2.6095,19374,0,20692,17772.0
87,-37,RBE,RBEV23,D1,2023-08-17,1692230400,2.6104000000000003,2.6561,2.5857,2.5906,18665,0,19835,19619.0
88,-36,RBE,RBEV23,D1,2023-08-18,1692316800,2.5898,2.6323,2.5687,2.5909,23685,0,25251,21926.0
89,-35,RBE,RBEV23,D1,2023-08-20,1692489600,2.5903,2.5962,2.5842,2.5891,82,4,89,15058.0
90,-34,RBE,RBEV23,D1,2023-08-21,1692576000,2.59,2.6403,2.5364,2.5611,24078,1,25770,17037.0
91,-33,RBE,RBEV23,D1,2023-08-22,1692662400,2.5608,2.5766,2.5438,2.5593,21550,0,23177,16345.0
92,-32,RBE,RBEV23,D1,2023-08-23,1692748800,2.5587,2.572,2.5051,2.5673,25218,0,27561,25503.0
93,-31,RBE,RBEV23,D1,2023-08-24,1692835200,2.5668,2.5911,2.5272,2.5702,23369,0,25796,25511.0
94,-30,RBE,RBEV23,D1,2023-08-25,1692921600,2.5702,2.6575,2.5631,2.6327,33173,0,36653,30003.0
95,-29,RBE,RBEV23,D1,2023-08-27,1693094400,2.6425,2.6501,2.6317,2.632,250,1,308,20919.0
96,-28,RBE,RBEV23,D1,2023-08-28,1693180800,2.6315,2.6325,2.5488,2.5653,23749,0,25786,20916.0
97,-27,RBE,RBEV23,D1,2023-08-29,1693267200,2.5652,2.587,2.5152,2.5531,22951,0,24639,16911.0
98,-26,RBE,RBEV23,D1,2023-08-30,1693353600,2.5526,2.5868,2.539,2.5759,23824,0,25980,25468.0
99,-25,RBE,RBEV23,D1,2023-08-31,1693440000,2.5747,2.603,2.5342,2.5705,23305,1,25310,25310.0
100,-24,RBE,RBEV23,D1,2023-09-01,1693526400,2.5697,2.6094,2.5671,2.6022,21033,0,23037,24776.0
101,-23,RBE,RBEV23,D1,2023-09-03,1693699200,2.5974,2.6018,2.5923,2.5928,54,7,57,16135.0
102,-22,RBE,RBEV23,D1,2023-09-04,1693785600,2.593,2.6191,2.5785,2.586,3875,1,4241,9112.0
103,-21,RBE,RBEV23,D1,2023-09-05,1693872000,2.586,2.6548,2.5721,2.5965,26129,0,28424,10907.0
104,-20,RBE,RBEV23,D1,2023-09-06,1693958400,2.5963000000000003,2.6381,2.557,2.6249,20426,1,22203,18289.0
105,-19,RBE,RBEV23,D1,2023-09-07,1694044800,2.6269,2.657,2.593,2.619,19196,0,20674,23767.0
106,-18,RBE,RBEV23,D1,2023-09-08,1694131200,2.6197,2.7049,2.6122,2.6516,23698,1,26091,22989.0
107,-17,RBE,RBEV23,D1,2023-09-10,1694304000,2.6545,2.6612,2.6505,2.6515,154,1,166,15644.0
108,-16,RBE,RBEV23,D1,2023-09-11,1694390400,2.6521,2.73,2.6378,2.7299,20811,0,22840,16366.0
109,-15,RBE,RBEV23,D1,2023-09-12,1694476800,2.7285,2.7436,2.7041,2.7145,16362,1,18213,13740.0
110,-14,RBE,RBEV23,D1,2023-09-13,1694563200,2.7145,2.7443,2.6959,2.7347,17412,0,19677,20243.0
111,-13,RBE,RBEV23,D1,2023-09-14,1694649600,2.736,2.7703,2.7337,2.7436,15180,1,16541,18144.0
83,-39,RBE,RBEX23,D1,2023-09-15,1694736000,2.6818,2.7021,2.6282,2.6576,16229,0,17153,17659.0
84,-38,RBE,RBEX23,D1,2023-09-17,1694908800,2.6522,2.6538,2.6448,2.6465,333,0,158,11661.0
85,-37,RBE,RBEX23,D1,2023-09-18,1694995200,2.6469,2.6736,2.6258,2.6416,16493,0,20449,12587.0
86,-36,RBE,RBEX23,D1,2023-09-19,1695081600,2.6416,2.6679,2.601,2.6098,19463,0,24055,14887.0
87,-35,RBE,RBEX23,D1,2023-09-20,1695168000,2.609,2.626,2.5591,2.5601000000000003,22226,0,27701,24068.0
88,-34,RBE,RBEX23,D1,2023-09-21,1695254400,2.5598,2.5975,2.5338000000000003,2.5634,21336,0,24928,25561.0
89,-33,RBE,RBEX23,D1,2023-09-22,1695340800,2.5639,2.595,2.5104,2.5224,19254,0,28038,26889.0
90,-32,RBE,RBEX23,D1,2023-09-24,1695513600,2.5224,2.5378,2.5209,2.5372,629,0,401,17789.0
91,-31,RBE,RBEX23,D1,2023-09-25,1695600000,2.5373,2.5386,2.4814,2.4938,19116,0,25601,18013.0
92,-30,RBE,RBEX23,D1,2023-09-26,1695686400,2.4948,2.53,2.4612,2.5247,18834,0,29816,18606.0
93,-29,RBE,RBEX23,D1,2023-09-27,1695772800,2.5244,2.5791,2.5244,2.5525,19700,0,26887,27435.0
94,-28,RBE,RBEX23,D1,2023-09-28,1695859200,2.5525,2.5743,2.4647,2.4723,20737,0,24617,27107.0
95,-27,RBE,RBEX23,D1,2023-09-29,1695945600,2.4719,2.4858,2.3925,2.3933,23067,0,31366,27623.0
96,-26,RBE,RBEX23,D1,2023-10-01,1696118400,2.3946,2.4029,2.3913,2.3993,589,0,278,18754.0
97,-25,RBE,RBEX23,D1,2023-10-02,1696204800,2.3991,2.437,2.3923,2.4094,21107,0,26335,19326.0
98,-24,RBE,RBEX23,D1,2023-10-03,1696291200,2.4085,2.4145,2.33,2.3392,23363,0,29234,18616.0
99,-23,RBE,RBEX23,D1,2023-10-04,1696377600,2.3385,2.3403,2.194,2.1984,23752,0,33607,29725.0
100,-22,RBE,RBEX23,D1,2023-10-05,1696464000,2.1978,2.2222,2.1709,2.2023,26467,0,27206,30016.0
101,-21,RBE,RBEX23,D1,2023-10-06,1696550400,2.2019,2.2227,2.1792,2.1897,23031,0,19565,26793.0
102,-20,RBE,RBEX23,D1,2023-10-08,1696723200,2.24,2.2676,2.232,2.2491,2209,0,839,15870.0
103,-19,RBE,RBEX23,D1,2023-10-09,1696809600,2.2503,2.2788,2.22,2.2422,22107,0,19630,13345.0
104,-18,RBE,RBEX23,D1,2023-10-10,1696896000,2.2433,2.2647,2.2223,2.261,16916,0,16929,12466.0
105,-17,RBE,RBEX23,D1,2023-10-11,1696982400,2.2611,2.282,2.192,2.1967,18739,0,16736,17765.0
83,-42,RBE,RBEZ23,D1,2023-10-12,1697068800,2.1799,2.2105,2.142,2.1678,17494,0,21570,17377.0
84,-41,RBE,RBEZ23,D1,2023-10-13,1697155200,2.1675,2.2566,2.1661,2.2505,16078,0,19085,19092.0
85,-40,RBE,RBEZ23,D1,2023-10-15,1697328000,2.253,2.259,2.238,2.2532,594,0,224,13626.0
109,-13,RBE,RBEX23,D1,2023-10-16,1697414400,2.2628,2.2927,2.2535,2.2787,11214,1,12125,10886.0
87,-38,RBE,RBEZ23,D1,2023-10-17,1697500800,2.2659,2.2954,2.2466,2.2948,15182,0,16488,9953.0
88,-37,RBE,RBEZ23,D1,2023-10-18,1697587200,2.2966,2.341,2.284,2.3354,18192,0,24191,17942.0
89,-36,RBE,RBEZ23,D1,2023-10-19,1697673600,2.335,2.3612,2.296,2.3555,16571,0,19431,20037.0
90,-35,RBE,RBEZ23,D1,2023-10-20,1697760000,2.3559,2.3796,2.3436,2.3555,16209,0,18502,20708.0
91,-34,RBE,RBEZ23,D1,2023-10-22,1697932800,2.3534,2.3546,2.341,2.3417,521,0,121,12685.0
92,-33,RBE,RBEZ23,D1,2023-10-23,1698019200,2.3449,2.3534,2.3016,2.3127,16769,0,20872,13165.0
93,-32,RBE,RBEZ23,D1,2023-10-24,1698105600,2.315,2.3222,2.2307,2.2568,17325,0,20926,13973.0
94,-31,RBE,RBEZ23,D1,2023-10-25,1698192000,2.2575,2.2813,2.2119,2.2631,19787,0,24369,22056.0
95,-30,RBE,RBEZ23,D1,2023-10-26,1698278400,2.2635,2.2707,2.2224,2.2531,18942,0,18853,21383.0
96,-29,RBE,RBEZ23,D1,2023-10-27,1698364800,2.252,2.3003,2.2393,2.2969,20362,0,21502,21575.0
97,-28,RBE,RBEZ23,D1,2023-10-29,1698537600,2.2925,2.298,2.2682,2.2875,979,0,307,13554.0
98,-27,RBE,RBEZ23,D1,2023-10-30,1698624000,2.2872,2.296,2.2127,2.2262,18778,0,24454,15421.0
99,-26,RBE,RBEZ23,D1,2023-10-31,1698710400,2.2236,2.2528,2.2073,2.2258,17545,0,20648,15136.0
100,-25,RBE,RBEZ23,D1,2023-11-01,1698796800,2.2247,2.285,2.1822,2.1916,18661,0,22035,22379.0
101,-24,RBE,RBEZ23,D1,2023-11-02,1698883200,2.1921,2.2504,2.1836,2.2434,17518,0,19166,20616.0
102,-23,RBE,RBEZ23,D1,2023-11-03,1698969600,2.244,2.2586,2.1833,2.2024,18966,0,21096,20766.0
103,-22,RBE,RBEZ23,D1,2023-11-05,1699142400,2.2036,2.204,2.1975,2.2035,219,0,139,13467.0
104,-21,RBE,RBEZ23,D1,2023-11-06,1699228800,2.2034,2.261,2.2009,2.2396,14732,0,19653,13629.0
105,-20,RBE,RBEZ23,D1,2023-11-07,1699315200,2.2395,2.2399,2.157,2.1638,18029,0,22773,14188.0
106,-19,RBE,RBEZ23,D1,2023-11-08,1699401600,2.1639,2.1775,2.122,2.1337,17616,0,17562,19996.0
107,-18,RBE,RBEZ23,D1,2023-11-09,1699488000,2.1333,2.195,2.1224,2.1589,13987,0,16219,18851.0
108,-17,RBE,RBEZ23,D1,2023-11-10,1699574400,2.159,2.2046,2.1537,2.1882,13204,0,15457,16413.0
109,-16,RBE,RBEZ23,D1,2023-11-12,1699747200,2.1852,2.1862,2.1747,2.1771,321,0,154,10610.0
110,-15,RBE,RBEZ23,D1,2023-11-13,1699833600,2.1781,2.2467,2.155,2.2454,12373,0,12526,9379.0
85,-38,RBE,RBEF24,D1,2023-11-14,1699920000,2.2168,2.2455,2.189,2.198,12022,0,17117,10101.0
86,-37,RBE,RBEF24,D1,2023-11-15,1700006400,2.1975,2.2092,2.1494,2.1741,13960,0,25397,18546.0
87,-36,RBE,RBEF24,D1,2023-11-16,1700092800,2.1744,2.1766,2.0697,2.0786,17261,0,26434,22983.0
88,-35,RBE,RBEF24,D1,2023-11-17,1700179200,2.0795,2.1621,2.0704,2.1511,14857,0,21848,24560.0
89,-34,RBE,RBEF24,D1,2023-11-19,1700352000,2.1487,2.1545,2.1344,2.1545,483,0,140,16141.0
90,-33,RBE,RBEF24,D1,2023-11-20,1700438400,2.1518,2.2264,2.144,2.191,13838,0,24073,15354.0
91,-32,RBE,RBEF24,D1,2023-11-21,1700524800,2.1909,2.2127,2.1689,2.2114,14766,0,21856,15356.0
92,-31,RBE,RBEF24,D1,2023-11-22,1700611200,2.2102,2.2152,2.1059,2.1881,20361,0,31056,25662.0
93,-30,RBE,RBEF24,D1,2023-11-23,1700697600,2.1872,2.1912,2.1606,2.1803,5464,0,3686,18866.0
94,-29,RBE,RBEF24,D1,2023-11-24,1700784000,2.1829,2.2143,2.1276,2.1345,11596,0,16382,17041.0
95,-28,RBE,RBEF24,D1,2023-11-26,1700956800,2.1344,2.1448,2.1323,2.1427,299,0,212,6760.0
96,-27,RBE,RBEF24,D1,2023-11-27,1701043200,2.142,2.1774,2.1132,2.1614,17050,0,23228,13274.0
97,-26,RBE,RBEF24,D1,2023-11-28,1701129600,2.1621,2.2081,2.1448,2.2024,20659,0,22507,15316.0
98,-25,RBE,RBEF24,D1,2023-11-29,1701216000,2.2032,2.2505,2.1607,2.2395,28160,0,30532,25422.0
99,-24,RBE,RBEF24,D1,2023-11-30,1701302400,2.2402,2.2779,2.1507,2.161,29300,0,32385,28475.0
100,-23,RBE,RBEF24,D1,2023-12-01,1701388800,2.1618,2.1988,2.1162,2.126,21513,1,23994,28970.0
101,-22,RBE,RBEF24,D1,2023-12-03,1701561600,2.1256,2.1398,2.1255,2.1358,143,3,186,18855.0
102,-21,RBE,RBEF24,D1,2023-12-04,1701648000,2.1363,2.1596,2.0923,2.1439,22410,0,24852,16344.0
103,-20,RBE,RBEF24,D1,2023-12-05,1701734400,2.1429,2.1662,2.1059,2.1093,17806,0,19544,14861.0
104,-19,RBE,RBEF24,D1,2023-12-06,1701820800,2.1086,2.1193,2.0184,2.0358,22076,1,24066,22821.0
105,-18,RBE,RBEF24,D1,2023-12-07,1701907200,2.0366,2.0519,1.998,2.0093,20519,0,22496,22035.0
106,-17,RBE,RBEF24,D1,2023-12-08,1701993600,2.0105,2.0658,2.0058,2.0591,17830,0,19681,22081.0
107,-16,RBE,RBEF24,D1,2023-12-10,1702166400,2.0455,2.0604,2.0455,2.0589,101,5,104,14094.0
108,-15,RBE,RBEF24,D1,2023-12-11,1702252800,2.0604,2.0734,2.0333,2.0493,14217,0,15638,11808.0
109,-14,RBE,RBEF24,D1,2023-12-12,1702339200,2.05,2.0612,1.9702,1.9934,16450,0,17676,11139.0
110,-13,RBE,RBEF24,D1,2023-12-13,1702425600,1.9931,2.0481,1.9672,2.0433,15397,0,16789,16701.0
111,-12,RBE,RBEF24,D1,2023-12-14,1702512000,2.0416,2.1295,2.0323,2.1186,14922,0,16091,16852.0
85,-38,RBE,RBEG24,D1,2023-12-15,1702598400,2.1276,2.1669,2.111,2.1453,19219,0,20396,19459.0
86,-37,RBE,RBEG24,D1,2023-12-17,1702771200,2.1458,2.1598,2.1458,2.1598,148,1,156,13968.0
87,-36,RBE,RBEG24,D1,2023-12-18,1702857600,2.1607,2.2252,2.1139,2.177,18839,0,20339,13630.0
88,-35,RBE,RBEG24,D1,2023-12-19,1702944000,2.1778,2.2144,2.148,2.201,18409,0,19632,13376.0
89,-34,RBE,RBEG24,D1,2023-12-20,1703030400,2.1992,2.2233,2.1791,2.1866,18882,0,20213,20061.0
90,-33,RBE,RBEG24,D1,2023-12-21,1703116800,2.1866,2.2028,2.1406,2.1717,17175,0,18803,19549.0
91,-32,RBE,RBEG24,D1,2023-12-22,1703203200,2.1714,2.2114,2.1182,2.13,18381,0,20025,19680.0
92,-31,RBE,RBEG24,D1,2023-12-25,1703462400,2.1285,2.1364,2.1268,2.1362,137,3,175,13001.0
93,-30,RBE,RBEG24,D1,2023-12-26,1703548800,2.1321,2.1974,2.1287,2.1626,11987,0,13512,11237.0
94,-29,RBE,RBEG24,D1,2023-12-27,1703635200,2.1618,2.2021,2.1526,2.1572,19439,0,21182,11623.0
95,-28,RBE,RBEG24,D1,2023-12-28,1703721600,2.1568,2.1705,2.0974,2.1068,20084,0,22222,18972.0
96,-27,RBE,RBEG24,D1,2023-12-29,1703808000,2.1067,2.1453,2.095,2.1133,21017,0,23231,22212.0
97,-26,RBE,RBEG24,D1,2024-01-01,1704067200,2.109,2.134,2.109,2.1262,210,1,235,15229.0
98,-25,RBE,RBEG24,D1,2024-01-02,1704153600,2.1275,2.1717,2.0796,2.0971,23669,0,25887,16451.0
99,-24,RBE,RBEG24,D1,2024-01-03,1704240000,2.0971,2.168,2.067,2.158,20445,1,22104,16075.0
100,-23,RBE,RBEG24,D1,2024-01-04,1704326400,2.1562,2.1734,2.0857,2.1091,23324,0,25473,24488.0
101,-22,RBE,RBEG24,D1,2024-01-05,1704412800,2.1078,2.142,2.1007,2.1061,20466,1,22495,23357.0
102,-21,RBE,RBEG24,D1,2024-01-07,1704585600,2.1058,2.1157,2.1007,2.1059,312,1,356,16108.0
103,-20,RBE,RBEG24,D1,2024-01-08,1704672000,2.1056,2.1084,2.0072,2.0353,28945,0,32876,18576.0
104,-19,RBE,RBEG24,D1,2024-01-09,1704758400,2.0347,2.095,2.026,2.0768,18714,0,20719,17984.0
105,-18,RBE,RBEG24,D1,2024-01-10,1704844800,2.0768,2.1362,2.0557,2.066,18729,0,20554,24716.0
106,-17,RBE,RBEG24,D1,2024-01-11,1704931200,2.0654,2.1542,2.0641,2.1542,16872,0,18582,19952.0
107,-16,RBE,RBEG24,D1,2024-01-12,1705017600,2.1527,2.1977,2.1155,2.1215,17456,0,19337,19491.0
108,-15,RBE,RBEG24,D1,2024-01-14,1705190400,2.1161,2.1177,2.1013,2.1157,169,1,217,12712.0
109,-14,RBE,RBEG24,D1,2024-01-15,1705276800,2.1155,2.1358,2.0911,2.1259,3716,1,4134,7896.0
85,-38,RBE,RBEH24,D1,2024-01-16,1705363200,2.1501,2.2127,2.1312,2.1457,22487,0,23996,9347.0
86,-37,RBE,RBEH24,D1,2024-01-17,1705449600,2.1457,2.1645,2.103,2.1604,18821,0,19961,15945.0
87,-36,RBE,RBEH24,D1,2024-01-18,1705536000,2.1601,2.2078,2.1364,2.1997,21836,0,23630,22529.0
88,-35,RBE,RBEH24,D1,2024-01-19,1705622400,2.199,2.2188,2.177,2.1942,17856,0,19646,21079.0
89,-34,RBE,RBEH24,D1,2024-01-21,1705795200,2.1994,2.1994,2.1848,2.1864,85,1,86,14454.0
90,-33,RBE,RBEH24,D1,2024-01-22,1705881600,2.1873,2.2704,2.1733,2.2606,28777,0,31725,17152.0
91,-32,RBE,RBEH24,D1,2024-01-23,1705968000,2.261,2.2715,2.2049,2.2278,24930,0,27534,19782.0
92,-31,RBE,RBEH24,D1,2024-01-24,1706054400,2.2285,2.2715,2.2143,2.25,22308,1,24522,27927.0
93,-30,RBE,RBEH24,D1,2024-01-25,1706140800,2.25,2.2933,2.2396,2.2905,20317,0,22024,24693.0
94,-29,RBE,RBEH24,D1,2024-01-26,1706227200,2.2876,2.334,2.2555,2.3308,22548,0,24876,23807.0
95,-28,RBE,RBEH24,D1,2024-01-28,1706400000,2.3401,2.3514,2.3338,2.3403,432,1,529,15810.0
96,-27,RBE,RBEH24,D1,2024-01-29,1706486400,2.3395,2.3395,2.248,2.2672,22487,1,24584,16663.0
97,-26,RBE,RBEH24,D1,2024-01-30,1706572800,2.2676,2.3012,2.2069,2.2929,23935,0,25759,16957.0
98,-25,RBE,RBEH24,D1,2024-01-31,1706659200,2.2918,2.3017,2.2178,2.2287,22285,0,24259,24867.0
99,-24,RBE,RBEH24,D1,2024-02-01,1706745600,2.2288,2.2607,2.156,2.1976,27259,0,29823,26614.0
100,-23,RBE,RBEH24,D1,2024-02-02,1706832000,2.1983,2.214,2.1212,2.1444,23979,1,26533,26872.0
101,-22,RBE,RBEH24,D1,2024-02-04,1707004800,2.1506,2.166,2.149,2.1601,208,1,255,18870.0
102,-21,RBE,RBEH24,D1,2024-02-05,1707091200,2.1601,2.2116,2.1365,2.2066,20149,0,22195,16328.0
103,-20,RBE,RBEH24,D1,2024-02-06,1707177600,2.2078,2.2283,2.198,2.2184,18736,1,21036,14495.0
104,-19,RBE,RBEH24,D1,2024-02-07,1707264000,2.2184,2.2742,2.2106,2.2691,20106,0,22466,21899.0
105,-18,RBE,RBEH24,D1,2024-02-08,1707350400,2.2676,2.3502,2.2627,2.3477,22134,1,25587,23030.0
106,-17,RBE,RBEH24,D1,2024-02-09,1707436800,2.3479,2.3615,2.3245,2.3349,17154,0,18794,22282.0
107,-16,RBE,RBEH24,D1,2024-02-11,1707609600,2.332,2.3373,2.3195,2.3316,131,1,168,14850.0
108,-15,RBE,RBEH24,D1,2024-02-12,1707696000,2.3313,2.3738,2.3164,2.3687,16584,1,17827,12263.0
81,-38,RBE,RBEJ24,D1,2024-02-13,1707782400,2.5914,2.633,2.5824,2.6242,15552,0,16734,11346.0
82,-37,RBE,RBEJ24,D1,2024-02-14,1707868800,2.6236,2.6338,2.5144,2.5357,23247,0,24713,19564.0
83,-36,RBE,RBEJ24,D1,2024-02-15,1707955200,2.5355,2.5868,2.5069,2.5606,24606,0,26059,22502.0
84,-35,RBE,RBEJ24,D1,2024-02-16,1708041600,2.5626,2.5794,2.5234,2.5661,23784,0,25651,25474.0
85,-34,RBE,RBEJ24,D1,2024-02-18,1708214400,2.5687,2.5696,2.561,2.5657,40,1,42,17251.0
86,-33,RBE,RBEJ24,D1,2024-02-19,1708300800,2.5675,2.5686,2.545,2.5555,5360,1,5880,10524.0
87,-32,RBE,RBEJ24,D1,2024-02-20,1708387200,2.5558,2.5655,2.5051,2.5262,25899,0,28069,11330.0
88,-31,RBE,RBEJ24,D1,2024-02-21,1708473600,2.5249,2.5412,2.5013,2.5361,22299,0,24309,19419.0
89,-30,RBE,RBEJ24,D1,2024-02-22,1708560000,2.5368,2.5683,2.493,2.5529,23185,0,24968,25782.0
90,-29,RBE,RBEJ24,D1,2024-02-23,1708646400,2.5527,2.5575,2.5011,2.5074,25938,1,28460,25912.0
91,-28,RBE,RBEJ24,D1,2024-02-25,1708819200,2.507,2.5095,2.5024,2.5027,122,1,129,17852.0
92,-27,RBE,RBEJ24,D1,2024-02-26,1708905600,2.5029,2.5808,2.4904,2.5622,22692,0,24796,17795.0
93,-26,RBE,RBEJ24,D1,2024-02-27,1708992000,2.5627,2.5983,2.5601000000000003,2.5877,19039,0,20982,15302.0
94,-25,RBE,RBEJ24,D1,2024-02-28,1709078400,2.5872,2.6029,2.5305,2.5326,23206,1,25294,23691.0
95,-24,RBE,RBEJ24,D1,2024-02-29,1709164800,2.533,2.595,2.5306,2.579,24258,1,26973,24416.0
96,-23,RBE,RBEJ24,D1,2024-03-01,1709251200,2.5824,2.638,2.5737,2.6109,18791,0,20826,24364.0
97,-22,RBE,RBEJ24,D1,2024-03-03,1709424000,2.6145,2.6221,2.6101,2.6148,85,4,119,15973.0
98,-21,RBE,RBEJ24,D1,2024-03-04,1709510400,2.6143,2.6244,2.5744,2.5869,16194,0,18012,12986.0
99,-20,RBE,RBEJ24,D1,2024-03-05,1709596800,2.5869,2.5925,2.5192,2.5364,19687,0,21892,13341.0
100,-19,RBE,RBEJ24,D1,2024-03-06,1709683200,2.537,2.5891,2.5303,2.5445,19110,1,20871,20258.0
101,-18,RBE,RBEJ24,D1,2024-03-07,1709769600,2.5449,2.5834,2.5247,2.5535,16044,0,17586,20116.0
102,-17,RBE,RBEJ24,D1,2024-03-08,1709856000,2.5552,2.5767,2.5152,2.5231,15805,1,17127,18528.0
103,-16,RBE,RBEJ24,D1,2024-03-10,1710028800,2.5238,2.5254,2.5193,2.5204,80,2,87,11600.0
104,-15,RBE,RBEJ24,D1,2024-03-11,1710115200,2.5225,2.5899,2.5105,2.5803000000000003,21886,0,24097,13770.0
105,-14,RBE,RBEJ24,D1,2024-03-12,1710201600,2.5802,2.6067,2.5495,2.5993,20189,1,22159,15448.0
106,-13,RBE,RBEJ24,D1,2024-03-13,1710288000,2.5989,2.6671,2.5916,2.6618,21945,0,24119,23458.0
80,-39,RBE,RBEK24,D1,2024-03-14,1710374400,2.6526,2.6947,2.6464,2.6843,19329,0,20777,21187.0
81,-38,RBE,RBEK24,D1,2024-03-15,1710460800,2.684,2.7095,2.669,2.6943,21122,0,22196,22173.0
82,-37,RBE,RBEK24,D1,2024-03-17,1710633600,2.697,2.7024,2.6959,2.6965,112,1,135,14369.0
83,-36,RBE,RBEK24,D1,2024-03-18,1710720000,2.6965,2.754,2.6948,2.7316000000000003,24735,0,26361,16231.0
84,-35,RBE,RBEK24,D1,2024-03-19,1710806400,2.7317,2.7549,2.7225,2.7347,25650,0,27856,18117.0
85,-34,RBE,RBEK24,D1,2024-03-20,1710892800,2.7305,2.738,2.6961,2.7234,32231,0,34429,29549.0
86,-33,RBE,RBEK24,D1,2024-03-21,1710979200,2.7238,2.733,2.6854,2.7072000000000003,23824,0,26478,29588.0
87,-32,RBE,RBEK24,D1,2024-03-22,1711065600,2.7075,2.7317,2.6896,2.7149,24384,0,25890,28932.0
88,-31,RBE,RBEK24,D1,2024-03-24,1711238400,2.715,2.7193,2.7107,2.7173,151,1,154,17507.0
89,-30,RBE,RBEK24,D1,2024-03-25,1711324800,2.7167,2.7467,2.7033,2.7283,22386,0,23828,16624.0
90,-29,RBE,RBEK24,D1,2024-03-26,1711411200,2.7293,2.7356,2.6756,2.6816,26558,0,28782,17588.0
91,-28,RBE,RBEK24,D1,2024-03-27,1711497600,2.6816,2.6943,2.6576,2.6783,27639,0,29740,27450.0
92,-27,RBE,RBEK24,D1,2024-03-28,1711584000,2.6777,2.7263,2.6678,2.7207,28717,0,31539,30020.0
93,-26,RBE,RBEK24,D1,2024-03-31,1711843200,2.7208,2.7285,2.7192,2.7226,252,1,271,20517.0
94,-25,RBE,RBEK24,D1,2024-04-01,1711929600,2.7218,2.7273,2.682,2.7157,21062,0,22517,18109.0
95,-24,RBE,RBEK24,D1,2024-04-02,1712016000,2.7152,2.7765,2.7083,2.774,28617,0,30591,17793.0
96,-23,RBE,RBEK24,D1,2024-04-03,1712102400,2.7744,2.791,2.7581,2.7623,25794,0,28037,27048.0
97,-22,RBE,RBEK24,D1,2024-04-04,1712188800,2.7627,2.8062,2.7393,2.8033,23052,0,25240,27956.0
98,-21,RBE,RBEK24,D1,2024-04-05,1712275200,2.8031,2.8172,2.7716,2.772,23518,0,25861,26379.0
99,-20,RBE,RBEK24,D1,2024-04-07,1712448000,2.7645,2.7725,2.7535,2.7575,276,1,345,17149.0
100,-19,RBE,RBEK24,D1,2024-04-08,1712534400,2.7555,2.7845,2.724,2.7502,19761,1,21780,15995.0
101,-18,RBE,RBEK24,D1,2024-04-09,1712620800,2.7502,2.7766,2.7392,2.7499,22386,0,24489,15538.0
102,-17,RBE,RBEK24,D1,2024-04-10,1712707200,2.7501,2.7902,2.7276,2.7817,20800,0,23304,23191.0
103,-16,RBE,RBEK24,D1,2024-04-11,1712793600,2.7831,2.8067,2.7503,2.7845,17296,0,18645,22146.0
104,-15,RBE,RBEK24,D1,2024-04-12,1712880000,2.7862,2.8516,2.7849,2.7963,19877,0,21887,21279.0
105,-14,RBE,RBEK24,D1,2024-04-14,1713052800,2.8148,2.8223000000000003,2.8028,2.8098,493,1,583,13705.0
106,-13,RBE,RBEK24,D1,2024-04-15,1713139200,2.8111,2.8153,2.7419,2.7932,16861,0,18379,13616.0
88,-39,RBE,RBEM24,D1,2024-04-16,1713225600,2.7688,2.7926,2.7533,2.7914,21982,0,23478,14562.0
89,-38,RBE,RBEM24,D1,2024-04-17,1713312000,2.7917,2.7918,2.6938,2.7024,35079,0,37444,26906.0
90,-37,RBE,RBEM24,D1,2024-04-18,1713398400,2.7036,2.7136,2.6635,2.6804,26968,0,28493,29805.0
91,-36,RBE,RBEM24,D1,2024-04-19,1713484800,2.6784,2.7566,2.653,2.683,31555,0,33575,33171.0
92,-35,RBE,RBEM24,D1,2024-04-21,1713657600,2.6828,2.6877,2.6793,2.6794,139,1,163,20744.0
93,-34,RBE,RBEM24,D1,2024-04-22,1713744000,2.6793,2.6793,2.6407,2.6709,25234,0,26812,20183.0
94,-33,RBE,RBEM24,D1,2024-04-23,1713830400,2.6696,2.7052,2.6243,2.7029,33954,0,36628,21201.0
95,-32,RBE,RBEM24,D1,2024-04-24,1713916800,2.7037,2.7164,2.6873,2.705,26262,0,28215,30552.0
96,-31,RBE,RBEM24,D1,2024-04-25,1714003200,2.7049,2.7451,2.6861,2.7423,31888,0,34273,33039.0
97,-30,RBE,RBEM24,D1,2024-04-26,1714089600,2.7433,2.7562,2.7257,2.7415000000000003,26188,0,27789,30092.0
98,-29,RBE,RBEM24,D1,2024-04-28,1714262400,2.7417,2.7417,2.7327,2.7327,144,1,152,20738.0
99,-28,RBE,RBEM24,D1,2024-04-29,1714348800,2.7319,2.7608,2.722,2.7372,28031,0,29980,19307.0
100,-27,RBE,RBEM24,D1,2024-04-30,1714435200,2.7364,2.7411,2.6629,2.6739,38048,0,42127,24086.0
101,-26,RBE,RBEM24,D1,2024-05-01,1714521600,2.6745,2.6834,2.5732,2.5739,46381,0,49822,40643.0
102,-25,RBE,RBEM24,D1,2024-05-02,1714608000,2.5753,2.607,2.5677,2.6015,33957,1,36462,42804.0
103,-24,RBE,RBEM24,D1,2024-05-03,1714694400,2.6033,2.6234,2.5481,2.55,36151,0,38869,41718.0
104,-23,RBE,RBEM24,D1,2024-05-05,1714867200,2.5513,2.563,2.5511,2.5569,197,1,200,25177.0
105,-22,RBE,RBEM24,D1,2024-05-06,1714953600,2.5564,2.5929,2.5435,2.589,26759,0,28671,22580.0
106,-21,RBE,RBEM24,D1,2024-05-07,1715040000,2.5902,2.595,2.5283,2.537,32963,0,35174,21348.0
107,-20,RBE,RBEM24,D1,2024-05-08,1715126400,2.5377,2.5444,2.4826,2.5406,29134,0,31826,31890.0
108,-19,RBE,RBEM24,D1,2024-05-09,1715212800,2.5407,2.5655,2.53,2.5479000000000003,20687,0,22404,29801.0
109,-18,RBE,RBEM24,D1,2024-05-10,1715299200,2.5498,2.568,2.4961,2.501,21031,1,23048,25759.0
110,-17,RBE,RBEM24,D1,2024-05-12,1715472000,2.51,2.51,2.4983,2.5019,182,1,201,15218.0
111,-16,RBE,RBEM24,D1,2024-05-13,1715558400,2.503,2.5313,2.4913,2.5132,19020,0,20797,14682.0
112,-15,RBE,RBEM24,D1,2024-05-14,1715644800,2.5146,2.5191,2.4517,2.4709,20980,0,23178,14725.0
113,-14,RBE,RBEM24,D1,2024-05-15,1715731200,2.4726,2.5073,2.4427,2.5073,21437,1,23705,22560.0
114,-13,RBE,RBEM24,D1,2024-05-16,1715817600,2.5073,2.544,2.5013,2.5421,17929,1,19476,22120.0
88,-36,RBE,RBEN24,D1,2024-05-17,1715904000,2.5276,2.5636,2.5276,2.5620000000000003,27564,0,29335,24615.0
89,-35,RBE,RBEN24,D1,2024-05-19,1716076800,2.5587,2.5659,2.5522,2.5522,140,2,144,16879.0
90,-34,RBE,RBEN24,D1,2024-05-20,1716163200,2.5525,2.5675,2.5131,2.5306,28574,0,29888,19789.0
91,-33,RBE,RBEN24,D1,2024-05-21,1716249600,2.5301,2.5329,2.478,2.4942,27312,0,29140,19724.0
92,-32,RBE,RBEN24,D1,2024-05-22,1716336000,2.4934,2.4952,2.4521,2.458,28388,0,30581,29870.0
93,-31,RBE,RBEN24,D1,2024-05-23,1716422400,2.459,2.5034,2.444,2.4598,31033,0,33141,30954.0
94,-30,RBE,RBEN24,D1,2024-05-24,1716508800,2.4597,2.4864,2.4371,2.4786,23372,0,25290,29671.0
95,-29,RBE,RBEN24,D1,2024-05-26,1716681600,2.4776,2.4785,2.475,2.4756,60,1,62,19498.0
96,-28,RBE,RBEN24,D1,2024-05-27,1716768000,2.4755,2.5056000000000003,2.4715,2.4929,4307,1,4594,9982.0
97,-27,RBE,RBEN24,D1,2024-05-28,1716854400,2.4928,2.5163,2.4869,2.5132,29810,0,31874,12177.0
98,-26,RBE,RBEN24,D1,2024-05-29,1716940800,2.5143,2.5251,2.4525,2.4542,29284,0,31487,22652.0
99,-25,RBE,RBEN24,D1,2024-05-30,1717027200,2.4541,2.4604,2.3925,2.3928,36300,0,39562,34308.0
100,-24,RBE,RBEN24,D1,2024-05-31,1717113600,2.3941,2.4343,2.3878,2.4213,28886,0,31335,34128.0
101,-23,RBE,RBEN24,D1,2024-06-02,1717286400,2.4201,2.4201,2.4031,2.4152,427,0,537,23811.0
102,-22,RBE,RBEN24,D1,2024-06-03,1717372800,2.4155,2.44,2.3256,2.3287,32107,0,35250,22374.0
103,-21,RBE,RBEN24,D1,2024-06-04,1717459200,2.3286,2.357,2.2985,2.3327,29833,0,32823,22870.0
104,-20,RBE,RBEN24,D1,2024-06-05,1717545600,2.3334,2.3665,2.3283,2.3645,24152,0,26199,31424.0
105,-19,RBE,RBEN24,D1,2024-06-06,1717632000,2.3656,2.4048,2.3553,2.4021,20288,1,21980,27001.0
106,-18,RBE,RBEN24,D1,2024-06-07,1717718400,2.4023,2.415,2.3741,2.3803,22888,1,24600,24260.0
107,-17,RBE,RBEN24,D1,2024-06-09,1717891200,2.3767,2.3868,2.3767,2.3842,136,1,140,15573.0
108,-16,RBE,RBEN24,D1,2024-06-10,1717977600,2.3831,2.4275,2.3722,2.4236,18403,1,20109,14950.0
109,-15,RBE,RBEN24,D1,2024-06-11,1718064000,2.4227,2.4296,2.3869,2.427,18854,0,20661,13637.0
110,-14,RBE,RBEN24,D1,2024-06-12,1718150400,2.4243,2.4517,2.3883,2.3928,19295,1,21627,20799.0
85,-41,RBE,RBEQ24,D1,2024-06-13,1718236800,2.3812,2.4091,2.3558,2.3977,24111,0,25344,23520.0
86,-40,RBE,RBEQ24,D1,2024-06-14,1718323200,2.3969,2.4319,2.3868,2.392,23998,0,25046,25677.0
87,-39,RBE,RBEQ24,D1,2024-06-16,1718496000,2.3939,2.3954,2.385,2.3858,306,1,310,16900.0
88,-38,RBE,RBEQ24,D1,2024-06-17,1718582400,2.3859,2.4435,2.3707,2.4352,19309,0,20104,15153.0
89,-37,RBE,RBEQ24,D1,2024-06-18,1718668800,2.436,2.4768,2.4158,2.4755,23309,0,24700,15038.0
90,-36,RBE,RBEQ24,D1,2024-06-19,1718755200,2.4759,2.4981,2.4674,2.4851,9475,1,10151,18318.0
91,-35,RBE,RBEQ24,D1,2024-06-20,1718841600,2.4852,2.5,2.4714,2.4827,23432,0,25046,19966.0
92,-34,RBE,RBEQ24,D1,2024-06-21,1718928000,2.4815,2.5218,2.476,2.4927,33042,0,35741,23646.0
93,-33,RBE,RBEQ24,D1,2024-06-23,1719100800,2.4884,2.4986,2.4806,2.4807,239,1,251,20346.0
94,-32,RBE,RBEQ24,D1,2024-06-24,1719187200,2.4808,2.5058,2.47,2.4978,22455,0,23812,19935.0
95,-31,RBE,RBEQ24,D1,2024-06-25,1719273600,2.4986,2.5185,2.4803,2.4861,25848,0,27877,17313.0
96,-30,RBE,RBEQ24,D1,2024-06-26,1719360000,2.4869,2.5371,2.4812,2.5169,32368,0,35342,29010.0
97,-29,RBE,RBEQ24,D1,2024-06-27,1719446400,2.5171,2.5624,2.5139,2.5311,32762,0,35641,32953.0
98,-28,RBE,RBEQ24,D1,2024-06-28,1719532800,2.5315,2.5532,2.4966,2.5099,28104,0,30634,33872.0
99,-27,RBE,RBEQ24,D1,2024-06-30,1719705600,2.5099,2.5255,2.509,2.5224,276,1,343,22206.0
100,-26,RBE,RBEQ24,D1,2024-07-01,1719792000,2.5222,2.5801,2.5165,2.5728,33591,0,36211,22396.0
101,-25,RBE,RBEQ24,D1,2024-07-02,1719878400,2.5735,2.615,2.5682,2.5735,32149,0,34948,23834.0
102,-24,RBE,RBEQ24,D1,2024-07-03,1719964800,2.5738,2.6029,2.5398,2.5897,33465,0,37654,36271.0
103,-23,RBE,RBEQ24,D1,2024-07-04,1720051200,2.5879,2.5906,2.5611,2.5875,5452,0,5692,26098.0
104,-22,RBE,RBEQ24,D1,2024-07-05,1720137600,2.5878,2.6217,2.5566,2.5755,30141,0,33080,25475.0
105,-21,RBE,RBEQ24,D1,2024-07-07,1720310400,2.564,2.574,2.555,2.5575,493,1,680,13151.0
106,-20,RBE,RBEQ24,D1,2024-07-08,1720396800,2.5581,2.565,2.5255,2.5345,23030,0,24960,19573.0
107,-19,RBE,RBEQ24,D1,2024-07-09,1720483200,2.5341,2.5604,2.5188,2.5275,27404,0,29475,18372.0
108,-18,RBE,RBEQ24,D1,2024-07-10,1720569600,2.5279,2.5323,2.4921,2.5102,27601,0,30040,28158.0
109,-17,RBE,RBEQ24,D1,2024-07-11,1720656000,2.5111,2.5286,2.4914,2.5264,18410,1,20117,26544.0
110,-16,RBE,RBEQ24,D1,2024-07-12,1720742400,2.5268,2.5396,2.509,2.511,17105,0,18477,22878.0
111,-15,RBE,RBEQ24,D1,2024-07-14,1720915200,2.5127,2.5209,2.505,2.5052,132,1,135,12910.0
112,-14,RBE,RBEQ24,D1,2024-07-15,1721001600,2.5045,2.514,2.4807,2.4921,19402,0,21117,13243.0
113,-13,RBE,RBEQ24,D1,2024-07-16,1721088000,2.4916,2.4957,2.444,2.4681,21445,0,23580,14944.0
93,-38,RBE,RBEU24,D1,2024-07-17,1721174400,2.4384,2.4759,2.4279,2.4747,22611,0,23896,22807.0
94,-37,RBE,RBEU24,D1,2024-07-18,1721260800,2.4744,2.4868,2.447,2.4698,23711,0,25050,24585.0
95,-36,RBE,RBEU24,D1,2024-07-19,1721347200,2.4693,2.4865,2.412,2.4147,25989,1,28040,25662.0
96,-35,RBE,RBEU24,D1,2024-07-21,1721520000,2.4184,2.4246,2.4184,2.4236,190,1,193,17761.0
97,-34,RBE,RBEU24,D1,2024-07-22,1721606400,2.4224,2.4313,2.3822,2.4209,31868,0,34504,20912.0
98,-33,RBE,RBEU24,D1,2024-07-23,1721692800,2.4207,2.4312,2.3745,2.3944,28269,0,30576,21758.0
99,-32,RBE,RBEU24,D1,2024-07-24,1721779200,2.3934,2.4279,2.3851,2.4055,31918,0,33986,33022.0
100,-31,RBE,RBEU24,D1,2024-07-25,1721865600,2.4052,2.4351,2.3685,2.4324,29836,0,32168,32243.0
101,-30,RBE,RBEU24,D1,2024-07-26,1721952000,2.4331,2.4427,2.3907,2.4046,29301,0,31337,32497.0
102,-29,RBE,RBEU24,D1,2024-07-28,1722124800,2.4193,2.4275,2.4187,2.4194,290,1,298,21268.0
103,-28,RBE,RBEU24,D1,2024-07-29,1722211200,2.4186,2.4289,2.3664,2.368,29919,0,32441,21359.0
104,-27,RBE,RBEU24,D1,2024-07-30,1722297600,2.3684,2.378,2.3316,2.3591,25062,0,27452,20064.0
105,-26,RBE,RBEU24,D1,2024-07-31,1722384000,2.3593,2.464,2.3529,2.461,37900,0,41868,33920.0
106,-25,RBE,RBEU24,D1,2024-08-01,1722470400,2.4614,2.4691,2.3941,2.4068,29669,0,31834,33718.0
107,-24,RBE,RBEU24,D1,2024-08-02,1722556800,2.4067,2.4231,2.3045,2.3307,38441,0,41605,38436.0
108,-23,RBE,RBEU24,D1,2024-08-04,1722729600,2.3297,2.3385,2.3216,2.3259,302,1,330,24590.0
109,-22,RBE,RBEU24,D1,2024-08-05,1722816000,2.326,2.3665,2.2581,2.363,31678,0,35397,25777.0
110,-21,RBE,RBEU24,D1,2024-08-06,1722902400,2.3626,2.3733,2.3011,2.3032,24107,0,26159,20629.0
111,-20,RBE,RBEU24,D1,2024-08-07,1722988800,2.3032,2.3784,2.2962,2.3645,27460,0,29468,30341.0
112,-19,RBE,RBEU24,D1,2024-08-08,1723075200,2.3654,2.4103,2.3458,2.3959,24683,1,26381,27336.0
113,-18,RBE,RBEU24,D1,2024-08-09,1723161600,2.397,2.4085,2.3693,2.397,21321,0,23158,26336.0
114,-17,RBE,RBEU24,D1,2024-08-11,1723334400,2.3972,2.3985,2.3878,2.3925,107,3,171,16570.0
115,-16,RBE,RBEU24,D1,2024-08-12,1723420800,2.3917,2.4442,2.3897,2.4375,21875,0,23988,15772.0
116,-15,RBE,RBEU24,D1,2024-08-13,1723507200,2.436,2.4396,2.3675,2.3837,20767,0,23015,15725.0
117,-14,RBE,RBEU24,D1,2024-08-14,1723593600,2.3832,2.3945,2.3158,2.3284,18843,0,20530,22511.0
90,-38,RBE,RBEV24,D1,2024-08-15,1723680000,2.16,2.1993,2.1485,2.18,19217,0,20571,21449.0
91,-37,RBE,RBEV24,D1,2024-08-16,1723766400,2.1793,2.1895,2.1329,2.1424,18343,0,19641,20997.0
92,-36,RBE,RBEV24,D1,2024-08-18,1723939200,2.1397,2.1461,2.1318,2.1359,169,1,179,13464.0
93,-35,RBE,RBEV24,D1,2024-08-19,1724025600,2.137,2.1459,2.0877,2.0977,25957,1,27926,15915.0
94,-34,RBE,RBEV24,D1,2024-08-20,1724112000,2.0965,2.1109,2.0645,2.0751,20463,0,21989,16698.0
95,-33,RBE,RBEV24,D1,2024-08-21,1724198400,2.0756,2.0913,2.0298,2.0489,29616,0,33041,27652.0
96,-32,RBE,RBEV24,D1,2024-08-22,1724284800,2.0473,2.0909,2.0393,2.0815,21370,1,23433,26154.0
97,-31,RBE,RBEV24,D1,2024-08-23,1724371200,2.0807,2.125,2.0772,2.1233,17929,0,19581,25352.0
98,-30,RBE,RBEV24,D1,2024-08-25,1724544000,2.1274,2.1379,2.1231,2.1305,233,1,265,14426.0
99,-29,RBE,RBEV24,D1,2024-08-26,1724630400,2.1306,2.1714,2.1231,2.1373,22527,0,24215,14687.0
100,-28,RBE,RBEV24,D1,2024-08-27,1724716800,2.1382,2.1477,2.0901,2.0998,22867,0,24968,16483.0
101,-27,RBE,RBEV24,D1,2024-08-28,1724803200,2.1004,2.1023,2.0526,2.0622,25114,0,27268,25484.0
102,-26,RBE,RBEV24,D1,2024-08-29,1724889600,2.0615,2.116,2.0494,2.1051,24666,1,27053,26430.0
103,-25,RBE,RBEV24,D1,2024-08-30,1724976000,2.105,2.1333,2.0781,2.0968,36968,0,41147,31823.0
104,-24,RBE,RBEV24,D1,2024-09-01,1725148800,2.0936,2.0936,2.0723,2.0723,356,1,442,22881.0
105,-23,RBE,RBEV24,D1,2024-09-02,1725235200,2.0735,2.0789,2.0547,2.0672,7835,0,8280,16623.0
106,-22,RBE,RBEV24,D1,2024-09-03,1725321600,2.0651,2.0808,1.9648,1.9811,36438,0,40121,16281.0
107,-21,RBE,RBEV24,D1,2024-09-04,1725408000,1.9796,2.0013,1.9455,1.9487,31830,0,34182,27528.0
108,-20,RBE,RBEV24,D1,2024-09-05,1725494400,1.9485,1.9734,1.9141,1.935,24424,0,26515,33606.0
109,-19,RBE,RBEV24,D1,2024-09-06,1725580800,1.9349,1.9593,1.8757,1.9002,23375,0,25234,28644.0
110,-18,RBE,RBEV24,D1,2024-09-08,1725753600,1.9034,1.9344,1.8995,1.9335,1026,1,1096,17615.0
111,-17,RBE,RBEV24,D1,2024-09-09,1725840000,1.9336,1.9504,1.8964,1.9413,23046,0,25085,17138.0
112,-16,RBE,RBEV24,D1,2024-09-10,1725926400,1.9407,1.9466,1.8584,1.8849,23978,0,26071,17417.0
113,-15,RBE,RBEV24,D1,2024-09-11,1726012800,1.8852,1.92,1.8545,1.8997,21747,1,23685,24947.0
114,-14,RBE,RBEV24,D1,2024-09-12,1726099200,1.901,1.9487,1.8971,1.9375,16696,0,18347,22701.0
115,-13,RBE,RBEV24,D1,2024-09-13,1726185600,1.9375,1.9717,1.9279,1.9386,16179,0,17458,19830.0
116,-12,RBE,RBEV24,D1,2024-09-15,1726358400,1.9396,1.944,1.9316,1.9316,87,2,100,11968.0
92,-39,RBE,RBEX24,D1,2024-09-16,1726444800,1.9057,1.9559,1.8975,1.9484,16576,0,17551,10895.0
93,-38,RBE,RBEX24,D1,2024-09-17,1726531200,1.949,1.9798,1.9333,1.9637,19915,0,21185,12960.0
94,-37,RBE,RBEX24,D1,2024-09-18,1726617600,1.9661,1.9945,1.9381,1.9744,21435,0,22644,20460.0
95,-36,RBE,RBEX24,D1,2024-09-19,1726704000,1.9738,2.0367,1.9719,2.0241,26768,0,28671,24167.0
96,-35,RBE,RBEX24,D1,2024-09-20,1726790400,2.0247,2.0265,2.0033,2.0174,22762,0,24551,25289.0
97,-34,RBE,RBEX24,D1,2024-09-22,1726963200,2.0211,2.0211,2.0059,2.0111,292,1,358,17860.0
98,-33,RBE,RBEX24,D1,2024-09-23,1727049600,2.0112,2.0254,1.9481,1.9785,25691,0,28450,17786.0
99,-32,RBE,RBEX24,D1,2024-09-24,1727136000,1.9785,2.0244,1.9735,2.0081,20891,0,22690,17166.0
100,-31,RBE,RBEX24,D1,2024-09-25,1727222400,2.008,2.01,1.9522,1.9797,24509,0,27562,26234.0
101,-30,RBE,RBEX24,D1,2024-09-26,1727308800,1.9789,1.9855,1.91,1.9124,25373,0,27493,25915.0
102,-29,RBE,RBEX24,D1,2024-09-27,1727395200,1.9132,1.9503,1.9058,1.9329,22857,0,24968,26674.0
103,-28,RBE,RBEX24,D1,2024-09-29,1727568000,1.9337,1.9359,1.9188,1.926,159,1,180,17547.0
104,-27,RBE,RBEX24,D1,2024-09-30,1727654400,1.9267,1.9566,1.9084,1.9384,22179,0,24827,16658.0
105,-26,RBE,RBEX24,D1,2024-10-01,1727740800,1.9387,2.0077,1.8812,1.9854,32325,1,36551,20519.0
106,-25,RBE,RBEX24,D1,2024-10-02,1727827200,1.9853,2.029,1.9612,2.0158,25641,0,28606,29995.0
107,-24,RBE,RBEX24,D1,2024-10-03,1727913600,2.0136,2.1041,1.998,2.1006,31101,0,35184,33447.0
108,-23,RBE,RBEX24,D1,2024-10-04,1728000000,2.0996,2.1258,2.0822,2.0938,25333,0,28192,30661.0
109,-22,RBE,RBEX24,D1,2024-10-06,1728172800,2.096,2.0964,2.0783,2.0783,671,1,1030,21469.0
110,-21,RBE,RBEX24,D1,2024-10-07,1728259200,2.0783,2.1753,2.0741,2.1529,23180,1,25581,18268.0
111,-20,RBE,RBEX24,D1,2024-10-08,1728345600,2.1532,2.1559,2.0449,2.0774,20999,0,22904,16505.0
112,-19,RBE,RBEX24,D1,2024-10-09,1728432000,2.0756,2.0866,2.02,2.0669,16715,0,18491,22325.0
113,-18,RBE,RBEX24,D1,2024-10-10,1728518400,2.0657,2.1581,2.0653,2.1455,15826,0,17522,19639.0
114,-17,RBE,RBEX24,D1,2024-10-11,1728604800,2.147,2.1646,2.1175,2.1496,14889,1,16299,17437.0
89,-41,RBE,RBEZ24,D1,2024-10-13,1728777600,2.1116,2.1159,2.0866,2.087,287,1,325,11946.0
90,-40,RBE,RBEZ24,D1,2024-10-14,1728864000,2.0878,2.1048,2.0248,2.0315,11025,0,11597,9453.0
91,-39,RBE,RBEZ24,D1,2024-10-15,1728950400,2.0305,2.0343,1.9792,2.014,17091,0,18563,10162.0
92,-38,RBE,RBEZ24,D1,2024-10-16,1729036800,2.0124,2.0215,1.9857,2.0156,15538,0,16895,15685.0
93,-37,RBE,RBEZ24,D1,2024-10-17,1729123200,2.0162,2.025,1.9728,2.009,20721,0,23085,19514.0
94,-36,RBE,RBEZ24,D1,2024-10-18,1729209600,2.0078,2.0193,1.9512,1.9669,19815,0,21374,20451.0
95,-35,RBE,RBEZ24,D1,2024-10-20,1729382400,1.975,1.975,1.9627,1.9688,108,3,122,14860.0
96,-34,RBE,RBEZ24,D1,2024-10-21,1729468800,1.9692,2.007,1.9612,1.9856,16657,0,17766,13087.0
97,-33,RBE,RBEZ24,D1,2024-10-22,1729555200,1.9825,2.0403,1.9633,2.0318,19776,0,21503,13130.0
98,-32,RBE,RBEZ24,D1,2024-10-23,1729641600,2.0326,2.0389,1.9927,2.0134,21798,0,23907,21059.0
99,-31,RBE,RBEZ24,D1,2024-10-24,1729728000,2.0148,2.0385,1.9783,1.9958,20140,0,21618,22343.0
100,-30,RBE,RBEZ24,D1,2024-10-25,1729814400,1.9958,2.0425,1.9858,2.0393,22560,0,24967,23497.0
101,-29,RBE,RBEZ24,D1,2024-10-27,1729987200,2.006,2.006,1.9445,1.9715,1477,1,1858,16148.0
102,-28,RBE,RBEZ24,D1,2024-10-28,1730073600,1.9714,1.9734,1.9202,1.936,26434,1,29231,18685.0
103,-27,RBE,RBEZ24,D1,2024-10-29,1730160000,1.9364,1.9532,1.9011,1.9255,21033,0,23523,18204.0
104,-26,RBE,RBEZ24,D1,2024-10-30,1730246400,1.924,1.9744,1.9223,1.9704,23929,0,25952,26235.0
105,-25,RBE,RBEZ24,D1,2024-10-31,1730332800,1.9688,2.0088,1.9522,2.0025,18852,0,20878,23451.0
106,-24,RBE,RBEZ24,D1,2024-11-01,1730419200,2.004,2.0244,1.9633,1.9634,22323,0,24047,23626.0
107,-23,RBE,RBEZ24,D1,2024-11-03,1730592000,1.9815,2.002,1.9813,1.9945,370,0,418,15114.0
108,-22,RBE,RBEZ24,D1,2024-11-04,1730678400,1.9938,2.0329,1.9924,2.0225,23713,0,25877,16781.0
109,-21,RBE,RBEZ24,D1,2024-11-05,1730764800,2.0219,2.0606,2.0174,2.0437,19401,0,21660,15985.0
110,-20,RBE,RBEZ24,D1,2024-11-06,1730851200,2.0437,2.0577,1.981,2.0375,25089,1,27496,25011.0
111,-19,RBE,RBEZ24,D1,2024-11-07,1730937600,2.0361,2.0618,2.0117,2.0479,19436,0,20983,23380.0
112,-18,RBE,RBEZ24,D1,2024-11-08,1731024000,2.0481,2.051,1.9985,2.0139,20752,0,22607,23695.0
113,-17,RBE,RBEZ24,D1,2024-11-10,1731196800,2.0127,2.0149,2.0045,2.0076,128,3,139,14576.0
114,-16,RBE,RBEZ24,D1,2024-11-11,1731283200,2.0096,2.0219,1.9544,1.9594,19582,0,21567,14771.0
115,-15,RBE,RBEZ24,D1,2024-11-12,1731369600,1.9585,1.9934,1.9491,1.9629,18230,0,20154,13953.0
116,-14,RBE,RBEZ24,D1,2024-11-13,1731456000,1.9642,1.985,1.93,1.9537,17874,0,19592,20438.0
117,-13,RBE,RBEZ24,D1,2024-11-14,1731542400,1.9543,1.995,1.9477,1.9751,15471,0,16842,18863.0
90,-39,RBE,RBEF25,D1,2024-11-15,1731628800,1.9467,1.9641,1.9179,1.9199,21860,0,23852,19885.0
91,-38,RBE,RBEF25,D1,2024-11-17,1731801600,1.918,1.9191,1.9126,1.9178,142,1,146,14243.0
92,-37,RBE,RBEF25,D1,2024-11-18,1731888000,1.9167,1.9884,1.9167,1.98,26452,1,28435,17478.0
93,-36,RBE,RBEF25,D1,2024-11-19,1731974400,1.9793,2.0054,1.9629,1.9913,28303,0,30541,19707.0
94,-35,RBE,RBEF25,D1,2024-11-20,1732060800,1.9924,2.0186,1.9865,1.993,24983,0,27250,28742.0
95,-34,RBE,RBEF25,D1,2024-11-21,1732147200,1.9932,2.028,1.9782,1.9962,30048,0,32209,30000.0
96,-33,RBE,RBEF25,D1,2024-11-22,1732233600,1.9963,2.0274,1.9771,2.0101,23733,1,25995,28485.0
97,-32,RBE,RBEF25,D1,2024-11-24,1732406400,2.0133,2.0172,2.009,2.0154,53,2,55,19420.0
98,-31,RBE,RBEF25,D1,2024-11-25,1732492800,2.0157,2.0177,1.9413,1.9437,31627,0,34254,20101.0
99,-30,RBE,RBEF25,D1,2024-11-26,1732579200,1.9423,1.9907,1.9325,1.9483,23253,0,25254,19854.0
100,-29,RBE,RBEF25,D1,2024-11-27,1732665600,1.9488,1.9619,1.911,1.9348,31024,0,34693,31400.0
101,-28,RBE,RBEF25,D1,2024-11-28,1732752000,1.935,1.9513,1.923,1.9363,4956,1,5314,21754.0
102,-27,RBE,RBEF25,D1,2024-11-29,1732838400,1.9355,1.956,1.8959,1.9067,20905,0,23151,21053.0
103,-26,RBE,RBEF25,D1,2024-12-01,1733011200,1.905,1.9099,1.8974,1.9061,251,1,261,9575.0
104,-25,RBE,RBEF25,D1,2024-12-02,1733097600,1.906,1.9324,1.8968,1.9196,26020,1,28359,17257.0
105,-24,RBE,RBEF25,D1,2024-12-03,1733184000,1.9185,1.9708,1.9124,1.9613,27496,1,30563,19728.0
106,-23,RBE,RBEF25,D1,2024-12-04,1733270400,1.9614,1.9793,1.9355,1.9385,24432,0,26993,28638.0
107,-22,RBE,RBEF25,D1,2024-12-05,1733356800,1.9385,1.9515,1.9209,1.9339,17578,1,18666,25407.0
108,-21,RBE,RBEF25,D1,2024-12-06,1733443200,1.9356,1.9377,1.8949,1.9043,22775,0,25290,23650.0
109,-20,RBE,RBEF25,D1,2024-12-08,1733616000,1.905,1.9094,1.9019,1.9088,126,2,131,14696.0
110,-19,RBE,RBEF25,D1,2024-12-09,1733702400,1.9082,1.9634,1.9065,1.943,25896,0,28504,17975.0
111,-18,RBE,RBEF25,D1,2024-12-10,1733788800,1.9432,1.9727,1.9359,1.9508,22001,0,24108,17581.0
112,-17,RBE,RBEF25,D1,2024-12-11,1733875200,1.9512,1.9935,1.9508,1.9925,20817,0,23273,25295.0
113,-16,RBE,RBEF25,D1,2024-12-12,1733961600,1.9924,1.999,1.9559,1.993,20441,0,22599,23327.0
114,-15,RBE,RBEF25,D1,2024-12-13,1734048000,1.9928,2.013,1.9838,1.9961,13246,1,14639,20170.0
115,-14,RBE,RBEF25,D1,2024-12-15,1734220800,1.9974,2.0021,1.9958,2.0004,141,1,157,12465.0
92,-40,RBE,RBEG25,D1,2024-12-16,1734307200,2.0065,2.0076,1.9793,1.9827,16104,0,17369,11284.0
93,-39,RBE,RBEG25,D1,2024-12-17,1734393600,1.9832,1.9903,1.9381,1.9581,22360,0,23861,13790.0
94,-38,RBE,RBEG25,D1,2024-12-18,1734480000,1.9581,1.986,1.9397,1.9419,23361,0,24951,22060.0
95,-37,RBE,RBEG25,D1,2024-12-19,1734566400,1.9404,1.9649,1.9211,1.9246,26802,0,28496,25769.0
96,-36,RBE,RBEG25,D1,2024-12-20,1734652800,1.9237,1.9596,1.9122,1.9505,25067,0,26779,26742.0
97,-35,RBE,RBEG25,D1,2024-12-22,1734825600,1.9496,1.9531,1.948,1.9509,191,1,196,18490.0
98,-34,RBE,RBEG25,D1,2024-12-23,1734912000,1.9518,1.9678,1.9273,1.9536,16567,1,17747,14907.0
99,-33,RBE,RBEG25,D1,2024-12-24,1734998400,1.9539,1.9896,1.9507,1.9731,21000,0,21981,13308.0
100,-32,RBE,RBEG25,D1,2024-12-25,1735084800,1.9826,1.9826,1.9715,1.9721,105,1,105,13278.0
101,-31,RBE,RBEG25,D1,2024-12-26,1735171200,1.9721,1.9841,1.9466,1.9582,14003,0,15508,12531.0
102,-30,RBE,RBEG25,D1,2024-12-27,1735257600,1.9596,1.9785,1.9524,1.9621,19324,0,20885,12166.0
103,-29,RBE,RBEG25,D1,2024-12-29,1735430400,1.9636,1.9713,1.9582,1.9701,228,1,229,12207.0
104,-28,RBE,RBEG25,D1,2024-12-30,1735516800,1.9694,2.0041,1.9629,1.9925,21110,0,22967,14694.0
105,-27,RBE,RBEG25,D1,2024-12-31,1735603200,2.0003,2.0141,1.978,2.0107,15252,0,17029,13408.0
106,-26,RBE,RBEG25,D1,2025-01-01,1735689600,2.009,2.0238,2.0088,2.0238,334,1,395,13464.0
107,-25,RBE,RBEG25,D1,2025-01-02,1735776000,2.0238,2.0729,2.0129,2.054,26644,0,29539,15654.0
108,-24,RBE,RBEG25,D1,2025-01-03,1735862400,2.054,2.0658,2.0424,2.0572,21005,0,23171,17702.0
109,-23,RBE,RBEG25,D1,2025-01-05,1736035200,2.0544,2.0615,2.0538,2.0584,219,1,227,17646.0
110,-22,RBE,RBEG25,D1,2025-01-06,1736121600,2.0583,2.0805,2.027,2.0288,24266,0,27027,16808.0
111,-21,RBE,RBEG25,D1,2025-01-07,1736208000,2.0293,2.0492,2.0221,2.036,19767,0,21655,16303.0
112,-20,RBE,RBEG25,D1,2025-01-08,1736294400,2.0353,2.0446,2.0024,2.0115,22064,0,23888,24190.0
113,-19,RBE,RBEG25,D1,2025-01-09,1736380800,2.0109,2.0401,2.0,2.0369,15292,0,16577,20707.0
114,-18,RBE,RBEG25,D1,2025-01-10,1736467200,2.0374,2.1028,2.0337,2.0731,22410,0,24769,21745.0
115,-17,RBE,RBEG25,D1,2025-01-12,1736640000,2.0736,2.1084,2.0727,2.1019,716,1,758,14035.0
116,-16,RBE,RBEG25,D1,2025-01-13,1736726400,2.1012,2.1213,2.0828,2.1036,20934,0,22646,16058.0
90,-39,RBE,RBEH25,D1,2025-01-14,1736812800,2.1368,2.1512,2.1201,2.1456,0,0,24391,15525.0
91,-38,RBE,RBEH25,D1,2025-01-15,1736899200,2.1462,2.2009,2.1371,2.1977,2,0,29587,25228.0
92,-37,RBE,RBEH25,D1,2025-01-16,1736985600,2.1981,2.2025,2.1279,2.1484,10,0,30365,28114.0
93,-36,RBE,RBEH25,D1,2025-01-17,1737072000,2.1492,2.1628,2.1375,2.1403,6,0,20826,26926.0
94,-35,RBE,RBEH25,D1,2025-01-19,1737244800,2.145,2.1509,2.1387,2.1509,0,0,265,17152.0
95,-34,RBE,RBEH25,D1,2025-01-20,1737331200,2.151,2.1583,2.1243,2.1388,2,0,8012,9701.0
96,-33,RBE,RBEH25,D1,2025-01-21,1737417600,2.1384,2.1495,2.1064,2.116,1,0,26605,11627.0
97,-32,RBE,RBEH25,D1,2025-01-22,1737504000,2.1165,2.1303,2.0822,2.0848,0,0,28718,21112.0
98,-31,RBE,RBEH25,D1,2025-01-23,1737590400,2.0851,2.1134,2.0801,2.0841,2,0,29456,28260.0
99,-30,RBE,RBEH25,D1,2025-01-24,1737676800,2.0845,2.0977,2.0611,2.0769,1,0,30323,29499.0
100,-29,RBE,RBEH25,D1,2025-01-26,1737849600,2.0765,2.0773,2.0634,2.0659,0,0,324,20034.0
101,-28,RBE,RBEH25,D1,2025-01-27,1737936000,2.0663,2.0918,2.0369,2.0543,1,0,31149,20599.0
102,-27,RBE,RBEH25,D1,2025-01-28,1738022400,2.0553,2.0874,2.0535,2.0761,4,0,24868,18780.0
103,-26,RBE,RBEH25,D1,2025-01-29,1738108800,2.076,2.0852,2.0512,2.0627,0,0,24210,26742.0
104,-25,RBE,RBEH25,D1,2025-01-30,1738195200,2.0618,2.0938,2.0378,2.0828,1,0,27337,25472.0
105,-24,RBE,RBEH25,D1,2025-01-31,1738281600,2.0826,2.0896,2.0371,2.088,0,0,37829,29792.0
106,-23,RBE,RBEH25,D1,2025-02-02,1738454400,2.1188,2.162,2.1188,2.1237,2672,0,3596,22921.0
107,-22,RBE,RBEH25,D1,2025-02-03,1738540800,2.1235,2.1681,2.07,2.0747,40968,0,45735,29053.0
108,-21,RBE,RBEH25,D1,2025-02-04,1738627200,2.0749,2.1115,2.0429,2.0965,29359,1,32325,27219.0
109,-20,RBE,RBEH25,D1,2025-02-05,1738713600,2.0957,2.1051,2.0392,2.0504,22539,0,25526,34529.0
110,-19,RBE,RBEH25,D1,2025-02-06,1738800000,2.0515,2.0802,2.0428,2.0766,22529,1,24634,27495.0
111,-18,RBE,RBEH25,D1,2025-02-07,1738886400,2.0755,2.1105,2.0728,2.1076,22175,1,24902,25021.0
112,-17,RBE,RBEH25,D1,2025-02-09,1739059200,2.1005,2.1108,2.0993,2.1096,104,2,110,16549.0
113,-16,RBE,RBEH25,D1,2025-02-10,1739145600,2.1117,2.1308,2.0995,2.102,18100,0,19942,14985.0
114,-15,RBE,RBEH25,D1,2025-02-11,1739232000,2.1017,2.158,2.1003,2.1497,19494,1,21643,13898.0
115,-14,RBE,RBEH25,D1,2025-02-12,1739318400,2.1497,2.1539,2.0707,2.0732,19730,0,22085,21223.0
88,-39,RBE,RBEJ25,D1,2025-02-13,1739404800,2.3003,2.3323,2.2837,2.3275,22533,0,24278,23687.0
89,-38,RBE,RBEJ25,D1,2025-02-14,1739491200,2.3274,2.3471,2.3075,2.3095,20340,1,21946,24131.0
90,-37,RBE,RBEJ25,D1,2025-02-16,1739664000,2.3107,2.3116,2.2976,2.303,153,2,154,15459.0
91,-36,RBE,RBEJ25,D1,2025-02-17,1739750400,2.302,2.3301,2.302,2.3252,5264,1,5790,9297.0
92,-35,RBE,RBEJ25,D1,2025-02-18,1739836800,2.325,2.3418,2.3129,2.3232,19344,0,21032,8992.0
93,-34,RBE,RBEJ25,D1,2025-02-19,1739923200,2.323,2.3486,2.3083,2.3199,23445,0,25704,17509.0
94,-33,RBE,RBEJ25,D1,2025-02-20,1740009600,2.3195,2.3409,2.3095,2.3263,24744,0,26810,24515.0
95,-32,RBE,RBEJ25,D1,2025-02-21,1740096000,2.3259,2.3296,2.2619,2.2695,29716,0,32211,28242.0
96,-31,RBE,RBEJ25,D1,2025-02-23,1740268800,2.2635,2.2757,2.2571,2.2719,296,1,307,19776.0
97,-30,RBE,RBEJ25,D1,2025-02-24,1740355200,2.272,2.2782,2.2508,2.2685,28438,0,31122,21213.0
98,-29,RBE,RBEJ25,D1,2025-02-25,1740441600,2.2691,2.2836,2.2104,2.2177,27399,0,30867,20765.0
99,-28,RBE,RBEJ25,D1,2025-02-26,1740528000,2.2176,2.224,2.1823,2.1966,26299,0,29459,30483.0
100,-27,RBE,RBEJ25,D1,2025-02-27,1740614400,2.1953,2.2448,2.1896,2.2412,25958,0,28748,29691.0
101,-26,RBE,RBEJ25,D1,2025-02-28,1740700800,2.2403,2.2438,2.2061,2.2306,21918,0,24973,27727.0
102,-25,RBE,RBEJ25,D1,2025-03-02,1740873600,2.2291,2.2402,2.229,2.2357,273,1,274,17998.0
103,-24,RBE,RBEJ25,D1,2025-03-03,1740960000,2.235,2.2489,2.1764,2.1983,26654,0,29937,18395.0
104,-23,RBE,RBEJ25,D1,2025-03-04,1741046400,2.1985,2.1997,2.1502,2.1775,24465,0,26822,19011.0
105,-22,RBE,RBEJ25,D1,2025-03-05,1741132800,2.1772,2.1853,2.0961,2.1315,32094,0,36354,31038.0
106,-21,RBE,RBEJ25,D1,2025-03-06,1741219200,2.132,2.1452,2.0892,2.1021,24466,0,26326,29834.0
107,-20,RBE,RBEJ25,D1,2025-03-07,1741305600,2.1013,2.1505,2.0944,2.1074,23455,0,26111,29597.0
108,-19,RBE,RBEJ25,D1,2025-03-09,1741478400,2.1075,2.1075,2.0971,2.0972,147,1,154,17530.0
109,-18,RBE,RBEJ25,D1,2025-03-10,1741564800,2.0972,2.1339,2.0801,2.0831,19320,0,20976,15747.0
110,-17,RBE,RBEJ25,D1,2025-03-11,1741651200,2.0833,2.1306,2.0702,2.1188,17009,0,18320,13150.0
111,-16,RBE,RBEJ25,D1,2025-03-12,1741737600,2.1185,2.1573,2.1087,2.1495,18440,0,19887,19728.0
89,-40,RBE,RBEK25,D1,2025-03-13,1741824000,2.1538,2.1645,2.1289,2.139,20027,0,21470,19063.0
90,-39,RBE,RBEK25,D1,2025-03-14,1741910400,2.1391,2.1555,2.1308,2.1522,14173,0,15035,19160.0
91,-38,RBE,RBEK25,D1,2025-03-16,1742083200,2.161,2.1704,2.1553,2.1668,372,1,403,12303.0
92,-37,RBE,RBEK25,D1,2025-03-17,1742169600,2.1673,2.1864,2.1638,2.1784,21873,0,23119,12852.0
93,-36,RBE,RBEK25,D1,2025-03-18,1742256000,2.1789,2.2077,2.1604,2.1686,23536,1,24876,16133.0
94,-35,RBE,RBEK25,D1,2025-03-19,1742342400,2.1687,2.1893,2.1519,2.1749,16669,0,18024,22006.0
95,-34,RBE,RBEK25,D1,2025-03-20,1742428800,2.1739,2.2103,2.1513,2.2034,20797,0,22606,21835.0
96,-33,RBE,RBEK25,D1,2025-03-21,1742515200,2.2029,2.2065,2.177,2.1949,17238,0,18441,19690.0
97,-32,RBE,RBEK25,D1,2025-03-23,1742688000,2.1951,2.1984,2.1921,2.1984,111,1,121,13723.0
98,-31,RBE,RBEK25,D1,2025-03-24,1742774400,2.199,2.2163,2.1835,2.21,24156,0,26204,14922.0
99,-30,RBE,RBEK25,D1,2025-03-25,1742860800,2.2101,2.2277,2.1992,2.2211,20443,0,22474,16266.0
100,-29,RBE,RBEK25,D1,2025-03-26,1742947200,2.221,2.2517,2.2167,2.2395,25265,0,28440,25706.0
101,-28,RBE,RBEK25,D1,2025-03-27,1743033600,2.2397,2.2563,2.2252,2.2504,19930,0,22120,24345.0
102,-27,RBE,RBEK25,D1,2025-03-28,1743120000,2.2504,2.2669,2.233,2.2351,23990,0,26141,25567.0
103,-26,RBE,RBEK25,D1,2025-03-30,1743292800,2.2435,2.2547,2.242,2.2459,320,1,359,16207.0
104,-25,RBE,RBEK25,D1,2025-03-31,1743379200,2.2476,2.2976,2.2307,2.2894,24910,1,28070,18190.0
105,-24,RBE,RBEK25,D1,2025-04-01,1743465600,2.2898,2.3112,2.2811,2.3082,25030,0,27695,18708.0
106,-23,RBE,RBEK25,D1,2025-04-02,1743552000,2.3085,2.3447,2.2371,2.2393,33102,0,37100,30955.0
107,-22,RBE,RBEK25,D1,2025-04-03,1743638400,2.2396,2.2572,2.1397,2.156,43379,0,49065,37953.0
108,-21,RBE,RBEK25,D1,2025-04-04,1743724800,2.1559,2.1599,2.0065,2.0647,34357,0,38440,41535.0
109,-20,RBE,RBEK25,D1,2025-04-06,1743897600,2.04,2.0411,1.9982,2.005,742,1,1017,29507.0
110,-19,RBE,RBEK25,D1,2025-04-07,1743984000,2.0063,2.1062,1.9795,2.031,34833,1,38056,25838.0
111,-18,RBE,RBEK25,D1,2025-04-08,1744070400,2.0298,2.0549,1.942,1.9509,22013,1,23974,21016.0
86,-43,RBE,RBEM25,D1,2025-04-09,1744156800,1.9416,2.0469,1.872,2.0336,41537,0,43919,33266.0
87,-42,RBE,RBEM25,D1,2025-04-10,1744243200,2.0338,2.0453,1.9287,1.9501,30165,0,31641,32865.0
88,-41,RBE,RBEM25,D1,2025-04-11,1744329600,1.9484,2.0022,1.9367,1.999,21795,0,23090,32883.0
89,-40,RBE,RBEM25,D1,2025-04-13,1744502400,2.0028,2.0162,1.9967,2.0049,600,1,642,18458.0
90,-39,RBE,RBEM25,D1,2025-04-14,1744588800,2.0057,2.0389,1.994,2.018,20015,0,21680,15137.0
91,-38,RBE,RBEM25,D1,2025-04-15,1744675200,2.0185,2.032,2.0048,2.0245,19063,0,20141,14154.0
92,-37,RBE,RBEM25,D1,2025-04-16,1744761600,2.0236,2.0477,1.9967,2.0438,23956,0,25673,22498.0
93,-36,RBE,RBEM25,D1,2025-04-17,1744848000,2.0453,2.0968,2.0394,2.0839,19901,0,21958,22591.0
94,-35,RBE,RBEM25,D1,2025-04-20,1745107200,2.0832,2.0882,2.0688,2.0735,320,1,343,15991.0
95,-34,RBE,RBEM25,D1,2025-04-21,1745193600,2.0739,2.08,2.0355,2.0725,17219,0,19215,13839.0
96,-33,RBE,RBEM25,D1,2025-04-22,1745280000,2.0728,2.1123,2.0643,2.1069,22011,0,23353,14304.0
97,-32,RBE,RBEM25,D1,2025-04-23,1745366400,2.1078,2.1241,2.0445,2.072,29481,0,33304,25291.0
98,-31,RBE,RBEM25,D1,2025-04-24,1745452800,2.0724,2.1031,2.0675,2.1021,21293,0,22944,26534.0
99,-30,RBE,RBEM25,D1,2025-04-25,1745539200,2.1011,2.1172,2.0775,2.1105,21241,0,23619,26622.0
100,-29,RBE,RBEM25,D1,2025-04-27,1745712000,2.1185,2.1227,2.1065,2.1069,409,1,449,15671.0
101,-28,RBE,RBEM25,D1,2025-04-28,1745798400,2.1078,2.1198,2.0813,2.0937,19217,0,21082,15050.0
102,-27,RBE,RBEM25,D1,2025-04-29,1745884800,2.0933,2.0974,2.0481,2.0516,21851,0,24103,15211.0
103,-26,RBE,RBEM25,D1,2025-04-30,1745971200,2.0522,2.0584,2.0061,2.0252,33623,0,36782,27322.0
104,-25,RBE,RBEM25,D1,2025-05-01,1746057600,2.0253,2.059,1.9838,2.0423,25688,0,27958,29614.0
105,-24,RBE,RBEM25,D1,2025-05-02,1746144000,2.0419,2.0623,2.0042,2.0235,22076,1,23960,29567.0
106,-23,RBE,RBEM25,D1,2025-05-04,1746316800,1.994,1.994,1.9582,1.9705,1066,1,1164,17694.0
107,-22,RBE,RBEM25,D1,2025-05-05,1746403200,1.9698,2.0312,1.9663,2.0257,19123,0,20914,15346.0
108,-21,RBE,RBEM25,D1,2025-05-06,1746489600,2.0254,2.082,2.0216,2.0711,20785,0,22649,14909.0
109,-20,RBE,RBEM25,D1,2025-05-07,1746576000,2.0705,2.0846,2.0164,2.0271,20506,0,22439,22001.0
110,-19,RBE,RBEM25,D1,2025-05-08,1746662400,2.0265,2.099,2.0246,2.094,20302,0,22812,22633.0
111,-18,RBE,RBEM25,D1,2025-05-09,1746748800,2.0941,2.1211,2.0865,2.1112,19530,0,21461,22237.0
112,-17,RBE,RBEM25,D1,2025-05-11,1746921600,2.1123,2.1267,2.1123,2.1238,355,1,428,14900.0
113,-16,RBE,RBEM25,D1,2025-05-12,1747008000,2.1217,2.1685,2.1142,2.1343,18457,0,20609,14166.0
114,-15,RBE,RBEM25,D1,2025-05-13,1747094400,2.1338,2.172,2.1234,2.1683,18002,0,20029,13689.0
89,-39,RBE,RBEN25,D1,2025-05-14,1747180800,2.1318,2.1399,2.0968,2.1043,18754,0,20401,20187.0
90,-38,RBE,RBEN25,D1,2025-05-15,1747267200,2.1042,2.1067,2.0605,2.0957,22095,0,23425,21494.0
91,-37,RBE,RBEN25,D1,2025-05-16,1747353600,2.0971,2.1103,2.0769,2.1009,17761,1,19165,20997.0
92,-36,RBE,RBEN25,D1,2025-05-18,1747526400,2.1008,2.1066,2.0831,2.1053,313,1,365,14318.0
93,-35,RBE,RBEN25,D1,2025-05-19,1747612800,2.1054,2.106,2.0705,2.0967,19485,0,21033,13521.0
94,-34,RBE,RBEN25,D1,2025-05-20,1747699200,2.0972,2.148,2.0821,2.1243,20818,0,22193,14530.0
95,-33,RBE,RBEN25,D1,2025-05-21,1747785600,2.1231,2.1355,2.0858,2.0898,28517,0,30957,24728.0
96,-32,RBE,RBEN25,D1,2025-05-22,1747872000,2.0904,2.0964,2.0644,2.0864,24362,0,26971,26707.0
97,-31,RBE,RBEN25,D1,2025-05-23,1747958400,2.0858,2.1011,2.0637,2.0789,28603,0,31535,29821.0
98,-30,RBE,RBEN25,D1,2025-05-25,1748131200,2.085,2.0937,2.077,2.0885,253,1,306,19604.0
99,-29,RBE,RBEN25,D1,2025-05-26,1748217600,2.0886,2.092,2.0689,2.0783,3716,1,4045,11962.0
100,-28,RBE,RBEN25,D1,2025-05-27,1748304000,2.0789,2.092,2.0431,2.0538,26757,0,29956,11436.0
101,-27,RBE,RBEN25,D1,2025-05-28,1748390400,2.0536,2.0802,2.0462,2.0704,25043,0,27146,20382.0
102,-26,RBE,RBEN25,D1,2025-05-29,1748476800,2.0697,2.0975,2.0265,2.0284,28383,0,31035,29379.0
103,-25,RBE,RBEN25,D1,2025-05-30,1748563200,2.029,2.0531,1.9943,2.0132,26549,0,29799,29327.0
104,-24,RBE,RBEN25,D1,2025-06-01,1748736000,2.0151,2.0478,2.0151,2.0374,819,1,900,20578.0
105,-23,RBE,RBEN25,D1,2025-06-02,1748822400,2.0362,2.0924,2.0353,2.0665,30496,0,34088,21596.0
106,-22,RBE,RBEN25,D1,2025-06-03,1748908800,2.0666,2.0886,2.05,2.0726,23119,0,25183,20057.0
107,-21,RBE,RBEN25,D1,2025-06-04,1748995200,2.0715,2.078,2.0249,2.0324,29989,0,33275,30849.0
108,-20,RBE,RBEN25,D1,2025-06-05,1749081600,2.032,2.0733,2.0279,2.0611,25416,0,27897,28785.0
109,-19,RBE,RBEN25,D1,2025-06-06,1749168000,2.0614,2.0843,2.0506,2.0803,24079,0,26585,29252.0
110,-18,RBE,RBEN25,D1,2025-06-08,1749340800,2.082,2.082,2.0756,2.0772,153,1,171,18218.0
111,-17,RBE,RBEN25,D1,2025-06-09,1749427200,2.0767,2.0999,2.0681,2.0968,20508,0,22686,16481.0
112,-16,RBE,RBEN25,D1,2025-06-10,1749513600,2.0969,2.1142,2.0779,2.0839,16780,0,18631,13829.0
113,-15,RBE,RBEN25,D1,2025-06-11,1749600000,2.0833,2.1898,2.0771,2.169,24026,0,26938,22752.0
114,-14,RBE,RBEN25,D1,2025-06-12,1749686400,2.1693,2.175,2.1222,2.1702,18163,0,19547,21705.0
89,-41,RBE,RBEQ25,D1,2025-06-13,1749772800,2.1533,2.2863,2.1508,2.2217,44875,0,47355,30925.0
90,-40,RBE,RBEQ25,D1,2025-06-15,1749945600,2.2632,2.2984,2.2435,2.2471,1063,0,1140,22887.0
91,-39,RBE,RBEQ25,D1,2025-06-16,1750032000,2.2454,2.2461,2.1654,2.23,37624,0,40524,29673.0
92,-38,RBE,RBEQ25,D1,2025-06-17,1750118400,2.2291,2.2765,2.1922,2.2666,29028,0,31028,24231.0
93,-37,RBE,RBEQ25,D1,2025-06-18,1750204800,2.2683,2.3029,2.2365,2.2855,35733,0,39125,36892.0
94,-36,RBE,RBEQ25,D1,2025-06-19,1750291200,2.2845,2.3482,2.2644,2.3027,15442,0,16670,28941.0
95,-35,RBE,RBEQ25,D1,2025-06-20,1750377600,2.303,2.3227,2.2798,2.3179,28318,0,30742,28846.0
96,-34,RBE,RBEQ25,D1,2025-06-22,1750550400,2.3676,2.395,2.3482,2.3554,1429,1,1640,16351.0
97,-33,RBE,RBEQ25,D1,2025-06-23,1750636800,2.3552,2.3637,2.1104,2.1423,38347,0,42330,24904.0
98,-32,RBE,RBEQ25,D1,2025-06-24,1750723200,2.1419,2.1716,2.0691,2.0916,35477,0,39437,27802.0
99,-31,RBE,RBEQ25,D1,2025-06-25,1750809600,2.0919,2.1083,2.0639,2.0664,26781,0,28895,36887.0
100,-30,RBE,RBEQ25,D1,2025-06-26,1750896000,2.0658,2.1055,2.0595,2.082,21899,0,23930,30754.0
101,-29,RBE,RBEQ25,D1,2025-06-27,1750982400,2.0812,2.0886,2.0429,2.0617,17708,0,19281,24035.0
102,-28,RBE,RBEQ25,D1,2025-06-29,1751155200,2.0602,2.0652,2.0531,2.0562,257,1,279,14497.0
103,-27,RBE,RBEQ25,D1,2025-06-30,1751241600,2.0561,2.0821,2.0492,2.0664,15204,0,16690,12083.0
104,-26,RBE,RBEQ25,D1,2025-07-01,1751328000,2.0655,2.1057,2.0585,2.0914,18103,0,19420,12130.0
105,-25,RBE,RBEQ25,D1,2025-07-02,1751414400,2.0918,2.1257,2.0813,2.1165,19703,0,21731,19280.0
106,-24,RBE,RBEQ25,D1,2025-07-03,1751500800,2.1159,2.1248,2.102,2.1195,13200,1,14504,18552.0
107,-23,RBE,RBEQ25,D1,2025-07-04,1751587200,2.1196,2.1249,2.1033,2.1171,3892,1,4183,13473.0
108,-22,RBE,RBEQ25,D1,2025-07-06,1751760000,2.1078,2.1081,2.0869,2.1023,219,0,226,6304.0
109,-21,RBE,RBEQ25,D1,2025-07-07,1751846400,2.1014,2.1601,2.0902,2.151,17590,0,19221,7877.0
110,-20,RBE,RBEQ25,D1,2025-07-08,1751932800,2.1522,2.1988,2.1445,2.1843,20070,0,22002,13816.0
111,-19,RBE,RBEQ25,D1,2025-07-09,1752019200,2.184,2.204,2.1723,2.1904,16276,0,17553,19592.0
112,-18,RBE,RBEQ25,D1,2025-07-10,1752105600,2.1895,2.2,2.1448,2.1563,14230,0,15983,18513.0
113,-17,RBE,RBEQ25,D1,2025-07-11,1752192000,2.1565,2.1944,2.1367,2.1926,15597,0,16958,16831.0
114,-16,RBE,RBEQ25,D1,2025-07-13,1752364800,2.1958,2.1978,2.1862,2.1878,132,2,138,11026.0
115,-15,RBE,RBEQ25,D1,2025-07-14,1752451200,2.1897,2.2124,2.1571,2.1636,12984,1,14155,10417.0
89,-39,RBE,RBEU25,D1,2025-07-15,1752537600,2.1229,2.1427,2.1077,2.1305,19062,1,20156,12441.0
90,-38,RBE,RBEU25,D1,2025-07-16,1752624000,2.1304,2.1308,2.0888,2.112,22599,0,24350,20532.0
91,-37,RBE,RBEU25,D1,2025-07-17,1752710400,2.1121,2.1376,2.1023,2.128,15848,0,16958,20488.0
92,-36,RBE,RBEU25,D1,2025-07-18,1752796800,2.1297,2.1501,2.1065,2.1066,23921,0,25600,22303.0
93,-35,RBE,RBEU25,D1,2025-07-20,1752969600,2.1088,2.1108,2.1071,2.1089,211,1,221,14260.0
94,-34,RBE,RBEU25,D1,2025-07-21,1753056000,2.1077,2.1131,2.0813,2.0923,22641,0,23859,16560.0
95,-33,RBE,RBEU25,D1,2025-07-22,1753142400,2.0917,2.092,2.0604,2.0753,22062,0,23383,15821.0
96,-32,RBE,RBEU25,D1,2025-07-23,1753228800,2.0747,2.0931,2.06,2.0865,21679,0,22958,23400.0
97,-31,RBE,RBEU25,D1,2025-07-24,1753315200,2.0865,2.1046,2.0547,2.0798,27092,0,29036,25126.0
98,-30,RBE,RBEU25,D1,2025-07-25,1753401600,2.0796,2.0916,2.0564,2.0593,20778,1,22725,24906.0
99,-29,RBE,RBEU25,D1,2025-07-27,1753574400,2.0626,2.0655,2.0574,2.0652,391,1,422,17394.0
100,-28,RBE,RBEU25,D1,2025-07-28,1753660800,2.0647,2.1153,2.0647,2.1107,23387,0,25327,16158.0
101,-27,RBE,RBEU25,D1,2025-07-29,1753747200,2.1107,2.1886,2.0995,2.1776,32012,0,36048,20599.0
102,-26,RBE,RBEU25,D1,2025-07-30,1753833600,2.1776,2.2112,2.1513,2.2094,27990,0,30364,30580.0
103,-25,RBE,RBEU25,D1,2025-07-31,1753920000,2.2089,2.2105,2.1591,2.1722,23662,0,26105,30839.0
104,-24,RBE,RBEU25,D1,2025-08-01,1754006400,2.1716,2.1727,2.103,2.1076,32439,0,34690,30386.0
105,-23,RBE,RBEU25,D1,2025-08-03,1754179200,2.1025,2.1062,2.0938,2.1023,382,1,408,20401.0
106,-22,RBE,RBEU25,D1,2025-08-04,1754265600,2.1012,2.1261,2.0763,2.1013,24547,1,26556,20551.0
107,-21,RBE,RBEU25,D1,2025-08-05,1754352000,2.1017,2.1067,2.0826,2.0894,18929,0,20155,15706.0
108,-20,RBE,RBEU25,D1,2025-08-06,1754438400,2.0894,2.1384,2.0723,2.0881,22822,0,25463,24058.0
109,-19,RBE,RBEU25,D1,2025-08-07,1754524800,2.0884,2.1159,2.07,2.0721,17821,0,19396,21671.0
110,-18,RBE,RBEU25,D1,2025-08-08,1754611200,2.0722,2.1015,2.0492,2.0706,19919,0,21245,22035.0
111,-17,RBE,RBEU25,D1,2025-08-10,1754784000,2.0696,2.079,2.065,2.0729,269,1,305,13649.0
112,-16,RBE,RBEU25,D1,2025-08-11,1754870400,2.071,2.0979,2.0586,2.0827,16300,0,17475,13008.0
113,-15,RBE,RBEU25,D1,2025-08-12,1754956800,2.0817,2.0928,2.0648,2.0728,15364,0,16683,11488.0
114,-14,RBE,RBEU25,D1,2025-08-13,1755043200,2.0717,2.0836,2.047,2.0772,15720,0,17404,17187.0
115,-13,RBE,RBEU25,D1,2025-08-14,1755129600,2.0778,2.1126,2.0772,2.1079,14676,1,15960,16682.0
90,-39,RBE,RBEV25,D1,2025-08-15,1755216000,1.9407,1.9457,1.9061,1.9158,4,0,19762,18833.0
91,-38,RBE,RBEV25,D1,2025-08-17,1755388800,1.9136,1.9164,1.9008,1.9066,0,0,144,13532.0
92,-37,RBE,RBEV25,D1,2025-08-18,1755475200,1.9054,1.9399,1.8952,1.9372,3,0,23641,14516.0
93,-36,RBE,RBEV25,D1,2025-08-19,1755561600,1.9373,1.9374,1.9119,1.9291,1,0,23692,15826.0
94,-35,RBE,RBEV25,D1,2025-08-20,1755648000,1.9285,1.9636,1.9204,1.9603,2,0,32156,26496.0
95,-34,RBE,RBEV25,D1,2025-08-21,1755734400,1.9595,1.9903,1.9579,1.9882,6,0,26222,27357.0
96,-33,RBE,RBEV25,D1,2025-08-22,1755820800,1.9879,1.9992,1.9769,1.9921,2,0,26583,28320.0
97,-32,RBE,RBEV25,D1,2025-08-24,1755993600,1.9936,1.9936,1.9876,1.9886,0,0,250,17685.0
98,-31,RBE,RBEV25,D1,2025-08-25,1756080000,1.9885,2.0097,1.982,1.9958,4,0,20736,15856.0
99,-30,RBE,RBEV25,D1,2025-08-26,1756166400,1.9958,1.9958,1.9489,1.9629,1,0,26861,15949.0
100,-29,RBE,RBEV25,D1,2025-08-27,1756252800,1.9627,1.9731,1.9474,1.9616,7,0,25039,24212.0
101,-28,RBE,RBEV25,D1,2025-08-28,1756339200,1.9617,1.9921,1.9421,1.9834,0,0,27564,26488.0
102,-27,RBE,RBEV25,D1,2025-08-29,1756425600,1.9837,1.9896,1.9618,1.9684,3,0,20806,24470.0
103,-26,RBE,RBEV25,D1,2025-08-31,1756598400,1.9638,1.9693,1.9638,1.965,4,0,134,16168.0
104,-25,RBE,RBEV25,D1,2025-09-01,1756684800,1.9654,1.9964,1.955,1.995,5,0,6307,9082.0
105,-24,RBE,RBEV25,D1,2025-09-02,1756771200,1.9945,2.0466,1.9918,2.043,11,0,42210,16217.0
106,-23,RBE,RBEV25,D1,2025-09-03,1756857600,2.0437,2.0462,2.0003,2.0102,2,0,29615,26044.0
107,-22,RBE,RBEV25,D1,2025-09-04,1756944000,2.0104,2.0283,1.9916,2.0027,0,0,25696,32507.0
108,-21,RBE,RBEV25,D1,2025-09-05,1757030400,2.0028,2.0071,1.9462,1.9679,5,0,31226,28846.0
109,-20,RBE,RBEV25,D1,2025-09-07,1757203200,1.968,1.9755,1.9651,1.9711,1,0,413,19112.0
110,-19,RBE,RBEV25,D1,2025-09-08,1757289600,1.9721,2.003,1.9526,1.9613,0,0,21576,17738.0
111,-18,RBE,RBEV25,D1,2025-09-09,1757376000,1.9613,2.0101,1.9585,1.9993,2,0,24197,15395.0
112,-17,RBE,RBEV25,D1,2025-09-10,1757462400,1.9993,2.0173,1.9878,2.0088,5,0,21130,22301.0
113,-16,RBE,RBEV25,D1,2025-09-11,1757548800,2.0088,2.0096,1.9615,1.9693,0,0,18706,21344.0
114,-15,RBE,RBEV25,D1,2025-09-12,1757635200,1.9685,2.0184,1.9533,1.9862,2,0,17513,19116.0
115,-14,RBE,RBEV25,D1,2025-09-14,1757808000,1.995,1.995,1.9823,1.9903,185,1,202,12140.0
116,-13,RBE,RBEV25,D1,2025-09-15,1757894400,1.9908,2.021,1.9879,2.0131,13287,1,14415,10710.0
91,-39,RBE,RBEX25,D1,2025-09-16,1757980800,1.9518,1.9874,1.9409,1.9831,8,0,21415,11821.0
92,-38,RBE,RBEX25,D1,2025-09-17,1758067200,1.9838,1.9851,1.9588,1.9656,1,0,19039,18108.0
93,-37,RBE,RBEX25,D1,2025-09-18,1758153600,1.9662,1.9712,1.9415,1.9528,2,0,22538,20997.0
94,-36,RBE,RBEX25,D1,2025-09-19,1758240000,1.9534,1.956,1.9104,1.9105,6,0,27031,22869.0
95,-35,RBE,RBEX25,D1,2025-09-21,1758412800,1.9112,1.9183,1.9109,1.9176,1,0,296,16622.0
96,-34,RBE,RBEX25,D1,2025-09-22,1758499200,1.9175,1.9324,1.8914,1.918,2,0,25412,17580.0
97,-33,RBE,RBEX25,D1,2025-09-23,1758585600,1.918,1.951,1.9073,1.9487,3,0,23136,16281.0
98,-32,RBE,RBEX25,D1,2025-09-24,1758672000,1.9476,1.9642,1.9348,1.9563,0,0,23044,23864.0
99,-31,RBE,RBEX25,D1,2025-09-25,1758758400,1.9567,1.9655,1.9327,1.9588,2,0,29413,25198.0
100,-30,RBE,RBEX25,D1,2025-09-26,1758844800,1.9592,2.0045,1.9465,1.9787,1,0,34037,28831.0
101,-29,RBE,RBEX25,D1,2025-09-28,1759017600,1.9722,1.9826,1.9713,1.9809,0,0,500,21317.0
102,-28,RBE,RBEX25,D1,2025-09-29,1759104000,1.9796,1.9922,1.9293,1.9316,0,0,31388,21975.0
103,-27,RBE,RBEX25,D1,2025-09-30,1759190400,1.9313,1.9368,1.9,1.917,2,0,28683,20190.0
104,-26,RBE,RBEX25,D1,2025-10-01,1759276800,1.917,1.9309,1.8757,1.888,6,0,33211,31094.0
105,-25,RBE,RBEX25,D1,2025-10-02,1759363200,1.8874,1.9043,1.8435,1.8511,5,0,35412,32435.0
106,-24,RBE,RBEX25,D1,2025-10-03,1759449600,1.8511,1.8819,1.849,1.8573,1,0,30292,32972.0
107,-23,RBE,RBEX25,D1,2025-10-05,1759622400,1.87,1.8878,1.8693,1.8794,0,0,361,22022.0
108,-22,RBE,RBEX25,D1,2025-10-06,1759708800,1.8815,1.9061,1.8714,1.8988,0,0,30671,20441.0
109,-21,RBE,RBEX25,D1,2025-10-07,1759795200,1.8981,1.9105,1.8676,1.9094,0,0,24394,18475.0
110,-20,RBE,RBEX25,D1,2025-10-08,1759881600,1.9093,1.9222,1.8966,1.9004,0,0,22631,25899.0
111,-19,RBE,RBEX25,D1,2025-10-09,1759968000,1.9007,1.9208,1.8752,1.8792,0,0,22869,23298.0
112,-18,RBE,RBEX25,D1,2025-10-10,1760054400,1.8794,1.8832,1.8053,1.8086,0,0,29634,25045.0
113,-17,RBE,RBEX25,D1,2025-10-12,1760227200,1.8124,1.8412,1.8124,1.8366,1,0,522,17675.0
114,-16,RBE,RBEX25,D1,2025-10-13,1760313600,1.8357,1.8548,1.8289,1.8505,1,0,23272,17809.0
115,-15,RBE,RBEX25,D1,2025-10-14,1760400000,1.8503,1.8557,1.8078,1.8265,0,0,22960,15585.0
116,-14,RBE,RBEX25,D1,2025-10-15,1760486400,1.8279,1.8481,1.822,1.8387,3,0,21855,22696.0
117,-13,RBE,RBEX25,D1,2025-10-16,1760572800,1.8391,1.8505,1.8046,1.8101,1,0,20023,21613.0
118,-12,RBE,RBEX25,D1,2025-10-17,1760659200,1.8099,1.8405,1.7926,1.8333,0,0,18528,20135.0
93,-35,RBE,RBEZ25,D1,2025-10-19,1760832000,1.7783,1.7852,1.7712,1.7731,0,0,220,13648.0
94,-34,RBE,RBEZ25,D1,2025-10-20,1760918400,1.7733,1.7779,1.7527,1.7733,0,0,17582,12893.0
95,-33,RBE,RBEZ25,D1,2025-10-21,1761004800,1.7732,1.7905,1.7469,1.7751,0,0,24149,13984.0
96,-32,RBE,RBEZ25,D1,2025-10-22,1761091200,1.7755999999999998,1.8422,1.7703,1.8369,0,0,32448,24726.0
97,-31,RBE,RBEZ25,D1,2025-10-23,1761177600,1.8378,1.8864,1.8304,1.8726,2,0,43104,33234.0
98,-30,RBE,RBEZ25,D1,2025-10-24,1761264000,1.8722,1.8915,1.8625,1.8631,0,0,29186,34913.0
99,-29,RBE,RBEZ25,D1,2025-10-26,1761436800,1.8686,1.8825,1.8678,1.8769,209,2,251,24180.0
100,-28,RBE,RBEZ25,D1,2025-10-27,1761523200,1.8766,1.8795,1.8461,1.8707,19180,0,20602,16680.0
101,-27,RBE,RBEZ25,D1,2025-10-28,1761609600,1.8708,1.876,1.8418,1.8738,26091,0,28828,16560.0
102,-26,RBE,RBEZ25,D1,2025-10-29,1761696000,1.873,1.9,1.8582,1.8878,28175,0,31373,26934.0
103,-25,RBE,RBEZ25,D1,2025-10-30,1761782400,1.8888,1.8952,1.8596,1.8821,26897,0,29308,29836.0
104,-24,RBE,RBEZ25,D1,2025-10-31,1761868800,1.8822,1.9059,1.8711,1.8987,26511,0,29907,30196.0
105,-23,RBE,RBEZ25,D1,2025-11-02,1762041600,1.9008,1.9131,1.9008,1.9104,232,2,282,19832.0
106,-22,RBE,RBEZ25,D1,2025-11-03,1762128000,1.9098,1.9281,1.8838,1.9169,27788,0,30471,20220.0
107,-21,RBE,RBEZ25,D1,2025-11-04,1762214400,1.917,1.9315,1.8899,1.9173,23371,0,25464,18739.0
108,-20,RBE,RBEZ25,D1,2025-11-05,1762300800,1.918,1.9342,1.9006,1.9134,22683,0,24816,26917.0
109,-19,RBE,RBEZ25,D1,2025-11-06,1762387200,1.9114,1.9676,1.9114,1.9606,29819,0,32755,27678.0
110,-18,RBE,RBEZ25,D1,2025-11-07,1762473600,1.96,1.9886,1.9353,1.9443,25399,0,28140,28570.0
111,-17,RBE,RBEZ25,D1,2025-11-09,1762646400,1.944,1.9475,1.9393,1.9475,133,1,148,20348.0
112,-16,RBE,RBEZ25,D1,2025-11-10,1762732800,1.9469,1.9785,1.9377,1.9605,23327,0,26360,18216.0
113,-15,RBE,RBEZ25,D1,2025-11-11,1762819200,1.9601,2.0182,1.9524,2.0125,17815,0,18963,15157.0
88,-38,RBE,RBEF26,D1,2025-11-12,1762905600,1.9477,1.9489,1.8811,1.8828,22259,0,24287,22371.0
89,-37,RBE,RBEF26,D1,2025-11-13,1762992000,1.8829,1.9108,1.8756,1.8991,19983,0,22587,21786.0
90,-36,RBE,RBEF26,D1,2025-11-14,1763078400,1.8989,1.9389,1.8985,1.9268,27909,0,29985,25620.0
91,-35,RBE,RBEF26,D1,2025-11-16,1763251200,1.9282,1.9285,1.9155,1.9174,125,1,126,17566.0
92,-34,RBE,RBEF26,D1,2025-11-17,1763337600,1.9166,1.9325,1.9062,1.9067,19056,0,20629,16913.0
93,-33,RBE,RBEF26,D1,2025-11-18,1763424000,1.9073,1.929,1.8823,1.9137,26792,0,28912,16556.0
94,-32,RBE,RBEF26,D1,2025-11-19,1763510400,1.9137,1.9137,1.8517,1.8669,26747,0,30001,26514.0
95,-31,RBE,RBEF26,D1,2025-11-20,1763596800,1.8667,1.876,1.8265,1.8331,25877,0,28104,29006.0
96,-30,RBE,RBEF26,D1,2025-11-21,1763683200,1.8331,1.8383,1.7984,1.8079,26029,0,28608,28904.0
97,-29,RBE,RBEF26,D1,2025-11-23,1763856000,1.8079,1.8112,1.8024,1.8053,163,0,167,18960.0
98,-28,RBE,RBEF26,D1,2025-11-24,1763942400,1.8056,1.8331,1.7935,1.8278,23013,0,24923,17899.0
99,-27,RBE,RBEF26,D1,2025-11-25,1764028800,1.8283,1.8291,1.7795999999999998,1.8043,27742,0,30142,18411.0
100,-26,RBE,RBEF26,D1,2025-11-26,1764115200,1.803,1.8321,1.7972,1.8239,25057,0,27982,27682.0
101,-25,RBE,RBEF26,D1,2025-11-27,1764201600,1.8239,1.8631,1.8197,1.8586,5378,1,5902,21342.0
102,-24,RBE,RBEF26,D1,2025-11-28,1764288000,1.858,1.8744,1.8164,1.8217,14332,1,15735,16540.0
103,-23,RBE,RBEF26,D1,2025-11-30,1764460800,1.8261,1.8437,1.8187,1.8421,508,1,584,7407.0
104,-22,RBE,RBEF26,D1,2025-12-01,1764547200,1.842,1.8755,1.8349,1.8739,28543,0,30913,15744.0
105,-21,RBE,RBEF26,D1,2025-12-02,1764633600,1.8728,1.8735,1.8263,1.8295,22742,0,25737,19078.0
106,-20,RBE,RBEF26,D1,2025-12-03,1764720000,1.829,1.8524,1.8221,1.8245,20800,0,22579,26410.0
107,-19,RBE,RBEF26,D1,2025-12-04,1764806400,1.8252,1.8386,1.8139,1.8312,17758,0,20163,22826.0
108,-18,RBE,RBEF26,D1,2025-12-05,1764892800,1.8301,1.8515,1.8214,1.8348,19741,0,21908,21550.0
109,-17,RBE,RBEF26,D1,2025-12-07,1765065600,1.842,1.8494,1.8343,1.8406,187,1,227,14099.0
110,-16,RBE,RBEF26,D1,2025-12-08,1765152000,1.8403,1.8456,1.7933,1.7942,24331,0,27211,16449.0
111,-15,RBE,RBEF26,D1,2025-12-09,1765238400,1.7947,1.8117,1.7853,1.7924,16170,0,17438,14959.0
112,-14,RBE,RBEF26,D1,2025-12-10,1765324800,1.7924,1.8012,1.7638,1.7889,20394,0,22458,22369.0
113,-13,RBE,RBEF26,D1,2025-12-11,1765411200,1.7885,1.7911,1.7452,1.7674,19711,0,21175,20357.0
114,-12,RBE,RBEF26,D1,2025-12-12,1765497600,1.7674,1.7771,1.7445,1.7534999999999998,15144,0,16343,19992.0
115,-11,RBE,RBEF26,D1,2025-12-14,1765670400,1.758,1.758,1.7506,1.7555,106,2,120,12546.0
116,-10,RBE,RBEF26,D1,2025-12-15,1765756800,1.7571,1.7625,1.7221,1.7259,13377,0,14629,10364.0
92,-9,RBE,RBEG26,D1,2025-12-16,1765843200,1.7304,1.7318,1.6839,1.6885,19970,0,22595,12123.0
93,-8,RBE,RBEG26,D1,2025-12-17,1765929600,1.6897,1.7219,1.6876,1.7196,27386,0,30016,22106.0
94,-7,RBE,RBEG26,D1,2025-12-18,1766016000,1.7183000000000002,1.7198,1.6966,1.7023,19834,0,22087,24899.0
95,-6,RBE,RBEG26,D1,2025-12-19,1766102400,1.7023,1.7249,1.6995,1.7164,21736,0,24040,25381.0
96,-5,RBE,RBEG26,D1,2025-12-21,1766275200,1.716,1.7249,1.7146,1.7243,157,1,177,15435.0
97,-4,RBE,RBEG26,D1,2025-12-22,1766361600,1.7237,1.7542,1.7235,1.7483,19479,0,21363,15193.0
98,-3,RBE,RBEG26,D1,2025-12-23,1766448000,1.748,1.7602,1.7369,1.7596,15522,0,16869,12803.0
99,-2,RBE,RBEG26,D1,2025-12-24,1766534400,1.7585,1.7679,1.7498,1.7578,11917,0,12941,17058.0
100,-1,RBE,RBEG26,D1,2025-12-25,1766620800,1.7646,1.7646,1.7488,1.7585,58,3,78,9963.0
101,0,RBE,RBEG26,D1,2025-12-26,1766707200,1.7569,1.7692,1.7047,1.7088,17027,0,18632,10550.0
