a,z,ticker,symbol,tf,datetime,time,open,high,low,close,tick_volume,spread,real_volume,mean_volume
1,-74,XB,XBX6,D1,2016-08-01,1470009600,966.5,966.5,960.0,964.25,60012,0,30,30.0
2,-73,XB,XBX6,D1,2016-08-02,1470096000,957.5,967.5,943.0,951.0,1115241,0,638,334.0
3,-72,XB,XBX6,D1,2016-08-03,1470182400,953.125,966.625,950.375,952.875,717659,0,378,349.0
4,-71,XB,XBX6,D1,2016-08-04,1470268800,955.5,967.125,951.0,958.25,525159,0,327,448.0
5,-70,XB,XBX6,D1,2016-08-05,1470355200,958.0,979.0,956.125,972.875,827701,0,484,396.0
6,-69,XB,XBX6,D1,2016-08-08,1470614400,983.0,989.875,970.375,985.0,710189,0,491,434.0
7,-68,XB,XBX6,D1,2016-08-09,1470700800,983.25,999.25,977.5,989.0,702695,0,512,496.0
8,-67,XB,XBX6,D1,2016-08-10,1470787200,989.0,997.0,972.875,980.0,785195,0,510,504.0
9,-66,XB,XBX6,D1,2016-08-11,1470873600,982.0,989.875,978.875,984.375,542678,0,410,477.0
10,-65,XB,XBX6,D1,2016-08-12,1470960000,983.0,996.0,963.0,983.25,2977747,0,856,592.0
11,-64,XB,XBX6,D1,2016-08-15,1471219200,981.875,1010.75,980.0,1009.0,1307787,0,846,704.0
12,-63,XB,XBX6,D1,2016-08-16,1471305600,1010.0,1018.0,1001.0,1008.0,925231,0,687,796.0
13,-62,XB,XBX6,D1,2016-08-17,1471392000,1008.875,1017.375,1003.125,1016.0,655213,0,510,681.0
14,-61,XB,XBX6,D1,2016-08-18,1471478400,1016.0,1017.5,995.75,1014.0,925218,0,570,589.0
15,-60,XB,XBX6,D1,2016-08-19,1471564800,1015.0,1016.125,998.5,1003.0,625208,0,472,517.0
16,-59,XB,XBX6,D1,2016-08-22,1471824000,999.125,1019.75,999.125,1013.75,630203,0,521,521.0
17,-58,XB,XBX6,D1,2016-08-23,1471910400,1014.75,1016.5,1006.75,1012.5,470175,0,389,461.0
18,-57,XB,XBX6,D1,2016-08-24,1471996800,1012.875,1013.375,996.625,1006.0,567698,0,479,463.0
19,-56,XB,XBX6,D1,2016-08-25,1472083200,1004.75,1004.75,974.75,975.875,965262,0,675,514.0
20,-55,XB,XBX6,D1,2016-08-26,1472169600,974.25,979.875,960.625,966.75,797706,0,618,591.0
21,-54,XB,XBX6,D1,2016-08-29,1472428800,966.625,973.625,961.75,962.5,452690,0,408,567.0
22,-53,XB,XBX6,D1,2016-08-30,1472515200,964.0,968.0,946.375,951.625,597686,0,555,527.0
23,-52,XB,XBX6,D1,2016-08-31,1472601600,952.5,956.5,937.875,940.375,870215,0,671,545.0
24,-51,XB,XBX6,D1,2016-09-01,1472688000,943.25,948.75,937.125,943.875,502662,0,384,537.0
25,-50,XB,XBX6,D1,2016-09-02,1472774400,945.0,955.25,944.25,951.625,602690,0,436,497.0
26,-49,XB,XBX6,D1,2016-09-06,1473120000,954.25,963.375,946.625,961.5,657677,0,500,440.0
27,-48,XB,XBX6,D1,2016-09-07,1473206400,959.0,977.75,958.125,976.125,655197,0,517,484.0
28,-47,XB,XBX6,D1,2016-09-08,1473292800,977.0,983.375,970.25,976.5,590166,0,439,485.0
29,-46,XB,XBX6,D1,2016-09-09,1473379200,977.5,983.0,971.625,976.75,650187,0,582,513.0
30,-45,XB,XBX6,D1,2016-09-12,1473638400,976.125,989.5,959.25,966.625,2112762,0,859,627.0
31,-44,XB,XBX6,D1,2016-09-13,1473724800,963.5,971.0,943.25,945.0,537718,0,592,678.0
32,-43,XB,XBX6,D1,2016-09-14,1473811200,943.875,947.125,940.5,943.625,402646,0,490,647.0
33,-42,XB,XBX6,D1,2016-09-15,1473897600,944.125,953.0,941.125,949.75,420139,0,389,490.0
34,-41,XB,XBX6,D1,2016-09-16,1473984000,948.875,968.75,946.0,965.625,890189,0,593,491.0
35,-40,XB,XBX6,D1,2016-09-19,1474243200,969.5,981.0,966.375,972.0,885235,0,722,568.0
36,-39,XB,XBX6,D1,2016-09-20,1474329600,973.0,993.5,971.0,990.0,1090272,0,959,758.0
37,-38,XB,XBX6,D1,2016-09-21,1474416000,988.875,990.0,971.25,973.875,982711,0,1014,898.0
38,-37,XB,XBX6,D1,2016-09-22,1474502400,974.125,983.0,971.0,975.0,770222,0,723,899.0
39,-36,XB,XBX6,D1,2016-09-23,1474588800,974.5,975.875,952.625,952.625,702720,0,697,811.0
40,-35,XB,XBX6,D1,2016-09-26,1474848000,951.875,959.625,944.0,946.0,472689,0,594,671.0
41,-34,XB,XBX6,D1,2016-09-27,1474934400,946.5,953.5,933.875,950.625,1187742,0,910,734.0
42,-33,XB,XBX6,D1,2016-09-28,1475020800,951.5,955.75,943.375,943.375,1027709,0,1005,836.0
43,-32,XB,XBX6,D1,2016-09-29,1475107200,947.5,956.5,946.25,950.0,747726,0,675,863.0
44,-31,XB,XBX6,D1,2016-09-30,1475193600,949.0,958.75,936.5,951.75,1940251,0,1114,931.0
45,-30,XB,XBX6,D1,2016-10-03,1475452800,953.0,974.75,946.75,973.75,1465251,0,1137,975.0
46,-29,XB,XBX6,D1,2016-10-04,1475539200,970.0,971.875,960.5,962.625,927707,0,693,981.0
47,-28,XB,XBX6,D1,2016-10-05,1475625600,963.0,967.125,950.375,954.875,1077689,0,761,864.0
48,-27,XB,XBX6,D1,2016-10-06,1475712000,956.5,959.75,947.125,959.75,1015189,0,760,738.0
49,-26,XB,XBX6,D1,2016-10-07,1475798400,958.5,973.0,954.25,954.75,1075212,0,703,741.0
50,-25,XB,XBX6,D1,2016-10-10,1476057600,956.0,964.125,950.375,952.0,937709,0,764,742.0
51,-24,XB,XBX6,D1,2016-10-11,1476144000,953.25,960.625,951.75,953.25,742738,0,769,745.0
52,-23,XB,XBX6,D1,2016-10-12,1476230400,953.0,970.75,940.5,945.375,2520288,0,1263,932.0
53,-22,XB,XBX6,D1,2016-10-13,1476316800,945.75,959.0,937.5,953.75,1350270,0,1007,1013.0
54,-21,XB,XBX6,D1,2016-10-14,1476403200,954.0,973.75,952.875,960.0,1720309,0,1134,1135.0
55,-20,XB,XBX6,D1,2016-10-17,1476662400,961.25,978.5,961.25,977.125,1722807,0,1320,1154.0
56,-19,XB,XBX6,D1,2016-10-18,1476748800,977.125,987.0,971.5,974.0,1292809,0,1144,1199.0
57,-18,XB,XBX6,D1,2016-10-19,1476835200,972.0,982.625,971.25,982.125,927744,0,847,1104.0
58,-17,XB,XBX6,D1,2016-10-20,1476921600,981.0,990.0,973.25,976.0,975220,0,807,933.0
59,-16,XB,XBX6,D1,2016-10-21,1477008000,977.0,984.375,975.0,984.375,680225,0,735,796.0
60,-15,XB,XBX6,D1,2016-10-24,1477267200,982.0,1000.0,980.0,990.25,1760292,0,1392,978.0
61,-14,XB,XBX6,D1,2016-10-25,1477353600,990.0,997.25,981.625,989.0,1080252,0,1137,1088.0
62,-13,XB,XBX6,D1,2016-10-26,1477440000,989.625,1010.625,989.125,1010.0,1125218,0,908,1146.0
62,-57,XB,XBF7,D1,2016-10-27,1477526400,1019.0,1030.875,1013.5,1023.25,1810353,0,1237,911.0
63,-56,XB,XBF7,D1,2016-10-28,1477612800,1023.25,1028.0,1010.25,1012.5,1072751,0,876,1033.0
64,-55,XB,XBF7,D1,2016-10-31,1477872000,1011.875,1018.0,1003.875,1011.5,64172,0,309736,103950.0
65,-54,XB,XBF7,D1,2016-11-01,1477958400,1011.0,1015.25,991.5,991.5,63124,0,332738,214450.0
66,-53,XB,XBF7,D1,2016-11-02,1478044800,992.75,995.375,983.5,986.0,67829,0,449851,364108.0
67,-52,XB,XBF7,D1,2016-11-03,1478131200,986.0,993.625,985.0,988.625,59611,0,486963,423184.0
68,-51,XB,XBF7,D1,2016-11-04,1478217600,989.125,994.75,984.875,990.75,58304,0,446991,461268.0
69,-50,XB,XBF7,D1,2016-11-06,1478390400,990.75,990.75,990.75,990.75,296,0,689,311548.0
70,-49,XB,XBF7,D1,2016-11-07,1478476800,990.75,1001.25,988.125,997.625,45838,0,342567,263416.0
71,-48,XB,XBF7,D1,2016-11-08,1478563200,997.625,1020.25,997.25,1009.375,98194,0,558599,300618.0
72,-47,XB,XBF7,D1,2016-11-09,1478649600,1009.75,1017.25,984.625,992.25,128056,0,797405,566190.0
73,-46,XB,XBF7,D1,2016-11-10,1478736000,990.75,1018.75,990.0,1001.5,92505,0,658395,671466.0
74,-45,XB,XBF7,D1,2016-11-11,1478822400,1001.875,1017.5,977.5,987.0,116830,0,588016,681272.0
75,-44,XB,XBF7,D1,2016-11-14,1479081600,987.0,991.75,972.0,983.75,84862,0,517147,587853.0
76,-43,XB,XBF7,D1,2016-11-15,1479168000,984.625,992.25,979.625,991.375,111754,0,877650,660938.0
77,-42,XB,XBF7,D1,2016-11-16,1479254400,991.5,997.75,983.125,986.25,68205,0,570935,655244.0
78,-41,XB,XBF7,D1,2016-11-17,1479340800,985.0,993.375,981.125,989.25,49317,0,394381,614322.0
60,-82,XB,XBH7,D1,2016-11-18,1479427200,999.0,1005.0,992.25,1001.5,94822,0,796539,645936.0
61,-81,XB,XBH7,D1,2016-11-21,1479686400,1002.25,1030.0,1002.25,1029.0,81320,0,703666,733306.0
62,-80,XB,XBH7,D1,2016-11-22,1479772800,1027.5,1041.0,1025.0,1038.25,121383,0,1071923,857376.0
63,-79,XB,XBH7,D1,2016-11-23,1479859200,1038.0,1044.0,1026.5,1042.75,107637,0,935645,903745.0
64,-78,XB,XBH7,D1,2016-11-24,1479945600,1042.75,1042.75,1042.75,1042.75,1296,10750,3070,670213.0
65,-77,XB,XBH7,D1,2016-11-25,1480032000,1042.75,1055.0,1038.625,1051.5,43611,0,521503,486739.0
66,-76,XB,XBH7,D1,2016-11-28,1480291200,1051.5,1071.0,1051.5,1061.625,184357,0,1899154,807909.0
67,-75,XB,XBH7,D1,2016-11-29,1480377600,1061.625,1067.0,1048.25,1050.5,68497,0,460283,960313.0
68,-74,XB,XBH7,D1,2016-11-30,1480464000,1050.0,1061.0,1039.625,1039.625,143,0,360,786599.0
69,-73,XB,XBH7,D1,2016-12-01,1480550400,1044.0,1049.125,1031.625,1041.0,147,0,366,153670.0
89,-30,XB,XBF7,D1,2016-12-02,1480636800,1032.5,1037.25,1027.0,1027.125,340,0,536,720.0
90,-29,XB,XBF7,D1,2016-12-05,1480896000,1029.0,1049.375,1028.875,1041.75,562,0,774,648.0
91,-28,XB,XBF7,D1,2016-12-06,1480982400,1040.5,1061.5,1040.25,1048.0,738,0,1031,780.0
92,-27,XB,XBF7,D1,2016-12-07,1481068800,1047.0,1052.875,1040.875,1050.0,351,0,500,768.0
93,-26,XB,XBF7,D1,2016-12-08,1481155200,1048.5,1048.5,1023.625,1025.625,463,0,696,742.0
94,-25,XB,XBF7,D1,2016-12-09,1481241600,1026.875,1038.75,1021.0,1038.5,458,0,650,615.0
95,-24,XB,XBF7,D1,2016-12-12,1481500800,1040.375,1047.25,1026.75,1031.5,449,0,733,693.0
96,-23,XB,XBF7,D1,2016-12-13,1481587200,1032.0,1038.5,1025.375,1028.0,403,0,581,655.0
97,-22,XB,XBF7,D1,2016-12-14,1481673600,1027.25,1028.875,1020.75,1025.0,280,0,365,560.0
98,-21,XB,XBF7,D1,2016-12-15,1481760000,1023.0,1038.0,1018.5,1029.25,426,0,594,513.0
99,-20,XB,XBF7,D1,2016-12-16,1481846400,1028.5,1038.25,1023.25,1037.625,347,0,577,512.0
100,-19,XB,XBF7,D1,2016-12-19,1482105600,1033.25,1040.0,1020.75,1023.75,383,0,552,574.0
101,-18,XB,XBF7,D1,2016-12-20,1482192000,1022.0,1023.75,1004.0,1004.0,431,0,586,572.0
102,-17,XB,XBF7,D1,2016-12-21,1482278400,1005.0,1012.125,1004.75,1006.0,251,0,320,486.0
103,-16,XB,XBF7,D1,2016-12-22,1482364800,1006.875,1007.25,993.5,994.5,342,0,541,482.0
104,-15,XB,XBF7,D1,2016-12-23,1482451200,994.5,996.125,988.125,989.5,203,0,315,392.0
105,-14,XB,XBF7,D1,2016-12-26,1482710400,989.5,989.5,989.5,989.5,60,17875,120,325.0
87,-55,XB,XBH7,D1,2016-12-27,1482796800,997.0,1024.625,996.25,1022.25,478,0,688,380.0
88,-54,XB,XBH7,D1,2016-12-28,1482883200,1023.5,1029.0,1012.0,1015.125,407,0,613,487.0
89,-53,XB,XBH7,D1,2016-12-29,1482969600,1016.0,1024.0,1011.5,1013.625,341,0,449,583.0
90,-52,XB,XBH7,D1,2016-12-30,1483056000,1012.5,1018.125,1003.25,1003.375,353,0,505,522.0
91,-51,XB,XBH7,D1,2017-01-02,1483315200,1003.375,1003.375,1003.375,1003.375,71,8500,71,342.0
92,-50,XB,XBH7,D1,2017-01-03,1483401600,1004.0,1013.5,994.25,994.5,348,0,531,369.0
93,-49,XB,XBH7,D1,2017-01-04,1483488000,994.875,1015.5,991.25,1014.0,443,0,619,407.0
94,-48,XB,XBH7,D1,2017-01-05,1483574400,1013.25,1015.5,1007.5,1012.0,303,0,388,513.0
95,-47,XB,XBH7,D1,2017-01-06,1483660800,1012.25,1015.0,993.5,994.75,401,0,519,509.0
96,-46,XB,XBH7,D1,2017-01-09,1483920000,995.0,1005.25,993.5,1003.5,361,0,525,477.0
97,-45,XB,XBH7,D1,2017-01-10,1484006400,1002.125,1014.625,997.25,1012.0,476,0,738,594.0
98,-44,XB,XBH7,D1,2017-01-11,1484092800,1012.0,1016.25,1001.0,1009.75,408,0,569,611.0
99,-43,XB,XBH7,D1,2017-01-12,1484179200,1010.0,1041.125,1006.125,1038.0,913,0,1389,899.0
100,-42,XB,XBH7,D1,2017-01-13,1484265600,1037.5,1052.875,1032.0,1044.0,781,0,1102,1020.0
101,-41,XB,XBH7,D1,2017-01-16,1484524800,1044.0,1044.0,1044.0,1044.0,53,0,106,866.0
102,-40,XB,XBH7,D1,2017-01-17,1484611200,1052.125,1075.0,1051.625,1065.75,1206,0,1743,984.0
103,-39,XB,XBH7,D1,2017-01-18,1484697600,1067.0,1080.0,1063.0,1072.75,689,0,1123,991.0
104,-38,XB,XBH7,D1,2017-01-19,1484784000,1072.75,1077.375,1066.5,1068.25,431,0,602,1156.0
105,-37,XB,XBH7,D1,2017-01-20,1484870400,1065.5,1071.5,1060.75,1067.75,440,0,606,777.0
106,-36,XB,XBH7,D1,2017-01-23,1485129600,1067.375,1069.125,1055.25,1060.25,301,0,449,552.0
107,-35,XB,XBH7,D1,2017-01-24,1485216000,1060.75,1068.0,1051.25,1059.75,350,0,497,517.0
108,-34,XB,XBH7,D1,2017-01-25,1485302400,1057.0,1059.75,1050.5,1056.0,322,0,432,459.0
109,-33,XB,XBH7,D1,2017-01-26,1485388800,1056.0,1056.75,1045.5,1047.5,312,0,503,477.0
110,-32,XB,XBH7,D1,2017-01-27,1485475200,1048.25,1051.5,1043.0,1049.0,269,0,343,426.0
111,-31,XB,XBH7,D1,2017-01-30,1485734400,1045.875,1045.875,1019.125,1022.5,386,0,499,448.0
112,-30,XB,XBH7,D1,2017-01-31,1485820800,1022.375,1026.625,1020.125,1026.375,290,0,422,421.0
113,-29,XB,XBH7,D1,2017-02-01,1485907200,1024.0,1039.25,1016.875,1037.5,404,0,485,469.0
114,-28,XB,XBH7,D1,2017-02-02,1485993600,1036.75,1041.875,1031.75,1036.5,334,0,516,474.0
115,-27,XB,XBH7,D1,2017-02-03,1486080000,1036.875,1044.0,1026.25,1029.25,306,0,409,470.0
116,-26,XB,XBH7,D1,2017-02-06,1486339200,1027.0,1042.375,1027.0,1036.75,319,0,522,482.0
117,-25,XB,XBH7,D1,2017-02-07,1486425600,1037.75,1043.25,1031.875,1041.25,293,0,380,437.0
118,-24,XB,XBH7,D1,2017-02-08,1486512000,1041.5,1059.5,1041.5,1056.75,583,0,990,631.0
119,-23,XB,XBH7,D1,2017-02-09,1486598400,1057.0,1061.0,1045.25,1049.0,544,0,876,749.0
120,-22,XB,XBH7,D1,2017-02-10,1486684800,1050.0,1063.0,1047.75,1056.25,363,0,503,790.0
121,-21,XB,XBH7,D1,2017-02-13,1486944000,1058.5,1061.25,1051.0,1055.875,275,0,428,602.0
122,-20,XB,XBH7,D1,2017-02-14,1487030400,1054.0,1055.25,1042.5,1045.125,341,0,444,458.0
123,-19,XB,XBH7,D1,2017-02-15,1487116800,1045.0,1061.5,1040.375,1060.5,432,0,644,505.0
124,-18,XB,XBH7,D1,2017-02-16,1487203200,1060.5,1062.375,1042.25,1044.125,322,0,443,510.0
125,-17,XB,XBH7,D1,2017-02-17,1487289600,1042.5,1045.25,1031.375,1034.5,321,0,516,534.0
126,-16,XB,XBH7,D1,2017-02-19,1487462400,1034.5,1034.5,1034.5,1034.5,10,0,10,323.0
127,-15,XB,XBH7,D1,2017-02-20,1487548800,1034.5,1034.5,1034.5,1034.5,69,0,69,198.0
128,-14,XB,XBH7,D1,2017-02-21,1487635200,1032.375,1043.75,1025.25,1025.75,311,0,434,171.0
129,-13,XB,XBH7,D1,2017-02-22,1487721600,1026.25,1031.375,1022.0,1022.0,252,0,349,284.0
130,-12,XB,XBH7,D1,2017-02-23,1487808000,1023.125,1026.0,1010.625,1014.0,229,0,359,381.0
131,-11,XB,XBH7,D1,2017-02-24,1487894400,1012.0,1029.25,1009.375,1013.875,223,0,466,391.0
94,-51,XB,XBK7,D1,2017-02-27,1488153600,1025.0,1029.0,1017.25,1023.0,289,0,398,358.0
95,-50,XB,XBK7,D1,2017-02-28,1488240000,1023.75,1056.0,1023.75,1036.0,838,0,1271,674.0
96,-49,XB,XBK7,D1,2017-03-01,1488326400,1035.25,1052.0,1035.25,1051.875,380,0,580,750.0
97,-48,XB,XBK7,D1,2017-03-02,1488412800,1049.25,1050.75,1031.625,1038.625,410,0,555,802.0
98,-47,XB,XBK7,D1,2017-03-03,1488499200,1037.25,1040.5,1029.25,1035.25,264,0,342,492.0
99,-46,XB,XBK7,D1,2017-03-06,1488758400,1039.0,1048.25,1036.0,1038.0,389,0,478,458.0
100,-45,XB,XBK7,D1,2017-03-07,1488844800,1037.0,1041.75,1022.25,1026.875,330,0,446,422.0
101,-44,XB,XBK7,D1,2017-03-08,1488931200,1026.5,1027.0,1018.875,1020.0,275,0,391,438.0
102,-43,XB,XBK7,D1,2017-03-09,1489017600,1020.5,1022.25,1006.5,1011.5,388,0,504,447.0
103,-42,XB,XBK7,D1,2017-03-10,1489104000,1011.0,1011.5,1003.25,1008.0,251,0,401,432.0
104,-41,XB,XBK7,D1,2017-03-13,1489363200,1006.5,1010.0,1003.75,1006.5,185,0,283,396.0
105,-40,XB,XBK7,D1,2017-03-14,1489449600,1006.0,1006.875,992.125,1000.25,410,0,514,399.0
106,-39,XB,XBK7,D1,2017-03-15,1489536000,998.0,1007.0,995.25,999.75,265,0,337,378.0
107,-38,XB,XBK7,D1,2017-03-16,1489622400,1000.25,1006.0,996.0,1001.0,315,0,408,420.0
108,-37,XB,XBK7,D1,2017-03-17,1489708800,1001.5,1004.0,994.625,998.875,264,0,369,371.0
109,-36,XB,XBK7,D1,2017-03-20,1489968000,1004.5,1013.625,998.0,998.0,318,0,442,406.0
110,-35,XB,XBK7,D1,2017-03-21,1490054400,999.125,1007.0,995.125,1000.25,297,0,431,414.0
111,-34,XB,XBK7,D1,2017-03-22,1490140800,1000.5,1003.25,994.25,998.875,260,125,318,397.0
112,-33,XB,XBK7,D1,2017-03-23,1490227200,998.5,1001.5,989.125,989.625,357,125,541,430.0
113,-32,XB,XBK7,D1,2017-03-24,1490313600,990.25,990.75,972.5,975.875,470,125,609,489.0
114,-31,XB,XBK7,D1,2017-03-27,1490572800,975.625,979.0,969.0,970.75,315,0,429,526.0
115,-30,XB,XBK7,D1,2017-03-28,1490659200,971.0,975.875,970.0,970.0,240,0,299,446.0
116,-29,XB,XBK7,D1,2017-03-29,1490745600,970.75,975.375,967.5,969.5,296,0,447,392.0
117,-28,XB,XBK7,D1,2017-03-30,1490832000,969.75,970.25,960.75,962.0,353,125,522,423.0
118,-27,XB,XBK7,D1,2017-03-31,1490918400,962.25,966.625,944.125,944.125,634,125,1027,665.0
119,-26,XB,XBK7,D1,2017-04-03,1491177600,946.0,949.75,937.5,939.5,375,0,496,682.0
120,-25,XB,XBK7,D1,2017-04-04,1491264000,938.75,942.75,937.0,938.5,290,0,355,626.0
121,-24,XB,XBK7,D1,2017-04-05,1491350400,938.0,948.5,937.75,944.375,365,0,540,464.0
122,-23,XB,XBK7,D1,2017-04-06,1491436800,944.0,946.375,938.375,938.75,230,0,338,411.0
123,-22,XB,XBK7,D1,2017-04-07,1491523200,939.5,944.5,937.875,940.5,224,0,316,398.0
124,-21,XB,XBK7,D1,2017-04-10,1491782400,944.0,949.0,939.25,941.25,286,0,411,355.0
125,-20,XB,XBK7,D1,2017-04-11,1491868800,941.625,944.5,929.5,941.75,394,0,558,428.0
126,-19,XB,XBK7,D1,2017-04-12,1491955200,942.375,951.25,941.25,948.875,322,0,423,464.0
127,-18,XB,XBK7,D1,2017-04-13,1492041600,947.375,959.0,947.0,956.5,373,125,562,514.0
128,-17,XB,XBK7,D1,2017-04-14,1492128000,956.5,956.5,956.5,956.5,62,0,62,349.0
129,-16,XB,XBK7,D1,2017-04-17,1492387200,958.0,963.0,951.375,951.375,207,0,278,301.0
130,-15,XB,XBK7,D1,2017-04-18,1492473600,953.25,954.5,939.75,946.5,249,0,310,217.0
131,-14,XB,XBK7,D1,2017-04-19,1492560000,946.0,954.625,944.0,950.25,244,0,319,302.0
132,-13,XB,XBK7,D1,2017-04-20,1492646400,950.0,955.25,946.0,946.75,194,0,250,293.0
133,-12,XB,XBK7,D1,2017-04-21,1492732800,947.0,952.25,945.5,952.0,171,0,275,281.0
134,-11,XB,XBK7,D1,2017-04-24,1492992000,950.5,962.5,950.5,959.25,296,125,397,307.0
135,-10,XB,XBK7,D1,2017-04-25,1493078400,958.5,961.0,954.75,955.5,178,125,301,324.0
90,-53,XB,XBN7,D1,2017-04-26,1493164800,965.25,968.5,955.375,955.5,405,0,546,420.0
91,-52,XB,XBN7,D1,2017-04-27,1493251200,956.5,961.25,955.5,955.5,299,0,391,426.0
92,-51,XB,XBN7,D1,2017-04-28,1493337600,957.0,958.75,952.75,958.125,223,125,272,403.0
93,-50,XB,XBN7,D1,2017-05-01,1493596800,959.0,974.625,959.0,969.875,412,0,679,447.0
94,-49,XB,XBN7,D1,2017-05-02,1493683200,969.0,978.75,965.0,968.5,388,0,528,493.0
95,-48,XB,XBN7,D1,2017-05-03,1493769600,968.5,976.0,967.25,975.25,270,0,390,532.0
96,-47,XB,XBN7,D1,2017-05-04,1493856000,976.0,979.625,970.0,973.625,314,0,442,453.0
97,-46,XB,XBN7,D1,2017-05-05,1493942400,973.25,982.75,968.25,973.25,372,0,523,452.0
98,-45,XB,XBN7,D1,2017-05-08,1494201600,971.5,973.0,962.875,964.625,270,0,430,465.0
99,-44,XB,XBN7,D1,2017-05-09,1494288000,964.75,977.0,964.0,974.0,303,0,451,468.0
100,-43,XB,XBN7,D1,2017-05-10,1494374400,974.0,989.0,966.625,970.25,464,0,735,539.0
101,-42,XB,XBN7,D1,2017-05-11,1494460800,969.5,975.0,962.75,964.25,274,0,392,526.0
102,-41,XB,XBN7,D1,2017-05-12,1494547200,964.5,967.5,960.5,963.75,248,0,301,476.0
103,-40,XB,XBN7,D1,2017-05-15,1494806400,962.25,972.875,961.625,964.25,269,0,325,339.0
104,-39,XB,XBN7,D1,2017-05-16,1494892800,965.0,977.375,964.25,976.0,318,0,398,341.0
105,-38,XB,XBN7,D1,2017-05-17,1494979200,975.5,980.5,973.5,976.375,322,0,433,385.0
106,-37,XB,XBN7,D1,2017-05-18,1495065600,971.125,971.125,943.0,945.875,613,0,836,556.0
107,-36,XB,XBN7,D1,2017-05-19,1495152000,944.5,956.25,944.5,953.0,253,125,401,557.0
108,-35,XB,XBN7,D1,2017-05-22,1495411200,951.625,961.0,951.625,955.875,241,0,322,520.0
109,-34,XB,XBN7,D1,2017-05-23,1495497600,956.0,958.375,947.25,948.75,226,0,294,339.0
110,-33,XB,XBN7,D1,2017-05-24,1495584000,948.25,952.25,943.375,948.0,237,0,288,301.0
111,-32,XB,XBN7,D1,2017-05-25,1495670400,948.0,952.25,937.5,938.5,308,0,361,314.0
112,-31,XB,XBN7,D1,2017-05-26,1495756800,939.75,940.375,925.0,925.375,361,125,485,378.0
113,-30,XB,XBN7,D1,2017-05-28,1495929600,925.375,925.375,925.375,925.375,20,0,20,289.0
114,-29,XB,XBN7,D1,2017-05-29,1496016000,925.375,925.375,925.375,925.375,70,0,70,192.0
115,-28,XB,XBN7,D1,2017-05-30,1496102400,924.5,928.0,910.25,911.375,370,0,495,195.0
116,-27,XB,XBN7,D1,2017-05-31,1496188800,914.0,920.0,910.0,917.375,306,0,361,309.0
117,-26,XB,XBN7,D1,2017-06-01,1496275200,915.75,920.25,911.75,912.5,268,0,326,394.0
118,-25,XB,XBN7,D1,2017-06-02,1496361600,912.125,924.75,910.5,921.5,302,125,368,352.0
119,-24,XB,XBN7,D1,2017-06-05,1496620800,922.875,926.0,918.625,922.0,248,0,359,351.0
120,-23,XB,XBN7,D1,2017-06-06,1496707200,922.0,934.25,921.25,925.75,344,0,457,395.0
121,-22,XB,XBN7,D1,2017-06-07,1496793600,923.5,934.625,923.5,930.25,292,0,381,399.0
122,-21,XB,XBN7,D1,2017-06-08,1496880000,930.0,944.625,930.0,936.75,370,0,500,446.0
123,-20,XB,XBN7,D1,2017-06-09,1496966400,937.0,943.375,933.5,940.875,351,0,525,469.0
124,-19,XB,XBN7,D1,2017-06-12,1497225600,941.0,942.25,930.0,931.25,277,0,317,447.0
125,-18,XB,XBN7,D1,2017-06-13,1497312000,931.875,941.5,931.625,932.625,292,0,379,407.0
126,-17,XB,XBN7,D1,2017-06-14,1497398400,932.0,938.875,930.25,930.25,262,0,355,350.0
127,-16,XB,XBN7,D1,2017-06-15,1497484800,932.0,938.25,925.5,936.25,289,0,385,373.0
128,-15,XB,XBN7,D1,2017-06-16,1497571200,934.875,942.0,932.0,941.25,320,125,521,420.0
129,-14,XB,XBN7,D1,2017-06-19,1497830400,937.25,947.125,935.0,938.25,332,0,508,471.0
130,-13,XB,XBN7,D1,2017-06-20,1497916800,939.0,939.25,926.25,929.0,334,0,615,548.0
131,-12,XB,XBN7,D1,2017-06-21,1498003200,927.75,932.0,917.75,920.0,291,0,415,513.0
132,-11,XB,XBN7,D1,2017-06-22,1498089600,920.125,920.125,903.0,905.5,276,0,378,469.0
133,-10,XB,XBN7,D1,2017-06-23,1498176000,905.5,908.5,900.5,903.25,260,125,361,385.0
134,-9,XB,XBN7,D1,2017-06-26,1498435200,903.75,911.0,903.625,906.5,207,0,325,355.0
135,-8,XB,XBN7,D1,2017-06-27,1498521600,907.25,917.5,907.25,911.5,214,0,323,336.0
136,-7,XB,XBN7,D1,2017-06-28,1498608000,911.0,916.875,911.0,913.75,342,0,542,397.0
137,-6,XB,XBN7,D1,2017-06-29,1498694400,915.75,928.0,914.5,914.5,163,0,280,382.0
138,-5,XB,XBN7,D1,2017-06-30,1498780800,917.5,944.375,917.375,944.375,83,0,190,337.0
37,-25,XB,XBQ7,D1,2017-07-03,1499040000,946.5,980.0,946.5,970.0,297,0,419,365.0
38,-24,XB,XBQ7,D1,2017-07-04,1499126400,970.0,970.0,970.0,970.0,57,9750,57,318.0
39,-23,XB,XBQ7,D1,2017-07-05,1499212800,975.0,986.875,969.5,981.125,178,125,294,257.0
40,-22,XB,XBQ7,D1,2017-07-06,1499299200,982.0,987.5,978.625,985.0,128,0,199,183.0
41,-21,XB,XBQ7,D1,2017-07-07,1499385600,984.5,1003.0,983.5,994.375,278,0,405,299.0
42,-20,XB,XBQ7,D1,2017-07-10,1499644800,1005.25,1029.0,1005.25,1024.5,295,0,418,341.0
43,-19,XB,XBQ7,D1,2017-07-11,1499731200,1025.125,1031.375,1008.0,1027.0,249,0,358,394.0
44,-18,XB,XBQ7,D1,2017-07-12,1499817600,1027.0,1030.75,1011.875,1021.0,158,250,234,337.0
45,-17,XB,XBQ7,D1,2017-07-13,1499904000,1015.5,1015.5,974.625,977.25,180,0,229,274.0
46,-16,XB,XBQ7,D1,2017-07-14,1499990400,974.875,991.25,973.0,990.0,126,375,143,202.0
47,-15,XB,XBQ7,D1,2017-07-17,1500249600,988.375,993.5,982.375,985.375,101,125,120,164.0
48,-14,XB,XBQ7,D1,2017-07-18,1500336000,996.375,1004.0,986.875,988.125,132,0,170,144.0
49,-13,XB,XBQ7,D1,2017-07-19,1500422400,989.5,1002.75,985.0,999.75,132,0,212,167.0
50,-12,XB,XBQ7,D1,2017-07-20,1500508800,1002.25,1016.0,996.0,1013.5,165,125,225,202.0
51,-11,XB,XBQ7,D1,2017-07-21,1500595200,1012.625,1012.75,1002.25,1008.0,114,125,162,200.0
52,-10,XB,XBQ7,D1,2017-07-24,1500854400,997.0,997.5,985.375,997.5,124,0,192,193.0
53,-9,XB,XBQ7,D1,2017-07-25,1500940800,1011.125,1022.0,980.125,980.25,148,0,191,182.0
54,-8,XB,XBQ7,D1,2017-07-26,1501027200,979.0,990.75,973.125,989.75,131,0,228,204.0
55,-7,XB,XBQ7,D1,2017-07-27,1501113600,991.375,1000.0,988.75,993.0,116,0,199,206.0
56,-6,XB,XBQ7,D1,2017-07-28,1501200000,995.0,1004.5,989.0,1002.0,95,375,181,203.0
57,-5,XB,XBQ7,D1,2017-07-31,1501459200,990.0,997.0,986.75,994.5,80,0,167,182.0
58,-4,XB,XBQ7,D1,2017-08-01,1501545600,993.375,993.375,962.0,962.0,68,1375,71,140.0
13,-24,XB,XBU7,D1,2017-08-02,1501632000,963.75,972.0,963.75,970.0,77,125,94,108.0
14,-23,XB,XBU7,D1,2017-08-03,1501718400,967.125,967.125,949.375,953.0,99,375,120,117.0
15,-22,XB,XBU7,D1,2017-08-04,1501804800,950.375,958.0,950.375,953.5,84,0,124,113.0
16,-21,XB,XBU7,D1,2017-08-07,1502064000,955.0,965.25,955.0,962.25,77,125,87,110.0
17,-20,XB,XBU7,D1,2017-08-08,1502150400,972.125,973.125,968.875,971.5,64,375,79,97.0
18,-19,XB,XBU7,D1,2017-08-09,1502236800,967.0,970.0,961.0,970.0,73,625,107,91.0
19,-18,XB,XBU7,D1,2017-08-10,1502323200,967.875,976.875,934.625,936.125,82,0,120,102.0
20,-17,XB,XBU7,D1,2017-08-11,1502409600,936.0,937.875,930.875,936.375,70,500,72,100.0
21,-16,XB,XBU7,D1,2017-08-14,1502668800,934.875,934.875,925.25,930.0,80,375,89,94.0
22,-15,XB,XBU7,D1,2017-08-15,1502755200,932.5,932.5,921.0,923.125,72,125,120,94.0
23,-14,XB,XBU7,D1,2017-08-16,1502841600,919.375,925.0,918.0,922.0,82,0,113,107.0
24,-13,XB,XBU7,D1,2017-08-17,1502928000,922.0,932.0,922.0,930.0,79,500,126,120.0
25,-12,XB,XBU7,D1,2017-08-18,1503014400,927.75,939.0,927.75,937.75,104,125,283,174.0
6,-63,XB,XBX7,D1,2017-08-20,1503187200,930.625,937.0,930.625,936.75,12,0,0,0.0
26,-11,XB,XBU7,D1,2017-08-21,1503273600,936.25,936.25,931.0,934.25,14,625,24,144.0
8,-61,XB,XBX7,D1,2017-08-22,1503360000,935.5,942.25,932.25,935.75,186,0,264,140.0
9,-60,XB,XBX7,D1,2017-08-23,1503446400,943.875,947.25,932.75,937.5,308,0,442,287.0
10,-59,XB,XBX7,D1,2017-08-24,1503532800,937.25,949.0,936.25,946.625,267,0,359,355.0
11,-58,XB,XBX7,D1,2017-08-25,1503619200,946.0,947.25,942.125,944.75,201,125,271,357.0
12,-57,XB,XBX7,D1,2017-08-28,1503878400,943.5,950.25,938.0,940.75,310,0,424,351.0
13,-56,XB,XBX7,D1,2017-08-29,1503964800,940.75,942.25,934.5,936.75,222,0,290,328.0
14,-55,XB,XBX7,D1,2017-08-30,1504051200,936.375,939.75,931.375,932.125,228,0,301,338.0
15,-54,XB,XBX7,D1,2017-08-31,1504137600,932.25,948.5,932.25,945.0,419,0,519,370.0
16,-53,XB,XBX7,D1,2017-09-01,1504224000,945.0,952.0,943.25,950.5,280,0,378,399.0
17,-52,XB,XBX7,D1,2017-09-03,1504396800,950.5,950.5,950.5,950.5,8,0,8,302.0
18,-51,XB,XBX7,D1,2017-09-04,1504483200,950.5,950.5,950.5,950.5,4,0,4,130.0
19,-50,XB,XBX7,D1,2017-09-05,1504569600,953.0,973.125,952.5,968.375,599,0,795,269.0
20,-49,XB,XBX7,D1,2017-09-06,1504656000,966.5,976.875,965.375,970.0,417,0,531,443.0
21,-48,XB,XBX7,D1,2017-09-07,1504742400,970.5,977.375,966.0,967.625,349,0,541,622.0
22,-47,XB,XBX7,D1,2017-09-08,1504828800,968.0,976.0,960.5,962.0,325,0,548,540.0
23,-46,XB,XBX7,D1,2017-09-11,1505088000,963.5,968.75,957.0,960.125,237,0,338,476.0
24,-45,XB,XBX7,D1,2017-09-12,1505174400,960.25,965.5,938.5,949.0,391,0,601,496.0
25,-44,XB,XBX7,D1,2017-09-13,1505260800,950.0,962.75,947.25,961.25,270,0,353,431.0
26,-43,XB,XBX7,D1,2017-09-14,1505347200,961.375,978.125,961.25,976.5,559,0,969,641.0
27,-42,XB,XBX7,D1,2017-09-15,1505433600,975.5,977.5,967.5,968.375,342,125,638,653.0
1,-83,XB,XBF8,D1,2017-09-17,1505606400,960.0,970.0,960.0,970.0,7,9000,0,0.0
28,-41,XB,XBX7,D1,2017-09-18,1505692800,967.0,976.125,967.0,968.0,284,0,423,677.0
29,-40,XB,XBX7,D1,2017-09-19,1505779200,968.75,970.75,958.375,966.25,292,0,390,484.0
30,-39,XB,XBX7,D1,2017-09-20,1505865600,966.0,973.875,964.5,970.0,234,0,351,388.0
31,-38,XB,XBX7,D1,2017-09-21,1505952000,970.0,972.625,963.5,969.25,244,0,401,381.0
32,-37,XB,XBX7,D1,2017-09-22,1506038400,969.5,986.875,969.5,983.5,839,125,1247,666.0
33,-36,XB,XBX7,D1,2017-09-25,1506297600,983.0,985.75,970.75,972.625,380,0,564,737.0
34,-35,XB,XBX7,D1,2017-09-26,1506384000,971.0,974.5,962.125,962.125,322,0,474,762.0
35,-34,XB,XBX7,D1,2017-09-27,1506470400,963.0,968.5,958.0,965.0,322,0,555,531.0
36,-33,XB,XBX7,D1,2017-09-28,1506556800,962.625,966.0,957.25,959.0,251,0,366,465.0
37,-32,XB,XBX7,D1,2017-09-29,1506643200,959.0,976.125,949.25,965.875,679,0,963,628.0
38,-31,XB,XBX7,D1,2017-10-02,1506902400,967.25,967.5,954.25,956.0,331,0,472,600.0
39,-30,XB,XBX7,D1,2017-10-03,1506988800,956.75,960.875,952.625,955.0,282,0,369,601.0
40,-29,XB,XBX7,D1,2017-10-04,1507075200,955.0,961.5,953.0,957.125,295,0,367,403.0
41,-28,XB,XBX7,D1,2017-10-05,1507161600,958.0,970.75,958.0,968.0,490,0,705,480.0
42,-27,XB,XBX7,D1,2017-10-06,1507248000,968.0,973.125,963.5,972.875,373,0,456,509.0
43,-26,XB,XBX7,D1,2017-10-09,1507507200,974.0,976.5,965.5,965.5,354,0,518,560.0
44,-25,XB,XBX7,D1,2017-10-10,1507593600,966.5,975.25,964.125,965.375,386,0,491,488.0
45,-24,XB,XBX7,D1,2017-10-11,1507680000,965.75,967.0,963.75,965.375,318,0,411,473.0
46,-23,XB,XBX7,D1,2017-10-12,1507766400,964.75,997.0,954.125,991.0,1200,0,2160,1021.0
47,-22,XB,XBX7,D1,2017-10-13,1507852800,990.875,1003.25,990.25,1000.0,955,0,1264,1278.0
48,-21,XB,XBX7,D1,2017-10-16,1508112000,998.125,998.75,990.25,990.625,490,0,658,1361.0
49,-20,XB,XBX7,D1,2017-10-17,1508198400,990.0,990.5,982.75,984.5,411,0,602,841.0
50,-19,XB,XBX7,D1,2017-10-18,1508284800,984.75,988.0,982.0,983.5,349,0,433,564.0
51,-18,XB,XBX7,D1,2017-10-19,1508371200,983.75,989.25,983.25,985.625,468,0,673,569.0
52,-17,XB,XBX7,D1,2017-10-20,1508457600,985.0,993.875,976.5,976.5,529,0,708,605.0
53,-16,XB,XBX7,D1,2017-10-23,1508716800,977.125,982.875,975.0,978.25,495,0,698,693.0
54,-15,XB,XBX7,D1,2017-10-24,1508803200,980.0,982.75,972.75,976.0,558,0,874,760.0
55,-14,XB,XBX7,D1,2017-10-25,1508889600,975.5,983.0,974.375,975.5,462,0,657,743.0
56,-13,XB,XBX7,D1,2017-10-26,1508976000,975.25,978.5,970.0,970.25,431,0,599,710.0
57,-12,XB,XBX7,D1,2017-10-27,1509062400,971.0,976.5,969.875,974.875,491,0,798,685.0
58,-11,XB,XBX7,D1,2017-10-30,1509321600,977.0,980.75,971.0,971.0,337,0,584,660.0
59,-10,XB,XBX7,D1,2017-10-31,1509408000,973.75,977.75,972.0,973.75,114,0,167,516.0
34,-50,XB,XBF8,D1,2017-11-01,1509494400,984.25,995.0,984.0,990.25,410,0,593,560.0
35,-49,XB,XBF8,D1,2017-11-02,1509580800,990.25,1000.0,990.25,998.125,474,0,640,579.0
36,-48,XB,XBF8,D1,2017-11-03,1509667200,998.5,998.625,985.625,986.0,329,0,446,560.0
37,-47,XB,XBF8,D1,2017-11-06,1509926400,986.75,995.875,985.125,993.625,268,0,386,491.0
38,-46,XB,XBF8,D1,2017-11-07,1510012800,994.0,998.5,991.25,995.5,271,125,392,408.0
39,-45,XB,XBF8,D1,2017-11-08,1510099200,995.875,999.0,994.75,997.75,290,0,408,395.0
40,-44,XB,XBF8,D1,2017-11-09,1510185600,998.0,1008.0,983.5,985.5,668,0,872,557.0
41,-43,XB,XBF8,D1,2017-11-10,1510272000,985.25,990.875,983.875,986.0,211,0,286,522.0
42,-42,XB,XBF8,D1,2017-11-13,1510531200,986.875,990.0,973.875,974.5,308,0,423,527.0
43,-41,XB,XBF8,D1,2017-11-14,1510617600,974.5,977.25,967.0,967.75,257,0,348,352.0
44,-40,XB,XBF8,D1,2017-11-15,1510704000,969.0,977.75,967.875,977.25,233,0,353,375.0
45,-39,XB,XBF8,D1,2017-11-16,1510790400,976.0,978.0,970.375,972.75,210,0,285,329.0
46,-38,XB,XBF8,D1,2017-11-17,1510876800,972.0,992.75,972.0,991.5,451,0,754,464.0
2,-91,XB,XBH8,D1,2017-11-19,1511049600,982.0,983.0,982.0,983.0,9,18000,0,0.0
47,-37,XB,XBF8,D1,2017-11-20,1511136000,989.0,991.25,983.25,989.875,252,0,350,463.0
48,-36,XB,XBF8,D1,2017-11-21,1511222400,989.5,991.375,986.5,988.5,245,125,361,488.0
49,-35,XB,XBF8,D1,2017-11-22,1511308800,988.0,999.375,986.875,996.75,536,0,755,489.0
50,-34,XB,XBF8,D1,2017-11-23,1511395200,996.75,996.75,996.75,996.75,4,3875,4,373.0
51,-33,XB,XBF8,D1,2017-11-24,1511481600,995.625,999.625,990.875,991.75,179,0,251,337.0
8,-85,XB,XBH8,D1,2017-11-26,1511654400,994.25,994.25,994.25,994.25,5,10500,0,0.0
52,-32,XB,XBF8,D1,2017-11-27,1511740800,993.5,1001.375,991.25,996.25,404,0,559,271.0
53,-31,XB,XBF8,D1,2017-11-28,1511827200,995.625,995.625,987.5,993.375,236,125,419,410.0
54,-30,XB,XBF8,D1,2017-11-29,1511913600,993.0,996.125,989.5,992.125,283,0,401,460.0
55,-29,XB,XBF8,D1,2017-11-30,1512000000,992.625,993.0,984.75,987.25,327,0,414,411.0
56,-28,XB,XBF8,D1,2017-12-01,1512086400,985.5,995.875,985.125,994.875,394,0,540,452.0
14,-79,XB,XBH8,D1,2017-12-03,1512259200,996.5,996.5,996.5,996.5,8,9500,0,0.0
57,-27,XB,XBF8,D1,2017-12-04,1512345600,997.25,1008.0,997.0,997.75,733,0,1020,658.0
58,-26,XB,XBF8,D1,2017-12-05,1512432000,998.0,1015.0,997.75,1007.25,862,0,1118,893.0
59,-25,XB,XBF8,D1,2017-12-06,1512518400,1008.0,1014.125,995.375,1003.25,508,0,698,945.0
60,-24,XB,XBF8,D1,2017-12-07,1512604800,1002.75,1006.125,988.5,991.25,342,0,499,772.0
61,-23,XB,XBF8,D1,2017-12-08,1512691200,991.25,996.0,985.875,991.125,343,125,499,565.0
20,-73,XB,XBH8,D1,2017-12-10,1512864000,997.25,997.25,997.25,997.25,3,15750,0,0.0
62,-22,XB,XBF8,D1,2017-12-11,1512950400,988.0,988.375,981.75,981.75,292,0,389,462.0
63,-21,XB,XBF8,D1,2017-12-12,1513036800,981.25,986.0,975.25,975.25,362,0,482,457.0
64,-20,XB,XBF8,D1,2017-12-13,1513123200,975.75,980.25,975.75,979.125,232,0,322,398.0
65,-19,XB,XBF8,D1,2017-12-14,1513209600,979.25,982.0,966.5,967.5,277,125,427,410.0
66,-18,XB,XBF8,D1,2017-12-15,1513296000,968.0,972.0,964.25,968.75,266,0,418,389.0
67,-17,XB,XBF8,D1,2017-12-18,1513555200,969.5,970.5,957.375,962.25,387,0,617,487.0
68,-16,XB,XBF8,D1,2017-12-19,1513641600,961.875,963.375,954.875,955.75,234,125,314,450.0
69,-15,XB,XBF8,D1,2017-12-20,1513728000,956.0,960.0,952.25,953.5,304,0,473,468.0
70,-14,XB,XBF8,D1,2017-12-21,1513814400,954.0,956.0,947.5,948.25,227,0,339,375.0
71,-13,XB,XBF8,D1,2017-12-22,1513900800,947.75,951.25,946.375,950.75,111,125,196,336.0
72,-12,XB,XBF8,D1,2017-12-25,1514160000,950.75,950.75,950.75,950.75,4,0,4,180.0
32,-61,XB,XBH8,D1,2017-12-26,1514246400,965.25,973.5,962.75,969.125,273,125,406,201.0
33,-60,XB,XBH8,D1,2017-12-27,1514332800,975.0,975.75,965.5,966.25,250,0,365,258.0
34,-59,XB,XBH8,D1,2017-12-28,1514419200,967.0,967.5,955.0,955.0,334,125,452,408.0
35,-58,XB,XBH8,D1,2017-12-29,1514505600,956.0,963.25,955.0,962.0,385,125,500,439.0
36,-57,XB,XBH8,D1,2018-01-01,1514764800,962.0,962.0,962.0,962.0,4,0,4,319.0
37,-56,XB,XBH8,D1,2018-01-02,1514851200,966.75,970.25,959.0,965.5,316,0,392,299.0
38,-55,XB,XBH8,D1,2018-01-03,1514937600,966.625,970.0,964.0,968.125,218,0,270,222.0
39,-54,XB,XBH8,D1,2018-01-04,1515024000,968.25,968.75,959.125,967.25,300,125,345,336.0
40,-53,XB,XBH8,D1,2018-01-05,1515110400,967.5,976.75,967.5,968.25,386,125,473,363.0
41,-52,XB,XBH8,D1,2018-01-08,1515369600,969.75,971.25,960.0,964.75,350,0,467,428.0
42,-51,XB,XBH8,D1,2018-01-09,1515456000,966.0,968.0,960.875,962.25,251,0,333,424.0
43,-50,XB,XBH8,D1,2018-01-10,1515542400,962.75,963.0,951.75,953.625,351,0,434,411.0
44,-49,XB,XBH8,D1,2018-01-11,1515628800,953.5,957.0,947.5,947.625,360,0,503,423.0
45,-48,XB,XBH8,D1,2018-01-12,1515715200,949.0,962.875,944.75,962.875,674,0,868,602.0
46,-47,XB,XBH8,D1,2018-01-14,1515888000,962.875,962.875,962.875,962.875,4,0,4,458.0
47,-46,XB,XBH8,D1,2018-01-15,1515974400,962.875,962.875,962.875,962.875,4,0,4,292.0
48,-45,XB,XBH8,D1,2018-01-16,1516060800,964.75,969.875,963.5,965.875,494,0,613,207.0
49,-44,XB,XBH8,D1,2018-01-17,1516147200,966.5,969.25,961.25,968.75,342,0,478,365.0
50,-43,XB,XBH8,D1,2018-01-18,1516233600,968.5,974.625,966.5,971.5,364,0,442,511.0
51,-42,XB,XBH8,D1,2018-01-19,1516320000,972.0,982.875,972.0,974.375,717,125,919,613.0
7,-101,XB,XBK8,D1,2018-01-21,1516492800,948.0,948.0,948.0,948.0,4,40500,0,0.0
52,-41,XB,XBH8,D1,2018-01-22,1516579200,979.25,987.125,979.25,983.0,554,0,740,700.0
53,-40,XB,XBH8,D1,2018-01-23,1516665600,983.125,988.375,979.625,985.75,468,0,664,774.0
54,-39,XB,XBH8,D1,2018-01-24,1516752000,986.0,994.5,980.875,989.875,659,0,875,760.0
55,-38,XB,XBH8,D1,2018-01-25,1516838400,991.5,1001.5,987.5,990.25,1078,0,1439,993.0
56,-37,XB,XBH8,D1,2018-01-26,1516924800,990.25,995.625,984.0,985.0,404,0,541,952.0
13,-95,XB,XBK8,D1,2018-01-28,1517097600,995.0,995.0,995.0,995.0,4,4000,0,0.0
57,-36,XB,XBH8,D1,2018-01-29,1517184000,990.5,998.625,986.375,990.375,680,0,979,986.0
58,-35,XB,XBH8,D1,2018-01-30,1517270400,993.5,1004.5,989.0,998.625,732,0,918,813.0
59,-34,XB,XBH8,D1,2018-01-31,1517356800,1000.0,1001.5,989.0,995.5,525,0,772,890.0
60,-33,XB,XBH8,D1,2018-02-01,1517443200,995.0,995.0,977.625,984.375,784,125,1293,994.0
61,-32,XB,XBH8,D1,2018-02-02,1517529600,985.375,986.0,977.375,977.375,209,125,271,779.0
62,-31,XB,XBH8,D1,2018-02-05,1517788800,976.875,977.25,969.5,969.625,289,0,382,649.0
63,-30,XB,XBH8,D1,2018-02-06,1517875200,969.0,987.375,968.0,986.25,445,0,652,435.0
64,-29,XB,XBH8,D1,2018-02-07,1517961600,988.0,993.5,982.125,983.25,395,0,546,527.0
65,-28,XB,XBH8,D1,2018-02-08,1518048000,981.25,995.75,978.25,986.75,653,0,937,712.0
66,-27,XB,XBH8,D1,2018-02-09,1518134400,987.25,989.625,979.875,984.25,320,125,490,658.0
67,-26,XB,XBH8,D1,2018-02-12,1518393600,994.0,1004.125,990.5,1000.0,891,0,1302,910.0
68,-25,XB,XBH8,D1,2018-02-13,1518480000,1000.25,1013.125,998.75,1010.5,956,0,1343,1045.0
69,-24,XB,XBH8,D1,2018-02-14,1518566400,1011.0,1019.25,1006.375,1016.0,747,0,1097,1247.0
70,-23,XB,XBH8,D1,2018-02-15,1518652800,1016.5,1024.75,1015.625,1020.375,657,0,956,1132.0
71,-22,XB,XBH8,D1,2018-02-16,1518739200,1023.0,1028.0,1012.625,1018.0,594,0,833,962.0
72,-21,XB,XBH8,D1,2018-02-18,1518912000,1018.0,1018.0,1018.0,1018.0,1,8000,1,597.0
73,-20,XB,XBH8,D1,2018-02-19,1518998400,1018.0,1018.0,1018.0,1018.0,1,0,1,278.0
74,-19,XB,XBH8,D1,2018-02-20,1519084800,1028.0,1038.375,1024.875,1025.0,682,0,1147,383.0
75,-18,XB,XBH8,D1,2018-02-21,1519171200,1026.75,1038.0,1019.625,1033.5,403,0,738,629.0
76,-17,XB,XBH8,D1,2018-02-22,1519257600,1033.5,1036.625,1027.625,1031.625,197,125,461,782.0
34,-74,XB,XBK8,D1,2018-02-23,1519344000,1042.0,1050.5,1039.625,1048.75,624,125,1034,780.0
35,-73,XB,XBK8,D1,2018-02-26,1519603200,1052.75,1059.5,1045.0,1045.625,667,0,996,845.0
36,-72,XB,XBK8,D1,2018-02-27,1519689600,1046.125,1055.5,1043.625,1048.75,631,0,1004,1011.0
37,-71,XB,XBK8,D1,2018-02-28,1519776000,1049.0,1059.0,1047.25,1055.0,491,0,813,938.0
38,-70,XB,XBK8,D1,2018-03-01,1519862400,1053.0,1068.625,1050.75,1066.0,920,0,1607,1141.0
39,-69,XB,XBK8,D1,2018-03-02,1519948800,1066.5,1082.375,1064.0,1069.625,703,0,1276,1232.0
40,-68,XB,XBK8,D1,2018-03-03,1520035200,1069.625,1069.625,1069.625,1069.625,1,0,1,961.0
41,-67,XB,XBK8,D1,2018-03-04,1520121600,1069.625,1069.625,1069.625,1069.625,2,0,2,426.0
52,-121,XB,XBN8,D1,2018-03-05,1520208000,1081.125,1087.0,1075.0,1085.75,13062,0,167,331.0
43,-65,XB,XBK8,D1,2018-03-06,1520294400,1077.0,1077.5,1071.125,1074.0,372,0,516,413.0
44,-64,XB,XBK8,D1,2018-03-07,1520380800,1072.125,1077.125,1063.25,1063.25,449,0,652,630.0
45,-63,XB,XBK8,D1,2018-03-08,1520467200,1063.0,1069.25,1056.875,1061.0,664,0,1065,744.0
46,-62,XB,XBK8,D1,2018-03-09,1520553600,1062.375,1064.75,1036.25,1037.0,612,0,1169,962.0
47,-61,XB,XBK8,D1,2018-03-10,1520640000,1037.0,1037.0,1037.0,1037.0,4,0,4,746.0
48,-60,XB,XBK8,D1,2018-03-11,1520726400,1037.0,1037.0,1037.0,1037.0,3,0,3,392.0
49,-59,XB,XBK8,D1,2018-03-12,1520812800,1035.75,1044.125,1032.25,1042.125,499,0,786,264.0
50,-58,XB,XBK8,D1,2018-03-13,1520899200,1040.25,1051.75,1040.25,1047.25,361,0,588,459.0
51,-57,XB,XBK8,D1,2018-03-14,1520985600,1047.875,1054.0,1030.625,1030.625,630,0,1189,854.0
52,-56,XB,XBK8,D1,2018-03-15,1521072000,1030.375,1045.25,1028.0,1040.125,513,0,837,871.0
53,-55,XB,XBK8,D1,2018-03-16,1521158400,1041.0,1049.875,1040.75,1046.0,312,125,475,834.0
54,-54,XB,XBK8,D1,2018-03-17,1521244800,1046.0,1046.0,1046.0,1046.0,3,0,3,438.0
55,-53,XB,XBK8,D1,2018-03-18,1521331200,1046.0,1046.0,1046.0,1046.0,2,0,2,160.0
56,-52,XB,XBK8,D1,2018-03-19,1521417600,1046.0,1046.0,1022.0,1023.375,460,0,768,258.0
57,-51,XB,XBK8,D1,2018-03-20,1521504000,1022.5,1029.5,1022.5,1027.5,205,0,274,348.0
58,-50,XB,XBK8,D1,2018-03-21,1521590400,1028.5,1037.0,1024.875,1030.125,306,0,522,521.0
59,-49,XB,XBK8,D1,2018-03-22,1521676800,1031.0,1035.125,1021.875,1027.5,317,0,456,417.0
60,-48,XB,XBK8,D1,2018-03-23,1521763200,1027.625,1034.0,1009.625,1028.0,670,0,1260,746.0
61,-47,XB,XBK8,D1,2018-03-24,1521849600,1028.0,1028.0,1028.0,1028.0,4,0,4,573.0
62,-46,XB,XBK8,D1,2018-03-25,1521936000,1028.0,1028.0,1028.0,1028.0,2,0,2,422.0
63,-45,XB,XBK8,D1,2018-03-26,1522022400,1026.25,1039.625,1025.0,1025.5,404,0,515,174.0
64,-44,XB,XBK8,D1,2018-03-27,1522108800,1026.5,1030.5,1017.5,1018.625,267,125,361,293.0
65,-43,XB,XBK8,D1,2018-03-28,1522195200,1019.375,1022.25,1015.25,1016.5,284,0,392,423.0
66,-42,XB,XBK8,D1,2018-03-29,1522281600,1018.75,1050.125,1012.75,1042.875,961,125,1810,854.0
67,-41,XB,XBK8,D1,2018-03-30,1522368000,1042.875,1042.875,1042.875,1042.875,1,2000,2,735.0
68,-40,XB,XBK8,D1,2018-03-31,1522454400,1042.875,1042.875,1042.875,1042.875,3,0,6,606.0
77,-96,XB,XBN8,D1,2018-04-01,1522540800,1056.75,1056.75,1056.75,1056.75,2,5000,8,8.0
70,-38,XB,XBK8,D1,2018-04-02,1522627200,1044.75,1060.375,1034.25,1034.375,503,0,753,254.0
71,-37,XB,XBK8,D1,2018-04-03,1522713600,1035.5,1048.75,1035.5,1037.0,401,0,748,502.0
72,-36,XB,XBK8,D1,2018-04-04,1522800000,1038.625,1041.25,983.375,1016.375,1781,0,3667,1723.0
73,-35,XB,XBK8,D1,2018-04-05,1522886400,1015.0,1033.5,1013.0,1029.125,530,0,938,1784.0
74,-34,XB,XBK8,D1,2018-04-06,1522972800,1008.375,1037.0,1002.75,1034.125,621,0,1079,1895.0
75,-33,XB,XBK8,D1,2018-04-07,1523059200,1034.125,1034.125,1034.125,1034.125,2,0,2,673.0
76,-32,XB,XBK8,D1,2018-04-08,1523145600,1034.125,1034.125,1034.125,1034.125,2,0,2,361.0
77,-31,XB,XBK8,D1,2018-04-09,1523232000,1036.25,1056.625,1036.0,1047.625,479,0,672,225.0
78,-30,XB,XBK8,D1,2018-04-10,1523318400,1046.0,1064.0,1045.5,1049.0,655,0,1240,638.0
79,-29,XB,XBK8,D1,2018-04-11,1523404800,1050.75,1058.25,1047.0,1047.0,361,0,506,806.0
80,-28,XB,XBK8,D1,2018-04-12,1523491200,1047.5,1061.5,1046.75,1058.5,290,0,442,729.0
81,-27,XB,XBK8,D1,2018-04-13,1523577600,1060.0,1067.125,1051.625,1052.625,339,0,479,476.0
82,-26,XB,XBK8,D1,2018-04-14,1523664000,1052.625,1052.625,1052.625,1052.625,3,6875,3,308.0
83,-25,XB,XBK8,D1,2018-04-15,1523750400,1052.625,1052.625,1052.625,1052.625,5,0,5,162.0
84,-24,XB,XBK8,D1,2018-04-16,1523836800,1053.75,1058.75,1041.625,1042.0,232,0,341,116.0
85,-23,XB,XBK8,D1,2018-04-17,1523923200,1044.75,1049.25,1040.0,1046.125,130,125,173,173.0
86,-22,XB,XBK8,D1,2018-04-18,1524009600,1046.0,1052.25,1039.5,1041.75,216,125,319,278.0
87,-21,XB,XBK8,D1,2018-04-19,1524096000,1042.0,1043.875,1032.875,1036.25,127,125,162,218.0
88,-20,XB,XBK8,D1,2018-04-20,1524182400,1037.25,1037.25,1028.25,1029.0,163,125,285,255.0
89,-19,XB,XBK8,D1,2018-04-22,1524355200,1029.0,1029.0,1029.0,1029.0,1,28000,1,149.0
98,-75,XB,XBN8,D1,2018-04-23,1524441600,1040.0,1044.75,1029.125,1030.5,18869,0,343,194.0
99,-74,XB,XBN8,D1,2018-04-24,1524528000,1032.125,1037.5,1028.0,1033.125,20357,0,286,210.0
100,-73,XB,XBN8,D1,2018-04-25,1524614400,1034.875,1044.5,1033.0,1038.25,6708,0,383,337.0
101,-72,XB,XBN8,D1,2018-04-26,1524700800,1039.0,1046.5,1035.75,1037.5,272,0,401,357.0
102,-71,XB,XBN8,D1,2018-04-27,1524787200,1040.0,1058.0,1030.75,1056.5,495,0,908,564.0
103,-70,XB,XBN8,D1,2018-04-28,1524873600,1056.5,1056.5,1056.5,1056.5,1,3500,2,437.0
104,-69,XB,XBN8,D1,2018-04-29,1524960000,1056.5,1056.5,1056.5,1056.5,3,3500,6,305.0
105,-68,XB,XBN8,D1,2018-04-30,1525046400,1056.0,1067.0,1047.0,1047.5,417,0,666,225.0
106,-67,XB,XBN8,D1,2018-05-01,1525132800,1048.5,1055.375,1041.5,1051.875,267,0,451,374.0
107,-66,XB,XBN8,D1,2018-05-02,1525219200,1053.25,1054.75,1039.5,1042.5,250,0,371,496.0
108,-65,XB,XBN8,D1,2018-05-03,1525305600,1042.25,1055.25,1034.25,1053.0,298,0,474,432.0
109,-64,XB,XBN8,D1,2018-05-04,1525392000,1052.375,1052.5,1036.0,1036.0,225,125,301,382.0
110,-63,XB,XBN8,D1,2018-05-05,1525478400,1036.0,1036.0,1036.0,1036.0,2,0,2,259.0
111,-62,XB,XBN8,D1,2018-05-06,1525564800,1036.0,1036.0,1036.0,1036.0,2,10000,2,102.0
5,-151,XB,XBX18,D1,2018-05-07,1525651200,1030.625,1036.875,1016.75,1020.0,20834,0,260,208.0
113,-60,XB,XBN8,D1,2018-05-08,1525737600,1012.125,1022.75,1011.0,1019.5,282,0,385,260.0
114,-59,XB,XBN8,D1,2018-05-09,1525824000,1022.0,1024.375,1011.5,1015.25,153,0,200,326.0
115,-58,XB,XBN8,D1,2018-05-10,1525910400,1015.125,1035.0,1014.375,1017.0,317,0,479,355.0
116,-57,XB,XBN8,D1,2018-05-11,1525996800,1020.0,1022.25,1002.0,1003.75,274,125,381,353.0
117,-56,XB,XBN8,D1,2018-05-12,1526083200,1003.75,1003.75,1003.75,1003.75,2,3250,2,287.0
118,-55,XB,XBN8,D1,2018-05-13,1526169600,1003.75,1003.75,1003.75,1003.75,2,3250,2,128.0
10,-146,XB,XBX18,D1,2018-05-14,1526256000,1019.125,1028.25,1015.25,1023.25,7039,0,92,163.0
120,-53,XB,XBN8,D1,2018-05-15,1526342400,1018.25,1025.25,1005.25,1016.625,278,0,425,290.0
121,-52,XB,XBN8,D1,2018-05-16,1526428800,1018.625,1018.625,998.375,999.0,265,0,304,390.0
122,-51,XB,XBN8,D1,2018-05-17,1526515200,1000.0,1007.0,992.5,992.75,322,0,394,374.0
123,-50,XB,XBN8,D1,2018-05-18,1526601600,994.0,1007.25,993.0,997.75,346,0,455,384.0
124,-49,XB,XBN8,D1,2018-05-20,1526774400,997.75,997.75,997.75,997.75,1,8625,1,283.0
125,-48,XB,XBN8,D1,2018-05-21,1526860800,1013.25,1026.75,1012.0,1023.0,497,0,704,387.0
126,-47,XB,XBN8,D1,2018-05-22,1526947200,1023.125,1035.875,1020.25,1028.75,320,0,483,396.0
127,-46,XB,XBN8,D1,2018-05-23,1527033600,1030.25,1039.5,1027.75,1037.5,289,0,409,532.0
128,-45,XB,XBN8,D1,2018-05-24,1527120000,1038.0,1050.5,1035.5,1036.25,402,0,574,489.0
129,-44,XB,XBN8,D1,2018-05-25,1527206400,1037.25,1044.0,1032.0,1041.375,194,0,277,420.0
130,-43,XB,XBN8,D1,2018-05-27,1527379200,1041.375,1041.375,1041.375,1041.375,5,4000,5,285.0
131,-42,XB,XBN8,D1,2018-05-28,1527465600,1041.375,1041.375,1041.375,1041.375,5,0,5,96.0
20,-136,XB,XBX18,D1,2018-05-29,1527552000,1057.75,1060.0,1040.0,1044.75,49606,0,569,448.0
21,-135,XB,XBX18,D1,2018-05-30,1527638400,1042.5,1042.5,1029.5,1036.5,24068,0,162,314.0
134,-39,XB,XBN8,D1,2018-05-31,1527724800,1023.25,1031.0,1013.0,1019.5,220,0,287,381.0
135,-38,XB,XBN8,D1,2018-06-01,1527811200,1018.75,1026.0,1015.0,1024.25,262,125,337,341.0
136,-37,XB,XBN8,D1,2018-06-02,1527897600,1024.25,1024.25,1024.25,1024.25,1,0,1,208.0
137,-36,XB,XBN8,D1,2018-06-03,1527984000,1024.25,1024.25,1024.25,1024.25,2,5500,2,113.0
24,-132,XB,XBX18,D1,2018-06-04,1528070400,1029.0,1035.625,1019.25,1020.375,25064,0,142,118.0
139,-34,XB,XBN8,D1,2018-06-05,1528156800,1002.0,1006.125,997.25,1002.125,306,0,378,219.0
140,-33,XB,XBN8,D1,2018-06-06,1528243200,1001.25,1008.25,993.625,994.875,244,0,301,319.0
141,-32,XB,XBN8,D1,2018-06-07,1528329600,994.125,997.875,973.0,973.25,445,0,523,401.0
142,-31,XB,XBN8,D1,2018-06-08,1528416000,974.25,975.75,962.625,969.5,398,0,495,440.0
143,-30,XB,XBN8,D1,2018-06-09,1528502400,969.5,969.5,969.5,969.5,1,0,2,340.0
144,-29,XB,XBN8,D1,2018-06-10,1528588800,969.5,969.5,969.5,969.5,1,10000,2,166.0
29,-127,XB,XBX18,D1,2018-06-11,1528675200,989.75,991.25,973.0,974.0,7,0,309,274.0
30,-126,XB,XBX18,D1,2018-06-12,1528761600,976.375,985.75,972.0,974.375,26347,0,298,285.0
147,-26,XB,XBN8,D1,2018-06-13,1528848000,954.125,957.375,934.25,936.0,302,0,372,409.0
148,-25,XB,XBN8,D1,2018-06-14,1528934400,934.25,938.0,924.0,926.0,333,0,435,421.0
149,-24,XB,XBN8,D1,2018-06-15,1529020800,925.625,929.125,903.25,905.5,510,0,666,491.0
150,-23,XB,XBN8,D1,2018-06-16,1529107200,905.5,905.5,905.5,905.5,5,0,10,370.0
151,-22,XB,XBN8,D1,2018-06-17,1529193600,905.5,905.5,905.5,905.5,1,24000,2,226.0
34,-122,XB,XBX18,D1,2018-06-18,1529280000,928.0,936.0,923.0,930.625,22863,0,328,455.0
35,-121,XB,XBX18,D1,2018-06-19,1529366400,931.75,931.75,865.125,910.75,163504,0,892,647.0
154,-19,XB,XBN8,D1,2018-06-20,1529452800,887.5,897.0,877.25,887.5,280,0,425,745.0
155,-18,XB,XBN8,D1,2018-06-21,1529539200,889.25,890.5,878.0,878.0,271,0,314,703.0
156,-17,XB,XBN8,D1,2018-06-22,1529625600,880.0,897.5,880.0,896.875,232,125,345,361.0
157,-16,XB,XBN8,D1,2018-06-23,1529712000,896.875,896.875,896.875,896.875,2,0,4,221.0
158,-15,XB,XBN8,D1,2018-06-24,1529798400,896.875,896.875,896.875,896.875,2,0,4,118.0
39,-117,XB,XBX18,D1,2018-06-25,1529884800,917.75,920.0,893.125,894.375,47925,0,502,343.0
40,-116,XB,XBX18,D1,2018-06-26,1529971200,895.0,901.25,883.125,888.0,33920,0,489,437.0
41,-115,XB,XBX18,D1,2018-06-27,1530057600,888.125,898.0,887.0,887.0,34047,0,451,481.0
42,-114,XB,XBX18,D1,2018-06-28,1530144000,888.25,891.75,881.5,883.25,26786,0,428,456.0
43,-113,XB,XBX18,D1,2018-06-29,1530230400,884.25,897.75,878.875,880.25,74565,0,642,507.0
164,-9,XB,XBN8,D1,2018-06-30,1530316800,866.875,866.875,866.875,866.875,9,0,9,79.0
165,-8,XB,XBN8,D1,2018-07-01,1530403200,866.875,866.875,866.875,866.875,3,0,3,26.0
44,-112,XB,XBX18,D1,2018-07-02,1530489600,880.75,884.5,866.5,867.5,40422,0,429,500.0
45,-111,XB,XBX18,D1,2018-07-03,1530576000,871.75,873.25,862.25,867.375,20105,0,285,452.0
46,-110,XB,XBX18,D1,2018-07-05,1530748800,864.25,867.25,852.75,852.75,34115,0,310,341.0
47,-109,XB,XBX18,D1,2018-07-06,1530835200,853.75,897.0,853.5,894.125,101867,0,886,494.0
170,-3,XB,XBN8,D1,2018-07-08,1531008000,857.0,857.0,857.0,857.0,4,0,8,6.0
48,-108,XB,XBX18,D1,2018-07-09,1531094400,892.25,897.0,866.875,871.25,48452,0,513,570.0
49,-107,XB,XBX18,D1,2018-07-10,1531180800,871.625,880.375,862.25,869.75,32430,0,411,603.0
50,-106,XB,XBX18,D1,2018-07-11,1531267200,866.875,866.875,847.25,848.5,39576,0,558,494.0
51,-105,XB,XBX18,D1,2018-07-12,1531353600,850.125,856.25,837.0,848.0,99703,0,783,584.0
52,-104,XB,XBX18,D1,2018-07-13,1531440000,850.375,853.0,827.0,832.125,67348,0,795,712.0
53,-103,XB,XBX18,D1,2018-07-16,1531699200,834.25,853.75,826.25,846.75,48811,0,695,758.0
54,-102,XB,XBX18,D1,2018-07-17,1531785600,850.0,859.75,846.0,855.0,49429,0,571,687.0
55,-101,XB,XBX18,D1,2018-07-18,1531872000,855.0,863.125,850.75,857.0,33396,0,381,549.0
56,-100,XB,XBX18,D1,2018-07-19,1531958400,858.0,862.5,851.75,860.0,20877,0,313,422.0
57,-99,XB,XBX18,D1,2018-07-20,1532044800,860.875,868.5,857.125,864.875,32398,0,412,369.0
58,-98,XB,XBX18,D1,2018-07-23,1532304000,867.375,869.0,861.625,861.625,11600,0,209,311.0
59,-97,XB,XBX18,D1,2018-07-24,1532390400,859.875,878.25,856.5,872.5,96474,0,915,512.0
60,-96,XB,XBX18,D1,2018-07-25,1532476800,874.25,878.0,867.25,875.0,23036,0,454,526.0
61,-95,XB,XBX18,D1,2018-07-26,1532563200,884.25,896.0,873.125,873.25,104920,0,1016,795.0
62,-94,XB,XBX18,D1,2018-07-27,1532649600,875.0,889.0,873.75,886.375,37061,0,549,673.0
63,-93,XB,XBX18,D1,2018-07-30,1532908800,892.5,896.625,886.625,893.375,34048,0,790,785.0
64,-92,XB,XBX18,D1,2018-07-31,1532995200,891.0,922.0,889.25,918.375,130262,0,1354,898.0
65,-91,XB,XBX18,D1,2018-08-01,1533081600,915.0,915.0,898.625,902.25,57217,0,608,917.0
66,-90,XB,XBX18,D1,2018-08-02,1533168000,900.0,903.0,886.0,896.0,66103,0,700,887.0
67,-89,XB,XBX18,D1,2018-08-03,1533254400,898.0,903.75,883.625,903.75,53940,0,577,628.0
6,-213,XB,XBK19,D1,2018-08-06,1533513600,935.0,935.0,919.875,924.0,4,0,7172,2391.0
7,-212,XB,XBK19,D1,2018-08-07,1533600000,936.25,936.25,936.25,936.25,1,0,0,2391.0
8,-211,XB,XBK19,D1,2018-08-08,1533686400,941.5,941.5,941.25,941.25,2,0,2,2391.0
71,-85,XB,XBX18,D1,2018-08-09,1533772800,909.0,914.25,902.625,905.5,28522,0,383,418.0
72,-84,XB,XBX18,D1,2018-08-10,1533859200,904.0,904.0,860.0,861.75,132487,0,965,579.0
73,-83,XB,XBX18,D1,2018-08-13,1534118400,855.0,870.625,851.625,869.75,58315,0,479,609.0
74,-82,XB,XBX18,D1,2018-08-14,1534204800,864.625,880.75,864.625,880.375,48308,0,491,645.0
75,-81,XB,XBX18,D1,2018-08-15,1534291200,879.75,883.75,866.25,869.125,43698,0,484,485.0
76,-80,XB,XBX18,D1,2018-08-16,1534377600,870.5,900.0,867.875,895.625,94810,0,946,640.0
77,-79,XB,XBX18,D1,2018-08-17,1534464000,896.0,899.0,882.5,899.0,53205,0,656,695.0
78,-78,XB,XBX18,D1,2018-08-20,1534723200,899.75,906.0,891.0,893.75,68211,0,627,743.0
79,-77,XB,XBX18,D1,2018-08-21,1534809600,888.75,894.125,884.75,884.75,48808,0,439,574.0
80,-76,XB,XBX18,D1,2018-08-22,1534896000,884.875,885.0,869.25,870.75,47701,0,573,546.0
81,-75,XB,XBX18,D1,2018-08-23,1534982400,869.0,873.625,852.125,855.0,50960,0,574,529.0
82,-74,XB,XBX18,D1,2018-08-24,1535068800,853.5,860.125,853.5,854.25,28446,0,543,563.0
83,-73,XB,XBX18,D1,2018-08-27,1535328000,851.0,853.25,838.375,846.25,58622,0,656,591.0
84,-72,XB,XBX18,D1,2018-08-28,1535414400,847.0,851.75,832.5,832.5,57960,0,780,660.0
85,-71,XB,XBX18,D1,2018-08-29,1535500800,833.375,843.375,832.0,838.25,39087,0,1008,815.0
86,-70,XB,XBX18,D1,2018-08-30,1535587200,836.0,845.25,829.0,829.0,34444,0,521,770.0
87,-69,XB,XBX18,D1,2018-08-31,1535673600,829.5,846.0,829.0,844.875,52454,0,545,691.0
88,-68,XB,XBX18,D1,2018-09-04,1536019200,844.75,851.25,836.75,843.75,40333,0,510,525.0
89,-67,XB,XBX18,D1,2018-09-05,1536105600,843.5,849.0,837.375,838.5,16505,0,293,449.0
90,-66,XB,XBX18,D1,2018-09-06,1536192000,838.0,842.625,835.0,838.0,24639,0,459,421.0
91,-65,XB,XBX18,D1,2018-09-07,1536278400,839.0,846.625,835.5,844.5,34175,0,417,390.0
92,-64,XB,XBX18,D1,2018-09-09,1536451200,844.5,844.5,844.5,844.5,5,0,10,295.0
93,-63,XB,XBX18,D1,2018-09-10,1536537600,843.0,851.25,838.5,845.5,399,125,500,309.0
94,-62,XB,XBX18,D1,2018-09-11,1536624000,845.125,849.0,830.25,830.25,401,0,475,328.0
95,-61,XB,XBX18,D1,2018-09-12,1536710400,830.75,844.0,821.375,841.0,967,0,1255,743.0
96,-60,XB,XBX18,D1,2018-09-13,1536796800,838.25,846.0,832.125,835.875,439,0,542,757.0
97,-59,XB,XBX18,D1,2018-09-14,1536883200,833.0,837.5,828.25,828.25,254,125,306,701.0
98,-58,XB,XBX18,D1,2018-09-15,1536969600,828.25,828.25,828.25,828.25,5,0,5,284.0
99,-57,XB,XBX18,D1,2018-09-16,1537056000,828.25,828.25,828.25,828.25,3,0,3,105.0
100,-56,XB,XBX18,D1,2018-09-17,1537142400,827.875,829.625,822.0,824.25,346,0,435,148.0
101,-55,XB,XBX18,D1,2018-09-18,1537228800,822.875,825.0,812.25,813.5,492,0,621,353.0
102,-54,XB,XBX18,D1,2018-09-19,1537315200,814.0,831.5,814.0,829.0,360,0,458,505.0
103,-53,XB,XBX18,D1,2018-09-20,1537401600,829.25,854.875,825.0,847.375,724,0,933,671.0
104,-52,XB,XBX18,D1,2018-09-21,1537488000,846.5,849.5,841.125,848.25,407,125,556,649.0
105,-51,XB,XBX18,D1,2018-09-22,1537574400,848.25,848.25,848.25,848.25,2,0,2,497.0
106,-50,XB,XBX18,D1,2018-09-23,1537660800,848.25,848.25,848.25,848.25,2,0,2,187.0
107,-49,XB,XBX18,D1,2018-09-24,1537747200,845.0,845.125,838.125,840.375,300,0,456,153.0
108,-48,XB,XBX18,D1,2018-09-25,1537833600,841.125,858.0,837.0,846.0,781,0,1031,496.0
109,-47,XB,XBX18,D1,2018-09-26,1537920000,846.0,854.25,845.625,849.125,377,0,487,658.0
110,-46,XB,XBX18,D1,2018-09-27,1538006400,849.25,859.0,847.0,854.0,347,0,464,661.0
111,-45,XB,XBX18,D1,2018-09-28,1538092800,854.5,859.25,841.75,844.25,566,0,706,552.0
112,-44,XB,XBX18,D1,2018-09-29,1538179200,844.25,844.25,844.25,844.25,1,0,2,391.0
113,-43,XB,XBX18,D1,2018-09-30,1538265600,844.25,844.25,844.25,844.25,2,0,4,237.0
114,-42,XB,XBX18,D1,2018-10-01,1538352000,844.25,864.0,843.25,855.375,601,0,746,251.0
115,-41,XB,XBX18,D1,2018-10-02,1538438400,856.5,867.5,854.0,866.625,402,0,492,414.0
116,-40,XB,XBX18,D1,2018-10-03,1538524800,866.0,870.25,860.5,861.625,351,0,449,562.0
117,-39,XB,XBX18,D1,2018-10-04,1538611200,861.0,868.0,858.25,860.5,357,0,553,498.0
118,-38,XB,XBX18,D1,2018-10-05,1538697600,860.625,870.0,851.5,869.0,480,0,592,531.0
119,-37,XB,XBX18,D1,2018-10-06,1538784000,869.0,869.0,869.0,869.0,3,0,6,384.0
120,-36,XB,XBX18,D1,2018-10-07,1538870400,869.0,869.0,869.0,869.0,2,0,4,201.0
121,-35,XB,XBX18,D1,2018-10-08,1538956800,869.25,874.5,863.0,869.375,374,0,571,194.0
122,-34,XB,XBX18,D1,2018-10-09,1539043200,869.75,872.0,859.375,861.5,363,0,448,341.0
123,-33,XB,XBX18,D1,2018-10-10,1539129600,862.75,863.625,847.625,852.625,345,0,450,490.0
124,-32,XB,XBX18,D1,2018-10-11,1539216000,852.0,863.375,846.375,858.375,532,0,819,572.0
125,-31,XB,XBX18,D1,2018-10-12,1539302400,858.25,868.0,858.25,867.125,385,125,571,613.0
126,-30,XB,XBX18,D1,2018-10-13,1539388800,867.125,867.125,867.125,867.125,1,0,1,464.0
127,-29,XB,XBX18,D1,2018-10-14,1539475200,867.125,867.125,867.125,867.125,4,0,4,192.0
128,-28,XB,XBX18,D1,2018-10-15,1539561600,867.0,892.125,863.875,891.5,824,0,1082,362.0
129,-27,XB,XBX18,D1,2018-10-16,1539648000,890.5,891.125,879.5,884.0,512,0,700,595.0
130,-26,XB,XBX18,D1,2018-10-17,1539734400,883.875,889.625,881.75,882.5,453,125,626,803.0
131,-25,XB,XBX18,D1,2018-10-18,1539820800,883.0,883.5,861.125,863.0,445,0,630,652.0
132,-24,XB,XBX18,D1,2018-10-19,1539907200,864.25,866.125,855.25,855.375,529,0,818,691.0
133,-23,XB,XBX18,D1,2018-10-20,1539993600,855.375,855.375,855.375,855.375,5,0,5,484.0
134,-22,XB,XBX18,D1,2018-10-21,1540080000,855.375,855.375,855.375,855.375,1,0,1,275.0
135,-21,XB,XBX18,D1,2018-10-22,1540166400,855.75,862.625,855.75,857.0,450,0,660,222.0
136,-20,XB,XBX18,D1,2018-10-23,1540252800,858.0,862.5,851.25,856.625,444,0,584,415.0
137,-19,XB,XBX18,D1,2018-10-24,1540339200,857.0,857.0,850.0,850.75,433,0,577,607.0
138,-18,XB,XBX18,D1,2018-10-25,1540425600,850.25,851.25,840.0,842.25,354,0,668,610.0
139,-17,XB,XBX18,D1,2018-10-26,1540512000,842.0,849.125,841.75,844.5,301,0,509,585.0
140,-16,XB,XBX18,D1,2018-10-28,1540684800,844.5,844.5,844.5,844.5,2,0,4,394.0
138,-73,XB,XBF19,D1,2018-10-29,1540771200,855.875,865.0,850.5,851.75,480,0,697,414.0
139,-72,XB,XBF19,D1,2018-10-30,1540857600,852.125,854.625,845.25,845.25,506,0,728,476.0
140,-71,XB,XBF19,D1,2018-10-31,1540944000,845.5,854.875,844.625,851.125,512,0,708,711.0
141,-70,XB,XBF19,D1,2018-11-01,1541030400,850.75,888.0,846.0,877.125,1416,0,2266,1234.0
142,-69,XB,XBF19,D1,2018-11-02,1541116800,880.0,900.25,878.875,887.875,1026,0,1722,1565.0
143,-68,XB,XBF19,D1,2018-11-03,1541203200,887.875,887.875,887.875,887.875,1,0,1,1330.0
144,-67,XB,XBF19,D1,2018-11-04,1541289600,887.875,887.875,887.875,887.875,2,0,2,575.0
145,-66,XB,XBF19,D1,2018-11-05,1541376000,888.125,892.25,882.25,887.25,515,0,848,284.0
146,-65,XB,XBF19,D1,2018-11-06,1541462400,884.625,888.125,878.25,885.625,368,0,549,466.0
147,-64,XB,XBF19,D1,2018-11-07,1541548800,884.25,888.75,876.75,879.0,295,0,393,597.0
148,-63,XB,XBF19,D1,2018-11-08,1541635200,878.0,883.375,864.375,878.0,935,0,1268,737.0
149,-62,XB,XBF19,D1,2018-11-09,1541721600,878.0,888.375,874.625,886.0,603,0,732,798.0
150,-61,XB,XBF19,D1,2018-11-10,1541808000,886.0,886.0,886.0,886.0,2,0,2,667.0
151,-60,XB,XBF19,D1,2018-11-11,1541894400,886.0,886.0,886.0,886.0,3,0,3,246.0
152,-59,XB,XBF19,D1,2018-11-12,1541980800,885.5,887.375,879.75,881.25,318,125,375,127.0
153,-58,XB,XBF19,D1,2018-11-13,1542067200,882.125,890.5,877.375,877.875,528,0,673,350.0
154,-57,XB,XBF19,D1,2018-11-14,1542153600,878.5,887.375,878.5,882.5,467,0,622,557.0
155,-56,XB,XBF19,D1,2018-11-15,1542240000,884.125,896.875,883.75,888.875,731,0,981,759.0
156,-55,XB,XBF19,D1,2018-11-16,1542326400,889.625,894.75,882.0,892.375,647,0,870,824.0
157,-54,XB,XBF19,D1,2018-11-17,1542412800,892.375,892.375,892.375,892.375,1,0,5,619.0
158,-53,XB,XBF19,D1,2018-11-18,1542499200,892.375,892.375,892.375,892.375,2,0,10,295.0
159,-52,XB,XBF19,D1,2018-11-19,1542585600,891.875,892.25,871.625,874.25,550,125,736,250.0
160,-51,XB,XBF19,D1,2018-11-20,1542672000,873.75,885.5,871.25,881.625,458,0,595,447.0
161,-50,XB,XBF19,D1,2018-11-21,1542758400,882.0,888.75,876.125,883.5,546,0,695,675.0
162,-49,XB,XBF19,D1,2018-11-22,1542844800,883.5,883.5,883.5,883.5,3,0,6,432.0
163,-48,XB,XBF19,D1,2018-11-23,1542931200,882.0,884.25,880.0,880.375,187,125,232,311.0
164,-47,XB,XBF19,D1,2018-11-24,1543017600,880.375,880.375,880.375,880.375,2,0,2,80.0
165,-46,XB,XBF19,D1,2018-11-25,1543104000,880.375,880.375,880.375,880.375,2,0,2,79.0
166,-45,XB,XBF19,D1,2018-11-26,1543190400,880.875,883.0,857.25,863.75,568,0,799,268.0
167,-44,XB,XBF19,D1,2018-11-27,1543276800,862.0,880.0,858.5,876.625,535,0,769,523.0
168,-43,XB,XBF19,D1,2018-11-28,1543363200,875.75,894.75,873.875,890.0,821,0,1119,896.0
169,-42,XB,XBF19,D1,2018-11-29,1543449600,889.5,894.25,883.0,888.25,729,0,1043,977.0
170,-41,XB,XBF19,D1,2018-11-30,1543536000,887.125,896.625,886.375,893.375,617,0,885,1016.0
171,-40,XB,XBF19,D1,2018-12-01,1543622400,893.375,893.375,893.375,893.375,1,0,1,643.0
172,-39,XB,XBF19,D1,2018-12-02,1543708800,893.375,893.375,893.375,893.375,3,0,3,296.0
173,-38,XB,XBF19,D1,2018-12-03,1543795200,910.0,923.0,903.0,903.75,1030,0,1528,511.0
174,-37,XB,XBF19,D1,2018-12-04,1543881600,903.5,912.75,899.625,909.375,676,0,888,806.0
175,-36,XB,XBF19,D1,2018-12-05,1543968000,910.0,916.375,909.0,912.375,427,0,576,997.0
176,-35,XB,XBF19,D1,2018-12-06,1544054400,911.375,911.375,897.0,907.875,602,0,821,762.0
177,-34,XB,XBF19,D1,2018-12-07,1544140800,909.125,917.75,907.625,913.875,573,0,855,751.0
178,-33,XB,XBF19,D1,2018-12-08,1544227200,913.875,913.875,913.875,913.875,4,0,4,560.0
179,-32,XB,XBF19,D1,2018-12-09,1544313600,913.875,913.875,913.875,913.875,2,0,2,287.0
180,-31,XB,XBF19,D1,2018-12-10,1544400000,913.125,916.0,906.75,906.75,365,125,461,156.0
181,-30,XB,XBF19,D1,2018-12-11,1544486400,907.0,917.0,905.75,915.125,428,125,558,340.0
182,-29,XB,XBF19,D1,2018-12-12,1544572800,915.375,927.75,915.375,917.5,783,0,1010,676.0
183,-28,XB,XBF19,D1,2018-12-13,1544659200,918.875,919.75,905.125,907.25,467,0,556,708.0
184,-27,XB,XBF19,D1,2018-12-14,1544745600,906.625,909.875,899.625,899.625,342,125,422,663.0
185,-26,XB,XBF19,D1,2018-12-15,1544832000,899.625,899.625,899.625,899.625,1,0,1,326.0
186,-25,XB,XBF19,D1,2018-12-16,1544918400,899.625,899.625,899.625,899.625,1,0,1,141.0
187,-24,XB,XBF19,D1,2018-12-17,1545004800,900.5,908.5,899.5,905.125,281,125,358,120.0
188,-23,XB,XBF19,D1,2018-12-18,1545091200,902.75,912.125,902.75,907.875,311,0,399,253.0
189,-22,XB,XBF19,D1,2018-12-19,1545177600,905.375,909.25,893.25,900.375,331,0,450,402.0
190,-21,XB,XBF19,D1,2018-12-20,1545264000,899.5,905.125,892.625,896.125,324,0,433,427.0
191,-20,XB,XBF19,D1,2018-12-21,1545350400,892.5,894.75,883.125,883.125,400,0,609,497.0
192,-19,XB,XBF19,D1,2018-12-22,1545436800,883.125,883.125,883.125,883.125,1,0,1,348.0
193,-18,XB,XBF19,D1,2018-12-23,1545523200,883.125,883.125,883.125,883.125,2,0,2,204.0
152,-73,XB,XBH19,D1,2018-12-24,1545609600,895.75,899.75,892.0,894.5,224,0,268,90.0
153,-72,XB,XBH19,D1,2018-12-26,1545782400,897.125,901.5,882.0,882.0,567,0,793,354.0
154,-71,XB,XBH19,D1,2018-12-27,1545868800,883.625,888.5,880.5,883.0,447,0,582,548.0
155,-70,XB,XBH19,D1,2018-12-28,1545955200,883.375,899.5,883.375,895.0,573,0,737,704.0
156,-69,XB,XBH19,D1,2018-12-29,1546041600,895.0,895.0,895.0,895.0,2,0,6,442.0
157,-68,XB,XBH19,D1,2018-12-30,1546128000,895.0,895.0,895.0,895.0,4,0,12,252.0
158,-67,XB,XBH19,D1,2018-12-31,1546214400,898.125,902.0,892.0,893.75,415,125,509,176.0
159,-66,XB,XBH19,D1,2019-01-02,1546387200,894.75,910.25,893.25,907.25,491,0,623,381.0
160,-65,XB,XBH19,D1,2019-01-03,1546473600,906.0,913.625,905.0,910.375,336,0,459,530.0
161,-64,XB,XBH19,D1,2019-01-04,1546560000,910.375,922.25,910.375,921.75,492,0,676,586.0
162,-63,XB,XBH19,D1,2019-01-05,1546646400,921.75,921.75,921.75,921.75,2,0,2,379.0
163,-62,XB,XBH19,D1,2019-01-06,1546732800,921.75,921.75,921.75,921.75,2,0,2,227.0
164,-61,XB,XBH19,D1,2019-01-07,1546819200,921.0,927.875,920.375,923.25,458,0,615,206.0
165,-60,XB,XBH19,D1,2019-01-08,1546905600,923.25,925.75,914.75,917.25,473,125,612,410.0
166,-59,XB,XBH19,D1,2019-01-09,1546992000,918.0,926.5,918.0,925.0,375,0,546,591.0
167,-58,XB,XBH19,D1,2019-01-10,1547078400,923.125,924.0,905.625,908.0,404,125,542,567.0
168,-57,XB,XBH19,D1,2019-01-11,1547164800,906.5,912.0,905.25,910.625,302,0,373,487.0
169,-56,XB,XBH19,D1,2019-01-12,1547251200,910.625,910.625,910.625,910.625,2,0,2,306.0
170,-55,XB,XBH19,D1,2019-01-13,1547337600,910.625,910.625,910.625,910.625,4,0,4,126.0
171,-54,XB,XBH19,D1,2019-01-14,1547424000,909.75,910.25,901.5,904.0,275,125,378,128.0
172,-53,XB,XBH19,D1,2019-01-15,1547510400,904.0,908.0,892.5,896.0,403,0,532,305.0
173,-52,XB,XBH19,D1,2019-01-16,1547596800,894.75,901.25,891.25,896.0,259,0,321,410.0
174,-51,XB,XBH19,D1,2019-01-17,1547683200,895.0,912.25,894.375,909.125,490,0,755,536.0
175,-50,XB,XBH19,D1,2019-01-18,1547769600,907.125,920.25,906.0,915.0,691,0,951,676.0
176,-49,XB,XBH19,D1,2019-01-19,1547856000,915.0,915.0,915.0,915.0,1,0,1,569.0
177,-48,XB,XBH19,D1,2019-01-20,1547942400,915.0,915.0,915.0,915.0,6,0,6,319.0
178,-47,XB,XBH19,D1,2019-01-22,1548115200,916.0,919.375,899.75,910.0,736,125,1116,374.0
179,-46,XB,XBH19,D1,2019-01-23,1548201600,910.5,918.25,910.5,915.125,255,125,422,515.0
180,-45,XB,XBH19,D1,2019-01-24,1548288000,914.75,919.375,909.5,916.125,314,0,516,685.0
181,-44,XB,XBH19,D1,2019-01-25,1548374400,915.75,926.25,913.625,924.0,480,0,756,565.0
182,-43,XB,XBH19,D1,2019-01-26,1548460800,924.0,924.0,924.0,924.0,4,0,8,427.0
183,-42,XB,XBH19,D1,2019-01-27,1548547200,924.0,924.0,924.0,924.0,5,0,10,258.0
184,-41,XB,XBH19,D1,2019-01-28,1548633600,923.0,924.75,916.0,923.0,391,0,658,225.0
185,-40,XB,XBH19,D1,2019-01-29,1548720000,921.0,922.25,916.875,919.625,297,0,424,364.0
186,-39,XB,XBH19,D1,2019-01-30,1548806400,919.0,923.875,917.5,920.875,234,125,296,459.0
187,-38,XB,XBH19,D1,2019-01-31,1548892800,919.5,926.75,913.625,915.875,518,0,790,503.0
188,-37,XB,XBH19,D1,2019-02-01,1548979200,920.875,931.0,916.625,916.625,1053,0,1554,880.0
189,-36,XB,XBH19,D1,2019-02-02,1549065600,916.625,916.625,916.625,916.625,1,5000,1,782.0
190,-35,XB,XBH19,D1,2019-02-03,1549152000,916.625,916.625,916.625,916.625,2,2000,2,519.0
191,-34,XB,XBH19,D1,2019-02-04,1549238400,917.0,923.5,916.0,918.875,290,0,392,132.0
192,-33,XB,XBH19,D1,2019-02-05,1549324800,918.0,920.25,913.75,919.625,294,0,417,270.0
193,-32,XB,XBH19,D1,2019-02-06,1549411200,919.875,922.25,917.625,920.375,305,125,410,406.0
194,-31,XB,XBH19,D1,2019-02-07,1549497600,919.5,921.5,910.75,912.5,378,0,546,458.0
195,-30,XB,XBH19,D1,2019-02-08,1549584000,913.0,918.0,907.75,917.0,532,0,841,599.0
196,-29,XB,XBH19,D1,2019-02-09,1549670400,917.0,917.0,917.0,917.0,3,0,3,463.0
197,-28,XB,XBH19,D1,2019-02-10,1549756800,917.0,917.0,917.0,917.0,2,0,2,282.0
198,-27,XB,XBH19,D1,2019-02-11,1549843200,916.625,918.5,903.5,904.5,423,0,619,208.0
199,-26,XB,XBH19,D1,2019-02-12,1549929600,905.25,919.625,905.25,917.125,458,0,760,460.0
200,-25,XB,XBH19,D1,2019-02-13,1550016000,916.5,919.75,913.875,916.875,371,125,540,640.0
201,-24,XB,XBH19,D1,2019-02-14,1550102400,914.5,917.875,903.125,905.5,493,0,830,710.0
202,-23,XB,XBH19,D1,2019-02-15,1550188800,905.25,909.375,901.25,908.0,285,125,398,589.0
203,-22,XB,XBH19,D1,2019-02-17,1550361600,908.0,908.0,908.0,908.0,5,0,5,411.0
204,-21,XB,XBH19,D1,2019-02-19,1550534400,907.25,910.375,895.0,900.0,538,0,782,395.0
205,-20,XB,XBH19,D1,2019-02-20,1550620800,902.75,904.0,893.375,901.125,432,0,721,503.0
206,-19,XB,XBH19,D1,2019-02-21,1550707200,902.0,916.25,899.875,910.875,442,125,778,760.0
207,-18,XB,XBH19,D1,2019-02-22,1550793600,910.375,914.625,907.875,910.125,124,125,252,584.0
208,-17,XB,XBH19,D1,2019-02-23,1550880000,910.125,910.125,910.125,910.125,1,0,1,344.0
155,-64,XB,XBK19,D1,2019-02-24,1550966400,924.0,924.0,924.0,924.0,3,6000,3,112.0
156,-63,XB,XBK19,D1,2019-02-25,1551052800,930.75,934.25,923.375,923.375,510,125,858,287.0
157,-62,XB,XBK19,D1,2019-02-26,1551139200,923.375,923.375,912.375,915.375,457,0,744,535.0
158,-61,XB,XBK19,D1,2019-02-27,1551225600,916.5,924.0,913.625,916.0,435,0,627,743.0
159,-60,XB,XBK19,D1,2019-02-28,1551312000,916.0,918.25,908.875,909.875,327,0,416,596.0
160,-59,XB,XBK19,D1,2019-03-01,1551398400,909.75,917.25,900.75,910.5,444,125,576,540.0
161,-58,XB,XBK19,D1,2019-03-02,1551484800,910.5,910.5,910.5,910.5,1,0,2,331.0
162,-57,XB,XBK19,D1,2019-03-03,1551571200,910.5,910.5,910.5,910.5,2,0,4,194.0
163,-56,XB,XBK19,D1,2019-03-04,1551657600,914.5,924.5,913.5,917.375,531,125,677,228.0
164,-55,XB,XBK19,D1,2019-03-05,1551744000,916.375,918.625,909.0,912.5,304,0,397,359.0
165,-54,XB,XBK19,D1,2019-03-06,1551830400,913.5,916.375,901.125,901.75,371,0,482,519.0
166,-53,XB,XBK19,D1,2019-03-07,1551916800,902.125,906.875,898.375,901.375,271,0,540,473.0
167,-52,XB,XBK19,D1,2019-03-08,1552003200,901.5,904.0,892.125,894.875,256,125,396,473.0
168,-51,XB,XBK19,D1,2019-03-09,1552089600,894.875,894.875,894.875,894.875,2,0,4,313.0
169,-50,XB,XBK19,D1,2019-03-10,1552176000,894.875,894.875,894.875,894.875,2,0,4,135.0
170,-49,XB,XBK19,D1,2019-03-11,1552262400,898.0,898.875,888.625,888.625,204,0,312,107.0
171,-48,XB,XBK19,D1,2019-03-12,1552348800,890.0,899.625,888.875,896.875,273,0,406,241.0
172,-47,XB,XBK19,D1,2019-03-13,1552435200,896.5,903.125,892.5,900.75,219,125,299,339.0
173,-46,XB,XBK19,D1,2019-03-14,1552521600,900.75,906.5,895.75,898.375,236,0,342,349.0
174,-45,XB,XBK19,D1,2019-03-15,1552608000,898.375,910.5,898.375,909.75,295,125,402,348.0
175,-44,XB,XBK19,D1,2019-03-16,1552694400,909.75,909.75,909.75,909.75,2,0,2,249.0
176,-43,XB,XBK19,D1,2019-03-17,1552780800,909.75,909.75,909.75,909.75,3,0,3,136.0
177,-42,XB,XBK19,D1,2019-03-18,1552867200,909.375,911.375,901.75,904.875,196,125,280,95.0
178,-41,XB,XBK19,D1,2019-03-19,1552953600,905.125,909.25,900.375,905.5,238,125,342,208.0
179,-40,XB,XBK19,D1,2019-03-20,1553040000,903.25,906.375,899.0,902.625,195,0,275,299.0
180,-39,XB,XBK19,D1,2019-03-21,1553126400,905.75,912.0,903.625,910.75,318,125,474,364.0
181,-38,XB,XBK19,D1,2019-03-22,1553212800,910.0,912.0,903.0,903.5,237,0,336,362.0
182,-37,XB,XBK19,D1,2019-03-24,1553385600,903.5,903.5,903.5,903.5,2,0,2,271.0
183,-36,XB,XBK19,D1,2019-03-25,1553472000,904.25,908.0,901.875,906.0,180,0,281,206.0
184,-35,XB,XBK19,D1,2019-03-26,1553558400,905.375,906.875,899.375,900.0,139,0,209,164.0
185,-34,XB,XBK19,D1,2019-03-27,1553644800,900.25,900.5,885.875,888.25,274,125,421,304.0
186,-33,XB,XBK19,D1,2019-03-28,1553731200,887.875,891.5,886.75,889.625,134,0,215,282.0
187,-32,XB,XBK19,D1,2019-03-29,1553817600,888.625,892.5,882.25,884.0,254,0,427,354.0
188,-31,XB,XBK19,D1,2019-03-30,1553904000,884.0,884.0,884.0,884.0,4,0,4,215.0
189,-30,XB,XBK19,D1,2019-03-31,1553990400,884.0,884.0,884.0,884.0,2,0,2,144.0
190,-29,XB,XBK19,D1,2019-04-01,1554076800,883.875,898.75,883.875,895.75,314,125,478,161.0
191,-28,XB,XBK19,D1,2019-04-02,1554163200,895.5,901.0,892.625,900.0,157,125,208,229.0
192,-27,XB,XBK19,D1,2019-04-03,1554249600,899.125,902.5,895.125,900.0,194,125,337,341.0
193,-26,XB,XBK19,D1,2019-04-04,1554336000,899.25,907.125,898.875,904.75,223,125,296,280.0
194,-25,XB,XBK19,D1,2019-04-05,1554422400,905.125,905.125,897.0,900.0,168,125,257,297.0
195,-24,XB,XBK19,D1,2019-04-06,1554508800,900.0,900.0,900.0,900.0,1,0,2,185.0
196,-23,XB,XBK19,D1,2019-04-07,1554595200,900.0,900.0,900.0,900.0,3,0,6,88.0
197,-22,XB,XBK19,D1,2019-04-08,1554681600,899.0,903.25,896.375,896.375,135,125,192,67.0
198,-21,XB,XBK19,D1,2019-04-09,1554768000,898.0,902.0,895.0,899.125,154,0,204,134.0
199,-20,XB,XBK19,D1,2019-04-10,1554854400,898.75,903.875,897.375,902.375,178,0,307,234.0
200,-19,XB,XBK19,D1,2019-04-11,1554940800,901.125,903.25,893.375,894.625,144,0,227,246.0
201,-18,XB,XBK19,D1,2019-04-12,1555027200,897.625,898.5,894.25,895.25,113,0,167,234.0
202,-17,XB,XBK19,D1,2019-04-13,1555113600,895.25,895.25,895.25,895.25,2,5000,10,135.0
203,-16,XB,XBK19,D1,2019-04-14,1555200000,895.25,895.25,895.25,895.25,4,5000,20,66.0
204,-15,XB,XBK19,D1,2019-04-15,1555286400,895.0,902.0,895.0,896.0,253,0,544,191.0
205,-14,XB,XBK19,D1,2019-04-16,1555372800,898.125,898.75,886.125,886.125,165,0,229,264.0
206,-13,XB,XBK19,D1,2019-04-17,1555459200,887.5,890.5,878.5,878.5,210,125,327,367.0
207,-12,XB,XBK19,D1,2019-04-18,1555545600,878.875,881.875,876.625,880.75,152,125,230,262.0
95,-71,XB,XBN19,D1,2019-04-19,1555632000,894.5,894.5,894.5,894.5,2,15000,2,186.0
209,-10,XB,XBK19,D1,2019-04-22,1555891200,880.5,882.5,876.5,877.125,159,0,239,157.0
97,-69,XB,XBN19,D1,2019-04-23,1555977600,891.0,891.875,874.5,875.375,185,125,315,190.0
98,-68,XB,XBN19,D1,2019-04-24,1556064000,875.75,878.625,868.125,870.0,227,125,392,320.0
99,-67,XB,XBN19,D1,2019-04-25,1556150400,868.0,875.0,867.25,871.5,205,125,356,354.0
100,-66,XB,XBN19,D1,2019-04-26,1556236800,871.875,873.375,865.0,867.0,237,0,375,374.0
101,-65,XB,XBN19,D1,2019-04-28,1556409600,867.0,867.0,867.0,867.0,2,5375,2,244.0
102,-64,XB,XBN19,D1,2019-04-29,1556496000,867.0,873.125,858.5,860.0,424,0,924,434.0
103,-63,XB,XBN19,D1,2019-04-30,1556582400,860.75,864.375,851.875,853.0,232,0,352,426.0
104,-62,XB,XBN19,D1,2019-05-01,1556668800,853.875,857.5,844.375,851.125,262,125,372,549.0
105,-61,XB,XBN19,D1,2019-05-02,1556755200,852.5,853.0,842.125,842.125,266,0,413,379.0
106,-60,XB,XBN19,D1,2019-05-03,1556841600,843.75,848.0,840.0,840.0,188,0,278,354.0
107,-59,XB,XBN19,D1,2019-05-05,1557014400,840.0,840.0,840.0,840.0,2,0,4,232.0
108,-58,XB,XBN19,D1,2019-05-06,1557100800,828.875,833.5,816.75,832.125,500,0,858,380.0
109,-57,XB,XBN19,D1,2019-05-07,1557187200,829.75,836.125,827.875,831.25,241,125,458,440.0
110,-56,XB,XBN19,D1,2019-05-08,1557273600,830.5,834.375,825.0,825.25,262,125,437,584.0
111,-55,XB,XBN19,D1,2019-05-09,1557360000,826.0,826.0,806.875,811.625,488,0,801,565.0
112,-54,XB,XBN19,D1,2019-05-10,1557446400,812.625,818.375,799.0,808.0,494,0,848,695.0
113,-53,XB,XBN19,D1,2019-05-11,1557532800,808.0,808.0,808.0,808.0,1,0,4,551.0
114,-52,XB,XBN19,D1,2019-05-12,1557619200,808.0,808.0,808.0,808.0,3,25500,12,288.0
115,-51,XB,XBN19,D1,2019-05-13,1557705600,801.875,806.5,791.125,801.875,360,0,517,178.0
116,-50,XB,XBN19,D1,2019-05-14,1557792000,805.125,837.625,805.125,830.5,667,0,1165,565.0
117,-49,XB,XBN19,D1,2019-05-15,1557878400,831.75,848.0,827.625,834.5,656,0,1152,945.0
118,-48,XB,XBN19,D1,2019-05-16,1557964800,834.25,844.875,834.25,839.625,254,0,355,891.0
119,-47,XB,XBN19,D1,2019-05-17,1558051200,839.875,842.0,820.0,820.0,372,125,645,717.0
120,-46,XB,XBN19,D1,2019-05-18,1558137600,820.0,820.0,820.0,820.0,2,0,2,334.0
121,-45,XB,XBN19,D1,2019-05-19,1558224000,820.0,820.0,820.0,820.0,2,12875,2,216.0
122,-44,XB,XBN19,D1,2019-05-20,1558310400,826.25,838.875,825.75,831.25,311,0,492,165.0
123,-43,XB,XBN19,D1,2019-05-21,1558396800,841.375,846.25,818.75,821.0,529,0,892,462.0
124,-42,XB,XBN19,D1,2019-05-22,1558483200,819.5,835.0,819.375,830.125,411,125,804,729.0
125,-41,XB,XBN19,D1,2019-05-23,1558569600,826.875,833.125,817.625,819.5,434,0,897,864.0
126,-40,XB,XBN19,D1,2019-05-24,1558656000,821.0,831.125,820.375,831.125,269,125,412,704.0
127,-39,XB,XBN19,D1,2019-05-26,1558828800,831.125,831.125,831.125,831.125,3,11000,15,441.0
128,-38,XB,XBN19,D1,2019-05-28,1559001600,837.75,858.0,837.75,853.5,521,0,873,433.0
129,-37,XB,XBN19,D1,2019-05-29,1559088000,864.375,892.625,863.75,871.0,887,125,1686,858.0
130,-36,XB,XBN19,D1,2019-05-30,1559174400,870.5,889.0,864.0,888.5,629,0,1013,1191.0
131,-35,XB,XBN19,D1,2019-05-31,1559260800,888.875,890.5,876.75,879.0,487,125,809,1169.0
132,-34,XB,XBN19,D1,2019-06-01,1559347200,879.0,879.0,879.0,879.0,1,0,1,608.0
133,-33,XB,XBN19,D1,2019-06-02,1559433600,879.0,879.0,879.0,879.0,1,0,1,270.0
10,-120,XB,XBX19,D1,2019-06-03,1559520000,903.5,912.875,902.25,904.875,2557,0,129,308.0
135,-31,XB,XBN19,D1,2019-06-04,1559606400,889.5,894.0,878.875,879.75,344,0,502,327.0
136,-30,XB,XBN19,D1,2019-06-05,1559692800,881.75,882.0,867.0,867.0,319,125,430,470.0
137,-29,XB,XBN19,D1,2019-06-06,1559779200,868.25,871.75,858.0,867.5,281,0,388,440.0
138,-28,XB,XBN19,D1,2019-06-07,1559865600,867.75,871.0,852.125,852.125,217,0,302,373.0
139,-27,XB,XBN19,D1,2019-06-09,1560038400,852.125,852.125,852.125,852.125,3,0,3,231.0
140,-26,XB,XBN19,D1,2019-06-10,1560124800,854.25,866.0,848.375,858.5,259,125,331,212.0
141,-25,XB,XBN19,D1,2019-06-11,1560211200,857.0,862.5,850.875,857.75,257,0,349,228.0
142,-24,XB,XBN19,D1,2019-06-12,1560297600,857.25,883.375,853.375,877.625,491,0,652,444.0
143,-23,XB,XBN19,D1,2019-06-13,1560384000,878.0,889.0,878.0,887.625,355,125,504,502.0
144,-22,XB,XBN19,D1,2019-06-14,1560470400,887.375,898.0,885.625,896.0,517,125,706,621.0
145,-21,XB,XBN19,D1,2019-06-15,1560556800,896.0,896.0,896.0,896.0,1,0,1,404.0
146,-20,XB,XBN19,D1,2019-06-16,1560643200,896.0,896.0,896.0,896.0,1,0,1,236.0
20,-110,XB,XBX19,D1,2019-06-17,1560729600,927.375,940.625,927.125,936.875,24162,0,575,407.0
148,-18,XB,XBN19,D1,2019-06-18,1560816000,916.625,921.0,903.0,912.25,617,0,1069,580.0
149,-17,XB,XBN19,D1,2019-06-19,1560902400,910.5,913.0,900.0,900.25,427,125,613,784.0
150,-16,XB,XBN19,D1,2019-06-20,1560988800,901.0,917.0,896.75,914.125,469,0,713,798.0
151,-15,XB,XBN19,D1,2019-06-21,1561075200,914.125,917.0,902.75,904.75,217,0,301,542.0
152,-14,XB,XBN19,D1,2019-06-23,1561248000,904.75,904.75,904.75,904.75,2,0,2,339.0
25,-105,XB,XBX19,D1,2019-06-24,1561334400,927.0,935.375,924.5,932.75,15864,0,314,216.0
154,-12,XB,XBN19,D1,2019-06-25,1561420800,912.875,917.625,900.0,900.0,242,125,462,269.0
155,-11,XB,XBN19,D1,2019-06-26,1561507200,901.5,901.5,893.0,893.0,136,0,304,370.0
28,-102,XB,XBX19,D1,2019-06-27,1561593600,917.625,922.375,908.25,912.0,27143,0,554,415.0
29,-101,XB,XBX19,D1,2019-06-28,1561680000,912.0,928.75,911.625,923.0,122324,0,1104,664.0
102,-34,XB,XBQ19,D1,2019-06-29,1561766400,903.5,903.5,903.5,903.5,1,0,1,240.0
30,-100,XB,XBX19,D1,2019-07-01,1561939200,934.25,934.25,907.5,907.875,38926,0,482,713.0
31,-99,XB,XBX19,D1,2019-07-02,1562025600,908.125,913.125,898.25,898.25,41043,0,537,708.0
32,-98,XB,XBX19,D1,2019-07-03,1562112000,899.0,909.25,896.375,907.5,23010,0,338,452.0
105,-31,XB,XBQ19,D1,2019-07-04,1562198400,889.0,889.0,889.0,889.0,1,22500,2,129.0
33,-97,XB,XBX19,D1,2019-07-05,1562284800,908.0,908.25,893.0,895.0,33378,0,421,432.0
107,-29,XB,XBQ19,D1,2019-07-06,1562371200,876.0,876.0,876.0,876.0,1,0,3,38.0
108,-28,XB,XBQ19,D1,2019-07-07,1562457600,876.0,876.0,876.0,876.0,2,29250,6,39.0
34,-96,XB,XBX19,D1,2019-07-08,1562544000,900.125,908.375,891.75,897.25,26615,0,293,351.0
35,-95,XB,XBX19,D1,2019-07-09,1562630400,899.0,906.0,890.5,903.625,19792,0,345,353.0
36,-94,XB,XBX19,D1,2019-07-10,1562716800,904.375,913.0,899.25,910.125,26178,0,411,350.0
37,-93,XB,XBX19,D1,2019-07-11,1562803200,912.0,917.75,906.0,917.125,45033,0,435,397.0
38,-92,XB,XBX19,D1,2019-07-12,1562889600,917.625,932.25,913.75,932.25,27053,0,530,459.0
114,-22,XB,XBQ19,D1,2019-07-13,1562976000,913.0,913.0,913.0,913.0,1,0,1,180.0
115,-21,XB,XBQ19,D1,2019-07-14,1563062400,913.0,913.0,913.0,913.0,3,0,3,120.0
39,-91,XB,XBX19,D1,2019-07-15,1563148800,933.25,936.25,918.875,919.0,38782,0,607,524.0
40,-90,XB,XBX19,D1,2019-07-16,1563235200,918.75,918.75,903.125,904.25,25897,0,446,528.0
41,-89,XB,XBX19,D1,2019-07-17,1563321600,905.375,912.0,899.625,899.75,19161,0,444,499.0
42,-88,XB,XBX19,D1,2019-07-18,1563408000,898.0,903.625,894.0,899.25,16937,0,384,425.0
43,-87,XB,XBX19,D1,2019-07-19,1563494400,900.0,924.0,897.625,917.625,47876,0,935,588.0
121,-15,XB,XBQ19,D1,2019-07-20,1563580800,899.875,899.875,899.875,899.875,2,0,2,335.0
122,-14,XB,XBQ19,D1,2019-07-21,1563667200,899.875,899.875,899.875,899.875,1,62000,1,267.0
44,-86,XB,XBX19,D1,2019-07-22,1563753600,918.875,921.75,904.0,904.0,24532,0,383,567.0
45,-85,XB,XBX19,D1,2019-07-23,1563840000,907.125,909.625,898.875,902.875,24172,0,461,593.0
46,-84,XB,XBX19,D1,2019-07-24,1563926400,902.0,912.5,901.75,906.0,16900,0,334,393.0
47,-83,XB,XBX19,D1,2019-07-25,1564012800,908.25,913.25,897.5,897.5,14152,0,312,369.0
48,-82,XB,XBX19,D1,2019-07-26,1564099200,899.375,906.875,898.875,899.5,16660,0,317,321.0
128,-8,XB,XBQ19,D1,2019-07-27,1564185600,881.875,881.875,881.875,881.875,2,0,2,111.0
129,-7,XB,XBQ19,D1,2019-07-28,1564272000,881.875,881.875,881.875,881.875,4,0,4,41.0
49,-81,XB,XBX19,D1,2019-07-29,1564358400,900.0,908.75,899.5,903.0,14545,0,408,346.0
50,-80,XB,XBX19,D1,2019-07-30,1564444800,903.125,905.125,889.75,894.75,30555,0,595,440.0
51,-79,XB,XBX19,D1,2019-07-31,1564531200,894.125,899.25,879.25,880.0,28181,0,599,534.0
52,-78,XB,XBX19,D1,2019-08-01,1564617600,880.5,881.5,860.375,867.375,58332,0,801,665.0
53,-77,XB,XBX19,D1,2019-08-02,1564704000,866.125,872.375,863.0,869.5,22534,0,378,593.0
83,-29,XB,XBU19,D1,2019-08-04,1564876800,857.375,857.375,857.375,857.375,3,16000,3,63.0
54,-76,XB,XBX19,D1,2019-08-05,1564963200,869.375,873.75,855.125,868.125,48317,0,692,624.0
55,-75,XB,XBX19,D1,2019-08-06,1565049600,866.375,871.75,864.875,866.25,12381,0,274,448.0
56,-74,XB,XBX19,D1,2019-08-07,1565136000,865.75,869.0,862.125,867.125,11225,0,248,405.0
57,-73,XB,XBX19,D1,2019-08-08,1565222400,867.0,884.5,865.25,884.0,27541,0,718,413.0
58,-72,XB,XBX19,D1,2019-08-09,1565308800,883.25,894.625,881.875,892.875,39350,0,723,563.0
89,-23,XB,XBU19,D1,2019-08-11,1565481600,880.75,880.75,880.75,880.75,5,0,5,68.0
59,-71,XB,XBX19,D1,2019-08-12,1565568000,891.625,892.5,876.125,879.0,70539,0,856,766.0
60,-70,XB,XBX19,D1,2019-08-13,1565654400,879.0,896.375,876.0,889.625,57351,0,797,792.0
61,-69,XB,XBX19,D1,2019-08-14,1565740800,889.0,893.0,877.5,877.5,21046,0,557,737.0
62,-68,XB,XBX19,D1,2019-08-15,1565827200,879.875,883.625,869.0,869.0,26186,0,498,617.0
63,-67,XB,XBX19,D1,2019-08-16,1565913600,871.0,880.875,870.75,878.5,318,125,394,483.0
64,-66,XB,XBX19,D1,2019-08-17,1566000000,878.5,878.5,878.5,878.5,1,0,1,298.0
65,-65,XB,XBX19,D1,2019-08-18,1566086400,878.5,878.5,878.5,878.5,3,16000,3,133.0
66,-64,XB,XBX19,D1,2019-08-19,1566172800,875.0,877.5,864.875,868.0,287,125,342,115.0
67,-63,XB,XBX19,D1,2019-08-20,1566259200,867.75,874.625,866.0,868.0,481,0,661,335.0
68,-62,XB,XBX19,D1,2019-08-21,1566345600,867.5,876.625,866.75,873.0,346,0,452,485.0
69,-61,XB,XBX19,D1,2019-08-22,1566432000,872.625,882.0,867.875,868.5,487,125,689,601.0
70,-60,XB,XBX19,D1,2019-08-23,1566518400,868.25,871.625,854.875,854.875,480,0,647,596.0
71,-59,XB,XBX19,D1,2019-08-25,1566691200,854.875,854.875,854.875,854.875,2,1750,6,447.0
72,-58,XB,XBX19,D1,2019-08-26,1566777600,854.875,870.25,854.875,865.75,692,0,1072,575.0
73,-57,XB,XBX19,D1,2019-08-27,1566864000,865.0,865.875,856.25,858.125,477,0,626,568.0
74,-56,XB,XBX19,D1,2019-08-28,1566950400,858.25,867.375,852.5,864.625,822,0,1185,961.0
75,-55,XB,XBX19,D1,2019-08-29,1567036800,865.0,872.875,865.0,868.125,508,0,644,818.0
76,-54,XB,XBX19,D1,2019-08-30,1567123200,868.125,877.875,866.0,866.5,466,125,607,812.0
77,-53,XB,XBX19,D1,2019-08-31,1567209600,866.5,866.5,866.5,866.5,1,0,1,417.0
78,-52,XB,XBX19,D1,2019-09-01,1567296000,866.5,866.5,866.5,866.5,7,0,7,205.0
79,-51,XB,XBX19,D1,2019-09-03,1567468800,867.875,869.0,859.375,868.125,425,125,506,171.0
80,-50,XB,XBX19,D1,2019-09-04,1567555200,867.625,879.375,864.25,873.625,575,0,764,426.0
81,-49,XB,XBX19,D1,2019-09-05,1567641600,874.125,878.375,858.375,861.375,548,0,701,657.0
82,-48,XB,XBX19,D1,2019-09-06,1567728000,861.5,866.0,856.125,857.625,375,0,463,643.0
83,-47,XB,XBX19,D1,2019-09-09,1567987200,857.375,861.125,850.875,857.875,312,0,375,513.0
84,-46,XB,XBX19,D1,2019-09-10,1568073600,858.5,874.5,857.25,869.75,458,0,648,495.0
85,-45,XB,XBX19,D1,2019-09-11,1568160000,872.0,873.0,864.0,867.125,288,0,397,473.0
86,-44,XB,XBX19,D1,2019-09-12,1568246400,870.375,895.875,869.375,895.0,1501,0,2197,1081.0
87,-43,XB,XBX19,D1,2019-09-13,1568332800,894.0,903.375,893.0,898.0,770,0,925,1173.0
88,-42,XB,XBX19,D1,2019-09-16,1568592000,901.0,905.0,894.625,898.625,530,0,700,1274.0
89,-41,XB,XBX19,D1,2019-09-17,1568678400,900.0,900.0,888.5,892.375,554,0,714,780.0
90,-40,XB,XBX19,D1,2019-09-18,1568764800,894.25,896.375,886.75,889.0,294,0,371,595.0
91,-39,XB,XBX19,D1,2019-09-19,1568851200,889.0,895.0,886.5,893.625,348,0,482,522.0
92,-38,XB,XBX19,D1,2019-09-20,1568937600,893.0,893.0,880.875,882.25,462,125,629,494.0
93,-37,XB,XBX19,D1,2019-09-23,1569196800,882.125,899.0,882.125,888.0,482,125,641,584.0
94,-36,XB,XBX19,D1,2019-09-24,1569283200,892.0,898.75,891.0,892.25,333,0,436,569.0
95,-35,XB,XBX19,D1,2019-09-25,1569369600,893.375,896.875,885.375,889.125,397,0,512,530.0
96,-34,XB,XBX19,D1,2019-09-26,1569456000,888.375,895.25,886.875,887.875,375,0,510,486.0
97,-33,XB,XBX19,D1,2019-09-27,1569542400,888.0,888.25,881.375,882.875,383,0,542,521.0
98,-32,XB,XBX19,D1,2019-09-30,1569801600,883.625,906.625,883.625,903.75,1032,0,1473,842.0
99,-31,XB,XBX19,D1,2019-10-01,1569888000,904.0,919.75,903.375,917.125,895,0,1129,1048.0
100,-30,XB,XBX19,D1,2019-10-02,1569974400,917.125,918.5,912.0,913.625,470,0,621,1074.0
101,-29,XB,XBX19,D1,2019-10-03,1570060800,913.0,918.25,908.5,912.25,373,0,491,747.0
102,-28,XB,XBX19,D1,2019-10-04,1570147200,911.0,921.375,909.125,915.125,484,125,624,579.0
103,-27,XB,XBX19,D1,2019-10-07,1570406400,916.0,919.75,911.75,916.5,296,0,448,521.0
104,-26,XB,XBX19,D1,2019-10-08,1570492800,914.875,923.625,910.625,920.125,473,0,602,558.0
105,-25,XB,XBX19,D1,2019-10-09,1570579200,918.25,931.5,918.25,921.625,625,0,831,627.0
106,-24,XB,XBX19,D1,2019-10-10,1570665600,919.875,934.0,919.0,921.375,743,0,1050,828.0
107,-23,XB,XBX19,D1,2019-10-11,1570752000,923.25,939.0,923.25,931.375,961,0,1407,1096.0
108,-22,XB,XBX19,D1,2019-10-14,1571011200,940.125,945.75,930.875,939.375,790,0,1111,1189.0
109,-21,XB,XBX19,D1,2019-10-15,1571097600,939.0,944.0,932.5,932.5,725,0,959,1159.0
110,-20,XB,XBX19,D1,2019-10-16,1571184000,932.875,938.25,927.625,928.125,541,0,676,915.0
111,-19,XB,XBX19,D1,2019-10-17,1571270400,927.875,940.375,927.25,930.25,570,0,825,820.0
112,-18,XB,XBX19,D1,2019-10-18,1571356800,931.0,938.0,930.25,933.875,492,0,732,744.0
113,-17,XB,XBX19,D1,2019-10-21,1571616000,930.5,939.75,930.0,931.25,594,0,806,788.0
114,-16,XB,XBX19,D1,2019-10-22,1571702400,932.5,945.125,932.0,933.75,622,0,892,810.0
115,-15,XB,XBX19,D1,2019-10-23,1571788800,934.0,938.625,927.875,932.75,465,0,674,791.0
116,-14,XB,XBX19,D1,2019-10-24,1571875200,933.5,939.0,932.5,932.875,346,0,588,718.0
117,-13,XB,XBX19,D1,2019-10-25,1571961600,933.0,936.875,919.625,923.875,380,0,674,645.0
118,-12,XB,XBX19,D1,2019-10-28,1572220800,921.875,925.875,920.5,920.875,311,125,659,640.0
119,-11,XB,XBX19,D1,2019-10-29,1572307200,920.125,925.25,916.125,917.5,237,0,411,581.0
96,-50,XB,XBF20,D1,2019-10-30,1572393600,932.875,936.5,930.0,930.0,420,0,598,627.0
97,-49,XB,XBF20,D1,2019-10-31,1572480000,930.125,935.25,925.25,931.5,452,0,637,632.0
98,-48,XB,XBF20,D1,2019-11-01,1572566400,931.0,938.75,930.625,935.375,489,125,705,647.0
99,-47,XB,XBF20,D1,2019-11-02,1572652800,935.375,935.375,935.375,935.375,3,0,3,448.0
100,-46,XB,XBF20,D1,2019-11-04,1572825600,935.25,942.125,932.5,938.625,510,0,707,472.0
101,-45,XB,XBF20,D1,2019-11-05,1572912000,938.0,940.5,932.25,933.5,293,0,426,379.0
102,-44,XB,XBF20,D1,2019-11-06,1572998400,934.0,935.25,926.875,927.625,332,125,467,533.0
103,-43,XB,XBF20,D1,2019-11-07,1573084800,927.5,938.375,927.0,935.5,583,0,833,575.0
104,-42,XB,XBF20,D1,2019-11-08,1573171200,935.125,938.875,926.375,929.0,521,125,776,692.0
105,-41,XB,XBF20,D1,2019-11-11,1573430400,928.0,928.75,916.125,916.875,536,125,746,785.0
106,-40,XB,XBF20,D1,2019-11-12,1573516800,916.5,920.0,915.0,916.375,339,0,484,669.0
107,-39,XB,XBF20,D1,2019-11-13,1573603200,916.125,921.25,913.375,914.625,347,0,493,574.0
108,-38,XB,XBF20,D1,2019-11-14,1573689600,914.875,917.25,910.875,917.25,315,0,441,473.0
109,-37,XB,XBF20,D1,2019-11-15,1573776000,917.375,923.375,915.25,917.0,342,0,513,482.0
110,-36,XB,XBF20,D1,2019-11-18,1574035200,918.375,921.25,909.25,909.25,294,0,418,457.0
111,-35,XB,XBF20,D1,2019-11-19,1574121600,909.375,917.25,909.375,912.75,238,125,353,428.0
112,-34,XB,XBF20,D1,2019-11-20,1574208000,910.5,915.375,903.5,903.5,274,0,399,390.0
113,-33,XB,XBF20,D1,2019-11-21,1574294400,905.0,909.125,900.0,901.0,277,0,372,375.0
114,-32,XB,XBF20,D1,2019-11-22,1574380800,900.75,903.25,895.25,895.25,277,0,366,379.0
115,-31,XB,XBF20,D1,2019-11-23,1574467200,895.25,895.25,895.25,895.25,1,0,1,246.0
116,-30,XB,XBF20,D1,2019-11-25,1574640000,897.875,902.125,891.25,891.25,322,0,429,265.0
117,-29,XB,XBF20,D1,2019-11-26,1574726400,892.125,894.375,882.875,884.125,353,0,496,309.0
118,-28,XB,XBF20,D1,2019-11-27,1574812800,884.125,887.5,881.75,882.5,208,0,274,400.0
119,-27,XB,XBF20,D1,2019-11-29,1574985600,882.375,884.0,875.875,876.625,152,125,239,336.0
120,-26,XB,XBF20,D1,2019-12-02,1575244800,877.75,882.5,867.75,871.375,433,0,562,358.0
121,-25,XB,XBF20,D1,2019-12-03,1575331200,872.875,875.625,868.5,871.875,284,0,380,394.0
122,-24,XB,XBF20,D1,2019-12-04,1575417600,871.375,879.875,871.375,877.25,370,0,505,482.0
123,-23,XB,XBF20,D1,2019-12-05,1575504000,877.875,888.5,877.75,883.75,377,0,536,474.0
124,-22,XB,XBF20,D1,2019-12-06,1575590400,884.125,894.0,884.125,888.625,404,0,624,555.0
125,-21,XB,XBF20,D1,2019-12-09,1575849600,889.875,903.0,889.875,896.875,519,0,718,626.0
126,-20,XB,XBF20,D1,2019-12-10,1575936000,897.0,902.25,896.375,899.375,317,125,472,605.0
127,-19,XB,XBF20,D1,2019-12-11,1576022400,899.0,901.5,892.25,892.25,283,0,390,527.0
128,-18,XB,XBF20,D1,2019-12-12,1576108800,892.25,901.875,888.25,899.0,514,0,714,525.0
129,-17,XB,XBF20,D1,2019-12-13,1576195200,905.125,916.875,901.75,907.0,1075,0,1560,888.0
130,-16,XB,XBF20,D1,2019-12-16,1576454400,912.0,922.5,911.375,921.0,770,0,1040,1105.0
131,-15,XB,XBF20,D1,2019-12-17,1576540800,921.0,930.625,920.375,928.25,736,0,992,1197.0
132,-14,XB,XBF20,D1,2019-12-18,1576627200,928.0,929.75,923.375,927.375,496,0,657,896.0
133,-13,XB,XBF20,D1,2019-12-19,1576713600,926.875,929.0,921.25,923.75,421,0,568,739.0
134,-12,XB,XBF20,D1,2019-12-20,1576800000,925.0,929.75,924.125,927.75,443,0,579,601.0
135,-11,XB,XBF20,D1,2019-12-23,1577059200,928.875,937.0,927.75,931.25,510,0,780,642.0
136,-10,XB,XBF20,D1,2019-12-24,1577145600,933.0,937.5,928.75,936.25,96,0,182,514.0
137,-9,XB,XBF20,D1,2019-12-26,1577318400,936.375,939.875,936.375,937.875,97,125,174,379.0
93,-48,XB,XBH20,D1,2019-12-27,1577404800,945.75,950.375,938.625,941.75,613,0,809,498.0
94,-47,XB,XBH20,D1,2019-12-30,1577664000,941.0,952.5,940.125,951.25,673,0,994,729.0
95,-46,XB,XBH20,D1,2019-12-31,1577750400,951.125,956.0,947.25,954.625,497,0,677,827.0
96,-45,XB,XBH20,D1,2020-01-02,1577923200,955.375,960.875,954.375,954.625,570,0,798,823.0
97,-44,XB,XBH20,D1,2020-01-03,1578009600,955.875,957.0,937.5,939.5,710,0,985,820.0
98,-43,XB,XBH20,D1,2020-01-06,1578268800,939.125,947.75,938.0,944.125,474,125,658,814.0
99,-42,XB,XBH20,D1,2020-01-07,1578355200,944.125,947.5,937.875,943.0,387,0,496,713.0
100,-41,XB,XBH20,D1,2020-01-08,1578441600,941.5,950.5,938.25,947.875,562,0,705,620.0
101,-40,XB,XBH20,D1,2020-01-09,1578528000,946.875,954.0,939.125,943.375,511,0,651,617.0
102,-39,XB,XBH20,D1,2020-01-10,1578614400,942.875,946.75,925.0,945.5,629,0,894,750.0
103,-38,XB,XBH20,D1,2020-01-13,1578873600,947.0,948.875,938.5,939.5,501,125,650,732.0
104,-37,XB,XBH20,D1,2020-01-14,1578960000,938.75,948.25,938.5,942.875,629,0,836,793.0
105,-36,XB,XBH20,D1,2020-01-15,1579046400,942.0,943.125,928.375,929.625,765,0,1051,846.0
106,-35,XB,XBH20,D1,2020-01-16,1579132800,929.0,930.125,921.875,924.125,665,0,1005,964.0
107,-34,XB,XBH20,D1,2020-01-17,1579219200,924.125,933.25,919.5,929.0,584,125,880,979.0
108,-33,XB,XBH20,D1,2020-01-21,1579564800,929.75,931.0,915.125,915.125,594,0,788,891.0
109,-32,XB,XBH20,D1,2020-01-22,1579651200,916.5,921.75,913.375,914.125,423,125,552,740.0
110,-31,XB,XBH20,D1,2020-01-23,1579737600,913.75,914.5,904.0,908.375,499,125,625,655.0
111,-30,XB,XBH20,D1,2020-01-24,1579824000,909.25,909.25,900.75,902.0,400,125,482,553.0
112,-29,XB,XBH20,D1,2020-01-27,1580083200,898.125,899.875,888.5,897.25,744,125,964,690.0
113,-28,XB,XBH20,D1,2020-01-28,1580169600,898.0,898.0,889.0,895.75,622,125,790,745.0
114,-27,XB,XBH20,D1,2020-01-29,1580256000,895.625,902.875,891.0,892.75,544,0,675,810.0
115,-26,XB,XBH20,D1,2020-01-30,1580342400,892.75,893.875,875.75,875.75,798,0,1043,836.0
116,-25,XB,XBH20,D1,2020-01-31,1580428800,880.0,882.875,872.125,872.5,544,125,728,815.0
117,-24,XB,XBH20,D1,2020-02-03,1580688000,870.5,878.5,868.625,876.625,696,0,913,895.0
118,-23,XB,XBH20,D1,2020-02-04,1580774400,876.0,887.0,874.0,880.25,690,125,971,871.0
119,-22,XB,XBH20,D1,2020-02-05,1580860800,879.125,887.875,878.25,880.0,483,125,598,827.0
120,-21,XB,XBH20,D1,2020-02-06,1580947200,879.5,886.125,876.75,883.25,629,125,754,774.0
121,-20,XB,XBH20,D1,2020-02-07,1581033600,884.5,884.875,876.25,881.5,384,125,526,626.0
122,-19,XB,XBH20,D1,2020-02-10,1581292800,882.375,889.625,879.625,883.75,387,125,532,604.0
123,-18,XB,XBH20,D1,2020-02-11,1581379200,884.375,888.625,878.25,885.5,527,125,691,583.0
124,-17,XB,XBH20,D1,2020-02-12,1581465600,884.875,892.875,882.625,891.5,361,125,506,576.0
125,-16,XB,XBH20,D1,2020-02-13,1581552000,890.875,899.625,888.625,896.25,509,125,727,641.0
126,-15,XB,XBH20,D1,2020-02-14,1581638400,895.375,898.875,890.125,893.25,360,125,523,585.0
127,-14,XB,XBH20,D1,2020-02-18,1581984000,893.125,898.375,889.5,891.5,431,0,542,597.0
128,-13,XB,XBH20,D1,2020-02-19,1582070400,891.5,898.25,885.125,898.0,479,125,547,537.0
129,-12,XB,XBH20,D1,2020-02-20,1582156800,896.0,897.75,891.5,892.375,354,125,479,523.0
130,-11,XB,XBH20,D1,2020-02-21,1582243200,892.25,901.875,888.0,888.75,379,0,649,558.0
131,-10,XB,XBH20,D1,2020-02-24,1582502400,888.625,888.625,871.0,873.0,231,125,475,534.0
89,-51,XB,XBK20,D1,2020-02-25,1582588800,885.0,888.5,881.375,886.625,316,125,459,588.0
90,-50,XB,XBK20,D1,2020-02-26,1582675200,888.125,898.875,885.5,891.5,538,125,913,724.0
91,-49,XB,XBK20,D1,2020-02-27,1582761600,891.0,897.0,878.875,894.0,586,0,1133,835.0
92,-48,XB,XBK20,D1,2020-02-28,1582848000,894.5,895.125,880.0,893.0,611,125,849,965.0
93,-47,XB,XBK20,D1,2020-03-02,1583107200,892.0,904.25,891.5,899.75,293,125,412,798.0
94,-46,XB,XBK20,D1,2020-03-03,1583193600,903.25,907.25,899.5,902.75,261,0,363,541.0
95,-45,XB,XBK20,D1,2020-03-04,1583280000,903.5,910.875,903.25,906.75,358,0,556,444.0
96,-44,XB,XBK20,D1,2020-03-05,1583366400,906.75,912.25,894.875,896.875,438,0,759,559.0
97,-43,XB,XBK20,D1,2020-03-06,1583452800,897.375,900.0,889.0,889.5,350,0,707,674.0
98,-42,XB,XBK20,D1,2020-03-09,1583712000,879.25,882.75,867.25,869.0,633,0,1046,837.0
99,-41,XB,XBK20,D1,2020-03-10,1583798400,873.0,884.875,873.0,876.375,460,125,777,843.0
100,-40,XB,XBK20,D1,2020-03-11,1583884800,875.875,883.0,872.625,874.0,283,125,462,762.0
101,-39,XB,XBK20,D1,2020-03-12,1583971200,872.75,872.75,852.5,857.375,592,0,1405,881.0
102,-38,XB,XBK20,D1,2020-03-13,1584057600,856.5,871.75,845.25,847.125,631,125,1115,994.0
103,-37,XB,XBK20,D1,2020-03-16,1584316800,842.0,854.375,821.0,827.0,587,125,979,1166.0
104,-36,XB,XBK20,D1,2020-03-17,1584403200,822.75,832.25,822.5,825.5,456,125,1089,1061.0
105,-35,XB,XBK20,D1,2020-03-18,1584489600,830.0,838.5,822.25,824.375,453,125,920,996.0
106,-34,XB,XBK20,D1,2020-03-19,1584576000,827.5,855.125,825.75,844.0,923,0,2038,1349.0
107,-33,XB,XBK20,D1,2020-03-20,1584662400,844.375,864.125,844.375,862.625,803,125,1672,1543.0
108,-32,XB,XBK20,D1,2020-03-23,1584921600,859.875,885.75,857.25,878.25,885,0,2143,1951.0
109,-31,XB,XBK20,D1,2020-03-24,1585008000,883.375,887.625,872.5,883.5,642,125,1562,1792.0
110,-30,XB,XBK20,D1,2020-03-25,1585094400,883.75,896.375,880.0,880.0,723,0,1566,1757.0
111,-29,XB,XBK20,D1,2020-03-26,1585180800,881.625,884.5,871.0,881.375,608,125,1344,1491.0
112,-28,XB,XBK20,D1,2020-03-27,1585267200,879.0,888.25,875.5,885.0,593,0,1328,1413.0
113,-27,XB,XBK20,D1,2020-03-30,1585526400,880.0,892.125,877.0,880.5,507,125,1076,1249.0
114,-26,XB,XBK20,D1,2020-03-31,1585612800,882.25,887.25,875.25,885.0,537,125,1283,1229.0
115,-25,XB,XBK20,D1,2020-04-01,1585699200,883.875,887.0,861.0,864.25,545,125,1338,1232.0
116,-24,XB,XBK20,D1,2020-04-02,1585785600,864.375,869.75,857.125,857.5,643,0,1264,1295.0
117,-23,XB,XBK20,D1,2020-04-03,1585872000,859.0,864.125,850.5,855.75,452,0,818,1140.0
118,-22,XB,XBK20,D1,2020-04-05,1586044800,855.75,855.75,855.75,855.75,1,0,2,695.0
119,-21,XB,XBK20,D1,2020-04-06,1586131200,853.5,858.875,848.5,855.5,455,125,802,541.0
120,-20,XB,XBK20,D1,2020-04-07,1586217600,856.875,862.375,854.0,858.5,537,0,1123,642.0
121,-19,XB,XBK20,D1,2020-04-08,1586304000,854.625,860.375,851.875,856.75,397,125,960,962.0
122,-18,XB,XBK20,D1,2020-04-09,1586390400,855.5,866.25,854.5,865.5,547,125,1438,1174.0
123,-17,XB,XBK20,D1,2020-04-13,1586736000,863.125,870.0,850.75,855.75,567,125,1275,1224.0
124,-16,XB,XBK20,D1,2020-04-14,1586822400,854.5,856.625,845.75,845.75,439,125,1218,1310.0
125,-15,XB,XBK20,D1,2020-04-15,1586908800,847.0,852.375,838.875,841.875,545,0,1566,1353.0
126,-14,XB,XBK20,D1,2020-04-16,1586995200,841.0,846.125,835.25,835.875,240,125,450,1078.0
127,-13,XB,XBK20,D1,2020-04-17,1587081600,838.25,843.0,831.75,831.75,286,0,473,830.0
128,-12,XB,XBK20,D1,2020-04-20,1587340800,833.125,835.25,823.125,823.125,201,0,270,398.0
86,-58,XB,XBN20,D1,2020-04-21,1587427200,836.375,843.25,818.25,841.25,409,125,814,606.0
87,-57,XB,XBN20,D1,2020-04-22,1587513600,840.75,848.75,836.25,842.875,344,0,620,634.0
88,-56,XB,XBN20,D1,2020-04-23,1587600000,841.75,856.5,841.75,849.0,615,0,1086,840.0
89,-55,XB,XBN20,D1,2020-04-24,1587686400,847.875,850.5,834.25,834.5,674,125,1131,946.0
90,-54,XB,XBN20,D1,2020-04-25,1587772800,834.5,834.5,834.5,834.5,1,0,1,739.0
91,-53,XB,XBN20,D1,2020-04-27,1587945600,837.25,846.125,835.0,836.0,644,0,1367,833.0
92,-52,XB,XBN20,D1,2020-04-28,1588032000,836.875,841.625,829.375,829.375,621,0,1252,873.0
93,-51,XB,XBN20,D1,2020-04-29,1588118400,832.0,840.5,830.375,839.75,533,0,1137,1252.0
94,-50,XB,XBN20,D1,2020-04-30,1588204800,838.875,855.875,838.375,855.875,874,125,1546,1312.0
95,-49,XB,XBN20,D1,2020-05-01,1588291200,853.25,855.25,846.75,848.625,396,125,557,1080.0
96,-48,XB,XBN20,D1,2020-05-04,1588550400,848.25,848.25,832.125,835.125,475,125,731,945.0
97,-47,XB,XBN20,D1,2020-05-05,1588636800,838.625,840.375,833.5,838.875,326,125,586,625.0
98,-46,XB,XBN20,D1,2020-05-06,1588723200,839.375,841.75,831.75,832.75,454,125,1178,832.0
99,-45,XB,XBN20,D1,2020-05-07,1588809600,831.125,848.0,831.125,843.0,541,0,1189,984.0
100,-44,XB,XBN20,D1,2020-05-08,1588896000,842.5,856.875,842.5,851.5,688,125,1097,1155.0
101,-43,XB,XBN20,D1,2020-05-11,1589155200,853.0,861.25,848.375,855.375,606,125,955,1080.0
102,-42,XB,XBN20,D1,2020-05-12,1589241600,854.25,858.25,849.375,851.75,459,125,775,942.0
103,-41,XB,XBN20,D1,2020-05-13,1589328000,850.875,853.875,836.875,837.625,649,0,1319,1016.0
104,-40,XB,XBN20,D1,2020-05-14,1589414400,838.875,844.625,834.75,838.625,343,0,582,892.0
105,-39,XB,XBN20,D1,2020-05-15,1589500800,838.0,843.0,836.0,838.75,331,0,431,777.0
106,-38,XB,XBN20,D1,2020-05-18,1589760000,840.0,847.625,839.0,845.5,405,125,548,520.0
107,-37,XB,XBN20,D1,2020-05-19,1589846400,845.75,848.625,839.125,843.375,397,0,635,538.0
108,-36,XB,XBN20,D1,2020-05-20,1589932800,842.5,849.5,842.375,846.5,392,0,707,630.0
109,-35,XB,XBN20,D1,2020-05-21,1590019200,846.5,848.125,833.625,834.75,550,125,1007,783.0
110,-34,XB,XBN20,D1,2020-05-22,1590105600,835.375,839.25,828.375,833.0,493,125,869,861.0
111,-33,XB,XBN20,D1,2020-05-26,1590451200,832.875,849.0,831.25,845.25,640,125,1118,998.0
112,-32,XB,XBN20,D1,2020-05-27,1590537600,847.125,851.0,843.5,849.125,486,0,884,957.0
113,-31,XB,XBN20,D1,2020-05-28,1590624000,848.5,852.0,838.75,847.5,405,125,575,859.0
114,-30,XB,XBN20,D1,2020-05-29,1590710400,846.0,846.0,837.125,840.0,329,125,508,656.0
115,-29,XB,XBN20,D1,2020-05-30,1590796800,840.0,840.0,840.0,840.0,2,0,2,362.0
116,-28,XB,XBN20,D1,2020-05-31,1590883200,840.0,840.0,840.0,840.0,1,0,1,170.0
117,-27,XB,XBN20,D1,2020-06-01,1590969600,842.625,848.75,833.5,841.875,604,0,777,260.0
118,-26,XB,XBN20,D1,2020-06-02,1591056000,840.0,855.75,838.5,850.625,632,125,834,537.0
119,-25,XB,XBN20,D1,2020-06-03,1591142400,851.25,858.0,851.25,858.0,567,0,768,793.0
120,-24,XB,XBN20,D1,2020-06-04,1591228800,856.875,873.125,855.125,869.375,1069,125,1456,1019.0
121,-23,XB,XBN20,D1,2020-06-05,1591315200,867.75,873.125,865.125,867.0,872,0,1313,1179.0
122,-22,XB,XBN20,D1,2020-06-08,1591574400,868.75,871.5,862.0,863.0,595,0,869,1213.0
123,-21,XB,XBN20,D1,2020-06-09,1591660800,864.0,866.25,856.625,863.625,516,125,755,979.0
124,-20,XB,XBN20,D1,2020-06-10,1591747200,863.75,869.125,861.25,867.25,485,0,726,783.0
125,-19,XB,XBN20,D1,2020-06-11,1591833600,864.75,869.375,861.0,867.5,582,0,851,777.0
126,-18,XB,XBN20,D1,2020-06-12,1591920000,866.0,873.0,863.75,871.375,566,125,740,772.0
127,-17,XB,XBN20,D1,2020-06-15,1592179200,870.5,871.75,864.625,869.0,410,125,614,735.0
128,-16,XB,XBN20,D1,2020-06-16,1592265600,869.375,872.875,864.75,866.25,399,0,558,637.0
129,-15,XB,XBN20,D1,2020-06-17,1592352000,866.125,875.625,860.125,870.25,659,0,977,716.0
130,-14,XB,XBN20,D1,2020-06-18,1592438400,871.0,876.75,870.125,872.5,554,125,748,761.0
131,-13,XB,XBN20,D1,2020-06-19,1592524800,872.625,880.375,871.5,874.75,535,0,755,827.0
132,-12,XB,XBN20,D1,2020-06-22,1592784000,875.25,879.75,872.625,875.375,396,125,504,669.0
133,-11,XB,XBN20,D1,2020-06-23,1592870400,876.0,878.75,865.75,874.375,311,125,446,568.0
134,-10,XB,XBN20,D1,2020-06-24,1592956800,875.0,877.75,870.0,870.0,150,125,271,407.0
23,-102,XB,XBX20,D1,2020-06-25,1593043200,870.125,870.625,860.0,868.0,19796,0,513,524.0
24,-101,XB,XBX20,D1,2020-06-26,1593129600,867.875,870.0,859.375,860.75,13020,0,453,440.0
137,-7,XB,XBN20,D1,2020-06-28,1593302400,863.75,863.75,863.75,863.75,1,11000,6,275.0
25,-100,XB,XBX20,D1,2020-06-29,1593388800,860.0,865.0,856.875,864.75,19584,0,535,500.0
26,-99,XB,XBX20,D1,2020-06-30,1593475200,861.0,887.0,860.0,882.25,91990,0,1399,796.0
27,-98,XB,XBX20,D1,2020-07-01,1593561600,882.0,901.625,880.75,894.0,81344,0,2135,1356.0
28,-97,XB,XBX20,D1,2020-07-02,1593648000,897.875,902.875,895.625,896.125,45850,0,820,1451.0
29,-96,XB,XBX20,D1,2020-07-06,1593993600,902.625,912.0,902.625,907.125,55050,0,1489,1481.0
30,-95,XB,XBX20,D1,2020-07-07,1594080000,906.25,908.625,900.25,900.75,35009,0,969,1093.0
31,-94,XB,XBX20,D1,2020-07-08,1594166400,901.0,902.0,895.375,895.875,31983,0,1146,1201.0
32,-93,XB,XBX20,D1,2020-07-09,1594252800,898.5,909.125,897.625,901.875,43516,0,1499,1205.0
33,-92,XB,XBX20,D1,2020-07-10,1594339200,901.5,904.75,887.75,890.0,56137,0,1628,1424.0
34,-91,XB,XBX20,D1,2020-07-13,1594598400,885.375,886.375,871.375,873.75,44523,0,1329,1485.0
35,-90,XB,XBX20,D1,2020-07-14,1594684800,876.0,882.5,874.125,878.875,31886,0,1336,1431.0
36,-89,XB,XBX20,D1,2020-07-15,1594771200,878.375,883.875,876.625,880.875,25068,0,629,1098.0
37,-88,XB,XBX20,D1,2020-07-16,1594857600,883.125,893.25,883.125,891.625,27220,0,713,893.0
38,-87,XB,XBX20,D1,2020-07-17,1594944000,891.0,896.125,891.0,894.5,15583,0,630,657.0
39,-86,XB,XBX20,D1,2020-07-20,1595203200,895.25,901.875,894.625,898.75,37664,0,1334,892.0
40,-85,XB,XBX20,D1,2020-07-21,1595289600,899.125,899.125,890.375,892.375,24495,0,1173,1046.0
41,-84,XB,XBX20,D1,2020-07-22,1595376000,892.875,897.875,888.125,894.25,27510,0,949,1152.0
42,-83,XB,XBX20,D1,2020-07-23,1595462400,892.25,900.25,892.25,899.375,29005,0,1231,1118.0
43,-82,XB,XBX20,D1,2020-07-24,1595548800,899.75,903.375,894.875,898.375,34005,0,1319,1166.0
44,-81,XB,XBX20,D1,2020-07-27,1595808000,896.875,903.875,896.0,899.0,34104,0,1322,1291.0
45,-80,XB,XBX20,D1,2020-07-28,1595894400,896.25,896.25,883.0,887.5,38022,0,1312,1318.0
46,-79,XB,XBX20,D1,2020-07-29,1595980800,887.25,889.125,883.625,887.0,25685,0,753,1129.0
47,-78,XB,XBX20,D1,2020-07-30,1596067200,885.0,889.875,880.75,888.5,35476,0,1114,1060.0
48,-77,XB,XBX20,D1,2020-07-31,1596153600,888.375,894.5,888.375,892.0,26628,0,1115,994.0
74,-23,XB,XBU20,D1,2020-08-01,1596240000,894.75,894.75,894.75,894.75,5,0,5,47.0
49,-76,XB,XBX20,D1,2020-08-03,1596412800,892.5,899.5,891.125,895.125,28490,0,900,1043.0
50,-75,XB,XBX20,D1,2020-08-04,1596499200,893.0,894.75,879.5,883.0,34770,0,1331,1115.0
51,-74,XB,XBX20,D1,2020-08-05,1596585600,882.625,884.625,876.375,877.125,30220,0,1012,1081.0
52,-73,XB,XBX20,D1,2020-08-06,1596672000,877.5,883.75,875.5,877.625,29430,0,774,1039.0
53,-72,XB,XBX20,D1,2020-08-07,1596758400,878.25,879.25,866.625,868.375,29007,0,1192,993.0
54,-71,XB,XBX20,D1,2020-08-10,1597017600,867.625,875.75,865.5,873.0,30109,0,1097,1021.0
55,-70,XB,XBX20,D1,2020-08-11,1597104000,872.0,877.125,870.5,872.625,22624,0,1116,1135.0
56,-69,XB,XBX20,D1,2020-08-12,1597190400,872.75,883.875,860.5,882.5,73738,0,1366,1193.0
57,-68,XB,XBX20,D1,2020-08-13,1597276800,883.0,902.375,883.0,897.625,71511,0,2177,1553.0
58,-67,XB,XBX20,D1,2020-08-14,1597363200,897.375,899.125,894.125,897.0,33424,0,1778,1774.0
59,-66,XB,XBX20,D1,2020-08-17,1597622400,901.375,917.25,901.25,914.5,73383,0,2774,2243.0
60,-65,XB,XBX20,D1,2020-08-18,1597708800,914.25,916.875,910.125,913.125,57202,0,1455,2002.0
61,-64,XB,XBX20,D1,2020-08-19,1597795200,912.25,919.375,909.875,912.125,37295,0,1117,1782.0
62,-63,XB,XBX20,D1,2020-08-20,1597881600,913.0,916.0,902.625,904.875,38274,0,1005,1192.0
63,-62,XB,XBX20,D1,2020-08-21,1597968000,905.875,910.625,903.0,903.0,26597,0,696,939.0
64,-61,XB,XBX20,D1,2020-08-24,1598227200,905.0,912.0,901.25,906.5,28484,0,779,827.0
65,-60,XB,XBX20,D1,2020-08-25,1598313600,910.375,920.625,910.375,919.75,53623,0,1609,1028.0
66,-59,XB,XBX20,D1,2020-08-26,1598400000,919.5,925.625,919.125,923.0,39581,0,1798,1395.0
67,-58,XB,XBX20,D1,2020-08-27,1598486400,924.0,948.625,924.0,939.875,120531,0,3361,2256.0
68,-57,XB,XBX20,D1,2020-08-28,1598572800,941.0,952.0,940.0,949.0,81229,0,2203,2454.0
69,-56,XB,XBX20,D1,2020-08-31,1598832000,955.0,967.0,951.5,952.375,93951,0,2814,2793.0
70,-55,XB,XBX20,D1,2020-09-01,1598918400,951.5,959.375,942.875,952.875,88947,0,2223,2413.0
71,-54,XB,XBX20,D1,2020-09-02,1599004800,953.0,963.0,945.875,962.0,81517,0,1852,2296.0
72,-53,XB,XBX20,D1,2020-09-03,1599091200,962.0,968.375,957.875,965.25,70243,0,1665,1913.0
73,-52,XB,XBX20,D1,2020-09-04,1599177600,965.0,969.625,960.75,967.875,47341,0,1312,1610.0
74,-51,XB,XBX20,D1,2020-09-08,1599523200,970.0,976.75,962.125,973.0,95818,0,2523,1833.0
75,-50,XB,XBX20,D1,2020-09-09,1599609600,972.0,981.625,968.375,978.0,57722,0,1697,1844.0
76,-49,XB,XBX20,D1,2020-09-10,1599696000,978.25,981.75,974.125,976.5,40928,0,1179,1800.0
77,-48,XB,XBX20,D1,2020-09-11,1599782400,976.5,998.0,975.0,994.0,179479,0,4040,2305.0
78,-47,XB,XBX20,D1,2020-09-14,1600041600,995.75,1008.25,995.375,997.125,97553,0,2349,2523.0
79,-46,XB,XBX20,D1,2020-09-15,1600128000,1000.0,1005.5,990.125,992.375,81272,0,2009,2799.0
80,-45,XB,XBX20,D1,2020-09-16,1600214400,990.875,1013.625,985.25,1010.125,133973,0,2958,2439.0
81,-44,XB,XBX20,D1,2020-09-17,1600300800,1011.0,1032.125,1005.125,1027.875,219025,0,4288,3085.0
82,-43,XB,XBX20,D1,2020-09-18,1600387200,1027.625,1046.5,1027.5,1043.875,195306,0,4343,3863.0
83,-42,XB,XBX20,D1,2020-09-21,1600646400,1041.25,1045.0,1019.25,1020.25,2348,125,3434,4022.0
84,-41,XB,XBX20,D1,2020-09-22,1600732800,1020.25,1036.75,1013.25,1020.0,2039,125,3070,3616.0
85,-40,XB,XBX20,D1,2020-09-23,1600819200,1019.875,1025.375,1010.75,1013.0,1708,0,2327,2944.0
86,-39,XB,XBX20,D1,2020-09-24,1600905600,1012.5,1014.5,997.25,998.25,2317,0,3158,2852.0
87,-38,XB,XBX20,D1,2020-09-25,1600992000,998.5,1007.875,995.375,1000.0,1778,125,3081,2855.0
88,-37,XB,XBX20,D1,2020-09-28,1601251200,1001.375,1007.5,991.5,993.875,1640,125,2197,2812.0
89,-36,XB,XBX20,D1,2020-09-29,1601337600,994.375,997.5,985.75,989.75,1536,0,2161,2480.0
90,-35,XB,XBX20,D1,2020-09-30,1601424000,992.0,1034.5,987.625,1020.625,4465,125,5508,3289.0
91,-34,XB,XBX20,D1,2020-10-01,1601510400,1022.5,1034.25,1021.75,1024.25,1880,0,2459,3376.0
92,-33,XB,XBX20,D1,2020-10-02,1601596800,1024.0,1027.75,1013.0,1019.75,1746,125,2191,3386.0
93,-32,XB,XBX20,D1,2020-10-05,1601856000,1019.75,1025.5,1015.875,1020.375,1166,125,1510,2053.0
94,-31,XB,XBX20,D1,2020-10-06,1601942400,1021.0,1053.5,1021.0,1041.625,2879,0,3615,2439.0
95,-30,XB,XBX20,D1,2020-10-07,1602028800,1041.75,1059.625,1037.25,1049.0,2450,125,3800,2975.0
96,-29,XB,XBX20,D1,2020-10-08,1602115200,1051.0,1069.0,1048.75,1049.5,2866,0,3849,3755.0
97,-28,XB,XBX20,D1,2020-10-09,1602201600,1050.0,1078.5,1047.0,1062.25,3809,125,5311,4320.0
98,-27,XB,XBX20,D1,2020-10-10,1602288000,1062.25,1062.25,1062.25,1062.25,1,0,1,3054.0
99,-26,XB,XBX20,D1,2020-10-11,1602374400,1062.25,1062.25,1062.25,1062.25,1,0,1,1771.0
100,-25,XB,XBX20,D1,2020-10-12,1602460800,1065.0,1073.5,1031.5,1034.125,3429,0,4960,1654.0
101,-24,XB,XBX20,D1,2020-10-13,1602547200,1033.625,1046.0,1033.25,1042.75,1636,0,2287,2416.0
102,-23,XB,XBX20,D1,2020-10-14,1602633600,1043.0,1059.75,1039.625,1055.75,1854,125,2647,3298.0
103,-22,XB,XBX20,D1,2020-10-15,1602720000,1057.25,1064.25,1037.125,1060.375,2465,125,3424,2786.0
104,-21,XB,XBX20,D1,2020-10-16,1602806400,1062.375,1070.5,1048.75,1049.0,2163,0,2716,2929.0
105,-20,XB,XBX20,D1,2020-10-17,1602892800,1049.0,1049.0,1049.0,1049.0,1,0,1,2047.0
106,-19,XB,XBX20,D1,2020-10-19,1603065600,1051.5,1058.375,1047.875,1052.5,1578,0,2105,1607.0
107,-18,XB,XBX20,D1,2020-10-20,1603152000,1055.75,1065.875,1051.5,1065.25,1574,125,1997,1368.0
108,-17,XB,XBX20,D1,2020-10-21,1603238400,1064.125,1077.0,1064.125,1070.75,1301,125,1709,1937.0
109,-16,XB,XBX20,D1,2020-10-22,1603324800,1072.25,1085.0,1063.75,1070.875,1949,0,2487,2064.0
110,-15,XB,XBX20,D1,2020-10-23,1603411200,1070.875,1088.375,1065.625,1086.875,1570,125,2229,2142.0
111,-14,XB,XBX20,D1,2020-10-26,1603670400,1083.875,1089.875,1077.875,1085.25,547,0,931,1882.0
92,-56,XB,XBF21,D1,2020-10-27,1603756800,1081.875,1088.75,1072.0,1073.25,1578,125,2050,1723.0
93,-55,XB,XBF21,D1,2020-10-28,1603843200,1075.875,1075.875,1054.25,1055.5,2366,0,3150,2416.0
94,-54,XB,XBF21,D1,2020-10-29,1603929600,1056.25,1058.375,1048.5,1052.5,2019,0,2484,2561.0
95,-53,XB,XBF21,D1,2020-10-30,1604016000,1050.125,1062.625,1046.75,1053.75,2128,0,2775,2803.0
96,-52,XB,XBF21,D1,2020-11-02,1604275200,1054.0,1056.5,1044.75,1055.0,1690,0,2200,2486.0
97,-51,XB,XBF21,D1,2020-11-03,1604361600,1052.25,1070.625,1052.0,1063.5,1917,125,2527,2501.0
98,-50,XB,XBF21,D1,2020-11-04,1604448000,1062.25,1087.75,1056.0,1085.25,1714,0,2474,2400.0
99,-49,XB,XBF21,D1,2020-11-05,1604534400,1084.75,1112.25,1083.625,1103.875,3057,125,4258,3086.0
100,-48,XB,XBF21,D1,2020-11-06,1604620800,1102.5,1109.875,1098.625,1099.0,1819,0,2528,3087.0
101,-47,XB,XBF21,D1,2020-11-09,1604880000,1101.0,1117.875,1099.625,1110.875,2096,125,3034,3273.0
102,-46,XB,XBF21,D1,2020-11-10,1604966400,1110.375,1153.25,1108.0,1145.0,3512,0,4713,3425.0
103,-45,XB,XBF21,D1,2020-11-11,1605052800,1146.125,1162.25,1144.875,1152.375,2426,125,3487,3745.0
104,-44,XB,XBF21,D1,2020-11-12,1605139200,1152.5,1154.0,1139.875,1145.875,1567,125,2137,3446.0
105,-43,XB,XBF21,D1,2020-11-13,1605225600,1145.5,1156.875,1138.0,1148.125,1716,125,2498,2707.0
106,-42,XB,XBF21,D1,2020-11-16,1605484800,1150.125,1155.125,1143.875,1153.625,1422,125,1971,2202.0
107,-41,XB,XBF21,D1,2020-11-17,1605571200,1156.5,1178.375,1156.5,1170.375,2223,0,2846,2438.0
108,-40,XB,XBF21,D1,2020-11-18,1605657600,1170.0,1189.625,1168.0,1172.875,2101,125,2700,2506.0
109,-39,XB,XBF21,D1,2020-11-19,1605744000,1173.875,1181.375,1161.75,1176.5,2349,0,3142,2896.0
110,-38,XB,XBF21,D1,2020-11-20,1605830400,1179.0,1196.5,1176.875,1179.75,2107,125,2741,2861.0
111,-37,XB,XBF21,D1,2020-11-23,1606089600,1193.875,1200.0,1186.125,1192.625,1375,125,1746,2543.0
112,-36,XB,XBF21,D1,2020-11-24,1606176000,1190.5,1193.75,1174.0,1193.75,1671,125,2120,2202.0
113,-35,XB,XBF21,D1,2020-11-25,1606262400,1197.25,1198.5,1183.5,1184.125,1325,125,1657,1841.0
114,-34,XB,XBF21,D1,2020-11-27,1606435200,1185.0,1195.0,1179.625,1195.0,613,125,783,1520.0
115,-33,XB,XBF21,D1,2020-11-30,1606694400,1197.75,1199.0,1167.875,1168.625,1795,0,2600,1680.0
116,-32,XB,XBF21,D1,2020-12-01,1606780800,1170.0,1176.0,1160.875,1163.125,1361,125,1743,1709.0
117,-31,XB,XBF21,D1,2020-12-02,1606867200,1163.125,1163.125,1142.75,1152.75,1638,125,2026,2123.0
118,-30,XB,XBF21,D1,2020-12-03,1606953600,1153.75,1170.875,1152.0,1166.375,1253,0,1487,1752.0
119,-29,XB,XBF21,D1,2020-12-04,1607040000,1168.0,1172.375,1157.75,1164.75,1049,0,1303,1605.0
120,-28,XB,XBF21,D1,2020-12-07,1607299200,1159.125,1169.0,1149.125,1156.0,1271,125,1563,1451.0
121,-27,XB,XBF21,D1,2020-12-08,1607385600,1156.75,1160.5,1143.0,1147.75,1285,0,1655,1507.0
122,-26,XB,XBF21,D1,2020-12-09,1607472000,1145.25,1161.0,1145.25,1158.625,921,0,1180,1466.0
123,-25,XB,XBF21,D1,2020-12-10,1607558400,1159.125,1178.0,1150.5,1154.0,2933,125,3684,2173.0
124,-24,XB,XBF21,D1,2020-12-11,1607644800,1155.0,1163.875,1151.125,1163.375,1444,125,1806,2223.0
125,-23,XB,XBF21,D1,2020-12-12,1607731200,1163.375,1163.375,1163.375,1163.375,1,3000,1,1830.0
126,-22,XB,XBF21,D1,2020-12-14,1607904000,1163.25,1173.125,1161.25,1168.375,1002,0,1272,1026.0
127,-21,XB,XBF21,D1,2020-12-15,1607990400,1170.25,1187.25,1161.75,1184.25,1690,0,2128,1134.0
128,-20,XB,XBF21,D1,2020-12-16,1608076800,1185.875,1195.0,1182.0,1182.375,1411,125,1816,1739.0
129,-19,XB,XBF21,D1,2020-12-17,1608163200,1183.0,1202.875,1179.5,1200.875,1559,0,1904,1949.0
130,-18,XB,XBF21,D1,2020-12-18,1608249600,1202.125,1224.5,1201.5,1214.75,1493,0,1813,1844.0
131,-17,XB,XBF21,D1,2020-12-20,1608422400,1214.75,1214.75,1214.75,1214.75,1,0,2,1240.0
132,-16,XB,XBF21,D1,2020-12-21,1608508800,1229.875,1243.75,1213.5,1238.625,2419,0,2965,1593.0
133,-15,XB,XBF21,D1,2020-12-22,1608595200,1243.25,1252.0,1237.0,1248.125,1536,0,1911,1626.0
134,-14,XB,XBF21,D1,2020-12-23,1608681600,1248.125,1266.5,1240.5,1262.625,1094,125,1460,2112.0
93,-55,XB,XBH21,D1,2020-12-24,1608768000,1260.375,1275.0,1260.375,1264.875,1193,125,1475,1283.0
94,-54,XB,XBH21,D1,2020-12-28,1609113600,1274.625,1280.0,1247.0,1254.0,2060,0,2883,1826.0
95,-53,XB,XBH21,D1,2020-12-29,1609200000,1255.5,1299.625,1246.125,1299.0,2640,0,3327,2562.0
96,-52,XB,XBH21,D1,2020-12-30,1609286400,1295.875,1305.5,1280.125,1297.5,2872,0,3857,3356.0
97,-51,XB,XBH21,D1,2020-12-31,1609372800,1298.375,1320.5,1295.875,1309.5,2194,0,3148,3444.0
98,-50,XB,XBH21,D1,2021-01-04,1609718400,1319.625,1349.25,1300.75,1311.125,4411,125,6273,4426.0
99,-49,XB,XBH21,D1,2021-01-05,1609804800,1313.0,1373.0,1313.0,1353.25,4474,0,6060,5160.0
100,-48,XB,XBH21,D1,2021-01-06,1609891200,1356.5,1378.875,1355.0,1367.0,3584,0,4769,5701.0
101,-47,XB,XBH21,D1,2021-01-07,1609977600,1364.0,1369.0,1341.75,1357.875,3074,0,4301,5043.0
102,-46,XB,XBH21,D1,2021-01-08,1610064000,1359.625,1386.0,1348.25,1372.0,3281,125,4246,4439.0
103,-45,XB,XBH21,D1,2021-01-09,1610150400,1372.0,1372.0,1372.0,1372.0,1,0,1,2849.0
104,-44,XB,XBH21,D1,2021-01-11,1610323200,1378.625,1388.625,1353.875,1368.75,2620,125,3427,2558.0
105,-43,XB,XBH21,D1,2021-01-12,1610409600,1372.0,1427.25,1355.375,1423.875,3587,0,5856,3095.0
106,-42,XB,XBH21,D1,2021-01-13,1610496000,1422.25,1436.125,1399.0,1405.0,2570,125,3359,4214.0
107,-41,XB,XBH21,D1,2021-01-14,1610582400,1406.125,1435.375,1402.75,1430.0,1731,125,2170,3795.0
108,-40,XB,XBH21,D1,2021-01-15,1610668800,1431.25,1434.375,1411.75,1411.75,1694,125,2219,2583.0
109,-39,XB,XBH21,D1,2021-01-19,1611014400,1419.0,1420.875,1379.125,1383.0,2156,125,2872,2420.0
110,-38,XB,XBH21,D1,2021-01-20,1611100800,1382.75,1384.75,1350.75,1366.5,2815,0,3597,2896.0
111,-37,XB,XBH21,D1,2021-01-21,1611187200,1368.5,1387.0,1366.375,1366.5,1699,0,2165,2878.0
112,-36,XB,XBH21,D1,2021-01-22,1611273600,1367.125,1367.125,1305.125,1305.5,3712,0,4928,3563.0
113,-35,XB,XBH21,D1,2021-01-25,1611532800,1308.0,1352.125,1297.875,1344.75,3139,125,4293,3795.0
114,-34,XB,XBH21,D1,2021-01-26,1611619200,1348.0,1376.25,1333.5,1374.875,2322,0,2973,4065.0
115,-33,XB,XBH21,D1,2021-01-27,1611705600,1373.5,1394.5,1364.5,1372.875,2595,125,3319,3528.0
116,-32,XB,XBH21,D1,2021-01-28,1611792000,1370.0,1391.125,1345.0,1350.5,2765,125,3659,3317.0
117,-31,XB,XBH21,D1,2021-01-29,1611878400,1353.125,1376.0,1335.875,1364.25,2366,125,3041,3340.0
118,-30,XB,XBH21,D1,2021-01-30,1611964800,1364.25,1364.25,1364.25,1364.25,1,13500,1,2234.0
119,-29,XB,XBH21,D1,2021-01-31,1612051200,1364.25,1364.25,1364.25,1364.25,1,13500,1,1014.0
120,-28,XB,XBH21,D1,2021-02-01,1612137600,1372.0,1382.25,1349.0,1365.875,1695,0,2298,767.0
121,-27,XB,XBH21,D1,2021-02-02,1612224000,1365.5,1371.625,1341.375,1350.25,1547,125,1915,1405.0
122,-26,XB,XBH21,D1,2021-02-03,1612310400,1354.375,1372.25,1342.75,1371.125,1542,0,1921,2045.0
123,-25,XB,XBH21,D1,2021-02-04,1612396800,1375.5,1381.25,1364.5,1370.75,1314,0,1657,1831.0
124,-24,XB,XBH21,D1,2021-02-05,1612483200,1369.75,1382.75,1365.75,1366.125,1186,125,1598,1725.0
78,-70,XB,XBK21,D1,2021-02-07,1612656000,1364.125,1364.125,1364.125,1364.125,1,30000,1,111.0
125,-23,XB,XBH21,D1,2021-02-08,1612742400,1368.75,1392.5,1364.5,1390.5,1279,0,1580,1612.0
126,-22,XB,XBH21,D1,2021-02-09,1612828800,1391.0,1409.75,1377.5,1403.625,2585,0,3549,2242.0
127,-21,XB,XBH21,D1,2021-02-10,1612915200,1404.5,1406.125,1350.125,1350.125,2472,125,3318,2816.0
128,-20,XB,XBH21,D1,2021-02-11,1613001600,1353.0,1379.75,1337.875,1364.875,1672,125,2192,3020.0
129,-19,XB,XBH21,D1,2021-02-12,1613088000,1367.625,1376.875,1362.25,1375.0,1206,125,1582,2364.0
130,-18,XB,XBH21,D1,2021-02-14,1613260800,1375.0,1375.0,1375.0,1375.0,3,16000,3,1259.0
131,-17,XB,XBH21,D1,2021-02-16,1613433600,1384.5,1394.0,1373.75,1385.0,1186,125,1595,1060.0
132,-16,XB,XBH21,D1,2021-02-17,1613520000,1385.5,1390.5,1376.75,1382.0,1035,125,1312,970.0
133,-15,XB,XBH21,D1,2021-02-18,1613606400,1384.0,1391.0,1370.0,1373.125,1173,0,1601,1503.0
134,-14,XB,XBH21,D1,2021-02-19,1613692800,1376.0,1388.75,1366.875,1376.5,884,125,1181,1365.0
135,-13,XB,XBH21,D1,2021-02-20,1613779200,1376.5,1376.5,1376.5,1376.5,1,25250,1,928.0
89,-59,XB,XBK21,D1,2021-02-22,1613952000,1385.875,1390.875,1374.75,1386.0,697,125,858,606.0
90,-58,XB,XBK21,D1,2021-02-23,1614038400,1387.5,1428.0,1384.5,1410.0,2409,0,3033,1481.0
91,-57,XB,XBK21,D1,2021-02-24,1614124800,1410.0,1428.0,1409.375,1423.0,2155,0,2679,2190.0
92,-56,XB,XBK21,D1,2021-02-25,1614211200,1425.0,1445.5,1393.25,1406.5,4641,0,6101,3938.0
93,-55,XB,XBK21,D1,2021-02-26,1614297600,1401.875,1408.125,1378.25,1407.125,2892,125,3429,4070.0
94,-54,XB,XBK21,D1,2021-03-01,1614556800,1415.75,1422.5,1389.5,1392.125,2297,125,2709,4080.0
95,-53,XB,XBK21,D1,2021-03-02,1614643200,1393.25,1416.75,1381.0,1412.75,2370,0,2692,2943.0
96,-52,XB,XBK21,D1,2021-03-03,1614729600,1414.5,1417.25,1395.375,1407.5,1898,125,2261,2554.0
97,-51,XB,XBK21,D1,2021-03-04,1614816000,1407.75,1437.875,1403.75,1408.0,3475,0,4205,3053.0
98,-50,XB,XBK21,D1,2021-03-05,1614902400,1410.125,1435.0,1403.125,1435.0,2319,125,3021,3162.0
99,-49,XB,XBK21,D1,2021-03-07,1615075200,1435.0,1435.0,1435.0,1435.0,4,15000,4,2410.0
100,-48,XB,XBK21,D1,2021-03-08,1615161600,1441.0,1459.875,1431.5,1437.625,2671,125,3387,2137.0
101,-47,XB,XBK21,D1,2021-03-09,1615248000,1435.125,1441.75,1422.625,1441.0,2254,125,2699,2030.0
102,-46,XB,XBK21,D1,2021-03-10,1615334400,1441.375,1447.5,1406.75,1407.0,2433,0,2963,3016.0
103,-45,XB,XBK21,D1,2021-03-11,1615420800,1409.75,1422.0,1401.0,1411.625,1752,0,2085,2582.0
104,-44,XB,XBK21,D1,2021-03-12,1615507200,1413.125,1417.5,1392.25,1408.75,1924,0,2248,2432.0
105,-43,XB,XBK21,D1,2021-03-15,1615766400,1409.125,1423.375,1402.375,1417.0,1763,0,2016,2116.0
106,-42,XB,XBK21,D1,2021-03-16,1615852800,1419.25,1424.75,1412.75,1420.5,1418,125,1630,1965.0
107,-41,XB,XBK21,D1,2021-03-17,1615939200,1423.5,1425.375,1407.75,1417.0,1268,125,1485,1710.0
108,-40,XB,XBK21,D1,2021-03-18,1616025600,1416.5,1418.875,1385.5,1385.5,1858,125,2125,1747.0
109,-39,XB,XBK21,D1,2021-03-19,1616112000,1387.0,1417.875,1387.0,1414.875,1934,125,2255,1955.0
110,-38,XB,XBK21,D1,2021-03-22,1616371200,1418.625,1423.625,1405.625,1418.0,1306,125,1463,1948.0
111,-37,XB,XBK21,D1,2021-03-23,1616457600,1417.75,1434.75,1414.875,1423.625,1940,0,2212,1977.0
112,-36,XB,XBK21,D1,2021-03-24,1616544000,1422.25,1433.0,1418.875,1431.25,1114,125,1244,1640.0
113,-35,XB,XBK21,D1,2021-03-25,1616630400,1431.125,1431.75,1410.375,1414.5,1586,125,1784,1747.0
114,-34,XB,XBK21,D1,2021-03-26,1616716800,1414.0,1418.75,1398.875,1412.5,1411,125,1598,1542.0
115,-33,XB,XBK21,D1,2021-03-29,1616976000,1400.0,1402.5,1383.25,1391.0,1690,0,1867,1750.0
116,-32,XB,XBK21,D1,2021-03-30,1617062400,1392.875,1394.75,1364.25,1367.125,2188,0,3003,2156.0
117,-31,XB,XBK21,D1,2021-03-31,1617148800,1369.0,1443.0,1364.75,1443.0,1948,0,2638,2503.0
118,-30,XB,XBK21,D1,2021-04-01,1617235200,1444.5,1456.5,1398.375,1401.0,3332,125,4087,3243.0
119,-29,XB,XBK21,D1,2021-04-05,1617580800,1405.75,1421.0,1402.0,1412.75,1282,0,1446,2724.0
120,-28,XB,XBK21,D1,2021-04-06,1617667200,1414.5,1430.625,1413.375,1421.0,1183,0,1375,2303.0
121,-27,XB,XBK21,D1,2021-04-07,1617753600,1421.0,1427.375,1404.375,1408.75,1307,125,1439,1420.0
122,-26,XB,XBK21,D1,2021-04-08,1617840000,1409.875,1422.125,1404.75,1415.5,914,125,1045,1286.0
123,-25,XB,XBK21,D1,2021-04-09,1617926400,1415.5,1420.0,1400.25,1401.125,1116,125,1426,1303.0
124,-24,XB,XBK21,D1,2021-04-11,1618099200,1401.125,1401.125,1401.125,1401.125,1,9000,1,824.0
125,-23,XB,XBK21,D1,2021-04-12,1618185600,1401.375,1407.25,1379.5,1383.375,857,0,1020,816.0
126,-22,XB,XBK21,D1,2021-04-13,1618272000,1384.5,1398.375,1377.875,1390.625,779,0,952,658.0
127,-21,XB,XBK21,D1,2021-04-14,1618358400,1390.625,1415.75,1389.25,1410.0,957,125,1248,1073.0
128,-20,XB,XBK21,D1,2021-04-15,1618444800,1410.0,1421.125,1407.75,1417.875,770,0,1031,1077.0
129,-19,XB,XBK21,D1,2021-04-16,1618531200,1418.125,1437.375,1418.125,1431.125,867,125,1088,1122.0
130,-18,XB,XBK21,D1,2021-04-18,1618704000,1431.125,1431.125,1431.125,1431.125,1,0,1,707.0
131,-17,XB,XBK21,D1,2021-04-19,1618790400,1433.25,1454.25,1433.25,1449.25,750,125,930,673.0
132,-16,XB,XBK21,D1,2021-04-20,1618876800,1450.0,1485.5,1450.0,1471.125,1141,0,1493,808.0
133,-15,XB,XBK21,D1,2021-04-21,1618963200,1476.5,1499.625,1467.875,1499.0,904,0,1146,1190.0
134,-14,XB,XBK21,D1,2021-04-22,1619049600,1498.5,1542.5,1498.5,1533.0,1223,0,1515,1385.0
135,-13,XB,XBK21,D1,2021-04-23,1619136000,1533.25,1549.0,1519.875,1539.75,677,0,910,1190.0
136,-12,XB,XBK21,D1,2021-04-25,1619308800,1539.75,1539.75,1539.75,1539.75,3,55875,9,811.0
91,-56,XB,XBN21,D1,2021-04-26,1619395200,1523.0,1544.375,1515.25,1542.0,2069,0,2704,1644.0
92,-55,XB,XBN21,D1,2021-04-27,1619481600,1543.0,1574.125,1516.0,1516.0,2889,0,4047,2623.0
93,-54,XB,XBN21,D1,2021-04-28,1619568000,1515.0,1544.0,1490.5,1510.625,2905,0,3931,3561.0
94,-53,XB,XBN21,D1,2021-04-29,1619654400,1507.625,1526.0,1498.75,1500.125,1827,0,2543,3507.0
95,-52,XB,XBN21,D1,2021-04-30,1619740800,1502.0,1536.75,1491.75,1525.75,1659,125,2239,2904.0
142,-6,XB,XBK21,D1,2021-05-02,1619913600,1562.375,1562.375,1562.375,1562.375,2,138375,2,84.0
96,-51,XB,XBN21,D1,2021-05-03,1620000000,1541.5,1564.0,1515.25,1523.625,2140,0,2790,2524.0
97,-50,XB,XBN21,D1,2021-05-04,1620086400,1527.0,1552.5,1519.375,1541.5,1548,0,1998,2342.0
98,-49,XB,XBN21,D1,2021-05-05,1620172800,1542.0,1553.5,1532.375,1545.5,1190,0,1498,2095.0
99,-48,XB,XBN21,D1,2021-05-06,1620259200,1547.5,1571.75,1543.75,1567.0,1676,125,2214,1903.0
100,-47,XB,XBN21,D1,2021-05-07,1620345600,1566.625,1599.5,1562.25,1599.125,2150,125,2889,2200.0
101,-46,XB,XBN21,D1,2021-05-10,1620604800,1581.0,1593.5,1572.5,1587.125,1531,0,2035,2379.0
102,-45,XB,XBN21,D1,2021-05-11,1620691200,1586.0,1625.5,1573.5,1615.625,1892,125,2555,2493.0
103,-44,XB,XBN21,D1,2021-05-12,1620777600,1617.375,1666.0,1616.0,1643.0,3100,0,4130,2907.0
104,-43,XB,XBN21,D1,2021-05-13,1620864000,1639.25,1644.75,1575.5,1581.0,2946,125,4138,3608.0
105,-42,XB,XBN21,D1,2021-05-14,1620950400,1582.75,1612.0,1577.75,1596.75,2140,0,2985,3751.0
106,-41,XB,XBN21,D1,2021-05-17,1621209600,1585.75,1603.625,1576.0,1587.25,1417,0,1760,2961.0
107,-40,XB,XBN21,D1,2021-05-18,1621296000,1588.0,1605.25,1569.0,1574.875,1884,125,2267,2337.0
108,-39,XB,XBN21,D1,2021-05-19,1621382400,1574.375,1574.375,1522.25,1544.875,2005,0,2779,2269.0
109,-38,XB,XBN21,D1,2021-05-20,1621468800,1547.25,1553.375,1523.75,1534.25,1372,125,2035,2360.0
110,-37,XB,XBN21,D1,2021-05-21,1621555200,1533.375,1540.0,1512.0,1519.625,1630,0,2020,2278.0
111,-36,XB,XBN21,D1,2021-05-24,1621814400,1520.0,1525.5,1506.25,1524.0,1324,125,1651,1902.0
112,-35,XB,XBN21,D1,2021-05-25,1621900800,1525.0,1538.0,1499.25,1512.5,2003,125,2623,2098.0
113,-34,XB,XBN21,D1,2021-05-26,1621987200,1512.75,1525.5,1489.25,1507.5,1871,125,2474,2249.0
114,-33,XB,XBN21,D1,2021-05-27,1622073600,1508.5,1539.375,1491.875,1538.0,1639,125,2008,2368.0
115,-32,XB,XBN21,D1,2021-05-28,1622160000,1537.25,1555.5,1523.0,1532.375,1693,125,2287,2256.0
116,-31,XB,XBN21,D1,2021-06-01,1622505600,1537.625,1578.0,1537.5,1545.0,1691,0,2175,2157.0
117,-30,XB,XBN21,D1,2021-06-02,1622592000,1545.875,1567.625,1543.5,1564.875,1198,125,1479,1980.0
118,-29,XB,XBN21,D1,2021-06-03,1622678400,1564.5,1589.0,1543.875,1548.875,1736,125,2536,2063.0
119,-28,XB,XBN21,D1,2021-06-04,1622764800,1548.75,1586.75,1546.25,1579.0,1303,125,1611,1875.0
120,-27,XB,XBN21,D1,2021-06-06,1622937600,1579.0,1579.0,1579.0,1579.0,1,12000,4,1384.0
121,-26,XB,XBN21,D1,2021-06-07,1623024000,1598.375,1623.75,1558.75,1570.375,1684,0,2133,1249.0
122,-25,XB,XBN21,D1,2021-06-08,1623110400,1570.75,1597.0,1561.5,1583.625,1624,125,2052,1396.0
123,-24,XB,XBN21,D1,2021-06-09,1623196800,1583.875,1586.5,1550.0,1561.0,1549,125,1919,2035.0
124,-23,XB,XBN21,D1,2021-06-10,1623283200,1561.75,1577.5,1537.75,1544.25,1798,0,2545,2172.0
125,-22,XB,XBN21,D1,2021-06-11,1623369600,1544.75,1551.0,1496.75,1503.125,1907,125,2340,2268.0
126,-21,XB,XBN21,D1,2021-06-14,1623628800,1510.0,1510.0,1455.0,1481.0,1946,0,2580,2488.0
127,-20,XB,XBN21,D1,2021-06-15,1623715200,1483.375,1491.25,1460.0,1470.0,1244,0,1674,2198.0
128,-19,XB,XBN21,D1,2021-06-16,1623801600,1468.75,1475.125,1441.625,1443.125,1289,0,1759,2004.0
129,-18,XB,XBN21,D1,2021-06-17,1623888000,1442.0,1449.625,1323.75,1325.0,1766,0,2463,1965.0
130,-17,XB,XBN21,D1,2021-06-18,1623974400,1334.5,1408.125,1331.75,1404.875,2550,0,3522,2581.0
89,-35,XB,XBQ21,D1,2021-06-20,1624147200,1360.0,1360.0,1360.0,1360.0,1,50000,1,104.0
131,-16,XB,XBN21,D1,2021-06-21,1624233600,1374.75,1422.375,1366.25,1420.0,1066,125,1371,2452.0
132,-15,XB,XBN21,D1,2021-06-22,1624320000,1419.5,1426.5,1393.25,1396.875,826,125,1018,1970.0
133,-14,XB,XBN21,D1,2021-06-23,1624406400,1394.75,1405.75,1381.5,1382.75,632,125,770,1053.0
134,-13,XB,XBN21,D1,2021-06-24,1624492800,1382.75,1384.875,1344.75,1369.875,735,125,1007,932.0
27,-97,XB,XBX21,D1,2021-06-25,1624579200,1290.5,1303.75,1260.0,1267.875,222067,0,1482,1100.0
28,-96,XB,XBX21,D1,2021-06-28,1624838400,1269.625,1319.0,1266.0,1311.625,173499,0,1268,1293.0
29,-95,XB,XBX21,D1,2021-06-29,1624924800,1322.0,1327.25,1298.25,1307.625,176592,0,1240,1330.0
30,-94,XB,XBX21,D1,2021-06-30,1625011200,1312.375,1408.25,1291.5,1392.125,762403,0,3187,1898.0
31,-93,XB,XBX21,D1,2021-07-01,1625097600,1402.0,1423.25,1376.75,1394.625,520182,0,4447,2958.0
32,-92,XB,XBX21,D1,2021-07-02,1625184000,1393.75,1415.0,1383.5,1397.125,216283,0,1608,3081.0
100,-24,XB,XBQ21,D1,2021-07-04,1625356800,1433.0,1433.0,1433.0,1433.0,3,24375,9,300.0
33,-91,XB,XBX21,D1,2021-07-06,1625529600,1372.875,1373.5,1300.75,1302.0,363118,0,2202,2752.0
34,-90,XB,XBX21,D1,2021-07-07,1625616000,1311.25,1345.375,1309.0,1330.625,343330,0,2075,1962.0
35,-89,XB,XBX21,D1,2021-07-08,1625702400,1335.375,1339.5,1311.375,1320.375,203238,0,1488,1922.0
36,-88,XB,XBX21,D1,2021-07-09,1625788800,1321.125,1333.0,1309.5,1316.5,225035,0,2725,2096.0
105,-19,XB,XBQ21,D1,2021-07-11,1625961600,1375.125,1375.125,1375.125,1375.125,7,69000,7,104.0
37,-87,XB,XBX21,D1,2021-07-12,1626048000,1329.0,1354.75,1326.5,1351.0,282879,0,1850,2021.0
38,-86,XB,XBX21,D1,2021-07-13,1626134400,1350.25,1365.625,1348.625,1351.5,145182,0,1105,1893.0
39,-85,XB,XBX21,D1,2021-07-14,1626220800,1351.125,1385.5,1343.0,1380.75,217504,0,1681,1545.0
40,-84,XB,XBX21,D1,2021-07-15,1626307200,1381.75,1388.875,1374.875,1379.0,143317,0,1068,1285.0
41,-83,XB,XBX21,D1,2021-07-16,1626393600,1382.125,1408.625,1377.75,1394.0,190497,0,1679,1476.0
42,-82,XB,XBX21,D1,2021-07-19,1626652800,1410.625,1417.0,1370.5,1373.0,241169,0,3026,1924.0
43,-81,XB,XBX21,D1,2021-07-20,1626739200,1377.75,1405.5,1374.375,1388.5,185387,0,1384,2030.0
44,-80,XB,XBX21,D1,2021-07-21,1626825600,1392.5,1397.375,1375.75,1389.75,152352,0,1127,1846.0
45,-79,XB,XBX21,D1,2021-07-22,1626912000,1390.125,1390.5,1342.5,1362.875,300613,0,2382,1631.0
46,-78,XB,XBX21,D1,2021-07-23,1626998400,1367.25,1367.625,1345.5,1354.5,147220,0,1081,1530.0
47,-77,XB,XBX21,D1,2021-07-26,1627257600,1354.75,1360.5,1331.5,1358.5,199253,0,1552,1672.0
48,-76,XB,XBX21,D1,2021-07-27,1627344000,1364.5,1387.5,1355.125,1362.0,221970,0,1509,1381.0
49,-75,XB,XBX21,D1,2021-07-28,1627430400,1363.25,1370.375,1350.875,1360.875,139321,0,1097,1386.0
50,-74,XB,XBX21,D1,2021-07-29,1627516800,1360.5,1379.75,1357.875,1378.5,109326,0,1041,1216.0
51,-73,XB,XBX21,D1,2021-07-30,1627603200,1378.125,1381.0,1343.5,1350.75,142707,0,1150,1096.0
121,-3,XB,XBQ21,D1,2021-08-01,1627776000,1411.25,1411.25,1411.25,1411.25,2,0,2,51.0
52,-72,XB,XBX21,D1,2021-08-02,1627862400,1346.25,1358.5,1336.25,1354.75,175609,0,1274,1155.0
53,-71,XB,XBX21,D1,2021-08-03,1627948800,1345.25,1347.0,1308.75,1318.5,218528,0,2011,1478.0
54,-70,XB,XBX21,D1,2021-08-04,1628035200,1319.875,1329.5,1314.0,1325.75,123208,0,1098,1461.0
55,-69,XB,XBX21,D1,2021-08-05,1628121600,1325.75,1339.5,1315.375,1328.0,145307,0,2039,1716.0
56,-68,XB,XBX21,D1,2021-08-06,1628208000,1328.875,1342.625,1323.5,1342.125,103401,0,831,1323.0
57,-67,XB,XBX21,D1,2021-08-09,1628467200,1337.375,1347.5,1326.375,1329.625,120669,0,1036,1302.0
58,-66,XB,XBX21,D1,2021-08-10,1628553600,1327.0,1343.375,1325.0,1338.5,84413,0,816,894.0
59,-65,XB,XBX21,D1,2021-08-11,1628640000,1336.25,1356.0,1333.25,1339.625,99974,0,1091,981.0
60,-64,XB,XBX21,D1,2021-08-12,1628726400,1339.0,1369.25,1320.0,1340.5,387372,0,2520,1476.0
61,-63,XB,XBX21,D1,2021-08-13,1628812800,1340.5,1367.0,1330.125,1363.0,177370,0,1457,1689.0
62,-62,XB,XBX21,D1,2021-08-16,1629072000,1366.25,1378.0,1361.0,1373.25,137002,0,2140,2039.0
63,-61,XB,XBX21,D1,2021-08-17,1629158400,1374.0,1379.75,1356.875,1361.25,1026,0,1288,1628.0
64,-60,XB,XBX21,D1,2021-08-18,1629244800,1361.375,1364.625,1347.625,1351.875,718,0,913,1447.0
65,-59,XB,XBX21,D1,2021-08-19,1629331200,1350.5,1350.5,1314.25,1321.0,1605,0,1995,1399.0
66,-58,XB,XBX21,D1,2021-08-20,1629417600,1320.0,1333.75,1277.75,1287.25,2213,0,3573,2160.0
67,-57,XB,XBX21,D1,2021-08-23,1629676800,1288.5,1309.25,1285.0,1298.75,1319,0,1825,2464.0
68,-56,XB,XBX21,D1,2021-08-24,1629763200,1298.75,1337.375,1292.375,1331.25,1956,0,2568,2655.0
69,-55,XB,XBX21,D1,2021-08-25,1629849600,1331.125,1339.5,1322.25,1331.125,1075,125,1372,1922.0
70,-54,XB,XBX21,D1,2021-08-26,1629936000,1331.25,1331.25,1318.125,1324.0,1012,125,1280,1740.0
71,-53,XB,XBX21,D1,2021-08-27,1630022400,1324.5,1324.875,1307.5,1320.0,1471,125,1912,1521.0
72,-52,XB,XBX21,D1,2021-08-30,1630281600,1323.0,1336.25,1297.25,1305.5,1737,125,2426,1873.0
73,-51,XB,XBX21,D1,2021-08-31,1630368000,1304.5,1311.625,1283.125,1292.5,1789,125,2471,2270.0
74,-50,XB,XBX21,D1,2021-09-01,1630454400,1292.5,1295.375,1269.75,1276.875,1264,125,1572,2156.0
75,-49,XB,XBX21,D1,2021-09-02,1630540800,1278.0,1288.0,1271.0,1283.125,980,125,1226,1756.0
76,-48,XB,XBX21,D1,2021-09-03,1630627200,1284.0,1297.25,1276.5,1287.375,983,125,1193,1330.0
77,-47,XB,XBX21,D1,2021-09-07,1630972800,1291.125,1305.5,1275.75,1276.375,993,125,1209,1209.0
78,-46,XB,XBX21,D1,2021-09-08,1631059200,1277.375,1287.75,1271.75,1278.625,965,125,1186,1196.0
79,-45,XB,XBX21,D1,2021-09-09,1631145600,1279.125,1281.75,1265.0,1272.375,971,125,1225,1207.0
80,-44,XB,XBX21,D1,2021-09-10,1631232000,1270.125,1300.5,1254.875,1286.0,2050,125,3419,1943.0
81,-43,XB,XBX21,D1,2021-09-13,1631491200,1289.125,1294.0,1277.75,1284.125,1007,125,1300,1981.0
82,-42,XB,XBX21,D1,2021-09-14,1631577600,1285.0,1297.0,1280.75,1281.125,914,125,1044,1921.0
83,-41,XB,XBX21,D1,2021-09-15,1631664000,1282.0,1295.625,1276.375,1295.625,1191,125,1410,1251.0
84,-40,XB,XBX21,D1,2021-09-16,1631750400,1295.0,1307.5,1291.0,1295.625,1276,0,1653,1369.0
85,-39,XB,XBX21,D1,2021-09-17,1631836800,1295.5,1298.375,1278.25,1284.0,1345,125,1696,1586.0
86,-38,XB,XBX21,D1,2021-09-20,1632096000,1284.0,1284.875,1261.5,1266.0,1308,125,1755,1701.0
87,-37,XB,XBX21,D1,2021-09-21,1632182400,1260.0,1275.5,1257.375,1273.625,1088,125,1262,1571.0
88,-36,XB,XBX21,D1,2021-09-22,1632268800,1274.0,1284.875,1270.5,1281.5,1014,125,1203,1407.0
89,-35,XB,XBX21,D1,2021-09-23,1632355200,1282.0,1290.125,1275.875,1284.5,1090,0,1304,1256.0
90,-34,XB,XBX21,D1,2021-09-24,1632441600,1281.625,1289.875,1278.25,1284.125,1007,125,1217,1241.0
91,-33,XB,XBX21,D1,2021-09-27,1632700800,1283.875,1296.875,1281.25,1287.0,1338,0,1623,1381.0
92,-32,XB,XBX21,D1,2021-09-28,1632787200,1286.0,1286.375,1271.0,1275.125,1353,125,1840,1560.0
93,-31,XB,XBX21,D1,2021-09-29,1632873600,1276.75,1288.625,1273.0,1282.125,1081,125,1403,1622.0
94,-30,XB,XBX21,D1,2021-09-30,1632960000,1282.25,1294.625,1249.125,1255.125,1878,125,2888,2044.0
95,-29,XB,XBX21,D1,2021-10-01,1633046400,1255.5,1262.125,1242.0,1247.0,1318,125,1596,1962.0
96,-28,XB,XBX21,D1,2021-10-04,1633305600,1243.75,1247.625,1233.125,1236.625,1218,125,1426,1970.0
97,-27,XB,XBX21,D1,2021-10-05,1633392000,1234.0,1256.375,1230.625,1252.0,1541,125,1851,1624.0
98,-26,XB,XBX21,D1,2021-10-06,1633478400,1249.75,1255.0,1239.375,1240.25,908,125,1109,1462.0
99,-25,XB,XBX21,D1,2021-10-07,1633564800,1242.75,1249.5,1233.375,1244.5,939,125,1219,1393.0
100,-24,XB,XBX21,D1,2021-10-08,1633651200,1246.0,1263.5,1241.125,1241.125,1436,125,1803,1377.0
101,-23,XB,XBX21,D1,2021-10-11,1633910400,1240.625,1251.0,1227.0,1227.75,1073,125,1263,1428.0
102,-22,XB,XBX21,D1,2021-10-12,1633996800,1226.5,1230.375,1194.875,1199.0,1829,0,2477,1848.0
103,-21,XB,XBX21,D1,2021-10-13,1634083200,1198.5,1211.0,1184.25,1195.75,1466,0,1738,1826.0
104,-20,XB,XBX21,D1,2021-10-14,1634169600,1196.0,1207.625,1193.75,1205.0,1124,0,1309,1841.0
105,-19,XB,XBX21,D1,2021-10-15,1634256000,1205.0,1220.75,1202.0,1215.5,1024,0,1299,1449.0
106,-18,XB,XBX21,D1,2021-10-18,1634515200,1217.5,1225.25,1209.875,1222.25,926,0,1095,1234.0
107,-17,XB,XBX21,D1,2021-10-19,1634601600,1220.125,1239.125,1217.0,1229.25,1195,125,1433,1276.0
108,-16,XB,XBX21,D1,2021-10-20,1634688000,1227.625,1249.125,1225.25,1246.5,1421,0,1702,1410.0
109,-15,XB,XBX21,D1,2021-10-21,1634774400,1243.0,1249.125,1222.125,1224.0,1165,125,1468,1534.0
110,-14,XB,XBX21,D1,2021-10-22,1634860800,1224.0,1230.625,1217.0,1219.375,1030,125,1257,1476.0
111,-13,XB,XBX21,D1,2021-10-25,1635120000,1219.875,1238.0,1215.0,1236.125,611,125,917,1214.0
112,-12,XB,XBX21,D1,2021-10-26,1635206400,1236.25,1246.0,1230.0,1237.75,449,125,823,999.0
103,-53,XB,XBF22,D1,2021-10-27,1635292800,1247.25,1266.0,1236.25,1246.25,1880,0,2278,1372.0
104,-52,XB,XBF22,D1,2021-10-28,1635379200,1249.0,1259.5,1241.125,1246.0,1417,125,1745,1705.0
105,-51,XB,XBF22,D1,2021-10-29,1635465600,1244.0,1255.0,1241.75,1248.25,843,125,1045,1689.0
106,-50,XB,XBF22,D1,2021-11-01,1635724800,1248.5,1259.25,1237.125,1248.5,1258,0,1461,1417.0
107,-49,XB,XBF22,D1,2021-11-02,1635811200,1247.125,1260.875,1243.25,1252.375,1359,125,1624,1377.0
108,-48,XB,XBF22,D1,2021-11-03,1635897600,1255.0,1257.625,1239.5,1241.25,784,125,928,1338.0
109,-47,XB,XBF22,D1,2021-11-04,1635984000,1243.5,1247.5,1215.75,1224.125,1395,125,1633,1395.0
110,-46,XB,XBF22,D1,2021-11-05,1636070400,1223.0,1227.0,1203.625,1203.625,1008,0,1186,1249.0
111,-45,XB,XBF22,D1,2021-11-08,1636329600,1203.625,1207.625,1186.5,1187.5,1341,125,1694,1504.0
112,-44,XB,XBF22,D1,2021-11-09,1636416000,1187.625,1240.0,1181.375,1211.875,1907,0,2728,1869.0
113,-43,XB,XBF22,D1,2021-11-10,1636502400,1213.0,1222.25,1209.0,1217.0,1166,125,1343,1922.0
114,-42,XB,XBF22,D1,2021-11-11,1636588800,1216.75,1228.125,1211.875,1221.75,989,125,1172,1748.0
115,-41,XB,XBF22,D1,2021-11-12,1636675200,1222.0,1249.375,1218.0,1240.875,1653,125,2022,1512.0
116,-40,XB,XBF22,D1,2021-11-15,1636934400,1242.0,1259.625,1238.75,1255.375,1609,0,2179,1791.0
117,-39,XB,XBF22,D1,2021-11-16,1637020800,1254.25,1262.0,1248.375,1249.5,1020,125,1225,1809.0
118,-38,XB,XBF22,D1,2021-11-17,1637107200,1251.25,1289.0,1251.0,1275.875,2802,125,3476,2293.0
119,-37,XB,XBF22,D1,2021-11-18,1637193600,1276.25,1287.25,1262.75,1265.75,1510,0,1799,2167.0
120,-36,XB,XBF22,D1,2021-11-19,1637280000,1265.5,1276.75,1256.75,1266.625,1269,0,1523,2266.0
121,-35,XB,XBF22,D1,2021-11-22,1637539200,1263.375,1279.75,1260.25,1275.125,1259,125,1507,1610.0
122,-34,XB,XBF22,D1,2021-11-23,1637625600,1274.0,1279.0,1262.75,1272.125,1046,125,1301,1444.0
123,-33,XB,XBF22,D1,2021-11-24,1637712000,1273.0,1281.0,1263.25,1265.375,1102,0,1384,1397.0
124,-32,XB,XBF22,D1,2021-11-26,1637884800,1250.625,1255.375,1240.25,1252.75,905,125,1178,1288.0
125,-31,XB,XBF22,D1,2021-11-29,1638144000,1259.75,1268.5,1240.875,1242.625,966,0,1147,1236.0
126,-30,XB,XBF22,D1,2021-11-30,1638230400,1241.25,1244.5,1214.5,1221.0,1411,125,1775,1367.0
127,-29,XB,XBF22,D1,2021-12-01,1638316800,1221.5,1236.75,1216.25,1228.5,945,125,1138,1353.0
128,-28,XB,XBF22,D1,2021-12-02,1638403200,1229.0,1248.875,1221.5,1244.75,991,125,1255,1389.0
129,-27,XB,XBF22,D1,2021-12-03,1638489600,1244.75,1271.25,1244.75,1267.5,1308,125,1552,1315.0
130,-26,XB,XBF22,D1,2021-12-06,1638748800,1269.5,1276.25,1254.75,1262.375,769,0,885,1231.0
131,-25,XB,XBF22,D1,2021-12-07,1638835200,1262.0,1268.5,1243.0,1252.25,1169,0,1415,1284.0
132,-24,XB,XBF22,D1,2021-12-08,1638921600,1251.25,1263.75,1238.0,1260.75,1157,125,1403,1234.0
133,-23,XB,XBF22,D1,2021-12-09,1639008000,1260.0,1267.0,1247.0,1264.75,1109,0,1381,1400.0
134,-22,XB,XBF22,D1,2021-12-10,1639094400,1262.875,1276.875,1260.125,1265.875,953,0,1135,1306.0
135,-21,XB,XBF22,D1,2021-12-13,1639353600,1270.125,1272.125,1243.75,1245.0,1062,125,1350,1289.0
136,-20,XB,XBF22,D1,2021-12-14,1639440000,1246.375,1267.0,1237.25,1260.75,1289,125,1650,1378.0
137,-19,XB,XBF22,D1,2021-12-15,1639526400,1259.5,1266.125,1251.0,1260.875,908,0,1037,1346.0
138,-18,XB,XBF22,D1,2021-12-16,1639612800,1261.125,1280.625,1260.875,1277.0,1385,0,1615,1434.0
139,-17,XB,XBF22,D1,2021-12-17,1639699200,1275.25,1297.0,1274.5,1283.125,1630,0,2016,1556.0
140,-16,XB,XBF22,D1,2021-12-20,1639958400,1286.875,1296.0,1279.0,1291.75,843,0,1023,1551.0
141,-15,XB,XBF22,D1,2021-12-21,1640044800,1292.0,1313.625,1287.0,1307.5,1047,125,1239,1426.0
142,-14,XB,XBF22,D1,2021-12-22,1640131200,1305.625,1332.75,1305.125,1327.5,954,0,1107,1123.0
143,-13,XB,XBF22,D1,2021-12-23,1640217600,1326.875,1335.0,1321.25,1334.5,608,0,738,1028.0
104,-47,XB,XBH22,D1,2021-12-27,1640563200,1345.25,1372.625,1343.375,1369.75,1589,125,1912,1203.0
105,-46,XB,XBH22,D1,2021-12-28,1640649600,1368.875,1384.0,1363.0,1366.75,1738,0,2047,1548.0
106,-45,XB,XBH22,D1,2021-12-29,1640736000,1366.75,1372.25,1355.0,1367.375,1489,125,1776,1912.0
107,-44,XB,XBH22,D1,2021-12-30,1640822400,1367.0,1370.0,1335.0,1338.125,1526,0,1770,1864.0
108,-43,XB,XBH22,D1,2021-12-31,1640908800,1339.5,1348.375,1336.75,1341.0,651,125,750,1432.0
109,-42,XB,XBH22,D1,2022-01-03,1641168000,1349.125,1368.5,1342.375,1356.375,1517,0,1760,1427.0
110,-41,XB,XBH22,D1,2022-01-04,1641254400,1355.375,1392.0,1355.375,1389.75,2188,0,2700,1737.0
111,-40,XB,XBH22,D1,2022-01-05,1641340800,1388.875,1398.625,1381.5,1393.625,1691,125,1993,2151.0
112,-39,XB,XBH22,D1,2022-01-06,1641427200,1390.5,1393.375,1370.5,1386.25,1757,0,2067,2253.0
113,-38,XB,XBH22,D1,2022-01-07,1641513600,1387.25,1414.875,1376.25,1407.125,2656,0,3260,2440.0
114,-37,XB,XBH22,D1,2022-01-10,1641772800,1405.5,1409.75,1378.75,1383.375,1808,125,2176,2501.0
115,-36,XB,XBH22,D1,2022-01-11,1641859200,1385.25,1394.875,1372.625,1386.125,1548,125,1705,2380.0
116,-35,XB,XBH22,D1,2022-01-12,1641945600,1384.875,1400.125,1358.0,1398.25,1703,125,2232,2038.0
117,-34,XB,XBH22,D1,2022-01-13,1642032000,1398.25,1398.5,1371.0,1376.625,1340,0,1572,1836.0
118,-33,XB,XBH22,D1,2022-01-14,1642118400,1376.375,1379.875,1364.0,1371.125,1130,0,1300,1701.0
119,-32,XB,XBH22,D1,2022-01-18,1642464000,1360.0,1368.75,1349.5,1361.5,1475,125,1686,1519.0
120,-31,XB,XBH22,D1,2022-01-19,1642550400,1362.5,1392.125,1362.5,1390.5,1499,125,1741,1576.0
121,-30,XB,XBH22,D1,2022-01-20,1642636800,1387.5,1429.375,1386.625,1423.75,2510,0,3156,2194.0
122,-29,XB,XBH22,D1,2022-01-21,1642723200,1420.0,1426.0,1405.25,1414.5,1438,0,1648,2182.0
123,-28,XB,XBH22,D1,2022-01-24,1642982400,1415.75,1423.25,1382.375,1403.625,2084,0,2552,2452.0
124,-27,XB,XBH22,D1,2022-01-25,1643068800,1403.875,1413.375,1393.625,1405.125,1460,125,1662,1954.0
125,-26,XB,XBH22,D1,2022-01-26,1643155200,1405.5,1443.25,1394.0,1438.0,2759,0,3436,2550.0
126,-25,XB,XBH22,D1,2022-01-27,1643241600,1436.125,1456.0,1429.0,1444.875,2345,0,2850,2649.0
127,-24,XB,XBH22,D1,2022-01-28,1643328000,1446.875,1478.75,1441.625,1469.75,2571,0,3071,3119.0
128,-23,XB,XBH22,D1,2022-01-31,1643587200,1474.5,1496.5,1472.75,1489.375,2058,0,2542,2821.0
129,-22,XB,XBH22,D1,2022-02-01,1643673600,1490.0,1538.625,1485.25,1528.875,3428,0,4051,3221.0
130,-21,XB,XBH22,D1,2022-02-02,1643760000,1526.875,1563.875,1526.5,1546.125,3556,0,4437,3677.0
131,-20,XB,XBH22,D1,2022-02-03,1643846400,1543.875,1559.75,1529.75,1539.75,2318,0,2955,3814.0
132,-19,XB,XBH22,D1,2022-02-04,1643932800,1544.75,1560.0,1531.75,1556.75,2075,125,2542,3311.0
133,-18,XB,XBH22,D1,2022-02-07,1644192000,1569.25,1589.375,1565.375,1583.375,2474,125,2984,2827.0
134,-17,XB,XBH22,D1,2022-02-08,1644278400,1583.25,1586.75,1559.25,1568.375,1904,125,2324,2617.0
135,-16,XB,XBH22,D1,2022-02-09,1644364800,1569.25,1599.25,1566.75,1594.0,2399,0,3021,2776.0
136,-15,XB,XBH22,D1,2022-02-10,1644451200,1594.125,1633.0,1566.0,1574.0,4694,0,5745,3697.0
137,-14,XB,XBH22,D1,2022-02-11,1644537600,1572.25,1594.75,1563.5,1586.25,2927,0,3727,4164.0
138,-13,XB,XBH22,D1,2022-02-14,1644796800,1585.25,1599.25,1551.5,1572.5,2159,0,2959,4144.0
139,-12,XB,XBH22,D1,2022-02-15,1644883200,1571.375,1576.5,1542.75,1551.375,2400,0,3017,3234.0
140,-11,XB,XBH22,D1,2022-02-16,1644969600,1551.75,1589.75,1547.5,1585.0,2226,125,2702,2893.0
141,-10,XB,XBH22,D1,2022-02-17,1645056000,1584.75,1606.0,1577.25,1590.0,2013,0,2563,2761.0
142,-9,XB,XBH22,D1,2022-02-18,1645142400,1589.75,1608.5,1587.375,1602.625,1232,125,1570,2278.0
143,-8,XB,XBH22,D1,2022-02-22,1645488000,1608.25,1642.25,1603.0,1640.125,876,125,1360,1831.0
99,-53,XB,XBK22,D1,2022-02-23,1645574400,1635.5,1675.0,1635.5,1671.125,2951,0,3797,2600.0
100,-52,XB,XBK22,D1,2022-02-24,1645660800,1670.125,1759.0,1648.5,1653.0,8158,0,11261,6170.0
101,-51,XB,XBK22,D1,2022-02-25,1645747200,1653.5,1669.625,1579.375,1583.375,4731,0,6511,7190.0
102,-50,XB,XBK22,D1,2022-02-28,1646006400,1603.75,1655.375,1603.75,1638.875,2994,0,4083,7285.0
103,-49,XB,XBK22,D1,2022-03-01,1646092800,1639.375,1697.25,1639.375,1686.875,2610,0,3498,4697.0
104,-48,XB,XBK22,D1,2022-03-02,1646179200,1694.0,1696.0,1650.75,1667.0,3164,0,4661,4081.0
105,-47,XB,XBK22,D1,2022-03-03,1646265600,1667.5,1699.25,1665.5,1671.875,2559,125,3668,3942.0
106,-46,XB,XBK22,D1,2022-03-04,1646352000,1671.5,1688.25,1634.75,1658.125,3412,0,4808,4379.0
107,-45,XB,XBK22,D1,2022-03-07,1646611200,1677.75,1697.0,1654.75,1660.5,2846,0,3838,4105.0
108,-44,XB,XBK22,D1,2022-03-08,1646697600,1661.5,1707.5,1646.5,1687.875,3251,0,4663,4436.0
109,-43,XB,XBK22,D1,2022-03-09,1646784000,1691.75,1733.875,1669.125,1675.25,4111,0,5770,4757.0
110,-42,XB,XBK22,D1,2022-03-10,1646870400,1671.5,1702.0,1662.0,1685.75,2464,125,3344,4592.0
111,-41,XB,XBK22,D1,2022-03-11,1646956800,1690.0,1695.375,1665.0,1681.625,1942,125,2499,3871.0
112,-40,XB,XBK22,D1,2022-03-14,1647216000,1687.375,1697.5,1667.75,1673.0,1432,125,2187,2677.0
113,-39,XB,XBK22,D1,2022-03-15,1647302400,1672.75,1673.0,1638.75,1658.75,1330,125,1854,2180.0
114,-38,XB,XBK22,D1,2022-03-16,1647388800,1659.75,1680.75,1645.5,1651.5,1350,0,1793,1945.0
115,-37,XB,XBK22,D1,2022-03-17,1647475200,1650.75,1677.25,1648.125,1668.25,1065,0,1533,1727.0
116,-36,XB,XBK22,D1,2022-03-18,1647561600,1664.0,1688.25,1651.375,1667.125,1158,125,1700,1675.0
117,-35,XB,XBK22,D1,2022-03-21,1647820800,1671.625,1709.875,1667.625,1693.875,1340,0,1962,1732.0
118,-34,XB,XBK22,D1,2022-03-22,1647907200,1693.5,1720.75,1684.0,1698.0,1457,0,2141,1934.0
119,-33,XB,XBK22,D1,2022-03-23,1647993600,1694.75,1736.25,1692.0,1720.0,1399,0,1970,2024.0
120,-32,XB,XBK22,D1,2022-03-24,1648080000,1721.75,1729.5,1697.0,1700.875,1244,0,1841,1984.0
121,-31,XB,XBK22,D1,2022-03-25,1648166400,1704.0,1714.5,1684.25,1710.75,958,125,1344,1718.0
122,-30,XB,XBK22,D1,2022-03-28,1648425600,1703.625,1709.125,1661.125,1662.5,1414,125,1901,1695.0
123,-29,XB,XBK22,D1,2022-03-29,1648512000,1662.375,1673.0,1622.0,1642.5,1904,0,2712,1986.0
124,-28,XB,XBK22,D1,2022-03-30,1648598400,1644.0,1684.0,1639.75,1664.5,1127,0,1550,2054.0
125,-27,XB,XBK22,D1,2022-03-31,1648684800,1666.5,1680.0,1613.125,1616.75,1603,125,2308,2190.0
126,-26,XB,XBK22,D1,2022-04-01,1648771200,1622.875,1626.75,1581.875,1583.75,1299,125,1759,1872.0
127,-25,XB,XBK22,D1,2022-04-04,1649030400,1583.375,1608.0,1577.125,1601.25,1023,125,1531,1866.0
128,-24,XB,XBK22,D1,2022-04-05,1649116800,1603.75,1635.375,1603.75,1630.125,957,0,1234,1508.0
129,-23,XB,XBK22,D1,2022-04-06,1649203200,1630.0,1642.5,1615.125,1618.125,1009,125,1318,1361.0
130,-22,XB,XBK22,D1,2022-04-07,1649289600,1619.25,1652.25,1615.625,1649.0,1084,0,1415,1322.0
131,-21,XB,XBK22,D1,2022-04-08,1649376000,1646.0,1691.375,1645.5,1688.125,1431,0,1969,1567.0
132,-20,XB,XBK22,D1,2022-04-11,1649635200,1690.375,1697.0,1652.0,1658.25,1065,0,1555,1646.0
133,-19,XB,XBK22,D1,2022-04-12,1649721600,1658.875,1682.75,1657.25,1672.375,792,125,1046,1523.0
134,-18,XB,XBK22,D1,2022-04-13,1649808000,1674.5,1681.0,1652.5,1676.5,765,125,996,1199.0
135,-17,XB,XBK22,D1,2022-04-14,1649894400,1678.5,1692.25,1670.0,1680.375,746,125,1169,1070.0
136,-16,XB,XBK22,D1,2022-04-18,1650240000,1681.75,1720.75,1681.75,1716.0,850,0,1231,1132.0
137,-15,XB,XBK22,D1,2022-04-19,1650326400,1713.75,1729.5,1705.5,1716.5,744,0,1068,1156.0
138,-14,XB,XBK22,D1,2022-04-20,1650412800,1720.0,1749.5,1715.5,1745.75,645,125,918,1072.0
139,-13,XB,XBK22,D1,2022-04-21,1650499200,1747.0,1752.375,1728.0,1748.0,480,125,673,886.0
140,-12,XB,XBK22,D1,2022-04-22,1650585600,1748.0,1757.125,1705.0,1719.625,639,0,1166,919.0
101,-51,XB,XBN22,D1,2022-04-25,1650844800,1687.0,1695.25,1657.0,1674.875,1011,125,1517,1130.0
102,-50,XB,XBN22,D1,2022-04-26,1650931200,1675.375,1696.75,1661.625,1669.875,964,0,1378,1370.0
103,-49,XB,XBN22,D1,2022-04-27,1651017600,1672.5,1697.75,1666.0,1694.75,992,125,1465,1453.0
104,-48,XB,XBN22,D1,2022-04-28,1651104000,1693.25,1700.0,1681.75,1684.125,860,125,1303,1382.0
105,-47,XB,XBN22,D1,2022-04-29,1651190400,1685.75,1704.75,1679.5,1684.625,942,0,1356,1375.0
106,-46,XB,XBN22,D1,2022-05-02,1651449600,1682.5,1688.75,1635.125,1645.125,1240,0,1868,1509.0
107,-45,XB,XBN22,D1,2022-05-03,1651536000,1649.5,1662.75,1629.5,1632.0,1111,125,1517,1580.0
108,-44,XB,XBN22,D1,2022-05-04,1651622400,1631.5,1644.75,1622.0,1639.5,1092,125,1913,1766.0
109,-43,XB,XBN22,D1,2022-05-05,1651708800,1641.0,1667.125,1640.0,1646.875,1232,0,1733,1721.0
110,-42,XB,XBN22,D1,2022-05-06,1651795200,1649.0,1650.0,1617.5,1626.0,1045,0,1404,1683.0
111,-41,XB,XBN22,D1,2022-05-09,1652054400,1622.625,1626.0,1578.5,1586.125,1419,125,1901,1679.0
112,-40,XB,XBN22,D1,2022-05-10,1652140800,1586.125,1605.5,1580.75,1592.25,958,125,1436,1580.0
113,-39,XB,XBN22,D1,2022-05-11,1652227200,1593.0,1615.25,1588.0,1606.0,988,125,1444,1594.0
114,-38,XB,XBN22,D1,2022-05-12,1652313600,1607.5,1627.5,1590.0,1615.75,1338,0,1973,1618.0
115,-37,XB,XBN22,D1,2022-05-13,1652400000,1615.75,1651.5,1614.0,1647.5,969,0,1396,1604.0
116,-36,XB,XBN22,D1,2022-05-16,1652659200,1655.0,1668.0,1650.0,1655.125,1005,0,1430,1600.0
117,-35,XB,XBN22,D1,2022-05-17,1652745600,1655.625,1684.0,1646.0,1677.625,1096,125,1629,1485.0
118,-34,XB,XBN22,D1,2022-05-18,1652832000,1678.0,1686.25,1656.75,1663.375,981,125,1387,1482.0
119,-33,XB,XBN22,D1,2022-05-19,1652918400,1660.0,1697.0,1660.0,1689.5,1196,0,1716,1577.0
120,-32,XB,XBN22,D1,2022-05-20,1653004800,1689.875,1710.5,1683.75,1703.625,1278,125,2053,1719.0
121,-31,XB,XBN22,D1,2022-05-23,1653264000,1704.5,1720.25,1684.75,1687.75,1020,0,1347,1705.0
122,-30,XB,XBN22,D1,2022-05-24,1653350400,1685.0,1696.125,1674.0,1691.375,1259,125,1722,1707.0
123,-29,XB,XBN22,D1,2022-05-25,1653436800,1695.0,1698.0,1666.0,1680.0,1033,125,1535,1535.0
124,-28,XB,XBN22,D1,2022-05-26,1653523200,1677.875,1736.5,1667.875,1726.875,2226,125,3228,2162.0
125,-27,XB,XBN22,D1,2022-05-27,1653609600,1725.625,1744.25,1719.5,1734.375,1241,0,1808,2190.0
126,-26,XB,XBN22,D1,2022-05-31,1653955200,1737.5,1749.25,1674.25,1687.875,2005,0,2842,2626.0
127,-25,XB,XBN22,D1,2022-06-01,1654041600,1685.5,1706.0,1675.0,1690.0,1203,0,1738,2129.0
128,-24,XB,XBN22,D1,2022-06-02,1654128000,1690.0,1740.5,1681.375,1730.5,1390,125,2133,2238.0
129,-23,XB,XBN22,D1,2022-06-03,1654214400,1728.5,1730.0,1694.25,1700.0,1011,125,1409,1760.0
130,-22,XB,XBN22,D1,2022-06-06,1654473600,1708.375,1717.375,1690.0,1693.75,974,125,1363,1635.0
131,-21,XB,XBN22,D1,2022-06-07,1654560000,1698.0,1732.375,1692.25,1724.875,1489,0,2162,1645.0
132,-20,XB,XBN22,D1,2022-06-08,1654646400,1729.5,1758.5,1727.375,1740.75,1652,125,2306,1944.0
133,-19,XB,XBN22,D1,2022-06-09,1654732800,1741.75,1783.75,1728.375,1770.375,2074,125,2907,2458.0
134,-18,XB,XBN22,D1,2022-06-10,1654819200,1770.375,1775.25,1742.75,1747.25,1627,0,2343,2519.0
135,-17,XB,XBN22,D1,2022-06-13,1655078400,1750.25,1757.125,1702.0,1706.25,1478,125,2197,2482.0
136,-16,XB,XBN22,D1,2022-06-14,1655164800,1707.5,1728.0,1696.5,1699.25,1188,125,1719,2086.0
137,-15,XB,XBN22,D1,2022-06-15,1655251200,1698.0,1704.5,1682.5,1691.875,948,125,1297,1738.0
138,-14,XB,XBN22,D1,2022-06-16,1655337600,1694.75,1715.375,1690.375,1709.125,956,0,1231,1416.0
139,-13,XB,XBN22,D1,2022-06-17,1655424000,1710.75,1724.375,1700.5,1701.875,785,125,1117,1215.0
140,-12,XB,XBN22,D1,2022-06-21,1655769600,1693.0,1701.5,1675.5,1683.0,1188,0,1723,1357.0
141,-11,XB,XBN22,D1,2022-06-22,1655856000,1684.0,1684.375,1647.25,1654.0,1203,125,1774,1538.0
142,-10,XB,XBN22,D1,2022-06-23,1655942400,1655.0,1656.5,1590.0,1593.375,977,125,1468,1655.0
143,-9,XB,XBN22,D1,2022-06-24,1656028800,1590.0,1620.0,1582.75,1610.125,490,0,712,1318.0
39,-96,XB,XBX22,D1,2022-06-27,1656288000,1408.0,1441.0,1400.75,1436.75,96528,0,839,1137.0
40,-95,XB,XBX22,D1,2022-06-28,1656374400,1439.5,1468.25,1437.0,1464.375,120421,0,1141,1001.0
41,-94,XB,XBX22,D1,2022-06-29,1656460800,1461.625,1480.25,1450.0,1479.25,87576,0,1200,1060.0
42,-93,XB,XBX22,D1,2022-06-30,1656547200,1478.0,1507.0,1451.25,1460.25,446670,0,2624,1655.0
43,-92,XB,XBX22,D1,2022-07-01,1656633600,1462.125,1469.75,1392.625,1395.0,297108,0,2127,1984.0
44,-91,XB,XBX22,D1,2022-07-05,1656979200,1375.125,1375.125,1304.625,1317.625,390384,0,2143,2298.0
45,-90,XB,XBX22,D1,2022-07-06,1657065600,1324.875,1340.125,1302.875,1326.125,348001,0,2569,2280.0
46,-89,XB,XBX22,D1,2022-07-07,1657152000,1326.625,1372.25,1325.75,1363.625,283499,0,2028,2247.0
47,-88,XB,XBX22,D1,2022-07-08,1657238400,1366.5,1398.75,1357.625,1398.125,235729,0,1777,2125.0
48,-87,XB,XBX22,D1,2022-07-11,1657497600,1420.25,1438.375,1400.0,1404.75,287210,0,1957,1921.0
49,-86,XB,XBX22,D1,2022-07-12,1657584000,1403.625,1417.875,1339.625,1341.875,389131,0,2447,2060.0
50,-85,XB,XBX22,D1,2022-07-13,1657670400,1340.75,1362.0,1316.0,1348.25,290824,0,1769,2058.0
51,-84,XB,XBX22,D1,2022-07-14,1657756800,1352.25,1365.625,1317.625,1341.875,309581,0,1933,2050.0
52,-83,XB,XBX22,D1,2022-07-15,1657843200,1347.75,1357.625,1330.375,1346.5,179160,0,1507,1736.0
53,-82,XB,XBX22,D1,2022-07-18,1658102400,1355.125,1392.625,1341.0,1379.5,257126,0,2561,2000.0
54,-81,XB,XBX22,D1,2022-07-19,1658188800,1381.0,1383.125,1339.25,1359.25,265222,0,2618,2229.0
55,-80,XB,XBX22,D1,2022-07-20,1658275200,1356.0,1356.75,1327.875,1334.5,186210,0,1809,2329.0
56,-79,XB,XBX22,D1,2022-07-21,1658361600,1334.0,1341.5,1294.125,1302.0,207934,0,1527,1985.0
57,-78,XB,XBX22,D1,2022-07-22,1658448000,1303.375,1333.0,1288.75,1313.875,327206,0,2683,2006.0
58,-77,XB,XBX22,D1,2022-07-25,1658707200,1331.0,1348.625,1314.75,1343.375,252843,0,1815,2008.0
59,-76,XB,XBX22,D1,2022-07-26,1658793600,1357.875,1387.375,1357.75,1380.375,291269,0,2539,2346.0
60,-75,XB,XBX22,D1,2022-07-27,1658880000,1382.125,1416.5,1371.875,1410.25,347055,0,2569,2308.0
61,-74,XB,XBX22,D1,2022-07-28,1658966400,1410.875,1446.375,1410.625,1437.75,387691,0,2988,2699.0
62,-73,XB,XBX22,D1,2022-07-29,1659052800,1439.875,1488.625,1436.0,1473.0,3415,0,4745,3434.0
63,-72,XB,XBX22,D1,2022-08-01,1659312000,1477.25,1480.75,1395.25,1406.5,2834,0,3955,3896.0
64,-71,XB,XBX22,D1,2022-08-02,1659398400,1400.0,1407.5,1378.75,1383.75,2409,0,3009,3903.0
65,-70,XB,XBX22,D1,2022-08-03,1659484800,1377.0,1406.0,1356.25,1372.375,2172,0,2645,3203.0
66,-69,XB,XBX22,D1,2022-08-04,1659571200,1369.75,1423.625,1359.125,1419.0,3133,0,4177,3277.0
67,-68,XB,XBX22,D1,2022-08-05,1659657600,1414.0,1429.0,1392.25,1408.0,2315,0,3039,3287.0
68,-67,XB,XBX22,D1,2022-08-08,1659916800,1399.0,1420.75,1391.0,1401.25,1365,0,1725,2980.0
69,-66,XB,XBX22,D1,2022-08-09,1660003200,1410.0,1438.25,1409.625,1428.875,1660,125,2081,2282.0
70,-65,XB,XBX22,D1,2022-08-10,1660089600,1428.625,1454.5,1422.5,1425.125,1908,125,2412,2073.0
71,-64,XB,XBX22,D1,2022-08-11,1660176000,1426.0,1453.75,1417.875,1449.25,1627,0,2029,2174.0
72,-63,XB,XBX22,D1,2022-08-12,1660262400,1445.0,1465.0,1415.125,1451.0,2421,0,3316,2586.0
73,-62,XB,XBX22,D1,2022-08-15,1660521600,1442.0,1443.375,1386.0,1410.125,2122,0,2620,2655.0
74,-61,XB,XBX22,D1,2022-08-16,1660608000,1408.75,1413.625,1376.0,1381.375,1754,125,2079,2672.0
75,-60,XB,XBX22,D1,2022-08-17,1660694400,1384.5,1399.5,1379.25,1388.875,1220,0,1428,2042.0
76,-59,XB,XBX22,D1,2022-08-18,1660780800,1388.5,1413.0,1376.625,1404.0,1503,0,1839,1782.0
77,-58,XB,XBX22,D1,2022-08-19,1660867200,1408.0,1409.5,1386.625,1404.625,1099,125,1398,1555.0
78,-57,XB,XBX22,D1,2022-08-22,1661126400,1397.5,1438.625,1393.125,1434.375,1465,0,2048,1762.0
79,-56,XB,XBX22,D1,2022-08-23,1661212800,1435.0,1474.375,1431.875,1462.25,2269,0,3025,2157.0
80,-55,XB,XBX22,D1,2022-08-24,1661299200,1461.0,1484.0,1447.5,1457.75,1836,0,2497,2523.0
81,-54,XB,XBX22,D1,2022-08-25,1661385600,1456.0,1466.375,1428.5,1428.5,1483,125,2085,2536.0
82,-53,XB,XBX22,D1,2022-08-26,1661472000,1429.875,1464.75,1427.5,1462.375,1597,0,2208,2263.0
83,-52,XB,XBX22,D1,2022-08-29,1661731200,1455.375,1460.5,1431.875,1439.625,1569,125,2187,2160.0
84,-51,XB,XBX22,D1,2022-08-30,1661817600,1437.75,1439.625,1408.5,1433.875,1476,0,1930,2108.0
85,-50,XB,XBX22,D1,2022-08-31,1661904000,1432.0,1441.75,1416.375,1422.5,1302,0,1734,1950.0
86,-49,XB,XBX22,D1,2022-09-01,1661990400,1421.375,1432.5,1389.875,1393.125,1499,0,1946,1870.0
87,-48,XB,XBX22,D1,2022-09-02,1662076800,1393.5,1422.25,1392.125,1419.875,1181,0,1540,1740.0
88,-47,XB,XBX22,D1,2022-09-06,1662422400,1415.0,1422.75,1392.0,1401.25,1198,125,1643,1710.0
89,-46,XB,XBX22,D1,2022-09-07,1662508800,1398.625,1431.75,1380.5,1381.0,2056,0,2848,2010.0
90,-45,XB,XBX22,D1,2022-09-08,1662595200,1383.75,1397.125,1372.75,1386.25,1154,125,1496,1996.0
91,-44,XB,XBX22,D1,2022-09-09,1662681600,1388.125,1416.0,1388.125,1413.25,1003,0,1439,1928.0
92,-43,XB,XBX22,D1,2022-09-12,1662940800,1408.0,1491.0,1402.5,1487.375,2642,0,3830,2255.0
93,-42,XB,XBX22,D1,2022-09-13,1663027200,1486.125,1508.75,1475.75,1479.25,2266,0,3097,2789.0
94,-41,XB,XBX22,D1,2022-09-14,1663113600,1470.5,1489.5,1453.75,1457.125,1557,0,2148,3025.0
95,-40,XB,XBX22,D1,2022-09-15,1663200000,1457.75,1469.0,1443.75,1451.125,1512,0,2126,2457.0
96,-39,XB,XBX22,D1,2022-09-16,1663286400,1448.0,1455.375,1434.0,1445.625,1214,0,1741,2005.0
97,-38,XB,XBX22,D1,2022-09-19,1663545600,1444.5,1465.875,1439.5,1460.125,1322,0,1858,1908.0
98,-37,XB,XBX22,D1,2022-09-20,1663632000,1462.0,1485.0,1451.0,1477.25,1564,0,2139,1913.0
99,-36,XB,XBX22,D1,2022-09-21,1663718400,1476.25,1488.5,1460.125,1461.625,1369,0,1990,1996.0
100,-35,XB,XBX22,D1,2022-09-22,1663804800,1456.25,1476.0,1449.125,1455.0,1342,0,1840,1990.0
101,-34,XB,XBX22,D1,2022-09-23,1663891200,1453.5,1455.25,1420.75,1427.5,1335,0,1773,1868.0
102,-33,XB,XBX22,D1,2022-09-26,1664150400,1424.0,1434.125,1408.0,1412.75,1746,125,2040,1884.0
103,-32,XB,XBX22,D1,2022-09-27,1664236800,1411.0,1437.5,1407.125,1408.25,2037,0,2383,2065.0
104,-31,XB,XBX22,D1,2022-09-28,1664323200,1408.75,1412.375,1391.0,1410.5,2569,0,3064,2496.0
105,-30,XB,XBX22,D1,2022-09-29,1664409600,1408.75,1423.75,1403.375,1411.5,2216,0,2702,2716.0
106,-29,XB,XBX22,D1,2022-09-30,1664496000,1409.5,1426.0,1363.625,1371.0,2658,0,3411,3059.0
107,-28,XB,XBX22,D1,2022-10-03,1664755200,1362.0,1376.375,1360.0,1375.875,1744,125,2098,2737.0
108,-27,XB,XBX22,D1,2022-10-04,1664841600,1373.0,1395.125,1371.75,1382.5,1770,125,2149,2553.0
109,-26,XB,XBX22,D1,2022-10-05,1664928000,1383.0,1385.5,1362.375,1371.5,1744,0,2232,2160.0
110,-25,XB,XBX22,D1,2022-10-06,1665014400,1368.75,1376.875,1350.125,1360.625,1624,0,1999,2127.0
111,-24,XB,XBX22,D1,2022-10-07,1665100800,1358.0,1373.625,1350.625,1367.25,1663,125,2091,2107.0
112,-23,XB,XBX22,D1,2022-10-10,1665360000,1366.5,1398.5,1366.5,1374.0,2495,0,3091,2394.0
113,-22,XB,XBX22,D1,2022-10-11,1665446400,1373.25,1385.0,1365.0,1375.5,1719,125,2015,2399.0
114,-21,XB,XBX22,D1,2022-10-12,1665532800,1373.5,1411.625,1368.0,1395.125,2648,0,3912,3006.0
115,-20,XB,XBX22,D1,2022-10-13,1665619200,1395.0,1404.625,1379.25,1393.75,1907,0,2395,2774.0
116,-19,XB,XBX22,D1,2022-10-14,1665705600,1393.0,1409.875,1382.75,1385.0,1721,0,2020,2776.0
117,-18,XB,XBX22,D1,2022-10-17,1665964800,1380.75,1395.0,1375.5,1384.375,1493,125,1780,2065.0
118,-17,XB,XBX22,D1,2022-10-18,1666051200,1382.875,1389.875,1364.25,1370.625,1447,0,1729,1843.0
119,-16,XB,XBX22,D1,2022-10-19,1666137600,1371.625,1378.625,1357.375,1372.5,1238,125,1373,1627.0
120,-15,XB,XBX22,D1,2022-10-20,1666224000,1372.0,1396.75,1370.125,1390.875,1570,0,1851,1651.0
121,-14,XB,XBX22,D1,2022-10-21,1666310400,1389.0,1398.125,1375.0,1393.0,1309,125,1539,1588.0
122,-13,XB,XBX22,D1,2022-10-24,1666569600,1393.625,1395.0,1368.5,1373.125,1216,0,1480,1623.0
123,-12,XB,XBX22,D1,2022-10-25,1666656000,1373.5,1386.375,1366.75,1382.625,776,125,1029,1349.0
102,-52,XB,XBF23,D1,2022-10-26,1666742400,1391.875,1408.625,1388.75,1393.375,1399,0,1677,1184.0
103,-51,XB,XBF23,D1,2022-10-27,1666828800,1393.0,1404.625,1389.125,1395.0,1316,0,1507,1505.0
104,-50,XB,XBF23,D1,2022-10-28,1666915200,1393.0,1402.25,1380.75,1402.25,1535,0,1833,1672.0
105,-49,XB,XBF23,D1,2022-10-31,1667174400,1410.5,1425.0,1397.625,1418.5,1734,0,2228,1856.0
106,-48,XB,XBF23,D1,2022-11-01,1667260800,1417.0,1449.125,1414.625,1446.5,2686,0,3223,2428.0
107,-47,XB,XBF23,D1,2022-11-02,1667347200,1445.25,1457.5,1431.375,1454.875,2240,0,2617,2689.0
108,-46,XB,XBF23,D1,2022-11-03,1667433600,1453.0,1453.125,1426.625,1437.0,1420,125,1855,2565.0
109,-45,XB,XBF23,D1,2022-11-04,1667520000,1436.0,1465.0,1432.125,1462.125,1801,0,2183,2218.0
110,-44,XB,XBF23,D1,2022-11-07,1667779200,1456.0,1468.75,1447.125,1449.25,1271,0,1436,1825.0
111,-43,XB,XBF23,D1,2022-11-08,1667865600,1450.0,1453.875,1440.75,1446.75,906,0,1042,1554.0
112,-42,XB,XBF23,D1,2022-11-09,1667952000,1444.0,1457.375,1433.75,1451.875,1104,125,1668,1382.0
113,-41,XB,XBF23,D1,2022-11-10,1668038400,1452.0,1458.5,1421.25,1421.25,986,0,1292,1334.0
114,-40,XB,XBF23,D1,2022-11-11,1668124800,1424.0,1458.5,1424.0,1450.25,1232,0,1678,1546.0
115,-39,XB,XBF23,D1,2022-11-14,1668384000,1450.0,1455.0,1434.25,1442.25,748,0,1019,1330.0
116,-38,XB,XBF23,D1,2022-11-15,1668470400,1439.0,1464.25,1432.375,1458.0,991,0,1278,1325.0
117,-37,XB,XBF23,D1,2022-11-16,1668556800,1455.25,1456.0,1423.375,1430.375,881,125,1142,1146.0
118,-36,XB,XBF23,D1,2022-11-17,1668643200,1430.75,1432.125,1407.0,1418.375,849,125,1158,1193.0
119,-35,XB,XBF23,D1,2022-11-18,1668729600,1420.0,1430.875,1412.625,1427.5,771,0,1024,1108.0
120,-34,XB,XBF23,D1,2022-11-21,1668988800,1427.375,1438.0,1417.75,1435.875,794,125,1023,1068.0
121,-33,XB,XBF23,D1,2022-11-22,1669075200,1435.875,1443.625,1428.25,1432.375,690,0,867,971.0
122,-32,XB,XBF23,D1,2022-11-23,1669161600,1430.75,1440.875,1422.5,1437.25,646,0,853,914.0
123,-31,XB,XBF23,D1,2022-11-25,1669334400,1436.125,1448.0,1431.75,1433.625,390,125,498,739.0
124,-30,XB,XBF23,D1,2022-11-28,1669593600,1429.875,1462.0,1423.875,1455.625,1461,125,1876,1076.0
125,-29,XB,XBF23,D1,2022-11-29,1669680000,1454.0,1468.125,1448.875,1458.125,1217,0,1791,1388.0
126,-28,XB,XBF23,D1,2022-11-30,1669766400,1456.5,1478.875,1456.5,1469.75,1364,0,1883,1850.0
127,-27,XB,XBF23,D1,2022-12-01,1669852800,1465.5,1469.5,1425.375,1431.875,1509,125,1955,1876.0
128,-26,XB,XBF23,D1,2022-12-02,1669939200,1433.0,1443.125,1425.75,1440.0,756,0,987,1608.0
129,-25,XB,XBF23,D1,2022-12-05,1670198400,1439.125,1451.0,1435.125,1440.125,831,125,1038,1327.0
130,-24,XB,XBF23,D1,2022-12-06,1670284800,1437.0,1472.75,1436.75,1456.125,1896,125,2488,1504.0
131,-23,XB,XBF23,D1,2022-12-07,1670371200,1456.0,1477.875,1455.875,1472.625,1171,0,1464,1663.0
132,-22,XB,XBF23,D1,2022-12-08,1670457600,1470.25,1492.0,1467.5,1487.0,1705,0,2196,2049.0
133,-21,XB,XBF23,D1,2022-12-09,1670544000,1484.0,1493.0,1460.0,1483.0,1060,0,1457,1706.0
134,-20,XB,XBF23,D1,2022-12-12,1670803200,1483.0,1483.0,1458.0,1462.5,895,0,1202,1618.0
135,-19,XB,XBF23,D1,2022-12-13,1670889600,1460.5,1487.75,1460.5,1480.625,995,0,1352,1337.0
136,-18,XB,XBF23,D1,2022-12-14,1670976000,1479.5,1486.625,1468.0,1482.875,870,125,1109,1221.0
137,-17,XB,XBF23,D1,2022-12-15,1671062400,1480.75,1485.625,1468.0,1472.5,682,125,880,1114.0
138,-16,XB,XBF23,D1,2022-12-16,1671148800,1471.625,1485.875,1465.625,1478.25,658,125,842,944.0
139,-15,XB,XBF23,D1,2022-12-19,1671408000,1471.625,1475.875,1460.0,1462.0,716,125,977,900.0
140,-14,XB,XBF23,D1,2022-12-20,1671494400,1459.625,1486.75,1459.625,1479.0,862,125,1140,986.0
141,-13,XB,XBF23,D1,2022-12-21,1671580800,1476.5,1488.625,1476.25,1479.875,547,0,780,966.0
142,-12,XB,XBF23,D1,2022-12-22,1671667200,1480.75,1484.0,1463.5,1467.75,388,125,505,808.0
143,-11,XB,XBF23,D1,2022-12-23,1671753600,1469.25,1483.5,1467.875,1479.5,266,125,420,568.0
102,-49,XB,XBH23,D1,2022-12-27,1672099200,1494.75,1522.875,1485.0,1487.625,241124,0,2399,1203.0
103,-48,XB,XBH23,D1,2022-12-28,1672185600,1489.375,1517.0,1489.25,1515.5,193479,0,2138,1754.0
104,-47,XB,XBH23,D1,2022-12-29,1672272000,1512.0,1524.0,1508.75,1516.125,155672,0,1931,2156.0
105,-46,XB,XBH23,D1,2022-12-30,1672358400,1515.0,1537.375,1515.0,1524.0,200156,0,2272,2114.0
106,-45,XB,XBH23,D1,2023-01-03,1672704000,1524.0,1529.0,1490.125,1494.625,171360,0,1505,1903.0
107,-44,XB,XBH23,D1,2023-01-04,1672790400,1493.375,1506.0,1480.75,1485.625,149527,0,1503,1760.0
108,-43,XB,XBH23,D1,2023-01-05,1672876800,1485.125,1489.75,1465.0,1473.375,108590,0,1290,1433.0
109,-42,XB,XBH23,D1,2023-01-06,1672963200,1472.125,1498.375,1471.75,1491.875,126373,0,1288,1360.0
110,-41,XB,XBH23,D1,2023-01-09,1673222400,1496.875,1501.875,1486.75,1489.25,94957,0,1000,1193.0
111,-40,XB,XBH23,D1,2023-01-10,1673308800,1487.625,1500.375,1474.5,1485.75,109223,0,1186,1158.0
112,-39,XB,XBH23,D1,2023-01-11,1673395200,1485.0,1499.75,1482.25,1493.625,76928,0,998,1061.0
113,-38,XB,XBH23,D1,2023-01-12,1673481600,1493.25,1527.0,1493.25,1518.5,282029,0,2569,1584.0
114,-37,XB,XBH23,D1,2023-01-13,1673568000,1518.0,1532.875,1513.5,1529.75,140652,0,1562,1710.0
115,-36,XB,XBH23,D1,2023-01-17,1673913600,1520.0,1540.75,1512.75,1539.625,144881,0,1640,1924.0
116,-35,XB,XBH23,D1,2023-01-18,1674000000,1537.0,1548.25,1510.75,1524.375,128558,0,1609,1604.0
117,-34,XB,XBH23,D1,2023-01-19,1674086400,1523.125,1528.125,1509.25,1515.125,81048,0,927,1392.0
118,-33,XB,XBH23,D1,2023-01-20,1674172800,1514.25,1521.75,1504.25,1508.75,104446,0,963,1166.0
119,-32,XB,XBH23,D1,2023-01-23,1674432000,1500.75,1502.375,1479.5,1492.5,101572,0,1155,1015.0
120,-31,XB,XBH23,D1,2023-01-24,1674518400,1490.375,1506.875,1487.375,1488.625,109206,0,1077,1065.0
121,-30,XB,XBH23,D1,2023-01-25,1674604800,1488.0,1504.375,1477.75,1503.75,99305,0,1033,1088.0
122,-29,XB,XBH23,D1,2023-01-26,1674691200,1503.75,1526.375,1500.25,1524.0,139367,0,1567,1226.0
123,-28,XB,XBH23,D1,2023-01-27,1674777600,1521.375,1526.5,1506.5,1512.5,83557,0,851,1150.0
124,-27,XB,XBH23,D1,2023-01-30,1675036800,1515.875,1538.0,1515.875,1534.375,1379,0,1775,1398.0
125,-26,XB,XBH23,D1,2023-01-31,1675123200,1533.0,1543.375,1524.125,1537.375,1165,0,1452,1359.0
126,-25,XB,XBH23,D1,2023-02-01,1675209600,1537.375,1542.25,1511.125,1520.125,998,125,1248,1492.0
127,-24,XB,XBH23,D1,2023-02-02,1675296000,1523.25,1537.375,1521.5,1533.5,885,125,1116,1272.0
128,-23,XB,XBH23,D1,2023-02-03,1675382400,1533.0,1539.75,1525.0,1532.5,748,125,925,1096.0
129,-22,XB,XBH23,D1,2023-02-06,1675641600,1531.875,1535.375,1517.125,1520.75,670,0,799,947.0
130,-21,XB,XBH23,D1,2023-02-07,1675728000,1520.25,1530.0,1511.375,1516.0,946,125,1172,965.0
131,-20,XB,XBH23,D1,2023-02-08,1675814400,1516.25,1527.125,1505.75,1518.75,975,125,1221,1064.0
132,-19,XB,XBH23,D1,2023-02-09,1675900800,1518.0,1533.875,1512.625,1518.875,1008,0,1194,1196.0
133,-18,XB,XBH23,D1,2023-02-10,1675987200,1517.75,1543.25,1516.5,1541.0,1262,125,1554,1323.0
134,-17,XB,XBH23,D1,2023-02-13,1676246400,1542.0,1555.125,1537.25,1542.25,1154,0,1455,1401.0
135,-16,XB,XBH23,D1,2023-02-14,1676332800,1542.125,1544.875,1532.625,1536.375,720,0,843,1284.0
136,-15,XB,XBH23,D1,2023-02-15,1676419200,1536.875,1536.875,1516.25,1524.5,1029,0,1161,1153.0
137,-14,XB,XBH23,D1,2023-02-16,1676505600,1526.25,1532.125,1521.0,1526.25,629,125,839,948.0
138,-13,XB,XBH23,D1,2023-02-17,1676592000,1525.625,1533.625,1524.0,1526.0,582,0,685,895.0
139,-12,XB,XBH23,D1,2023-02-21,1676937600,1533.125,1548.875,1533.125,1548.375,1031,125,1248,924.0
140,-11,XB,XBH23,D1,2023-02-22,1677024000,1546.875,1553.875,1538.25,1541.375,387,125,624,852.0
99,-50,XB,XBK23,D1,2023-02-23,1677110400,1534.5,1539.625,1526.5,1527.25,69425,0,1006,957.0
100,-49,XB,XBK23,D1,2023-02-24,1677196800,1527.625,1536.0,1517.125,1519.5,129117,0,1718,1286.0
101,-48,XB,XBK23,D1,2023-02-27,1677456000,1519.25,1524.25,1508.25,1512.5,81448,0,998,1241.0
102,-47,XB,XBK23,D1,2023-02-28,1677542400,1513.25,1513.25,1478.0,1481.5,105989,0,1490,1402.0
103,-46,XB,XBK23,D1,2023-03-01,1677628800,1479.75,1498.0,1479.75,1493.625,133799,0,1683,1390.0
104,-45,XB,XBK23,D1,2023-03-02,1677715200,1494.25,1514.5,1489.5,1508.125,135491,0,1728,1634.0
105,-44,XB,XBK23,D1,2023-03-03,1677801600,1508.5,1527.5,1507.0,1518.75,93206,0,1232,1548.0
106,-43,XB,XBK23,D1,2023-03-06,1678060800,1519.125,1538.25,1510.75,1528.625,122494,0,1460,1473.0
107,-42,XB,XBK23,D1,2023-03-07,1678147200,1526.75,1531.125,1513.25,1516.5,73909,0,876,1189.0
108,-41,XB,XBK23,D1,2023-03-08,1678233600,1515.0,1533.5,1511.25,1517.375,137955,0,1313,1216.0
109,-40,XB,XBK23,D1,2023-03-09,1678320000,1517.125,1528.5,1505.375,1514.0,156876,0,1727,1305.0
110,-39,XB,XBK23,D1,2023-03-10,1678406400,1511.75,1515.125,1498.25,1506.5,99096,0,1156,1399.0
111,-38,XB,XBK23,D1,2023-03-13,1678665600,1514.75,1516.25,1491.0,1491.75,135532,0,1586,1490.0
112,-37,XB,XBK23,D1,2023-03-14,1678752000,1490.25,1496.75,1484.375,1494.875,89851,0,1169,1304.0
113,-36,XB,XBK23,D1,2023-03-15,1678838400,1493.125,1500.125,1479.875,1488.125,122251,0,1403,1386.0
114,-35,XB,XBK23,D1,2023-03-16,1678924800,1489.0,1497.875,1478.0,1490.5,122987,0,1455,1342.0
115,-34,XB,XBK23,D1,2023-03-17,1679011200,1492.0,1497.75,1469.0,1475.5,125218,0,1522,1460.0
116,-33,XB,XBK23,D1,2023-03-20,1679270400,1472.25,1487.625,1462.125,1484.5,120643,0,1254,1410.0
117,-32,XB,XBK23,D1,2023-03-21,1679356800,1484.25,1496.875,1465.375,1466.0,146767,0,1744,1507.0
118,-31,XB,XBK23,D1,2023-03-22,1679443200,1468.5,1472.0,1443.375,1448.75,187643,0,1921,1640.0
119,-30,XB,XBK23,D1,2023-03-23,1679529600,1450.75,1454.25,1415.5,1419.0,205531,0,2123,1929.0
120,-29,XB,XBK23,D1,2023-03-24,1679616000,1419.125,1431.75,1405.625,1428.125,167801,0,1560,1868.0
121,-28,XB,XBK23,D1,2023-03-27,1679875200,1428.25,1445.375,1423.25,1442.0,117290,0,1085,1589.0
122,-27,XB,XBK23,D1,2023-03-28,1679961600,1441.5,1469.625,1439.625,1467.0,127591,0,1506,1384.0
123,-26,XB,XBK23,D1,2023-03-29,1680048000,1466.875,1479.625,1462.625,1475.25,116382,0,1376,1322.0
124,-25,XB,XBK23,D1,2023-03-30,1680134400,1476.0,1484.25,1471.125,1475.25,93445,0,1053,1312.0
125,-24,XB,XBK23,D1,2023-03-31,1680220800,1473.5,1513.25,1465.0,1504.75,274755,0,2342,1590.0
126,-23,XB,XBK23,D1,2023-04-03,1680480000,1507.25,1527.625,1507.0,1521.0,121476,0,1338,1578.0
127,-22,XB,XBK23,D1,2023-04-04,1680566400,1519.625,1523.625,1505.625,1520.0,102416,0,1029,1570.0
128,-21,XB,XBK23,D1,2023-04-05,1680652800,1521.625,1526.875,1507.0,1509.5,114470,0,1098,1155.0
129,-20,XB,XBK23,D1,2023-04-06,1680739200,1509.875,1510.0,1483.375,1494.0,94163,0,1017,1048.0
130,-19,XB,XBK23,D1,2023-04-10,1681084800,1492.875,1499.75,1482.625,1488.875,53761,0,627,914.0
131,-18,XB,XBK23,D1,2023-04-11,1681171200,1487.5,1507.5,1486.25,1497.5,144574,0,1259,968.0
132,-17,XB,XBK23,D1,2023-04-12,1681257600,1497.25,1510.625,1490.875,1506.0,91791,0,984,957.0
133,-16,XB,XBK23,D1,2023-04-13,1681344000,1504.125,1522.0,1500.875,1502.625,82288,0,887,1043.0
134,-15,XB,XBK23,D1,2023-04-14,1681430400,1501.25,1503.5,1490.125,1499.75,58047,0,817,896.0
135,-14,XB,XBK23,D1,2023-04-17,1681689600,1500.75,1518.625,1496.875,1514.25,64663,0,917,874.0
136,-13,XB,XBK23,D1,2023-04-18,1681776000,1515.125,1531.0,1510.875,1517.875,85320,0,1095,943.0
137,-12,XB,XBK23,D1,2023-04-19,1681862400,1517.0,1521.625,1505.875,1507.25,81159,0,1624,1212.0
138,-11,XB,XBK23,D1,2023-04-20,1681948800,1505.0,1505.125,1488.5,1497.625,70164,0,930,1216.0
139,-10,XB,XBK23,D1,2023-04-21,1682035200,1496.5,1500.0,1479.25,1479.25,72751,0,948,1167.0
140,-9,XB,XBK23,D1,2023-04-24,1682294400,1484.25,1499.75,1463.25,1464.625,394,125,545,808.0
100,-53,XB,XBN23,D1,2023-04-25,1682380800,1434.0,1439.0,1411.25,1419.75,1013,0,1336,1029.0
101,-52,XB,XBN23,D1,2023-04-26,1682467200,1418.625,1427.75,1412.125,1415.75,622,125,840,1099.0
102,-51,XB,XBN23,D1,2023-04-27,1682553600,1414.25,1416.5,1401.75,1405.5,851,125,1037,1071.0
103,-50,XB,XBN23,D1,2023-04-28,1682640000,1406.125,1423.0,1396.5,1420.125,1097,0,1414,1097.0
104,-49,XB,XBN23,D1,2023-05-01,1682899200,1416.75,1429.0,1413.625,1426.5,694,125,859,1103.0
105,-48,XB,XBN23,D1,2023-05-02,1682985600,1427.375,1440.0,1408.625,1409.375,1102,125,1447,1240.0
106,-47,XB,XBN23,D1,2023-05-03,1683072000,1410.125,1418.75,1392.25,1415.5,1072,0,1307,1204.0
107,-46,XB,XBN23,D1,2023-05-04,1683158400,1415.0,1423.25,1405.125,1416.625,763,125,925,1226.0
108,-45,XB,XBN23,D1,2023-05-05,1683244800,1417.0,1438.375,1416.25,1437.25,849,125,1095,1109.0
109,-44,XB,XBN23,D1,2023-05-08,1683504000,1436.25,1447.625,1429.75,1434.5,803,125,1135,1052.0
110,-43,XB,XBN23,D1,2023-05-09,1683590400,1431.75,1432.5,1410.375,1414.625,903,125,1160,1130.0
111,-42,XB,XBN23,D1,2023-05-10,1683676800,1413.875,1418.25,1402.875,1404.375,955,0,1240,1178.0
112,-41,XB,XBN23,D1,2023-05-11,1683763200,1403.125,1413.375,1385.5,1406.75,1184,125,1442,1281.0
113,-40,XB,XBN23,D1,2023-05-12,1683849600,1405.0,1416.625,1387.0,1389.25,1321,125,1708,1463.0
114,-39,XB,XBN23,D1,2023-05-15,1684108800,1388.625,1411.375,1386.0,1400.25,977,125,1207,1452.0
115,-38,XB,XBN23,D1,2023-05-16,1684195200,1400.0,1402.0,1359.0,1364.375,1530,125,1983,1633.0
116,-37,XB,XBN23,D1,2023-05-17,1684281600,1365.0,1365.75,1332.75,1333.25,1414,125,1811,1667.0
117,-36,XB,XBN23,D1,2023-05-18,1684368000,1335.0,1348.0,1323.5,1333.625,1291,125,1545,1780.0
118,-35,XB,XBN23,D1,2023-05-19,1684454400,1332.75,1345.25,1304.5,1304.5,1032,125,1243,1533.0
119,-34,XB,XBN23,D1,2023-05-22,1684713600,1310.0,1344.0,1304.875,1340.25,1240,0,1547,1445.0
120,-33,XB,XBN23,D1,2023-05-23,1684800000,1340.0,1341.0,1316.0,1322.625,1075,0,1271,1354.0
121,-32,XB,XBN23,D1,2023-05-24,1684886400,1321.75,1337.5,1316.25,1323.75,945,125,1076,1298.0
122,-31,XB,XBN23,D1,2023-05-25,1684972800,1324.0,1333.0,1305.125,1326.0,1029,125,1174,1174.0
123,-30,XB,XBN23,D1,2023-05-26,1685059200,1326.0,1343.125,1322.0,1338.0,783,125,923,1058.0
124,-29,XB,XBN23,D1,2023-05-30,1685404800,1337.0,1338.5,1294.5,1294.5,1142,125,1357,1151.0
125,-28,XB,XBN23,D1,2023-05-31,1685491200,1298.0,1302.5,1270.625,1299.375,1084,125,1340,1207.0
126,-27,XB,XBN23,D1,2023-06-01,1685577600,1300.0,1335.0,1300.0,1327.0,1220,0,1445,1381.0
127,-26,XB,XBN23,D1,2023-06-02,1685664000,1328.25,1355.375,1321.75,1352.0,1225,125,1449,1411.0
128,-25,XB,XBN23,D1,2023-06-05,1685923200,1352.75,1361.625,1343.375,1348.625,903,125,1117,1337.0
129,-24,XB,XBN23,D1,2023-06-06,1686009600,1351.125,1364.0,1340.5,1352.75,1151,125,1358,1308.0
130,-23,XB,XBN23,D1,2023-06-07,1686096000,1353.875,1370.625,1350.125,1359.75,939,125,1088,1188.0
131,-22,XB,XBN23,D1,2023-06-08,1686182400,1358.0,1371.75,1352.375,1362.5,795,125,983,1143.0
132,-21,XB,XBN23,D1,2023-06-09,1686268800,1360.0,1388.375,1356.75,1387.125,1063,0,1317,1129.0
133,-20,XB,XBN23,D1,2023-06-12,1686528000,1388.0,1392.625,1368.75,1373.75,931,0,1095,1132.0
134,-19,XB,XBN23,D1,2023-06-13,1686614400,1373.75,1415.5,1371.625,1399.25,1480,125,1958,1457.0
135,-18,XB,XBN23,D1,2023-06-14,1686700800,1397.0,1398.25,1379.75,1389.0,1147,125,1432,1495.0
136,-17,XB,XBN23,D1,2023-06-15,1686787200,1390.25,1431.875,1388.0,1427.875,1982,125,2583,1991.0
137,-16,XB,XBN23,D1,2023-06-16,1686873600,1426.25,1467.875,1426.25,1465.375,1569,0,1943,1986.0
138,-15,XB,XBN23,D1,2023-06-20,1687219200,1472.5,1489.25,1459.5,1478.0,796,0,1292,1939.0
35,-101,XB,XBX23,D1,2023-06-21,1687305600,1350.5,1377.5,1342.25,1377.375,190848,0,1862,1788.0
36,-100,XB,XBX23,D1,2023-06-22,1687392000,1370.5,1373.25,1322.625,1339.5,187880,0,1507,1614.0
37,-99,XB,XBX23,D1,2023-06-23,1687478400,1339.25,1339.25,1291.0,1304.5,216253,0,1389,1586.0
38,-98,XB,XBX23,D1,2023-06-26,1687737600,1305.5,1332.75,1297.5,1323.25,152461,0,1136,1344.0
39,-97,XB,XBX23,D1,2023-06-27,1687824000,1323.25,1325.0,1282.0,1294.0,158861,0,1334,1286.0
40,-96,XB,XBX23,D1,2023-06-28,1687910400,1292.25,1295.0,1256.25,1266.75,161645,0,1290,1253.0
41,-95,XB,XBX23,D1,2023-06-29,1687996800,1263.0,1275.25,1259.75,1263.5,92160,0,756,1127.0
42,-94,XB,XBX23,D1,2023-06-30,1688083200,1267.0,1351.625,1266.5,1341.875,557717,0,4887,2311.0
43,-93,XB,XBX23,D1,2023-07-03,1688342400,1343.125,1391.375,1343.125,1354.375,426226,0,3944,3196.0
44,-92,XB,XBX23,D1,2023-07-05,1688515200,1361.375,1378.75,1338.25,1350.0,423405,0,3654,4162.0
45,-91,XB,XBX23,D1,2023-07-06,1688601600,1352.0,1362.75,1331.0,1343.375,241565,0,2205,3268.0
46,-90,XB,XBX23,D1,2023-07-07,1688688000,1339.25,1343.5,1315.875,1320.875,184175,0,1696,2518.0
47,-89,XB,XBX23,D1,2023-07-10,1688947200,1322.125,1353.125,1318.0,1342.875,229456,0,2181,2027.0
48,-88,XB,XBX23,D1,2023-07-11,1689033600,1345.75,1367.0,1345.5,1360.625,247353,0,2320,2066.0
49,-87,XB,XBX23,D1,2023-07-12,1689120000,1359.5,1378.0,1324.875,1327.625,402999,0,3776,2759.0
50,-86,XB,XBX23,D1,2023-07-13,1689206400,1326.625,1370.625,1325.0,1368.625,245751,0,2545,2880.0
51,-85,XB,XBX23,D1,2023-07-14,1689292800,1368.0,1384.0,1355.625,1372.0,246163,0,2502,2941.0
52,-84,XB,XBX23,D1,2023-07-17,1689552000,1375.25,1388.375,1368.75,1376.0,42840,0,2037,2361.0
53,-83,XB,XBX23,D1,2023-07-18,1689638400,1370.625,1404.375,1368.5,1395.0,235362,0,3698,2746.0
54,-82,XB,XBX23,D1,2023-07-19,1689724800,1395.0,1428.25,1392.0,1408.5,392182,0,4385,3373.0
55,-81,XB,XBX23,D1,2023-07-20,1689811200,1403.625,1418.0,1398.75,1403.25,174092,0,1767,3283.0
56,-80,XB,XBX23,D1,2023-07-21,1689897600,1400.25,1408.5,1384.0,1399.5,220341,0,1857,2670.0
57,-79,XB,XBX23,D1,2023-07-24,1690156800,1408.25,1434.75,1401.875,1424.0,234253,0,2747,2124.0
58,-78,XB,XBX23,D1,2023-07-25,1690243200,1422.25,1428.125,1402.875,1418.0,152959,0,1554,2053.0
59,-77,XB,XBX23,D1,2023-07-26,1690329600,1415.5,1428.0,1408.0,1420.625,214957,0,2262,2188.0
60,-76,XB,XBX23,D1,2023-07-27,1690416000,1419.25,1431.75,1396.0,1396.125,222565,0,2219,2012.0
61,-75,XB,XBX23,D1,2023-07-28,1690502400,1397.0,1400.0,1379.25,1382.75,219733,0,2136,2206.0
62,-74,XB,XBX23,D1,2023-07-31,1690761600,1375.5,1375.5,1323.125,1332.125,244615,0,2842,2399.0
63,-73,XB,XBX23,D1,2023-08-01,1690848000,1333.625,1344.375,1326.375,1343.875,128985,0,1254,2077.0
64,-72,XB,XBX23,D1,2023-08-02,1690934400,1341.375,1353.75,1315.125,1319.875,193599,0,2001,2032.0
65,-71,XB,XBX23,D1,2023-08-03,1691020800,1320.5,1337.125,1318.5,1325.375,103618,0,1139,1465.0
66,-70,XB,XBX23,D1,2023-08-04,1691107200,1325.375,1345.375,1322.75,1331.75,104353,0,1111,1417.0
67,-69,XB,XBX23,D1,2023-08-07,1691366400,1324.875,1327.5,1291.0,1304.0,201328,0,2102,1451.0
68,-68,XB,XBX23,D1,2023-08-08,1691452800,1301.875,1311.0,1282.625,1304.625,149543,0,1561,1591.0
69,-67,XB,XBX23,D1,2023-08-09,1691539200,1306.125,1323.0,1306.125,1309.0,97237,0,1115,1593.0
70,-66,XB,XBX23,D1,2023-08-10,1691625600,1308.0,1327.875,1304.75,1319.0,101096,0,1166,1281.0
71,-65,XB,XBX23,D1,2023-08-11,1691712000,1319.5,1336.0,1297.5,1306.375,330115,0,2258,1513.0
72,-64,XB,XBX23,D1,2023-08-14,1691971200,1308.375,1328.375,1308.375,1325.25,134784,0,1466,1630.0
73,-63,XB,XBX23,D1,2023-08-15,1692057600,1318.375,1334.25,1303.25,1304.625,142909,0,1652,1792.0
74,-62,XB,XBX23,D1,2023-08-16,1692144000,1305.0,1331.25,1302.75,1325.25,137519,0,1638,1585.0
75,-61,XB,XBX23,D1,2023-08-17,1692230400,1324.25,1340.75,1320.375,1331.0,113529,0,1514,1601.0
76,-60,XB,XBX23,D1,2023-08-18,1692316800,1330.625,1355.75,1330.625,1353.25,150191,0,1951,1701.0
77,-59,XB,XBX23,D1,2023-08-21,1692576000,1360.5,1380.5,1355.75,1362.0,152168,0,1998,1821.0
78,-58,XB,XBX23,D1,2023-08-22,1692662400,1361.0,1373.5,1339.5,1344.25,141530,0,1476,1808.0
79,-57,XB,XBX23,D1,2023-08-23,1692748800,1345.125,1363.5,1332.5,1361.25,134030,0,1392,1622.0
80,-56,XB,XBX23,D1,2023-08-24,1692835200,1360.5,1373.0,1356.5,1372.125,134418,0,1577,1482.0
81,-55,XB,XBX23,D1,2023-08-25,1692921600,1370.875,1390.25,1368.125,1386.125,156177,0,2297,1755.0
82,-54,XB,XBX23,D1,2023-08-28,1693180800,1396.0,1409.0,1395.25,1406.125,161447,0,2202,2025.0
83,-53,XB,XBX23,D1,2023-08-29,1693267200,1392.75,1405.0,1391.875,1392.25,109353,0,1284,1928.0
84,-52,XB,XBX23,D1,2023-08-30,1693353600,1390.625,1400.75,1380.875,1386.625,133009,0,1358,1615.0
85,-51,XB,XBX23,D1,2023-08-31,1693440000,1386.75,1390.875,1367.75,1368.0,111612,0,1343,1328.0
86,-50,XB,XBX23,D1,2023-09-01,1693526400,1368.75,1384.625,1366.0,1368.125,106637,0,1166,1289.0
87,-49,XB,XBX23,D1,2023-09-05,1693872000,1368.5,1376.625,1358.0,1368.0,125246,0,1274,1261.0
88,-48,XB,XBX23,D1,2023-09-06,1693958400,1368.125,1384.5,1368.125,1375.25,127524,0,1537,1326.0
89,-47,XB,XBX23,D1,2023-09-07,1694044800,1376.0,1377.625,1357.125,1360.5,61651,0,962,1258.0
90,-46,XB,XBX23,D1,2023-09-08,1694131200,1359.625,1365.0,1352.5,1363.5,75403,0,953,1151.0
91,-45,XB,XBX23,D1,2023-09-11,1694390400,1363.0,1373.625,1361.5,1370.0,74150,0,939,951.0
92,-44,XB,XBX23,D1,2023-09-12,1694476800,1367.375,1372.75,1338.0,1344.25,232607,0,1870,1254.0
93,-43,XB,XBX23,D1,2023-09-13,1694563200,1344.25,1351.125,1334.0,1351.125,83428,0,1085,1298.0
94,-42,XB,XBX23,D1,2023-09-14,1694649600,1349.125,1364.25,1346.375,1361.375,90578,0,1075,1343.0
95,-41,XB,XBX23,D1,2023-09-15,1694736000,1360.25,1367.75,1339.0,1339.25,94731,0,1400,1187.0
96,-40,XB,XBX23,D1,2023-09-18,1694995200,1337.875,1344.125,1315.75,1316.125,96196,0,1417,1297.0
97,-39,XB,XBX23,D1,2023-09-19,1695081600,1314.375,1319.75,1308.0,1315.625,81547,0,1240,1352.0
98,-38,XB,XBX23,D1,2023-09-20,1695168000,1315.0,1322.75,1310.625,1318.75,72683,0,1214,1290.0
99,-37,XB,XBX23,D1,2023-09-21,1695254400,1319.5,1321.625,1293.375,1294.25,120123,0,1708,1387.0
100,-36,XB,XBX23,D1,2023-09-22,1695340800,1293.75,1302.875,1292.0,1295.25,55668,0,853,1258.0
101,-35,XB,XBX23,D1,2023-09-25,1695600000,1295.5,1300.0,1284.375,1299.125,78426,0,1072,1211.0
102,-34,XB,XBX23,D1,2023-09-26,1695686400,1298.25,1307.125,1289.25,1304.375,102959,0,1216,1047.0
103,-33,XB,XBX23,D1,2023-09-27,1695772800,1302.125,1317.0,1297.25,1303.25,109133,0,1415,1234.0
104,-32,XB,XBX23,D1,2023-09-28,1695859200,1303.25,1306.375,1287.5,1301.75,96580,0,1392,1341.0
105,-31,XB,XBX23,D1,2023-09-29,1695945600,1300.625,1305.25,1272.5,1275.625,208608,0,2220,1676.0
106,-30,XB,XBX23,D1,2023-10-02,1696204800,1272.5,1279.375,1266.625,1277.125,117364,0,1401,1671.0
107,-29,XB,XBX23,D1,2023-10-03,1696291200,1276.25,1278.625,1256.75,1274.0,125855,0,1624,1748.0
108,-28,XB,XBX23,D1,2023-10-04,1696377600,1272.0,1284.5,1268.75,1272.5,116671,0,1615,1547.0
109,-27,XB,XBX23,D1,2023-10-05,1696464000,1272.375,1283.5,1262.25,1279.75,108972,0,1426,1555.0
110,-26,XB,XBX23,D1,2023-10-06,1696550400,1279.875,1287.375,1263.375,1264.0,100327,0,1341,1461.0
111,-25,XB,XBX23,D1,2023-10-09,1696809600,1266.375,1277.0,1258.125,1264.0,123979,0,1654,1474.0
112,-24,XB,XBX23,D1,2023-10-10,1696896000,1263.5,1273.25,1254.125,1271.75,112733,0,1438,1478.0
113,-23,XB,XBX23,D1,2023-10-11,1696982400,1271.0,1274.875,1251.125,1253.375,110348,0,1553,1548.0
114,-22,XB,XBX23,D1,2023-10-12,1697068800,1252.0,1299.625,1250.625,1287.625,312037,0,3518,2170.0
115,-21,XB,XBX23,D1,2023-10-13,1697155200,1286.125,1298.125,1273.5,1281.375,158155,0,2020,2364.0
116,-20,XB,XBX23,D1,2023-10-16,1697414400,1280.25,1289.0,1279.0,1285.375,916,125,1122,2220.0
117,-19,XB,XBX23,D1,2023-10-17,1697500800,1286.0,1303.75,1285.625,1298.625,1204,125,1484,1542.0
118,-18,XB,XBX23,D1,2023-10-18,1697587200,1296.75,1312.875,1293.5,1312.875,1271,125,1590,1399.0
119,-17,XB,XBX23,D1,2023-10-19,1697673600,1310.875,1317.375,1300.375,1317.125,1256,0,1641,1572.0
120,-16,XB,XBX23,D1,2023-10-20,1697760000,1315.0,1318.5,1301.25,1302.0,1025,125,1283,1505.0
121,-15,XB,XBX23,D1,2023-10-23,1698019200,1299.25,1303.875,1286.0,1287.75,1121,125,1440,1455.0
122,-14,XB,XBX23,D1,2023-10-24,1698105600,1287.0,1297.75,1281.0,1295.0,977,125,1173,1299.0
123,-13,XB,XBX23,D1,2023-10-25,1698192000,1293.0,1301.25,1278.0,1288.0,748,0,1061,1225.0
124,-12,XB,XBX23,D1,2023-10-26,1698278400,1287.125,1298.0,1277.5,1278.875,623,0,858,1031.0
103,-49,XB,XBF24,D1,2023-10-27,1698364800,1300.0,1325.375,1298.5,1316.0,169798,0,2491,1462.0
104,-48,XB,XBF24,D1,2023-10-30,1698624000,1319.0,1330.875,1305.625,1307.125,165576,0,2106,1874.0
105,-47,XB,XBF24,D1,2023-10-31,1698710400,1307.0,1321.375,1300.75,1310.25,109629,0,1338,1978.0
106,-46,XB,XBF24,D1,2023-11-01,1698796800,1310.125,1319.125,1305.125,1314.75,87331,0,1033,1492.0
107,-45,XB,XBF24,D1,2023-11-02,1698883200,1315.0,1330.0,1315.0,1328.25,119751,0,1570,1314.0
108,-44,XB,XBF24,D1,2023-11-03,1698969600,1327.0,1354.25,1326.5,1354.25,227709,0,3072,1892.0
109,-43,XB,XBF24,D1,2023-11-06,1699228800,1351.25,1369.5,1351.25,1362.25,189096,0,2549,2397.0
110,-42,XB,XBF24,D1,2023-11-07,1699315200,1362.375,1379.75,1356.5,1363.0,213731,0,2736,2786.0
111,-41,XB,XBF24,D1,2023-11-08,1699401600,1361.875,1384.25,1360.5,1366.75,233968,0,2764,2683.0
112,-40,XB,XBF24,D1,2023-11-09,1699488000,1366.0,1372.875,1335.0,1345.0,263134,0,2446,2649.0
113,-39,XB,XBF24,D1,2023-11-10,1699574400,1344.25,1349.5,1336.75,1348.75,97850,0,1001,2070.0
114,-38,XB,XBF24,D1,2023-11-13,1699833600,1353.75,1385.875,1350.375,1384.625,194795,0,2724,2057.0
115,-37,XB,XBF24,D1,2023-11-14,1699920000,1382.125,1391.125,1368.625,1390.75,263871,0,2887,2204.0
116,-36,XB,XBF24,D1,2023-11-15,1700006400,1388.875,1398.375,1379.75,1385.5,202674,0,2539,2717.0
117,-35,XB,XBF24,D1,2023-11-16,1700092800,1384.125,1387.375,1353.5,1359.75,229395,0,2598,2675.0
118,-34,XB,XBF24,D1,2023-11-17,1700179200,1359.875,1361.5,1336.875,1344.75,144919,0,1825,2321.0
119,-33,XB,XBF24,D1,2023-11-20,1700438400,1341.5,1367.25,1327.25,1366.0,197481,0,1956,2126.0
120,-32,XB,XBF24,D1,2023-11-21,1700524800,1365.0,1388.875,1363.5,1375.25,217753,0,2433,2071.0
121,-31,XB,XBF24,D1,2023-11-22,1700611200,1377.0,1378.0,1354.5,1358.625,172966,0,1699,2029.0
122,-30,XB,XBF24,D1,2023-11-24,1700784000,1355.5,1355.5,1329.75,1329.75,108931,0,1008,1713.0
123,-29,XB,XBF24,D1,2023-11-27,1701043200,1329.25,1338.625,1323.625,1329.5,181367,0,1941,1549.0
124,-28,XB,XBF24,D1,2023-11-28,1701129600,1331.875,1350.0,1329.5,1347.25,1312,125,1482,1477.0
125,-27,XB,XBF24,D1,2023-11-29,1701216000,1346.75,1351.75,1336.625,1346.875,1349,0,1540,1654.0
126,-26,XB,XBF24,D1,2023-11-30,1701302400,1347.0,1351.625,1339.125,1342.875,979,125,1129,1384.0
127,-25,XB,XBF24,D1,2023-12-01,1701388800,1343.0,1343.25,1323.625,1323.75,1729,125,1975,1548.0
128,-24,XB,XBF24,D1,2023-12-04,1701648000,1322.375,1329.375,1303.375,1307.25,1855,0,2153,1752.0
129,-23,XB,XBF24,D1,2023-12-05,1701734400,1308.5,1315.25,1294.0,1309.5,1526,0,1748,1959.0
130,-22,XB,XBF24,D1,2023-12-06,1701820800,1309.375,1313.25,1293.25,1296.125,1263,125,1434,1778.0
131,-21,XB,XBF24,D1,2023-12-07,1701907200,1296.0,1318.375,1291.75,1310.875,1482,0,1700,1627.0
132,-20,XB,XBF24,D1,2023-12-08,1701993600,1312.5,1330.75,1299.125,1305.875,1575,125,1775,1636.0
133,-19,XB,XBF24,D1,2023-12-11,1702252800,1302.75,1338.5,1302.75,1337.625,1903,0,2244,1906.0
134,-18,XB,XBF24,D1,2023-12-12,1702339200,1336.25,1344.25,1320.625,1323.75,1788,0,2155,2058.0
135,-17,XB,XBF24,D1,2023-12-13,1702425600,1322.125,1322.5,1302.375,1308.5,1650,125,2039,2146.0
136,-16,XB,XBF24,D1,2023-12-14,1702512000,1311.0,1318.75,1303.875,1317.625,1303,125,1507,1900.0
137,-15,XB,XBF24,D1,2023-12-15,1702598400,1315.0,1320.5,1304.0,1317.25,1099,0,1214,1587.0
138,-14,XB,XBF24,D1,2023-12-18,1702857600,1316.875,1327.875,1306.875,1327.875,1550,125,1851,1524.0
139,-13,XB,XBF24,D1,2023-12-19,1702944000,1326.875,1328.5,1309.625,1311.75,1267,125,1557,1541.0
140,-12,XB,XBF24,D1,2023-12-20,1703030400,1312.5,1321.75,1306.0,1309.75,1102,0,1265,1558.0
141,-11,XB,XBF24,D1,2023-12-21,1703116800,1308.625,1310.25,1295.125,1297.25,1017,0,1228,1350.0
142,-10,XB,XBF24,D1,2023-12-22,1703203200,1297.0,1307.5,1291.875,1299.125,613,0,700,1064.0
143,-9,XB,XBF24,D1,2023-12-26,1703548800,1299.875,1314.0,1296.25,1312.5,309,125,385,771.0
103,-48,XB,XBH24,D1,2023-12-27,1703635200,1316.25,1322.25,1308.75,1320.375,1031,125,1215,787.0
104,-47,XB,XBH24,D1,2023-12-28,1703721600,1319.5,1327.5,1309.375,1311.375,953,125,1199,1038.0
105,-46,XB,XBH24,D1,2023-12-29,1703808000,1310.75,1315.75,1296.875,1297.125,664,125,841,1085.0
106,-45,XB,XBH24,D1,2024-01-02,1704153600,1291.0,1291.0,1267.375,1273.25,1006,125,1306,1115.0
107,-44,XB,XBH24,D1,2024-01-03,1704240000,1273.5,1280.125,1266.0,1277.875,859,125,1071,1073.0
108,-43,XB,XBH24,D1,2024-01-04,1704326400,1276.5,1280.875,1264.875,1266.875,881,0,1073,1150.0
109,-42,XB,XBH24,D1,2024-01-05,1704412800,1265.5,1271.375,1255.0,1257.5,839,125,1124,1089.0
110,-41,XB,XBH24,D1,2024-01-08,1704672000,1257.125,1260.5,1236.375,1245.75,1003,125,1298,1165.0
111,-40,XB,XBH24,D1,2024-01-09,1704758400,1245.25,1252.25,1234.25,1246.875,1304,125,1518,1313.0
112,-39,XB,XBH24,D1,2024-01-10,1704844800,1248.125,1249.125,1235.25,1236.0,1228,125,1537,1451.0
113,-38,XB,XBH24,D1,2024-01-11,1704931200,1236.0,1249.75,1234.5,1236.125,1267,125,1500,1518.0
114,-37,XB,XBH24,D1,2024-01-12,1705017600,1236.875,1246.625,1202.75,1226.625,2644,0,3552,2196.0
115,-36,XB,XBH24,D1,2024-01-16,1705363200,1226.375,1237.875,1221.25,1227.0,1785,0,2177,2410.0
116,-35,XB,XBH24,D1,2024-01-17,1705449600,1227.25,1230.25,1204.75,1205.0,1562,0,1740,2490.0
117,-34,XB,XBH24,D1,2024-01-18,1705536000,1206.0,1216.0,1201.25,1213.25,1276,125,1520,1812.0
118,-33,XB,XBH24,D1,2024-01-19,1705622400,1213.0,1227.5,1211.0,1213.0,1188,0,1392,1551.0
119,-32,XB,XBH24,D1,2024-01-22,1705881600,1215.75,1225.625,1209.5,1223.75,1286,0,1456,1456.0
120,-31,XB,XBH24,D1,2024-01-23,1705968000,1223.75,1240.0,1221.25,1239.125,1249,125,1477,1442.0
121,-30,XB,XBH24,D1,2024-01-24,1706054400,1239.0,1245.75,1234.75,1238.75,1003,125,1254,1396.0
122,-29,XB,XBH24,D1,2024-01-25,1706140800,1240.0,1247.25,1215.5,1223.0,1221,0,1556,1429.0
123,-28,XB,XBH24,D1,2024-01-26,1706227200,1222.875,1230.25,1208.5,1208.75,930,0,1142,1317.0
124,-27,XB,XBH24,D1,2024-01-29,1706486400,1209.875,1212.5,1191.75,1194.5,1313,0,1607,1435.0
125,-26,XB,XBH24,D1,2024-01-30,1706572800,1193.25,1220.375,1187.75,1219.875,1238,125,1593,1447.0
126,-25,XB,XBH24,D1,2024-01-31,1706659200,1218.75,1222.875,1206.5,1222.0,1043,125,1283,1494.0
127,-24,XB,XBH24,D1,2024-02-01,1706745600,1220.25,1221.125,1199.5,1203.25,1144,125,1506,1461.0
128,-23,XB,XBH24,D1,2024-02-02,1706832000,1204.0,1208.0,1186.875,1187.5,1021,125,1243,1344.0
129,-22,XB,XBH24,D1,2024-02-05,1707091200,1189.0,1198.0,1180.0,1197.5,995,125,1273,1341.0
130,-21,XB,XBH24,D1,2024-02-06,1707177600,1196.0,1205.5,1193.875,1199.875,779,125,961,1159.0
131,-20,XB,XBH24,D1,2024-02-07,1707264000,1199.0,1201.375,1179.375,1186.625,1139,125,1572,1269.0
132,-19,XB,XBH24,D1,2024-02-08,1707350400,1188.75,1204.5,1180.5,1195.875,1472,125,1918,1484.0
133,-18,XB,XBH24,D1,2024-02-09,1707436800,1193.375,1197.25,1181.5,1183.875,874,125,1060,1517.0
134,-17,XB,XBH24,D1,2024-02-12,1707696000,1183.5,1196.625,1182.25,1192.625,686,125,870,1283.0
135,-16,XB,XBH24,D1,2024-02-13,1707782400,1190.75,1197.0,1183.0,1187.125,753,125,956,962.0
136,-15,XB,XBH24,D1,2024-02-14,1707868800,1185.25,1189.75,1168.25,1168.5,1079,0,1395,1074.0
137,-14,XB,XBH24,D1,2024-02-15,1707955200,1167.5,1174.75,1160.125,1163.0,1157,125,1542,1298.0
138,-13,XB,XBH24,D1,2024-02-16,1708041600,1164.0,1173.625,1162.25,1173.125,1092,125,1363,1433.0
139,-12,XB,XBH24,D1,2024-02-20,1708387200,1173.875,1188.375,1173.5,1178.375,1015,125,1337,1414.0
140,-11,XB,XBH24,D1,2024-02-21,1708473600,1178.5,1179.0,1157.5,1160.125,832,125,1097,1266.0
141,-10,XB,XBH24,D1,2024-02-22,1708560000,1161.625,1167.0,1147.0,1149.0,779,0,1176,1203.0
142,-9,XB,XBH24,D1,2024-02-23,1708646400,1148.0,1154.25,1131.0,1134.625,497,125,683,985.0
101,-52,XB,XBK24,D1,2024-02-26,1708905600,1144.5,1150.75,1133.375,1143.625,1174,125,1634,1261.0
102,-51,XB,XBK24,D1,2024-02-27,1708992000,1144.875,1161.5,1138.5,1143.5,1524,0,1951,1621.0
103,-50,XB,XBK24,D1,2024-02-28,1709078400,1140.75,1151.5,1134.0,1146.5,1397,125,1856,1814.0
104,-49,XB,XBK24,D1,2024-02-29,1709164800,1144.125,1148.875,1128.375,1140.75,1406,125,1773,1860.0
105,-48,XB,XBK24,D1,2024-03-01,1709251200,1139.875,1153.0,1137.5,1150.125,1085,125,1352,1660.0
106,-47,XB,XBK24,D1,2024-03-04,1709510400,1151.875,1166.125,1151.375,1154.625,1144,0,1431,1519.0
107,-46,XB,XBK24,D1,2024-03-05,1709596800,1154.0,1158.625,1146.75,1148.875,1006,125,1243,1342.0
108,-45,XB,XBK24,D1,2024-03-06,1709683200,1148.0,1153.5,1140.125,1149.375,705,125,864,1179.0
109,-44,XB,XBK24,D1,2024-03-07,1709769600,1150.0,1167.0,1146.75,1164.125,1357,0,1741,1283.0
110,-43,XB,XBK24,D1,2024-03-08,1709856000,1165.5,1185.0,1153.875,1184.625,1738,0,2304,1636.0
111,-42,XB,XBK24,D1,2024-03-11,1710115200,1184.625,1189.375,1175.125,1180.0,1025,0,1263,1769.0
112,-41,XB,XBK24,D1,2024-03-12,1710201600,1179.125,1196.25,1175.75,1193.125,1540,125,1970,1846.0
113,-40,XB,XBK24,D1,2024-03-13,1710288000,1191.5,1199.375,1182.375,1196.0,1108,125,1412,1548.0
114,-39,XB,XBK24,D1,2024-03-14,1710374400,1195.875,1217.375,1191.5,1194.75,1657,0,2061,1814.0
115,-38,XB,XBK24,D1,2024-03-15,1710460800,1194.0,1200.0,1183.875,1198.5,1145,125,1407,1627.0
116,-37,XB,XBK24,D1,2024-03-18,1710720000,1198.625,1206.125,1186.875,1191.5,1194,125,1526,1665.0
117,-36,XB,XBK24,D1,2024-03-19,1710806400,1187.875,1191.875,1181.0,1188.25,861,125,1077,1337.0
118,-35,XB,XBK24,D1,2024-03-20,1710892800,1186.25,1211.375,1183.625,1209.875,1461,125,1890,1498.0
119,-34,XB,XBK24,D1,2024-03-21,1710979200,1210.0,1226.0,1203.875,1210.25,1349,125,1637,1535.0
120,-33,XB,XBK24,D1,2024-03-22,1711065600,1210.75,1210.875,1189.125,1191.875,1161,125,1427,1651.0
121,-32,XB,XBK24,D1,2024-03-25,1711324800,1193.5,1210.0,1188.0,1207.625,1115,125,1404,1489.0
122,-31,XB,XBK24,D1,2024-03-26,1711411200,1207.0,1207.875,1198.0,1198.25,711,125,856,1229.0
123,-30,XB,XBK24,D1,2024-03-27,1711497600,1196.25,1197.75,1189.5,1192.125,718,125,843,1034.0
124,-29,XB,XBK24,D1,2024-03-28,1711584000,1190.5,1200.0,1177.25,1192.375,1962,0,2639,1446.0
125,-28,XB,XBK24,D1,2024-04-01,1711929600,1196.25,1201.0,1181.625,1185.875,918,125,1114,1532.0
126,-27,XB,XBK24,D1,2024-04-02,1712016000,1185.5,1199.875,1171.25,1175.875,1189,125,1494,1749.0
127,-26,XB,XBK24,D1,2024-04-03,1712102400,1175.5,1186.75,1169.0,1182.625,933,125,1131,1246.0
128,-25,XB,XBK24,D1,2024-04-04,1712188800,1182.875,1186.25,1170.125,1179.875,736,0,871,1165.0
129,-24,XB,XBK24,D1,2024-04-05,1712275200,1178.5,1190.25,1173.125,1187.0,1006,125,1174,1059.0
130,-23,XB,XBK24,D1,2024-04-08,1712534400,1188.0,1193.5,1180.5,1180.875,1143,0,1284,1110.0
131,-22,XB,XBK24,D1,2024-04-09,1712620800,1181.0,1184.375,1172.25,1176.375,1220,125,1398,1285.0
132,-21,XB,XBK24,D1,2024-04-10,1712707200,1175.125,1180.5,1163.25,1163.375,1163,125,1365,1349.0
133,-20,XB,XBK24,D1,2024-04-11,1712793600,1164.5,1166.0,1150.125,1159.125,888,125,1119,1294.0
134,-19,XB,XBK24,D1,2024-04-12,1712880000,1158.0,1179.75,1154.5,1173.125,1185,125,1552,1345.0
135,-18,XB,XBK24,D1,2024-04-15,1713139200,1171.25,1175.75,1155.625,1158.625,948,0,1214,1295.0
136,-17,XB,XBK24,D1,2024-04-16,1713225600,1156.0,1163.0,1143.25,1145.75,1053,125,1414,1393.0
137,-16,XB,XBK24,D1,2024-04-17,1713312000,1145.625,1155.125,1141.875,1148.875,1030,125,1141,1256.0
138,-15,XB,XBK24,D1,2024-04-18,1713398400,1148.375,1149.625,1133.0,1133.125,1145,125,1376,1310.0
139,-14,XB,XBK24,D1,2024-04-19,1713484800,1134.5,1152.875,1131.75,1150.875,1221,125,1409,1309.0
140,-13,XB,XBK24,D1,2024-04-22,1713744000,1148.25,1167.0,1144.5,1160.75,995,125,1168,1318.0
141,-12,XB,XBK24,D1,2024-04-23,1713830400,1160.5,1168.875,1158.25,1162.5,845,0,1237,1271.0
142,-11,XB,XBK24,D1,2024-04-24,1713916800,1166.125,1177.25,1164.125,1165.5,572,0,955,1120.0
100,-49,XB,XBN24,D1,2024-04-25,1714003200,1180.375,1183.375,1166.5,1176.625,1195,125,1568,1148.0
101,-48,XB,XBN24,D1,2024-04-26,1714089600,1178.5,1181.125,1172.5,1176.875,927,125,1198,1316.0
102,-47,XB,XBN24,D1,2024-04-29,1714348800,1175.75,1190.625,1175.0,1182.625,1654,125,2204,1657.0
103,-46,XB,XBN24,D1,2024-04-30,1714435200,1181.0,1183.375,1158.5,1163.25,1424,125,1915,1772.0
104,-45,XB,XBN24,D1,2024-05-01,1714521600,1160.0,1171.125,1156.25,1168.875,829,125,1039,1719.0
105,-44,XB,XBN24,D1,2024-05-02,1714608000,1170.0,1201.5,1170.0,1199.5,2270,0,3003,1986.0
106,-43,XB,XBN24,D1,2024-05-03,1714694400,1197.25,1216.625,1197.25,1215.875,1997,0,2629,2224.0
107,-42,XB,XBN24,D1,2024-05-06,1714953600,1214.625,1251.25,1206.5,1246.0,2619,0,3389,3007.0
108,-41,XB,XBN24,D1,2024-05-07,1715040000,1246.0,1256.125,1240.375,1245.625,1702,125,2301,2773.0
109,-40,XB,XBN24,D1,2024-05-08,1715126400,1244.125,1247.875,1225.75,1228.875,1556,125,2130,2607.0
110,-39,XB,XBN24,D1,2024-05-09,1715212800,1228.0,1236.875,1206.125,1211.625,1637,0,2147,2193.0
111,-38,XB,XBN24,D1,2024-05-10,1715299200,1210.125,1222.375,1204.25,1217.0,1791,125,2238,2172.0
112,-37,XB,XBN24,D1,2024-05-13,1715558400,1220.75,1227.875,1211.125,1218.625,1297,125,1679,2021.0
113,-36,XB,XBN24,D1,2024-05-14,1715644800,1219.0,1222.375,1202.375,1214.5,1360,125,1767,1895.0
114,-35,XB,XBN24,D1,2024-05-15,1715731200,1214.625,1232.125,1210.0,1214.25,1711,125,2269,1905.0
115,-34,XB,XBN24,D1,2024-05-16,1715817600,1214.25,1219.875,1209.75,1216.25,839,0,1076,1704.0
116,-33,XB,XBN24,D1,2024-05-17,1715904000,1216.25,1231.625,1215.75,1227.125,1204,125,1479,1608.0
117,-32,XB,XBN24,D1,2024-05-20,1716163200,1227.25,1251.0,1223.75,1247.25,1977,0,2573,1709.0
118,-31,XB,XBN24,D1,2024-05-21,1716249600,1246.0,1249.375,1230.125,1236.0,1243,125,1628,1893.0
119,-30,XB,XBN24,D1,2024-05-22,1716336000,1235.875,1249.5,1233.5,1247.375,1409,0,1936,2046.0
120,-29,XB,XBN24,D1,2024-05-23,1716422400,1246.0,1258.25,1235.75,1239.5,1728,125,2314,1959.0
121,-28,XB,XBN24,D1,2024-05-24,1716508800,1239.0,1251.125,1236.0,1249.375,1024,125,1267,1839.0
122,-27,XB,XBN24,D1,2024-05-28,1716854400,1249.25,1254.625,1226.0,1230.5,1759,125,2254,1945.0
123,-26,XB,XBN24,D1,2024-05-29,1716940800,1228.875,1231.125,1212.5,1213.0,1269,125,1699,1740.0
124,-25,XB,XBN24,D1,2024-05-30,1717027200,1213.5,1219.875,1208.0,1210.375,952,125,1204,1719.0
125,-24,XB,XBN24,D1,2024-05-31,1717113600,1211.5,1224.0,1202.5,1205.125,1196,125,1545,1483.0
126,-23,XB,XBN24,D1,2024-06-03,1717372800,1202.75,1205.625,1182.625,1185.0,1391,125,1848,1532.0
127,-22,XB,XBN24,D1,2024-06-04,1717459200,1182.5,1189.75,1176.25,1178.875,843,125,1070,1488.0
128,-21,XB,XBN24,D1,2024-06-05,1717545600,1180.0,1191.625,1175.125,1175.625,1093,125,1375,1431.0
129,-20,XB,XBN24,D1,2024-06-06,1717632000,1176.875,1204.5,1175.75,1199.625,1180,125,1491,1312.0
130,-19,XB,XBN24,D1,2024-06-07,1717718400,1201.0,1201.75,1174.125,1178.375,1102,0,1396,1421.0
131,-18,XB,XBN24,D1,2024-06-10,1717977600,1178.25,1191.0,1176.0,1187.125,834,125,1053,1313.0
132,-17,XB,XBN24,D1,2024-06-11,1718064000,1188.375,1192.375,1177.0,1177.0,1047,125,1333,1261.0
133,-16,XB,XBN24,D1,2024-06-12,1718150400,1177.625,1186.5,1171.375,1177.875,983,125,1189,1192.0
134,-15,XB,XBN24,D1,2024-06-13,1718236800,1177.0,1191.125,1171.0,1188.0,933,125,1198,1240.0
135,-14,XB,XBN24,D1,2024-06-14,1718323200,1187.625,1188.625,1177.875,1178.625,757,125,1015,1134.0
136,-13,XB,XBN24,D1,2024-06-17,1718582400,1178.25,1178.25,1157.5,1158.625,723,0,957,1057.0
137,-12,XB,XBN24,D1,2024-06-18,1718668800,1158.0,1175.625,1155.5,1172.625,1118,0,1483,1152.0
138,-11,XB,XBN24,D1,2024-06-20,1718841600,1171.5,1175.625,1154.625,1156.625,868,125,1119,1186.0
139,-10,XB,XBN24,D1,2024-06-21,1718928000,1156.5,1168.875,1155.75,1165.0,689,125,898,1167.0
140,-9,XB,XBN24,D1,2024-06-24,1719187200,1160.0,1179.625,1156.625,1174.0,785,0,1190,1069.0
141,-8,XB,XBN24,D1,2024-06-25,1719273600,1174.5,1179.875,1158.0,1162.125,518,125,702,930.0
142,-7,XB,XBN24,D1,2024-06-26,1719360000,1163.0,1177.0,1161.0,1161.0,487,125,738,877.0
143,-6,XB,XBN24,D1,2024-06-27,1719446400,1160.0,1169.875,1151.5,1152.0,470,125,643,694.0
40,-94,XB,XBX24,D1,2024-06-28,1719532800,1105.0,1124.625,1099.75,1106.875,191285,0,1838,1078.0
41,-93,XB,XBX24,D1,2024-07-01,1719792000,1104.125,1113.0,1097.25,1111.375,72542,0,1104,1208.0
42,-92,XB,XBX24,D1,2024-07-02,1719878400,1111.0,1124.25,1108.875,1115.25,70048,0,1287,1410.0
43,-91,XB,XBX24,D1,2024-07-03,1719964800,1113.75,1125.875,1110.875,1122.375,43238,0,752,1048.0
44,-90,XB,XBX24,D1,2024-07-05,1720137600,1120.0,1133.375,1114.0,1130.125,62406,0,845,961.0
45,-89,XB,XBX24,D1,2024-07-08,1720396800,1125.75,1125.75,1094.25,1100.0,77464,0,1458,1018.0
46,-88,XB,XBX24,D1,2024-07-09,1720483200,1098.875,1100.5,1077.625,1078.375,85967,0,1356,1220.0
47,-87,XB,XBX24,D1,2024-07-10,1720569600,1079.875,1085.5,1066.125,1067.0,73826,0,1636,1483.0
48,-86,XB,XBX24,D1,2024-07-11,1720656000,1067.125,1075.625,1061.875,1068.125,66688,0,1260,1417.0
49,-85,XB,XBX24,D1,2024-07-12,1720742400,1068.0,1073.5,1059.625,1065.0,89536,0,1141,1346.0
50,-84,XB,XBX24,D1,2024-07-15,1721001600,1058.625,1063.375,1038.75,1039.0,80996,0,1583,1328.0
51,-83,XB,XBX24,D1,2024-07-16,1721088000,1039.125,1051.75,1037.75,1046.75,97945,0,1596,1440.0
52,-82,XB,XBX24,D1,2024-07-17,1721174400,1043.25,1050.0,1037.875,1042.375,60907,0,1115,1431.0
53,-81,XB,XBX24,D1,2024-07-18,1721260800,1042.0,1046.25,1031.875,1043.75,80239,0,1551,1421.0
54,-80,XB,XBX24,D1,2024-07-19,1721347200,1042.75,1049.0,1035.25,1035.5,81591,0,1692,1453.0
55,-79,XB,XBX24,D1,2024-07-22,1721606400,1039.25,1069.625,1039.25,1069.375,121198,0,2256,1833.0
56,-78,XB,XBX24,D1,2024-07-23,1721692800,1066.875,1086.625,1063.75,1075.5,139481,0,2482,2143.0
57,-77,XB,XBX24,D1,2024-07-24,1721779200,1073.5,1080.0,1062.625,1062.75,85371,0,1632,2123.0
58,-76,XB,XBX24,D1,2024-07-25,1721865600,1064.625,1082.375,1057.875,1079.375,89553,0,1653,1922.0
59,-75,XB,XBX24,D1,2024-07-26,1721952000,1077.125,1080.0,1045.125,1049.875,101334,0,1768,1684.0
60,-74,XB,XBX24,D1,2024-07-29,1722211200,1045.5,1045.5,1018.0,1040.25,156070,0,2085,1835.0
61,-73,XB,XBX24,D1,2024-07-30,1722297600,1039.25,1041.5,1018.5,1020.125,87193,0,1346,1733.0
62,-72,XB,XBX24,D1,2024-07-31,1722384000,1020.125,1030.875,1015.875,1023.0,3389,125,1308,1580.0
63,-71,XB,XBX24,D1,2024-08-01,1722470400,1022.5,1026.5,1012.875,1016.0,1318,0,1728,1461.0
64,-70,XB,XBX24,D1,2024-08-02,1722556800,1016.0,1032.0,1014.5,1028.25,1333,125,1601,1546.0
65,-69,XB,XBX24,D1,2024-08-05,1722816000,1028.0,1041.875,1015.25,1041.375,1385,0,2069,1799.0
66,-68,XB,XBX24,D1,2024-08-06,1722902400,1039.5,1041.375,1020.75,1026.875,1002,125,1446,1705.0
67,-67,XB,XBX24,D1,2024-08-07,1722988800,1026.75,1028.375,1014.0,1019.25,1073,125,1333,1616.0
68,-66,XB,XBX24,D1,2024-08-08,1723075200,1018.375,1025.375,1007.0,1007.75,1130,125,1633,1471.0
69,-65,XB,XBX24,D1,2024-08-09,1723161600,1007.625,1015.5,1001.25,1001.875,1143,0,1677,1548.0
70,-64,XB,XBX24,D1,2024-08-12,1723420800,1001.0,1002.5,975.875,987.625,2362,0,3188,2166.0
71,-63,XB,XBX24,D1,2024-08-13,1723507200,986.0,988.5,960.5,960.5,2084,0,2873,2579.0
72,-62,XB,XBX24,D1,2024-08-14,1723593600,960.5,974.0,955.5,969.25,1155,125,1467,2509.0
73,-61,XB,XBX24,D1,2024-08-15,1723680000,968.0,978.125,967.75,968.0,1258,125,1441,1927.0
74,-60,XB,XBX24,D1,2024-08-16,1723766400,968.0,970.125,954.75,955.5,1210,125,1497,1468.0
75,-59,XB,XBX24,D1,2024-08-19,1724025600,957.0,977.0,957.0,976.0,1114,125,1402,1447.0
76,-58,XB,XBX24,D1,2024-08-20,1724112000,975.0,984.625,970.0,977.25,1436,125,1756,1552.0
77,-57,XB,XBX24,D1,2024-08-21,1724198400,975.25,984.5,974.25,982.25,1157,0,1595,1584.0
78,-56,XB,XBX24,D1,2024-08-22,1724284800,980.875,981.5,960.375,961.75,1042,125,1272,1541.0
79,-55,XB,XBX24,D1,2024-08-23,1724371200,962.0,974.75,962.0,973.5,760,125,1005,1291.0
80,-54,XB,XBX24,D1,2024-08-26,1724630400,965.0,982.25,960.5,980.875,1445,0,1811,1363.0
81,-53,XB,XBX24,D1,2024-08-27,1724716800,979.375,991.5,977.5,987.0,1307,125,1573,1463.0
82,-52,XB,XBX24,D1,2024-08-28,1724803200,986.5,988.0,973.0,977.125,1147,125,1497,1627.0
83,-51,XB,XBX24,D1,2024-08-29,1724889600,975.0,992.875,975.0,990.125,1506,0,1893,1654.0
84,-50,XB,XBX24,D1,2024-08-30,1724976000,991.0,1007.375,989.625,999.5,2309,125,3025,2138.0
85,-49,XB,XBX24,D1,2024-09-03,1725321600,999.125,1024.625,995.125,1011.875,2188,0,2790,2569.0
86,-48,XB,XBX24,D1,2024-09-04,1725408000,1011.875,1022.625,1000.875,1021.5,1776,125,2090,2635.0
87,-47,XB,XBX24,D1,2024-09-05,1725494400,1019.625,1024.625,1009.875,1024.25,1025,125,1296,2059.0
88,-46,XB,XBX24,D1,2024-09-06,1725580800,1022.0,1031.25,1003.5,1004.0,1725,0,2156,1847.0
89,-45,XB,XBX24,D1,2024-09-09,1725840000,1002.375,1020.25,1001.75,1018.75,1227,125,1499,1650.0
90,-44,XB,XBX24,D1,2024-09-10,1725926400,1015.5,1018.5,995.75,997.5,1306,125,1495,1717.0
91,-43,XB,XBX24,D1,2024-09-11,1726012800,996.5,1008.125,995.5,1001.25,1062,125,1169,1388.0
92,-42,XB,XBX24,D1,2024-09-12,1726099200,999.875,1017.0,996.5,1012.0,1607,0,2078,1581.0
93,-41,XB,XBX24,D1,2024-09-13,1726185600,1012.0,1021.125,1002.25,1006.125,1548,125,1958,1735.0
94,-40,XB,XBX24,D1,2024-09-16,1726444800,1004.875,1012.0,999.125,1004.125,1008,125,1308,1781.0
95,-39,XB,XBX24,D1,2024-09-17,1726531200,1003.875,1010.875,1002.125,1010.0,814,125,969,1412.0
96,-38,XB,XBX24,D1,2024-09-18,1726617600,1006.75,1023.0,1006.25,1014.125,1495,0,2043,1440.0
97,-37,XB,XBX24,D1,2024-09-19,1726704000,1014.125,1018.125,1006.5,1013.125,1182,125,1595,1536.0
98,-36,XB,XBX24,D1,2024-09-20,1726790400,1012.75,1019.0,1001.375,1012.125,1354,0,1646,1761.0
99,-35,XB,XBX24,D1,2024-09-23,1727049600,1011.875,1041.5,1011.875,1038.625,2739,0,3639,2293.0
100,-34,XB,XBX24,D1,2024-09-24,1727136000,1037.5,1058.125,1032.875,1042.125,2966,0,3689,2991.0
101,-33,XB,XBX24,D1,2024-09-25,1727222400,1042.0,1054.0,1031.25,1052.75,1986,125,2704,3344.0
102,-32,XB,XBX24,D1,2024-09-26,1727308800,1051.75,1064.625,1039.5,1039.875,2699,125,3341,3245.0
103,-31,XB,XBX24,D1,2024-09-27,1727395200,1040.0,1069.125,1034.25,1063.625,2863,125,3909,3318.0
104,-30,XB,XBX24,D1,2024-09-30,1727654400,1060.25,1069.875,1052.125,1056.5,1970,0,2681,3310.0
105,-29,XB,XBX24,D1,2024-10-01,1727740800,1055.875,1065.25,1044.75,1056.125,1965,125,2685,3092.0
106,-28,XB,XBX24,D1,2024-10-02,1727827200,1051.0,1063.625,1042.0,1049.75,1814,125,2425,2597.0
107,-27,XB,XBX24,D1,2024-10-03,1727913600,1053.0,1056.125,1041.5,1046.875,1492,125,1914,2341.0
108,-26,XB,XBX24,D1,2024-10-04,1728000000,1045.0,1055.375,1036.375,1037.5,1659,125,2111,2150.0
109,-25,XB,XBX24,D1,2024-10-07,1728259200,1033.5,1038.375,1026.5,1034.25,1728,125,2368,2131.0
110,-24,XB,XBX24,D1,2024-10-08,1728345600,1033.0,1039.625,1011.375,1015.75,1994,0,2660,2380.0
111,-23,XB,XBX24,D1,2024-10-09,1728432000,1015.0,1027.375,1011.5,1021.0,1201,125,1609,2212.0
112,-22,XB,XBX24,D1,2024-10-10,1728518400,1020.0,1025.375,1011.625,1014.5,1267,0,1598,1956.0
113,-21,XB,XBX24,D1,2024-10-11,1728604800,1014.625,1024.125,1003.75,1004.625,1752,125,2306,1838.0
114,-20,XB,XBX24,D1,2024-10-14,1728864000,1001.875,1008.125,995.625,995.625,1355,125,1756,1887.0
115,-19,XB,XBX24,D1,2024-10-15,1728950400,995.5,995.625,981.0,992.5,1388,125,1792,1951.0
116,-18,XB,XBX24,D1,2024-10-16,1729036800,991.0,1001.75,978.5,979.0,1471,125,1827,1792.0
117,-17,XB,XBX24,D1,2024-10-17,1729123200,978.625,991.0,968.375,989.875,1240,125,1734,1784.0
118,-16,XB,XBX24,D1,2024-10-18,1729209600,990.0,995.125,969.125,970.125,1164,125,1495,1685.0
119,-15,XB,XBX24,D1,2024-10-21,1729468800,970.0,983.75,969.25,980.125,1318,125,1598,1609.0
120,-14,XB,XBX24,D1,2024-10-22,1729555200,980.375,997.0,976.875,993.25,1085,0,1365,1486.0
121,-13,XB,XBX24,D1,2024-10-23,1729641600,992.0,999.75,985.25,997.5,1058,125,1406,1456.0
122,-12,XB,XBX24,D1,2024-10-24,1729728000,997.375,1012.375,994.5,996.5,1251,125,1811,1527.0
123,-11,XB,XBX24,D1,2024-10-25,1729814400,996.125,996.25,983.875,987.875,570,0,877,1365.0
103,-52,XB,XBF25,D1,2024-10-28,1730073600,995.5,995.5,985.625,986.875,1107,125,1466,1116.0
104,-51,XB,XBF25,D1,2024-10-29,1730160000,986.875,991.5,978.25,979.5,1411,125,1788,1434.0
105,-50,XB,XBF25,D1,2024-10-30,1730246400,978.5,992.875,977.25,992.875,1277,125,1605,1620.0
106,-49,XB,XBF25,D1,2024-10-31,1730332800,991.0,999.375,988.25,996.25,1115,125,1524,1639.0
107,-48,XB,XBF25,D1,2024-11-01,1730419200,995.5,1008.75,989.0,989.5,1514,125,2011,1713.0
108,-47,XB,XBF25,D1,2024-11-04,1730678400,994.5,1007.75,994.125,997.625,1107,125,1460,1665.0
109,-46,XB,XBF25,D1,2024-11-05,1730764800,997.0,1006.0,996.25,998.75,907,0,1157,1543.0
110,-45,XB,XBF25,D1,2024-11-06,1730851200,998.25,1007.5,982.0,1004.625,1485,0,1955,1524.0
111,-44,XB,XBF25,D1,2024-11-07,1730937600,1003.0,1027.5,1000.75,1026.375,2003,0,2926,2013.0
112,-43,XB,XBF25,D1,2024-11-08,1731024000,1025.5,1043.875,1017.5,1031.125,2468,0,3506,2796.0
113,-42,XB,XBF25,D1,2024-11-11,1731283200,1029.625,1042.0,1019.5,1023.125,1174,125,1557,2663.0
114,-41,XB,XBF25,D1,2024-11-12,1731369600,1023.0,1027.375,1003.5,1008.625,1165,125,1474,2179.0
115,-40,XB,XBF25,D1,2024-11-13,1731456000,1011.0,1012.875,1001.625,1006.875,787,0,1013,1348.0
116,-39,XB,XBF25,D1,2024-11-14,1731542400,1005.375,1013.875,986.375,988.625,1257,125,1653,1380.0
117,-38,XB,XBF25,D1,2024-11-15,1731628800,989.0,1005.25,987.375,998.125,895,125,1133,1266.0
118,-37,XB,XBF25,D1,2024-11-18,1731888000,1001.375,1011.375,989.75,1010.125,1048,0,1266,1351.0
119,-36,XB,XBF25,D1,2024-11-19,1731974400,1010.0,1013.375,995.0,998.125,1217,125,1495,1298.0
120,-35,XB,XBF25,D1,2024-11-20,1732060800,998.625,1001.125,985.25,991.0,1260,125,1555,1439.0
121,-34,XB,XBF25,D1,2024-11-21,1732147200,992.5,998.375,976.25,980.875,1386,125,1761,1604.0
122,-33,XB,XBF25,D1,2024-11-22,1732233600,980.5,986.375,975.125,986.375,962,0,1272,1529.0
123,-32,XB,XBF25,D1,2024-11-25,1732492800,986.625,993.25,982.75,989.125,811,0,1052,1362.0
124,-31,XB,XBF25,D1,2024-11-26,1732579200,982.625,991.25,976.5,983.375,954,125,1331,1218.0
125,-30,XB,XBF25,D1,2024-11-27,1732665600,983.0,994.75,983.0,989.125,1032,125,1339,1241.0
126,-29,XB,XBF25,D1,2024-11-29,1732838400,990.75,998.0,982.75,990.625,551,125,776,1149.0
127,-28,XB,XBF25,D1,2024-12-02,1733097600,989.625,990.25,977.5,985.25,746,125,953,1023.0
128,-27,XB,XBF25,D1,2024-12-03,1733184000,984.875,999.0,984.25,992.625,1022,125,1319,1016.0
129,-26,XB,XBF25,D1,2024-12-04,1733270400,991.75,991.75,980.625,983.75,751,125,969,1080.0
130,-25,XB,XBF25,D1,2024-12-05,1733356800,983.625,994.875,982.125,993.625,877,125,1146,1145.0
131,-24,XB,XBF25,D1,2024-12-06,1733443200,993.0,997.5,987.75,994.5,854,125,1106,1074.0
132,-23,XB,XBF25,D1,2024-12-09,1733702400,993.0,1003.25,986.0,989.625,1173,125,1495,1249.0
133,-22,XB,XBF25,D1,2024-12-10,1733788800,988.75,1000.0,988.75,994.875,1089,125,1423,1341.0
134,-21,XB,XBF25,D1,2024-12-11,1733875200,997.0,1001.0,988.0,995.5,941,125,1224,1381.0
135,-20,XB,XBF25,D1,2024-12-12,1733961600,995.0,998.0,988.875,995.625,762,125,1020,1222.0
136,-19,XB,XBF25,D1,2024-12-13,1734048000,994.0,995.0,986.0,990.0,588,125,759,1001.0
137,-18,XB,XBF25,D1,2024-12-16,1734307200,987.0,993.375,981.25,984.0,681,125,885,888.0
138,-17,XB,XBF25,D1,2024-12-17,1734393600,982.5,986.0,970.625,977.625,922,125,1195,946.0
139,-16,XB,XBF25,D1,2024-12-18,1734480000,976.625,977.5,950.5,951.0,1130,125,1466,1182.0
140,-15,XB,XBF25,D1,2024-12-19,1734566400,950.125,964.5,945.25,962.625,979,125,1389,1350.0
141,-14,XB,XBF25,D1,2024-12-20,1734652800,962.0,977.5,960.5,974.625,867,125,1139,1331.0
142,-13,XB,XBF25,D1,2024-12-23,1734912000,974.625,979.375,968.0,969.5,469,125,636,1055.0
143,-12,XB,XBF25,D1,2024-12-24,1734998400,969.0,975.0,966.5,974.125,335,125,474,750.0
102,-47,XB,XBH25,D1,2024-12-26,1735171200,984.0,997.875,981.0,996.625,0,0,1790,922.0
103,-46,XB,XBH25,D1,2024-12-27,1735257600,996.25,997.875,988.5,990.125,0,0,1117,1137.0
104,-45,XB,XBH25,D1,2024-12-30,1735516800,991.5,1004.5,987.0,992.75,2,0,1693,1533.0
105,-44,XB,XBH25,D1,2024-12-31,1735603200,991.0,1012.0,990.5,1010.125,0,0,1743,1518.0
106,-43,XB,XBH25,D1,2025-01-02,1735776000,1009.0,1015.75,1004.0,1010.5,0,0,1599,1678.0
107,-42,XB,XBH25,D1,2025-01-03,1735862400,1010.375,1015.25,987.75,991.625,0,0,1322,1555.0
108,-41,XB,XBH25,D1,2025-01-06,1736121600,992.625,1009.5,992.625,996.375,0,0,1669,1530.0
109,-40,XB,XBH25,D1,2025-01-07,1736208000,996.25,998.125,985.5,997.125,3,0,1280,1424.0
110,-39,XB,XBH25,D1,2025-01-08,1736294400,996.875,1000.5,991.625,993.875,1,0,968,1306.0
111,-38,XB,XBH25,D1,2025-01-09,1736380800,994.0,1000.0,986.0,996.625,3,0,795,1014.0
112,-37,XB,XBH25,D1,2025-01-10,1736467200,996.0,1033.375,996.0,1026.625,0,0,4607,2123.0
113,-36,XB,XBH25,D1,2025-01-13,1736726400,1025.0,1053.25,1024.25,1051.5,23,0,3442,2948.0
114,-35,XB,XBH25,D1,2025-01-14,1736812800,1051.25,1063.75,1043.25,1046.125,2,0,2235,3428.0
115,-34,XB,XBH25,D1,2025-01-15,1736899200,1045.5,1053.5,1040.0,1040.5,0,0,1452,2376.0
116,-33,XB,XBH25,D1,2025-01-16,1736985600,1042.0,1042.0,1018.625,1024.5,4,0,1612,1766.0
117,-32,XB,XBH25,D1,2025-01-17,1737072000,1019.0,1039.0,1018.875,1035.375,0,0,1809,1624.0
118,-31,XB,XBH25,D1,2025-01-21,1737417600,1043.75,1067.625,1039.125,1067.625,1,0,2876,2099.0
119,-30,XB,XBH25,D1,2025-01-22,1737504000,1065.875,1073.5,1052.0,1056.75,0,0,2185,2290.0
120,-29,XB,XBH25,D1,2025-01-23,1737590400,1055.5,1076.0,1047.625,1063.125,0,0,1820,2294.0
121,-28,XB,XBH25,D1,2025-01-24,1737676800,1056.875,1062.875,1046.0,1054.5,0,0,1539,1848.0
122,-27,XB,XBH25,D1,2025-01-27,1737936000,1048.75,1051.0,1040.125,1045.875,0,0,1200,1520.0
123,-26,XB,XBH25,D1,2025-01-28,1738022400,1042.625,1050.625,1041.125,1047.875,0,0,994,1244.0
124,-25,XB,XBH25,D1,2025-01-29,1738108800,1044.875,1061.625,1044.875,1059.875,0,0,1457,1217.0
125,-24,XB,XBH25,D1,2025-01-30,1738195200,1060.0,1060.5,1041.875,1044.375,0,0,1320,1257.0
126,-23,XB,XBH25,D1,2025-01-31,1738281600,1042.875,1051.75,1034.125,1045.25,0,0,1790,1522.0
127,-22,XB,XBH25,D1,2025-02-03,1738540800,1032.0,1060.5,1031.875,1056.25,1826,0,2601,1904.0
128,-21,XB,XBH25,D1,2025-02-04,1738627200,1057.625,1077.125,1048.375,1075.5,1657,125,2218,2203.0
129,-20,XB,XBH25,D1,2025-02-05,1738713600,1074.0,1079.375,1053.25,1058.0,1370,125,1775,2198.0
130,-19,XB,XBH25,D1,2025-02-06,1738800000,1057.5,1066.25,1050.0,1061.625,1290,125,1636,1876.0
131,-18,XB,XBH25,D1,2025-02-07,1738886400,1060.125,1063.125,1047.5,1048.375,926,125,1182,1531.0
132,-17,XB,XBH25,D1,2025-02-10,1739145600,1046.75,1052.0,1043.125,1048.875,664,0,792,1203.0
133,-16,XB,XBH25,D1,2025-02-11,1739232000,1049.5,1057.125,1041.25,1044.0,1023,0,1372,1115.0
134,-15,XB,XBH25,D1,2025-02-12,1739318400,1043.5,1046.875,1024.75,1028.125,1287,125,1684,1283.0
135,-14,XB,XBH25,D1,2025-02-13,1739404800,1028.25,1032.125,1024.0,1029.75,750,125,946,1334.0
136,-13,XB,XBH25,D1,2025-02-14,1739491200,1029.625,1046.5,1029.5,1036.875,882,125,1123,1251.0
137,-12,XB,XBH25,D1,2025-02-18,1739836800,1033.125,1041.625,1025.75,1037.5,974,125,1262,1110.0
138,-11,XB,XBH25,D1,2025-02-19,1739923200,1037.375,1047.75,1029.75,1032.875,863,125,1197,1194.0
139,-10,XB,XBH25,D1,2025-02-20,1740009600,1031.0,1045.75,1031.0,1043.875,837,125,1086,1182.0
140,-9,XB,XBH25,D1,2025-02-21,1740096000,1044.5,1049.0,1037.0,1040.125,723,125,1020,1101.0
141,-8,XB,XBH25,D1,2025-02-24,1740355200,1039.75,1042.0,1027.125,1029.75,436,125,635,914.0
100,-49,XB,XBK25,D1,2025-02-25,1740441600,1046.875,1053.0,1037.0,1049.25,1153,125,1449,1070.0
101,-48,XB,XBK25,D1,2025-02-26,1740528000,1047.875,1050.125,1037.75,1041.625,1094,125,1326,1357.0
102,-47,XB,XBK25,D1,2025-02-27,1740614400,1040.25,1051.0,1035.125,1035.125,1302,0,1633,1469.0
103,-46,XB,XBK25,D1,2025-02-28,1740700800,1036.25,1045.0,1025.0,1025.625,979,125,1135,1365.0
104,-45,XB,XBK25,D1,2025-03-03,1740960000,1026.25,1031.0,1008.0,1010.875,1165,125,1571,1446.0
105,-44,XB,XBK25,D1,2025-03-04,1741046400,1011.25,1012.0,991.125,1001.25,1633,0,2281,1662.0
106,-43,XB,XBK25,D1,2025-03-05,1741132800,1006.5,1013.25,995.875,1011.875,1129,125,1516,1789.0
107,-42,XB,XBK25,D1,2025-03-06,1741219200,1015.0,1036.125,1014.0,1028.0,1406,125,1817,1871.0
108,-41,XB,XBK25,D1,2025-03-07,1741305600,1027.75,1031.375,1020.75,1025.5,773,125,1046,1460.0
109,-40,XB,XBK25,D1,2025-03-10,1741564800,1028.5,1032.125,1012.375,1013.375,1026,125,1344,1402.0
110,-39,XB,XBK25,D1,2025-03-11,1741651200,1013.0,1021.375,1009.625,1010.0,992,125,1445,1278.0
111,-38,XB,XBK25,D1,2025-03-12,1741737600,1010.75,1014.25,994.125,1001.625,857,125,1065,1285.0
112,-37,XB,XBK25,D1,2025-03-13,1741824000,1002.0,1017.875,999.375,1009.0,1040,125,1407,1306.0
113,-36,XB,XBK25,D1,2025-03-14,1741910400,1009.125,1017.875,1005.5,1017.375,818,125,1062,1178.0
114,-35,XB,XBK25,D1,2025-03-17,1742169600,1016.0,1021.875,1010.125,1015.5,817,125,1010,1160.0
115,-34,XB,XBK25,D1,2025-03-18,1742256000,1015.0,1021.875,1011.375,1012.375,965,125,1300,1124.0
116,-33,XB,XBK25,D1,2025-03-19,1742342400,1012.0,1015.875,1006.625,1008.75,1119,125,1574,1295.0
117,-32,XB,XBK25,D1,2025-03-20,1742428800,1009.0,1014.125,1004.0,1014.0,986,125,1264,1379.0
118,-31,XB,XBK25,D1,2025-03-21,1742515200,1014.25,1016.625,1004.0,1009.375,916,125,1120,1319.0
119,-30,XB,XBK25,D1,2025-03-24,1742774400,1010.125,1011.25,1003.125,1007.0,797,125,980,1121.0
120,-29,XB,XBK25,D1,2025-03-25,1742860800,1007.0,1007.625,998.5,1002.375,978,0,1238,1113.0
121,-28,XB,XBK25,D1,2025-03-26,1742947200,1003.0,1008.625,997.5,1001.25,907,125,1126,1115.0
122,-27,XB,XBK25,D1,2025-03-27,1743033600,1000.75,1017.625,1000.0,1016.0,1109,125,1361,1242.0
123,-26,XB,XBK25,D1,2025-03-28,1743120000,1015.25,1023.25,1008.875,1022.375,1035,125,1271,1253.0
124,-25,XB,XBK25,D1,2025-03-31,1743379200,1022.0,1031.5,1012.875,1014.0,1369,125,1825,1486.0
125,-24,XB,XBK25,D1,2025-04-01,1743465600,1014.75,1034.75,1010.625,1032.25,1317,125,1642,1579.0
126,-23,XB,XBK25,D1,2025-04-02,1743552000,1030.875,1033.0,1024.625,1029.625,894,125,1093,1520.0
127,-22,XB,XBK25,D1,2025-04-03,1743638400,1014.75,1020.0,1004.0,1012.25,1453,125,1809,1515.0
128,-21,XB,XBK25,D1,2025-04-04,1743724800,1010.25,1012.75,970.25,977.375,1995,125,2695,1866.0
129,-20,XB,XBK25,D1,2025-04-07,1743984000,972.25,993.375,969.5,984.0,1681,125,2233,2246.0
130,-19,XB,XBK25,D1,2025-04-08,1744070400,982.5,1002.25,982.5,992.5,1256,125,1722,2217.0
131,-18,XB,XBK25,D1,2025-04-09,1744156800,989.5,1015.25,988.0,1012.375,1507,125,1973,1976.0
132,-17,XB,XBK25,D1,2025-04-10,1744243200,1016.0,1029.125,1011.0,1027.625,1219,125,1546,1747.0
133,-16,XB,XBK25,D1,2025-04-11,1744329600,1027.0,1044.5,1021.875,1043.0,1234,125,1636,1718.0
134,-15,XB,XBK25,D1,2025-04-14,1744588800,1041.125,1049.125,1036.75,1043.5,915,125,1201,1461.0
135,-14,XB,XBK25,D1,2025-04-15,1744675200,1040.25,1041.0,1030.75,1032.125,879,125,1145,1327.0
136,-13,XB,XBK25,D1,2025-04-16,1744761600,1032.875,1045.5,1028.125,1037.875,918,125,1230,1192.0
137,-12,XB,XBK25,D1,2025-04-17,1744848000,1038.0,1045.25,1032.0,1035.625,801,125,1179,1185.0
138,-11,XB,XBK25,D1,2025-04-21,1745193600,1036.0,1043.25,1029.125,1029.875,511,0,663,1024.0
139,-10,XB,XBK25,D1,2025-04-22,1745280000,1031.25,1039.25,1029.75,1035.75,625,125,957,933.0
140,-9,XB,XBK25,D1,2025-04-23,1745366400,1036.25,1046.375,1033.125,1041.75,871,125,1351,990.0
99,-51,XB,XBN25,D1,2025-04-24,1745452800,1049.5,1065.0,1048.0,1064.875,1167,0,1762,1228.0
100,-50,XB,XBN25,D1,2025-04-25,1745539200,1062.0,1067.375,1056.5,1059.375,997,125,1423,1440.0
101,-49,XB,XBN25,D1,2025-04-28,1745798400,1056.0,1064.125,1051.375,1061.125,880,125,1205,1463.0
102,-48,XB,XBN25,D1,2025-04-29,1745884800,1061.25,1063.125,1045.875,1052.25,1292,0,1776,1468.0
103,-47,XB,XBN25,D1,2025-04-30,1745971200,1052.625,1054.0,1038.375,1043.875,897,125,1376,1452.0
104,-46,XB,XBN25,D1,2025-05-01,1746057600,1044.0,1054.5,1036.375,1050.625,1040,125,1759,1637.0
105,-45,XB,XBN25,D1,2025-05-02,1746144000,1050.75,1061.75,1050.75,1058.0,1305,125,2000,1712.0
106,-44,XB,XBN25,D1,2025-05-05,1746403200,1054.875,1056.25,1044.375,1046.125,916,125,1377,1712.0
107,-43,XB,XBN25,D1,2025-05-06,1746489600,1045.0,1046.5,1036.375,1041.125,803,125,1089,1489.0
108,-42,XB,XBN25,D1,2025-05-07,1746576000,1043.75,1055.625,1038.375,1039.0,977,125,1520,1329.0
109,-41,XB,XBN25,D1,2025-05-08,1746662400,1038.875,1047.75,1036.375,1045.0,930,125,1402,1337.0
110,-40,XB,XBN25,D1,2025-05-09,1746748800,1044.0,1058.0,1040.75,1052.5,910,125,1199,1374.0
111,-39,XB,XBN25,D1,2025-05-12,1747008000,1063.125,1074.125,1052.875,1070.0,1819,125,2482,1694.0
112,-38,XB,XBN25,D1,2025-05-13,1747094400,1069.5,1076.0,1053.375,1075.0,1428,125,1986,1889.0
113,-37,XB,XBN25,D1,2025-05-14,1747180800,1072.625,1082.0,1072.0,1076.625,1147,125,1558,2009.0
114,-36,XB,XBN25,D1,2025-05-15,1747267200,1073.875,1073.875,1046.125,1053.875,1867,125,2436,1993.0
115,-35,XB,XBN25,D1,2025-05-16,1747353600,1053.5,1059.625,1047.375,1050.75,906,125,1148,1714.0
116,-34,XB,XBN25,D1,2025-05-19,1747612800,1050.0,1055.5,1045.375,1051.625,713,125,851,1478.0
117,-33,XB,XBN25,D1,2025-05-20,1747699200,1050.875,1056.5,1046.375,1054.125,527,0,628,876.0
118,-32,XB,XBN25,D1,2025-05-21,1747785600,1053.5,1067.25,1053.5,1059.125,797,125,1054,844.0
119,-31,XB,XBN25,D1,2025-05-22,1747872000,1057.0,1070.75,1051.375,1065.5,848,125,1050,911.0
120,-30,XB,XBN25,D1,2025-05-23,1747958400,1070.0,1072.875,1055.75,1058.875,704,125,1014,1039.0
121,-29,XB,XBN25,D1,2025-05-27,1748304000,1061.125,1067.875,1058.875,1061.875,643,0,915,993.0
122,-28,XB,XBN25,D1,2025-05-28,1748390400,1062.0,1064.125,1047.375,1048.75,723,125,986,972.0
123,-27,XB,XBN25,D1,2025-05-29,1748476800,1055.0,1056.0,1040.25,1050.375,726,125,969,957.0
124,-26,XB,XBN25,D1,2025-05-30,1748563200,1047.0,1050.625,1040.5,1042.375,513,125,650,868.0
125,-25,XB,XBN25,D1,2025-06-02,1748822400,1041.75,1042.75,1032.625,1034.25,909,0,1230,950.0
126,-24,XB,XBN25,D1,2025-06-03,1748908800,1033.25,1044.125,1032.875,1041.0,759,125,1050,977.0
127,-23,XB,XBN25,D1,2025-06-04,1748995200,1040.375,1052.75,1038.0,1044.625,815,125,1219,1166.0
128,-22,XB,XBN25,D1,2025-06-05,1749081600,1044.75,1056.5,1040.0,1051.875,1015,125,1423,1231.0
129,-21,XB,XBN25,D1,2025-06-06,1749168000,1051.0,1060.125,1047.125,1057.5,711,125,942,1195.0
130,-20,XB,XBN25,D1,2025-06-09,1749427200,1057.0,1061.5,1054.0,1055.375,469,125,598,988.0
131,-19,XB,XBN25,D1,2025-06-10,1749513600,1056.0,1063.5,1056.0,1058.125,542,125,736,759.0
132,-18,XB,XBN25,D1,2025-06-11,1749600000,1057.625,1062.75,1049.375,1049.375,653,125,970,768.0
133,-17,XB,XBN25,D1,2025-06-12,1749686400,1047.875,1056.125,1038.75,1042.375,877,125,1130,945.0
134,-16,XB,XBN25,D1,2025-06-13,1749772800,1041.5,1071.125,1041.0,1068.625,1826,125,2692,1597.0
135,-15,XB,XBN25,D1,2025-06-16,1750032000,1069.0,1079.0,1064.625,1069.875,1022,125,1431,1751.0
136,-14,XB,XBN25,D1,2025-06-17,1750118400,1069.125,1075.5,1063.875,1075.125,622,125,821,1648.0
137,-13,XB,XBN25,D1,2025-06-18,1750204800,1072.875,1079.75,1069.625,1072.0,1050,125,1522,1258.0
138,-12,XB,XBN25,D1,2025-06-20,1750377600,1074.75,1080.0,1065.375,1066.375,852,125,1307,1217.0
139,-11,XB,XBN25,D1,2025-06-23,1750636800,1069.875,1072.25,1056.25,1060.125,590,125,813,1214.0
140,-10,XB,XBN25,D1,2025-06-24,1750723200,1054.375,1062.125,1046.25,1047.25,341,125,492,871.0
141,-9,XB,XBN25,D1,2025-06-25,1750809600,1046.5,1053.75,1023.625,1024.25,549,125,761,689.0
142,-8,XB,XBN25,D1,2025-06-26,1750896000,1025.25,1030.0,1017.5,1022.125,295,0,442,565.0
39,-96,XB,XBX25,D1,2025-06-27,1750982400,1016.75,1031.875,1013.5,1024.75,0,0,862,740.0
40,-95,XB,XBX25,D1,2025-06-30,1751241600,1025.875,1038.25,1018.125,1026.625,0,0,1236,924.0
41,-94,XB,XBX25,D1,2025-07-01,1751328000,1024.5,1029.25,1014.5,1027.25,0,0,871,990.0
42,-93,XB,XBX25,D1,2025-07-02,1751414400,1027.0,1048.25,1025.0,1047.375,0,0,1422,1176.0
43,-92,XB,XBX25,D1,2025-07-03,1751500800,1046.625,1058.125,1044.5,1048.125,0,0,1199,1164.0
44,-91,XB,XBX25,D1,2025-07-07,1751846400,1039.5,1043.0,1017.5,1019.625,0,0,1174,1265.0
45,-90,XB,XBX25,D1,2025-07-08,1751932800,1020.125,1023.875,1014.125,1017.5,0,0,752,1042.0
46,-89,XB,XBX25,D1,2025-07-09,1752019200,1017.0,1021.0,1007.0,1008.0,0,0,995,974.0
47,-88,XB,XBX25,D1,2025-07-10,1752105600,1005.0,1014.625,1002.5,1014.125,0,0,1034,927.0
48,-87,XB,XBX25,D1,2025-07-11,1752192000,1013.75,1016.875,1003.875,1007.625,0,0,992,1007.0
49,-86,XB,XBX25,D1,2025-07-14,1752451200,1003.875,1014.0,998.25,1006.875,0,0,919,982.0
50,-85,XB,XBX25,D1,2025-07-15,1752537600,1005.75,1010.0,1000.0,1002.5,0,0,724,878.0
51,-84,XB,XBX25,D1,2025-07-16,1752624000,1004.5,1021.625,1003.625,1019.5,0,0,1423,1022.0
52,-83,XB,XBX25,D1,2025-07-17,1752710400,1018.875,1028.5,1016.125,1024.625,0,0,1083,1077.0
53,-82,XB,XBX25,D1,2025-07-18,1752796800,1025.375,1043.0,1025.375,1034.875,0,0,1460,1322.0
54,-81,XB,XBX25,D1,2025-07-21,1753056000,1031.0,1034.125,1020.75,1026.625,0,0,1442,1328.0
55,-80,XB,XBX25,D1,2025-07-22,1753142400,1025.625,1029.625,1020.125,1025.5,0,0,1101,1334.0
56,-79,XB,XBX25,D1,2025-07-23,1753228800,1025.5,1035.25,1022.125,1022.625,0,0,1128,1224.0
57,-78,XB,XBX25,D1,2025-07-24,1753315200,1022.625,1028.5,1019.875,1025.0,0,0,766,998.0
58,-77,XB,XBX25,D1,2025-07-25,1753401600,1024.5,1028.125,1017.0,1021.5,0,0,687,860.0
59,-76,XB,XBX25,D1,2025-07-28,1753660800,1015.125,1018.125,1010.625,1011.375,0,0,813,755.0
60,-75,XB,XBX25,D1,2025-07-29,1753747200,1010.0,1013.625,1004.375,1008.375,0,0,1217,906.0
61,-74,XB,XBX25,D1,2025-07-30,1753833600,1008.875,1012.25,995.5,995.875,0,0,1637,1222.0
62,-73,XB,XBX25,D1,2025-07-31,1753920000,995.75,1000.75,987.875,990.875,4,0,1058,1304.0
63,-72,XB,XBX25,D1,2025-08-01,1754006400,989.0,994.25,986.25,988.5,1,0,941,1212.0
64,-71,XB,XBX25,D1,2025-08-04,1754265600,990.25,996.625,986.0,994.75,1,0,750,916.0
65,-70,XB,XBX25,D1,2025-08-05,1754352000,992.5,1002.125,989.875,990.125,0,0,813,835.0
66,-69,XB,XBX25,D1,2025-08-06,1754438400,989.875,995.0,981.375,985.25,0,0,1271,945.0
67,-68,XB,XBX25,D1,2025-08-07,1754524800,985.25,994.5,983.0,994.25,5,0,1182,1089.0
68,-67,XB,XBX25,D1,2025-08-08,1754611200,993.0,997.75,986.375,986.625,0,0,1128,1194.0
69,-66,XB,XBX25,D1,2025-08-11,1754870400,987.125,1014.75,984.75,1011.0,2,0,2633,1648.0
70,-65,XB,XBX25,D1,2025-08-12,1754956800,1010.0,1034.75,994.0,1031.875,6,0,3503,2421.0
71,-64,XB,XBX25,D1,2025-08-13,1755043200,1029.875,1047.0,1028.0,1042.625,0,0,2884,3007.0
72,-63,XB,XBX25,D1,2025-08-14,1755129600,1042.0,1049.0,1027.625,1031.375,3,0,1524,2637.0
73,-62,XB,XBX25,D1,2025-08-15,1755216000,1029.0,1043.5,1026.5,1042.25,6,0,1245,1884.0
74,-61,XB,XBX25,D1,2025-08-18,1755475200,1042.0,1047.625,1034.75,1040.0,3,0,1086,1285.0
75,-60,XB,XBX25,D1,2025-08-19,1755561600,1041.25,1046.125,1030.5,1033.125,7,0,974,1102.0
76,-59,XB,XBX25,D1,2025-08-20,1755648000,1033.375,1040.25,1031.625,1035.375,4,0,1099,1053.0
77,-58,XB,XBX25,D1,2025-08-21,1755734400,1036.0,1056.75,1032.25,1054.625,3,0,2657,1577.0
78,-57,XB,XBX25,D1,2025-08-22,1755820800,1054.375,1062.625,1052.25,1058.25,2,0,2424,2060.0
79,-56,XB,XBX25,D1,2025-08-25,1756080000,1057.625,1062.0,1046.0,1047.875,4,0,1528,2203.0
80,-55,XB,XBX25,D1,2025-08-26,1756166400,1046.75,1055.625,1041.5,1049.125,0,0,1914,1955.0
81,-54,XB,XBX25,D1,2025-08-27,1756252800,1049.0,1054.0,1044.125,1048.25,7,0,1580,1674.0
82,-53,XB,XBX25,D1,2025-08-28,1756339200,1047.75,1049.125,1039.75,1047.125,4,0,1555,1683.0
83,-52,XB,XBX25,D1,2025-08-29,1756425600,1048.0,1054.75,1042.0,1052.625,4,0,1262,1466.0
84,-51,XB,XBX25,D1,2025-09-02,1756771200,1052.125,1052.375,1036.25,1039.875,2,0,1398,1405.0
85,-50,XB,XBX25,D1,2025-09-03,1756857600,1043.125,1047.5,1030.875,1031.125,2,0,1281,1314.0
86,-49,XB,XBX25,D1,2025-09-04,1756944000,1031.375,1034.75,1021.75,1034.75,2,0,1204,1294.0
87,-48,XB,XBX25,D1,2025-09-05,1757030400,1033.25,1037.0,1026.0,1026.375,1,0,1139,1208.0
88,-47,XB,XBX25,D1,2025-09-08,1757289600,1026.625,1034.875,1023.625,1034.0,2,0,730,1024.0
89,-46,XB,XBX25,D1,2025-09-09,1757376000,1034.0,1036.0,1029.25,1030.625,2,0,718,862.0
90,-45,XB,XBX25,D1,2025-09-10,1757462400,1030.375,1031.75,1024.0,1024.875,1,0,720,723.0
91,-44,XB,XBX25,D1,2025-09-11,1757548800,1024.75,1035.5,1022.625,1033.375,0,0,888,775.0
92,-43,XB,XBX25,D1,2025-09-12,1757635200,1033.75,1048.75,1028.125,1045.0,0,0,2258,1289.0
93,-42,XB,XBX25,D1,2025-09-15,1757894400,1044.0,1051.0,1040.0,1043.375,1,0,1485,1544.0
94,-41,XB,XBX25,D1,2025-09-16,1757980800,1042.5,1052.125,1042.125,1049.0,1,0,1016,1586.0
95,-40,XB,XBX25,D1,2025-09-17,1758067200,1049.25,1052.875,1042.25,1043.75,2,0,853,1118.0
96,-39,XB,XBX25,D1,2025-09-18,1758153600,1043.75,1044.125,1035.375,1038.75,3,0,820,896.0
97,-38,XB,XBX25,D1,2025-09-19,1758240000,1038.0,1047.25,1024.375,1025.625,2,0,2269,1314.0
98,-37,XB,XBX25,D1,2025-09-22,1758499200,1024.125,1025.0,1006.375,1008.0,2,0,1403,1497.0
99,-36,XB,XBX25,D1,2025-09-23,1758585600,1010.125,1015.375,1005.25,1012.125,4,0,873,1515.0
100,-35,XB,XBX25,D1,2025-09-24,1758672000,1011.0,1020.0,1005.75,1008.625,3,0,1105,1127.0
101,-34,XB,XBX25,D1,2025-09-25,1758758400,1008.5,1016.625,1007.0,1011.625,11,0,919,966.0
102,-33,XB,XBX25,D1,2025-09-26,1758844800,1011.125,1015.625,1008.625,1014.125,5,0,649,891.0
103,-32,XB,XBX25,D1,2025-09-29,1759104000,1011.875,1013.5,1006.25,1007.875,5,0,955,841.0
104,-31,XB,XBX25,D1,2025-09-30,1759190400,1007.5,1009.125,1000.375,1000.75,0,0,1326,977.0
105,-30,XB,XBX25,D1,2025-10-01,1759276800,1000.25,1020.0,993.75,1014.75,3,0,2297,1526.0
106,-29,XB,XBX25,D1,2025-10-02,1759363200,1012.875,1025.125,1008.75,1022.125,0,0,1741,1788.0
107,-28,XB,XBX25,D1,2025-10-03,1759449600,1021.125,1028.5,1016.75,1017.25,4,0,1493,1844.0
108,-27,XB,XBX25,D1,2025-10-06,1759708800,1014.875,1022.75,1014.0,1017.5,0,0,1465,1566.0
109,-26,XB,XBX25,D1,2025-10-07,1759795200,1017.0,1025.375,1015.75,1021.625,1,0,1414,1457.0
110,-25,XB,XBX25,D1,2025-10-08,1759881600,1021.25,1029.875,1019.875,1029.5,0,0,1238,1372.0
111,-24,XB,XBX25,D1,2025-10-09,1759968000,1028.875,1030.0,1020.75,1022.125,2,0,1167,1273.0
112,-23,XB,XBX25,D1,2025-10-10,1760054400,1021.5,1024.75,1002.375,1004.0,0,0,1798,1401.0
113,-22,XB,XBX25,D1,2025-10-13,1760313600,1006.0,1013.0,1003.0,1008.0,1,0,1357,1441.0
114,-21,XB,XBX25,D1,2025-10-14,1760400000,1006.75,1009.75,1001.125,1005.0,0,0,1181,1445.0
115,-20,XB,XBX25,D1,2025-10-15,1760486400,1006.0,1011.625,1002.5,1006.625,1,0,1133,1224.0
116,-19,XB,XBX25,D1,2025-10-16,1760572800,1004.5,1019.375,1004.5,1010.375,0,0,1185,1166.0
117,-18,XB,XBX25,D1,2025-10-17,1760659200,1010.625,1021.125,1010.5,1020.625,0,0,1356,1225.0
118,-17,XB,XBX25,D1,2025-10-20,1760918400,1019.5,1033.625,1019.5,1031.0,0,0,1868,1470.0
119,-16,XB,XBX25,D1,2025-10-21,1761004800,1031.5,1038.25,1027.625,1030.25,0,0,1501,1575.0
120,-15,XB,XBX25,D1,2025-10-22,1761091200,1029.875,1037.875,1027.5,1032.625,1,0,1747,1705.0
121,-14,XB,XBX25,D1,2025-10-23,1761177600,1034.5,1044.75,1033.875,1044.0,0,0,1229,1492.0
122,-13,XB,XBX25,D1,2025-10-24,1761264000,1044.0,1045.375,1040.625,1041.375,0,0,1011,1329.0
103,-42,XB,XBF26,D1,2025-10-27,1761523200,1070.0,1089.75,1069.75,1083.0,2353,0,3325,1463.0
104,-41,XB,XBF26,D1,2025-10-28,1761609600,1083.25,1107.875,1082.625,1093.875,3250,125,4857,2891.0
105,-40,XB,XBF26,D1,2025-10-29,1761696000,1093.0,1097.75,1085.25,1093.0,1712,0,2370,3517.0
106,-39,XB,XBF26,D1,2025-10-30,1761782400,1092.0,1114.125,1070.5,1106.375,5987,0,8872,5366.0
107,-38,XB,XBF26,D1,2025-10-31,1761868800,1106.625,1115.75,1101.25,1114.625,1735,125,2550,4597.0
108,-37,XB,XBF26,D1,2025-11-03,1762128000,1114.25,1135.375,1113.0,1133.25,1839,0,2599,4674.0
109,-36,XB,XBF26,D1,2025-11-04,1762214400,1133.25,1134.75,1112.5,1120.25,1692,125,2640,2596.0
110,-35,XB,XBF26,D1,2025-11-05,1762300800,1119.125,1137.125,1116.75,1133.5,1436,0,2102,2447.0
111,-34,XB,XBF26,D1,2025-11-06,1762387200,1132.125,1133.125,1103.375,1107.875,1970,125,2913,2552.0
112,-33,XB,XBF26,D1,2025-11-07,1762473600,1108.0,1118.25,1108.0,1117.0,1046,125,1604,2206.0
113,-32,XB,XBF26,D1,2025-11-10,1762732800,1118.0,1132.0,1118.0,1126.5,1173,125,1645,2054.0
114,-31,XB,XBF26,D1,2025-11-11,1762819200,1128.625,1130.25,1119.5,1125.875,1228,0,1857,1702.0
115,-30,XB,XBF26,D1,2025-11-12,1762905600,1126.75,1134.375,1121.875,1133.875,1194,125,1555,1686.0
116,-29,XB,XBF26,D1,2025-11-13,1762992000,1133.0,1150.375,1129.875,1146.125,2167,0,3020,2144.0
117,-28,XB,XBF26,D1,2025-11-14,1763078400,1145.0,1152.0,1122.5,1122.625,2231,0,3183,2586.0
118,-27,XB,XBF26,D1,2025-11-17,1763337600,1120.0,1160.0,1112.5,1157.625,2502,0,3731,3311.0
119,-26,XB,XBF26,D1,2025-11-18,1763424000,1155.375,1169.0,1147.625,1150.625,1659,0,2549,3154.0
120,-25,XB,XBF26,D1,2025-11-19,1763510400,1152.0,1152.625,1135.25,1135.25,1261,125,1813,2698.0
121,-24,XB,XBF26,D1,2025-11-20,1763596800,1135.625,1142.875,1121.375,1121.375,1560,125,2103,2155.0
122,-23,XB,XBF26,D1,2025-11-21,1763683200,1122.5,1127.0,1113.375,1125.875,1278,125,1777,1898.0
123,-22,XB,XBF26,D1,2025-11-24,1763942400,1129.75,1130.625,1116.375,1124.5,868,125,1256,1712.0
124,-21,XB,XBF26,D1,2025-11-25,1764028800,1122.75,1128.75,1117.125,1122.625,815,125,1096,1376.0
125,-20,XB,XBF26,D1,2025-11-26,1764115200,1125.0,1135.0,1123.0,1132.125,833,125,1182,1178.0
126,-19,XB,XBF26,D1,2025-11-28,1764288000,1132.0,1138.625,1127.0,1138.0,189,125,254,844.0
127,-18,XB,XBF26,D1,2025-12-01,1764547200,1140.0,1142.5,1127.125,1130.75,827,0,1114,850.0
128,-17,XB,XBF26,D1,2025-12-02,1764633600,1125.625,1135.375,1123.5,1124.125,789,0,1134,834.0
129,-16,XB,XBF26,D1,2025-12-03,1764720000,1124.75,1130.125,1115.5,1116.5,875,125,1308,1185.0
130,-15,XB,XBF26,D1,2025-12-04,1764806400,1117.0,1124.25,1114.25,1119.75,881,125,1360,1267.0
131,-14,XB,XBF26,D1,2025-12-05,1764892800,1119.25,1120.5,1104.625,1105.75,1218,0,1919,1529.0
132,-13,XB,XBF26,D1,2025-12-08,1765152000,1105.0,1107.375,1092.375,1093.625,1226,125,1749,1676.0
133,-12,XB,XBF26,D1,2025-12-09,1765238400,1093.625,1094.75,1084.5,1088.375,941,125,1431,1700.0
134,-11,XB,XBF26,D1,2025-12-10,1765324800,1087.625,1093.5,1081.5,1091.625,735,125,1048,1409.0
135,-10,XB,XBF26,D1,2025-12-11,1765411200,1091.125,1095.875,1086.375,1093.5,778,125,1083,1187.0
136,-9,XB,XBF26,D1,2025-12-12,1765497600,1093.125,1094.875,1076.0,1076.0,1039,125,1423,1185.0
137,-8,XB,XBF26,D1,2025-12-15,1765756800,1074.75,1079.625,1063.0,1073.0,954,125,1594,1367.0
138,-7,XB,XBF26,D1,2025-12-16,1765843200,1074.5,1076.125,1059.5,1062.875,828,125,1214,1410.0
139,-6,XB,XBF26,D1,2025-12-17,1765929600,1064.5,1067.25,1053.875,1059.0,697,125,1033,1280.0
140,-5,XB,XBF26,D1,2025-12-18,1766016000,1058.5,1061.0,1050.5,1050.5,632,125,984,1077.0
141,-4,XB,XBF26,D1,2025-12-19,1766102400,1051.625,1053.5,1046.875,1050.0,429,125,616,878.0
142,-3,XB,XBF26,D1,2025-12-22,1766361600,1049.25,1055.875,1048.25,1049.875,610,125,877,826.0
143,-2,XB,XBF26,D1,2025-12-23,1766448000,1053.25,1057.5,1050.0,1050.875,414,125,650,714.0
144,-1,XB,XBF26,D1,2025-12-24,1766534400,1051.0,1064.375,1051.0,1062.75,243,125,350,626.0
102,0,XB,XBH26,D1,2025-12-26,1766707200,1080.25,1082.25,1070.875,1072.0,435,125,561,497.0
