a,z,ticker,symbol,tf,datetime,time,open,high,low,close,tick_volume,spread,real_volume,mean_volume
1,-90,XW,XWZ6,D1,2016-08-01,1470009600,433.0,434.0,432.25,433.0,35001,0,2,2.0
2,-89,XW,XWZ6,D1,2016-08-02,1470096000,432.0,436.0,426.25,428.875,60030,0,76,39.0
3,-88,XW,XWZ6,D1,2016-08-03,1470182400,431.75,440.0,428.75,435.375,40015,0,54,44.0
4,-87,XW,XWZ6,D1,2016-08-04,1470268800,436.0,440.5,430.875,431.0,10016,0,19,50.0
5,-86,XW,XWZ6,D1,2016-08-05,1470355200,431.0,441.75,431.0,435.75,40023,0,32,35.0
6,-85,XW,XWZ6,D1,2016-08-08,1470614400,437.75,444.25,433.875,438.75,50035,0,102,51.0
7,-84,XW,XWZ6,D1,2016-08-09,1470700800,438.0,440.0,433.75,436.75,12529,0,39,58.0
8,-83,XW,XWZ6,D1,2016-08-10,1470787200,436.0,445.875,436.0,443.5,20022,0,36,59.0
9,-82,XW,XWZ6,D1,2016-08-11,1470873600,442.0,443.875,435.5,437.0,70021,0,62,46.0
10,-81,XW,XWZ6,D1,2016-08-12,1470960000,437.0,440.0,427.0,440.0,157533,0,81,60.0
11,-80,XW,XWZ6,D1,2016-08-15,1471219200,438.5,445.5,435.5,437.0,42541,0,67,70.0
12,-79,XW,XWZ6,D1,2016-08-16,1471305600,438.25,442.5,433.0,440.25,95042,0,82,77.0
13,-78,XW,XWZ6,D1,2016-08-17,1471392000,439.5,443.125,436.375,440.5,35029,0,70,73.0
14,-77,XW,XWZ6,D1,2016-08-18,1471478400,441.625,445.0,437.75,444.25,77539,0,73,75.0
15,-76,XW,XWZ6,D1,2016-08-19,1471564800,444.25,449.25,439.875,444.0,107559,0,119,87.0
16,-75,XW,XWZ6,D1,2016-08-22,1471824000,446.0,446.25,434.375,435.5,180093,0,166,119.0
17,-74,XW,XWZ6,D1,2016-08-23,1471910400,434.125,434.125,426.875,426.875,145087,0,208,164.0
18,-73,XW,XWZ6,D1,2016-08-24,1471996800,427.0,428.375,423.875,426.25,102593,0,207,194.0
19,-72,XW,XWZ6,D1,2016-08-25,1472083200,427.75,429.875,423.25,425.25,97602,0,185,200.0
20,-71,XW,XWZ6,D1,2016-08-26,1472169600,422.75,424.25,404.625,408.0,395162,0,409,267.0
21,-70,XW,XWZ6,D1,2016-08-29,1472428800,407.5,409.625,395.125,395.125,580200,0,488,361.0
22,-69,XW,XWZ6,D1,2016-08-30,1472515200,396.75,400.375,391.5,392.25,310145,0,295,397.0
23,-68,XW,XWZ6,D1,2016-08-31,1472601600,392.25,395.75,386.5,389.5,207613,0,317,367.0
24,-67,XW,XWZ6,D1,2016-09-01,1472688000,390.75,397.25,389.5,394.5,195113,0,247,286.0
25,-66,XW,XWZ6,D1,2016-09-02,1472774400,394.0,401.25,394.0,397.625,167617,0,268,277.0
26,-65,XW,XWZ6,D1,2016-09-06,1473120000,398.625,402.875,395.0,398.5,157587,0,182,232.0
27,-64,XW,XWZ6,D1,2016-09-07,1473206400,397.375,404.5,397.375,402.5,105071,0,144,198.0
28,-63,XW,XWZ6,D1,2016-09-08,1473292800,402.5,406.625,398.625,404.0,110084,0,164,163.0
29,-62,XW,XWZ6,D1,2016-09-09,1473379200,405.0,405.125,397.0,401.625,212587,0,249,186.0
30,-61,XW,XWZ6,D1,2016-09-12,1473638400,398.5,409.75,398.5,407.75,407610,0,285,233.0
31,-60,XW,XWZ6,D1,2016-09-13,1473724800,408.125,410.5,399.0,401.0,177595,0,234,256.0
32,-59,XW,XWZ6,D1,2016-09-14,1473811200,400.125,404.0,394.875,403.5,170095,0,235,251.0
33,-58,XW,XWZ6,D1,2016-09-15,1473897600,401.0,406.375,398.125,399.25,105074,0,135,201.0
34,-57,XW,XWZ6,D1,2016-09-16,1473984000,398.25,404.25,393.75,404.0,227590,0,382,251.0
35,-56,XW,XWZ6,D1,2016-09-19,1474243200,403.0,409.0,399.875,402.875,225095,0,232,250.0
36,-55,XW,XWZ6,D1,2016-09-20,1474329600,403.125,409.625,402.75,405.75,102581,0,257,290.0
37,-54,XW,XWZ6,D1,2016-09-21,1474416000,404.125,409.0,402.5,405.75,75075,0,144,211.0
38,-53,XW,XWZ6,D1,2016-09-22,1474502400,406.875,411.875,404.75,405.75,90061,0,132,178.0
39,-52,XW,XWZ6,D1,2016-09-23,1474588800,403.875,409.625,401.25,403.75,147586,0,204,160.0
40,-51,XW,XWZ6,D1,2016-09-26,1474848000,403.375,406.625,395.0,395.0,162583,0,208,181.0
41,-50,XW,XWZ6,D1,2016-09-27,1474934400,397.5,404.875,394.0,403.25,135083,0,189,200.0
42,-49,XW,XWZ6,D1,2016-09-28,1475020800,405.125,407.375,402.0,403.125,127582,0,178,192.0
43,-48,XW,XWZ6,D1,2016-09-29,1475107200,402.125,406.125,396.25,398.875,217596,0,189,185.0
44,-47,XW,XWZ6,D1,2016-09-30,1475193600,399.0,403.5,390.375,402.0,405121,0,376,248.0
45,-46,XW,XWZ6,D1,2016-10-03,1475452800,399.875,401.25,392.0,393.125,285103,0,225,263.0
46,-45,XW,XWZ6,D1,2016-10-04,1475539200,395.875,398.0,393.125,395.0,37570,0,127,243.0
47,-44,XW,XWZ6,D1,2016-10-05,1475625600,395.75,408.25,392.0,405.5,280108,0,278,210.0
48,-43,XW,XWZ6,D1,2016-10-06,1475712000,406.5,409.375,393.5,398.375,365144,0,373,259.0
49,-42,XW,XWZ6,D1,2016-10-07,1475798400,397.0,400.625,394.5,394.75,75069,0,147,266.0
50,-41,XW,XWZ6,D1,2016-10-10,1476057600,397.375,405.25,397.0,404.875,172588,0,262,261.0
51,-40,XW,XWZ6,D1,2016-10-11,1476144000,403.375,408.5,401.875,406.625,82575,0,162,190.0
52,-39,XW,XWZ6,D1,2016-10-12,1476230400,404.625,414.75,395.0,397.0,677608,0,403,276.0
53,-38,XW,XWZ6,D1,2016-10-13,1476316800,397.125,417.25,397.125,414.75,402647,0,443,336.0
54,-37,XW,XWZ6,D1,2016-10-14,1476403200,415.0,428.0,415.0,419.375,430195,0,459,435.0
55,-36,XW,XWZ6,D1,2016-10-17,1476662400,417.875,425.875,415.875,424.0,315121,0,253,385.0
56,-35,XW,XWZ6,D1,2016-10-18,1476748800,424.875,425.125,418.875,419.0,155101,0,192,301.0
57,-34,XW,XWZ6,D1,2016-10-19,1476835200,420.375,422.25,413.125,420.0,222585,0,210,218.0
58,-33,XW,XWZ6,D1,2016-10-20,1476921600,420.0,422.375,415.875,416.25,32554,0,125,176.0
59,-32,XW,XWZ6,D1,2016-10-21,1477008000,416.625,417.875,412.0,412.875,67549,0,92,142.0
60,-31,XW,XWZ6,D1,2016-10-24,1477267200,413.875,416.625,401.0,404.25,282610,0,250,156.0
61,-30,XW,XWZ6,D1,2016-10-25,1477353600,403.875,406.875,398.75,404.0,117580,0,165,169.0
62,-29,XW,XWZ6,D1,2016-10-26,1477440000,404.375,414.0,403.5,411.0,185085,0,220,212.0
63,-28,XW,XWZ6,D1,2016-10-27,1477526400,411.25,418.625,411.25,415.5,142599,0,197,194.0
64,-27,XW,XWZ6,D1,2016-10-28,1477612800,414.0,417.25,407.375,407.875,125078,0,126,181.0
65,-26,XW,XWZ6,D1,2016-10-31,1477872000,411.375,416.875,409.75,414.375,29912,0,218369,72897.0
66,-25,XW,XWZ6,D1,2016-11-01,1477958400,414.375,418.375,410.625,412.875,27593,0,181078,133191.0
67,-24,XW,XWZ6,D1,2016-11-02,1478044800,412.875,420.0,412.0,416.75,29108,0,223304,207584.0
68,-23,XW,XWZ6,D1,2016-11-03,1478131200,416.75,419.125,409.375,413.0,27951,0,183778,196053.0
69,-22,XW,XWZ6,D1,2016-11-04,1478217600,413.0,415.125,410.25,413.5,23464,0,151717,186266.0
70,-21,XW,XWZ6,D1,2016-11-06,1478390400,413.5,413.5,413.5,413.5,288,3250,474,111990.0
71,-20,XW,XWZ6,D1,2016-11-07,1478476800,413.5,415.125,407.0,410.5,20610,0,131266,94486.0
72,-19,XW,XWZ6,D1,2016-11-08,1478563200,410.5,419.5,408.625,414.75,34043,0,262227,131322.0
73,-18,XW,XWZ6,D1,2016-11-09,1478649600,414.75,417.5,403.875,408.125,42432,0,284643,226045.0
74,-17,XW,XWZ6,D1,2016-11-10,1478736000,409.0,413.25,402.125,403.25,32442,0,226302,257724.0
75,-16,XW,XWZ6,D1,2016-11-11,1478822400,403.25,407.25,401.0,402.0,35735,0,200152,237032.0
76,-15,XW,XWZ6,D1,2016-11-14,1479081600,403.0,403.0,392.625,393.0,30193,0,164960,197138.0
77,-14,XW,XWZ6,D1,2016-11-15,1479168000,393.875,401.5,392.5,398.875,32460,0,168593,177902.0
78,-13,XW,XWZ6,D1,2016-11-16,1479254400,398.875,401.25,396.625,398.75,28593,0,140772,158108.0
79,-12,XW,XWZ6,D1,2016-11-17,1479340800,397.0,406.0,396.875,403.25,30401,0,150142,153169.0
80,-11,XW,XWZ6,D1,2016-11-18,1479427200,403.25,409.625,401.0,407.75,28133,0,156456,149123.0
81,-10,XW,XWZ6,D1,2016-11-21,1479686400,407.75,411.625,404.5,410.5,27894,0,147188,151262.0
82,-9,XW,XWZ6,D1,2016-11-22,1479772800,410.5,411.125,406.5,406.75,20111,0,104515,136053.0
83,-8,XW,XWZ6,D1,2016-11-23,1479859200,406.75,406.75,396.25,401.75,12343,0,46836,99513.0
84,-7,XW,XWZ6,D1,2016-11-24,1479945600,401.75,401.75,401.75,401.75,1473,0,2229,51193.0
77,-70,XW,XWH7,D1,2016-11-25,1480032000,424.375,426.5,417.625,417.625,9037,0,31625,31348.0
78,-69,XW,XWH7,D1,2016-11-28,1480291200,417.5,421.25,414.0,415.5,22450,0,80606,38010.0
79,-68,XW,XWH7,D1,2016-11-29,1480377600,415.5,415.5,407.25,407.25,3169,0,8791,40341.0
80,-67,XW,XWH7,D1,2016-11-30,1480464000,409.125,413.625,402.625,402.875,228,0,281,29893.0
81,-66,XW,XWH7,D1,2016-12-01,1480550400,403.0,404.0,393.0,395.5,337,0,466,3179.0
82,-65,XW,XWH7,D1,2016-12-02,1480636800,398.25,404.5,396.875,403.5,187,0,238,328.0
83,-64,XW,XWH7,D1,2016-12-05,1480896000,405.0,409.625,404.75,407.625,216,0,283,329.0
84,-63,XW,XWH7,D1,2016-12-06,1480982400,404.75,412.5,404.75,408.0,206,0,261,261.0
85,-62,XW,XWH7,D1,2016-12-07,1481068800,407.0,407.625,399.625,402.0,228,0,302,282.0
86,-61,XW,XWH7,D1,2016-12-08,1481155200,402.5,409.25,401.5,408.25,242,0,383,315.0
87,-60,XW,XWH7,D1,2016-12-09,1481241600,408.25,416.375,404.25,412.75,241,0,352,346.0
88,-59,XW,XWH7,D1,2016-12-12,1481500800,415.0,416.75,409.0,416.0,200,0,273,336.0
89,-58,XW,XWH7,D1,2016-12-13,1481587200,418.5,420.75,414.25,416.75,208,0,302,309.0
90,-57,XW,XWH7,D1,2016-12-14,1481673600,416.5,418.75,413.0,418.75,151,0,183,253.0
91,-56,XW,XWH7,D1,2016-12-15,1481760000,417.25,418.5,409.0,409.125,201,0,283,256.0
92,-55,XW,XWH7,D1,2016-12-16,1481846400,408.375,411.0,404.625,410.875,190,0,230,232.0
93,-54,XW,XWH7,D1,2016-12-19,1482105600,411.25,413.25,403.375,407.125,189,0,304,272.0
94,-53,XW,XWH7,D1,2016-12-20,1482192000,405.5,407.5,400.0,402.875,149,0,169,234.0
95,-52,XW,XWH7,D1,2016-12-21,1482278400,402.25,404.375,397.875,399.0,148,0,165,213.0
96,-51,XW,XWH7,D1,2016-12-22,1482364800,398.25,400.125,397.0,398.25,142,125,201,178.0
97,-50,XW,XWH7,D1,2016-12-23,1482451200,397.75,398.25,392.5,393.0,142,0,201,189.0
98,-49,XW,XWH7,D1,2016-12-26,1482710400,393.0,393.0,393.0,393.0,57,10875,114,172.0
99,-48,XW,XWH7,D1,2016-12-27,1482796800,393.0,410.875,392.0,408.25,268,0,374,230.0
100,-47,XW,XWH7,D1,2016-12-28,1482883200,409.0,410.0,400.625,401.5,238,0,275,254.0
101,-46,XW,XWH7,D1,2016-12-29,1482969600,403.125,406.375,403.0,403.625,150,0,201,283.0
102,-45,XW,XWH7,D1,2016-12-30,1483056000,404.25,409.0,404.25,409.0,139,0,186,221.0
103,-44,XW,XWH7,D1,2017-01-02,1483315200,409.0,409.0,409.0,409.0,57,7625,57,148.0
104,-43,XW,XWH7,D1,2017-01-03,1483401600,405.125,413.625,405.0,408.625,222,0,305,183.0
105,-42,XW,XWH7,D1,2017-01-04,1483488000,406.75,418.5,405.125,417.0,226,0,267,210.0
106,-41,XW,XWH7,D1,2017-01-05,1483574400,417.0,427.0,416.5,424.75,383,0,535,369.0
107,-40,XW,XWH7,D1,2017-01-06,1483660800,425.375,427.875,422.0,424.125,222,0,285,362.0
108,-39,XW,XWH7,D1,2017-01-09,1483920000,424.125,428.375,421.0,427.25,208,0,297,372.0
109,-38,XW,XWH7,D1,2017-01-10,1484006400,426.25,427.375,423.5,425.0,133,0,173,252.0
110,-37,XW,XWH7,D1,2017-01-11,1484092800,425.0,425.0,412.25,416.5,289,0,346,272.0
111,-36,XW,XWH7,D1,2017-01-12,1484179200,418.0,429.75,414.5,424.5,379,0,593,371.0
112,-35,XW,XWH7,D1,2017-01-13,1484265600,426.25,426.5,419.5,426.25,199,0,233,391.0
113,-34,XW,XWH7,D1,2017-01-16,1484524800,426.25,426.25,426.25,426.25,57,5125,57,294.0
114,-33,XW,XWH7,D1,2017-01-17,1484611200,425.75,437.25,424.0,433.625,355,0,461,250.0
115,-32,XW,XWH7,D1,2017-01-18,1484697600,433.0,434.125,428.375,429.5,202,0,244,254.0
116,-31,XW,XWH7,D1,2017-01-19,1484784000,430.5,430.5,422.625,423.0,189,0,229,311.0
117,-30,XW,XWH7,D1,2017-01-20,1484870400,423.0,428.75,420.75,427.125,228,0,286,253.0
118,-29,XW,XWH7,D1,2017-01-23,1485129600,428.0,433.75,427.5,432.875,163,0,211,242.0
119,-28,XW,XWH7,D1,2017-01-24,1485216000,433.25,434.75,426.0,426.25,202,0,251,249.0
120,-27,XW,XWH7,D1,2017-01-25,1485302400,427.25,428.375,423.375,425.0,181,0,247,236.0
121,-26,XW,XWH7,D1,2017-01-26,1485388800,426.0,430.25,421.875,426.75,244,0,311,270.0
122,-25,XW,XWH7,D1,2017-01-27,1485475200,425.75,427.125,419.5,420.75,160,0,227,262.0
123,-24,XW,XWH7,D1,2017-01-30,1485734400,417.75,418.75,413.0,414.0,183,0,309,282.0
124,-23,XW,XWH7,D1,2017-01-31,1485820800,414.0,421.0,413.25,420.5,162,0,205,247.0
125,-22,XW,XWH7,D1,2017-02-01,1485907200,421.75,435.0,417.125,432.75,346,0,540,351.0
126,-21,XW,XWH7,D1,2017-02-02,1485993600,433.5,437.375,429.875,435.375,257,0,317,354.0
127,-20,XW,XWH7,D1,2017-02-03,1486080000,434.5,435.5,429.25,429.25,144,0,177,345.0
128,-19,XW,XWH7,D1,2017-02-06,1486339200,429.25,432.5,422.5,423.75,189,0,242,245.0
129,-18,XW,XWH7,D1,2017-02-07,1486425600,422.75,431.0,420.0,430.0,210,0,237,219.0
130,-17,XW,XWH7,D1,2017-02-08,1486512000,429.875,433.25,427.875,431.75,174,0,220,233.0
131,-16,XW,XWH7,D1,2017-02-09,1486598400,431.25,445.25,429.375,441.5,375,0,513,323.0
132,-15,XW,XWH7,D1,2017-02-10,1486684800,442.0,450.25,441.75,448.0,318,0,432,388.0
133,-14,XW,XWH7,D1,2017-02-13,1486944000,446.0,456.125,442.0,452.375,271,0,365,437.0
134,-13,XW,XWH7,D1,2017-02-14,1487030400,452.5,452.5,446.75,450.25,163,0,239,345.0
135,-12,XW,XWH7,D1,2017-02-15,1487116800,449.75,455.0,446.0,453.875,172,0,305,303.0
136,-11,XW,XWH7,D1,2017-02-16,1487203200,453.75,464.0,445.0,445.125,317,0,519,354.0
137,-10,XW,XWH7,D1,2017-02-17,1487289600,441.75,447.25,440.375,441.75,190,0,224,349.0
138,-9,XW,XWH7,D1,2017-02-19,1487462400,441.75,441.75,441.75,441.75,11,12375,11,251.0
139,-8,XW,XWH7,D1,2017-02-20,1487548800,441.75,441.75,441.75,441.75,71,11000,71,102.0
140,-7,XW,XWH7,D1,2017-02-21,1487635200,439.0,441.0,435.25,436.75,218,0,287,123.0
141,-6,XW,XWH7,D1,2017-02-22,1487721600,436.75,442.0,435.25,442.0,219,125,260,206.0
142,-5,XW,XWH7,D1,2017-02-23,1487808000,444.25,444.25,436.75,438.25,128,0,190,246.0
85,-47,XW,XWK7,D1,2017-02-24,1487894400,454.0,454.0,445.625,449.75,170,0,243,253.0
86,-46,XW,XWK7,D1,2017-02-27,1488153600,447.5,447.75,438.25,438.75,200,0,302,271.0
87,-45,XW,XWK7,D1,2017-02-28,1488240000,438.0,453.0,438.0,442.75,220,0,286,277.0
88,-44,XW,XWK7,D1,2017-03-01,1488326400,443.0,457.5,442.5,455.625,223,0,289,292.0
89,-43,XW,XWK7,D1,2017-03-02,1488412800,457.5,459.75,449.625,452.25,228,0,291,289.0
90,-42,XW,XWK7,D1,2017-03-03,1488499200,450.375,455.375,447.75,454.5,188,0,243,274.0
91,-41,XW,XWK7,D1,2017-03-06,1488758400,457.0,462.5,456.75,459.125,212,0,289,274.0
92,-40,XW,XWK7,D1,2017-03-07,1488844800,459.5,460.0,450.25,458.5,188,0,254,262.0
93,-39,XW,XWK7,D1,2017-03-08,1488931200,457.125,457.125,446.0,447.0,220,0,288,277.0
94,-38,XW,XWK7,D1,2017-03-09,1489017600,448.0,450.125,442.375,445.0,237,0,289,277.0
95,-37,XW,XWK7,D1,2017-03-10,1489104000,446.5,446.5,439.75,440.375,145,0,204,260.0
96,-36,XW,XWK7,D1,2017-03-13,1489363200,440.125,441.5,430.0,431.5,209,0,270,254.0
97,-35,XW,XWK7,D1,2017-03-14,1489449600,430.25,434.25,428.5,430.125,203,0,242,239.0
98,-34,XW,XWK7,D1,2017-03-15,1489536000,431.5,437.0,431.5,436.125,188,0,236,249.0
99,-33,XW,XWK7,D1,2017-03-16,1489622400,436.5,440.5,434.5,436.0,169,0,200,226.0
100,-32,XW,XWK7,D1,2017-03-17,1489708800,436.75,439.5,430.5,436.625,139,125,178,205.0
101,-31,XW,XWK7,D1,2017-03-20,1489968000,439.5,442.75,429.25,429.75,219,0,283,220.0
102,-30,XW,XWK7,D1,2017-03-21,1490054400,430.125,430.5,423.375,426.625,277,0,335,265.0
103,-29,XW,XWK7,D1,2017-03-22,1490140800,426.25,426.25,420.875,420.875,199,125,241,286.0
104,-28,XW,XWK7,D1,2017-03-23,1490227200,421.5,424.75,420.375,421.0,212,125,232,269.0
105,-27,XW,XWK7,D1,2017-03-24,1490313600,421.0,426.5,421.0,426.0,169,125,194,222.0
106,-26,XW,XWK7,D1,2017-03-27,1490572800,427.125,432.25,418.0,421.0,206,0,238,221.0
107,-25,XW,XWK7,D1,2017-03-28,1490659200,419.0,425.25,417.375,423.25,136,125,168,200.0
108,-24,XW,XWK7,D1,2017-03-29,1490745600,424.0,427.75,422.875,425.25,154,125,190,199.0
109,-23,XW,XWK7,D1,2017-03-30,1490832000,425.5,425.5,419.625,420.75,146,125,174,177.0
110,-22,XW,XWK7,D1,2017-03-31,1490918400,421.75,432.0,417.0,427.125,247,125,321,228.0
111,-21,XW,XWK7,D1,2017-04-03,1491177600,430.875,433.375,427.0,429.125,178,125,222,239.0
112,-20,XW,XWK7,D1,2017-04-04,1491264000,428.0,432.0,426.125,426.75,127,125,135,226.0
113,-19,XW,XWK7,D1,2017-04-05,1491350400,427.0,430.0,424.875,430.0,138,0,169,175.0
114,-18,XW,XWK7,D1,2017-04-06,1491436800,429.25,430.25,421.875,422.5,140,125,153,152.0
115,-17,XW,XWK7,D1,2017-04-07,1491523200,423.0,424.75,419.625,424.125,142,125,188,170.0
116,-16,XW,XWK7,D1,2017-04-10,1491782400,424.0,428.25,423.75,428.25,117,125,138,160.0
117,-15,XW,XWK7,D1,2017-04-11,1491868800,428.5,434.75,423.875,433.125,190,125,247,191.0
118,-14,XW,XWK7,D1,2017-04-12,1491955200,433.25,436.25,431.625,432.5,204,125,470,285.0
119,-13,XW,XWK7,D1,2017-04-13,1492041600,432.75,435.75,429.0,429.125,194,125,402,373.0
120,-12,XW,XWK7,D1,2017-04-14,1492128000,429.125,429.125,429.125,429.125,61,0,61,311.0
121,-11,XW,XWK7,D1,2017-04-17,1492387200,428.5,431.0,418.375,420.125,261,125,694,386.0
122,-10,XW,XWK7,D1,2017-04-18,1492473600,422.0,423.25,419.375,421.0,132,125,164,306.0
123,-9,XW,XWK7,D1,2017-04-19,1492560000,421.375,425.75,417.25,419.0,161,125,230,363.0
124,-8,XW,XWK7,D1,2017-04-20,1492646400,417.875,421.375,404.75,404.875,203,125,309,234.0
125,-7,XW,XWK7,D1,2017-04-21,1492732800,405.0,407.0,400.25,404.25,147,125,227,255.0
126,-6,XW,XWK7,D1,2017-04-24,1492992000,407.875,408.5,401.25,402.375,235,125,280,272.0
89,-54,XW,XWN7,D1,2017-04-25,1493078400,418.625,429.25,416.0,426.25,226,125,348,280.0
128,-4,XW,XWK7,D1,2017-04-26,1493164800,408.5,414.0,405.25,405.25,206,125,335,288.0
129,-3,XW,XWK7,D1,2017-04-27,1493251200,408.75,414.375,407.0,414.375,233,125,398,327.0
130,-2,XW,XWK7,D1,2017-04-28,1493337600,416.0,437.0,416.0,437.0,59,625,79,271.0
93,-50,XW,XWN7,D1,2017-05-01,1493596800,438.875,456.875,437.5,453.0,448,0,654,380.0
94,-49,XW,XWN7,D1,2017-05-02,1493683200,455.0,461.625,448.25,452.375,435,0,650,527.0
95,-48,XW,XWN7,D1,2017-05-03,1493769600,453.0,455.625,446.125,454.25,262,0,442,582.0
96,-47,XW,XWN7,D1,2017-05-04,1493856000,454.0,455.0,434.75,437.0,323,125,419,504.0
97,-46,XW,XWN7,D1,2017-05-05,1493942400,438.75,443.75,436.0,441.625,167,125,247,369.0
98,-45,XW,XWN7,D1,2017-05-08,1494201600,441.0,441.0,433.0,434.125,239,125,269,312.0
99,-44,XW,XWN7,D1,2017-05-09,1494288000,433.5,434.5,428.25,429.25,216,125,265,260.0
100,-43,XW,XWN7,D1,2017-05-10,1494374400,429.75,435.5,426.5,433.625,235,0,270,268.0
101,-42,XW,XWN7,D1,2017-05-11,1494460800,432.25,435.75,429.0,435.625,196,0,222,252.0
102,-41,XW,XWN7,D1,2017-05-12,1494547200,435.625,437.0,432.125,433.5,131,125,152,215.0
103,-40,XW,XWN7,D1,2017-05-15,1494806400,423.25,430.75,421.75,422.875,208,125,368,247.0
104,-39,XW,XWN7,D1,2017-05-16,1494892800,422.75,425.5,420.375,423.25,183,0,315,278.0
105,-38,XW,XWN7,D1,2017-05-17,1494979200,421.25,432.0,421.25,429.5,164,0,212,298.0
106,-37,XW,XWN7,D1,2017-05-18,1495065600,428.0,429.25,421.375,425.875,206,125,349,292.0
107,-36,XW,XWN7,D1,2017-05-19,1495152000,425.5,436.0,425.5,436.0,233,125,363,308.0
108,-35,XW,XWN7,D1,2017-05-22,1495411200,436.375,442.375,434.25,436.5,208,0,310,341.0
109,-34,XW,XWN7,D1,2017-05-23,1495497600,434.0,435.75,427.75,429.0,206,125,337,337.0
110,-33,XW,XWN7,D1,2017-05-24,1495584000,429.0,432.75,427.375,430.625,146,125,183,277.0
111,-32,XW,XWN7,D1,2017-05-25,1495670400,431.875,435.25,430.5,430.5,146,125,210,243.0
112,-31,XW,XWN7,D1,2017-05-26,1495756800,430.0,438.75,429.0,438.75,251,0,350,248.0
113,-30,XW,XWN7,D1,2017-05-28,1495929600,438.75,438.75,438.75,438.75,19,0,19,193.0
114,-29,XW,XWN7,D1,2017-05-29,1496016000,438.75,438.75,438.75,438.75,71,0,71,147.0
14,-72,XW,XWU7,D1,2017-05-30,1496102400,451.25,451.25,440.75,442.5,92,250,198,162.0
116,-27,XW,XWN7,D1,2017-05-31,1496188800,434.0,435.5,428.625,429.75,178,0,281,247.0
117,-26,XW,XWN7,D1,2017-06-01,1496275200,429.5,431.25,421.5,428.0,231,0,473,381.0
118,-25,XW,XWN7,D1,2017-06-02,1496361600,427.0,433.875,427.0,428.0,177,125,328,361.0
119,-24,XW,XWN7,D1,2017-06-05,1496620800,429.5,432.5,425.625,429.0,196,0,311,371.0
120,-23,XW,XWN7,D1,2017-06-06,1496707200,429.5,440.375,429.5,435.0,263,125,386,342.0
121,-22,XW,XWN7,D1,2017-06-07,1496793600,437.0,448.375,437.0,444.125,273,0,376,358.0
122,-21,XW,XWN7,D1,2017-06-08,1496880000,445.0,455.5,445.0,448.0,333,0,433,398.0
123,-20,XW,XWN7,D1,2017-06-09,1496966400,448.75,453.875,443.5,445.125,250,0,343,384.0
124,-19,XW,XWN7,D1,2017-06-12,1497225600,437.0,444.0,431.5,434.375,242,0,372,383.0
125,-18,XW,XWN7,D1,2017-06-13,1497312000,436.5,446.0,436.375,444.5,254,125,347,354.0
126,-17,XW,XWN7,D1,2017-06-14,1497398400,444.0,451.625,442.0,443.625,222,0,273,331.0
127,-16,XW,XWN7,D1,2017-06-15,1497484800,442.25,457.0,437.5,454.375,241,0,296,305.0
128,-15,XW,XWN7,D1,2017-06-16,1497571200,455.25,468.5,455.25,465.0,323,125,465,345.0
129,-14,XW,XWN7,D1,2017-06-19,1497830400,462.875,473.0,460.0,462.0,260,0,376,379.0
130,-13,XW,XWN7,D1,2017-06-20,1497916800,469.75,474.25,463.0,472.25,242,0,345,395.0
131,-12,XW,XWN7,D1,2017-06-21,1498003200,472.75,473.125,464.125,464.125,177,125,296,339.0
132,-11,XW,XWN7,D1,2017-06-22,1498089600,462.125,462.25,455.0,460.625,170,0,225,289.0
133,-10,XW,XWN7,D1,2017-06-23,1498176000,463.75,466.625,459.25,459.75,161,125,224,248.0
134,-9,XW,XWN7,D1,2017-06-26,1498435200,455.75,459.375,449.625,450.625,143,125,190,213.0
34,-52,XW,XWU7,D1,2017-06-27,1498521600,465.0,472.0,465.0,469.0,158,0,199,211.0
35,-51,XW,XWU7,D1,2017-06-28,1498608000,468.0,474.75,468.0,472.5,274,125,347,262.0
36,-50,XW,XWU7,D1,2017-06-29,1498694400,473.0,498.625,472.5,493.375,403,0,565,370.0
37,-49,XW,XWU7,D1,2017-06-30,1498780800,495.0,526.0,495.0,525.5,693,0,1018,643.0
38,-48,XW,XWU7,D1,2017-07-03,1499040000,525.0,556.0,525.0,553.0,619,0,936,840.0
39,-47,XW,XWU7,D1,2017-07-04,1499126400,553.0,553.0,553.0,553.0,70,0,70,675.0
40,-46,XW,XWU7,D1,2017-07-05,1499212800,559.625,574.0,536.75,560.0,500,0,736,581.0
41,-45,XW,XWU7,D1,2017-07-06,1499299200,541.5,550.0,535.375,538.75,233,125,379,395.0
42,-44,XW,XWU7,D1,2017-07-07,1499385600,538.0,545.5,530.25,532.5,357,125,460,525.0
43,-43,XW,XWU7,D1,2017-07-10,1499644800,541.625,553.0,540.375,551.25,300,0,388,409.0
44,-42,XW,XWU7,D1,2017-07-11,1499731200,552.0,559.25,540.75,552.625,312,0,412,420.0
45,-41,XW,XWU7,D1,2017-07-12,1499817600,549.0,552.125,535.0,537.0,301,0,458,419.0
46,-40,XW,XWU7,D1,2017-07-13,1499904000,535.0,535.0,509.75,512.5,419,0,546,472.0
47,-39,XW,XWU7,D1,2017-07-14,1499990400,512.0,520.5,507.875,512.0,234,125,302,435.0
48,-38,XW,XWU7,D1,2017-07-17,1500249600,510.25,512.125,503.75,504.5,227,0,357,402.0
49,-37,XW,XWU7,D1,2017-07-18,1500336000,508.0,517.0,503.5,504.25,265,0,349,336.0
50,-36,XW,XWU7,D1,2017-07-19,1500422400,504.0,509.0,498.75,503.0,286,0,424,377.0
51,-35,XW,XWU7,D1,2017-07-20,1500508800,504.125,508.0,496.0,506.25,308,0,476,416.0
52,-34,XW,XWU7,D1,2017-07-21,1500595200,505.0,510.0,498.0,501.25,243,125,357,419.0
53,-33,XW,XWU7,D1,2017-07-24,1500854400,494.0,495.125,484.0,487.25,260,125,341,391.0
54,-32,XW,XWU7,D1,2017-07-25,1500940800,493.0,493.5,472.875,473.75,223,0,331,343.0
55,-31,XW,XWU7,D1,2017-07-26,1501027200,475.25,480.5,474.25,477.125,224,0,317,330.0
56,-30,XW,XWU7,D1,2017-07-27,1501113600,478.5,485.0,478.0,478.0,184,0,267,305.0
57,-29,XW,XWU7,D1,2017-07-28,1501200000,480.0,489.0,479.0,480.25,183,0,270,285.0
58,-28,XW,XWU7,D1,2017-07-31,1501459200,477.125,480.5,466.0,473.75,238,0,269,269.0
59,-27,XW,XWU7,D1,2017-08-01,1501545600,470.75,478.0,460.625,461.75,303,125,446,328.0
60,-26,XW,XWU7,D1,2017-08-02,1501632000,461.0,466.25,456.25,459.625,269,0,380,365.0
61,-25,XW,XWU7,D1,2017-08-03,1501718400,461.0,463.5,454.625,458.625,212,0,365,397.0
62,-24,XW,XWU7,D1,2017-08-04,1501804800,457.75,460.75,454.0,455.5,198,125,272,339.0
63,-23,XW,XWU7,D1,2017-08-07,1502064000,457.5,464.75,454.5,464.75,214,125,274,304.0
64,-22,XW,XWU7,D1,2017-08-08,1502150400,463.5,467.75,454.875,456.75,209,0,251,266.0
65,-21,XW,XWU7,D1,2017-08-09,1502236800,457.0,461.625,453.75,458.75,161,125,210,245.0
66,-20,XW,XWU7,D1,2017-08-10,1502323200,459.0,462.0,439.5,442.0,284,0,490,317.0
67,-19,XW,XWU7,D1,2017-08-11,1502409600,441.625,443.75,434.5,438.75,209,0,269,323.0
68,-18,XW,XWU7,D1,2017-08-14,1502668800,436.0,441.5,431.5,440.375,177,125,271,343.0
69,-17,XW,XWU7,D1,2017-08-15,1502755200,440.375,440.375,428.5,428.5,180,125,207,249.0
70,-16,XW,XWU7,D1,2017-08-16,1502841600,429.0,435.0,416.75,418.25,291,125,355,278.0
71,-15,XW,XWU7,D1,2017-08-17,1502928000,421.0,422.0,412.5,415.0,134,0,187,250.0
25,-76,XW,XWZ7,D1,2017-08-18,1503014400,441.25,444.75,439.75,444.0,164,125,207,238.0
26,-75,XW,XWZ7,D1,2017-08-21,1503273600,442.5,444.5,435.25,435.25,101,125,138,217.0
27,-74,XW,XWZ7,D1,2017-08-22,1503360000,438.5,440.5,429.0,431.0,144,125,168,171.0
28,-73,XW,XWZ7,D1,2017-08-23,1503446400,431.5,433.875,428.0,430.0,103,0,156,154.0
29,-72,XW,XWZ7,D1,2017-08-24,1503532800,430.25,436.375,427.0,434.5,110,125,156,160.0
30,-71,XW,XWZ7,D1,2017-08-25,1503619200,434.875,437.875,433.75,434.125,79,125,104,139.0
31,-70,XW,XWZ7,D1,2017-08-28,1503878400,434.5,436.5,426.25,427.625,120,125,150,137.0
32,-69,XW,XWZ7,D1,2017-08-29,1503964800,428.0,431.125,422.75,428.625,169,125,203,152.0
33,-68,XW,XWZ7,D1,2017-08-30,1504051200,430.5,433.625,427.625,429.875,137,125,194,182.0
34,-67,XW,XWZ7,D1,2017-08-31,1504137600,430.125,437.875,429.375,434.375,193,0,289,229.0
35,-66,XW,XWZ7,D1,2017-09-01,1504224000,434.0,440.0,433.875,440.0,117,125,145,209.0
36,-65,XW,XWZ7,D1,2017-09-03,1504396800,440.0,440.0,440.0,440.0,8,0,8,147.0
37,-64,XW,XWZ7,D1,2017-09-04,1504483200,440.0,440.0,440.0,440.0,4,2625,4,52.0
38,-63,XW,XWZ7,D1,2017-09-05,1504569600,441.5,446.625,439.25,442.25,176,125,224,79.0
39,-62,XW,XWZ7,D1,2017-09-06,1504656000,440.125,447.875,436.75,445.25,132,125,159,129.0
40,-61,XW,XWZ7,D1,2017-09-07,1504742400,445.75,446.25,435.875,437.0,140,125,182,188.0
41,-60,XW,XWZ7,D1,2017-09-08,1504828800,437.25,441.875,435.5,438.0,107,0,163,168.0
42,-59,XW,XWZ7,D1,2017-09-11,1505088000,438.375,439.5,431.25,434.75,86,125,112,152.0
43,-58,XW,XWZ7,D1,2017-09-12,1505174400,434.25,443.25,427.5,442.5,169,125,279,185.0
44,-57,XW,XWZ7,D1,2017-09-13,1505260800,442.125,449.875,441.5,443.5,163,0,213,201.0
45,-56,XW,XWZ7,D1,2017-09-14,1505347200,444.0,450.75,441.5,443.625,174,125,247,246.0
46,-55,XW,XWZ7,D1,2017-09-15,1505433600,441.5,450.375,441.0,448.0,107,125,138,199.0
1,-125,XW,XWH8,D1,2017-09-17,1505606400,460.0,466.75,460.0,466.75,6,3250,0,0.0
47,-54,XW,XWZ7,D1,2017-09-18,1505692800,450.0,450.75,442.0,442.125,93,125,121,169.0
48,-53,XW,XWZ7,D1,2017-09-19,1505779200,442.0,446.625,435.875,443.75,129,125,160,140.0
49,-52,XW,XWZ7,D1,2017-09-20,1505865600,444.25,452.0,443.875,452.0,116,0,166,149.0
50,-51,XW,XWZ7,D1,2017-09-21,1505952000,451.25,454.0,445.25,452.0,109,125,147,158.0
51,-50,XW,XWZ7,D1,2017-09-22,1506038400,452.25,454.625,447.625,447.625,131,125,183,165.0
52,-49,XW,XWZ7,D1,2017-09-25,1506297600,446.75,454.875,444.25,454.375,121,125,158,163.0
53,-48,XW,XWZ7,D1,2017-09-26,1506384000,454.25,460.75,451.875,453.0,234,125,290,210.0
54,-47,XW,XWZ7,D1,2017-09-27,1506470400,454.25,462.5,449.5,462.0,189,125,242,230.0
55,-46,XW,XWZ7,D1,2017-09-28,1506556800,462.25,462.25,453.75,455.0,121,125,147,226.0
56,-45,XW,XWZ7,D1,2017-09-29,1506643200,455.0,459.125,446.625,449.0,152,125,251,213.0
57,-44,XW,XWZ7,D1,2017-10-02,1506902400,446.125,448.5,439.625,444.25,141,125,196,198.0
58,-43,XW,XWZ7,D1,2017-10-03,1506988800,444.5,450.25,443.75,448.75,82,125,108,185.0
59,-42,XW,XWZ7,D1,2017-10-04,1507075200,449.5,449.5,441.5,441.5,52,125,62,122.0
60,-41,XW,XWZ7,D1,2017-10-05,1507161600,442.25,444.0,438.25,440.75,92,125,115,95.0
61,-40,XW,XWZ7,D1,2017-10-06,1507248000,442.0,444.0,440.25,444.0,40,125,52,76.0
62,-39,XW,XWZ7,D1,2017-10-09,1507507200,444.75,445.75,435.25,435.25,95,125,121,96.0
63,-38,XW,XWZ7,D1,2017-10-10,1507593600,435.75,439.375,433.75,435.0,80,125,125,99.0
64,-37,XW,XWZ7,D1,2017-10-11,1507680000,434.0,435.25,430.0,433.25,90,0,127,124.0
65,-36,XW,XWZ7,D1,2017-10-12,1507766400,434.375,437.375,428.375,431.5,157,125,255,169.0
66,-35,XW,XWZ7,D1,2017-10-13,1507852800,431.0,440.375,430.5,439.0,142,0,162,181.0
67,-34,XW,XWZ7,D1,2017-10-16,1508112000,440.0,442.625,435.375,436.5,89,0,127,181.0
68,-33,XW,XWZ7,D1,2017-10-17,1508198400,436.5,440.0,433.625,435.5,92,125,121,137.0
69,-32,XW,XWZ7,D1,2017-10-18,1508284800,434.5,435.0,429.125,430.75,101,125,111,120.0
70,-31,XW,XWZ7,D1,2017-10-19,1508371200,430.125,436.125,429.375,432.5,118,125,134,122.0
71,-30,XW,XWZ7,D1,2017-10-20,1508457600,433.25,435.75,425.25,425.25,115,125,156,134.0
72,-29,XW,XWZ7,D1,2017-10-23,1508716800,425.0,439.5,423.75,436.25,191,125,255,182.0
73,-28,XW,XWZ7,D1,2017-10-24,1508803200,438.0,439.0,433.0,437.5,77,0,115,175.0
74,-27,XW,XWZ7,D1,2017-10-25,1508889600,437.0,443.0,434.0,435.125,115,125,143,171.0
75,-26,XW,XWZ7,D1,2017-10-26,1508976000,435.0,437.75,431.125,432.75,76,125,105,121.0
76,-25,XW,XWZ7,D1,2017-10-27,1509062400,431.0,431.0,425.0,426.125,110,125,142,130.0
77,-24,XW,XWZ7,D1,2017-10-30,1509321600,426.75,427.25,422.375,425.375,98,125,117,121.0
78,-23,XW,XWZ7,D1,2017-10-31,1509408000,424.75,426.5,416.125,418.5,190,125,232,164.0
79,-22,XW,XWZ7,D1,2017-11-01,1509494400,418.25,421.75,417.0,417.25,100,125,109,153.0
80,-21,XW,XWZ7,D1,2017-11-02,1509580800,417.875,426.5,417.75,426.0,144,125,181,174.0
81,-20,XW,XWZ7,D1,2017-11-03,1509667200,426.5,429.0,422.625,426.0,75,125,88,126.0
82,-19,XW,XWZ7,D1,2017-11-06,1509926400,427.875,431.125,427.25,430.25,91,125,113,127.0
83,-18,XW,XWZ7,D1,2017-11-07,1510012800,430.25,430.625,424.5,428.25,78,125,102,101.0
84,-17,XW,XWZ7,D1,2017-11-08,1510099200,426.75,427.25,418.875,426.5,91,125,122,112.0
85,-16,XW,XWZ7,D1,2017-11-09,1510185600,426.0,432.0,424.625,428.625,153,125,271,165.0
86,-15,XW,XWZ7,D1,2017-11-10,1510272000,428.0,434.0,427.75,431.0,83,125,116,170.0
87,-14,XW,XWZ7,D1,2017-11-13,1510531200,430.125,430.125,422.375,424.75,105,125,157,181.0
88,-13,XW,XWZ7,D1,2017-11-14,1510617600,424.5,429.0,423.75,427.5,100,125,118,130.0
89,-12,XW,XWZ7,D1,2017-11-15,1510704000,426.5,427.75,418.25,421.5,119,125,147,141.0
90,-11,XW,XWZ7,D1,2017-11-16,1510790400,421.0,424.0,419.75,421.75,76,125,122,129.0
91,-10,XW,XWZ7,D1,2017-11-17,1510876800,421.75,428.0,421.75,426.0,120,0,276,182.0
92,-9,XW,XWZ7,D1,2017-11-20,1511136000,426.5,426.5,419.625,421.875,172,125,196,198.0
93,-8,XW,XWZ7,D1,2017-11-21,1511222400,421.375,428.875,420.5,424.375,100,125,128,200.0
94,-7,XW,XWZ7,D1,2017-11-22,1511308800,425.25,426.0,421.0,422.75,105,125,161,162.0
95,-6,XW,XWZ7,D1,2017-11-23,1511395200,422.75,422.75,422.75,422.75,4,3000,4,98.0
96,-5,XW,XWZ7,D1,2017-11-24,1511481600,421.0,421.625,412.75,416.0,58,125,95,87.0
52,-74,XW,XWH8,D1,2017-11-27,1511740800,434.125,434.125,427.75,427.875,98,125,137,72.0
53,-73,XW,XWH8,D1,2017-11-28,1511827200,429.0,430.5,424.5,428.375,154,125,207,139.0
54,-72,XW,XWH8,D1,2017-11-29,1511913600,429.875,435.625,429.75,434.0,158,125,209,184.0
55,-71,XW,XWH8,D1,2017-11-30,1512000000,435.0,439.0,430.875,431.75,151,125,264,227.0
56,-70,XW,XWH8,D1,2017-12-01,1512086400,432.875,439.25,432.0,439.25,88,125,97,190.0
57,-69,XW,XWH8,D1,2017-12-04,1512345600,439.5,442.625,434.875,434.875,115,125,140,167.0
58,-68,XW,XWH8,D1,2017-12-05,1512432000,434.5,436.375,431.125,433.0,84,125,109,115.0
59,-67,XW,XWH8,D1,2017-12-06,1512518400,432.25,432.5,424.625,425.875,114,125,128,126.0
60,-66,XW,XWH8,D1,2017-12-07,1512604800,425.25,426.0,419.625,421.0,135,125,157,131.0
61,-65,XW,XWH8,D1,2017-12-08,1512691200,421.25,423.75,417.875,418.0,103,125,140,142.0
62,-64,XW,XWH8,D1,2017-12-11,1512950400,417.75,418.5,410.875,413.125,213,125,279,192.0
63,-63,XW,XWH8,D1,2017-12-12,1513036800,413.5,418.625,410.75,412.5,199,125,271,230.0
64,-62,XW,XWH8,D1,2017-12-13,1513123200,411.5,417.125,411.5,415.875,100,125,119,223.0
65,-61,XW,XWH8,D1,2017-12-14,1513209600,415.0,420.625,415.0,418.375,107,125,136,175.0
66,-60,XW,XWH8,D1,2017-12-15,1513296000,420.25,421.25,415.375,418.25,108,125,139,131.0
1,-111,XW,XWK8,D1,2017-12-17,1513468800,426.25,426.25,426.25,426.25,2,12625,0,0.0
67,-59,XW,XWH8,D1,2017-12-18,1513555200,417.75,423.5,417.75,420.0,115,125,150,142.0
68,-58,XW,XWH8,D1,2017-12-19,1513641600,421.0,424.125,419.5,419.5,62,125,71,120.0
69,-57,XW,XWH8,D1,2017-12-20,1513728000,419.5,424.375,416.5,424.125,107,125,133,118.0
70,-56,XW,XWH8,D1,2017-12-21,1513814400,423.625,427.375,422.5,427.375,127,0,151,118.0
71,-55,XW,XWH8,D1,2017-12-22,1513900800,427.25,428.75,424.5,425.125,86,125,110,131.0
72,-54,XW,XWH8,D1,2017-12-25,1514160000,425.125,425.125,425.125,425.125,4,0,4,88.0
73,-53,XW,XWH8,D1,2017-12-26,1514246400,424.0,426.125,420.75,422.125,70,125,86,67.0
74,-52,XW,XWH8,D1,2017-12-27,1514332800,422.5,427.875,421.5,427.0,66,0,72,54.0
75,-51,XW,XWH8,D1,2017-12-28,1514419200,427.875,428.125,425.375,427.875,83,125,126,95.0
76,-50,XW,XWH8,D1,2017-12-29,1514505600,426.75,427.75,424.0,426.75,80,125,87,95.0
77,-49,XW,XWH8,D1,2018-01-01,1514764800,426.75,426.75,426.75,426.75,4,0,4,72.0
78,-48,XW,XWH8,D1,2018-01-02,1514851200,428.375,436.0,427.0,434.75,142,125,191,94.0
79,-47,XW,XWH8,D1,2018-01-03,1514937600,435.625,436.5,432.25,434.375,116,125,167,121.0
80,-46,XW,XWH8,D1,2018-01-04,1515024000,435.375,436.125,431.5,434.25,99,125,123,160.0
81,-45,XW,XWH8,D1,2018-01-05,1515110400,432.375,433.625,427.75,430.625,163,125,229,173.0
82,-44,XW,XWH8,D1,2018-01-08,1515369600,430.875,432.0,425.75,427.625,112,125,141,164.0
83,-43,XW,XWH8,D1,2018-01-09,1515456000,427.25,433.875,425.0,432.0,106,125,142,171.0
84,-42,XW,XWH8,D1,2018-01-10,1515542400,433.0,434.875,431.875,434.375,94,125,118,134.0
85,-41,XW,XWH8,D1,2018-01-11,1515628800,433.0,434.25,428.625,432.625,105,125,123,128.0
86,-40,XW,XWH8,D1,2018-01-12,1515715200,433.0,435.625,418.25,420.875,270,125,384,208.0
87,-39,XW,XWH8,D1,2018-01-14,1515888000,420.875,420.875,420.875,420.875,4,3125,4,170.0
88,-38,XW,XWH8,D1,2018-01-15,1515974400,420.875,420.875,420.875,420.875,4,0,4,131.0
89,-37,XW,XWH8,D1,2018-01-16,1516060800,420.5,423.0,413.5,416.25,144,125,178,62.0
90,-36,XW,XWH8,D1,2018-01-17,1516147200,416.625,423.0,416.5,420.0,102,125,123,102.0
91,-35,XW,XWH8,D1,2018-01-18,1516233600,422.5,425.375,422.0,425.125,94,125,119,140.0
92,-34,XW,XWH8,D1,2018-01-19,1516320000,425.375,427.125,421.75,423.25,99,125,153,132.0
93,-33,XW,XWH8,D1,2018-01-22,1516579200,426.5,427.375,423.25,426.125,60,0,75,116.0
94,-32,XW,XWH8,D1,2018-01-23,1516665600,425.75,425.75,420.0,421.625,86,125,95,108.0
95,-31,XW,XWH8,D1,2018-01-24,1516752000,421.125,433.375,421.125,433.375,166,125,193,121.0
96,-30,XW,XWH8,D1,2018-01-25,1516838400,434.625,439.0,429.625,435.0,174,0,206,165.0
97,-29,XW,XWH8,D1,2018-01-26,1516924800,435.0,444.75,434.5,440.75,201,125,267,222.0
98,-28,XW,XWH8,D1,2018-01-29,1517184000,443.75,450.0,443.75,450.0,268,125,381,285.0
99,-27,XW,XWH8,D1,2018-01-30,1517270400,452.0,458.25,450.0,457.75,245,0,405,351.0
100,-26,XW,XWH8,D1,2018-01-31,1517356800,457.375,458.5,447.75,451.625,197,125,249,345.0
101,-25,XW,XWH8,D1,2018-02-01,1517443200,452.0,452.0,443.625,451.0,196,125,290,315.0
102,-24,XW,XWH8,D1,2018-02-02,1517529600,450.125,450.125,445.25,445.625,73,125,111,217.0
103,-23,XW,XWH8,D1,2018-02-05,1517788800,445.0,446.5,437.625,441.25,166,0,228,210.0
104,-22,XW,XWH8,D1,2018-02-06,1517875200,441.75,447.5,438.875,447.125,152,125,229,189.0
105,-21,XW,XWH8,D1,2018-02-07,1517961600,448.0,461.625,448.0,460.5,305,125,455,304.0
106,-20,XW,XWH8,D1,2018-02-08,1518048000,460.5,464.0,451.625,456.625,245,125,367,350.0
107,-19,XW,XWH8,D1,2018-02-09,1518134400,454.625,455.5,448.5,451.375,112,125,152,325.0
108,-18,XW,XWH8,D1,2018-02-12,1518393600,451.625,465.25,451.375,463.25,290,125,368,296.0
109,-17,XW,XWH8,D1,2018-02-13,1518480000,463.0,467.0,459.0,459.0,160,125,216,245.0
110,-16,XW,XWH8,D1,2018-02-14,1518566400,459.0,460.625,453.625,455.0,131,0,161,248.0
111,-15,XW,XWH8,D1,2018-02-15,1518652800,455.0,463.0,452.5,461.75,179,125,280,219.0
112,-14,XW,XWH8,D1,2018-02-16,1518739200,462.75,464.25,456.75,458.0,102,0,177,206.0
113,-13,XW,XWH8,D1,2018-02-18,1518912000,458.0,458.0,458.0,458.0,1,1500,1,153.0
114,-12,XW,XWH8,D1,2018-02-19,1518998400,458.0,458.0,458.0,458.0,1,1500,1,60.0
115,-11,XW,XWH8,D1,2018-02-20,1519084800,458.5,463.0,449.625,449.625,122,125,156,53.0
116,-10,XW,XWH8,D1,2018-02-21,1519171200,450.0,451.0,445.75,447.5,116,125,232,130.0
117,-9,XW,XWH8,D1,2018-02-22,1519257600,446.0,451.375,445.0,451.25,60,250,73,154.0
118,-8,XW,XWH8,D1,2018-02-23,1519344000,453.375,456.0,451.0,452.375,64,125,83,129.0
48,-64,XW,XWK8,D1,2018-02-26,1519603200,466.625,476.75,466.625,473.25,143,125,193,101.0
49,-63,XW,XWK8,D1,2018-02-27,1519689600,475.125,478.75,473.75,476.875,107,125,178,144.0
50,-62,XW,XWK8,D1,2018-02-28,1519776000,476.5,499.5,476.5,495.0,302,125,401,257.0
51,-61,XW,XWK8,D1,2018-03-01,1519862400,494.0,516.5,489.625,516.0,338,125,536,372.0
52,-60,XW,XWK8,D1,2018-03-02,1519948800,513.0,517.0,493.625,499.75,167,125,313,417.0
53,-59,XW,XWK8,D1,2018-03-03,1520035200,499.75,499.75,499.75,499.75,1,5500,2,284.0
54,-58,XW,XWK8,D1,2018-03-04,1520121600,499.75,499.75,499.75,499.75,2,5500,4,106.0
55,-57,XW,XWK8,D1,2018-03-05,1520208000,505.0,510.25,495.25,507.5,134,0,195,67.0
56,-56,XW,XWK8,D1,2018-03-06,1520294400,505.625,507.0,495.625,506.0,111,0,156,118.0
57,-55,XW,XWK8,D1,2018-03-07,1520380800,503.75,509.625,495.25,497.375,200,125,337,229.0
58,-54,XW,XWK8,D1,2018-03-08,1520467200,497.0,502.25,490.625,494.125,223,125,419,304.0
59,-53,XW,XWK8,D1,2018-03-09,1520553600,499.0,499.0,486.5,487.375,162,125,253,336.0
60,-52,XW,XWK8,D1,2018-03-10,1520640000,487.375,487.375,487.375,487.375,4,0,20,231.0
61,-51,XW,XWK8,D1,2018-03-11,1520726400,487.375,487.375,487.375,487.375,3,0,15,96.0
62,-50,XW,XWK8,D1,2018-03-12,1520812800,491.0,492.875,483.375,490.875,113,0,148,61.0
63,-49,XW,XWK8,D1,2018-03-13,1520899200,492.375,497.375,484.5,485.375,172,125,240,134.0
64,-48,XW,XWK8,D1,2018-03-14,1520985600,484.75,490.0,483.25,488.625,119,125,169,186.0
65,-47,XW,XWK8,D1,2018-03-15,1521072000,489.625,492.625,476.0,478.5,140,125,206,205.0
66,-46,XW,XWK8,D1,2018-03-16,1521158400,478.875,481.875,467.125,467.625,141,125,194,190.0
67,-45,XW,XWK8,D1,2018-03-17,1521244800,467.625,467.625,467.625,467.625,3,0,6,135.0
68,-44,XW,XWK8,D1,2018-03-18,1521331200,467.625,467.625,467.625,467.625,2,0,4,68.0
69,-43,XW,XWK8,D1,2018-03-19,1521417600,462.875,465.875,450.5,452.375,302,0,443,151.0
70,-42,XW,XWK8,D1,2018-03-20,1521504000,452.125,457.375,451.375,453.5,148,125,213,220.0
71,-41,XW,XWK8,D1,2018-03-21,1521590400,454.375,457.0,446.875,457.0,173,0,238,298.0
72,-40,XW,XWK8,D1,2018-03-22,1521676800,453.5,460.0,451.5,456.5,158,125,256,236.0
73,-39,XW,XWK8,D1,2018-03-23,1521763200,456.125,461.625,446.375,460.0,188,125,278,257.0
74,-38,XW,XWK8,D1,2018-03-24,1521849600,460.0,460.0,460.0,460.0,4,0,4,179.0
75,-37,XW,XWK8,D1,2018-03-25,1521936000,460.0,460.0,460.0,460.0,2,6250,2,95.0
76,-36,XW,XWK8,D1,2018-03-26,1522022400,461.875,464.75,451.25,455.0,144,125,210,72.0
77,-35,XW,XWK8,D1,2018-03-27,1522108800,453.5,457.375,448.875,449.0,96,125,124,112.0
78,-34,XW,XWK8,D1,2018-03-28,1522195200,449.75,452.5,444.625,445.875,102,125,121,152.0
79,-33,XW,XWK8,D1,2018-03-29,1522281600,445.5,455.25,441.625,452.75,292,125,436,227.0
80,-32,XW,XWK8,D1,2018-03-30,1522368000,452.75,452.75,452.75,452.75,1,8500,1,186.0
81,-31,XW,XWK8,D1,2018-03-31,1522454400,452.75,452.75,452.75,452.75,3,0,3,147.0
82,-30,XW,XWK8,D1,2018-04-01,1522540800,452.75,452.75,452.75,452.75,2,8500,2,2.0
83,-29,XW,XWK8,D1,2018-04-02,1522627200,450.25,457.375,446.0,447.5,87,125,96,34.0
84,-28,XW,XWK8,D1,2018-04-03,1522713600,449.0,463.5,449.0,455.75,140,125,160,86.0
85,-27,XW,XWK8,D1,2018-04-04,1522800000,456.25,461.375,447.25,456.125,205,0,252,169.0
86,-26,XW,XWK8,D1,2018-04-05,1522886400,455.75,466.0,455.75,464.75,126,125,207,206.0
87,-25,XW,XWK8,D1,2018-04-06,1522972800,461.875,473.5,459.0,473.5,185,125,244,234.0
88,-24,XW,XWK8,D1,2018-04-07,1523059200,473.5,473.5,473.5,473.5,2,11750,4,152.0
89,-23,XW,XWK8,D1,2018-04-08,1523145600,473.5,473.5,473.5,473.5,2,0,4,84.0
90,-22,XW,XWK8,D1,2018-04-09,1523232000,477.0,493.5,474.25,493.0,225,0,305,104.0
91,-21,XW,XWK8,D1,2018-04-10,1523318400,489.875,493.25,482.625,489.0,251,0,397,235.0
92,-20,XW,XWK8,D1,2018-04-11,1523404800,490.75,491.5,483.25,487.0,86,125,127,276.0
93,-19,XW,XWK8,D1,2018-04-12,1523491200,485.0,485.0,474.875,482.75,112,125,136,220.0
94,-18,XW,XWK8,D1,2018-04-13,1523577600,480.0,480.0,469.75,470.875,83,125,150,138.0
95,-17,XW,XWK8,D1,2018-04-14,1523664000,470.875,470.875,470.875,470.875,3,11750,3,96.0
96,-16,XW,XWK8,D1,2018-04-15,1523750400,470.875,470.875,470.875,470.875,5,0,5,53.0
97,-15,XW,XWK8,D1,2018-04-16,1523836800,469.5,469.875,461.5,462.5,82,0,120,43.0
98,-14,XW,XWK8,D1,2018-04-17,1523923200,462.0,470.875,462.0,466.0,79,125,107,77.0
99,-13,XW,XWK8,D1,2018-04-18,1524009600,466.25,475.875,466.25,475.875,86,125,124,117.0
100,-12,XW,XWK8,D1,2018-04-19,1524096000,477.0,479.125,473.5,476.0,40,250,46,92.0
101,-11,XW,XWK8,D1,2018-04-20,1524182400,477.0,477.0,462.5,463.125,48,125,55,75.0
102,-10,XW,XWK8,D1,2018-04-22,1524355200,463.125,463.125,463.125,463.125,1,18500,1,34.0
103,-9,XW,XWK8,D1,2018-04-23,1524441600,461.0,466.625,458.875,461.5,4529,0,62,39.0
104,-8,XW,XWK8,D1,2018-04-24,1524528000,461.0,472.75,455.0,470.125,5526,0,54,39.0
105,-7,XW,XWK8,D1,2018-04-25,1524614400,473.875,488.0,473.0,488.0,36,0,64,60.0
106,-6,XW,XWK8,D1,2018-04-26,1524700800,481.875,491.5,478.5,488.125,42,125,85,68.0
107,-5,XW,XWK8,D1,2018-04-27,1524787200,481.75,495.875,481.75,495.875,34,125,56,68.0
108,-4,XW,XWK8,D1,2018-04-28,1524873600,495.875,495.875,495.875,495.875,1,116000,2,48.0
109,-3,XW,XWK8,D1,2018-04-29,1524960000,495.875,495.875,495.875,495.875,3,116000,6,21.0
110,-2,XW,XWK8,D1,2018-04-30,1525046400,506.25,517.125,506.25,516.0,7,0,7,5.0
1,-93,XW,XWU18,D1,2018-05-01,1525132800,528.0,544.0,528.0,544.0,7512,0,34,34.0
2,-92,XW,XWU18,D1,2018-05-02,1525219200,540.75,549.0,537.125,542.25,1012,0,20,27.0
3,-91,XW,XWU18,D1,2018-05-03,1525305600,538.125,553.0,538.0,553.0,13,0,17,24.0
4,-90,XW,XWU18,D1,2018-05-04,1525392000,550.25,551.0,541.0,541.75,7,0,11,16.0
5,-89,XW,XWU18,D1,2018-05-07,1525651200,530.0,530.0,528.25,528.75,4,0,4,11.0
6,-88,XW,XWU18,D1,2018-05-08,1525737600,528.0,531.5,528.0,531.5,3,0,2,6.0
7,-87,XW,XWU18,D1,2018-05-09,1525824000,525.0,527.25,525.0,527.25,2,0,1,2.0
8,-86,XW,XWU18,D1,2018-05-10,1525910400,527.75,527.75,518.0,523.0,8,0,10,4.0
9,-85,XW,XWU18,D1,2018-05-11,1525996800,516.0,519.25,515.75,515.75,3,0,2,4.0
10,-84,XW,XWU18,D1,2018-05-14,1526256000,514.0,514.0,508.0,508.0,2754,0,8,7.0
11,-83,XW,XWU18,D1,2018-05-15,1526342400,512.0,512.0,503.0,509.75,9,0,13,8.0
12,-82,XW,XWU18,D1,2018-05-16,1526428800,512.75,512.75,506.375,510.25,5,0,5,9.0
13,-81,XW,XWU18,D1,2018-05-17,1526515200,519.0,519.0,513.5,513.5,3,0,5,8.0
14,-163,XW,XWZ18,D1,2018-05-18,1526601600,541.0,555.125,541.0,554.75,760,0,21,9.0
15,-162,XW,XWZ18,D1,2018-05-21,1526860800,560.0,560.0,546.5,547.125,7,0,8,11.0
16,-161,XW,XWZ18,D1,2018-05-22,1526947200,560.0,565.5,559.125,559.75,1258,0,13,14.0
17,-77,XW,XWU18,D1,2018-05-23,1527033600,538.0,547.75,536.625,544.0,765,0,29,16.0
18,-76,XW,XWU18,D1,2018-05-24,1527120000,548.0,560.0,546.5,547.0,7781,0,54,32.0
19,-75,XW,XWU18,D1,2018-05-25,1527206400,548.0,561.375,547.875,560.25,266,0,23,35.0
20,-74,XW,XWU18,D1,2018-05-29,1527552000,565.0,570.0,551.0,553.5,20265,0,21,33.0
21,-73,XW,XWU18,D1,2018-05-30,1527638400,548.75,548.75,534.625,539.0,18,0,25,23.0
22,-72,XW,XWU18,D1,2018-05-31,1527724800,539.0,543.25,539.0,543.0,4,0,3,16.0
23,-71,XW,XWU18,D1,2018-06-01,1527811200,541.0,541.0,535.5,540.75,4,0,5,11.0
24,-70,XW,XWU18,D1,2018-06-04,1528070400,530.375,531.0,522.25,522.75,1515,0,20,9.0
25,-69,XW,XWU18,D1,2018-06-05,1528156800,527.125,535.0,527.125,527.5,11,0,12,12.0
26,-68,XW,XWU18,D1,2018-06-06,1528243200,529.625,548.0,529.625,537.5,1016,0,27,20.0
27,-67,XW,XWU18,D1,2018-06-07,1528329600,547.0,553.625,541.125,544.25,2021,0,31,23.0
28,-66,XW,XWU18,D1,2018-06-08,1528416000,540.0,543.875,535.0,541.0,11,0,20,26.0
29,-65,XW,XWU18,D1,2018-06-11,1528675200,535.0,536.25,528.5,530.75,384,0,12,21.0
30,-64,XW,XWU18,D1,2018-06-12,1528761600,536.125,551.0,535.0,550.0,266,0,27,20.0
31,-63,XW,XWU18,D1,2018-06-13,1528848000,550.0,550.0,532.75,533.875,1656,0,50,30.0
32,-62,XW,XWU18,D1,2018-06-14,1528934400,534.875,534.875,514.375,517.25,3652,0,37,38.0
33,-61,XW,XWU18,D1,2018-06-15,1529020800,520.0,522.0,504.0,513.5,7152,0,43,43.0
34,-60,XW,XWU18,D1,2018-06-18,1529280000,510.5,510.5,500.25,501.5,6138,0,29,36.0
35,-59,XW,XWU18,D1,2018-06-19,1529366400,505.0,505.0,479.875,489.5,5041,0,61,44.0
36,-58,XW,XWU18,D1,2018-06-20,1529452800,489.0,500.0,486.25,499.5,7536,0,71,54.0
37,-57,XW,XWU18,D1,2018-06-21,1529539200,499.375,509.5,493.5,506.5,10057,0,132,88.0
38,-56,XW,XWU18,D1,2018-06-22,1529625600,500.625,507.875,498.5,502.875,10050,0,109,104.0
39,-55,XW,XWU18,D1,2018-06-25,1529884800,503.5,503.5,487.375,490.25,20254,0,297,179.0
40,-54,XW,XWU18,D1,2018-06-26,1529971200,491.5,495.75,480.75,485.0,18257,0,359,255.0
41,-53,XW,XWU18,D1,2018-06-27,1530057600,483.0,491.375,482.0,488.75,14899,0,306,321.0
42,-52,XW,XWU18,D1,2018-06-28,1530144000,487.875,492.25,482.75,485.0,19002,0,270,312.0
43,-51,XW,XWU18,D1,2018-06-29,1530230400,483.625,508.75,483.25,499.125,71972,0,671,416.0
44,-50,XW,XWU18,D1,2018-07-02,1530489600,501.25,509.125,479.5,480.75,50718,0,612,518.0
45,-49,XW,XWU18,D1,2018-07-03,1530576000,480.0,492.25,477.0,491.0,32509,0,338,540.0
46,-48,XW,XWU18,D1,2018-07-05,1530748800,495.625,508.125,495.625,505.375,35024,0,448,466.0
47,-47,XW,XWU18,D1,2018-07-06,1530835200,502.0,515.375,498.125,511.125,36200,0,568,451.0
48,-46,XW,XWU18,D1,2018-07-09,1531094400,510.75,511.0,504.0,506.125,22767,0,333,450.0
49,-45,XW,XWU18,D1,2018-07-10,1531180800,506.0,507.5,487.875,490.375,27054,0,460,454.0
50,-44,XW,XWU18,D1,2018-07-11,1531267200,490.625,490.625,471.25,473.5,26122,0,343,379.0
51,-43,XW,XWU18,D1,2018-07-12,1531353600,472.0,487.75,472.0,484.0,48406,0,521,441.0
52,-42,XW,XWU18,D1,2018-07-13,1531440000,484.0,497.75,482.25,495.25,30173,0,453,439.0
53,-41,XW,XWU18,D1,2018-07-16,1531699200,495.25,497.5,487.25,488.75,15339,0,238,404.0
54,-40,XW,XWU18,D1,2018-07-17,1531785600,489.25,504.25,488.0,498.0,32178,0,510,400.0
55,-39,XW,XWU18,D1,2018-07-18,1531872000,498.5,504.875,492.375,493.75,11966,0,242,330.0
56,-38,XW,XWU18,D1,2018-07-19,1531958400,494.0,505.375,491.0,502.25,16106,0,238,330.0
57,-37,XW,XWU18,D1,2018-07-20,1532044800,503.25,519.75,503.25,514.625,25028,0,577,352.0
58,-36,XW,XWU18,D1,2018-07-23,1532304000,517.625,523.25,511.5,511.5,23410,0,375,397.0
59,-35,XW,XWU18,D1,2018-07-24,1532390400,511.0,516.0,505.0,510.75,15758,0,285,412.0
60,-34,XW,XWU18,D1,2018-07-25,1532476800,512.375,545.25,512.375,542.5,56753,0,793,484.0
61,-33,XW,XWU18,D1,2018-07-26,1532563200,545.375,553.5,532.5,534.625,41604,0,619,566.0
62,-32,XW,XWU18,D1,2018-07-27,1532649600,539.375,541.75,526.25,531.5,42550,0,489,634.0
63,-31,XW,XWU18,D1,2018-07-30,1532908800,533.0,551.75,532.75,544.875,46057,0,443,517.0
64,-30,XW,XWU18,D1,2018-07-31,1532995200,546.0,565.125,540.25,555.5,97082,0,863,598.0
65,-29,XW,XWU18,D1,2018-08-01,1533081600,553.0,565.75,551.5,559.25,39947,0,511,606.0
66,-28,XW,XWU18,D1,2018-08-02,1533168000,558.0,593.0,558.0,561.0,146975,0,926,767.0
67,-27,XW,XWU18,D1,2018-08-03,1533254400,560.5,567.5,554.5,557.5,32289,0,372,603.0
68,-26,XW,XWU18,D1,2018-08-06,1533513600,556.0,575.75,551.625,574.0,33650,0,358,552.0
69,-25,XW,XWU18,D1,2018-08-07,1533600000,574.0,586.125,564.25,568.0,37818,0,474,401.0
70,-24,XW,XWU18,D1,2018-08-08,1533686400,567.5,577.25,564.5,570.0,41016,0,389,407.0
71,-23,XW,XWU18,D1,2018-08-09,1533772800,569.75,573.25,562.0,564.5,17365,0,252,372.0
72,-22,XW,XWU18,D1,2018-08-10,1533859200,564.75,573.75,545.75,546.125,103971,0,837,493.0
73,-21,XW,XWU18,D1,2018-08-13,1534118400,544.5,552.0,531.125,536.875,44668,0,484,524.0
74,-20,XW,XWU18,D1,2018-08-14,1534204800,535.75,545.125,532.25,542.125,16362,0,301,541.0
75,-19,XW,XWU18,D1,2018-08-15,1534291200,542.5,542.5,528.5,532.375,12236,0,208,331.0
76,-18,XW,XWU18,D1,2018-08-16,1534377600,532.25,547.875,530.875,541.75,35498,0,377,295.0
77,-17,XW,XWU18,D1,2018-08-17,1534464000,542.0,563.25,534.25,562.5,62689,0,554,380.0
78,-16,XW,XWU18,D1,2018-08-20,1534723200,561.625,561.625,540.875,542.625,26106,0,294,408.0
79,-15,XW,XWU18,D1,2018-08-21,1534809600,542.5,542.5,525.0,527.25,10038,0,83,310.0
80,-14,XW,XWU18,D1,2018-08-22,1534896000,525.0,532.75,518.625,526.0,8419,0,84,154.0
81,-96,XW,XWZ18,D1,2018-08-23,1534982400,552.625,555.25,536.0,543.25,27977,0,252,211.0
82,-95,XW,XWZ18,D1,2018-08-24,1535068800,541.75,541.75,532.625,535.5,13211,0,223,234.0
83,-94,XW,XWZ18,D1,2018-08-27,1535328000,536.0,536.0,522.25,524.25,11617,0,215,230.0
84,-93,XW,XWZ18,D1,2018-08-28,1535414400,522.5,529.0,520.0,523.25,16098,0,215,218.0
85,-92,XW,XWZ18,D1,2018-08-29,1535500800,523.25,544.625,521.5,541.75,53662,0,502,311.0
86,-91,XW,XWZ18,D1,2018-08-30,1535587200,545.0,549.5,530.625,536.75,30020,0,420,379.0
87,-90,XW,XWZ18,D1,2018-08-31,1535673600,534.0,547.75,534.0,545.5,23631,0,350,424.0
88,-89,XW,XWZ18,D1,2018-09-04,1536019200,542.375,542.375,519.375,531.0,46792,0,384,385.0
89,-88,XW,XWZ18,D1,2018-09-05,1536105600,530.0,537.875,521.375,521.625,23608,0,241,325.0
90,-87,XW,XWZ18,D1,2018-09-06,1536192000,523.25,524.5,513.0,514.75,16882,0,304,310.0
91,-86,XW,XWZ18,D1,2018-09-07,1536278400,514.125,514.875,507.875,513.25,16470,0,219,255.0
92,-85,XW,XWZ18,D1,2018-09-09,1536451200,513.25,513.25,513.25,513.25,5,0,5,176.0
93,-84,XW,XWZ18,D1,2018-09-10,1536537600,513.875,529.25,508.375,528.0,233,125,268,164.0
94,-83,XW,XWZ18,D1,2018-09-11,1536624000,529.5,532.75,517.375,517.75,228,0,287,187.0
95,-82,XW,XWZ18,D1,2018-09-12,1536710400,519.75,528.5,500.375,506.125,487,125,595,383.0
96,-81,XW,XWZ18,D1,2018-09-13,1536796800,506.25,509.5,494.0,494.0,293,0,376,419.0
97,-80,XW,XWZ18,D1,2018-09-14,1536883200,497.0,514.75,496.25,511.0,305,125,392,454.0
98,-79,XW,XWZ18,D1,2018-09-15,1536969600,511.0,511.0,511.0,511.0,5,0,5,258.0
99,-78,XW,XWZ18,D1,2018-09-16,1537056000,511.0,511.0,511.0,511.0,3,0,3,133.0
100,-77,XW,XWZ18,D1,2018-09-17,1537142400,509.0,516.625,504.25,504.25,245,0,295,101.0
101,-76,XW,XWZ18,D1,2018-09-18,1537228800,505.5,514.0,505.5,511.25,183,0,199,166.0
102,-75,XW,XWZ18,D1,2018-09-19,1537315200,510.5,523.0,510.5,520.625,181,125,213,236.0
103,-74,XW,XWZ18,D1,2018-09-20,1537401600,522.625,525.125,516.375,522.375,199,125,232,215.0
104,-73,XW,XWZ18,D1,2018-09-21,1537488000,522.0,524.5,515.25,521.0,148,125,172,206.0
105,-72,XW,XWZ18,D1,2018-09-22,1537574400,521.0,521.0,521.0,521.0,2,0,2,135.0
106,-71,XW,XWZ18,D1,2018-09-23,1537660800,521.0,521.0,521.0,521.0,2,0,2,59.0
107,-70,XW,XWZ18,D1,2018-09-24,1537747200,521.5,531.0,520.25,526.625,246,125,281,95.0
108,-69,XW,XWZ18,D1,2018-09-25,1537833600,524.0,525.625,516.5,521.0,259,0,290,191.0
109,-68,XW,XWZ18,D1,2018-09-26,1537920000,520.75,526.75,517.0,517.875,164,0,187,253.0
110,-67,XW,XWZ18,D1,2018-09-27,1538006400,517.5,521.75,511.375,513.25,160,125,204,227.0
111,-66,XW,XWZ18,D1,2018-09-28,1538092800,513.5,517.75,505.875,510.625,311,125,364,252.0
112,-65,XW,XWZ18,D1,2018-09-29,1538179200,510.625,510.625,510.625,510.625,1,0,1,190.0
113,-64,XW,XWZ18,D1,2018-09-30,1538265600,510.625,510.625,510.625,510.625,2,0,2,122.0
114,-63,XW,XWZ18,D1,2018-10-01,1538352000,511.5,515.0,505.5,510.5,215,0,260,88.0
115,-62,XW,XWZ18,D1,2018-10-02,1538438400,509.75,524.0,505.375,520.75,321,0,403,222.0
116,-61,XW,XWZ18,D1,2018-10-03,1538524800,522.0,526.625,514.125,517.125,244,0,307,323.0
117,-60,XW,XWZ18,D1,2018-10-04,1538611200,515.25,520.5,513.75,518.0,154,0,186,299.0
13,-169,XW,XWK19,D1,2018-10-05,1538697600,550.25,550.25,550.25,550.25,1,0,119958,39986.0
119,-58,XW,XWZ18,D1,2018-10-06,1538784000,522.75,522.75,522.75,522.75,3,0,9,128.0
120,-57,XW,XWZ18,D1,2018-10-07,1538870400,522.75,522.75,522.75,522.75,2,0,6,68.0
14,-168,XW,XWK19,D1,2018-10-08,1538956800,544.25,544.25,541.5,541.5,2,0,1,39986.0
15,-167,XW,XWK19,D1,2018-10-09,1539043200,542.25,546.25,537.375,546.25,4,0,4,39988.0
123,-54,XW,XWZ18,D1,2018-10-10,1539129600,517.25,517.25,510.0,510.0,126,125,153,197.0
124,-53,XW,XWZ18,D1,2018-10-11,1539216000,511.0,521.125,506.5,507.0,296,125,404,259.0
125,-52,XW,XWZ18,D1,2018-10-12,1539302400,508.125,518.75,508.125,517.5,189,0,232,263.0
126,-51,XW,XWZ18,D1,2018-10-13,1539388800,517.5,517.5,517.5,517.5,1,0,1,212.0
127,-50,XW,XWZ18,D1,2018-10-14,1539475200,517.5,517.5,517.5,517.5,4,0,4,79.0
128,-49,XW,XWZ18,D1,2018-10-15,1539561600,519.0,525.625,515.25,525.625,220,125,321,109.0
129,-48,XW,XWZ18,D1,2018-10-16,1539648000,525.0,527.0,521.0,523.625,215,125,286,204.0
130,-47,XW,XWZ18,D1,2018-10-17,1539734400,524.0,524.0,516.0,516.0,197,125,248,285.0
131,-46,XW,XWZ18,D1,2018-10-18,1539820800,516.25,519.25,511.375,511.5,185,0,234,256.0
132,-45,XW,XWZ18,D1,2018-10-19,1539907200,512.5,518.375,511.125,513.5,173,0,250,244.0
133,-44,XW,XWZ18,D1,2018-10-20,1539993600,513.5,513.5,513.5,513.5,5,0,5,163.0
134,-43,XW,XWZ18,D1,2018-10-21,1540080000,513.5,513.5,513.5,513.5,1,0,1,85.0
135,-42,XW,XWZ18,D1,2018-10-22,1540166400,514.0,514.0,507.25,508.0,166,125,212,73.0
136,-41,XW,XWZ18,D1,2018-10-23,1540252800,508.0,511.25,505.375,505.75,202,0,275,163.0
137,-40,XW,XWZ18,D1,2018-10-24,1540339200,509.0,510.375,497.0,500.5,243,0,336,274.0
138,-39,XW,XWZ18,D1,2018-10-25,1540425600,500.5,500.5,486.5,486.5,238,125,357,323.0
139,-38,XW,XWZ18,D1,2018-10-26,1540512000,487.25,506.625,487.25,505.0,368,125,611,435.0
140,-37,XW,XWZ18,D1,2018-10-28,1540684800,505.0,505.0,505.0,505.0,2,0,4,324.0
141,-36,XW,XWZ18,D1,2018-10-29,1540771200,507.125,515.0,503.0,506.5,201,125,352,322.0
142,-35,XW,XWZ18,D1,2018-10-30,1540857600,504.25,507.625,497.125,499.5,136,125,216,191.0
143,-34,XW,XWZ18,D1,2018-10-31,1540944000,498.75,502.5,490.25,502.5,210,125,408,325.0
144,-33,XW,XWZ18,D1,2018-11-01,1541030400,501.625,509.375,501.625,506.375,211,0,328,317.0
145,-32,XW,XWZ18,D1,2018-11-02,1541116800,505.875,509.875,503.0,508.5,111,125,136,291.0
146,-31,XW,XWZ18,D1,2018-11-03,1541203200,508.5,508.5,508.5,508.5,1,0,1,155.0
147,-30,XW,XWZ18,D1,2018-11-04,1541289600,508.5,508.5,508.5,508.5,2,0,2,46.0
148,-29,XW,XWZ18,D1,2018-11-05,1541376000,510.375,512.875,503.875,507.5,165,125,236,80.0
149,-28,XW,XWZ18,D1,2018-11-06,1541462400,507.0,513.5,505.5,511.25,138,125,200,146.0
150,-27,XW,XWZ18,D1,2018-11-07,1541548800,511.75,514.125,506.625,506.625,163,125,229,222.0
151,-26,XW,XWZ18,D1,2018-11-08,1541635200,508.0,516.75,504.0,508.25,335,0,608,346.0
152,-25,XW,XWZ18,D1,2018-11-09,1541721600,506.375,507.75,501.0,501.75,180,125,265,367.0
153,-24,XW,XWZ18,D1,2018-11-10,1541808000,501.75,501.75,501.75,501.75,2,0,2,292.0
154,-23,XW,XWZ18,D1,2018-11-11,1541894400,501.75,501.75,501.75,501.75,3,4500,3,90.0
155,-22,XW,XWZ18,D1,2018-11-12,1541980800,502.125,520.375,501.875,518.75,352,0,657,221.0
156,-21,XW,XWZ18,D1,2018-11-13,1542067200,518.0,520.625,505.875,506.5,169,0,227,296.0
157,-20,XW,XWZ18,D1,2018-11-14,1542153600,507.5,510.25,501.25,502.5,117,125,152,345.0
158,-19,XW,XWZ18,D1,2018-11-15,1542240000,503.75,508.875,503.75,505.25,132,125,147,175.0
159,-18,XW,XWZ18,D1,2018-11-16,1542326400,505.875,508.5,502.75,506.75,86,0,106,135.0
160,-17,XW,XWZ18,D1,2018-11-17,1542412800,506.75,506.75,506.75,506.75,1,0,1,85.0
161,-16,XW,XWZ18,D1,2018-11-18,1542499200,506.75,506.75,506.75,506.75,2,5000,2,36.0
162,-15,XW,XWZ18,D1,2018-11-19,1542585600,509.875,510.0,496.375,497.25,112,125,132,45.0
163,-14,XW,XWZ18,D1,2018-11-20,1542672000,497.125,504.0,496.0,499.75,59,0,70,68.0
164,-13,XW,XWZ18,D1,2018-11-21,1542758400,500.5,503.875,497.25,501.25,38,125,45,82.0
165,-12,XW,XWZ18,D1,2018-11-22,1542844800,501.25,501.25,501.25,501.25,1,1125,1,39.0
166,-11,XW,XWZ18,D1,2018-11-23,1542931200,501.125,507.25,499.0,499.0,41,375,88,45.0
167,-10,XW,XWZ18,D1,2018-11-24,1543017600,499.0,499.0,499.0,499.0,2,8000,2,30.0
168,-9,XW,XWZ18,D1,2018-11-25,1543104000,499.0,499.0,499.0,499.0,1,0,1,30.0
169,-8,XW,XWZ18,D1,2018-11-26,1543190400,503.0,507.625,502.25,507.625,91,125,205,69.0
170,-7,XW,XWZ18,D1,2018-11-27,1543276800,507.0,509.75,497.0,501.25,61,125,94,100.0
100,-95,XW,XWH19,D1,2018-11-28,1543363200,507.25,513.125,505.5,511.0,125,125,148,129.0
101,-94,XW,XWH19,D1,2018-11-29,1543449600,513.0,514.25,506.125,507.625,137,0,172,158.0
102,-93,XW,XWH19,D1,2018-11-30,1543536000,506.5,519.0,506.5,517.625,179,125,207,176.0
103,-92,XW,XWH19,D1,2018-12-01,1543622400,517.625,517.625,517.625,517.625,1,0,1,127.0
104,-91,XW,XWH19,D1,2018-12-02,1543708800,517.625,517.625,517.625,517.625,3,7875,3,70.0
105,-90,XW,XWH19,D1,2018-12-03,1543795200,525.125,530.75,517.625,520.0,97,0,137,47.0
106,-89,XW,XWH19,D1,2018-12-04,1543881600,518.5,523.0,516.25,521.75,72,0,83,74.0
107,-88,XW,XWH19,D1,2018-12-05,1543968000,521.75,521.75,513.5,520.5,87,0,136,119.0
108,-87,XW,XWH19,D1,2018-12-06,1544054400,518.25,518.25,510.0,513.5,87,250,106,108.0
109,-86,XW,XWH19,D1,2018-12-07,1544140800,516.25,531.875,515.5,531.0,220,125,325,189.0
110,-85,XW,XWH19,D1,2018-12-08,1544227200,531.0,531.0,531.0,531.0,4,0,4,145.0
111,-84,XW,XWH19,D1,2018-12-09,1544313600,531.0,531.0,531.0,531.0,2,2000,2,110.0
112,-83,XW,XWH19,D1,2018-12-10,1544400000,530.25,531.0,524.875,524.875,110,0,129,45.0
113,-82,XW,XWH19,D1,2018-12-11,1544486400,525.875,528.75,517.625,521.0,130,125,173,101.0
114,-81,XW,XWH19,D1,2018-12-12,1544572800,522.0,528.5,522.0,526.5,101,125,151,151.0
115,-80,XW,XWH19,D1,2018-12-13,1544659200,528.25,538.5,527.875,536.125,237,125,330,218.0
116,-79,XW,XWH19,D1,2018-12-14,1544745600,536.125,537.5,528.0,530.5,150,125,207,229.0
117,-78,XW,XWH19,D1,2018-12-15,1544832000,530.5,530.5,530.5,530.5,1,0,7,181.0
118,-77,XW,XWH19,D1,2018-12-16,1544918400,530.5,530.5,530.5,530.5,1,13250,7,74.0
119,-76,XW,XWH19,D1,2018-12-17,1545004800,533.0,537.0,530.5,533.375,84,250,96,37.0
120,-75,XW,XWH19,D1,2018-12-18,1545091200,533.75,535.5,531.5,532.5,83,125,105,69.0
121,-74,XW,XWH19,D1,2018-12-19,1545177600,530.5,530.5,521.5,522.75,141,250,181,127.0
122,-73,XW,XWH19,D1,2018-12-20,1545264000,522.625,527.875,521.625,522.0,88,125,107,131.0
123,-72,XW,XWH19,D1,2018-12-21,1545350400,523.5,523.75,513.0,513.5,99,0,137,142.0
124,-71,XW,XWH19,D1,2018-12-22,1545436800,513.5,513.5,513.5,513.5,1,0,1,82.0
125,-70,XW,XWH19,D1,2018-12-23,1545523200,513.5,513.5,513.5,513.5,2,0,2,47.0
126,-69,XW,XWH19,D1,2018-12-24,1545609600,514.375,519.0,511.5,519.0,51,250,61,21.0
127,-68,XW,XWH19,D1,2018-12-26,1545782400,513.375,520.375,509.25,510.75,84,125,98,54.0
128,-67,XW,XWH19,D1,2018-12-27,1545868800,510.75,512.75,507.5,511.75,73,125,83,81.0
129,-66,XW,XWH19,D1,2018-12-28,1545955200,511.125,514.375,510.0,511.5,70,250,95,92.0
130,-65,XW,XWH19,D1,2018-12-29,1546041600,511.5,511.5,511.5,511.5,2,0,2,60.0
131,-64,XW,XWH19,D1,2018-12-30,1546128000,511.5,511.5,511.5,511.5,4,0,4,34.0
132,-63,XW,XWH19,D1,2018-12-31,1546214400,512.75,513.25,503.25,504.375,126,0,175,60.0
133,-62,XW,XWH19,D1,2019-01-02,1546387200,503.375,510.5,501.5,507.5,87,125,101,93.0
134,-61,XW,XWH19,D1,2019-01-03,1546473600,506.25,516.0,506.25,513.5,117,0,179,152.0
135,-60,XW,XWH19,D1,2019-01-04,1546560000,513.875,518.5,513.75,516.0,117,0,158,146.0
136,-59,XW,XWH19,D1,2019-01-05,1546646400,516.0,516.0,516.0,516.0,2,0,2,113.0
137,-58,XW,XWH19,D1,2019-01-06,1546732800,516.0,516.0,516.0,516.0,2,0,2,54.0
138,-57,XW,XWH19,D1,2019-01-07,1546819200,516.625,517.5,513.5,513.5,73,0,93,32.0
139,-56,XW,XWH19,D1,2019-01-08,1546905600,515.25,524.25,514.75,519.0,135,125,181,92.0
140,-55,XW,XWH19,D1,2019-01-09,1546992000,521.625,523.625,518.5,520.125,93,250,124,133.0
141,-54,XW,XWH19,D1,2019-01-10,1547078400,519.5,520.0,511.75,514.0,119,125,138,148.0
142,-53,XW,XWH19,D1,2019-01-11,1547164800,515.5,523.5,515.5,519.5,81,125,118,127.0
143,-52,XW,XWH19,D1,2019-01-12,1547251200,519.5,519.5,519.5,519.5,2,0,4,87.0
144,-51,XW,XWH19,D1,2019-01-13,1547337600,519.5,519.5,519.5,519.5,4,11000,8,43.0
145,-50,XW,XWH19,D1,2019-01-14,1547424000,524.0,524.0,513.25,514.75,83,125,101,38.0
146,-49,XW,XWH19,D1,2019-01-15,1547510400,515.125,518.0,508.25,511.0,125,0,142,84.0
147,-48,XW,XWH19,D1,2019-01-16,1547596800,512.25,515.75,511.5,513.0,69,250,77,107.0
148,-47,XW,XWH19,D1,2019-01-17,1547683200,512.0,522.125,509.75,517.5,123,125,135,118.0
149,-46,XW,XWH19,D1,2019-01-18,1547769600,520.0,522.0,515.5,516.75,90,125,112,108.0
150,-45,XW,XWH19,D1,2019-01-19,1547856000,516.75,516.75,516.75,516.75,1,0,1,83.0
151,-44,XW,XWH19,D1,2019-01-20,1547942400,516.75,516.75,516.75,516.75,6,17500,6,40.0
152,-43,XW,XWH19,D1,2019-01-22,1548115200,517.125,525.75,514.75,521.25,179,0,273,93.0
153,-42,XW,XWH19,D1,2019-01-23,1548201600,523.5,526.75,521.75,526.375,95,125,127,135.0
154,-41,XW,XWH19,D1,2019-01-24,1548288000,526.5,528.125,521.375,521.375,109,125,140,180.0
155,-40,XW,XWH19,D1,2019-01-25,1548374400,520.5,522.875,517.0,520.5,153,125,228,165.0
156,-39,XW,XWH19,D1,2019-01-26,1548460800,520.5,520.5,520.5,520.5,4,0,4,124.0
157,-38,XW,XWH19,D1,2019-01-27,1548547200,520.5,520.5,520.5,520.5,5,5500,5,79.0
158,-37,XW,XWH19,D1,2019-01-28,1548633600,519.125,523.5,515.75,518.25,70,125,102,37.0
159,-36,XW,XWH19,D1,2019-01-29,1548720000,517.875,521.625,511.0,513.25,160,125,224,110.0
160,-35,XW,XWH19,D1,2019-01-30,1548806400,513.5,517.5,511.625,517.5,119,125,175,167.0
161,-34,XW,XWH19,D1,2019-01-31,1548892800,517.5,520.125,513.25,515.0,129,125,169,189.0
162,-33,XW,XWH19,D1,2019-02-01,1548979200,516.875,526.5,515.25,523.75,160,250,217,187.0
163,-32,XW,XWH19,D1,2019-02-02,1549065600,523.75,523.75,523.75,523.75,1,8875,1,129.0
164,-31,XW,XWH19,D1,2019-02-03,1549152000,523.75,523.75,523.75,523.75,2,8875,2,73.0
165,-30,XW,XWH19,D1,2019-02-04,1549238400,524.375,529.0,522.0,522.5,89,125,96,33.0
166,-29,XW,XWH19,D1,2019-02-05,1549324800,524.75,528.125,521.0,527.25,80,250,94,64.0
167,-28,XW,XWH19,D1,2019-02-06,1549411200,526.125,531.375,521.25,524.25,105,125,128,106.0
168,-27,XW,XWH19,D1,2019-02-07,1549497600,524.5,525.0,511.25,511.25,137,0,217,146.0
169,-26,XW,XWH19,D1,2019-02-08,1549584000,514.25,522.0,513.75,517.375,149,125,221,189.0
170,-25,XW,XWH19,D1,2019-02-09,1549670400,517.375,517.375,517.375,517.375,3,0,3,147.0
171,-24,XW,XWH19,D1,2019-02-10,1549756800,517.375,517.375,517.375,517.375,2,3500,2,75.0
172,-23,XW,XWH19,D1,2019-02-11,1549843200,517.875,518.5,512.5,518.5,48,125,58,21.0
173,-22,XW,XWH19,D1,2019-02-12,1549929600,518.5,520.375,514.75,520.25,93,125,112,57.0
174,-21,XW,XWH19,D1,2019-02-13,1550016000,519.375,523.75,519.125,523.625,60,125,81,84.0
175,-20,XW,XWH19,D1,2019-02-14,1550102400,521.0,522.25,506.25,507.75,153,125,176,123.0
176,-19,XW,XWH19,D1,2019-02-15,1550188800,508.375,509.0,499.875,502.125,122,125,155,137.0
177,-18,XW,XWH19,D1,2019-02-17,1550361600,502.125,502.125,502.125,502.125,5,6000,10,114.0
178,-17,XW,XWH19,D1,2019-02-19,1550534400,502.75,504.875,488.25,488.25,113,125,156,107.0
179,-16,XW,XWH19,D1,2019-02-20,1550620800,490.25,493.5,475.75,479.0,134,125,222,129.0
180,-15,XW,XWH19,D1,2019-02-21,1550707200,480.0,491.0,480.0,484.875,34,0,54,144.0
181,-14,XW,XWH19,D1,2019-02-22,1550793600,487.5,492.0,484.5,485.25,32,125,44,107.0
119,-63,XW,XWK19,D1,2019-02-23,1550880000,488.625,488.625,488.625,488.625,1,0,1,56.0
120,-62,XW,XWK19,D1,2019-02-24,1550966400,488.625,488.625,488.625,488.625,3,6625,3,22.0
121,-61,XW,XWK19,D1,2019-02-25,1551052800,494.375,494.375,472.5,472.75,112,125,138,47.0
122,-60,XW,XWK19,D1,2019-02-26,1551139200,473.5,475.0,464.5,468.75,164,125,196,112.0
123,-59,XW,XWK19,D1,2019-02-27,1551225600,469.25,475.0,465.5,466.5,95,0,110,148.0
124,-58,XW,XWK19,D1,2019-02-28,1551312000,468.0,468.25,457.25,458.75,119,125,136,147.0
125,-57,XW,XWK19,D1,2019-03-01,1551398400,459.5,461.0,447.5,456.75,172,0,217,154.0
126,-56,XW,XWK19,D1,2019-03-02,1551484800,456.75,456.75,456.75,456.75,1,0,1,118.0
127,-55,XW,XWK19,D1,2019-03-03,1551571200,456.75,456.75,456.75,456.75,2,0,2,73.0
128,-54,XW,XWK19,D1,2019-03-04,1551657600,459.0,461.125,454.125,455.0,96,125,127,43.0
129,-53,XW,XWK19,D1,2019-03-05,1551744000,456.125,464.0,452.875,463.25,94,0,140,90.0
130,-52,XW,XWK19,D1,2019-03-06,1551830400,463.25,463.875,449.25,450.0,154,125,202,156.0
131,-51,XW,XWK19,D1,2019-03-07,1551916800,450.25,451.5,437.25,437.25,203,125,257,200.0
132,-50,XW,XWK19,D1,2019-03-08,1552003200,438.0,443.375,434.0,438.25,190,125,323,261.0
133,-49,XW,XWK19,D1,2019-03-09,1552089600,438.25,438.25,438.25,438.25,2,0,2,194.0
134,-48,XW,XWK19,D1,2019-03-10,1552176000,438.25,438.25,438.25,438.25,2,0,2,109.0
135,-47,XW,XWK19,D1,2019-03-11,1552262400,439.75,441.625,427.0,427.0,136,125,188,64.0
136,-46,XW,XWK19,D1,2019-03-12,1552348800,428.0,457.375,428.0,453.5,331,0,529,240.0
137,-45,XW,XWK19,D1,2019-03-13,1552435200,455.5,455.5,440.5,447.625,199,125,248,322.0
138,-44,XW,XWK19,D1,2019-03-14,1552521600,451.25,460.75,447.375,460.0,200,125,279,352.0
139,-43,XW,XWK19,D1,2019-03-15,1552608000,453.0,463.0,448.5,460.75,153,125,193,240.0
140,-42,XW,XWK19,D1,2019-03-16,1552694400,460.75,460.75,460.75,460.75,2,0,4,159.0
141,-41,XW,XWK19,D1,2019-03-17,1552780800,460.75,460.75,460.75,460.75,3,2375,6,68.0
142,-40,XW,XWK19,D1,2019-03-18,1552867200,463.0,463.5,454.75,457.25,101,125,122,44.0
143,-39,XW,XWK19,D1,2019-03-19,1552953600,459.25,461.75,454.0,458.5,75,125,88,72.0
144,-38,XW,XWK19,D1,2019-03-20,1553040000,458.25,465.125,456.375,461.5,101,125,126,112.0
145,-37,XW,XWK19,D1,2019-03-21,1553126400,464.25,467.0,458.5,466.375,144,125,223,146.0
146,-36,XW,XWK19,D1,2019-03-22,1553212800,463.5,473.5,461.0,465.375,155,125,251,200.0
147,-35,XW,XWK19,D1,2019-03-24,1553385600,465.375,465.375,465.375,465.375,2,8000,2,159.0
148,-34,XW,XWK19,D1,2019-03-25,1553472000,466.75,471.375,463.875,470.5,99,125,161,138.0
149,-33,XW,XWK19,D1,2019-03-26,1553558400,470.5,477.5,466.5,470.25,153,0,210,124.0
150,-32,XW,XWK19,D1,2019-03-27,1553644800,469.75,471.625,467.0,469.75,117,0,186,186.0
151,-31,XW,XWK19,D1,2019-03-28,1553731200,469.25,469.25,459.75,463.5,108,125,134,177.0
152,-30,XW,XWK19,D1,2019-03-29,1553817600,464.5,464.5,452.875,457.75,130,125,176,165.0
153,-29,XW,XWK19,D1,2019-03-30,1553904000,457.75,457.75,457.75,457.75,4,0,4,105.0
154,-28,XW,XWK19,D1,2019-03-31,1553990400,457.75,457.75,457.75,457.75,2,0,2,61.0
155,-27,XW,XWK19,D1,2019-04-01,1554076800,457.75,467.25,456.0,462.75,94,125,107,38.0
156,-26,XW,XWK19,D1,2019-04-02,1554163200,465.5,465.5,457.0,464.0,76,0,93,67.0
157,-25,XW,XWK19,D1,2019-04-03,1554249600,464.25,472.0,464.25,470.625,113,125,153,118.0
158,-24,XW,XWK19,D1,2019-04-04,1554336000,471.0,477.25,468.375,471.0,143,125,179,142.0
159,-23,XW,XWK19,D1,2019-04-05,1554422400,469.25,469.25,464.75,467.5,71,125,121,151.0
160,-22,XW,XWK19,D1,2019-04-06,1554508800,467.5,467.5,467.5,467.5,1,0,1,100.0
161,-21,XW,XWK19,D1,2019-04-07,1554595200,467.5,467.5,467.5,467.5,3,0,3,42.0
162,-20,XW,XWK19,D1,2019-04-08,1554681600,467.0,470.5,462.5,464.875,83,125,101,35.0
163,-19,XW,XWK19,D1,2019-04-09,1554768000,463.75,463.75,456.25,458.125,105,125,151,85.0
164,-18,XW,XWK19,D1,2019-04-10,1554854400,459.0,461.625,455.5,457.75,44,125,59,104.0
165,-17,XW,XWK19,D1,2019-04-11,1554940800,457.25,462.25,457.25,462.0,100,125,241,150.0
166,-16,XW,XWK19,D1,2019-04-12,1555027200,461.75,465.0,458.25,464.0,69,125,88,129.0
167,-15,XW,XWK19,D1,2019-04-13,1555113600,464.0,464.0,464.0,464.0,2,13875,2,110.0
168,-14,XW,XWK19,D1,2019-04-14,1555200000,464.0,464.0,464.0,464.0,4,13875,4,31.0
169,-13,XW,XWK19,D1,2019-04-15,1555286400,463.75,463.75,458.25,459.625,54,0,95,34.0
170,-12,XW,XWK19,D1,2019-04-16,1555372800,459.125,459.375,442.375,443.5,160,0,301,133.0
171,-11,XW,XWK19,D1,2019-04-17,1555459200,446.5,449.5,445.5,447.0,58,125,98,165.0
172,-10,XW,XWK19,D1,2019-04-18,1555545600,445.75,446.625,439.25,445.25,73,250,121,173.0
173,-9,XW,XWK19,D1,2019-04-19,1555632000,445.25,445.25,445.25,445.25,2,11000,2,74.0
96,-68,XW,XWN19,D1,2019-04-22,1555891200,446.25,446.25,440.875,441.5,83,0,111,66.0
97,-67,XW,XWN19,D1,2019-04-23,1555977600,441.75,447.0,439.125,444.5,94,0,151,89.0
98,-66,XW,XWN19,D1,2019-04-24,1556064000,444.75,444.75,436.0,438.75,104,125,153,138.0
99,-65,XW,XWN19,D1,2019-04-25,1556150400,437.75,443.875,434.75,440.5,120,0,161,155.0
100,-64,XW,XWN19,D1,2019-04-26,1556236800,438.875,445.5,438.875,441.0,99,0,128,147.0
101,-63,XW,XWN19,D1,2019-04-28,1556409600,441.0,441.0,441.0,441.0,2,0,2,97.0
102,-62,XW,XWN19,D1,2019-04-29,1556496000,439.75,446.25,433.625,434.0,140,125,210,113.0
103,-61,XW,XWN19,D1,2019-04-30,1556582400,434.0,434.375,426.375,428.5,177,125,267,160.0
104,-60,XW,XWN19,D1,2019-05-01,1556668800,428.5,437.375,428.0,435.875,145,125,245,241.0
105,-59,XW,XWN19,D1,2019-05-02,1556755200,437.5,448.75,435.875,444.25,154,0,224,245.0
106,-58,XW,XWN19,D1,2019-05-03,1556841600,445.5,447.75,436.0,437.0,91,125,133,201.0
107,-57,XW,XWN19,D1,2019-05-05,1557014400,437.0,437.0,437.0,437.0,2,0,2,120.0
108,-56,XW,XWN19,D1,2019-05-06,1557100800,428.125,439.5,428.125,437.75,174,0,291,142.0
109,-55,XW,XWN19,D1,2019-05-07,1557187200,438.875,442.25,431.625,439.75,130,125,157,150.0
110,-54,XW,XWN19,D1,2019-05-08,1557273600,440.25,443.0,434.5,438.0,66,125,87,178.0
111,-53,XW,XWN19,D1,2019-05-09,1557360000,438.625,438.625,427.0,427.0,138,125,155,133.0
112,-52,XW,XWN19,D1,2019-05-10,1557446400,429.625,434.5,411.875,422.25,169,0,288,177.0
113,-51,XW,XWN19,D1,2019-05-11,1557532800,422.25,422.25,422.25,422.25,1,0,1,148.0
114,-50,XW,XWN19,D1,2019-05-12,1557619200,422.25,422.25,422.25,422.25,3,10000,3,97.0
115,-49,XW,XWN19,D1,2019-05-13,1557705600,422.75,440.5,419.75,439.5,215,0,311,105.0
116,-48,XW,XWN19,D1,2019-05-14,1557792000,441.0,451.0,437.75,450.875,198,125,288,201.0
117,-47,XW,XWN19,D1,2019-05-15,1557878400,451.25,463.75,447.5,447.5,215,125,291,297.0
118,-46,XW,XWN19,D1,2019-05-16,1557964800,446.25,468.125,446.25,468.125,230,125,324,301.0
119,-45,XW,XWN19,D1,2019-05-17,1558051200,468.25,472.875,462.0,462.0,188,0,273,296.0
120,-44,XW,XWN19,D1,2019-05-18,1558137600,462.0,462.0,462.0,462.0,2,0,2,200.0
121,-43,XW,XWN19,D1,2019-05-19,1558224000,462.0,462.0,462.0,462.0,2,0,2,92.0
122,-42,XW,XWN19,D1,2019-05-20,1558310400,464.375,484.0,464.375,480.25,234,0,327,110.0
123,-41,XW,XWN19,D1,2019-05-21,1558396800,484.375,492.5,474.125,475.5,237,0,310,213.0
124,-40,XW,XWN19,D1,2019-05-22,1558483200,475.5,480.0,468.75,472.25,161,125,184,274.0
125,-39,XW,XWN19,D1,2019-05-23,1558569600,472.125,485.375,466.25,469.5,233,125,365,286.0
126,-38,XW,XWN19,D1,2019-05-24,1558656000,470.0,490.0,467.75,489.875,176,125,248,266.0
127,-37,XW,XWN19,D1,2019-05-26,1558828800,489.875,489.875,489.875,489.875,3,0,3,205.0
128,-36,XW,XWN19,D1,2019-05-28,1559001600,494.5,509.0,494.5,503.75,300,125,433,228.0
129,-35,XW,XWN19,D1,2019-05-29,1559088000,511.625,521.875,486.5,486.5,479,0,705,380.0
130,-34,XW,XWN19,D1,2019-05-30,1559174400,488.75,514.75,483.375,511.125,190,125,239,459.0
131,-33,XW,XWN19,D1,2019-05-31,1559260800,511.0,519.625,501.375,501.375,381,125,420,455.0
132,-32,XW,XWN19,D1,2019-06-01,1559347200,501.375,501.375,501.375,501.375,1,0,1,220.0
133,-31,XW,XWN19,D1,2019-06-02,1559433600,501.375,501.375,501.375,501.375,1,30125,1,141.0
134,-30,XW,XWN19,D1,2019-06-03,1559520000,502.125,522.875,502.125,520.0,428,0,485,162.0
135,-29,XW,XWN19,D1,2019-06-04,1559606400,525.0,527.75,501.5,505.375,467,125,559,348.0
136,-28,XW,XWN19,D1,2019-06-05,1559692800,508.25,508.25,486.0,486.0,424,0,449,498.0
137,-27,XW,XWN19,D1,2019-06-06,1559779200,489.75,512.5,488.0,511.75,413,125,475,494.0
138,-26,XW,XWN19,D1,2019-06-07,1559865600,511.5,512.5,502.5,503.5,268,125,299,408.0
139,-25,XW,XWN19,D1,2019-06-09,1560038400,503.5,503.5,503.5,503.5,3,5000,3,259.0
140,-24,XW,XWN19,D1,2019-06-10,1560124800,505.0,508.5,493.625,507.625,284,0,313,205.0
141,-23,XW,XWN19,D1,2019-06-11,1560211200,501.25,518.25,501.25,517.875,157,0,207,174.0
142,-22,XW,XWN19,D1,2019-06-12,1560297600,517.625,528.0,513.125,526.0,199,125,319,280.0
143,-21,XW,XWN19,D1,2019-06-13,1560384000,526.0,537.0,525.375,536.125,303,125,331,286.0
144,-20,XW,XWN19,D1,2019-06-14,1560470400,536.0,543.75,530.5,539.25,364,0,412,354.0
145,-19,XW,XWN19,D1,2019-06-15,1560556800,539.25,539.25,539.25,539.25,1,0,1,248.0
146,-18,XW,XWN19,D1,2019-06-16,1560643200,539.25,539.25,539.25,539.25,1,24000,1,138.0
147,-17,XW,XWN19,D1,2019-06-17,1560729600,540.875,549.0,537.25,538.375,399,125,476,159.0
148,-16,XW,XWN19,D1,2019-06-18,1560816000,538.5,540.75,525.0,530.0,454,0,550,342.0
149,-15,XW,XWN19,D1,2019-06-19,1560902400,530.25,530.25,515.0,517.0,182,125,219,415.0
150,-14,XW,XWN19,D1,2019-06-20,1560988800,519.25,528.75,517.5,526.75,61,250,83,284.0
151,-13,XW,XWN19,D1,2019-06-21,1561075200,524.125,529.625,523.5,524.25,83,0,144,149.0
96,-69,XW,XWU19,D1,2019-06-23,1561248000,529.0,529.0,529.0,529.0,2,0,2,83.0
97,-68,XW,XWU19,D1,2019-06-24,1561334400,526.375,544.0,526.375,543.0,141,125,185,126.0
98,-67,XW,XWU19,D1,2019-06-25,1561420800,544.25,548.75,539.0,541.0,204,0,255,147.0
99,-66,XW,XWU19,D1,2019-06-26,1561507200,538.0,547.75,536.25,547.125,187,0,221,220.0
100,-65,XW,XWU19,D1,2019-06-27,1561593600,546.25,556.5,542.125,544.25,275,125,322,266.0
101,-64,XW,XWU19,D1,2019-06-28,1561680000,545.875,553.75,522.5,526.5,456,0,591,378.0
102,-63,XW,XWU19,D1,2019-06-29,1561766400,526.5,526.5,526.5,526.5,1,0,5,306.0
54,-121,XW,XWZ19,D1,2019-07-01,1561939200,534.75,534.75,522.375,524.25,892,0,26,17.0
103,-62,XW,XWU19,D1,2019-07-02,1562025600,511.375,515.25,500.75,500.75,225,125,275,290.0
104,-61,XW,XWU19,D1,2019-07-03,1562112000,502.125,514.75,502.0,513.625,158,125,179,153.0
105,-60,XW,XWU19,D1,2019-07-04,1562198400,513.625,513.625,513.625,513.625,1,15000,1,152.0
106,-59,XW,XWU19,D1,2019-07-05,1562284800,514.0,516.875,504.875,515.625,133,250,170,117.0
107,-58,XW,XWU19,D1,2019-07-06,1562371200,515.625,515.625,515.625,515.625,1,0,1,57.0
108,-57,XW,XWU19,D1,2019-07-07,1562457600,515.625,515.625,515.625,515.625,2,12625,2,58.0
109,-56,XW,XWU19,D1,2019-07-08,1562544000,515.625,519.625,505.0,511.25,213,0,280,94.0
110,-55,XW,XWU19,D1,2019-07-09,1562630400,510.0,510.5,498.625,501.5,215,125,244,175.0
111,-54,XW,XWU19,D1,2019-07-10,1562716800,501.5,506.375,498.0,505.125,229,0,260,261.0
112,-53,XW,XWU19,D1,2019-07-11,1562803200,504.75,523.0,500.625,521.75,293,125,374,293.0
113,-52,XW,XWU19,D1,2019-07-12,1562889600,521.0,525.0,516.0,524.125,293,0,553,396.0
114,-51,XW,XWU19,D1,2019-07-13,1562976000,524.125,524.125,524.125,524.125,1,0,1,309.0
115,-50,XW,XWU19,D1,2019-07-14,1563062400,524.125,524.125,524.125,524.125,3,0,3,186.0
116,-49,XW,XWU19,D1,2019-07-15,1563148800,523.25,539.875,505.875,508.875,341,125,546,183.0
117,-48,XW,XWU19,D1,2019-07-16,1563235200,506.375,511.75,501.25,507.375,278,0,637,395.0
118,-47,XW,XWU19,D1,2019-07-17,1563321600,507.25,512.75,498.0,503.25,180,125,356,513.0
119,-46,XW,XWU19,D1,2019-07-18,1563408000,504.375,505.0,486.5,494.75,304,0,636,543.0
120,-45,XW,XWU19,D1,2019-07-19,1563494400,494.0,516.375,492.75,502.625,356,125,494,495.0
121,-44,XW,XWU19,D1,2019-07-20,1563580800,502.625,502.625,502.625,502.625,2,0,2,377.0
122,-43,XW,XWU19,D1,2019-07-21,1563667200,502.625,502.625,502.625,502.625,1,16375,1,166.0
123,-42,XW,XWU19,D1,2019-07-22,1563753600,503.375,503.875,487.25,487.375,211,125,354,119.0
124,-41,XW,XWU19,D1,2019-07-23,1563840000,488.25,494.75,483.5,486.875,188,125,315,223.0
125,-40,XW,XWU19,D1,2019-07-24,1563926400,487.125,498.375,484.25,496.625,205,125,434,368.0
126,-39,XW,XWU19,D1,2019-07-25,1564012800,495.375,507.25,490.0,499.5,261,0,538,429.0
127,-38,XW,XWU19,D1,2019-07-26,1564099200,500.0,503.25,494.375,495.875,117,125,178,383.0
128,-37,XW,XWU19,D1,2019-07-27,1564185600,495.875,495.875,495.875,495.875,2,0,2,239.0
129,-36,XW,XWU19,D1,2019-07-28,1564272000,495.875,495.875,495.875,495.875,4,0,4,61.0
130,-35,XW,XWU19,D1,2019-07-29,1564358400,495.875,507.0,493.0,502.5,303,125,529,178.0
131,-34,XW,XWU19,D1,2019-07-30,1564444800,502.5,503.25,495.0,497.0,223,125,483,339.0
132,-33,XW,XWU19,D1,2019-07-31,1564531200,495.625,502.5,484.75,486.375,269,0,512,508.0
133,-32,XW,XWU19,D1,2019-08-01,1564617600,486.75,490.0,472.125,478.625,469,0,895,630.0
134,-31,XW,XWU19,D1,2019-08-02,1564704000,479.625,497.0,475.5,494.875,419,125,839,749.0
135,-30,XW,XWU19,D1,2019-08-04,1564876800,494.875,494.875,494.875,494.875,3,0,3,579.0
136,-29,XW,XWU19,D1,2019-08-05,1564963200,490.0,494.875,478.5,494.0,416,125,689,510.0
137,-28,XW,XWU19,D1,2019-08-06,1565049600,493.0,498.5,482.75,483.625,266,0,407,366.0
138,-27,XW,XWU19,D1,2019-08-07,1565136000,483.875,490.0,477.375,489.125,327,125,654,583.0
139,-26,XW,XWU19,D1,2019-08-08,1565222400,488.625,502.25,484.0,497.875,310,125,592,551.0
140,-25,XW,XWU19,D1,2019-08-09,1565308800,498.0,505.0,493.0,497.25,694,125,1179,808.0
141,-24,XW,XWU19,D1,2019-08-11,1565481600,497.25,497.25,497.25,497.25,5,0,5,592.0
142,-23,XW,XWU19,D1,2019-08-12,1565568000,499.375,500.875,466.75,472.0,364,0,898,694.0
143,-22,XW,XWU19,D1,2019-08-13,1565654400,471.75,478.5,466.0,474.375,210,0,468,457.0
144,-21,XW,XWU19,D1,2019-08-14,1565740800,471.25,482.0,471.25,473.75,122,0,251,539.0
145,-20,XW,XWU19,D1,2019-08-15,1565827200,476.0,476.0,468.5,470.375,153,125,358,359.0
146,-19,XW,XWU19,D1,2019-08-16,1565913600,471.75,472.625,467.375,468.875,84,125,139,249.0
147,-18,XW,XWU19,D1,2019-08-17,1566000000,468.875,468.875,468.875,468.875,1,0,1,166.0
148,-17,XW,XWU19,D1,2019-08-18,1566086400,468.875,468.875,468.875,468.875,3,5000,3,48.0
149,-16,XW,XWU19,D1,2019-08-19,1566172800,469.75,470.0,463.625,463.625,128,125,223,76.0
150,-15,XW,XWU19,D1,2019-08-20,1566259200,465.75,468.625,457.375,459.625,109,125,131,119.0
151,-14,XW,XWU19,D1,2019-08-21,1566345600,459.5,461.125,456.5,461.125,55,0,76,143.0
100,-75,XW,XWZ19,D1,2019-08-22,1566432000,468.625,474.375,467.125,471.375,161,125,219,142.0
101,-74,XW,XWZ19,D1,2019-08-23,1566518400,471.25,478.25,466.0,477.25,166,125,236,203.0
102,-73,XW,XWZ19,D1,2019-08-25,1566691200,477.25,477.25,477.25,477.25,2,13250,2,152.0
103,-72,XW,XWZ19,D1,2019-08-26,1566777600,473.875,481.125,472.625,474.875,102,125,129,122.0
104,-71,XW,XWZ19,D1,2019-08-27,1566864000,473.5,479.25,472.75,477.625,85,125,95,75.0
105,-70,XW,XWZ19,D1,2019-08-28,1566950400,476.625,476.875,469.0,476.875,128,125,158,127.0
106,-69,XW,XWZ19,D1,2019-08-29,1567036800,475.75,476.875,471.0,471.0,153,125,238,164.0
107,-68,XW,XWZ19,D1,2019-08-30,1567123200,472.5,472.5,459.375,463.375,278,125,487,294.0
108,-67,XW,XWZ19,D1,2019-08-31,1567209600,463.375,463.375,463.375,463.375,1,0,2,242.0
109,-66,XW,XWZ19,D1,2019-09-01,1567296000,463.375,463.375,463.375,463.375,7,0,14,168.0
110,-65,XW,XWZ19,D1,2019-09-03,1567468800,462.0,462.5,450.875,454.875,258,125,543,186.0
111,-64,XW,XWZ19,D1,2019-09-04,1567555200,454.5,464.75,454.5,460.5,214,0,368,308.0
112,-63,XW,XWZ19,D1,2019-09-05,1567641600,460.0,469.5,460.0,466.75,164,0,272,394.0
113,-62,XW,XWZ19,D1,2019-09-06,1567728000,466.375,466.5,459.5,461.25,393,0,766,469.0
114,-61,XW,XWZ19,D1,2019-09-09,1567987200,461.25,475.875,460.25,474.0,337,125,665,568.0
115,-60,XW,XWZ19,D1,2019-09-10,1568073600,474.75,484.0,474.375,484.0,276,125,505,645.0
116,-59,XW,XWZ19,D1,2019-09-11,1568160000,481.875,486.0,475.0,477.375,210,125,432,534.0
117,-58,XW,XWZ19,D1,2019-09-12,1568246400,476.625,485.875,467.125,483.375,395,0,775,571.0
118,-57,XW,XWZ19,D1,2019-09-13,1568332800,485.125,490.625,481.625,483.875,251,125,436,548.0
119,-56,XW,XWZ19,D1,2019-09-16,1568592000,484.5,489.875,482.25,488.375,237,125,419,543.0
120,-55,XW,XWZ19,D1,2019-09-17,1568678400,487.125,487.125,480.625,484.375,289,0,541,465.0
121,-54,XW,XWZ19,D1,2019-09-18,1568764800,484.0,492.25,482.0,489.0,252,0,394,451.0
122,-53,XW,XWZ19,D1,2019-09-19,1568851200,489.25,491.5,484.0,487.125,209,125,388,441.0
123,-52,XW,XWZ19,D1,2019-09-20,1568937600,487.0,490.75,483.5,484.25,267,125,550,444.0
124,-51,XW,XWZ19,D1,2019-09-23,1569196800,485.25,488.5,476.75,480.375,976,0,7098,2679.0
125,-50,XW,XWZ19,D1,2019-09-24,1569283200,480.625,484.125,477.625,481.25,112,125,247,2632.0
126,-49,XW,XWZ19,D1,2019-09-25,1569369600,480.875,484.0,476.5,477.375,118,0,448,2598.0
127,-48,XW,XWZ19,D1,2019-09-26,1569456000,477.25,486.375,477.25,485.0,175,0,231,309.0
128,-47,XW,XWZ19,D1,2019-09-27,1569542400,485.5,490.375,483.5,487.875,145,125,199,293.0
129,-46,XW,XWZ19,D1,2019-09-30,1569801600,488.625,500.5,483.5,495.5,436,0,738,389.0
130,-45,XW,XWZ19,D1,2019-10-01,1569888000,495.75,499.125,490.0,495.0,195,0,275,404.0
131,-44,XW,XWZ19,D1,2019-10-02,1569974400,496.5,498.375,485.0,488.25,175,125,359,457.0
132,-43,XW,XWZ19,D1,2019-10-03,1570060800,487.875,492.5,485.5,488.75,149,125,290,308.0
133,-42,XW,XWZ19,D1,2019-10-04,1570147200,489.0,491.875,486.5,489.0,92,0,158,269.0
134,-41,XW,XWZ19,D1,2019-10-07,1570406400,492.0,494.0,489.0,489.0,77,0,103,184.0
135,-40,XW,XWZ19,D1,2019-10-08,1570492800,489.5,502.5,486.5,500.0,246,125,396,219.0
136,-39,XW,XWZ19,D1,2019-10-09,1570579200,501.25,506.125,497.5,501.25,239,125,652,384.0
137,-38,XW,XWZ19,D1,2019-10-10,1570665600,500.0,504.25,483.375,490.0,226,0,461,503.0
138,-37,XW,XWZ19,D1,2019-10-11,1570752000,490.75,512.0,490.75,508.125,341,0,777,630.0
139,-36,XW,XWZ19,D1,2019-10-14,1571011200,510.125,515.0,506.75,511.125,298,0,827,688.0
140,-35,XW,XWZ19,D1,2019-10-15,1571097600,509.375,510.0,504.5,506.875,144,0,227,610.0
141,-34,XW,XWZ19,D1,2019-10-16,1571184000,506.0,514.0,504.875,513.75,153,0,218,424.0
142,-33,XW,XWZ19,D1,2019-10-17,1571270400,513.0,527.0,513.0,525.5,235,125,446,297.0
143,-32,XW,XWZ19,D1,2019-10-18,1571356800,525.5,532.5,521.5,530.75,118,125,178,281.0
144,-31,XW,XWZ19,D1,2019-10-21,1571616000,531.125,534.75,523.0,523.0,133,0,197,274.0
145,-30,XW,XWZ19,D1,2019-10-22,1571702400,523.0,531.75,517.5,520.0,144,0,189,188.0
146,-29,XW,XWZ19,D1,2019-10-23,1571788800,518.5,523.625,516.0,519.0,107,125,256,214.0
147,-28,XW,XWZ19,D1,2019-10-24,1571875200,521.875,523.5,515.625,516.5,68,125,94,180.0
148,-27,XW,XWZ19,D1,2019-10-25,1571961600,517.5,522.25,514.75,515.5,76,125,103,151.0
149,-26,XW,XWZ19,D1,2019-10-28,1572220800,516.0,516.0,510.125,513.0,113,0,156,118.0
150,-25,XW,XWZ19,D1,2019-10-29,1572307200,512.25,515.5,508.25,510.0,106,125,119,126.0
151,-24,XW,XWZ19,D1,2019-10-30,1572393600,511.0,513.0,507.0,509.0,77,0,96,124.0
152,-23,XW,XWZ19,D1,2019-10-31,1572480000,509.625,511.875,501.5,508.5,114,125,172,129.0
153,-22,XW,XWZ19,D1,2019-11-01,1572566400,509.0,516.0,507.25,514.75,143,0,203,157.0
154,-21,XW,XWZ19,D1,2019-11-02,1572652800,514.75,514.75,514.75,514.75,3,0,3,126.0
155,-20,XW,XWZ19,D1,2019-11-04,1572825600,513.875,514.75,508.0,510.0,128,0,177,128.0
156,-19,XW,XWZ19,D1,2019-11-05,1572912000,510.25,515.5,509.0,515.5,91,125,138,106.0
157,-18,XW,XWZ19,D1,2019-11-06,1572998400,515.125,521.5,513.75,516.0,129,125,171,162.0
158,-17,XW,XWZ19,D1,2019-11-07,1573084800,517.75,519.5,511.0,513.25,136,125,198,169.0
159,-16,XW,XWZ19,D1,2019-11-08,1573171200,513.125,516.0,505.25,508.75,168,125,296,222.0
160,-15,XW,XWZ19,D1,2019-11-11,1573430400,508.625,510.0,503.625,503.625,52,125,93,196.0
161,-14,XW,XWZ19,D1,2019-11-12,1573516800,505.5,517.25,505.25,516.5,110,0,144,178.0
162,-13,XW,XWZ19,D1,2019-11-13,1573603200,515.0,515.5,507.25,508.625,69,0,81,106.0
163,-12,XW,XWZ19,D1,2019-11-14,1573689600,508.625,511.0,506.0,507.75,57,125,78,101.0
164,-11,XW,XWZ19,D1,2019-11-15,1573776000,507.75,508.25,501.5,501.5,64,0,100,86.0
165,-10,XW,XWZ19,D1,2019-11-18,1574035200,502.375,510.5,499.0,507.25,137,125,180,119.0
166,-9,XW,XWZ19,D1,2019-11-19,1574121600,507.0,515.5,506.75,512.0,91,125,206,162.0
167,-8,XW,XWZ19,D1,2019-11-20,1574208000,512.875,516.25,507.625,516.25,55,0,61,149.0
168,-7,XW,XWZ19,D1,2019-11-21,1574294400,516.0,519.0,508.75,509.0,66,125,75,114.0
113,-67,XW,XWH20,D1,2019-11-22,1574380800,511.125,522.0,511.125,520.125,68,125,86,91.0
114,-66,XW,XWH20,D1,2019-11-23,1574467200,520.125,520.125,520.125,520.125,1,0,1,66.0
115,-65,XW,XWH20,D1,2019-11-25,1574640000,519.5,534.0,519.5,532.25,208,125,488,192.0
116,-64,XW,XWH20,D1,2019-11-26,1574726400,531.5,532.75,526.0,531.125,141,125,294,261.0
117,-63,XW,XWH20,D1,2019-11-27,1574812800,531.875,532.875,526.375,526.5,134,125,365,382.0
118,-62,XW,XWH20,D1,2019-11-29,1574985600,527.75,545.5,527.75,542.0,185,125,356,338.0
119,-61,XW,XWH20,D1,2019-12-02,1575244800,541.0,543.0,534.5,537.0,104,125,166,296.0
120,-60,XW,XWH20,D1,2019-12-03,1575331200,538.5,540.5,525.0,526.0,175,125,355,292.0
121,-59,XW,XWH20,D1,2019-12-04,1575417600,525.5,529.25,522.25,527.25,80,125,109,210.0
122,-58,XW,XWH20,D1,2019-12-05,1575504000,525.5,529.875,523.0,523.75,78,0,110,191.0
123,-57,XW,XWH20,D1,2019-12-06,1575590400,524.125,526.0,519.25,524.5,95,125,128,116.0
124,-56,XW,XWH20,D1,2019-12-09,1575849600,523.5,526.25,520.5,522.25,52,125,61,100.0
125,-55,XW,XWH20,D1,2019-12-10,1575936000,523.875,527.875,519.0,523.0,104,125,133,107.0
126,-54,XW,XWH20,D1,2019-12-11,1576022400,523.125,523.25,516.625,519.25,111,0,219,138.0
127,-53,XW,XWH20,D1,2019-12-12,1576108800,516.5,534.375,516.5,530.75,112,0,145,166.0
128,-52,XW,XWH20,D1,2019-12-13,1576195200,533.875,536.25,526.0,532.625,216,125,428,264.0
129,-51,XW,XWH20,D1,2019-12-16,1576454400,532.75,556.5,532.75,549.25,240,125,355,309.0
130,-50,XW,XWH20,D1,2019-12-17,1576540800,550.375,557.5,546.5,554.25,151,125,174,319.0
131,-49,XW,XWH20,D1,2019-12-18,1576627200,553.25,554.75,545.5,547.125,162,125,229,253.0
132,-48,XW,XWH20,D1,2019-12-19,1576713600,548.0,552.75,544.25,545.625,87,125,112,172.0
133,-47,XW,XWH20,D1,2019-12-20,1576800000,545.875,549.0,538.75,540.75,190,125,327,223.0
134,-46,XW,XWH20,D1,2019-12-23,1577059200,542.125,545.5,539.25,540.0,71,125,85,175.0
135,-45,XW,XWH20,D1,2019-12-24,1577145600,539.875,544.75,538.125,538.125,60,125,87,166.0
136,-44,XW,XWH20,D1,2019-12-26,1577318400,540.875,552.0,540.875,551.0,102,125,151,108.0
137,-43,XW,XWH20,D1,2019-12-27,1577404800,552.125,560.75,550.0,557.5,203,125,336,191.0
138,-42,XW,XWH20,D1,2019-12-30,1577664000,559.125,564.5,552.0,555.25,208,125,376,288.0
139,-41,XW,XWH20,D1,2019-12-31,1577750400,554.25,559.75,553.75,559.5,88,125,96,269.0
140,-40,XW,XWH20,D1,2020-01-02,1577923200,559.875,567.25,558.625,559.875,154,125,315,262.0
141,-39,XW,XWH20,D1,2020-01-03,1578009600,562.625,562.625,551.625,555.375,136,125,183,198.0
142,-38,XW,XWH20,D1,2020-01-06,1578268800,553.875,557.875,546.625,551.25,110,125,160,219.0
143,-37,XW,XWH20,D1,2020-01-07,1578355200,550.875,551.375,545.625,551.375,97,125,169,171.0
144,-36,XW,XWH20,D1,2020-01-08,1578441600,549.25,555.625,545.75,553.25,97,125,157,162.0
145,-35,XW,XWH20,D1,2020-01-09,1578528000,555.875,563.5,554.125,560.5,153,125,263,196.0
146,-34,XW,XWH20,D1,2020-01-10,1578614400,561.375,568.125,556.25,564.0,178,0,306,242.0
147,-33,XW,XWH20,D1,2020-01-13,1578873600,562.875,565.625,559.375,561.75,104,0,166,245.0
148,-32,XW,XWH20,D1,2020-01-14,1578960000,560.125,573.0,559.75,568.375,198,0,299,257.0
149,-31,XW,XWH20,D1,2020-01-15,1579046400,568.625,578.75,568.625,574.75,209,0,382,282.0
150,-30,XW,XWH20,D1,2020-01-16,1579132800,573.125,573.25,559.875,566.0,219,0,306,329.0
151,-29,XW,XWH20,D1,2020-01-17,1579219200,566.0,572.5,564.875,571.0,147,0,242,310.0
152,-28,XW,XWH20,D1,2020-01-21,1579564800,573.0,582.5,565.75,582.25,234,125,420,323.0
153,-27,XW,XWH20,D1,2020-01-22,1579651200,581.5,592.75,574.75,577.25,248,0,476,379.0
154,-26,XW,XWH20,D1,2020-01-23,1579737600,576.5,582.5,576.0,580.25,116,125,151,349.0
155,-25,XW,XWH20,D1,2020-01-24,1579824000,581.0,581.0,569.5,571.0,141,125,197,275.0
156,-24,XW,XWH20,D1,2020-01-27,1580083200,569.0,574.0,560.0,574.0,234,125,319,222.0
157,-23,XW,XWH20,D1,2020-01-28,1580169600,573.0,576.5,566.0,568.25,121,0,169,228.0
158,-22,XW,XWH20,D1,2020-01-29,1580256000,571.25,573.0,561.0,561.0,145,0,172,220.0
159,-21,XW,XWH20,D1,2020-01-30,1580342400,563.625,563.625,550.25,559.0,246,125,416,252.0
160,-20,XW,XWH20,D1,2020-01-31,1580428800,562.5,566.25,552.5,552.5,142,125,231,273.0
161,-19,XW,XWH20,D1,2020-02-03,1580688000,551.625,556.0,546.75,556.0,202,125,306,318.0
162,-18,XW,XWH20,D1,2020-02-04,1580774400,555.125,564.25,553.375,558.375,184,125,242,260.0
163,-17,XW,XWH20,D1,2020-02-05,1580860800,559.125,563.5,555.75,561.5,130,0,146,231.0
164,-16,XW,XWH20,D1,2020-02-06,1580947200,563.0,565.625,555.875,557.25,140,125,176,188.0
165,-15,XW,XWH20,D1,2020-02-07,1581033600,559.0,562.5,553.125,560.75,126,0,158,160.0
166,-14,XW,XWH20,D1,2020-02-10,1581292800,558.75,560.5,549.875,549.875,107,125,162,165.0
167,-13,XW,XWH20,D1,2020-02-11,1581379200,551.5,551.5,538.75,539.75,216,0,290,203.0
168,-12,XW,XWH20,D1,2020-02-12,1581465600,540.625,548.5,538.5,545.25,164,125,311,254.0
169,-11,XW,XWH20,D1,2020-02-13,1581552000,548.5,550.25,541.5,544.0,172,125,427,343.0
170,-10,XW,XWH20,D1,2020-02-14,1581638400,546.0,548.0,543.0,544.75,58,125,73,270.0
171,-9,XW,XWH20,D1,2020-02-18,1581984000,548.375,570.25,548.375,567.0,246,125,378,293.0
172,-8,XW,XWH20,D1,2020-02-19,1582070400,564.25,565.75,553.5,565.75,110,125,131,194.0
173,-7,XW,XWH20,D1,2020-02-20,1582156800,566.5,567.25,558.625,558.625,36,125,51,187.0
106,-54,XW,XWK20,D1,2020-02-21,1582243200,560.25,567.75,551.0,552.75,117,0,196,115.0
107,-53,XW,XWK20,D1,2020-02-24,1582502400,551.0,551.0,533.0,536.0,157,125,204,156.0
108,-52,XW,XWK20,D1,2020-02-25,1582588800,536.0,539.5,528.5,536.75,151,125,285,228.0
109,-51,XW,XWK20,D1,2020-02-26,1582675200,537.0,540.0,533.0,535.75,120,125,272,254.0
110,-50,XW,XWK20,D1,2020-02-27,1582761600,532.25,533.375,524.875,524.875,118,0,254,270.0
111,-49,XW,XWK20,D1,2020-02-28,1582848000,524.375,526.25,513.0,523.0,199,0,595,374.0
112,-48,XW,XWK20,D1,2020-03-02,1583107200,522.125,528.125,517.0,524.0,81,125,145,331.0
113,-47,XW,XWK20,D1,2020-03-03,1583193600,525.0,533.75,521.75,525.25,72,125,113,284.0
114,-46,XW,XWK20,D1,2020-03-04,1583280000,525.125,525.25,517.375,518.875,106,125,216,158.0
115,-45,XW,XWK20,D1,2020-03-05,1583366400,520.25,523.0,515.0,518.25,81,125,106,145.0
116,-44,XW,XWK20,D1,2020-03-06,1583452800,517.25,520.0,510.125,512.75,148,0,391,238.0
117,-43,XW,XWK20,D1,2020-03-09,1583712000,510.5,522.75,505.75,522.75,280,125,625,374.0
118,-42,XW,XWK20,D1,2020-03-10,1583798400,519.875,526.0,514.75,521.5,160,125,327,448.0
119,-41,XW,XWK20,D1,2020-03-11,1583884800,522.25,525.0,512.25,513.5,164,125,390,447.0
120,-40,XW,XWK20,D1,2020-03-12,1583971200,511.0,511.0,498.125,505.375,375,125,1295,671.0
121,-39,XW,XWK20,D1,2020-03-13,1584057600,504.0,513.375,499.875,503.875,282,125,777,821.0
122,-38,XW,XWK20,D1,2020-03-16,1584316800,502.125,507.25,492.125,498.375,245,0,608,893.0
123,-37,XW,XWK20,D1,2020-03-17,1584403200,496.875,505.875,495.25,498.75,220,125,699,695.0
124,-36,XW,XWK20,D1,2020-03-18,1584489600,499.0,511.125,494.625,507.25,284,0,931,746.0
125,-35,XW,XWK20,D1,2020-03-19,1584576000,507.875,539.75,507.875,535.0,436,125,1002,877.0
126,-34,XW,XWK20,D1,2020-03-20,1584662400,534.5,546.75,533.125,536.25,383,0,1106,1013.0
127,-33,XW,XWK20,D1,2020-03-23,1584921600,539.25,563.5,537.625,562.375,534,125,1441,1183.0
128,-32,XW,XWK20,D1,2020-03-24,1585008000,562.0,562.0,549.875,557.75,385,125,1060,1202.0
129,-31,XW,XWK20,D1,2020-03-25,1585094400,561.0,583.25,557.375,581.625,561,125,1561,1354.0
130,-30,XW,XWK20,D1,2020-03-26,1585180800,579.5,581.75,564.75,568.75,413,125,1034,1218.0
131,-29,XW,XWK20,D1,2020-03-27,1585267200,569.0,587.0,563.75,575.5,462,0,1223,1273.0
132,-28,XW,XWK20,D1,2020-03-30,1585526400,580.0,580.875,562.625,570.0,399,125,1236,1164.0
133,-27,XW,XWK20,D1,2020-03-31,1585612800,568.875,575.0,564.125,567.625,403,125,1015,1158.0
134,-26,XW,XWK20,D1,2020-04-01,1585699200,567.5,571.25,547.0,550.5,412,125,1066,1106.0
135,-25,XW,XWK20,D1,2020-04-02,1585785600,552.5,553.25,538.5,542.25,352,125,747,943.0
136,-24,XW,XWK20,D1,2020-04-03,1585872000,544.625,556.625,543.375,554.0,292,0,567,793.0
137,-23,XW,XWK20,D1,2020-04-05,1586044800,554.0,554.0,554.0,554.0,1,13500,2,439.0
138,-22,XW,XWK20,D1,2020-04-06,1586131200,551.375,561.75,551.25,554.25,336,125,794,454.0
139,-21,XW,XWK20,D1,2020-04-07,1586217600,554.375,555.25,546.0,552.5,329,125,1013,603.0
140,-20,XW,XWK20,D1,2020-04-08,1586304000,550.375,554.125,545.0,552.5,282,125,841,883.0
141,-19,XW,XWK20,D1,2020-04-09,1586390400,548.25,560.5,547.125,560.5,286,125,854,903.0
142,-18,XW,XWK20,D1,2020-04-13,1586736000,561.25,564.5,552.25,552.25,286,125,952,882.0
143,-17,XW,XWK20,D1,2020-04-14,1586822400,555.125,556.125,545.5,545.5,248,125,1116,974.0
144,-16,XW,XWK20,D1,2020-04-15,1586908800,546.125,548.625,529.875,538.5,285,125,837,968.0
145,-15,XW,XWK20,D1,2020-04-16,1586995200,539.5,545.125,528.5,530.0,211,125,923,959.0
146,-14,XW,XWK20,D1,2020-04-17,1587081600,528.5,536.0,524.875,536.0,194,125,481,747.0
147,-13,XW,XWK20,D1,2020-04-20,1587340800,536.0,562.0,535.875,548.75,247,125,512,639.0
86,-57,XW,XWN20,D1,2020-04-21,1587427200,552.5,554.5,541.375,544.75,225,125,515,672.0
87,-56,XW,XWN20,D1,2020-04-22,1587513600,548.125,548.375,537.5,543.75,255,125,978,793.0
88,-55,XW,XWN20,D1,2020-04-23,1587600000,542.125,552.25,538.875,544.25,275,125,572,688.0
89,-54,XW,XWN20,D1,2020-04-24,1587686400,545.125,548.375,529.25,530.75,245,125,596,715.0
90,-53,XW,XWN20,D1,2020-04-25,1587772800,530.75,530.75,530.75,530.75,1,0,1,390.0
91,-52,XW,XWN20,D1,2020-04-27,1587945600,532.5,533.25,521.25,523.25,282,0,604,400.0
92,-51,XW,XWN20,D1,2020-04-28,1588032000,525.5,531.5,521.25,526.125,216,0,418,341.0
93,-50,XW,XWN20,D1,2020-04-29,1588118400,524.5,525.25,510.75,515.25,332,0,650,557.0
94,-49,XW,XWN20,D1,2020-04-30,1588204800,515.375,525.0,506.5,523.25,376,125,565,544.0
95,-48,XW,XWN20,D1,2020-05-01,1588291200,523.625,523.625,513.5,517.5,214,0,429,548.0
96,-47,XW,XWN20,D1,2020-05-04,1588550400,510.125,520.75,505.5,519.25,373,125,792,595.0
97,-46,XW,XWN20,D1,2020-05-05,1588636800,520.0,522.75,512.5,521.5,266,125,537,586.0
98,-45,XW,XWN20,D1,2020-05-06,1588723200,521.0,521.0,513.25,517.375,192,125,283,537.0
99,-44,XW,XWN20,D1,2020-05-07,1588809600,517.5,527.75,517.0,519.25,477,0,970,597.0
100,-43,XW,XWN20,D1,2020-05-08,1588896000,519.5,524.375,516.75,522.75,280,0,699,651.0
101,-42,XW,XWN20,D1,2020-05-11,1589155200,522.0,528.0,516.125,517.125,288,0,670,780.0
102,-41,XW,XWN20,D1,2020-05-12,1589241600,517.25,518.0,507.875,514.0,303,125,438,602.0
103,-40,XW,XWN20,D1,2020-05-13,1589328000,513.0,513.0,500.5,503.375,403,0,892,667.0
104,-39,XW,XWN20,D1,2020-05-14,1589414400,500.125,505.875,497.0,503.0,380,0,1090,807.0
105,-38,XW,XWN20,D1,2020-05-15,1589500800,502.875,508.0,496.25,499.75,286,125,632,871.0
106,-37,XW,XWN20,D1,2020-05-18,1589760000,501.125,502.0,494.125,495.5,309,125,685,802.0
107,-36,XW,XWN20,D1,2020-05-19,1589846400,495.75,507.0,483.0,498.375,287,0,653,657.0
108,-35,XW,XWN20,D1,2020-05-20,1589932800,500.125,517.625,496.375,516.375,552,0,1059,799.0
109,-34,XW,XWN20,D1,2020-05-21,1590019200,515.125,523.75,510.5,514.0,518,0,842,851.0
110,-33,XW,XWN20,D1,2020-05-22,1590105600,516.125,516.125,503.125,510.25,423,125,618,840.0
111,-32,XW,XWN20,D1,2020-05-26,1590451200,506.375,512.0,499.0,507.0,221,0,366,609.0
112,-31,XW,XWN20,D1,2020-05-27,1590537600,505.0,511.625,501.25,504.625,227,125,472,485.0
113,-30,XW,XWN20,D1,2020-05-28,1590624000,505.25,518.5,504.125,514.75,368,125,714,517.0
114,-29,XW,XWN20,D1,2020-05-29,1590710400,513.5,522.125,512.375,520.625,285,0,480,555.0
115,-28,XW,XWN20,D1,2020-05-30,1590796800,520.625,520.625,520.625,520.625,2,0,2,399.0
116,-27,XW,XWN20,D1,2020-05-31,1590883200,520.625,520.625,520.625,520.625,1,0,1,161.0
117,-26,XW,XWN20,D1,2020-06-01,1590969600,521.25,521.25,510.5,515.25,196,0,279,94.0
118,-25,XW,XWN20,D1,2020-06-02,1591056000,514.75,516.75,506.875,508.25,227,0,368,216.0
119,-24,XW,XWN20,D1,2020-06-03,1591142400,508.75,515.375,506.75,512.875,236,125,379,342.0
120,-23,XW,XWN20,D1,2020-06-04,1591228800,512.875,528.75,512.375,525.0,458,0,701,483.0
121,-22,XW,XWN20,D1,2020-06-05,1591315200,525.0,528.0,513.25,515.125,478,125,820,633.0
122,-21,XW,XWN20,D1,2020-06-08,1591574400,515.125,517.375,508.875,512.375,449,125,1032,851.0
123,-20,XW,XWN20,D1,2020-06-09,1591660800,511.75,514.0,500.625,502.5,371,0,745,866.0
124,-19,XW,XWN20,D1,2020-06-10,1591747200,504.125,509.125,502.875,505.875,251,125,553,777.0
125,-18,XW,XWN20,D1,2020-06-11,1591833600,508.0,508.0,497.5,497.5,262,0,468,589.0
126,-17,XW,XWN20,D1,2020-06-12,1591920000,499.0,504.625,495.25,499.75,349,125,600,540.0
127,-16,XW,XWN20,D1,2020-06-15,1592179200,500.75,505.375,497.625,502.5,185,0,495,521.0
128,-15,XW,XWN20,D1,2020-06-16,1592265600,506.25,507.375,491.0,495.75,313,0,460,518.0
129,-14,XW,XWN20,D1,2020-06-17,1592352000,494.125,495.625,487.125,490.5,257,125,409,455.0
130,-13,XW,XWN20,D1,2020-06-18,1592438400,488.375,492.0,480.375,485.25,208,125,406,425.0
131,-12,XW,XWN20,D1,2020-06-19,1592524800,483.375,485.375,477.0,481.375,150,125,350,388.0
132,-11,XW,XWN20,D1,2020-06-22,1592784000,484.0,485.125,478.0,484.625,116,125,180,312.0
133,-10,XW,XWN20,D1,2020-06-23,1592870400,485.0,488.625,463.875,486.0,80,125,109,213.0
92,-54,XW,XWU20,D1,2020-06-24,1592956800,488.0,492.0,485.0,485.0,122,125,190,161.0
93,-53,XW,XWU20,D1,2020-06-25,1593043200,484.0,491.375,480.0,485.75,157,125,202,182.0
94,-52,XW,XWU20,D1,2020-06-26,1593129600,487.75,489.0,471.625,475.875,246,125,349,247.0
95,-51,XW,XWU20,D1,2020-06-28,1593302400,475.875,475.875,475.875,475.875,1,0,1,184.0
96,-50,XW,XWU20,D1,2020-06-29,1593388800,475.5,491.0,475.0,486.5,247,0,384,245.0
97,-49,XW,XWU20,D1,2020-06-30,1593475200,486.0,498.0,481.375,492.0,392,0,485,290.0
98,-48,XW,XWU20,D1,2020-07-01,1593561600,491.875,499.625,488.875,498.375,336,125,478,449.0
99,-47,XW,XWU20,D1,2020-07-02,1593648000,497.125,498.75,488.75,492.125,240,125,331,431.0
100,-46,XW,XWU20,D1,2020-07-06,1593993600,492.5,496.25,487.625,490.875,242,125,316,375.0
101,-45,XW,XWU20,D1,2020-07-07,1594080000,493.125,500.0,489.625,496.0,293,125,432,360.0
102,-44,XW,XWU20,D1,2020-07-08,1594166400,495.25,517.0,495.0,515.25,548,0,786,511.0
103,-43,XW,XWU20,D1,2020-07-09,1594252800,517.0,531.0,516.0,525.75,575,125,849,689.0
104,-42,XW,XWU20,D1,2020-07-10,1594339200,524.375,538.625,520.5,534.875,561,125,759,798.0
105,-41,XW,XWU20,D1,2020-07-13,1594598400,527.0,535.25,523.0,523.625,389,0,481,696.0
106,-40,XW,XWU20,D1,2020-07-14,1594684800,523.625,533.375,522.5,527.375,252,125,322,521.0
107,-39,XW,XWU20,D1,2020-07-15,1594771200,526.375,551.5,526.375,549.5,460,0,637,480.0
108,-38,XW,XWU20,D1,2020-07-16,1594857600,549.375,551.125,534.0,534.0,427,0,539,499.0
109,-37,XW,XWU20,D1,2020-07-17,1594944000,534.25,539.75,531.25,536.25,335,125,532,569.0
110,-36,XW,XWU20,D1,2020-07-20,1595203200,534.5,535.0,517.5,521.5,421,125,672,581.0
111,-35,XW,XWU20,D1,2020-07-21,1595289600,521.25,531.5,518.625,525.625,304,0,432,545.0
112,-34,XW,XWU20,D1,2020-07-22,1595376000,527.0,539.0,523.5,533.25,407,125,693,599.0
113,-33,XW,XWU20,D1,2020-07-23,1595462400,534.125,535.625,527.25,530.0,212,125,319,481.0
114,-32,XW,XWU20,D1,2020-07-24,1595548800,531.625,543.375,530.625,539.625,302,125,381,464.0
115,-31,XW,XWU20,D1,2020-07-27,1595808000,538.375,538.375,526.125,526.5,293,125,376,359.0
116,-30,XW,XWU20,D1,2020-07-28,1595894400,528.125,529.75,519.25,522.125,278,0,374,377.0
117,-29,XW,XWU20,D1,2020-07-29,1595980800,523.25,533.0,523.25,532.875,255,125,396,382.0
118,-28,XW,XWU20,D1,2020-07-30,1596067200,532.0,534.75,525.25,528.25,181,125,261,344.0
119,-27,XW,XWU20,D1,2020-07-31,1596153600,529.0,535.25,529.0,530.25,177,0,227,295.0
120,-26,XW,XWU20,D1,2020-08-01,1596240000,530.25,530.25,530.25,530.25,5,0,5,164.0
121,-25,XW,XWU20,D1,2020-08-03,1596412800,528.875,528.875,517.0,522.25,217,0,264,165.0
122,-24,XW,XWU20,D1,2020-08-04,1596499200,518.5,518.5,506.25,506.25,253,0,343,204.0
77,-87,XW,XWZ20,D1,2020-08-05,1596585600,517.0,520.125,513.125,517.0,208,0,871,344.0
78,-86,XW,XWZ20,D1,2020-08-06,1596672000,515.0,520.0,508.5,509.625,126,125,169,380.0
79,-85,XW,XWZ20,D1,2020-08-07,1596758400,508.0,510.0,498.875,503.0,104,125,148,396.0
126,-20,XW,XWU20,D1,2020-08-10,1597017600,494.375,497.25,490.375,490.375,188,125,255,350.0
127,-19,XW,XWU20,D1,2020-08-11,1597104000,492.0,498.5,491.625,495.0,158,125,189,302.0
128,-18,XW,XWU20,D1,2020-08-12,1597190400,494.375,498.375,488.0,488.75,232,0,346,263.0
129,-17,XW,XWU20,D1,2020-08-13,1597276800,491.0,500.0,489.25,497.5,268,0,394,310.0
130,-16,XW,XWU20,D1,2020-08-14,1597363200,498.5,507.125,493.5,498.5,243,125,327,356.0
131,-15,XW,XWU20,D1,2020-08-17,1597622400,501.875,518.5,501.875,515.0,289,125,438,386.0
132,-14,XW,XWU20,D1,2020-08-18,1597708800,516.0,516.875,503.625,508.0,228,0,483,416.0
133,-13,XW,XWU20,D1,2020-08-19,1597795200,503.25,515.375,502.0,512.125,143,125,681,534.0
134,-12,XW,XWU20,D1,2020-08-20,1597881600,511.375,520.0,506.625,519.125,137,125,209,458.0
135,-11,XW,XWU20,D1,2020-08-21,1597968000,520.125,527.125,515.0,527.0,159,125,216,369.0
90,-74,XW,XWZ20,D1,2020-08-24,1598227200,535.75,540.75,524.0,528.0,434,125,1072,611.0
91,-73,XW,XWZ20,D1,2020-08-25,1598313600,529.875,542.125,528.25,535.75,294,125,418,641.0
92,-72,XW,XWZ20,D1,2020-08-26,1598400000,535.25,541.5,531.625,540.25,204,125,293,594.0
93,-71,XW,XWZ20,D1,2020-08-27,1598486400,539.5,552.0,539.25,550.0,389,125,631,447.0
94,-70,XW,XWZ20,D1,2020-08-28,1598572800,551.875,555.625,547.5,548.75,302,0,483,469.0
95,-69,XW,XWZ20,D1,2020-08-31,1598832000,548.75,560.0,548.5,552.125,461,125,829,648.0
96,-68,XW,XWZ20,D1,2020-09-01,1598918400,550.75,568.25,548.0,563.375,573,0,902,738.0
97,-67,XW,XWZ20,D1,2020-09-02,1599004800,563.375,565.75,554.625,558.0,302,125,444,725.0
98,-66,XW,XWZ20,D1,2020-09-03,1599091200,558.0,560.625,550.5,553.875,294,125,484,610.0
99,-65,XW,XWZ20,D1,2020-09-04,1599177600,552.625,556.125,546.125,552.0,248,125,352,427.0
100,-64,XW,XWZ20,D1,2020-09-08,1599523200,549.875,551.125,542.375,543.0,344,125,468,435.0
101,-63,XW,XWZ20,D1,2020-09-09,1599609600,543.25,549.0,541.25,544.125,221,0,289,370.0
102,-62,XW,XWZ20,D1,2020-09-10,1599696000,543.75,556.5,543.75,548.875,344,125,491,416.0
103,-61,XW,XWZ20,D1,2020-09-11,1599782400,549.125,552.375,539.625,542.375,369,125,479,420.0
104,-60,XW,XWZ20,D1,2020-09-14,1600041600,541.25,548.25,535.0,548.25,238,0,359,443.0
105,-59,XW,XWZ20,D1,2020-09-15,1600128000,543.0,546.875,533.875,538.375,271,0,346,395.0
106,-58,XW,XWZ20,D1,2020-09-16,1600214400,537.0,542.5,533.5,541.75,276,0,413,373.0
107,-57,XW,XWZ20,D1,2020-09-17,1600300800,540.75,557.125,537.375,556.25,461,0,665,475.0
108,-56,XW,XWZ20,D1,2020-09-18,1600387200,556.25,577.25,556.0,577.25,685,0,1116,731.0
109,-55,XW,XWZ20,D1,2020-09-21,1600646400,577.0,577.75,550.5,554.0,677,0,987,923.0
110,-54,XW,XWZ20,D1,2020-09-22,1600732800,554.75,566.875,550.75,559.0,555,0,732,945.0
111,-53,XW,XWZ20,D1,2020-09-23,1600819200,558.0,560.125,547.5,548.875,459,0,585,768.0
112,-52,XW,XWZ20,D1,2020-09-24,1600905600,546.25,554.375,541.0,550.75,588,125,811,709.0
113,-51,XW,XWZ20,D1,2020-09-25,1600992000,552.0,552.5,541.125,542.5,311,125,418,605.0
114,-50,XW,XWZ20,D1,2020-09-28,1601251200,542.5,551.5,537.625,549.875,516,125,709,646.0
115,-49,XW,XWZ20,D1,2020-09-29,1601337600,550.0,553.375,546.125,549.375,373,125,459,529.0
116,-48,XW,XWZ20,D1,2020-09-30,1601424000,548.25,586.625,547.375,575.75,1215,0,1423,864.0
117,-47,XW,XWZ20,D1,2020-10-01,1601510400,575.0,583.375,568.5,569.5,563,125,663,848.0
118,-46,XW,XWZ20,D1,2020-10-02,1601596800,568.25,576.375,561.5,572.75,528,125,586,891.0
119,-45,XW,XWZ20,D1,2020-10-05,1601856000,574.375,587.5,573.0,582.75,467,0,571,607.0
120,-44,XW,XWZ20,D1,2020-10-06,1601942400,584.25,601.75,579.75,589.75,790,0,945,701.0
121,-43,XW,XWZ20,D1,2020-10-07,1602028800,590.875,611.25,588.375,609.875,793,125,940,819.0
122,-42,XW,XWZ20,D1,2020-10-08,1602115200,609.0,616.875,593.5,596.625,874,125,1053,979.0
123,-41,XW,XWZ20,D1,2020-10-09,1602201600,595.625,606.625,588.5,590.25,1128,125,1355,1116.0
124,-40,XW,XWZ20,D1,2020-10-10,1602288000,590.25,590.25,590.25,590.25,1,0,3,804.0
125,-39,XW,XWZ20,D1,2020-10-11,1602374400,590.25,590.25,590.25,590.25,1,12750,3,454.0
126,-38,XW,XWZ20,D1,2020-10-12,1602460800,596.375,598.75,587.375,595.5,492,0,682,229.0
127,-37,XW,XWZ20,D1,2020-10-13,1602547200,597.0,603.75,590.875,592.75,398,125,536,407.0
128,-36,XW,XWZ20,D1,2020-10-14,1602633600,594.25,600.0,587.5,597.25,436,125,558,592.0
129,-35,XW,XWZ20,D1,2020-10-15,1602720000,597.25,620.25,597.0,619.125,809,0,1075,723.0
130,-34,XW,XWZ20,D1,2020-10-16,1602806400,616.5,630.375,615.5,623.375,939,0,1108,914.0
131,-33,XW,XWZ20,D1,2020-10-17,1602892800,623.375,623.375,623.375,623.375,1,0,1,728.0
132,-32,XW,XWZ20,D1,2020-10-19,1603065600,629.5,639.0,620.0,628.75,843,0,1006,705.0
133,-31,XW,XWZ20,D1,2020-10-20,1603152000,626.625,638.25,624.0,631.5,653,0,864,624.0
134,-30,XW,XWZ20,D1,2020-10-21,1603238400,631.875,637.25,629.0,629.875,459,125,557,809.0
135,-29,XW,XWZ20,D1,2020-10-22,1603324800,629.625,632.25,620.625,620.625,687,125,893,771.0
136,-28,XW,XWZ20,D1,2020-10-23,1603411200,621.875,636.75,619.625,636.75,590,0,720,723.0
137,-27,XW,XWZ20,D1,2020-10-26,1603670400,635.625,635.625,615.875,619.125,607,125,794,802.0
138,-26,XW,XWZ20,D1,2020-10-27,1603756800,618.25,627.25,605.5,607.25,510,0,691,735.0
139,-25,XW,XWZ20,D1,2020-10-28,1603843200,613.125,613.75,600.625,610.625,627,125,828,771.0
140,-24,XW,XWZ20,D1,2020-10-29,1603929600,610.5,611.125,598.375,604.875,452,125,596,705.0
141,-23,XW,XWZ20,D1,2020-10-30,1604016000,601.5,607.375,595.375,599.0,420,125,460,628.0
142,-22,XW,XWZ20,D1,2020-11-02,1604275200,594.75,609.125,591.0,605.75,559,125,727,594.0
143,-21,XW,XWZ20,D1,2020-11-03,1604361600,607.125,616.375,603.875,608.25,663,125,911,699.0
144,-20,XW,XWZ20,D1,2020-11-04,1604448000,606.0,610.25,597.625,604.75,449,125,636,758.0
145,-19,XW,XWZ20,D1,2020-11-05,1604534400,606.25,626.125,606.25,608.75,722,125,854,800.0
146,-18,XW,XWZ20,D1,2020-11-06,1604620800,607.875,615.25,601.75,603.75,407,125,482,657.0
147,-17,XW,XWZ20,D1,2020-11-09,1604880000,603.5,606.625,595.25,596.5,537,125,637,658.0
148,-16,XW,XWZ20,D1,2020-11-10,1604966400,596.5,613.875,594.25,607.875,604,125,669,596.0
149,-15,XW,XWZ20,D1,2020-11-11,1605052800,607.0,613.0,595.75,597.875,576,125,760,689.0
150,-14,XW,XWZ20,D1,2020-11-12,1605139200,597.5,598.25,585.5,585.5,588,0,733,721.0
151,-13,XW,XWZ20,D1,2020-11-13,1605225600,586.625,596.0,580.125,591.0,688,125,905,799.0
152,-12,XW,XWZ20,D1,2020-11-16,1605484800,595.5,601.0,586.0,599.0,808,125,1099,912.0
153,-11,XW,XWZ20,D1,2020-11-17,1605571200,598.375,603.125,592.625,595.25,656,125,959,988.0
154,-10,XW,XWZ20,D1,2020-11-18,1605657600,596.0,604.25,592.625,599.375,464,125,630,896.0
155,-9,XW,XWZ20,D1,2020-11-19,1605744000,597.0,599.75,589.75,590.75,202,125,310,633.0
110,-75,XW,XWH21,D1,2020-11-20,1605830400,597.125,604.375,560.25,560.375,478,125,814,398.0
111,-74,XW,XWH21,D1,2020-11-23,1606089600,597.75,610.125,597.75,605.25,569,125,834,634.0
112,-73,XW,XWH21,D1,2020-11-24,1606176000,605.0,618.375,599.125,616.75,588,125,651,766.0
113,-72,XW,XWH21,D1,2020-11-25,1606262400,617.0,622.625,592.75,592.75,930,125,1088,858.0
114,-71,XW,XWH21,D1,2020-11-27,1606435200,598.875,607.5,598.875,606.75,379,125,452,730.0
115,-70,XW,XWH21,D1,2020-11-30,1606694400,606.5,609.25,584.5,585.25,770,125,977,839.0
116,-69,XW,XWH21,D1,2020-12-01,1606780800,585.25,588.875,574.125,577.0,1092,125,1859,1096.0
117,-68,XW,XWH21,D1,2020-12-02,1606867200,577.25,592.25,574.875,588.75,752,125,977,1271.0
118,-67,XW,XWH21,D1,2020-12-03,1606953600,588.125,591.125,579.5,584.875,414,0,483,1106.0
119,-66,XW,XWH21,D1,2020-12-04,1607040000,584.0,585.375,575.0,575.0,360,125,412,624.0
120,-65,XW,XWH21,D1,2020-12-07,1607299200,574.375,579.75,565.75,575.125,495,0,662,519.0
121,-64,XW,XWH21,D1,2020-12-08,1607385600,576.625,577.625,569.75,570.125,310,125,370,481.0
122,-63,XW,XWH21,D1,2020-12-09,1607472000,570.0,584.875,567.25,583.0,498,0,560,531.0
123,-62,XW,XWH21,D1,2020-12-10,1607558400,586.75,599.5,583.75,598.5,713,125,888,606.0
124,-61,XW,XWH21,D1,2020-12-11,1607644800,597.875,619.0,590.625,619.0,983,0,1232,893.0
125,-60,XW,XWH21,D1,2020-12-12,1607731200,619.0,619.0,619.0,619.0,1,0,2,707.0
126,-59,XW,XWH21,D1,2020-12-14,1607904000,618.25,622.25,595.875,596.75,914,125,1666,967.0
127,-58,XW,XWH21,D1,2020-12-15,1607990400,597.25,605.875,594.375,600.125,454,125,489,719.0
128,-57,XW,XWH21,D1,2020-12-16,1608076800,600.625,607.625,589.875,597.625,615,125,731,962.0
129,-56,XW,XWH21,D1,2020-12-17,1608163200,599.125,610.25,599.125,609.125,485,125,675,632.0
130,-55,XW,XWH21,D1,2020-12-18,1608249600,611.875,614.25,604.75,610.75,401,125,482,629.0
131,-54,XW,XWH21,D1,2020-12-21,1608508800,608.75,612.375,597.0,611.75,448,125,577,578.0
132,-53,XW,XWH21,D1,2020-12-22,1608595200,614.75,619.625,603.5,615.625,683,125,822,627.0
133,-52,XW,XWH21,D1,2020-12-23,1608681600,617.375,633.75,611.0,631.5,748,125,930,776.0
134,-51,XW,XWH21,D1,2020-12-24,1608768000,628.75,633.875,623.625,627.5,430,125,477,743.0
135,-50,XW,XWH21,D1,2020-12-28,1609113600,628.5,630.125,607.25,614.625,738,125,851,753.0
136,-49,XW,XWH21,D1,2020-12-29,1609200000,613.75,623.25,612.125,620.0,386,125,425,584.0
137,-48,XW,XWH21,D1,2020-12-30,1609286400,619.875,643.25,614.625,640.5,1024,125,1201,826.0
138,-47,XW,XWH21,D1,2020-12-31,1609372800,639.0,645.0,632.625,645.0,559,125,753,793.0
139,-46,XW,XWH21,D1,2021-01-04,1609718400,644.5,650.375,634.25,642.625,845,0,1027,994.0
140,-45,XW,XWH21,D1,2021-01-05,1609804800,642.5,664.375,639.75,651.625,958,125,1306,1029.0
141,-44,XW,XWH21,D1,2021-01-06,1609891200,651.375,660.0,646.25,646.375,820,125,952,1095.0
142,-43,XW,XWH21,D1,2021-01-07,1609977600,646.875,647.625,638.625,645.375,505,125,571,943.0
143,-42,XW,XWH21,D1,2021-01-08,1610064000,643.5,649.25,634.125,641.5,697,125,860,794.0
144,-41,XW,XWH21,D1,2021-01-09,1610150400,641.5,641.5,641.5,641.5,1,0,1,477.0
145,-40,XW,XWH21,D1,2021-01-11,1610323200,638.0,651.125,628.5,636.125,678,125,805,555.0
146,-39,XW,XWH21,D1,2021-01-12,1610409600,634.875,669.875,634.5,666.0,921,0,1153,653.0
147,-38,XW,XWH21,D1,2021-01-13,1610496000,665.25,681.0,656.5,657.875,1020,125,1282,1080.0
148,-37,XW,XWH21,D1,2021-01-14,1610582400,658.375,673.25,651.75,671.625,708,0,846,1094.0
149,-36,XW,XWH21,D1,2021-01-15,1610668800,672.25,693.25,664.625,672.25,1128,125,1636,1255.0
150,-35,XW,XWH21,D1,2021-01-19,1611014400,683.5,691.25,669.125,672.875,771,125,914,1132.0
151,-34,XW,XWH21,D1,2021-01-20,1611100800,674.0,676.0,656.5,667.5,809,125,1036,1195.0
152,-33,XW,XWH21,D1,2021-01-21,1611187200,666.125,674.5,658.0,658.5,581,125,852,934.0
153,-32,XW,XWH21,D1,2021-01-22,1611273600,659.625,659.625,632.375,645.0,1023,125,1298,1062.0
154,-31,XW,XWH21,D1,2021-01-25,1611532800,638.125,650.875,625.5,649.875,892,125,1207,1119.0
155,-30,XW,XWH21,D1,2021-01-26,1611619200,646.0,667.75,641.75,665.875,911,0,1275,1260.0
156,-29,XW,XWH21,D1,2021-01-27,1611705600,665.0,672.5,653.0,655.625,797,0,1093,1192.0
157,-28,XW,XWH21,D1,2021-01-28,1611792000,657.25,664.375,643.75,648.25,850,0,1180,1183.0
158,-27,XW,XWH21,D1,2021-01-29,1611878400,645.0,664.5,643.75,661.75,625,0,784,1019.0
159,-26,XW,XWH21,D1,2021-01-30,1611964800,661.75,661.75,661.75,661.75,1,17000,1,655.0
160,-25,XW,XWH21,D1,2021-01-31,1612051200,661.75,661.75,661.75,661.75,1,17000,1,262.0
161,-24,XW,XWH21,D1,2021-02-01,1612137600,661.875,670.375,646.125,654.0,716,0,976,326.0
162,-23,XW,XWH21,D1,2021-02-02,1612224000,655.75,656.375,640.5,646.125,590,0,811,596.0
163,-22,XW,XWH21,D1,2021-02-03,1612310400,646.125,649.25,626.0,649.25,968,0,1342,1043.0
164,-21,XW,XWH21,D1,2021-02-04,1612396800,648.625,650.0,633.375,636.0,586,0,722,958.0
165,-20,XW,XWH21,D1,2021-02-05,1612483200,636.0,647.375,632.0,643.25,587,0,822,962.0
44,-74,XW,XWK21,D1,2021-02-07,1612656000,650.875,650.875,650.875,650.875,1,0,1,24.0
166,-19,XW,XWH21,D1,2021-02-08,1612742400,644.5,658.125,642.5,658.125,459,125,519,688.0
167,-18,XW,XWH21,D1,2021-02-09,1612828800,657.375,660.625,639.5,651.0,918,125,1076,806.0
168,-17,XW,XWH21,D1,2021-02-10,1612915200,647.125,647.125,627.125,635.375,575,0,698,764.0
169,-16,XW,XWH21,D1,2021-02-11,1613001600,635.125,644.75,631.625,631.625,463,125,524,766.0
170,-15,XW,XWH21,D1,2021-02-12,1613088000,632.125,642.875,632.125,635.5,338,125,392,538.0
171,-14,XW,XWH21,D1,2021-02-14,1613260800,635.5,635.5,635.5,635.5,3,10250,3,306.0
172,-13,XW,XWH21,D1,2021-02-16,1613433600,646.5,660.125,640.5,659.0,503,125,598,331.0
173,-12,XW,XWH21,D1,2021-02-17,1613520000,660.375,661.0,638.625,642.375,289,125,330,310.0
174,-11,XW,XWH21,D1,2021-02-18,1613606400,643.5,665.375,641.875,663.75,378,0,499,476.0
54,-64,XW,XWK21,D1,2021-02-19,1613692800,667.25,672.0,653.5,660.0,397,125,541,460.0
55,-63,XW,XWK21,D1,2021-02-20,1613779200,660.0,660.0,660.0,660.0,1,10500,1,341.0
56,-62,XW,XWK21,D1,2021-02-22,1613952000,657.5,671.25,656.0,669.0,367,125,455,332.0
57,-61,XW,XWK21,D1,2021-02-23,1614038400,672.0,672.625,661.625,672.0,437,125,566,341.0
58,-60,XW,XWK21,D1,2021-02-24,1614124800,671.125,688.0,668.25,684.75,753,0,941,654.0
59,-59,XW,XWK21,D1,2021-02-25,1614211200,683.25,685.75,666.0,675.125,1097,125,1367,958.0
60,-58,XW,XWK21,D1,2021-02-26,1614297600,674.0,674.0,656.75,656.75,577,125,705,1004.0
61,-57,XW,XWK21,D1,2021-03-01,1614556800,662.25,665.875,647.625,650.875,525,125,641,904.0
62,-56,XW,XWK21,D1,2021-03-02,1614643200,651.75,668.5,646.0,666.75,611,125,723,690.0
63,-55,XW,XWK21,D1,2021-03-03,1614729600,664.375,665.75,651.125,654.75,432,0,642,669.0
64,-54,XW,XWK21,D1,2021-03-04,1614816000,653.5,662.125,647.5,650.75,551,125,674,680.0
65,-53,XW,XWK21,D1,2021-03-05,1614902400,651.5,660.0,646.75,656.75,431,125,547,621.0
66,-52,XW,XWK21,D1,2021-03-07,1615075200,656.75,656.75,656.75,656.75,4,14875,4,408.0
67,-51,XW,XWK21,D1,2021-03-08,1615161600,660.25,662.0,639.5,648.125,470,125,653,401.0
68,-50,XW,XWK21,D1,2021-03-09,1615248000,646.5,657.5,644.375,657.0,329,125,431,363.0
69,-49,XW,XWK21,D1,2021-03-10,1615334400,657.0,657.0,641.625,652.625,290,125,372,485.0
70,-48,XW,XWK21,D1,2021-03-11,1615420800,650.25,655.625,639.125,643.625,336,125,409,404.0
71,-47,XW,XWK21,D1,2021-03-12,1615507200,643.0,645.625,636.5,636.5,236,125,304,362.0
72,-46,XW,XWK21,D1,2021-03-13,1615593600,636.5,636.5,636.5,636.5,1,5875,1,238.0
73,-45,XW,XWK21,D1,2021-03-15,1615766400,637.25,647.875,636.0,643.25,299,125,379,228.0
74,-44,XW,XWK21,D1,2021-03-16,1615852800,645.5,648.0,632.125,646.75,366,125,525,302.0
75,-43,XW,XWK21,D1,2021-03-17,1615939200,647.75,649.625,639.5,640.0,327,0,459,454.0
76,-42,XW,XWK21,D1,2021-03-18,1616025600,640.0,640.25,628.5,629.0,379,125,516,500.0
77,-41,XW,XWK21,D1,2021-03-19,1616112000,629.75,635.125,621.75,628.5,538,125,1029,668.0
78,-40,XW,XWK21,D1,2021-03-22,1616371200,623.75,630.75,621.375,627.125,289,125,378,641.0
79,-39,XW,XWK21,D1,2021-03-23,1616457600,629.0,644.375,621.375,634.0,521,125,639,682.0
80,-38,XW,XWK21,D1,2021-03-24,1616544000,635.0,638.625,624.0,624.0,360,125,477,498.0
81,-37,XW,XWK21,D1,2021-03-25,1616630400,622.125,623.25,609.25,611.75,496,0,631,582.0
82,-36,XW,XWK21,D1,2021-03-26,1616716800,612.375,618.75,599.75,599.75,332,125,442,517.0
83,-35,XW,XWK21,D1,2021-03-27,1616803200,599.75,599.75,599.75,599.75,1,5625,1,358.0
84,-34,XW,XWK21,D1,2021-03-29,1616976000,614.5,617.625,607.375,616.5,251,125,323,255.0
85,-33,XW,XWK21,D1,2021-03-30,1617062400,614.625,615.5,600.625,603.0,291,125,376,233.0
86,-32,XW,XWK21,D1,2021-03-31,1617148800,601.25,631.125,593.5,619.0,669,0,955,551.0
87,-31,XW,XWK21,D1,2021-04-01,1617235200,623.75,625.0,601.25,612.25,533,125,768,700.0
88,-30,XW,XWK21,D1,2021-04-03,1617408000,612.25,612.25,612.25,612.25,1,12000,4,576.0
89,-29,XW,XWK21,D1,2021-04-05,1617580800,607.5,624.875,607.5,617.625,270,125,393,388.0
90,-28,XW,XWK21,D1,2021-04-06,1617667200,621.5,627.625,614.0,615.25,345,0,454,284.0
91,-27,XW,XWK21,D1,2021-04-07,1617753600,615.75,619.5,609.625,616.0,314,125,415,421.0
92,-26,XW,XWK21,D1,2021-04-08,1617840000,617.75,631.75,616.25,630.125,404,0,502,457.0
93,-25,XW,XWK21,D1,2021-04-09,1617926400,629.75,646.75,627.0,637.0,471,125,591,503.0
94,-24,XW,XWK21,D1,2021-04-10,1618012800,637.0,637.0,637.0,637.0,4,12000,4,366.0
95,-23,XW,XWK21,D1,2021-04-11,1618099200,637.0,637.0,637.0,637.0,1,12000,1,199.0
81,-65,XW,XWN21,D1,2021-04-12,1618185600,639.875,640.5,625.625,631.375,333,0,1021,453.0
82,-64,XW,XWN21,D1,2021-04-13,1618272000,633.0,640.5,632.75,636.125,77,0,95,446.0
98,-20,XW,XWK21,D1,2021-04-14,1618358400,632.5,655.125,631.875,648.375,571,125,746,629.0
99,-19,XW,XWK21,D1,2021-04-15,1618444800,648.5,657.75,639.125,653.0,337,125,433,488.0
100,-18,XW,XWK21,D1,2021-04-16,1618531200,652.5,659.75,648.5,653.75,192,125,272,484.0
101,-17,XW,XWK21,D1,2021-04-18,1618704000,653.75,653.75,653.75,653.75,1,0,2,236.0
86,-60,XW,XWN21,D1,2021-04-19,1618790400,657.0,662.5,652.125,652.125,152,125,235,251.0
87,-59,XW,XWN21,D1,2021-04-20,1618876800,652.0,679.625,651.75,661.75,358,0,472,299.0
88,-58,XW,XWN21,D1,2021-04-21,1618963200,665.5,679.5,660.5,675.0,635,125,924,544.0
89,-57,XW,XWN21,D1,2021-04-22,1619049600,675.25,715.0,674.5,707.0,891,0,1295,897.0
90,-56,XW,XWN21,D1,2021-04-23,1619136000,709.5,716.25,701.375,713.25,655,125,959,1059.0
107,-11,XW,XWK21,D1,2021-04-25,1619308800,712.0,712.0,712.0,712.0,3,30375,3,204.0
91,-55,XW,XWN21,D1,2021-04-26,1619395200,713.875,745.75,713.875,738.25,1182,0,1822,1359.0
92,-54,XW,XWN21,D1,2021-04-27,1619481600,736.0,769.375,726.75,731.625,1482,0,2236,1672.0
93,-53,XW,XWN21,D1,2021-04-28,1619568000,731.75,741.0,711.25,718.125,1368,125,2040,2033.0
94,-52,XW,XWN21,D1,2021-04-29,1619654400,720.125,733.625,714.375,729.875,851,0,1285,1854.0
95,-51,XW,XWN21,D1,2021-04-30,1619740800,731.0,736.125,716.75,735.5,786,125,1244,1523.0
113,-5,XW,XWK21,D1,2021-05-01,1619827200,734.875,734.875,734.875,734.875,4,0,4,12.0
114,-4,XW,XWK21,D1,2021-05-02,1619913600,734.875,734.875,734.875,734.875,2,0,2,3.0
96,-50,XW,XWN21,D1,2021-05-03,1620000000,738.5,753.25,713.375,721.0,1111,125,1521,1350.0
97,-49,XW,XWN21,D1,2021-05-04,1620086400,722.5,733.0,716.25,723.25,734,0,1273,1346.0
98,-48,XW,XWN21,D1,2021-05-05,1620172800,728.875,746.125,718.375,746.125,651,0,1010,1268.0
99,-47,XW,XWN21,D1,2021-05-06,1620259200,746.0,755.75,732.0,753.625,849,125,1218,1167.0
100,-46,XW,XWN21,D1,2021-05-07,1620345600,754.0,767.25,745.875,761.0,979,125,1415,1214.0
101,-45,XW,XWN21,D1,2021-05-10,1620604800,754.75,760.125,727.5,727.5,767,0,1094,1242.0
102,-44,XW,XWN21,D1,2021-05-11,1620691200,727.5,749.0,723.0,743.125,720,125,1028,1179.0
103,-43,XW,XWN21,D1,2021-05-12,1620777600,744.875,750.375,724.25,729.625,595,0,829,984.0
104,-42,XW,XWN21,D1,2021-05-13,1620864000,733.375,734.0,690.75,706.0,928,125,1338,1065.0
105,-41,XW,XWN21,D1,2021-05-14,1620950400,703.375,724.0,700.0,706.0,1129,125,2274,1480.0
106,-40,XW,XWN21,D1,2021-05-17,1621209600,701.875,707.0,692.0,702.5,530,125,680,1431.0
107,-39,XW,XWN21,D1,2021-05-18,1621296000,702.75,717.625,692.875,697.875,652,125,856,1270.0
108,-38,XW,XWN21,D1,2021-05-19,1621382400,698.875,699.25,671.5,682.75,805,0,1140,892.0
109,-37,XW,XWN21,D1,2021-05-20,1621468800,683.0,687.75,672.25,675.625,546,125,792,929.0
110,-36,XW,XWN21,D1,2021-05-21,1621555200,672.125,677.5,665.875,670.5,500,125,661,864.0
111,-35,XW,XWN21,D1,2021-05-24,1621814400,667.0,667.875,653.25,664.25,664,125,948,800.0
112,-34,XW,XWN21,D1,2021-05-25,1621900800,664.375,667.75,648.0,656.25,536,125,768,792.0
113,-33,XW,XWN21,D1,2021-05-26,1621987200,657.5,658.0,639.875,647.625,511,125,785,834.0
114,-32,XW,XWN21,D1,2021-05-27,1622073600,648.0,679.625,648.0,675.25,770,0,1238,930.0
115,-31,XW,XWN21,D1,2021-05-28,1622160000,676.25,678.25,661.75,665.0,581,125,845,956.0
116,-30,XW,XWN21,D1,2021-06-01,1622505600,671.625,702.0,671.625,691.0,1058,125,1666,1250.0
117,-29,XW,XWN21,D1,2021-06-02,1622592000,691.0,702.0,682.0,687.0,499,125,677,1063.0
118,-28,XW,XWN21,D1,2021-06-03,1622678400,688.375,699.25,669.25,676.5,965,0,1650,1331.0
119,-27,XW,XWN21,D1,2021-06-04,1622764800,679.25,690.25,675.75,685.25,601,125,774,1034.0
120,-26,XW,XWN21,D1,2021-06-06,1622937600,685.25,685.25,685.25,685.25,1,10000,1,808.0
121,-25,XW,XWN21,D1,2021-06-07,1623024000,694.125,705.0,678.25,682.75,667,0,960,578.0
122,-24,XW,XWN21,D1,2021-06-08,1623110400,683.0,699.25,680.75,684.75,514,125,784,582.0
123,-23,XW,XWN21,D1,2021-06-09,1623196800,685.0,686.25,673.0,681.25,502,125,651,798.0
124,-22,XW,XWN21,D1,2021-06-10,1623283200,682.5,689.375,672.5,682.25,530,0,728,721.0
125,-21,XW,XWN21,D1,2021-06-11,1623369600,682.75,688.25,669.5,680.5,521,0,722,700.0
126,-20,XW,XWN21,D1,2021-06-14,1623628800,679.375,679.375,657.5,673.25,694,125,960,803.0
127,-19,XW,XWN21,D1,2021-06-15,1623715200,675.25,675.25,649.25,660.75,841,125,1303,995.0
128,-18,XW,XWN21,D1,2021-06-16,1623801600,662.75,672.625,658.375,663.25,548,125,854,1039.0
129,-17,XW,XWN21,D1,2021-06-17,1623888000,663.0,665.375,637.125,640.125,714,125,1038,1065.0
130,-16,XW,XWN21,D1,2021-06-18,1623974400,640.0,668.25,639.25,662.75,627,125,878,923.0
131,-15,XW,XWN21,D1,2021-06-20,1624147200,662.75,662.75,662.75,662.75,1,38250,1,639.0
90,-59,XW,XWU21,D1,2021-06-21,1624233600,660.5,675.875,649.5,664.75,370,0,547,541.0
91,-58,XW,XWU21,D1,2021-06-22,1624320000,671.0,676.5,654.625,654.625,389,0,504,352.0
92,-57,XW,XWU21,D1,2021-06-23,1624406400,657.5,672.375,657.25,661.375,351,125,483,511.0
93,-56,XW,XWU21,D1,2021-06-24,1624492800,662.5,662.5,645.0,651.0,395,0,538,508.0
94,-55,XW,XWU21,D1,2021-06-25,1624579200,650.25,657.375,636.75,636.875,470,125,586,536.0
95,-54,XW,XWU21,D1,2021-06-28,1624838400,639.25,659.125,639.25,649.0,546,125,674,599.0
96,-53,XW,XWU21,D1,2021-06-29,1624924800,654.125,663.5,643.875,643.875,544,125,703,654.0
97,-52,XW,XWU21,D1,2021-06-30,1625011200,644.75,688.875,633.0,681.25,997,0,1392,923.0
98,-51,XW,XWU21,D1,2021-07-01,1625097600,678.25,694.5,664.5,667.5,874,125,1282,1126.0
99,-50,XW,XWU21,D1,2021-07-02,1625184000,667.0,672.75,648.625,656.25,645,125,908,1194.0
100,-49,XW,XWU21,D1,2021-07-04,1625356800,656.25,656.25,656.25,656.25,3,9000,12,734.0
101,-48,XW,XWU21,D1,2021-07-06,1625529600,639.75,639.75,616.25,622.5,542,0,874,598.0
102,-47,XW,XWU21,D1,2021-07-07,1625616000,622.5,634.5,617.75,622.5,597,0,789,558.0
103,-46,XW,XWU21,D1,2021-07-08,1625702400,622.75,627.25,616.375,619.125,459,125,621,761.0
104,-45,XW,XWU21,D1,2021-07-09,1625788800,620.0,620.75,607.875,607.875,567,125,790,733.0
105,-44,XW,XWU21,D1,2021-07-11,1625961600,607.875,607.875,607.875,607.875,7,13000,14,475.0
106,-43,XW,XWU21,D1,2021-07-12,1626048000,613.25,645.875,611.0,642.625,747,125,1031,612.0
107,-42,XW,XWU21,D1,2021-07-13,1626134400,640.0,644.5,631.0,634.25,554,0,836,627.0
108,-41,XW,XWU21,D1,2021-07-14,1626220800,635.0,657.5,633.0,653.875,641,0,953,940.0
109,-40,XW,XWU21,D1,2021-07-15,1626307200,654.0,673.25,651.125,671.0,706,0,954,914.0
110,-39,XW,XWU21,D1,2021-07-16,1626393600,672.0,696.125,671.0,692.0,829,125,1264,1057.0
111,-38,XW,XWU21,D1,2021-07-19,1626652800,700.625,708.375,693.875,700.375,854,125,1171,1130.0
112,-37,XW,XWU21,D1,2021-07-20,1626739200,697.75,718.25,697.75,700.625,820,0,1105,1180.0
113,-36,XW,XWU21,D1,2021-07-21,1626825600,700.25,712.125,700.125,710.875,832,125,1343,1206.0
114,-35,XW,XWU21,D1,2021-07-22,1626912000,707.75,708.25,681.625,692.0,825,0,1098,1182.0
115,-34,XW,XWU21,D1,2021-07-23,1626998400,688.125,696.5,676.25,682.0,636,125,908,1116.0
116,-33,XW,XWU21,D1,2021-07-26,1627257600,683.5,684.0,666.5,679.125,513,125,672,893.0
117,-32,XW,XWU21,D1,2021-07-27,1627344000,681.0,690.0,672.0,673.375,609,0,775,785.0
118,-31,XW,XWU21,D1,2021-07-28,1627430400,673.5,696.625,673.5,687.0,607,125,774,740.0
119,-30,XW,XWU21,D1,2021-07-29,1627516800,691.25,707.0,690.75,705.0,548,125,739,763.0
120,-29,XW,XWU21,D1,2021-07-30,1627603200,704.75,711.0,694.75,701.0,640,125,885,799.0
121,-28,XW,XWU21,D1,2021-08-01,1627776000,701.0,701.0,701.0,701.0,2,8250,2,542.0
122,-27,XW,XWU21,D1,2021-08-02,1627862400,705.875,732.25,705.875,730.5,774,125,1051,646.0
123,-26,XW,XWU21,D1,2021-08-03,1627948800,729.0,734.75,718.0,724.75,738,0,1015,689.0
124,-25,XW,XWU21,D1,2021-08-04,1628035200,722.125,738.0,714.5,717.375,679,125,953,1006.0
125,-24,XW,XWU21,D1,2021-08-05,1628121600,715.0,725.0,709.5,712.5,531,125,670,879.0
126,-23,XW,XWU21,D1,2021-08-06,1628208000,711.375,724.5,670.0,670.0,538,0,775,799.0
127,-22,XW,XWU21,D1,2021-08-08,1628380800,670.0,670.0,670.0,670.0,1,5000,1,482.0
128,-21,XW,XWU21,D1,2021-08-09,1628467200,699.5,723.625,699.5,709.25,440,0,660,479.0
129,-20,XW,XWU21,D1,2021-08-10,1628553600,709.625,729.25,708.75,727.75,641,0,904,522.0
130,-19,XW,XWU21,D1,2021-08-11,1628640000,727.0,732.0,719.5,725.375,489,125,830,798.0
131,-18,XW,XWU21,D1,2021-08-12,1628726400,725.0,761.625,723.25,751.5,1025,0,1721,1152.0
132,-17,XW,XWU21,D1,2021-08-13,1628812800,751.5,774.625,747.75,758.125,900,0,1365,1305.0
133,-16,XW,XWU21,D1,2021-08-15,1628985600,758.125,758.125,758.125,758.125,2,25250,2,1029.0
134,-15,XW,XWU21,D1,2021-08-16,1629072000,761.5,769.625,757.625,760.625,526,125,787,718.0
135,-14,XW,XWU21,D1,2021-08-17,1629158400,762.0,763.875,732.375,734.75,651,0,889,559.0
136,-13,XW,XWU21,D1,2021-08-18,1629244800,734.125,740.875,721.625,735.875,304,125,406,694.0
137,-12,XW,XWU21,D1,2021-08-19,1629331200,734.875,734.875,716.25,725.125,311,125,431,575.0
88,-74,XW,XWZ21,D1,2021-08-20,1629417600,742.0,747.5,722.625,723.5,512,125,755,519.0
89,-73,XW,XWZ21,D1,2021-08-23,1629676800,725.0,745.75,724.25,734.0,435,125,585,620.0
90,-72,XW,XWZ21,D1,2021-08-24,1629763200,737.0,737.0,725.0,734.375,440,125,653,664.0
91,-71,XW,XWZ21,D1,2021-08-25,1629849600,732.5,734.0,718.375,725.375,611,125,760,666.0
92,-70,XW,XWZ21,D1,2021-08-26,1629936000,725.5,741.0,723.25,739.125,450,125,638,684.0
93,-69,XW,XWZ21,D1,2021-08-27,1630022400,741.5,745.25,731.75,733.25,488,125,631,676.0
94,-68,XW,XWZ21,D1,2021-08-30,1630281600,733.25,743.5,720.75,724.0,606,125,876,715.0
95,-67,XW,XWZ21,D1,2021-08-31,1630368000,724.0,726.25,706.75,725.0,701,125,920,809.0
96,-66,XW,XWZ21,D1,2021-09-01,1630454400,725.75,729.5,709.25,715.25,545,125,819,872.0
97,-65,XW,XWZ21,D1,2021-09-02,1630540800,713.375,720.875,705.5,716.25,382,125,532,757.0
98,-64,XW,XWZ21,D1,2021-09-03,1630627200,717.875,726.75,712.5,724.125,352,125,473,608.0
99,-63,XW,XWZ21,D1,2021-09-07,1630972800,725.5,733.375,713.75,720.25,386,125,522,509.0
100,-62,XW,XWZ21,D1,2021-09-08,1631059200,717.25,723.875,707.5,710.625,372,125,478,491.0
101,-61,XW,XWZ21,D1,2021-09-09,1631145600,709.875,710.125,691.625,692.625,514,125,706,569.0
102,-60,XW,XWZ21,D1,2021-09-10,1631232000,693.5,696.0,678.5,691.0,624,125,911,698.0
103,-59,XW,XWZ21,D1,2021-09-13,1631491200,689.125,690.875,679.25,684.0,494,125,1358,992.0
104,-58,XW,XWZ21,D1,2021-09-14,1631577600,686.875,701.25,685.625,700.875,393,125,571,947.0
105,-57,XW,XWZ21,D1,2021-09-15,1631664000,698.125,714.5,695.5,712.375,520,125,695,875.0
106,-56,XW,XWZ21,D1,2021-09-16,1631750400,712.375,716.25,705.0,712.25,439,125,606,624.0
107,-55,XW,XWZ21,D1,2021-09-17,1631836800,713.25,716.0,705.25,705.375,332,125,496,599.0
108,-54,XW,XWZ21,D1,2021-09-20,1632096000,708.125,710.125,695.75,700.625,436,125,623,575.0
109,-53,XW,XWZ21,D1,2021-09-21,1632182400,700.75,701.5,686.25,689.125,389,125,495,538.0
110,-52,XW,XWZ21,D1,2021-09-22,1632268800,688.75,707.125,688.5,706.625,413,125,582,567.0
111,-51,XW,XWZ21,D1,2021-09-23,1632355200,708.5,719.25,704.0,717.625,433,125,595,557.0
112,-50,XW,XWZ21,D1,2021-09-24,1632441600,718.375,725.625,711.875,720.75,515,125,689,622.0
113,-49,XW,XWZ21,D1,2021-09-27,1632700800,724.5,728.625,720.375,720.375,378,125,499,594.0
114,-48,XW,XWZ21,D1,2021-09-28,1632787200,723.0,726.625,706.0,708.375,557,125,712,633.0
115,-47,XW,XWZ21,D1,2021-09-29,1632873600,708.0,717.875,708.0,709.875,380,125,504,572.0
116,-46,XW,XWZ21,D1,2021-09-30,1632960000,710.25,732.25,699.125,725.0,779,125,1146,787.0
117,-45,XW,XWZ21,D1,2021-10-01,1633046400,725.5,758.875,722.25,757.0,714,125,954,868.0
118,-44,XW,XWZ21,D1,2021-10-04,1633305600,754.0,763.125,748.25,755.75,631,125,1456,1185.0
119,-43,XW,XWZ21,D1,2021-10-05,1633392000,756.0,756.875,743.75,746.0,518,125,715,1042.0
120,-42,XW,XWZ21,D1,2021-10-06,1633478400,744.5,757.0,741.75,744.375,472,125,681,951.0
121,-41,XW,XWZ21,D1,2021-10-07,1633564800,745.5,752.5,739.5,741.5,492,125,646,681.0
122,-40,XW,XWZ21,D1,2021-10-08,1633651200,738.75,746.0,732.25,732.25,373,125,485,604.0
123,-39,XW,XWZ21,D1,2021-10-11,1633910400,735.625,739.125,731.25,733.0,361,125,535,555.0
124,-38,XW,XWZ21,D1,2021-10-12,1633996800,731.375,743.75,718.125,737.875,836,125,1125,715.0
125,-37,XW,XWZ21,D1,2021-10-13,1634083200,736.25,737.75,712.75,718.5,639,125,872,844.0
126,-36,XW,XWZ21,D1,2021-10-14,1634169600,718.75,729.5,718.75,725.25,336,125,457,818.0
127,-35,XW,XWZ21,D1,2021-10-15,1634256000,724.875,740.25,722.25,732.25,482,125,666,665.0
128,-34,XW,XWZ21,D1,2021-10-18,1634515200,734.375,738.0,728.5,736.75,298,125,410,511.0
129,-33,XW,XWZ21,D1,2021-10-19,1634601600,736.5,745.125,735.0,738.125,423,125,558,545.0
130,-32,XW,XWZ21,D1,2021-10-20,1634688000,735.375,750.0,735.0,749.75,367,125,494,487.0
131,-31,XW,XWZ21,D1,2021-10-21,1634774400,749.875,754.0,738.0,741.5,443,0,664,572.0
132,-30,XW,XWZ21,D1,2021-10-22,1634860800,743.75,759.25,743.75,756.875,503,0,678,612.0
133,-29,XW,XWZ21,D1,2021-10-25,1635120000,758.5,766.75,753.5,759.0,405,125,616,653.0
134,-28,XW,XWZ21,D1,2021-10-26,1635206400,764.25,764.5,747.625,750.875,595,125,844,713.0
135,-27,XW,XWZ21,D1,2021-10-27,1635292800,750.375,762.5,745.0,760.5,541,125,761,740.0
136,-26,XW,XWZ21,D1,2021-10-28,1635379200,760.0,779.625,751.75,774.375,705,0,1013,873.0
137,-25,XW,XWZ21,D1,2021-10-29,1635465600,773.375,779.625,764.0,773.0,527,125,814,863.0
138,-24,XW,XWZ21,D1,2021-11-01,1635724800,772.625,800.0,769.0,798.5,843,125,1166,998.0
139,-23,XW,XWZ21,D1,2021-11-02,1635811200,799.0,807.125,790.25,790.375,721,125,1034,1005.0
140,-22,XW,XWZ21,D1,2021-11-03,1635897600,790.0,796.875,777.625,781.0,627,125,857,1019.0
141,-21,XW,XWZ21,D1,2021-11-04,1635984000,783.25,794.25,772.0,774.5,680,125,969,953.0
142,-20,XW,XWZ21,D1,2021-11-05,1636070400,773.25,781.625,765.75,767.875,408,0,588,805.0
143,-19,XW,XWZ21,D1,2021-11-08,1636329600,770.375,772.875,762.375,767.125,324,125,482,680.0
144,-18,XW,XWZ21,D1,2021-11-09,1636416000,768.375,783.0,764.125,782.0,483,125,708,593.0
145,-17,XW,XWZ21,D1,2021-11-10,1636502400,783.875,803.75,778.25,801.875,548,0,790,660.0
146,-16,XW,XWZ21,D1,2021-11-11,1636588800,802.75,824.125,799.0,812.5,744,125,975,824.0
147,-15,XW,XWZ21,D1,2021-11-12,1636675200,815.0,826.5,805.25,812.875,570,125,902,889.0
148,-14,XW,XWZ21,D1,2021-11-15,1636934400,819.875,829.375,813.5,826.5,499,125,733,870.0
149,-13,XW,XWZ21,D1,2021-11-16,1637020800,827.25,829.5,809.75,811.125,386,125,564,733.0
150,-12,XW,XWZ21,D1,2021-11-17,1637107200,812.625,834.5,809.875,825.25,550,125,814,704.0
151,-11,XW,XWZ21,D1,2021-11-18,1637193600,825.125,842.875,819.25,820.625,559,125,770,716.0
152,-10,XW,XWZ21,D1,2021-11-19,1637280000,820.0,830.5,813.5,824.0,249,125,349,644.0
153,-9,XW,XWZ21,D1,2021-11-22,1637539200,818.0,847.75,818.0,844.375,401,125,594,571.0
122,-69,XW,XWH22,D1,2021-11-23,1637625600,858.375,868.875,849.75,868.875,425,125,751,603.0
123,-68,XW,XWH22,D1,2021-11-24,1637712000,867.875,874.75,846.75,853.75,570,125,776,723.0
124,-67,XW,XWH22,D1,2021-11-26,1637884800,836.25,847.75,823.125,846.5,432,0,559,695.0
125,-66,XW,XWH22,D1,2021-11-29,1638144000,851.75,855.5,819.125,822.875,763,125,1102,812.0
126,-65,XW,XWH22,D1,2021-11-30,1638230400,824.75,824.75,782.375,786.75,1289,125,2506,1389.0
127,-64,XW,XWH22,D1,2021-12-01,1638316800,791.5,798.375,785.25,788.875,562,0,744,1451.0
128,-63,XW,XWH22,D1,2021-12-02,1638403200,789.25,820.25,789.25,816.875,642,125,887,1379.0
129,-62,XW,XWH22,D1,2021-12-03,1638489600,819.25,822.5,797.0,806.75,775,125,1155,929.0
130,-61,XW,XWH22,D1,2021-12-06,1638748800,812.0,812.0,788.5,807.5,542,125,747,930.0
131,-60,XW,XWH22,D1,2021-12-07,1638835200,808.875,813.625,798.125,810.125,501,125,670,857.0
132,-59,XW,XWH22,D1,2021-12-08,1638921600,808.875,811.25,791.0,795.5,572,125,778,732.0
133,-58,XW,XWH22,D1,2021-12-09,1639008000,795.125,795.125,770.0,777.5,787,0,998,815.0
134,-57,XW,XWH22,D1,2021-12-10,1639094400,777.5,788.0,768.0,784.25,583,125,779,852.0
135,-56,XW,XWH22,D1,2021-12-13,1639353600,783.25,794.25,775.875,787.125,536,125,742,840.0
136,-55,XW,XWH22,D1,2021-12-14,1639440000,787.5,791.875,777.75,786.375,433,125,587,703.0
137,-54,XW,XWH22,D1,2021-12-15,1639526400,788.875,788.875,751.125,753.5,956,125,1277,869.0
138,-53,XW,XWH22,D1,2021-12-16,1639612800,756.25,773.625,751.5,766.875,667,125,861,908.0
139,-52,XW,XWH22,D1,2021-12-17,1639699200,768.75,780.625,764.75,774.75,495,125,677,938.0
140,-51,XW,XWH22,D1,2021-12-20,1639958400,777.25,781.5,758.625,776.0,573,125,781,773.0
141,-50,XW,XWH22,D1,2021-12-21,1640044800,778.75,799.375,772.5,797.125,543,125,710,723.0
142,-49,XW,XWH22,D1,2021-12-22,1640131200,797.375,816.875,791.75,814.375,683,125,983,825.0
143,-48,XW,XWH22,D1,2021-12-23,1640217600,813.5,820.375,808.125,816.25,598,0,1462,1052.0
144,-47,XW,XWH22,D1,2021-12-27,1640563200,817.375,824.25,802.5,804.25,555,125,711,1052.0
145,-46,XW,XWH22,D1,2021-12-28,1640649600,804.0,808.125,782.0,783.875,743,125,967,1047.0
146,-45,XW,XWH22,D1,2021-12-29,1640736000,789.5,792.75,773.25,790.125,867,0,1636,1105.0
147,-44,XW,XWH22,D1,2021-12-30,1640822400,789.5,791.875,775.5,780.75,486,125,633,1079.0
148,-43,XW,XWH22,D1,2021-12-31,1640908800,781.0,787.625,769.5,770.0,463,125,623,964.0
149,-42,XW,XWH22,D1,2022-01-03,1641168000,771.625,782.5,753.25,757.875,761,125,1068,775.0
150,-41,XW,XWH22,D1,2022-01-04,1641254400,758.0,770.875,756.0,770.125,449,125,671,787.0
151,-40,XW,XWH22,D1,2022-01-05,1641340800,771.875,771.875,756.0,761.25,603,125,863,867.0
152,-39,XW,XWH22,D1,2022-01-06,1641427200,760.75,760.75,736.875,746.875,840,125,1117,884.0
153,-38,XW,XWH22,D1,2022-01-07,1641513600,747.5,760.75,735.375,758.75,654,125,857,946.0
154,-37,XW,XWH22,D1,2022-01-10,1641772800,762.375,767.375,748.625,760.125,543,125,765,913.0
155,-36,XW,XWH22,D1,2022-01-11,1641859200,762.0,770.125,758.0,769.0,525,125,761,794.0
156,-35,XW,XWH22,D1,2022-01-12,1641945600,768.375,769.75,750.0,758.5,546,0,781,769.0
157,-34,XW,XWH22,D1,2022-01-13,1642032000,756.5,757.25,741.0,746.5,502,125,673,738.0
158,-33,XW,XWH22,D1,2022-01-14,1642118400,746.75,747.0,737.25,741.125,403,125,532,662.0
159,-32,XW,XWH22,D1,2022-01-18,1642464000,742.25,771.0,741.75,769.375,814,125,1161,789.0
160,-31,XW,XWH22,D1,2022-01-19,1642550400,771.5,797.25,769.5,795.125,884,125,1419,1037.0
161,-30,XW,XWH22,D1,2022-01-20,1642636800,794.375,802.375,784.375,790.0,775,125,1164,1248.0
162,-29,XW,XWH22,D1,2022-01-21,1642723200,788.5,790.75,775.75,777.5,527,125,756,1113.0
163,-28,XW,XWH22,D1,2022-01-24,1642982400,797.5,802.375,774.75,801.25,797,0,1181,1034.0
164,-27,XW,XWH22,D1,2022-01-25,1643068800,801.125,831.5,801.125,815.875,1038,125,1899,1279.0
165,-26,XW,XWH22,D1,2022-01-26,1643155200,817.0,817.0,787.5,791.25,950,125,1224,1435.0
166,-25,XW,XWH22,D1,2022-01-27,1643241600,795.0,795.625,773.25,775.375,941,125,1281,1468.0
167,-24,XW,XWH22,D1,2022-01-28,1643328000,777.25,793.125,774.875,787.25,617,125,848,1118.0
168,-23,XW,XWH22,D1,2022-01-31,1643587200,797.5,799.0,757.125,761.25,1063,125,1458,1196.0
169,-22,XW,XWH22,D1,2022-02-01,1643673600,762.125,776.375,760.875,769.375,551,125,795,1034.0
170,-21,XW,XWH22,D1,2022-02-02,1643760000,770.0,779.25,749.25,756.0,859,125,1109,1121.0
171,-20,XW,XWH22,D1,2022-02-03,1643846400,756.0,756.0,740.0,752.375,675,0,1131,1012.0
172,-19,XW,XWH22,D1,2022-02-04,1643932800,753.625,766.75,748.5,762.25,613,125,800,1013.0
173,-18,XW,XWH22,D1,2022-02-07,1644192000,773.5,775.125,760.5,770.875,545,0,836,922.0
174,-17,XW,XWH22,D1,2022-02-08,1644278400,768.25,782.0,754.25,778.0,644,125,965,867.0
175,-16,XW,XWH22,D1,2022-02-09,1644364800,779.875,788.25,770.375,783.5,739,125,1034,945.0
176,-15,XW,XWH22,D1,2022-02-10,1644451200,785.5,802.0,765.75,771.0,1128,125,1514,1171.0
177,-14,XW,XWH22,D1,2022-02-11,1644537600,770.75,806.0,764.875,799.5,949,125,1310,1286.0
178,-13,XW,XWH22,D1,2022-02-14,1644796800,801.5,813.0,780.75,799.0,855,0,1050,1291.0
179,-12,XW,XWH22,D1,2022-02-15,1644883200,798.0,798.0,773.0,778.0,621,125,766,1042.0
180,-11,XW,XWH22,D1,2022-02-16,1644969600,781.0,786.875,773.5,780.5,378,0,494,770.0
181,-10,XW,XWH22,D1,2022-02-17,1645056000,779.875,798.0,775.75,795.875,363,0,619,626.0
118,-51,XW,XWK22,D1,2022-02-18,1645142400,805.0,818.875,797.125,801.0,561,0,835,596.0
119,-50,XW,XWK22,D1,2022-02-22,1645488000,818.875,853.75,811.0,848.5,1061,0,1658,1105.0
120,-49,XW,XWK22,D1,2022-02-23,1645574400,848.75,888.5,843.75,884.75,1111,0,1969,1487.0
121,-48,XW,XWK22,D1,2022-02-24,1645660800,890.875,934.75,886.0,932.375,2147,0,3092,2240.0
122,-47,XW,XWK22,D1,2022-02-25,1645747200,932.0,960.375,859.75,859.75,2816,0,3998,3020.0
123,-46,XW,XWK22,D1,2022-02-28,1646006400,906.75,934.75,885.75,934.75,2825,0,4409,3833.0
124,-45,XW,XWK22,D1,2022-03-01,1646092800,934.375,984.0,932.875,984.0,1521,125,2531,3646.0
125,-44,XW,XWK22,D1,2022-03-02,1646179200,1013.625,1059.0,985.0,1059.0,1972,125,3065,3335.0
126,-43,XW,XWK22,D1,2022-03-03,1646265600,1074.25,1134.0,1073.75,1134.0,2820,0,4193,3263.0
127,-42,XW,XWK22,D1,2022-03-04,1646352000,1209.0,1209.0,1209.0,1209.0,183,500,199,2486.0
128,-41,XW,XWK22,D1,2022-03-07,1646611200,1294.0,1294.0,1294.0,1294.0,65,500,71,1488.0
72,-83,XW,XWN22,D1,2022-03-08,1646697600,1265.375,1279.0,1122.5,1189.75,791,125,1039,846.0
130,-39,XW,XWK22,D1,2022-03-09,1646784000,1286.0,1286.0,1201.5,1201.5,1028,0,2409,1421.0
131,-38,XW,XWK22,D1,2022-03-10,1646870400,1141.5,1223.0,1071.5,1075.0,1647,125,3188,2460.0
132,-37,XW,XWK22,D1,2022-03-11,1646956800,1077.0,1124.75,1042.0,1120.0,1368,0,3397,2998.0
133,-36,XW,XWK22,D1,2022-03-14,1647216000,1114.375,1149.0,1066.0,1092.0,1408,0,2046,2877.0
134,-35,XW,XWK22,D1,2022-03-15,1647302400,1099.25,1160.5,1088.0,1159.875,997,0,1349,2264.0
135,-34,XW,XWK22,D1,2022-03-16,1647388800,1156.25,1156.25,1069.25,1069.25,845,0,1192,1529.0
136,-33,XW,XWK22,D1,2022-03-17,1647475200,1048.0,1107.625,1032.0,1088.375,838,0,1159,1233.0
137,-32,XW,XWK22,D1,2022-03-18,1647561600,1094.5,1104.5,1054.75,1060.25,428,0,630,994.0
138,-31,XW,XWK22,D1,2022-03-21,1647820800,1073.5,1148.75,1061.5,1118.625,705,125,949,913.0
139,-30,XW,XWK22,D1,2022-03-22,1647907200,1116.0,1169.0,1103.0,1125.25,938,125,1313,964.0
140,-29,XW,XWK22,D1,2022-03-23,1647993600,1118.5,1142.0,1101.0,1103.25,649,125,912,1058.0
141,-28,XW,XWK22,D1,2022-03-24,1648080000,1107.375,1114.0,1080.75,1085.5,545,125,791,1005.0
142,-27,XW,XWK22,D1,2022-03-25,1648166400,1086.0,1109.0,1065.75,1101.5,424,125,601,768.0
143,-26,XW,XWK22,D1,2022-03-28,1648425600,1095.375,1095.375,1048.0,1053.0,477,125,705,699.0
144,-25,XW,XWK22,D1,2022-03-29,1648512000,1045.0,1067.5,972.0,1018.375,1163,0,1823,1043.0
145,-24,XW,XWK22,D1,2022-03-30,1648598400,1013.625,1041.625,1002.25,1032.125,427,0,647,1058.0
146,-23,XW,XWK22,D1,2022-03-31,1648684800,1033.75,1072.75,1003.5,1006.75,866,125,1379,1283.0
147,-22,XW,XWK22,D1,2022-04-01,1648771200,1008.0,1032.375,979.75,981.5,630,125,964,997.0
148,-21,XW,XWK22,D1,2022-04-04,1649030400,991.875,1014.5,985.375,1010.125,375,125,536,960.0
149,-20,XW,XWK22,D1,2022-04-05,1649116800,1019.375,1072.625,1019.375,1049.5,619,125,891,797.0
150,-19,XW,XWK22,D1,2022-04-06,1649203200,1048.5,1057.0,1024.25,1042.0,480,0,766,731.0
151,-18,XW,XWK22,D1,2022-04-07,1649289600,1041.75,1043.75,1017.25,1027.25,277,125,537,731.0
152,-17,XW,XWK22,D1,2022-04-08,1649376000,1020.0,1053.625,1019.5,1051.0,342,125,544,616.0
153,-16,XW,XWK22,D1,2022-04-11,1649635200,1060.0,1092.5,1056.625,1079.875,296,125,451,511.0
154,-15,XW,XWK22,D1,2022-04-12,1649721600,1080.125,1117.0,1075.0,1101.0,360,125,642,546.0
155,-14,XW,XWK22,D1,2022-04-13,1649808000,1101.0,1123.125,1078.875,1113.75,315,125,474,522.0
156,-13,XW,XWK22,D1,2022-04-14,1649894400,1113.5,1127.0,1097.0,1097.0,323,125,625,580.0
157,-12,XW,XWK22,D1,2022-04-18,1650240000,1105.0,1135.5,1097.0,1116.0,195,125,247,449.0
101,-54,XW,XWN22,D1,2022-04-19,1650326400,1135.5,1142.5,1105.75,1106.125,319,125,454,434.0
102,-53,XW,XWN22,D1,2022-04-20,1650412800,1109.0,1117.875,1075.625,1101.5,551,125,783,528.0
103,-52,XW,XWN22,D1,2022-04-21,1650499200,1101.0,1101.0,1062.75,1077.5,292,125,424,554.0
104,-51,XW,XWN22,D1,2022-04-22,1650585600,1079.0,1085.5,1061.0,1076.75,328,125,414,540.0
105,-50,XW,XWN22,D1,2022-04-25,1650844800,1079.75,1088.375,1055.0,1072.5,433,0,575,471.0
106,-49,XW,XWN22,D1,2022-04-26,1650931200,1079.375,1106.75,1077.75,1099.0,512,125,652,547.0
107,-48,XW,XWN22,D1,2022-04-27,1651017600,1093.75,1098.0,1078.375,1091.25,330,125,469,565.0
108,-47,XW,XWN22,D1,2022-04-28,1651104000,1092.0,1106.0,1081.0,1081.875,398,125,551,557.0
109,-46,XW,XWN22,D1,2022-04-29,1651190400,1085.5,1101.0,1051.25,1052.75,609,125,778,599.0
110,-45,XW,XWN22,D1,2022-05-02,1651449600,1047.5,1071.75,1034.75,1051.5,509,125,708,679.0
111,-44,XW,XWN22,D1,2022-05-03,1651536000,1055.625,1068.5,1043.75,1046.0,364,125,466,651.0
112,-43,XW,XWN22,D1,2022-05-04,1651622400,1041.5,1089.625,1041.0,1076.75,703,0,970,715.0
113,-42,XW,XWN22,D1,2022-05-05,1651708800,1080.0,1121.25,1078.25,1102.5,694,125,909,782.0
114,-41,XW,XWN22,D1,2022-05-06,1651795200,1104.875,1128.25,1087.75,1110.0,642,125,846,908.0
115,-40,XW,XWN22,D1,2022-05-09,1652054400,1119.625,1135.0,1089.75,1091.625,650,125,835,863.0
116,-39,XW,XWN22,D1,2022-05-10,1652140800,1091.25,1106.0,1081.625,1095.5,420,125,581,754.0
117,-38,XW,XWN22,D1,2022-05-11,1652227200,1095.0,1126.0,1094.0,1115.25,556,125,739,718.0
118,-37,XW,XWN22,D1,2022-05-12,1652313600,1111.0,1183.0,1105.0,1171.125,1100,0,1502,941.0
119,-36,XW,XWN22,D1,2022-05-13,1652400000,1172.0,1198.875,1159.25,1182.375,707,0,1185,1142.0
120,-35,XW,XWN22,D1,2022-05-16,1652659200,1215.0,1247.5,1215.0,1247.5,820,0,1182,1290.0
121,-34,XW,XWN22,D1,2022-05-17,1652745600,1264.625,1283.625,1203.0,1281.125,1379,125,1880,1416.0
122,-33,XW,XWN22,D1,2022-05-18,1652832000,1281.0,1281.0,1212.0,1229.5,1059,0,1481,1514.0
123,-32,XW,XWN22,D1,2022-05-19,1652918400,1227.5,1247.0,1193.0,1202.875,998,125,1370,1577.0
124,-31,XW,XWN22,D1,2022-05-20,1653004800,1204.5,1207.375,1167.5,1170.0,868,125,1170,1340.0
125,-30,XW,XWN22,D1,2022-05-23,1653264000,1180.0,1196.125,1174.5,1195.0,625,125,816,1119.0
126,-29,XW,XWN22,D1,2022-05-24,1653350400,1197.0,1208.75,1139.0,1158.75,1304,0,1702,1229.0
127,-28,XW,XWN22,D1,2022-05-25,1653436800,1155.25,1158.875,1114.0,1149.25,1304,125,1869,1462.0
128,-27,XW,XWN22,D1,2022-05-26,1653523200,1140.625,1160.625,1115.375,1144.125,986,0,1441,1671.0
129,-26,XW,XWN22,D1,2022-05-27,1653609600,1144.375,1170.375,1133.0,1158.25,756,125,1009,1440.0
130,-25,XW,XWN22,D1,2022-05-31,1653955200,1157.625,1157.625,1087.5,1088.0,1183,125,1668,1373.0
131,-24,XW,XWN22,D1,2022-06-01,1654041600,1092.0,1098.0,1028.625,1041.0,1350,125,2106,1594.0
132,-23,XW,XWN22,D1,2022-06-02,1654128000,1044.0,1074.125,1038.0,1058.625,670,125,863,1546.0
133,-22,XW,XWN22,D1,2022-06-03,1654214400,1064.0,1069.625,1037.5,1039.125,519,0,730,1233.0
134,-21,XW,XWN22,D1,2022-06-06,1654473600,1059.5,1108.75,1054.5,1093.0,948,125,1300,964.0
135,-20,XW,XWN22,D1,2022-06-07,1654560000,1098.0,1100.75,1058.5,1070.0,600,0,781,937.0
136,-19,XW,XWN22,D1,2022-06-08,1654646400,1074.0,1088.5,1062.25,1074.5,660,0,891,991.0
137,-18,XW,XWN22,D1,2022-06-09,1654732800,1079.0,1082.0,1044.0,1069.375,612,125,805,826.0
138,-17,XW,XWN22,D1,2022-06-10,1654819200,1072.25,1081.375,1054.5,1070.75,516,125,672,789.0
139,-16,XW,XWN22,D1,2022-06-13,1655078400,1073.0,1093.125,1053.375,1063.625,662,125,854,777.0
140,-15,XW,XWN22,D1,2022-06-14,1655164800,1069.0,1072.5,1046.75,1050.875,340,125,474,667.0
141,-14,XW,XWN22,D1,2022-06-15,1655251200,1052.625,1058.75,1035.75,1050.25,383,125,504,611.0
142,-13,XW,XWN22,D1,2022-06-16,1655337600,1052.0,1084.25,1046.5,1081.875,434,125,543,507.0
143,-12,XW,XWN22,D1,2022-06-17,1655424000,1077.125,1083.875,1030.0,1035.0,485,125,589,545.0
144,-11,XW,XWN22,D1,2022-06-21,1655769600,1031.0,1033.0,970.625,970.625,525,125,668,600.0
145,-10,XW,XWN22,D1,2022-06-22,1655856000,978.375,1006.5,960.75,972.75,381,125,608,622.0
146,-9,XW,XWN22,D1,2022-06-23,1655942400,974.125,974.5,908.0,927.5,359,125,681,652.0
101,-52,XW,XWU22,D1,2022-06-24,1656028800,947.375,972.5,934.25,938.25,479,125,549,573.0
102,-51,XW,XWU22,D1,2022-06-27,1656288000,934.625,950.375,913.25,919.875,556,125,690,651.0
103,-50,XW,XWU22,D1,2022-06-28,1656374400,924.0,949.125,921.0,937.0,570,125,728,656.0
104,-49,XW,XWU22,D1,2022-06-29,1656460800,937.0,956.25,928.75,933.125,477,125,611,676.0
105,-48,XW,XWU22,D1,2022-06-30,1656547200,929.875,939.0,882.125,892.375,918,125,1189,843.0
106,-47,XW,XWU22,D1,2022-07-01,1656633600,890.75,895.875,838.75,842.0,784,125,1007,936.0
107,-46,XW,XWU22,D1,2022-07-05,1656979200,843.375,843.375,804.25,812.5,563,125,729,975.0
108,-45,XW,XWU22,D1,2022-07-06,1657065600,807.0,837.75,785.375,807.375,879,125,1123,953.0
109,-44,XW,XWU22,D1,2022-07-07,1657152000,807.375,846.0,807.375,837.0,790,125,995,949.0
110,-43,XW,XWU22,D1,2022-07-08,1657238400,835.5,895.0,835.5,891.0,771,125,1029,1049.0
111,-42,XW,XWU22,D1,2022-07-11,1657497600,907.75,940.0,853.125,853.125,877,0,1117,1047.0
112,-41,XW,XWU22,D1,2022-07-12,1657584000,855.875,869.625,810.0,812.875,812,125,998,1048.0
113,-40,XW,XWU22,D1,2022-07-13,1657670400,815.0,840.0,806.875,814.125,646,125,781,965.0
114,-39,XW,XWU22,D1,2022-07-14,1657756800,811.0,828.875,792.125,796.0,822,0,984,921.0
115,-38,XW,XWU22,D1,2022-07-15,1657843200,796.0,804.0,765.875,787.75,715,0,884,883.0
116,-37,XW,XWU22,D1,2022-07-18,1658102400,789.375,824.25,779.5,806.625,931,125,1168,1012.0
117,-36,XW,XWU22,D1,2022-07-19,1658188800,810.875,822.25,793.0,811.875,906,125,1079,1044.0
118,-35,XW,XWU22,D1,2022-07-20,1658275200,809.125,842.5,801.0,818.375,984,0,1190,1146.0
119,-34,XW,XWU22,D1,2022-07-21,1658361600,816.5,832.5,796.375,809.5,818,125,1015,1095.0
120,-33,XW,XWU22,D1,2022-07-22,1658448000,803.5,806.625,752.0,752.625,1033,125,1256,1154.0
121,-32,XW,XWU22,D1,2022-07-25,1658707200,785.75,792.25,760.5,774.875,800,0,958,1076.0
122,-31,XW,XWU22,D1,2022-07-26,1658793600,774.5,805.75,773.5,805.75,696,0,855,1023.0
123,-30,XW,XWU22,D1,2022-07-27,1658880000,801.0,819.0,781.0,787.625,743,125,947,920.0
124,-29,XW,XWU22,D1,2022-07-28,1658966400,784.5,824.5,784.5,815.875,613,125,731,844.0
125,-28,XW,XWU22,D1,2022-07-29,1659052800,816.0,846.125,801.125,809.625,1021,125,1257,978.0
126,-27,XW,XWU22,D1,2022-08-01,1659312000,809.5,819.625,781.125,795.25,720,125,887,958.0
127,-26,XW,XWU22,D1,2022-08-02,1659398400,796.0,796.0,772.375,774.125,679,125,817,987.0
128,-25,XW,XWU22,D1,2022-08-03,1659484800,772.5,789.875,750.25,762.5,768,125,909,871.0
129,-24,XW,XWU22,D1,2022-08-04,1659571200,765.0,788.875,758.5,784.625,681,125,846,857.0
130,-23,XW,XWU22,D1,2022-08-05,1659657600,783.0,797.0,768.75,777.375,542,125,649,801.0
131,-22,XW,XWU22,D1,2022-08-08,1659916800,777.0,793.0,761.0,784.5,696,125,861,785.0
132,-21,XW,XWU22,D1,2022-08-09,1660003200,783.0,801.375,773.875,779.5,548,125,653,721.0
133,-20,XW,XWU22,D1,2022-08-10,1660089600,783.0,808.5,780.5,801.875,607,125,775,763.0
134,-19,XW,XWU22,D1,2022-08-11,1660176000,799.0,820.5,794.0,812.375,434,125,521,650.0
135,-18,XW,XWU22,D1,2022-08-12,1660262400,809.0,809.625,782.375,806.875,689,125,843,713.0
136,-17,XW,XWU22,D1,2022-08-15,1660521600,802.0,804.125,778.0,802.5,582,125,750,705.0
137,-16,XW,XWU22,D1,2022-08-16,1660608000,800.75,811.75,782.25,783.5,456,125,583,725.0
138,-15,XW,XWU22,D1,2022-08-17,1660694400,784.125,796.5,759.375,765.0,500,125,556,630.0
139,-14,XW,XWU22,D1,2022-08-18,1660780800,764.5,766.375,725.75,733.125,899,0,1134,758.0
140,-13,XW,XWU22,D1,2022-08-19,1660867200,736.625,755.875,727.25,752.0,395,125,470,720.0
141,-12,XW,XWU22,D1,2022-08-22,1661126400,754.625,774.0,744.75,769.125,320,125,382,662.0
101,-73,XW,XWZ22,D1,2022-08-23,1661212800,787.5,819.375,784.125,800.0,731,125,933,645.0
102,-72,XW,XWZ22,D1,2022-08-24,1661299200,802.375,818.375,792.875,814.0,667,125,791,778.0
103,-71,XW,XWZ22,D1,2022-08-25,1661385600,811.5,821.375,785.5,788.0,695,125,854,859.0
104,-70,XW,XWZ22,D1,2022-08-26,1661472000,782.75,811.75,781.125,811.75,627,125,741,795.0
105,-69,XW,XWZ22,D1,2022-08-29,1661731200,804.75,849.0,794.125,840.125,1158,125,1420,1005.0
106,-68,XW,XWZ22,D1,2022-08-30,1661817600,841.375,847.0,816.75,822.0,1004,125,1224,1128.0
107,-67,XW,XWZ22,D1,2022-08-31,1661904000,820.0,838.625,805.75,830.875,1038,125,1488,1377.0
108,-66,XW,XWZ22,D1,2022-09-01,1661990400,829.625,835.0,791.5,794.625,1113,125,1349,1354.0
109,-65,XW,XWZ22,D1,2022-09-02,1662076800,798.875,819.375,796.375,809.0,520,125,662,1166.0
110,-64,XW,XWZ22,D1,2022-09-06,1662422400,814.375,825.375,801.25,822.25,683,125,858,956.0
111,-63,XW,XWZ22,D1,2022-09-07,1662508800,816.875,873.375,810.0,839.0,1551,0,1862,1127.0
112,-62,XW,XWZ22,D1,2022-09-08,1662595200,838.75,856.875,818.125,829.0,943,125,1182,1301.0
113,-61,XW,XWZ22,D1,2022-09-09,1662681600,829.375,872.75,826.625,870.75,1081,125,1665,1570.0
114,-60,XW,XWZ22,D1,2022-09-12,1662940800,866.25,878.0,848.75,858.0,1175,125,1450,1432.0
115,-59,XW,XWZ22,D1,2022-09-13,1663027200,858.0,876.875,850.0,858.75,814,125,939,1351.0
116,-58,XW,XWZ22,D1,2022-09-14,1663113600,861.0,874.625,848.75,872.25,778,0,922,1104.0
117,-57,XW,XWZ22,D1,2022-09-15,1663200000,873.875,884.375,843.125,845.0,1370,0,2083,1315.0
118,-56,XW,XWZ22,D1,2022-09-16,1663286400,848.0,866.5,830.75,857.0,955,125,1141,1382.0
119,-55,XW,XWZ22,D1,2022-09-19,1663545600,859.25,860.875,820.0,829.0,1029,125,1151,1458.0
120,-54,XW,XWZ22,D1,2022-09-20,1663632000,827.0,896.0,825.0,893.125,1659,0,1941,1411.0
121,-53,XW,XWZ22,D1,2022-09-21,1663718400,886.125,920.0,873.375,901.125,1896,125,2458,1850.0
122,-52,XW,XWZ22,D1,2022-09-22,1663804800,900.875,922.25,890.875,908.25,1041,0,1252,1884.0
123,-51,XW,XWZ22,D1,2022-09-23,1663891200,909.5,913.375,876.5,878.875,999,125,1258,1656.0
124,-50,XW,XWZ22,D1,2022-09-26,1664150400,878.875,890.25,854.0,858.375,1111,0,1511,1340.0
125,-49,XW,XWZ22,D1,2022-09-27,1664236800,858.125,894.625,858.125,871.625,1389,0,1741,1503.0
126,-48,XW,XWZ22,D1,2022-09-28,1664323200,873.0,904.875,861.875,903.375,1355,125,1503,1585.0
127,-47,XW,XWZ22,D1,2022-09-29,1664409600,902.0,914.75,887.875,895.25,1190,0,1342,1529.0
128,-46,XW,XWZ22,D1,2022-09-30,1664496000,899.75,945.375,893.125,920.375,1752,0,1954,1600.0
129,-45,XW,XWZ22,D1,2022-10-03,1664755200,933.0,938.875,908.875,912.25,1138,125,1287,1528.0
130,-44,XW,XWZ22,D1,2022-10-04,1664841600,915.0,926.375,896.5,903.375,1236,125,1507,1583.0
131,-43,XW,XWZ22,D1,2022-10-05,1664928000,904.0,920.0,894.0,904.25,1175,125,1268,1354.0
132,-42,XW,XWZ22,D1,2022-10-06,1665014400,907.0,909.0,873.625,883.625,1213,125,1371,1382.0
133,-41,XW,XWZ22,D1,2022-10-07,1665100800,881.75,896.75,872.0,882.375,1217,0,1335,1325.0
134,-40,XW,XWZ22,D1,2022-10-10,1665360000,892.875,949.25,891.875,933.25,2094,0,2452,1719.0
135,-39,XW,XWZ22,D1,2022-10-11,1665446400,934.0,936.75,896.0,901.375,1582,0,1772,1853.0
136,-38,XW,XWZ22,D1,2022-10-12,1665532800,901.75,902.5,877.0,884.25,1011,125,1136,1787.0
137,-37,XW,XWZ22,D1,2022-10-13,1665619200,883.25,906.375,863.125,892.0,1608,0,1883,1597.0
138,-36,XW,XWZ22,D1,2022-10-14,1665705600,892.625,899.375,857.875,861.375,1219,0,1429,1483.0
139,-35,XW,XWZ22,D1,2022-10-17,1665964800,861.0,877.0,855.0,858.625,658,125,769,1360.0
140,-34,XW,XWZ22,D1,2022-10-18,1666051200,859.0,865.75,832.375,850.625,1239,125,1480,1226.0
141,-33,XW,XWZ22,D1,2022-10-19,1666137600,851.0,862.75,835.5,841.5,992,125,1094,1114.0
142,-32,XW,XWZ22,D1,2022-10-20,1666224000,842.625,855.125,837.375,849.625,900,125,1158,1244.0
143,-31,XW,XWZ22,D1,2022-10-21,1666310400,850.875,863.0,833.0,851.0,1157,0,1319,1190.0
144,-30,XW,XWZ22,D1,2022-10-24,1666569600,853.375,855.375,833.625,839.0,1075,125,1511,1329.0
145,-29,XW,XWZ22,D1,2022-10-25,1666656000,839.0,844.25,826.375,832.875,1025,125,1154,1328.0
146,-28,XW,XWZ22,D1,2022-10-26,1666742400,836.0,846.625,824.125,841.75,942,125,1034,1233.0
147,-27,XW,XWZ22,D1,2022-10-27,1666828800,843.5,858.0,833.625,837.75,899,0,975,1054.0
148,-26,XW,XWZ22,D1,2022-10-28,1666915200,838.125,839.125,822.5,829.625,725,0,799,936.0
149,-25,XW,XWZ22,D1,2022-10-31,1667174400,868.75,893.5,853.75,878.875,2371,0,2732,1502.0
150,-24,XW,XWZ22,D1,2022-11-01,1667260800,880.0,903.625,867.875,897.375,1596,0,1729,1753.0
151,-23,XW,XWZ22,D1,2022-11-02,1667347200,899.0,901.125,838.125,845.125,2404,125,2694,2385.0
152,-22,XW,XWZ22,D1,2022-11-03,1667433600,844.75,849.5,828.125,839.75,922,125,1015,1813.0
153,-21,XW,XWZ22,D1,2022-11-04,1667520000,842.75,855.25,834.625,847.5,859,125,910,1540.0
154,-20,XW,XWZ22,D1,2022-11-07,1667779200,851.375,863.5,834.625,846.875,937,0,1017,981.0
155,-19,XW,XWZ22,D1,2022-11-08,1667865600,846.75,855.0,824.875,828.75,972,125,1078,1002.0
156,-18,XW,XWZ22,D1,2022-11-09,1667952000,830.625,833.0,805.375,807.0,1173,125,1281,1125.0
157,-17,XW,XWZ22,D1,2022-11-10,1668038400,806.875,815.75,795.625,803.875,964,0,1039,1133.0
158,-16,XW,XWZ22,D1,2022-11-11,1668124800,800.5,819.625,799.0,813.5,742,125,800,1040.0
159,-15,XW,XWZ22,D1,2022-11-14,1668384000,813.0,828.875,804.875,818.5,776,125,870,903.0
160,-14,XW,XWZ22,D1,2022-11-15,1668470400,817.0,842.75,799.125,827.875,1216,125,1279,983.0
161,-13,XW,XWZ22,D1,2022-11-16,1668556800,829.125,829.125,801.625,815.625,968,125,1145,1098.0
162,-12,XW,XWZ22,D1,2022-11-17,1668643200,813.0,815.625,794.0,807.0,906,125,974,1133.0
163,-11,XW,XWZ22,D1,2022-11-18,1668729600,807.25,815.625,800.5,802.0,535,125,575,898.0
164,-10,XW,XWZ22,D1,2022-11-21,1668988800,806.0,808.5,785.75,799.5,397,125,453,667.0
165,-9,XW,XWZ22,D1,2022-11-22,1669075200,800.375,810.0,790.375,792.875,337,125,437,488.0
122,-66,XW,XWH23,D1,2022-11-23,1669161600,813.5,816.125,800.375,813.0,82673,0,734,573.0
123,-65,XW,XWH23,D1,2022-11-25,1669334400,811.5,820.0,791.0,792.0,66480,0,459,586.0
124,-64,XW,XWH23,D1,2022-11-28,1669593600,792.625,795.375,773.375,780.125,124380,0,996,730.0
125,-63,XW,XWH23,D1,2022-11-29,1669680000,779.375,791.75,777.625,782.5,82946,0,852,769.0
126,-62,XW,XWH23,D1,2022-11-30,1669766400,783.0,798.875,781.5,795.0,84070,0,794,881.0
127,-61,XW,XWH23,D1,2022-12-01,1669852800,796.625,796.625,781.0,781.0,74519,0,712,786.0
128,-60,XW,XWH23,D1,2022-12-02,1669939200,782.375,782.875,756.0,759.5,138881,0,1334,947.0
129,-59,XW,XWH23,D1,2022-12-05,1670198400,763.75,767.375,733.75,740.375,136475,0,1061,1036.0
130,-58,XW,XWH23,D1,2022-12-06,1670284800,740.0,743.0,723.5,730.0,77397,0,738,1044.0
131,-57,XW,XWH23,D1,2022-12-07,1670371200,731.75,755.625,726.125,749.5,95590,0,936,912.0
132,-56,XW,XWH23,D1,2022-12-08,1670457600,748.875,756.0,736.5,748.0,87404,0,812,829.0
133,-55,XW,XWH23,D1,2022-12-09,1670544000,748.375,752.75,731.0,731.5,68511,0,637,795.0
134,-54,XW,XWH23,D1,2022-12-12,1670803200,740.0,760.0,738.5,756.125,101909,0,879,776.0
135,-53,XW,XWH23,D1,2022-12-13,1670889600,755.625,768.875,750.0,750.125,108468,0,975,830.0
136,-52,XW,XWH23,D1,2022-12-14,1670976000,750.0,751.5,737.5,749.0,78597,0,856,903.0
137,-51,XW,XWH23,D1,2022-12-15,1671062400,748.875,766.875,745.5,757.25,102928,0,952,928.0
138,-50,XW,XWH23,D1,2022-12-16,1671148800,757.75,763.875,751.125,757.875,64378,0,669,826.0
139,-49,XW,XWH23,D1,2022-12-19,1671408000,754.625,759.75,739.0,748.125,90648,0,875,832.0
140,-48,XW,XWH23,D1,2022-12-20,1671494400,747.125,761.375,744.625,749.0,78523,0,688,744.0
141,-47,XW,XWH23,D1,2022-12-21,1671580800,749.125,774.375,749.0,767.75,74610,0,762,775.0
142,-46,XW,XWH23,D1,2022-12-22,1671667200,767.25,776.75,758.25,761.125,71766,0,703,718.0
143,-45,XW,XWH23,D1,2022-12-23,1671753600,761.625,777.875,760.0,773.25,35351,0,455,640.0
144,-44,XW,XWH23,D1,2022-12-27,1672099200,780.5,784.375,769.5,776.625,76774,0,488,549.0
145,-43,XW,XWH23,D1,2022-12-28,1672185600,774.125,787.375,771.25,786.125,74272,0,1010,651.0
146,-42,XW,XWH23,D1,2022-12-29,1672272000,785.5,786.375,765.375,774.625,78184,0,744,747.0
147,-41,XW,XWH23,D1,2022-12-30,1672358400,775.125,798.625,771.875,792.0,98785,0,898,884.0
148,-40,XW,XWH23,D1,2023-01-03,1672704000,788.75,794.25,769.75,779.125,80915,0,603,748.0
149,-39,XW,XWH23,D1,2023-01-04,1672790400,783.375,783.375,744.0,745.375,110690,0,1017,839.0
150,-38,XW,XWH23,D1,2023-01-05,1672876800,745.75,751.625,736.375,748.0,79407,0,749,790.0
151,-37,XW,XWH23,D1,2023-01-06,1672963200,746.875,756.75,742.0,743.0,45628,0,554,773.0
152,-36,XW,XWH23,D1,2023-01-09,1673222400,747.0,758.25,740.25,741.125,59866,0,969,757.0
153,-35,XW,XWH23,D1,2023-01-10,1673308800,741.0,741.5,720.75,729.0,119996,0,1274,932.0
154,-34,XW,XWH23,D1,2023-01-11,1673395200,729.25,742.25,724.75,739.375,57390,0,638,960.0
155,-33,XW,XWH23,D1,2023-01-12,1673481600,737.875,747.125,723.375,742.75,146658,0,1050,987.0
156,-32,XW,XWH23,D1,2023-01-13,1673568000,743.75,748.625,737.375,742.375,47116,0,485,724.0
157,-31,XW,XWH23,D1,2023-01-17,1673913600,745.25,755.5,729.5,748.375,75158,0,745,760.0
158,-30,XW,XWH23,D1,2023-01-18,1674000000,750.25,760.5,740.75,742.0,90322,0,996,742.0
159,-29,XW,XWH23,D1,2023-01-19,1674086400,742.0,748.5,734.0,734.0,50276,0,646,796.0
160,-28,XW,XWH23,D1,2023-01-20,1674172800,734.5,742.625,727.75,741.75,49511,0,616,753.0
161,-27,XW,XWH23,D1,2023-01-23,1674432000,739.125,739.625,712.625,721.875,83797,0,1098,787.0
162,-26,XW,XWH23,D1,2023-01-24,1674518400,721.25,738.875,719.75,734.5,64296,0,777,830.0
163,-25,XW,XWH23,D1,2023-01-25,1674604800,734.75,746.125,734.75,740.0,47764,0,652,842.0
164,-24,XW,XWH23,D1,2023-01-26,1674691200,740.875,757.75,738.375,752.125,73878,0,815,748.0
165,-23,XW,XWH23,D1,2023-01-27,1674777600,752.875,753.25,744.25,748.0,45137,0,690,719.0
166,-22,XW,XWH23,D1,2023-01-30,1675036800,752.0,762.5,743.375,751.875,699,125,748,751.0
167,-21,XW,XWH23,D1,2023-01-31,1675123200,752.0,766.625,742.125,761.0,778,125,857,765.0
168,-20,XW,XWH23,D1,2023-02-01,1675209600,761.75,762.25,744.5,757.625,653,125,714,773.0
169,-19,XW,XWH23,D1,2023-02-02,1675296000,757.875,770.25,751.0,760.0,787,125,826,799.0
170,-18,XW,XWH23,D1,2023-02-03,1675382400,759.0,776.75,751.0,757.0,888,125,987,842.0
171,-17,XW,XWH23,D1,2023-02-06,1675641600,757.125,766.25,745.75,749.875,696,0,737,850.0
172,-16,XW,XWH23,D1,2023-02-07,1675728000,750.375,756.5,743.125,749.75,539,0,593,772.0
173,-15,XW,XWH23,D1,2023-02-08,1675814400,750.0,766.25,748.375,764.875,497,125,539,623.0
174,-14,XW,XWH23,D1,2023-02-09,1675900800,765.0,770.125,755.0,755.0,556,125,663,598.0
175,-13,XW,XWH23,D1,2023-02-10,1675987200,756.0,789.875,754.625,789.0,1127,125,1208,803.0
176,-12,XW,XWH23,D1,2023-02-13,1676246400,787.0,795.625,776.25,790.375,732,125,851,907.0
177,-11,XW,XWH23,D1,2023-02-14,1676332800,790.25,797.25,784.0,785.0,467,125,510,856.0
178,-10,XW,XWH23,D1,2023-02-15,1676419200,785.5,786.625,764.5,767.625,823,125,947,769.0
179,-9,XW,XWH23,D1,2023-02-16,1676505600,768.625,772.0,762.25,765.25,522,0,561,673.0
180,-8,XW,XWH23,D1,2023-02-17,1676592000,766.875,771.375,760.0,764.75,364,0,414,641.0
181,-7,XW,XWH23,D1,2023-02-21,1676937600,765.375,773.375,749.75,750.625,686,125,793,589.0
139,-49,XW,XWK23,D1,2023-02-22,1677024000,764.0,766.625,745.125,750.625,93451,0,1308,826.0
140,-48,XW,XWK23,D1,2023-02-23,1677110400,749.375,758.5,744.75,751.375,82653,0,1504,1211.0
141,-47,XW,XWK23,D1,2023-02-24,1677196800,751.875,753.25,716.25,719.0,140385,0,1825,1546.0
142,-46,XW,XWK23,D1,2023-02-27,1677456000,722.0,723.625,705.75,709.0,115145,0,1359,1563.0
143,-45,XW,XWK23,D1,2023-02-28,1677542400,710.0,714.375,702.625,706.75,85689,0,805,1330.0
144,-44,XW,XWK23,D1,2023-03-01,1677628800,708.0,714.125,701.25,711.875,97875,0,1060,1075.0
145,-43,XW,XWK23,D1,2023-03-02,1677715200,713.0,721.5,708.875,712.75,76479,0,999,955.0
146,-42,XW,XWK23,D1,2023-03-03,1677801600,714.375,715.875,706.5,708.625,46642,0,681,913.0
147,-41,XW,XWK23,D1,2023-03-06,1678060800,710.0,710.0,694.0,695.875,60487,0,1003,894.0
148,-40,XW,XWK23,D1,2023-03-07,1678147200,696.625,703.5,690.0,696.5,49025,0,641,775.0
149,-39,XW,XWK23,D1,2023-03-08,1678233600,698.0,699.375,684.125,687.5,75796,0,782,809.0
150,-38,XW,XWK23,D1,2023-03-09,1678320000,688.125,691.125,664.125,666.375,111214,0,1167,863.0
151,-37,XW,XWK23,D1,2023-03-10,1678406400,665.5,684.0,661.0,682.625,72700,0,891,947.0
152,-36,XW,XWK23,D1,2023-03-13,1678665600,682.0,695.375,667.5,684.625,118244,0,1164,1074.0
153,-35,XW,XWK23,D1,2023-03-14,1678752000,683.375,699.5,677.375,695.5,75074,0,946,1000.0
154,-34,XW,XWK23,D1,2023-03-15,1678838400,698.5,705.875,693.0,702.875,62090,0,855,988.0
155,-33,XW,XWK23,D1,2023-03-16,1678924800,703.0,703.0,691.25,698.0,44767,0,710,837.0
156,-32,XW,XWK23,D1,2023-03-17,1679011200,698.875,712.75,698.875,709.125,65522,0,714,760.0
157,-31,XW,XWK23,D1,2023-03-20,1679270400,710.0,710.0,695.5,699.0,57699,0,762,729.0
158,-30,XW,XWK23,D1,2023-03-21,1679356800,700.125,705.375,680.0,680.625,93941,0,1093,856.0
159,-29,XW,XWK23,D1,2023-03-22,1679443200,681.875,683.75,654.25,662.625,145291,0,1736,1197.0
160,-28,XW,XWK23,D1,2023-03-23,1679529600,665.0,676.0,657.375,658.25,83982,0,894,1241.0
161,-27,XW,XWK23,D1,2023-03-24,1679616000,659.25,700.25,656.25,687.625,252215,0,2388,1673.0
162,-26,XW,XWK23,D1,2023-03-27,1679875200,691.125,706.375,680.25,697.125,103363,0,1079,1454.0
163,-25,XW,XWK23,D1,2023-03-28,1679961600,697.125,704.375,691.625,697.0,90805,0,799,1422.0
164,-24,XW,XWK23,D1,2023-03-29,1680048000,698.625,726.125,697.0,704.375,174885,0,2017,1298.0
165,-23,XW,XWK23,D1,2023-03-30,1680134400,705.125,709.875,690.5,691.0,83950,0,1102,1306.0
166,-22,XW,XWK23,D1,2023-03-31,1680220800,693.875,701.0,681.25,692.125,132851,0,962,1360.0
167,-21,XW,XWK23,D1,2023-04-03,1680480000,696.0,710.375,691.75,695.625,71183,0,762,942.0
168,-20,XW,XWK23,D1,2023-04-04,1680566400,697.75,701.625,688.375,691.125,38010,0,531,752.0
169,-19,XW,XWK23,D1,2023-04-05,1680652800,691.0,692.375,675.125,679.75,78197,0,891,728.0
170,-18,XW,XWK23,D1,2023-04-06,1680739200,681.75,683.875,671.625,675.625,54243,0,633,685.0
171,-17,XW,XWK23,D1,2023-04-10,1681084800,681.375,686.875,668.375,679.875,45596,0,536,687.0
172,-16,XW,XWK23,D1,2023-04-11,1681171200,681.0,686.25,666.625,673.5,67875,0,679,616.0
173,-15,XW,XWK23,D1,2023-04-12,1681257600,673.5,683.5,672.0,679.0,33228,0,465,560.0
174,-14,XW,XWK23,D1,2023-04-13,1681344000,680.625,680.625,664.375,667.0,60970,0,642,595.0
175,-13,XW,XWK23,D1,2023-04-14,1681430400,667.375,685.75,661.5,685.75,79814,0,949,685.0
176,-12,XW,XWK23,D1,2023-04-17,1681689600,686.5,697.0,674.75,695.875,83947,0,871,821.0
177,-11,XW,XWK23,D1,2023-04-18,1681776000,693.5,706.625,689.625,697.25,79816,0,862,894.0
178,-10,XW,XWK23,D1,2023-04-19,1681862400,697.0,697.875,681.0,681.125,49971,0,531,755.0
179,-9,XW,XWK23,D1,2023-04-20,1681948800,682.625,683.5,666.75,667.375,35238,0,585,659.0
98,-52,XW,XWN23,D1,2023-04-21,1682035200,680.375,685.25,669.125,672.375,94588,0,1137,911.0
99,-51,XW,XWN23,D1,2023-04-24,1682294400,677.75,679.875,656.375,657.75,1225,0,1375,1169.0
100,-50,XW,XWN23,D1,2023-04-25,1682380800,658.0,660.0,642.75,653.875,1304,0,1679,1397.0
101,-49,XW,XWN23,D1,2023-04-26,1682467200,653.75,657.5,640.75,641.5,888,125,1000,1351.0
102,-48,XW,XWN23,D1,2023-04-27,1682553600,643.5,645.0,625.0,630.125,1227,0,1323,1334.0
103,-47,XW,XWN23,D1,2023-04-28,1682640000,630.125,638.75,623.875,633.75,742,125,776,1033.0
104,-46,XW,XWN23,D1,2023-05-01,1682899200,633.0,634.875,614.0,618.125,889,0,988,1029.0
105,-45,XW,XWN23,D1,2023-05-02,1682985600,620.0,626.0,607.875,610.375,960,125,999,921.0
106,-44,XW,XWN23,D1,2023-05-03,1683072000,610.0,642.0,604.0,640.875,1639,125,1780,1256.0
107,-43,XW,XWN23,D1,2023-05-04,1683158400,642.5,650.5,629.375,644.875,1209,125,1299,1359.0
108,-42,XW,XWN23,D1,2023-05-05,1683244800,646.125,663.375,643.875,659.875,921,125,961,1347.0
109,-41,XW,XWN23,D1,2023-05-08,1683504000,660.375,668.5,651.875,651.875,1105,125,1404,1221.0
110,-40,XW,XWN23,D1,2023-05-09,1683590400,652.25,655.0,633.125,644.125,1020,125,1105,1157.0
111,-39,XW,XWN23,D1,2023-05-10,1683676800,642.375,647.625,630.0,640.125,934,125,994,1168.0
112,-38,XW,XWN23,D1,2023-05-11,1683763200,640.0,640.75,626.0,627.625,745,125,801,967.0
113,-37,XW,XWN23,D1,2023-05-12,1683849600,628.125,653.5,625.125,635.875,1076,125,1202,999.0
114,-36,XW,XWN23,D1,2023-05-15,1684108800,635.0,663.375,632.625,662.375,1232,0,1303,1102.0
115,-35,XW,XWN23,D1,2023-05-16,1684195200,660.875,663.75,640.0,646.625,988,125,1077,1194.0
116,-34,XW,XWN23,D1,2023-05-17,1684281600,647.0,653.75,616.125,623.375,1817,125,1978,1453.0
117,-33,XW,XWN23,D1,2023-05-18,1684368000,624.5,626.75,605.75,611.25,1208,0,1276,1444.0
118,-32,XW,XWN23,D1,2023-05-19,1684454400,611.75,620.125,602.125,605.375,1037,125,1262,1505.0
119,-31,XW,XWN23,D1,2023-05-22,1684713600,608.0,613.5,596.5,605.625,1195,125,1280,1273.0
120,-30,XW,XWN23,D1,2023-05-23,1684800000,606.25,624.5,594.375,621.875,1423,125,1495,1346.0
121,-29,XW,XWN23,D1,2023-05-24,1684886400,622.0,624.375,602.875,606.25,1036,125,1130,1302.0
122,-28,XW,XWN23,D1,2023-05-25,1684972800,606.375,616.375,598.875,605.5,888,125,940,1188.0
123,-27,XW,XWN23,D1,2023-05-26,1685059200,604.125,618.25,602.75,617.0,644,125,783,951.0
124,-26,XW,XWN23,D1,2023-05-30,1685404800,616.5,616.5,588.875,589.375,1049,125,1199,974.0
125,-25,XW,XWN23,D1,2023-05-31,1685491200,591.25,594.875,573.0,593.875,1053,125,1132,1038.0
126,-24,XW,XWN23,D1,2023-06-01,1685577600,594.375,617.5,594.0,610.375,962,125,1106,1146.0
127,-23,XW,XWN23,D1,2023-06-02,1685664000,610.875,622.375,602.5,622.0,945,125,982,1073.0
128,-22,XW,XWN23,D1,2023-06-05,1685923200,620.25,631.0,615.75,624.875,1021,125,1117,1068.0
129,-21,XW,XWN23,D1,2023-06-06,1686009600,624.25,648.25,621.125,626.875,1861,0,2060,1386.0
130,-20,XW,XWN23,D1,2023-06-07,1686096000,625.875,635.0,612.875,617.0,1437,125,1526,1568.0
131,-19,XW,XWN23,D1,2023-06-08,1686182400,614.5,628.625,611.25,625.375,1137,125,1188,1591.0
132,-18,XW,XWN23,D1,2023-06-09,1686268800,624.625,632.125,618.625,630.0,898,125,948,1221.0
133,-17,XW,XWN23,D1,2023-06-12,1686528000,628.5,638.625,622.375,634.625,1009,125,1121,1086.0
134,-16,XW,XWN23,D1,2023-06-13,1686614400,634.375,649.0,626.75,637.375,987,125,1081,1050.0
135,-15,XW,XWN23,D1,2023-06-14,1686700800,638.0,638.875,624.75,630.125,891,125,1001,1068.0
136,-14,XW,XWN23,D1,2023-06-15,1686787200,626.5,665.0,626.5,661.5,1264,0,1391,1158.0
137,-13,XW,XWN23,D1,2023-06-16,1686873600,659.125,696.625,655.75,687.0,1900,125,2308,1567.0
138,-12,XW,XWN23,D1,2023-06-20,1687219200,688.0,699.625,676.125,695.25,1413,0,1587,1762.0
139,-11,XW,XWN23,D1,2023-06-21,1687305600,697.5,735.0,697.5,735.0,1153,125,1365,1753.0
140,-10,XW,XWN23,D1,2023-06-22,1687392000,727.875,747.0,726.0,738.375,805,125,858,1270.0
101,-48,XW,XWU23,D1,2023-06-23,1687478400,749.625,750.125,732.5,744.5,146044,0,1277,1009.0
102,-47,XW,XWU23,D1,2023-06-26,1687737600,746.125,770.625,733.25,737.75,257540,0,1943,1379.0
103,-46,XW,XWU23,D1,2023-06-27,1687824000,736.625,738.625,695.75,698.875,199298,0,1993,1738.0
104,-45,XW,XWU23,D1,2023-06-28,1687910400,698.75,706.75,667.75,669.75,181628,0,1563,1833.0
105,-44,XW,XWU23,D1,2023-06-29,1687996800,668.875,677.75,664.375,668.875,161684,0,1585,1714.0
106,-43,XW,XWU23,D1,2023-06-30,1688083200,669.875,680.5,648.0,648.625,242554,0,1691,1613.0
107,-42,XW,XWU23,D1,2023-07-03,1688342400,652.875,656.125,638.125,640.0,119754,0,1013,1430.0
108,-41,XW,XWU23,D1,2023-07-05,1688515200,647.5,679.625,646.375,673.375,183495,0,1281,1328.0
109,-40,XW,XWU23,D1,2023-07-06,1688601600,673.875,673.875,652.0,657.125,112774,0,1068,1121.0
110,-39,XW,XWU23,D1,2023-07-07,1688688000,655.5,662.0,643.625,651.375,102408,0,1113,1154.0
111,-38,XW,XWU23,D1,2023-07-10,1688947200,648.75,659.375,642.75,646.375,115250,0,1182,1121.0
112,-37,XW,XWU23,D1,2023-07-11,1689033600,642.75,665.0,642.75,659.875,114417,0,1280,1192.0
113,-36,XW,XWU23,D1,2023-07-12,1689120000,658.375,662.75,631.5,632.375,150022,0,1364,1275.0
114,-35,XW,XWU23,D1,2023-07-13,1689206400,632.5,644.5,621.5,640.25,135088,0,1473,1372.0
115,-34,XW,XWU23,D1,2023-07-14,1689292800,637.375,662.75,637.375,659.25,128559,0,1337,1391.0
116,-33,XW,XWU23,D1,2023-07-17,1689552000,663.0,688.875,651.0,653.25,275672,0,2575,1795.0
117,-32,XW,XWU23,D1,2023-07-18,1689638400,647.5,674.75,643.0,669.75,171005,0,1687,1866.0
118,-31,XW,XWU23,D1,2023-07-19,1689724800,668.25,730.75,665.125,725.375,516287,0,4411,2891.0
119,-30,XW,XWU23,D1,2023-07-20,1689811200,721.875,750.625,711.625,727.0,635761,0,5062,3720.0
120,-29,XW,XWU23,D1,2023-07-21,1689897600,724.0,732.875,694.25,697.0,301952,0,2323,3932.0
121,-28,XW,XWU23,D1,2023-07-24,1690156800,698.0,757.5,698.0,757.5,472348,0,4370,3918.0
122,-27,XW,XWU23,D1,2023-07-25,1690243200,753.0,777.25,735.75,761.875,632591,0,5430,4041.0
123,-26,XW,XWU23,D1,2023-07-26,1690329600,756.125,757.0,709.125,718.75,416672,0,3524,4441.0
124,-25,XW,XWU23,D1,2023-07-27,1690416000,720.875,739.75,712.25,712.25,348525,0,2870,3941.0
125,-24,XW,XWU23,D1,2023-07-28,1690502400,713.0,720.125,688.875,704.125,295725,0,2435,2943.0
126,-23,XW,XWU23,D1,2023-07-31,1690761600,702.75,704.0,660.625,666.75,272568,0,2523,2609.0
127,-22,XW,XWU23,D1,2023-08-01,1690848000,669.5,675.0,643.625,652.5,227767,0,2078,2345.0
128,-21,XW,XWU23,D1,2023-08-02,1690934400,649.625,684.625,636.25,640.125,416950,0,3313,2638.0
129,-20,XW,XWU23,D1,2023-08-03,1691020800,640.0,648.0,626.25,627.25,164710,0,1661,2351.0
130,-19,XW,XWU23,D1,2023-08-04,1691107200,626.875,653.375,626.875,635.375,188606,0,1527,2167.0
131,-18,XW,XWU23,D1,2023-08-07,1691366400,643.25,663.625,636.0,656.75,233486,0,2137,1775.0
132,-17,XW,XWU23,D1,2023-08-08,1691452800,657.0,662.0,642.375,654.875,180612,0,1611,1758.0
133,-16,XW,XWU23,D1,2023-08-09,1691539200,656.0,657.875,633.625,637.0,130900,0,1418,1722.0
134,-15,XW,XWU23,D1,2023-08-10,1691625600,638.0,643.625,635.125,638.0,100988,0,980,1336.0
135,-14,XW,XWU23,D1,2023-08-11,1691712000,638.875,638.875,624.125,626.5,115410,0,1032,1143.0
136,-13,XW,XWU23,D1,2023-08-14,1691971200,632.125,634.625,605.5,613.875,1384,0,1634,1215.0
137,-12,XW,XWU23,D1,2023-08-15,1692057600,615.25,615.375,595.75,598.125,899,125,989,1218.0
138,-11,XW,XWU23,D1,2023-08-16,1692144000,599.5,607.0,591.75,599.0,965,125,1080,1234.0
139,-10,XW,XWU23,D1,2023-08-17,1692230400,601.0,601.0,586.25,589.625,1066,125,1147,1072.0
140,-9,XW,XWU23,D1,2023-08-18,1692316800,590.125,615.5,589.375,614.375,1388,0,1496,1241.0
141,-8,XW,XWU23,D1,2023-08-21,1692576000,618.0,620.375,596.0,599.125,748,125,806,1150.0
142,-7,XW,XWU23,D1,2023-08-22,1692662400,598.25,610.125,594.25,602.75,543,125,655,986.0
99,-74,XW,XWZ23,D1,2023-08-23,1692748800,628.0,643.25,624.625,639.875,108946,0,1299,943.0
100,-73,XW,XWZ23,D1,2023-08-24,1692835200,640.625,642.125,626.375,632.375,85132,0,1057,1097.0
101,-72,XW,XWZ23,D1,2023-08-25,1692921600,632.375,637.125,615.625,620.875,107482,0,1317,1224.0
102,-71,XW,XWZ23,D1,2023-08-28,1693180800,621.125,628.125,612.375,617.25,80387,0,1362,1245.0
103,-70,XW,XWZ23,D1,2023-08-29,1693267200,616.125,618.25,599.75,600.75,113940,0,1654,1444.0
104,-69,XW,XWZ23,D1,2023-08-30,1693353600,601.25,610.75,599.0,605.875,127839,0,1729,1582.0
105,-68,XW,XWZ23,D1,2023-08-31,1693440000,604.5,615.5,593.625,601.0,158590,0,2069,1817.0
106,-67,XW,XWZ23,D1,2023-09-01,1693526400,602.0,612.75,595.25,595.25,91407,0,1123,1640.0
107,-66,XW,XWZ23,D1,2023-09-05,1693872000,598.375,605.625,592.0,600.0,125071,0,1336,1509.0
108,-65,XW,XWZ23,D1,2023-09-06,1693958400,601.25,615.125,599.125,608.75,97502,0,1180,1213.0
109,-64,XW,XWZ23,D1,2023-09-07,1694044800,609.375,613.5,598.125,599.125,81820,0,964,1160.0
110,-63,XW,XWZ23,D1,2023-09-08,1694131200,600.0,602.5,590.5,595.75,94876,0,1278,1141.0
111,-62,XW,XWZ23,D1,2023-09-11,1694390400,596.0,597.625,580.5,583.875,103797,0,1576,1273.0
112,-61,XW,XWZ23,D1,2023-09-12,1694476800,584.25,590.625,570.625,587.0,154308,0,1647,1500.0
113,-60,XW,XWZ23,D1,2023-09-13,1694563200,588.25,601.125,584.875,595.375,96951,0,1329,1517.0
114,-59,XW,XWZ23,D1,2023-09-14,1694649600,595.75,597.75,583.375,592.875,95883,0,1294,1423.0
115,-58,XW,XWZ23,D1,2023-09-15,1694736000,594.0,607.125,591.875,604.0,76431,0,987,1203.0
116,-57,XW,XWZ23,D1,2023-09-18,1694995200,604.25,604.375,587.25,588.875,91257,0,1116,1132.0
117,-56,XW,XWZ23,D1,2023-09-19,1695081600,588.5,592.5,581.0,584.25,90514,0,1178,1094.0
118,-55,XW,XWZ23,D1,2023-09-20,1695168000,584.125,595.875,581.625,588.0,86239,0,1083,1126.0
119,-54,XW,XWZ23,D1,2023-09-21,1695254400,588.125,589.75,575.125,575.625,68348,0,962,1074.0
120,-53,XW,XWZ23,D1,2023-09-22,1695340800,577.0,582.75,572.875,578.625,50965,0,1025,1023.0
121,-52,XW,XWZ23,D1,2023-09-25,1695600000,577.5,589.375,573.875,589.0,72220,0,962,983.0
122,-51,XW,XWZ23,D1,2023-09-26,1695686400,588.375,596.75,583.875,588.875,77597,0,1107,1031.0
123,-50,XW,XWZ23,D1,2023-09-27,1695772800,590.0,594.25,578.375,579.5,83004,0,1053,1041.0
124,-49,XW,XWZ23,D1,2023-09-28,1695859200,580.375,583.125,575.375,579.0,48522,0,646,935.0
125,-48,XW,XWZ23,D1,2023-09-29,1695945600,580.0,585.5,540.125,542.875,195356,0,2191,1297.0
126,-47,XW,XWZ23,D1,2023-10-02,1696204800,542.5,566.625,541.375,566.0,131970,0,1520,1452.0
127,-46,XW,XWZ23,D1,2023-10-03,1696291200,568.125,575.0,562.75,568.5,97582,0,1015,1575.0
128,-45,XW,XWZ23,D1,2023-10-04,1696377600,568.125,569.375,552.0,559.625,84874,0,1019,1185.0
129,-44,XW,XWZ23,D1,2023-10-05,1696464000,559.125,580.25,558.0,577.0,79829,0,983,1006.0
130,-43,XW,XWZ23,D1,2023-10-06,1696550400,576.25,579.875,566.375,569.375,57590,0,818,940.0
131,-42,XW,XWZ23,D1,2023-10-09,1696809600,571.875,581.0,570.25,572.25,66298,0,722,841.0
132,-41,XW,XWZ23,D1,2023-10-10,1696896000,573.875,573.875,555.625,558.375,71384,0,1016,852.0
133,-40,XW,XWZ23,D1,2023-10-11,1696982400,558.875,560.875,550.75,556.625,40792,0,648,795.0
134,-39,XW,XWZ23,D1,2023-10-12,1697068800,557.75,574.75,547.625,571.25,126116,0,1303,989.0
135,-38,XW,XWZ23,D1,2023-10-13,1697155200,570.75,586.5,569.375,578.5,119769,0,1273,1075.0
136,-37,XW,XWZ23,D1,2023-10-16,1697414400,580.875,588.375,575.25,577.5,61219,0,793,1123.0
137,-36,XW,XWZ23,D1,2023-10-17,1697500800,577.0,582.125,568.625,570.875,83958,0,953,1006.0
138,-35,XW,XWZ23,D1,2023-10-18,1697587200,572.125,584.0,571.625,580.25,66441,0,858,868.0
139,-34,XW,XWZ23,D1,2023-10-19,1697673600,580.0,594.25,576.875,593.75,109344,0,1190,1000.0
140,-33,XW,XWZ23,D1,2023-10-20,1697760000,594.0,604.25,583.0,583.0,124667,0,1479,1176.0
141,-32,XW,XWZ23,D1,2023-10-23,1698019200,585.375,595.125,582.125,587.25,63653,0,732,1134.0
142,-31,XW,XWZ23,D1,2023-10-24,1698105600,587.5,587.5,572.375,579.0,49860,0,701,971.0
143,-30,XW,XWZ23,D1,2023-10-25,1698192000,579.0,586.0,567.0,568.5,59600,0,757,730.0
144,-29,XW,XWZ23,D1,2023-10-26,1698278400,569.875,580.375,563.375,580.375,87070,0,885,781.0
145,-28,XW,XWZ23,D1,2023-10-27,1698364800,579.125,582.625,570.875,576.375,38996,0,565,736.0
146,-27,XW,XWZ23,D1,2023-10-30,1698624000,575.5,576.625,565.0,565.375,50773,0,617,689.0
147,-26,XW,XWZ23,D1,2023-10-31,1698710400,566.875,566.875,554.5,557.625,42121,0,591,591.0
148,-25,XW,XWZ23,D1,2023-11-01,1698796800,557.125,564.0,555.0,562.125,29115,0,462,557.0
149,-24,XW,XWZ23,D1,2023-11-02,1698883200,561.0,569.375,557.375,565.5,32737,0,564,539.0
150,-23,XW,XWZ23,D1,2023-11-03,1698969600,565.5,574.375,564.0,573.125,25450,0,430,485.0
151,-22,XW,XWZ23,D1,2023-11-06,1699228800,572.625,577.375,566.75,575.375,36091,0,509,501.0
152,-21,XW,XWZ23,D1,2023-11-07,1699315200,575.0,582.375,564.375,571.625,44614,0,610,516.0
153,-20,XW,XWZ23,D1,2023-11-08,1699401600,570.125,598.875,570.125,590.0,93689,0,1171,763.0
154,-19,XW,XWZ23,D1,2023-11-09,1699488000,589.875,589.875,573.0,580.75,50578,0,532,771.0
155,-18,XW,XWZ23,D1,2023-11-10,1699574400,581.875,582.875,570.125,575.375,36697,0,484,729.0
156,-17,XW,XWZ23,D1,2023-11-13,1699833600,575.0,581.375,567.25,579.0,25052,0,408,475.0
157,-16,XW,XWZ23,D1,2023-11-14,1699920000,579.625,584.625,570.5,572.5,43576,0,497,463.0
158,-15,XW,XWZ23,D1,2023-11-15,1700006400,574.125,579.0,557.25,561.0,44639,0,793,566.0
159,-14,XW,XWZ23,D1,2023-11-16,1700092800,561.375,561.625,546.375,554.375,47706,0,592,627.0
160,-13,XW,XWZ23,D1,2023-11-17,1700179200,553.25,557.375,547.0,550.75,18776,0,302,562.0
161,-12,XW,XWZ23,D1,2023-11-20,1700438400,551.375,553.875,540.0,544.0,47297,0,521,472.0
162,-11,XW,XWZ23,D1,2023-11-21,1700524800,541.25,557.0,541.25,555.5,25391,0,449,424.0
121,-70,XW,XWH24,D1,2023-11-22,1700611200,585.0,591.375,583.0,586.625,40360,0,632,564.0
122,-69,XW,XWH24,D1,2023-11-24,1700784000,586.875,586.875,574.75,578.75,37710,0,273,504.0
123,-68,XW,XWH24,D1,2023-11-27,1701043200,578.5,581.75,555.875,560.75,71942,0,1418,774.0
124,-67,XW,XWH24,D1,2023-11-28,1701129600,562.5,573.5,557.125,573.375,792,125,935,875.0
125,-66,XW,XWH24,D1,2023-11-29,1701216000,574.25,587.625,571.5,586.125,859,125,1067,1140.0
126,-65,XW,XWH24,D1,2023-11-30,1701302400,586.875,598.75,582.0,598.5,627,125,691,898.0
127,-64,XW,XWH24,D1,2023-12-01,1701388800,599.5,610.0,589.25,601.0,494,125,587,782.0
128,-63,XW,XWH24,D1,2023-12-04,1701648000,602.5,626.375,600.375,618.0,838,0,999,759.0
129,-62,XW,XWH24,D1,2023-12-05,1701734400,620.0,636.125,616.375,629.875,852,125,1098,895.0
130,-61,XW,XWH24,D1,2023-12-06,1701820800,629.0,649.25,626.5,632.25,961,125,1149,1082.0
131,-60,XW,XWH24,D1,2023-12-07,1701907200,631.25,644.75,621.625,642.5,905,0,1091,1113.0
132,-59,XW,XWH24,D1,2023-12-08,1701993600,640.5,644.5,628.625,631.75,592,125,701,980.0
133,-58,XW,XWH24,D1,2023-12-11,1702252800,631.75,632.125,608.0,609.25,1065,125,1346,1046.0
134,-57,XW,XWH24,D1,2023-12-12,1702339200,609.5,628.875,608.5,626.375,745,125,954,1000.0
135,-56,XW,XWH24,D1,2023-12-13,1702425600,625.0,626.75,602.375,606.25,647,125,799,1033.0
136,-55,XW,XWH24,D1,2023-12-14,1702512000,607.625,619.5,606.75,616.125,600,125,751,835.0
137,-54,XW,XWH24,D1,2023-12-15,1702598400,616.75,631.0,610.25,629.75,754,125,897,816.0
138,-53,XW,XWH24,D1,2023-12-18,1702857600,630.0,630.75,614.375,618.125,660,125,804,817.0
139,-52,XW,XWH24,D1,2023-12-19,1702944000,618.75,624.125,611.0,623.0,527,125,651,784.0
140,-51,XW,XWH24,D1,2023-12-20,1703030400,623.0,625.375,608.75,610.625,447,125,523,659.0
141,-50,XW,XWH24,D1,2023-12-21,1703116800,609.875,616.75,609.875,611.75,377,125,446,540.0
142,-49,XW,XWH24,D1,2023-12-22,1703203200,611.125,620.0,608.75,615.25,267,125,297,422.0
143,-48,XW,XWH24,D1,2023-12-26,1703548800,615.0,639.625,612.0,637.0,480,125,591,445.0
144,-47,XW,XWH24,D1,2023-12-27,1703635200,635.5,638.0,619.0,623.875,695,125,809,566.0
145,-46,XW,XWH24,D1,2023-12-28,1703721600,623.125,636.0,622.0,631.5,470,125,536,645.0
146,-45,XW,XWH24,D1,2023-12-29,1703808000,631.625,633.0,621.5,629.875,353,125,406,584.0
147,-44,XW,XWH24,D1,2024-01-02,1704153600,628.125,628.125,605.0,607.875,533,125,705,549.0
148,-43,XW,XWH24,D1,2024-01-03,1704240000,608.0,609.125,598.5,601.0,499,125,569,560.0
149,-42,XW,XWH24,D1,2024-01-04,1704326400,600.25,614.75,591.5,612.125,696,125,906,727.0
150,-41,XW,XWH24,D1,2024-01-05,1704412800,613.0,621.125,611.125,616.5,423,125,478,651.0
151,-40,XW,XWH24,D1,2024-01-08,1704672000,616.5,616.5,592.875,597.0,672,125,756,713.0
152,-39,XW,XWH24,D1,2024-01-09,1704758400,596.25,613.625,594.375,608.875,627,125,732,655.0
153,-38,XW,XWH24,D1,2024-01-10,1704844800,608.375,613.5,603.75,613.5,331,125,371,620.0
154,-37,XW,XWH24,D1,2024-01-11,1704931200,609.5,615.0,602.5,604.5,379,125,441,515.0
155,-36,XW,XWH24,D1,2024-01-12,1705017600,604.0,611.5,586.0,596.375,794,125,931,581.0
156,-35,XW,XWH24,D1,2024-01-16,1705363200,596.125,602.125,577.0,581.625,766,125,847,740.0
157,-34,XW,XWH24,D1,2024-01-17,1705449600,581.25,595.625,578.0,581.25,598,125,738,839.0
158,-33,XW,XWH24,D1,2024-01-18,1705536000,582.0,586.875,573.125,583.625,470,125,537,707.0
159,-32,XW,XWH24,D1,2024-01-19,1705622400,587.0,598.0,585.125,593.125,398,125,510,595.0
160,-31,XW,XWH24,D1,2024-01-22,1705881600,593.25,600.25,587.0,594.875,311,125,356,468.0
161,-30,XW,XWH24,D1,2024-01-23,1705968000,596.25,606.125,593.5,598.25,359,125,402,423.0
162,-29,XW,XWH24,D1,2024-01-24,1706054400,598.0,611.875,596.375,611.625,476,125,574,444.0
163,-28,XW,XWH24,D1,2024-01-25,1706140800,611.25,617.375,606.875,611.25,464,0,516,497.0
164,-27,XW,XWH24,D1,2024-01-26,1706227200,611.625,613.875,592.75,601.375,529,0,611,567.0
165,-26,XW,XWH24,D1,2024-01-29,1706486400,600.75,601.75,587.5,594.25,286,125,325,484.0
166,-25,XW,XWH24,D1,2024-01-30,1706572800,594.0,606.625,584.625,603.5,460,0,564,500.0
167,-24,XW,XWH24,D1,2024-01-31,1706659200,604.0,605.0,592.125,596.125,330,125,410,433.0
168,-23,XW,XWH24,D1,2024-02-01,1706745600,595.25,602.875,586.375,599.875,470,0,578,517.0
169,-22,XW,XWH24,D1,2024-02-02,1706832000,602.125,611.375,595.875,600.75,588,125,737,575.0
170,-21,XW,XWH24,D1,2024-02-05,1707091200,599.75,600.625,586.625,589.375,340,125,433,583.0
171,-20,XW,XWH24,D1,2024-02-06,1707177600,589.375,596.75,588.0,594.25,322,125,381,517.0
172,-19,XW,XWH24,D1,2024-02-07,1707264000,594.5,606.5,591.0,600.5,358,125,405,406.0
173,-18,XW,XWH24,D1,2024-02-08,1707350400,599.75,601.5,583.75,590.625,448,125,541,442.0
174,-17,XW,XWH24,D1,2024-02-09,1707436800,590.5,605.375,588.0,597.625,436,0,510,485.0
175,-16,XW,XWH24,D1,2024-02-12,1707696000,596.0,603.0,588.875,597.0,347,125,386,479.0
176,-15,XW,XWH24,D1,2024-02-13,1707782400,597.125,603.625,592.25,598.625,321,0,398,431.0
177,-14,XW,XWH24,D1,2024-02-14,1707868800,597.25,597.75,578.25,585.25,718,125,853,546.0
178,-13,XW,XWH24,D1,2024-02-15,1707955200,585.0,585.0,565.5,567.125,713,125,789,680.0
179,-12,XW,XWH24,D1,2024-02-16,1708041600,566.25,571.0,557.0,561.5,587,125,666,769.0
180,-11,XW,XWH24,D1,2024-02-20,1708387200,560.75,584.875,555.25,579.875,461,125,554,670.0
181,-10,XW,XWH24,D1,2024-02-21,1708473600,581.5,584.875,574.0,583.5,302,125,417,546.0
119,-48,XW,XWK24,D1,2024-02-22,1708560000,576.375,594.0,574.5,578.5,516,0,598,501.0
120,-47,XW,XWK24,D1,2024-02-23,1708646400,582.0,587.375,568.0,569.375,554,125,599,525.0
121,-46,XW,XWK24,D1,2024-02-26,1708905600,568.5,576.0,560.0,574.5,658,0,988,728.0
122,-45,XW,XWK24,D1,2024-02-27,1708992000,573.5,589.5,571.5,585.125,817,125,1026,871.0
123,-44,XW,XWK24,D1,2024-02-28,1709078400,583.75,584.625,572.0,576.875,743,0,900,971.0
124,-43,XW,XWK24,D1,2024-02-29,1709164800,575.25,581.0,569.0,576.25,556,125,625,850.0
125,-42,XW,XWK24,D1,2024-03-01,1709251200,575.5,576.625,555.625,558.625,783,125,910,812.0
126,-41,XW,XWK24,D1,2024-03-04,1709510400,563.875,567.625,553.125,563.625,640,125,783,773.0
127,-40,XW,XWK24,D1,2024-03-05,1709596800,564.125,564.875,546.25,551.625,646,0,705,799.0
128,-39,XW,XWK24,D1,2024-03-06,1709683200,550.25,551.0,529.625,532.0,1015,125,1125,871.0
129,-38,XW,XWK24,D1,2024-03-07,1709769600,532.0,538.375,527.75,529.375,635,125,728,853.0
130,-37,XW,XWK24,D1,2024-03-08,1709856000,528.5,542.25,526.75,538.625,659,0,802,885.0
131,-36,XW,XWK24,D1,2024-03-11,1710115200,539.75,550.25,523.0,547.125,814,125,921,817.0
132,-35,XW,XWK24,D1,2024-03-12,1710201600,547.0,555.875,541.25,548.5,634,125,719,814.0
133,-34,XW,XWK24,D1,2024-03-13,1710288000,549.75,553.625,537.0,543.5,581,125,611,750.0
134,-33,XW,XWK24,D1,2024-03-14,1710374400,540.875,542.25,528.5,532.5,796,0,872,734.0
135,-32,XW,XWK24,D1,2024-03-15,1710460800,533.125,537.125,527.0,529.375,441,0,472,652.0
136,-31,XW,XWK24,D1,2024-03-18,1710720000,531.625,543.375,527.375,541.75,707,0,793,712.0
137,-30,XW,XWK24,D1,2024-03-19,1710806400,543.0,553.375,539.0,553.375,491,125,584,616.0
138,-29,XW,XWK24,D1,2024-03-20,1710892800,552.75,553.0,537.25,545.125,483,0,578,652.0
139,-28,XW,XWK24,D1,2024-03-21,1710979200,545.75,552.375,540.0,546.875,449,125,476,546.0
140,-27,XW,XWK24,D1,2024-03-22,1711065600,547.0,558.875,539.125,555.875,920,125,1294,783.0
141,-26,XW,XWK24,D1,2024-03-25,1711324800,559.0,566.875,549.625,555.0,843,125,968,913.0
142,-25,XW,XWK24,D1,2024-03-26,1711411200,556.0,557.625,543.0,543.0,554,125,631,964.0
143,-24,XW,XWK24,D1,2024-03-27,1711497600,542.5,549.25,537.625,547.75,517,125,603,734.0
144,-23,XW,XWK24,D1,2024-03-28,1711584000,549.625,568.25,544.75,562.25,811,125,1000,745.0
145,-22,XW,XWK24,D1,2024-04-01,1711929600,562.5,563.0,547.25,556.875,567,125,661,755.0
146,-21,XW,XWK24,D1,2024-04-02,1712016000,557.0,562.625,543.625,545.0,598,125,645,769.0
147,-20,XW,XWK24,D1,2024-04-03,1712102400,545.125,559.375,540.5,555.625,621,0,671,659.0
148,-19,XW,XWK24,D1,2024-04-04,1712188800,556.25,562.375,549.75,556.625,582,125,688,668.0
149,-18,XW,XWK24,D1,2024-04-05,1712275200,557.0,574.375,554.875,564.375,979,0,1149,836.0
150,-17,XW,XWK24,D1,2024-04-08,1712534400,570.125,573.75,559.5,565.875,612,125,754,864.0
151,-16,XW,XWK24,D1,2024-04-09,1712620800,562.0,564.0,553.25,557.375,634,125,724,876.0
152,-15,XW,XWK24,D1,2024-04-10,1712707200,558.25,566.625,556.0,558.125,438,125,546,675.0
153,-14,XW,XWK24,D1,2024-04-11,1712793600,557.0,559.75,547.0,551.625,451,125,513,594.0
154,-13,XW,XWK24,D1,2024-04-12,1712880000,550.5,562.25,550.0,555.75,531,125,622,560.0
155,-12,XW,XWK24,D1,2024-04-15,1713139200,556.0,556.0,544.0,552.5,525,125,608,581.0
156,-11,XW,XWK24,D1,2024-04-16,1713225600,552.25,556.875,542.375,549.75,412,125,458,563.0
157,-10,XW,XWK24,D1,2024-04-17,1713312000,550.5,555.0,535.75,538.125,598,0,702,589.0
158,-9,XW,XWK24,D1,2024-04-18,1713398400,537.25,543.5,534.75,536.375,440,0,490,550.0
159,-8,XW,XWK24,D1,2024-04-19,1713484800,536.0,558.25,535.75,551.25,448,125,503,565.0
97,-49,XW,XWN24,D1,2024-04-22,1713744000,566.0,595.5,565.625,588.125,1037,125,1208,667.0
98,-48,XW,XWN24,D1,2024-04-23,1713830400,589.25,603.375,583.625,601.125,872,125,1062,946.0
99,-47,XW,XWN24,D1,2024-04-24,1713916800,600.625,616.625,596.0,614.125,893,125,1027,1099.0
100,-46,XW,XWN24,D1,2024-04-25,1714003200,611.75,623.25,611.75,620.375,983,0,1116,1068.0
101,-45,XW,XWN24,D1,2024-04-26,1714089600,620.25,633.0,616.125,621.75,1008,0,1184,1109.0
102,-44,XW,XWN24,D1,2024-04-29,1714348800,615.875,623.0,602.75,608.125,1200,125,1338,1213.0
103,-43,XW,XWN24,D1,2024-04-30,1714435200,606.875,607.5,595.625,604.0,794,125,892,1138.0
104,-42,XW,XWN24,D1,2024-05-01,1714521600,605.0,608.875,593.25,599.5,671,125,741,990.0
105,-41,XW,XWN24,D1,2024-05-02,1714608000,599.375,615.375,596.0,604.125,930,125,1031,888.0
106,-40,XW,XWN24,D1,2024-05-03,1714694400,603.625,632.375,603.0,623.125,1374,125,1610,1127.0
107,-39,XW,XWN24,D1,2024-05-06,1714953600,622.125,650.0,609.25,646.0,1609,0,1793,1478.0
108,-38,XW,XWN24,D1,2024-05-07,1715040000,646.5,654.125,636.0,643.0,1184,125,1426,1610.0
109,-37,XW,XWN24,D1,2024-05-08,1715126400,640.5,649.125,628.5,634.625,922,125,1030,1416.0
110,-36,XW,XWN24,D1,2024-05-09,1715212800,634.5,647.375,632.625,637.75,930,125,1069,1175.0
111,-35,XW,XWN24,D1,2024-05-10,1715299200,637.0,665.0,637.0,662.25,1434,0,1650,1250.0
112,-34,XW,XWN24,D1,2024-05-13,1715558400,662.5,693.875,654.25,686.625,1735,0,1897,1539.0
113,-33,XW,XWN24,D1,2024-05-14,1715644800,685.0,696.0,668.125,674.0,1343,125,1618,1722.0
114,-32,XW,XWN24,D1,2024-05-15,1715731200,674.125,696.875,662.25,666.0,1807,0,2230,1915.0
115,-31,XW,XWN24,D1,2024-05-16,1715817600,666.0,681.75,656.5,663.0,1482,125,1804,1884.0
116,-30,XW,XWN24,D1,2024-05-17,1715904000,664.0,676.25,650.0,650.75,1308,125,1570,1868.0
117,-29,XW,XWN24,D1,2024-05-20,1716163200,653.75,691.25,653.75,688.875,1710,0,2031,1802.0
118,-28,XW,XWN24,D1,2024-05-21,1716249600,687.5,700.625,682.125,698.875,1357,125,1669,1757.0
119,-27,XW,XWN24,D1,2024-05-22,1716336000,697.375,716.375,688.375,694.0,1643,125,2025,1908.0
120,-26,XW,XWN24,D1,2024-05-23,1716422400,694.0,702.625,682.5,700.0,1273,125,1527,1740.0
121,-25,XW,XWN24,D1,2024-05-24,1716508800,700.0,705.75,689.375,703.125,1080,0,1273,1608.0
122,-24,XW,XWN24,D1,2024-05-28,1716854400,710.875,719.75,693.5,701.875,1499,125,1855,1552.0
123,-23,XW,XWN24,D1,2024-05-29,1716940800,702.0,706.125,687.625,692.375,996,125,1176,1435.0
124,-22,XW,XWN24,D1,2024-05-30,1717027200,692.25,693.0,669.125,680.875,1325,125,1826,1619.0
125,-21,XW,XWN24,D1,2024-05-31,1717113600,681.5,690.875,674.0,680.0,860,125,1076,1359.0
126,-20,XW,XWN24,D1,2024-06-03,1717372800,678.375,697.375,666.875,673.375,1328,125,1630,1511.0
127,-19,XW,XWN24,D1,2024-06-04,1717459200,674.375,681.125,657.875,658.75,874,125,1073,1260.0
128,-18,XW,XWN24,D1,2024-06-05,1717545600,658.5,663.75,642.5,646.25,887,125,1015,1239.0
129,-17,XW,XWN24,D1,2024-06-06,1717632000,650.0,654.25,638.125,638.625,882,125,1060,1049.0
130,-16,XW,XWN24,D1,2024-06-07,1717718400,639.5,639.5,618.625,626.625,1636,125,2113,1396.0
131,-15,XW,XWN24,D1,2024-06-10,1717977600,626.5,626.625,606.5,606.5,1327,125,1654,1609.0
132,-14,XW,XWN24,D1,2024-06-11,1718064000,606.0,632.5,605.75,625.625,1275,125,1765,1844.0
133,-13,XW,XWN24,D1,2024-06-12,1718150400,626.0,628.0,610.875,614.75,1051,125,1247,1555.0
134,-12,XW,XWN24,D1,2024-06-13,1718236800,615.25,627.0,612.0,618.875,660,125,766,1259.0
135,-11,XW,XWN24,D1,2024-06-14,1718323200,617.5,622.5,611.0,612.375,620,125,723,912.0
136,-10,XW,XWN24,D1,2024-06-17,1718582400,609.0,609.125,590.0,591.0,928,125,1214,901.0
137,-9,XW,XWN24,D1,2024-06-18,1718668800,590.0,594.25,580.0,580.625,566,125,683,873.0
138,-8,XW,XWN24,D1,2024-06-20,1718841600,581.25,583.0,565.875,570.625,528,125,676,858.0
98,-52,XW,XWU24,D1,2024-06-21,1718928000,587.5,593.625,574.5,577.125,711,125,877,764.0
99,-51,XW,XWU24,D1,2024-06-24,1719187200,575.375,578.625,564.375,571.125,797,125,1001,989.0
100,-50,XW,XWU24,D1,2024-06-25,1719273600,571.5,574.25,559.0,559.0,624,125,760,879.0
101,-49,XW,XWU24,D1,2024-06-26,1719360000,558.625,572.375,556.0,558.875,989,125,1266,1009.0
102,-48,XW,XWU24,D1,2024-06-27,1719446400,559.75,581.375,559.0,580.75,1466,125,1990,1339.0
103,-47,XW,XWU24,D1,2024-06-28,1719532800,580.5,586.125,565.875,576.0,959,125,1204,1487.0
104,-46,XW,XWU24,D1,2024-07-01,1719792000,575.0,591.25,568.0,589.5,800,125,1118,1437.0
105,-45,XW,XWU24,D1,2024-07-02,1719878400,586.625,589.875,578.75,582.5,620,125,790,1037.0
106,-44,XW,XWU24,D1,2024-07-03,1719964800,581.75,588.375,573.0,573.0,680,125,790,899.0
107,-43,XW,XWU24,D1,2024-07-05,1720137600,575.25,592.375,575.25,591.375,549,125,749,776.0
108,-42,XW,XWU24,D1,2024-07-08,1720396800,590.375,592.125,565.0,568.875,1211,0,1481,1007.0
109,-41,XW,XWU24,D1,2024-07-09,1720483200,570.0,578.625,569.625,571.0,695,125,892,1041.0
110,-40,XW,XWU24,D1,2024-07-10,1720569600,571.0,572.0,555.875,561.25,920,125,1190,1188.0
111,-39,XW,XWU24,D1,2024-07-11,1720656000,561.5,580.75,560.125,571.375,876,125,1064,1049.0
112,-38,XW,XWU24,D1,2024-07-12,1720742400,570.75,570.75,549.0,551.375,1079,0,1253,1169.0
113,-37,XW,XWU24,D1,2024-07-15,1721001600,550.5,551.0,531.0,531.0,746,125,944,1087.0
114,-36,XW,XWU24,D1,2024-07-16,1721088000,531.25,537.5,525.375,530.25,761,0,929,1042.0
115,-35,XW,XWU24,D1,2024-07-17,1721174400,531.25,546.25,528.75,541.0,747,125,1002,958.0
116,-34,XW,XWU24,D1,2024-07-18,1721260800,540.25,546.5,532.625,536.0,665,125,817,916.0
117,-33,XW,XWU24,D1,2024-07-19,1721347200,532.375,556.0,530.25,544.25,933,0,1208,1009.0
118,-32,XW,XWU24,D1,2024-07-22,1721606400,543.5,553.75,540.5,548.0,743,125,976,1000.0
119,-31,XW,XWU24,D1,2024-07-23,1721692800,548.0,551.875,540.625,541.875,557,125,702,962.0
120,-30,XW,XWU24,D1,2024-07-24,1721779200,542.0,555.25,536.5,546.125,763,125,943,874.0
121,-29,XW,XWU24,D1,2024-07-25,1721865600,546.125,549.125,536.25,537.125,556,125,656,767.0
122,-28,XW,XWU24,D1,2024-07-26,1721952000,537.0,541.375,521.375,522.375,825,0,1102,900.0
123,-27,XW,XWU24,D1,2024-07-29,1722211200,523.75,532.625,514.125,530.0,845,125,1201,986.0
124,-26,XW,XWU24,D1,2024-07-30,1722297600,529.125,529.125,517.375,522.25,523,125,648,984.0
125,-25,XW,XWU24,D1,2024-07-31,1722384000,522.625,533.5,515.625,526.5,879,125,1121,990.0
126,-24,XW,XWU24,D1,2024-08-01,1722470400,526.75,534.75,520.0,533.875,742,0,986,918.0
127,-23,XW,XWU24,D1,2024-08-02,1722556800,532.5,540.25,528.125,540.125,709,125,945,1017.0
128,-22,XW,XWU24,D1,2024-08-05,1722816000,540.25,543.0,519.875,541.125,681,125,876,936.0
129,-21,XW,XWU24,D1,2024-08-06,1722902400,540.0,548.875,531.875,544.0,641,125,792,871.0
130,-20,XW,XWU24,D1,2024-08-07,1722988800,544.5,548.625,534.625,539.5,461,125,543,737.0
131,-19,XW,XWU24,D1,2024-08-08,1723075200,537.75,544.375,532.625,536.125,437,125,546,627.0
132,-18,XW,XWU24,D1,2024-08-09,1723161600,537.875,551.5,537.5,542.375,616,125,767,619.0
133,-17,XW,XWU24,D1,2024-08-12,1723420800,543.0,546.0,527.75,537.0,880,125,1084,799.0
134,-16,XW,XWU24,D1,2024-08-13,1723507200,537.0,538.125,525.0,529.0,524,125,657,836.0
135,-15,XW,XWU24,D1,2024-08-14,1723593600,528.375,536.75,523.375,536.125,463,125,613,785.0
136,-14,XW,XWU24,D1,2024-08-15,1723680000,535.5,547.875,527.375,527.625,670,125,904,725.0
137,-13,XW,XWU24,D1,2024-08-16,1723766400,527.5,533.125,522.875,528.0,471,125,599,705.0
138,-12,XW,XWU24,D1,2024-08-19,1724025600,531.0,532.0,521.5,528.375,524,125,657,720.0
139,-11,XW,XWU24,D1,2024-08-20,1724112000,527.0,535.375,525.875,533.875,399,125,509,588.0
140,-10,XW,XWU24,D1,2024-08-21,1724198400,533.125,536.25,518.875,520.5,440,125,549,572.0
101,-73,XW,XWZ24,D1,2024-08-22,1724284800,545.375,548.0,526.5,534.875,684,125,864,594.0
102,-72,XW,XWZ24,D1,2024-08-23,1724371200,533.625,538.25,527.125,530.25,447,0,519,661.0
103,-71,XW,XWZ24,D1,2024-08-26,1724630400,531.125,531.875,522.0,524.5,609,125,686,690.0
104,-70,XW,XWZ24,D1,2024-08-27,1724716800,524.375,538.25,520.75,535.625,730,0,904,703.0
105,-69,XW,XWZ24,D1,2024-08-28,1724803200,534.0,543.75,532.5,541.75,703,125,967,852.0
106,-68,XW,XWZ24,D1,2024-08-29,1724889600,539.375,549.25,535.25,547.375,627,125,797,889.0
107,-67,XW,XWZ24,D1,2024-08-30,1724976000,548.0,553.25,545.75,552.125,494,125,659,808.0
108,-66,XW,XWZ24,D1,2024-09-03,1725321600,552.125,567.0,545.0,566.75,682,125,836,764.0
109,-65,XW,XWZ24,D1,2024-09-04,1725408000,564.0,582.75,564.0,581.375,655,125,836,777.0
110,-64,XW,XWZ24,D1,2024-09-05,1725494400,579.5,580.25,566.875,574.625,570,125,681,784.0
111,-63,XW,XWZ24,D1,2024-09-06,1725580800,574.125,580.0,566.0,567.0,430,125,551,689.0
112,-62,XW,XWZ24,D1,2024-09-09,1725840000,564.375,569.625,560.875,569.625,322,125,376,536.0
113,-61,XW,XWZ24,D1,2024-09-10,1725926400,568.875,578.375,566.25,572.625,477,125,620,516.0
114,-60,XW,XWZ24,D1,2024-09-11,1726012800,572.625,582.25,572.625,579.5,471,125,621,539.0
115,-59,XW,XWZ24,D1,2024-09-12,1726099200,579.0,591.25,574.125,578.375,794,125,968,736.0
116,-58,XW,XWZ24,D1,2024-09-13,1726185600,580.75,598.75,579.375,595.75,755,125,946,845.0
117,-57,XW,XWZ24,D1,2024-09-16,1726444800,594.5,596.0,574.0,578.25,921,125,1286,1067.0
118,-56,XW,XWZ24,D1,2024-09-17,1726531200,578.5,584.25,571.5,576.875,710,125,823,1018.0
119,-55,XW,XWZ24,D1,2024-09-18,1726617600,576.5,582.625,573.0,575.625,558,125,667,925.0
120,-54,XW,XWZ24,D1,2024-09-19,1726704000,575.75,576.875,563.625,567.0,673,125,838,776.0
121,-53,XW,XWZ24,D1,2024-09-20,1726790400,567.0,575.875,565.5,569.5,630,125,856,787.0
122,-52,XW,XWZ24,D1,2024-09-23,1727049600,570.375,586.375,569.25,583.0,871,0,1174,956.0
123,-51,XW,XWZ24,D1,2024-09-24,1727136000,582.0,589.0,575.25,579.0,852,125,1062,1031.0
124,-50,XW,XWZ24,D1,2024-09-25,1727222400,579.25,591.125,573.125,589.375,694,125,852,1029.0
125,-49,XW,XWZ24,D1,2024-09-26,1727308800,589.875,596.5,582.375,585.0,651,125,840,918.0
126,-48,XW,XWZ24,D1,2024-09-27,1727395200,582.25,583.375,575.625,580.25,849,125,1019,904.0
127,-47,XW,XWZ24,D1,2024-09-30,1727654400,580.0,590.5,575.625,583.5,692,0,853,904.0
128,-46,XW,XWZ24,D1,2024-10-01,1727740800,583.0,602.375,577.25,597.375,1135,125,1380,1084.0
129,-45,XW,XWZ24,D1,2024-10-02,1727827200,597.125,617.0,596.5,613.375,1137,125,1440,1224.0
130,-44,XW,XWZ24,D1,2024-10-03,1727913600,613.25,617.0,601.375,602.875,835,125,1047,1289.0
131,-43,XW,XWZ24,D1,2024-10-04,1728000000,604.0,604.125,586.875,590.875,1315,0,1676,1388.0
132,-42,XW,XWZ24,D1,2024-10-07,1728259200,590.75,595.125,584.25,592.875,778,125,946,1223.0
133,-41,XW,XWZ24,D1,2024-10-08,1728345600,595.0,598.625,587.25,594.5,856,125,1133,1252.0
134,-40,XW,XWZ24,D1,2024-10-09,1728432000,595.0,604.875,594.5,601.375,734,125,940,1006.0
135,-39,XW,XWZ24,D1,2024-10-10,1728518400,602.0,609.5,598.25,603.0,655,0,798,957.0
136,-38,XW,XWZ24,D1,2024-10-11,1728604800,605.0,611.0,592.75,598.625,1178,125,1481,1073.0
137,-37,XW,XWZ24,D1,2024-10-14,1728864000,598.625,600.375,584.0,586.5,824,125,1086,1122.0
138,-36,XW,XWZ24,D1,2024-10-15,1728950400,585.25,586.5,578.125,580.375,637,125,863,1143.0
139,-35,XW,XWZ24,D1,2024-10-16,1729036800,580.875,587.625,575.0,584.25,549,125,758,902.0
140,-34,XW,XWZ24,D1,2024-10-17,1729123200,584.75,591.5,576.375,589.0,670,125,893,838.0
141,-33,XW,XWZ24,D1,2024-10-18,1729209600,589.25,595.375,570.125,571.5,1062,125,1357,1003.0
142,-32,XW,XWZ24,D1,2024-10-21,1729468800,571.75,583.875,571.0,571.875,643,125,805,1018.0
143,-31,XW,XWZ24,D1,2024-10-22,1729555200,573.0,578.875,565.875,576.125,527,125,670,944.0
144,-30,XW,XWZ24,D1,2024-10-23,1729641600,574.75,582.5,566.875,578.75,529,125,691,722.0
145,-29,XW,XWZ24,D1,2024-10-24,1729728000,579.375,583.75,574.25,581.5,511,125,662,674.0
146,-28,XW,XWZ24,D1,2024-10-25,1729814400,581.5,585.875,565.875,569.625,698,125,844,732.0
147,-27,XW,XWZ24,D1,2024-10-28,1730073600,560.875,571.375,557.75,559.0,773,125,1132,879.0
148,-26,XW,XWZ24,D1,2024-10-29,1730160000,557.25,572.875,556.625,571.125,639,125,797,924.0
149,-25,XW,XWZ24,D1,2024-10-30,1730246400,570.625,580.25,564.25,572.75,672,125,875,935.0
150,-24,XW,XWZ24,D1,2024-10-31,1730332800,573.5,573.5,563.5,570.5,504,125,589,754.0
151,-23,XW,XWZ24,D1,2024-11-01,1730419200,571.5,577.75,564.125,567.375,536,125,638,701.0
152,-22,XW,XWZ24,D1,2024-11-04,1730678400,567.625,575.625,565.0,573.125,471,125,558,595.0
153,-21,XW,XWZ24,D1,2024-11-05,1730764800,570.0,574.5,565.5,573.25,390,125,485,560.0
154,-20,XW,XWZ24,D1,2024-11-06,1730851200,573.375,579.0,562.25,572.125,763,125,974,672.0
155,-19,XW,XWZ24,D1,2024-11-07,1730937600,574.375,579.375,565.25,572.0,583,125,842,767.0
156,-18,XW,XWZ24,D1,2024-11-08,1731024000,572.625,578.625,566.625,571.75,545,125,668,828.0
157,-17,XW,XWZ24,D1,2024-11-11,1731283200,572.0,573.25,551.5,564.625,949,125,1225,912.0
158,-16,XW,XWZ24,D1,2024-11-12,1731369600,565.0,569.25,549.0,549.375,603,125,730,874.0
159,-15,XW,XWZ24,D1,2024-11-13,1731456000,552.5,552.5,536.25,540.5,553,125,702,886.0
160,-14,XW,XWZ24,D1,2024-11-14,1731542400,541.875,544.125,527.75,531.25,461,125,575,669.0
161,-13,XW,XWZ24,D1,2024-11-15,1731628800,531.75,541.5,531.0,537.125,380,125,446,574.0
162,-12,XW,XWZ24,D1,2024-11-18,1731888000,542.25,550.625,536.5,550.375,472,125,573,531.0
163,-11,XW,XWZ24,D1,2024-11-19,1731974400,549.75,558.5,545.875,549.5,516,0,671,563.0
164,-10,XW,XWZ24,D1,2024-11-20,1732060800,549.0,555.125,543.75,552.5,364,125,430,558.0
165,-9,XW,XWZ24,D1,2024-11-21,1732147200,553.0,557.375,548.875,548.875,256,125,324,475.0
122,-68,XW,XWH25,D1,2024-11-22,1732233600,568.5,571.25,562.625,563.5,12,0,400,364.0
123,-67,XW,XWH25,D1,2024-11-25,1732492800,565.125,568.25,550.875,556.375,1,0,660,478.0
124,-66,XW,XWH25,D1,2024-11-26,1732579200,554.25,564.0,553.0,558.375,1,0,1112,724.0
125,-65,XW,XWH25,D1,2024-11-27,1732665600,557.5,558.25,547.375,548.875,3,0,1061,944.0
126,-64,XW,XWH25,D1,2024-11-29,1732838400,548.125,553.0,543.5,548.0,0,0,889,1021.0
127,-63,XW,XWH25,D1,2024-12-02,1733097600,549.125,552.0,542.75,548.125,6,0,597,849.0
128,-62,XW,XWH25,D1,2024-12-03,1733184000,546.0,556.875,545.75,548.125,1,0,730,739.0
129,-61,XW,XWH25,D1,2024-12-04,1733270400,548.625,549.875,540.25,547.125,2,0,577,635.0
130,-60,XW,XWH25,D1,2024-12-05,1733356800,544.5,560.375,544.5,558.875,0,0,636,648.0
131,-59,XW,XWH25,D1,2024-12-06,1733443200,558.625,560.25,553.625,555.625,7,0,292,502.0
132,-58,XW,XWH25,D1,2024-12-09,1733702400,557.0,564.625,554.0,558.25,2,0,396,441.0
133,-57,XW,XWH25,D1,2024-12-10,1733788800,559.75,563.375,553.5,561.5,0,0,364,351.0
134,-56,XW,XWH25,D1,2024-12-11,1733875200,562.75,569.5,560.625,563.625,0,0,503,421.0
135,-55,XW,XWH25,D1,2024-12-12,1733961600,562.375,565.75,556.375,558.75,0,0,403,423.0
136,-54,XW,XWH25,D1,2024-12-13,1734048000,559.5,560.875,551.25,551.375,0,0,481,462.0
137,-53,XW,XWH25,D1,2024-12-16,1734307200,553.5,558.875,548.625,549.5,7,0,412,432.0
138,-52,XW,XWH25,D1,2024-12-17,1734393600,551.25,552.25,542.5,545.875,0,0,461,451.0
139,-51,XW,XWH25,D1,2024-12-18,1734480000,545.25,554.125,539.125,540.5,1,0,652,508.0
140,-50,XW,XWH25,D1,2024-12-19,1734566400,541.125,541.25,530.5,532.5,4,0,611,575.0
141,-49,XW,XWH25,D1,2024-12-20,1734652800,532.125,537.5,528.75,532.25,0,0,652,638.0
142,-48,XW,XWH25,D1,2024-12-23,1734912000,533.25,543.75,533.25,540.25,2,0,538,600.0
143,-47,XW,XWH25,D1,2024-12-24,1734998400,538.5,540.75,533.0,535.625,0,0,312,501.0
144,-46,XW,XWH25,D1,2024-12-26,1735171200,535.875,544.0,534.375,540.75,0,0,261,370.0
145,-45,XW,XWH25,D1,2024-12-27,1735257600,540.5,547.375,537.625,547.375,0,0,421,331.0
146,-44,XW,XWH25,D1,2024-12-30,1735516800,546.5,554.75,544.875,548.25,1,0,506,396.0
147,-43,XW,XWH25,D1,2024-12-31,1735603200,548.5,552.375,547.0,551.875,0,0,321,416.0
148,-42,XW,XWH25,D1,2025-01-02,1735776000,551.875,552.5,542.0,544.875,2,0,334,387.0
149,-41,XW,XWH25,D1,2025-01-03,1735862400,544.0,546.875,527.25,528.125,2,0,867,507.0
150,-40,XW,XWH25,D1,2025-01-06,1736121600,530.0,543.5,529.875,540.5,4,0,690,630.0
151,-39,XW,XWH25,D1,2025-01-07,1736208000,540.5,544.0,535.375,542.875,0,0,465,674.0
152,-38,XW,XWH25,D1,2025-01-08,1736294400,542.875,544.75,534.25,536.25,2,0,442,532.0
153,-37,XW,XWH25,D1,2025-01-09,1736380800,536.375,539.125,529.25,532.375,0,0,413,440.0
154,-36,XW,XWH25,D1,2025-01-10,1736467200,532.125,541.0,525.625,529.625,1,0,949,601.0
155,-35,XW,XWH25,D1,2025-01-13,1736726400,530.625,545.375,529.125,545.0,2,0,791,718.0
156,-34,XW,XWH25,D1,2025-01-14,1736812800,546.0,552.0,542.75,546.125,0,0,652,797.0
157,-33,XW,XWH25,D1,2025-01-15,1736899200,547.5,551.5,542.0,547.0,1,0,584,676.0
158,-32,XW,XWH25,D1,2025-01-16,1736985600,546.5,547.25,536.875,538.125,0,0,538,591.0
159,-31,XW,XWH25,D1,2025-01-17,1737072000,537.625,542.0,533.375,538.75,0,0,556,559.0
160,-30,XW,XWH25,D1,2025-01-21,1737417600,541.75,561.5,541.75,559.875,1,0,1112,735.0
161,-29,XW,XWH25,D1,2025-01-22,1737504000,557.625,566.75,551.5,553.875,1,0,902,857.0
162,-28,XW,XWH25,D1,2025-01-23,1737590400,555.5,558.75,548.375,553.0,1,0,698,904.0
163,-27,XW,XWH25,D1,2025-01-24,1737676800,550.25,551.875,541.5,543.625,1,0,942,847.0
164,-26,XW,XWH25,D1,2025-01-27,1737936000,542.75,543.0,532.0,535.375,4,0,838,826.0
165,-25,XW,XWH25,D1,2025-01-28,1738022400,535.25,548.375,533.875,544.5,0,0,593,791.0
166,-24,XW,XWH25,D1,2025-01-29,1738108800,544.5,564.25,544.5,561.0,1,0,795,742.0
167,-23,XW,XWH25,D1,2025-01-30,1738195200,560.375,570.0,559.25,565.875,1,0,741,710.0
168,-22,XW,XWH25,D1,2025-01-31,1738281600,568.0,571.0,551.625,560.125,2,0,709,748.0
169,-21,XW,XWH25,D1,2025-02-03,1738540800,557.0,573.75,550.25,566.5,996,125,1281,910.0
170,-20,XW,XWH25,D1,2025-02-04,1738627200,566.5,578.5,558.5,577.375,793,125,944,978.0
171,-19,XW,XWH25,D1,2025-02-05,1738713600,577.375,584.0,569.25,572.625,708,125,861,1029.0
172,-18,XW,XWH25,D1,2025-02-06,1738800000,572.375,588.625,566.625,587.625,937,125,1114,973.0
173,-17,XW,XWH25,D1,2025-02-07,1738886400,587.75,592.0,579.625,582.125,563,125,696,890.0
174,-16,XW,XWH25,D1,2025-02-10,1739145600,581.25,586.0,576.125,579.0,528,125,723,844.0
175,-15,XW,XWH25,D1,2025-02-11,1739232000,578.5,587.875,575.75,576.5,634,125,827,749.0
176,-14,XW,XWH25,D1,2025-02-12,1739318400,577.0,583.875,572.5,574.125,704,125,894,815.0
177,-13,XW,XWH25,D1,2025-02-13,1739404800,574.25,580.5,571.25,577.125,501,125,633,785.0
178,-12,XW,XWH25,D1,2025-02-14,1739491200,577.0,602.375,577.0,601.25,860,125,1066,864.0
179,-11,XW,XWH25,D1,2025-02-18,1739836800,600.5,608.75,592.875,606.5,586,125,807,835.0
180,-10,XW,XWH25,D1,2025-02-19,1739923200,605.625,608.0,588.5,592.0,609,125,726,866.0
181,-9,XW,XWH25,D1,2025-02-20,1740009600,593.375,595.25,583.5,585.5,613,125,690,741.0
182,-8,XW,XWH25,D1,2025-02-21,1740096000,585.125,592.5,584.0,590.25,395,125,462,626.0
120,-48,XW,XWK25,D1,2025-02-24,1740355200,603.625,603.625,586.0,593.875,932,125,1187,756.0
121,-47,XW,XWK25,D1,2025-02-25,1740441600,594.0,595.25,579.75,588.625,840,125,1031,909.0
122,-46,XW,XWK25,D1,2025-02-26,1740528000,589.875,592.625,577.5,579.25,779,0,1005,1074.0
123,-45,XW,XWK25,D1,2025-02-27,1740614400,577.875,579.375,560.25,564.0,1028,125,1214,1083.0
124,-44,XW,XWK25,D1,2025-02-28,1740700800,562.5,570.0,555.25,555.5,689,125,814,1011.0
125,-43,XW,XWK25,D1,2025-03-03,1740960000,558.25,563.25,545.125,547.75,786,0,955,994.0
126,-42,XW,XWK25,D1,2025-03-04,1741046400,548.0,551.625,530.5,537.5,1054,125,1235,1001.0
127,-41,XW,XWK25,D1,2025-03-05,1741132800,539.5,551.0,536.625,548.5,795,125,975,1055.0
128,-40,XW,XWK25,D1,2025-03-06,1741219200,550.875,561.875,544.625,552.625,675,125,821,1010.0
129,-39,XW,XWK25,D1,2025-03-07,1741305600,554.5,555.5,544.25,552.625,585,125,689,828.0
130,-38,XW,XWK25,D1,2025-03-10,1741564800,556.5,565.875,553.125,563.125,570,125,678,729.0
131,-37,XW,XWK25,D1,2025-03-11,1741651200,562.875,563.0,555.25,555.5,389,125,510,626.0
132,-36,XW,XWK25,D1,2025-03-12,1741737600,557.25,562.0,546.875,556.875,832,0,947,712.0
133,-35,XW,XWK25,D1,2025-03-13,1741824000,554.75,567.0,554.75,561.75,625,0,815,757.0
134,-34,XW,XWK25,D1,2025-03-14,1741910400,561.125,564.875,555.5,557.5,380,125,464,742.0
135,-33,XW,XWK25,D1,2025-03-17,1742169600,560.0,575.125,559.75,567.875,564,125,682,654.0
136,-32,XW,XWK25,D1,2025-03-18,1742256000,569.5,574.5,563.625,564.0,541,125,647,598.0
137,-31,XW,XWK25,D1,2025-03-19,1742342400,563.875,568.5,558.25,563.375,396,125,468,599.0
138,-30,XW,XWK25,D1,2025-03-20,1742428800,566.0,567.75,552.5,556.25,546,125,649,588.0
139,-29,XW,XWK25,D1,2025-03-21,1742515200,557.625,562.625,553.25,558.25,383,125,445,521.0
140,-28,XW,XWK25,D1,2025-03-24,1742774400,561.0,563.375,545.125,547.375,537,125,639,578.0
141,-27,XW,XWK25,D1,2025-03-25,1742860800,547.5,549.125,541.125,544.875,478,125,583,556.0
142,-26,XW,XWK25,D1,2025-03-26,1742947200,543.25,545.375,535.25,535.625,503,0,587,603.0
143,-25,XW,XWK25,D1,2025-03-27,1743033600,536.0,537.25,526.75,531.75,891,0,1045,738.0
144,-24,XW,XWK25,D1,2025-03-28,1743120000,532.5,533.0,517.625,528.875,1006,125,1154,929.0
145,-23,XW,XWK25,D1,2025-03-31,1743379200,528.5,539.0,523.5,537.25,851,125,966,1055.0
146,-22,XW,XWK25,D1,2025-04-01,1743465600,539.0,544.0,533.875,540.125,631,125,714,945.0
147,-21,XW,XWK25,D1,2025-04-02,1743552000,539.25,543.25,532.625,538.25,585,0,698,793.0
148,-20,XW,XWK25,D1,2025-04-03,1743638400,529.375,541.375,525.25,536.875,719,125,879,764.0
149,-19,XW,XWK25,D1,2025-04-04,1743724800,536.75,539.25,520.25,529.625,649,125,829,802.0
150,-18,XW,XWK25,D1,2025-04-07,1743984000,530.5,546.25,526.0,536.625,809,125,1059,922.0
151,-17,XW,XWK25,D1,2025-04-08,1744070400,538.875,545.25,533.75,539.25,497,125,575,821.0
152,-16,XW,XWK25,D1,2025-04-09,1744156800,542.0,545.875,536.625,541.5,428,125,485,706.0
153,-15,XW,XWK25,D1,2025-04-10,1744243200,544.0,547.25,534.375,537.625,595,125,669,576.0
154,-14,XW,XWK25,D1,2025-04-11,1744329600,538.875,556.5,536.75,554.875,609,125,827,660.0
155,-13,XW,XWK25,D1,2025-04-14,1744588800,552.875,552.875,542.625,547.125,456,125,581,692.0
156,-12,XW,XWK25,D1,2025-04-15,1744675200,548.0,550.875,540.125,542.25,393,125,490,633.0
157,-11,XW,XWK25,D1,2025-04-16,1744761600,543.25,550.125,536.75,547.0,480,125,574,548.0
158,-10,XW,XWK25,D1,2025-04-17,1744848000,549.25,555.5,547.0,548.625,300,125,407,490.0
159,-9,XW,XWK25,D1,2025-04-21,1745193600,550.0,552.25,537.5,539.125,257,125,311,431.0
97,-50,XW,XWN25,D1,2025-04-22,1745280000,554.125,555.25,545.625,549.0,635,125,1069,645.0
98,-49,XW,XWN25,D1,2025-04-23,1745366400,551.25,552.125,543.25,543.25,628,125,930,850.0
99,-48,XW,XWN25,D1,2025-04-24,1745452800,545.625,545.75,539.375,544.25,596,125,798,932.0
100,-47,XW,XWN25,D1,2025-04-25,1745539200,545.125,549.75,542.875,545.125,494,125,655,794.0
101,-46,XW,XWN25,D1,2025-04-28,1745798400,544.25,544.25,527.5,533.0,1004,125,1269,907.0
102,-45,XW,XWN25,D1,2025-04-29,1745884800,533.375,536.875,523.625,524.875,885,0,1187,1037.0
103,-44,XW,XWN25,D1,2025-04-30,1745971200,525.875,539.5,522.875,531.5,822,125,1037,1164.0
104,-43,XW,XWN25,D1,2025-05-01,1746057600,531.625,537.75,528.5,531.0,507,125,742,989.0
105,-42,XW,XWN25,D1,2025-05-02,1746144000,531.75,546.625,530.75,543.625,628,125,893,891.0
106,-41,XW,XWN25,D1,2025-05-05,1746403200,545.25,547.5,530.875,531.25,759,125,1104,913.0
107,-40,XW,XWN25,D1,2025-05-06,1746489600,533.0,538.625,528.5,535.375,538,0,783,927.0
108,-39,XW,XWN25,D1,2025-05-07,1746576000,537.25,544.5,533.25,535.0,551,125,802,896.0
109,-38,XW,XWN25,D1,2025-05-08,1746662400,533.625,538.5,525.5,529.5,687,125,1089,891.0
110,-37,XW,XWN25,D1,2025-05-09,1746748800,530.375,533.5,520.875,521.5,787,125,951,947.0
111,-36,XW,XWN25,D1,2025-05-12,1747008000,523.75,528.125,513.75,514.25,1039,125,1217,1086.0
112,-35,XW,XWN25,D1,2025-05-13,1747094400,514.625,520.125,506.5,517.25,929,125,1067,1078.0
113,-34,XW,XWN25,D1,2025-05-14,1747180800,518.875,525.25,511.125,524.375,582,125,735,1006.0
114,-33,XW,XWN25,D1,2025-05-15,1747267200,521.5,533.25,521.5,532.625,678,125,806,869.0
115,-32,XW,XWN25,D1,2025-05-16,1747353600,533.375,533.375,523.625,524.875,398,125,465,669.0
116,-31,XW,XWN25,D1,2025-05-19,1747612800,525.375,535.625,524.75,529.0,535,125,677,649.0
117,-30,XW,XWN25,D1,2025-05-20,1747699200,529.75,547.25,528.625,546.75,826,0,1072,738.0
118,-29,XW,XWN25,D1,2025-05-21,1747785600,546.625,556.25,545.375,547.625,737,125,953,901.0
119,-28,XW,XWN25,D1,2025-05-22,1747872000,547.25,551.875,541.25,543.875,429,125,511,845.0
120,-27,XW,XWN25,D1,2025-05-23,1747958400,546.625,548.125,538.5,539.75,416,125,500,655.0
121,-26,XW,XWN25,D1,2025-05-27,1748304000,542.0,543.875,527.75,528.75,674,125,887,633.0
122,-25,XW,XWN25,D1,2025-05-28,1748390400,531.0,535.375,526.75,530.875,440,125,536,641.0
123,-24,XW,XWN25,D1,2025-05-29,1748476800,531.875,534.5,527.25,534.25,463,125,586,670.0
124,-23,XW,XWN25,D1,2025-05-30,1748563200,534.625,538.375,531.5,532.875,365,125,417,513.0
125,-22,XW,XWN25,D1,2025-06-02,1748822400,532.625,549.125,532.625,537.875,645,125,773,592.0
126,-21,XW,XWN25,D1,2025-06-03,1748908800,538.875,545.25,532.125,535.75,527,125,683,624.0
127,-20,XW,XWN25,D1,2025-06-04,1748995200,536.5,547.375,533.5,543.5,445,125,545,667.0
128,-19,XW,XWN25,D1,2025-06-05,1749081600,544.375,549.0,540.625,544.625,393,125,427,552.0
129,-18,XW,XWN25,D1,2025-06-06,1749168000,545.125,555.625,540.25,555.125,444,125,541,504.0
130,-17,XW,XWN25,D1,2025-06-09,1749427200,554.375,557.875,540.125,542.125,575,125,691,553.0
131,-16,XW,XWN25,D1,2025-06-10,1749513600,540.375,541.625,530.75,535.125,580,125,686,639.0
132,-15,XW,XWN25,D1,2025-06-11,1749600000,533.625,539.125,532.25,534.0,298,125,384,587.0
133,-14,XW,XWN25,D1,2025-06-12,1749686400,534.125,536.75,526.25,526.75,364,125,429,500.0
134,-13,XW,XWN25,D1,2025-06-13,1749772800,527.25,544.125,522.375,542.875,658,125,807,540.0
135,-12,XW,XWN25,D1,2025-06-16,1750032000,544.0,546.625,531.625,536.25,403,125,487,574.0
136,-11,XW,XWN25,D1,2025-06-17,1750118400,537.875,552.0,537.125,549.875,429,125,546,613.0
137,-10,XW,XWN25,D1,2025-06-18,1750204800,549.25,574.875,546.875,572.875,954,125,1291,775.0
138,-9,XW,XWN25,D1,2025-06-20,1750377600,572.625,577.875,566.125,566.875,529,125,662,833.0
139,-8,XW,XWN25,D1,2025-06-23,1750636800,568.0,569.0,549.5,553.5,309,125,380,778.0
99,-49,XW,XWU25,D1,2025-06-24,1750723200,567.25,567.5,551.625,551.875,531,125,690,764.0
100,-48,XW,XWU25,D1,2025-06-25,1750809600,551.375,553.25,542.5,544.5,498,125,605,722.0
101,-47,XW,XWU25,D1,2025-06-26,1750896000,545.375,548.0,536.375,537.125,538,125,637,644.0
102,-46,XW,XWU25,D1,2025-06-27,1750982400,536.5,545.125,536.5,541.125,492,0,611,618.0
103,-45,XW,XWU25,D1,2025-06-30,1751241600,539.5,545.0,535.125,538.0,455,125,574,607.0
104,-44,XW,XWU25,D1,2025-07-01,1751328000,538.0,550.0,536.0,549.0,454,0,538,574.0
105,-43,XW,XWU25,D1,2025-07-02,1751414400,550.0,565.0,545.125,563.875,536,125,641,584.0
106,-42,XW,XWU25,D1,2025-07-03,1751500800,562.25,569.0,556.25,556.25,485,125,658,612.0
107,-41,XW,XWU25,D1,2025-07-07,1751846400,552.5,552.5,541.5,548.625,494,125,627,642.0
108,-40,XW,XWU25,D1,2025-07-08,1751932800,548.25,549.75,542.5,547.875,411,125,515,600.0
109,-39,XW,XWU25,D1,2025-07-09,1752019200,547.5,551.125,541.75,547.0,420,125,515,552.0
110,-38,XW,XWU25,D1,2025-07-10,1752105600,546.25,555.25,541.0,554.5,569,125,652,561.0
111,-37,XW,XWU25,D1,2025-07-11,1752192000,555.25,557.25,543.875,543.875,628,125,727,631.0
112,-36,XW,XWU25,D1,2025-07-14,1752451200,543.0,551.625,538.75,542.125,561,125,695,691.0
113,-35,XW,XWU25,D1,2025-07-15,1752537600,542.0,545.125,535.625,537.625,466,0,589,670.0
114,-34,XW,XWU25,D1,2025-07-16,1752624000,538.0,543.375,533.5,541.125,477,125,605,630.0
115,-33,XW,XWU25,D1,2025-07-17,1752710400,541.125,543.0,532.0,533.875,396,125,478,557.0
116,-32,XW,XWU25,D1,2025-07-18,1752796800,533.5,550.0,533.5,546.5,577,125,753,612.0
117,-31,XW,XWU25,D1,2025-07-21,1753056000,545.5,549.125,541.25,541.5,434,125,547,593.0
118,-30,XW,XWU25,D1,2025-07-22,1753142400,542.25,552.25,536.75,549.75,571,125,792,697.0
119,-29,XW,XWU25,D1,2025-07-23,1753228800,548.5,551.75,540.125,541.0,373,125,465,601.0
120,-28,XW,XWU25,D1,2025-07-24,1753315200,541.0,545.875,535.25,541.75,522,125,618,625.0
121,-27,XW,XWU25,D1,2025-07-25,1753401600,541.75,543.625,533.875,538.875,363,125,425,503.0
122,-26,XW,XWU25,D1,2025-07-28,1753660800,536.375,539.75,532.375,538.5,440,125,576,540.0
123,-25,XW,XWU25,D1,2025-07-29,1753747200,538.5,538.75,526.125,529.5,462,125,569,523.0
124,-24,XW,XWU25,D1,2025-07-30,1753833600,528.125,531.625,523.375,523.625,376,125,466,537.0
125,-23,XW,XWU25,D1,2025-07-31,1753920000,523.875,525.75,516.625,523.375,420,125,533,523.0
126,-22,XW,XWU25,D1,2025-08-01,1754006400,524.0,526.0,516.375,517.375,363,0,443,481.0
127,-21,XW,XWU25,D1,2025-08-04,1754265600,517.5,523.0,512.75,516.375,400,125,550,509.0
128,-20,XW,XWU25,D1,2025-08-05,1754352000,516.375,517.25,507.0,508.0,395,125,470,488.0
129,-19,XW,XWU25,D1,2025-08-06,1754438400,508.25,509.375,504.25,505.5,296,125,364,461.0
130,-18,XW,XWU25,D1,2025-08-07,1754524800,508.875,519.875,508.75,518.5,477,125,629,488.0
131,-17,XW,XWU25,D1,2025-08-08,1754611200,518.25,521.5,513.875,515.375,342,125,465,486.0
132,-16,XW,XWU25,D1,2025-08-11,1754870400,514.875,522.625,513.875,514.375,357,125,481,525.0
133,-15,XW,XWU25,D1,2025-08-12,1754956800,514.75,514.75,503.375,505.0,519,125,634,527.0
134,-14,XW,XWU25,D1,2025-08-13,1755043200,504.875,510.75,502.875,506.875,359,125,449,521.0
135,-13,XW,XWU25,D1,2025-08-14,1755129600,505.75,508.875,500.5,503.5,301,125,348,477.0
136,-12,XW,XWU25,D1,2025-08-15,1755216000,504.5,508.25,502.375,506.125,213,125,290,362.0
137,-11,XW,XWU25,D1,2025-08-18,1755475200,506.25,508.875,500.875,503.0,318,125,409,349.0
138,-10,XW,XWU25,D1,2025-08-19,1755561600,501.125,502.5,497.875,498.5,347,125,427,375.0
98,-72,XW,XWZ25,D1,2025-08-20,1755648000,520.625,530.5,517.625,528.125,1,0,568,421.0
99,-71,XW,XWZ25,D1,2025-08-21,1755734400,526.25,534.25,525.375,529.625,13,0,661,542.0
100,-70,XW,XWZ25,D1,2025-08-22,1755820800,530.375,532.25,526.375,526.375,7,0,467,565.0
101,-69,XW,XWZ25,D1,2025-08-25,1756080000,527.125,535.25,526.875,530.125,2,0,653,594.0
102,-68,XW,XWZ25,D1,2025-08-26,1756166400,530.0,534.25,527.0,531.5,1,0,548,556.0
103,-67,XW,XWZ25,D1,2025-08-27,1756252800,530.75,532.875,523.25,524.0,3,0,735,645.0
104,-66,XW,XWZ25,D1,2025-08-28,1756339200,525.25,530.0,520.25,530.0,0,0,737,673.0
105,-65,XW,XWZ25,D1,2025-08-29,1756425600,529.125,534.75,527.25,533.875,3,0,603,692.0
106,-64,XW,XWZ25,D1,2025-09-02,1756771200,532.875,532.875,522.5,528.0,1,0,691,677.0
107,-63,XW,XWZ25,D1,2025-09-03,1756857600,529.0,530.0,521.875,522.5,2,0,505,600.0
108,-62,XW,XWZ25,D1,2025-09-04,1756944000,521.625,522.375,514.5,518.5,3,0,567,588.0
109,-61,XW,XWZ25,D1,2025-09-05,1757030400,520.875,523.5,518.0,519.0,0,0,375,482.0
110,-60,XW,XWZ25,D1,2025-09-08,1757289600,520.125,524.625,516.875,524.25,1,0,464,469.0
111,-59,XW,XWZ25,D1,2025-09-09,1757376000,523.875,525.0,519.625,519.625,1,0,257,365.0
112,-58,XW,XWZ25,D1,2025-09-10,1757462400,519.75,522.25,514.75,514.875,0,0,360,360.0
113,-57,XW,XWZ25,D1,2025-09-11,1757548800,515.0,522.375,512.25,520.75,3,0,549,389.0
114,-56,XW,XWZ25,D1,2025-09-12,1757635200,519.0,523.75,515.375,521.875,2,0,475,461.0
115,-55,XW,XWZ25,D1,2025-09-15,1757894400,522.125,529.125,520.75,524.75,2,0,538,521.0
116,-54,XW,XWZ25,D1,2025-09-16,1757980800,523.75,534.25,523.75,533.5,3,0,659,557.0
117,-53,XW,XWZ25,D1,2025-09-17,1758067200,533.125,535.375,526.0,526.875,3,0,503,567.0
118,-52,XW,XWZ25,D1,2025-09-18,1758153600,527.875,532.375,523.375,524.5,3,0,468,543.0
119,-51,XW,XWZ25,D1,2025-09-19,1758240000,524.125,526.875,520.375,522.375,2,0,410,460.0
120,-50,XW,XWZ25,D1,2025-09-22,1758499200,522.0,523.125,508.75,510.375,4,0,649,509.0
121,-49,XW,XWZ25,D1,2025-09-23,1758585600,509.375,521.0,507.25,520.625,2,0,533,531.0
122,-48,XW,XWZ25,D1,2025-09-24,1758672000,520.5,524.625,519.25,519.375,12,0,234,472.0
123,-47,XW,XWZ25,D1,2025-09-25,1758758400,520.25,527.375,518.25,525.75,11,0,336,368.0
124,-46,XW,XWZ25,D1,2025-09-26,1758844800,526.125,527.25,518.75,519.0,3,0,330,300.0
125,-45,XW,XWZ25,D1,2025-09-29,1759104000,518.875,522.25,516.75,521.875,4,0,292,319.0
126,-44,XW,XWZ25,D1,2025-09-30,1759190400,518.125,519.25,506.5,507.5,1,0,613,412.0
127,-43,XW,XWZ25,D1,2025-10-01,1759276800,508.0,510.25,501.75,510.25,6,0,531,479.0
128,-42,XW,XWZ25,D1,2025-10-02,1759363200,509.875,515.875,508.375,514.375,2,0,405,516.0
129,-41,XW,XWZ25,D1,2025-10-03,1759449600,511.5,518.125,511.5,514.375,1,0,222,386.0
130,-40,XW,XWZ25,D1,2025-10-06,1759708800,516.75,518.0,512.5,512.875,0,0,259,295.0
131,-39,XW,XWZ25,D1,2025-10-07,1759795200,512.0,514.25,506.0,506.0,1,0,366,282.0
132,-38,XW,XWZ25,D1,2025-10-08,1759881600,506.75,508.75,504.375,507.375,0,0,357,327.0
133,-37,XW,XWZ25,D1,2025-10-09,1759968000,507.0,513.25,506.5,507.625,1,0,323,349.0
134,-36,XW,XWZ25,D1,2025-10-10,1760054400,506.75,509.25,497.0,499.0,0,0,601,427.0
135,-35,XW,XWZ25,D1,2025-10-13,1760313600,499.875,502.0,494.875,496.75,0,0,415,446.0
136,-34,XW,XWZ25,D1,2025-10-14,1760400000,499.5,501.5,492.625,500.125,0,0,429,482.0
137,-33,XW,XWZ25,D1,2025-10-15,1760486400,500.25,501.375,495.0,498.75,4,0,165,336.0
138,-32,XW,XWZ25,D1,2025-10-16,1760572800,500.0,503.75,495.75,502.5,0,0,255,283.0
139,-31,XW,XWZ25,D1,2025-10-17,1760659200,501.5,505.0,500.125,504.375,1,0,212,211.0
140,-30,XW,XWZ25,D1,2025-10-20,1760918400,504.125,506.625,501.625,505.375,1,0,233,233.0
141,-29,XW,XWZ25,D1,2025-10-21,1761004800,504.75,506.0,498.125,500.25,0,0,353,266.0
142,-28,XW,XWZ25,D1,2025-10-22,1761091200,499.75,505.125,498.125,503.375,1,0,241,276.0
143,-27,XW,XWZ25,D1,2025-10-23,1761177600,503.25,513.25,502.375,513.125,0,0,441,345.0
144,-26,XW,XWZ25,D1,2025-10-24,1761264000,513.125,515.375,509.875,512.5,0,0,281,321.0
145,-25,XW,XWZ25,D1,2025-10-27,1761523200,516.75,530.375,516.75,525.625,626,0,778,500.0
146,-24,XW,XWZ25,D1,2025-10-28,1761609600,525.0,534.875,524.5,529.5,574,125,746,602.0
147,-23,XW,XWZ25,D1,2025-10-29,1761696000,529.0,533.625,526.875,533.625,178,0,236,587.0
148,-22,XW,XWZ25,D1,2025-10-30,1761782400,532.875,535.375,520.5,524.0,416,125,551,511.0
149,-21,XW,XWZ25,D1,2025-10-31,1761868800,525.0,534.5,517.375,533.0,319,125,492,426.0
150,-20,XW,XWZ25,D1,2025-11-03,1762128000,534.0,544.75,531.5,543.25,545,125,779,607.0
151,-19,XW,XWZ25,D1,2025-11-04,1762214400,543.375,550.25,539.625,549.875,432,125,673,648.0
152,-18,XW,XWZ25,D1,2025-11-05,1762300800,548.75,554.75,545.75,554.625,348,0,607,686.0
153,-17,XW,XWZ25,D1,2025-11-06,1762387200,553.5,554.0,534.625,535.5,434,125,605,628.0
154,-16,XW,XWZ25,D1,2025-11-07,1762473600,535.75,537.5,526.0,526.5,505,125,658,623.0
155,-15,XW,XWZ25,D1,2025-11-10,1762732800,528.0,537.0,527.25,535.5,233,125,287,517.0
156,-14,XW,XWZ25,D1,2025-11-11,1762819200,536.0,539.125,531.375,536.125,220,125,278,408.0
157,-13,XW,XWZ25,D1,2025-11-12,1762905600,535.625,536.375,527.75,536.0,216,125,269,278.0
158,-12,XW,XWZ25,D1,2025-11-13,1762992000,537.0,539.125,530.875,536.0,201,125,265,271.0
159,-11,XW,XWZ25,D1,2025-11-14,1763078400,535.5,544.375,524.0,527.375,449,125,572,369.0
160,-10,XW,XWZ25,D1,2025-11-17,1763337600,528.0,545.875,526.0,544.875,399,125,505,447.0
161,-9,XW,XWZ25,D1,2025-11-18,1763424000,543.25,549.5,541.0,546.25,286,125,409,495.0
162,-8,XW,XWZ25,D1,2025-11-19,1763510400,546.375,550.0,535.5,536.375,203,0,241,385.0
121,-24,XW,XWH26,D1,2025-11-20,1763596800,549.875,555.75,540.0,542.125,332,125,455,394.0
122,-23,XW,XWH26,D1,2025-11-21,1763683200,540.375,544.75,536.0,542.375,315,125,377,404.0
123,-22,XW,XWH26,D1,2025-11-24,1763942400,541.0,541.0,532.0,535.5,293,125,344,392.0
124,-21,XW,XWH26,D1,2025-11-25,1764028800,535.25,540.25,533.0,538.75,340,125,469,397.0
125,-20,XW,XWH26,D1,2025-11-26,1764115200,537.75,544.625,534.375,540.25,348,125,490,434.0
126,-19,XW,XWH26,D1,2025-11-28,1764288000,540.875,544.5,534.625,536.5,94,125,159,373.0
127,-18,XW,XWH26,D1,2025-12-01,1764547200,538.875,541.625,532.375,534.75,244,125,302,317.0
128,-17,XW,XWH26,D1,2025-12-02,1764633600,535.5,544.25,529.625,541.0,343,125,441,301.0
129,-16,XW,XWH26,D1,2025-12-03,1764720000,541.0,542.375,537.5,538.5,169,125,210,318.0
130,-15,XW,XWH26,D1,2025-12-04,1764806400,537.25,541.125,531.5,539.625,234,125,314,322.0
131,-14,XW,XWH26,D1,2025-12-05,1764892800,539.625,541.25,534.125,535.5,231,125,308,277.0
132,-13,XW,XWH26,D1,2025-12-08,1765152000,534.75,540.0,532.375,534.5,246,125,321,314.0
133,-12,XW,XWH26,D1,2025-12-09,1765238400,534.875,537.0,531.625,534.0,209,125,244,291.0
134,-11,XW,XWH26,D1,2025-12-10,1765324800,534.625,534.75,525.625,529.625,306,125,395,320.0
135,-10,XW,XWH26,D1,2025-12-11,1765411200,529.5,534.75,529.375,534.75,212,125,303,314.0
136,-9,XW,XWH26,D1,2025-12-12,1765497600,534.75,536.0,529.25,529.75,211,125,277,325.0
137,-8,XW,XWH26,D1,2025-12-15,1765756800,529.5,529.5,519.625,520.625,332,125,399,326.0
138,-7,XW,XWH26,D1,2025-12-16,1765843200,521.875,522.25,507.5,509.0,436,125,528,401.0
139,-6,XW,XWH26,D1,2025-12-17,1765929600,510.5,511.375,504.0,506.625,306,125,458,462.0
140,-5,XW,XWH26,D1,2025-12-18,1766016000,506.875,511.0,505.625,508.5,182,125,316,434.0
141,-4,XW,XWH26,D1,2025-12-19,1766102400,508.25,511.125,505.125,509.5,170,125,191,322.0
142,-3,XW,XWH26,D1,2025-12-22,1766361600,509.0,518.0,509.0,514.625,238,125,284,264.0
143,-2,XW,XWH26,D1,2025-12-23,1766448000,515.25,518.5,513.75,517.375,132,125,218,231.0
144,-1,XW,XWH26,D1,2025-12-24,1766534400,518.25,524.75,517.0,523.0,164,125,225,242.0
145,0,XW,XWH26,D1,2025-12-26,1766707200,522.625,524.0,517.375,520.125,107,125,122,188.0
