a,z,ticker,symbol,tf,datetime,time,open,high,low,close,tick_volume,spread,real_volume,mean_volume
1,-75,ZSE,ZSEX6,D1,2016-08-01,1470009600,965.0,966.75,959.5,965.0,525017,0,8228,8228.0
2,-74,ZSE,ZSEX6,D1,2016-08-02,1470096000,957.25,968.0,943.0,953.0,10610911,0,96479,52354.0
3,-73,ZSE,ZSEX6,D1,2016-08-03,1470182400,956.0,966.5,950.0,954.25,9820926,0,61789,55499.0
4,-72,ZSE,ZSEX6,D1,2016-08-04,1470268800,956.5,967.5,950.5,955.25,8410901,0,61232,73167.0
5,-71,ZSE,ZSEX6,D1,2016-08-05,1470355200,958.5,979.75,957.0,975.0,9625886,0,72014,65012.0
6,-70,ZSE,ZSEX6,D1,2016-08-08,1470614400,983.0,989.0,970.5,984.5,8455903,0,66272,66506.0
7,-69,ZSE,ZSEX6,D1,2016-08-09,1470700800,983.75,999.25,977.25,988.25,7710898,0,64297,67528.0
8,-68,ZSE,ZSEX6,D1,2016-08-10,1470787200,989.25,997.75,972.75,982.0,8555884,0,73096,67888.0
9,-67,ZSE,ZSEX6,D1,2016-08-11,1470873600,983.75,990.0,978.25,984.0,6480850,0,51418,62937.0
10,-66,ZSE,ZSEX6,D1,2016-08-12,1470960000,983.5,992.75,962.5,983.0,10815822,0,114795,79770.0
11,-65,ZSE,ZSEX6,D1,2016-08-15,1471219200,983.0,1011.0,980.0,1009.0,9215967,0,77645,81286.0
12,-64,ZSE,ZSEX6,D1,2016-08-16,1471305600,1010.5,1015.75,1001.0,1008.5,8635902,0,74904,89115.0
13,-63,ZSE,ZSEX6,D1,2016-08-17,1471392000,1009.0,1017.25,1002.75,1015.25,7300873,0,56014,69521.0
14,-62,ZSE,ZSEX6,D1,2016-08-18,1471478400,1017.0,1017.5,996.25,1014.25,7920883,0,78902,69940.0
15,-61,ZSE,ZSEX6,D1,2016-08-19,1471564800,1015.0,1017.0,998.0,1004.0,7975924,0,67037,67318.0
16,-60,ZSE,ZSEX6,D1,2016-08-22,1471824000,1000.75,1020.0,999.0,1015.0,8170879,0,74056,73332.0
17,-59,ZSE,ZSEX6,D1,2016-08-23,1471910400,1014.5,1016.75,1006.5,1012.25,7845890,0,59572,66888.0
18,-58,ZSE,ZSEX6,D1,2016-08-24,1471996800,1013.0,1014.0,996.25,1004.0,7415847,0,80247,71292.0
19,-57,ZSE,ZSEX6,D1,2016-08-25,1472083200,1004.0,1005.0,974.75,974.75,8705940,0,98978,79599.0
20,-56,ZSE,ZSEX6,D1,2016-08-26,1472169600,975.0,980.25,960.5,967.0,7635891,0,86634,88620.0
21,-55,ZSE,ZSEX6,D1,2016-08-29,1472428800,966.0,974.0,961.25,963.5,7930947,0,60431,82014.0
22,-54,ZSE,ZSEX6,D1,2016-08-30,1472515200,964.75,968.5,946.5,952.75,5390810,0,76277,74447.0
23,-53,ZSE,ZSEX6,D1,2016-08-31,1472601600,952.0,956.25,938.0,941.25,7805895,0,83163,73290.0
24,-52,ZSE,ZSEX6,D1,2016-09-01,1472688000,943.25,948.5,937.0,944.75,7250853,0,65768,75069.0
25,-51,ZSE,ZSEX6,D1,2016-09-02,1472774400,946.25,955.5,944.5,952.5,7000903,0,60291,69741.0
26,-50,ZSE,ZSEX6,D1,2016-09-06,1473120000,954.25,964.0,946.5,957.75,6465848,0,65055,63705.0
27,-49,ZSE,ZSEX6,D1,2016-09-07,1473206400,959.0,978.25,958.25,976.75,6160870,0,67786,64377.0
28,-48,ZSE,ZSEX6,D1,2016-09-08,1473292800,977.5,983.75,970.25,976.75,6345868,0,53546,62129.0
29,-47,ZSE,ZSEX6,D1,2016-09-09,1473379200,977.25,983.0,972.0,978.0,6080806,0,53280,58204.0
30,-46,ZSE,ZSEX6,D1,2016-09-12,1473638400,976.75,990.0,958.75,966.0,9730881,0,112278,73035.0
31,-45,ZSE,ZSEX6,D1,2016-09-13,1473724800,963.0,971.0,942.5,945.75,8140933,0,80155,81904.0
32,-44,ZSE,ZSEX6,D1,2016-09-14,1473811200,943.75,948.0,940.5,943.5,5610841,0,62720,85051.0
33,-43,ZSE,ZSEX6,D1,2016-09-15,1473897600,943.75,953.0,941.25,950.0,4850784,0,53476,65450.0
34,-42,ZSE,ZSEX6,D1,2016-09-16,1473984000,949.0,969.0,945.75,966.25,5620706,0,73077,63091.0
35,-41,ZSE,ZSEX6,D1,2016-09-19,1474243200,970.75,981.25,966.25,974.0,8515947,0,73371,66641.0
36,-40,ZSE,ZSEX6,D1,2016-09-20,1474329600,974.5,994.0,970.75,989.0,6900876,0,85000,77149.0
37,-39,ZSE,ZSEX6,D1,2016-09-21,1474416000,988.5,990.25,971.5,975.0,5540843,0,77364,78578.0
38,-38,ZSE,ZSEX6,D1,2016-09-22,1474502400,974.0,983.5,970.25,975.0,7000904,0,67559,76641.0
39,-37,ZSE,ZSEX6,D1,2016-09-23,1474588800,975.0,976.25,952.5,953.25,6565908,0,97625,80849.0
40,-36,ZSE,ZSEX6,D1,2016-09-26,1474848000,952.25,960.25,943.75,946.75,6685893,0,78686,81290.0
41,-35,ZSE,ZSEX6,D1,2016-09-27,1474934400,947.5,953.5,934.0,953.0,6890890,0,104885,93732.0
42,-34,ZSE,ZSEX6,D1,2016-09-28,1475020800,951.75,955.75,944.5,945.5,6555871,0,76098,86556.0
43,-33,ZSE,ZSEX6,D1,2016-09-29,1475107200,948.0,957.25,946.0,950.75,6500902,0,70461,83815.0
44,-32,ZSE,ZSEX6,D1,2016-09-30,1475193600,949.25,958.5,943.0,953.5,8580899,0,100279,82279.0
45,-31,ZSE,ZSEX6,D1,2016-10-03,1475452800,953.5,975.0,946.5,974.5,7100773,0,99203,89981.0
46,-30,ZSE,ZSEX6,D1,2016-10-04,1475539200,971.5,972.0,960.25,962.75,6235810,0,74462,91315.0
47,-29,ZSE,ZSEX6,D1,2016-10-05,1475625600,963.75,967.5,950.5,955.75,5775703,0,73235,82300.0
48,-28,ZSE,ZSEX6,D1,2016-10-06,1475712000,956.5,959.75,947.25,959.5,6340870,0,75734,74477.0
49,-27,ZSE,ZSEX6,D1,2016-10-07,1475798400,958.0,973.25,955.25,956.75,7130742,0,90873,79947.0
50,-26,ZSE,ZSEX6,D1,2016-10-10,1476057600,955.0,964.25,950.0,953.75,6975870,0,70145,78917.0
51,-25,ZSE,ZSEX6,D1,2016-10-11,1476144000,953.25,960.75,951.5,953.5,5025810,0,56336,72451.0
52,-24,ZSE,ZSEX6,D1,2016-10-12,1476230400,952.5,971.25,943.25,946.0,8330918,0,147937,91473.0
53,-23,ZSE,ZSEX6,D1,2016-10-13,1476316800,946.0,959.5,937.25,955.0,8325949,0,115429,106567.0
54,-22,ZSE,ZSEX6,D1,2016-10-14,1476403200,954.5,974.25,952.0,962.75,8145922,0,115969,126445.0
55,-21,ZSE,ZSEX6,D1,2016-10-17,1476662400,961.5,979.0,961.0,978.75,7580902,0,96153,109184.0
56,-20,ZSE,ZSEX6,D1,2016-10-18,1476748800,977.25,987.0,971.5,973.0,8160917,0,94990,102371.0
57,-19,ZSE,ZSEX6,D1,2016-10-19,1476835200,971.75,982.75,971.0,982.25,6970898,0,80987,90710.0
58,-18,ZSE,ZSEX6,D1,2016-10-20,1476921600,980.5,989.75,973.25,976.25,6305846,0,79174,85050.0
59,-17,ZSE,ZSEX6,D1,2016-10-21,1477008000,977.5,984.25,974.5,984.0,5790837,0,64463,74875.0
60,-16,ZSE,ZSEX6,D1,2016-10-24,1477267200,981.5,999.75,980.0,990.75,7450913,0,78057,73898.0
61,-15,ZSE,ZSEX6,D1,2016-10-25,1477353600,990.25,997.0,981.25,990.0,7305838,0,46389,62970.0
61,-58,ZSE,ZSEF7,D1,2016-10-26,1477440000,1001.5,1022.0,1000.25,1020.5,6850865,0,87825,69367.0
62,-57,ZSE,ZSEF7,D1,2016-10-27,1477526400,1019.0,1031.0,1013.5,1024.0,8555966,0,97927,83487.0
63,-56,ZSE,ZSEF7,D1,2016-10-28,1477612800,1023.25,1028.0,1010.0,1012.0,7610847,0,75038,86930.0
64,-55,ZSE,ZSEF7,D1,2016-10-31,1477872000,1012.0,1018.0,1006.0,1013.0,426638,0,10781066,3651344.0
65,-54,ZSE,ZSEF7,D1,2016-11-01,1477958400,1013.0,1016.0,991.75,992.0,414015,0,10247739,7034614.0
66,-53,ZSE,ZSEF7,D1,2016-11-02,1478044800,992.0,995.75,983.0,986.25,357104,0,8298180,9775662.0
67,-52,ZSE,ZSEF7,D1,2016-11-03,1478131200,986.25,994.0,985.5,990.0,290239,0,7262831,8602917.0
68,-51,ZSE,ZSEF7,D1,2016-11-04,1478217600,990.0,994.75,984.0,991.25,314353,0,7742036,7767682.0
69,-50,ZSE,ZSEF7,D1,2016-11-06,1478390400,991.25,991.25,991.25,991.25,448,0,3189,5002685.0
70,-49,ZSE,ZSEF7,D1,2016-11-07,1478476800,991.25,1001.75,990.0,999.0,268886,0,6505558,4750261.0
71,-48,ZSE,ZSEF7,D1,2016-11-08,1478563200,999.0,1020.75,997.0,1010.5,408106,0,10738400,5749049.0
72,-47,ZSE,ZSEF7,D1,2016-11-09,1478649600,1010.5,1017.5,984.25,992.5,429875,0,8471812,8571923.0
73,-46,ZSE,ZSEF7,D1,2016-11-10,1478736000,991.0,1019.0,989.0,1002.0,459549,0,9717055,9642422.0
74,-45,ZSE,ZSEF7,D1,2016-11-11,1478822400,1002.5,1018.0,977.0,987.75,521217,0,10404221,9531029.0
75,-44,ZSE,ZSEF7,D1,2016-11-14,1479081600,988.25,989.75,975.25,985.0,350308,0,6241147,8787474.0
76,-43,ZSE,ZSEF7,D1,2016-11-15,1479168000,985.5,992.75,978.75,991.75,277220,0,5288720,7311363.0
77,-42,ZSE,ZSEF7,D1,2016-11-16,1479254400,993.25,997.75,982.75,985.25,266466,0,6044375,5858081.0
78,-41,ZSE,ZSEF7,D1,2016-11-17,1479340800,985.25,993.75,981.0,990.5,238149,0,5544847,5625981.0
79,-40,ZSE,ZSEF7,D1,2016-11-18,1479427200,989.0,996.5,982.25,995.0,238605,0,5757762,5782328.0
80,-39,ZSE,ZSEF7,D1,2016-11-21,1479686400,995.5,1021.5,995.5,1021.25,359040,0,11198799,7500469.0
81,-38,ZSE,ZSEF7,D1,2016-11-22,1479772800,1021.25,1033.25,1015.25,1031.5,387456,0,8571805,8509455.0
82,-37,ZSE,ZSEF7,D1,2016-11-23,1479859200,1031.5,1035.75,1017.25,1035.0,407373,0,8037355,9269320.0
83,-36,ZSE,ZSEF7,D1,2016-11-24,1479945600,1035.0,1035.0,1035.0,1035.0,1246,0,11191,5540117.0
84,-35,ZSE,ZSEF7,D1,2016-11-25,1480032000,1035.0,1046.75,1029.5,1044.75,191815,0,4722674,4257073.0
85,-34,ZSE,ZSEF7,D1,2016-11-28,1480291200,1044.75,1065.0,1042.5,1055.75,470821,0,7812301,4182055.0
86,-33,ZSE,ZSEF7,D1,2016-11-29,1480377600,1055.75,1058.75,1039.25,1043.5,121345,0,1067156,4534044.0
87,-32,ZSE,ZSEF7,D1,2016-11-30,1480464000,1043.0,1052.75,1031.25,1032.25,63349,0,99388,2992948.0
88,-31,ZSE,ZSEF7,D1,2016-12-01,1480550400,1033.75,1040.0,1022.25,1032.25,55648,0,89777,418774.0
89,-30,ZSE,ZSEF7,D1,2016-12-02,1480636800,1033.0,1037.75,1026.5,1028.5,42017,0,61511,83559.0
90,-29,ZSE,ZSEF7,D1,2016-12-05,1480896000,1030.25,1049.75,1027.75,1043.25,53437,0,82796,78028.0
91,-28,ZSE,ZSEF7,D1,2016-12-06,1480982400,1042.25,1061.75,1039.0,1047.5,60211,0,94424,79577.0
92,-27,ZSE,ZSEF7,D1,2016-12-07,1481068800,1047.0,1053.0,1039.75,1049.75,41877,0,66299,81173.0
93,-26,ZSE,ZSEF7,D1,2016-12-08,1481155200,1049.0,1049.0,1023.5,1025.5,54091,0,88911,83211.0
94,-25,ZSE,ZSEF7,D1,2016-12-09,1481241600,1026.0,1039.5,1021.5,1039.0,55338,0,84792,80001.0
95,-24,ZSE,ZSEF7,D1,2016-12-12,1481500800,1041.75,1047.5,1026.5,1031.5,44731,0,70255,81319.0
96,-23,ZSE,ZSEF7,D1,2016-12-13,1481587200,1031.25,1038.75,1025.25,1027.5,41712,0,66683,73910.0
97,-22,ZSE,ZSEF7,D1,2016-12-14,1481673600,1027.25,1029.25,1020.75,1024.75,33355,0,52712,63217.0
98,-21,ZSE,ZSEF7,D1,2016-12-15,1481760000,1023.75,1038.5,1018.5,1030.25,52555,0,86204,68533.0
99,-20,ZSE,ZSEF7,D1,2016-12-16,1481846400,1029.25,1038.0,1023.0,1036.75,36446,0,54833,64583.0
100,-19,ZSE,ZSEF7,D1,2016-12-19,1482105600,1034.0,1039.0,1020.5,1022.75,38282,0,61278,67438.0
101,-18,ZSE,ZSEF7,D1,2016-12-20,1482192000,1021.25,1024.0,1004.0,1005.5,41029,0,63659,59923.0
102,-17,ZSE,ZSEF7,D1,2016-12-21,1482278400,1005.5,1012.25,1005.0,1008.25,24927,0,36970,53969.0
103,-16,ZSE,ZSEF7,D1,2016-12-22,1482364800,1007.75,1008.75,993.5,995.0,28475,0,46391,49007.0
91,-58,ZSE,ZSEH7,D1,2016-12-23,1482451200,1004.0,1006.75,997.0,999.0,28653,0,45148,40457.0
92,-57,ZSE,ZSEH7,D1,2016-12-26,1482710400,999.0,999.0,999.0,999.0,53,275,159,29764.0
93,-56,ZSE,ZSEH7,D1,2016-12-27,1482796800,998.25,1024.75,998.0,1023.75,45121,0,69256,38188.0
94,-55,ZSE,ZSEH7,D1,2016-12-28,1482883200,1023.75,1028.25,1011.25,1016.5,38779,0,57004,42140.0
95,-54,ZSE,ZSEH7,D1,2016-12-29,1482969600,1016.25,1024.25,1011.5,1012.0,29605,0,44305,56855.0
96,-53,ZSE,ZSEH7,D1,2016-12-30,1483056000,1013.5,1018.5,1002.5,1005.0,32727,0,51634,50981.0
97,-52,ZSE,ZSEH7,D1,2017-01-02,1483315200,1005.0,1005.0,1005.0,1005.0,56,0,112,32017.0
98,-51,ZSE,ZSEH7,D1,2017-01-03,1483401600,1004.0,1011.75,994.5,996.25,43241,0,63518,38421.0
99,-50,ZSE,ZSEH7,D1,2017-01-04,1483488000,995.25,1015.75,992.75,1014.25,48474,0,73164,45598.0
100,-49,ZSE,ZSEH7,D1,2017-01-05,1483574400,1014.0,1016.0,1007.5,1012.25,32893,0,47484,61389.0
101,-48,ZSE,ZSEH7,D1,2017-01-06,1483660800,1012.5,1014.75,993.5,995.25,47857,0,76927,65858.0
102,-47,ZSE,ZSEH7,D1,2017-01-09,1483920000,994.75,1006.0,993.5,1004.75,40956,0,62234,62215.0
103,-46,ZSE,ZSEH7,D1,2017-01-10,1484006400,1004.0,1015.0,997.25,1013.0,46571,0,67566,68909.0
104,-45,ZSE,ZSEH7,D1,2017-01-11,1484092800,1012.5,1016.5,1001.0,1010.0,44167,0,65283,65028.0
105,-44,ZSE,ZSEH7,D1,2017-01-12,1484179200,1009.75,1041.25,1006.0,1039.5,76228,0,126115,86321.0
106,-43,ZSE,ZSEH7,D1,2017-01-13,1484265600,1037.5,1052.75,1032.5,1044.25,66996,0,104041,98480.0
107,-42,ZSE,ZSEH7,D1,2017-01-16,1484524800,1044.25,1044.25,1044.25,1044.25,53,0,53,76736.0
108,-41,ZSE,ZSEH7,D1,2017-01-17,1484611200,1054.0,1075.5,1052.0,1067.5,91791,0,144506,82867.0
109,-40,ZSE,ZSEH7,D1,2017-01-18,1484697600,1067.5,1080.0,1062.5,1074.25,69254,0,103843,82801.0
110,-39,ZSE,ZSEH7,D1,2017-01-19,1484784000,1073.0,1077.25,1066.75,1070.0,51195,0,77320,108556.0
111,-38,ZSE,ZSEH7,D1,2017-01-20,1484870400,1070.0,1071.25,1060.0,1067.75,48567,0,79091,86751.0
112,-37,ZSE,ZSEH7,D1,2017-01-23,1485129600,1067.5,1069.75,1055.25,1060.0,42200,0,65278,73896.0
113,-36,ZSE,ZSEH7,D1,2017-01-24,1485216000,1060.0,1068.0,1051.25,1058.75,43257,0,67530,70633.0
114,-35,ZSE,ZSEH7,D1,2017-01-25,1485302400,1057.5,1060.0,1050.0,1056.25,42457,0,66800,66536.0
115,-34,ZSE,ZSEH7,D1,2017-01-26,1485388800,1055.5,1058.5,1045.5,1048.5,42676,0,67535,67288.0
116,-33,ZSE,ZSEH7,D1,2017-01-27,1485475200,1047.0,1052.0,1043.25,1049.25,30585,0,47288,60541.0
117,-32,ZSE,ZSEH7,D1,2017-01-30,1485734400,1044.0,1044.25,1019.25,1022.5,59349,0,95200,70008.0
118,-31,ZSE,ZSEH7,D1,2017-01-31,1485820800,1022.75,1026.5,1019.5,1024.25,37882,0,57938,66809.0
119,-30,ZSE,ZSEH7,D1,2017-02-01,1485907200,1024.0,1037.5,1017.0,1037.25,49933,0,82431,78523.0
120,-29,ZSE,ZSEH7,D1,2017-02-02,1485993600,1037.25,1041.75,1031.25,1035.5,40311,0,65080,68483.0
121,-28,ZSE,ZSEH7,D1,2017-02-03,1486080000,1036.75,1044.25,1026.25,1026.5,46787,0,76071,74527.0
122,-27,ZSE,ZSEH7,D1,2017-02-06,1486339200,1027.0,1042.5,1026.25,1037.5,49684,0,81588,74246.0
123,-26,ZSE,ZSEH7,D1,2017-02-07,1486425600,1038.25,1043.25,1032.0,1041.5,40747,0,65787,74482.0
124,-25,ZSE,ZSEH7,D1,2017-02-08,1486512000,1041.75,1059.75,1040.0,1058.5,53463,0,86141,77839.0
125,-24,ZSE,ZSEH7,D1,2017-02-09,1486598400,1057.0,1061.5,1045.0,1049.75,50850,0,82876,78268.0
126,-23,ZSE,ZSEH7,D1,2017-02-10,1486684800,1050.0,1063.5,1047.5,1058.0,41688,0,67408,78808.0
127,-22,ZSE,ZSEH7,D1,2017-02-13,1486944000,1059.25,1061.75,1050.5,1055.5,44180,0,69336,73207.0
128,-21,ZSE,ZSEH7,D1,2017-02-14,1487030400,1055.0,1056.0,1042.5,1045.5,40161,0,60495,65746.0
129,-20,ZSE,ZSEH7,D1,2017-02-15,1487116800,1045.25,1061.5,1040.25,1061.25,44126,0,69691,66507.0
130,-19,ZSE,ZSEH7,D1,2017-02-16,1487203200,1060.25,1062.75,1042.25,1043.75,48922,0,73813,68000.0
131,-18,ZSE,ZSEH7,D1,2017-02-17,1487289600,1043.0,1046.25,1031.0,1034.75,51206,0,82252,75252.0
132,-17,ZSE,ZSEH7,D1,2017-02-19,1487462400,1034.75,1034.75,1034.75,1034.75,14,0,14,52026.0
133,-16,ZSE,ZSEH7,D1,2017-02-20,1487548800,1034.75,1034.75,1034.75,1034.75,62,0,62,27443.0
134,-15,ZSE,ZSEH7,D1,2017-02-21,1487635200,1033.25,1044.5,1026.0,1026.5,34337,0,53858,17978.0
85,-57,ZSE,ZSEK7,D1,2017-02-22,1487721600,1038.0,1042.5,1033.0,1033.25,32669,0,48420,30342.0
86,-56,ZSE,ZSEK7,D1,2017-02-23,1487808000,1033.0,1037.5,1021.0,1025.0,44695,0,72945,54637.0
87,-55,ZSE,ZSEK7,D1,2017-02-24,1487894400,1023.0,1027.25,1020.0,1025.0,43642,0,66522,62629.0
88,-54,ZSE,ZSEK7,D1,2017-02-27,1488153600,1026.25,1029.25,1017.0,1024.5,39331,0,58737,66068.0
89,-53,ZSE,ZSEK7,D1,2017-02-28,1488240000,1024.5,1056.25,1023.25,1037.25,114220,0,185982,103747.0
90,-52,ZSE,ZSEK7,D1,2017-03-01,1488326400,1036.25,1052.25,1035.0,1052.0,53148,0,84104,109608.0
91,-51,ZSE,ZSEK7,D1,2017-03-02,1488412800,1050.0,1051.0,1032.0,1037.25,45442,0,70436,113507.0
92,-50,ZSE,ZSEK7,D1,2017-03-03,1488499200,1037.0,1041.0,1028.75,1037.0,41437,0,62662,72401.0
93,-49,ZSE,ZSEK7,D1,2017-03-06,1488758400,1040.0,1048.5,1035.75,1038.0,49024,0,74890,69329.0
94,-48,ZSE,ZSEK7,D1,2017-03-07,1488844800,1037.5,1041.75,1022.25,1025.75,51188,0,81895,73149.0
95,-47,ZSE,ZSEK7,D1,2017-03-08,1488931200,1025.25,1027.75,1018.5,1021.25,42269,0,66365,74383.0
96,-46,ZSE,ZSEK7,D1,2017-03-09,1489017600,1021.0,1022.75,1006.25,1011.0,62674,0,106569,84943.0
97,-45,ZSE,ZSEK7,D1,2017-03-10,1489104000,1010.5,1012.75,1003.0,1007.25,42315,0,66857,79930.0
98,-44,ZSE,ZSEK7,D1,2017-03-13,1489363200,1006.25,1010.25,1003.5,1006.25,37125,0,56930,76785.0
99,-43,ZSE,ZSEK7,D1,2017-03-14,1489449600,1006.5,1008.0,992.0,999.0,59438,0,96314,73367.0
100,-42,ZSE,ZSEK7,D1,2017-03-15,1489536000,998.75,1007.75,995.25,1000.0,39506,0,60140,71128.0
101,-41,ZSE,ZSEK7,D1,2017-03-16,1489622400,999.75,1006.5,995.75,1001.5,43118,0,66198,74217.0
102,-40,ZSE,ZSEK7,D1,2017-03-17,1489708800,1001.5,1004.5,994.25,1000.25,31956,0,48101,58146.0
103,-39,ZSE,ZSEK7,D1,2017-03-20,1489968000,1003.75,1008.75,998.25,998.25,42332,0,65297,59865.0
104,-38,ZSE,ZSEK7,D1,2017-03-21,1490054400,1000.0,1008.0,995.0,1000.75,51084,0,79614,64337.0
105,-37,ZSE,ZSEK7,D1,2017-03-22,1490140800,1001.0,1003.25,994.0,998.5,44448,0,69318,71410.0
106,-36,ZSE,ZSEK7,D1,2017-03-23,1490227200,999.25,1002.0,990.25,990.25,44060,0,70557,73163.0
107,-35,ZSE,ZSEK7,D1,2017-03-24,1490313600,990.5,991.0,972.25,975.5,54569,0,92562,77479.0
108,-34,ZSE,ZSEK7,D1,2017-03-27,1490572800,976.0,978.5,968.25,971.0,43255,0,65876,76332.0
109,-33,ZSE,ZSEK7,D1,2017-03-28,1490659200,971.25,976.5,970.0,970.5,37882,0,57029,71822.0
110,-32,ZSE,ZSEK7,D1,2017-03-29,1490745600,970.5,976.0,967.25,969.5,42841,0,64932,62612.0
111,-31,ZSE,ZSEK7,D1,2017-03-30,1490832000,969.5,970.0,961.0,961.75,43266,0,63076,61679.0
112,-30,ZSE,ZSEK7,D1,2017-03-31,1490918400,961.75,966.5,944.25,944.75,79894,0,134838,87615.0
113,-29,ZSE,ZSEK7,D1,2017-04-03,1491177600,946.25,949.25,937.25,939.5,45269,0,69199,89038.0
114,-28,ZSE,ZSEK7,D1,2017-04-04,1491264000,939.25,942.75,936.5,938.75,58651,0,92932,98990.0
115,-27,ZSE,ZSEK7,D1,2017-04-05,1491350400,937.5,948.5,937.25,944.0,45451,0,70100,77410.0
116,-26,ZSE,ZSEK7,D1,2017-04-06,1491436800,943.75,946.5,938.5,938.5,36005,0,53754,72262.0
117,-25,ZSE,ZSEK7,D1,2017-04-07,1491523200,938.5,945.5,937.5,941.75,32021,0,51036,58297.0
118,-24,ZSE,ZSEK7,D1,2017-04-10,1491782400,944.25,949.0,939.25,941.75,32139,0,48572,51121.0
119,-23,ZSE,ZSEK7,D1,2017-04-11,1491868800,941.75,945.0,929.75,942.25,52158,0,88643,62750.0
120,-22,ZSE,ZSEK7,D1,2017-04-12,1491955200,942.25,951.5,941.25,948.5,38162,0,60777,65997.0
121,-21,ZSE,ZSEK7,D1,2017-04-13,1492041600,947.25,959.5,946.75,957.25,32717,0,52544,67321.0
122,-20,ZSE,ZSEK7,D1,2017-04-14,1492128000,957.25,957.25,957.25,957.25,62,0,62,37794.0
123,-19,ZSE,ZSEK7,D1,2017-04-17,1492387200,958.75,962.0,951.5,952.0,31256,0,50041,34216.0
124,-18,ZSE,ZSEK7,D1,2017-04-18,1492473600,952.25,955.0,939.75,946.75,34686,0,58581,36228.0
125,-17,ZSE,ZSEK7,D1,2017-04-19,1492560000,946.5,954.5,942.75,950.5,34009,0,56250,54957.0
126,-16,ZSE,ZSEK7,D1,2017-04-20,1492646400,950.0,955.75,946.0,946.0,29507,0,46355,53729.0
87,-61,ZSE,ZSEN7,D1,2017-04-21,1492732800,955.75,962.5,954.5,960.75,29355,0,48177,45738.0
88,-60,ZSE,ZSEN7,D1,2017-04-24,1492992000,961.5,972.5,961.5,970.25,37764,0,60231,50931.0
89,-59,ZSE,ZSEN7,D1,2017-04-25,1493078400,969.5,971.25,964.5,965.75,42104,0,65438,57949.0
90,-58,ZSE,ZSEN7,D1,2017-04-26,1493164800,965.5,968.5,955.25,956.0,47978,0,78460,68043.0
91,-57,ZSE,ZSEN7,D1,2017-04-27,1493251200,956.5,961.25,954.25,956.5,36887,0,56404,66767.0
92,-56,ZSE,ZSEN7,D1,2017-04-28,1493337600,956.5,958.5,952.5,955.5,36207,0,57083,63982.0
93,-55,ZSE,ZSEN7,D1,2017-05-01,1493596800,959.75,974.75,958.5,969.75,46546,0,78991,64159.0
94,-54,ZSE,ZSEN7,D1,2017-05-02,1493683200,969.0,978.5,965.25,969.0,49765,0,84311,73462.0
95,-53,ZSE,ZSEN7,D1,2017-05-03,1493769600,969.0,977.0,966.5,977.0,38063,0,64205,75836.0
96,-52,ZSE,ZSEN7,D1,2017-05-04,1493856000,977.0,980.0,969.5,973.75,60009,0,105074,84530.0
97,-51,ZSE,ZSEN7,D1,2017-05-05,1493942400,973.75,983.0,967.75,973.75,49124,0,79644,82974.0
98,-50,ZSE,ZSEN7,D1,2017-05-08,1494201600,969.75,974.75,963.25,964.75,38553,0,59414,81377.0
99,-49,ZSE,ZSEN7,D1,2017-05-09,1494288000,965.0,977.25,963.5,974.0,44066,0,72773,70610.0
100,-48,ZSE,ZSEN7,D1,2017-05-10,1494374400,974.0,989.0,966.75,969.75,59174,0,106206,79464.0
101,-47,ZSE,ZSEN7,D1,2017-05-11,1494460800,971.0,975.75,963.0,965.25,39137,0,66899,81959.0
102,-46,ZSE,ZSEN7,D1,2017-05-12,1494547200,965.0,967.75,960.5,963.5,28272,0,45906,73004.0
2,-74,ZSE,ZSEQ7,D1,2017-05-14,1494720000,965.25,965.25,965.25,965.25,1,1100,1,706.0
103,-45,ZSE,ZSEN7,D1,2017-05-15,1494806400,962.5,973.0,962.0,965.0,33978,0,55404,56070.0
104,-44,ZSE,ZSEN7,D1,2017-05-16,1494892800,964.75,977.25,964.0,975.5,36610,0,63721,55010.0
105,-43,ZSE,ZSEN7,D1,2017-05-17,1494979200,975.5,980.5,972.5,972.5,34466,0,55456,58194.0
106,-42,ZSE,ZSEN7,D1,2017-05-18,1495065600,972.25,972.5,942.75,945.5,101863,0,181998,100392.0
107,-41,ZSE,ZSEN7,D1,2017-05-19,1495152000,945.75,956.25,944.5,953.25,45967,0,76684,104713.0
8,-68,ZSE,ZSEQ7,D1,2017-05-21,1495324800,954.75,954.75,954.75,954.75,1,0,1,5945.0
108,-40,ZSE,ZSEN7,D1,2017-05-22,1495411200,953.0,961.0,953.0,956.25,36315,0,59310,105997.0
109,-39,ZSE,ZSEN7,D1,2017-05-23,1495497600,956.25,959.25,947.0,949.5,34831,0,60168,65387.0
110,-38,ZSE,ZSEN7,D1,2017-05-24,1495584000,948.5,952.0,943.0,947.75,36333,0,61206,60228.0
111,-37,ZSE,ZSEN7,D1,2017-05-25,1495670400,947.75,952.25,938.25,938.5,39653,0,65735,62370.0
112,-36,ZSE,ZSEN7,D1,2017-05-26,1495756800,939.5,941.0,925.25,926.0,42296,0,73312,66751.0
113,-35,ZSE,ZSEN7,D1,2017-05-28,1495929600,926.0,926.0,926.0,926.0,13,0,13,46353.0
114,-34,ZSE,ZSEN7,D1,2017-05-29,1496016000,926.0,926.0,926.0,926.0,59,0,59,24461.0
115,-33,ZSE,ZSEN7,D1,2017-05-30,1496102400,926.0,928.5,910.5,912.0,51518,0,83231,27768.0
116,-32,ZSE,ZSEN7,D1,2017-05-31,1496188800,915.25,920.5,909.5,916.0,50741,0,82525,55272.0
117,-31,ZSE,ZSEN7,D1,2017-06-01,1496275200,915.75,920.75,911.5,913.5,33554,0,53929,73228.0
118,-30,ZSE,ZSEN7,D1,2017-06-02,1496361600,912.25,924.0,910.75,923.5,38149,0,61317,65924.0
20,-56,ZSE,ZSEQ7,D1,2017-06-04,1496534400,926.25,926.25,926.25,926.25,1,0,1,2419.0
119,-29,ZSE,ZSEN7,D1,2017-06-05,1496620800,924.5,926.5,917.75,921.0,36743,0,61759,59002.0
120,-28,ZSE,ZSEN7,D1,2017-06-06,1496707200,921.0,934.25,920.0,924.5,42940,0,71463,64846.0
121,-27,ZSE,ZSEN7,D1,2017-06-07,1496793600,924.5,934.5,924.5,930.25,38706,0,67042,66755.0
122,-26,ZSE,ZSEN7,D1,2017-06-08,1496880000,931.0,944.75,930.75,937.5,49303,0,81943,73483.0
123,-25,ZSE,ZSEN7,D1,2017-06-09,1496966400,937.0,944.0,932.75,941.75,47243,0,82856,77280.0
26,-50,ZSE,ZSEQ7,D1,2017-06-11,1497139200,946.0,946.0,946.0,946.0,1,0,2,6676.0
124,-24,ZSE,ZSEN7,D1,2017-06-12,1497225600,942.0,943.25,930.25,933.5,41326,0,68421,77740.0
125,-23,ZSE,ZSEN7,D1,2017-06-13,1497312000,933.75,941.5,931.75,933.25,39202,0,66622,72633.0
126,-22,ZSE,ZSEN7,D1,2017-06-14,1497398400,932.0,939.0,931.0,931.75,32550,0,53695,62913.0
127,-21,ZSE,ZSEN7,D1,2017-06-15,1497484800,931.75,938.5,925.5,936.25,43382,0,70095,63471.0
128,-20,ZSE,ZSEN7,D1,2017-06-16,1497571200,935.75,942.25,932.0,940.25,37992,0,62006,61932.0
32,-44,ZSE,ZSEQ7,D1,2017-06-18,1497744000,944.5,944.5,944.5,944.5,1,0,1,4452.0
129,-19,ZSE,ZSEN7,D1,2017-06-19,1497830400,936.5,947.5,933.75,937.75,36014,0,59861,63987.0
130,-18,ZSE,ZSEN7,D1,2017-06-20,1497916800,937.75,940.75,926.0,929.25,40302,0,69299,63722.0
131,-17,ZSE,ZSEN7,D1,2017-06-21,1498003200,928.0,932.5,917.0,920.0,37036,0,62472,63877.0
132,-16,ZSE,ZSEN7,D1,2017-06-22,1498089600,919.25,920.5,903.0,906.75,40274,0,65315,65695.0
133,-15,ZSE,ZSEN7,D1,2017-06-23,1498176000,906.5,909.0,900.25,905.5,32269,0,53351,60379.0
38,-38,ZSE,ZSEQ7,D1,2017-06-25,1498348800,909.5,909.5,909.5,909.5,1,0,4,9671.0
134,-14,ZSE,ZSEN7,D1,2017-06-26,1498435200,904.0,912.25,903.75,906.25,13908,0,22726,47131.0
135,-13,ZSE,ZSEN7,D1,2017-06-27,1498521600,909.0,918.0,909.0,911.0,11770,0,19343,31807.0
136,-12,ZSE,ZSEN7,D1,2017-06-28,1498608000,910.5,917.5,910.5,914.25,8540,0,14160,18743.0
42,-34,ZSE,ZSEQ7,D1,2017-06-29,1498694400,919.5,932.5,919.0,920.75,15071,0,29339,19310.0
43,-33,ZSE,ZSEQ7,D1,2017-06-30,1498780800,920.0,950.5,917.5,945.0,24895,0,48824,31056.0
44,-32,ZSE,ZSEQ7,D1,2017-07-02,1498953600,945.0,945.0,945.0,945.0,1,0,1,26055.0
45,-31,ZSE,ZSEQ7,D1,2017-07-03,1499040000,955.0,980.75,955.0,969.75,23091,0,42353,30393.0
46,-30,ZSE,ZSEQ7,D1,2017-07-04,1499126400,969.75,969.75,969.75,969.75,57,25,114,14156.0
47,-29,ZSE,ZSEQ7,D1,2017-07-05,1499212800,975.75,986.5,969.25,982.75,18664,0,33336,25268.0
48,-28,ZSE,ZSEQ7,D1,2017-07-06,1499299200,980.0,987.5,978.5,985.0,9729,0,16593,16681.0
49,-27,ZSE,ZSEQ7,D1,2017-07-07,1499385600,985.25,1003.5,983.0,997.75,18940,0,32216,27382.0
50,-26,ZSE,ZSEQ7,D1,2017-07-09,1499558400,997.75,997.75,997.75,997.75,1,0,2,16270.0
51,-25,ZSE,ZSEQ7,D1,2017-07-10,1499644800,1010.0,1029.5,1010.0,1025.25,18070,0,30626,20948.0
52,-24,ZSE,ZSEQ7,D1,2017-07-11,1499731200,1026.25,1032.5,1008.0,1028.0,15645,0,26431,19020.0
53,-23,ZSE,ZSEQ7,D1,2017-07-12,1499817600,1026.75,1031.0,1010.5,1022.25,15913,0,28291,28449.0
54,-22,ZSE,ZSEQ7,D1,2017-07-13,1499904000,1015.0,1015.75,974.5,976.0,16521,0,30486,28403.0
55,-21,ZSE,ZSEQ7,D1,2017-07-14,1499990400,976.25,992.0,972.25,990.0,11733,0,21427,26735.0
56,-20,ZSE,ZSEQ7,D1,2017-07-17,1500249600,989.0,1000.0,981.75,998.5,9330,0,15062,22325.0
57,-19,ZSE,ZSEQ7,D1,2017-07-18,1500336000,998.25,1004.25,985.75,989.75,12617,0,19749,18746.0
58,-18,ZSE,ZSEQ7,D1,2017-07-19,1500422400,990.25,1004.75,984.5,999.25,9814,0,15860,16890.0
59,-17,ZSE,ZSEQ7,D1,2017-07-20,1500508800,999.0,1017.25,995.0,1013.5,11085,0,16764,17458.0
60,-16,ZSE,ZSEQ7,D1,2017-07-21,1500595200,1011.25,1013.25,1001.75,1008.5,11073,0,21039,17888.0
61,-15,ZSE,ZSEQ7,D1,2017-07-24,1500854400,1000.25,1000.5,985.75,996.75,8674,0,14721,17508.0
62,-14,ZSE,ZSEQ7,D1,2017-07-25,1500940800,1012.0,1022.75,981.0,981.0,8928,0,16680,17480.0
63,-13,ZSE,ZSEQ7,D1,2017-07-26,1501027200,980.0,991.0,973.25,990.0,6283,0,9568,13656.0
6,-36,ZSE,ZSEU7,D1,2017-07-27,1501113600,996.75,1005.75,992.25,998.5,5845,0,8665,11531.0
7,-35,ZSE,ZSEU7,D1,2017-07-28,1501200000,998.0,1013.0,995.0,1004.5,7735,0,10695,10116.0
8,-34,ZSE,ZSEU7,D1,2017-07-31,1501459200,996.0,1001.5,987.5,999.25,7053,0,9863,9741.0
9,-33,ZSE,ZSEU7,D1,2017-08-01,1501545600,989.25,992.75,962.25,963.0,13874,0,21217,13925.0
10,-32,ZSE,ZSEU7,D1,2017-08-02,1501632000,964.75,973.75,963.25,969.0,5967,0,8722,13267.0
11,-31,ZSE,ZSEU7,D1,2017-08-03,1501718400,969.0,969.5,949.0,955.0,9687,0,15440,15126.0
12,-30,ZSE,ZSEU7,D1,2017-08-04,1501804800,954.0,959.5,949.75,952.25,5690,0,7898,10687.0
13,-29,ZSE,ZSEU7,D1,2017-08-07,1502064000,957.75,966.5,955.0,966.0,6091,0,9518,10952.0
14,-28,ZSE,ZSEU7,D1,2017-08-08,1502150400,965.75,973.75,963.75,967.0,6691,0,10600,9339.0
15,-27,ZSE,ZSEU7,D1,2017-08-09,1502236800,967.0,971.25,960.25,966.0,7332,0,11823,10647.0
16,-26,ZSE,ZSEU7,D1,2017-08-10,1502323200,966.0,981.0,932.0,934.75,10953,0,19754,14059.0
17,-25,ZSE,ZSEU7,D1,2017-08-11,1502409600,934.75,939.5,930.25,939.5,6950,0,9930,13836.0
18,-24,ZSE,ZSEU7,D1,2017-08-14,1502668800,931.25,934.0,925.0,932.75,6070,0,9533,13072.0
19,-23,ZSE,ZSEU7,D1,2017-08-15,1502755200,932.5,934.25,920.25,921.25,5563,0,9021,9495.0
20,-22,ZSE,ZSEU7,D1,2017-08-16,1502841600,921.25,925.25,917.25,924.0,5009,0,8085,8880.0
21,-21,ZSE,ZSEU7,D1,2017-08-17,1502928000,924.0,931.75,922.0,931.0,5613,0,9351,8819.0
22,-20,ZSE,ZSEU7,D1,2017-08-18,1503014400,929.75,939.0,927.75,937.5,5283,0,8996,8811.0
5,-63,ZSE,ZSEX7,D1,2017-08-20,1503187200,937.0,939.0,935.25,935.25,59,0,0,0.0
6,-62,ZSE,ZSEX7,D1,2017-08-21,1503273600,935.25,938.5,931.0,935.25,19993,0,26460,8820.0
7,-61,ZSE,ZSEX7,D1,2017-08-22,1503360000,935.0,942.75,931.25,937.5,41012,0,68593,31684.0
8,-60,ZSE,ZSEX7,D1,2017-08-23,1503446400,945.0,947.0,932.75,938.0,50990,0,84866,59973.0
9,-59,ZSE,ZSEX7,D1,2017-08-24,1503532800,937.25,947.75,935.75,946.5,45269,0,73458,75639.0
10,-58,ZSE,ZSEX7,D1,2017-08-25,1503619200,945.0,947.0,942.25,945.0,28870,0,48543,68956.0
11,-57,ZSE,ZSEX7,D1,2017-08-28,1503878400,942.5,950.5,938.0,940.25,38814,0,63453,61818.0
12,-56,ZSE,ZSEX7,D1,2017-08-29,1503964800,940.0,943.75,934.5,936.5,40060,0,65694,59230.0
13,-55,ZSE,ZSEX7,D1,2017-08-30,1504051200,936.5,941.0,931.5,932.5,35480,0,60354,63167.0
14,-54,ZSE,ZSEX7,D1,2017-08-31,1504137600,932.5,948.75,932.25,945.0,52294,0,89400,71816.0
15,-53,ZSE,ZSEX7,D1,2017-09-01,1504224000,945.25,952.0,943.0,950.25,38487,0,64572,71442.0
16,-52,ZSE,ZSEX7,D1,2017-09-03,1504396800,950.25,950.25,950.25,950.25,8,0,8,51327.0
17,-51,ZSE,ZSEX7,D1,2017-09-04,1504483200,950.25,950.25,950.25,950.25,4,0,4,21528.0
18,-50,ZSE,ZSEX7,D1,2017-09-05,1504569600,953.75,973.5,952.25,968.75,76897,0,132457,44156.0
19,-49,ZSE,ZSEX7,D1,2017-09-06,1504656000,967.0,976.75,964.75,971.0,54070,0,89291,73917.0
20,-48,ZSE,ZSEX7,D1,2017-09-07,1504742400,971.0,977.5,965.75,969.0,45863,0,73719,98489.0
21,-47,ZSE,ZSEX7,D1,2017-09-08,1504828800,968.0,976.75,961.5,961.5,45045,0,75609,79540.0
22,-46,ZSE,ZSEX7,D1,2017-09-11,1505088000,964.0,968.5,956.75,961.0,43611,0,71128,73485.0
23,-45,ZSE,ZSEX7,D1,2017-09-12,1505174400,960.75,965.5,937.5,950.5,74004,0,132167,92968.0
24,-44,ZSE,ZSEX7,D1,2017-09-13,1505260800,950.0,963.25,946.75,961.75,54709,0,90587,97961.0
25,-43,ZSE,ZSEX7,D1,2017-09-14,1505347200,961.0,978.25,960.25,976.5,64359,0,108442,110399.0
26,-42,ZSE,ZSEX7,D1,2017-09-15,1505433600,975.5,977.75,967.25,968.5,49811,0,85262,94764.0
1,-85,ZSE,ZSEF8,D1,2017-09-17,1505606400,976.0,982.0,976.0,976.75,39,0,0,0.0
27,-41,ZSE,ZSEX7,D1,2017-09-18,1505692800,966.25,976.5,966.0,968.5,45680,0,78337,90680.0
28,-40,ZSE,ZSEX7,D1,2017-09-19,1505779200,968.25,971.75,958.5,966.75,53835,0,92119,85239.0
29,-39,ZSE,ZSEX7,D1,2017-09-20,1505865600,966.0,974.0,964.75,969.5,40653,0,67669,79375.0
30,-38,ZSE,ZSEX7,D1,2017-09-21,1505952000,969.75,973.0,963.0,970.75,40669,0,70825,76871.0
31,-37,ZSE,ZSEX7,D1,2017-09-22,1506038400,969.75,987.0,969.0,985.25,78005,0,135651,91382.0
32,-36,ZSE,ZSEX7,D1,2017-09-25,1506297600,983.5,985.75,971.0,971.25,56940,0,92511,99662.0
33,-35,ZSE,ZSEX7,D1,2017-09-26,1506384000,971.25,974.25,962.5,963.5,61612,0,107887,112016.0
34,-34,ZSE,ZSEX7,D1,2017-09-27,1506470400,963.25,968.5,958.0,965.25,48315,0,81588,93995.0
35,-33,ZSE,ZSEX7,D1,2017-09-28,1506556800,965.25,966.0,957.5,959.25,42329,0,70974,86816.0
36,-32,ZSE,ZSEX7,D1,2017-09-29,1506643200,959.5,976.0,955.25,967.75,68898,0,121434,91332.0
37,-31,ZSE,ZSEX7,D1,2017-10-02,1506902400,967.5,968.0,956.25,956.75,46109,0,74759,89056.0
38,-30,ZSE,ZSEX7,D1,2017-10-03,1506988800,957.0,961.25,952.5,955.25,38875,0,63590,86594.0
39,-29,ZSE,ZSEX7,D1,2017-10-04,1507075200,955.25,961.75,952.75,958.25,39669,0,65861,68070.0
40,-28,ZSE,ZSEX7,D1,2017-10-05,1507161600,958.25,971.0,957.75,968.0,53560,0,89337,72929.0
41,-27,ZSE,ZSEX7,D1,2017-10-06,1507248000,968.0,973.75,963.5,973.0,37285,0,62178,72459.0
42,-26,ZSE,ZSEX7,D1,2017-10-09,1507507200,974.5,977.0,965.25,967.25,43322,0,74631,75382.0
43,-25,ZSE,ZSEX7,D1,2017-10-10,1507593600,966.25,975.75,964.25,965.75,46188,0,82080,72963.0
44,-24,ZSE,ZSEX7,D1,2017-10-11,1507680000,965.75,967.5,963.5,966.0,37248,0,61665,72792.0
45,-23,ZSE,ZSEX7,D1,2017-10-12,1507766400,965.0,997.75,959.0,991.0,114677,0,199096,114280.0
46,-22,ZSE,ZSEX7,D1,2017-10-13,1507852800,991.0,1003.25,990.25,999.5,79455,0,137423,132728.0
47,-21,ZSE,ZSEX7,D1,2017-10-16,1508112000,998.0,999.0,990.25,991.25,55218,0,90705,142408.0
48,-20,ZSE,ZSEX7,D1,2017-10-17,1508198400,990.0,990.5,982.5,985.0,48968,0,82708,103612.0
49,-19,ZSE,ZSEX7,D1,2017-10-18,1508284800,985.0,988.5,981.75,983.75,39110,0,66158,79857.0
50,-18,ZSE,ZSEX7,D1,2017-10-19,1508371200,983.75,989.0,983.0,985.25,40505,0,69098,72655.0
51,-17,ZSE,ZSEX7,D1,2017-10-20,1508457600,985.25,994.25,978.0,978.25,58378,0,110131,81796.0
52,-16,ZSE,ZSEX7,D1,2017-10-23,1508716800,977.0,982.75,975.0,980.0,45626,0,83034,87421.0
53,-15,ZSE,ZSEX7,D1,2017-10-24,1508803200,980.0,983.0,972.75,976.75,35900,0,66189,86451.0
54,-14,ZSE,ZSEX7,D1,2017-10-25,1508889600,975.75,983.25,975.25,975.5,26308,0,54014,67746.0
55,-13,ZSE,ZSEX7,D1,2017-10-26,1508976000,975.75,978.75,970.25,971.25,20642,0,44736,54980.0
31,-55,ZSE,ZSEF8,D1,2017-10-27,1509062400,982.25,988.0,981.0,987.25,38031,0,59948,48396.0
32,-54,ZSE,ZSEF8,D1,2017-10-30,1509321600,986.5,993.25,983.0,984.25,45032,0,72673,58519.0
33,-53,ZSE,ZSEF8,D1,2017-10-31,1509408000,984.5,988.5,982.0,985.0,40161,0,66596,66406.0
34,-52,ZSE,ZSEF8,D1,2017-11-01,1509494400,984.75,995.0,983.75,990.25,49282,0,84632,74634.0
35,-51,ZSE,ZSEF8,D1,2017-11-02,1509580800,990.5,1000.5,990.0,998.75,42739,0,75459,75562.0
36,-50,ZSE,ZSEF8,D1,2017-11-03,1509667200,999.0,999.0,985.75,986.25,63080,0,123832,94641.0
37,-49,ZSE,ZSEF8,D1,2017-11-06,1509926400,987.25,995.75,985.0,994.0,48591,0,81183,93491.0
38,-48,ZSE,ZSEF8,D1,2017-11-07,1510012800,994.0,998.75,991.25,996.25,40655,0,65715,90243.0
39,-47,ZSE,ZSEF8,D1,2017-11-08,1510099200,996.0,999.5,994.75,998.25,33631,0,53098,66665.0
40,-46,ZSE,ZSEF8,D1,2017-11-09,1510185600,998.25,1008.25,983.5,986.25,89660,0,154667,91160.0
41,-45,ZSE,ZSEF8,D1,2017-11-10,1510272000,985.5,991.0,983.75,987.0,43585,0,74435,94067.0
42,-44,ZSE,ZSEF8,D1,2017-11-13,1510531200,987.0,990.25,973.75,975.25,54861,0,98835,109312.0
43,-43,ZSE,ZSEF8,D1,2017-11-14,1510617600,974.75,977.5,967.0,968.75,48798,0,78580,83950.0
44,-42,ZSE,ZSEF8,D1,2017-11-15,1510704000,969.0,978.0,968.0,976.25,45994,0,74680,84032.0
45,-41,ZSE,ZSEF8,D1,2017-11-16,1510790400,976.5,978.25,970.25,972.75,37252,0,61584,71615.0
46,-40,ZSE,ZSEF8,D1,2017-11-17,1510876800,971.75,992.0,971.75,992.0,59053,0,103962,80075.0
2,-92,ZSE,ZSEH8,D1,2017-11-19,1511049600,1001.0,1001.0,996.25,996.25,19,0,0,0.0
47,-39,ZSE,ZSEF8,D1,2017-11-20,1511136000,990.0,992.0,983.0,990.25,45645,0,75250,80265.0
48,-38,ZSE,ZSEF8,D1,2017-11-21,1511222400,990.0,991.25,986.25,988.5,33572,0,53683,77632.0
49,-37,ZSE,ZSEF8,D1,2017-11-22,1511308800,988.5,999.5,987.5,997.0,52746,0,88457,72463.0
50,-36,ZSE,ZSEF8,D1,2017-11-23,1511395200,997.0,997.0,997.0,997.0,4,0,4,47381.0
51,-35,ZSE,ZSEF8,D1,2017-11-24,1511481600,995.0,999.75,991.0,992.5,25951,0,44597,44353.0
8,-86,ZSE,ZSEH8,D1,2017-11-26,1511654400,1003.5,1004.0,1003.5,1003.75,18,0,0,0.0
52,-34,ZSE,ZSEF8,D1,2017-11-27,1511740800,993.75,1001.5,990.5,996.5,54941,0,91638,45413.0
53,-33,ZSE,ZSEF8,D1,2017-11-28,1511827200,996.0,996.0,987.5,993.75,40580,0,70243,68826.0
54,-32,ZSE,ZSEF8,D1,2017-11-29,1511913600,993.25,996.5,989.25,993.0,35414,0,61007,74296.0
55,-31,ZSE,ZSEF8,D1,2017-11-30,1512000000,992.75,993.0,985.0,986.0,44274,0,79344,70198.0
56,-30,ZSE,ZSEF8,D1,2017-12-01,1512086400,985.75,995.75,985.5,994.0,39117,0,69836,70062.0
14,-80,ZSE,ZSEH8,D1,2017-12-03,1512259200,1004.5,1006.0,1003.5,1006.0,24,0,0,0.0
57,-29,ZSE,ZSEF8,D1,2017-12-04,1512345600,998.25,1008.5,996.75,998.5,65874,0,115682,88287.0
58,-28,ZSE,ZSEF8,D1,2017-12-05,1512432000,998.5,1015.0,997.5,1008.5,69209,0,122803,102774.0
59,-27,ZSE,ZSEF8,D1,2017-12-06,1512518400,1008.0,1014.25,995.0,1003.25,69279,0,124190,120892.0
60,-26,ZSE,ZSEF8,D1,2017-12-07,1512604800,1003.5,1006.5,988.25,992.0,52484,0,96568,114520.0
61,-25,ZSE,ZSEF8,D1,2017-12-08,1512691200,991.75,996.5,986.0,990.75,39423,25,71677,97478.0
20,-74,ZSE,ZSEH8,D1,2017-12-10,1512864000,998.0,1005.0,998.0,1005.0,19,0,0,0.0
62,-24,ZSE,ZSEF8,D1,2017-12-11,1512950400,989.0,989.0,981.5,982.5,34567,0,61509,76585.0
63,-23,ZSE,ZSEF8,D1,2017-12-12,1513036800,981.75,986.25,975.0,976.25,44274,0,79894,71027.0
64,-22,ZSE,ZSEF8,D1,2017-12-13,1513123200,977.0,981.5,976.0,979.25,25725,0,46022,62475.0
65,-21,ZSE,ZSEF8,D1,2017-12-14,1513209600,979.5,981.0,966.5,967.25,40134,0,77909,67942.0
66,-20,ZSE,ZSEF8,D1,2017-12-15,1513296000,968.0,972.25,964.0,968.5,38212,0,69985,64639.0
67,-19,ZSE,ZSEF8,D1,2017-12-18,1513555200,970.5,970.5,957.25,962.75,36111,0,65587,71160.0
68,-18,ZSE,ZSEF8,D1,2017-12-19,1513641600,962.25,964.0,955.0,955.25,25710,0,44640,60071.0
69,-17,ZSE,ZSEF8,D1,2017-12-20,1513728000,955.75,960.0,952.75,953.0,30399,0,56896,55708.0
70,-16,ZSE,ZSEF8,D1,2017-12-21,1513814400,953.5,956.75,947.5,947.75,19885,0,34182,45239.0
71,-15,ZSE,ZSEF8,D1,2017-12-22,1513900800,948.0,952.0,946.5,950.25,10402,0,21094,37391.0
31,-63,ZSE,ZSEH8,D1,2017-12-25,1514160000,960.75,960.75,960.75,960.75,4,0,4,23977.0
32,-62,ZSE,ZSEH8,D1,2017-12-26,1514246400,963.25,974.0,963.0,969.25,27606,0,44384,25817.0
33,-61,ZSE,ZSEH8,D1,2017-12-27,1514332800,975.0,976.0,965.5,966.25,28055,0,46691,30360.0
34,-60,ZSE,ZSEH8,D1,2017-12-28,1514419200,966.75,967.75,955.0,956.5,31409,0,52071,47715.0
35,-59,ZSE,ZSEH8,D1,2017-12-29,1514505600,955.75,963.5,954.75,962.5,32073,0,50425,49729.0
36,-58,ZSE,ZSEH8,D1,2018-01-01,1514764800,962.5,962.5,962.5,962.5,4,0,4,34167.0
37,-57,ZSE,ZSEH8,D1,2018-01-02,1514851200,967.5,970.0,958.75,965.5,31349,0,51356,33928.0
38,-56,ZSE,ZSEH8,D1,2018-01-03,1514937600,966.0,970.0,963.5,969.0,26021,0,39904,30421.0
39,-55,ZSE,ZSEH8,D1,2018-01-04,1515024000,968.25,969.0,959.25,967.25,41134,0,71440,54233.0
40,-54,ZSE,ZSEH8,D1,2018-01-05,1515110400,968.0,977.0,967.5,969.75,35643,0,59469,56938.0
41,-53,ZSE,ZSEH8,D1,2018-01-08,1515369600,969.75,971.5,960.5,967.0,42027,0,68763,66557.0
42,-52,ZSE,ZSEH8,D1,2018-01-09,1515456000,966.75,968.5,961.0,963.25,27761,0,42817,57016.0
43,-51,ZSE,ZSEH8,D1,2018-01-10,1515542400,962.75,963.5,951.75,954.5,41578,0,69094,60225.0
44,-50,ZSE,ZSEH8,D1,2018-01-11,1515628800,954.0,957.5,949.0,949.0,39322,0,68221,60044.0
45,-49,ZSE,ZSEH8,D1,2018-01-12,1515715200,948.25,962.75,944.5,962.5,53303,0,92051,76455.0
46,-48,ZSE,ZSEH8,D1,2018-01-14,1515888000,962.5,962.5,962.5,962.5,4,0,8,53427.0
47,-47,ZSE,ZSEH8,D1,2018-01-15,1515974400,962.5,962.5,962.5,962.5,4,0,8,30689.0
48,-46,ZSE,ZSEH8,D1,2018-01-16,1516060800,965.0,970.0,963.25,966.75,41076,0,74993,25003.0
49,-45,ZSE,ZSEH8,D1,2018-01-17,1516147200,966.25,969.25,961.25,969.25,35297,0,61249,45417.0
50,-44,ZSE,ZSEH8,D1,2018-01-18,1516233600,968.75,974.75,966.5,972.5,33852,0,57790,64677.0
51,-43,ZSE,ZSEH8,D1,2018-01-19,1516320000,972.5,982.75,972.0,975.0,44480,0,85251,68097.0
7,-104,ZSE,ZSEK8,D1,2018-01-21,1516492800,987.75,988.5,987.0,988.5,18,0,0,0.0
52,-42,ZSE,ZSEH8,D1,2018-01-22,1516579200,980.5,987.25,980.0,983.25,43927,0,79338,74126.0
53,-41,ZSE,ZSEH8,D1,2018-01-23,1516665600,983.0,988.75,979.5,985.75,43103,0,80800,81796.0
54,-40,ZSE,ZSEH8,D1,2018-01-24,1516752000,985.75,994.75,980.25,990.25,53375,0,95322,85153.0
55,-39,ZSE,ZSEH8,D1,2018-01-25,1516838400,992.0,1002.0,987.0,991.25,71613,0,128731,101618.0
56,-38,ZSE,ZSEH8,D1,2018-01-26,1516924800,990.25,995.5,983.75,986.0,50177,0,91294,105116.0
13,-98,ZSE,ZSEK8,D1,2018-01-28,1517097600,996.75,997.0,996.75,997.0,15,0,0,0.0
57,-37,ZSE,ZSEH8,D1,2018-01-29,1517184000,992.25,998.75,986.25,991.25,63036,0,117244,112423.0
58,-36,ZSE,ZSEH8,D1,2018-01-30,1517270400,994.5,1004.75,988.25,999.5,61208,0,108977,105838.0
59,-35,ZSE,ZSEH8,D1,2018-01-31,1517356800,1000.0,1002.0,989.0,996.75,56879,0,102365,109529.0
60,-34,ZSE,ZSEH8,D1,2018-02-01,1517443200,995.25,995.5,977.5,984.75,64543,0,124607,111983.0
61,-33,ZSE,ZSEH8,D1,2018-02-02,1517529600,985.75,986.25,977.25,978.5,36698,0,63998,96990.0
62,-32,ZSE,ZSEH8,D1,2018-02-05,1517788800,976.25,977.5,969.5,970.25,43334,0,79512,89372.0
63,-31,ZSE,ZSEH8,D1,2018-02-06,1517875200,969.75,987.5,967.75,987.0,54153,0,95357,79622.0
64,-30,ZSE,ZSEH8,D1,2018-02-07,1517961600,988.75,993.75,982.0,984.0,49414,0,81676,85515.0
65,-29,ZSE,ZSEH8,D1,2018-02-08,1518048000,983.25,996.0,977.75,987.5,60381,0,111474,96169.0
66,-28,ZSE,ZSEH8,D1,2018-02-09,1518134400,987.5,989.75,979.75,983.75,42313,0,73849,89000.0
67,-27,ZSE,ZSEH8,D1,2018-02-12,1518393600,995.5,1004.25,989.0,1001.25,74450,0,122838,102720.0
68,-26,ZSE,ZSEH8,D1,2018-02-13,1518480000,1001.0,1013.5,998.75,1010.75,60044,0,97937,98208.0
69,-25,ZSE,ZSEH8,D1,2018-02-14,1518566400,1011.25,1019.5,1006.0,1017.0,54262,0,90970,103915.0
70,-24,ZSE,ZSEH8,D1,2018-02-15,1518652800,1016.5,1024.75,1015.5,1024.0,49424,0,82393,90433.0
71,-23,ZSE,ZSEH8,D1,2018-02-16,1518739200,1023.5,1028.25,1012.0,1021.25,48908,0,80115,84493.0
72,-22,ZSE,ZSEH8,D1,2018-02-18,1518912000,1021.25,1021.25,1021.25,1021.25,1,0,1,54170.0
73,-21,ZSE,ZSEH8,D1,2018-02-19,1518998400,1021.25,1021.25,1021.25,1021.25,1,0,1,26706.0
74,-20,ZSE,ZSEH8,D1,2018-02-20,1519084800,1031.5,1039.0,1024.5,1025.75,55840,0,88604,29535.0
75,-19,ZSE,ZSEH8,D1,2018-02-21,1519171200,1027.75,1038.25,1019.25,1034.0,41114,0,63994,50866.0
33,-78,ZSE,ZSEK8,D1,2018-02-22,1519257600,1045.0,1048.25,1038.25,1042.75,39256,0,59088,70034.0
34,-77,ZSE,ZSEK8,D1,2018-02-23,1519344000,1042.25,1050.75,1039.25,1048.0,47770,0,78225,71621.0
35,-76,ZSE,ZSEK8,D1,2018-02-26,1519603200,1054.0,1059.5,1045.75,1046.0,55484,0,91403,76239.0
36,-75,ZSE,ZSEK8,D1,2018-02-27,1519689600,1046.25,1056.0,1043.75,1049.0,58622,0,95099,88242.0
37,-74,ZSE,ZSEK8,D1,2018-02-28,1519776000,1049.0,1059.0,1045.75,1055.0,57615,0,89320,91941.0
38,-73,ZSE,ZSEK8,D1,2018-03-01,1519862400,1053.75,1068.75,1050.75,1067.5,70662,0,116322,100247.0
39,-72,ZSE,ZSEK8,D1,2018-03-02,1519948800,1067.75,1082.5,1064.0,1070.0,47501,0,78940,94861.0
40,-71,ZSE,ZSEK8,D1,2018-03-03,1520035200,1070.0,1070.0,1070.0,1070.0,1,0,13,65092.0
41,-70,ZSE,ZSEK8,D1,2018-03-04,1520121600,1070.0,1070.0,1070.0,1070.0,2,0,26,26326.0
52,-123,ZSE,ZSEN8,D1,2018-03-05,1520208000,1082.25,1087.25,1074.5,1085.0,51111,0,25677,31044.0
43,-68,ZSE,ZSEK8,D1,2018-03-06,1520294400,1077.0,1077.75,1070.25,1074.75,42217,0,65706,50731.0
44,-67,ZSE,ZSEK8,D1,2018-03-07,1520380800,1073.25,1077.25,1063.0,1063.5,51412,0,82928,78365.0
45,-66,ZSE,ZSEK8,D1,2018-03-08,1520467200,1063.0,1069.25,1056.5,1062.0,58986,0,99593,82742.0
46,-65,ZSE,ZSEK8,D1,2018-03-09,1520553600,1063.0,1065.0,1036.5,1036.75,54896,0,94835,92452.0
47,-64,ZSE,ZSEK8,D1,2018-03-10,1520640000,1036.75,1036.75,1036.75,1036.75,4,0,4,64811.0
48,-63,ZSE,ZSEK8,D1,2018-03-11,1520726400,1036.75,1036.75,1036.75,1036.75,3,0,3,31614.0
57,-118,ZSE,ZSEN8,D1,2018-03-12,1520812800,1042.5,1054.25,1041.25,1052.0,40605,0,20319,26568.0
50,-61,ZSE,ZSEK8,D1,2018-03-13,1520899200,1041.5,1052.0,1041.25,1048.5,40052,0,59776,42801.0
51,-60,ZSE,ZSEK8,D1,2018-03-14,1520985600,1048.5,1054.0,1031.0,1031.0,61214,0,107400,78600.0
52,-59,ZSE,ZSEK8,D1,2018-03-15,1521072000,1031.0,1046.25,1027.0,1041.0,55931,0,98589,88588.0
53,-58,ZSE,ZSEK8,D1,2018-03-16,1521158400,1042.0,1050.0,1040.75,1047.75,38121,0,60847,88945.0
54,-57,ZSE,ZSEK8,D1,2018-03-17,1521244800,1047.75,1047.75,1047.75,1047.75,3,0,15,53150.0
55,-56,ZSE,ZSEK8,D1,2018-03-18,1521331200,1047.75,1047.75,1047.75,1047.75,2,0,10,20291.0
56,-55,ZSE,ZSEK8,D1,2018-03-19,1521417600,1045.25,1045.5,1021.75,1023.0,58709,0,102372,34132.0
57,-54,ZSE,ZSEK8,D1,2018-03-20,1521504000,1022.25,1029.75,1022.25,1027.75,39016,0,60471,54284.0
58,-53,ZSE,ZSEK8,D1,2018-03-21,1521590400,1029.5,1037.25,1024.75,1029.75,45638,0,73395,78746.0
59,-52,ZSE,ZSEK8,D1,2018-03-22,1521676800,1032.0,1035.5,1022.25,1029.0,42829,0,66753,66873.0
60,-51,ZSE,ZSEK8,D1,2018-03-23,1521763200,1026.5,1034.25,1009.25,1027.75,78829,0,136113,92087.0
61,-50,ZSE,ZSEK8,D1,2018-03-24,1521849600,1027.75,1027.75,1027.75,1027.75,4,0,4,67623.0
62,-49,ZSE,ZSEK8,D1,2018-03-25,1521936000,1027.75,1027.75,1027.75,1027.75,2,0,2,45373.0
63,-48,ZSE,ZSEK8,D1,2018-03-26,1522022400,1026.25,1040.25,1025.0,1026.75,43889,0,71160,23722.0
64,-47,ZSE,ZSEK8,D1,2018-03-27,1522108800,1027.0,1031.25,1017.25,1019.75,38783,0,62700,44621.0
65,-46,ZSE,ZSEK8,D1,2018-03-28,1522195200,1019.5,1023.25,1015.0,1017.75,38193,0,59889,64583.0
66,-45,ZSE,ZSEK8,D1,2018-03-29,1522281600,1019.5,1050.75,1012.5,1044.5,73259,0,129457,84015.0
67,-44,ZSE,ZSEK8,D1,2018-03-30,1522368000,1044.5,1044.5,1044.5,1044.5,1,0,3,63116.0
68,-43,ZSE,ZSEK8,D1,2018-03-31,1522454400,1044.5,1044.5,1044.5,1044.5,3,0,9,43156.0
69,-42,ZSE,ZSEK8,D1,2018-04-01,1522540800,1044.5,1044.5,1044.5,1044.5,2,0,6,6.0
70,-41,ZSE,ZSEK8,D1,2018-04-02,1522627200,1045.25,1060.5,1035.25,1037.0,48757,0,79754,26590.0
71,-40,ZSE,ZSEK8,D1,2018-04-03,1522713600,1036.25,1048.75,1035.75,1038.0,45794,0,73189,50983.0
72,-39,ZSE,ZSEK8,D1,2018-04-04,1522800000,1038.75,1041.75,983.5,1016.75,121778,0,234104,129016.0
73,-38,ZSE,ZSEK8,D1,2018-04-05,1522886400,1015.5,1034.0,1011.75,1030.5,60909,0,107568,138287.0
74,-37,ZSE,ZSEK8,D1,2018-04-06,1522972800,1003.0,1037.25,1003.0,1034.75,59505,0,111992,151221.0
75,-36,ZSE,ZSEK8,D1,2018-04-07,1523059200,1034.75,1034.75,1034.75,1034.75,2,0,6,73189.0
76,-35,ZSE,ZSEK8,D1,2018-04-08,1523145600,1034.75,1034.75,1034.75,1034.75,2,0,6,37335.0
77,-34,ZSE,ZSEK8,D1,2018-04-09,1523232000,1038.25,1056.75,1037.5,1047.5,61984,0,114461,38158.0
78,-33,ZSE,ZSEK8,D1,2018-04-10,1523318400,1045.5,1064.0,1045.0,1049.75,65155,0,119106,77858.0
79,-32,ZSE,ZSEK8,D1,2018-04-11,1523404800,1050.75,1058.75,1047.25,1047.75,33203,0,56945,96837.0
80,-31,ZSE,ZSEK8,D1,2018-04-12,1523491200,1047.75,1061.75,1047.25,1061.0,39128,0,70905,82319.0
81,-30,ZSE,ZSEK8,D1,2018-04-13,1523577600,1060.25,1067.25,1051.5,1052.5,34376,0,57281,61710.0
82,-29,ZSE,ZSEK8,D1,2018-04-14,1523664000,1052.5,1052.5,1052.5,1052.5,3,0,3,42730.0
83,-28,ZSE,ZSEK8,D1,2018-04-15,1523750400,1052.5,1052.5,1052.5,1052.5,5,0,5,19096.0
84,-27,ZSE,ZSEK8,D1,2018-04-16,1523836800,1054.25,1058.75,1041.5,1042.75,27711,0,46280,15429.0
85,-26,ZSE,ZSEK8,D1,2018-04-17,1523923200,1043.25,1049.25,1040.0,1046.0,25836,0,46504,30930.0
86,-25,ZSE,ZSEK8,D1,2018-04-18,1524009600,1046.25,1052.5,1039.0,1041.25,25077,0,45525,46103.0
95,-80,ZSE,ZSEN8,D1,2018-04-19,1524096000,1053.25,1056.25,1044.25,1048.75,36178,0,58115,52052.0
96,-79,ZSE,ZSEN8,D1,2018-04-20,1524182400,1048.75,1050.0,1039.5,1041.5,42751,0,70638,60699.0
97,-78,ZSE,ZSEN8,D1,2018-04-22,1524355200,1041.5,1041.5,1041.5,1041.5,1,0,1,42918.0
98,-77,ZSE,ZSEN8,D1,2018-04-23,1524441600,1039.5,1045.0,1029.0,1031.25,50424,0,69344,46661.0
99,-76,ZSE,ZSEN8,D1,2018-04-24,1524528000,1033.25,1038.0,1027.75,1032.75,50433,0,69772,46372.0
100,-75,ZSE,ZSEN8,D1,2018-04-25,1524614400,1034.25,1045.0,1032.0,1038.0,53485,0,80818,73311.0
101,-74,ZSE,ZSEN8,D1,2018-04-26,1524700800,1039.0,1046.25,1035.5,1038.75,40416,0,66482,72357.0
102,-73,ZSE,ZSEN8,D1,2018-04-27,1524787200,1040.0,1058.0,1030.5,1056.75,61695,0,107848,85049.0
103,-72,ZSE,ZSEN8,D1,2018-04-28,1524873600,1056.75,1056.75,1056.75,1056.75,1,0,1,58110.0
104,-71,ZSE,ZSEN8,D1,2018-04-29,1524960000,1056.75,1056.75,1056.75,1056.75,3,0,3,35951.0
105,-70,ZSE,ZSEN8,D1,2018-04-30,1525046400,1057.25,1067.5,1047.0,1048.5,47944,0,81623,27209.0
106,-69,ZSE,ZSEN8,D1,2018-05-01,1525132800,1048.75,1055.5,1041.0,1051.25,40193,0,64151,48592.0
107,-68,ZSE,ZSEN8,D1,2018-05-02,1525219200,1053.25,1054.75,1039.25,1042.5,44047,0,72863,72879.0
108,-67,ZSE,ZSEN8,D1,2018-05-03,1525305600,1043.0,1055.5,1034.0,1053.25,47581,0,84029,73681.0
109,-66,ZSE,ZSEN8,D1,2018-05-04,1525392000,1052.75,1052.75,1036.25,1036.5,45335,0,80106,78999.0
110,-65,ZSE,ZSEN8,D1,2018-05-05,1525478400,1036.5,1036.5,1036.5,1036.5,2,0,8,54714.0
111,-64,ZSE,ZSEN8,D1,2018-05-06,1525564800,1036.5,1036.5,1036.5,1036.5,2,0,8,26707.0
112,-63,ZSE,ZSEN8,D1,2018-05-07,1525651200,1034.75,1040.0,1010.75,1013.5,58582,0,100489,33502.0
113,-62,ZSE,ZSEN8,D1,2018-05-08,1525737600,1013.5,1023.5,1011.25,1020.25,47163,0,79140,59879.0
114,-61,ZSE,ZSEN8,D1,2018-05-09,1525824000,1020.75,1024.25,1011.25,1016.25,32261,0,54409,78013.0
115,-60,ZSE,ZSEN8,D1,2018-05-10,1525910400,1017.5,1033.75,1014.25,1019.5,53239,0,94412,75987.0
116,-59,ZSE,ZSEN8,D1,2018-05-11,1525996800,1021.0,1022.5,1002.0,1002.0,45288,0,81988,76936.0
117,-58,ZSE,ZSEN8,D1,2018-05-12,1526083200,1002.0,1002.0,1002.0,1002.0,2,0,2,58801.0
118,-57,ZSE,ZSEN8,D1,2018-05-13,1526169600,1002.0,1002.0,1002.0,1002.0,2,0,2,27331.0
119,-56,ZSE,ZSEN8,D1,2018-05-14,1526256000,1001.75,1026.0,1001.75,1017.75,54801,0,92091,30698.0
120,-55,ZSE,ZSEN8,D1,2018-05-15,1526342400,1017.25,1025.25,1005.25,1016.25,47629,0,85276,59123.0
121,-54,ZSE,ZSEN8,D1,2018-05-16,1526428800,1017.75,1018.5,998.75,999.25,43203,0,75634,84334.0
122,-53,ZSE,ZSEN8,D1,2018-05-17,1526515200,1001.0,1007.5,992.5,992.5,41550,0,70228,77046.0
123,-52,ZSE,ZSEN8,D1,2018-05-18,1526601600,995.75,1007.75,992.75,997.75,43791,0,74433,73432.0
124,-51,ZSE,ZSEN8,D1,2018-05-20,1526774400,997.75,997.75,997.75,997.75,1,0,1,48221.0
125,-50,ZSE,ZSEN8,D1,2018-05-21,1526860800,1017.5,1027.0,1011.5,1022.5,62312,0,113972,62802.0
126,-49,ZSE,ZSEN8,D1,2018-05-22,1526947200,1022.0,1036.0,1020.25,1030.0,42895,0,74464,62812.0
127,-48,ZSE,ZSEN8,D1,2018-05-23,1527033600,1030.5,1039.75,1027.75,1038.75,41200,0,70101,86179.0
128,-47,ZSE,ZSEN8,D1,2018-05-24,1527120000,1039.75,1050.75,1035.5,1036.75,47312,0,79851,74805.0
129,-46,ZSE,ZSEN8,D1,2018-05-25,1527206400,1036.75,1044.0,1035.5,1042.0,31163,0,52990,67647.0
130,-45,ZSE,ZSEN8,D1,2018-05-27,1527379200,1042.0,1042.0,1042.0,1042.0,5,0,5,44282.0
131,-44,ZSE,ZSEN8,D1,2018-05-28,1527465600,1042.0,1042.0,1042.0,1042.0,5,0,5,17667.0
21,-137,ZSE,ZSEX18,D1,2018-05-29,1527552000,1058.0,1060.5,1039.75,1044.75,54022,0,50324,39431.0
133,-42,ZSE,ZSEN8,D1,2018-05-30,1527638400,1030.5,1031.75,1014.75,1021.0,54725,0,93278,60323.0
134,-41,ZSE,ZSEN8,D1,2018-05-31,1527724800,1023.0,1030.75,1013.5,1019.5,40909,0,67182,82716.0
135,-40,ZSE,ZSEN8,D1,2018-06-01,1527811200,1019.25,1026.5,1015.0,1024.25,36087,0,58549,73003.0
136,-39,ZSE,ZSEN8,D1,2018-06-02,1527897600,1024.25,1024.25,1024.25,1024.25,1,0,1,41911.0
137,-38,ZSE,ZSEN8,D1,2018-06-03,1527984000,1024.25,1024.25,1024.25,1024.25,2,0,2,19517.0
25,-133,ZSE,ZSEX18,D1,2018-06-04,1528070400,1028.75,1031.5,1019.0,1020.25,32410,0,37488,36366.0
139,-36,ZSE,ZSEN8,D1,2018-06-05,1528156800,1002.25,1006.75,997.25,1001.5,42461,0,70842,47551.0
140,-35,ZSE,ZSEN8,D1,2018-06-06,1528243200,1004.5,1008.25,993.75,994.75,31988,0,53354,65335.0
141,-34,ZSE,ZSEN8,D1,2018-06-07,1528329600,995.0,998.25,973.0,973.75,51950,0,93519,72572.0
142,-33,ZSE,ZSEN8,D1,2018-06-08,1528416000,974.25,976.25,962.5,969.25,46265,0,77466,74780.0
143,-32,ZSE,ZSEN8,D1,2018-06-09,1528502400,969.25,969.25,969.25,969.25,1,0,3,56996.0
144,-31,ZSE,ZSEN8,D1,2018-06-10,1528588800,969.25,969.25,969.25,969.25,1,0,3,25824.0
30,-128,ZSE,ZSEX18,D1,2018-06-11,1528675200,989.75,992.75,973.0,973.25,5911,0,47436,49975.0
146,-29,ZSE,ZSEN8,D1,2018-06-12,1528761600,956.5,963.25,952.0,954.0,44408,0,74565,48802.0
147,-28,ZSE,ZSEN8,D1,2018-06-13,1528848000,954.0,958.5,934.25,936.25,50311,0,90291,78898.0
148,-27,ZSE,ZSEN8,D1,2018-06-14,1528934400,933.75,937.75,924.0,926.25,38613,0,64770,76542.0
149,-26,ZSE,ZSEN8,D1,2018-06-15,1529020800,926.25,929.75,903.0,904.25,52730,0,89733,81598.0
150,-25,ZSE,ZSEN8,D1,2018-06-16,1529107200,904.25,904.25,904.25,904.25,5,0,5,51503.0
151,-24,ZSE,ZSEN8,D1,2018-06-17,1529193600,904.25,904.25,904.25,904.25,1,0,1,29913.0
35,-123,ZSE,ZSEX18,D1,2018-06-18,1529280000,930.75,939.0,922.5,929.75,48571,0,53530,68367.0
36,-122,ZSE,ZSEX18,D1,2018-06-19,1529366400,928.25,929.0,864.5,911.25,128523,0,138866,94760.0
37,-121,ZSE,ZSEX18,D1,2018-06-20,1529452800,912.75,917.5,898.5,911.25,71382,0,78322,90239.0
38,-120,ZSE,ZSEX18,D1,2018-06-21,1529539200,910.75,912.5,899.25,900.25,50942,0,59773,92320.0
39,-119,ZSE,ZSEX18,D1,2018-06-22,1529625600,900.5,919.0,900.0,918.0,52671,0,63170,67088.0
157,-18,ZSE,ZSEN8,D1,2018-06-23,1529712000,896.5,896.5,896.5,896.5,2,0,2,36849.0
158,-17,ZSE,ZSEN8,D1,2018-06-24,1529798400,896.5,896.5,896.5,896.5,2,0,2,18255.0
40,-118,ZSE,ZSEX18,D1,2018-06-25,1529884800,918.0,920.5,892.5,895.0,53305,0,86739,69894.0
41,-117,ZSE,ZSEX18,D1,2018-06-26,1529971200,894.0,901.25,882.5,887.25,50118,0,79279,76396.0
42,-116,ZSE,ZSEX18,D1,2018-06-27,1530057600,888.5,897.75,886.25,888.25,52049,0,66936,77651.0
43,-115,ZSE,ZSEX18,D1,2018-06-28,1530144000,887.0,892.0,881.5,883.5,42341,0,55059,67091.0
44,-114,ZSE,ZSEX18,D1,2018-06-29,1530230400,883.75,899.0,879.0,879.5,52601,0,83233,68409.0
164,-11,ZSE,ZSEN8,D1,2018-06-30,1530316800,857.75,857.75,857.75,857.75,9,0,9,2149.0
165,-10,ZSE,ZSEN8,D1,2018-07-01,1530403200,857.75,857.75,857.75,857.75,3,275,3,386.0
45,-113,ZSE,ZSEX18,D1,2018-07-02,1530489600,881.5,885.0,866.25,869.5,49944,0,76711,71668.0
46,-112,ZSE,ZSEX18,D1,2018-07-03,1530576000,872.0,873.5,863.0,864.25,34431,0,47825,69256.0
47,-111,ZSE,ZSEX18,D1,2018-07-05,1530748800,863.25,867.0,854.25,854.5,23365,0,56925,60487.0
48,-110,ZSE,ZSEX18,D1,2018-07-06,1530835200,855.25,897.75,853.25,894.25,67115,0,117838,74196.0
170,-5,ZSE,ZSEN8,D1,2018-07-08,1531008000,874.0,874.0,874.0,874.0,4,0,4,171.0
49,-109,ZSE,ZSEX18,D1,2018-07-09,1531094400,892.5,897.0,866.5,872.0,56969,0,80179,84981.0
50,-108,ZSE,ZSEX18,D1,2018-07-10,1531180800,870.5,881.0,862.5,872.0,53328,0,70014,89344.0
51,-107,ZSE,ZSEX18,D1,2018-07-11,1531267200,863.5,866.75,847.25,848.0,58458,0,98026,82740.0
52,-106,ZSE,ZSEX18,D1,2018-07-12,1531353600,851.0,856.5,838.0,850.0,55722,0,89132,85724.0
53,-105,ZSE,ZSEX18,D1,2018-07-13,1531440000,850.0,853.25,826.75,834.5,56605,0,70969,86042.0
54,-104,ZSE,ZSEX18,D1,2018-07-16,1531699200,834.25,854.5,826.25,846.75,54997,0,74413,78171.0
55,-103,ZSE,ZSEX18,D1,2018-07-17,1531785600,849.75,859.75,846.0,855.75,48447,0,69492,71625.0
56,-102,ZSE,ZSEX18,D1,2018-07-18,1531872000,855.0,863.5,850.5,857.75,40267,0,54508,66138.0
57,-101,ZSE,ZSEX18,D1,2018-07-19,1531958400,857.5,862.5,851.75,862.25,37265,0,55726,59909.0
58,-100,ZSE,ZSEX18,D1,2018-07-20,1532044800,861.5,868.75,856.5,866.0,41040,0,56923,55719.0
59,-99,ZSE,ZSEX18,D1,2018-07-23,1532304000,868.5,870.0,862.25,863.25,29108,0,39280,50643.0
60,-98,ZSE,ZSEX18,D1,2018-07-24,1532390400,859.0,878.0,857.0,874.0,48135,0,90596,62266.0
61,-97,ZSE,ZSEX18,D1,2018-07-25,1532476800,875.0,878.0,866.75,876.5,41527,0,55462,61779.0
62,-96,ZSE,ZSEX18,D1,2018-07-26,1532563200,885.0,896.0,873.25,873.75,67101,0,93144,79734.0
63,-95,ZSE,ZSEX18,D1,2018-07-27,1532649600,873.0,889.0,873.0,885.25,45979,0,51607,66738.0
64,-94,ZSE,ZSEX18,D1,2018-07-30,1532908800,894.25,896.5,886.0,892.0,42176,0,53674,66142.0
65,-93,ZSE,ZSEX18,D1,2018-07-31,1532995200,891.0,922.25,888.75,918.0,56499,0,122011,75764.0
66,-92,ZSE,ZSEX18,D1,2018-08-01,1533081600,913.0,915.0,899.0,901.25,53014,0,80032,85239.0
67,-91,ZSE,ZSEX18,D1,2018-08-02,1533168000,897.5,903.5,885.5,898.25,54055,0,77334,93126.0
68,-90,ZSE,ZSEX18,D1,2018-08-03,1533254400,898.0,904.25,883.5,904.0,58345,0,68100,75155.0
69,-89,ZSE,ZSEX18,D1,2018-08-06,1533513600,901.0,903.75,887.5,893.75,38436,0,47293,64242.0
70,-88,ZSE,ZSEX18,D1,2018-08-07,1533600000,897.75,908.5,896.0,905.0,41585,0,63342,59578.0
71,-87,ZSE,ZSEX18,D1,2018-08-08,1533686400,902.5,914.0,898.5,911.0,42015,0,58302,56312.0
72,-86,ZSE,ZSEX18,D1,2018-08-09,1533772800,910.5,914.5,902.25,903.5,32590,0,49039,56894.0
73,-85,ZSE,ZSEX18,D1,2018-08-10,1533859200,903.25,903.75,860.25,860.75,52672,0,120693,76011.0
74,-84,ZSE,ZSEX18,D1,2018-08-13,1534118400,859.5,870.5,851.25,869.25,51969,0,88602,86111.0
75,-83,ZSE,ZSEX18,D1,2018-08-14,1534204800,865.0,880.75,864.25,880.25,55589,0,77819,95705.0
76,-82,ZSE,ZSEX18,D1,2018-08-15,1534291200,879.0,884.0,867.5,869.25,47001,0,67771,78064.0
77,-81,ZSE,ZSEX18,D1,2018-08-16,1534377600,871.25,899.5,866.0,896.75,72118,0,105678,83756.0
78,-80,ZSE,ZSEX18,D1,2018-08-17,1534464000,896.0,898.75,882.0,897.75,48303,0,72758,82069.0
79,-79,ZSE,ZSEX18,D1,2018-08-20,1534723200,900.25,907.0,891.75,893.75,52586,0,62363,80266.0
80,-78,ZSE,ZSEX18,D1,2018-08-21,1534809600,887.5,894.75,884.75,885.0,38876,0,53655,62925.0
81,-77,ZSE,ZSEX18,D1,2018-08-22,1534896000,885.0,885.25,869.0,870.75,42401,0,70406,62141.0
82,-76,ZSE,ZSEX18,D1,2018-08-23,1534982400,869.25,873.75,853.75,854.5,45505,0,71299,65120.0
83,-75,ZSE,ZSEX18,D1,2018-08-24,1535068800,853.5,860.75,853.5,854.5,37487,0,58190,66632.0
84,-74,ZSE,ZSEX18,D1,2018-08-27,1535328000,851.5,853.5,838.25,848.75,43725,0,71161,66883.0
85,-73,ZSE,ZSEX18,D1,2018-08-28,1535414400,847.0,850.5,833.0,833.75,40420,0,74463,67938.0
86,-72,ZSE,ZSEX18,D1,2018-08-29,1535500800,833.75,843.75,832.0,837.25,43695,0,64783,70136.0
87,-71,ZSE,ZSEX18,D1,2018-08-30,1535587200,835.5,844.75,829.0,831.0,37044,0,64507,67918.0
88,-70,ZSE,ZSEX18,D1,2018-08-31,1535673600,828.75,846.75,828.75,845.5,41205,0,60479,63256.0
89,-69,ZSE,ZSEX18,D1,2018-09-04,1536019200,845.5,851.5,836.75,843.75,49357,0,72534,65840.0
90,-68,ZSE,ZSEX18,D1,2018-09-05,1536105600,844.5,849.25,837.25,839.0,31255,0,43744,58919.0
91,-67,ZSE,ZSEX18,D1,2018-09-06,1536192000,838.25,842.75,834.75,838.0,36063,0,48559,54946.0
92,-66,ZSE,ZSEX18,D1,2018-09-07,1536278400,839.0,847.0,835.25,845.0,37910,0,59649,50651.0
93,-65,ZSE,ZSEX18,D1,2018-09-09,1536451200,845.0,845.0,845.0,845.0,7,0,7,36072.0
94,-64,ZSE,ZSEX18,D1,2018-09-10,1536537600,841.75,851.25,840.5,846.5,34870,0,54186,37947.0
95,-63,ZSE,ZSEX18,D1,2018-09-11,1536624000,845.5,849.5,830.75,831.25,42564,0,70601,41598.0
96,-62,ZSE,ZSEX18,D1,2018-09-12,1536710400,831.0,845.0,821.25,840.25,77854,0,137437,87408.0
97,-61,ZSE,ZSEX18,D1,2018-09-13,1536796800,838.75,846.25,832.0,835.75,44160,0,73594,93877.0
98,-60,ZSE,ZSEX18,D1,2018-09-14,1536883200,833.75,838.0,829.5,830.5,28843,0,43563,84865.0
99,-59,ZSE,ZSEX18,D1,2018-09-15,1536969600,830.5,830.5,830.5,830.5,6,0,6,39054.0
100,-58,ZSE,ZSEX18,D1,2018-09-16,1537056000,830.5,830.5,830.5,830.5,3,0,3,14524.0
101,-57,ZSE,ZSEX18,D1,2018-09-17,1537142400,827.5,829.75,821.5,825.0,32251,0,51545,17185.0
102,-56,ZSE,ZSEX18,D1,2018-09-18,1537228800,821.0,825.25,812.25,814.25,39640,0,69776,40441.0
103,-55,ZSE,ZSEX18,D1,2018-09-19,1537315200,813.75,831.75,813.25,830.5,34959,0,55432,58918.0
104,-54,ZSE,ZSEX18,D1,2018-09-20,1537401600,830.0,855.0,825.25,846.5,70105,0,116425,80544.0
105,-53,ZSE,ZSEX18,D1,2018-09-21,1537488000,846.25,849.75,841.25,849.75,39092,0,64827,78895.0
106,-52,ZSE,ZSEX18,D1,2018-09-22,1537574400,849.75,849.75,849.75,849.75,2,0,2,60418.0
107,-51,ZSE,ZSEX18,D1,2018-09-23,1537660800,849.75,849.75,849.75,849.75,2,0,2,21610.0
108,-50,ZSE,ZSEX18,D1,2018-09-24,1537747200,844.0,845.25,838.25,840.5,30569,0,46405,15470.0
109,-49,ZSE,ZSEX18,D1,2018-09-25,1537833600,841.25,858.0,837.25,846.75,56648,0,95511,47306.0
110,-48,ZSE,ZSEX18,D1,2018-09-26,1537920000,846.25,854.0,845.75,849.5,34564,0,68635,70184.0
111,-47,ZSE,ZSEX18,D1,2018-09-27,1538006400,848.25,859.0,846.5,854.5,35060,0,57212,73786.0
112,-46,ZSE,ZSEX18,D1,2018-09-28,1538092800,854.25,859.25,842.0,844.25,59703,0,101505,75784.0
113,-45,ZSE,ZSEX18,D1,2018-09-29,1538179200,844.25,844.25,844.25,844.25,1,0,5,52907.0
114,-44,ZSE,ZSEX18,D1,2018-09-30,1538265600,844.25,844.25,844.25,844.25,2,0,10,33840.0
115,-43,ZSE,ZSEX18,D1,2018-10-01,1538352000,845.5,864.0,843.0,855.25,58312,0,97859,32625.0
116,-42,ZSE,ZSEX18,D1,2018-10-02,1538438400,856.75,867.25,853.0,867.0,41823,0,70517,56129.0
117,-41,ZSE,ZSEX18,D1,2018-10-03,1538524800,866.0,870.25,860.5,861.75,36076,0,57394,75257.0
118,-40,ZSE,ZSEX18,D1,2018-10-04,1538611200,860.0,868.5,858.5,860.25,34297,0,55215,61042.0
119,-39,ZSE,ZSEX18,D1,2018-10-05,1538697600,860.0,870.25,851.5,869.25,43564,0,74661,62423.0
120,-38,ZSE,ZSEX18,D1,2018-10-06,1538784000,869.25,869.25,869.25,869.25,3,0,3,43293.0
121,-37,ZSE,ZSEX18,D1,2018-10-07,1538870400,869.25,869.25,869.25,869.25,2,0,2,24889.0
122,-36,ZSE,ZSEX18,D1,2018-10-08,1538956800,870.0,874.75,862.5,870.0,35897,0,55849,18618.0
123,-35,ZSE,ZSEX18,D1,2018-10-09,1539043200,869.75,872.5,859.25,861.75,31886,0,52300,36050.0
124,-34,ZSE,ZSEX18,D1,2018-10-10,1539129600,863.0,864.75,847.25,853.25,41106,0,69039,59063.0
125,-33,ZSE,ZSEX18,D1,2018-10-11,1539216000,852.0,864.0,847.0,858.75,50470,0,91683,71007.0
126,-32,ZSE,ZSEX18,D1,2018-10-12,1539302400,859.5,868.0,858.5,867.5,33559,0,54319,71680.0
127,-31,ZSE,ZSEX18,D1,2018-10-13,1539388800,867.5,867.5,867.5,867.5,1,0,1,48668.0
128,-30,ZSE,ZSEX18,D1,2018-10-14,1539475200,867.5,867.5,867.5,867.5,4,0,4,18108.0
129,-29,ZSE,ZSEX18,D1,2018-10-15,1539561600,867.0,892.0,863.5,891.5,59035,0,103592,34532.0
130,-28,ZSE,ZSEX18,D1,2018-10-16,1539648000,891.25,891.25,879.25,883.75,38177,0,64937,56178.0
131,-27,ZSE,ZSEX18,D1,2018-10-17,1539734400,883.5,889.75,882.0,884.0,31539,0,51722,73417.0
132,-26,ZSE,ZSEX18,D1,2018-10-18,1539820800,882.25,883.75,862.75,863.75,42304,0,74992,63884.0
133,-25,ZSE,ZSEX18,D1,2018-10-19,1539907200,865.25,866.25,856.25,856.25,31912,0,57126,61280.0
134,-24,ZSE,ZSEX18,D1,2018-10-20,1539993600,856.25,856.25,856.25,856.25,6,0,12,44043.0
135,-23,ZSE,ZSEX18,D1,2018-10-21,1540080000,856.25,856.25,856.25,856.25,1,0,2,19047.0
136,-22,ZSE,ZSEX18,D1,2018-10-22,1540166400,855.75,863.0,855.5,858.5,26532,0,46087,15367.0
137,-21,ZSE,ZSEX18,D1,2018-10-23,1540252800,857.5,862.75,851.0,857.0,29092,0,51069,32386.0
138,-20,ZSE,ZSEX18,D1,2018-10-24,1540339200,855.75,856.75,850.0,851.25,23004,0,44100,47085.0
139,-19,ZSE,ZSEX18,D1,2018-10-25,1540425600,850.0,851.0,840.0,843.5,21270,0,46777,47315.0
140,-18,ZSE,ZSEX18,D1,2018-10-26,1540512000,842.0,849.25,841.0,844.75,18116,0,31837,40905.0
91,-76,ZSE,ZSEF19,D1,2018-10-28,1540684800,857.5,857.5,857.5,857.5,2,0,2,26964.0
92,-75,ZSE,ZSEF19,D1,2018-10-29,1540771200,858.0,865.5,850.5,853.5,35715,0,55097,32189.0
93,-74,ZSE,ZSEF19,D1,2018-10-30,1540857600,852.25,855.0,845.75,846.75,32490,0,52733,35944.0
94,-73,ZSE,ZSEF19,D1,2018-10-31,1540944000,846.0,855.0,844.5,851.5,43110,0,70056,59295.0
95,-72,ZSE,ZSEF19,D1,2018-11-01,1541030400,850.25,888.5,845.75,880.25,87476,0,145696,89495.0
96,-71,ZSE,ZSEF19,D1,2018-11-02,1541116800,880.5,900.75,878.75,886.75,65398,0,110696,108816.0
97,-70,ZSE,ZSEF19,D1,2018-11-03,1541203200,886.75,886.75,886.75,886.75,1,0,2,85465.0
98,-69,ZSE,ZSEF19,D1,2018-11-04,1541289600,886.75,886.75,886.75,886.75,2,0,4,36901.0
99,-68,ZSE,ZSEF19,D1,2018-11-05,1541376000,889.0,893.0,881.75,885.5,37680,0,58459,19488.0
100,-67,ZSE,ZSEF19,D1,2018-11-06,1541462400,884.5,889.0,878.25,884.5,30770,0,47284,35249.0
101,-66,ZSE,ZSEF19,D1,2018-11-07,1541548800,884.25,888.5,876.75,879.5,30328,0,48334,51359.0
102,-65,ZSE,ZSEF19,D1,2018-11-08,1541635200,879.25,884.0,864.0,879.0,54394,0,94837,63485.0
103,-64,ZSE,ZSEF19,D1,2018-11-09,1541721600,877.75,888.75,874.0,886.0,36033,0,57851,67007.0
104,-63,ZSE,ZSEF19,D1,2018-11-10,1541808000,886.0,886.0,886.0,886.0,4,0,40,50909.0
105,-62,ZSE,ZSEF19,D1,2018-11-11,1541894400,886.0,886.0,886.0,886.0,3,0,30,19307.0
106,-61,ZSE,ZSEF19,D1,2018-11-12,1541980800,885.5,887.25,879.5,881.5,23419,0,37509,12526.0
107,-60,ZSE,ZSEF19,D1,2018-11-13,1542067200,882.25,890.75,877.25,878.25,33091,0,53071,30203.0
108,-59,ZSE,ZSEF19,D1,2018-11-14,1542153600,879.0,887.25,879.0,883.0,25235,0,38926,43169.0
109,-58,ZSE,ZSEF19,D1,2018-11-15,1542240000,884.25,897.5,883.75,889.0,41969,0,66703,52900.0
110,-57,ZSE,ZSEF19,D1,2018-11-16,1542326400,889.75,894.75,881.75,892.5,39552,0,62146,55925.0
111,-56,ZSE,ZSEF19,D1,2018-11-17,1542412800,892.5,892.5,892.5,892.5,1,0,1,42950.0
112,-55,ZSE,ZSEF19,D1,2018-11-18,1542499200,892.5,892.5,892.5,892.5,3,0,3,20717.0
113,-54,ZSE,ZSEF19,D1,2018-11-19,1542585600,892.0,892.25,871.25,874.0,41722,0,73413,24472.0
114,-53,ZSE,ZSEF19,D1,2018-11-20,1542672000,874.25,885.75,870.5,881.25,33345,0,54390,42602.0
115,-52,ZSE,ZSEF19,D1,2018-11-21,1542758400,882.0,889.0,876.0,884.5,30999,0,49938,59247.0
116,-51,ZSE,ZSEF19,D1,2018-11-22,1542844800,884.5,884.5,884.5,884.5,3,0,3,34777.0
117,-50,ZSE,ZSEF19,D1,2018-11-23,1542931200,881.25,884.5,880.0,880.75,14959,0,24286,24742.0
118,-49,ZSE,ZSEF19,D1,2018-11-24,1543017600,880.75,880.75,880.75,880.75,2,0,2,8097.0
119,-48,ZSE,ZSEF19,D1,2018-11-25,1543104000,880.75,880.75,880.75,880.75,2,0,2,8097.0
120,-47,ZSE,ZSEF19,D1,2018-11-26,1543190400,881.0,883.0,857.0,862.5,52541,0,84000,28001.0
121,-46,ZSE,ZSEF19,D1,2018-11-27,1543276800,862.5,880.0,858.25,877.0,49470,0,81113,55038.0
122,-45,ZSE,ZSEF19,D1,2018-11-28,1543363200,876.25,895.0,874.0,890.75,51015,0,78087,81067.0
123,-44,ZSE,ZSEF19,D1,2018-11-29,1543449600,890.0,894.5,882.5,888.75,41455,0,65582,74927.0
124,-43,ZSE,ZSEF19,D1,2018-11-30,1543536000,887.25,896.5,886.0,893.25,41258,0,64231,69300.0
125,-42,ZSE,ZSEF19,D1,2018-12-01,1543622400,893.25,893.25,893.25,893.25,1,0,3,43272.0
126,-41,ZSE,ZSEF19,D1,2018-12-02,1543708800,893.25,893.25,893.25,893.25,4,0,12,21415.0
127,-40,ZSE,ZSEF19,D1,2018-12-03,1543795200,919.75,923.75,904.5,904.75,73573,0,128164,42726.0
128,-39,ZSE,ZSEF19,D1,2018-12-04,1543881600,903.25,913.0,899.5,910.5,43522,0,71239,66472.0
129,-38,ZSE,ZSEF19,D1,2018-12-05,1543968000,910.0,916.75,908.5,913.25,24990,0,40595,79999.0
130,-37,ZSE,ZSEF19,D1,2018-12-06,1544054400,911.5,912.25,897.0,909.75,43771,0,71671,61168.0
131,-36,ZSE,ZSEF19,D1,2018-12-07,1544140800,910.0,918.0,907.5,916.0,43449,0,73378,61881.0
132,-35,ZSE,ZSEF19,D1,2018-12-08,1544227200,916.0,916.0,916.0,916.0,4,0,4,48351.0
133,-34,ZSE,ZSEF19,D1,2018-12-09,1544313600,916.0,916.0,916.0,916.0,2,0,2,24461.0
134,-33,ZSE,ZSEF19,D1,2018-12-10,1544400000,912.0,916.5,908.5,909.0,30268,0,50472,16826.0
135,-32,ZSE,ZSEF19,D1,2018-12-11,1544486400,907.75,917.25,906.0,914.75,33979,0,54682,35052.0
136,-31,ZSE,ZSEF19,D1,2018-12-12,1544572800,916.0,928.0,915.25,919.0,48616,0,81402,62185.0
137,-30,ZSE,ZSEF19,D1,2018-12-13,1544659200,918.75,920.0,905.25,907.25,34193,0,59436,65173.0
138,-29,ZSE,ZSEF19,D1,2018-12-14,1544745600,907.25,910.0,900.0,900.0,27816,0,48874,63237.0
139,-28,ZSE,ZSEF19,D1,2018-12-15,1544832000,900.0,900.0,900.0,900.0,1,0,1,36104.0
140,-27,ZSE,ZSEF19,D1,2018-12-16,1544918400,900.0,900.0,900.0,900.0,1,0,1,16292.0
141,-26,ZSE,ZSEF19,D1,2018-12-17,1545004800,900.75,909.25,900.25,905.0,21537,0,34143,11382.0
142,-25,ZSE,ZSEF19,D1,2018-12-18,1545091200,902.75,912.25,902.75,906.75,22648,0,38419,24188.0
143,-24,ZSE,ZSEF19,D1,2018-12-19,1545177600,907.0,909.75,899.25,900.5,24137,0,41355,37972.0
144,-23,ZSE,ZSEF19,D1,2018-12-20,1545264000,900.0,905.5,892.75,895.5,24000,0,40380,40051.0
145,-22,ZSE,ZSEF19,D1,2018-12-21,1545350400,891.5,894.75,883.25,883.25,18302,0,32407,38047.0
151,-77,ZSE,ZSEH19,D1,2018-12-22,1545436800,896.25,896.25,896.25,896.25,1,0,1,25859.0
152,-76,ZSE,ZSEH19,D1,2018-12-23,1545523200,896.25,896.25,896.25,896.25,2,0,2,13428.0
153,-75,ZSE,ZSEH19,D1,2018-12-24,1545609600,896.25,899.5,892.25,897.0,16628,0,27083,9029.0
154,-74,ZSE,ZSEH19,D1,2018-12-26,1545782400,898.0,901.75,882.5,883.75,25883,0,44437,23841.0
155,-73,ZSE,ZSEH19,D1,2018-12-27,1545868800,883.75,889.0,880.5,883.5,26775,0,42637,38052.0
156,-72,ZSE,ZSEH19,D1,2018-12-28,1545955200,884.0,899.75,883.25,895.5,35701,0,58518,48531.0
157,-71,ZSE,ZSEH19,D1,2018-12-29,1546041600,895.5,895.5,895.5,895.5,2,0,2,33719.0
158,-70,ZSE,ZSEH19,D1,2018-12-30,1546128000,895.5,895.5,895.5,895.5,4,0,4,19508.0
159,-69,ZSE,ZSEH19,D1,2018-12-31,1546214400,898.5,902.0,892.0,894.0,20712,0,35389,11798.0
160,-68,ZSE,ZSEH19,D1,2019-01-02,1546387200,894.25,910.5,893.0,906.75,35677,0,61497,32297.0
161,-67,ZSE,ZSEH19,D1,2019-01-03,1546473600,906.0,913.5,904.25,910.5,23848,0,41450,46112.0
162,-66,ZSE,ZSEH19,D1,2019-01-04,1546560000,910.5,922.5,910.0,922.25,31829,0,50306,51084.0
163,-65,ZSE,ZSEH19,D1,2019-01-05,1546646400,922.25,922.25,922.25,922.25,2,0,4,30587.0
164,-64,ZSE,ZSEH19,D1,2019-01-06,1546732800,922.25,922.25,922.25,922.25,3,0,6,16772.0
165,-63,ZSE,ZSEH19,D1,2019-01-07,1546819200,921.0,927.75,920.75,923.5,33620,0,56653,18888.0
166,-62,ZSE,ZSEH19,D1,2019-01-08,1546905600,923.25,925.75,914.5,918.5,39181,0,72170,42943.0
167,-61,ZSE,ZSEH19,D1,2019-01-09,1546992000,918.5,926.5,917.5,924.5,36342,0,64300,64374.0
168,-60,ZSE,ZSEH19,D1,2019-01-10,1547078400,923.25,924.25,905.75,907.25,43772,0,78396,71622.0
169,-59,ZSE,ZSEH19,D1,2019-01-11,1547164800,907.0,912.25,906.75,910.5,27386,0,47361,63352.0
170,-58,ZSE,ZSEH19,D1,2019-01-12,1547251200,910.5,910.5,910.5,910.5,2,0,2,41920.0
171,-57,ZSE,ZSEH19,D1,2019-01-13,1547337600,910.5,910.5,910.5,910.5,4,0,4,15789.0
172,-56,ZSE,ZSEH19,D1,2019-01-14,1547424000,910.0,911.0,901.5,904.5,27300,0,48224,16077.0
173,-55,ZSE,ZSEH19,D1,2019-01-15,1547510400,904.25,908.0,892.5,894.75,42509,0,76502,41577.0
174,-54,ZSE,ZSEH19,D1,2019-01-16,1547596800,895.5,900.0,891.25,895.25,32551,0,61104,61943.0
175,-53,ZSE,ZSEH19,D1,2019-01-17,1547683200,895.5,912.0,894.25,907.5,44224,0,79689,72432.0
176,-52,ZSE,ZSEH19,D1,2019-01-18,1547769600,908.25,920.25,905.75,915.0,52067,0,93044,77946.0
177,-51,ZSE,ZSEH19,D1,2019-01-19,1547856000,915.0,915.0,915.0,915.0,1,0,1,57578.0
178,-50,ZSE,ZSEH19,D1,2019-01-20,1547942400,915.0,915.0,915.0,915.0,5,0,5,31017.0
179,-49,ZSE,ZSEH19,D1,2019-01-22,1548115200,916.5,919.5,899.5,909.75,51023,0,91204,30403.0
180,-48,ZSE,ZSEH19,D1,2019-01-23,1548201600,911.0,918.25,910.5,915.75,30472,0,55050,48753.0
181,-47,ZSE,ZSEH19,D1,2019-01-24,1548288000,915.0,919.5,909.25,916.25,33191,0,56387,67547.0
182,-46,ZSE,ZSEH19,D1,2019-01-25,1548374400,915.75,926.25,913.0,923.5,38087,0,67603,59680.0
183,-45,ZSE,ZSEH19,D1,2019-01-26,1548460800,923.5,923.5,923.5,923.5,4,0,4,41331.0
184,-44,ZSE,ZSEH19,D1,2019-01-27,1548547200,923.5,923.5,923.5,923.5,5,0,5,22537.0
185,-43,ZSE,ZSEH19,D1,2019-01-28,1548633600,923.5,925.0,915.75,923.25,30112,0,53904,17971.0
186,-42,ZSE,ZSEH19,D1,2019-01-29,1548720000,921.75,922.25,916.75,919.5,28204,0,55235,36381.0
187,-41,ZSE,ZSEH19,D1,2019-01-30,1548806400,919.0,924.0,917.25,920.0,27105,0,49347,52829.0
188,-40,ZSE,ZSEH19,D1,2019-01-31,1548892800,919.5,926.75,913.25,915.75,41000,0,71838,58807.0
189,-39,ZSE,ZSEH19,D1,2019-02-01,1548979200,921.0,931.25,917.0,917.5,61758,0,126836,82674.0
190,-38,ZSE,ZSEH19,D1,2019-02-02,1549065600,917.5,917.5,917.5,917.5,3,0,3,66226.0
191,-37,ZSE,ZSEH19,D1,2019-02-03,1549152000,917.5,917.5,917.5,917.5,2,0,2,42280.0
192,-36,ZSE,ZSEH19,D1,2019-02-04,1549238400,917.0,923.75,915.5,919.0,32401,0,55030,18345.0
193,-35,ZSE,ZSEH19,D1,2019-02-05,1549324800,917.75,921.0,913.5,920.25,28890,0,49522,34851.0
194,-34,ZSE,ZSEH19,D1,2019-02-06,1549411200,920.0,922.5,917.5,921.25,26647,0,50995,51849.0
195,-33,ZSE,ZSEH19,D1,2019-02-07,1549497600,919.5,921.5,910.5,913.0,38914,0,70589,57035.0
196,-32,ZSE,ZSEH19,D1,2019-02-08,1549584000,913.0,918.0,908.0,916.5,38776,0,70903,64162.0
197,-31,ZSE,ZSEH19,D1,2019-02-09,1549670400,916.5,916.5,916.5,916.5,3,0,3,47165.0
198,-30,ZSE,ZSEH19,D1,2019-02-10,1549756800,916.5,916.5,916.5,916.5,2,0,2,23636.0
199,-29,ZSE,ZSEH19,D1,2019-02-11,1549843200,914.75,918.75,903.5,905.75,41173,0,78705,26237.0
200,-28,ZSE,ZSEH19,D1,2019-02-12,1549929600,905.5,919.75,905.5,917.5,45812,0,81165,53291.0
201,-27,ZSE,ZSEH19,D1,2019-02-13,1550016000,916.75,920.0,913.75,917.5,28946,0,51695,70522.0
202,-26,ZSE,ZSEH19,D1,2019-02-14,1550102400,915.75,918.25,903.0,905.75,40038,0,74339,69066.0
203,-25,ZSE,ZSEH19,D1,2019-02-15,1550188800,905.25,909.75,901.25,907.75,25584,0,45271,57102.0
204,-24,ZSE,ZSEH19,D1,2019-02-17,1550361600,907.75,907.75,907.75,907.75,8,0,8,39873.0
205,-23,ZSE,ZSEH19,D1,2019-02-18,1550448000,907.75,907.75,907.75,907.75,1,0,1,15093.0
206,-22,ZSE,ZSEH19,D1,2019-02-19,1550534400,907.25,911.25,894.75,901.5,35070,0,61127,20379.0
207,-21,ZSE,ZSEH19,D1,2019-02-20,1550620800,902.0,905.0,893.25,902.75,31552,0,56258,39129.0
208,-20,ZSE,ZSEH19,D1,2019-02-21,1550707200,902.75,916.75,900.0,910.75,34131,0,61790,59725.0
209,-19,ZSE,ZSEH19,D1,2019-02-22,1550793600,910.25,914.75,907.5,910.25,15706,0,27877,48642.0
210,-18,ZSE,ZSEH19,D1,2019-02-23,1550880000,910.25,910.25,910.25,910.25,1,0,1,29889.0
197,-73,ZSE,ZSEK19,D1,2019-02-24,1550966400,923.25,923.25,923.25,923.25,3,0,3,11386.0
198,-72,ZSE,ZSEK19,D1,2019-02-25,1551052800,931.25,934.5,923.75,924.0,36754,0,61302,20435.0
199,-71,ZSE,ZSEK19,D1,2019-02-26,1551139200,923.0,923.75,912.25,917.5,44158,0,73468,44924.0
200,-70,ZSE,ZSEK19,D1,2019-02-27,1551225600,917.0,923.25,913.5,916.5,40163,0,65647,66806.0
201,-69,ZSE,ZSEK19,D1,2019-02-28,1551312000,916.0,918.25,909.75,910.0,38105,0,62729,67281.0
202,-68,ZSE,ZSEK19,D1,2019-03-01,1551398400,909.5,918.0,900.5,910.5,54270,0,93370,73915.0
203,-67,ZSE,ZSEK19,D1,2019-03-02,1551484800,910.5,910.5,910.5,910.5,2,0,2,52034.0
204,-66,ZSE,ZSEK19,D1,2019-03-03,1551571200,910.5,910.5,910.5,910.5,2,0,2,31125.0
205,-65,ZSE,ZSEK19,D1,2019-03-04,1551657600,914.75,924.75,913.0,916.25,47242,0,78574,26193.0
206,-64,ZSE,ZSEK19,D1,2019-03-05,1551744000,916.5,918.5,909.0,913.75,31321,0,54366,44314.0
207,-63,ZSE,ZSEK19,D1,2019-03-06,1551830400,913.5,916.25,901.0,902.0,43251,0,75798,69579.0
208,-62,ZSE,ZSEK19,D1,2019-03-07,1551916800,902.75,907.5,898.25,901.5,53315,0,95684,75283.0
209,-61,ZSE,ZSEK19,D1,2019-03-08,1552003200,900.75,904.5,892.25,895.0,51863,0,89674,87052.0
210,-60,ZSE,ZSEK19,D1,2019-03-09,1552089600,895.0,895.0,895.0,895.0,2,0,2,61787.0
211,-59,ZSE,ZSEK19,D1,2019-03-10,1552176000,895.0,895.0,895.0,895.0,2,0,2,29893.0
57,-114,ZSE,ZSEN19,D1,2019-03-11,1552262400,911.75,912.75,903.25,903.75,12428,0,13376,21918.0
213,-57,ZSE,ZSEK19,D1,2019-03-12,1552348800,890.0,899.75,887.75,896.75,41732,0,69817,43400.0
214,-56,ZSE,ZSEK19,D1,2019-03-13,1552435200,896.0,903.25,892.25,901.5,38988,0,63961,64719.0
215,-55,ZSE,ZSEK19,D1,2019-03-14,1552521600,901.0,906.25,895.5,899.0,39969,0,66925,66901.0
216,-54,ZSE,ZSEK19,D1,2019-03-15,1552608000,899.25,911.0,898.25,909.25,47971,0,83114,71333.0
62,-109,ZSE,ZSEN19,D1,2019-03-16,1552694400,923.0,923.0,923.0,923.0,2,0,4,10070.0
217,-53,ZSE,ZSEK19,D1,2019-03-17,1552780800,909.25,909.25,909.25,909.25,2,0,4,50014.0
218,-52,ZSE,ZSEK19,D1,2019-03-18,1552867200,910.0,911.5,901.75,905.5,33255,0,56268,46462.0
219,-51,ZSE,ZSEK19,D1,2019-03-19,1552953600,905.5,909.5,900.25,903.5,37532,0,62892,39721.0
220,-50,ZSE,ZSEK19,D1,2019-03-20,1553040000,902.75,906.5,899.25,905.25,28981,0,50172,56444.0
221,-49,ZSE,ZSEK19,D1,2019-03-21,1553126400,906.0,912.0,903.5,910.5,34994,0,60353,57806.0
222,-48,ZSE,ZSEK19,D1,2019-03-22,1553212800,909.75,912.0,903.0,904.25,37990,0,62315,57613.0
223,-47,ZSE,ZSEK19,D1,2019-03-24,1553385600,904.25,904.25,904.25,904.25,2,0,2,40890.0
224,-46,ZSE,ZSEK19,D1,2019-03-25,1553472000,904.5,908.25,901.5,906.5,29153,0,47773,36697.0
225,-45,ZSE,ZSEK19,D1,2019-03-26,1553558400,905.5,907.5,899.5,900.25,29443,0,47514,31763.0
226,-44,ZSE,ZSEK19,D1,2019-03-27,1553644800,900.25,900.75,886.0,888.0,45618,0,79270,58186.0
227,-43,ZSE,ZSEK19,D1,2019-03-28,1553731200,888.0,891.75,886.5,889.25,32685,0,51507,59430.0
228,-42,ZSE,ZSEK19,D1,2019-03-29,1553817600,888.75,892.75,883.0,884.0,41832,0,70827,67201.0
229,-41,ZSE,ZSEK19,D1,2019-03-30,1553904000,884.0,884.0,884.0,884.0,4,0,4,40779.0
230,-40,ZSE,ZSEK19,D1,2019-03-31,1553990400,884.0,884.0,884.0,884.0,2,0,2,23611.0
231,-39,ZSE,ZSEK19,D1,2019-04-01,1554076800,884.0,899.0,883.75,896.5,48629,0,83435,27814.0
232,-38,ZSE,ZSEK19,D1,2019-04-02,1554163200,895.75,901.25,892.5,899.75,30821,0,52921,45453.0
233,-37,ZSE,ZSEK19,D1,2019-04-03,1554249600,899.25,903.0,894.75,899.0,27703,0,45340,60565.0
234,-36,ZSE,ZSEK19,D1,2019-04-04,1554336000,898.25,907.25,897.0,905.75,38077,0,64878,54380.0
235,-35,ZSE,ZSEK19,D1,2019-04-05,1554422400,904.5,904.75,896.25,898.75,27148,0,44877,51698.0
236,-34,ZSE,ZSEK19,D1,2019-04-06,1554508800,898.75,898.75,898.75,898.75,1,0,1,36585.0
237,-33,ZSE,ZSEK19,D1,2019-04-07,1554595200,898.75,898.75,898.75,898.75,3,0,3,14960.0
238,-32,ZSE,ZSEK19,D1,2019-04-08,1554681600,899.0,903.5,898.0,899.0,29419,0,47862,15955.0
239,-31,ZSE,ZSEK19,D1,2019-04-09,1554768000,898.25,902.25,894.75,898.75,36379,0,58399,35421.0
240,-30,ZSE,ZSEK19,D1,2019-04-10,1554854400,898.75,903.75,897.25,902.25,26834,0,43078,49780.0
241,-29,ZSE,ZSEK19,D1,2019-04-11,1554940800,901.25,904.0,893.5,895.75,31148,0,50987,50821.0
242,-28,ZSE,ZSEK19,D1,2019-04-12,1555027200,895.0,898.5,893.75,895.25,26712,0,44838,46301.0
243,-27,ZSE,ZSEK19,D1,2019-04-13,1555113600,895.25,895.25,895.25,895.25,3,0,3,31943.0
244,-26,ZSE,ZSEK19,D1,2019-04-14,1555200000,895.25,895.25,895.25,895.25,5,0,5,14949.0
245,-25,ZSE,ZSEK19,D1,2019-04-15,1555286400,895.0,902.0,894.75,898.5,34876,0,58467,19492.0
246,-24,ZSE,ZSEK19,D1,2019-04-16,1555372800,898.25,899.0,886.25,887.75,41503,0,67569,42014.0
247,-23,ZSE,ZSEK19,D1,2019-04-17,1555459200,887.75,890.5,878.5,878.5,36576,0,61397,62478.0
248,-22,ZSE,ZSEK19,D1,2019-04-18,1555545600,878.75,882.0,876.5,880.75,25916,0,41552,56839.0
249,-21,ZSE,ZSEK19,D1,2019-04-19,1555632000,880.75,880.75,880.75,880.75,2,50,2,34317.0
250,-20,ZSE,ZSEK19,D1,2019-04-22,1555891200,881.5,883.25,876.25,877.5,20692,0,33970,25175.0
97,-74,ZSE,ZSEN19,D1,2019-04-23,1555977600,890.75,892.25,874.25,875.5,40643,0,66370,30468.0
98,-73,ZSE,ZSEN19,D1,2019-04-24,1556064000,876.0,878.75,868.0,868.5,43857,0,74392,55262.0
99,-72,ZSE,ZSEN19,D1,2019-04-25,1556150400,868.25,876.25,867.0,871.25,49624,0,84724,75162.0
100,-71,ZSE,ZSEN19,D1,2019-04-26,1556236800,872.0,873.25,866.0,866.75,41797,0,68329,75815.0
101,-70,ZSE,ZSEN19,D1,2019-04-28,1556409600,866.75,866.75,866.75,866.75,2,0,4,51019.0
102,-69,ZSE,ZSEN19,D1,2019-04-29,1556496000,868.25,873.0,860.5,861.5,46875,0,77699,48677.0
103,-68,ZSE,ZSEN19,D1,2019-04-30,1556582400,861.25,864.5,851.25,854.5,53692,0,94414,57372.0
104,-67,ZSE,ZSEN19,D1,2019-05-01,1556668800,853.75,857.75,844.25,851.75,55442,0,98663,90259.0
105,-66,ZSE,ZSEN19,D1,2019-05-02,1556755200,853.0,853.75,842.0,842.5,53099,0,94254,95777.0
106,-65,ZSE,ZSEN19,D1,2019-05-03,1556841600,844.0,848.0,840.5,841.0,42632,0,67903,86940.0
107,-64,ZSE,ZSEN19,D1,2019-05-04,1556928000,841.0,841.0,841.0,841.0,3,0,3,54053.0
108,-63,ZSE,ZSEN19,D1,2019-05-05,1557014400,841.0,841.0,841.0,841.0,2,0,2,22636.0
109,-62,ZSE,ZSEN19,D1,2019-05-06,1557100800,828.0,834.0,816.75,831.0,67182,0,115144,38383.0
110,-61,ZSE,ZSEN19,D1,2019-05-07,1557187200,829.0,836.25,827.0,831.0,47245,0,79644,64930.0
111,-60,ZSE,ZSEN19,D1,2019-05-08,1557273600,830.75,835.0,824.75,825.25,42408,0,71878,88889.0
112,-59,ZSE,ZSEN19,D1,2019-05-09,1557360000,826.25,826.5,806.5,811.0,61796,0,107641,86388.0
113,-58,ZSE,ZSEN19,D1,2019-05-10,1557446400,812.75,818.75,806.25,808.0,50635,0,90066,89862.0
114,-57,ZSE,ZSEN19,D1,2019-05-11,1557532800,808.0,808.0,808.0,808.0,1,0,1,65903.0
115,-56,ZSE,ZSEN19,D1,2019-05-12,1557619200,808.0,808.0,808.0,808.0,3,0,3,30023.0
116,-55,ZSE,ZSEN19,D1,2019-05-13,1557705600,805.0,807.0,791.0,803.5,58718,0,96888,32297.0
117,-54,ZSE,ZSEN19,D1,2019-05-14,1557792000,806.0,838.0,805.5,829.5,77510,0,137468,78120.0
118,-53,ZSE,ZSEN19,D1,2019-05-15,1557878400,832.0,848.25,827.0,835.25,71949,0,129516,121291.0
119,-52,ZSE,ZSEN19,D1,2019-05-16,1557964800,834.0,845.0,834.0,840.75,47246,0,80432,115805.0
120,-51,ZSE,ZSEN19,D1,2019-05-17,1558051200,840.75,841.75,820.5,820.75,55407,0,93217,101055.0
121,-50,ZSE,ZSEN19,D1,2019-05-18,1558137600,820.75,820.75,820.75,820.75,3,0,3,57884.0
122,-49,ZSE,ZSEN19,D1,2019-05-19,1558224000,820.75,820.75,820.75,820.75,2,0,2,31074.0
123,-48,ZSE,ZSEN19,D1,2019-05-20,1558310400,828.25,838.75,824.75,831.25,52920,0,94004,31336.0
124,-47,ZSE,ZSEN19,D1,2019-05-21,1558396800,842.75,846.5,819.0,821.25,75304,0,129774,74593.0
125,-46,ZSE,ZSEN19,D1,2019-05-22,1558483200,819.5,835.0,819.0,829.5,56265,0,95570,106449.0
126,-45,ZSE,ZSEN19,D1,2019-05-23,1558569600,828.5,834.0,817.0,820.75,62044,0,102991,109445.0
127,-44,ZSE,ZSEN19,D1,2019-05-24,1558656000,821.5,831.5,820.0,829.25,42988,0,71577,90046.0
128,-43,ZSE,ZSEN19,D1,2019-05-26,1558828800,829.25,829.25,829.25,829.25,3,0,3,58190.0
129,-42,ZSE,ZSEN19,D1,2019-05-28,1559001600,840.0,858.25,837.5,856.0,64958,0,108999,60193.0
130,-41,ZSE,ZSEN19,D1,2019-05-29,1559088000,866.0,892.75,863.5,870.0,99663,0,175486,94829.0
131,-40,ZSE,ZSEN19,D1,2019-05-30,1559174400,871.5,889.5,863.5,887.25,62797,0,103526,129337.0
132,-39,ZSE,ZSEN19,D1,2019-05-31,1559260800,889.0,890.75,876.5,878.5,52820,0,87265,122092.0
133,-38,ZSE,ZSEN19,D1,2019-06-01,1559347200,878.5,878.5,878.5,878.5,1,0,4,63598.0
134,-37,ZSE,ZSEN19,D1,2019-06-02,1559433600,878.5,878.5,878.5,878.5,1,0,4,29091.0
135,-36,ZSE,ZSEN19,D1,2019-06-03,1559520000,875.75,886.5,873.5,877.0,51277,0,85359,28456.0
136,-35,ZSE,ZSEN19,D1,2019-06-04,1559606400,891.25,894.5,878.5,880.0,54358,0,106400,63921.0
137,-34,ZSE,ZSEN19,D1,2019-06-05,1559692800,882.0,882.75,868.25,869.5,51193,0,91181,94313.0
138,-33,ZSE,ZSEN19,D1,2019-06-06,1559779200,869.75,872.25,857.75,868.5,45147,0,75898,91160.0
139,-32,ZSE,ZSEN19,D1,2019-06-07,1559865600,868.75,871.5,855.0,855.5,33068,0,62185,76421.0
140,-31,ZSE,ZSEN19,D1,2019-06-09,1560038400,855.5,855.5,855.5,855.5,3,0,6,46030.0
141,-30,ZSE,ZSEN19,D1,2019-06-10,1560124800,853.75,866.0,848.25,860.0,33445,0,55236,39142.0
142,-29,ZSE,ZSEN19,D1,2019-06-11,1560211200,855.5,863.5,850.25,857.75,41532,0,71049,42097.0
143,-28,ZSE,ZSEN19,D1,2019-06-12,1560297600,857.25,883.25,853.25,878.5,57810,0,108059,78115.0
144,-27,ZSE,ZSEN19,D1,2019-06-13,1560384000,878.0,888.75,877.75,887.25,38881,0,65684,81597.0
145,-26,ZSE,ZSEN19,D1,2019-06-14,1560470400,887.5,898.25,885.25,897.25,44087,0,74195,82646.0
146,-25,ZSE,ZSEN19,D1,2019-06-15,1560556800,897.25,897.25,897.25,897.25,1,0,2,46627.0
147,-24,ZSE,ZSEN19,D1,2019-06-16,1560643200,897.25,897.25,897.25,897.25,1,0,2,24733.0
20,-112,ZSE,ZSEX19,D1,2019-06-17,1560729600,928.75,940.5,927.5,937.0,43026,0,44741,37582.0
149,-22,ZSE,ZSEN19,D1,2019-06-18,1560816000,918.25,921.5,902.75,912.0,55894,0,99652,61280.0
150,-21,ZSE,ZSEN19,D1,2019-06-19,1560902400,912.5,913.5,901.5,902.5,40075,0,70661,84833.0
151,-20,ZSE,ZSEN19,D1,2019-06-20,1560988800,901.25,917.5,896.5,914.25,35694,0,68698,79670.0
152,-19,ZSE,ZSEN19,D1,2019-06-21,1561075200,915.0,917.25,902.5,903.5,30022,0,57100,65486.0
153,-18,ZSE,ZSEN19,D1,2019-06-23,1561248000,903.5,903.5,903.5,903.5,2,0,6,41935.0
25,-107,ZSE,ZSEX19,D1,2019-06-24,1561334400,927.5,935.75,924.5,932.5,29296,0,38120,38804.0
26,-106,ZSE,ZSEX19,D1,2019-06-25,1561420800,938.75,941.25,923.25,925.5,34989,0,63683,47114.0
27,-105,ZSE,ZSEX19,D1,2019-06-26,1561507200,925.25,925.25,917.25,918.0,29806,0,49003,50269.0
28,-104,ZSE,ZSEX19,D1,2019-06-27,1561593600,917.0,922.75,907.75,912.0,27633,0,56684,56457.0
29,-103,ZSE,ZSEX19,D1,2019-06-28,1561680000,912.0,930.0,911.25,923.25,51029,0,92886,66191.0
102,-42,ZSE,ZSEQ19,D1,2019-06-29,1561766400,905.0,905.0,905.0,905.0,1,0,2,15813.0
30,-102,ZSE,ZSEX19,D1,2019-07-01,1561939200,933.75,934.25,907.0,907.75,41212,0,78386,75985.0
31,-101,ZSE,ZSEX19,D1,2019-07-02,1562025600,909.25,913.25,898.25,898.75,35275,0,67758,79677.0
32,-100,ZSE,ZSEX19,D1,2019-07-03,1562112000,898.75,909.25,896.0,908.0,26994,0,45512,63885.0
105,-39,ZSE,ZSEQ19,D1,2019-07-04,1562198400,889.25,889.25,889.25,889.25,1,175,1,8883.0
33,-99,ZSE,ZSEX19,D1,2019-07-05,1562284800,908.0,908.25,893.0,893.5,24439,0,44394,52555.0
107,-37,ZSE,ZSEQ19,D1,2019-07-06,1562371200,875.25,875.25,875.25,875.25,1,0,1,3502.0
108,-36,ZSE,ZSEQ19,D1,2019-07-07,1562457600,875.25,875.25,875.25,875.25,2,0,2,3503.0
34,-98,ZSE,ZSEX19,D1,2019-07-08,1562544000,901.75,902.5,891.75,896.25,32803,0,48838,46248.0
35,-97,ZSE,ZSEX19,D1,2019-07-09,1562630400,898.25,904.75,890.25,904.0,30139,0,48006,47079.0
36,-96,ZSE,ZSEX19,D1,2019-07-10,1562716800,904.75,913.5,899.25,911.75,31655,0,54694,50513.0
37,-95,ZSE,ZSEX19,D1,2019-07-11,1562803200,911.75,917.75,905.5,916.5,37633,0,54052,52251.0
38,-94,ZSE,ZSEX19,D1,2019-07-12,1562889600,917.5,932.25,913.25,931.5,32886,0,66137,58294.0
114,-30,ZSE,ZSEQ19,D1,2019-07-13,1562976000,913.0,913.0,913.0,913.0,1,0,1,11113.0
115,-29,ZSE,ZSEQ19,D1,2019-07-14,1563062400,913.0,913.0,913.0,913.0,3,0,3,6109.0
39,-93,ZSE,ZSEX19,D1,2019-07-15,1563148800,934.0,936.5,918.5,920.25,38107,0,66725,62305.0
40,-92,ZSE,ZSEX19,D1,2019-07-16,1563235200,918.0,918.25,902.5,905.5,35691,0,75563,69475.0
41,-91,ZSE,ZSEX19,D1,2019-07-17,1563321600,905.5,912.5,899.5,900.0,33770,0,55987,66092.0
42,-90,ZSE,ZSEX19,D1,2019-07-18,1563408000,898.0,903.5,893.0,900.5,34218,0,69401,66984.0
43,-89,ZSE,ZSEX19,D1,2019-07-19,1563494400,899.5,924.0,897.25,919.25,42517,0,99749,75046.0
121,-23,ZSE,ZSEQ19,D1,2019-07-20,1563580800,901.0,901.0,901.0,901.0,2,0,2,13186.0
122,-22,ZSE,ZSEQ19,D1,2019-07-21,1563667200,901.0,901.0,901.0,901.0,1,0,1,9031.0
44,-88,ZSE,ZSEX19,D1,2019-07-22,1563753600,920.0,922.0,905.0,905.5,33858,0,62564,77238.0
45,-87,ZSE,ZSEX19,D1,2019-07-23,1563840000,906.5,910.25,898.75,903.25,31645,0,60255,74189.0
46,-86,ZSE,ZSEX19,D1,2019-07-24,1563926400,904.0,912.75,901.5,906.75,35640,0,54975,59265.0
47,-85,ZSE,ZSEX19,D1,2019-07-25,1564012800,908.5,913.5,898.0,899.5,29184,0,57981,57737.0
48,-84,ZSE,ZSEX19,D1,2019-07-26,1564099200,901.25,907.0,898.5,899.25,24910,0,45870,52942.0
128,-16,ZSE,ZSEQ19,D1,2019-07-27,1564185600,881.5,881.5,881.5,881.5,2,0,2,6544.0
129,-15,ZSE,ZSEQ19,D1,2019-07-28,1564272000,881.5,881.5,881.5,881.5,4,0,4,3556.0
49,-83,ZSE,ZSEX19,D1,2019-07-29,1564358400,899.75,909.0,899.25,904.0,29840,0,43864,49238.0
50,-82,ZSE,ZSEX19,D1,2019-07-30,1564444800,903.5,905.25,889.5,894.75,29169,0,69529,53088.0
51,-81,ZSE,ZSEX19,D1,2019-07-31,1564531200,894.5,900.0,880.0,880.25,34165,0,72264,61886.0
52,-80,ZSE,ZSEX19,D1,2019-08-01,1564617600,880.75,882.0,860.0,866.25,39168,0,94802,78865.0
53,-79,ZSE,ZSEX19,D1,2019-08-02,1564704000,867.5,872.25,862.75,870.0,37429,0,60291,75786.0
83,-35,ZSE,ZSEU19,D1,2019-08-04,1564876800,857.25,857.25,857.25,857.25,3,0,3,11173.0
54,-78,ZSE,ZSEX19,D1,2019-08-05,1564963200,870.25,874.5,854.5,867.75,53838,0,86483,80525.0
55,-77,ZSE,ZSEX19,D1,2019-08-06,1565049600,866.0,872.75,864.75,866.0,36535,0,53670,66815.0
56,-76,ZSE,ZSEX19,D1,2019-08-07,1565136000,865.75,869.5,862.0,867.25,27546,0,44889,61681.0
57,-75,ZSE,ZSEX19,D1,2019-08-08,1565222400,867.0,884.75,865.0,884.0,32077,0,78097,58885.0
58,-74,ZSE,ZSEX19,D1,2019-08-09,1565308800,883.5,894.5,881.75,893.0,35592,0,60817,61268.0
89,-29,ZSE,ZSEU19,D1,2019-08-11,1565481600,881.0,881.0,881.0,881.0,5,0,5,8558.0
59,-73,ZSE,ZSEX19,D1,2019-08-12,1565568000,891.75,893.0,876.0,878.75,41902,0,90892,76602.0
60,-72,ZSE,ZSEX19,D1,2019-08-13,1565654400,879.25,896.75,875.5,890.25,54760,0,92466,81392.0
61,-71,ZSE,ZSEX19,D1,2019-08-14,1565740800,889.75,893.5,877.25,878.5,35714,0,66598,83319.0
62,-70,ZSE,ZSEX19,D1,2019-08-15,1565827200,879.25,885.0,870.25,870.75,34225,0,60242,73102.0
63,-69,ZSE,ZSEX19,D1,2019-08-16,1565913600,871.0,880.75,870.75,879.0,30177,0,46768,57869.0
64,-68,ZSE,ZSEX19,D1,2019-08-17,1566000000,879.0,879.0,879.0,879.0,1,0,1,35670.0
65,-67,ZSE,ZSEX19,D1,2019-08-18,1566086400,879.0,879.0,879.0,879.0,3,25,3,15591.0
66,-66,ZSE,ZSEX19,D1,2019-08-19,1566172800,874.75,877.75,864.5,866.5,31024,0,51882,17295.0
67,-65,ZSE,ZSEX19,D1,2019-08-20,1566259200,869.0,874.75,865.75,868.5,34938,0,58469,36785.0
68,-64,ZSE,ZSEX19,D1,2019-08-21,1566345600,868.25,876.5,866.75,872.5,33404,0,53671,54674.0
69,-63,ZSE,ZSEX19,D1,2019-08-22,1566432000,873.0,882.0,867.75,868.25,36266,0,61462,57867.0
70,-62,ZSE,ZSEX19,D1,2019-08-23,1566518400,868.25,872.0,855.0,855.0,41608,0,80590,65241.0
71,-61,ZSE,ZSEX19,D1,2019-08-25,1566691200,855.0,855.0,855.0,855.0,2,0,2,47351.0
72,-60,ZSE,ZSEX19,D1,2019-08-26,1566777600,855.0,870.5,855.0,865.5,45106,0,79716,53436.0
73,-59,ZSE,ZSEX19,D1,2019-08-27,1566864000,865.0,866.0,856.0,859.0,30090,0,50726,43481.0
74,-58,ZSE,ZSEX19,D1,2019-08-28,1566950400,859.25,867.75,852.5,865.25,42483,0,69748,66730.0
75,-57,ZSE,ZSEX19,D1,2019-08-29,1567036800,865.5,873.0,865.25,868.25,37218,0,60378,60284.0
76,-56,ZSE,ZSEX19,D1,2019-08-30,1567123200,868.5,877.75,867.0,868.5,38193,0,60715,63614.0
77,-55,ZSE,ZSEX19,D1,2019-08-31,1567209600,868.5,868.5,868.5,868.5,1,0,1,40365.0
78,-54,ZSE,ZSEX19,D1,2019-09-01,1567296000,868.5,868.5,868.5,868.5,7,0,7,20241.0
79,-53,ZSE,ZSEX19,D1,2019-09-03,1567468800,866.25,869.25,859.25,867.0,48506,0,84797,28268.0
80,-52,ZSE,ZSEX19,D1,2019-09-04,1567555200,867.25,879.5,864.25,874.5,45387,0,81067,55290.0
81,-51,ZSE,ZSEX19,D1,2019-09-05,1567641600,875.25,878.75,858.25,861.75,52247,0,92637,86167.0
82,-50,ZSE,ZSEX19,D1,2019-09-06,1567728000,862.75,866.5,856.0,857.5,38235,0,60371,78025.0
83,-49,ZSE,ZSEX19,D1,2019-09-09,1567987200,857.75,861.0,851.0,857.75,33413,0,51187,68065.0
84,-48,ZSE,ZSEX19,D1,2019-09-10,1568073600,859.25,874.75,857.25,872.25,51031,0,80900,64153.0
85,-47,ZSE,ZSEX19,D1,2019-09-11,1568160000,872.0,873.5,864.0,867.5,35024,0,56082,62723.0
86,-46,ZSE,ZSEX19,D1,2019-09-12,1568246400,871.0,896.0,869.0,894.75,83569,0,150768,95917.0
87,-45,ZSE,ZSEX19,D1,2019-09-13,1568332800,894.5,903.5,893.0,898.25,50129,0,80268,95706.0
88,-44,ZSE,ZSEX19,D1,2019-09-16,1568592000,903.25,904.75,894.25,899.25,40929,0,62512,97849.0
89,-43,ZSE,ZSEX19,D1,2019-09-17,1568678400,900.0,900.0,888.25,894.75,42080,0,64980,69253.0
90,-42,ZSE,ZSEX19,D1,2019-09-18,1568764800,895.25,897.0,886.75,889.0,29274,0,44832,57441.0
91,-41,ZSE,ZSEX19,D1,2019-09-19,1568851200,889.25,895.0,886.25,893.5,38347,0,58444,56085.0
92,-40,ZSE,ZSEX19,D1,2019-09-20,1568937600,893.0,893.5,880.75,882.25,40465,0,67379,56885.0
93,-39,ZSE,ZSEX19,D1,2019-09-23,1569196800,882.75,899.25,882.75,891.25,43008,0,75475,67099.0
94,-38,ZSE,ZSEX19,D1,2019-09-24,1569283200,892.5,899.0,890.5,893.25,38679,0,62246,68367.0
95,-37,ZSE,ZSEX19,D1,2019-09-25,1569369600,894.0,897.75,885.25,888.5,45046,0,67832,68518.0
96,-36,ZSE,ZSEX19,D1,2019-09-26,1569456000,888.0,895.5,886.75,887.75,31874,0,52930,61003.0
97,-35,ZSE,ZSEX19,D1,2019-09-27,1569542400,887.75,889.25,881.5,883.0,29073,0,44042,54935.0
98,-34,ZSE,ZSEX19,D1,2019-09-30,1569801600,884.75,906.75,883.75,904.25,66424,0,109280,68751.0
99,-33,ZSE,ZSEX19,D1,2019-10-01,1569888000,904.0,920.0,903.25,918.25,63678,0,101094,84805.0
100,-32,ZSE,ZSEX19,D1,2019-10-02,1569974400,917.25,918.75,911.75,913.0,42650,0,64646,91673.0
101,-31,ZSE,ZSEX19,D1,2019-10-03,1570060800,913.0,918.5,908.0,911.75,42279,0,63506,76415.0
102,-30,ZSE,ZSEX19,D1,2019-10-04,1570147200,911.0,921.25,909.5,916.0,35983,0,56579,61577.0
103,-29,ZSE,ZSEX19,D1,2019-10-07,1570406400,916.5,919.5,911.5,915.75,33167,0,51587,57224.0
104,-28,ZSE,ZSEX19,D1,2019-10-08,1570492800,915.0,923.75,910.5,919.25,50210,0,80039,62735.0
105,-27,ZSE,ZSEX19,D1,2019-10-09,1570579200,918.5,931.5,918.25,922.25,46450,0,72462,68029.0
106,-26,ZSE,ZSEX19,D1,2019-10-10,1570665600,919.5,934.0,918.75,922.5,60064,0,98489,83663.0
107,-25,ZSE,ZSEX19,D1,2019-10-11,1570752000,923.75,939.25,923.5,934.25,63722,0,100933,90628.0
108,-24,ZSE,ZSEX19,D1,2019-10-14,1571011200,940.5,945.5,930.5,939.75,52325,0,81258,93560.0
109,-23,ZSE,ZSEX19,D1,2019-10-15,1571097600,938.75,944.25,933.25,933.25,50106,0,78437,86876.0
110,-22,ZSE,ZSEX19,D1,2019-10-16,1571184000,933.0,938.75,927.5,928.5,42836,0,70224,76640.0
111,-21,ZSE,ZSEX19,D1,2019-10-17,1571270400,928.0,940.75,927.25,931.0,45441,0,72320,73660.0
112,-20,ZSE,ZSEX19,D1,2019-10-18,1571356800,931.0,938.5,930.5,933.75,40710,0,69721,70755.0
113,-19,ZSE,ZSEX19,D1,2019-10-21,1571616000,930.75,940.0,930.25,933.5,44194,0,79062,73701.0
114,-18,ZSE,ZSEX19,D1,2019-10-22,1571702400,932.5,945.25,931.0,934.0,52375,0,88241,79008.0
115,-17,ZSE,ZSEX19,D1,2019-10-23,1571788800,934.0,939.0,927.75,934.75,36609,0,64701,77335.0
116,-16,ZSE,ZSEX19,D1,2019-10-24,1571875200,933.75,939.0,932.75,934.0,26343,0,42005,64982.0
117,-15,ZSE,ZSEX19,D1,2019-10-25,1571961600,933.5,937.25,919.5,922.75,36362,0,75002,60569.0
94,-56,ZSE,ZSEF20,D1,2019-10-28,1572220800,935.25,940.25,934.25,936.5,34259,0,56536,53435.0
95,-55,ZSE,ZSEF20,D1,2019-10-29,1572307200,935.5,940.25,931.0,932.5,46744,0,78134,68880.0
96,-54,ZSE,ZSEF20,D1,2019-10-30,1572393600,933.0,937.0,930.25,931.0,38897,0,62325,65665.0
97,-53,ZSE,ZSEF20,D1,2019-10-31,1572480000,930.5,935.5,925.0,931.75,50180,0,79192,73217.0
98,-52,ZSE,ZSEF20,D1,2019-11-01,1572566400,931.0,938.75,930.25,936.75,44881,0,72363,71293.0
99,-51,ZSE,ZSEF20,D1,2019-11-02,1572652800,936.75,936.75,936.75,936.75,3,0,3,50519.0
100,-50,ZSE,ZSEF20,D1,2019-11-04,1572825600,935.5,942.25,932.5,938.0,43485,0,66347,46238.0
101,-49,ZSE,ZSEF20,D1,2019-11-05,1572912000,938.0,941.0,932.0,934.25,38662,0,60512,42287.0
102,-48,ZSE,ZSEF20,D1,2019-11-06,1572998400,934.0,935.75,927.0,927.5,39962,0,62815,63225.0
103,-47,ZSE,ZSEF20,D1,2019-11-07,1573084800,927.75,938.5,926.5,936.25,52488,0,82094,68474.0
104,-46,ZSE,ZSEF20,D1,2019-11-08,1573171200,935.5,938.75,926.5,930.25,57581,0,92448,79119.0
105,-45,ZSE,ZSEF20,D1,2019-11-11,1573430400,928.25,929.0,916.0,917.25,47376,0,79346,84629.0
106,-44,ZSE,ZSEF20,D1,2019-11-12,1573516800,916.5,920.0,915.0,916.75,35339,0,54233,75342.0
107,-43,ZSE,ZSEF20,D1,2019-11-13,1573603200,916.5,921.5,913.5,915.25,42097,0,67278,66952.0
108,-42,ZSE,ZSEF20,D1,2019-11-14,1573689600,915.0,917.5,911.0,917.0,36656,0,60021,60511.0
109,-41,ZSE,ZSEF20,D1,2019-11-15,1573776000,918.25,923.5,915.25,918.0,36820,0,57506,61602.0
110,-40,ZSE,ZSEF20,D1,2019-11-18,1574035200,919.0,921.75,910.0,910.5,37791,0,62607,60045.0
111,-39,ZSE,ZSEF20,D1,2019-11-19,1574121600,910.5,917.0,910.0,911.5,40799,0,63301,61138.0
112,-38,ZSE,ZSEF20,D1,2019-11-20,1574208000,910.5,915.75,904.25,904.5,40811,0,68333,64747.0
113,-37,ZSE,ZSEF20,D1,2019-11-21,1574294400,905.25,909.25,900.25,900.25,39614,0,67274,66303.0
114,-36,ZSE,ZSEF20,D1,2019-11-22,1574380800,900.5,903.5,895.5,895.75,33988,0,58529,64712.0
115,-35,ZSE,ZSEF20,D1,2019-11-23,1574467200,895.75,895.75,895.75,895.75,1,0,1,41935.0
116,-34,ZSE,ZSEF20,D1,2019-11-25,1574640000,898.0,902.5,892.0,892.25,34021,0,59205,39245.0
117,-33,ZSE,ZSEF20,D1,2019-11-26,1574726400,892.75,895.0,882.75,884.5,45858,0,80839,46682.0
118,-32,ZSE,ZSEF20,D1,2019-11-27,1574812800,884.75,887.5,881.25,882.0,36375,0,60106,66717.0
119,-31,ZSE,ZSEF20,D1,2019-11-29,1574985600,883.25,884.75,875.75,876.5,26891,0,45545,62163.0
120,-30,ZSE,ZSEF20,D1,2019-12-02,1575244800,877.75,883.0,867.5,872.5,54224,0,91039,65563.0
121,-29,ZSE,ZSEF20,D1,2019-12-03,1575331200,873.5,875.75,868.25,872.75,44931,0,72928,69837.0
122,-28,ZSE,ZSEF20,D1,2019-12-04,1575417600,872.25,880.0,871.5,878.25,44394,0,67844,77270.0
123,-27,ZSE,ZSEF20,D1,2019-12-05,1575504000,878.0,888.75,877.25,885.0,48303,0,79809,73527.0
124,-26,ZSE,ZSEF20,D1,2019-12-06,1575590400,884.75,894.0,884.5,889.0,43553,0,73269,73641.0
125,-25,ZSE,ZSEF20,D1,2019-12-09,1575849600,891.75,903.5,889.82,897.25,44718,0,75824,76301.0
126,-24,ZSE,ZSEF20,D1,2019-12-10,1575936000,897.5,901.84,896.08,900.25,34332,0,54720,67938.0
127,-23,ZSE,ZSEF20,D1,2019-12-11,1576022400,898.75,901.89,892.0,892.25,35374,0,58987,63177.0
128,-22,ZSE,ZSEF20,D1,2019-12-12,1576108800,893.0,901.42,888.46,897.75,44138,0,72570,62092.0
129,-21,ZSE,ZSEF20,D1,2019-12-13,1576195200,906.0,916.61,901.5,906.75,68607,0,117050,82869.0
130,-20,ZSE,ZSEF20,D1,2019-12-16,1576454400,912.5,922.75,912.5,920.75,44580,0,71308,86976.0
131,-19,ZSE,ZSEF20,D1,2019-12-17,1576540800,921.25,931.0,920.25,927.75,40800,0,67999,85452.0
132,-18,ZSE,ZSEF20,D1,2019-12-18,1576627200,928.0,930.0,923.0,927.25,33298,0,56235,65181.0
133,-17,ZSE,ZSEF20,D1,2019-12-19,1576713600,926.75,929.25,921.25,925.0,26296,0,42029,55421.0
134,-16,ZSE,ZSEF20,D1,2019-12-20,1576800000,925.0,930.0,924.0,927.75,21257,0,35731,44665.0
135,-15,ZSE,ZSEF20,D1,2019-12-23,1577059200,929.0,937.0,927.5,932.75,24270,0,40826,39529.0
91,-57,ZSE,ZSEH20,D1,2019-12-24,1577145600,942.0,945.75,937.25,945.0,17964,0,28928,33374.0
92,-56,ZSE,ZSEH20,D1,2019-12-26,1577318400,946.25,949.0,945.0,946.0,16889,0,27210,33171.0
93,-55,ZSE,ZSEH20,D1,2019-12-27,1577404800,945.75,950.5,938.5,942.25,37450,0,62292,39477.0
94,-54,ZSE,ZSEH20,D1,2019-12-30,1577664000,941.5,953.0,939.5,952.5,41703,0,67023,52175.0
95,-53,ZSE,ZSEH20,D1,2019-12-31,1577750400,951.5,956.25,947.25,956.0,28733,0,48186,59167.0
96,-52,ZSE,ZSEH20,D1,2020-01-01,1577836800,956.0,956.0,956.0,956.0,1,0,1,38403.0
97,-51,ZSE,ZSEH20,D1,2020-01-02,1577923200,956.0,961.0,953.75,955.5,38939,0,62383,36857.0
98,-50,ZSE,ZSEH20,D1,2020-01-03,1578009600,956.0,957.0,937.5,941.25,46898,0,78155,46846.0
99,-49,ZSE,ZSEH20,D1,2020-01-06,1578268800,940.0,948.0,938.25,944.25,37795,0,60713,67084.0
100,-48,ZSE,ZSEH20,D1,2020-01-07,1578355200,944.75,947.5,937.75,944.0,28573,0,47548,62139.0
101,-47,ZSE,ZSEH20,D1,2020-01-08,1578441600,942.5,950.5,938.0,946.75,37613,0,62184,56815.0
102,-46,ZSE,ZSEH20,D1,2020-01-09,1578528000,946.75,954.5,939.25,942.5,38780,0,62417,57383.0
103,-45,ZSE,ZSEH20,D1,2020-01-10,1578614400,942.75,947.0,935.5,945.75,46839,0,77717,67439.0
104,-44,ZSE,ZSEH20,D1,2020-01-13,1578873600,948.0,949.5,938.0,941.25,29003,0,46850,62328.0
105,-43,ZSE,ZSEH20,D1,2020-01-14,1578960000,941.5,948.5,938.5,941.5,37919,0,63502,62690.0
106,-42,ZSE,ZSEH20,D1,2020-01-15,1579046400,942.0,943.25,928.25,929.5,51143,0,89266,66539.0
107,-41,ZSE,ZSEH20,D1,2020-01-16,1579132800,929.75,930.25,922.0,924.5,44493,0,77349,76706.0
108,-40,ZSE,ZSEH20,D1,2020-01-17,1579219200,924.5,933.5,920.0,929.25,40746,0,69481,78699.0
109,-39,ZSE,ZSEH20,D1,2020-01-19,1579392000,929.25,929.25,929.25,929.25,1,0,1,48944.0
110,-38,ZSE,ZSEH20,D1,2020-01-20,1579478400,929.25,929.25,929.25,929.25,5,0,5,23162.0
111,-37,ZSE,ZSEH20,D1,2020-01-21,1579564800,930.0,931.5,915.25,915.5,47565,0,81460,27155.0
112,-36,ZSE,ZSEH20,D1,2020-01-22,1579651200,917.0,922.0,913.25,914.0,38283,0,65792,49086.0
113,-35,ZSE,ZSEH20,D1,2020-01-23,1579737600,914.0,914.75,904.0,908.75,41374,0,73365,73539.0
114,-34,ZSE,ZSEH20,D1,2020-01-24,1579824000,909.25,909.25,900.75,902.25,35425,0,61713,66957.0
115,-33,ZSE,ZSEH20,D1,2020-01-27,1580083200,899.25,900.0,888.25,897.5,44378,0,72732,69270.0
116,-32,ZSE,ZSEH20,D1,2020-01-28,1580169600,897.5,898.0,888.5,895.5,37193,0,60818,65088.0
117,-31,ZSE,ZSEH20,D1,2020-01-29,1580256000,896.0,903.0,890.75,892.75,34507,0,55416,62989.0
118,-30,ZSE,ZSEH20,D1,2020-01-30,1580342400,893.5,893.75,875.5,876.0,45151,0,84125,66786.0
119,-29,ZSE,ZSEH20,D1,2020-01-31,1580428800,880.0,882.75,872.25,872.75,34301,0,57445,65662.0
120,-28,ZSE,ZSEH20,D1,2020-02-03,1580688000,870.75,878.75,868.75,875.75,45410,0,79180,73583.0
121,-27,ZSE,ZSEH20,D1,2020-02-04,1580774400,876.25,887.0,873.75,879.5,41805,0,67835,68153.0
122,-26,ZSE,ZSEH20,D1,2020-02-05,1580860800,880.0,888.0,878.0,880.0,33733,0,53276,66764.0
123,-25,ZSE,ZSEH20,D1,2020-02-06,1580947200,880.0,886.25,876.75,883.0,39409,0,63154,61422.0
124,-24,ZSE,ZSEH20,D1,2020-02-07,1581033600,883.25,884.75,876.25,882.75,31990,0,51251,55894.0
125,-23,ZSE,ZSEH20,D1,2020-02-10,1581292800,883.0,889.75,879.5,885.0,34444,0,57139,57181.0
126,-22,ZSE,ZSEH20,D1,2020-02-11,1581379200,885.75,889.0,878.0,885.0,36900,0,61676,56689.0
127,-21,ZSE,ZSEH20,D1,2020-02-12,1581465600,885.5,893.0,881.5,891.75,34567,0,60373,59729.0
128,-20,ZSE,ZSEH20,D1,2020-02-13,1581552000,891.0,899.75,888.5,895.75,44004,0,74559,65536.0
129,-19,ZSE,ZSEH20,D1,2020-02-14,1581638400,896.25,899.25,890.0,892.75,30379,0,53733,62888.0
130,-18,ZSE,ZSEH20,D1,2020-02-17,1581897600,892.75,892.75,892.75,892.75,1,25,1,42764.0
131,-17,ZSE,ZSEH20,D1,2020-02-18,1581984000,894.75,898.5,889.25,891.5,34877,0,58576,37437.0
132,-16,ZSE,ZSEH20,D1,2020-02-19,1582070400,892.25,898.25,885.0,897.5,34458,0,59947,39508.0
133,-15,ZSE,ZSEH20,D1,2020-02-20,1582156800,896.5,898.0,891.25,892.5,22906,0,37541,52021.0
134,-14,ZSE,ZSEH20,D1,2020-02-21,1582243200,892.0,902.0,887.5,887.75,31668,0,54392,50627.0
88,-59,ZSE,ZSEK20,D1,2020-02-24,1582502400,896.25,896.75,879.25,883.75,47957,0,78462,52442.0
89,-58,ZSE,ZSEK20,D1,2020-02-25,1582588800,883.5,889.0,881.25,888.25,35045,0,57253,61658.0
90,-57,ZSE,ZSEK20,D1,2020-02-26,1582675200,889.0,899.0,885.0,891.0,49206,0,81969,72561.0
91,-56,ZSE,ZSEK20,D1,2020-02-27,1582761600,891.5,897.0,878.25,895.25,56056,0,93567,77596.0
92,-55,ZSE,ZSEK20,D1,2020-02-28,1582848000,894.75,895.5,879.75,892.75,65561,0,108611,94716.0
93,-54,ZSE,ZSEK20,D1,2020-03-02,1583107200,892.25,904.5,890.5,900.75,9035,0,15059,72412.0
94,-53,ZSE,ZSEK20,D1,2020-03-03,1583193600,903.75,908.0,899.5,904.5,7747,0,13714,45795.0
95,-52,ZSE,ZSEK20,D1,2020-03-04,1583280000,904.25,911.0,903.5,907.25,35104,0,59863,29545.0
96,-51,ZSE,ZSEK20,D1,2020-03-05,1583366400,907.0,912.5,894.75,897.0,41566,0,70887,48155.0
97,-50,ZSE,ZSEK20,D1,2020-03-06,1583452800,898.75,899.75,888.5,889.75,40827,0,68728,66493.0
98,-49,ZSE,ZSEK20,D1,2020-03-09,1583712000,883.5,883.5,867.0,871.5,63317,0,112195,83937.0
99,-48,ZSE,ZSEK20,D1,2020-03-10,1583798400,874.5,885.0,874.5,876.75,48570,0,79079,86667.0
100,-47,ZSE,ZSEK20,D1,2020-03-11,1583884800,876.0,883.75,872.0,873.5,40689,0,65960,85745.0
101,-46,ZSE,ZSEK20,D1,2020-03-12,1583971200,872.5,872.75,852.25,857.5,69949,0,120651,88563.0
102,-45,ZSE,ZSEK20,D1,2020-03-13,1584057600,857.75,872.0,845.25,847.5,69965,25,114746,100452.0
103,-44,ZSE,ZSEK20,D1,2020-03-16,1584316800,842.0,854.75,821.0,825.0,69210,0,113434,116277.0
104,-43,ZSE,ZSEK20,D1,2020-03-17,1584403200,824.75,832.5,822.0,825.0,57429,0,89937,106039.0
105,-42,ZSE,ZSEK20,D1,2020-03-18,1584489600,824.5,838.5,822.25,826.0,55765,0,88751,97374.0
106,-41,ZSE,ZSEK20,D1,2020-03-19,1584576000,829.25,855.75,825.0,843.75,62098,0,98207,92298.0
107,-40,ZSE,ZSEK20,D1,2020-03-20,1584662400,845.75,864.75,845.5,863.25,56938,0,92265,93074.0
108,-39,ZSE,ZSEK20,D1,2020-03-23,1584921600,860.0,885.25,858.25,883.0,60841,0,100813,97095.0
109,-38,ZSE,ZSEK20,D1,2020-03-24,1585008000,884.0,887.75,872.5,886.0,43314,0,68891,87323.0
110,-37,ZSE,ZSEK20,D1,2020-03-25,1585094400,885.0,897.0,880.5,882.5,41582,0,66186,78630.0
111,-36,ZSE,ZSEK20,D1,2020-03-26,1585180800,882.5,884.5,871.25,879.0,36380,0,57667,64248.0
112,-35,ZSE,ZSEK20,D1,2020-03-27,1585267200,879.0,888.75,875.25,883.5,34224,0,55580,59811.0
113,-34,ZSE,ZSEK20,D1,2020-03-30,1585526400,880.0,892.5,876.75,882.5,34492,0,54812,56020.0
114,-33,ZSE,ZSEK20,D1,2020-03-31,1585612800,882.5,887.5,875.75,885.5,44468,0,64600,58331.0
115,-32,ZSE,ZSEK20,D1,2020-04-01,1585699200,885.75,887.25,860.75,863.25,40913,0,65347,61586.0
116,-31,ZSE,ZSEK20,D1,2020-04-02,1585785600,864.75,870.0,857.0,859.25,37763,0,56462,62136.0
117,-30,ZSE,ZSEK20,D1,2020-04-03,1585872000,859.75,864.5,850.5,853.5,29797,0,45108,55639.0
118,-29,ZSE,ZSEK20,D1,2020-04-06,1586131200,853.5,859.0,848.5,855.75,24373,0,37187,46252.0
119,-28,ZSE,ZSEK20,D1,2020-04-07,1586217600,856.0,862.25,854.25,856.0,26171,0,39601,40632.0
120,-27,ZSE,ZSEK20,D1,2020-04-08,1586304000,855.75,860.5,851.75,854.5,23596,0,36328,37705.0
121,-26,ZSE,ZSEK20,D1,2020-04-09,1586390400,855.5,867.0,853.75,863.25,30308,0,48176,41368.0
122,-25,ZSE,ZSEK20,D1,2020-04-10,1586476800,863.25,863.25,863.25,863.25,2,0,4,28169.0
80,-68,ZSE,ZSEN20,D1,2020-04-13,1586736000,871.0,877.5,858.0,862.0,19280,0,31650,27902.0
81,-67,ZSE,ZSEN20,D1,2020-04-14,1586822400,862.5,864.5,854.25,855.25,17853,0,27842,29311.0
125,-22,ZSE,ZSEK20,D1,2020-04-15,1586908800,847.5,852.5,838.75,841.0,30149,0,45511,38468.0
126,-21,ZSE,ZSEK20,D1,2020-04-16,1586995200,840.75,846.75,835.25,836.75,19222,0,30090,36987.0
84,-64,ZSE,ZSEN20,D1,2020-04-17,1587081600,848.75,851.75,841.5,841.5,22993,0,35095,37510.0
85,-63,ZSE,ZSEN20,D1,2020-04-20,1587340800,843.5,845.75,834.25,834.75,19296,0,30887,32312.0
86,-62,ZSE,ZSEN20,D1,2020-04-21,1587427200,835.75,843.25,818.5,841.25,42816,0,67503,44495.0
87,-61,ZSE,ZSEN20,D1,2020-04-22,1587513600,841.0,848.75,836.25,843.0,38550,0,58132,52174.0
88,-60,ZSE,ZSEN20,D1,2020-04-23,1587600000,842.5,856.75,841.75,847.0,40683,0,65467,63701.0
89,-59,ZSE,ZSEN20,D1,2020-04-24,1587686400,847.5,850.75,834.0,837.5,41147,0,63992,62530.0
90,-58,ZSE,ZSEN20,D1,2020-04-25,1587772800,837.5,837.5,837.5,837.5,1,0,1,43153.0
91,-57,ZSE,ZSEN20,D1,2020-04-27,1587945600,838.5,846.25,835.25,836.5,32924,0,52424,38806.0
92,-56,ZSE,ZSEN20,D1,2020-04-28,1588032000,837.0,842.5,829.5,830.75,35578,0,58321,36915.0
93,-55,ZSE,ZSEN20,D1,2020-04-29,1588118400,831.75,840.75,830.0,837.25,34170,0,58708,56484.0
94,-54,ZSE,ZSEN20,D1,2020-04-30,1588204800,838.75,856.0,838.25,855.5,59667,25,97855,71628.0
95,-53,ZSE,ZSEN20,D1,2020-05-01,1588291200,854.5,855.75,847.0,849.0,32923,0,53261,69941.0
96,-52,ZSE,ZSEN20,D1,2020-05-04,1588550400,848.25,848.25,832.25,835.5,40701,0,66288,72468.0
97,-51,ZSE,ZSEN20,D1,2020-05-05,1588636800,837.5,841.0,833.75,838.5,26680,0,44001,54517.0
98,-50,ZSE,ZSEN20,D1,2020-05-06,1588723200,839.5,841.75,831.5,832.75,34329,0,55798,55362.0
99,-49,ZSE,ZSEN20,D1,2020-05-07,1588809600,832.0,848.5,832.0,843.75,50192,0,83578,61126.0
100,-48,ZSE,ZSEN20,D1,2020-05-08,1588896000,844.0,856.5,843.5,850.5,39701,0,64286,67887.0
101,-47,ZSE,ZSEN20,D1,2020-05-11,1589155200,854.0,861.25,848.5,854.25,41434,0,73046,73637.0
102,-46,ZSE,ZSEN20,D1,2020-05-12,1589241600,854.0,858.0,849.5,852.25,38139,0,62074,66469.0
103,-45,ZSE,ZSEN20,D1,2020-05-13,1589328000,850.25,854.0,836.5,838.75,44914,25,71035,68718.0
104,-44,ZSE,ZSEN20,D1,2020-05-14,1589414400,839.5,844.5,835.0,837.5,31444,0,49941,61017.0
105,-43,ZSE,ZSEN20,D1,2020-05-15,1589500800,838.0,843.0,836.5,837.25,29398,0,48594,56523.0
106,-42,ZSE,ZSEN20,D1,2020-05-18,1589760000,840.5,847.75,838.75,844.5,31187,0,51166,49900.0
107,-41,ZSE,ZSEN20,D1,2020-05-19,1589846400,846.0,848.5,839.25,843.0,30646,0,48747,49502.0
108,-40,ZSE,ZSEN20,D1,2020-05-20,1589932800,842.0,849.5,842.0,846.5,29742,0,47438,49117.0
109,-39,ZSE,ZSEN20,D1,2020-05-21,1590019200,846.75,848.5,833.75,835.25,43416,0,71942,56042.0
110,-38,ZSE,ZSEN20,D1,2020-05-22,1590105600,835.25,839.5,828.5,833.25,41390,0,69758,63046.0
111,-37,ZSE,ZSEN20,D1,2020-05-26,1590451200,832.5,849.0,832.25,847.25,55480,0,90555,77418.0
112,-36,ZSE,ZSEN20,D1,2020-05-27,1590537600,848.0,851.25,843.5,849.25,40763,0,66726,75680.0
113,-35,ZSE,ZSEN20,D1,2020-05-28,1590624000,848.5,852.25,838.75,846.5,37916,0,59883,72388.0
114,-34,ZSE,ZSEN20,D1,2020-05-29,1590710400,846.0,846.0,837.0,840.75,45312,0,72602,66404.0
115,-33,ZSE,ZSEN20,D1,2020-05-30,1590796800,840.75,840.75,840.75,840.75,7,0,14,44166.0
116,-32,ZSE,ZSEN20,D1,2020-05-31,1590883200,840.75,840.75,840.75,840.75,1,0,2,24206.0
117,-31,ZSE,ZSEN20,D1,2020-06-01,1590969600,843.5,849.0,834.0,841.0,59774,0,96824,32280.0
118,-30,ZSE,ZSEN20,D1,2020-06-02,1591056000,840.0,856.0,838.5,852.0,58599,0,93922,63583.0
119,-29,ZSE,ZSEN20,D1,2020-06-03,1591142400,851.75,858.0,851.25,858.0,43730,0,73828,88191.0
120,-28,ZSE,ZSEN20,D1,2020-06-04,1591228800,857.0,873.25,855.25,868.25,67234,0,108411,92054.0
121,-27,ZSE,ZSEN20,D1,2020-06-05,1591315200,868.0,873.5,865.25,868.25,51731,0,83476,88572.0
122,-26,ZSE,ZSEN20,D1,2020-06-08,1591574400,869.25,871.5,861.75,864.0,38845,0,63230,85039.0
123,-25,ZSE,ZSEN20,D1,2020-06-09,1591660800,864.0,866.5,856.5,863.75,44818,0,73870,73525.0
124,-24,ZSE,ZSEN20,D1,2020-06-10,1591747200,863.25,869.25,863.0,866.25,33612,0,54423,63841.0
125,-23,ZSE,ZSEN20,D1,2020-06-11,1591833600,865.0,869.5,861.0,866.25,40408,0,66762,65018.0
126,-22,ZSE,ZSEN20,D1,2020-06-12,1591920000,866.5,873.0,863.5,872.0,48664,0,76457,65881.0
127,-21,ZSE,ZSEN20,D1,2020-06-15,1592179200,870.5,871.75,864.25,870.0,39583,0,64356,69192.0
128,-20,ZSE,ZSEN20,D1,2020-06-16,1592265600,870.75,873.0,864.75,867.25,37708,0,60534,67116.0
129,-19,ZSE,ZSEN20,D1,2020-06-17,1592352000,866.5,875.75,860.0,871.5,44982,0,71902,65597.0
130,-18,ZSE,ZSEN20,D1,2020-06-18,1592438400,871.0,876.5,870.0,873.5,30821,0,51504,61313.0
131,-17,ZSE,ZSEN20,D1,2020-06-19,1592524800,873.0,880.5,871.5,875.75,33816,0,55213,59540.0
132,-16,ZSE,ZSEN20,D1,2020-06-22,1592784000,875.25,879.75,872.5,876.75,25622,0,42759,49825.0
133,-15,ZSE,ZSEN20,D1,2020-06-23,1592870400,876.75,879.0,865.0,875.25,27954,0,55544,51172.0
22,-104,ZSE,ZSEX20,D1,2020-06-24,1592956800,874.25,876.75,868.5,869.75,21371,0,48627,45120.0
23,-103,ZSE,ZSEX20,D1,2020-06-25,1593043200,870.0,870.5,860.0,867.25,23119,0,67481,58793.0
24,-102,ZSE,ZSEX20,D1,2020-06-26,1593129600,867.75,870.25,859.5,861.5,21681,0,50157,55422.0
137,-11,ZSE,ZSEN20,D1,2020-06-28,1593302400,866.0,866.0,866.0,866.0,1,0,2,19194.0
25,-101,ZSE,ZSEX20,D1,2020-06-29,1593388800,860.0,865.0,856.75,861.25,25636,0,60526,59388.0
26,-100,ZSE,ZSEX20,D1,2020-06-30,1593475200,861.0,887.0,859.5,882.0,37026,0,126888,79190.0
27,-99,ZSE,ZSEX20,D1,2020-07-01,1593561600,882.0,902.0,881.0,899.25,38989,0,120027,102480.0
28,-98,ZSE,ZSEX20,D1,2020-07-02,1593648000,898.25,903.0,895.5,897.25,30166,0,65923,104279.0
29,-97,ZSE,ZSEX20,D1,2020-07-06,1593993600,903.0,912.5,902.5,905.75,34520,0,87596,91182.0
30,-96,ZSE,ZSEX20,D1,2020-07-07,1594080000,906.75,909.25,900.25,901.75,31530,0,73260,75593.0
31,-95,ZSE,ZSEX20,D1,2020-07-08,1594166400,902.0,902.25,895.0,896.75,30022,0,73632,78163.0
32,-94,ZSE,ZSEX20,D1,2020-07-09,1594252800,898.75,909.5,896.5,901.5,29924,0,77169,74687.0
33,-93,ZSE,ZSEX20,D1,2020-07-10,1594339200,901.5,904.75,887.5,889.75,34871,0,90379,80393.0
147,-1,ZSE,ZSEN20,D1,2020-07-12,1594512000,888.75,888.75,888.75,888.75,1,2000,1,27.0
34,-92,ZSE,ZSEX20,D1,2020-07-13,1594598400,885.0,886.75,871.5,874.75,33946,0,101592,89713.0
35,-91,ZSE,ZSEX20,D1,2020-07-14,1594684800,876.25,882.75,873.75,878.5,31156,0,74620,88864.0
36,-90,ZSE,ZSEX20,D1,2020-07-15,1594771200,878.75,884.0,876.5,883.25,25691,0,61850,79354.0
37,-89,ZSE,ZSEX20,D1,2020-07-16,1594857600,883.5,893.5,883.0,890.75,28490,0,67472,67981.0
38,-88,ZSE,ZSEX20,D1,2020-07-17,1594944000,891.0,896.25,890.75,896.0,23463,0,53008,60777.0
110,-22,ZSE,ZSEQ20,D1,2020-07-18,1595030400,898.25,898.25,898.25,898.25,1,0,1,9217.0
111,-21,ZSE,ZSEQ20,D1,2020-07-19,1595116800,898.25,898.25,898.25,898.25,1,0,1,3852.0
39,-87,ZSE,ZSEX20,D1,2020-07-20,1595203200,896.75,902.0,893.75,900.0,27718,0,64750,61743.0
40,-86,ZSE,ZSEX20,D1,2020-07-21,1595289600,899.25,899.25,890.5,893.5,25646,0,65573,61110.0
41,-85,ZSE,ZSEX20,D1,2020-07-22,1595376000,893.0,898.0,888.25,895.5,29839,0,73617,67980.0
42,-84,ZSE,ZSEX20,D1,2020-07-23,1595462400,895.0,901.0,893.5,900.5,26460,0,57425,65538.0
43,-83,ZSE,ZSEX20,D1,2020-07-24,1595548800,900.0,903.75,894.75,899.0,29134,0,64101,65048.0
44,-82,ZSE,ZSEX20,D1,2020-07-27,1595808000,897.5,903.75,895.0,899.5,30069,0,53821,58449.0
45,-81,ZSE,ZSEX20,D1,2020-07-28,1595894400,896.5,896.5,883.0,887.75,30789,0,80697,66206.0
46,-80,ZSE,ZSEX20,D1,2020-07-29,1595980800,887.5,889.25,883.5,886.25,21935,0,51508,62009.0
47,-79,ZSE,ZSEX20,D1,2020-07-30,1596067200,885.0,890.0,880.75,888.75,27099,0,67003,66403.0
48,-78,ZSE,ZSEX20,D1,2020-07-31,1596153600,888.75,894.75,888.75,892.5,25769,0,59329,59280.0
74,-32,ZSE,ZSEU20,D1,2020-08-01,1596240000,890.0,890.0,890.0,890.0,5,0,15,7603.0
49,-77,ZSE,ZSEX20,D1,2020-08-03,1596412800,892.5,899.75,891.25,895.25,27458,0,66514,64282.0
50,-76,ZSE,ZSEX20,D1,2020-08-04,1596499200,893.0,895.25,879.25,881.5,30546,0,96270,74038.0
51,-75,ZSE,ZSEX20,D1,2020-08-05,1596585600,883.0,884.75,876.25,878.25,27579,0,72912,78565.0
52,-74,ZSE,ZSEX20,D1,2020-08-06,1596672000,878.0,884.0,875.5,878.0,25779,0,66622,78601.0
53,-73,ZSE,ZSEX20,D1,2020-08-07,1596758400,878.75,879.5,866.75,869.25,23922,0,82203,73912.0
54,-72,ZSE,ZSEX20,D1,2020-08-10,1597017600,867.5,875.75,865.25,873.75,25971,0,77888,75571.0
55,-71,ZSE,ZSEX20,D1,2020-08-11,1597104000,872.25,877.0,870.25,873.75,26721,0,58756,72949.0
56,-70,ZSE,ZSEX20,D1,2020-08-12,1597190400,873.25,883.5,867.0,883.5,33891,0,118062,84902.0
57,-69,ZSE,ZSEX20,D1,2020-08-13,1597276800,883.0,902.5,883.0,899.0,34101,0,135073,103964.0
58,-68,ZSE,ZSEX20,D1,2020-08-14,1597363200,898.0,899.5,894.0,898.0,26370,0,70187,107774.0
59,-67,ZSE,ZSEX20,D1,2020-08-17,1597622400,901.25,917.5,901.25,915.0,35798,0,125866,110375.0
60,-66,ZSE,ZSEX20,D1,2020-08-18,1597708800,914.75,917.0,910.0,913.5,33491,0,98541,98198.0
61,-65,ZSE,ZSEX20,D1,2020-08-19,1597795200,912.5,919.5,910.0,913.25,27409,0,73386,99264.0
62,-64,ZSE,ZSEX20,D1,2020-08-20,1597881600,913.0,915.75,902.5,905.25,32037,0,88935,86954.0
63,-63,ZSE,ZSEX20,D1,2020-08-21,1597968000,906.75,910.75,903.25,903.75,26771,0,64578,75633.0
64,-62,ZSE,ZSEX20,D1,2020-08-24,1598227200,905.0,912.25,901.0,906.75,45687,0,79012,77508.0
65,-61,ZSE,ZSEX20,D1,2020-08-25,1598313600,911.5,920.75,911.0,920.25,52220,0,90761,78117.0
66,-60,ZSE,ZSEX20,D1,2020-08-26,1598400000,920.0,925.75,919.5,924.5,46134,0,74826,81533.0
67,-59,ZSE,ZSEX20,D1,2020-08-27,1598486400,924.5,948.75,923.75,940.75,99481,0,160434,108674.0
68,-58,ZSE,ZSEX20,D1,2020-08-28,1598572800,942.0,952.0,940.25,952.0,66605,0,105168,113476.0
69,-57,ZSE,ZSEX20,D1,2020-08-31,1598832000,955.5,966.75,952.25,952.5,73988,0,118083,127895.0
70,-56,ZSE,ZSEX20,D1,2020-09-01,1598918400,951.5,959.5,942.75,953.5,73849,0,127688,116980.0
71,-55,ZSE,ZSEX20,D1,2020-09-02,1599004800,953.0,963.0,946.0,962.75,62233,0,108713,118161.0
72,-54,ZSE,ZSEX20,D1,2020-09-03,1599091200,962.0,968.25,957.75,966.25,65623,0,108946,115116.0
73,-53,ZSE,ZSEX20,D1,2020-09-04,1599177600,965.0,969.5,960.5,969.0,49574,0,82849,100169.0
100,-6,ZSE,ZSEU20,D1,2020-09-07,1599436800,970.5,970.5,970.5,970.5,1,0,1,49.0
74,-52,ZSE,ZSEX20,D1,2020-09-08,1599523200,970.0,977.0,961.75,974.0,69465,0,120053,103949.0
75,-51,ZSE,ZSEX20,D1,2020-09-09,1599609600,972.0,981.75,968.5,979.25,55647,0,94212,99038.0
76,-50,ZSE,ZSEX20,D1,2020-09-10,1599696000,978.75,982.0,974.25,977.75,42584,0,72477,95581.0
77,-49,ZSE,ZSEX20,D1,2020-09-11,1599782400,977.0,998.0,975.0,997.5,90376,0,158099,108263.0
105,-1,ZSE,ZSEU20,D1,2020-09-12,1599868800,1025.0,1025.0,1025.0,1025.0,1,0,1,18.0
78,-48,ZSE,ZSEX20,D1,2020-09-14,1600041600,996.0,1008.75,996.0,998.5,62794,0,102597,111058.0
79,-47,ZSE,ZSEX20,D1,2020-09-15,1600128000,1001.0,1005.75,990.25,992.0,57108,0,98381,119692.0
80,-46,ZSE,ZSEX20,D1,2020-09-16,1600214400,991.0,1013.75,985.0,1011.5,85752,0,137473,112817.0
81,-45,ZSE,ZSEX20,D1,2020-09-17,1600300800,1011.5,1032.25,1005.0,1027.75,111923,0,193213,143022.0
82,-44,ZSE,ZSEX20,D1,2020-09-18,1600387200,1028.0,1046.75,1027.25,1043.75,94157,0,147275,159320.0
83,-43,ZSE,ZSEX20,D1,2020-09-20,1600560000,1043.75,1043.75,1043.75,1043.75,2,0,2,113497.0
84,-42,ZSE,ZSEX20,D1,2020-09-21,1600646400,1041.0,1045.25,1020.5,1021.25,91595,0,159146,102141.0
85,-41,ZSE,ZSEX20,D1,2020-09-22,1600732800,1020.25,1037.0,1013.25,1019.75,81322,0,133132,97427.0
86,-40,ZSE,ZSEX20,D1,2020-09-23,1600819200,1020.5,1025.5,1011.0,1012.5,65094,0,107063,133114.0
87,-39,ZSE,ZSEX20,D1,2020-09-24,1600905600,1012.5,1014.75,997.25,998.75,76796,0,136011,125402.0
88,-38,ZSE,ZSEX20,D1,2020-09-25,1600992000,999.0,1008.0,995.25,1001.25,50984,0,86794,109956.0
89,-37,ZSE,ZSEX20,D1,2020-09-28,1601251200,1002.0,1007.5,991.5,995.0,53823,0,93730,105512.0
90,-36,ZSE,ZSEX20,D1,2020-09-29,1601337600,994.0,997.75,985.75,991.75,48170,0,89193,89906.0
91,-35,ZSE,ZSEX20,D1,2020-09-30,1601424000,992.25,1034.75,987.5,1022.0,97972,0,166769,116564.0
92,-34,ZSE,ZSEX20,D1,2020-10-01,1601510400,1023.25,1035.0,1021.75,1024.25,66076,0,110769,122244.0
93,-33,ZSE,ZSEX20,D1,2020-10-02,1601596800,1024.0,1028.0,1013.0,1020.0,60921,0,101007,126182.0
94,-32,ZSE,ZSEX20,D1,2020-10-05,1601856000,1019.75,1025.5,1016.0,1021.75,43546,0,75322,95699.0
95,-31,ZSE,ZSEX20,D1,2020-10-06,1601942400,1021.5,1053.75,1021.25,1043.25,80732,0,130338,102222.0
96,-30,ZSE,ZSEX20,D1,2020-10-07,1602028800,1041.25,1059.75,1037.25,1049.5,71857,0,115371,107010.0
97,-29,ZSE,ZSEX20,D1,2020-10-08,1602115200,1051.25,1069.0,1048.5,1050.75,79977,0,130755,125488.0
98,-28,ZSE,ZSEX20,D1,2020-10-09,1602201600,1050.25,1079.75,1047.0,1065.5,102614,0,168046,138057.0
99,-27,ZSE,ZSEX20,D1,2020-10-10,1602288000,1065.5,1065.5,1065.5,1065.5,1,0,1,99601.0
100,-26,ZSE,ZSEX20,D1,2020-10-11,1602374400,1065.5,1065.5,1065.5,1065.5,2,0,2,56016.0
101,-25,ZSE,ZSEX20,D1,2020-10-12,1602460800,1065.25,1073.5,1031.5,1034.0,85333,0,145731,48578.0
102,-24,ZSE,ZSEX20,D1,2020-10-13,1602547200,1034.0,1046.0,1032.5,1044.5,52668,0,87423,77719.0
103,-23,ZSE,ZSEX20,D1,2020-10-14,1602633600,1043.0,1059.75,1039.75,1057.0,58821,0,94297,109150.0
104,-22,ZSE,ZSEX20,D1,2020-10-15,1602720000,1057.5,1064.25,1037.25,1061.75,69109,25,108898,96873.0
105,-21,ZSE,ZSEX20,D1,2020-10-16,1602806400,1062.75,1070.75,1048.75,1050.75,58077,0,90812,98002.0
106,-20,ZSE,ZSEX20,D1,2020-10-17,1602892800,1050.75,1050.75,1050.75,1050.75,1,0,1,66570.0
107,-19,ZSE,ZSEX20,D1,2020-10-19,1603065600,1051.25,1058.25,1047.75,1055.0,49508,0,76074,55629.0
108,-18,ZSE,ZSEX20,D1,2020-10-20,1603152000,1055.75,1065.75,1051.25,1065.0,48671,0,79777,51951.0
109,-17,ZSE,ZSEX20,D1,2020-10-21,1603238400,1065.0,1077.0,1064.25,1071.75,45229,0,71052,75634.0
110,-16,ZSE,ZSEX20,D1,2020-10-22,1603324800,1072.25,1085.25,1063.5,1071.25,53019,0,83616,78148.0
111,-15,ZSE,ZSEX20,D1,2020-10-23,1603411200,1071.25,1088.5,1065.75,1087.25,46632,0,78249,77639.0
91,-59,ZSE,ZSEF21,D1,2020-10-26,1603670400,1081.0,1087.75,1075.25,1082.75,50529,0,77472,66188.0
92,-58,ZSE,ZSEF21,D1,2020-10-27,1603756800,1083.0,1088.5,1076.25,1076.5,53451,0,88535,77181.0
93,-57,ZSE,ZSEF21,D1,2020-10-28,1603843200,1075.75,1075.75,1054.25,1056.75,70923,0,122840,96282.0
94,-56,ZSE,ZSEF21,D1,2020-10-29,1603929600,1056.25,1058.75,1048.5,1051.25,56667,0,92244,101206.0
95,-55,ZSE,ZSEF21,D1,2020-10-30,1604016000,1050.25,1062.75,1046.75,1056.75,64120,0,100871,105318.0
96,-54,ZSE,ZSEF21,D1,2020-11-02,1604275200,1054.5,1056.75,1045.0,1051.75,47441,0,74030,89048.0
97,-53,ZSE,ZSEF21,D1,2020-11-03,1604361600,1053.0,1070.75,1051.75,1062.5,53108,0,85755,86885.0
98,-52,ZSE,ZSEF21,D1,2020-11-04,1604448000,1063.25,1088.0,1055.75,1085.25,66398,0,115438,91741.0
99,-51,ZSE,ZSEF21,D1,2020-11-05,1604534400,1086.0,1112.75,1083.5,1103.75,80530,0,137808,113000.0
100,-50,ZSE,ZSEF21,D1,2020-11-06,1604620800,1102.5,1110.0,1098.25,1103.5,57652,0,88390,113879.0
101,-49,ZSE,ZSEF21,D1,2020-11-09,1604880000,1101.0,1118.0,1099.75,1110.25,59503,0,94539,106912.0
102,-48,ZSE,ZSEF21,D1,2020-11-10,1604966400,1110.5,1153.25,1108.0,1146.5,102972,0,177290,120073.0
103,-47,ZSE,ZSEF21,D1,2020-11-11,1605052800,1147.0,1162.25,1145.0,1152.75,81357,25,135906,135912.0
104,-46,ZSE,ZSEF21,D1,2020-11-12,1605139200,1152.5,1154.0,1139.75,1146.0,60530,0,99988,137728.0
105,-45,ZSE,ZSEF21,D1,2020-11-13,1605225600,1145.5,1157.0,1138.0,1148.0,57276,0,95653,110516.0
106,-44,ZSE,ZSEF21,D1,2020-11-16,1605484800,1150.25,1155.25,1144.0,1154.75,43944,0,70365,88669.0
107,-43,ZSE,ZSEF21,D1,2020-11-17,1605571200,1157.0,1178.25,1156.25,1169.75,70594,0,118744,94921.0
108,-42,ZSE,ZSEF21,D1,2020-11-18,1605657600,1170.25,1189.75,1167.75,1173.75,76544,0,133882,107664.0
109,-41,ZSE,ZSEF21,D1,2020-11-19,1605744000,1174.0,1181.25,1161.75,1178.0,71150,0,111656,121427.0
110,-40,ZSE,ZSEF21,D1,2020-11-20,1605830400,1179.0,1196.75,1176.75,1181.75,70561,0,114743,120094.0
111,-39,ZSE,ZSEF21,D1,2020-11-23,1606089600,1195.5,1200.0,1186.0,1192.0,50781,25,77925,101441.0
112,-38,ZSE,ZSEF21,D1,2020-11-24,1606176000,1190.75,1194.0,1174.0,1194.0,58389,25,97873,96847.0
113,-37,ZSE,ZSEF21,D1,2020-11-25,1606262400,1197.5,1198.5,1183.25,1184.25,43677,0,66617,80805.0
114,-36,ZSE,ZSEF21,D1,2020-11-27,1606435200,1186.0,1194.0,1179.25,1193.25,23191,0,36026,66839.0
115,-35,ZSE,ZSEF21,D1,2020-11-29,1606608000,1193.25,1193.25,1193.25,1193.25,1,100,9,34217.0
116,-34,ZSE,ZSEF21,D1,2020-11-30,1606694400,1198.0,1199.0,1168.0,1168.75,62675,25,96406,44147.0
117,-33,ZSE,ZSEF21,D1,2020-12-01,1606780800,1169.25,1176.0,1161.25,1163.5,57238,0,82615,59677.0
118,-32,ZSE,ZSEF21,D1,2020-12-02,1606867200,1163.75,1164.0,1142.5,1153.0,64934,0,100787,93269.0
119,-31,ZSE,ZSEF21,D1,2020-12-03,1606953600,1154.25,1170.75,1152.0,1166.75,46182,0,69855,84419.0
120,-30,ZSE,ZSEF21,D1,2020-12-04,1607040000,1168.0,1172.5,1157.75,1161.5,44358,0,67034,79225.0
121,-29,ZSE,ZSEF21,D1,2020-12-07,1607299200,1160.0,1169.0,1149.0,1156.75,48421,25,73837,70242.0
122,-28,ZSE,ZSEF21,D1,2020-12-08,1607385600,1157.5,1160.25,1142.75,1146.0,50209,25,77435,72769.0
123,-27,ZSE,ZSEF21,D1,2020-12-09,1607472000,1146.0,1160.75,1145.5,1159.0,36881,25,54540,68604.0
124,-26,ZSE,ZSEF21,D1,2020-12-10,1607558400,1159.75,1178.0,1150.25,1154.25,82499,0,136409,89461.0
125,-25,ZSE,ZSEF21,D1,2020-12-11,1607644800,1155.25,1162.75,1151.0,1161.5,49249,0,78275,89741.0
126,-24,ZSE,ZSEF21,D1,2020-12-12,1607731200,1161.5,1161.5,1161.5,1161.5,1,0,1,71562.0
127,-23,ZSE,ZSEF21,D1,2020-12-13,1607817600,1161.5,1161.5,1161.5,1161.5,1,0,1,26092.0
128,-22,ZSE,ZSEF21,D1,2020-12-14,1607904000,1164.75,1173.0,1161.25,1169.75,44648,0,74071,24691.0
129,-21,ZSE,ZSEF21,D1,2020-12-15,1607990400,1170.75,1185.75,1162.0,1185.75,58965,0,93269,55780.0
130,-20,ZSE,ZSEF21,D1,2020-12-16,1608076800,1187.0,1195.0,1181.75,1182.0,49438,0,76261,81200.0
131,-19,ZSE,ZSEF21,D1,2020-12-17,1608163200,1183.25,1203.0,1179.75,1201.5,46836,0,72344,80625.0
132,-18,ZSE,ZSEF21,D1,2020-12-18,1608249600,1202.75,1224.75,1201.5,1217.25,47555,0,69471,72692.0
91,-60,ZSE,ZSEH21,D1,2020-12-21,1608508800,1234.0,1248.75,1217.5,1247.25,56356,25,92311,70714.0
92,-59,ZSE,ZSEH21,D1,2020-12-22,1608595200,1248.5,1256.25,1241.0,1251.5,53040,0,78843,78560.0
93,-58,ZSE,ZSEH21,D1,2020-12-23,1608681600,1251.0,1267.75,1242.5,1261.0,54877,0,81524,84226.0
94,-57,ZSE,ZSEH21,D1,2020-12-24,1608768000,1261.0,1275.0,1260.25,1264.75,32245,0,48839,69735.0
95,-56,ZSE,ZSEH21,D1,2020-12-28,1609113600,1275.25,1280.5,1247.0,1253.75,67838,0,110491,80285.0
96,-55,ZSE,ZSEH21,D1,2020-12-29,1609200000,1255.75,1299.5,1246.25,1299.25,71769,0,116406,91912.0
97,-54,ZSE,ZSEH21,D1,2020-12-30,1609286400,1296.0,1306.0,1280.0,1297.0,76838,0,119208,115368.0
98,-53,ZSE,ZSEH21,D1,2020-12-31,1609372800,1299.25,1320.75,1295.0,1310.0,63431,0,94732,110115.0
99,-52,ZSE,ZSEH21,D1,2021-01-04,1609718400,1319.25,1349.5,1301.0,1313.0,108918,0,161376,125105.0
100,-51,ZSE,ZSEH21,D1,2021-01-05,1609804800,1313.25,1373.25,1313.25,1350.5,94429,0,157478,137862.0
101,-50,ZSE,ZSEH21,D1,2021-01-06,1609891200,1359.75,1378.25,1354.5,1364.0,79684,25,133050,150635.0
102,-49,ZSE,ZSEH21,D1,2021-01-07,1609977600,1364.25,1369.0,1342.0,1357.0,77883,0,125048,138525.0
103,-48,ZSE,ZSEH21,D1,2021-01-08,1610064000,1359.75,1386.0,1348.5,1376.75,71137,0,111581,123226.0
104,-47,ZSE,ZSEH21,D1,2021-01-09,1610150400,1376.75,1376.75,1376.75,1376.75,2,0,2,78877.0
105,-46,ZSE,ZSEH21,D1,2021-01-11,1610323200,1379.25,1388.75,1354.0,1371.25,71170,0,113065,74883.0
106,-45,ZSE,ZSEH21,D1,2021-01-12,1610409600,1372.5,1428.25,1358.5,1423.0,62235,0,136496,83188.0
107,-44,ZSE,ZSEH21,D1,2021-01-13,1610496000,1424.0,1436.5,1403.25,1406.25,63888,0,104085,117882.0
108,-43,ZSE,ZSEH21,D1,2021-01-14,1610582400,1406.5,1435.75,1403.0,1430.0,52983,0,81296,107292.0
109,-42,ZSE,ZSEH21,D1,2021-01-15,1610668800,1432.25,1434.5,1413.5,1414.75,48469,0,76160,87180.0
110,-41,ZSE,ZSEH21,D1,2021-01-19,1611014400,1419.0,1421.25,1383.25,1383.5,54679,0,104575,87344.0
111,-40,ZSE,ZSEH21,D1,2021-01-20,1611100800,1384.5,1384.5,1352.0,1368.25,91009,0,152521,111085.0
112,-39,ZSE,ZSEH21,D1,2021-01-21,1611187200,1369.0,1387.0,1365.5,1368.0,54742,0,89921,115672.0
113,-38,ZSE,ZSEH21,D1,2021-01-22,1611273600,1367.0,1367.0,1305.25,1309.75,95899,0,164972,135805.0
114,-37,ZSE,ZSEH21,D1,2021-01-25,1611532800,1308.75,1352.25,1298.0,1346.25,77712,25,125196,126696.0
115,-36,ZSE,ZSEH21,D1,2021-01-26,1611619200,1348.25,1376.5,1333.5,1371.5,56739,0,88713,126294.0
116,-35,ZSE,ZSEH21,D1,2021-01-27,1611705600,1376.0,1394.75,1364.5,1373.75,62950,0,106179,106696.0
117,-34,ZSE,ZSEH21,D1,2021-01-28,1611792000,1371.75,1391.25,1345.5,1351.75,70460,0,113797,102896.0
118,-33,ZSE,ZSEH21,D1,2021-01-29,1611878400,1353.25,1376.75,1335.5,1367.75,70638,0,109373,109783.0
119,-32,ZSE,ZSEH21,D1,2021-01-30,1611964800,1367.75,1367.75,1367.75,1367.75,1,0,1,74390.0
120,-31,ZSE,ZSEH21,D1,2021-01-31,1612051200,1367.75,1367.75,1367.75,1367.75,1,275,1,36458.0
121,-30,ZSE,ZSEH21,D1,2021-02-01,1612137600,1375.0,1383.0,1349.25,1366.0,55175,0,82330,27444.0
122,-29,ZSE,ZSEH21,D1,2021-02-02,1612224000,1366.0,1372.0,1341.5,1354.0,46632,0,76211,52847.0
123,-28,ZSE,ZSEH21,D1,2021-02-03,1612310400,1354.5,1372.5,1342.5,1371.0,47867,0,75788,78110.0
124,-27,ZSE,ZSEH21,D1,2021-02-04,1612396800,1374.0,1381.5,1364.5,1371.75,43079,0,71874,74624.0
125,-26,ZSE,ZSEH21,D1,2021-02-05,1612483200,1370.75,1382.75,1365.5,1367.5,34450,0,54982,67548.0
78,-75,ZSE,ZSEK21,D1,2021-02-07,1612656000,1366.0,1366.0,1366.0,1366.0,1,200,1,16012.0
126,-25,ZSE,ZSEH21,D1,2021-02-08,1612742400,1368.75,1392.5,1364.75,1389.25,40156,25,61254,62703.0
127,-24,ZSE,ZSEH21,D1,2021-02-09,1612828800,1391.0,1409.5,1377.5,1404.25,70972,0,111902,76046.0
128,-23,ZSE,ZSEH21,D1,2021-02-10,1612915200,1404.5,1404.75,1352.25,1353.5,64936,0,102854,92003.0
129,-22,ZSE,ZSEH21,D1,2021-02-11,1613001600,1352.75,1379.75,1337.25,1366.5,48206,0,73540,96099.0
130,-21,ZSE,ZSEH21,D1,2021-02-12,1613088000,1368.5,1377.25,1362.0,1371.0,32291,0,46743,74379.0
131,-20,ZSE,ZSEH21,D1,2021-02-14,1613260800,1371.0,1371.0,1371.0,1371.0,3,275,3,40095.0
132,-19,ZSE,ZSEH21,D1,2021-02-16,1613433600,1385.75,1394.0,1373.75,1385.0,33301,0,47249,31332.0
133,-18,ZSE,ZSEH21,D1,2021-02-17,1613520000,1386.25,1390.0,1376.25,1382.75,28870,0,41490,29581.0
134,-17,ZSE,ZSEH21,D1,2021-02-18,1613606400,1385.0,1391.25,1370.0,1374.25,27807,0,42282,43674.0
135,-16,ZSE,ZSEH21,D1,2021-02-19,1613692800,1376.25,1388.75,1366.5,1378.25,28647,0,44150,42641.0
89,-64,ZSE,ZSEK21,D1,2021-02-22,1613952000,1387.0,1391.0,1374.5,1386.25,35412,0,52123,42181.0
90,-63,ZSE,ZSEK21,D1,2021-02-23,1614038400,1387.5,1428.25,1383.75,1408.0,70010,0,106535,66823.0
91,-62,ZSE,ZSEK21,D1,2021-02-24,1614124800,1410.0,1428.0,1409.5,1425.75,53902,0,84847,81168.0
92,-61,ZSE,ZSEK21,D1,2021-02-25,1614211200,1425.0,1445.75,1393.5,1408.25,88822,0,133066,108149.0
93,-60,ZSE,ZSEK21,D1,2021-02-26,1614297600,1404.75,1408.0,1378.25,1407.75,64938,0,98470,105461.0
94,-59,ZSE,ZSEK21,D1,2021-03-01,1614556800,1415.0,1422.5,1389.5,1392.25,59207,0,85666,105734.0
95,-58,ZSE,ZSEK21,D1,2021-03-02,1614643200,1393.5,1416.5,1380.75,1413.0,62527,0,87781,90639.0
96,-57,ZSE,ZSEK21,D1,2021-03-03,1614729600,1415.0,1417.75,1395.25,1407.25,43983,0,62117,78521.0
97,-56,ZSE,ZSEK21,D1,2021-03-04,1614816000,1409.0,1438.0,1403.5,1410.0,78571,25,113076,87658.0
98,-55,ZSE,ZSEK21,D1,2021-03-05,1614902400,1410.5,1433.25,1403.25,1433.25,54807,0,77748,84314.0
99,-54,ZSE,ZSEK21,D1,2021-03-07,1615075200,1433.25,1433.25,1433.25,1433.25,4,0,4,63609.0
100,-53,ZSE,ZSEK21,D1,2021-03-08,1615161600,1441.5,1460.0,1431.5,1434.75,62604,0,89615,55789.0
101,-52,ZSE,ZSEK21,D1,2021-03-09,1615248000,1434.75,1442.0,1423.0,1440.25,62113,0,89928,59849.0
102,-51,ZSE,ZSEK21,D1,2021-03-10,1615334400,1442.0,1445.75,1408.25,1408.75,67509,0,102681,94075.0
103,-50,ZSE,ZSEK21,D1,2021-03-11,1615420800,1410.5,1422.5,1400.75,1413.0,47929,0,71729,88113.0
104,-49,ZSE,ZSEK21,D1,2021-03-12,1615507200,1413.75,1417.75,1392.25,1413.0,53142,0,83858,86089.0
105,-48,ZSE,ZSEK21,D1,2021-03-15,1615766400,1409.25,1423.75,1402.0,1418.5,43683,25,63509,73032.0
106,-47,ZSE,ZSEK21,D1,2021-03-16,1615852800,1420.0,1425.0,1412.75,1421.75,33413,0,48504,65290.0
107,-46,ZSE,ZSEK21,D1,2021-03-17,1615939200,1424.0,1425.25,1408.0,1417.5,32234,0,47878,53297.0
108,-45,ZSE,ZSEK21,D1,2021-03-18,1616025600,1417.25,1419.0,1390.0,1390.0,52498,0,76560,57647.0
109,-44,ZSE,ZSEK21,D1,2021-03-19,1616112000,1390.5,1418.25,1390.0,1416.5,48114,25,72521,65653.0
110,-43,ZSE,ZSEK21,D1,2021-03-22,1616371200,1418.75,1423.75,1405.25,1418.25,42463,0,61879,70320.0
111,-42,ZSE,ZSEK21,D1,2021-03-23,1616457600,1418.75,1435.0,1414.25,1421.75,54223,0,82176,72192.0
112,-41,ZSE,ZSEK21,D1,2021-03-24,1616544000,1421.75,1433.5,1418.25,1431.5,37111,0,55325,66460.0
113,-40,ZSE,ZSEK21,D1,2021-03-25,1616630400,1430.75,1431.75,1410.5,1415.5,43840,0,70656,69386.0
114,-39,ZSE,ZSEK21,D1,2021-03-26,1616716800,1414.0,1419.0,1399.0,1401.5,45170,25,71764,65915.0
115,-38,ZSE,ZSEK21,D1,2021-03-29,1616976000,1400.5,1402.75,1383.0,1393.25,45601,0,74889,72436.0
116,-37,ZSE,ZSEK21,D1,2021-03-30,1617062400,1393.25,1394.75,1364.25,1368.75,43196,0,72792,73148.0
117,-36,ZSE,ZSEK21,D1,2021-03-31,1617148800,1368.5,1436.75,1364.75,1436.75,52177,0,88863,78848.0
118,-35,ZSE,ZSEK21,D1,2021-04-01,1617235200,1444.0,1456.25,1398.5,1401.75,80044,0,120539,94065.0
119,-34,ZSE,ZSEK21,D1,2021-04-05,1617580800,1410.0,1421.0,1405.25,1413.25,32004,0,45105,84836.0
120,-33,ZSE,ZSEK21,D1,2021-04-06,1617667200,1413.0,1431.0,1412.5,1419.5,32122,0,47657,71100.0
121,-32,ZSE,ZSEK21,D1,2021-04-07,1617753600,1420.25,1427.5,1403.75,1409.0,33997,25,52998,48587.0
122,-31,ZSE,ZSEK21,D1,2021-04-08,1617840000,1408.75,1422.5,1404.5,1416.25,32373,0,44739,48465.0
123,-30,ZSE,ZSEK21,D1,2021-04-09,1617926400,1415.75,1419.0,1400.75,1403.25,36502,25,51764,49834.0
124,-29,ZSE,ZSEK21,D1,2021-04-11,1618099200,1403.25,1403.25,1403.25,1403.25,3,0,3,32169.0
125,-28,ZSE,ZSEK21,D1,2021-04-12,1618185600,1403.25,1407.25,1379.5,1383.0,40293,0,58310,36692.0
126,-27,ZSE,ZSEK21,D1,2021-04-13,1618272000,1385.25,1398.75,1378.0,1391.5,34359,0,47795,35369.0
127,-26,ZSE,ZSEK21,D1,2021-04-14,1618358400,1391.25,1416.25,1389.25,1410.5,37377,0,53409,53171.0
128,-25,ZSE,ZSEK21,D1,2021-04-15,1618444800,1410.0,1421.0,1407.5,1418.5,29185,0,40215,47140.0
129,-24,ZSE,ZSEK21,D1,2021-04-16,1618531200,1418.75,1437.75,1418.0,1433.25,28777,0,41774,45133.0
130,-23,ZSE,ZSEK21,D1,2021-04-18,1618704000,1433.25,1433.25,1433.25,1433.25,1,0,1,27330.0
86,-65,ZSE,ZSEN21,D1,2021-04-19,1618790400,1430.0,1441.75,1423.5,1435.75,38409,0,56472,49720.0
87,-64,ZSE,ZSEN21,D1,2021-04-20,1618876800,1435.75,1471.5,1435.75,1458.25,55010,0,76858,62689.0
88,-63,ZSE,ZSEN21,D1,2021-04-21,1618963200,1460.0,1481.75,1453.0,1480.0,51024,0,71334,68221.0
89,-62,ZSE,ZSEN21,D1,2021-04-22,1619049600,1480.5,1524.0,1480.0,1515.5,77144,0,103888,84027.0
90,-61,ZSE,ZSEN21,D1,2021-04-23,1619136000,1514.25,1525.5,1498.75,1516.75,63167,0,88239,87820.0
136,-17,ZSE,ZSEK21,D1,2021-04-25,1619308800,1540.25,1540.25,1540.25,1540.25,2,0,2,29683.0
91,-60,ZSE,ZSEN21,D1,2021-04-26,1619395200,1524.0,1544.75,1515.0,1541.5,72973,0,100497,97541.0
92,-59,ZSE,ZSEN21,D1,2021-04-27,1619481600,1541.5,1574.75,1518.0,1518.25,96799,0,134331,107689.0
93,-58,ZSE,ZSEN21,D1,2021-04-28,1619568000,1515.5,1544.5,1490.5,1507.75,89584,0,133755,122861.0
94,-57,ZSE,ZSEN21,D1,2021-04-29,1619654400,1508.0,1526.25,1500.0,1501.25,64472,0,94222,120769.0
95,-56,ZSE,ZSEN21,D1,2021-04-30,1619740800,1502.0,1537.0,1491.25,1535.75,59899,0,84624,104200.0
142,-11,ZSE,ZSEK21,D1,2021-05-02,1619913600,1573.5,1573.5,1573.5,1573.5,2,4575,2,2249.0
96,-55,ZSE,ZSEN21,D1,2021-05-03,1620000000,1549.25,1563.5,1515.75,1524.0,66719,0,92006,90284.0
97,-54,ZSE,ZSEN21,D1,2021-05-04,1620086400,1523.75,1553.0,1519.0,1540.0,53905,0,76490,84373.0
98,-53,ZSE,ZSEN21,D1,2021-05-05,1620172800,1541.25,1554.0,1532.25,1547.0,46081,0,67126,78541.0
99,-52,ZSE,ZSEN21,D1,2021-05-06,1620259200,1547.0,1571.0,1543.0,1566.75,58465,0,89904,77840.0
100,-51,ZSE,ZSEN21,D1,2021-05-07,1620345600,1566.75,1599.5,1562.25,1589.75,62366,25,89955,82328.0
148,-5,ZSE,ZSEK21,D1,2021-05-09,1620518400,1622.0,1622.0,1622.0,1622.0,1,0,1,72.0
101,-50,ZSE,ZSEN21,D1,2021-05-10,1620604800,1576.5,1593.75,1575.25,1587.25,48931,0,72849,84236.0
102,-49,ZSE,ZSEN21,D1,2021-05-11,1620691200,1586.0,1625.5,1573.25,1616.0,61145,0,94133,85646.0
103,-48,ZSE,ZSEN21,D1,2021-05-12,1620777600,1617.75,1667.5,1615.25,1643.0,77561,0,118082,95021.0
104,-47,ZSE,ZSEN21,D1,2021-05-13,1620864000,1639.75,1645.25,1575.0,1583.5,82124,0,126030,112748.0
105,-46,ZSE,ZSEN21,D1,2021-05-14,1620950400,1583.5,1612.75,1577.0,1591.0,57631,25,82416,108843.0
106,-45,ZSE,ZSEN21,D1,2021-05-17,1621209600,1584.75,1603.25,1575.5,1588.5,47142,0,66588,91678.0
107,-44,ZSE,ZSEN21,D1,2021-05-18,1621296000,1589.0,1604.75,1569.0,1575.75,49606,0,73988,74331.0
108,-43,ZSE,ZSEN21,D1,2021-05-19,1621382400,1576.0,1576.25,1522.0,1547.0,65084,25,97240,79272.0
109,-42,ZSE,ZSEN21,D1,2021-05-20,1621468800,1547.0,1553.75,1523.0,1531.75,42952,0,60758,77329.0
110,-41,ZSE,ZSEN21,D1,2021-05-21,1621555200,1534.0,1540.75,1512.25,1524.5,49628,0,68724,75574.0
111,-40,ZSE,ZSEN21,D1,2021-05-24,1621814400,1520.75,1525.75,1506.25,1523.75,42866,0,64948,64810.0
112,-39,ZSE,ZSEN21,D1,2021-05-25,1621900800,1523.5,1538.25,1499.0,1512.25,55220,0,83149,72274.0
113,-38,ZSE,ZSEN21,D1,2021-05-26,1621987200,1512.5,1525.5,1489.25,1508.0,58206,0,82175,76757.0
114,-37,ZSE,ZSEN21,D1,2021-05-27,1622073600,1507.75,1539.25,1492.0,1538.0,47608,0,69493,78272.0
115,-36,ZSE,ZSEN21,D1,2021-05-28,1622160000,1538.25,1555.75,1522.75,1528.75,42109,0,58431,70033.0
116,-35,ZSE,ZSEN21,D1,2021-05-31,1622419200,1528.75,1528.75,1528.75,1528.75,1,0,1,42642.0
117,-34,ZSE,ZSEN21,D1,2021-06-01,1622505600,1542.0,1578.5,1537.25,1548.25,52365,0,77221,45218.0
118,-33,ZSE,ZSEN21,D1,2021-06-02,1622592000,1546.0,1567.75,1541.75,1565.25,45813,0,61766,46329.0
119,-32,ZSE,ZSEN21,D1,2021-06-03,1622678400,1565.5,1589.0,1543.5,1548.5,51056,0,70272,69753.0
120,-31,ZSE,ZSEN21,D1,2021-06-04,1622764800,1548.25,1587.0,1545.25,1582.5,44202,0,60885,64308.0
121,-30,ZSE,ZSEN21,D1,2021-06-06,1622937600,1582.5,1582.5,1582.5,1582.5,1,0,1,43719.0
122,-29,ZSE,ZSEN21,D1,2021-06-07,1623024000,1599.75,1623.5,1558.5,1570.0,61261,0,84232,48373.0
123,-28,ZSE,ZSEN21,D1,2021-06-08,1623110400,1570.25,1597.5,1561.5,1583.0,51991,0,73162,52465.0
124,-27,ZSE,ZSEN21,D1,2021-06-09,1623196800,1584.25,1586.75,1550.0,1561.25,45430,0,63667,73687.0
125,-26,ZSE,ZSEN21,D1,2021-06-10,1623283200,1562.5,1576.5,1537.25,1544.5,50595,0,68822,68550.0
126,-25,ZSE,ZSEN21,D1,2021-06-11,1623369600,1544.5,1551.25,1496.5,1508.25,54230,0,76422,69637.0
127,-24,ZSE,ZSEN21,D1,2021-06-14,1623628800,1504.25,1504.25,1455.0,1483.25,55400,0,74261,73168.0
128,-23,ZSE,ZSEN21,D1,2021-06-15,1623715200,1483.25,1488.25,1460.0,1468.75,44152,0,58296,69660.0
129,-22,ZSE,ZSEN21,D1,2021-06-16,1623801600,1468.75,1475.0,1442.5,1444.0,37865,0,48417,60325.0
21,-104,ZSE,ZSEX21,D1,2021-06-17,1623888000,1335.25,1341.0,1240.5,1247.25,138267,0,121923,77327.0
22,-103,ZSE,ZSEX21,D1,2021-06-18,1623974400,1252.75,1321.25,1252.75,1315.0,184543,0,108095,94465.0
132,-19,ZSE,ZSEN21,D1,2021-06-20,1624147200,1397.25,1397.25,1397.25,1397.25,2,0,2,49144.0
23,-102,ZSE,ZSEX21,D1,2021-06-21,1624233600,1288.0,1324.25,1280.0,1320.5,115050,0,75897,101972.0
24,-101,ZSE,ZSEX21,D1,2021-06-22,1624320000,1322.5,1329.0,1297.0,1303.5,102308,0,78035,87342.0
25,-100,ZSE,ZSEX21,D1,2021-06-23,1624406400,1300.25,1311.75,1293.75,1298.5,83788,0,57811,70581.0
26,-99,ZSE,ZSEX21,D1,2021-06-24,1624492800,1298.75,1299.75,1261.75,1291.25,109174,0,82823,72890.0
27,-98,ZSE,ZSEX21,D1,2021-06-25,1624579200,1290.75,1304.5,1259.75,1269.75,112275,0,80842,73825.0
28,-97,ZSE,ZSEX21,D1,2021-06-28,1624838400,1269.75,1319.0,1267.0,1311.5,106868,0,72409,78691.0
29,-96,ZSE,ZSEX21,D1,2021-06-29,1624924800,1325.25,1327.0,1298.0,1310.25,109411,0,62334,71862.0
30,-95,ZSE,ZSEX21,D1,2021-06-30,1625011200,1312.25,1408.0,1291.5,1393.25,148649,0,120186,84976.0
31,-94,ZSE,ZSEX21,D1,2021-07-01,1625097600,1402.5,1423.0,1376.0,1394.75,168699,0,99139,93886.0
32,-93,ZSE,ZSEX21,D1,2021-07-02,1625184000,1395.0,1414.75,1382.5,1398.0,102383,0,66172,95166.0
100,-33,ZSE,ZSEQ21,D1,2021-07-04,1625356800,1434.5,1434.5,1434.5,1434.5,3,0,3,10513.0
33,-92,ZSE,ZSEX21,D1,2021-07-06,1625529600,1373.25,1373.25,1300.5,1306.25,82465,0,107592,90968.0
34,-91,ZSE,ZSEX21,D1,2021-07-07,1625616000,1313.0,1346.0,1309.25,1331.0,139356,0,91710,88491.0
35,-90,ZSE,ZSEX21,D1,2021-07-08,1625702400,1336.75,1339.5,1311.5,1322.0,108967,0,66671,88658.0
36,-89,ZSE,ZSEX21,D1,2021-07-09,1625788800,1321.5,1333.0,1309.25,1326.5,94015,0,65176,74519.0
105,-28,ZSE,ZSEQ21,D1,2021-07-11,1625961600,1377.5,1377.5,1377.5,1377.5,7,350,7,7762.0
37,-88,ZSE,ZSEX21,D1,2021-07-12,1626048000,1329.75,1354.75,1327.0,1351.0,109152,0,73160,68336.0
38,-87,ZSE,ZSEX21,D1,2021-07-13,1626134400,1350.5,1365.5,1347.25,1351.25,91672,0,58567,65634.0
39,-86,ZSE,ZSEX21,D1,2021-07-14,1626220800,1351.75,1385.75,1343.25,1384.0,93776,0,70257,67328.0
40,-85,ZSE,ZSEX21,D1,2021-07-15,1626307200,1383.0,1389.5,1374.25,1378.75,89141,0,52933,60586.0
41,-84,ZSE,ZSEX21,D1,2021-07-16,1626393600,1382.0,1408.5,1377.0,1389.0,83513,0,68930,64040.0
42,-83,ZSE,ZSEX21,D1,2021-07-19,1626652800,1412.75,1418.0,1370.5,1375.0,105426,0,82862,68242.0
43,-82,ZSE,ZSEX21,D1,2021-07-20,1626739200,1378.75,1406.25,1373.75,1389.75,100643,0,81227,77673.0
44,-81,ZSE,ZSEX21,D1,2021-07-21,1626825600,1393.25,1397.0,1375.0,1389.5,93470,0,65478,76522.0
45,-80,ZSE,ZSEX21,D1,2021-07-22,1626912000,1390.5,1390.75,1342.25,1362.5,113243,0,99852,82186.0
46,-79,ZSE,ZSEX21,D1,2021-07-23,1626998400,1367.75,1368.0,1345.25,1348.5,89536,0,59461,74930.0
116,-17,ZSE,ZSEQ21,D1,2021-07-25,1627171200,1399.5,1399.5,1399.5,1399.5,1,700,1,6473.0
47,-78,ZSE,ZSEX21,D1,2021-07-26,1627257600,1356.0,1360.75,1332.0,1358.5,95999,0,65455,74923.0
48,-77,ZSE,ZSEX21,D1,2021-07-27,1627344000,1365.0,1387.5,1355.5,1361.25,101909,0,70411,65109.0
49,-76,ZSE,ZSEX21,D1,2021-07-28,1627430400,1364.75,1371.0,1350.5,1361.0,85778,0,51814,62560.0
50,-75,ZSE,ZSEX21,D1,2021-07-29,1627516800,1361.0,1379.5,1357.0,1378.5,66415,0,48647,56957.0
51,-74,ZSE,ZSEX21,D1,2021-07-30,1627603200,1378.75,1380.75,1343.0,1348.0,74219,0,57160,52540.0
122,-11,ZSE,ZSEQ21,D1,2021-08-01,1627776000,1410.25,1410.25,1410.25,1410.25,2,4075,2,1371.0
52,-73,ZSE,ZSEX21,D1,2021-08-02,1627862400,1349.0,1359.0,1336.5,1352.5,86191,0,61358,55722.0
53,-72,ZSE,ZSEX21,D1,2021-08-03,1627948800,1345.75,1348.0,1308.75,1320.0,86824,0,91885,70134.0
54,-71,ZSE,ZSEX21,D1,2021-08-04,1628035200,1322.25,1329.75,1314.0,1327.0,74429,0,66450,73231.0
55,-70,ZSE,ZSEX21,D1,2021-08-05,1628121600,1326.25,1339.5,1315.0,1328.5,71625,0,60622,72986.0
56,-69,ZSE,ZSEX21,D1,2021-08-06,1628208000,1329.0,1342.5,1323.25,1338.75,62952,0,50487,59186.0
128,-5,ZSE,ZSEQ21,D1,2021-08-08,1628380800,1421.5,1421.5,1421.5,1421.5,1,4350,1,51.0
57,-68,ZSE,ZSEX21,D1,2021-08-09,1628467200,1338.25,1347.25,1326.5,1331.0,74140,0,59938,57016.0
58,-67,ZSE,ZSEX21,D1,2021-08-10,1628553600,1325.5,1343.5,1325.25,1338.5,58262,0,45017,51814.0
59,-66,ZSE,ZSEX21,D1,2021-08-11,1628640000,1336.5,1355.5,1333.75,1339.5,70065,0,67119,57358.0
60,-65,ZSE,ZSEX21,D1,2021-08-12,1628726400,1339.0,1369.5,1323.0,1341.25,100032,0,131881,81339.0
61,-64,ZSE,ZSEX21,D1,2021-08-13,1628812800,1340.75,1366.0,1330.0,1365.75,85204,0,86642,95214.0
62,-63,ZSE,ZSEX21,D1,2021-08-16,1629072000,1366.25,1378.0,1360.75,1368.0,76053,0,59201,92575.0
63,-62,ZSE,ZSEX21,D1,2021-08-17,1629158400,1374.0,1379.75,1356.75,1363.0,46133,0,72225,72689.0
64,-61,ZSE,ZSEX21,D1,2021-08-18,1629244800,1362.25,1365.0,1347.25,1351.75,36446,0,53224,61550.0
65,-60,ZSE,ZSEX21,D1,2021-08-19,1629331200,1351.75,1351.75,1314.25,1321.0,59583,0,90151,71867.0
66,-59,ZSE,ZSEX21,D1,2021-08-20,1629417600,1320.75,1333.5,1277.25,1292.5,66810,0,101728,81701.0
67,-58,ZSE,ZSEX21,D1,2021-08-23,1629676800,1288.5,1309.0,1286.5,1299.5,44558,0,71601,87827.0
68,-57,ZSE,ZSEX21,D1,2021-08-24,1629763200,1299.0,1337.75,1292.0,1331.75,56900,0,88495,87275.0
69,-56,ZSE,ZSEX21,D1,2021-08-25,1629849600,1332.0,1339.5,1322.0,1331.0,38286,0,60292,73463.0
70,-55,ZSE,ZSEX21,D1,2021-08-26,1629936000,1331.0,1331.5,1318.0,1324.0,37324,0,54484,67757.0
71,-54,ZSE,ZSEX21,D1,2021-08-27,1630022400,1323.75,1325.0,1307.5,1320.0,39159,0,57666,57481.0
72,-53,ZSE,ZSEX21,D1,2021-08-30,1630281600,1323.25,1336.25,1297.0,1302.75,43765,25,66901,59684.0
73,-52,ZSE,ZSEX21,D1,2021-08-31,1630368000,1305.25,1312.0,1283.25,1293.5,47983,25,75853,66807.0
74,-51,ZSE,ZSEX21,D1,2021-09-01,1630454400,1293.0,1295.75,1270.0,1277.75,44786,25,69746,70833.0
75,-50,ZSE,ZSEX21,D1,2021-09-02,1630540800,1278.0,1287.75,1271.0,1282.5,40986,25,63050,69550.0
76,-49,ZSE,ZSEX21,D1,2021-09-03,1630627200,1283.0,1296.75,1276.75,1290.0,33230,25,51640,61479.0
77,-48,ZSE,ZSEX21,D1,2021-09-07,1630972800,1291.75,1305.75,1276.5,1276.75,34987,25,54122,56271.0
78,-47,ZSE,ZSEX21,D1,2021-09-08,1631059200,1279.0,1288.0,1272.0,1280.25,39355,25,59813,55192.0
79,-46,ZSE,ZSEX21,D1,2021-09-09,1631145600,1280.0,1281.75,1265.0,1272.25,38018,25,55943,56626.0
80,-45,ZSE,ZSEX21,D1,2021-09-10,1631232000,1270.75,1300.0,1262.75,1288.5,65464,25,108539,74765.0
81,-44,ZSE,ZSEX21,D1,2021-09-13,1631491200,1290.0,1294.25,1277.0,1285.25,32395,25,47130,70537.0
82,-43,ZSE,ZSEX21,D1,2021-09-14,1631577600,1286.0,1297.5,1281.0,1282.0,34440,25,49575,68415.0
83,-42,ZSE,ZSEX21,D1,2021-09-15,1631664000,1282.5,1296.0,1276.0,1295.5,41993,0,64939,53881.0
84,-41,ZSE,ZSEX21,D1,2021-09-16,1631750400,1296.5,1308.0,1291.25,1295.5,37734,25,57052,57189.0
85,-40,ZSE,ZSEX21,D1,2021-09-17,1631836800,1295.5,1298.5,1278.25,1284.25,35350,25,53311,58434.0
86,-39,ZSE,ZSEX21,D1,2021-09-20,1632096000,1285.0,1286.0,1262.0,1263.5,44561,25,70480,60281.0
87,-38,ZSE,ZSEX21,D1,2021-09-21,1632182400,1263.5,1275.5,1257.5,1274.25,39338,25,59630,61140.0
88,-37,ZSE,ZSEX21,D1,2021-09-22,1632268800,1274.25,1285.0,1270.25,1282.5,38816,25,57449,62520.0
89,-36,ZSE,ZSEX21,D1,2021-09-23,1632355200,1282.25,1290.25,1275.75,1284.5,32755,0,50535,55871.0
90,-35,ZSE,ZSEX21,D1,2021-09-24,1632441600,1283.5,1290.0,1278.25,1284.0,34238,25,49528,52504.0
91,-34,ZSE,ZSEX21,D1,2021-09-27,1632700800,1284.0,1297.0,1282.0,1287.75,44261,25,63430,54498.0
92,-33,ZSE,ZSEX21,D1,2021-09-28,1632787200,1286.75,1287.0,1275.0,1276.0,39135,25,57871,56943.0
93,-32,ZSE,ZSEX21,D1,2021-09-29,1632873600,1276.25,1288.5,1272.75,1283.25,38676,25,54036,58446.0
94,-31,ZSE,ZSEX21,D1,2021-09-30,1632960000,1282.25,1295.0,1249.0,1257.0,86928,25,141652,84520.0
95,-30,ZSE,ZSEX21,D1,2021-10-01,1633046400,1255.0,1262.25,1242.0,1247.75,55479,25,83635,93108.0
96,-29,ZSE,ZSEX21,D1,2021-10-04,1633305600,1242.75,1247.75,1235.0,1235.25,43925,25,67334,97540.0
97,-28,ZSE,ZSEX21,D1,2021-10-05,1633392000,1234.25,1256.25,1231.0,1251.5,48012,25,71294,74088.0
98,-27,ZSE,ZSEX21,D1,2021-10-06,1633478400,1250.0,1255.5,1239.25,1242.25,37868,25,56828,65152.0
99,-26,ZSE,ZSEX21,D1,2021-10-07,1633564800,1242.25,1249.5,1233.5,1246.75,38825,25,56934,61685.0
100,-25,ZSE,ZSEX21,D1,2021-10-08,1633651200,1246.5,1262.5,1242.0,1242.5,48629,25,79533,64432.0
101,-24,ZSE,ZSEX21,D1,2021-10-11,1633910400,1240.5,1251.25,1227.0,1228.0,40027,0,62827,66431.0
102,-23,ZSE,ZSEX21,D1,2021-10-12,1633996800,1226.5,1230.75,1194.75,1198.5,69900,0,113937,85432.0
103,-22,ZSE,ZSEX21,D1,2021-10-13,1634083200,1198.25,1211.25,1184.5,1196.75,56194,0,90183,88982.0
104,-21,ZSE,ZSEX21,D1,2021-10-14,1634169600,1196.0,1207.75,1193.5,1205.75,38536,0,59337,87819.0
105,-20,ZSE,ZSEX21,D1,2021-10-15,1634256000,1205.75,1221.0,1202.0,1218.5,35930,0,54352,67957.0
106,-19,ZSE,ZSEX21,D1,2021-10-18,1634515200,1218.0,1225.25,1210.0,1220.75,35108,0,53221,55637.0
107,-18,ZSE,ZSEX21,D1,2021-10-19,1634601600,1220.5,1239.25,1216.25,1228.75,39110,0,63578,57050.0
108,-17,ZSE,ZSEX21,D1,2021-10-20,1634688000,1227.75,1249.5,1224.75,1246.0,47565,0,77529,64776.0
109,-16,ZSE,ZSEX21,D1,2021-10-21,1634774400,1243.25,1249.5,1222.0,1223.0,36777,0,57993,66367.0
110,-15,ZSE,ZSEX21,D1,2021-10-22,1634860800,1224.0,1230.5,1217.0,1219.75,32651,0,50486,62003.0
111,-14,ZSE,ZSEX21,D1,2021-10-25,1635120000,1218.75,1238.25,1216.0,1236.0,26253,0,39851,49443.0
112,-13,ZSE,ZSEX21,D1,2021-10-26,1635206400,1236.0,1246.25,1230.0,1237.25,18424,0,27406,39248.0
103,-54,ZSE,ZSEF22,D1,2021-10-27,1635292800,1247.0,1266.25,1236.0,1249.5,53652,0,79161,54637.0
104,-53,ZSE,ZSEF22,D1,2021-10-28,1635379200,1249.0,1260.0,1241.25,1245.75,43344,0,62673,60974.0
105,-52,ZSE,ZSEF22,D1,2021-10-29,1635465600,1244.0,1255.5,1241.5,1249.75,36606,0,52955,64930.0
106,-51,ZSE,ZSEF22,D1,2021-11-01,1635724800,1249.0,1259.5,1236.75,1248.75,42856,0,61611,59080.0
107,-50,ZSE,ZSEF22,D1,2021-11-02,1635811200,1247.75,1261.0,1243.25,1254.5,44380,0,63760,59442.0
108,-49,ZSE,ZSEF22,D1,2021-11-03,1635897600,1254.0,1257.75,1239.5,1244.0,38520,0,55242,60204.0
109,-48,ZSE,ZSEF22,D1,2021-11-04,1635984000,1243.5,1247.5,1216.0,1224.0,55949,0,85492,68165.0
110,-47,ZSE,ZSEF22,D1,2021-11-05,1636070400,1222.75,1227.0,1203.5,1204.0,45308,0,67363,69366.0
111,-46,ZSE,ZSEF22,D1,2021-11-08,1636329600,1203.75,1208.25,1187.0,1187.75,46587,0,73328,75394.0
112,-45,ZSE,ZSEF22,D1,2021-11-09,1636416000,1187.75,1240.75,1181.25,1212.5,69966,0,113766,84819.0
113,-44,ZSE,ZSEF22,D1,2021-11-10,1636502400,1212.25,1222.5,1208.5,1218.0,41822,0,60040,82378.0
114,-43,ZSE,ZSEF22,D1,2021-11-11,1636588800,1216.75,1228.25,1212.0,1222.0,33947,0,49888,74565.0
115,-42,ZSE,ZSEF22,D1,2021-11-12,1636675200,1222.0,1249.75,1220.5,1243.25,51723,0,80116,63348.0
116,-41,ZSE,ZSEF22,D1,2021-11-15,1636934400,1242.25,1259.75,1238.0,1258.0,46910,0,67862,65955.0
117,-40,ZSE,ZSEF22,D1,2021-11-16,1637020800,1255.75,1261.5,1248.5,1252.25,37795,0,55908,67962.0
118,-39,ZSE,ZSEF22,D1,2021-11-17,1637107200,1252.0,1289.25,1250.75,1277.0,71734,0,106475,76748.0
119,-38,ZSE,ZSEF22,D1,2021-11-18,1637193600,1276.5,1287.25,1262.75,1265.5,47924,0,69871,77418.0
120,-37,ZSE,ZSEF22,D1,2021-11-19,1637280000,1265.5,1277.25,1257.0,1265.0,36628,0,53101,76482.0
121,-36,ZSE,ZSEF22,D1,2021-11-22,1637539200,1264.25,1279.5,1260.0,1275.0,35561,0,50509,57827.0
122,-35,ZSE,ZSEF22,D1,2021-11-23,1637625600,1274.25,1279.25,1263.0,1274.5,32669,0,46209,49940.0
123,-34,ZSE,ZSEF22,D1,2021-11-24,1637712000,1273.75,1281.0,1263.25,1265.5,34137,0,47909,48209.0
124,-33,ZSE,ZSEF22,D1,2021-11-26,1637884800,1252.0,1254.0,1240.25,1253.5,37122,0,60287,51468.0
125,-32,ZSE,ZSEF22,D1,2021-11-29,1638144000,1260.75,1268.5,1240.75,1242.25,37503,0,54855,54350.0
126,-31,ZSE,ZSEF22,D1,2021-11-30,1638230400,1241.5,1244.75,1214.25,1220.75,52393,0,80175,65106.0
127,-30,ZSE,ZSEF22,D1,2021-12-01,1638316800,1222.0,1237.0,1216.25,1228.25,41642,0,60333,65121.0
128,-29,ZSE,ZSEF22,D1,2021-12-02,1638403200,1229.75,1249.0,1221.0,1244.75,36445,0,52645,64384.0
129,-28,ZSE,ZSEF22,D1,2021-12-03,1638489600,1244.25,1270.0,1244.25,1269.5,37876,0,55561,56180.0
130,-27,ZSE,ZSEF22,D1,2021-12-06,1638748800,1271.75,1274.75,1254.5,1262.0,26732,0,37239,48482.0
131,-26,ZSE,ZSEF22,D1,2021-12-07,1638835200,1262.25,1268.5,1243.0,1252.0,36226,0,51792,48197.0
132,-25,ZSE,ZSEF22,D1,2021-12-08,1638921600,1252.25,1264.0,1238.25,1260.5,34575,0,48623,45885.0
133,-24,ZSE,ZSEF22,D1,2021-12-09,1639008000,1260.25,1267.0,1247.0,1265.25,31688,0,43797,48071.0
134,-23,ZSE,ZSEF22,D1,2021-12-10,1639094400,1264.25,1276.5,1259.25,1268.25,30466,0,42359,44926.0
135,-22,ZSE,ZSEF22,D1,2021-12-13,1639353600,1271.0,1271.0,1243.25,1244.75,36719,0,53757,46638.0
136,-21,ZSE,ZSEF22,D1,2021-12-14,1639440000,1245.75,1267.0,1237.5,1260.25,37230,0,54046,50054.0
137,-20,ZSE,ZSEF22,D1,2021-12-15,1639526400,1260.0,1266.5,1251.0,1260.5,28497,0,40919,49574.0
138,-19,ZSE,ZSEF22,D1,2021-12-16,1639612800,1262.0,1280.75,1258.75,1277.0,32553,0,48855,47940.0
139,-18,ZSE,ZSEF22,D1,2021-12-17,1639699200,1275.5,1297.5,1274.75,1284.5,40972,0,59993,49922.0
140,-17,ZSE,ZSEF22,D1,2021-12-20,1639958400,1289.5,1296.25,1278.5,1292.5,23166,0,33818,47555.0
102,-56,ZSE,ZSEH22,D1,2021-12-21,1640044800,1294.5,1317.5,1289.0,1311.25,38652,0,59728,49974.0
103,-55,ZSE,ZSEH22,D1,2021-12-22,1640131200,1310.5,1339.0,1309.5,1334.75,41174,0,60673,53837.0
104,-54,ZSE,ZSEH22,D1,2021-12-23,1640217600,1333.0,1342.5,1328.0,1342.5,35018,0,51195,57199.0
105,-53,ZSE,ZSEH22,D1,2021-12-27,1640563200,1345.75,1372.75,1342.5,1371.0,46346,0,71083,60984.0
106,-52,ZSE,ZSEH22,D1,2021-12-28,1640649600,1369.5,1384.5,1363.25,1367.25,48793,0,74436,65571.0
107,-51,ZSE,ZSEH22,D1,2021-12-29,1640736000,1367.25,1372.5,1355.0,1368.25,42446,0,61586,69035.0
108,-50,ZSE,ZSEH22,D1,2021-12-30,1640822400,1367.25,1370.0,1334.5,1338.25,48349,0,77420,71147.0
109,-49,ZSE,ZSEH22,D1,2021-12-31,1640908800,1339.0,1348.5,1336.5,1339.75,30123,0,42860,60622.0
110,-48,ZSE,ZSEH22,D1,2022-01-03,1641168000,1349.0,1368.5,1342.0,1356.25,48640,0,72765,64348.0
111,-47,ZSE,ZSEH22,D1,2022-01-04,1641254400,1356.0,1392.25,1355.5,1390.5,61849,0,92216,69280.0
112,-46,ZSE,ZSEH22,D1,2022-01-05,1641340800,1389.0,1399.0,1381.5,1393.0,48755,0,71777,78919.0
113,-45,ZSE,ZSEH22,D1,2022-01-06,1641427200,1390.5,1393.75,1370.0,1387.5,52193,0,79947,81313.0
114,-44,ZSE,ZSEH22,D1,2022-01-07,1641513600,1388.0,1415.0,1376.0,1407.5,65436,0,95621,82448.0
115,-43,ZSE,ZSEH22,D1,2022-01-10,1641772800,1404.5,1409.75,1379.0,1383.25,59774,0,88329,87966.0
116,-42,ZSE,ZSEH22,D1,2022-01-11,1641859200,1386.5,1395.0,1372.5,1385.5,45168,0,65654,83201.0
117,-41,ZSE,ZSEH22,D1,2022-01-12,1641945600,1384.75,1401.0,1366.5,1399.0,54226,0,83415,79133.0
118,-40,ZSE,ZSEH22,D1,2022-01-13,1642032000,1399.0,1399.0,1370.75,1377.0,50536,0,77666,75578.0
119,-39,ZSE,ZSEH22,D1,2022-01-14,1642118400,1376.5,1380.0,1363.75,1369.75,38911,0,58092,73058.0
120,-38,ZSE,ZSEH22,D1,2022-01-18,1642464000,1360.0,1368.75,1349.75,1362.0,51155,0,86589,74116.0
121,-37,ZSE,ZSEH22,D1,2022-01-19,1642550400,1363.5,1392.5,1363.5,1391.5,49593,0,75474,73385.0
122,-36,ZSE,ZSEH22,D1,2022-01-20,1642636800,1388.25,1429.5,1387.5,1424.5,50858,0,109496,90520.0
123,-35,ZSE,ZSEH22,D1,2022-01-21,1642723200,1420.0,1426.0,1405.25,1415.0,50140,0,77175,87382.0
124,-34,ZSE,ZSEH22,D1,2022-01-24,1642982400,1419.5,1423.75,1382.5,1403.5,61901,0,100595,95755.0
125,-33,ZSE,ZSEH22,D1,2022-01-25,1643068800,1405.0,1413.75,1393.25,1406.5,45294,0,76185,84652.0
126,-32,ZSE,ZSEH22,D1,2022-01-26,1643155200,1405.75,1443.75,1393.75,1438.25,64700,0,98589,91790.0
127,-31,ZSE,ZSEH22,D1,2022-01-27,1643241600,1436.0,1456.5,1428.5,1446.0,63409,0,97582,90785.0
128,-30,ZSE,ZSEH22,D1,2022-01-28,1643328000,1446.5,1479.0,1441.5,1471.75,63472,0,89422,95198.0
129,-29,ZSE,ZSEH22,D1,2022-01-31,1643587200,1474.0,1496.75,1473.5,1490.75,54136,0,78578,88527.0
130,-28,ZSE,ZSEH22,D1,2022-02-01,1643673600,1490.0,1539.0,1485.0,1529.5,74527,0,108844,92281.0
131,-27,ZSE,ZSEH22,D1,2022-02-02,1643760000,1528.0,1564.0,1526.0,1546.0,82952,0,122701,103374.0
132,-26,ZSE,ZSEH22,D1,2022-02-03,1643846400,1544.0,1560.0,1529.0,1541.25,59596,0,87962,106502.0
133,-25,ZSE,ZSEH22,D1,2022-02-04,1643932800,1544.5,1560.25,1532.0,1556.5,46453,0,65588,92084.0
134,-24,ZSE,ZSEH22,D1,2022-02-07,1644192000,1571.0,1589.5,1565.25,1584.75,64322,0,103499,85683.0
135,-23,ZSE,ZSEH22,D1,2022-02-08,1644278400,1585.0,1586.5,1559.0,1568.75,53514,0,84081,84389.0
136,-22,ZSE,ZSEH22,D1,2022-02-09,1644364800,1570.5,1599.5,1566.5,1594.0,61746,0,94935,94172.0
137,-21,ZSE,ZSEH22,D1,2022-02-10,1644451200,1594.75,1633.0,1565.5,1573.0,105024,0,161864,113627.0
138,-20,ZSE,ZSEH22,D1,2022-02-11,1644537600,1573.0,1594.75,1563.5,1585.75,67312,0,103102,119967.0
139,-19,ZSE,ZSEH22,D1,2022-02-14,1644796800,1587.0,1599.5,1551.5,1571.25,46866,0,65095,110020.0
140,-18,ZSE,ZSEH22,D1,2022-02-15,1644883200,1569.25,1577.0,1542.25,1550.25,48556,0,77382,81860.0
141,-17,ZSE,ZSEH22,D1,2022-02-16,1644969600,1552.75,1589.75,1547.0,1586.75,38302,0,53472,65316.0
142,-16,ZSE,ZSEH22,D1,2022-02-17,1645056000,1585.5,1606.0,1576.5,1590.5,38503,0,51586,60813.0
143,-15,ZSE,ZSEH22,D1,2022-02-18,1645142400,1589.5,1608.5,1587.5,1601.5,28002,0,38780,47946.0
98,-57,ZSE,ZSEK22,D1,2022-02-22,1645488000,1610.25,1641.0,1603.5,1641.0,59857,0,94019,56511.0
99,-56,ZSE,ZSEK22,D1,2022-02-23,1645574400,1636.25,1675.0,1636.0,1670.0,66516,0,96440,75957.0
100,-55,ZSE,ZSEK22,D1,2022-02-24,1645660800,1671.0,1759.25,1648.25,1652.75,120949,0,165728,118729.0
101,-54,ZSE,ZSEK22,D1,2022-02-25,1645747200,1654.0,1670.0,1579.0,1583.25,87953,0,134181,132116.0
102,-53,ZSE,ZSEK22,D1,2022-02-28,1646006400,1629.5,1655.0,1613.0,1638.75,63071,0,91303,130404.0
103,-52,ZSE,ZSEK22,D1,2022-03-01,1646092800,1641.5,1697.5,1641.5,1688.0,61630,0,88462,104649.0
104,-51,ZSE,ZSEK22,D1,2022-03-02,1646179200,1693.5,1697.0,1650.25,1666.25,63859,0,90328,90031.0
105,-50,ZSE,ZSEK22,D1,2022-03-03,1646265600,1669.75,1699.0,1665.5,1671.5,57279,0,79088,85959.0
106,-49,ZSE,ZSEK22,D1,2022-03-04,1646352000,1675.0,1688.5,1634.5,1656.75,53044,0,74832,81416.0
107,-48,ZSE,ZSEK22,D1,2022-03-07,1646611200,1686.75,1696.75,1654.5,1661.75,47105,0,65670,73197.0
108,-47,ZSE,ZSEK22,D1,2022-03-08,1646697600,1659.75,1706.5,1649.75,1689.75,63764,0,92967,77823.0
109,-46,ZSE,ZSEK22,D1,2022-03-09,1646784000,1693.0,1734.0,1669.5,1673.25,62116,0,98957,85865.0
110,-45,ZSE,ZSEK22,D1,2022-03-10,1646870400,1675.5,1702.0,1661.5,1685.25,55357,0,86501,92808.0
111,-44,ZSE,ZSEK22,D1,2022-03-11,1646956800,1689.75,1695.75,1665.25,1679.5,39079,0,59499,81652.0
112,-43,ZSE,ZSEK22,D1,2022-03-14,1647216000,1692.0,1697.75,1667.0,1673.25,40828,0,60520,68840.0
113,-42,ZSE,ZSEK22,D1,2022-03-15,1647302400,1674.0,1674.0,1638.0,1657.0,38579,0,54147,58055.0
114,-41,ZSE,ZSEK22,D1,2022-03-16,1647388800,1661.75,1681.25,1645.25,1650.25,36370,0,51240,55302.0
115,-40,ZSE,ZSEK22,D1,2022-03-17,1647475200,1649.5,1677.5,1647.25,1668.75,34676,0,47709,51032.0
116,-39,ZSE,ZSEK22,D1,2022-03-18,1647561600,1668.5,1689.0,1651.5,1666.25,35495,0,48528,49159.0
117,-38,ZSE,ZSEK22,D1,2022-03-21,1647820800,1673.0,1710.0,1666.75,1692.75,42606,0,64114,53450.0
118,-37,ZSE,ZSEK22,D1,2022-03-22,1647907200,1693.0,1720.75,1686.0,1697.25,38969,0,54845,55829.0
119,-36,ZSE,ZSEK22,D1,2022-03-23,1647993600,1695.0,1736.5,1691.0,1720.75,41747,0,59899,59619.0
120,-35,ZSE,ZSEK22,D1,2022-03-24,1648080000,1722.0,1730.0,1697.5,1701.25,36476,0,53985,56243.0
121,-34,ZSE,ZSEK22,D1,2022-03-25,1648166400,1702.25,1714.25,1684.75,1709.75,33585,0,47676,53853.0
122,-33,ZSE,ZSEK22,D1,2022-03-28,1648425600,1703.0,1710.0,1661.0,1661.0,39812,0,55954,52538.0
123,-32,ZSE,ZSEK22,D1,2022-03-29,1648512000,1663.5,1673.0,1622.0,1643.75,55591,0,85364,62998.0
124,-31,ZSE,ZSEK22,D1,2022-03-30,1648598400,1643.5,1683.75,1638.75,1665.25,36316,0,48808,63375.0
125,-30,ZSE,ZSEK22,D1,2022-03-31,1648684800,1667.0,1680.0,1613.5,1617.25,50818,0,70767,68313.0
126,-29,ZSE,ZSEK22,D1,2022-04-01,1648771200,1623.0,1628.5,1580.75,1580.75,47033,0,70622,63399.0
127,-28,ZSE,ZSEK22,D1,2022-04-04,1649030400,1584.0,1606.0,1576.75,1602.0,32394,0,46833,62741.0
128,-27,ZSE,ZSEK22,D1,2022-04-05,1649116800,1605.0,1635.25,1604.25,1630.0,30978,0,43921,53792.0
129,-26,ZSE,ZSEK22,D1,2022-04-06,1649203200,1630.0,1643.0,1615.0,1618.0,32848,0,48539,46431.0
130,-25,ZSE,ZSEK22,D1,2022-04-07,1649289600,1620.0,1652.75,1614.75,1647.75,36600,0,54663,49041.0
131,-24,ZSE,ZSEK22,D1,2022-04-08,1649376000,1647.75,1689.75,1645.5,1689.0,39167,0,55997,53066.0
132,-23,ZSE,ZSEK22,D1,2022-04-11,1649635200,1691.0,1697.5,1651.5,1658.0,35588,0,49962,53541.0
133,-22,ZSE,ZSEK22,D1,2022-04-12,1649721600,1658.75,1682.75,1657.0,1672.0,23842,0,32349,46103.0
134,-21,ZSE,ZSEK22,D1,2022-04-13,1649808000,1672.25,1681.25,1652.0,1677.75,29114,0,43239,41850.0
135,-20,ZSE,ZSEK22,D1,2022-04-14,1649894400,1678.5,1692.5,1670.0,1681.0,24082,0,31878,35822.0
136,-19,ZSE,ZSEK22,D1,2022-04-18,1650240000,1688.75,1720.5,1688.5,1715.0,26732,0,37675,37597.0
97,-59,ZSE,ZSEN22,D1,2022-04-19,1650326400,1691.5,1705.75,1682.0,1692.0,30869,0,45399,37334.0
98,-58,ZSE,ZSEN22,D1,2022-04-20,1650412800,1693.25,1721.75,1688.25,1716.25,35872,0,49285,43740.0
99,-57,ZSE,ZSEN22,D1,2022-04-21,1650499200,1717.0,1726.25,1704.75,1720.25,33407,0,47386,47357.0
100,-56,ZSE,ZSEN22,D1,2022-04-22,1650585600,1719.0,1734.0,1676.0,1686.75,50125,0,68134,54935.0
101,-55,ZSE,ZSEN22,D1,2022-04-25,1650844800,1687.0,1695.5,1656.5,1672.75,43505,0,60005,58508.0
102,-54,ZSE,ZSEN22,D1,2022-04-26,1650931200,1676.75,1696.75,1661.75,1671.0,41979,0,59536,62558.0
103,-53,ZSE,ZSEN22,D1,2022-04-27,1651017600,1673.25,1698.0,1665.5,1694.25,44267,0,61333,60291.0
104,-52,ZSE,ZSEN22,D1,2022-04-28,1651104000,1694.25,1700.0,1681.25,1684.5,35074,0,46816,55895.0
105,-51,ZSE,ZSEN22,D1,2022-04-29,1651190400,1686.0,1704.75,1679.25,1685.0,37066,0,52431,53527.0
106,-50,ZSE,ZSEN22,D1,2022-05-02,1651449600,1684.5,1688.75,1635.0,1646.5,49319,0,72383,57210.0
107,-49,ZSE,ZSEN22,D1,2022-05-03,1651536000,1649.5,1662.75,1629.0,1631.0,42410,0,58216,61010.0
108,-48,ZSE,ZSEN22,D1,2022-05-04,1651622400,1633.5,1644.5,1622.0,1640.5,39518,0,54679,61759.0
109,-47,ZSE,ZSEN22,D1,2022-05-05,1651708800,1643.0,1667.0,1640.0,1646.25,42392,0,62185,58360.0
110,-46,ZSE,ZSEN22,D1,2022-05-06,1651795200,1649.5,1650.0,1618.0,1624.75,38997,0,58387,58417.0
111,-45,ZSE,ZSEN22,D1,2022-05-09,1652054400,1623.75,1626.0,1578.0,1587.0,48479,0,70723,63765.0
112,-44,ZSE,ZSEN22,D1,2022-05-10,1652140800,1589.0,1605.0,1580.5,1593.75,37373,0,51359,60156.0
113,-43,ZSE,ZSEN22,D1,2022-05-11,1652227200,1593.5,1615.0,1587.5,1606.0,35296,0,48576,56886.0
114,-42,ZSE,ZSEN22,D1,2022-05-12,1652313600,1606.75,1627.25,1590.25,1614.0,48641,0,67404,55780.0
115,-41,ZSE,ZSEN22,D1,2022-05-13,1652400000,1614.75,1651.5,1614.0,1646.25,41661,0,59647,58542.0
116,-40,ZSE,ZSEN22,D1,2022-05-16,1652659200,1657.5,1668.0,1650.25,1656.0,35847,0,50069,59040.0
117,-39,ZSE,ZSEN22,D1,2022-05-17,1652745600,1655.0,1684.25,1645.25,1678.5,40715,0,57150,55622.0
118,-38,ZSE,ZSEN22,D1,2022-05-18,1652832000,1678.0,1686.75,1657.0,1664.0,43873,0,62126,56448.0
119,-37,ZSE,ZSEN22,D1,2022-05-19,1652918400,1663.75,1697.0,1660.75,1690.75,49109,0,71434,63570.0
120,-36,ZSE,ZSEN22,D1,2022-05-20,1653004800,1691.0,1710.75,1683.25,1705.75,47669,0,64742,66101.0
121,-35,ZSE,ZSEN22,D1,2022-05-23,1653264000,1706.0,1720.0,1685.0,1687.25,43550,0,61216,65797.0
122,-34,ZSE,ZSEN22,D1,2022-05-24,1653350400,1687.75,1696.75,1673.5,1692.0,36114,0,48519,58159.0
123,-33,ZSE,ZSEN22,D1,2022-05-25,1653436800,1694.25,1697.75,1665.5,1679.5,39316,0,56842,55526.0
124,-32,ZSE,ZSEN22,D1,2022-05-26,1653523200,1675.25,1737.0,1667.25,1725.75,68538,0,100031,68464.0
125,-31,ZSE,ZSEN22,D1,2022-05-27,1653609600,1725.75,1744.25,1718.75,1732.5,42778,0,61044,72639.0
126,-30,ZSE,ZSEN22,D1,2022-05-31,1653955200,1737.75,1749.25,1673.75,1687.0,68532,0,100942,87339.0
127,-29,ZSE,ZSEN22,D1,2022-06-01,1654041600,1687.0,1706.5,1675.25,1689.5,51616,0,73879,78622.0
128,-28,ZSE,ZSEN22,D1,2022-06-02,1654128000,1690.0,1740.75,1681.25,1730.0,52949,0,79021,84614.0
129,-27,ZSE,ZSEN22,D1,2022-06-03,1654214400,1728.25,1730.5,1694.0,1699.5,41753,0,57855,70252.0
130,-26,ZSE,ZSEN22,D1,2022-06-06,1654473600,1709.0,1717.75,1690.0,1701.75,32800,0,47551,61476.0
131,-25,ZSE,ZSEN22,D1,2022-06-07,1654560000,1699.0,1732.75,1692.25,1731.0,56018,0,82101,62502.0
132,-24,ZSE,ZSEN22,D1,2022-06-08,1654646400,1729.25,1758.0,1726.5,1741.0,49066,0,72859,67504.0
133,-23,ZSE,ZSEN22,D1,2022-06-09,1654732800,1741.0,1784.0,1728.5,1770.0,62046,0,87345,80768.0
134,-22,ZSE,ZSEN22,D1,2022-06-10,1654819200,1770.75,1775.5,1742.75,1748.0,46576,0,64089,74764.0
135,-21,ZSE,ZSEN22,D1,2022-06-13,1655078400,1751.5,1757.0,1702.0,1708.25,48413,0,67308,72914.0
136,-20,ZSE,ZSEN22,D1,2022-06-14,1655164800,1707.5,1728.25,1697.0,1698.0,34951,0,49661,60353.0
137,-19,ZSE,ZSEN22,D1,2022-06-15,1655251200,1698.0,1705.0,1682.25,1693.5,33870,0,47688,54886.0
138,-18,ZSE,ZSEN22,D1,2022-06-16,1655337600,1696.75,1715.5,1690.5,1711.0,29023,0,40352,45900.0
139,-17,ZSE,ZSEN22,D1,2022-06-17,1655424000,1712.5,1724.5,1700.5,1702.0,28053,0,40588,42876.0
140,-16,ZSE,ZSEN22,D1,2022-06-21,1655769600,1695.0,1702.0,1675.75,1683.25,36252,0,55373,45438.0
141,-15,ZSE,ZSEN22,D1,2022-06-22,1655856000,1684.25,1685.0,1647.5,1654.25,36344,0,52356,49439.0
37,-100,ZSE,ZSEX22,D1,2022-06-23,1655942400,1477.75,1478.5,1409.25,1416.0,137421,0,89249,64293.0
38,-99,ZSE,ZSEX22,D1,2022-06-24,1656028800,1411.5,1433.0,1399.25,1424.75,108427,0,73376,72598.0
39,-98,ZSE,ZSEX22,D1,2022-06-27,1656288000,1406.0,1441.25,1400.5,1434.25,97117,0,55094,72573.0
40,-97,ZSE,ZSEX22,D1,2022-06-28,1656374400,1439.25,1468.75,1436.0,1461.25,86623,0,57042,61837.0
41,-96,ZSE,ZSEX22,D1,2022-06-29,1656460800,1461.0,1480.5,1449.75,1479.0,80375,0,49324,53820.0
42,-95,ZSE,ZSEX22,D1,2022-06-30,1656547200,1478.25,1507.75,1451.5,1460.5,122996,0,106704,71023.0
43,-94,ZSE,ZSEX22,D1,2022-07-01,1656633600,1462.25,1470.75,1391.25,1395.25,133311,0,103089,86372.0
44,-93,ZSE,ZSEX22,D1,2022-07-05,1656979200,1373.75,1374.5,1304.0,1320.0,96815,0,107277,105690.0
45,-92,ZSE,ZSEX22,D1,2022-07-06,1657065600,1326.5,1340.0,1302.5,1324.5,160438,0,95633,102000.0
46,-91,ZSE,ZSEX22,D1,2022-07-07,1657152000,1326.5,1372.75,1325.25,1364.75,145165,0,77885,93598.0
47,-90,ZSE,ZSEX22,D1,2022-07-08,1657238400,1369.0,1398.75,1357.75,1398.75,129602,0,65919,79812.0
48,-89,ZSE,ZSEX22,D1,2022-07-11,1657497600,1420.75,1438.5,1400.75,1402.75,137770,0,79727,74510.0
49,-88,ZSE,ZSEX22,D1,2022-07-12,1657584000,1405.0,1418.0,1339.25,1340.75,155902,0,88666,78104.0
50,-87,ZSE,ZSEX22,D1,2022-07-13,1657670400,1341.0,1362.25,1315.75,1346.75,156981,0,74355,80916.0
51,-86,ZSE,ZSEX22,D1,2022-07-14,1657756800,1351.5,1365.5,1317.75,1341.75,149095,0,73426,78816.0
52,-85,ZSE,ZSEX22,D1,2022-07-15,1657843200,1348.75,1358.5,1330.5,1345.75,119511,0,51586,66456.0
53,-84,ZSE,ZSEX22,D1,2022-07-18,1658102400,1355.75,1393.0,1340.75,1380.0,104907,0,63480,62831.0
54,-83,ZSE,ZSEX22,D1,2022-07-19,1658188800,1382.25,1383.5,1339.0,1359.5,109341,0,71251,62106.0
55,-82,ZSE,ZSEX22,D1,2022-07-20,1658275200,1354.0,1356.25,1327.75,1335.25,99729,0,65407,66713.0
56,-81,ZSE,ZSEX22,D1,2022-07-21,1658361600,1334.0,1341.75,1294.75,1302.75,110042,0,72862,69840.0
57,-80,ZSE,ZSEX22,D1,2022-07-22,1658448000,1303.5,1333.0,1288.5,1313.25,118966,0,75682,71317.0
58,-79,ZSE,ZSEX22,D1,2022-07-25,1658707200,1335.0,1349.25,1314.5,1344.0,113693,0,64874,71139.0
59,-78,ZSE,ZSEX22,D1,2022-07-26,1658793600,1359.75,1387.5,1358.25,1380.25,107491,0,74023,71526.0
60,-77,ZSE,ZSEX22,D1,2022-07-27,1658880000,1383.0,1416.5,1371.75,1411.0,122516,0,76143,71680.0
61,-76,ZSE,ZSEX22,D1,2022-07-28,1658966400,1413.25,1446.75,1412.5,1439.0,123008,0,74390,74852.0
62,-75,ZSE,ZSEX22,D1,2022-07-29,1659052800,1440.5,1489.0,1435.5,1473.5,66063,0,90519,80351.0
63,-74,ZSE,ZSEX22,D1,2022-08-01,1659312000,1477.5,1481.0,1395.5,1409.0,73951,0,102920,89276.0
64,-73,ZSE,ZSEX22,D1,2022-08-02,1659398400,1396.0,1408.0,1377.25,1382.25,60791,0,86240,93226.0
65,-72,ZSE,ZSEX22,D1,2022-08-03,1659484800,1377.75,1406.25,1356.0,1371.5,53678,0,77544,88901.0
66,-71,ZSE,ZSEX22,D1,2022-08-04,1659571200,1369.0,1424.0,1359.5,1419.0,59070,0,81736,81840.0
67,-70,ZSE,ZSEX22,D1,2022-08-05,1659657600,1415.25,1428.75,1392.75,1407.0,52014,0,73832,77704.0
68,-69,ZSE,ZSEX22,D1,2022-08-08,1659916800,1398.5,1421.0,1391.25,1402.0,37697,0,53723,69764.0
69,-68,ZSE,ZSEX22,D1,2022-08-09,1660003200,1409.75,1438.5,1408.75,1428.5,43207,0,61783,63113.0
70,-67,ZSE,ZSEX22,D1,2022-08-10,1660089600,1428.5,1454.75,1422.0,1426.25,48797,0,70651,62052.0
71,-66,ZSE,ZSEX22,D1,2022-08-11,1660176000,1425.5,1453.75,1418.25,1450.75,42873,0,58480,63638.0
72,-65,ZSE,ZSEX22,D1,2022-08-12,1660262400,1447.75,1464.75,1415.25,1452.5,63207,0,88878,72670.0
73,-64,ZSE,ZSEX22,D1,2022-08-15,1660521600,1441.75,1443.75,1386.0,1410.75,60362,0,87964,78441.0
74,-63,ZSE,ZSEX22,D1,2022-08-16,1660608000,1409.0,1413.75,1376.0,1381.75,46313,0,69312,82051.0
75,-62,ZSE,ZSEX22,D1,2022-08-17,1660694400,1382.0,1400.0,1379.0,1390.0,36616,0,53910,70395.0
76,-61,ZSE,ZSEX22,D1,2022-08-18,1660780800,1389.5,1413.0,1376.5,1405.25,44209,0,66395,63206.0
77,-60,ZSE,ZSEX22,D1,2022-08-19,1660867200,1405.75,1410.0,1386.25,1406.25,37217,0,51452,57252.0
78,-59,ZSE,ZSEX22,D1,2022-08-22,1661126400,1398.0,1438.5,1393.0,1433.5,56300,0,85008,67618.0
79,-58,ZSE,ZSEX22,D1,2022-08-23,1661212800,1435.5,1474.75,1431.25,1460.75,70174,0,112710,83057.0
80,-57,ZSE,ZSEX22,D1,2022-08-24,1661299200,1461.5,1484.5,1447.5,1457.75,63431,0,93964,97227.0
81,-56,ZSE,ZSEX22,D1,2022-08-25,1661385600,1456.75,1467.0,1428.5,1429.75,56275,0,85985,97553.0
82,-55,ZSE,ZSEX22,D1,2022-08-26,1661472000,1430.25,1464.75,1426.5,1464.75,49796,0,73470,84473.0
83,-54,ZSE,ZSEX22,D1,2022-08-29,1661731200,1458.0,1460.75,1432.0,1440.0,49691,0,70054,76503.0
84,-53,ZSE,ZSEX22,D1,2022-08-30,1661817600,1437.75,1440.0,1408.25,1434.25,44336,0,63830,69118.0
85,-52,ZSE,ZSEX22,D1,2022-08-31,1661904000,1432.0,1442.5,1416.0,1422.75,44317,0,64976,66287.0
86,-51,ZSE,ZSEX22,D1,2022-09-01,1661990400,1420.0,1433.0,1390.0,1394.75,50558,0,75170,67992.0
87,-50,ZSE,ZSEX22,D1,2022-09-02,1662076800,1395.0,1422.0,1391.75,1419.75,41070,0,58388,66178.0
88,-49,ZSE,ZSEX22,D1,2022-09-06,1662422400,1415.0,1423.0,1392.25,1400.75,51256,0,78665,70741.0
89,-48,ZSE,ZSEX22,D1,2022-09-07,1662508800,1398.5,1432.25,1380.75,1381.0,68292,0,99877,78977.0
90,-47,ZSE,ZSEX22,D1,2022-09-08,1662595200,1384.0,1397.25,1373.0,1388.5,46274,0,67811,82118.0
91,-46,ZSE,ZSEX22,D1,2022-09-09,1662681600,1388.25,1415.75,1387.25,1413.25,39639,0,58007,75232.0
92,-45,ZSE,ZSEX22,D1,2022-09-12,1662940800,1409.0,1490.25,1402.25,1485.75,80899,0,119720,81846.0
93,-44,ZSE,ZSEX22,D1,2022-09-13,1663027200,1486.5,1508.75,1475.75,1477.25,69388,0,100599,92775.0
94,-43,ZSE,ZSEX22,D1,2022-09-14,1663113600,1474.75,1489.5,1453.5,1458.0,54408,0,79688,100002.0
95,-42,ZSE,ZSEX22,D1,2022-09-15,1663200000,1456.25,1468.5,1444.0,1451.0,51719,0,73409,84565.0
96,-41,ZSE,ZSEX22,D1,2022-09-16,1663286400,1449.0,1455.0,1433.75,1446.0,44346,0,64268,72455.0
97,-40,ZSE,ZSEX22,D1,2022-09-19,1663545600,1446.0,1465.75,1438.25,1461.5,38761,0,59056,65578.0
98,-39,ZSE,ZSEX22,D1,2022-09-20,1663632000,1461.75,1485.5,1450.75,1476.25,44500,0,64359,62561.0
99,-38,ZSE,ZSEX22,D1,2022-09-21,1663718400,1476.75,1488.75,1459.5,1461.0,38024,0,54422,59279.0
100,-37,ZSE,ZSEX22,D1,2022-09-22,1663804800,1457.0,1476.0,1448.75,1455.0,43830,0,68045,62275.0
101,-36,ZSE,ZSEX22,D1,2022-09-23,1663891200,1453.5,1456.0,1420.5,1426.0,50094,0,76279,66249.0
102,-35,ZSE,ZSEX22,D1,2022-09-26,1664150400,1424.5,1433.75,1408.25,1412.25,48762,0,71348,71891.0
103,-34,ZSE,ZSEX22,D1,2022-09-27,1664236800,1411.75,1437.25,1407.0,1408.5,55085,0,84743,77457.0
104,-33,ZSE,ZSEX22,D1,2022-09-28,1664323200,1409.0,1412.5,1390.75,1411.0,55652,0,80621,78904.0
105,-32,ZSE,ZSEX22,D1,2022-09-29,1664409600,1408.75,1423.75,1403.25,1410.0,48452,0,71477,78947.0
106,-31,ZSE,ZSEX22,D1,2022-09-30,1664496000,1410.5,1425.75,1363.25,1366.0,84366,0,128265,93454.0
107,-30,ZSE,ZSEX22,D1,2022-10-03,1664755200,1363.75,1376.5,1361.25,1375.25,54705,0,75236,91659.0
108,-29,ZSE,ZSEX22,D1,2022-10-04,1664841600,1373.75,1395.0,1371.75,1383.25,44459,0,63319,88940.0
109,-28,ZSE,ZSEX22,D1,2022-10-05,1664928000,1383.0,1385.25,1362.5,1371.75,40825,0,60950,66502.0
110,-27,ZSE,ZSEX22,D1,2022-10-06,1665014400,1369.25,1376.75,1350.0,1360.0,39417,0,57485,60585.0
111,-26,ZSE,ZSEX22,D1,2022-10-07,1665100800,1358.0,1373.5,1350.75,1365.75,43809,0,62442,60292.0
112,-25,ZSE,ZSEX22,D1,2022-10-10,1665360000,1367.0,1398.75,1366.5,1374.0,63697,0,102084,74004.0
113,-24,ZSE,ZSEX22,D1,2022-10-11,1665446400,1373.25,1385.25,1365.25,1374.75,45326,0,65037,76521.0
114,-23,ZSE,ZSEX22,D1,2022-10-12,1665532800,1373.25,1414.0,1367.5,1395.25,65703,0,96898,88006.0
115,-22,ZSE,ZSEX22,D1,2022-10-13,1665619200,1394.5,1405.0,1378.75,1394.0,52463,0,76929,79621.0
116,-21,ZSE,ZSEX22,D1,2022-10-14,1665705600,1394.0,1410.0,1382.75,1383.5,43502,0,65690,79839.0
117,-20,ZSE,ZSEX22,D1,2022-10-17,1665964800,1381.5,1395.0,1376.25,1384.0,39202,0,55658,66092.0
118,-19,ZSE,ZSEX22,D1,2022-10-18,1666051200,1382.75,1390.0,1364.25,1372.0,43241,0,61839,61062.0
119,-18,ZSE,ZSEX22,D1,2022-10-19,1666137600,1372.0,1378.5,1357.0,1373.0,38036,0,54536,57344.0
120,-17,ZSE,ZSEX22,D1,2022-10-20,1666224000,1371.0,1396.5,1370.25,1391.0,46101,0,68511,61629.0
121,-16,ZSE,ZSEX22,D1,2022-10-21,1666310400,1390.25,1398.5,1375.5,1393.25,37584,0,54370,59139.0
122,-15,ZSE,ZSEX22,D1,2022-10-24,1666569600,1393.0,1393.0,1368.25,1372.5,30301,0,43175,55352.0
123,-14,ZSE,ZSEX22,D1,2022-10-25,1666656000,1372.5,1386.5,1366.0,1382.5,17123,0,24290,40612.0
102,-54,ZSE,ZSEF23,D1,2022-10-26,1666742400,1391.5,1409.0,1388.75,1393.0,38344,0,57811,50023.0
103,-53,ZSE,ZSEF23,D1,2022-10-27,1666828800,1393.0,1405.0,1389.0,1395.0,39211,0,56160,53035.0
104,-52,ZSE,ZSEF23,D1,2022-10-28,1666915200,1392.75,1402.0,1380.5,1400.0,50234,0,73795,62589.0
105,-51,ZSE,ZSEF23,D1,2022-10-31,1667174400,1415.0,1424.0,1397.75,1418.5,52556,0,77055,69003.0
106,-50,ZSE,ZSEF23,D1,2022-11-01,1667260800,1416.5,1449.0,1414.25,1446.0,67074,0,97212,82687.0
107,-49,ZSE,ZSEF23,D1,2022-11-02,1667347200,1446.0,1457.75,1431.0,1454.5,52194,0,73123,82463.0
108,-48,ZSE,ZSEF23,D1,2022-11-03,1667433600,1453.0,1453.5,1428.0,1437.0,44340,0,62039,77458.0
109,-47,ZSE,ZSEF23,D1,2022-11-04,1667520000,1436.25,1465.5,1431.5,1462.5,49196,0,69103,68088.0
110,-46,ZSE,ZSEF23,D1,2022-11-07,1667779200,1455.0,1469.0,1447.0,1449.75,37899,0,56429,62524.0
111,-45,ZSE,ZSEF23,D1,2022-11-08,1667865600,1450.25,1454.0,1440.5,1447.0,32774,0,46279,57270.0
112,-44,ZSE,ZSEF23,D1,2022-11-09,1667952000,1445.0,1457.75,1433.5,1452.0,47336,0,67044,56584.0
113,-43,ZSE,ZSEF23,D1,2022-11-10,1668038400,1452.0,1459.25,1420.5,1422.25,58812,0,88954,67426.0
114,-42,ZSE,ZSEF23,D1,2022-11-11,1668124800,1424.5,1458.75,1424.25,1451.75,59352,0,85604,80534.0
115,-41,ZSE,ZSEF23,D1,2022-11-14,1668384000,1449.25,1455.25,1434.25,1442.0,38965,0,54879,76479.0
116,-40,ZSE,ZSEF23,D1,2022-11-15,1668470400,1440.0,1464.75,1432.5,1456.75,45427,0,65142,68542.0
117,-39,ZSE,ZSEF23,D1,2022-11-16,1668556800,1454.75,1455.0,1423.25,1430.25,46856,0,68847,62956.0
118,-38,ZSE,ZSEF23,D1,2022-11-17,1668643200,1430.25,1431.75,1406.75,1417.75,43235,0,61574,65188.0
119,-37,ZSE,ZSEF23,D1,2022-11-18,1668729600,1418.75,1430.75,1412.25,1427.5,34852,0,46818,59080.0
120,-36,ZSE,ZSEF23,D1,2022-11-21,1668988800,1427.25,1438.0,1417.25,1436.25,36541,0,48861,52418.0
121,-35,ZSE,ZSEF23,D1,2022-11-22,1669075200,1435.25,1443.5,1428.25,1432.5,30207,0,41303,45661.0
122,-34,ZSE,ZSEF23,D1,2022-11-23,1669161600,1431.5,1441.0,1422.25,1437.0,31833,0,42430,44198.0
123,-33,ZSE,ZSEF23,D1,2022-11-25,1669334400,1436.75,1448.0,1431.0,1433.5,21213,0,29086,37606.0
124,-32,ZSE,ZSEF23,D1,2022-11-28,1669593600,1428.25,1461.75,1424.0,1456.5,51786,0,72719,48078.0
125,-31,ZSE,ZSEF23,D1,2022-11-29,1669680000,1454.75,1468.5,1449.0,1459.0,42156,0,58528,53444.0
126,-30,ZSE,ZSEF23,D1,2022-11-30,1669766400,1458.0,1478.5,1457.25,1469.5,45990,0,64209,65152.0
127,-29,ZSE,ZSEF23,D1,2022-12-01,1669852800,1466.0,1469.75,1425.25,1431.5,66719,0,98436,73724.0
128,-28,ZSE,ZSEF23,D1,2022-12-02,1669939200,1432.0,1443.0,1425.5,1440.5,40968,0,59991,74212.0
129,-27,ZSE,ZSEF23,D1,2022-12-05,1670198400,1440.5,1451.0,1435.25,1440.0,34945,0,48233,68887.0
130,-26,ZSE,ZSEF23,D1,2022-12-06,1670284800,1437.25,1472.5,1437.0,1456.5,57930,0,81481,63235.0
131,-25,ZSE,ZSEF23,D1,2022-12-07,1670371200,1455.75,1478.0,1455.75,1473.5,41853,0,58653,62789.0
132,-24,ZSE,ZSEF23,D1,2022-12-08,1670457600,1471.25,1492.25,1468.0,1486.5,48292,0,67479,69204.0
133,-23,ZSE,ZSEF23,D1,2022-12-09,1670544000,1484.5,1492.75,1477.75,1482.5,32411,0,43044,56392.0
134,-22,ZSE,ZSEF23,D1,2022-12-12,1670803200,1483.5,1483.5,1457.75,1460.75,41173,0,57972,56165.0
135,-21,ZSE,ZSEF23,D1,2022-12-13,1670889600,1461.25,1487.75,1460.75,1480.5,44615,0,70484,57167.0
136,-20,ZSE,ZSEF23,D1,2022-12-14,1670976000,1479.5,1487.0,1468.0,1483.25,38446,0,61343,63266.0
137,-19,ZSE,ZSEF23,D1,2022-12-15,1671062400,1481.0,1486.0,1468.0,1472.25,33574,0,52744,61524.0
138,-18,ZSE,ZSEF23,D1,2022-12-16,1671148800,1473.5,1486.0,1465.5,1479.0,24902,0,34325,49471.0
139,-17,ZSE,ZSEF23,D1,2022-12-19,1671408000,1470.0,1476.0,1460.0,1461.75,29454,0,44144,43738.0
140,-16,ZSE,ZSEF23,D1,2022-12-20,1671494400,1461.75,1486.75,1460.25,1478.0,32084,0,46320,41596.0
141,-15,ZSE,ZSEF23,D1,2022-12-21,1671580800,1477.0,1489.0,1475.25,1480.5,19686,0,27773,39412.0
100,-54,ZSE,ZSEH23,D1,2022-12-22,1671667200,1483.75,1487.75,1468.0,1472.75,46204,0,38320,34505.0
101,-53,ZSE,ZSEH23,D1,2022-12-23,1671753600,1473.25,1489.0,1470.5,1485.75,47509,0,41195,36329.0
102,-52,ZSE,ZSEH23,D1,2022-12-27,1672099200,1495.75,1522.75,1485.0,1488.0,49290,0,80541,53352.0
103,-51,ZSE,ZSEH23,D1,2022-12-28,1672185600,1490.25,1517.5,1489.5,1516.5,66680,0,62625,61454.0
104,-50,ZSE,ZSEH23,D1,2022-12-29,1672272000,1513.0,1524.25,1509.0,1516.5,59515,0,59536,67567.0
105,-49,ZSE,ZSEH23,D1,2022-12-30,1672358400,1515.5,1537.5,1514.25,1524.25,71235,0,62386,61516.0
106,-48,ZSE,ZSEH23,D1,2023-01-03,1672704000,1524.25,1529.0,1490.0,1494.5,46965,0,86294,69405.0
107,-47,ZSE,ZSEH23,D1,2023-01-04,1672790400,1496.5,1506.5,1480.75,1484.75,70176,0,75574,74751.0
108,-46,ZSE,ZSEH23,D1,2023-01-05,1672876800,1485.75,1490.0,1465.0,1474.0,61937,0,71406,77758.0
109,-45,ZSE,ZSEH23,D1,2023-01-06,1672963200,1474.25,1498.25,1471.5,1492.0,63457,0,66598,71193.0
110,-44,ZSE,ZSEH23,D1,2023-01-09,1673222400,1500.0,1501.75,1486.75,1490.0,63445,0,52695,63566.0
111,-43,ZSE,ZSEH23,D1,2023-01-10,1673308800,1487.75,1500.75,1474.0,1485.75,69751,0,66684,61992.0
112,-42,ZSE,ZSEH23,D1,2023-01-11,1673395200,1485.0,1500.0,1482.0,1494.0,56731,0,48574,55984.0
113,-41,ZSE,ZSEH23,D1,2023-01-12,1673481600,1494.0,1527.0,1493.25,1519.25,84330,0,97614,70957.0
114,-40,ZSE,ZSEH23,D1,2023-01-13,1673568000,1518.0,1533.0,1513.25,1528.5,67433,0,66699,70962.0
115,-39,ZSE,ZSEH23,D1,2023-01-17,1673913600,1518.75,1541.0,1512.5,1539.75,69946,0,81508,81940.0
116,-38,ZSE,ZSEH23,D1,2023-01-18,1674000000,1537.0,1548.5,1511.25,1524.75,76359,0,91628,79945.0
117,-37,ZSE,ZSEH23,D1,2023-01-19,1674086400,1523.5,1528.5,1509.0,1515.5,65152,0,71956,81697.0
118,-36,ZSE,ZSEH23,D1,2023-01-20,1674172800,1514.25,1521.75,1504.0,1509.0,54478,0,58701,74095.0
119,-35,ZSE,ZSEH23,D1,2023-01-23,1674432000,1500.0,1503.0,1479.75,1491.5,60933,0,99162,76606.0
120,-34,ZSE,ZSEH23,D1,2023-01-24,1674518400,1491.5,1506.5,1487.0,1489.25,63191,0,83732,80532.0
121,-33,ZSE,ZSEH23,D1,2023-01-25,1674604800,1488.25,1504.75,1478.25,1503.5,61192,0,77539,86811.0
122,-32,ZSE,ZSEH23,D1,2023-01-26,1674691200,1506.5,1526.25,1500.0,1523.5,66433,0,83643,81638.0
123,-31,ZSE,ZSEH23,D1,2023-01-27,1674777600,1521.75,1527.0,1506.5,1512.25,58133,0,63448,74877.0
124,-30,ZSE,ZSEH23,D1,2023-01-30,1675036800,1516.25,1538.0,1516.25,1533.5,58379,0,85348,77480.0
125,-29,ZSE,ZSEH23,D1,2023-01-31,1675123200,1533.0,1543.75,1524.5,1538.0,50161,0,72582,73793.0
126,-28,ZSE,ZSEH23,D1,2023-02-01,1675209600,1537.5,1542.75,1510.75,1520.25,53339,0,80173,79368.0
127,-27,ZSE,ZSEH23,D1,2023-02-02,1675296000,1522.5,1537.75,1522.5,1534.25,44436,0,63922,72226.0
128,-26,ZSE,ZSEH23,D1,2023-02-03,1675382400,1533.25,1539.75,1524.75,1532.0,45156,0,65486,69860.0
129,-25,ZSE,ZSEH23,D1,2023-02-06,1675641600,1532.0,1535.5,1516.75,1521.0,44229,0,62497,63968.0
130,-24,ZSE,ZSEH23,D1,2023-02-07,1675728000,1520.75,1530.5,1511.0,1516.25,46732,0,66253,64745.0
131,-23,ZSE,ZSEH23,D1,2023-02-08,1675814400,1516.0,1527.75,1505.75,1519.75,54481,0,80401,69717.0
132,-22,ZSE,ZSEH23,D1,2023-02-09,1675900800,1518.25,1533.75,1512.0,1518.75,56970,0,85732,77462.0
133,-21,ZSE,ZSEH23,D1,2023-02-10,1675987200,1517.75,1543.25,1515.5,1543.25,59958,0,91217,85783.0
134,-20,ZSE,ZSEH23,D1,2023-02-13,1676246400,1542.0,1555.5,1537.0,1542.75,50362,0,73333,83427.0
135,-19,ZSE,ZSEH23,D1,2023-02-14,1676332800,1542.0,1544.75,1532.75,1537.0,36044,0,54265,72938.0
136,-18,ZSE,ZSEH23,D1,2023-02-15,1676419200,1536.5,1537.0,1516.5,1524.25,38236,0,61511,63036.0
137,-17,ZSE,ZSEH23,D1,2023-02-16,1676505600,1525.25,1532.25,1520.5,1526.5,28445,0,44227,53334.0
138,-16,ZSE,ZSEH23,D1,2023-02-17,1676592000,1526.0,1533.25,1524.25,1527.0,22522,0,35155,46964.0
97,-57,ZSE,ZSEK23,D1,2023-02-21,1676937600,1531.25,1544.5,1530.0,1544.0,49980,0,65897,43871.0
98,-56,ZSE,ZSEK23,D1,2023-02-22,1677024000,1542.0,1549.75,1533.0,1536.5,47006,0,55858,51705.0
99,-55,ZSE,ZSEK23,D1,2023-02-23,1677110400,1535.0,1540.0,1526.25,1527.5,48824,0,62983,61579.0
100,-54,ZSE,ZSEK23,D1,2023-02-24,1677196800,1528.0,1536.25,1517.0,1519.5,57808,0,90935,69925.0
101,-53,ZSE,ZSEK23,D1,2023-02-27,1677456000,1519.75,1524.75,1508.25,1512.75,47787,0,74932,76283.0
102,-52,ZSE,ZSEK23,D1,2023-02-28,1677542400,1512.5,1513.25,1477.75,1479.5,60303,0,123492,96453.0
103,-51,ZSE,ZSEK23,D1,2023-03-01,1677628800,1481.5,1498.25,1480.25,1494.5,71646,0,102678,100367.0
104,-50,ZSE,ZSEK23,D1,2023-03-02,1677715200,1494.5,1514.75,1489.5,1509.0,62248,0,84595,103588.0
105,-49,ZSE,ZSEK23,D1,2023-03-03,1677801600,1509.25,1525.0,1507.25,1519.5,50622,0,68416,85230.0
106,-48,ZSE,ZSEK23,D1,2023-03-06,1678060800,1520.0,1538.5,1510.75,1528.5,55599,0,87145,80052.0
107,-47,ZSE,ZSEK23,D1,2023-03-07,1678147200,1528.0,1531.0,1513.25,1516.25,50088,0,65899,73820.0
108,-46,ZSE,ZSEK23,D1,2023-03-08,1678233600,1515.0,1533.75,1511.0,1518.25,60136,0,77318,76787.0
109,-45,ZSE,ZSEK23,D1,2023-03-09,1678320000,1517.5,1528.75,1505.5,1513.25,61959,0,85740,76319.0
110,-44,ZSE,ZSEK23,D1,2023-03-10,1678406400,1512.25,1515.5,1498.0,1507.0,55408,0,85766,82941.0
111,-43,ZSE,ZSEK23,D1,2023-03-13,1678665600,1514.75,1516.5,1491.0,1491.5,70058,0,93597,88368.0
112,-42,ZSE,ZSEK23,D1,2023-03-14,1678752000,1490.0,1496.75,1484.0,1494.5,55415,0,78473,85945.0
113,-41,ZSE,ZSEK23,D1,2023-03-15,1678838400,1494.0,1500.0,1480.0,1488.25,61592,0,80375,84148.0
114,-40,ZSE,ZSEK23,D1,2023-03-16,1678924800,1489.25,1498.0,1478.0,1490.5,64065,0,76300,78383.0
115,-39,ZSE,ZSEK23,D1,2023-03-17,1679011200,1492.5,1498.0,1470.0,1476.0,52875,0,81963,79546.0
116,-38,ZSE,ZSEK23,D1,2023-03-20,1679270400,1473.0,1487.75,1462.0,1484.5,71702,0,78245,78836.0
117,-37,ZSE,ZSEK23,D1,2023-03-21,1679356800,1483.75,1497.0,1465.0,1466.75,59049,0,70351,76853.0
118,-36,ZSE,ZSEK23,D1,2023-03-22,1679443200,1467.75,1472.0,1443.25,1448.5,77749,0,92955,80517.0
119,-35,ZSE,ZSEK23,D1,2023-03-23,1679529600,1450.0,1454.25,1415.25,1418.0,81680,0,112371,91892.0
120,-34,ZSE,ZSEK23,D1,2023-03-24,1679616000,1419.5,1432.0,1405.0,1429.5,92590,0,103660,102995.0
121,-33,ZSE,ZSEK23,D1,2023-03-27,1679875200,1428.75,1445.5,1423.25,1441.5,66315,0,68844,94958.0
122,-32,ZSE,ZSEK23,D1,2023-03-28,1679961600,1441.5,1469.75,1439.75,1466.75,58996,0,72738,81747.0
123,-31,ZSE,ZSEK23,D1,2023-03-29,1680048000,1466.0,1479.75,1462.5,1475.5,55522,0,61983,67855.0
124,-30,ZSE,ZSEK23,D1,2023-03-30,1680134400,1476.5,1483.5,1471.0,1474.5,49846,0,55388,63370.0
125,-29,ZSE,ZSEK23,D1,2023-03-31,1680220800,1473.25,1513.75,1468.0,1505.0,82373,0,103971,73781.0
126,-28,ZSE,ZSEK23,D1,2023-04-03,1680480000,1510.0,1527.75,1509.75,1520.5,68148,0,81985,80448.0
127,-27,ZSE,ZSEK23,D1,2023-04-04,1680566400,1520.0,1523.75,1505.5,1519.0,53587,0,66507,84154.0
128,-26,ZSE,ZSEK23,D1,2023-04-05,1680652800,1517.5,1527.0,1506.5,1509.25,60795,0,69581,72691.0
129,-25,ZSE,ZSEK23,D1,2023-04-06,1680739200,1510.0,1510.25,1483.25,1493.5,57173,0,73076,69721.0
130,-24,ZSE,ZSEK23,D1,2023-04-10,1681084800,1493.25,1499.75,1482.5,1488.75,56324,0,52858,65172.0
131,-23,ZSE,ZSEK23,D1,2023-04-11,1681171200,1487.75,1507.5,1486.25,1497.5,66581,0,76459,67464.0
132,-22,ZSE,ZSEK23,D1,2023-04-12,1681257600,1497.5,1510.5,1491.0,1505.5,56466,0,61697,63671.0
133,-21,ZSE,ZSEK23,D1,2023-04-13,1681344000,1504.25,1522.25,1500.5,1503.0,51053,0,58960,65705.0
134,-20,ZSE,ZSEK23,D1,2023-04-14,1681430400,1502.0,1503.75,1490.0,1499.0,53109,0,52783,57813.0
135,-19,ZSE,ZSEK23,D1,2023-04-17,1681689600,1500.5,1519.0,1496.25,1516.0,47100,0,41003,50915.0
95,-60,ZSE,ZSEN23,D1,2023-04-18,1681776000,1485.0,1501.0,1481.5,1489.5,53705,0,69004,56274.0
96,-59,ZSE,ZSEN23,D1,2023-04-19,1681862400,1488.75,1493.25,1477.5,1478.5,45733,0,60404,62351.0
97,-58,ZSE,ZSEN23,D1,2023-04-20,1681948800,1476.5,1477.0,1460.75,1468.25,48732,0,70254,66554.0
98,-57,ZSE,ZSEN23,D1,2023-04-21,1682035200,1467.75,1469.5,1444.25,1449.25,54612,0,92232,74297.0
99,-56,ZSE,ZSEN23,D1,2023-04-24,1682294400,1450.25,1462.25,1434.0,1435.25,62773,0,100735,87740.0
100,-55,ZSE,ZSEN23,D1,2023-04-25,1682380800,1434.0,1439.75,1411.25,1417.75,73251,0,120068,104345.0
101,-54,ZSE,ZSEN23,D1,2023-04-26,1682467200,1417.5,1428.25,1412.0,1415.75,59180,0,96629,105811.0
102,-53,ZSE,ZSEN23,D1,2023-04-27,1682553600,1414.75,1417.25,1401.75,1405.75,55645,0,92570,103089.0
103,-52,ZSE,ZSEN23,D1,2023-04-28,1682640000,1406.5,1423.5,1396.5,1419.25,66867,0,109254,99484.0
104,-51,ZSE,ZSEN23,D1,2023-05-01,1682899200,1419.25,1429.25,1413.0,1427.25,36888,0,57344,86389.0
105,-50,ZSE,ZSEN23,D1,2023-05-02,1682985600,1427.0,1440.0,1408.0,1409.25,54275,0,83944,83514.0
106,-49,ZSE,ZSEN23,D1,2023-05-03,1683072000,1411.0,1418.75,1392.25,1417.0,62216,0,98396,79895.0
107,-48,ZSE,ZSEN23,D1,2023-05-04,1683158400,1415.25,1423.5,1405.0,1417.0,47671,0,75866,86069.0
108,-47,ZSE,ZSEN23,D1,2023-05-05,1683244800,1417.0,1438.75,1416.0,1436.75,49032,0,77807,84023.0
109,-46,ZSE,ZSEN23,D1,2023-05-08,1683504000,1436.5,1446.75,1430.0,1434.5,42370,0,62419,72031.0
110,-45,ZSE,ZSEN23,D1,2023-05-09,1683590400,1432.25,1432.5,1410.5,1414.0,46709,0,74309,71512.0
111,-44,ZSE,ZSEN23,D1,2023-05-10,1683676800,1414.5,1418.25,1402.5,1404.0,43979,0,67353,68027.0
112,-43,ZSE,ZSEN23,D1,2023-05-11,1683763200,1403.0,1413.5,1385.25,1407.0,59482,0,92226,77963.0
113,-42,ZSE,ZSEN23,D1,2023-05-12,1683849600,1405.25,1416.75,1388.5,1389.5,60420,0,96081,85220.0
114,-41,ZSE,ZSEN23,D1,2023-05-15,1684108800,1388.75,1411.5,1386.25,1400.25,52891,0,79374,89227.0
115,-40,ZSE,ZSEN23,D1,2023-05-16,1684195200,1399.75,1401.75,1358.75,1364.5,73641,0,117024,97493.0
116,-39,ZSE,ZSEN23,D1,2023-05-17,1684281600,1365.0,1365.75,1332.75,1333.0,68402,0,107880,101426.0
117,-38,ZSE,ZSEN23,D1,2023-05-18,1684368000,1336.0,1348.0,1323.25,1332.75,61436,0,94595,106500.0
118,-37,ZSE,ZSEN23,D1,2023-05-19,1684454400,1333.25,1345.0,1304.75,1305.25,61398,0,91354,97943.0
119,-36,ZSE,ZSEN23,D1,2023-05-22,1684713600,1308.25,1344.25,1304.75,1340.25,70603,0,107493,97814.0
120,-35,ZSE,ZSEN23,D1,2023-05-23,1684800000,1340.25,1341.25,1315.5,1322.0,51065,0,77347,92065.0
121,-34,ZSE,ZSEN23,D1,2023-05-24,1684886400,1322.5,1337.75,1316.0,1324.25,44253,0,66698,83846.0
122,-33,ZSE,ZSEN23,D1,2023-05-25,1684972800,1324.25,1333.5,1305.0,1326.25,56261,0,85761,76602.0
123,-32,ZSE,ZSEN23,D1,2023-05-26,1685059200,1323.75,1343.5,1322.0,1336.25,48147,0,73307,75255.0
124,-31,ZSE,ZSEN23,D1,2023-05-30,1685404800,1337.25,1337.25,1294.25,1295.75,57048,0,87369,82146.0
125,-30,ZSE,ZSEN23,D1,2023-05-31,1685491200,1298.25,1302.75,1270.75,1299.5,61053,0,91734,84137.0
126,-29,ZSE,ZSEN23,D1,2023-06-01,1685577600,1300.0,1335.25,1299.25,1327.0,60939,0,92691,90598.0
127,-28,ZSE,ZSEN23,D1,2023-06-02,1685664000,1328.75,1355.25,1322.0,1352.0,51027,0,77791,87405.0
128,-27,ZSE,ZSEN23,D1,2023-06-05,1685923200,1353.25,1361.5,1343.5,1349.0,42495,0,63839,78107.0
129,-26,ZSE,ZSEN23,D1,2023-06-06,1686009600,1351.5,1364.0,1340.25,1353.0,53483,0,84122,75251.0
130,-25,ZSE,ZSEN23,D1,2023-06-07,1686096000,1353.5,1370.75,1350.0,1359.75,48959,0,74362,74108.0
131,-24,ZSE,ZSEN23,D1,2023-06-08,1686182400,1358.0,1371.75,1352.0,1362.25,48673,0,74521,77668.0
132,-23,ZSE,ZSEN23,D1,2023-06-09,1686268800,1360.5,1388.0,1356.25,1387.75,58201,0,89566,79483.0
133,-22,ZSE,ZSEN23,D1,2023-06-12,1686528000,1390.0,1392.75,1368.5,1374.0,47280,0,68423,77503.0
134,-21,ZSE,ZSEN23,D1,2023-06-13,1686614400,1373.25,1415.5,1371.75,1399.0,66432,0,103285,87091.0
135,-20,ZSE,ZSEN23,D1,2023-06-14,1686700800,1398.75,1399.0,1380.0,1390.0,44727,0,66785,79498.0
136,-19,ZSE,ZSEN23,D1,2023-06-15,1686787200,1390.5,1432.0,1387.5,1428.0,57358,0,85044,85038.0
33,-104,ZSE,ZSEX23,D1,2023-06-16,1686873600,1290.5,1347.25,1289.5,1340.25,96442,0,132545,90936.0
34,-103,ZSE,ZSEX23,D1,2023-06-20,1687219200,1352.25,1364.75,1324.25,1344.0,114670,0,114842,109938.0
35,-102,ZSE,ZSEX23,D1,2023-06-21,1687305600,1358.0,1378.0,1341.25,1376.5,114028,0,118221,121869.0
36,-101,ZSE,ZSEX23,D1,2023-06-22,1687392000,1370.5,1373.5,1322.75,1339.5,110515,0,134628,122564.0
37,-100,ZSE,ZSEX23,D1,2023-06-23,1687478400,1335.25,1336.5,1290.75,1304.0,117351,0,116919,123256.0
38,-99,ZSE,ZSEX23,D1,2023-06-26,1687737600,1309.0,1333.0,1297.5,1322.75,110934,0,94637,115395.0
39,-98,ZSE,ZSEX23,D1,2023-06-27,1687824000,1324.0,1324.75,1281.5,1293.75,118024,0,98434,103330.0
40,-97,ZSE,ZSEX23,D1,2023-06-28,1687910400,1293.5,1295.5,1256.75,1265.25,116900,0,105496,99522.0
41,-96,ZSE,ZSEX23,D1,2023-06-29,1687996800,1262.0,1275.75,1260.0,1264.25,95058,0,73385,92438.0
42,-95,ZSE,ZSEX23,D1,2023-06-30,1688083200,1267.75,1351.75,1266.0,1342.5,132992,0,176435,118439.0
43,-94,ZSE,ZSEX23,D1,2023-07-03,1688342400,1343.75,1391.75,1343.25,1353.25,146344,0,137346,129055.0
44,-93,ZSE,ZSEX23,D1,2023-07-05,1688515200,1364.0,1378.75,1338.0,1350.5,74240,0,111833,141871.0
45,-92,ZSE,ZSEX23,D1,2023-07-06,1688601600,1352.25,1362.75,1331.0,1342.25,101009,0,82896,110692.0
46,-91,ZSE,ZSEX23,D1,2023-07-07,1688688000,1340.0,1343.25,1315.5,1319.25,91085,0,69724,88151.0
47,-90,ZSE,ZSEX23,D1,2023-07-10,1688947200,1328.0,1353.5,1317.75,1343.5,96404,0,80089,77570.0
48,-89,ZSE,ZSEX23,D1,2023-07-11,1689033600,1346.5,1367.25,1344.0,1360.25,98635,0,76750,75521.0
49,-88,ZSE,ZSEX23,D1,2023-07-12,1689120000,1359.5,1378.0,1325.0,1326.75,105819,0,130972,95937.0
50,-87,ZSE,ZSEX23,D1,2023-07-13,1689206400,1327.0,1370.75,1325.5,1368.25,101267,0,90070,99264.0
51,-86,ZSE,ZSEX23,D1,2023-07-14,1689292800,1367.75,1384.25,1355.0,1373.0,103697,0,91908,104317.0
52,-85,ZSE,ZSEX23,D1,2023-07-17,1689552000,1385.0,1388.75,1369.0,1376.0,17889,0,83440,88473.0
53,-84,ZSE,ZSEX23,D1,2023-07-18,1689638400,1371.5,1405.0,1368.25,1394.5,87404,0,112827,96058.0
54,-83,ZSE,ZSEX23,D1,2023-07-19,1689724800,1395.0,1428.75,1390.0,1407.0,118673,0,115445,103904.0
55,-82,ZSE,ZSEX23,D1,2023-07-20,1689811200,1405.0,1418.25,1398.5,1403.75,104221,0,79263,102512.0
56,-81,ZSE,ZSEX23,D1,2023-07-21,1689897600,1401.25,1408.75,1385.25,1402.0,95162,0,84656,93121.0
57,-80,ZSE,ZSEX23,D1,2023-07-24,1690156800,1410.0,1435.0,1401.5,1423.5,101138,0,107040,90320.0
58,-79,ZSE,ZSEX23,D1,2023-07-25,1690243200,1422.25,1428.75,1402.75,1419.0,96445,0,92170,94622.0
59,-78,ZSE,ZSEX23,D1,2023-07-26,1690329600,1416.25,1428.0,1407.25,1420.75,91279,0,118185,105798.0
60,-77,ZSE,ZSEX23,D1,2023-07-27,1690416000,1419.25,1432.0,1395.5,1396.25,92639,0,89349,99901.0
61,-76,ZSE,ZSEX23,D1,2023-07-28,1690502400,1397.75,1401.5,1379.0,1382.75,96064,0,78848,95461.0
62,-75,ZSE,ZSEX23,D1,2023-07-31,1690761600,1375.5,1375.5,1322.75,1331.0,93517,0,126949,98382.0
63,-74,ZSE,ZSEX23,D1,2023-08-01,1690848000,1335.0,1344.5,1326.25,1344.0,82964,0,96304,100700.0
64,-73,ZSE,ZSEX23,D1,2023-08-02,1690934400,1344.0,1354.0,1315.0,1320.5,91107,0,97661,106971.0
65,-72,ZSE,ZSEX23,D1,2023-08-03,1691020800,1321.5,1337.25,1318.5,1325.25,74177,0,62056,85340.0
66,-71,ZSE,ZSEX23,D1,2023-08-04,1691107200,1326.0,1345.75,1322.5,1331.0,76965,0,67034,75584.0
67,-70,ZSE,ZSEX23,D1,2023-08-07,1691366400,1324.5,1327.0,1291.0,1303.75,88188,0,96062,75051.0
68,-69,ZSE,ZSEX23,D1,2023-08-08,1691452800,1302.0,1311.0,1282.25,1305.25,74350,0,76734,79943.0
69,-68,ZSE,ZSEX23,D1,2023-08-09,1691539200,1306.75,1323.0,1306.25,1309.75,67113,0,61620,78139.0
70,-67,ZSE,ZSEX23,D1,2023-08-10,1691625600,1308.5,1328.0,1305.0,1319.5,64519,0,58922,65759.0
71,-66,ZSE,ZSEX23,D1,2023-08-11,1691712000,1319.25,1338.0,1297.5,1306.25,83448,0,97512,72685.0
72,-65,ZSE,ZSEX23,D1,2023-08-14,1691971200,1313.0,1328.5,1308.0,1324.75,71485,0,63109,73181.0
73,-64,ZSE,ZSEX23,D1,2023-08-15,1692057600,1317.5,1334.5,1303.0,1304.5,82428,0,87086,82569.0
74,-63,ZSE,ZSEX23,D1,2023-08-16,1692144000,1305.25,1331.5,1303.0,1325.0,72445,0,87124,79106.0
75,-62,ZSE,ZSEX23,D1,2023-08-17,1692230400,1324.25,1341.0,1320.5,1330.5,74995,0,77524,83911.0
76,-61,ZSE,ZSEX23,D1,2023-08-18,1692316800,1331.25,1355.5,1331.25,1354.0,79237,0,89544,84731.0
77,-60,ZSE,ZSEX23,D1,2023-08-21,1692576000,1362.25,1381.0,1355.5,1360.5,80716,0,94393,87154.0
78,-59,ZSE,ZSEX23,D1,2023-08-22,1692662400,1361.75,1373.5,1339.0,1344.5,82073,0,86156,90031.0
79,-58,ZSE,ZSEX23,D1,2023-08-23,1692748800,1346.0,1364.25,1332.5,1361.25,81912,0,87995,89515.0
80,-57,ZSE,ZSEX23,D1,2023-08-24,1692835200,1360.0,1373.0,1356.5,1372.25,79552,0,72735,82295.0
81,-56,ZSE,ZSEX23,D1,2023-08-25,1692921600,1370.0,1390.5,1368.0,1386.75,65840,0,87491,82740.0
82,-55,ZSE,ZSEX23,D1,2023-08-28,1693180800,1398.25,1409.5,1394.75,1406.0,75034,0,87454,82560.0
83,-54,ZSE,ZSEX23,D1,2023-08-29,1693267200,1393.0,1405.0,1392.0,1392.25,63993,0,75352,83432.0
84,-53,ZSE,ZSEX23,D1,2023-08-30,1693353600,1390.75,1401.0,1380.5,1386.0,65812,0,71033,77946.0
85,-52,ZSE,ZSEX23,D1,2023-08-31,1693440000,1386.75,1392.0,1367.25,1367.5,66205,0,71456,72614.0
86,-51,ZSE,ZSEX23,D1,2023-09-01,1693526400,1369.0,1385.0,1366.0,1368.5,68086,0,78115,73535.0
87,-50,ZSE,ZSEX23,D1,2023-09-05,1693872000,1369.0,1376.5,1358.0,1367.0,66744,0,75578,75050.0
88,-49,ZSE,ZSEX23,D1,2023-09-06,1693958400,1377.0,1384.75,1370.0,1375.0,58199,0,78956,77550.0
89,-48,ZSE,ZSEX23,D1,2023-09-07,1694044800,1376.25,1378.0,1357.0,1360.25,50968,0,65619,73384.0
90,-47,ZSE,ZSEX23,D1,2023-09-08,1694131200,1360.0,1365.0,1352.5,1364.0,55285,0,64188,69588.0
91,-46,ZSE,ZSEX23,D1,2023-09-11,1694390400,1363.0,1373.25,1362.25,1370.0,52049,0,55843,61883.0
92,-45,ZSE,ZSEX23,D1,2023-09-12,1694476800,1369.0,1372.25,1340.75,1344.75,73814,0,125352,81794.0
93,-44,ZSE,ZSEX23,D1,2023-09-13,1694563200,1344.75,1351.25,1333.75,1351.0,58601,0,85233,88809.0
94,-43,ZSE,ZSEX23,D1,2023-09-14,1694649600,1349.75,1364.5,1346.25,1361.25,53539,0,77334,95973.0
95,-42,ZSE,ZSEX23,D1,2023-09-15,1694736000,1360.5,1367.75,1338.25,1338.5,53908,0,79477,80681.0
96,-41,ZSE,ZSEX23,D1,2023-09-18,1694995200,1340.0,1344.5,1315.5,1315.5,56104,0,98821,85211.0
97,-40,ZSE,ZSEX23,D1,2023-09-19,1695081600,1315.0,1319.75,1308.0,1315.25,54825,0,94381,90893.0
98,-39,ZSE,ZSEX23,D1,2023-09-20,1695168000,1315.25,1322.75,1310.25,1319.75,50857,0,76548,89917.0
99,-38,ZSE,ZSEX23,D1,2023-09-21,1695254400,1319.75,1322.0,1293.0,1293.75,56711,0,103039,91323.0
100,-37,ZSE,ZSEX23,D1,2023-09-22,1695340800,1294.0,1303.0,1292.5,1295.25,52211,0,80000,86529.0
101,-36,ZSE,ZSEX23,D1,2023-09-25,1695600000,1295.25,1300.0,1284.5,1299.25,49285,0,69789,84276.0
102,-35,ZSE,ZSEX23,D1,2023-09-26,1695686400,1299.25,1307.75,1289.0,1304.0,56889,0,75615,75135.0
103,-34,ZSE,ZSEX23,D1,2023-09-27,1695772800,1302.75,1317.0,1297.5,1303.25,53202,0,89185,78196.0
104,-33,ZSE,ZSEX23,D1,2023-09-28,1695859200,1303.0,1307.0,1287.0,1301.75,54791,0,83021,82607.0
105,-32,ZSE,ZSEX23,D1,2023-09-29,1695945600,1300.5,1305.5,1272.5,1275.0,60925,0,118129,96778.0
106,-31,ZSE,ZSEX23,D1,2023-10-02,1696204800,1272.5,1279.5,1265.75,1276.5,62341,0,104584,101911.0
107,-30,ZSE,ZSEX23,D1,2023-10-03,1696291200,1276.5,1278.75,1256.75,1274.5,55019,0,114635,112449.0
108,-29,ZSE,ZSEX23,D1,2023-10-04,1696377600,1272.0,1285.0,1268.75,1272.5,55503,0,86698,101972.0
109,-28,ZSE,ZSEX23,D1,2023-10-05,1696464000,1271.75,1283.75,1262.0,1279.5,51049,0,87533,96289.0
110,-27,ZSE,ZSEX23,D1,2023-10-06,1696550400,1279.5,1287.25,1263.5,1263.75,51004,0,83900,86044.0
111,-26,ZSE,ZSEX23,D1,2023-10-09,1696809600,1267.0,1277.5,1258.25,1263.75,60398,0,92229,87887.0
112,-25,ZSE,ZSEX23,D1,2023-10-10,1696896000,1263.0,1273.25,1254.25,1272.75,57638,0,85082,87070.0
113,-24,ZSE,ZSEX23,D1,2023-10-11,1696982400,1271.5,1274.25,1251.0,1253.0,52714,0,94948,90753.0
114,-23,ZSE,ZSEX23,D1,2023-10-12,1697068800,1252.5,1299.75,1250.5,1288.0,80643,0,157622,112551.0
115,-22,ZSE,ZSEX23,D1,2023-10-13,1697155200,1286.75,1298.5,1273.5,1282.0,62660,0,101264,117945.0
116,-21,ZSE,ZSEX23,D1,2023-10-16,1697414400,1280.0,1289.0,1279.5,1287.0,38635,0,57181,105356.0
117,-20,ZSE,ZSEX23,D1,2023-10-17,1697500800,1286.25,1303.5,1286.0,1297.75,49940,0,74836,77760.0
118,-19,ZSE,ZSEX23,D1,2023-10-18,1697587200,1297.0,1313.0,1293.25,1312.5,55708,0,86288,72768.0
119,-18,ZSE,ZSEX23,D1,2023-10-19,1697673600,1311.0,1317.75,1300.25,1317.0,56947,0,88117,83080.0
120,-17,ZSE,ZSEX23,D1,2023-10-20,1697760000,1315.0,1318.5,1301.0,1302.25,51248,0,74863,83089.0
121,-16,ZSE,ZSEX23,D1,2023-10-23,1698019200,1301.25,1304.0,1286.0,1287.0,39344,0,57807,73596.0
122,-15,ZSE,ZSEX23,D1,2023-10-24,1698105600,1287.25,1297.75,1280.5,1293.5,35210,0,54767,62479.0
123,-14,ZSE,ZSEX23,D1,2023-10-25,1698192000,1293.0,1301.25,1278.0,1288.25,22600,0,36192,49589.0
102,-53,ZSE,ZSEF24,D1,2023-10-26,1698278400,1307.5,1318.5,1298.0,1299.5,55217,0,64305,56613.0
103,-52,ZSE,ZSEF24,D1,2023-10-27,1698364800,1300.0,1325.25,1298.5,1317.5,55821,0,93687,73001.0
104,-51,ZSE,ZSEF24,D1,2023-10-30,1698624000,1319.5,1331.25,1305.5,1308.25,57151,0,89832,82608.0
105,-50,ZSE,ZSEF24,D1,2023-10-31,1698710400,1307.25,1321.5,1300.0,1311.5,53010,0,81835,88451.0
106,-49,ZSE,ZSEF24,D1,2023-11-01,1698796800,1311.0,1319.25,1304.75,1317.0,48473,0,60036,77234.0
107,-48,ZSE,ZSEF24,D1,2023-11-02,1698883200,1315.25,1330.0,1315.0,1328.75,46370,0,74804,72225.0
108,-47,ZSE,ZSEF24,D1,2023-11-03,1698969600,1327.0,1355.0,1326.25,1354.0,56905,0,111307,82049.0
109,-46,ZSE,ZSEF24,D1,2023-11-06,1699228800,1352.0,1369.75,1352.0,1362.5,68933,0,111613,99241.0
110,-45,ZSE,ZSEF24,D1,2023-11-07,1699315200,1362.25,1380.0,1356.75,1363.0,65589,0,133224,118715.0
111,-44,ZSE,ZSEF24,D1,2023-11-08,1699401600,1362.0,1384.5,1361.0,1366.75,68892,0,115850,120229.0
112,-43,ZSE,ZSEF24,D1,2023-11-09,1699488000,1366.5,1373.0,1336.0,1345.5,76395,0,132607,127227.0
113,-42,ZSE,ZSEF24,D1,2023-11-10,1699574400,1345.75,1349.75,1337.0,1348.5,53672,0,59621,102693.0
114,-41,ZSE,ZSEF24,D1,2023-11-13,1699833600,1353.75,1386.0,1350.25,1385.5,56997,0,105866,99365.0
115,-40,ZSE,ZSEF24,D1,2023-11-14,1699920000,1382.75,1391.5,1368.5,1391.25,68651,0,95046,86844.0
116,-39,ZSE,ZSEF24,D1,2023-11-15,1700006400,1389.0,1398.5,1379.5,1385.75,57639,0,81451,94121.0
117,-38,ZSE,ZSEF24,D1,2023-11-16,1700092800,1385.0,1387.75,1353.75,1360.0,65583,0,104081,93526.0
118,-37,ZSE,ZSEF24,D1,2023-11-17,1700179200,1360.0,1361.5,1336.75,1344.0,57544,0,93061,92864.0
119,-36,ZSE,ZSEF24,D1,2023-11-20,1700438400,1339.25,1368.0,1327.0,1367.0,76342,0,102286,99809.0
120,-35,ZSE,ZSEF24,D1,2023-11-21,1700524800,1365.5,1389.25,1364.0,1375.75,71380,0,93675,96341.0
121,-34,ZSE,ZSEF24,D1,2023-11-22,1700611200,1377.0,1378.5,1354.25,1358.5,68697,0,79400,91787.0
122,-33,ZSE,ZSEF24,D1,2023-11-24,1700784000,1354.5,1355.0,1329.5,1330.25,27190,0,57638,76904.0
123,-32,ZSE,ZSEF24,D1,2023-11-27,1701043200,1329.5,1339.0,1323.5,1329.5,67148,0,78179,71739.0
124,-31,ZSE,ZSEF24,D1,2023-11-28,1701129600,1331.75,1350.0,1329.5,1347.0,50814,0,78303,71373.0
125,-30,ZSE,ZSEF24,D1,2023-11-29,1701216000,1346.25,1352.0,1337.0,1347.25,50489,0,76709,77730.0
126,-29,ZSE,ZSEF24,D1,2023-11-30,1701302400,1346.75,1351.5,1339.25,1343.0,42437,0,61394,72135.0
127,-28,ZSE,ZSEF24,D1,2023-12-01,1701388800,1342.0,1343.5,1323.5,1323.75,52717,0,80922,73008.0
128,-27,ZSE,ZSEF24,D1,2023-12-04,1701648000,1322.5,1329.25,1303.5,1307.25,58584,0,89995,77437.0
129,-26,ZSE,ZSEF24,D1,2023-12-05,1701734400,1307.5,1315.25,1294.0,1308.5,52820,0,83919,84945.0
130,-25,ZSE,ZSEF24,D1,2023-12-06,1701820800,1309.25,1313.5,1293.75,1296.5,46368,0,71655,81856.0
131,-24,ZSE,ZSEF24,D1,2023-12-07,1701907200,1296.0,1318.25,1292.0,1310.5,50087,0,78933,78169.0
132,-23,ZSE,ZSEF24,D1,2023-12-08,1701993600,1312.75,1330.75,1299.0,1306.25,53504,0,82020,77536.0
133,-22,ZSE,ZSEF24,D1,2023-12-11,1702252800,1309.5,1338.5,1307.0,1337.75,54560,0,83588,81514.0
134,-21,ZSE,ZSEF24,D1,2023-12-12,1702339200,1337.25,1344.0,1320.5,1323.5,45211,0,66165,77258.0
135,-20,ZSE,ZSEF24,D1,2023-12-13,1702425600,1323.0,1323.0,1302.5,1308.75,46872,0,70605,73453.0
136,-19,ZSE,ZSEF24,D1,2023-12-14,1702512000,1311.0,1319.25,1304.0,1316.5,33829,0,48846,61872.0
137,-18,ZSE,ZSEF24,D1,2023-12-15,1702598400,1317.0,1320.5,1304.0,1316.5,31659,0,48890,56114.0
138,-17,ZSE,ZSEF24,D1,2023-12-18,1702857600,1318.0,1328.0,1307.0,1328.0,34816,0,51861,49866.0
139,-16,ZSE,ZSEF24,D1,2023-12-19,1702944000,1326.25,1328.75,1309.5,1312.5,29441,0,46810,49187.0
99,-57,ZSE,ZSEH24,D1,2023-12-20,1703030400,1322.25,1328.25,1311.25,1316.5,34488,0,52986,50156.0
100,-56,ZSE,ZSEH24,D1,2023-12-21,1703116800,1316.5,1316.75,1299.25,1300.0,41007,0,65620,56413.0
101,-55,ZSE,ZSEH24,D1,2023-12-22,1703203200,1301.0,1310.5,1298.25,1305.75,33449,0,50665,56424.0
102,-54,ZSE,ZSEH24,D1,2023-12-26,1703548800,1307.0,1319.75,1302.5,1318.0,30654,0,46377,54221.0
103,-53,ZSE,ZSEH24,D1,2023-12-27,1703635200,1317.0,1322.75,1309.0,1320.75,34473,0,48408,48483.0
104,-52,ZSE,ZSEH24,D1,2023-12-28,1703721600,1319.5,1327.5,1309.0,1311.5,41537,0,59044,51276.0
105,-51,ZSE,ZSEH24,D1,2023-12-29,1703808000,1311.25,1316.75,1296.75,1297.5,38615,0,58243,55232.0
106,-50,ZSE,ZSEH24,D1,2024-01-02,1704153600,1290.5,1290.75,1267.25,1273.5,62399,0,95510,70932.0
107,-49,ZSE,ZSEH24,D1,2024-01-03,1704240000,1273.5,1280.0,1265.75,1277.0,49635,0,72742,75498.0
108,-48,ZSE,ZSEH24,D1,2024-01-04,1704326400,1277.0,1280.75,1265.0,1267.0,47221,0,70784,79679.0
109,-47,ZSE,ZSEH24,D1,2024-01-05,1704412800,1267.5,1271.5,1255.0,1257.0,44026,0,65329,69618.0
110,-46,ZSE,ZSEH24,D1,2024-01-08,1704672000,1259.0,1261.0,1236.0,1245.75,59880,0,89899,75337.0
111,-45,ZSE,ZSEH24,D1,2024-01-09,1704758400,1245.25,1251.5,1234.0,1247.75,51968,0,79178,78135.0
112,-44,ZSE,ZSEH24,D1,2024-01-10,1704844800,1249.0,1250.0,1235.25,1235.5,51227,0,79377,82818.0
113,-43,ZSE,ZSEH24,D1,2024-01-11,1704931200,1236.75,1249.75,1234.25,1236.75,49394,0,77297,78617.0
114,-42,ZSE,ZSEH24,D1,2024-01-12,1705017600,1237.5,1246.75,1203.0,1226.25,103018,0,176266,110980.0
115,-41,ZSE,ZSEH24,D1,2024-01-16,1705363200,1227.0,1237.75,1220.75,1227.5,62919,0,99604,117722.0
116,-40,ZSE,ZSEH24,D1,2024-01-17,1705449600,1227.5,1231.0,1205.0,1205.75,61839,0,98082,124651.0
117,-39,ZSE,ZSEH24,D1,2024-01-18,1705536000,1206.0,1216.0,1201.0,1213.25,49480,0,72819,90168.0
118,-38,ZSE,ZSEH24,D1,2024-01-19,1705622400,1212.75,1227.0,1210.75,1214.0,41923,0,61056,77319.0
119,-37,ZSE,ZSEH24,D1,2024-01-22,1705881600,1216.75,1225.75,1209.5,1223.75,42917,0,64846,66240.0
120,-36,ZSE,ZSEH24,D1,2024-01-23,1705968000,1224.25,1240.5,1221.5,1239.25,42996,0,66582,64161.0
121,-35,ZSE,ZSEH24,D1,2024-01-24,1706054400,1239.0,1246.0,1235.25,1239.5,46295,0,72550,67993.0
122,-34,ZSE,ZSEH24,D1,2024-01-25,1706140800,1240.0,1247.5,1215.5,1222.75,54512,0,87321,75484.0
123,-33,ZSE,ZSEH24,D1,2024-01-26,1706227200,1223.25,1230.75,1208.5,1208.75,49391,0,81653,80508.0
124,-32,ZSE,ZSEH24,D1,2024-01-29,1706486400,1210.75,1212.5,1191.5,1193.5,56414,0,92995,87323.0
125,-31,ZSE,ZSEH24,D1,2024-01-30,1706572800,1193.75,1221.25,1187.75,1220.25,54045,0,83164,85937.0
126,-30,ZSE,ZSEH24,D1,2024-01-31,1706659200,1218.75,1223.0,1206.75,1222.25,50510,0,75178,83779.0
127,-29,ZSE,ZSEH24,D1,2024-02-01,1706745600,1221.5,1221.75,1199.5,1203.25,47998,0,74217,77520.0
128,-28,ZSE,ZSEH24,D1,2024-02-02,1706832000,1203.0,1208.25,1186.75,1188.0,41304,0,65290,71562.0
129,-27,ZSE,ZSEH24,D1,2024-02-05,1707091200,1190.0,1198.5,1179.5,1197.5,54270,0,84227,74578.0
130,-26,ZSE,ZSEH24,D1,2024-02-06,1707177600,1196.0,1205.5,1193.75,1199.75,36592,0,54198,67905.0
131,-25,ZSE,ZSEH24,D1,2024-02-07,1707264000,1198.5,1202.0,1179.25,1189.75,48716,0,78273,72233.0
132,-24,ZSE,ZSEH24,D1,2024-02-08,1707350400,1188.0,1204.75,1180.5,1195.5,61218,0,95444,75972.0
133,-23,ZSE,ZSEH24,D1,2024-02-09,1707436800,1195.0,1198.0,1181.5,1184.75,35394,0,52626,75448.0
134,-22,ZSE,ZSEH24,D1,2024-02-12,1707696000,1183.75,1196.75,1182.5,1192.75,30672,0,44645,64238.0
135,-21,ZSE,ZSEH24,D1,2024-02-13,1707782400,1191.75,1197.5,1183.0,1187.0,30404,0,45183,47485.0
136,-20,ZSE,ZSEH24,D1,2024-02-14,1707868800,1186.0,1190.0,1168.25,1168.25,42099,0,68175,52668.0
137,-19,ZSE,ZSEH24,D1,2024-02-15,1707955200,1168.0,1174.75,1160.25,1163.0,40149,0,65576,59645.0
138,-18,ZSE,ZSEH24,D1,2024-02-16,1708041600,1163.75,1173.75,1162.25,1173.5,29800,0,45215,59655.0
139,-17,ZSE,ZSEH24,D1,2024-02-20,1708387200,1177.75,1188.5,1174.0,1178.75,38463,0,62211,57667.0
140,-16,ZSE,ZSEH24,D1,2024-02-21,1708473600,1178.5,1179.25,1157.5,1160.25,28199,0,47963,51796.0
99,-55,ZSE,ZSEK24,D1,2024-02-22,1708560000,1165.5,1172.0,1151.75,1152.75,40425,0,64393,58183.0
100,-54,ZSE,ZSEK24,D1,2024-02-23,1708646400,1153.25,1158.5,1138.25,1143.5,51249,0,85323,68535.0
101,-53,ZSE,ZSEK24,D1,2024-02-26,1708905600,1145.0,1151.0,1133.5,1143.5,57628,0,93756,81157.0
102,-52,ZSE,ZSEK24,D1,2024-02-27,1708992000,1145.0,1161.5,1138.5,1143.25,60943,0,101128,93402.0
103,-51,ZSE,ZSEK24,D1,2024-02-28,1709078400,1141.5,1151.5,1134.0,1146.25,52628,0,84154,93013.0
104,-50,ZSE,ZSEK24,D1,2024-02-29,1709164800,1144.75,1148.75,1128.5,1139.5,64950,0,102600,95961.0
105,-49,ZSE,ZSEK24,D1,2024-03-01,1709251200,1140.0,1152.25,1137.25,1149.75,49684,0,81275,89343.0
106,-48,ZSE,ZSEK24,D1,2024-03-04,1709510400,1152.5,1165.75,1151.0,1154.5,54167,0,85424,89766.0
107,-47,ZSE,ZSEK24,D1,2024-03-05,1709596800,1155.25,1158.75,1146.75,1148.75,52475,0,80184,82294.0
108,-46,ZSE,ZSEK24,D1,2024-03-06,1709683200,1149.25,1153.5,1140.25,1149.5,43961,0,69133,78247.0
109,-45,ZSE,ZSEK24,D1,2024-03-07,1709769600,1149.0,1167.0,1147.0,1166.0,60592,0,97766,82361.0
110,-44,ZSE,ZSEK24,D1,2024-03-08,1709856000,1164.5,1185.0,1153.75,1184.75,82104,0,140662,102520.0
111,-43,ZSE,ZSEK24,D1,2024-03-11,1710115200,1185.25,1189.25,1175.0,1179.75,56152,0,84431,107620.0
112,-42,ZSE,ZSEK24,D1,2024-03-12,1710201600,1179.0,1196.5,1175.75,1194.0,67845,0,109388,111494.0
113,-41,ZSE,ZSEK24,D1,2024-03-13,1710288000,1191.75,1199.25,1182.75,1196.25,59945,0,89110,94310.0
114,-40,ZSE,ZSEK24,D1,2024-03-14,1710374400,1196.0,1217.5,1191.5,1195.5,77089,0,122408,106969.0
115,-39,ZSE,ZSEK24,D1,2024-03-15,1710460800,1194.5,1200.0,1183.5,1198.5,55903,0,85600,99039.0
116,-38,ZSE,ZSEK24,D1,2024-03-18,1710720000,1198.5,1206.0,1186.75,1188.25,52112,0,75749,94586.0
117,-37,ZSE,ZSEK24,D1,2024-03-19,1710806400,1188.0,1192.25,1181.0,1185.75,45619,0,69140,76830.0
118,-36,ZSE,ZSEK24,D1,2024-03-20,1710892800,1185.75,1211.75,1183.5,1210.25,69370,0,114130,86340.0
119,-35,ZSE,ZSEK24,D1,2024-03-21,1710979200,1208.25,1226.75,1204.0,1211.25,70718,0,105635,96302.0
120,-34,ZSE,ZSEK24,D1,2024-03-22,1711065600,1210.25,1211.0,1189.25,1192.0,53756,0,87278,102348.0
121,-33,ZSE,ZSEK24,D1,2024-03-25,1711324800,1194.0,1210.0,1188.5,1207.75,49320,0,75145,89353.0
122,-32,ZSE,ZSEK24,D1,2024-03-26,1711411200,1207.75,1208.0,1197.75,1198.0,42174,0,61780,74734.0
123,-31,ZSE,ZSEK24,D1,2024-03-27,1711497600,1196.5,1198.0,1189.5,1192.25,38380,0,58227,65051.0
124,-30,ZSE,ZSEK24,D1,2024-03-28,1711584000,1191.75,1199.5,1177.0,1192.0,73756,0,116838,78948.0
125,-29,ZSE,ZSEK24,D1,2024-04-01,1711929600,1196.0,1201.75,1181.5,1185.5,48762,0,73224,82763.0
126,-28,ZSE,ZSEK24,D1,2024-04-02,1712016000,1185.5,1199.75,1171.0,1175.5,70046,0,105760,98607.0
127,-27,ZSE,ZSEK24,D1,2024-04-03,1712102400,1175.5,1186.75,1168.5,1183.0,60307,0,96707,91897.0
128,-26,ZSE,ZSEK24,D1,2024-04-04,1712188800,1182.5,1186.75,1170.25,1180.25,44056,0,65297,89255.0
129,-25,ZSE,ZSEK24,D1,2024-04-05,1712275200,1178.0,1190.75,1173.0,1187.25,52223,0,81468,81157.0
130,-24,ZSE,ZSEK24,D1,2024-04-08,1712534400,1187.75,1193.25,1180.5,1181.5,40869,0,61271,69345.0
131,-23,ZSE,ZSEK24,D1,2024-04-09,1712620800,1181.25,1184.25,1172.0,1175.25,51848,0,84881,75873.0
132,-22,ZSE,ZSEK24,D1,2024-04-10,1712707200,1175.0,1180.75,1163.0,1163.75,46187,0,75318,73823.0
133,-21,ZSE,ZSEK24,D1,2024-04-11,1712793600,1164.25,1166.25,1151.0,1159.25,52943,0,87200,82466.0
134,-20,ZSE,ZSEK24,D1,2024-04-12,1712880000,1158.5,1179.75,1154.0,1172.0,64607,0,102887,88468.0
135,-19,ZSE,ZSEK24,D1,2024-04-15,1713139200,1173.25,1176.0,1155.5,1158.5,49745,0,76060,88716.0
136,-18,ZSE,ZSEK24,D1,2024-04-16,1713225600,1157.75,1163.0,1143.25,1145.0,40750,0,66212,81720.0
137,-17,ZSE,ZSEK24,D1,2024-04-17,1713312000,1146.0,1155.25,1141.75,1149.25,32096,0,50675,64316.0
138,-16,ZSE,ZSEK24,D1,2024-04-18,1713398400,1148.75,1149.75,1133.0,1133.5,29944,0,48296,55061.0
96,-56,ZSE,ZSEN24,D1,2024-04-19,1713484800,1148.0,1168.0,1145.75,1165.5,42192,0,68158,54077.0
97,-55,ZSE,ZSEN24,D1,2024-04-22,1713744000,1162.5,1182.25,1159.75,1176.75,47208,0,72348,63095.0
98,-54,ZSE,ZSEN24,D1,2024-04-23,1713830400,1176.5,1184.25,1173.0,1181.0,42993,0,63080,67862.0
99,-53,ZSE,ZSEN24,D1,2024-04-24,1713916800,1180.5,1191.75,1179.25,1181.25,53699,0,79514,71647.0
100,-52,ZSE,ZSEN24,D1,2024-04-25,1714003200,1180.25,1183.5,1166.75,1179.25,54998,0,82605,75066.0
101,-51,ZSE,ZSEN24,D1,2024-04-26,1714089600,1178.25,1181.0,1172.5,1177.0,40165,0,62930,75016.0
102,-50,ZSE,ZSEN24,D1,2024-04-29,1714348800,1176.0,1190.25,1175.0,1183.5,67620,0,105141,83559.0
103,-49,ZSE,ZSEN24,D1,2024-04-30,1714435200,1182.0,1184.0,1158.75,1162.5,71615,0,108512,92194.0
104,-48,ZSE,ZSEN24,D1,2024-05-01,1714521600,1159.0,1171.5,1156.25,1169.75,43591,0,65206,92953.0
105,-47,ZSE,ZSEN24,D1,2024-05-02,1714608000,1170.25,1201.75,1170.25,1200.0,93545,0,148767,107495.0
106,-46,ZSE,ZSEN24,D1,2024-05-03,1714694400,1198.0,1216.5,1197.75,1216.25,80322,0,120390,111454.0
107,-45,ZSE,ZSEN24,D1,2024-05-06,1714953600,1214.75,1251.25,1207.0,1245.75,104508,0,164833,144663.0
108,-44,ZSE,ZSEN24,D1,2024-05-07,1715040000,1247.0,1256.5,1240.25,1245.25,83491,0,127418,137547.0
109,-43,ZSE,ZSEN24,D1,2024-05-08,1715126400,1244.0,1248.0,1225.5,1228.75,70525,0,106784,133012.0
110,-42,ZSE,ZSEN24,D1,2024-05-09,1715212800,1228.25,1236.75,1206.25,1209.75,68124,0,103088,112430.0
111,-41,ZSE,ZSEN24,D1,2024-05-10,1715299200,1210.25,1222.5,1204.5,1218.75,68909,0,105774,105215.0
112,-40,ZSE,ZSEN24,D1,2024-05-13,1715558400,1220.0,1228.25,1211.5,1219.25,61835,0,90505,99789.0
113,-39,ZSE,ZSEN24,D1,2024-05-14,1715644800,1218.75,1222.5,1203.5,1214.5,53630,0,78740,91673.0
114,-38,ZSE,ZSEN24,D1,2024-05-15,1715731200,1215.0,1232.25,1209.5,1214.25,62128,0,91077,86774.0
115,-37,ZSE,ZSEN24,D1,2024-05-16,1715817600,1213.75,1219.75,1210.0,1216.5,45003,0,63651,77823.0
116,-36,ZSE,ZSEN24,D1,2024-05-17,1715904000,1216.5,1231.25,1215.25,1227.25,61512,0,92790,82506.0
117,-35,ZSE,ZSEN24,D1,2024-05-20,1716163200,1226.75,1250.75,1224.0,1246.75,83654,0,130739,95727.0
118,-34,ZSE,ZSEN24,D1,2024-05-21,1716249600,1246.5,1249.25,1230.0,1235.75,60139,0,86622,103384.0
119,-33,ZSE,ZSEN24,D1,2024-05-22,1716336000,1235.0,1249.75,1233.25,1247.25,61523,0,90562,102641.0
120,-32,ZSE,ZSEN24,D1,2024-05-23,1716422400,1245.25,1258.25,1236.0,1239.0,66273,0,102796,93327.0
121,-31,ZSE,ZSEN24,D1,2024-05-24,1716508800,1239.0,1251.0,1236.0,1249.5,51451,0,74679,89346.0
122,-30,ZSE,ZSEN24,D1,2024-05-28,1716854400,1250.25,1254.75,1226.25,1230.0,59572,0,89725,89067.0
123,-29,ZSE,ZSEN24,D1,2024-05-29,1716940800,1228.5,1231.25,1212.5,1213.0,48446,0,75598,80001.0
124,-28,ZSE,ZSEN24,D1,2024-05-30,1717027200,1213.0,1220.0,1207.25,1210.5,46365,0,67143,77489.0
125,-27,ZSE,ZSEN24,D1,2024-05-31,1717113600,1210.75,1223.75,1202.75,1205.0,47055,0,72677,71806.0
126,-26,ZSE,ZSEN24,D1,2024-06-03,1717372800,1204.25,1205.5,1182.5,1184.5,55339,0,83198,74339.0
127,-25,ZSE,ZSEN24,D1,2024-06-04,1717459200,1183.75,1189.5,1176.0,1179.5,56102,0,89520,81798.0
128,-24,ZSE,ZSEN24,D1,2024-06-05,1717545600,1180.25,1191.75,1175.25,1176.0,57577,0,91632,88117.0
129,-23,ZSE,ZSEN24,D1,2024-06-06,1717632000,1176.5,1204.5,1176.0,1200.0,66659,0,102239,94464.0
130,-22,ZSE,ZSEN24,D1,2024-06-07,1717718400,1200.5,1202.5,1174.25,1177.5,64697,0,102369,98747.0
131,-21,ZSE,ZSEN24,D1,2024-06-10,1717977600,1179.25,1190.75,1175.5,1188.0,47297,0,69621,91410.0
132,-20,ZSE,ZSEN24,D1,2024-06-11,1718064000,1189.0,1193.0,1177.0,1177.0,50749,0,76329,82773.0
133,-19,ZSE,ZSEN24,D1,2024-06-12,1718150400,1177.25,1186.5,1171.0,1177.25,54805,0,86580,77510.0
134,-18,ZSE,ZSEN24,D1,2024-06-13,1718236800,1177.25,1191.25,1171.0,1188.75,50311,0,77324,80078.0
135,-17,ZSE,ZSEN24,D1,2024-06-14,1718323200,1188.75,1189.0,1178.0,1178.25,39281,0,61178,75027.0
136,-16,ZSE,ZSEN24,D1,2024-06-17,1718582400,1178.5,1178.75,1157.5,1158.0,42441,0,70246,69583.0
137,-15,ZSE,ZSEN24,D1,2024-06-18,1718668800,1158.25,1175.75,1156.5,1172.5,40869,0,66247,65890.0
34,-103,ZSE,ZSEX24,D1,2024-06-20,1718841600,1132.5,1136.0,1115.0,1116.25,42213,0,87525,73580.0
35,-102,ZSE,ZSEX24,D1,2024-06-21,1718928000,1116.5,1125.75,1113.25,1121.0,34833,0,79440,77909.0
36,-101,ZSE,ZSEX24,D1,2024-06-24,1719187200,1121.5,1132.75,1111.5,1130.0,43106,0,78215,81727.0
37,-100,ZSE,ZSEX24,D1,2024-06-25,1719273600,1130.0,1131.5,1107.0,1111.25,39796,0,80294,79316.0
38,-99,ZSE,ZSEX24,D1,2024-06-26,1719360000,1111.25,1119.5,1103.0,1106.5,47332,0,72141,76883.0
39,-98,ZSE,ZSEX24,D1,2024-06-27,1719446400,1106.75,1111.0,1101.0,1105.0,38141,0,81965,78133.0
40,-97,ZSE,ZSEX24,D1,2024-06-28,1719532800,1105.0,1125.0,1100.0,1105.5,61773,0,140965,98357.0
41,-96,ZSE,ZSEX24,D1,2024-07-01,1719792000,1104.0,1113.0,1097.0,1111.25,53359,0,92537,105156.0
42,-95,ZSE,ZSEX24,D1,2024-07-02,1719878400,1110.75,1124.0,1108.75,1113.0,46176,0,97464,110322.0
43,-94,ZSE,ZSEX24,D1,2024-07-03,1719964800,1113.5,1126.25,1110.75,1122.5,39322,0,72878,87626.0
44,-93,ZSE,ZSEX24,D1,2024-07-05,1720137600,1120.0,1133.75,1114.0,1131.5,30715,0,74654,81665.0
45,-92,ZSE,ZSEX24,D1,2024-07-08,1720396800,1124.5,1125.25,1094.25,1099.5,48032,0,104967,84166.0
46,-91,ZSE,ZSEX24,D1,2024-07-09,1720483200,1098.0,1101.0,1077.5,1077.75,48036,0,95628,91750.0
47,-90,ZSE,ZSEX24,D1,2024-07-10,1720569600,1079.25,1085.5,1066.0,1066.25,43775,0,85402,95332.0
48,-89,ZSE,ZSEX24,D1,2024-07-11,1720656000,1067.5,1076.0,1061.5,1068.25,45738,0,86783,89271.0
49,-88,ZSE,ZSEX24,D1,2024-07-12,1720742400,1068.75,1073.5,1059.5,1064.5,47739,0,83358,85181.0
50,-87,ZSE,ZSEX24,D1,2024-07-15,1721001600,1057.0,1064.0,1038.5,1038.75,50973,0,99532,89891.0
51,-86,ZSE,ZSEX24,D1,2024-07-16,1721088000,1040.0,1052.0,1037.25,1044.5,45446,0,89860,90917.0
52,-85,ZSE,ZSEX24,D1,2024-07-17,1721174400,1043.25,1050.5,1038.0,1042.25,38039,0,64996,84796.0
53,-84,ZSE,ZSEX24,D1,2024-07-18,1721260800,1042.0,1046.25,1031.75,1043.75,42836,0,78042,77633.0
54,-83,ZSE,ZSEX24,D1,2024-07-19,1721347200,1043.0,1049.0,1035.25,1035.5,37810,0,59862,67633.0
55,-82,ZSE,ZSEX24,D1,2024-07-22,1721606400,1040.75,1069.75,1040.5,1069.25,46198,0,100609,79504.0
56,-81,ZSE,ZSEX24,D1,2024-07-23,1721692800,1067.0,1086.75,1063.75,1076.0,58013,0,126699,95723.0
57,-80,ZSE,ZSEX24,D1,2024-07-24,1721779200,1075.0,1080.25,1062.75,1063.0,53795,0,93495,106934.0
58,-79,ZSE,ZSEX24,D1,2024-07-25,1721865600,1065.0,1082.5,1057.75,1078.75,48283,0,101795,107330.0
59,-78,ZSE,ZSEX24,D1,2024-07-26,1721952000,1077.75,1080.5,1045.0,1046.5,46001,0,115523,103604.0
60,-77,ZSE,ZSEX24,D1,2024-07-29,1722211200,1044.5,1044.5,1018.0,1040.25,68063,0,123799,113706.0
61,-76,ZSE,ZSEX24,D1,2024-07-30,1722297600,1037.75,1042.0,1018.25,1020.0,51013,0,95845,111722.0
62,-75,ZSE,ZSEX24,D1,2024-07-31,1722384000,1020.25,1031.0,1015.0,1023.5,53012,0,85956,101867.0
63,-74,ZSE,ZSEX24,D1,2024-08-01,1722470400,1023.0,1026.25,1013.0,1016.0,54222,0,87922,89908.0
64,-73,ZSE,ZSEX24,D1,2024-08-02,1722556800,1016.0,1032.0,1014.75,1029.0,49705,0,83168,85682.0
65,-72,ZSE,ZSEX24,D1,2024-08-05,1722816000,1029.0,1042.0,1015.5,1041.5,62523,0,100659,90583.0
66,-71,ZSE,ZSEX24,D1,2024-08-06,1722902400,1040.0,1041.75,1021.0,1026.75,54329,0,87273,90367.0
67,-70,ZSE,ZSEX24,D1,2024-08-07,1722988800,1027.0,1028.75,1014.0,1019.5,42398,0,72434,86789.0
68,-69,ZSE,ZSEX24,D1,2024-08-08,1723075200,1018.0,1025.75,1007.0,1007.75,49919,0,81979,80562.0
69,-68,ZSE,ZSEX24,D1,2024-08-09,1723161600,1008.0,1015.75,1001.25,1001.5,42191,0,72340,75584.0
70,-67,ZSE,ZSEX24,D1,2024-08-12,1723420800,1001.0,1002.5,975.5,988.0,76184,0,132873,95731.0
71,-66,ZSE,ZSEX24,D1,2024-08-13,1723507200,986.25,988.5,960.5,961.0,61451,0,106738,103984.0
72,-65,ZSE,ZSEX24,D1,2024-08-14,1723593600,960.75,974.0,955.25,968.75,52218,0,88327,109313.0
73,-64,ZSE,ZSEX24,D1,2024-08-15,1723680000,968.5,978.25,967.5,967.75,45814,0,72307,89124.0
74,-63,ZSE,ZSEX24,D1,2024-08-16,1723766400,968.0,970.25,955.0,955.25,45674,0,76244,78959.0
75,-62,ZSE,ZSEX24,D1,2024-08-19,1724025600,957.25,977.0,957.25,976.25,53085,0,90005,79519.0
76,-61,ZSE,ZSEX24,D1,2024-08-20,1724112000,975.0,985.0,970.0,977.0,45820,0,75964,80738.0
77,-60,ZSE,ZSEX24,D1,2024-08-21,1724198400,976.0,984.75,974.0,982.0,43843,0,70637,78869.0
78,-59,ZSE,ZSEX24,D1,2024-08-22,1724284800,981.0,982.0,960.25,961.25,49648,0,80149,75583.0
79,-58,ZSE,ZSEX24,D1,2024-08-23,1724371200,962.0,974.75,961.75,973.0,45093,0,72359,74382.0
80,-57,ZSE,ZSEX24,D1,2024-08-26,1724630400,965.0,982.25,960.5,981.0,55111,0,93510,82006.0
81,-56,ZSE,ZSEX24,D1,2024-08-27,1724716800,979.25,991.5,977.25,987.75,53427,0,93344,86404.0
82,-55,ZSE,ZSEX24,D1,2024-08-28,1724803200,986.5,988.0,972.75,976.5,46102,0,72719,86524.0
83,-54,ZSE,ZSEX24,D1,2024-08-29,1724889600,975.5,992.75,975.0,991.75,58158,0,94398,86820.0
84,-53,ZSE,ZSEX24,D1,2024-08-30,1724976000,991.0,1007.75,989.5,999.0,78939,0,130151,99089.0
85,-52,ZSE,ZSEX24,D1,2024-09-03,1725321600,1000.0,1024.5,995.25,1012.5,88386,0,144976,123175.0
86,-51,ZSE,ZSEX24,D1,2024-09-04,1725408000,1011.75,1023.0,1000.75,1020.75,63693,0,100702,125276.0
87,-50,ZSE,ZSEX24,D1,2024-09-05,1725494400,1020.0,1024.75,1010.0,1024.25,57719,0,93415,113031.0
88,-49,ZSE,ZSEX24,D1,2024-09-06,1725580800,1022.0,1031.25,1003.5,1004.5,69862,0,116173,103430.0
89,-48,ZSE,ZSEX24,D1,2024-09-09,1725840000,1002.25,1020.25,1001.75,1018.75,55254,0,85481,98356.0
90,-47,ZSE,ZSEX24,D1,2024-09-10,1725926400,1017.25,1018.75,995.75,997.25,56385,0,97423,99692.0
91,-46,ZSE,ZSEX24,D1,2024-09-11,1726012800,996.5,1008.0,995.5,1000.75,46000,0,72960,85288.0
92,-45,ZSE,ZSEX24,D1,2024-09-12,1726099200,1000.75,1017.25,997.25,1011.75,71646,0,114520,94968.0
93,-44,ZSE,ZSEX24,D1,2024-09-13,1726185600,1011.75,1021.0,1002.25,1006.5,56448,0,92754,93411.0
94,-43,ZSE,ZSEX24,D1,2024-09-16,1726444800,1005.0,1012.0,999.0,1004.5,39003,0,58539,88604.0
95,-42,ZSE,ZSEX24,D1,2024-09-17,1726531200,1003.75,1011.0,1002.0,1007.25,32940,0,52097,67797.0
96,-41,ZSE,ZSEX24,D1,2024-09-18,1726617600,1007.0,1022.0,1006.25,1015.0,65475,0,116047,75561.0
97,-40,ZSE,ZSEX24,D1,2024-09-19,1726704000,1015.0,1018.25,1006.75,1013.25,53580,0,87740,85295.0
98,-39,ZSE,ZSEX24,D1,2024-09-20,1726790400,1012.75,1019.0,1001.25,1013.5,58675,0,97581,100456.0
99,-38,ZSE,ZSEX24,D1,2024-09-23,1727049600,1012.0,1041.75,1012.0,1039.0,96700,0,153180,112834.0
100,-37,ZSE,ZSEX24,D1,2024-09-24,1727136000,1037.0,1058.25,1032.75,1042.75,91080,0,149371,133377.0
101,-36,ZSE,ZSEX24,D1,2024-09-25,1727222400,1041.75,1054.5,1031.25,1053.25,73596,0,121792,141448.0
102,-35,ZSE,ZSEX24,D1,2024-09-26,1727308800,1051.75,1064.75,1039.75,1040.25,87972,0,151634,140932.0
103,-34,ZSE,ZSEX24,D1,2024-09-27,1727395200,1039.75,1069.5,1034.25,1066.0,102447,0,172731,148719.0
104,-33,ZSE,ZSEX24,D1,2024-09-30,1727654400,1060.25,1069.75,1052.0,1056.75,77400,0,113269,145878.0
105,-32,ZSE,ZSEX24,D1,2024-10-01,1727740800,1055.5,1065.5,1045.0,1056.5,75518,0,115374,133791.0
106,-31,ZSE,ZSEX24,D1,2024-10-02,1727827200,1055.0,1063.75,1042.5,1054.75,70164,0,104768,111137.0
107,-30,ZSE,ZSEX24,D1,2024-10-03,1727913600,1053.75,1056.25,1041.75,1046.75,56303,0,86304,102149.0
108,-29,ZSE,ZSEX24,D1,2024-10-04,1728000000,1045.0,1055.25,1036.25,1037.75,57101,0,94722,95265.0
109,-28,ZSE,ZSEX24,D1,2024-10-07,1728259200,1033.5,1039.0,1026.5,1034.75,58105,0,96406,92477.0
110,-27,ZSE,ZSEX24,D1,2024-10-08,1728345600,1032.5,1039.5,1011.5,1016.25,75638,0,119247,103458.0
111,-26,ZSE,ZSEX24,D1,2024-10-09,1728432000,1015.75,1027.25,1011.5,1021.5,60596,0,95248,103634.0
112,-25,ZSE,ZSEX24,D1,2024-10-10,1728518400,1019.75,1025.5,1011.75,1014.25,51157,0,78644,97713.0
113,-24,ZSE,ZSEX24,D1,2024-10-11,1728604800,1014.5,1023.75,1004.0,1005.0,73311,0,118892,97595.0
114,-23,ZSE,ZSEX24,D1,2024-10-14,1728864000,1002.0,1008.5,995.5,996.0,59893,0,94193,97243.0
115,-22,ZSE,ZSEX24,D1,2024-10-15,1728950400,995.5,996.0,981.0,992.5,67723,0,110612,107899.0
116,-21,ZSE,ZSEX24,D1,2024-10-16,1729036800,991.0,1001.5,978.25,978.25,69288,0,116458,107088.0
117,-20,ZSE,ZSEX24,D1,2024-10-17,1729123200,979.0,991.25,968.25,990.0,67271,0,111534,112868.0
118,-19,ZSE,ZSEX24,D1,2024-10-18,1729209600,989.75,995.5,969.25,970.0,60289,0,96117,108036.0
119,-18,ZSE,ZSEX24,D1,2024-10-21,1729468800,970.0,983.75,969.0,980.25,49378,0,80709,96120.0
120,-17,ZSE,ZSEX24,D1,2024-10-22,1729555200,980.25,997.0,976.75,992.25,48168,0,77231,84686.0
121,-16,ZSE,ZSEX24,D1,2024-10-23,1729641600,992.0,999.75,985.0,997.75,39195,0,61602,73181.0
122,-15,ZSE,ZSEX24,D1,2024-10-24,1729728000,997.5,1012.25,994.25,996.0,42232,0,66709,68514.0
123,-14,ZSE,ZSEX24,D1,2024-10-25,1729814400,996.0,996.25,984.0,988.0,27163,0,45963,58091.0
103,-53,ZSE,ZSEF25,D1,2024-10-28,1730073600,995.25,995.25,985.5,986.75,41435,0,69945,64646.0
104,-52,ZSE,ZSEF25,D1,2024-10-29,1730160000,987.0,991.5,978.5,980.0,42734,0,72171,68558.0
105,-51,ZSE,ZSEF25,D1,2024-10-30,1730246400,978.5,992.75,977.25,992.75,56468,0,92612,78243.0
106,-50,ZSE,ZSEF25,D1,2024-10-31,1730332800,991.5,999.25,988.25,996.5,42779,0,68914,77899.0
107,-49,ZSE,ZSEF25,D1,2024-11-01,1730419200,995.75,1008.75,988.75,995.25,57573,0,95255,85594.0
108,-48,ZSE,ZSEF25,D1,2024-11-04,1730678400,996.5,1008.0,994.0,997.25,49365,0,78869,81013.0
109,-47,ZSE,ZSEF25,D1,2024-11-05,1730764800,997.0,1006.25,996.25,1003.5,42700,0,68864,80996.0
110,-46,ZSE,ZSEF25,D1,2024-11-06,1730851200,999.25,1007.75,982.0,1004.75,82623,0,146211,97981.0
111,-45,ZSE,ZSEF25,D1,2024-11-07,1730937600,1004.5,1027.75,1000.5,1026.5,84578,0,148061,121045.0
112,-44,ZSE,ZSEF25,D1,2024-11-08,1731024000,1025.5,1044.0,1017.5,1031.0,108812,0,192104,162125.0
113,-43,ZSE,ZSEF25,D1,2024-11-11,1731283200,1030.0,1042.25,1019.5,1022.0,60933,0,101807,147324.0
114,-42,ZSE,ZSEF25,D1,2024-11-12,1731369600,1024.0,1027.5,1003.75,1012.25,62385,0,108559,134157.0
115,-41,ZSE,ZSEF25,D1,2024-11-13,1731456000,1011.5,1012.75,1001.75,1006.5,44750,0,76725,95697.0
116,-40,ZSE,ZSEF25,D1,2024-11-14,1731542400,1007.0,1013.75,986.25,988.5,56434,0,105717,97000.0
117,-39,ZSE,ZSEF25,D1,2024-11-15,1731628800,989.25,1005.25,987.25,998.25,58546,0,104801,95748.0
118,-38,ZSE,ZSEF25,D1,2024-11-18,1731888000,1002.5,1011.5,989.5,1010.0,45836,0,76068,95529.0
119,-37,ZSE,ZSEF25,D1,2024-11-19,1731974400,1010.0,1012.75,995.25,998.5,46381,0,79849,86906.0
120,-36,ZSE,ZSEF25,D1,2024-11-20,1732060800,998.5,1001.5,985.25,991.0,42800,0,74971,76963.0
121,-35,ZSE,ZSEF25,D1,2024-11-21,1732147200,991.5,998.75,976.25,980.75,53452,0,101308,85376.0
122,-34,ZSE,ZSEF25,D1,2024-11-22,1732233600,981.0,985.25,975.25,984.75,41425,0,72465,82915.0
123,-33,ZSE,ZSEF25,D1,2024-11-25,1732492800,987.5,993.25,983.0,986.25,41712,0,72659,82144.0
124,-32,ZSE,ZSEF25,D1,2024-11-26,1732579200,980.0,991.25,976.75,983.0,47187,0,79731,74952.0
125,-31,ZSE,ZSEF25,D1,2024-11-27,1732665600,984.0,994.25,983.25,989.25,45257,0,76537,76309.0
126,-30,ZSE,ZSEF25,D1,2024-11-29,1732838400,993.25,998.0,982.75,990.75,31395,0,51490,69253.0
127,-29,ZSE,ZSEF25,D1,2024-12-02,1733097600,989.5,990.5,977.5,985.5,41586,0,70098,66042.0
128,-28,ZSE,ZSEF25,D1,2024-12-03,1733184000,985.0,999.0,983.5,991.5,46020,0,77063,66217.0
129,-27,ZSE,ZSEF25,D1,2024-12-04,1733270400,991.75,992.0,980.5,984.0,40227,0,69686,72282.0
130,-26,ZSE,ZSEF25,D1,2024-12-05,1733356800,983.5,994.75,982.25,994.0,37827,0,60819,69189.0
131,-25,ZSE,ZSEF25,D1,2024-12-06,1733443200,992.5,997.5,987.75,994.75,42806,0,67942,66149.0
132,-24,ZSE,ZSEF25,D1,2024-12-09,1733702400,992.5,1003.5,985.75,989.5,51032,0,87881,72214.0
133,-23,ZSE,ZSEF25,D1,2024-12-10,1733788800,990.0,1000.0,988.5,995.25,49585,0,83987,79937.0
134,-22,ZSE,ZSEF25,D1,2024-12-11,1733875200,995.25,1001.0,988.0,995.5,44215,0,77407,83092.0
135,-21,ZSE,ZSEF25,D1,2024-12-12,1733961600,995.0,998.25,988.5,995.25,43119,0,75788,79061.0
136,-20,ZSE,ZSEF25,D1,2024-12-13,1734048000,994.25,995.0,986.0,988.75,29181,0,51811,68335.0
137,-19,ZSE,ZSEF25,D1,2024-12-16,1734307200,987.5,993.5,981.0,982.75,33581,0,56771,61457.0
138,-18,ZSE,ZSEF25,D1,2024-12-17,1734393600,982.5,986.25,970.5,976.75,43707,0,80981,63188.0
139,-17,ZSE,ZSEF25,D1,2024-12-18,1734480000,976.5,977.5,950.25,951.75,52540,0,93806,77186.0
140,-16,ZSE,ZSEF25,D1,2024-12-19,1734566400,950.5,964.75,945.25,963.0,43351,0,74168,82985.0
141,-15,ZSE,ZSEF25,D1,2024-12-20,1734652800,963.0,977.5,960.0,975.25,29402,0,49050,72341.0
100,-54,ZSE,ZSEH25,D1,2024-12-23,1734912000,979.5,984.0,972.75,975.25,1,0,52488,62123.0
101,-53,ZSE,ZSEH25,D1,2024-12-24,1734998400,974.5,981.75,971.75,979.75,10,0,35349,51007.0
102,-52,ZSE,ZSEH25,D1,2024-12-26,1735171200,985.0,998.0,981.0,996.75,0,0,72968,53602.0
103,-51,ZSE,ZSEH25,D1,2024-12-27,1735257600,995.75,998.25,988.5,990.25,6,0,65901,58073.0
104,-50,ZSE,ZSEH25,D1,2024-12-30,1735516800,994.25,1004.5,986.75,992.25,10,0,87374,75414.0
105,-49,ZSE,ZSEH25,D1,2024-12-31,1735603200,991.0,1012.0,990.75,1010.0,4,0,96806,83360.0
106,-48,ZSE,ZSEH25,D1,2025-01-02,1735776000,1010.0,1015.75,1003.5,1012.25,0,0,87960,90713.0
107,-47,ZSE,ZSEH25,D1,2025-01-03,1735862400,1011.0,1015.5,988.0,991.75,0,0,114639,99802.0
108,-46,ZSE,ZSEH25,D1,2025-01-06,1736121600,993.75,1009.75,993.25,996.25,0,0,95061,99220.0
109,-45,ZSE,ZSEH25,D1,2025-01-07,1736208000,997.0,998.25,985.5,997.25,20,0,86076,98592.0
110,-44,ZSE,ZSEH25,D1,2025-01-08,1736294400,996.75,1001.0,991.75,994.0,2,0,75900,85679.0
111,-43,ZSE,ZSEH25,D1,2025-01-09,1736380800,994.0,1000.0,985.75,996.75,1,0,58720,73565.0
112,-42,ZSE,ZSEH25,D1,2025-01-10,1736467200,996.5,1033.5,996.5,1026.5,1,0,197820,110813.0
113,-41,ZSE,ZSEH25,D1,2025-01-13,1736726400,1024.75,1053.5,1024.25,1052.0,12,0,175896,144145.0
114,-40,ZSE,ZSEH25,D1,2025-01-14,1736812800,1051.25,1064.0,1043.25,1046.25,0,0,148795,174170.0
115,-39,ZSE,ZSEH25,D1,2025-01-15,1736899200,1046.0,1054.0,1039.75,1042.75,0,0,97325,140672.0
116,-38,ZSE,ZSEH25,D1,2025-01-16,1736985600,1042.0,1042.75,1018.5,1020.0,17,0,119760,121960.0
117,-37,ZSE,ZSEH25,D1,2025-01-17,1737072000,1019.0,1039.0,1019.0,1035.5,0,0,124816,113967.0
118,-36,ZSE,ZSEH25,D1,2025-01-21,1737417600,1045.0,1068.0,1039.0,1067.5,2,0,153161,132579.0
119,-35,ZSE,ZSEH25,D1,2025-01-22,1737504000,1066.0,1073.5,1051.75,1056.5,0,0,147833,141937.0
120,-34,ZSE,ZSEH25,D1,2025-01-23,1737590400,1055.0,1076.25,1047.75,1064.0,1,0,100805,133933.0
121,-33,ZSE,ZSEH25,D1,2025-01-24,1737676800,1051.0,1063.0,1046.75,1054.75,0,0,106512,118383.0
122,-32,ZSE,ZSEH25,D1,2025-01-27,1737936000,1050.0,1051.0,1040.0,1045.5,1,0,82147,96488.0
123,-31,ZSE,ZSEH25,D1,2025-01-28,1738022400,1042.75,1050.75,1041.0,1045.75,0,0,72347,87002.0
124,-30,ZSE,ZSEH25,D1,2025-01-29,1738108800,1045.0,1061.75,1044.5,1059.75,1,0,75216,76570.0
125,-29,ZSE,ZSEH25,D1,2025-01-30,1738195200,1060.0,1060.5,1042.0,1044.0,0,0,78207,75257.0
126,-28,ZSE,ZSEH25,D1,2025-01-31,1738281600,1042.75,1052.0,1034.0,1044.5,2,0,99366,84263.0
127,-27,ZSE,ZSEH25,D1,2025-02-03,1738540800,1032.0,1060.25,1031.75,1056.5,62916,0,102596,93390.0
128,-26,ZSE,ZSEH25,D1,2025-02-04,1738627200,1057.5,1077.25,1048.25,1075.25,64817,0,112763,104908.0
129,-25,ZSE,ZSEH25,D1,2025-02-05,1738713600,1074.0,1079.75,1053.0,1058.75,56841,0,99225,104861.0
130,-24,ZSE,ZSEH25,D1,2025-02-06,1738800000,1057.25,1066.5,1049.75,1061.75,49016,0,83898,98629.0
131,-23,ZSE,ZSEH25,D1,2025-02-07,1738886400,1060.5,1063.75,1047.5,1048.5,39771,0,70636,84586.0
132,-22,ZSE,ZSEH25,D1,2025-02-10,1739145600,1046.5,1052.25,1043.0,1049.25,31971,0,55481,70005.0
133,-21,ZSE,ZSEH25,D1,2025-02-11,1739232000,1049.0,1057.0,1041.5,1043.75,41346,0,68638,64918.0
134,-20,ZSE,ZSEH25,D1,2025-02-12,1739318400,1043.5,1047.0,1024.5,1028.25,50876,0,90967,71695.0
135,-19,ZSE,ZSEH25,D1,2025-02-13,1739404800,1029.25,1032.5,1024.0,1030.0,31236,0,55026,71544.0
136,-18,ZSE,ZSEH25,D1,2025-02-14,1739491200,1030.0,1046.75,1029.5,1036.75,35566,0,60408,68800.0
137,-17,ZSE,ZSEH25,D1,2025-02-18,1739836800,1033.0,1041.75,1026.0,1038.25,28722,0,49072,54835.0
138,-16,ZSE,ZSEH25,D1,2025-02-19,1739923200,1037.0,1047.75,1029.25,1032.5,28925,0,53375,54285.0
139,-15,ZSE,ZSEH25,D1,2025-02-20,1740009600,1032.25,1046.0,1031.75,1044.25,23762,0,44916,49121.0
98,-57,ZSE,ZSEK25,D1,2025-02-21,1740096000,1060.75,1066.75,1054.5,1057.25,29644,0,50962,47675.0
99,-56,ZSE,ZSEK25,D1,2025-02-24,1740355200,1056.0,1061.0,1045.75,1047.5,34364,0,57786,51748.0
100,-55,ZSE,ZSEK25,D1,2025-02-25,1740441600,1047.5,1053.25,1037.25,1049.25,42394,0,75211,61320.0
101,-54,ZSE,ZSEK25,D1,2025-02-26,1740528000,1048.0,1050.0,1037.75,1041.5,38338,0,70047,67681.0
102,-53,ZSE,ZSEK25,D1,2025-02-27,1740614400,1041.25,1051.25,1035.0,1038.25,50246,0,91631,78963.0
103,-52,ZSE,ZSEK25,D1,2025-02-28,1740700800,1037.75,1045.75,1025.0,1025.0,51199,0,90797,84158.0
104,-51,ZSE,ZSEK25,D1,2025-03-03,1740960000,1026.0,1031.25,1008.0,1010.75,62508,0,109892,97440.0
105,-50,ZSE,ZSEK25,D1,2025-03-04,1741046400,1012.5,1012.5,991.0,1001.75,83379,0,158228,119639.0
106,-49,ZSE,ZSEK25,D1,2025-03-05,1741132800,1004.25,1015.0,995.75,1012.25,60500,0,105899,124673.0
107,-48,ZSE,ZSEK25,D1,2025-03-06,1741219200,1015.25,1036.5,1013.75,1028.25,70197,0,123108,129078.0
108,-47,ZSE,ZSEK25,D1,2025-03-07,1741305600,1027.75,1031.5,1021.0,1025.25,46445,0,76506,101838.0
109,-46,ZSE,ZSEK25,D1,2025-03-10,1741564800,1029.0,1032.5,1012.25,1013.25,41488,0,70323,89979.0
110,-45,ZSE,ZSEK25,D1,2025-03-11,1741651200,1013.0,1021.25,1009.75,1010.0,38567,0,63468,70099.0
111,-44,ZSE,ZSEK25,D1,2025-03-12,1741737600,1011.0,1014.0,994.0,1001.75,44890,0,85240,73010.0
112,-43,ZSE,ZSEK25,D1,2025-03-13,1741824000,1002.0,1018.0,999.5,1009.0,43389,0,80111,76273.0
113,-42,ZSE,ZSEK25,D1,2025-03-14,1741910400,1009.0,1018.0,1005.5,1017.0,37848,0,67278,77543.0
114,-41,ZSE,ZSEK25,D1,2025-03-17,1742169600,1016.5,1021.75,1010.25,1015.0,32316,0,53265,66885.0
115,-40,ZSE,ZSEK25,D1,2025-03-18,1742256000,1014.75,1021.75,1011.25,1012.75,34360,0,60088,60210.0
116,-39,ZSE,ZSEK25,D1,2025-03-19,1742342400,1012.0,1016.0,1006.5,1008.5,37801,0,69423,60925.0
117,-38,ZSE,ZSEK25,D1,2025-03-20,1742428800,1009.0,1014.5,1004.0,1013.75,39190,0,69734,66415.0
118,-37,ZSE,ZSEK25,D1,2025-03-21,1742515200,1013.75,1016.75,1004.25,1010.0,34098,0,62875,67344.0
119,-36,ZSE,ZSEK25,D1,2025-03-24,1742774400,1010.0,1011.5,1003.25,1007.0,28866,0,48639,60416.0
120,-35,ZSE,ZSEK25,D1,2025-03-25,1742860800,1007.0,1007.75,998.25,1002.25,31955,0,57184,56233.0
121,-34,ZSE,ZSEK25,D1,2025-03-26,1742947200,1003.0,1008.75,997.5,1000.75,30877,0,52139,52654.0
122,-33,ZSE,ZSEK25,D1,2025-03-27,1743033600,1000.75,1017.75,999.75,1015.75,44563,0,74784,61369.0
123,-32,ZSE,ZSEK25,D1,2025-03-28,1743120000,1015.5,1023.5,1009.0,1022.25,41724,0,70316,65746.0
124,-31,ZSE,ZSEK25,D1,2025-03-31,1743379200,1023.0,1031.5,1013.25,1014.0,60686,0,100621,81907.0
125,-30,ZSE,ZSEK25,D1,2025-04-01,1743465600,1014.75,1034.75,1010.5,1032.75,57933,0,102669,91202.0
126,-29,ZSE,ZSEK25,D1,2025-04-02,1743552000,1032.0,1033.0,1024.5,1029.25,40500,0,70290,91193.0
127,-28,ZSE,ZSEK25,D1,2025-04-03,1743638400,1011.0,1020.25,1005.25,1012.0,59461,0,115138,96032.0
128,-27,ZSE,ZSEK25,D1,2025-04-04,1743724800,1011.0,1012.75,970.25,977.25,81818,0,151265,112231.0
129,-26,ZSE,ZSEK25,D1,2025-04-07,1743984000,973.0,993.5,969.5,984.5,83716,0,149104,138502.0
130,-25,ZSE,ZSEK25,D1,2025-04-08,1744070400,983.5,1002.25,982.5,992.5,61535,0,108330,136233.0
131,-24,ZSE,ZSEK25,D1,2025-04-09,1744156800,990.0,1015.5,987.5,1012.5,62113,0,105889,121108.0
132,-23,ZSE,ZSEK25,D1,2025-04-10,1744243200,1015.75,1029.5,1010.75,1028.0,55934,0,92482,102234.0
133,-22,ZSE,ZSEK25,D1,2025-04-11,1744329600,1026.5,1044.5,1021.75,1043.75,54359,0,94052,97474.0
134,-21,ZSE,ZSEK25,D1,2025-04-14,1744588800,1040.75,1049.5,1036.75,1041.25,33081,0,53100,79878.0
135,-20,ZSE,ZSEK25,D1,2025-04-15,1744675200,1040.25,1041.25,1030.75,1035.25,31536,0,51521,66224.0
136,-19,ZSE,ZSEK25,D1,2025-04-16,1744761600,1035.25,1045.75,1028.0,1037.75,28454,0,49422,51348.0
95,-58,ZSE,ZSEN25,D1,2025-04-17,1744848000,1049.25,1056.5,1043.0,1046.75,24823,0,42045,47074.0
96,-57,ZSE,ZSEN25,D1,2025-04-21,1745193600,1050.25,1054.75,1040.75,1041.5,21316,0,35411,42224.0
97,-56,ZSE,ZSEN25,D1,2025-04-22,1745280000,1042.0,1051.5,1041.0,1046.25,29798,0,51149,42868.0
98,-55,ZSE,ZSEN25,D1,2025-04-23,1745366400,1048.0,1057.5,1045.25,1051.5,41834,0,70807,52456.0
99,-54,ZSE,ZSEN25,D1,2025-04-24,1745452800,1049.75,1063.5,1048.0,1063.0,42825,0,76504,66153.0
100,-53,ZSE,ZSEN25,D1,2025-04-25,1745539200,1061.75,1067.5,1056.5,1059.25,37034,0,61903,69738.0
101,-52,ZSE,ZSEN25,D1,2025-04-28,1745798400,1058.5,1064.0,1051.5,1061.25,37420,0,62089,66832.0
102,-51,ZSE,ZSEN25,D1,2025-04-29,1745884800,1061.5,1063.25,1045.75,1052.5,48316,0,85378,69790.0
103,-50,ZSE,ZSEN25,D1,2025-04-30,1745971200,1052.5,1054.5,1038.5,1044.0,43528,0,73934,73800.0
104,-49,ZSE,ZSEN25,D1,2025-05-01,1746057600,1043.25,1054.5,1036.75,1050.25,38664,0,64827,74713.0
105,-48,ZSE,ZSEN25,D1,2025-05-02,1746144000,1051.0,1062.0,1050.0,1058.25,40255,0,64095,67619.0
106,-47,ZSE,ZSEN25,D1,2025-05-05,1746403200,1052.75,1057.0,1044.25,1046.0,36138,0,58639,62520.0
107,-46,ZSE,ZSEN25,D1,2025-05-06,1746489600,1045.25,1046.75,1036.5,1040.5,37412,0,63256,61997.0
108,-45,ZSE,ZSEN25,D1,2025-05-07,1746576000,1045.5,1056.0,1038.25,1039.25,46909,0,81195,67697.0
109,-44,ZSE,ZSEN25,D1,2025-05-08,1746662400,1039.0,1048.0,1036.5,1044.75,39419,0,65507,69986.0
110,-43,ZSE,ZSEN25,D1,2025-05-09,1746748800,1044.25,1058.25,1040.5,1052.25,45428,0,77721,74808.0
111,-42,ZSE,ZSEN25,D1,2025-05-12,1747008000,1064.0,1074.75,1052.5,1070.0,83432,0,141988,95072.0
112,-41,ZSE,ZSEN25,D1,2025-05-13,1747094400,1069.5,1076.25,1053.25,1075.0,62118,0,109019,109576.0
113,-40,ZSE,ZSEN25,D1,2025-05-14,1747180800,1073.5,1082.0,1071.5,1076.0,48829,0,80164,110390.0
114,-39,ZSE,ZSEN25,D1,2025-05-15,1747267200,1073.0,1073.25,1046.0,1053.25,70388,0,124700,104628.0
115,-38,ZSE,ZSEN25,D1,2025-05-16,1747353600,1051.75,1059.75,1047.25,1051.0,48413,0,78822,94562.0
116,-37,ZSE,ZSEN25,D1,2025-05-19,1747612800,1050.25,1056.0,1045.75,1051.25,32902,0,54245,85922.0
117,-36,ZSE,ZSEN25,D1,2025-05-20,1747699200,1051.0,1056.75,1046.25,1054.25,33265,0,58465,63844.0
118,-35,ZSE,ZSEN25,D1,2025-05-21,1747785600,1052.75,1067.5,1052.75,1061.75,46795,0,82630,65113.0
119,-34,ZSE,ZSEN25,D1,2025-05-22,1747872000,1056.75,1070.75,1051.0,1067.75,43960,0,72859,71318.0
120,-33,ZSE,ZSEN25,D1,2025-05-23,1747958400,1072.0,1073.25,1055.5,1060.75,38262,0,66146,73878.0
121,-32,ZSE,ZSEN25,D1,2025-05-27,1748304000,1061.25,1067.75,1059.0,1061.75,31174,0,49844,62950.0
122,-31,ZSE,ZSEN25,D1,2025-05-28,1748390400,1061.5,1064.25,1047.5,1048.5,36271,0,60897,58962.0
123,-30,ZSE,ZSEN25,D1,2025-05-29,1748476800,1055.75,1055.75,1040.0,1050.75,41917,0,71616,60786.0
124,-29,ZSE,ZSEN25,D1,2025-05-30,1748563200,1047.25,1050.5,1040.25,1042.25,35279,0,61090,64534.0
125,-28,ZSE,ZSEN25,D1,2025-06-02,1748822400,1042.0,1042.75,1032.5,1034.5,41050,0,68373,67026.0
126,-27,ZSE,ZSEN25,D1,2025-06-03,1748908800,1034.5,1044.0,1032.75,1041.0,35398,0,57220,62228.0
127,-26,ZSE,ZSEN25,D1,2025-06-04,1748995200,1040.5,1053.0,1037.75,1044.75,38311,0,64248,63280.0
128,-25,ZSE,ZSEN25,D1,2025-06-05,1749081600,1044.75,1056.75,1040.0,1050.5,44016,0,76116,65861.0
129,-24,ZSE,ZSEN25,D1,2025-06-06,1749168000,1050.75,1060.5,1047.0,1058.0,38400,0,63473,67946.0
130,-23,ZSE,ZSEN25,D1,2025-06-09,1749427200,1057.5,1061.75,1053.5,1055.75,29292,0,48339,62643.0
131,-22,ZSE,ZSEN25,D1,2025-06-10,1749513600,1056.5,1063.75,1055.75,1057.75,35190,0,62653,58155.0
132,-21,ZSE,ZSEN25,D1,2025-06-11,1749600000,1058.0,1062.75,1049.25,1049.75,39177,0,68955,59982.0
133,-20,ZSE,ZSEN25,D1,2025-06-12,1749686400,1048.25,1056.25,1038.5,1043.0,50349,0,83877,71828.0
134,-19,ZSE,ZSEN25,D1,2025-06-13,1749772800,1042.25,1071.0,1040.75,1068.5,75716,0,130525,94452.0
135,-18,ZSE,ZSEN25,D1,2025-06-16,1750032000,1069.5,1079.25,1064.25,1070.0,48158,0,74334,96245.0
136,-17,ZSE,ZSEN25,D1,2025-06-17,1750118400,1069.25,1075.25,1063.75,1074.0,38075,0,66502,90454.0
137,-16,ZSE,ZSEN25,D1,2025-06-18,1750204800,1072.5,1079.75,1069.5,1072.75,26519,0,44294,61710.0
34,-103,ZSE,ZSEX25,D1,2025-06-20,1750377600,1068.5,1074.25,1059.5,1060.5,0,0,62540,58161.0
35,-102,ZSE,ZSEX25,D1,2025-06-23,1750636800,1065.75,1067.75,1044.0,1046.5,0,0,72162,63565.0
36,-101,ZSE,ZSEX25,D1,2025-06-24,1750723200,1040.75,1049.75,1036.5,1037.0,0,0,67748,67483.0
37,-100,ZSE,ZSEX25,D1,2025-06-25,1750809600,1037.0,1041.75,1017.0,1018.25,0,0,89958,76623.0
38,-99,ZSE,ZSEX25,D1,2025-06-26,1750896000,1021.5,1023.0,1014.25,1016.25,0,0,82473,80060.0
39,-98,ZSE,ZSEX25,D1,2025-06-27,1750982400,1017.5,1032.0,1013.25,1025.25,0,0,76349,82927.0
40,-97,ZSE,ZSEX25,D1,2025-06-30,1751241600,1026.5,1038.25,1018.5,1027.5,0,0,104610,87811.0
41,-96,ZSE,ZSEX25,D1,2025-07-01,1751328000,1023.25,1029.25,1014.0,1027.5,0,0,87666,89542.0
42,-95,ZSE,ZSEX25,D1,2025-07-02,1751414400,1027.0,1048.5,1024.75,1047.75,0,0,97396,96557.0
43,-94,ZSE,ZSEX25,D1,2025-07-03,1751500800,1046.5,1058.5,1044.25,1048.25,0,0,93785,92949.0
44,-93,ZSE,ZSEX25,D1,2025-07-07,1751846400,1039.5,1039.5,1017.5,1020.75,0,0,97449,96210.0
45,-92,ZSE,ZSEX25,D1,2025-07-08,1751932800,1020.75,1024.0,1014.0,1017.75,0,0,70073,87102.0
46,-91,ZSE,ZSEX25,D1,2025-07-09,1752019200,1017.0,1021.0,1007.0,1007.25,0,0,77649,81724.0
47,-90,ZSE,ZSEX25,D1,2025-07-10,1752105600,1005.0,1015.0,1002.25,1014.0,0,0,75633,74452.0
48,-89,ZSE,ZSEX25,D1,2025-07-11,1752192000,1013.5,1017.0,1003.5,1007.5,0,0,75813,76365.0
49,-88,ZSE,ZSEX25,D1,2025-07-14,1752451200,1003.0,1014.5,998.25,1007.25,0,0,74760,75402.0
50,-87,ZSE,ZSEX25,D1,2025-07-15,1752537600,1003.0,1010.0,1000.0,1002.5,0,0,65193,71922.0
51,-86,ZSE,ZSEX25,D1,2025-07-16,1752624000,1002.5,1021.75,1002.5,1019.75,0,0,92925,77626.0
52,-85,ZSE,ZSEX25,D1,2025-07-17,1752710400,1019.25,1029.0,1016.0,1027.25,0,0,77021,78380.0
53,-84,ZSE,ZSEX25,D1,2025-07-18,1752796800,1026.25,1043.25,1026.0,1035.0,0,0,96778,88908.0
54,-83,ZSE,ZSEX25,D1,2025-07-21,1753056000,1031.25,1034.25,1020.5,1026.75,0,0,74565,82788.0
55,-82,ZSE,ZSEX25,D1,2025-07-22,1753142400,1027.5,1030.0,1020.25,1026.0,0,0,76198,82514.0
56,-81,ZSE,ZSEX25,D1,2025-07-23,1753228800,1025.5,1035.5,1021.75,1022.5,0,0,88394,79719.0
57,-80,ZSE,ZSEX25,D1,2025-07-24,1753315200,1023.75,1028.75,1019.25,1025.0,0,0,63035,75876.0
58,-79,ZSE,ZSEX25,D1,2025-07-25,1753401600,1024.5,1028.25,1016.75,1021.75,0,0,57429,69619.0
59,-78,ZSE,ZSEX25,D1,2025-07-28,1753660800,1015.75,1018.25,1010.5,1011.5,0,0,78599,66354.0
60,-77,ZSE,ZSEX25,D1,2025-07-29,1753747200,1010.0,1013.75,1004.5,1008.25,0,0,80867,72298.0
61,-76,ZSE,ZSEX25,D1,2025-07-30,1753833600,1009.0,1012.25,995.25,996.0,0,0,98868,86111.0
62,-75,ZSE,ZSEX25,D1,2025-07-31,1753920000,996.0,1000.75,987.5,990.25,8,0,91014,90250.0
63,-74,ZSE,ZSEX25,D1,2025-08-01,1754006400,990.0,994.5,986.0,988.0,1,0,78160,89347.0
64,-73,ZSE,ZSEX25,D1,2025-08-04,1754265600,990.5,996.75,986.0,994.5,1,0,72964,80713.0
65,-72,ZSE,ZSEX25,D1,2025-08-05,1754352000,993.0,1002.25,989.5,990.5,0,0,81796,77640.0
66,-71,ZSE,ZSEX25,D1,2025-08-06,1754438400,990.0,995.25,981.25,985.25,5,0,76396,77052.0
67,-70,ZSE,ZSEX25,D1,2025-08-07,1754524800,985.25,994.75,983.0,994.5,0,0,70662,76285.0
68,-69,ZSE,ZSEX25,D1,2025-08-08,1754611200,993.0,998.0,986.0,986.5,1,0,66934,71331.0
69,-68,ZSE,ZSEX25,D1,2025-08-11,1754870400,987.5,1015.0,984.5,1010.25,0,0,148059,95218.0
70,-67,ZSE,ZSEX25,D1,2025-08-12,1754956800,1009.5,1035.0,994.0,1032.25,0,0,238611,151201.0
71,-66,ZSE,ZSEX25,D1,2025-08-13,1755043200,1029.5,1047.25,1028.0,1042.0,0,0,161302,182657.0
72,-65,ZSE,ZSEX25,D1,2025-08-14,1755129600,1041.5,1049.25,1027.75,1031.0,0,0,112516,170810.0
73,-64,ZSE,ZSEX25,D1,2025-08-15,1755216000,1029.25,1043.75,1026.75,1042.75,0,0,76481,116766.0
74,-63,ZSE,ZSEX25,D1,2025-08-18,1755475200,1042.0,1047.75,1034.5,1040.5,3,0,86468,91822.0
75,-62,ZSE,ZSEX25,D1,2025-08-19,1755561600,1042.0,1046.0,1030.5,1033.25,0,0,85690,82880.0
76,-61,ZSE,ZSEX25,D1,2025-08-20,1755648000,1034.0,1040.5,1031.25,1035.5,22,0,60723,77627.0
77,-60,ZSE,ZSEX25,D1,2025-08-21,1755734400,1036.0,1056.75,1032.25,1055.0,5,0,151202,99205.0
78,-59,ZSE,ZSEX25,D1,2025-08-22,1755820800,1054.75,1062.75,1052.0,1058.25,5,0,126748,112891.0
79,-58,ZSE,ZSEX25,D1,2025-08-25,1756080000,1057.75,1061.75,1046.0,1047.75,2,0,92501,123484.0
80,-57,ZSE,ZSEX25,D1,2025-08-26,1756166400,1047.0,1055.75,1041.75,1049.0,1,0,96908,105386.0
81,-56,ZSE,ZSEX25,D1,2025-08-27,1756252800,1049.0,1054.0,1044.25,1048.25,0,0,70507,86639.0
82,-55,ZSE,ZSEX25,D1,2025-08-28,1756339200,1047.75,1049.25,1039.75,1048.25,0,0,71668,79694.0
83,-54,ZSE,ZSEX25,D1,2025-08-29,1756425600,1048.25,1055.0,1042.0,1053.0,0,0,72645,71607.0
84,-53,ZSE,ZSEX25,D1,2025-09-02,1756771200,1052.25,1053.0,1036.25,1040.0,7,0,90351,78221.0
85,-52,ZSE,ZSEX25,D1,2025-09-03,1756857600,1043.5,1047.75,1030.75,1031.75,0,0,74243,79080.0
86,-51,ZSE,ZSEX25,D1,2025-09-04,1756944000,1031.5,1034.25,1021.5,1033.25,1,0,82752,82449.0
87,-50,ZSE,ZSEX25,D1,2025-09-05,1757030400,1033.5,1037.25,1025.75,1026.75,14,0,80082,79026.0
88,-49,ZSE,ZSEX25,D1,2025-09-08,1757289600,1027.0,1035.0,1023.5,1034.0,6,0,67797,76877.0
89,-48,ZSE,ZSEX25,D1,2025-09-09,1757376000,1034.0,1036.0,1029.25,1030.5,0,0,59129,69003.0
90,-47,ZSE,ZSEX25,D1,2025-09-10,1757462400,1031.0,1032.0,1024.0,1025.0,1,0,70064,65663.0
91,-46,ZSE,ZSEX25,D1,2025-09-11,1757548800,1024.75,1035.75,1022.75,1034.0,0,0,73696,67630.0
92,-45,ZSE,ZSEX25,D1,2025-09-12,1757635200,1034.5,1049.0,1028.0,1045.25,0,0,146293,96684.0
93,-44,ZSE,ZSEX25,D1,2025-09-15,1757894400,1043.0,1051.25,1039.75,1043.25,0,0,92626,104205.0
94,-43,ZSE,ZSEX25,D1,2025-09-16,1757980800,1043.0,1052.5,1041.75,1049.0,0,0,77163,105361.0
95,-42,ZSE,ZSEX25,D1,2025-09-17,1758067200,1049.25,1052.75,1042.0,1044.0,0,0,80746,83512.0
96,-41,ZSE,ZSEX25,D1,2025-09-18,1758153600,1043.75,1044.5,1035.25,1038.75,0,0,75490,77800.0
97,-40,ZSE,ZSEX25,D1,2025-09-19,1758240000,1038.5,1047.75,1024.0,1026.0,0,0,151167,102468.0
98,-39,ZSE,ZSEX25,D1,2025-09-22,1758499200,1024.25,1025.0,1006.25,1011.25,0,0,134184,120280.0
99,-38,ZSE,ZSEX25,D1,2025-09-23,1758585600,1010.75,1015.5,1005.0,1012.5,0,0,106782,130711.0
100,-37,ZSE,ZSEX25,D1,2025-09-24,1758672000,1011.25,1020.25,1005.75,1008.5,0,0,125062,122009.0
101,-36,ZSE,ZSEX25,D1,2025-09-25,1758758400,1008.5,1017.0,1006.5,1012.0,0,0,96067,109304.0
102,-35,ZSE,ZSEX25,D1,2025-09-26,1758844800,1012.0,1015.75,1008.75,1014.0,1,0,69590,96906.0
103,-34,ZSE,ZSEX25,D1,2025-09-29,1759104000,1011.75,1013.75,1006.0,1009.25,1,0,69206,78288.0
104,-33,ZSE,ZSEX25,D1,2025-09-30,1759190400,1009.25,1009.25,1000.5,1000.75,3,0,92588,77128.0
105,-32,ZSE,ZSEX25,D1,2025-10-01,1759276800,1000.25,1020.0,993.75,1015.0,13,0,156402,106065.0
106,-31,ZSE,ZSEX25,D1,2025-10-02,1759363200,1013.0,1025.5,1008.25,1022.25,8,0,117049,122013.0
107,-30,ZSE,ZSEX25,D1,2025-10-03,1759449600,1021.0,1028.75,1016.5,1017.0,0,0,91106,121519.0
108,-29,ZSE,ZSEX25,D1,2025-10-06,1759708800,1015.25,1023.25,1014.0,1017.5,0,0,63191,90449.0
109,-28,ZSE,ZSEX25,D1,2025-10-07,1759795200,1017.0,1025.5,1016.0,1021.0,0,0,64805,73034.0
110,-27,ZSE,ZSEX25,D1,2025-10-08,1759881600,1021.25,1030.0,1020.0,1029.75,0,0,72352,66783.0
111,-26,ZSE,ZSEX25,D1,2025-10-09,1759968000,1029.0,1030.0,1020.75,1021.75,0,0,90688,75948.0
112,-25,ZSE,ZSEX25,D1,2025-10-10,1760054400,1021.5,1024.75,1002.5,1007.0,0,0,137999,100346.0
113,-24,ZSE,ZSEX25,D1,2025-10-13,1760313600,1006.0,1013.0,1003.0,1008.25,1,0,83412,104033.0
114,-23,ZSE,ZSEX25,D1,2025-10-14,1760400000,1007.0,1009.75,1001.0,1006.25,0,0,84528,101980.0
115,-22,ZSE,ZSEX25,D1,2025-10-15,1760486400,1006.5,1011.75,1002.0,1007.0,0,0,76818,81586.0
116,-21,ZSE,ZSEX25,D1,2025-10-16,1760572800,1006.25,1019.75,1006.0,1011.75,0,0,85892,82413.0
117,-20,ZSE,ZSEX25,D1,2025-10-17,1760659200,1010.75,1021.5,1010.5,1021.0,0,0,81389,81366.0
118,-19,ZSE,ZSEX25,D1,2025-10-20,1760918400,1020.0,1033.75,1019.75,1032.75,0,0,95250,87510.0
119,-18,ZSE,ZSEX25,D1,2025-10-21,1761004800,1031.75,1038.0,1027.75,1030.5,0,0,86576,87738.0
120,-17,ZSE,ZSEX25,D1,2025-10-22,1761091200,1030.0,1038.0,1027.5,1035.0,0,0,86719,89515.0
121,-16,ZSE,ZSEX25,D1,2025-10-23,1761177600,1034.75,1045.0,1033.5,1044.0,0,0,75139,82811.0
122,-15,ZSE,ZSEX25,D1,2025-10-24,1761264000,1044.25,1045.5,1040.75,1041.75,0,0,50524,70794.0
103,-42,ZSE,ZSEF26,D1,2025-10-27,1761523200,1073.75,1090.0,1070.25,1083.5,82976,0,165370,96404.0
104,-41,ZSE,ZSEF26,D1,2025-10-28,1761609600,1084.0,1108.0,1083.0,1093.5,104977,0,210705,144103.0
105,-40,ZSE,ZSEF26,D1,2025-10-29,1761696000,1093.0,1098.0,1085.25,1093.25,65645,0,129826,168634.0
106,-39,ZSE,ZSEF26,D1,2025-10-30,1761782400,1092.25,1114.5,1070.5,1107.0,160048,0,296742,212424.0
107,-38,ZSE,ZSEF26,D1,2025-10-31,1761868800,1106.5,1115.75,1101.0,1115.0,65949,0,118840,181803.0
108,-37,ZSE,ZSEF26,D1,2025-11-03,1762128000,1114.0,1135.75,1114.0,1134.5,86055,0,153667,189750.0
109,-36,ZSE,ZSEF26,D1,2025-11-04,1762214400,1133.25,1135.0,1112.5,1120.25,68578,0,123682,132063.0
110,-35,ZSE,ZSEF26,D1,2025-11-05,1762300800,1120.0,1137.0,1116.25,1134.5,64703,0,113069,130139.0
111,-34,ZSE,ZSEF26,D1,2025-11-06,1762387200,1132.75,1133.25,1103.5,1108.0,77984,0,147441,128064.0
112,-33,ZSE,ZSEF26,D1,2025-11-07,1762473600,1108.0,1118.25,1108.0,1117.25,51745,0,91174,117228.0
113,-32,ZSE,ZSEF26,D1,2025-11-10,1762732800,1119.0,1132.0,1118.5,1127.5,47925,0,84135,107583.0
114,-31,ZSE,ZSEF26,D1,2025-11-11,1762819200,1128.0,1130.25,1119.25,1126.75,42787,0,80856,85388.0
115,-30,ZSE,ZSEF26,D1,2025-11-12,1762905600,1126.5,1134.5,1122.0,1134.0,44019,0,79686,81559.0
116,-29,ZSE,ZSEF26,D1,2025-11-13,1762992000,1133.0,1150.5,1129.75,1146.0,68988,0,127119,95887.0
117,-28,ZSE,ZSEF26,D1,2025-11-14,1763078400,1145.25,1152.25,1122.5,1122.5,87979,0,169292,125366.0
118,-27,ZSE,ZSEF26,D1,2025-11-17,1763337600,1120.0,1160.25,1114.25,1157.5,89415,0,167582,154664.0
119,-26,ZSE,ZSEF26,D1,2025-11-18,1763424000,1155.5,1169.5,1147.75,1150.5,74722,0,132206,156360.0
120,-25,ZSE,ZSEF26,D1,2025-11-19,1763510400,1152.25,1152.5,1135.0,1135.25,50078,0,85980,128589.0
121,-24,ZSE,ZSEF26,D1,2025-11-20,1763596800,1135.5,1142.75,1121.5,1123.0,51317,0,91736,103307.0
122,-23,ZSE,ZSEF26,D1,2025-11-21,1763683200,1122.5,1127.5,1113.25,1126.5,48525,0,86751,88156.0
123,-22,ZSE,ZSEF26,D1,2025-11-24,1763942400,1128.25,1131.0,1116.25,1121.25,42613,0,74598,84362.0
124,-21,ZSE,ZSEF26,D1,2025-11-25,1764028800,1121.75,1128.75,1117.25,1124.0,40397,0,74233,78527.0
125,-20,ZSE,ZSEF26,D1,2025-11-26,1764115200,1125.5,1135.25,1122.75,1132.25,37612,0,70381,73071.0
126,-19,ZSE,ZSEF26,D1,2025-11-28,1764288000,1131.75,1138.75,1129.75,1137.25,14563,0,24871,56495.0
127,-18,ZSE,ZSEF26,D1,2025-12-01,1764547200,1140.0,1142.25,1127.0,1127.25,40953,0,68548,54600.0
128,-17,ZSE,ZSEF26,D1,2025-12-02,1764633600,1126.5,1135.75,1123.25,1124.0,40040,0,75315,56245.0
129,-16,ZSE,ZSEF26,D1,2025-12-03,1764720000,1125.25,1130.75,1115.5,1116.25,38887,0,74061,72641.0
130,-15,ZSE,ZSEF26,D1,2025-12-04,1764806400,1117.0,1124.5,1114.0,1119.75,37894,0,73369,74248.0
131,-14,ZSE,ZSEF26,D1,2025-12-05,1764892800,1119.25,1121.0,1104.5,1105.25,42700,0,78013,75148.0
132,-13,ZSE,ZSEF26,D1,2025-12-08,1765152000,1105.0,1107.5,1092.25,1093.75,50522,0,99401,83594.0
133,-12,ZSE,ZSEF26,D1,2025-12-09,1765238400,1093.75,1094.75,1084.5,1087.75,44012,0,84320,87245.0
134,-11,ZSE,ZSEF26,D1,2025-12-10,1765324800,1087.5,1093.25,1081.5,1092.0,38053,0,69649,84457.0
135,-10,ZSE,ZSEF26,D1,2025-12-11,1765411200,1091.0,1096.0,1086.25,1093.75,35090,0,64936,72968.0
136,-9,ZSE,ZSEF26,D1,2025-12-12,1765497600,1093.0,1094.5,1075.75,1076.25,39516,0,78124,70903.0
137,-8,ZSE,ZSEF26,D1,2025-12-15,1765756800,1074.5,1080.0,1067.0,1073.0,40608,0,83923,75661.0
138,-7,ZSE,ZSEF26,D1,2025-12-16,1765843200,1071.75,1076.25,1059.5,1063.25,36209,0,74216,78754.0
139,-6,ZSE,ZSEF26,D1,2025-12-17,1765929600,1064.0,1067.5,1053.5,1058.5,34040,0,67227,75122.0
140,-5,ZSE,ZSEF26,D1,2025-12-18,1766016000,1058.25,1061.25,1051.0,1051.5,26087,0,53330,64924.0
141,-4,ZSE,ZSEF26,D1,2025-12-19,1766102400,1052.25,1054.0,1047.0,1049.0,19415,0,39952,53503.0
99,-3,ZSE,ZSEH26,D1,2025-12-22,1766361600,1059.25,1066.75,1059.0,1064.0,29731,0,50937,47801.0
100,-2,ZSE,ZSEH26,D1,2025-12-23,1766448000,1065.0,1069.75,1062.5,1063.0,27213,0,46677,48682.0
101,-1,ZSE,ZSEH26,D1,2025-12-24,1766534400,1063.5,1077.75,1063.0,1075.75,22528,0,39739,45784.0
102,0,ZSE,ZSEH26,D1,2025-12-26,1766707200,1080.5,1082.5,1070.75,1071.75,23484,0,44261,43559.0
