a,z,ticker,symbol,tf,datetime,time,open,high,low,close,tick_volume,spread,real_volume,dateweek,week_volume
1,-2363,MNK,MNKM25,M30,2025-02-14 21:00:00,1739566800,39010.0,39010.0,39010.0,39010.0,0,0,0,2025-02-09/2025-02-15,0
2,-2362,MNK,MNKM25,M30,2025-02-18 21:00:00,1739912400,39170.0,39170.0,39170.0,39170.0,0,0,0,2025-02-16/2025-02-22,0
3,-2361,MNK,MNKM25,M30,2025-02-19 21:00:00,1739998800,38850.0,38850.0,38850.0,38850.0,0,0,0,2025-02-16/2025-02-22,0
4,-2360,MNK,MNKM25,M30,2025-02-20 21:00:00,1740085200,38435.0,38435.0,38435.0,38435.0,0,0,0,2025-02-16/2025-02-22,0
5,-2359,MNK,MNKM25,M30,2025-02-21 21:00:00,1740171600,38030.0,38030.0,38030.0,38030.0,0,0,0,2025-02-16/2025-02-22,0
6,-2358,MNK,MNKM25,M30,2025-02-24 21:00:00,1740430800,37945.0,37945.0,37945.0,37945.0,0,0,0,2025-02-23/2025-03-01,0
7,-2357,MNK,MNKM25,M30,2025-02-25 21:00:00,1740517200,37855.0,37855.0,37855.0,37855.0,0,0,0,2025-02-23/2025-03-01,0
8,-2356,MNK,MNKM25,M30,2025-02-26 21:00:00,1740603600,37955.0,37955.0,37955.0,37955.0,0,0,0,2025-02-23/2025-03-01,0
9,-2355,MNK,MNKM25,M30,2025-02-27 21:00:00,1740690000,37475.0,37475.0,37475.0,37475.0,0,0,0,2025-02-23/2025-03-01,0
1,-2497,MNK,MNKU25,M30,2025-02-27 21:30:00,1740691800,37570.0,37570.0,37570.0,37570.0,0,0,0,2025-02-23/2025-03-01,0
2,-2496,MNK,MNKU25,M30,2025-02-28 21:00:00,1740776400,37610.0,37610.0,37610.0,37610.0,0,0,0,2025-02-23/2025-03-01,0
11,-2353,MNK,MNKM25,M30,2025-03-03 21:00:00,1741035600,37195.0,37195.0,37195.0,37195.0,0,0,0,2025-03-02/2025-03-08,11
12,-2352,MNK,MNKM25,M30,2025-03-04 08:00:00,1741075200,37170.0,37170.0,37170.0,37170.0,0,0,1,2025-03-02/2025-03-08,11
13,-2351,MNK,MNKM25,M30,2025-03-04 10:30:00,1741084200,37000.0,37000.0,37000.0,37000.0,0,0,1,2025-03-02/2025-03-08,11
14,-2350,MNK,MNKM25,M30,2025-03-04 14:00:00,1741096800,36665.0,36665.0,36660.0,36660.0,0,0,3,2025-03-02/2025-03-08,11
15,-2349,MNK,MNKM25,M30,2025-03-04 18:00:00,1741111200,36660.0,36660.0,36660.0,36660.0,0,0,2,2025-03-02/2025-03-08,11
16,-2348,MNK,MNKM25,M30,2025-03-04 19:30:00,1741116600,37170.0,37170.0,37170.0,37170.0,0,0,1,2025-03-02/2025-03-08,11
17,-2347,MNK,MNKM25,M30,2025-03-04 21:00:00,1741122000,36840.0,36840.0,36840.0,36840.0,0,0,0,2025-03-02/2025-03-08,11
18,-2346,MNK,MNKM25,M30,2025-03-05 13:00:00,1741179600,37285.0,37285.0,37285.0,37285.0,0,0,1,2025-03-02/2025-03-08,11
19,-2345,MNK,MNKM25,M30,2025-03-05 21:00:00,1741208400,37565.0,37565.0,37565.0,37565.0,0,0,0,2025-03-02/2025-03-08,11
20,-2344,MNK,MNKM25,M30,2025-03-06 21:00:00,1741294800,36785.0,36785.0,36785.0,36785.0,0,0,0,2025-03-02/2025-03-08,11
21,-2343,MNK,MNKM25,M30,2025-03-07 01:00:00,1741309200,36850.0,36850.0,36850.0,36850.0,0,0,1,2025-03-02/2025-03-08,11
22,-2342,MNK,MNKM25,M30,2025-03-07 14:00:00,1741356000,36600.0,36600.0,36600.0,36600.0,0,0,1,2025-03-02/2025-03-08,11
23,-2341,MNK,MNKM25,M30,2025-03-07 21:00:00,1741381200,37155.0,37155.0,37155.0,37155.0,0,0,0,2025-03-02/2025-03-08,11
24,-2340,MNK,MNKM25,M30,2025-03-10 12:00:00,1741608000,36480.0,36480.0,36480.0,36480.0,0,0,1,2025-03-09/2025-03-15,2286
25,-2339,MNK,MNKM25,M30,2025-03-10 16:00:00,1741622400,36385.0,36385.0,36385.0,36385.0,0,0,2,2025-03-09/2025-03-15,2286
26,-2338,MNK,MNKM25,M30,2025-03-10 18:00:00,1741629600,36235.0,36235.0,36235.0,36235.0,0,0,1,2025-03-09/2025-03-15,2286
27,-2337,MNK,MNKM25,M30,2025-03-10 19:30:00,1741635000,36400.0,36400.0,36400.0,36400.0,0,0,1,2025-03-09/2025-03-15,2286
28,-2336,MNK,MNKM25,M30,2025-03-10 20:00:00,1741636800,36365.0,36365.0,36365.0,36365.0,0,0,0,2025-03-09/2025-03-15,2286
29,-2335,MNK,MNKM25,M30,2025-03-10 22:30:00,1741645800,36240.0,36260.0,36240.0,36260.0,0,0,2,2025-03-09/2025-03-15,2286
30,-2334,MNK,MNKM25,M30,2025-03-11 00:00:00,1741651200,36120.0,36120.0,36120.0,36120.0,0,0,2,2025-03-09/2025-03-15,2286
31,-2333,MNK,MNKM25,M30,2025-03-11 02:00:00,1741658400,36300.0,36300.0,36300.0,36300.0,0,0,2,2025-03-09/2025-03-15,2286
32,-2332,MNK,MNKM25,M30,2025-03-11 03:00:00,1741662000,36300.0,36300.0,36300.0,36300.0,0,0,1,2025-03-09/2025-03-15,2286
33,-2331,MNK,MNKM25,M30,2025-03-11 03:30:00,1741663800,36330.0,36330.0,36325.0,36325.0,0,0,2,2025-03-09/2025-03-15,2286
34,-2330,MNK,MNKM25,M30,2025-03-11 04:00:00,1741665600,36260.0,36265.0,36260.0,36265.0,0,0,2,2025-03-09/2025-03-15,2286
35,-2329,MNK,MNKM25,M30,2025-03-11 04:30:00,1741667400,36440.0,36440.0,36440.0,36440.0,0,0,1,2025-03-09/2025-03-15,2286
36,-2328,MNK,MNKM25,M30,2025-03-11 05:30:00,1741671000,36490.0,36495.0,36490.0,36495.0,0,0,2,2025-03-09/2025-03-15,2286
37,-2327,MNK,MNKM25,M30,2025-03-11 06:00:00,1741672800,36600.0,36645.0,36600.0,36645.0,0,0,53,2025-03-09/2025-03-15,2286
38,-2326,MNK,MNKM25,M30,2025-03-11 07:00:00,1741676400,36615.0,36615.0,36615.0,36615.0,0,0,10,2025-03-09/2025-03-15,2286
39,-2325,MNK,MNKM25,M30,2025-03-11 08:30:00,1741681800,36765.0,36765.0,36765.0,36765.0,0,0,1,2025-03-09/2025-03-15,2286
40,-2324,MNK,MNKM25,M30,2025-03-11 12:30:00,1741696200,36605.0,36605.0,36570.0,36570.0,0,0,11,2025-03-09/2025-03-15,2286
41,-2323,MNK,MNKM25,M30,2025-03-11 14:00:00,1741701600,36425.0,36425.0,36385.0,36385.0,0,0,2,2025-03-09/2025-03-15,2286
42,-2322,MNK,MNKM25,M30,2025-03-11 14:30:00,1741703400,36325.0,36325.0,36325.0,36325.0,0,0,2,2025-03-09/2025-03-15,2286
43,-2321,MNK,MNKM25,M30,2025-03-11 15:30:00,1741707000,36425.0,36485.0,36425.0,36485.0,0,0,5,2025-03-09/2025-03-15,2286
44,-2320,MNK,MNKM25,M30,2025-03-11 16:00:00,1741708800,36315.0,36345.0,36315.0,36345.0,0,0,4,2025-03-09/2025-03-15,2286
45,-2319,MNK,MNKM25,M30,2025-03-11 17:30:00,1741714200,36000.0,36155.0,35970.0,36155.0,0,0,5,2025-03-09/2025-03-15,2286
46,-2318,MNK,MNKM25,M30,2025-03-11 19:00:00,1741719600,36680.0,36680.0,36680.0,36680.0,0,0,1,2025-03-09/2025-03-15,2286
47,-2317,MNK,MNKM25,M30,2025-03-11 19:30:00,1741721400,36460.0,36510.0,36460.0,36510.0,0,0,11,2025-03-09/2025-03-15,2286
48,-2316,MNK,MNKM25,M30,2025-03-11 20:00:00,1741723200,36400.0,36400.0,36400.0,36400.0,0,0,0,2025-03-09/2025-03-15,2286
49,-2315,MNK,MNKM25,M30,2025-03-11 22:30:00,1741732200,36430.0,36430.0,36430.0,36430.0,0,0,1,2025-03-09/2025-03-15,2286
50,-2314,MNK,MNKM25,M30,2025-03-11 23:30:00,1741735800,36510.0,36510.0,36510.0,36510.0,0,0,4,2025-03-09/2025-03-15,2286
51,-2313,MNK,MNKM25,M30,2025-03-12 00:00:00,1741737600,36735.0,36815.0,36715.0,36815.0,0,0,8,2025-03-09/2025-03-15,2286
52,-2312,MNK,MNKM25,M30,2025-03-12 00:30:00,1741739400,36685.0,36715.0,36590.0,36715.0,0,0,14,2025-03-09/2025-03-15,2286
53,-2311,MNK,MNKM25,M30,2025-03-12 01:00:00,1741741200,36730.0,36730.0,36730.0,36730.0,0,0,3,2025-03-09/2025-03-15,2286
54,-2310,MNK,MNKM25,M30,2025-03-12 01:30:00,1741743000,36680.0,36750.0,36680.0,36750.0,0,0,4,2025-03-09/2025-03-15,2286
55,-2309,MNK,MNKM25,M30,2025-03-12 02:00:00,1741744800,36755.0,36755.0,36710.0,36710.0,0,0,22,2025-03-09/2025-03-15,2286
56,-2308,MNK,MNKM25,M30,2025-03-12 03:00:00,1741748400,36720.0,36720.0,36720.0,36720.0,0,0,1,2025-03-09/2025-03-15,2286
57,-2307,MNK,MNKM25,M30,2025-03-12 03:30:00,1741750200,36660.0,36660.0,36660.0,36660.0,0,0,2,2025-03-09/2025-03-15,2286
58,-2306,MNK,MNKM25,M30,2025-03-12 04:00:00,1741752000,36635.0,36635.0,36635.0,36635.0,0,0,1,2025-03-09/2025-03-15,2286
59,-2305,MNK,MNKM25,M30,2025-03-12 05:30:00,1741757400,36770.0,36780.0,36770.0,36780.0,0,0,6,2025-03-09/2025-03-15,2286
60,-2304,MNK,MNKM25,M30,2025-03-12 06:00:00,1741759200,36695.0,36700.0,36695.0,36700.0,0,0,5,2025-03-09/2025-03-15,2286
61,-2303,MNK,MNKM25,M30,2025-03-12 09:30:00,1741771800,36770.0,36770.0,36770.0,36770.0,0,0,1,2025-03-09/2025-03-15,2286
62,-2302,MNK,MNKM25,M30,2025-03-12 10:00:00,1741773600,36800.0,36800.0,36800.0,36800.0,0,0,1,2025-03-09/2025-03-15,2286
63,-2301,MNK,MNKM25,M30,2025-03-12 10:30:00,1741775400,36775.0,36780.0,36750.0,36755.0,0,0,24,2025-03-09/2025-03-15,2286
64,-2300,MNK,MNKM25,M30,2025-03-12 11:30:00,1741779000,36885.0,36885.0,36840.0,36845.0,0,0,15,2025-03-09/2025-03-15,2286
65,-2299,MNK,MNKM25,M30,2025-03-12 12:00:00,1741780800,36825.0,36825.0,36795.0,36800.0,0,0,5,2025-03-09/2025-03-15,2286
66,-2298,MNK,MNKM25,M30,2025-03-12 12:30:00,1741782600,36920.0,36935.0,36920.0,36935.0,0,0,7,2025-03-09/2025-03-15,2286
67,-2297,MNK,MNKM25,M30,2025-03-12 13:00:00,1741784400,37030.0,37045.0,36955.0,37045.0,0,0,16,2025-03-09/2025-03-15,2286
68,-2296,MNK,MNKM25,M30,2025-03-12 13:30:00,1741786200,37035.0,37035.0,36895.0,36895.0,0,0,15,2025-03-09/2025-03-15,2286
69,-2295,MNK,MNKM25,M30,2025-03-12 14:30:00,1741789800,36840.0,36840.0,36725.0,36725.0,0,0,33,2025-03-09/2025-03-15,2286
70,-2294,MNK,MNKM25,M30,2025-03-12 15:00:00,1741791600,36660.0,36825.0,36660.0,36825.0,0,0,9,2025-03-09/2025-03-15,2286
71,-2293,MNK,MNKM25,M30,2025-03-12 16:00:00,1741795200,36990.0,37040.0,36990.0,37010.0,0,0,13,2025-03-09/2025-03-15,2286
72,-2292,MNK,MNKM25,M30,2025-03-12 16:30:00,1741797000,36915.0,37025.0,36915.0,37025.0,0,0,6,2025-03-09/2025-03-15,2286
73,-2291,MNK,MNKM25,M30,2025-03-12 17:30:00,1741800600,37095.0,37095.0,36925.0,36925.0,0,0,5,2025-03-09/2025-03-15,2286
74,-2290,MNK,MNKM25,M30,2025-03-12 18:30:00,1741804200,37080.0,37080.0,37080.0,37080.0,0,0,1,2025-03-09/2025-03-15,2286
75,-2289,MNK,MNKM25,M30,2025-03-12 19:00:00,1741806000,36990.0,36990.0,36990.0,36990.0,0,0,2,2025-03-09/2025-03-15,2286
76,-2288,MNK,MNKM25,M30,2025-03-12 19:30:00,1741807800,36980.0,36980.0,36970.0,36970.0,0,0,2,2025-03-09/2025-03-15,2286
77,-2287,MNK,MNKM25,M30,2025-03-12 20:00:00,1741809600,36970.0,36970.0,36900.0,36900.0,0,0,4,2025-03-09/2025-03-15,2286
78,-2286,MNK,MNKM25,M30,2025-03-12 20:30:00,1741811400,36935.0,36935.0,36920.0,36920.0,0,0,21,2025-03-09/2025-03-15,2286
79,-2285,MNK,MNKM25,M30,2025-03-12 22:00:00,1741816800,36950.0,36965.0,36945.0,36965.0,0,0,8,2025-03-09/2025-03-15,2286
80,-2284,MNK,MNKM25,M30,2025-03-12 23:00:00,1741820400,36980.0,37025.0,36980.0,36995.0,0,0,3,2025-03-09/2025-03-15,2286
81,-2283,MNK,MNKM25,M30,2025-03-12 23:30:00,1741822200,37035.0,37035.0,37035.0,37035.0,0,0,1,2025-03-09/2025-03-15,2286
82,-2282,MNK,MNKM25,M30,2025-03-13 00:00:00,1741824000,37085.0,37170.0,37085.0,37145.0,0,0,13,2025-03-09/2025-03-15,2286
83,-2281,MNK,MNKM25,M30,2025-03-13 00:30:00,1741825800,37140.0,37190.0,37090.0,37105.0,0,0,93,2025-03-09/2025-03-15,2286
84,-2280,MNK,MNKM25,M30,2025-03-13 01:00:00,1741827600,37070.0,37095.0,37040.0,37050.0,0,0,23,2025-03-09/2025-03-15,2286
85,-2279,MNK,MNKM25,M30,2025-03-13 01:30:00,1741829400,36995.0,37035.0,36955.0,37035.0,0,0,32,2025-03-09/2025-03-15,2286
86,-2278,MNK,MNKM25,M30,2025-03-13 02:00:00,1741831200,37000.0,37020.0,36995.0,37020.0,0,0,12,2025-03-09/2025-03-15,2286
87,-2277,MNK,MNKM25,M30,2025-03-13 03:00:00,1741834800,37010.0,37010.0,37010.0,37010.0,0,0,1,2025-03-09/2025-03-15,2286
88,-2276,MNK,MNKM25,M30,2025-03-13 03:30:00,1741836600,36910.0,36945.0,36845.0,36845.0,0,0,37,2025-03-09/2025-03-15,2286
89,-2275,MNK,MNKM25,M30,2025-03-13 04:00:00,1741838400,36840.0,36875.0,36840.0,36840.0,0,0,13,2025-03-09/2025-03-15,2286
90,-2274,MNK,MNKM25,M30,2025-03-13 04:30:00,1741840200,36805.0,36815.0,36790.0,36790.0,0,0,12,2025-03-09/2025-03-15,2286
91,-2273,MNK,MNKM25,M30,2025-03-13 05:00:00,1741842000,36790.0,36790.0,36750.0,36780.0,0,0,6,2025-03-09/2025-03-15,2286
92,-2272,MNK,MNKM25,M30,2025-03-13 06:00:00,1741845600,36695.0,36705.0,36645.0,36690.0,0,0,11,2025-03-09/2025-03-15,2286
93,-2271,MNK,MNKM25,M30,2025-03-13 06:30:00,1741847400,36680.0,36680.0,36640.0,36640.0,0,0,3,2025-03-09/2025-03-15,2286
94,-2270,MNK,MNKM25,M30,2025-03-13 07:00:00,1741849200,36705.0,36705.0,36705.0,36705.0,0,0,1,2025-03-09/2025-03-15,2286
95,-2269,MNK,MNKM25,M30,2025-03-13 07:30:00,1741851000,36640.0,36640.0,36640.0,36640.0,0,0,1,2025-03-09/2025-03-15,2286
96,-2268,MNK,MNKM25,M30,2025-03-13 08:00:00,1741852800,36645.0,36680.0,36600.0,36640.0,0,0,12,2025-03-09/2025-03-15,2286
97,-2267,MNK,MNKM25,M30,2025-03-13 08:30:00,1741854600,36720.0,36725.0,36720.0,36725.0,0,0,5,2025-03-09/2025-03-15,2286
98,-2266,MNK,MNKM25,M30,2025-03-13 09:00:00,1741856400,36785.0,36785.0,36785.0,36785.0,0,0,1,2025-03-09/2025-03-15,2286
99,-2265,MNK,MNKM25,M30,2025-03-13 09:30:00,1741858200,36875.0,36875.0,36875.0,36875.0,0,0,2,2025-03-09/2025-03-15,2286
100,-2264,MNK,MNKM25,M30,2025-03-13 10:00:00,1741860000,36890.0,36890.0,36885.0,36885.0,0,0,9,2025-03-09/2025-03-15,2286
101,-2263,MNK,MNKM25,M30,2025-03-13 10:30:00,1741861800,36860.0,36860.0,36810.0,36810.0,0,0,16,2025-03-09/2025-03-15,2286
102,-2262,MNK,MNKM25,M30,2025-03-13 11:00:00,1741863600,36825.0,36835.0,36755.0,36765.0,0,0,84,2025-03-09/2025-03-15,2286
103,-2261,MNK,MNKM25,M30,2025-03-13 11:30:00,1741865400,36775.0,36775.0,36655.0,36720.0,0,0,104,2025-03-09/2025-03-15,2286
104,-2260,MNK,MNKM25,M30,2025-03-13 12:00:00,1741867200,36670.0,36690.0,36650.0,36680.0,0,0,27,2025-03-09/2025-03-15,2286
105,-2259,MNK,MNKM25,M30,2025-03-13 12:30:00,1741869000,36715.0,36715.0,36715.0,36715.0,0,0,3,2025-03-09/2025-03-15,2286
106,-2258,MNK,MNKM25,M30,2025-03-13 13:00:00,1741870800,36755.0,36760.0,36755.0,36760.0,0,0,2,2025-03-09/2025-03-15,2286
107,-2257,MNK,MNKM25,M30,2025-03-13 13:30:00,1741872600,36755.0,36810.0,36600.0,36600.0,0,0,65,2025-03-09/2025-03-15,2286
108,-2256,MNK,MNKM25,M30,2025-03-13 14:00:00,1741874400,36730.0,36870.0,36730.0,36860.0,0,0,41,2025-03-09/2025-03-15,2286
109,-2255,MNK,MNKM25,M30,2025-03-13 14:30:00,1741876200,36790.0,36800.0,36750.0,36750.0,0,0,19,2025-03-09/2025-03-15,2286
110,-2254,MNK,MNKM25,M30,2025-03-13 15:00:00,1741878000,36640.0,36640.0,36640.0,36640.0,0,0,6,2025-03-09/2025-03-15,2286
111,-2253,MNK,MNKM25,M30,2025-03-13 15:30:00,1741879800,36665.0,36710.0,36605.0,36680.0,0,0,70,2025-03-09/2025-03-15,2286
112,-2252,MNK,MNKM25,M30,2025-03-13 16:00:00,1741881600,36675.0,36675.0,36600.0,36600.0,0,0,11,2025-03-09/2025-03-15,2286
113,-2251,MNK,MNKM25,M30,2025-03-13 16:30:00,1741883400,36670.0,36670.0,36530.0,36570.0,0,0,31,2025-03-09/2025-03-15,2286
114,-2250,MNK,MNKM25,M30,2025-03-13 17:00:00,1741885200,36620.0,36620.0,36470.0,36480.0,0,0,45,2025-03-09/2025-03-15,2286
115,-2249,MNK,MNKM25,M30,2025-03-13 17:30:00,1741887000,36425.0,36425.0,36415.0,36425.0,0,0,14,2025-03-09/2025-03-15,2286
116,-2248,MNK,MNKM25,M30,2025-03-13 18:00:00,1741888800,36500.0,36505.0,36500.0,36505.0,0,0,10,2025-03-09/2025-03-15,2286
117,-2247,MNK,MNKM25,M30,2025-03-13 18:30:00,1741890600,36600.0,36680.0,36590.0,36645.0,0,0,57,2025-03-09/2025-03-15,2286
118,-2246,MNK,MNKM25,M30,2025-03-13 19:00:00,1741892400,36710.0,36720.0,36605.0,36605.0,0,0,13,2025-03-09/2025-03-15,2286
119,-2245,MNK,MNKM25,M30,2025-03-13 19:30:00,1741894200,36550.0,36570.0,36510.0,36570.0,0,0,57,2025-03-09/2025-03-15,2286
120,-2244,MNK,MNKM25,M30,2025-03-13 20:00:00,1741896000,36560.0,36620.0,36560.0,36620.0,0,0,2,2025-03-09/2025-03-15,2286
121,-2243,MNK,MNKM25,M30,2025-03-13 23:30:00,1741908600,36655.0,36655.0,36565.0,36585.0,0,0,33,2025-03-09/2025-03-15,2286
122,-2242,MNK,MNKM25,M30,2025-03-14 00:00:00,1741910400,36570.0,36715.0,36505.0,36715.0,0,0,69,2025-03-09/2025-03-15,2286
123,-2241,MNK,MNKM25,M30,2025-03-14 00:30:00,1741912200,36760.0,36800.0,36750.0,36800.0,0,0,34,2025-03-09/2025-03-15,2286
124,-2240,MNK,MNKM25,M30,2025-03-14 01:00:00,1741914000,36745.0,36780.0,36705.0,36705.0,0,0,25,2025-03-09/2025-03-15,2286
125,-2239,MNK,MNKM25,M30,2025-03-14 01:30:00,1741915800,36735.0,36745.0,36655.0,36745.0,0,0,7,2025-03-09/2025-03-15,2286
126,-2238,MNK,MNKM25,M30,2025-03-14 02:00:00,1741917600,36735.0,36795.0,36735.0,36770.0,0,0,41,2025-03-09/2025-03-15,2286
127,-2237,MNK,MNKM25,M30,2025-03-14 02:30:00,1741919400,36820.0,36825.0,36820.0,36825.0,0,0,2,2025-03-09/2025-03-15,2286
128,-2236,MNK,MNKM25,M30,2025-03-14 03:00:00,1741921200,36830.0,36830.0,36830.0,36830.0,0,0,1,2025-03-09/2025-03-15,2286
129,-2235,MNK,MNKM25,M30,2025-03-14 03:30:00,1741923000,36935.0,36970.0,36935.0,36950.0,0,0,80,2025-03-09/2025-03-15,2286
130,-2234,MNK,MNKM25,M30,2025-03-14 04:00:00,1741924800,36945.0,36960.0,36915.0,36915.0,0,0,32,2025-03-09/2025-03-15,2286
131,-2233,MNK,MNKM25,M30,2025-03-14 04:30:00,1741926600,36955.0,37005.0,36910.0,36995.0,0,0,10,2025-03-09/2025-03-15,2286
132,-2232,MNK,MNKM25,M30,2025-03-14 05:00:00,1741928400,36965.0,36975.0,36960.0,36960.0,0,0,9,2025-03-09/2025-03-15,2286
133,-2231,MNK,MNKM25,M30,2025-03-14 06:00:00,1741932000,36945.0,36945.0,36945.0,36945.0,0,0,10,2025-03-09/2025-03-15,2286
134,-2230,MNK,MNKM25,M30,2025-03-14 06:30:00,1741933800,36930.0,36980.0,36920.0,36980.0,0,0,20,2025-03-09/2025-03-15,2286
135,-2229,MNK,MNKM25,M30,2025-03-14 07:00:00,1741935600,36920.0,36925.0,36920.0,36925.0,0,0,5,2025-03-09/2025-03-15,2286
136,-2228,MNK,MNKM25,M30,2025-03-14 07:30:00,1741937400,36965.0,36975.0,36965.0,36975.0,0,0,4,2025-03-09/2025-03-15,2286
137,-2227,MNK,MNKM25,M30,2025-03-14 08:00:00,1741939200,36920.0,37040.0,36895.0,37035.0,0,0,12,2025-03-09/2025-03-15,2286
138,-2226,MNK,MNKM25,M30,2025-03-14 08:30:00,1741941000,37045.0,37045.0,37045.0,37045.0,0,0,1,2025-03-09/2025-03-15,2286
139,-2225,MNK,MNKM25,M30,2025-03-14 09:00:00,1741942800,37090.0,37090.0,37090.0,37090.0,0,0,2,2025-03-09/2025-03-15,2286
140,-2224,MNK,MNKM25,M30,2025-03-14 09:30:00,1741944600,37085.0,37090.0,37040.0,37040.0,0,0,19,2025-03-09/2025-03-15,2286
141,-2223,MNK,MNKM25,M30,2025-03-14 10:30:00,1741948200,36995.0,37130.0,36995.0,37130.0,0,0,32,2025-03-09/2025-03-15,2286
142,-2222,MNK,MNKM25,M30,2025-03-14 11:00:00,1741950000,37125.0,37125.0,37125.0,37125.0,0,0,10,2025-03-09/2025-03-15,2286
143,-2221,MNK,MNKM25,M30,2025-03-14 11:30:00,1741951800,37180.0,37180.0,37175.0,37175.0,0,0,2,2025-03-09/2025-03-15,2286
144,-2220,MNK,MNKM25,M30,2025-03-14 12:00:00,1741953600,37190.0,37265.0,37190.0,37260.0,0,0,62,2025-03-09/2025-03-15,2286
145,-2219,MNK,MNKM25,M30,2025-03-14 12:30:00,1741955400,37255.0,37280.0,37205.0,37250.0,0,0,59,2025-03-09/2025-03-15,2286
146,-2218,MNK,MNKM25,M30,2025-03-14 13:00:00,1741957200,37235.0,37235.0,37200.0,37200.0,0,0,10,2025-03-09/2025-03-15,2286
147,-2217,MNK,MNKM25,M30,2025-03-14 13:30:00,1741959000,37215.0,37345.0,37215.0,37325.0,0,0,91,2025-03-09/2025-03-15,2286
148,-2216,MNK,MNKM25,M30,2025-03-14 14:00:00,1741960800,37275.0,37320.0,37245.0,37245.0,0,0,17,2025-03-09/2025-03-15,2286
149,-2215,MNK,MNKM25,M30,2025-03-14 14:30:00,1741962600,37315.0,37335.0,37300.0,37335.0,0,0,50,2025-03-09/2025-03-15,2286
150,-2214,MNK,MNKM25,M30,2025-03-14 15:00:00,1741964400,37360.0,37430.0,37360.0,37430.0,0,0,72,2025-03-09/2025-03-15,2286
151,-2213,MNK,MNKM25,M30,2025-03-14 15:30:00,1741966200,37460.0,37460.0,37410.0,37420.0,0,0,39,2025-03-09/2025-03-15,2286
152,-2212,MNK,MNKM25,M30,2025-03-14 16:00:00,1741968000,37355.0,37355.0,37355.0,37355.0,0,0,4,2025-03-09/2025-03-15,2286
153,-2211,MNK,MNKM25,M30,2025-03-14 16:30:00,1741969800,37405.0,37405.0,37405.0,37405.0,0,0,1,2025-03-09/2025-03-15,2286
154,-2210,MNK,MNKM25,M30,2025-03-14 17:00:00,1741971600,37420.0,37420.0,37380.0,37380.0,0,0,22,2025-03-09/2025-03-15,2286
155,-2209,MNK,MNKM25,M30,2025-03-14 18:30:00,1741977000,37400.0,37440.0,37400.0,37405.0,0,0,4,2025-03-09/2025-03-15,2286
156,-2208,MNK,MNKM25,M30,2025-03-14 19:00:00,1741978800,37435.0,37450.0,37400.0,37400.0,0,0,9,2025-03-09/2025-03-15,2286
157,-2207,MNK,MNKM25,M30,2025-03-14 19:30:00,1741980600,37445.0,37480.0,37440.0,37470.0,0,0,26,2025-03-09/2025-03-15,2286
158,-2206,MNK,MNKM25,M30,2025-03-14 20:00:00,1741982400,37465.0,37465.0,37390.0,37390.0,0,0,1,2025-03-09/2025-03-15,2286
159,-2205,MNK,MNKM25,M30,2025-03-14 20:30:00,1741984200,37385.0,37410.0,37380.0,37385.0,0,0,8,2025-03-09/2025-03-15,2286
160,-2204,MNK,MNKM25,M30,2025-03-16 22:00:00,1742162400,37355.0,37355.0,37310.0,37325.0,0,0,6,2025-03-16/2025-03-22,3468
161,-2203,MNK,MNKM25,M30,2025-03-16 22:30:00,1742164200,37300.0,37340.0,37300.0,37335.0,0,0,12,2025-03-16/2025-03-22,3468
162,-2202,MNK,MNKM25,M30,2025-03-16 23:00:00,1742166000,37325.0,37335.0,37325.0,37335.0,0,0,4,2025-03-16/2025-03-22,3468
163,-2201,MNK,MNKM25,M30,2025-03-16 23:30:00,1742167800,37390.0,37415.0,37390.0,37415.0,0,0,13,2025-03-16/2025-03-22,3468
164,-2200,MNK,MNKM25,M30,2025-03-17 00:00:00,1742169600,37350.0,37350.0,37270.0,37270.0,0,0,13,2025-03-16/2025-03-22,3468
165,-2199,MNK,MNKM25,M30,2025-03-17 00:30:00,1742171400,37325.0,37395.0,37325.0,37395.0,0,0,22,2025-03-16/2025-03-22,3468
166,-2198,MNK,MNKM25,M30,2025-03-17 01:00:00,1742173200,37390.0,37390.0,37390.0,37390.0,0,0,2,2025-03-16/2025-03-22,3468
167,-2197,MNK,MNKM25,M30,2025-03-17 01:30:00,1742175000,37350.0,37350.0,37325.0,37325.0,0,0,26,2025-03-16/2025-03-22,3468
168,-2196,MNK,MNKM25,M30,2025-03-17 02:00:00,1742176800,37330.0,37340.0,37330.0,37340.0,0,0,13,2025-03-16/2025-03-22,3468
169,-2195,MNK,MNKM25,M30,2025-03-17 02:30:00,1742178600,37345.0,37345.0,37345.0,37345.0,0,0,4,2025-03-16/2025-03-22,3468
170,-2194,MNK,MNKM25,M30,2025-03-17 04:00:00,1742184000,37380.0,37390.0,37380.0,37390.0,0,0,19,2025-03-16/2025-03-22,3468
171,-2193,MNK,MNKM25,M30,2025-03-17 04:30:00,1742185800,37395.0,37395.0,37370.0,37375.0,0,0,10,2025-03-16/2025-03-22,3468
172,-2192,MNK,MNKM25,M30,2025-03-17 06:00:00,1742191200,37350.0,37350.0,37310.0,37310.0,0,0,9,2025-03-16/2025-03-22,3468
173,-2191,MNK,MNKM25,M30,2025-03-17 06:30:00,1742193000,37280.0,37340.0,37270.0,37340.0,0,0,18,2025-03-16/2025-03-22,3468
174,-2190,MNK,MNKM25,M30,2025-03-17 07:00:00,1742194800,37350.0,37350.0,37350.0,37350.0,0,0,4,2025-03-16/2025-03-22,3468
175,-2189,MNK,MNKM25,M30,2025-03-17 07:30:00,1742196600,37375.0,37380.0,37365.0,37380.0,0,0,3,2025-03-16/2025-03-22,3468
176,-2188,MNK,MNKM25,M30,2025-03-17 08:00:00,1742198400,37390.0,37390.0,37370.0,37370.0,0,0,4,2025-03-16/2025-03-22,3468
177,-2187,MNK,MNKM25,M30,2025-03-17 08:30:00,1742200200,37315.0,37370.0,37315.0,37370.0,0,0,2,2025-03-16/2025-03-22,3468
178,-2186,MNK,MNKM25,M30,2025-03-17 10:00:00,1742205600,37375.0,37375.0,37375.0,37375.0,0,0,1,2025-03-16/2025-03-22,3468
179,-2185,MNK,MNKM25,M30,2025-03-17 11:00:00,1742209200,37395.0,37400.0,37370.0,37370.0,0,0,7,2025-03-16/2025-03-22,3468
180,-2184,MNK,MNKM25,M30,2025-03-17 11:30:00,1742211000,37355.0,37375.0,37345.0,37345.0,0,0,5,2025-03-16/2025-03-22,3468
181,-2183,MNK,MNKM25,M30,2025-03-17 12:00:00,1742212800,37345.0,37345.0,37335.0,37335.0,0,0,4,2025-03-16/2025-03-22,3468
182,-2182,MNK,MNKM25,M30,2025-03-17 12:30:00,1742214600,37405.0,37495.0,37405.0,37460.0,0,0,11,2025-03-16/2025-03-22,3468
183,-2181,MNK,MNKM25,M30,2025-03-17 13:00:00,1742216400,37445.0,37445.0,37445.0,37445.0,0,0,1,2025-03-16/2025-03-22,3468
184,-2180,MNK,MNKM25,M30,2025-03-17 13:30:00,1742218200,37485.0,37640.0,37485.0,37600.0,0,0,38,2025-03-16/2025-03-22,3468
185,-2179,MNK,MNKM25,M30,2025-03-17 14:00:00,1742220000,37590.0,37605.0,37585.0,37585.0,0,0,11,2025-03-16/2025-03-22,3468
186,-2178,MNK,MNKM25,M30,2025-03-17 14:30:00,1742221800,37560.0,37560.0,37560.0,37560.0,0,0,1,2025-03-16/2025-03-22,3468
187,-2177,MNK,MNKM25,M30,2025-03-17 15:30:00,1742225400,37490.0,37585.0,37490.0,37585.0,0,0,26,2025-03-16/2025-03-22,3468
188,-2176,MNK,MNKM25,M30,2025-03-17 16:00:00,1742227200,37575.0,37635.0,37575.0,37580.0,0,0,27,2025-03-16/2025-03-22,3468
189,-2175,MNK,MNKM25,M30,2025-03-17 16:30:00,1742229000,37625.0,37625.0,37625.0,37625.0,0,0,1,2025-03-16/2025-03-22,3468
190,-2174,MNK,MNKM25,M30,2025-03-17 17:00:00,1742230800,37655.0,37680.0,37655.0,37680.0,0,0,6,2025-03-16/2025-03-22,3468
191,-2173,MNK,MNKM25,M30,2025-03-17 17:30:00,1742232600,37745.0,37770.0,37745.0,37765.0,0,0,8,2025-03-16/2025-03-22,3468
192,-2172,MNK,MNKM25,M30,2025-03-17 18:00:00,1742234400,37780.0,37840.0,37765.0,37835.0,0,0,135,2025-03-16/2025-03-22,3468
193,-2171,MNK,MNKM25,M30,2025-03-17 18:30:00,1742236200,37865.0,37885.0,37865.0,37885.0,0,0,27,2025-03-16/2025-03-22,3468
194,-2170,MNK,MNKM25,M30,2025-03-17 19:00:00,1742238000,37830.0,37855.0,37830.0,37855.0,0,0,4,2025-03-16/2025-03-22,3468
195,-2169,MNK,MNKM25,M30,2025-03-17 19:30:00,1742239800,37845.0,37845.0,37845.0,37845.0,0,0,1,2025-03-16/2025-03-22,3468
196,-2168,MNK,MNKM25,M30,2025-03-17 20:00:00,1742241600,37800.0,37800.0,37770.0,37770.0,0,0,1,2025-03-16/2025-03-22,3468
197,-2167,MNK,MNKM25,M30,2025-03-17 20:30:00,1742243400,37755.0,37770.0,37755.0,37770.0,0,0,2,2025-03-16/2025-03-22,3468
198,-2166,MNK,MNKM25,M30,2025-03-17 22:00:00,1742248800,37820.0,37820.0,37820.0,37820.0,0,0,2,2025-03-16/2025-03-22,3468
199,-2165,MNK,MNKM25,M30,2025-03-17 22:30:00,1742250600,37810.0,37810.0,37810.0,37810.0,0,0,1,2025-03-16/2025-03-22,3468
200,-2164,MNK,MNKM25,M30,2025-03-17 23:30:00,1742254200,37855.0,37855.0,37795.0,37815.0,0,0,8,2025-03-16/2025-03-22,3468
201,-2163,MNK,MNKM25,M30,2025-03-18 00:00:00,1742256000,37800.0,37810.0,37730.0,37730.0,0,0,17,2025-03-16/2025-03-22,3468
202,-2162,MNK,MNKM25,M30,2025-03-18 00:30:00,1742257800,37770.0,37770.0,37745.0,37765.0,0,0,31,2025-03-16/2025-03-22,3468
203,-2161,MNK,MNKM25,M30,2025-03-18 01:00:00,1742259600,37785.0,37795.0,37780.0,37795.0,0,0,8,2025-03-16/2025-03-22,3468
204,-2160,MNK,MNKM25,M30,2025-03-18 01:30:00,1742261400,37800.0,37820.0,37800.0,37815.0,0,0,12,2025-03-16/2025-03-22,3468
205,-2159,MNK,MNKM25,M30,2025-03-18 02:00:00,1742263200,37800.0,37810.0,37800.0,37810.0,0,0,21,2025-03-16/2025-03-22,3468
206,-2158,MNK,MNKM25,M30,2025-03-18 02:30:00,1742265000,37810.0,37810.0,37810.0,37810.0,0,0,11,2025-03-16/2025-03-22,3468
207,-2157,MNK,MNKM25,M30,2025-03-18 03:00:00,1742266800,37780.0,37780.0,37780.0,37780.0,0,0,1,2025-03-16/2025-03-22,3468
208,-2156,MNK,MNKM25,M30,2025-03-18 03:30:00,1742268600,37800.0,37800.0,37800.0,37800.0,0,0,1,2025-03-16/2025-03-22,3468
209,-2155,MNK,MNKM25,M30,2025-03-18 04:30:00,1742272200,37765.0,37775.0,37750.0,37775.0,0,0,38,2025-03-16/2025-03-22,3468
210,-2154,MNK,MNKM25,M30,2025-03-18 05:00:00,1742274000,37780.0,37780.0,37720.0,37725.0,0,0,44,2025-03-16/2025-03-22,3468
211,-2153,MNK,MNKM25,M30,2025-03-18 05:30:00,1742275800,37720.0,37735.0,37720.0,37735.0,0,0,53,2025-03-16/2025-03-22,3468
212,-2152,MNK,MNKM25,M30,2025-03-18 06:00:00,1742277600,37705.0,37705.0,37705.0,37705.0,0,0,5,2025-03-16/2025-03-22,3468
213,-2151,MNK,MNKM25,M30,2025-03-18 06:30:00,1742279400,37695.0,37725.0,37695.0,37725.0,0,0,16,2025-03-16/2025-03-22,3468
214,-2150,MNK,MNKM25,M30,2025-03-18 07:00:00,1742281200,37710.0,37730.0,37705.0,37730.0,0,0,10,2025-03-16/2025-03-22,3468
215,-2149,MNK,MNKM25,M30,2025-03-18 07:30:00,1742283000,37730.0,37730.0,37730.0,37730.0,0,0,2,2025-03-16/2025-03-22,3468
216,-2148,MNK,MNKM25,M30,2025-03-18 08:00:00,1742284800,37745.0,37750.0,37735.0,37735.0,0,0,7,2025-03-16/2025-03-22,3468
217,-2147,MNK,MNKM25,M30,2025-03-18 08:30:00,1742286600,37820.0,37820.0,37820.0,37820.0,0,0,1,2025-03-16/2025-03-22,3468
218,-2146,MNK,MNKM25,M30,2025-03-18 10:00:00,1742292000,37770.0,37770.0,37765.0,37765.0,0,0,4,2025-03-16/2025-03-22,3468
219,-2145,MNK,MNKM25,M30,2025-03-18 11:00:00,1742295600,37755.0,37765.0,37730.0,37740.0,0,0,29,2025-03-16/2025-03-22,3468
220,-2144,MNK,MNKM25,M30,2025-03-18 11:30:00,1742297400,37725.0,37730.0,37720.0,37720.0,0,0,3,2025-03-16/2025-03-22,3468
221,-2143,MNK,MNKM25,M30,2025-03-18 12:30:00,1742301000,37745.0,37745.0,37745.0,37745.0,0,0,1,2025-03-16/2025-03-22,3468
222,-2142,MNK,MNKM25,M30,2025-03-18 13:30:00,1742304600,37635.0,37635.0,37565.0,37565.0,0,0,38,2025-03-16/2025-03-22,3468
223,-2141,MNK,MNKM25,M30,2025-03-18 14:00:00,1742306400,37570.0,37570.0,37535.0,37545.0,0,0,21,2025-03-16/2025-03-22,3468
224,-2140,MNK,MNKM25,M30,2025-03-18 14:30:00,1742308200,37595.0,37615.0,37585.0,37615.0,0,0,40,2025-03-16/2025-03-22,3468
225,-2139,MNK,MNKM25,M30,2025-03-18 15:00:00,1742310000,37530.0,37585.0,37510.0,37585.0,0,0,79,2025-03-16/2025-03-22,3468
226,-2138,MNK,MNKM25,M30,2025-03-18 15:30:00,1742311800,37595.0,37595.0,37590.0,37590.0,0,0,22,2025-03-16/2025-03-22,3468
227,-2137,MNK,MNKM25,M30,2025-03-18 16:00:00,1742313600,37635.0,37665.0,37635.0,37665.0,0,0,44,2025-03-16/2025-03-22,3468
228,-2136,MNK,MNKM25,M30,2025-03-18 16:30:00,1742315400,37655.0,37655.0,37580.0,37580.0,0,0,16,2025-03-16/2025-03-22,3468
229,-2135,MNK,MNKM25,M30,2025-03-18 17:00:00,1742317200,37565.0,37580.0,37495.0,37575.0,0,0,109,2025-03-16/2025-03-22,3468
230,-2134,MNK,MNKM25,M30,2025-03-18 17:30:00,1742319000,37640.0,37640.0,37625.0,37640.0,0,0,7,2025-03-16/2025-03-22,3468
231,-2133,MNK,MNKM25,M30,2025-03-18 18:00:00,1742320800,37590.0,37620.0,37555.0,37620.0,0,0,14,2025-03-16/2025-03-22,3468
232,-2132,MNK,MNKM25,M30,2025-03-18 18:30:00,1742322600,37640.0,37685.0,37635.0,37665.0,0,0,102,2025-03-16/2025-03-22,3468
233,-2131,MNK,MNKM25,M30,2025-03-18 19:00:00,1742324400,37640.0,37640.0,37640.0,37640.0,0,0,7,2025-03-16/2025-03-22,3468
234,-2130,MNK,MNKM25,M30,2025-03-18 19:30:00,1742326200,37620.0,37660.0,37620.0,37655.0,0,0,82,2025-03-16/2025-03-22,3468
235,-2129,MNK,MNKM25,M30,2025-03-18 20:00:00,1742328000,37650.0,37655.0,37650.0,37655.0,0,0,5,2025-03-16/2025-03-22,3468
236,-2128,MNK,MNKM25,M30,2025-03-18 20:30:00,1742329800,37640.0,37660.0,37640.0,37640.0,0,0,9,2025-03-16/2025-03-22,3468
237,-2127,MNK,MNKM25,M30,2025-03-18 22:00:00,1742335200,37605.0,37605.0,37605.0,37605.0,0,0,1,2025-03-16/2025-03-22,3468
238,-2126,MNK,MNKM25,M30,2025-03-18 22:30:00,1742337000,37625.0,37660.0,37625.0,37660.0,0,0,5,2025-03-16/2025-03-22,3468
239,-2125,MNK,MNKM25,M30,2025-03-18 23:00:00,1742338800,37675.0,37685.0,37635.0,37635.0,0,0,8,2025-03-16/2025-03-22,3468
240,-2124,MNK,MNKM25,M30,2025-03-18 23:30:00,1742340600,37690.0,37700.0,37690.0,37700.0,0,0,20,2025-03-16/2025-03-22,3468
241,-2123,MNK,MNKM25,M30,2025-03-19 00:00:00,1742342400,37710.0,37835.0,37665.0,37825.0,0,0,101,2025-03-16/2025-03-22,3468
242,-2122,MNK,MNKM25,M30,2025-03-19 00:30:00,1742344200,37805.0,37935.0,37805.0,37930.0,0,0,119,2025-03-16/2025-03-22,3468
243,-2121,MNK,MNKM25,M30,2025-03-19 01:00:00,1742346000,37920.0,37920.0,37890.0,37900.0,0,0,18,2025-03-16/2025-03-22,3468
244,-2120,MNK,MNKM25,M30,2025-03-19 02:00:00,1742349600,37925.0,37970.0,37915.0,37970.0,0,0,60,2025-03-16/2025-03-22,3468
245,-2119,MNK,MNKM25,M30,2025-03-19 02:30:00,1742351400,37935.0,37935.0,37900.0,37920.0,0,0,10,2025-03-16/2025-03-22,3468
246,-2118,MNK,MNKM25,M30,2025-03-19 03:30:00,1742355000,37850.0,37850.0,37850.0,37850.0,0,0,10,2025-03-16/2025-03-22,3468
247,-2117,MNK,MNKM25,M30,2025-03-19 04:00:00,1742356800,37800.0,37800.0,37720.0,37755.0,0,0,4,2025-03-16/2025-03-22,3468
248,-2116,MNK,MNKM25,M30,2025-03-19 04:30:00,1742358600,37745.0,37745.0,37745.0,37745.0,0,0,1,2025-03-16/2025-03-22,3468
249,-2115,MNK,MNKM25,M30,2025-03-19 05:30:00,1742362200,37670.0,37680.0,37670.0,37680.0,0,0,20,2025-03-16/2025-03-22,3468
250,-2114,MNK,MNKM25,M30,2025-03-19 06:30:00,1742365800,37600.0,37610.0,37595.0,37610.0,0,0,16,2025-03-16/2025-03-22,3468
251,-2113,MNK,MNKM25,M30,2025-03-19 07:00:00,1742367600,37580.0,37580.0,37530.0,37530.0,0,0,14,2025-03-16/2025-03-22,3468
252,-2112,MNK,MNKM25,M30,2025-03-19 07:30:00,1742369400,37530.0,37530.0,37510.0,37510.0,0,0,6,2025-03-16/2025-03-22,3468
253,-2111,MNK,MNKM25,M30,2025-03-19 09:00:00,1742374800,37640.0,37640.0,37640.0,37640.0,0,0,20,2025-03-16/2025-03-22,3468
254,-2110,MNK,MNKM25,M30,2025-03-19 10:00:00,1742378400,37665.0,37665.0,37665.0,37665.0,0,0,9,2025-03-16/2025-03-22,3468
255,-2109,MNK,MNKM25,M30,2025-03-19 10:30:00,1742380200,37675.0,37675.0,37675.0,37675.0,0,0,1,2025-03-16/2025-03-22,3468
256,-2108,MNK,MNKM25,M30,2025-03-19 11:30:00,1742383800,37650.0,37650.0,37615.0,37640.0,0,0,75,2025-03-16/2025-03-22,3468
257,-2107,MNK,MNKM25,M30,2025-03-19 12:00:00,1742385600,37640.0,37640.0,37640.0,37640.0,0,0,20,2025-03-16/2025-03-22,3468
258,-2106,MNK,MNKM25,M30,2025-03-19 12:30:00,1742387400,37600.0,37600.0,37590.0,37590.0,0,0,17,2025-03-16/2025-03-22,3468
259,-2105,MNK,MNKM25,M30,2025-03-19 13:00:00,1742389200,37580.0,37580.0,37580.0,37580.0,0,0,1,2025-03-16/2025-03-22,3468
260,-2104,MNK,MNKM25,M30,2025-03-19 13:30:00,1742391000,37660.0,37775.0,37650.0,37775.0,0,0,112,2025-03-16/2025-03-22,3468
261,-2103,MNK,MNKM25,M30,2025-03-19 14:00:00,1742392800,37770.0,37785.0,37765.0,37785.0,0,0,29,2025-03-16/2025-03-22,3468
262,-2102,MNK,MNKM25,M30,2025-03-19 15:00:00,1742396400,37710.0,37730.0,37710.0,37730.0,0,0,2,2025-03-16/2025-03-22,3468
263,-2101,MNK,MNKM25,M30,2025-03-19 15:30:00,1742398200,37750.0,37780.0,37750.0,37780.0,0,0,9,2025-03-16/2025-03-22,3468
264,-2100,MNK,MNKM25,M30,2025-03-19 16:00:00,1742400000,37705.0,37705.0,37705.0,37705.0,0,0,10,2025-03-16/2025-03-22,3468
265,-2099,MNK,MNKM25,M30,2025-03-19 18:00:00,1742407200,37780.0,37780.0,37675.0,37675.0,0,0,17,2025-03-16/2025-03-22,3468
266,-2098,MNK,MNKM25,M30,2025-03-19 18:30:00,1742409000,37730.0,37755.0,37665.0,37755.0,0,0,15,2025-03-16/2025-03-22,3468
267,-2097,MNK,MNKM25,M30,2025-03-19 19:00:00,1742410800,37765.0,37800.0,37690.0,37690.0,0,0,10,2025-03-16/2025-03-22,3468
268,-2096,MNK,MNKM25,M30,2025-03-19 19:30:00,1742412600,37700.0,37760.0,37700.0,37715.0,0,0,51,2025-03-16/2025-03-22,3468
269,-2095,MNK,MNKM25,M30,2025-03-19 20:00:00,1742414400,37720.0,37745.0,37710.0,37710.0,0,0,26,2025-03-16/2025-03-22,3468
270,-2094,MNK,MNKM25,M30,2025-03-19 20:30:00,1742416200,37715.0,37720.0,37700.0,37710.0,0,0,22,2025-03-16/2025-03-22,3468
271,-2093,MNK,MNKM25,M30,2025-03-19 22:00:00,1742421600,37740.0,37755.0,37740.0,37740.0,0,0,7,2025-03-16/2025-03-22,3468
272,-2092,MNK,MNKM25,M30,2025-03-19 22:30:00,1742423400,37760.0,37760.0,37750.0,37750.0,0,0,3,2025-03-16/2025-03-22,3468
273,-2091,MNK,MNKM25,M30,2025-03-20 00:00:00,1742428800,37710.0,37720.0,37700.0,37720.0,0,0,14,2025-03-16/2025-03-22,3468
274,-2090,MNK,MNKM25,M30,2025-03-20 01:00:00,1742432400,37690.0,37690.0,37690.0,37690.0,0,0,2,2025-03-16/2025-03-22,3468
275,-2089,MNK,MNKM25,M30,2025-03-20 01:30:00,1742434200,37675.0,37675.0,37675.0,37675.0,0,0,2,2025-03-16/2025-03-22,3468
276,-2088,MNK,MNKM25,M30,2025-03-20 02:30:00,1742437800,37695.0,37705.0,37695.0,37705.0,0,0,8,2025-03-16/2025-03-22,3468
277,-2087,MNK,MNKM25,M30,2025-03-20 03:30:00,1742441400,37690.0,37690.0,37690.0,37690.0,0,0,1,2025-03-16/2025-03-22,3468
278,-2086,MNK,MNKM25,M30,2025-03-20 06:00:00,1742450400,37715.0,37715.0,37715.0,37715.0,0,0,11,2025-03-16/2025-03-22,3468
279,-2085,MNK,MNKM25,M30,2025-03-20 06:30:00,1742452200,37675.0,37675.0,37660.0,37660.0,0,0,15,2025-03-16/2025-03-22,3468
280,-2084,MNK,MNKM25,M30,2025-03-20 08:00:00,1742457600,37675.0,37685.0,37675.0,37685.0,0,0,3,2025-03-16/2025-03-22,3468
281,-2083,MNK,MNKM25,M30,2025-03-20 09:00:00,1742461200,37640.0,37640.0,37640.0,37640.0,0,0,2,2025-03-16/2025-03-22,3468
282,-2082,MNK,MNKM25,M30,2025-03-20 09:30:00,1742463000,37600.0,37630.0,37555.0,37555.0,0,0,10,2025-03-16/2025-03-22,3468
283,-2081,MNK,MNKM25,M30,2025-03-20 10:00:00,1742464800,37560.0,37560.0,37345.0,37345.0,0,0,55,2025-03-16/2025-03-22,3468
284,-2080,MNK,MNKM25,M30,2025-03-20 10:30:00,1742466600,37300.0,37385.0,37300.0,37385.0,0,0,9,2025-03-16/2025-03-22,3468
285,-2079,MNK,MNKM25,M30,2025-03-20 11:00:00,1742468400,37395.0,37415.0,37360.0,37360.0,0,0,10,2025-03-16/2025-03-22,3468
286,-2078,MNK,MNKM25,M30,2025-03-20 11:30:00,1742470200,37400.0,37410.0,37400.0,37410.0,0,0,7,2025-03-16/2025-03-22,3468
287,-2077,MNK,MNKM25,M30,2025-03-20 12:00:00,1742472000,37380.0,37400.0,37355.0,37355.0,0,0,8,2025-03-16/2025-03-22,3468
288,-2076,MNK,MNKM25,M30,2025-03-20 13:00:00,1742475600,37305.0,37310.0,37290.0,37305.0,0,0,22,2025-03-16/2025-03-22,3468
289,-2075,MNK,MNKM25,M30,2025-03-20 13:30:00,1742477400,37295.0,37395.0,37295.0,37395.0,0,0,10,2025-03-16/2025-03-22,3468
290,-2074,MNK,MNKM25,M30,2025-03-20 14:00:00,1742479200,37480.0,37535.0,37480.0,37515.0,0,0,7,2025-03-16/2025-03-22,3468
291,-2073,MNK,MNKM25,M30,2025-03-20 14:30:00,1742481000,37480.0,37535.0,37480.0,37500.0,0,0,5,2025-03-16/2025-03-22,3468
292,-2072,MNK,MNKM25,M30,2025-03-20 15:30:00,1742484600,37440.0,37555.0,37440.0,37555.0,0,0,12,2025-03-16/2025-03-22,3468
293,-2071,MNK,MNKM25,M30,2025-03-20 16:00:00,1742486400,37530.0,37565.0,37480.0,37485.0,0,0,158,2025-03-16/2025-03-22,3468
294,-2070,MNK,MNKM25,M30,2025-03-20 16:30:00,1742488200,37410.0,37435.0,37410.0,37435.0,0,0,6,2025-03-16/2025-03-22,3468
295,-2069,MNK,MNKM25,M30,2025-03-20 17:30:00,1742491800,37455.0,37455.0,37455.0,37455.0,0,0,1,2025-03-16/2025-03-22,3468
296,-2068,MNK,MNKM25,M30,2025-03-20 18:30:00,1742495400,37400.0,37460.0,37400.0,37460.0,0,0,5,2025-03-16/2025-03-22,3468
297,-2067,MNK,MNKM25,M30,2025-03-20 19:00:00,1742497200,37515.0,37515.0,37515.0,37515.0,0,0,4,2025-03-16/2025-03-22,3468
298,-2066,MNK,MNKM25,M30,2025-03-20 19:30:00,1742499000,37550.0,37550.0,37520.0,37520.0,0,0,19,2025-03-16/2025-03-22,3468
299,-2065,MNK,MNKM25,M30,2025-03-20 20:00:00,1742500800,37530.0,37530.0,37530.0,37530.0,0,0,0,2025-03-16/2025-03-22,3468
300,-2064,MNK,MNKM25,M30,2025-03-20 20:30:00,1742502600,37520.0,37520.0,37520.0,37520.0,0,0,2,2025-03-16/2025-03-22,3468
301,-2063,MNK,MNKM25,M30,2025-03-20 22:00:00,1742508000,37490.0,37525.0,37490.0,37525.0,0,0,6,2025-03-16/2025-03-22,3468
302,-2062,MNK,MNKM25,M30,2025-03-20 23:00:00,1742511600,37485.0,37525.0,37485.0,37525.0,0,0,7,2025-03-16/2025-03-22,3468
303,-2061,MNK,MNKM25,M30,2025-03-20 23:30:00,1742513400,37525.0,37525.0,37460.0,37460.0,0,0,12,2025-03-16/2025-03-22,3468
304,-2060,MNK,MNKM25,M30,2025-03-21 00:00:00,1742515200,37465.0,37760.0,37465.0,37745.0,0,0,25,2025-03-16/2025-03-22,3468
305,-2059,MNK,MNKM25,M30,2025-03-21 00:30:00,1742517000,37695.0,37740.0,37695.0,37740.0,0,0,31,2025-03-16/2025-03-22,3468
306,-2058,MNK,MNKM25,M30,2025-03-21 01:00:00,1742518800,37750.0,37750.0,37750.0,37750.0,0,0,1,2025-03-16/2025-03-22,3468
307,-2057,MNK,MNKM25,M30,2025-03-21 01:30:00,1742520600,37765.0,37765.0,37765.0,37765.0,0,0,10,2025-03-16/2025-03-22,3468
308,-2056,MNK,MNKM25,M30,2025-03-21 02:30:00,1742524200,37745.0,37745.0,37745.0,37745.0,0,0,2,2025-03-16/2025-03-22,3468
309,-2055,MNK,MNKM25,M30,2025-03-21 03:00:00,1742526000,37735.0,37735.0,37710.0,37710.0,0,0,7,2025-03-16/2025-03-22,3468
310,-2054,MNK,MNKM25,M30,2025-03-21 03:30:00,1742527800,37715.0,37730.0,37715.0,37720.0,0,0,24,2025-03-16/2025-03-22,3468
311,-2053,MNK,MNKM25,M30,2025-03-21 04:00:00,1742529600,37775.0,37775.0,37775.0,37775.0,0,0,1,2025-03-16/2025-03-22,3468
312,-2052,MNK,MNKM25,M30,2025-03-21 04:30:00,1742531400,37695.0,37695.0,37670.0,37670.0,0,0,20,2025-03-16/2025-03-22,3468
313,-2051,MNK,MNKM25,M30,2025-03-21 05:00:00,1742533200,37650.0,37650.0,37650.0,37650.0,0,0,4,2025-03-16/2025-03-22,3468
314,-2050,MNK,MNKM25,M30,2025-03-21 05:30:00,1742535000,37585.0,37590.0,37585.0,37590.0,0,0,4,2025-03-16/2025-03-22,3468
315,-2049,MNK,MNKM25,M30,2025-03-21 06:00:00,1742536800,37580.0,37590.0,37550.0,37590.0,0,0,16,2025-03-16/2025-03-22,3468
316,-2048,MNK,MNKM25,M30,2025-03-21 06:30:00,1742538600,37510.0,37520.0,37475.0,37475.0,0,0,34,2025-03-16/2025-03-22,3468
317,-2047,MNK,MNKM25,M30,2025-03-21 07:00:00,1742540400,37590.0,37590.0,37585.0,37585.0,0,0,14,2025-03-16/2025-03-22,3468
318,-2046,MNK,MNKM25,M30,2025-03-21 07:30:00,1742542200,37505.0,37505.0,37465.0,37465.0,0,0,2,2025-03-16/2025-03-22,3468
319,-2045,MNK,MNKM25,M30,2025-03-21 08:00:00,1742544000,37495.0,37515.0,37410.0,37410.0,0,0,15,2025-03-16/2025-03-22,3468
320,-2044,MNK,MNKM25,M30,2025-03-21 08:30:00,1742545800,37430.0,37435.0,37365.0,37435.0,0,0,42,2025-03-16/2025-03-22,3468
321,-2043,MNK,MNKM25,M30,2025-03-21 09:00:00,1742547600,37380.0,37380.0,37380.0,37380.0,0,0,1,2025-03-16/2025-03-22,3468
322,-2042,MNK,MNKM25,M30,2025-03-21 09:30:00,1742549400,37420.0,37420.0,37420.0,37420.0,0,0,1,2025-03-16/2025-03-22,3468
323,-2041,MNK,MNKM25,M30,2025-03-21 11:00:00,1742554800,37365.0,37370.0,37365.0,37370.0,0,0,5,2025-03-16/2025-03-22,3468
324,-2040,MNK,MNKM25,M30,2025-03-21 11:30:00,1742556600,37355.0,37355.0,37355.0,37355.0,0,0,2,2025-03-16/2025-03-22,3468
325,-2039,MNK,MNKM25,M30,2025-03-21 12:30:00,1742560200,37300.0,37310.0,37260.0,37260.0,0,0,16,2025-03-16/2025-03-22,3468
326,-2038,MNK,MNKM25,M30,2025-03-21 13:00:00,1742562000,37225.0,37235.0,37210.0,37230.0,0,0,8,2025-03-16/2025-03-22,3468
327,-2037,MNK,MNKM25,M30,2025-03-21 13:30:00,1742563800,37245.0,37295.0,37245.0,37255.0,0,0,63,2025-03-16/2025-03-22,3468
328,-2036,MNK,MNKM25,M30,2025-03-21 14:00:00,1742565600,37265.0,37265.0,37215.0,37215.0,0,0,13,2025-03-16/2025-03-22,3468
329,-2035,MNK,MNKM25,M30,2025-03-21 14:30:00,1742567400,37290.0,37290.0,37290.0,37290.0,0,0,6,2025-03-16/2025-03-22,3468
330,-2034,MNK,MNKM25,M30,2025-03-21 15:00:00,1742569200,37300.0,37325.0,37260.0,37260.0,0,0,23,2025-03-16/2025-03-22,3468
331,-2033,MNK,MNKM25,M30,2025-03-21 15:30:00,1742571000,37255.0,37255.0,37200.0,37230.0,0,0,69,2025-03-16/2025-03-22,3468
332,-2032,MNK,MNKM25,M30,2025-03-21 16:00:00,1742572800,37275.0,37365.0,37225.0,37350.0,0,0,170,2025-03-16/2025-03-22,3468
333,-2031,MNK,MNKM25,M30,2025-03-21 16:30:00,1742574600,37370.0,37370.0,37370.0,37370.0,0,0,1,2025-03-16/2025-03-22,3468
334,-2030,MNK,MNKM25,M30,2025-03-21 17:00:00,1742576400,37410.0,37410.0,37410.0,37410.0,0,0,6,2025-03-16/2025-03-22,3468
335,-2029,MNK,MNKM25,M30,2025-03-21 17:30:00,1742578200,37425.0,37440.0,37425.0,37440.0,0,0,8,2025-03-16/2025-03-22,3468
336,-2028,MNK,MNKM25,M30,2025-03-21 18:00:00,1742580000,37435.0,37440.0,37425.0,37425.0,0,0,48,2025-03-16/2025-03-22,3468
337,-2027,MNK,MNKM25,M30,2025-03-21 18:30:00,1742581800,37415.0,37415.0,37415.0,37415.0,0,0,2,2025-03-16/2025-03-22,3468
338,-2026,MNK,MNKM25,M30,2025-03-21 19:00:00,1742583600,37395.0,37400.0,37390.0,37395.0,0,0,20,2025-03-16/2025-03-22,3468
339,-2025,MNK,MNKM25,M30,2025-03-21 19:30:00,1742585400,37370.0,37450.0,37370.0,37450.0,0,0,9,2025-03-16/2025-03-22,3468
340,-2024,MNK,MNKM25,M30,2025-03-21 20:00:00,1742587200,37450.0,37450.0,37425.0,37425.0,0,0,13,2025-03-16/2025-03-22,3468
341,-2023,MNK,MNKM25,M30,2025-03-21 20:30:00,1742589000,37415.0,37420.0,37410.0,37410.0,0,0,8,2025-03-16/2025-03-22,3468
342,-2022,MNK,MNKM25,M30,2025-03-23 22:00:00,1742767200,37600.0,37610.0,37590.0,37610.0,0,0,4,2025-03-23/2025-03-29,3076
343,-2021,MNK,MNKM25,M30,2025-03-23 22:30:00,1742769000,37635.0,37655.0,37625.0,37645.0,0,0,8,2025-03-23/2025-03-29,3076
344,-2020,MNK,MNKM25,M30,2025-03-23 23:00:00,1742770800,37675.0,37675.0,37610.0,37615.0,0,0,7,2025-03-23/2025-03-29,3076
345,-2019,MNK,MNKM25,M30,2025-03-23 23:30:00,1742772600,37635.0,37655.0,37625.0,37655.0,0,0,21,2025-03-23/2025-03-29,3076
346,-2018,MNK,MNKM25,M30,2025-03-24 00:00:00,1742774400,37660.0,37665.0,37550.0,37550.0,0,0,73,2025-03-23/2025-03-29,3076
347,-2017,MNK,MNKM25,M30,2025-03-24 00:30:00,1742776200,37540.0,37620.0,37525.0,37620.0,0,0,8,2025-03-23/2025-03-29,3076
348,-2016,MNK,MNKM25,M30,2025-03-24 01:00:00,1742778000,37550.0,37605.0,37550.0,37605.0,0,0,7,2025-03-23/2025-03-29,3076
349,-2015,MNK,MNKM25,M30,2025-03-24 01:30:00,1742779800,37570.0,37570.0,37570.0,37570.0,0,0,11,2025-03-23/2025-03-29,3076
350,-2014,MNK,MNKM25,M30,2025-03-24 02:00:00,1742781600,37525.0,37540.0,37510.0,37525.0,0,0,24,2025-03-23/2025-03-29,3076
351,-2013,MNK,MNKM25,M30,2025-03-24 02:30:00,1742783400,37540.0,37565.0,37510.0,37560.0,0,0,15,2025-03-23/2025-03-29,3076
352,-2012,MNK,MNKM25,M30,2025-03-24 03:00:00,1742785200,37560.0,37560.0,37560.0,37560.0,0,0,1,2025-03-23/2025-03-29,3076
353,-2011,MNK,MNKM25,M30,2025-03-24 03:30:00,1742787000,37495.0,37535.0,37495.0,37525.0,0,0,5,2025-03-23/2025-03-29,3076
354,-2010,MNK,MNKM25,M30,2025-03-24 05:30:00,1742794200,37500.0,37500.0,37500.0,37500.0,0,0,1,2025-03-23/2025-03-29,3076
355,-2009,MNK,MNKM25,M30,2025-03-24 06:30:00,1742797800,37445.0,37515.0,37440.0,37510.0,0,0,9,2025-03-23/2025-03-29,3076
356,-2008,MNK,MNKM25,M30,2025-03-24 07:00:00,1742799600,37570.0,37575.0,37570.0,37575.0,0,0,5,2025-03-23/2025-03-29,3076
357,-2007,MNK,MNKM25,M30,2025-03-24 07:30:00,1742801400,37535.0,37535.0,37535.0,37535.0,0,0,3,2025-03-23/2025-03-29,3076
358,-2006,MNK,MNKM25,M30,2025-03-24 08:00:00,1742803200,37540.0,37580.0,37535.0,37535.0,0,0,34,2025-03-23/2025-03-29,3076
359,-2005,MNK,MNKM25,M30,2025-03-24 08:30:00,1742805000,37540.0,37540.0,37520.0,37520.0,0,0,27,2025-03-23/2025-03-29,3076
360,-2004,MNK,MNKM25,M30,2025-03-24 09:00:00,1742806800,37525.0,37525.0,37515.0,37515.0,0,0,2,2025-03-23/2025-03-29,3076
361,-2003,MNK,MNKM25,M30,2025-03-24 09:30:00,1742808600,37475.0,37475.0,37475.0,37475.0,0,0,2,2025-03-23/2025-03-29,3076
362,-2002,MNK,MNKM25,M30,2025-03-24 10:00:00,1742810400,37470.0,37470.0,37470.0,37470.0,0,0,5,2025-03-23/2025-03-29,3076
363,-2001,MNK,MNKM25,M30,2025-03-24 11:00:00,1742814000,37560.0,37560.0,37560.0,37560.0,0,0,2,2025-03-23/2025-03-29,3076
364,-2000,MNK,MNKM25,M30,2025-03-24 11:30:00,1742815800,37560.0,37560.0,37560.0,37560.0,0,0,2,2025-03-23/2025-03-29,3076
365,-1999,MNK,MNKM25,M30,2025-03-24 13:30:00,1742823000,37595.0,37635.0,37595.0,37635.0,0,0,28,2025-03-23/2025-03-29,3076
366,-1998,MNK,MNKM25,M30,2025-03-24 14:00:00,1742824800,37665.0,37690.0,37640.0,37685.0,0,0,23,2025-03-23/2025-03-29,3076
367,-1997,MNK,MNKM25,M30,2025-03-24 14:30:00,1742826600,37700.0,37770.0,37700.0,37770.0,0,0,3,2025-03-23/2025-03-29,3076
368,-1996,MNK,MNKM25,M30,2025-03-24 15:00:00,1742828400,37765.0,37770.0,37765.0,37770.0,0,0,23,2025-03-23/2025-03-29,3076
369,-1995,MNK,MNKM25,M30,2025-03-24 15:30:00,1742830200,37775.0,37785.0,37775.0,37780.0,0,0,12,2025-03-23/2025-03-29,3076
370,-1994,MNK,MNKM25,M30,2025-03-24 16:00:00,1742832000,37825.0,37825.0,37775.0,37775.0,0,0,12,2025-03-23/2025-03-29,3076
371,-1993,MNK,MNKM25,M30,2025-03-24 16:30:00,1742833800,37745.0,37745.0,37745.0,37745.0,0,0,7,2025-03-23/2025-03-29,3076
372,-1992,MNK,MNKM25,M30,2025-03-24 17:30:00,1742837400,37745.0,37745.0,37745.0,37745.0,0,0,2,2025-03-23/2025-03-29,3076
373,-1991,MNK,MNKM25,M30,2025-03-24 18:00:00,1742839200,37725.0,37725.0,37725.0,37725.0,0,0,1,2025-03-23/2025-03-29,3076
374,-1990,MNK,MNKM25,M30,2025-03-24 18:30:00,1742841000,37740.0,37810.0,37740.0,37810.0,0,0,223,2025-03-23/2025-03-29,3076
375,-1989,MNK,MNKM25,M30,2025-03-24 19:00:00,1742842800,37810.0,37810.0,37810.0,37810.0,0,0,4,2025-03-23/2025-03-29,3076
376,-1988,MNK,MNKM25,M30,2025-03-24 19:30:00,1742844600,37825.0,37840.0,37810.0,37840.0,0,0,24,2025-03-23/2025-03-29,3076
377,-1987,MNK,MNKM25,M30,2025-03-24 20:00:00,1742846400,37835.0,37835.0,37835.0,37835.0,0,0,6,2025-03-23/2025-03-29,3076
378,-1986,MNK,MNKM25,M30,2025-03-24 20:30:00,1742848200,37795.0,37805.0,37790.0,37795.0,0,0,9,2025-03-23/2025-03-29,3076
379,-1985,MNK,MNKM25,M30,2025-03-24 22:00:00,1742853600,37840.0,37840.0,37840.0,37840.0,0,0,1,2025-03-23/2025-03-29,3076
380,-1984,MNK,MNKM25,M30,2025-03-24 22:30:00,1742855400,37800.0,37800.0,37800.0,37800.0,0,0,1,2025-03-23/2025-03-29,3076
381,-1983,MNK,MNKM25,M30,2025-03-24 23:00:00,1742857200,37805.0,37805.0,37805.0,37805.0,0,0,1,2025-03-23/2025-03-29,3076
382,-1982,MNK,MNKM25,M30,2025-03-24 23:30:00,1742859000,37850.0,37870.0,37825.0,37830.0,0,0,4,2025-03-23/2025-03-29,3076
383,-1981,MNK,MNKM25,M30,2025-03-25 00:00:00,1742860800,37865.0,37960.0,37825.0,37960.0,0,0,20,2025-03-23/2025-03-29,3076
384,-1980,MNK,MNKM25,M30,2025-03-25 00:30:00,1742862600,37950.0,37950.0,37945.0,37945.0,0,0,12,2025-03-23/2025-03-29,3076
385,-1979,MNK,MNKM25,M30,2025-03-25 01:00:00,1742864400,37920.0,37920.0,37870.0,37890.0,0,0,4,2025-03-23/2025-03-29,3076
386,-1978,MNK,MNKM25,M30,2025-03-25 01:30:00,1742866200,37775.0,37775.0,37745.0,37755.0,0,0,16,2025-03-23/2025-03-29,3076
387,-1977,MNK,MNKM25,M30,2025-03-25 02:30:00,1742869800,37715.0,37715.0,37715.0,37715.0,0,0,1,2025-03-23/2025-03-29,3076
388,-1976,MNK,MNKM25,M30,2025-03-25 03:30:00,1742873400,37665.0,37680.0,37665.0,37680.0,0,0,3,2025-03-23/2025-03-29,3076
389,-1975,MNK,MNKM25,M30,2025-03-25 04:00:00,1742875200,37570.0,37570.0,37530.0,37530.0,0,0,3,2025-03-23/2025-03-29,3076
390,-1974,MNK,MNKM25,M30,2025-03-25 04:30:00,1742877000,37600.0,37600.0,37600.0,37600.0,0,0,2,2025-03-23/2025-03-29,3076
391,-1973,MNK,MNKM25,M30,2025-03-25 06:30:00,1742884200,37645.0,37670.0,37625.0,37670.0,0,0,12,2025-03-23/2025-03-29,3076
392,-1972,MNK,MNKM25,M30,2025-03-25 08:00:00,1742889600,37685.0,37710.0,37685.0,37695.0,0,0,10,2025-03-23/2025-03-29,3076
393,-1971,MNK,MNKM25,M30,2025-03-25 09:30:00,1742895000,37745.0,37745.0,37745.0,37745.0,0,0,3,2025-03-23/2025-03-29,3076
394,-1970,MNK,MNKM25,M30,2025-03-25 10:00:00,1742896800,37750.0,37750.0,37750.0,37750.0,0,0,2,2025-03-23/2025-03-29,3076
395,-1969,MNK,MNKM25,M30,2025-03-25 10:30:00,1742898600,37805.0,37805.0,37805.0,37805.0,0,0,1,2025-03-23/2025-03-29,3076
396,-1968,MNK,MNKM25,M30,2025-03-25 11:00:00,1742900400,37825.0,37825.0,37800.0,37800.0,0,0,131,2025-03-23/2025-03-29,3076
397,-1967,MNK,MNKM25,M30,2025-03-25 11:30:00,1742902200,37835.0,37865.0,37825.0,37860.0,0,0,12,2025-03-23/2025-03-29,3076
398,-1966,MNK,MNKM25,M30,2025-03-25 12:00:00,1742904000,37870.0,37870.0,37820.0,37820.0,0,0,22,2025-03-23/2025-03-29,3076
399,-1965,MNK,MNKM25,M30,2025-03-25 12:30:00,1742905800,37800.0,37800.0,37800.0,37800.0,0,0,1,2025-03-23/2025-03-29,3076
400,-1964,MNK,MNKM25,M30,2025-03-25 13:30:00,1742909400,37750.0,37750.0,37710.0,37710.0,0,0,79,2025-03-23/2025-03-29,3076
401,-1963,MNK,MNKM25,M30,2025-03-25 14:00:00,1742911200,37710.0,37710.0,37645.0,37645.0,0,0,6,2025-03-23/2025-03-29,3076
402,-1962,MNK,MNKM25,M30,2025-03-25 15:00:00,1742914800,37740.0,37740.0,37730.0,37735.0,0,0,5,2025-03-23/2025-03-29,3076
403,-1961,MNK,MNKM25,M30,2025-03-25 15:30:00,1742916600,37730.0,37730.0,37690.0,37700.0,0,0,3,2025-03-23/2025-03-29,3076
404,-1960,MNK,MNKM25,M30,2025-03-25 16:00:00,1742918400,37740.0,37755.0,37740.0,37755.0,0,0,6,2025-03-23/2025-03-29,3076
405,-1959,MNK,MNKM25,M30,2025-03-25 18:00:00,1742925600,37825.0,37825.0,37825.0,37825.0,0,0,1,2025-03-23/2025-03-29,3076
406,-1958,MNK,MNKM25,M30,2025-03-25 18:30:00,1742927400,37815.0,37815.0,37815.0,37815.0,0,0,1,2025-03-23/2025-03-29,3076
407,-1957,MNK,MNKM25,M30,2025-03-25 19:00:00,1742929200,37850.0,37850.0,37850.0,37850.0,0,0,1,2025-03-23/2025-03-29,3076
408,-1956,MNK,MNKM25,M30,2025-03-25 19:30:00,1742931000,37890.0,37915.0,37885.0,37905.0,0,0,7,2025-03-23/2025-03-29,3076
409,-1955,MNK,MNKM25,M30,2025-03-25 20:00:00,1742932800,37905.0,37925.0,37905.0,37925.0,0,0,3,2025-03-23/2025-03-29,3076
410,-1954,MNK,MNKM25,M30,2025-03-25 20:30:00,1742934600,37905.0,37915.0,37905.0,37915.0,0,0,4,2025-03-23/2025-03-29,3076
411,-1953,MNK,MNKM25,M30,2025-03-25 22:00:00,1742940000,37935.0,37935.0,37920.0,37920.0,0,0,2,2025-03-23/2025-03-29,3076
412,-1952,MNK,MNKM25,M30,2025-03-25 22:30:00,1742941800,37905.0,37905.0,37905.0,37905.0,0,0,1,2025-03-23/2025-03-29,3076
413,-1951,MNK,MNKM25,M30,2025-03-25 23:30:00,1742945400,37965.0,37970.0,37955.0,37955.0,0,0,11,2025-03-23/2025-03-29,3076
414,-1950,MNK,MNKM25,M30,2025-03-26 00:00:00,1742947200,37930.0,37950.0,37835.0,37835.0,0,0,27,2025-03-23/2025-03-29,3076
415,-1949,MNK,MNKM25,M30,2025-03-26 00:30:00,1742949000,37875.0,37985.0,37875.0,37925.0,0,0,14,2025-03-23/2025-03-29,3076
416,-1948,MNK,MNKM25,M30,2025-03-26 01:00:00,1742950800,37800.0,37820.0,37770.0,37770.0,0,0,15,2025-03-23/2025-03-29,3076
417,-1947,MNK,MNKM25,M30,2025-03-26 01:30:00,1742952600,37755.0,37755.0,37715.0,37750.0,0,0,16,2025-03-23/2025-03-29,3076
418,-1946,MNK,MNKM25,M30,2025-03-26 02:00:00,1742954400,37740.0,37745.0,37725.0,37725.0,0,0,17,2025-03-23/2025-03-29,3076
419,-1945,MNK,MNKM25,M30,2025-03-26 02:30:00,1742956200,37735.0,37775.0,37735.0,37760.0,0,0,53,2025-03-23/2025-03-29,3076
420,-1944,MNK,MNKM25,M30,2025-03-26 03:00:00,1742958000,37785.0,37785.0,37785.0,37785.0,0,0,1,2025-03-23/2025-03-29,3076
421,-1943,MNK,MNKM25,M30,2025-03-26 03:30:00,1742959800,37825.0,37840.0,37825.0,37835.0,0,0,37,2025-03-23/2025-03-29,3076
422,-1942,MNK,MNKM25,M30,2025-03-26 04:00:00,1742961600,37855.0,37880.0,37855.0,37870.0,0,0,21,2025-03-23/2025-03-29,3076
423,-1941,MNK,MNKM25,M30,2025-03-26 04:30:00,1742963400,37880.0,37935.0,37880.0,37925.0,0,0,14,2025-03-23/2025-03-29,3076
424,-1940,MNK,MNKM25,M30,2025-03-26 05:00:00,1742965200,37940.0,38040.0,37940.0,37995.0,0,0,33,2025-03-23/2025-03-29,3076
425,-1939,MNK,MNKM25,M30,2025-03-26 06:00:00,1742968800,37915.0,37915.0,37885.0,37885.0,0,0,10,2025-03-23/2025-03-29,3076
426,-1938,MNK,MNKM25,M30,2025-03-26 08:00:00,1742976000,37855.0,37855.0,37795.0,37795.0,0,0,26,2025-03-23/2025-03-29,3076
427,-1937,MNK,MNKM25,M30,2025-03-26 09:00:00,1742979600,37800.0,37800.0,37765.0,37775.0,0,0,13,2025-03-23/2025-03-29,3076
428,-1936,MNK,MNKM25,M30,2025-03-26 09:30:00,1742981400,37805.0,37805.0,37780.0,37780.0,0,0,15,2025-03-23/2025-03-29,3076
429,-1935,MNK,MNKM25,M30,2025-03-26 10:30:00,1742985000,37800.0,37800.0,37800.0,37800.0,0,0,1,2025-03-23/2025-03-29,3076
430,-1934,MNK,MNKM25,M30,2025-03-26 11:30:00,1742988600,37845.0,37845.0,37845.0,37845.0,0,0,3,2025-03-23/2025-03-29,3076
431,-1933,MNK,MNKM25,M30,2025-03-26 13:00:00,1742994000,37845.0,37855.0,37845.0,37855.0,0,0,2,2025-03-23/2025-03-29,3076
432,-1932,MNK,MNKM25,M30,2025-03-26 13:30:00,1742995800,37830.0,37875.0,37735.0,37735.0,0,0,194,2025-03-23/2025-03-29,3076
433,-1931,MNK,MNKM25,M30,2025-03-26 14:00:00,1742997600,37750.0,37770.0,37685.0,37685.0,0,0,186,2025-03-23/2025-03-29,3076
434,-1930,MNK,MNKM25,M30,2025-03-26 14:30:00,1742999400,37710.0,37740.0,37705.0,37740.0,0,0,5,2025-03-23/2025-03-29,3076
435,-1929,MNK,MNKM25,M30,2025-03-26 15:00:00,1743001200,37710.0,37710.0,37710.0,37710.0,0,0,1,2025-03-23/2025-03-29,3076
436,-1928,MNK,MNKM25,M30,2025-03-26 15:30:00,1743003000,37725.0,37725.0,37650.0,37685.0,0,0,82,2025-03-23/2025-03-29,3076
437,-1927,MNK,MNKM25,M30,2025-03-26 16:00:00,1743004800,37655.0,37655.0,37640.0,37640.0,0,0,2,2025-03-23/2025-03-29,3076
438,-1926,MNK,MNKM25,M30,2025-03-26 17:00:00,1743008400,37620.0,37635.0,37585.0,37585.0,0,0,24,2025-03-23/2025-03-29,3076
439,-1925,MNK,MNKM25,M30,2025-03-26 17:30:00,1743010200,37520.0,37550.0,37500.0,37540.0,0,0,16,2025-03-23/2025-03-29,3076
440,-1924,MNK,MNKM25,M30,2025-03-26 18:00:00,1743012000,37570.0,37595.0,37570.0,37595.0,0,0,3,2025-03-23/2025-03-29,3076
441,-1923,MNK,MNKM25,M30,2025-03-26 18:30:00,1743013800,37545.0,37545.0,37545.0,37545.0,0,0,2,2025-03-23/2025-03-29,3076
442,-1922,MNK,MNKM25,M30,2025-03-26 19:00:00,1743015600,37490.0,37555.0,37490.0,37555.0,0,0,8,2025-03-23/2025-03-29,3076
443,-1921,MNK,MNKM25,M30,2025-03-26 19:30:00,1743017400,37535.0,37550.0,37535.0,37535.0,0,0,17,2025-03-23/2025-03-29,3076
444,-1920,MNK,MNKM25,M30,2025-03-26 20:00:00,1743019200,37550.0,37550.0,37540.0,37540.0,0,0,1,2025-03-23/2025-03-29,3076
445,-1919,MNK,MNKM25,M30,2025-03-26 20:30:00,1743021000,37550.0,37550.0,37515.0,37515.0,0,0,2,2025-03-23/2025-03-29,3076
446,-1918,MNK,MNKM25,M30,2025-03-26 22:00:00,1743026400,37470.0,37490.0,37365.0,37375.0,0,0,35,2025-03-23/2025-03-29,3076
447,-1917,MNK,MNKM25,M30,2025-03-26 23:00:00,1743030000,37390.0,37430.0,37390.0,37430.0,0,0,12,2025-03-23/2025-03-29,3076
448,-1916,MNK,MNKM25,M30,2025-03-26 23:30:00,1743031800,37460.0,37550.0,37460.0,37540.0,0,0,5,2025-03-23/2025-03-29,3076
449,-1915,MNK,MNKM25,M30,2025-03-27 00:00:00,1743033600,37395.0,37630.0,37395.0,37630.0,0,0,5,2025-03-23/2025-03-29,3076
450,-1914,MNK,MNKM25,M30,2025-03-27 00:30:00,1743035400,37530.0,37530.0,37530.0,37530.0,0,0,1,2025-03-23/2025-03-29,3076
451,-1913,MNK,MNKM25,M30,2025-03-27 01:00:00,1743037200,37525.0,37525.0,37410.0,37410.0,0,0,22,2025-03-23/2025-03-29,3076
452,-1912,MNK,MNKM25,M30,2025-03-27 01:30:00,1743039000,37410.0,37420.0,37400.0,37420.0,0,0,8,2025-03-23/2025-03-29,3076
453,-1911,MNK,MNKM25,M30,2025-03-27 02:00:00,1743040800,37445.0,37485.0,37445.0,37485.0,0,0,12,2025-03-23/2025-03-29,3076
454,-1910,MNK,MNKM25,M30,2025-03-27 03:00:00,1743044400,37465.0,37475.0,37460.0,37475.0,0,0,5,2025-03-23/2025-03-29,3076
455,-1909,MNK,MNKM25,M30,2025-03-27 03:30:00,1743046200,37470.0,37485.0,37420.0,37420.0,0,0,4,2025-03-23/2025-03-29,3076
456,-1908,MNK,MNKM25,M30,2025-03-27 04:00:00,1743048000,37500.0,37505.0,37475.0,37475.0,0,0,5,2025-03-23/2025-03-29,3076
457,-1907,MNK,MNKM25,M30,2025-03-27 05:00:00,1743051600,37485.0,37485.0,37485.0,37485.0,0,0,20,2025-03-23/2025-03-29,3076
458,-1906,MNK,MNKM25,M30,2025-03-27 05:30:00,1743053400,37485.0,37485.0,37485.0,37485.0,0,0,1,2025-03-23/2025-03-29,3076
459,-1905,MNK,MNKM25,M30,2025-03-27 06:00:00,1743055200,37480.0,37575.0,37480.0,37575.0,0,0,2,2025-03-23/2025-03-29,3076
460,-1904,MNK,MNKM25,M30,2025-03-27 06:30:00,1743057000,37590.0,37590.0,37530.0,37535.0,0,0,41,2025-03-23/2025-03-29,3076
461,-1903,MNK,MNKM25,M30,2025-03-27 07:30:00,1743060600,37460.0,37460.0,37460.0,37460.0,0,0,2,2025-03-23/2025-03-29,3076
462,-1902,MNK,MNKM25,M30,2025-03-27 08:00:00,1743062400,37460.0,37460.0,37410.0,37415.0,0,0,11,2025-03-23/2025-03-29,3076
463,-1901,MNK,MNKM25,M30,2025-03-27 08:30:00,1743064200,37450.0,37540.0,37435.0,37535.0,0,0,18,2025-03-23/2025-03-29,3076
464,-1900,MNK,MNKM25,M30,2025-03-27 10:00:00,1743069600,37580.0,37580.0,37580.0,37580.0,0,0,1,2025-03-23/2025-03-29,3076
465,-1899,MNK,MNKM25,M30,2025-03-27 10:30:00,1743071400,37600.0,37600.0,37585.0,37585.0,0,0,12,2025-03-23/2025-03-29,3076
466,-1898,MNK,MNKM25,M30,2025-03-27 11:00:00,1743073200,37525.0,37525.0,37525.0,37525.0,0,0,4,2025-03-23/2025-03-29,3076
467,-1897,MNK,MNKM25,M30,2025-03-27 11:30:00,1743075000,37570.0,37580.0,37570.0,37580.0,0,0,17,2025-03-23/2025-03-29,3076
468,-1896,MNK,MNKM25,M30,2025-03-27 12:00:00,1743076800,37600.0,37600.0,37540.0,37545.0,0,0,24,2025-03-23/2025-03-29,3076
469,-1895,MNK,MNKM25,M30,2025-03-27 13:30:00,1743082200,37445.0,37510.0,37365.0,37505.0,0,0,75,2025-03-23/2025-03-29,3076
470,-1894,MNK,MNKM25,M30,2025-03-27 14:30:00,1743085800,37560.0,37615.0,37560.0,37600.0,0,0,10,2025-03-23/2025-03-29,3076
471,-1893,MNK,MNKM25,M30,2025-03-27 15:00:00,1743087600,37590.0,37590.0,37580.0,37585.0,0,0,7,2025-03-23/2025-03-29,3076
472,-1892,MNK,MNKM25,M30,2025-03-27 15:30:00,1743089400,37545.0,37545.0,37490.0,37490.0,0,0,11,2025-03-23/2025-03-29,3076
473,-1891,MNK,MNKM25,M30,2025-03-27 16:00:00,1743091200,37580.0,37580.0,37565.0,37565.0,0,0,16,2025-03-23/2025-03-29,3076
474,-1890,MNK,MNKM25,M30,2025-03-27 17:00:00,1743094800,37480.0,37480.0,37480.0,37480.0,0,0,1,2025-03-23/2025-03-29,3076
475,-1889,MNK,MNKM25,M30,2025-03-27 18:30:00,1743100200,37510.0,37510.0,37510.0,37510.0,0,0,2,2025-03-23/2025-03-29,3076
476,-1888,MNK,MNKM25,M30,2025-03-27 19:00:00,1743102000,37495.0,37550.0,37495.0,37550.0,0,0,4,2025-03-23/2025-03-29,3076
477,-1887,MNK,MNKM25,M30,2025-03-27 19:30:00,1743103800,37535.0,37535.0,37465.0,37485.0,0,0,17,2025-03-23/2025-03-29,3076
478,-1886,MNK,MNKM25,M30,2025-03-27 20:00:00,1743105600,37475.0,37475.0,37475.0,37475.0,0,0,0,2025-03-23/2025-03-29,3076
479,-1885,MNK,MNKM25,M30,2025-03-27 20:30:00,1743107400,37500.0,37500.0,37485.0,37490.0,0,0,3,2025-03-23/2025-03-29,3076
480,-1884,MNK,MNKM25,M30,2025-03-27 22:00:00,1743112800,37530.0,37575.0,37525.0,37575.0,0,0,13,2025-03-23/2025-03-29,3076
481,-1883,MNK,MNKM25,M30,2025-03-27 23:00:00,1743116400,37540.0,37540.0,37495.0,37500.0,0,0,7,2025-03-23/2025-03-29,3076
482,-1882,MNK,MNKM25,M30,2025-03-27 23:30:00,1743118200,37475.0,37475.0,37445.0,37465.0,0,0,23,2025-03-23/2025-03-29,3076
483,-1881,MNK,MNKM25,M30,2025-03-28 00:00:00,1743120000,37425.0,37425.0,37300.0,37300.0,0,0,11,2025-03-23/2025-03-29,3076
484,-1880,MNK,MNKM25,M30,2025-03-28 00:30:00,1743121800,37360.0,37375.0,37245.0,37245.0,0,0,5,2025-03-23/2025-03-29,3076
485,-1879,MNK,MNKM25,M30,2025-03-28 01:00:00,1743123600,37210.0,37210.0,37150.0,37205.0,0,0,35,2025-03-23/2025-03-29,3076
486,-1878,MNK,MNKM25,M30,2025-03-28 01:30:00,1743125400,37130.0,37135.0,37115.0,37115.0,0,0,3,2025-03-23/2025-03-29,3076
487,-1877,MNK,MNKM25,M30,2025-03-28 02:00:00,1743127200,37110.0,37145.0,37105.0,37135.0,0,0,35,2025-03-23/2025-03-29,3076
488,-1876,MNK,MNKM25,M30,2025-03-28 03:00:00,1743130800,37105.0,37105.0,37105.0,37105.0,0,0,1,2025-03-23/2025-03-29,3076
489,-1875,MNK,MNKM25,M30,2025-03-28 03:30:00,1743132600,37130.0,37135.0,37085.0,37120.0,0,0,22,2025-03-23/2025-03-29,3076
490,-1874,MNK,MNKM25,M30,2025-03-28 04:00:00,1743134400,37010.0,37060.0,37005.0,37055.0,0,0,69,2025-03-23/2025-03-29,3076
491,-1873,MNK,MNKM25,M30,2025-03-28 04:30:00,1743136200,37050.0,37055.0,37045.0,37045.0,0,0,22,2025-03-23/2025-03-29,3076
492,-1872,MNK,MNKM25,M30,2025-03-28 05:00:00,1743138000,37055.0,37055.0,37010.0,37010.0,0,0,23,2025-03-23/2025-03-29,3076
493,-1871,MNK,MNKM25,M30,2025-03-28 05:30:00,1743139800,37080.0,37085.0,37080.0,37085.0,0,0,4,2025-03-23/2025-03-29,3076
494,-1870,MNK,MNKM25,M30,2025-03-28 06:00:00,1743141600,37115.0,37165.0,37115.0,37165.0,0,0,68,2025-03-23/2025-03-29,3076
495,-1869,MNK,MNKM25,M30,2025-03-28 06:30:00,1743143400,37210.0,37210.0,37105.0,37105.0,0,0,15,2025-03-23/2025-03-29,3076
496,-1868,MNK,MNKM25,M30,2025-03-28 07:00:00,1743145200,37045.0,37045.0,37010.0,37030.0,0,0,7,2025-03-23/2025-03-29,3076
497,-1867,MNK,MNKM25,M30,2025-03-28 07:30:00,1743147000,36970.0,36995.0,36945.0,36955.0,0,0,12,2025-03-23/2025-03-29,3076
498,-1866,MNK,MNKM25,M30,2025-03-28 08:00:00,1743148800,36950.0,36955.0,36850.0,36850.0,0,0,38,2025-03-23/2025-03-29,3076
499,-1865,MNK,MNKM25,M30,2025-03-28 08:30:00,1743150600,36860.0,36895.0,36860.0,36895.0,0,0,5,2025-03-23/2025-03-29,3076
500,-1864,MNK,MNKM25,M30,2025-03-28 09:00:00,1743152400,36950.0,36950.0,36950.0,36950.0,0,0,1,2025-03-23/2025-03-29,3076
501,-1863,MNK,MNKM25,M30,2025-03-28 09:30:00,1743154200,36925.0,36940.0,36925.0,36940.0,0,0,6,2025-03-23/2025-03-29,3076
502,-1862,MNK,MNKM25,M30,2025-03-28 10:00:00,1743156000,36935.0,36935.0,36920.0,36920.0,0,0,5,2025-03-23/2025-03-29,3076
503,-1861,MNK,MNKM25,M30,2025-03-28 10:30:00,1743157800,36915.0,36915.0,36915.0,36915.0,0,0,1,2025-03-23/2025-03-29,3076
504,-1860,MNK,MNKM25,M30,2025-03-28 11:00:00,1743159600,36890.0,36895.0,36890.0,36895.0,0,0,3,2025-03-23/2025-03-29,3076
505,-1859,MNK,MNKM25,M30,2025-03-28 12:00:00,1743163200,36890.0,36920.0,36890.0,36920.0,0,0,7,2025-03-23/2025-03-29,3076
506,-1858,MNK,MNKM25,M30,2025-03-28 12:30:00,1743165000,36870.0,36870.0,36800.0,36815.0,0,0,17,2025-03-23/2025-03-29,3076
507,-1857,MNK,MNKM25,M30,2025-03-28 13:00:00,1743166800,36795.0,36895.0,36785.0,36895.0,0,0,21,2025-03-23/2025-03-29,3076
508,-1856,MNK,MNKM25,M30,2025-03-28 13:30:00,1743168600,36845.0,36905.0,36840.0,36840.0,0,0,36,2025-03-23/2025-03-29,3076
509,-1855,MNK,MNKM25,M30,2025-03-28 14:00:00,1743170400,36765.0,36765.0,36555.0,36555.0,0,0,32,2025-03-23/2025-03-29,3076
510,-1854,MNK,MNKM25,M30,2025-03-28 14:30:00,1743172200,36550.0,36550.0,36465.0,36485.0,0,0,52,2025-03-23/2025-03-29,3076
511,-1853,MNK,MNKM25,M30,2025-03-28 15:00:00,1743174000,36510.0,36580.0,36505.0,36575.0,0,0,39,2025-03-23/2025-03-29,3076
512,-1852,MNK,MNKM25,M30,2025-03-28 15:30:00,1743175800,36620.0,36635.0,36515.0,36515.0,0,0,11,2025-03-23/2025-03-29,3076
513,-1851,MNK,MNKM25,M30,2025-03-28 16:00:00,1743177600,36570.0,36570.0,36570.0,36570.0,0,0,1,2025-03-23/2025-03-29,3076
514,-1850,MNK,MNKM25,M30,2025-03-28 16:30:00,1743179400,36525.0,36525.0,36480.0,36515.0,0,0,8,2025-03-23/2025-03-29,3076
515,-1849,MNK,MNKM25,M30,2025-03-28 17:00:00,1743181200,36455.0,36465.0,36405.0,36405.0,0,0,83,2025-03-23/2025-03-29,3076
516,-1848,MNK,MNKM25,M30,2025-03-28 19:30:00,1743190200,36480.0,36480.0,36455.0,36455.0,0,0,4,2025-03-23/2025-03-29,3076
517,-1847,MNK,MNKM25,M30,2025-03-28 20:00:00,1743192000,36465.0,36465.0,36465.0,36465.0,0,0,0,2025-03-23/2025-03-29,3076
518,-1846,MNK,MNKM25,M30,2025-03-28 20:30:00,1743193800,36380.0,36405.0,36380.0,36405.0,0,0,12,2025-03-23/2025-03-29,3076
519,-1845,MNK,MNKM25,M30,2025-03-30 22:00:00,1743372000,36225.0,36225.0,36220.0,36220.0,0,0,6,2025-03-30/2025-04-05,9093
520,-1844,MNK,MNKM25,M30,2025-03-30 22:30:00,1743373800,36210.0,36240.0,36210.0,36240.0,0,0,3,2025-03-30/2025-04-05,9093
521,-1843,MNK,MNKM25,M30,2025-03-30 23:00:00,1743375600,36185.0,36195.0,36150.0,36150.0,0,0,6,2025-03-30/2025-04-05,9093
522,-1842,MNK,MNKM25,M30,2025-03-30 23:30:00,1743377400,36100.0,36185.0,36075.0,36185.0,0,0,11,2025-03-30/2025-04-05,9093
523,-1841,MNK,MNKM25,M30,2025-03-31 00:00:00,1743379200,36215.0,36215.0,35860.0,35910.0,0,0,51,2025-03-30/2025-04-05,9093
524,-1840,MNK,MNKM25,M30,2025-03-31 00:30:00,1743381000,35875.0,35900.0,35805.0,35875.0,0,0,53,2025-03-30/2025-04-05,9093
525,-1839,MNK,MNKM25,M30,2025-03-31 01:00:00,1743382800,36005.0,36035.0,35935.0,35965.0,0,0,51,2025-03-30/2025-04-05,9093
526,-1838,MNK,MNKM25,M30,2025-03-31 01:30:00,1743384600,35950.0,35950.0,35855.0,35900.0,0,0,61,2025-03-30/2025-04-05,9093
527,-1837,MNK,MNKM25,M30,2025-03-31 02:00:00,1743386400,35835.0,35835.0,35820.0,35820.0,0,0,12,2025-03-30/2025-04-05,9093
528,-1836,MNK,MNKM25,M30,2025-03-31 02:30:00,1743388200,35800.0,35800.0,35800.0,35800.0,0,0,1,2025-03-30/2025-04-05,9093
529,-1835,MNK,MNKM25,M30,2025-03-31 03:30:00,1743391800,35765.0,35780.0,35765.0,35780.0,0,0,5,2025-03-30/2025-04-05,9093
530,-1834,MNK,MNKM25,M30,2025-03-31 04:30:00,1743395400,35860.0,35860.0,35860.0,35860.0,0,0,1,2025-03-30/2025-04-05,9093
531,-1833,MNK,MNKM25,M30,2025-03-31 05:00:00,1743397200,35845.0,35845.0,35825.0,35825.0,0,0,3,2025-03-30/2025-04-05,9093
532,-1832,MNK,MNKM25,M30,2025-03-31 05:30:00,1743399000,35815.0,35825.0,35815.0,35825.0,0,0,14,2025-03-30/2025-04-05,9093
533,-1831,MNK,MNKM25,M30,2025-03-31 06:00:00,1743400800,35825.0,35840.0,35825.0,35840.0,0,0,4,2025-03-30/2025-04-05,9093
534,-1830,MNK,MNKM25,M30,2025-03-31 06:30:00,1743402600,35740.0,35800.0,35740.0,35800.0,0,0,10,2025-03-30/2025-04-05,9093
535,-1829,MNK,MNKM25,M30,2025-03-31 07:00:00,1743404400,35705.0,35740.0,35705.0,35740.0,0,0,7,2025-03-30/2025-04-05,9093
536,-1828,MNK,MNKM25,M30,2025-03-31 07:30:00,1743406200,35785.0,35785.0,35785.0,35785.0,0,0,2,2025-03-30/2025-04-05,9093
537,-1827,MNK,MNKM25,M30,2025-03-31 08:00:00,1743408000,35875.0,35965.0,35875.0,35915.0,0,0,31,2025-03-30/2025-04-05,9093
538,-1826,MNK,MNKM25,M30,2025-03-31 08:30:00,1743409800,35920.0,35945.0,35920.0,35945.0,0,0,24,2025-03-30/2025-04-05,9093
539,-1825,MNK,MNKM25,M30,2025-03-31 10:00:00,1743415200,35780.0,35810.0,35780.0,35810.0,0,0,2,2025-03-30/2025-04-05,9093
540,-1824,MNK,MNKM25,M30,2025-03-31 10:30:00,1743417000,35800.0,35800.0,35800.0,35800.0,0,0,1,2025-03-30/2025-04-05,9093
541,-1823,MNK,MNKM25,M30,2025-03-31 11:00:00,1743418800,35755.0,35755.0,35695.0,35695.0,0,0,3,2025-03-30/2025-04-05,9093
542,-1822,MNK,MNKM25,M30,2025-03-31 12:30:00,1743424200,35780.0,35780.0,35780.0,35780.0,0,0,1,2025-03-30/2025-04-05,9093
543,-1821,MNK,MNKM25,M30,2025-03-31 13:00:00,1743426000,35830.0,35830.0,35830.0,35830.0,0,0,1,2025-03-30/2025-04-05,9093
544,-1820,MNK,MNKM25,M30,2025-03-31 13:30:00,1743427800,35825.0,35825.0,35590.0,35690.0,0,0,21,2025-03-30/2025-04-05,9093
545,-1819,MNK,MNKM25,M30,2025-03-31 14:00:00,1743429600,35815.0,35850.0,35740.0,35765.0,0,0,8,2025-03-30/2025-04-05,9093
546,-1818,MNK,MNKM25,M30,2025-03-31 14:30:00,1743431400,35850.0,35910.0,35850.0,35870.0,0,0,7,2025-03-30/2025-04-05,9093
547,-1817,MNK,MNKM25,M30,2025-03-31 15:00:00,1743433200,35865.0,35920.0,35855.0,35920.0,0,0,6,2025-03-30/2025-04-05,9093
548,-1816,MNK,MNKM25,M30,2025-03-31 15:30:00,1743435000,35910.0,36015.0,35910.0,35965.0,0,0,24,2025-03-30/2025-04-05,9093
549,-1815,MNK,MNKM25,M30,2025-03-31 16:00:00,1743436800,35940.0,35980.0,35940.0,35980.0,0,0,2,2025-03-30/2025-04-05,9093
550,-1814,MNK,MNKM25,M30,2025-03-31 16:30:00,1743438600,35975.0,35975.0,35975.0,35975.0,0,0,4,2025-03-30/2025-04-05,9093
551,-1813,MNK,MNKM25,M30,2025-03-31 17:00:00,1743440400,36050.0,36050.0,35995.0,35995.0,0,0,6,2025-03-30/2025-04-05,9093
552,-1812,MNK,MNKM25,M30,2025-03-31 17:30:00,1743442200,35990.0,36005.0,35990.0,36005.0,0,0,5,2025-03-30/2025-04-05,9093
553,-1811,MNK,MNKM25,M30,2025-03-31 18:00:00,1743444000,36035.0,36115.0,36015.0,36115.0,0,0,9,2025-03-30/2025-04-05,9093
554,-1810,MNK,MNKM25,M30,2025-03-31 18:30:00,1743445800,36110.0,36110.0,36090.0,36100.0,0,0,28,2025-03-30/2025-04-05,9093
555,-1809,MNK,MNKM25,M30,2025-03-31 19:30:00,1743449400,36090.0,36220.0,36090.0,36120.0,0,0,17,2025-03-30/2025-04-05,9093
556,-1808,MNK,MNKM25,M30,2025-03-31 20:00:00,1743451200,36130.0,36130.0,36130.0,36130.0,0,0,0,2025-03-30/2025-04-05,9093
557,-1807,MNK,MNKM25,M30,2025-03-31 20:30:00,1743453000,36090.0,36090.0,36085.0,36085.0,0,0,3,2025-03-30/2025-04-05,9093
558,-1806,MNK,MNKM25,M30,2025-03-31 22:00:00,1743458400,36030.0,36045.0,36030.0,36045.0,0,0,3,2025-03-30/2025-04-05,9093
559,-1805,MNK,MNKM25,M30,2025-03-31 23:00:00,1743462000,36105.0,36105.0,36105.0,36105.0,0,0,1,2025-03-30/2025-04-05,9093
560,-1804,MNK,MNKM25,M30,2025-03-31 23:30:00,1743463800,35975.0,35975.0,35975.0,35975.0,0,0,2,2025-03-30/2025-04-05,9093
561,-1803,MNK,MNKM25,M30,2025-04-01 00:00:00,1743465600,35990.0,36150.0,35955.0,36125.0,0,0,24,2025-03-30/2025-04-05,9093
562,-1802,MNK,MNKM25,M30,2025-04-01 00:30:00,1743467400,36100.0,36105.0,35850.0,35915.0,0,0,44,2025-03-30/2025-04-05,9093
563,-1801,MNK,MNKM25,M30,2025-04-01 01:00:00,1743469200,35840.0,35965.0,35840.0,35930.0,0,0,8,2025-03-30/2025-04-05,9093
564,-1800,MNK,MNKM25,M30,2025-04-01 01:30:00,1743471000,35860.0,35860.0,35860.0,35860.0,0,0,2,2025-03-30/2025-04-05,9093
565,-1799,MNK,MNKM25,M30,2025-04-01 02:00:00,1743472800,35960.0,35960.0,35960.0,35960.0,0,0,1,2025-03-30/2025-04-05,9093
566,-1798,MNK,MNKM25,M30,2025-04-01 02:30:00,1743474600,35980.0,35980.0,35980.0,35980.0,0,0,1,2025-03-30/2025-04-05,9093
567,-1797,MNK,MNKM25,M30,2025-04-01 03:30:00,1743478200,35840.0,35840.0,35840.0,35840.0,0,0,1,2025-03-30/2025-04-05,9093
568,-1796,MNK,MNKM25,M30,2025-04-01 04:00:00,1743480000,35765.0,35785.0,35660.0,35780.0,0,0,44,2025-03-30/2025-04-05,9093
569,-1795,MNK,MNKM25,M30,2025-04-01 04:30:00,1743481800,35795.0,35795.0,35795.0,35795.0,0,0,1,2025-03-30/2025-04-05,9093
570,-1794,MNK,MNKM25,M30,2025-04-01 05:00:00,1743483600,35855.0,35855.0,35855.0,35855.0,0,0,3,2025-03-30/2025-04-05,9093
571,-1793,MNK,MNKM25,M30,2025-04-01 05:30:00,1743485400,35805.0,35810.0,35730.0,35730.0,0,0,38,2025-03-30/2025-04-05,9093
572,-1792,MNK,MNKM25,M30,2025-04-01 06:00:00,1743487200,35705.0,35740.0,35700.0,35720.0,0,0,26,2025-03-30/2025-04-05,9093
573,-1791,MNK,MNKM25,M30,2025-04-01 06:30:00,1743489000,35690.0,35770.0,35690.0,35765.0,0,0,22,2025-03-30/2025-04-05,9093
574,-1790,MNK,MNKM25,M30,2025-04-01 07:00:00,1743490800,35770.0,35815.0,35710.0,35710.0,0,0,27,2025-03-30/2025-04-05,9093
575,-1789,MNK,MNKM25,M30,2025-04-01 07:30:00,1743492600,35695.0,35695.0,35625.0,35625.0,0,0,18,2025-03-30/2025-04-05,9093
576,-1788,MNK,MNKM25,M30,2025-04-01 08:00:00,1743494400,35640.0,35655.0,35635.0,35655.0,0,0,44,2025-03-30/2025-04-05,9093
577,-1787,MNK,MNKM25,M30,2025-04-01 08:30:00,1743496200,35770.0,35770.0,35770.0,35770.0,0,0,2,2025-03-30/2025-04-05,9093
578,-1786,MNK,MNKM25,M30,2025-04-01 09:00:00,1743498000,35780.0,35780.0,35770.0,35770.0,0,0,7,2025-03-30/2025-04-05,9093
579,-1785,MNK,MNKM25,M30,2025-04-01 09:30:00,1743499800,35800.0,35800.0,35795.0,35800.0,0,0,8,2025-03-30/2025-04-05,9093
580,-1784,MNK,MNKM25,M30,2025-04-01 10:00:00,1743501600,35755.0,35760.0,35625.0,35625.0,0,0,102,2025-03-30/2025-04-05,9093
581,-1783,MNK,MNKM25,M30,2025-04-01 10:30:00,1743503400,35615.0,35615.0,35560.0,35560.0,0,0,10,2025-03-30/2025-04-05,9093
582,-1782,MNK,MNKM25,M30,2025-04-01 11:30:00,1743507000,35395.0,35440.0,35380.0,35440.0,0,0,60,2025-03-30/2025-04-05,9093
583,-1781,MNK,MNKM25,M30,2025-04-01 12:00:00,1743508800,35435.0,35435.0,35435.0,35435.0,0,0,2,2025-03-30/2025-04-05,9093
584,-1780,MNK,MNKM25,M30,2025-04-01 12:30:00,1743510600,35490.0,35490.0,35490.0,35490.0,0,0,2,2025-03-30/2025-04-05,9093
585,-1779,MNK,MNKM25,M30,2025-04-01 13:00:00,1743512400,35520.0,35550.0,35515.0,35550.0,0,0,16,2025-03-30/2025-04-05,9093
586,-1778,MNK,MNKM25,M30,2025-04-01 13:30:00,1743514200,35515.0,35515.0,35415.0,35485.0,0,0,10,2025-03-30/2025-04-05,9093
587,-1777,MNK,MNKM25,M30,2025-04-01 14:00:00,1743516000,35465.0,35465.0,35275.0,35370.0,0,0,254,2025-03-30/2025-04-05,9093
588,-1776,MNK,MNKM25,M30,2025-04-01 14:30:00,1743517800,35420.0,35625.0,35420.0,35625.0,0,0,127,2025-03-30/2025-04-05,9093
589,-1775,MNK,MNKM25,M30,2025-04-01 15:00:00,1743519600,35680.0,35805.0,35680.0,35745.0,0,0,76,2025-03-30/2025-04-05,9093
590,-1774,MNK,MNKM25,M30,2025-04-01 15:30:00,1743521400,35725.0,35810.0,35675.0,35810.0,0,0,79,2025-03-30/2025-04-05,9093
591,-1773,MNK,MNKM25,M30,2025-04-01 16:00:00,1743523200,35870.0,35900.0,35835.0,35835.0,0,0,53,2025-03-30/2025-04-05,9093
592,-1772,MNK,MNKM25,M30,2025-04-01 16:30:00,1743525000,35780.0,35825.0,35735.0,35815.0,0,0,148,2025-03-30/2025-04-05,9093
593,-1771,MNK,MNKM25,M30,2025-04-01 17:00:00,1743526800,35805.0,35835.0,35805.0,35805.0,0,0,10,2025-03-30/2025-04-05,9093
594,-1770,MNK,MNKM25,M30,2025-04-01 17:30:00,1743528600,35720.0,35720.0,35720.0,35720.0,0,0,12,2025-03-30/2025-04-05,9093
595,-1769,MNK,MNKM25,M30,2025-04-01 18:00:00,1743530400,35610.0,35625.0,35590.0,35625.0,0,0,28,2025-03-30/2025-04-05,9093
596,-1768,MNK,MNKM25,M30,2025-04-01 19:30:00,1743535800,35740.0,35870.0,35740.0,35850.0,0,0,29,2025-03-30/2025-04-05,9093
597,-1767,MNK,MNKM25,M30,2025-04-01 20:00:00,1743537600,35860.0,35865.0,35820.0,35835.0,0,0,194,2025-03-30/2025-04-05,9093
598,-1766,MNK,MNKM25,M30,2025-04-01 20:30:00,1743539400,35825.0,35855.0,35800.0,35810.0,0,0,181,2025-03-30/2025-04-05,9093
599,-1765,MNK,MNKM25,M30,2025-04-01 22:00:00,1743544800,35980.0,35990.0,35960.0,35960.0,0,0,7,2025-03-30/2025-04-05,9093
600,-1764,MNK,MNKM25,M30,2025-04-01 22:30:00,1743546600,35925.0,35950.0,35910.0,35950.0,0,0,3,2025-03-30/2025-04-05,9093
601,-1763,MNK,MNKM25,M30,2025-04-01 23:00:00,1743548400,35935.0,35955.0,35930.0,35955.0,0,0,6,2025-03-30/2025-04-05,9093
602,-1762,MNK,MNKM25,M30,2025-04-01 23:30:00,1743550200,35975.0,35975.0,35885.0,35885.0,0,0,10,2025-03-30/2025-04-05,9093
603,-1761,MNK,MNKM25,M30,2025-04-02 00:00:00,1743552000,35860.0,35860.0,35590.0,35640.0,0,0,43,2025-03-30/2025-04-05,9093
604,-1760,MNK,MNKM25,M30,2025-04-02 00:30:00,1743553800,35645.0,35690.0,35600.0,35600.0,0,0,23,2025-03-30/2025-04-05,9093
605,-1759,MNK,MNKM25,M30,2025-04-02 01:00:00,1743555600,35645.0,35795.0,35645.0,35785.0,0,0,18,2025-03-30/2025-04-05,9093
606,-1758,MNK,MNKM25,M30,2025-04-02 01:30:00,1743557400,35785.0,35785.0,35750.0,35750.0,0,0,14,2025-03-30/2025-04-05,9093
607,-1757,MNK,MNKM25,M30,2025-04-02 02:00:00,1743559200,35730.0,35760.0,35730.0,35760.0,0,0,30,2025-03-30/2025-04-05,9093
608,-1756,MNK,MNKM25,M30,2025-04-02 02:30:00,1743561000,35760.0,35760.0,35745.0,35750.0,0,0,10,2025-03-30/2025-04-05,9093
609,-1755,MNK,MNKM25,M30,2025-04-02 03:00:00,1743562800,35780.0,35780.0,35780.0,35780.0,0,0,4,2025-03-30/2025-04-05,9093
610,-1754,MNK,MNKM25,M30,2025-04-02 03:30:00,1743564600,35800.0,35805.0,35745.0,35805.0,0,0,41,2025-03-30/2025-04-05,9093
611,-1753,MNK,MNKM25,M30,2025-04-02 04:30:00,1743568200,35825.0,35855.0,35825.0,35855.0,0,0,8,2025-03-30/2025-04-05,9093
612,-1752,MNK,MNKM25,M30,2025-04-02 05:00:00,1743570000,35905.0,35915.0,35870.0,35880.0,0,0,24,2025-03-30/2025-04-05,9093
613,-1751,MNK,MNKM25,M30,2025-04-02 05:30:00,1743571800,35875.0,35875.0,35850.0,35860.0,0,0,8,2025-03-30/2025-04-05,9093
614,-1750,MNK,MNKM25,M30,2025-04-02 06:00:00,1743573600,35780.0,35840.0,35780.0,35840.0,0,0,12,2025-03-30/2025-04-05,9093
615,-1749,MNK,MNKM25,M30,2025-04-02 06:30:00,1743575400,35850.0,35850.0,35835.0,35835.0,0,0,4,2025-03-30/2025-04-05,9093
616,-1748,MNK,MNKM25,M30,2025-04-02 07:30:00,1743579000,35785.0,35785.0,35760.0,35760.0,0,0,3,2025-03-30/2025-04-05,9093
617,-1747,MNK,MNKM25,M30,2025-04-02 08:00:00,1743580800,35805.0,35805.0,35690.0,35690.0,0,0,3,2025-03-30/2025-04-05,9093
618,-1746,MNK,MNKM25,M30,2025-04-02 10:00:00,1743588000,35700.0,35700.0,35610.0,35610.0,0,0,36,2025-03-30/2025-04-05,9093
619,-1745,MNK,MNKM25,M30,2025-04-02 11:00:00,1743591600,35590.0,35590.0,35590.0,35590.0,0,0,1,2025-03-30/2025-04-05,9093
620,-1744,MNK,MNKM25,M30,2025-04-02 12:00:00,1743595200,35500.0,35520.0,35500.0,35505.0,0,0,7,2025-03-30/2025-04-05,9093
621,-1743,MNK,MNKM25,M30,2025-04-02 12:30:00,1743597000,35435.0,35530.0,35430.0,35530.0,0,0,22,2025-03-30/2025-04-05,9093
622,-1742,MNK,MNKM25,M30,2025-04-02 13:00:00,1743598800,35530.0,35530.0,35490.0,35490.0,0,0,45,2025-03-30/2025-04-05,9093
623,-1741,MNK,MNKM25,M30,2025-04-02 13:30:00,1743600600,35490.0,35685.0,35490.0,35685.0,0,0,65,2025-03-30/2025-04-05,9093
624,-1740,MNK,MNKM25,M30,2025-04-02 14:00:00,1743602400,35660.0,35765.0,35660.0,35745.0,0,0,36,2025-03-30/2025-04-05,9093
625,-1739,MNK,MNKM25,M30,2025-04-02 14:30:00,1743604200,35825.0,35835.0,35755.0,35835.0,0,0,33,2025-03-30/2025-04-05,9093
626,-1738,MNK,MNKM25,M30,2025-04-02 15:00:00,1743606000,35815.0,35930.0,35805.0,35930.0,0,0,45,2025-03-30/2025-04-05,9093
627,-1737,MNK,MNKM25,M30,2025-04-02 15:30:00,1743607800,35965.0,35970.0,35930.0,35930.0,0,0,12,2025-03-30/2025-04-05,9093
628,-1736,MNK,MNKM25,M30,2025-04-02 16:00:00,1743609600,35985.0,36065.0,35985.0,36030.0,0,0,17,2025-03-30/2025-04-05,9093
629,-1735,MNK,MNKM25,M30,2025-04-02 16:30:00,1743611400,36040.0,36130.0,36040.0,36110.0,0,0,19,2025-03-30/2025-04-05,9093
630,-1734,MNK,MNKM25,M30,2025-04-02 17:00:00,1743613200,36155.0,36205.0,36155.0,36170.0,0,0,24,2025-03-30/2025-04-05,9093
631,-1733,MNK,MNKM25,M30,2025-04-02 17:30:00,1743615000,36000.0,36000.0,36000.0,36000.0,0,0,4,2025-03-30/2025-04-05,9093
632,-1732,MNK,MNKM25,M30,2025-04-02 18:00:00,1743616800,36035.0,36040.0,36035.0,36040.0,0,0,2,2025-03-30/2025-04-05,9093
633,-1731,MNK,MNKM25,M30,2025-04-02 18:30:00,1743618600,36005.0,36005.0,35990.0,35990.0,0,0,2,2025-03-30/2025-04-05,9093
634,-1730,MNK,MNKM25,M30,2025-04-02 19:00:00,1743620400,35895.0,35945.0,35895.0,35945.0,0,0,4,2025-03-30/2025-04-05,9093
635,-1729,MNK,MNKM25,M30,2025-04-02 19:30:00,1743622200,35960.0,36125.0,35960.0,36105.0,0,0,24,2025-03-30/2025-04-05,9093
636,-1728,MNK,MNKM25,M30,2025-04-02 20:00:00,1743624000,36085.0,36535.0,35580.0,35765.0,0,0,188,2025-03-30/2025-04-05,9093
637,-1727,MNK,MNKM25,M30,2025-04-02 20:30:00,1743625800,35605.0,35610.0,35000.0,35000.0,0,0,118,2025-03-30/2025-04-05,9093
638,-1726,MNK,MNKM25,M30,2025-04-02 22:00:00,1743631200,34700.0,34700.0,34600.0,34600.0,0,0,7,2025-03-30/2025-04-05,9093
639,-1725,MNK,MNKM25,M30,2025-04-02 23:00:00,1743634800,34510.0,34510.0,34460.0,34500.0,0,0,5,2025-03-30/2025-04-05,9093
640,-1724,MNK,MNKM25,M30,2025-04-02 23:30:00,1743636600,34255.0,34255.0,33525.0,33965.0,0,0,50,2025-03-30/2025-04-05,9093
641,-1723,MNK,MNKM25,M30,2025-04-03 00:00:00,1743638400,33985.0,34840.0,33980.0,34730.0,0,0,45,2025-03-30/2025-04-05,9093
642,-1722,MNK,MNKM25,M30,2025-04-03 00:30:00,1743640200,34845.0,34900.0,34665.0,34665.0,0,0,59,2025-03-30/2025-04-05,9093
643,-1721,MNK,MNKM25,M30,2025-04-03 01:00:00,1743642000,34715.0,34865.0,34700.0,34700.0,0,0,38,2025-03-30/2025-04-05,9093
644,-1720,MNK,MNKM25,M30,2025-04-03 01:30:00,1743643800,34765.0,34930.0,34650.0,34870.0,0,0,37,2025-03-30/2025-04-05,9093
645,-1719,MNK,MNKM25,M30,2025-04-03 02:00:00,1743645600,34900.0,34960.0,34805.0,34820.0,0,0,33,2025-03-30/2025-04-05,9093
646,-1718,MNK,MNKM25,M30,2025-04-03 02:30:00,1743647400,34760.0,34825.0,34750.0,34820.0,0,0,28,2025-03-30/2025-04-05,9093
647,-1717,MNK,MNKM25,M30,2025-04-03 03:00:00,1743649200,34750.0,34785.0,34750.0,34785.0,0,0,7,2025-03-30/2025-04-05,9093
648,-1716,MNK,MNKM25,M30,2025-04-03 03:30:00,1743651000,34800.0,34800.0,34525.0,34635.0,0,0,48,2025-03-30/2025-04-05,9093
649,-1715,MNK,MNKM25,M30,2025-04-03 04:00:00,1743652800,34750.0,34750.0,34750.0,34750.0,0,0,2,2025-03-30/2025-04-05,9093
650,-1714,MNK,MNKM25,M30,2025-04-03 04:30:00,1743654600,34770.0,34800.0,34760.0,34760.0,0,0,13,2025-03-30/2025-04-05,9093
651,-1713,MNK,MNKM25,M30,2025-04-03 05:00:00,1743656400,34795.0,34800.0,34710.0,34715.0,0,0,35,2025-03-30/2025-04-05,9093
652,-1712,MNK,MNKM25,M30,2025-04-03 05:30:00,1743658200,34685.0,34690.0,34645.0,34685.0,0,0,25,2025-03-30/2025-04-05,9093
653,-1711,MNK,MNKM25,M30,2025-04-03 06:00:00,1743660000,34685.0,34890.0,34685.0,34885.0,0,0,36,2025-03-30/2025-04-05,9093
654,-1710,MNK,MNKM25,M30,2025-04-03 06:30:00,1743661800,34885.0,34950.0,34885.0,34885.0,0,0,8,2025-03-30/2025-04-05,9093
655,-1709,MNK,MNKM25,M30,2025-04-03 07:00:00,1743663600,34830.0,34840.0,34830.0,34840.0,0,0,8,2025-03-30/2025-04-05,9093
656,-1708,MNK,MNKM25,M30,2025-04-03 07:30:00,1743665400,34865.0,34890.0,34820.0,34820.0,0,0,16,2025-03-30/2025-04-05,9093
657,-1707,MNK,MNKM25,M30,2025-04-03 08:00:00,1743667200,34825.0,34925.0,34825.0,34890.0,0,0,125,2025-03-30/2025-04-05,9093
658,-1706,MNK,MNKM25,M30,2025-04-03 08:30:00,1743669000,34890.0,34900.0,34750.0,34840.0,0,0,235,2025-03-30/2025-04-05,9093
659,-1705,MNK,MNKM25,M30,2025-04-03 09:00:00,1743670800,34750.0,34750.0,34720.0,34725.0,0,0,87,2025-03-30/2025-04-05,9093
660,-1704,MNK,MNKM25,M30,2025-04-03 09:30:00,1743672600,34720.0,34720.0,34605.0,34620.0,0,0,56,2025-03-30/2025-04-05,9093
661,-1703,MNK,MNKM25,M30,2025-04-03 10:00:00,1743674400,34585.0,34585.0,34410.0,34425.0,0,0,148,2025-03-30/2025-04-05,9093
662,-1702,MNK,MNKM25,M30,2025-04-03 10:30:00,1743676200,34430.0,34455.0,34295.0,34400.0,0,0,171,2025-03-30/2025-04-05,9093
663,-1701,MNK,MNKM25,M30,2025-04-03 11:00:00,1743678000,34435.0,34575.0,34435.0,34490.0,0,0,122,2025-03-30/2025-04-05,9093
664,-1700,MNK,MNKM25,M30,2025-04-03 11:30:00,1743679800,34435.0,34435.0,34390.0,34390.0,0,0,5,2025-03-30/2025-04-05,9093
665,-1699,MNK,MNKM25,M30,2025-04-03 12:00:00,1743681600,34440.0,34555.0,34440.0,34460.0,0,0,48,2025-03-30/2025-04-05,9093
666,-1698,MNK,MNKM25,M30,2025-04-03 12:30:00,1743683400,34390.0,34425.0,34220.0,34330.0,0,0,61,2025-03-30/2025-04-05,9093
667,-1697,MNK,MNKM25,M30,2025-04-03 13:00:00,1743685200,34240.0,34250.0,34160.0,34160.0,0,0,23,2025-03-30/2025-04-05,9093
668,-1696,MNK,MNKM25,M30,2025-04-03 13:30:00,1743687000,34325.0,34385.0,34230.0,34230.0,0,0,75,2025-03-30/2025-04-05,9093
669,-1695,MNK,MNKM25,M30,2025-04-03 14:00:00,1743688800,34195.0,34210.0,34120.0,34210.0,0,0,13,2025-03-30/2025-04-05,9093
670,-1694,MNK,MNKM25,M30,2025-04-03 14:30:00,1743690600,34260.0,34260.0,34025.0,34025.0,0,0,21,2025-03-30/2025-04-05,9093
671,-1693,MNK,MNKM25,M30,2025-04-03 15:00:00,1743692400,34025.0,34125.0,33950.0,34100.0,0,0,34,2025-03-30/2025-04-05,9093
672,-1692,MNK,MNKM25,M30,2025-04-03 15:30:00,1743694200,34105.0,34130.0,34095.0,34120.0,0,0,27,2025-03-30/2025-04-05,9093
673,-1691,MNK,MNKM25,M30,2025-04-03 16:00:00,1743696000,34145.0,34230.0,34145.0,34230.0,0,0,10,2025-03-30/2025-04-05,9093
674,-1690,MNK,MNKM25,M30,2025-04-03 16:30:00,1743697800,34255.0,34255.0,34120.0,34120.0,0,0,28,2025-03-30/2025-04-05,9093
675,-1689,MNK,MNKM25,M30,2025-04-03 17:30:00,1743701400,34185.0,34185.0,34185.0,34185.0,0,0,10,2025-03-30/2025-04-05,9093
676,-1688,MNK,MNKM25,M30,2025-04-03 18:00:00,1743703200,34025.0,34025.0,34025.0,34025.0,0,0,3,2025-03-30/2025-04-05,9093
677,-1687,MNK,MNKM25,M30,2025-04-03 18:30:00,1743705000,34080.0,34130.0,34045.0,34100.0,0,0,94,2025-03-30/2025-04-05,9093
678,-1686,MNK,MNKM25,M30,2025-04-03 19:00:00,1743706800,34200.0,34205.0,34055.0,34090.0,0,0,24,2025-03-30/2025-04-05,9093
679,-1685,MNK,MNKM25,M30,2025-04-03 19:30:00,1743708600,34000.0,34000.0,33970.0,33995.0,0,0,33,2025-03-30/2025-04-05,9093
680,-1684,MNK,MNKM25,M30,2025-04-03 20:00:00,1743710400,33960.0,34000.0,33945.0,33960.0,0,0,6,2025-03-30/2025-04-05,9093
681,-1683,MNK,MNKM25,M30,2025-04-03 20:30:00,1743712200,33835.0,33840.0,33710.0,33710.0,0,0,67,2025-03-30/2025-04-05,9093
682,-1682,MNK,MNKM25,M30,2025-04-03 22:00:00,1743717600,33810.0,33920.0,33810.0,33855.0,0,0,12,2025-03-30/2025-04-05,9093
683,-1681,MNK,MNKM25,M30,2025-04-03 22:30:00,1743719400,33770.0,33770.0,33770.0,33770.0,0,0,1,2025-03-30/2025-04-05,9093
684,-1680,MNK,MNKM25,M30,2025-04-03 23:00:00,1743721200,33815.0,34015.0,33815.0,33985.0,0,0,8,2025-03-30/2025-04-05,9093
685,-1679,MNK,MNKM25,M30,2025-04-03 23:30:00,1743723000,34030.0,34125.0,33960.0,34045.0,0,0,56,2025-03-30/2025-04-05,9093
686,-1678,MNK,MNKM25,M30,2025-04-04 00:00:00,1743724800,34105.0,34440.0,34105.0,34330.0,0,0,51,2025-03-30/2025-04-05,9093
687,-1677,MNK,MNKM25,M30,2025-04-04 00:30:00,1743726600,34280.0,34280.0,33955.0,34005.0,0,0,79,2025-03-30/2025-04-05,9093
688,-1676,MNK,MNKM25,M30,2025-04-04 01:00:00,1743728400,34180.0,34215.0,34010.0,34170.0,0,0,95,2025-03-30/2025-04-05,9093
689,-1675,MNK,MNKM25,M30,2025-04-04 01:30:00,1743730200,34075.0,34080.0,33945.0,33950.0,0,0,38,2025-03-30/2025-04-05,9093
690,-1674,MNK,MNKM25,M30,2025-04-04 02:00:00,1743732000,33955.0,34065.0,33955.0,34010.0,0,0,85,2025-03-30/2025-04-05,9093
691,-1673,MNK,MNKM25,M30,2025-04-04 02:30:00,1743733800,33960.0,34000.0,33960.0,33970.0,0,0,16,2025-03-30/2025-04-05,9093
692,-1672,MNK,MNKM25,M30,2025-04-04 03:00:00,1743735600,33920.0,33930.0,33890.0,33930.0,0,0,44,2025-03-30/2025-04-05,9093
693,-1671,MNK,MNKM25,M30,2025-04-04 03:30:00,1743737400,33870.0,33870.0,33730.0,33730.0,0,0,27,2025-03-30/2025-04-05,9093
694,-1670,MNK,MNKM25,M30,2025-04-04 04:00:00,1743739200,33670.0,33695.0,33610.0,33695.0,0,0,38,2025-03-30/2025-04-05,9093
695,-1669,MNK,MNKM25,M30,2025-04-04 04:30:00,1743741000,33665.0,33665.0,33410.0,33505.0,0,0,84,2025-03-30/2025-04-05,9093
696,-1668,MNK,MNKM25,M30,2025-04-04 05:00:00,1743742800,33505.0,33870.0,33505.0,33835.0,0,0,154,2025-03-30/2025-04-05,9093
697,-1667,MNK,MNKM25,M30,2025-04-04 05:30:00,1743744600,33830.0,33975.0,33730.0,33975.0,0,0,63,2025-03-30/2025-04-05,9093
698,-1666,MNK,MNKM25,M30,2025-04-04 06:00:00,1743746400,33985.0,34065.0,33925.0,33950.0,0,0,155,2025-03-30/2025-04-05,9093
699,-1665,MNK,MNKM25,M30,2025-04-04 06:30:00,1743748200,33980.0,33980.0,33820.0,33865.0,0,0,51,2025-03-30/2025-04-05,9093
700,-1664,MNK,MNKM25,M30,2025-04-04 07:00:00,1743750000,33780.0,33800.0,33770.0,33800.0,0,0,4,2025-03-30/2025-04-05,9093
701,-1663,MNK,MNKM25,M30,2025-04-04 07:30:00,1743751800,33790.0,33805.0,33670.0,33670.0,0,0,19,2025-03-30/2025-04-05,9093
702,-1662,MNK,MNKM25,M30,2025-04-04 08:00:00,1743753600,33640.0,33725.0,33590.0,33605.0,0,0,93,2025-03-30/2025-04-05,9093
703,-1661,MNK,MNKM25,M30,2025-04-04 08:30:00,1743755400,33710.0,33715.0,33605.0,33705.0,0,0,115,2025-03-30/2025-04-05,9093
704,-1660,MNK,MNKM25,M30,2025-04-04 09:30:00,1743759000,33590.0,33630.0,33520.0,33520.0,0,0,46,2025-03-30/2025-04-05,9093
705,-1659,MNK,MNKM25,M30,2025-04-04 10:00:00,1743760800,33475.0,33475.0,32895.0,32895.0,0,0,239,2025-03-30/2025-04-05,9093
706,-1658,MNK,MNKM25,M30,2025-04-04 10:30:00,1743762600,32900.0,32935.0,32540.0,32590.0,0,0,285,2025-03-30/2025-04-05,9093
707,-1657,MNK,MNKM25,M30,2025-04-04 11:00:00,1743764400,32680.0,32765.0,32430.0,32450.0,0,0,253,2025-03-30/2025-04-05,9093
708,-1656,MNK,MNKM25,M30,2025-04-04 11:30:00,1743766200,32420.0,32705.0,32350.0,32705.0,0,0,196,2025-03-30/2025-04-05,9093
709,-1655,MNK,MNKM25,M30,2025-04-04 12:00:00,1743768000,32665.0,32700.0,32575.0,32700.0,0,0,65,2025-03-30/2025-04-05,9093
710,-1654,MNK,MNKM25,M30,2025-04-04 12:30:00,1743769800,32685.0,32820.0,32575.0,32760.0,0,0,520,2025-03-30/2025-04-05,9093
711,-1653,MNK,MNKM25,M30,2025-04-04 13:00:00,1743771600,32880.0,33040.0,32870.0,32920.0,0,0,29,2025-03-30/2025-04-05,9093
712,-1652,MNK,MNKM25,M30,2025-04-04 13:30:00,1743773400,33000.0,33010.0,32755.0,32955.0,0,0,141,2025-03-30/2025-04-05,9093
713,-1651,MNK,MNKM25,M30,2025-04-04 14:00:00,1743775200,32940.0,32940.0,32430.0,32430.0,0,0,46,2025-03-30/2025-04-05,9093
714,-1650,MNK,MNKM25,M30,2025-04-04 14:30:00,1743777000,32400.0,32500.0,32145.0,32500.0,0,0,46,2025-03-30/2025-04-05,9093
715,-1649,MNK,MNKM25,M30,2025-04-04 15:00:00,1743778800,32450.0,32900.0,32450.0,32645.0,0,0,199,2025-03-30/2025-04-05,9093
716,-1648,MNK,MNKM25,M30,2025-04-04 15:30:00,1743780600,32600.0,32630.0,32425.0,32510.0,0,0,20,2025-03-30/2025-04-05,9093
717,-1647,MNK,MNKM25,M30,2025-04-04 16:00:00,1743782400,32520.0,32625.0,32230.0,32300.0,0,0,115,2025-03-30/2025-04-05,9093
718,-1646,MNK,MNKM25,M30,2025-04-04 16:30:00,1743784200,32290.0,32410.0,32255.0,32390.0,0,0,46,2025-03-30/2025-04-05,9093
719,-1645,MNK,MNKM25,M30,2025-04-04 17:00:00,1743786000,32330.0,32390.0,32220.0,32370.0,0,0,35,2025-03-30/2025-04-05,9093
720,-1644,MNK,MNKM25,M30,2025-04-04 17:30:00,1743787800,32470.0,32640.0,32425.0,32605.0,0,0,55,2025-03-30/2025-04-05,9093
721,-1643,MNK,MNKM25,M30,2025-04-04 18:00:00,1743789600,32690.0,32725.0,32465.0,32465.0,0,0,66,2025-03-30/2025-04-05,9093
722,-1642,MNK,MNKM25,M30,2025-04-04 18:30:00,1743791400,32310.0,32420.0,32290.0,32420.0,0,0,23,2025-03-30/2025-04-05,9093
723,-1641,MNK,MNKM25,M30,2025-04-04 19:00:00,1743793200,32520.0,32660.0,32520.0,32660.0,0,0,20,2025-03-30/2025-04-05,9093
724,-1640,MNK,MNKM25,M30,2025-04-04 19:30:00,1743795000,32725.0,32725.0,32300.0,32360.0,0,0,73,2025-03-30/2025-04-05,9093
725,-1639,MNK,MNKM25,M30,2025-04-04 20:00:00,1743796800,32335.0,32355.0,32215.0,32215.0,0,0,47,2025-03-30/2025-04-05,9093
726,-1638,MNK,MNKM25,M30,2025-04-04 20:30:00,1743798600,32285.0,32360.0,32285.0,32360.0,0,0,15,2025-03-30/2025-04-05,9093
727,-1637,MNK,MNKM25,M30,2025-04-06 22:00:00,1743976800,31115.0,31115.0,31000.0,31000.0,0,0,2,2025-04-06/2025-04-12,10464
728,-1636,MNK,MNKM25,M30,2025-04-06 22:30:00,1743978600,31035.0,31130.0,30900.0,31000.0,0,0,19,2025-04-06/2025-04-12,10464
729,-1635,MNK,MNKM25,M30,2025-04-06 23:00:00,1743980400,31050.0,31150.0,31000.0,31150.0,0,0,6,2025-04-06/2025-04-12,10464
730,-1634,MNK,MNKM25,M30,2025-04-06 23:30:00,1743982200,30800.0,31200.0,30600.0,31045.0,0,0,10,2025-04-06/2025-04-12,10464
731,-1633,MNK,MNKM25,M30,2025-04-07 00:00:00,1743984000,31300.0,31500.0,30930.0,31120.0,0,0,10,2025-04-06/2025-04-12,10464
732,-1632,MNK,MNKM25,M30,2025-04-07 00:30:00,1743985800,31320.0,31600.0,31215.0,31520.0,0,0,27,2025-04-06/2025-04-12,10464
733,-1631,MNK,MNKM25,M30,2025-04-07 01:00:00,1743987600,31620.0,32000.0,31525.0,31925.0,0,0,30,2025-04-06/2025-04-12,10464
734,-1630,MNK,MNKM25,M30,2025-04-07 01:30:00,1743989400,31865.0,32020.0,31775.0,32010.0,0,0,22,2025-04-06/2025-04-12,10464
735,-1629,MNK,MNKM25,M30,2025-04-07 02:00:00,1743991200,31940.0,32035.0,31770.0,31770.0,0,0,15,2025-04-06/2025-04-12,10464
736,-1628,MNK,MNKM25,M30,2025-04-07 02:30:00,1743993000,31755.0,31845.0,31700.0,31780.0,0,0,7,2025-04-06/2025-04-12,10464
737,-1627,MNK,MNKM25,M30,2025-04-07 03:00:00,1743994800,31745.0,31765.0,31685.0,31740.0,0,0,49,2025-04-06/2025-04-12,10464
738,-1626,MNK,MNKM25,M30,2025-04-07 03:30:00,1743996600,31485.0,31850.0,31455.0,31810.0,0,0,10,2025-04-06/2025-04-12,10464
739,-1625,MNK,MNKM25,M30,2025-04-07 04:00:00,1743998400,31810.0,31900.0,31580.0,31580.0,0,0,7,2025-04-06/2025-04-12,10464
740,-1624,MNK,MNKM25,M30,2025-04-07 04:30:00,1744000200,31575.0,31675.0,31525.0,31545.0,0,0,14,2025-04-06/2025-04-12,10464
741,-1623,MNK,MNKM25,M30,2025-04-07 05:00:00,1744002000,31675.0,31950.0,31675.0,31770.0,0,0,50,2025-04-06/2025-04-12,10464
742,-1622,MNK,MNKM25,M30,2025-04-07 05:30:00,1744003800,31725.0,31725.0,31615.0,31615.0,0,0,2,2025-04-06/2025-04-12,10464
743,-1621,MNK,MNKM25,M30,2025-04-07 06:00:00,1744005600,31630.0,31730.0,31295.0,31310.0,0,0,87,2025-04-06/2025-04-12,10464
744,-1620,MNK,MNKM25,M30,2025-04-07 06:30:00,1744007400,31335.0,31335.0,30830.0,30830.0,0,0,76,2025-04-06/2025-04-12,10464
745,-1619,MNK,MNKM25,M30,2025-04-07 07:00:00,1744009200,30780.0,30890.0,30610.0,30760.0,0,0,184,2025-04-06/2025-04-12,10464
746,-1618,MNK,MNKM25,M30,2025-04-07 07:30:00,1744011000,30820.0,31025.0,30820.0,31025.0,0,0,91,2025-04-06/2025-04-12,10464
747,-1617,MNK,MNKM25,M30,2025-04-07 08:00:00,1744012800,31125.0,31515.0,31110.0,31410.0,0,0,199,2025-04-06/2025-04-12,10464
748,-1616,MNK,MNKM25,M30,2025-04-07 08:30:00,1744014600,31475.0,31515.0,31445.0,31495.0,0,0,18,2025-04-06/2025-04-12,10464
749,-1615,MNK,MNKM25,M30,2025-04-07 09:00:00,1744016400,31170.0,31170.0,30980.0,31160.0,0,0,18,2025-04-06/2025-04-12,10464
750,-1614,MNK,MNKM25,M30,2025-04-07 09:30:00,1744018200,31225.0,31425.0,31225.0,31400.0,0,0,7,2025-04-06/2025-04-12,10464
751,-1613,MNK,MNKM25,M30,2025-04-07 10:00:00,1744020000,31295.0,31700.0,31295.0,31620.0,0,0,40,2025-04-06/2025-04-12,10464
752,-1612,MNK,MNKM25,M30,2025-04-07 10:30:00,1744021800,31610.0,31890.0,31605.0,31700.0,0,0,118,2025-04-06/2025-04-12,10464
753,-1611,MNK,MNKM25,M30,2025-04-07 11:00:00,1744023600,31690.0,31860.0,31680.0,31860.0,0,0,38,2025-04-06/2025-04-12,10464
754,-1610,MNK,MNKM25,M30,2025-04-07 11:30:00,1744025400,31740.0,31740.0,31680.0,31695.0,0,0,41,2025-04-06/2025-04-12,10464
755,-1609,MNK,MNKM25,M30,2025-04-07 12:00:00,1744027200,31725.0,31970.0,31665.0,31970.0,0,0,24,2025-04-06/2025-04-12,10464
756,-1608,MNK,MNKM25,M30,2025-04-07 12:30:00,1744029000,31880.0,31880.0,31705.0,31880.0,0,0,19,2025-04-06/2025-04-12,10464
757,-1607,MNK,MNKM25,M30,2025-04-07 13:00:00,1744030800,31670.0,31670.0,31515.0,31515.0,0,0,36,2025-04-06/2025-04-12,10464
758,-1606,MNK,MNKM25,M30,2025-04-07 13:30:00,1744032600,31620.0,32000.0,31380.0,32000.0,0,0,66,2025-04-06/2025-04-12,10464
759,-1605,MNK,MNKM25,M30,2025-04-07 14:00:00,1744034400,32145.0,33665.0,32005.0,32420.0,0,0,163,2025-04-06/2025-04-12,10464
760,-1604,MNK,MNKM25,M30,2025-04-07 14:30:00,1744036200,32300.0,32685.0,32060.0,32610.0,0,0,90,2025-04-06/2025-04-12,10464
761,-1603,MNK,MNKM25,M30,2025-04-07 15:00:00,1744038000,32515.0,32515.0,32040.0,32230.0,0,0,51,2025-04-06/2025-04-12,10464
762,-1602,MNK,MNKM25,M30,2025-04-07 15:30:00,1744039800,32380.0,32380.0,32285.0,32360.0,0,0,13,2025-04-06/2025-04-12,10464
763,-1601,MNK,MNKM25,M30,2025-04-07 16:00:00,1744041600,32240.0,32240.0,32240.0,32240.0,0,0,1,2025-04-06/2025-04-12,10464
764,-1600,MNK,MNKM25,M30,2025-04-07 16:30:00,1744043400,32370.0,32370.0,31980.0,31980.0,0,0,40,2025-04-06/2025-04-12,10464
765,-1599,MNK,MNKM25,M30,2025-04-07 17:00:00,1744045200,32315.0,32500.0,32090.0,32500.0,0,0,57,2025-04-06/2025-04-12,10464
766,-1598,MNK,MNKM25,M30,2025-04-07 17:30:00,1744047000,32520.0,32775.0,32520.0,32775.0,0,0,135,2025-04-06/2025-04-12,10464
767,-1597,MNK,MNKM25,M30,2025-04-07 18:00:00,1744048800,32870.0,32870.0,32540.0,32540.0,0,0,77,2025-04-06/2025-04-12,10464
768,-1596,MNK,MNKM25,M30,2025-04-07 18:30:00,1744050600,32640.0,32640.0,32375.0,32380.0,0,0,128,2025-04-06/2025-04-12,10464
769,-1595,MNK,MNKM25,M30,2025-04-07 19:00:00,1744052400,32400.0,32410.0,32200.0,32215.0,0,0,410,2025-04-06/2025-04-12,10464
770,-1594,MNK,MNKM25,M30,2025-04-07 19:30:00,1744054200,32335.0,32440.0,32165.0,32370.0,0,0,88,2025-04-06/2025-04-12,10464
771,-1593,MNK,MNKM25,M30,2025-04-07 20:00:00,1744056000,32300.0,32750.0,32300.0,32705.0,0,0,109,2025-04-06/2025-04-12,10464
772,-1592,MNK,MNKM25,M30,2025-04-07 20:30:00,1744057800,32640.0,32680.0,32630.0,32630.0,0,0,28,2025-04-06/2025-04-12,10464
773,-1591,MNK,MNKM25,M30,2025-04-07 22:00:00,1744063200,32790.0,32790.0,32790.0,32790.0,0,0,1,2025-04-06/2025-04-12,10464
774,-1590,MNK,MNKM25,M30,2025-04-07 22:30:00,1744065000,32830.0,32835.0,32805.0,32835.0,0,0,3,2025-04-06/2025-04-12,10464
775,-1589,MNK,MNKM25,M30,2025-04-07 23:00:00,1744066800,32865.0,32930.0,32865.0,32930.0,0,0,2,2025-04-06/2025-04-12,10464
776,-1588,MNK,MNKM25,M30,2025-04-07 23:30:00,1744068600,32925.0,32940.0,32740.0,32790.0,0,0,116,2025-04-06/2025-04-12,10464
777,-1587,MNK,MNKM25,M30,2025-04-08 00:00:00,1744070400,32735.0,33175.0,32550.0,33075.0,0,0,73,2025-04-06/2025-04-12,10464
778,-1586,MNK,MNKM25,M30,2025-04-08 00:30:00,1744072200,32980.0,33205.0,32980.0,33020.0,0,0,26,2025-04-06/2025-04-12,10464
779,-1585,MNK,MNKM25,M30,2025-04-08 01:00:00,1744074000,32990.0,33120.0,32905.0,32995.0,0,0,38,2025-04-06/2025-04-12,10464
780,-1584,MNK,MNKM25,M30,2025-04-08 01:30:00,1744075800,32960.0,33395.0,32930.0,33320.0,0,0,72,2025-04-06/2025-04-12,10464
781,-1583,MNK,MNKM25,M30,2025-04-08 02:00:00,1744077600,33295.0,33295.0,33240.0,33285.0,0,0,22,2025-04-06/2025-04-12,10464
782,-1582,MNK,MNKM25,M30,2025-04-08 02:30:00,1744079400,33200.0,33210.0,33155.0,33160.0,0,0,37,2025-04-06/2025-04-12,10464
783,-1581,MNK,MNKM25,M30,2025-04-08 03:00:00,1744081200,33110.0,33125.0,33010.0,33055.0,0,0,27,2025-04-06/2025-04-12,10464
784,-1580,MNK,MNKM25,M30,2025-04-08 03:30:00,1744083000,33020.0,33065.0,32800.0,32835.0,0,0,60,2025-04-06/2025-04-12,10464
785,-1579,MNK,MNKM25,M30,2025-04-08 04:00:00,1744084800,32930.0,32970.0,32815.0,32880.0,0,0,21,2025-04-06/2025-04-12,10464
786,-1578,MNK,MNKM25,M30,2025-04-08 04:30:00,1744086600,32830.0,32995.0,32775.0,32995.0,0,0,25,2025-04-06/2025-04-12,10464
787,-1577,MNK,MNKM25,M30,2025-04-08 05:00:00,1744088400,32985.0,33020.0,32885.0,33020.0,0,0,90,2025-04-06/2025-04-12,10464
788,-1576,MNK,MNKM25,M30,2025-04-08 05:30:00,1744090200,33185.0,33185.0,33115.0,33125.0,0,0,6,2025-04-06/2025-04-12,10464
789,-1575,MNK,MNKM25,M30,2025-04-08 06:00:00,1744092000,33045.0,33135.0,33005.0,33120.0,0,0,65,2025-04-06/2025-04-12,10464
790,-1574,MNK,MNKM25,M30,2025-04-08 06:30:00,1744093800,33140.0,33345.0,33120.0,33285.0,0,0,44,2025-04-06/2025-04-12,10464
791,-1573,MNK,MNKM25,M30,2025-04-08 07:00:00,1744095600,33210.0,33300.0,33210.0,33300.0,0,0,5,2025-04-06/2025-04-12,10464
792,-1572,MNK,MNKM25,M30,2025-04-08 07:30:00,1744097400,33215.0,33275.0,33185.0,33275.0,0,0,16,2025-04-06/2025-04-12,10464
793,-1571,MNK,MNKM25,M30,2025-04-08 08:00:00,1744099200,33310.0,33315.0,32990.0,33000.0,0,0,172,2025-04-06/2025-04-12,10464
794,-1570,MNK,MNKM25,M30,2025-04-08 08:30:00,1744101000,33040.0,33165.0,33040.0,33135.0,0,0,109,2025-04-06/2025-04-12,10464
795,-1569,MNK,MNKM25,M30,2025-04-08 09:00:00,1744102800,33050.0,33060.0,32985.0,32985.0,0,0,23,2025-04-06/2025-04-12,10464
796,-1568,MNK,MNKM25,M30,2025-04-08 09:30:00,1744104600,32975.0,32975.0,32875.0,32875.0,0,0,26,2025-04-06/2025-04-12,10464
797,-1567,MNK,MNKM25,M30,2025-04-08 10:00:00,1744106400,32820.0,32870.0,32820.0,32855.0,0,0,12,2025-04-06/2025-04-12,10464
798,-1566,MNK,MNKM25,M30,2025-04-08 10:30:00,1744108200,32955.0,32990.0,32925.0,32930.0,0,0,13,2025-04-06/2025-04-12,10464
799,-1565,MNK,MNKM25,M30,2025-04-08 11:00:00,1744110000,32965.0,33100.0,32935.0,33020.0,0,0,31,2025-04-06/2025-04-12,10464
800,-1564,MNK,MNKM25,M30,2025-04-08 11:30:00,1744111800,33230.0,33535.0,33230.0,33535.0,0,0,98,2025-04-06/2025-04-12,10464
801,-1563,MNK,MNKM25,M30,2025-04-08 12:00:00,1744113600,33465.0,33585.0,33445.0,33450.0,0,0,37,2025-04-06/2025-04-12,10464
802,-1562,MNK,MNKM25,M30,2025-04-08 12:30:00,1744115400,33540.0,33540.0,33455.0,33490.0,0,0,32,2025-04-06/2025-04-12,10464
803,-1561,MNK,MNKM25,M30,2025-04-08 13:00:00,1744117200,33530.0,33820.0,33530.0,33765.0,0,0,108,2025-04-06/2025-04-12,10464
804,-1560,MNK,MNKM25,M30,2025-04-08 13:30:00,1744119000,33800.0,33925.0,33675.0,33925.0,0,0,37,2025-04-06/2025-04-12,10464
805,-1559,MNK,MNKM25,M30,2025-04-08 14:00:00,1744120800,33945.0,34015.0,33930.0,34000.0,0,0,133,2025-04-06/2025-04-12,10464
806,-1558,MNK,MNKM25,M30,2025-04-08 14:30:00,1744122600,33940.0,34010.0,33580.0,33580.0,0,0,173,2025-04-06/2025-04-12,10464
807,-1557,MNK,MNKM25,M30,2025-04-08 15:00:00,1744124400,33565.0,33585.0,33360.0,33420.0,0,0,99,2025-04-06/2025-04-12,10464
808,-1556,MNK,MNKM25,M30,2025-04-08 15:30:00,1744126200,33410.0,33660.0,33410.0,33590.0,0,0,69,2025-04-06/2025-04-12,10464
809,-1555,MNK,MNKM25,M30,2025-04-08 16:00:00,1744128000,33585.0,33655.0,33320.0,33360.0,0,0,43,2025-04-06/2025-04-12,10464
810,-1554,MNK,MNKM25,M30,2025-04-08 16:30:00,1744129800,33385.0,33385.0,33085.0,33140.0,0,0,269,2025-04-06/2025-04-12,10464
811,-1553,MNK,MNKM25,M30,2025-04-08 17:00:00,1744131600,32980.0,33085.0,32620.0,32620.0,0,0,285,2025-04-06/2025-04-12,10464
812,-1552,MNK,MNKM25,M30,2025-04-08 17:30:00,1744133400,32545.0,32845.0,32510.0,32845.0,0,0,203,2025-04-06/2025-04-12,10464
813,-1551,MNK,MNKM25,M30,2025-04-08 18:00:00,1744135200,32820.0,32885.0,32625.0,32625.0,0,0,112,2025-04-06/2025-04-12,10464
814,-1550,MNK,MNKM25,M30,2025-04-08 18:30:00,1744137000,32630.0,32975.0,32630.0,32660.0,0,0,125,2025-04-06/2025-04-12,10464
815,-1549,MNK,MNKM25,M30,2025-04-08 19:00:00,1744138800,32540.0,32540.0,32085.0,32365.0,0,0,132,2025-04-06/2025-04-12,10464
816,-1548,MNK,MNKM25,M30,2025-04-08 19:30:00,1744140600,32290.0,32355.0,31935.0,32315.0,0,0,70,2025-04-06/2025-04-12,10464
817,-1547,MNK,MNKM25,M30,2025-04-08 20:00:00,1744142400,32310.0,32345.0,32170.0,32170.0,0,0,71,2025-04-06/2025-04-12,10464
818,-1546,MNK,MNKM25,M30,2025-04-08 20:30:00,1744144200,32245.0,32255.0,32155.0,32255.0,0,0,23,2025-04-06/2025-04-12,10464
819,-1545,MNK,MNKM25,M30,2025-04-08 22:00:00,1744149600,31955.0,31980.0,31870.0,31910.0,0,0,20,2025-04-06/2025-04-12,10464
820,-1544,MNK,MNKM25,M30,2025-04-08 22:30:00,1744151400,32015.0,32090.0,32015.0,32090.0,0,0,4,2025-04-06/2025-04-12,10464
821,-1543,MNK,MNKM25,M30,2025-04-08 23:00:00,1744153200,32070.0,32070.0,31980.0,31980.0,0,0,3,2025-04-06/2025-04-12,10464
822,-1542,MNK,MNKM25,M30,2025-04-08 23:30:00,1744155000,31965.0,32325.0,31965.0,32325.0,0,0,116,2025-04-06/2025-04-12,10464
823,-1541,MNK,MNKM25,M30,2025-04-09 00:00:00,1744156800,32395.0,32420.0,31890.0,31890.0,0,0,75,2025-04-06/2025-04-12,10464
824,-1540,MNK,MNKM25,M30,2025-04-09 00:30:00,1744158600,31905.0,32110.0,31905.0,32020.0,0,0,81,2025-04-06/2025-04-12,10464
825,-1539,MNK,MNKM25,M30,2025-04-09 01:00:00,1744160400,32220.0,32220.0,31940.0,31960.0,0,0,38,2025-04-06/2025-04-12,10464
826,-1538,MNK,MNKM25,M30,2025-04-09 01:30:00,1744162200,31940.0,32230.0,31940.0,32170.0,0,0,39,2025-04-06/2025-04-12,10464
827,-1537,MNK,MNKM25,M30,2025-04-09 02:00:00,1744164000,32300.0,32355.0,32220.0,32355.0,0,0,20,2025-04-06/2025-04-12,10464
828,-1536,MNK,MNKM25,M30,2025-04-09 02:30:00,1744165800,32285.0,32325.0,32180.0,32180.0,0,0,21,2025-04-06/2025-04-12,10464
829,-1535,MNK,MNKM25,M30,2025-04-09 03:00:00,1744167600,32170.0,32170.0,32045.0,32045.0,0,0,61,2025-04-06/2025-04-12,10464
830,-1534,MNK,MNKM25,M30,2025-04-09 03:30:00,1744169400,32045.0,32045.0,31895.0,31895.0,0,0,26,2025-04-06/2025-04-12,10464
831,-1533,MNK,MNKM25,M30,2025-04-09 04:00:00,1744171200,31915.0,31990.0,31425.0,31430.0,0,0,52,2025-04-06/2025-04-12,10464
832,-1532,MNK,MNKM25,M30,2025-04-09 04:30:00,1744173000,31680.0,31700.0,31540.0,31700.0,0,0,38,2025-04-06/2025-04-12,10464
833,-1531,MNK,MNKM25,M30,2025-04-09 05:00:00,1744174800,31530.0,31790.0,31505.0,31790.0,0,0,46,2025-04-06/2025-04-12,10464
834,-1530,MNK,MNKM25,M30,2025-04-09 05:30:00,1744176600,31670.0,31885.0,31610.0,31885.0,0,0,46,2025-04-06/2025-04-12,10464
835,-1529,MNK,MNKM25,M30,2025-04-09 06:00:00,1744178400,31980.0,32160.0,31920.0,31920.0,0,0,64,2025-04-06/2025-04-12,10464
836,-1528,MNK,MNKM25,M30,2025-04-09 06:30:00,1744180200,31875.0,31905.0,31865.0,31890.0,0,0,24,2025-04-06/2025-04-12,10464
837,-1527,MNK,MNKM25,M30,2025-04-09 07:00:00,1744182000,31985.0,32325.0,31985.0,32180.0,0,0,70,2025-04-06/2025-04-12,10464
838,-1526,MNK,MNKM25,M30,2025-04-09 07:30:00,1744183800,32285.0,32545.0,32285.0,32515.0,0,0,47,2025-04-06/2025-04-12,10464
839,-1525,MNK,MNKM25,M30,2025-04-09 08:00:00,1744185600,32525.0,32640.0,32170.0,32170.0,0,0,177,2025-04-06/2025-04-12,10464
840,-1524,MNK,MNKM25,M30,2025-04-09 08:30:00,1744187400,32120.0,32350.0,32035.0,32350.0,0,0,74,2025-04-06/2025-04-12,10464
841,-1523,MNK,MNKM25,M30,2025-04-09 09:00:00,1744189200,32370.0,32440.0,32295.0,32295.0,0,0,77,2025-04-06/2025-04-12,10464
842,-1522,MNK,MNKM25,M30,2025-04-09 09:30:00,1744191000,32240.0,32240.0,32145.0,32165.0,0,0,34,2025-04-06/2025-04-12,10464
843,-1521,MNK,MNKM25,M30,2025-04-09 10:00:00,1744192800,32165.0,32165.0,31885.0,31995.0,0,0,80,2025-04-06/2025-04-12,10464
844,-1520,MNK,MNKM25,M30,2025-04-09 10:30:00,1744194600,32000.0,32260.0,31930.0,32085.0,0,0,56,2025-04-06/2025-04-12,10464
845,-1519,MNK,MNKM25,M30,2025-04-09 11:00:00,1744196400,31765.0,31880.0,31645.0,31830.0,0,0,19,2025-04-06/2025-04-12,10464
846,-1518,MNK,MNKM25,M30,2025-04-09 11:30:00,1744198200,31750.0,31755.0,31620.0,31755.0,0,0,13,2025-04-06/2025-04-12,10464
847,-1517,MNK,MNKM25,M30,2025-04-09 12:00:00,1744200000,31600.0,31600.0,31415.0,31415.0,0,0,24,2025-04-06/2025-04-12,10464
848,-1516,MNK,MNKM25,M30,2025-04-09 12:30:00,1744201800,31415.0,31625.0,31415.0,31625.0,0,0,29,2025-04-06/2025-04-12,10464
849,-1515,MNK,MNKM25,M30,2025-04-09 13:00:00,1744203600,31535.0,31750.0,31515.0,31600.0,0,0,138,2025-04-06/2025-04-12,10464
850,-1514,MNK,MNKM25,M30,2025-04-09 13:30:00,1744205400,31610.0,32110.0,31610.0,32020.0,0,0,116,2025-04-06/2025-04-12,10464
851,-1513,MNK,MNKM25,M30,2025-04-09 14:00:00,1744207200,32060.0,32145.0,31815.0,31935.0,0,0,32,2025-04-06/2025-04-12,10464
852,-1512,MNK,MNKM25,M30,2025-04-09 14:30:00,1744209000,32025.0,32105.0,31645.0,31645.0,0,0,25,2025-04-06/2025-04-12,10464
853,-1511,MNK,MNKM25,M30,2025-04-09 15:00:00,1744210800,31680.0,31950.0,31680.0,31950.0,0,0,11,2025-04-06/2025-04-12,10464
854,-1510,MNK,MNKM25,M30,2025-04-09 15:30:00,1744212600,31690.0,31950.0,31690.0,31820.0,0,0,14,2025-04-06/2025-04-12,10464
855,-1509,MNK,MNKM25,M30,2025-04-09 16:00:00,1744214400,31760.0,32045.0,31760.0,32040.0,0,0,12,2025-04-06/2025-04-12,10464
856,-1508,MNK,MNKM25,M30,2025-04-09 16:30:00,1744216200,32015.0,32125.0,32010.0,32105.0,0,0,12,2025-04-06/2025-04-12,10464
857,-1507,MNK,MNKM25,M30,2025-04-09 17:00:00,1744218000,32085.0,34060.0,31945.0,33370.0,0,0,129,2025-04-06/2025-04-12,10464
858,-1506,MNK,MNKM25,M30,2025-04-09 17:30:00,1744219800,33745.0,34315.0,33745.0,34050.0,0,0,27,2025-04-06/2025-04-12,10464
859,-1505,MNK,MNKM25,M30,2025-04-09 18:00:00,1744221600,34250.0,35000.0,34250.0,35000.0,0,0,20,2025-04-06/2025-04-12,10464
860,-1504,MNK,MNKM25,M30,2025-04-09 18:30:00,1744223400,34515.0,34610.0,34365.0,34365.0,0,0,3,2025-04-06/2025-04-12,10464
861,-1503,MNK,MNKM25,M30,2025-04-09 19:00:00,1744225200,34465.0,34540.0,34465.0,34540.0,0,0,2,2025-04-06/2025-04-12,10464
862,-1502,MNK,MNKM25,M30,2025-04-09 19:30:00,1744227000,34840.0,35045.0,34785.0,35035.0,0,0,16,2025-04-06/2025-04-12,10464
863,-1501,MNK,MNKM25,M30,2025-04-09 20:00:00,1744228800,35000.0,35070.0,34900.0,35060.0,0,0,14,2025-04-06/2025-04-12,10464
864,-1500,MNK,MNKM25,M30,2025-04-09 20:30:00,1744230600,35060.0,35180.0,35060.0,35150.0,0,0,15,2025-04-06/2025-04-12,10464
865,-1499,MNK,MNKM25,M30,2025-04-09 22:30:00,1744237800,35150.0,35195.0,35150.0,35195.0,0,0,4,2025-04-06/2025-04-12,10464
866,-1498,MNK,MNKM25,M30,2025-04-09 23:00:00,1744239600,35195.0,35230.0,35140.0,35140.0,0,0,9,2025-04-06/2025-04-12,10464
867,-1497,MNK,MNKM25,M30,2025-04-09 23:30:00,1744241400,35210.0,35285.0,34930.0,34985.0,0,0,54,2025-04-06/2025-04-12,10464
868,-1496,MNK,MNKM25,M30,2025-04-10 00:00:00,1744243200,34905.0,34995.0,34550.0,34595.0,0,0,44,2025-04-06/2025-04-12,10464
869,-1495,MNK,MNKM25,M30,2025-04-10 00:30:00,1744245000,34500.0,34560.0,34395.0,34560.0,0,0,95,2025-04-06/2025-04-12,10464
870,-1494,MNK,MNKM25,M30,2025-04-10 01:00:00,1744246800,34510.0,34515.0,34375.0,34375.0,0,0,23,2025-04-06/2025-04-12,10464
871,-1493,MNK,MNKM25,M30,2025-04-10 01:30:00,1744248600,34315.0,34500.0,34315.0,34500.0,0,0,44,2025-04-06/2025-04-12,10464
872,-1492,MNK,MNKM25,M30,2025-04-10 02:00:00,1744250400,34510.0,34565.0,34510.0,34565.0,0,0,11,2025-04-06/2025-04-12,10464
873,-1491,MNK,MNKM25,M30,2025-04-10 02:30:00,1744252200,34525.0,34545.0,34525.0,34545.0,0,0,14,2025-04-06/2025-04-12,10464
874,-1490,MNK,MNKM25,M30,2025-04-10 03:30:00,1744255800,34455.0,34560.0,34455.0,34560.0,0,0,13,2025-04-06/2025-04-12,10464
875,-1489,MNK,MNKM25,M30,2025-04-10 04:00:00,1744257600,34575.0,34575.0,34465.0,34520.0,0,0,19,2025-04-06/2025-04-12,10464
876,-1488,MNK,MNKM25,M30,2025-04-10 04:30:00,1744259400,34475.0,34605.0,34475.0,34605.0,0,0,15,2025-04-06/2025-04-12,10464
877,-1487,MNK,MNKM25,M30,2025-04-10 05:00:00,1744261200,34560.0,34560.0,34555.0,34555.0,0,0,20,2025-04-06/2025-04-12,10464
878,-1486,MNK,MNKM25,M30,2025-04-10 05:30:00,1744263000,34535.0,34590.0,34535.0,34590.0,0,0,7,2025-04-06/2025-04-12,10464
879,-1485,MNK,MNKM25,M30,2025-04-10 06:00:00,1744264800,34685.0,34770.0,34600.0,34600.0,0,0,37,2025-04-06/2025-04-12,10464
880,-1484,MNK,MNKM25,M30,2025-04-10 06:30:00,1744266600,34625.0,34755.0,34625.0,34715.0,0,0,29,2025-04-06/2025-04-12,10464
881,-1483,MNK,MNKM25,M30,2025-04-10 07:00:00,1744268400,34840.0,34840.0,34670.0,34670.0,0,0,54,2025-04-06/2025-04-12,10464
882,-1482,MNK,MNKM25,M30,2025-04-10 07:30:00,1744270200,34575.0,34575.0,34440.0,34495.0,0,0,37,2025-04-06/2025-04-12,10464
883,-1481,MNK,MNKM25,M30,2025-04-10 08:00:00,1744272000,34265.0,34320.0,34210.0,34320.0,0,0,8,2025-04-06/2025-04-12,10464
884,-1480,MNK,MNKM25,M30,2025-04-10 08:30:00,1744273800,34175.0,34215.0,34060.0,34190.0,0,0,9,2025-04-06/2025-04-12,10464
885,-1479,MNK,MNKM25,M30,2025-04-10 09:00:00,1744275600,34070.0,34110.0,34070.0,34095.0,0,0,17,2025-04-06/2025-04-12,10464
886,-1478,MNK,MNKM25,M30,2025-04-10 09:30:00,1744277400,34030.0,34060.0,33960.0,34045.0,0,0,44,2025-04-06/2025-04-12,10464
887,-1477,MNK,MNKM25,M30,2025-04-10 10:00:00,1744279200,34085.0,34135.0,34085.0,34100.0,0,0,6,2025-04-06/2025-04-12,10464
888,-1476,MNK,MNKM25,M30,2025-04-10 10:30:00,1744281000,34025.0,34025.0,34025.0,34025.0,0,0,1,2025-04-06/2025-04-12,10464
889,-1475,MNK,MNKM25,M30,2025-04-10 11:00:00,1744282800,34015.0,34030.0,34015.0,34025.0,0,0,5,2025-04-06/2025-04-12,10464
890,-1474,MNK,MNKM25,M30,2025-04-10 11:30:00,1744284600,34020.0,34020.0,33975.0,33975.0,0,0,3,2025-04-06/2025-04-12,10464
891,-1473,MNK,MNKM25,M30,2025-04-10 12:00:00,1744286400,34020.0,34040.0,33995.0,33995.0,0,0,6,2025-04-06/2025-04-12,10464
892,-1472,MNK,MNKM25,M30,2025-04-10 12:30:00,1744288200,34010.0,34025.0,33790.0,33790.0,0,0,13,2025-04-06/2025-04-12,10464
893,-1471,MNK,MNKM25,M30,2025-04-10 13:00:00,1744290000,33940.0,33985.0,33880.0,33880.0,0,0,7,2025-04-06/2025-04-12,10464
894,-1470,MNK,MNKM25,M30,2025-04-10 13:30:00,1744291800,33850.0,33890.0,33675.0,33760.0,0,0,38,2025-04-06/2025-04-12,10464
895,-1469,MNK,MNKM25,M30,2025-04-10 14:00:00,1744293600,33650.0,33750.0,33515.0,33670.0,0,0,16,2025-04-06/2025-04-12,10464
896,-1468,MNK,MNKM25,M30,2025-04-10 14:30:00,1744295400,33735.0,33750.0,33525.0,33525.0,0,0,17,2025-04-06/2025-04-12,10464
897,-1467,MNK,MNKM25,M30,2025-04-10 15:00:00,1744297200,33500.0,33660.0,33375.0,33375.0,0,0,9,2025-04-06/2025-04-12,10464
898,-1466,MNK,MNKM25,M30,2025-04-10 15:30:00,1744299000,33300.0,33300.0,33080.0,33080.0,0,0,25,2025-04-06/2025-04-12,10464
899,-1465,MNK,MNKM25,M30,2025-04-10 16:00:00,1744300800,33215.0,33240.0,32660.0,32710.0,0,0,94,2025-04-06/2025-04-12,10464
900,-1464,MNK,MNKM25,M30,2025-04-10 16:30:00,1744302600,32880.0,33205.0,32880.0,33200.0,0,0,62,2025-04-06/2025-04-12,10464
901,-1463,MNK,MNKM25,M30,2025-04-10 17:00:00,1744304400,33250.0,33295.0,32895.0,33200.0,0,0,107,2025-04-06/2025-04-12,10464
902,-1462,MNK,MNKM25,M30,2025-04-10 17:30:00,1744306200,33195.0,33405.0,33175.0,33400.0,0,0,40,2025-04-06/2025-04-12,10464
903,-1461,MNK,MNKM25,M30,2025-04-10 18:00:00,1744308000,33260.0,33565.0,33185.0,33565.0,0,0,26,2025-04-06/2025-04-12,10464
904,-1460,MNK,MNKM25,M30,2025-04-10 18:30:00,1744309800,33415.0,33415.0,33410.0,33410.0,0,0,11,2025-04-06/2025-04-12,10464
905,-1459,MNK,MNKM25,M30,2025-04-10 19:00:00,1744311600,33460.0,33460.0,33365.0,33365.0,0,0,11,2025-04-06/2025-04-12,10464
906,-1458,MNK,MNKM25,M30,2025-04-10 19:30:00,1744313400,33470.0,33520.0,33395.0,33520.0,0,0,4,2025-04-06/2025-04-12,10464
907,-1457,MNK,MNKM25,M30,2025-04-10 20:00:00,1744315200,33530.0,33530.0,33475.0,33475.0,0,0,2,2025-04-06/2025-04-12,10464
908,-1456,MNK,MNKM25,M30,2025-04-10 20:30:00,1744317000,33470.0,33470.0,33470.0,33470.0,0,0,2,2025-04-06/2025-04-12,10464
909,-1455,MNK,MNKM25,M30,2025-04-10 22:00:00,1744322400,33570.0,33600.0,33515.0,33515.0,0,0,3,2025-04-06/2025-04-12,10464
910,-1454,MNK,MNKM25,M30,2025-04-10 22:30:00,1744324200,33560.0,33635.0,33560.0,33580.0,0,0,5,2025-04-06/2025-04-12,10464
911,-1453,MNK,MNKM25,M30,2025-04-10 23:00:00,1744326000,33455.0,33455.0,33375.0,33375.0,0,0,3,2025-04-06/2025-04-12,10464
912,-1452,MNK,MNKM25,M30,2025-04-10 23:30:00,1744327800,33380.0,33515.0,33180.0,33180.0,0,0,61,2025-04-06/2025-04-12,10464
913,-1451,MNK,MNKM25,M30,2025-04-11 00:00:00,1744329600,33010.0,33040.0,32900.0,33000.0,0,0,59,2025-04-06/2025-04-12,10464
914,-1450,MNK,MNKM25,M30,2025-04-11 00:30:00,1744331400,32980.0,33050.0,32800.0,33050.0,0,0,52,2025-04-06/2025-04-12,10464
915,-1449,MNK,MNKM25,M30,2025-04-11 01:00:00,1744333200,32945.0,33190.0,32940.0,33190.0,0,0,54,2025-04-06/2025-04-12,10464
916,-1448,MNK,MNKM25,M30,2025-04-11 01:30:00,1744335000,33205.0,33285.0,33170.0,33260.0,0,0,30,2025-04-06/2025-04-12,10464
917,-1447,MNK,MNKM25,M30,2025-04-11 02:00:00,1744336800,33265.0,33265.0,33125.0,33190.0,0,0,10,2025-04-06/2025-04-12,10464
918,-1446,MNK,MNKM25,M30,2025-04-11 02:30:00,1744338600,33280.0,33345.0,33280.0,33290.0,0,0,19,2025-04-06/2025-04-12,10464
919,-1445,MNK,MNKM25,M30,2025-04-11 03:00:00,1744340400,33305.0,33445.0,33305.0,33435.0,0,0,29,2025-04-06/2025-04-12,10464
920,-1444,MNK,MNKM25,M30,2025-04-11 03:30:00,1744342200,33510.0,33510.0,33345.0,33345.0,0,0,41,2025-04-06/2025-04-12,10464
921,-1443,MNK,MNKM25,M30,2025-04-11 04:00:00,1744344000,33430.0,33495.0,33430.0,33495.0,0,0,3,2025-04-06/2025-04-12,10464
922,-1442,MNK,MNKM25,M30,2025-04-11 04:30:00,1744345800,33370.0,33385.0,33320.0,33325.0,0,0,18,2025-04-06/2025-04-12,10464
923,-1441,MNK,MNKM25,M30,2025-04-11 05:00:00,1744347600,33295.0,33525.0,33255.0,33525.0,0,0,34,2025-04-06/2025-04-12,10464
924,-1440,MNK,MNKM25,M30,2025-04-11 05:30:00,1744349400,33595.0,33665.0,33570.0,33640.0,0,0,50,2025-04-06/2025-04-12,10464
925,-1439,MNK,MNKM25,M30,2025-04-11 06:00:00,1744351200,33730.0,33845.0,33650.0,33830.0,0,0,79,2025-04-06/2025-04-12,10464
926,-1438,MNK,MNKM25,M30,2025-04-11 06:30:00,1744353000,33655.0,33690.0,33655.0,33660.0,0,0,14,2025-04-06/2025-04-12,10464
927,-1437,MNK,MNKM25,M30,2025-04-11 07:00:00,1744354800,33640.0,33640.0,33500.0,33515.0,0,0,4,2025-04-06/2025-04-12,10464
928,-1436,MNK,MNKM25,M30,2025-04-11 07:30:00,1744356600,33455.0,33485.0,33455.0,33470.0,0,0,5,2025-04-06/2025-04-12,10464
929,-1435,MNK,MNKM25,M30,2025-04-11 08:00:00,1744358400,33325.0,33375.0,33050.0,33050.0,0,0,117,2025-04-06/2025-04-12,10464
930,-1434,MNK,MNKM25,M30,2025-04-11 08:30:00,1744360200,33085.0,33085.0,32915.0,32915.0,0,0,222,2025-04-06/2025-04-12,10464
931,-1433,MNK,MNKM25,M30,2025-04-11 09:00:00,1744362000,33015.0,33015.0,32995.0,32995.0,0,0,12,2025-04-06/2025-04-12,10464
932,-1432,MNK,MNKM25,M30,2025-04-11 09:30:00,1744363800,33025.0,33235.0,33025.0,33235.0,0,0,15,2025-04-06/2025-04-12,10464
933,-1431,MNK,MNKM25,M30,2025-04-11 10:00:00,1744365600,33280.0,33350.0,33205.0,33350.0,0,0,23,2025-04-06/2025-04-12,10464
934,-1430,MNK,MNKM25,M30,2025-04-11 10:30:00,1744367400,33310.0,33435.0,33305.0,33435.0,0,0,37,2025-04-06/2025-04-12,10464
935,-1429,MNK,MNKM25,M30,2025-04-11 11:00:00,1744369200,33330.0,33330.0,33215.0,33240.0,0,0,15,2025-04-06/2025-04-12,10464
936,-1428,MNK,MNKM25,M30,2025-04-11 11:30:00,1744371000,33200.0,33260.0,33185.0,33250.0,0,0,54,2025-04-06/2025-04-12,10464
937,-1427,MNK,MNKM25,M30,2025-04-11 12:00:00,1744372800,33280.0,33350.0,33265.0,33325.0,0,0,7,2025-04-06/2025-04-12,10464
938,-1426,MNK,MNKM25,M30,2025-04-11 12:30:00,1744374600,33385.0,33475.0,33385.0,33390.0,0,0,33,2025-04-06/2025-04-12,10464
939,-1425,MNK,MNKM25,M30,2025-04-11 13:00:00,1744376400,33180.0,33180.0,33085.0,33085.0,0,0,21,2025-04-06/2025-04-12,10464
940,-1424,MNK,MNKM25,M30,2025-04-11 13:30:00,1744378200,33040.0,33465.0,33040.0,33335.0,0,0,61,2025-04-06/2025-04-12,10464
941,-1423,MNK,MNKM25,M30,2025-04-11 14:00:00,1744380000,33325.0,33330.0,33120.0,33120.0,0,0,16,2025-04-06/2025-04-12,10464
942,-1422,MNK,MNKM25,M30,2025-04-11 14:30:00,1744381800,33320.0,33320.0,33275.0,33275.0,0,0,4,2025-04-06/2025-04-12,10464
943,-1421,MNK,MNKM25,M30,2025-04-11 15:00:00,1744383600,33150.0,33150.0,33150.0,33150.0,0,0,1,2025-04-06/2025-04-12,10464
944,-1420,MNK,MNKM25,M30,2025-04-11 15:30:00,1744385400,33360.0,33360.0,33360.0,33360.0,0,0,20,2025-04-06/2025-04-12,10464
945,-1419,MNK,MNKM25,M30,2025-04-11 16:00:00,1744387200,33375.0,33420.0,33370.0,33370.0,0,0,23,2025-04-06/2025-04-12,10464
946,-1418,MNK,MNKM25,M30,2025-04-11 16:30:00,1744389000,33660.0,33660.0,33660.0,33660.0,0,0,2,2025-04-06/2025-04-12,10464
947,-1417,MNK,MNKM25,M30,2025-04-11 17:00:00,1744390800,33630.0,33630.0,33615.0,33615.0,0,0,3,2025-04-06/2025-04-12,10464
948,-1416,MNK,MNKM25,M30,2025-04-11 17:30:00,1744392600,33520.0,33535.0,33520.0,33535.0,0,0,4,2025-04-06/2025-04-12,10464
949,-1415,MNK,MNKM25,M30,2025-04-11 18:30:00,1744396200,33760.0,33775.0,33760.0,33770.0,0,0,5,2025-04-06/2025-04-12,10464
950,-1414,MNK,MNKM25,M30,2025-04-11 19:30:00,1744399800,33800.0,33840.0,33790.0,33840.0,0,0,18,2025-04-06/2025-04-12,10464
951,-1413,MNK,MNKM25,M30,2025-04-11 20:00:00,1744401600,33825.0,33835.0,33815.0,33835.0,0,0,15,2025-04-06/2025-04-12,10464
952,-1412,MNK,MNKM25,M30,2025-04-11 20:30:00,1744403400,33870.0,33880.0,33865.0,33875.0,0,0,5,2025-04-06/2025-04-12,10464
953,-1411,MNK,MNKM25,M30,2025-04-13 22:00:00,1744581600,34150.0,34205.0,34030.0,34030.0,0,0,31,2025-04-13/2025-04-19,2369
954,-1410,MNK,MNKM25,M30,2025-04-13 22:30:00,1744583400,34045.0,34070.0,34045.0,34070.0,0,0,7,2025-04-13/2025-04-19,2369
955,-1409,MNK,MNKM25,M30,2025-04-13 23:00:00,1744585200,33990.0,34065.0,33990.0,34065.0,0,0,3,2025-04-13/2025-04-19,2369
956,-1408,MNK,MNKM25,M30,2025-04-13 23:30:00,1744587000,34055.0,34185.0,34055.0,34185.0,0,0,7,2025-04-13/2025-04-19,2369
957,-1407,MNK,MNKM25,M30,2025-04-14 00:00:00,1744588800,34205.0,34495.0,34205.0,34330.0,0,0,24,2025-04-13/2025-04-19,2369
958,-1406,MNK,MNKM25,M30,2025-04-14 00:30:00,1744590600,34450.0,34480.0,34185.0,34185.0,0,0,23,2025-04-13/2025-04-19,2369
959,-1405,MNK,MNKM25,M30,2025-04-14 01:00:00,1744592400,34235.0,34270.0,34100.0,34100.0,0,0,33,2025-04-13/2025-04-19,2369
960,-1404,MNK,MNKM25,M30,2025-04-14 01:30:00,1744594200,34200.0,34200.0,34075.0,34100.0,0,0,33,2025-04-13/2025-04-19,2369
961,-1403,MNK,MNKM25,M30,2025-04-14 02:00:00,1744596000,34185.0,34290.0,34185.0,34290.0,0,0,11,2025-04-13/2025-04-19,2369
962,-1402,MNK,MNKM25,M30,2025-04-14 02:30:00,1744597800,34315.0,34330.0,34305.0,34330.0,0,0,7,2025-04-13/2025-04-19,2369
963,-1401,MNK,MNKM25,M30,2025-04-14 03:00:00,1744599600,34270.0,34270.0,34270.0,34270.0,0,0,1,2025-04-13/2025-04-19,2369
964,-1400,MNK,MNKM25,M30,2025-04-14 03:30:00,1744601400,34320.0,34320.0,34320.0,34320.0,0,0,5,2025-04-13/2025-04-19,2369
965,-1399,MNK,MNKM25,M30,2025-04-14 04:00:00,1744603200,34370.0,34415.0,34370.0,34415.0,0,0,3,2025-04-13/2025-04-19,2369
966,-1398,MNK,MNKM25,M30,2025-04-14 04:30:00,1744605000,34370.0,34435.0,34355.0,34435.0,0,0,7,2025-04-13/2025-04-19,2369
967,-1397,MNK,MNKM25,M30,2025-04-14 05:00:00,1744606800,34340.0,34340.0,34340.0,34340.0,0,0,1,2025-04-13/2025-04-19,2369
968,-1396,MNK,MNKM25,M30,2025-04-14 05:30:00,1744608600,34305.0,34305.0,34305.0,34305.0,0,0,1,2025-04-13/2025-04-19,2369
969,-1395,MNK,MNKM25,M30,2025-04-14 06:00:00,1744610400,34185.0,34185.0,34170.0,34170.0,0,0,2,2025-04-13/2025-04-19,2369
970,-1394,MNK,MNKM25,M30,2025-04-14 06:30:00,1744612200,34170.0,34325.0,34170.0,34325.0,0,0,8,2025-04-13/2025-04-19,2369
971,-1393,MNK,MNKM25,M30,2025-04-14 07:00:00,1744614000,34250.0,34250.0,34220.0,34220.0,0,0,4,2025-04-13/2025-04-19,2369
972,-1392,MNK,MNKM25,M30,2025-04-14 08:30:00,1744619400,34365.0,34370.0,34350.0,34370.0,0,0,7,2025-04-13/2025-04-19,2369
973,-1391,MNK,MNKM25,M30,2025-04-14 09:30:00,1744623000,34205.0,34205.0,34205.0,34205.0,0,0,2,2025-04-13/2025-04-19,2369
974,-1390,MNK,MNKM25,M30,2025-04-14 11:00:00,1744628400,34385.0,34395.0,34355.0,34375.0,0,0,11,2025-04-13/2025-04-19,2369
975,-1389,MNK,MNKM25,M30,2025-04-14 11:30:00,1744630200,34380.0,34380.0,34375.0,34375.0,0,0,3,2025-04-13/2025-04-19,2369
976,-1388,MNK,MNKM25,M30,2025-04-14 12:00:00,1744632000,34285.0,34305.0,34285.0,34295.0,0,0,11,2025-04-13/2025-04-19,2369
977,-1387,MNK,MNKM25,M30,2025-04-14 12:30:00,1744633800,34460.0,34475.0,34460.0,34475.0,0,0,3,2025-04-13/2025-04-19,2369
978,-1386,MNK,MNKM25,M30,2025-04-14 13:00:00,1744635600,34545.0,34570.0,34530.0,34560.0,0,0,12,2025-04-13/2025-04-19,2369
979,-1385,MNK,MNKM25,M30,2025-04-14 13:30:00,1744637400,34520.0,34520.0,34380.0,34460.0,0,0,28,2025-04-13/2025-04-19,2369
980,-1384,MNK,MNKM25,M30,2025-04-14 14:00:00,1744639200,34560.0,34575.0,34465.0,34495.0,0,0,47,2025-04-13/2025-04-19,2369
981,-1383,MNK,MNKM25,M30,2025-04-14 15:00:00,1744642800,34470.0,34470.0,34335.0,34335.0,0,0,32,2025-04-13/2025-04-19,2369
982,-1382,MNK,MNKM25,M30,2025-04-14 15:30:00,1744644600,34325.0,34325.0,34175.0,34185.0,0,0,31,2025-04-13/2025-04-19,2369
983,-1381,MNK,MNKM25,M30,2025-04-14 16:00:00,1744646400,34165.0,34290.0,34100.0,34290.0,0,0,4,2025-04-13/2025-04-19,2369
984,-1380,MNK,MNKM25,M30,2025-04-14 17:00:00,1744650000,34260.0,34400.0,34260.0,34365.0,0,0,34,2025-04-13/2025-04-19,2369
985,-1379,MNK,MNKM25,M30,2025-04-14 17:30:00,1744651800,34375.0,34375.0,34350.0,34355.0,0,0,3,2025-04-13/2025-04-19,2369
986,-1378,MNK,MNKM25,M30,2025-04-14 18:00:00,1744653600,34455.0,34475.0,34455.0,34475.0,0,0,11,2025-04-13/2025-04-19,2369
987,-1377,MNK,MNKM25,M30,2025-04-14 18:30:00,1744655400,34550.0,34550.0,34550.0,34550.0,0,0,1,2025-04-13/2025-04-19,2369
988,-1376,MNK,MNKM25,M30,2025-04-14 19:30:00,1744659000,34530.0,34530.0,34400.0,34415.0,0,0,21,2025-04-13/2025-04-19,2369
989,-1375,MNK,MNKM25,M30,2025-04-14 20:00:00,1744660800,34410.0,34410.0,34305.0,34305.0,0,0,4,2025-04-13/2025-04-19,2369
990,-1374,MNK,MNKM25,M30,2025-04-14 20:30:00,1744662600,34385.0,34425.0,34385.0,34425.0,0,0,13,2025-04-13/2025-04-19,2369
991,-1373,MNK,MNKM25,M30,2025-04-14 22:00:00,1744668000,34405.0,34405.0,34360.0,34395.0,0,0,6,2025-04-13/2025-04-19,2369
992,-1372,MNK,MNKM25,M30,2025-04-14 23:00:00,1744671600,34410.0,34475.0,34410.0,34470.0,0,0,4,2025-04-13/2025-04-19,2369
993,-1371,MNK,MNKM25,M30,2025-04-14 23:30:00,1744673400,34500.0,34525.0,34310.0,34450.0,0,0,9,2025-04-13/2025-04-19,2369
994,-1370,MNK,MNKM25,M30,2025-04-15 00:00:00,1744675200,34490.0,34535.0,34430.0,34535.0,0,0,26,2025-04-13/2025-04-19,2369
995,-1369,MNK,MNKM25,M30,2025-04-15 00:30:00,1744677000,34560.0,34600.0,34505.0,34505.0,0,0,9,2025-04-13/2025-04-19,2369
996,-1368,MNK,MNKM25,M30,2025-04-15 01:30:00,1744680600,34520.0,34520.0,34465.0,34490.0,0,0,3,2025-04-13/2025-04-19,2369
997,-1367,MNK,MNKM25,M30,2025-04-15 02:00:00,1744682400,34485.0,34485.0,34435.0,34435.0,0,0,3,2025-04-13/2025-04-19,2369
998,-1366,MNK,MNKM25,M30,2025-04-15 02:30:00,1744684200,34415.0,34425.0,34410.0,34410.0,0,0,3,2025-04-13/2025-04-19,2369
999,-1365,MNK,MNKM25,M30,2025-04-15 03:00:00,1744686000,34400.0,34400.0,34400.0,34400.0,0,0,1,2025-04-13/2025-04-19,2369
1000,-1364,MNK,MNKM25,M30,2025-04-15 03:30:00,1744687800,34480.0,34480.0,34480.0,34480.0,0,0,1,2025-04-13/2025-04-19,2369
1001,-1363,MNK,MNKM25,M30,2025-04-15 05:00:00,1744693200,34455.0,34470.0,34455.0,34470.0,0,0,3,2025-04-13/2025-04-19,2369
1002,-1362,MNK,MNKM25,M30,2025-04-15 05:30:00,1744695000,34435.0,34455.0,34435.0,34440.0,0,0,15,2025-04-13/2025-04-19,2369
1003,-1361,MNK,MNKM25,M30,2025-04-15 06:00:00,1744696800,34430.0,34435.0,34410.0,34410.0,0,0,5,2025-04-13/2025-04-19,2369
1004,-1360,MNK,MNKM25,M30,2025-04-15 07:00:00,1744700400,34525.0,34525.0,34525.0,34525.0,0,0,6,2025-04-13/2025-04-19,2369
1005,-1359,MNK,MNKM25,M30,2025-04-15 07:30:00,1744702200,34590.0,34590.0,34520.0,34520.0,0,0,15,2025-04-13/2025-04-19,2369
1006,-1358,MNK,MNKM25,M30,2025-04-15 08:00:00,1744704000,34535.0,34540.0,34475.0,34475.0,0,0,37,2025-04-13/2025-04-19,2369
1007,-1357,MNK,MNKM25,M30,2025-04-15 08:30:00,1744705800,34490.0,34490.0,34440.0,34480.0,0,0,13,2025-04-13/2025-04-19,2369
1008,-1356,MNK,MNKM25,M30,2025-04-15 11:30:00,1744716600,34450.0,34470.0,34350.0,34390.0,0,0,21,2025-04-13/2025-04-19,2369
1009,-1355,MNK,MNKM25,M30,2025-04-15 12:00:00,1744718400,34360.0,34400.0,34335.0,34350.0,0,0,14,2025-04-13/2025-04-19,2369
1010,-1354,MNK,MNKM25,M30,2025-04-15 12:30:00,1744720200,34375.0,34410.0,34345.0,34410.0,0,0,3,2025-04-13/2025-04-19,2369
1011,-1353,MNK,MNKM25,M30,2025-04-15 13:00:00,1744722000,34470.0,34470.0,34470.0,34470.0,0,0,3,2025-04-13/2025-04-19,2369
1012,-1352,MNK,MNKM25,M30,2025-04-15 13:30:00,1744723800,34580.0,34665.0,34575.0,34645.0,0,0,23,2025-04-13/2025-04-19,2369
1013,-1351,MNK,MNKM25,M30,2025-04-15 14:00:00,1744725600,34645.0,34665.0,34525.0,34525.0,0,0,42,2025-04-13/2025-04-19,2369
1014,-1350,MNK,MNKM25,M30,2025-04-15 14:30:00,1744727400,34570.0,34615.0,34510.0,34575.0,0,0,148,2025-04-13/2025-04-19,2369
1015,-1349,MNK,MNKM25,M30,2025-04-15 15:00:00,1744729200,34620.0,34650.0,34620.0,34650.0,0,0,2,2025-04-13/2025-04-19,2369
1016,-1348,MNK,MNKM25,M30,2025-04-15 15:30:00,1744731000,34665.0,34695.0,34665.0,34695.0,0,0,17,2025-04-13/2025-04-19,2369
1017,-1347,MNK,MNKM25,M30,2025-04-15 16:00:00,1744732800,34650.0,34705.0,34650.0,34705.0,0,0,3,2025-04-13/2025-04-19,2369
1018,-1346,MNK,MNKM25,M30,2025-04-15 16:30:00,1744734600,34670.0,34670.0,34600.0,34600.0,0,0,3,2025-04-13/2025-04-19,2369
1019,-1345,MNK,MNKM25,M30,2025-04-15 17:30:00,1744738200,34600.0,34600.0,34600.0,34600.0,0,0,1,2025-04-13/2025-04-19,2369
1020,-1344,MNK,MNKM25,M30,2025-04-15 18:00:00,1744740000,34565.0,34565.0,34565.0,34565.0,0,0,1,2025-04-13/2025-04-19,2369
1021,-1343,MNK,MNKM25,M30,2025-04-15 19:30:00,1744745400,34610.0,34645.0,34595.0,34610.0,0,0,22,2025-04-13/2025-04-19,2369
1022,-1342,MNK,MNKM25,M30,2025-04-15 20:00:00,1744747200,34595.0,34595.0,34590.0,34590.0,0,0,1,2025-04-13/2025-04-19,2369
1023,-1341,MNK,MNKM25,M30,2025-04-15 20:30:00,1744749000,34560.0,34595.0,34560.0,34595.0,0,0,8,2025-04-13/2025-04-19,2369
1024,-1340,MNK,MNKM25,M30,2025-04-15 22:00:00,1744754400,34375.0,34385.0,34375.0,34385.0,0,0,4,2025-04-13/2025-04-19,2369
1025,-1339,MNK,MNKM25,M30,2025-04-15 23:00:00,1744758000,34345.0,34345.0,34340.0,34340.0,0,0,2,2025-04-13/2025-04-19,2369
1026,-1338,MNK,MNKM25,M30,2025-04-16 00:00:00,1744761600,34315.0,34335.0,34295.0,34310.0,0,0,21,2025-04-13/2025-04-19,2369
1027,-1337,MNK,MNKM25,M30,2025-04-16 00:30:00,1744763400,34250.0,34260.0,34235.0,34235.0,0,0,8,2025-04-13/2025-04-19,2369
1028,-1336,MNK,MNKM25,M30,2025-04-16 01:00:00,1744765200,34250.0,34250.0,34250.0,34250.0,0,0,1,2025-04-13/2025-04-19,2369
1029,-1335,MNK,MNKM25,M30,2025-04-16 02:00:00,1744768800,34275.0,34275.0,34140.0,34170.0,0,0,8,2025-04-13/2025-04-19,2369
1030,-1334,MNK,MNKM25,M30,2025-04-16 02:30:00,1744770600,34170.0,34175.0,34170.0,34170.0,0,0,6,2025-04-13/2025-04-19,2369
1031,-1333,MNK,MNKM25,M30,2025-04-16 03:00:00,1744772400,34185.0,34185.0,34185.0,34185.0,0,0,2,2025-04-13/2025-04-19,2369
1032,-1332,MNK,MNKM25,M30,2025-04-16 03:30:00,1744774200,34190.0,34190.0,34135.0,34135.0,0,0,5,2025-04-13/2025-04-19,2369
1033,-1331,MNK,MNKM25,M30,2025-04-16 04:00:00,1744776000,34095.0,34095.0,34095.0,34095.0,0,0,1,2025-04-13/2025-04-19,2369
1034,-1330,MNK,MNKM25,M30,2025-04-16 04:30:00,1744777800,34070.0,34070.0,34055.0,34055.0,0,0,2,2025-04-13/2025-04-19,2369
1035,-1329,MNK,MNKM25,M30,2025-04-16 05:00:00,1744779600,34055.0,34055.0,33875.0,33875.0,0,0,8,2025-04-13/2025-04-19,2369
1036,-1328,MNK,MNKM25,M30,2025-04-16 05:30:00,1744781400,33840.0,33865.0,33840.0,33865.0,0,0,3,2025-04-13/2025-04-19,2369
1037,-1327,MNK,MNKM25,M30,2025-04-16 06:00:00,1744783200,33885.0,34060.0,33885.0,34055.0,0,0,12,2025-04-13/2025-04-19,2369
1038,-1326,MNK,MNKM25,M30,2025-04-16 06:30:00,1744785000,34055.0,34055.0,34040.0,34050.0,0,0,3,2025-04-13/2025-04-19,2369
1039,-1325,MNK,MNKM25,M30,2025-04-16 07:00:00,1744786800,34075.0,34075.0,34075.0,34075.0,0,0,5,2025-04-13/2025-04-19,2369
1040,-1324,MNK,MNKM25,M30,2025-04-16 07:30:00,1744788600,34010.0,34015.0,33900.0,33900.0,0,0,6,2025-04-13/2025-04-19,2369
1041,-1323,MNK,MNKM25,M30,2025-04-16 08:00:00,1744790400,34020.0,34270.0,34020.0,34205.0,0,0,174,2025-04-13/2025-04-19,2369
1042,-1322,MNK,MNKM25,M30,2025-04-16 08:30:00,1744792200,34235.0,34395.0,34235.0,34300.0,0,0,83,2025-04-13/2025-04-19,2369
1043,-1321,MNK,MNKM25,M30,2025-04-16 09:00:00,1744794000,34310.0,34380.0,34310.0,34335.0,0,0,56,2025-04-13/2025-04-19,2369
1044,-1320,MNK,MNKM25,M30,2025-04-16 09:30:00,1744795800,34325.0,34330.0,34265.0,34265.0,0,0,34,2025-04-13/2025-04-19,2369
1045,-1319,MNK,MNKM25,M30,2025-04-16 10:00:00,1744797600,34285.0,34335.0,34285.0,34295.0,0,0,30,2025-04-13/2025-04-19,2369
1046,-1318,MNK,MNKM25,M30,2025-04-16 10:30:00,1744799400,34255.0,34280.0,34255.0,34270.0,0,0,12,2025-04-13/2025-04-19,2369
1047,-1317,MNK,MNKM25,M30,2025-04-16 11:00:00,1744801200,34265.0,34295.0,34260.0,34260.0,0,0,16,2025-04-13/2025-04-19,2369
1048,-1316,MNK,MNKM25,M30,2025-04-16 11:30:00,1744803000,34315.0,34315.0,34265.0,34280.0,0,0,16,2025-04-13/2025-04-19,2369
1049,-1315,MNK,MNKM25,M30,2025-04-16 12:00:00,1744804800,34285.0,34285.0,34285.0,34285.0,0,0,1,2025-04-13/2025-04-19,2369
1050,-1314,MNK,MNKM25,M30,2025-04-16 13:00:00,1744808400,34260.0,34260.0,34250.0,34250.0,0,0,2,2025-04-13/2025-04-19,2369
1051,-1313,MNK,MNKM25,M30,2025-04-16 13:30:00,1744810200,34250.0,34280.0,34235.0,34235.0,0,0,3,2025-04-13/2025-04-19,2369
1052,-1312,MNK,MNKM25,M30,2025-04-16 14:00:00,1744812000,34225.0,34225.0,34165.0,34165.0,0,0,4,2025-04-13/2025-04-19,2369
1053,-1311,MNK,MNKM25,M30,2025-04-16 14:30:00,1744813800,34245.0,34305.0,34245.0,34305.0,0,0,13,2025-04-13/2025-04-19,2369
1054,-1310,MNK,MNKM25,M30,2025-04-16 15:00:00,1744815600,34435.0,34445.0,34435.0,34445.0,0,0,2,2025-04-13/2025-04-19,2369
1055,-1309,MNK,MNKM25,M30,2025-04-16 15:30:00,1744817400,34440.0,34440.0,34440.0,34440.0,0,0,1,2025-04-13/2025-04-19,2369
1056,-1308,MNK,MNKM25,M30,2025-04-16 17:30:00,1744824600,34305.0,34310.0,33900.0,33900.0,0,0,63,2025-04-13/2025-04-19,2369
1057,-1307,MNK,MNKM25,M30,2025-04-16 18:00:00,1744826400,33910.0,34030.0,33910.0,34030.0,0,0,6,2025-04-13/2025-04-19,2369
1058,-1306,MNK,MNKM25,M30,2025-04-16 18:30:00,1744828200,33950.0,33950.0,33865.0,33885.0,0,0,33,2025-04-13/2025-04-19,2369
1059,-1305,MNK,MNKM25,M30,2025-04-16 19:00:00,1744830000,33795.0,33800.0,33750.0,33750.0,0,0,8,2025-04-13/2025-04-19,2369
1060,-1304,MNK,MNKM25,M30,2025-04-16 19:30:00,1744831800,33915.0,33965.0,33915.0,33925.0,0,0,36,2025-04-13/2025-04-19,2369
1061,-1303,MNK,MNKM25,M30,2025-04-16 20:00:00,1744833600,33950.0,33990.0,33950.0,33990.0,0,0,11,2025-04-13/2025-04-19,2369
1062,-1302,MNK,MNKM25,M30,2025-04-16 20:30:00,1744835400,33950.0,33950.0,33920.0,33920.0,0,0,3,2025-04-13/2025-04-19,2369
1063,-1301,MNK,MNKM25,M30,2025-04-16 22:00:00,1744840800,33990.0,33990.0,33970.0,33970.0,0,0,2,2025-04-13/2025-04-19,2369
1064,-1300,MNK,MNKM25,M30,2025-04-16 22:30:00,1744842600,33990.0,33990.0,33990.0,33990.0,0,0,1,2025-04-13/2025-04-19,2369
1065,-1299,MNK,MNKM25,M30,2025-04-16 23:00:00,1744844400,33930.0,33980.0,33930.0,33980.0,0,0,7,2025-04-13/2025-04-19,2369
1066,-1298,MNK,MNKM25,M30,2025-04-16 23:30:00,1744846200,33925.0,34180.0,33925.0,34180.0,0,0,38,2025-04-13/2025-04-19,2369
1067,-1297,MNK,MNKM25,M30,2025-04-17 00:00:00,1744848000,34125.0,34410.0,34115.0,34170.0,0,0,82,2025-04-13/2025-04-19,2369
1068,-1296,MNK,MNKM25,M30,2025-04-17 00:30:00,1744849800,34195.0,34205.0,34110.0,34205.0,0,0,15,2025-04-13/2025-04-19,2369
1069,-1295,MNK,MNKM25,M30,2025-04-17 01:00:00,1744851600,34240.0,34265.0,34220.0,34220.0,0,0,10,2025-04-13/2025-04-19,2369
1070,-1294,MNK,MNKM25,M30,2025-04-17 01:30:00,1744853400,34305.0,34305.0,34300.0,34300.0,0,0,2,2025-04-13/2025-04-19,2369
1071,-1293,MNK,MNKM25,M30,2025-04-17 02:00:00,1744855200,34320.0,34345.0,34320.0,34345.0,0,0,2,2025-04-13/2025-04-19,2369
1072,-1292,MNK,MNKM25,M30,2025-04-17 02:30:00,1744857000,34295.0,34320.0,34295.0,34320.0,0,0,5,2025-04-13/2025-04-19,2369
1073,-1291,MNK,MNKM25,M30,2025-04-17 03:00:00,1744858800,34380.0,34390.0,34380.0,34390.0,0,0,2,2025-04-13/2025-04-19,2369
1074,-1290,MNK,MNKM25,M30,2025-04-17 03:30:00,1744860600,34350.0,34365.0,34305.0,34365.0,0,0,7,2025-04-13/2025-04-19,2369
1075,-1289,MNK,MNKM25,M30,2025-04-17 04:30:00,1744864200,34365.0,34365.0,34365.0,34365.0,0,0,3,2025-04-13/2025-04-19,2369
1076,-1288,MNK,MNKM25,M30,2025-04-17 05:00:00,1744866000,34340.0,34340.0,34340.0,34340.0,0,0,2,2025-04-13/2025-04-19,2369
1077,-1287,MNK,MNKM25,M30,2025-04-17 05:30:00,1744867800,34425.0,34425.0,34425.0,34425.0,0,0,5,2025-04-13/2025-04-19,2369
1078,-1286,MNK,MNKM25,M30,2025-04-17 06:00:00,1744869600,34435.0,34460.0,34435.0,34460.0,0,0,3,2025-04-13/2025-04-19,2369
1079,-1285,MNK,MNKM25,M30,2025-04-17 06:30:00,1744871400,34495.0,34495.0,34495.0,34495.0,0,0,1,2025-04-13/2025-04-19,2369
1080,-1284,MNK,MNKM25,M30,2025-04-17 07:00:00,1744873200,34520.0,34595.0,34505.0,34565.0,0,0,22,2025-04-13/2025-04-19,2369
1081,-1283,MNK,MNKM25,M30,2025-04-17 07:30:00,1744875000,34530.0,34530.0,34515.0,34530.0,0,0,22,2025-04-13/2025-04-19,2369
1082,-1282,MNK,MNKM25,M30,2025-04-17 08:30:00,1744878600,34510.0,34510.0,34510.0,34510.0,0,0,1,2025-04-13/2025-04-19,2369
1083,-1281,MNK,MNKM25,M30,2025-04-17 09:30:00,1744882200,34565.0,34565.0,34565.0,34565.0,0,0,2,2025-04-13/2025-04-19,2369
1084,-1280,MNK,MNKM25,M30,2025-04-17 10:00:00,1744884000,34550.0,34550.0,34430.0,34460.0,0,0,10,2025-04-13/2025-04-19,2369
1085,-1279,MNK,MNKM25,M30,2025-04-17 10:30:00,1744885800,34415.0,34415.0,34415.0,34415.0,0,0,1,2025-04-13/2025-04-19,2369
1086,-1278,MNK,MNKM25,M30,2025-04-17 11:30:00,1744889400,34430.0,34460.0,34430.0,34460.0,0,0,6,2025-04-13/2025-04-19,2369
1087,-1277,MNK,MNKM25,M30,2025-04-17 12:00:00,1744891200,34575.0,34575.0,34510.0,34525.0,0,0,29,2025-04-13/2025-04-19,2369
1088,-1276,MNK,MNKM25,M30,2025-04-17 12:30:00,1744893000,34550.0,34575.0,34515.0,34520.0,0,0,20,2025-04-13/2025-04-19,2369
1089,-1275,MNK,MNKM25,M30,2025-04-17 13:00:00,1744894800,34490.0,34585.0,34480.0,34570.0,0,0,37,2025-04-13/2025-04-19,2369
1090,-1274,MNK,MNKM25,M30,2025-04-17 13:30:00,1744896600,34550.0,34690.0,34540.0,34655.0,0,0,15,2025-04-13/2025-04-19,2369
1091,-1273,MNK,MNKM25,M30,2025-04-17 14:00:00,1744898400,34650.0,34705.0,34605.0,34605.0,0,0,87,2025-04-13/2025-04-19,2369
1092,-1272,MNK,MNKM25,M30,2025-04-17 14:30:00,1744900200,34525.0,34530.0,34485.0,34485.0,0,0,21,2025-04-13/2025-04-19,2369
1093,-1271,MNK,MNKM25,M30,2025-04-17 15:00:00,1744902000,34615.0,34615.0,34600.0,34600.0,0,0,6,2025-04-13/2025-04-19,2369
1094,-1270,MNK,MNKM25,M30,2025-04-17 15:30:00,1744903800,34625.0,34670.0,34625.0,34670.0,0,0,4,2025-04-13/2025-04-19,2369
1095,-1269,MNK,MNKM25,M30,2025-04-17 16:00:00,1744905600,34610.0,34765.0,34580.0,34765.0,0,0,88,2025-04-13/2025-04-19,2369
1096,-1268,MNK,MNKM25,M30,2025-04-17 16:30:00,1744907400,34730.0,34800.0,34695.0,34785.0,0,0,23,2025-04-13/2025-04-19,2369
1097,-1267,MNK,MNKM25,M30,2025-04-17 17:00:00,1744909200,34735.0,34760.0,34675.0,34680.0,0,0,17,2025-04-13/2025-04-19,2369
1098,-1266,MNK,MNKM25,M30,2025-04-17 17:30:00,1744911000,34680.0,34680.0,34665.0,34665.0,0,0,2,2025-04-13/2025-04-19,2369
1099,-1265,MNK,MNKM25,M30,2025-04-17 18:00:00,1744912800,34785.0,34825.0,34785.0,34805.0,0,0,7,2025-04-13/2025-04-19,2369
1100,-1264,MNK,MNKM25,M30,2025-04-17 18:30:00,1744914600,34840.0,34840.0,34765.0,34765.0,0,0,52,2025-04-13/2025-04-19,2369
1101,-1263,MNK,MNKM25,M30,2025-04-17 19:00:00,1744916400,34735.0,34735.0,34645.0,34645.0,0,0,2,2025-04-13/2025-04-19,2369
1102,-1262,MNK,MNKM25,M30,2025-04-17 19:30:00,1744918200,34610.0,34620.0,34570.0,34585.0,0,0,21,2025-04-13/2025-04-19,2369
1103,-1261,MNK,MNKM25,M30,2025-04-17 20:00:00,1744920000,34585.0,34600.0,34565.0,34570.0,0,0,16,2025-04-13/2025-04-19,2369
1104,-1260,MNK,MNKM25,M30,2025-04-17 20:30:00,1744921800,34605.0,34635.0,34605.0,34635.0,0,0,7,2025-04-13/2025-04-19,2369
1105,-1259,MNK,MNKM25,M30,2025-04-20 22:00:00,1745186400,34570.0,34570.0,34480.0,34540.0,0,0,14,2025-04-20/2025-04-26,2771
1106,-1258,MNK,MNKM25,M30,2025-04-20 22:30:00,1745188200,34485.0,34535.0,34485.0,34535.0,0,0,2,2025-04-20/2025-04-26,2771
1107,-1257,MNK,MNKM25,M30,2025-04-20 23:00:00,1745190000,34585.0,34585.0,34585.0,34585.0,0,0,1,2025-04-20/2025-04-26,2771
1108,-1256,MNK,MNKM25,M30,2025-04-20 23:30:00,1745191800,34630.0,34630.0,34630.0,34630.0,0,0,1,2025-04-20/2025-04-26,2771
1109,-1255,MNK,MNKM25,M30,2025-04-21 00:00:00,1745193600,34590.0,34730.0,34590.0,34665.0,0,0,8,2025-04-20/2025-04-26,2771
1110,-1254,MNK,MNKM25,M30,2025-04-21 00:30:00,1745195400,34610.0,34610.0,34480.0,34480.0,0,0,10,2025-04-20/2025-04-26,2771
1111,-1253,MNK,MNKM25,M30,2025-04-21 01:00:00,1745197200,34500.0,34505.0,34425.0,34480.0,0,0,20,2025-04-20/2025-04-26,2771
1112,-1252,MNK,MNKM25,M30,2025-04-21 01:30:00,1745199000,34500.0,34540.0,34485.0,34505.0,0,0,13,2025-04-20/2025-04-26,2771
1113,-1251,MNK,MNKM25,M30,2025-04-21 02:00:00,1745200800,34500.0,34525.0,34435.0,34435.0,0,0,4,2025-04-20/2025-04-26,2771
1114,-1250,MNK,MNKM25,M30,2025-04-21 02:30:00,1745202600,34355.0,34355.0,34345.0,34345.0,0,0,3,2025-04-20/2025-04-26,2771
1115,-1249,MNK,MNKM25,M30,2025-04-21 03:00:00,1745204400,34380.0,34380.0,34380.0,34380.0,0,0,2,2025-04-20/2025-04-26,2771
1116,-1248,MNK,MNKM25,M30,2025-04-21 03:30:00,1745206200,34375.0,34375.0,34375.0,34375.0,0,0,6,2025-04-20/2025-04-26,2771
1117,-1247,MNK,MNKM25,M30,2025-04-21 04:00:00,1745208000,34425.0,34435.0,34425.0,34435.0,0,0,5,2025-04-20/2025-04-26,2771
1118,-1246,MNK,MNKM25,M30,2025-04-21 04:30:00,1745209800,34390.0,34400.0,34390.0,34400.0,0,0,2,2025-04-20/2025-04-26,2771
1119,-1245,MNK,MNKM25,M30,2025-04-21 05:30:00,1745213400,34440.0,34440.0,34440.0,34440.0,0,0,2,2025-04-20/2025-04-26,2771
1120,-1244,MNK,MNKM25,M30,2025-04-21 06:00:00,1745215200,34440.0,34440.0,34410.0,34410.0,0,0,4,2025-04-20/2025-04-26,2771
1121,-1243,MNK,MNKM25,M30,2025-04-21 06:30:00,1745217000,34375.0,34375.0,34360.0,34360.0,0,0,2,2025-04-20/2025-04-26,2771
1122,-1242,MNK,MNKM25,M30,2025-04-21 08:00:00,1745222400,34270.0,34310.0,34270.0,34305.0,0,0,10,2025-04-20/2025-04-26,2771
1123,-1241,MNK,MNKM25,M30,2025-04-21 10:00:00,1745229600,34340.0,34345.0,34340.0,34345.0,0,0,4,2025-04-20/2025-04-26,2771
1124,-1240,MNK,MNKM25,M30,2025-04-21 10:30:00,1745231400,34380.0,34380.0,34380.0,34380.0,0,0,1,2025-04-20/2025-04-26,2771
1125,-1239,MNK,MNKM25,M30,2025-04-21 11:00:00,1745233200,34350.0,34350.0,34330.0,34330.0,0,0,15,2025-04-20/2025-04-26,2771
1126,-1238,MNK,MNKM25,M30,2025-04-21 12:00:00,1745236800,34365.0,34400.0,34365.0,34400.0,0,0,3,2025-04-20/2025-04-26,2771
1127,-1237,MNK,MNKM25,M30,2025-04-21 12:30:00,1745238600,34400.0,34400.0,34400.0,34400.0,0,0,3,2025-04-20/2025-04-26,2771
1128,-1236,MNK,MNKM25,M30,2025-04-21 13:00:00,1745240400,34375.0,34375.0,34375.0,34375.0,0,0,2,2025-04-20/2025-04-26,2771
1129,-1235,MNK,MNKM25,M30,2025-04-21 13:30:00,1745242200,34425.0,34425.0,34370.0,34395.0,0,0,27,2025-04-20/2025-04-26,2771
1130,-1234,MNK,MNKM25,M30,2025-04-21 14:00:00,1745244000,34265.0,34280.0,34185.0,34195.0,0,0,4,2025-04-20/2025-04-26,2771
1131,-1233,MNK,MNKM25,M30,2025-04-21 15:00:00,1745247600,34245.0,34245.0,34245.0,34245.0,0,0,1,2025-04-20/2025-04-26,2771
1132,-1232,MNK,MNKM25,M30,2025-04-21 15:30:00,1745249400,34125.0,34145.0,34125.0,34135.0,0,0,3,2025-04-20/2025-04-26,2771
1133,-1231,MNK,MNKM25,M30,2025-04-21 17:00:00,1745254800,34035.0,34040.0,34035.0,34035.0,0,0,13,2025-04-20/2025-04-26,2771
1134,-1230,MNK,MNKM25,M30,2025-04-21 17:30:00,1745256600,33980.0,33985.0,33980.0,33985.0,0,0,10,2025-04-20/2025-04-26,2771
1135,-1229,MNK,MNKM25,M30,2025-04-21 19:00:00,1745262000,34095.0,34095.0,34095.0,34095.0,0,0,10,2025-04-20/2025-04-26,2771
1136,-1228,MNK,MNKM25,M30,2025-04-21 19:30:00,1745263800,34205.0,34275.0,34190.0,34255.0,0,0,43,2025-04-20/2025-04-26,2771
1137,-1227,MNK,MNKM25,M30,2025-04-21 20:00:00,1745265600,34255.0,34260.0,34255.0,34260.0,0,0,1,2025-04-20/2025-04-26,2771
1138,-1226,MNK,MNKM25,M30,2025-04-21 20:30:00,1745267400,34205.0,34205.0,34205.0,34205.0,0,0,1,2025-04-20/2025-04-26,2771
1139,-1225,MNK,MNKM25,M30,2025-04-21 22:30:00,1745274600,34140.0,34180.0,34140.0,34165.0,0,0,6,2025-04-20/2025-04-26,2771
1140,-1224,MNK,MNKM25,M30,2025-04-21 23:00:00,1745276400,34175.0,34180.0,34175.0,34180.0,0,0,2,2025-04-20/2025-04-26,2771
1141,-1223,MNK,MNKM25,M30,2025-04-21 23:30:00,1745278200,34165.0,34335.0,34165.0,34335.0,0,0,6,2025-04-20/2025-04-26,2771
1142,-1222,MNK,MNKM25,M30,2025-04-22 00:00:00,1745280000,34310.0,34415.0,34310.0,34315.0,0,0,17,2025-04-20/2025-04-26,2771
1143,-1221,MNK,MNKM25,M30,2025-04-22 01:00:00,1745283600,34300.0,34370.0,34300.0,34370.0,0,0,4,2025-04-20/2025-04-26,2771
1144,-1220,MNK,MNKM25,M30,2025-04-22 01:30:00,1745285400,34355.0,34415.0,34345.0,34400.0,0,0,20,2025-04-20/2025-04-26,2771
1145,-1219,MNK,MNKM25,M30,2025-04-22 02:00:00,1745287200,34375.0,34400.0,34375.0,34400.0,0,0,12,2025-04-20/2025-04-26,2771
1146,-1218,MNK,MNKM25,M30,2025-04-22 02:30:00,1745289000,34380.0,34380.0,34330.0,34330.0,0,0,3,2025-04-20/2025-04-26,2771
1147,-1217,MNK,MNKM25,M30,2025-04-22 03:00:00,1745290800,34295.0,34295.0,34295.0,34295.0,0,0,1,2025-04-20/2025-04-26,2771
1148,-1216,MNK,MNKM25,M30,2025-04-22 04:30:00,1745296200,34335.0,34375.0,34335.0,34375.0,0,0,3,2025-04-20/2025-04-26,2771
1149,-1215,MNK,MNKM25,M30,2025-04-22 05:30:00,1745299800,34350.0,34350.0,34350.0,34350.0,0,0,1,2025-04-20/2025-04-26,2771
1150,-1214,MNK,MNKM25,M30,2025-04-22 06:00:00,1745301600,34310.0,34310.0,34300.0,34300.0,0,0,2,2025-04-20/2025-04-26,2771
1151,-1213,MNK,MNKM25,M30,2025-04-22 06:30:00,1745303400,34360.0,34420.0,34360.0,34420.0,0,0,4,2025-04-20/2025-04-26,2771
1152,-1212,MNK,MNKM25,M30,2025-04-22 08:00:00,1745308800,34445.0,34470.0,34420.0,34425.0,0,0,18,2025-04-20/2025-04-26,2771
1153,-1211,MNK,MNKM25,M30,2025-04-22 10:00:00,1745316000,34545.0,34570.0,34510.0,34510.0,0,0,17,2025-04-20/2025-04-26,2771
1154,-1210,MNK,MNKM25,M30,2025-04-22 12:00:00,1745323200,34465.0,34510.0,34465.0,34510.0,0,0,2,2025-04-20/2025-04-26,2771
1155,-1209,MNK,MNKM25,M30,2025-04-22 12:30:00,1745325000,34550.0,34550.0,34550.0,34550.0,0,0,1,2025-04-20/2025-04-26,2771
1156,-1208,MNK,MNKM25,M30,2025-04-22 13:00:00,1745326800,34595.0,34595.0,34595.0,34595.0,0,0,1,2025-04-20/2025-04-26,2771
1157,-1207,MNK,MNKM25,M30,2025-04-22 13:30:00,1745328600,34645.0,34740.0,34645.0,34680.0,0,0,8,2025-04-20/2025-04-26,2771
1158,-1206,MNK,MNKM25,M30,2025-04-22 14:00:00,1745330400,34700.0,34745.0,34700.0,34745.0,0,0,4,2025-04-20/2025-04-26,2771
1159,-1205,MNK,MNKM25,M30,2025-04-22 14:30:00,1745332200,34760.0,34760.0,34760.0,34760.0,0,0,1,2025-04-20/2025-04-26,2771
1160,-1204,MNK,MNKM25,M30,2025-04-22 15:00:00,1745334000,34780.0,34800.0,34780.0,34800.0,0,0,2,2025-04-20/2025-04-26,2771
1161,-1203,MNK,MNKM25,M30,2025-04-22 15:30:00,1745335800,34805.0,34885.0,34740.0,34885.0,0,0,91,2025-04-20/2025-04-26,2771
1162,-1202,MNK,MNKM25,M30,2025-04-22 16:00:00,1745337600,34960.0,34980.0,34955.0,34980.0,0,0,5,2025-04-20/2025-04-26,2771
1163,-1201,MNK,MNKM25,M30,2025-04-22 16:30:00,1745339400,35010.0,35020.0,35005.0,35020.0,0,0,19,2025-04-20/2025-04-26,2771
1164,-1200,MNK,MNKM25,M30,2025-04-22 17:00:00,1745341200,34960.0,34990.0,34800.0,34815.0,0,0,88,2025-04-20/2025-04-26,2771
1165,-1199,MNK,MNKM25,M30,2025-04-22 17:30:00,1745343000,34715.0,34800.0,34715.0,34800.0,0,0,16,2025-04-20/2025-04-26,2771
1166,-1198,MNK,MNKM25,M30,2025-04-22 18:00:00,1745344800,34800.0,34890.0,34800.0,34890.0,0,0,13,2025-04-20/2025-04-26,2771
1167,-1197,MNK,MNKM25,M30,2025-04-22 18:30:00,1745346600,34955.0,34960.0,34955.0,34960.0,0,0,24,2025-04-20/2025-04-26,2771
1168,-1196,MNK,MNKM25,M30,2025-04-22 20:00:00,1745352000,34955.0,35005.0,34945.0,34980.0,0,0,13,2025-04-20/2025-04-26,2771
1169,-1195,MNK,MNKM25,M30,2025-04-22 20:30:00,1745353800,34970.0,34970.0,34920.0,34920.0,0,0,6,2025-04-20/2025-04-26,2771
1170,-1194,MNK,MNKM25,M30,2025-04-22 22:00:00,1745359200,35380.0,35500.0,35350.0,35360.0,0,0,11,2025-04-20/2025-04-26,2771
1171,-1193,MNK,MNKM25,M30,2025-04-22 22:30:00,1745361000,35525.0,35530.0,35500.0,35500.0,0,0,4,2025-04-20/2025-04-26,2771
1172,-1192,MNK,MNKM25,M30,2025-04-22 23:00:00,1745362800,35490.0,35490.0,35465.0,35465.0,0,0,2,2025-04-20/2025-04-26,2771
1173,-1191,MNK,MNKM25,M30,2025-04-22 23:30:00,1745364600,35380.0,35465.0,35280.0,35415.0,0,0,31,2025-04-20/2025-04-26,2771
1174,-1190,MNK,MNKM25,M30,2025-04-23 00:00:00,1745366400,35320.0,35320.0,35110.0,35110.0,0,0,202,2025-04-20/2025-04-26,2771
1175,-1189,MNK,MNKM25,M30,2025-04-23 00:30:00,1745368200,35040.0,35040.0,34990.0,35010.0,0,0,40,2025-04-20/2025-04-26,2771
1176,-1188,MNK,MNKM25,M30,2025-04-23 01:00:00,1745370000,35010.0,35010.0,34975.0,34990.0,0,0,8,2025-04-20/2025-04-26,2771
1177,-1187,MNK,MNKM25,M30,2025-04-23 01:30:00,1745371800,34810.0,34875.0,34810.0,34875.0,0,0,15,2025-04-20/2025-04-26,2771
1178,-1186,MNK,MNKM25,M30,2025-04-23 02:30:00,1745375400,34960.0,34985.0,34960.0,34985.0,0,0,4,2025-04-20/2025-04-26,2771
1179,-1185,MNK,MNKM25,M30,2025-04-23 03:30:00,1745379000,35070.0,35095.0,35070.0,35095.0,0,0,3,2025-04-20/2025-04-26,2771
1180,-1184,MNK,MNKM25,M30,2025-04-23 04:00:00,1745380800,35080.0,35110.0,35050.0,35050.0,0,0,6,2025-04-20/2025-04-26,2771
1181,-1183,MNK,MNKM25,M30,2025-04-23 04:30:00,1745382600,35020.0,35020.0,35020.0,35020.0,0,0,1,2025-04-20/2025-04-26,2771
1182,-1182,MNK,MNKM25,M30,2025-04-23 05:30:00,1745386200,35040.0,35040.0,35035.0,35035.0,0,0,20,2025-04-20/2025-04-26,2771
1183,-1181,MNK,MNKM25,M30,2025-04-23 07:30:00,1745393400,35060.0,35070.0,35060.0,35070.0,0,0,2,2025-04-20/2025-04-26,2771
1184,-1180,MNK,MNKM25,M30,2025-04-23 08:00:00,1745395200,35110.0,35110.0,35080.0,35090.0,0,0,12,2025-04-20/2025-04-26,2771
1185,-1179,MNK,MNKM25,M30,2025-04-23 08:30:00,1745397000,35185.0,35205.0,35185.0,35205.0,0,0,13,2025-04-20/2025-04-26,2771
1186,-1178,MNK,MNKM25,M30,2025-04-23 09:30:00,1745400600,35250.0,35250.0,35250.0,35250.0,0,0,1,2025-04-20/2025-04-26,2771
1187,-1177,MNK,MNKM25,M30,2025-04-23 10:00:00,1745402400,35245.0,35245.0,35245.0,35245.0,0,0,1,2025-04-20/2025-04-26,2771
1188,-1176,MNK,MNKM25,M30,2025-04-23 10:30:00,1745404200,35310.0,35310.0,35310.0,35310.0,0,0,4,2025-04-20/2025-04-26,2771
1189,-1175,MNK,MNKM25,M30,2025-04-23 11:00:00,1745406000,35270.0,35270.0,35270.0,35270.0,0,0,3,2025-04-20/2025-04-26,2771
1190,-1174,MNK,MNKM25,M30,2025-04-23 11:30:00,1745407800,35200.0,35210.0,35190.0,35190.0,0,0,6,2025-04-20/2025-04-26,2771
1191,-1173,MNK,MNKM25,M30,2025-04-23 12:00:00,1745409600,35220.0,35225.0,35220.0,35225.0,0,0,9,2025-04-20/2025-04-26,2771
1192,-1172,MNK,MNKM25,M30,2025-04-23 12:30:00,1745411400,35275.0,35275.0,35275.0,35275.0,0,0,3,2025-04-20/2025-04-26,2771
1193,-1171,MNK,MNKM25,M30,2025-04-23 13:00:00,1745413200,35280.0,35305.0,35280.0,35305.0,0,0,3,2025-04-20/2025-04-26,2771
1194,-1170,MNK,MNKM25,M30,2025-04-23 13:30:00,1745415000,35310.0,35570.0,35285.0,35465.0,0,0,158,2025-04-20/2025-04-26,2771
1195,-1169,MNK,MNKM25,M30,2025-04-23 14:00:00,1745416800,35510.0,35520.0,35440.0,35460.0,0,0,33,2025-04-20/2025-04-26,2771
1196,-1168,MNK,MNKM25,M30,2025-04-23 14:30:00,1745418600,35530.0,35530.0,35530.0,35530.0,0,0,2,2025-04-20/2025-04-26,2771
1197,-1167,MNK,MNKM25,M30,2025-04-23 15:00:00,1745420400,35490.0,35610.0,35345.0,35395.0,0,0,145,2025-04-20/2025-04-26,2771
1198,-1166,MNK,MNKM25,M30,2025-04-23 15:30:00,1745422200,35355.0,35355.0,35250.0,35250.0,0,0,4,2025-04-20/2025-04-26,2771
1199,-1165,MNK,MNKM25,M30,2025-04-23 16:00:00,1745424000,35305.0,35305.0,35225.0,35305.0,0,0,13,2025-04-20/2025-04-26,2771
1200,-1164,MNK,MNKM25,M30,2025-04-23 16:30:00,1745425800,35325.0,35395.0,35325.0,35385.0,0,0,6,2025-04-20/2025-04-26,2771
1201,-1163,MNK,MNKM25,M30,2025-04-23 18:00:00,1745431200,35525.0,35530.0,35490.0,35490.0,0,0,12,2025-04-20/2025-04-26,2771
1202,-1162,MNK,MNKM25,M30,2025-04-23 19:00:00,1745434800,35410.0,35420.0,35405.0,35420.0,0,0,12,2025-04-20/2025-04-26,2771
1203,-1161,MNK,MNKM25,M30,2025-04-23 19:30:00,1745436600,35345.0,35470.0,35345.0,35455.0,0,0,13,2025-04-20/2025-04-26,2771
1204,-1160,MNK,MNKM25,M30,2025-04-23 20:00:00,1745438400,35455.0,35595.0,35455.0,35595.0,0,0,17,2025-04-20/2025-04-26,2771
1205,-1159,MNK,MNKM25,M30,2025-04-23 20:30:00,1745440200,35550.0,35550.0,35515.0,35515.0,0,0,4,2025-04-20/2025-04-26,2771
1206,-1158,MNK,MNKM25,M30,2025-04-23 22:00:00,1745445600,35375.0,35375.0,35375.0,35375.0,0,0,1,2025-04-20/2025-04-26,2771
1207,-1157,MNK,MNKM25,M30,2025-04-23 22:30:00,1745447400,35375.0,35375.0,35370.0,35370.0,0,0,2,2025-04-20/2025-04-26,2771
1208,-1156,MNK,MNKM25,M30,2025-04-23 23:00:00,1745449200,35415.0,35440.0,35415.0,35440.0,0,0,5,2025-04-20/2025-04-26,2771
1209,-1155,MNK,MNKM25,M30,2025-04-23 23:30:00,1745451000,35480.0,35500.0,35460.0,35500.0,0,0,4,2025-04-20/2025-04-26,2771
1210,-1154,MNK,MNKM25,M30,2025-04-24 00:00:00,1745452800,35390.0,35420.0,35250.0,35280.0,0,0,35,2025-04-20/2025-04-26,2771
1211,-1153,MNK,MNKM25,M30,2025-04-24 00:30:00,1745454600,35280.0,35295.0,35245.0,35290.0,0,0,20,2025-04-20/2025-04-26,2771
1212,-1152,MNK,MNKM25,M30,2025-04-24 01:00:00,1745456400,35330.0,35340.0,35330.0,35340.0,0,0,24,2025-04-20/2025-04-26,2771
1213,-1151,MNK,MNKM25,M30,2025-04-24 01:30:00,1745458200,35340.0,35340.0,35270.0,35285.0,0,0,3,2025-04-20/2025-04-26,2771
1214,-1150,MNK,MNKM25,M30,2025-04-24 02:00:00,1745460000,35360.0,35360.0,35360.0,35360.0,0,0,1,2025-04-20/2025-04-26,2771
1215,-1149,MNK,MNKM25,M30,2025-04-24 02:30:00,1745461800,35285.0,35290.0,35285.0,35290.0,0,0,2,2025-04-20/2025-04-26,2771
1216,-1148,MNK,MNKM25,M30,2025-04-24 04:00:00,1745467200,35165.0,35200.0,35155.0,35200.0,0,0,16,2025-04-20/2025-04-26,2771
1217,-1147,MNK,MNKM25,M30,2025-04-24 04:30:00,1745469000,35200.0,35200.0,35155.0,35155.0,0,0,5,2025-04-20/2025-04-26,2771
1218,-1146,MNK,MNKM25,M30,2025-04-24 05:00:00,1745470800,35160.0,35160.0,35160.0,35160.0,0,0,1,2025-04-20/2025-04-26,2771
1219,-1145,MNK,MNKM25,M30,2025-04-24 05:30:00,1745472600,35120.0,35120.0,35075.0,35075.0,0,0,19,2025-04-20/2025-04-26,2771
1220,-1144,MNK,MNKM25,M30,2025-04-24 06:00:00,1745474400,35150.0,35155.0,35150.0,35155.0,0,0,25,2025-04-20/2025-04-26,2771
1221,-1143,MNK,MNKM25,M30,2025-04-24 06:30:00,1745476200,35170.0,35170.0,35170.0,35170.0,0,0,19,2025-04-20/2025-04-26,2771
1222,-1142,MNK,MNKM25,M30,2025-04-24 07:00:00,1745478000,35120.0,35185.0,35110.0,35175.0,0,0,7,2025-04-20/2025-04-26,2771
1223,-1141,MNK,MNKM25,M30,2025-04-24 08:00:00,1745481600,35000.0,35000.0,35000.0,35000.0,0,0,1,2025-04-20/2025-04-26,2771
1224,-1140,MNK,MNKM25,M30,2025-04-24 08:30:00,1745483400,34955.0,34955.0,34905.0,34905.0,0,0,22,2025-04-20/2025-04-26,2771
1225,-1139,MNK,MNKM25,M30,2025-04-24 10:30:00,1745490600,35185.0,35185.0,35185.0,35185.0,0,0,1,2025-04-20/2025-04-26,2771
1226,-1138,MNK,MNKM25,M30,2025-04-24 11:00:00,1745492400,35200.0,35200.0,35170.0,35170.0,0,0,2,2025-04-20/2025-04-26,2771
1227,-1137,MNK,MNKM25,M30,2025-04-24 11:30:00,1745494200,35135.0,35220.0,35105.0,35110.0,0,0,122,2025-04-20/2025-04-26,2771
1228,-1136,MNK,MNKM25,M30,2025-04-24 12:00:00,1745496000,35185.0,35195.0,35120.0,35185.0,0,0,60,2025-04-20/2025-04-26,2771
1229,-1135,MNK,MNKM25,M30,2025-04-24 12:30:00,1745497800,35165.0,35165.0,35165.0,35165.0,0,0,4,2025-04-20/2025-04-26,2771
1230,-1134,MNK,MNKM25,M30,2025-04-24 13:00:00,1745499600,35180.0,35225.0,35180.0,35225.0,0,0,3,2025-04-20/2025-04-26,2771
1231,-1133,MNK,MNKM25,M30,2025-04-24 13:30:00,1745501400,35150.0,35150.0,35150.0,35150.0,0,0,1,2025-04-20/2025-04-26,2771
1232,-1132,MNK,MNKM25,M30,2025-04-24 14:00:00,1745503200,35340.0,35340.0,35340.0,35340.0,0,0,1,2025-04-20/2025-04-26,2771
1233,-1131,MNK,MNKM25,M30,2025-04-24 14:30:00,1745505000,35395.0,35395.0,35355.0,35365.0,0,0,17,2025-04-20/2025-04-26,2771
1234,-1130,MNK,MNKM25,M30,2025-04-24 15:00:00,1745506800,35490.0,35495.0,35440.0,35440.0,0,0,26,2025-04-20/2025-04-26,2771
1235,-1129,MNK,MNKM25,M30,2025-04-24 15:30:00,1745508600,35445.0,35500.0,35445.0,35500.0,0,0,6,2025-04-20/2025-04-26,2771
1236,-1128,MNK,MNKM25,M30,2025-04-24 16:00:00,1745510400,35530.0,35530.0,35505.0,35515.0,0,0,71,2025-04-20/2025-04-26,2771
1237,-1127,MNK,MNKM25,M30,2025-04-24 16:30:00,1745512200,35550.0,35550.0,35550.0,35550.0,0,0,1,2025-04-20/2025-04-26,2771
1238,-1126,MNK,MNKM25,M30,2025-04-24 17:30:00,1745515800,35570.0,35570.0,35570.0,35570.0,0,0,2,2025-04-20/2025-04-26,2771
1239,-1125,MNK,MNKM25,M30,2025-04-24 19:00:00,1745521200,35505.0,35505.0,35505.0,35505.0,0,0,1,2025-04-20/2025-04-26,2771
1240,-1124,MNK,MNKM25,M30,2025-04-24 19:30:00,1745523000,35610.0,35665.0,35590.0,35665.0,0,0,15,2025-04-20/2025-04-26,2771
1241,-1123,MNK,MNKM25,M30,2025-04-24 20:00:00,1745524800,35650.0,35750.0,35650.0,35720.0,0,0,157,2025-04-20/2025-04-26,2771
1242,-1122,MNK,MNKM25,M30,2025-04-24 20:30:00,1745526600,35730.0,35730.0,35660.0,35660.0,0,0,2,2025-04-20/2025-04-26,2771
1243,-1121,MNK,MNKM25,M30,2025-04-24 23:00:00,1745535600,35685.0,35710.0,35685.0,35710.0,0,0,2,2025-04-20/2025-04-26,2771
1244,-1120,MNK,MNKM25,M30,2025-04-24 23:30:00,1745537400,35690.0,35705.0,35670.0,35670.0,0,0,3,2025-04-20/2025-04-26,2771
1245,-1119,MNK,MNKM25,M30,2025-04-25 00:00:00,1745539200,35615.0,35740.0,35565.0,35740.0,0,0,16,2025-04-20/2025-04-26,2771
1246,-1118,MNK,MNKM25,M30,2025-04-25 00:30:00,1745541000,35745.0,35750.0,35710.0,35745.0,0,0,8,2025-04-20/2025-04-26,2771
1247,-1117,MNK,MNKM25,M30,2025-04-25 01:00:00,1745542800,35680.0,35705.0,35570.0,35570.0,0,0,9,2025-04-20/2025-04-26,2771
1248,-1116,MNK,MNKM25,M30,2025-04-25 02:00:00,1745546400,35620.0,35620.0,35620.0,35620.0,0,0,1,2025-04-20/2025-04-26,2771
1249,-1115,MNK,MNKM25,M30,2025-04-25 02:30:00,1745548200,35635.0,35690.0,35635.0,35690.0,0,0,16,2025-04-20/2025-04-26,2771
1250,-1114,MNK,MNKM25,M30,2025-04-25 03:00:00,1745550000,35685.0,35725.0,35685.0,35725.0,0,0,26,2025-04-20/2025-04-26,2771
1251,-1113,MNK,MNKM25,M30,2025-04-25 03:30:00,1745551800,35765.0,35870.0,35765.0,35870.0,0,0,6,2025-04-20/2025-04-26,2771
1252,-1112,MNK,MNKM25,M30,2025-04-25 04:00:00,1745553600,35955.0,35955.0,35825.0,35825.0,0,0,4,2025-04-20/2025-04-26,2771
1253,-1111,MNK,MNKM25,M30,2025-04-25 04:30:00,1745555400,35800.0,35800.0,35780.0,35780.0,0,0,2,2025-04-20/2025-04-26,2771
1254,-1110,MNK,MNKM25,M30,2025-04-25 05:00:00,1745557200,35780.0,35800.0,35780.0,35800.0,0,0,2,2025-04-20/2025-04-26,2771
1255,-1109,MNK,MNKM25,M30,2025-04-25 06:00:00,1745560800,35805.0,35805.0,35805.0,35805.0,0,0,1,2025-04-20/2025-04-26,2771
1256,-1108,MNK,MNKM25,M30,2025-04-25 06:30:00,1745562600,35810.0,35915.0,35810.0,35915.0,0,0,4,2025-04-20/2025-04-26,2771
1257,-1107,MNK,MNKM25,M30,2025-04-25 07:00:00,1745564400,35905.0,35905.0,35820.0,35825.0,0,0,4,2025-04-20/2025-04-26,2771
1258,-1106,MNK,MNKM25,M30,2025-04-25 08:00:00,1745568000,35790.0,35840.0,35790.0,35810.0,0,0,76,2025-04-20/2025-04-26,2771
1259,-1105,MNK,MNKM25,M30,2025-04-25 08:30:00,1745569800,35810.0,35810.0,35810.0,35810.0,0,0,2,2025-04-20/2025-04-26,2771
1260,-1104,MNK,MNKM25,M30,2025-04-25 09:00:00,1745571600,35660.0,35695.0,35660.0,35695.0,0,0,7,2025-04-20/2025-04-26,2771
1261,-1103,MNK,MNKM25,M30,2025-04-25 09:30:00,1745573400,35720.0,35790.0,35720.0,35790.0,0,0,8,2025-04-20/2025-04-26,2771
1262,-1102,MNK,MNKM25,M30,2025-04-25 10:00:00,1745575200,35735.0,35785.0,35685.0,35685.0,0,0,54,2025-04-20/2025-04-26,2771
1263,-1101,MNK,MNKM25,M30,2025-04-25 10:30:00,1745577000,35685.0,35695.0,35665.0,35665.0,0,0,3,2025-04-20/2025-04-26,2771
1264,-1100,MNK,MNKM25,M30,2025-04-25 12:00:00,1745582400,35650.0,35710.0,35650.0,35695.0,0,0,100,2025-04-20/2025-04-26,2771
1265,-1099,MNK,MNKM25,M30,2025-04-25 12:30:00,1745584200,35720.0,35745.0,35720.0,35730.0,0,0,5,2025-04-20/2025-04-26,2771
1266,-1098,MNK,MNKM25,M30,2025-04-25 13:00:00,1745586000,35735.0,35855.0,35735.0,35800.0,0,0,44,2025-04-20/2025-04-26,2771
1267,-1097,MNK,MNKM25,M30,2025-04-25 13:30:00,1745587800,35925.0,35925.0,35825.0,35835.0,0,0,44,2025-04-20/2025-04-26,2771
1268,-1096,MNK,MNKM25,M30,2025-04-25 14:00:00,1745589600,35795.0,35795.0,35780.0,35780.0,0,0,11,2025-04-20/2025-04-26,2771
1269,-1095,MNK,MNKM25,M30,2025-04-25 14:30:00,1745591400,35780.0,35910.0,35780.0,35895.0,0,0,6,2025-04-20/2025-04-26,2771
1270,-1094,MNK,MNKM25,M30,2025-04-25 15:30:00,1745595000,35925.0,35950.0,35910.0,35910.0,0,0,6,2025-04-20/2025-04-26,2771
1271,-1093,MNK,MNKM25,M30,2025-04-25 16:00:00,1745596800,35960.0,35960.0,35960.0,35960.0,0,0,1,2025-04-20/2025-04-26,2771
1272,-1092,MNK,MNKM25,M30,2025-04-25 16:30:00,1745598600,36005.0,36005.0,36005.0,36005.0,0,0,3,2025-04-20/2025-04-26,2771
1273,-1091,MNK,MNKM25,M30,2025-04-25 17:00:00,1745600400,36045.0,36055.0,36045.0,36055.0,0,0,5,2025-04-20/2025-04-26,2771
1274,-1090,MNK,MNKM25,M30,2025-04-25 17:30:00,1745602200,36055.0,36060.0,35870.0,35870.0,0,0,59,2025-04-20/2025-04-26,2771
1275,-1089,MNK,MNKM25,M30,2025-04-25 18:00:00,1745604000,35930.0,35930.0,35890.0,35890.0,0,0,5,2025-04-20/2025-04-26,2771
1276,-1088,MNK,MNKM25,M30,2025-04-25 20:00:00,1745611200,36105.0,36105.0,36105.0,36105.0,0,0,0,2025-04-20/2025-04-26,2771
1277,-1087,MNK,MNKM25,M30,2025-04-25 20:30:00,1745613000,36135.0,36160.0,36110.0,36130.0,0,0,41,2025-04-20/2025-04-26,2771
1278,-1086,MNK,MNKM25,M30,2025-04-27 22:00:00,1745791200,36085.0,36095.0,36040.0,36075.0,0,0,193,2025-04-27/2025-05-03,3181
1279,-1085,MNK,MNKM25,M30,2025-04-27 23:00:00,1745794800,36035.0,36035.0,36035.0,36035.0,0,0,1,2025-04-27/2025-05-03,3181
1280,-1084,MNK,MNKM25,M30,2025-04-27 23:30:00,1745796600,36045.0,36060.0,36005.0,36045.0,0,0,139,2025-04-27/2025-05-03,3181
1281,-1083,MNK,MNKM25,M30,2025-04-28 00:00:00,1745798400,36050.0,36080.0,36050.0,36080.0,0,0,7,2025-04-27/2025-05-03,3181
1282,-1082,MNK,MNKM25,M30,2025-04-28 00:30:00,1745800200,36190.0,36190.0,36020.0,36020.0,0,0,4,2025-04-27/2025-05-03,3181
1283,-1081,MNK,MNKM25,M30,2025-04-28 01:00:00,1745802000,36020.0,36100.0,36020.0,36100.0,0,0,8,2025-04-27/2025-05-03,3181
1284,-1080,MNK,MNKM25,M30,2025-04-28 01:30:00,1745803800,36110.0,36110.0,36110.0,36110.0,0,0,1,2025-04-27/2025-05-03,3181
1285,-1079,MNK,MNKM25,M30,2025-04-28 02:00:00,1745805600,36070.0,36075.0,36020.0,36020.0,0,0,4,2025-04-27/2025-05-03,3181
1286,-1078,MNK,MNKM25,M30,2025-04-28 02:30:00,1745807400,36025.0,36030.0,35975.0,35975.0,0,0,8,2025-04-27/2025-05-03,3181
1287,-1077,MNK,MNKM25,M30,2025-04-28 03:30:00,1745811000,35960.0,35960.0,35960.0,35960.0,0,0,3,2025-04-27/2025-05-03,3181
1288,-1076,MNK,MNKM25,M30,2025-04-28 04:30:00,1745814600,35985.0,35985.0,35965.0,35965.0,0,0,2,2025-04-27/2025-05-03,3181
1289,-1075,MNK,MNKM25,M30,2025-04-28 06:30:00,1745821800,35905.0,35905.0,35905.0,35905.0,0,0,1,2025-04-27/2025-05-03,3181
1290,-1074,MNK,MNKM25,M30,2025-04-28 07:00:00,1745823600,36010.0,36010.0,36010.0,36010.0,0,0,1,2025-04-27/2025-05-03,3181
1291,-1073,MNK,MNKM25,M30,2025-04-28 08:00:00,1745827200,35960.0,35960.0,35960.0,35960.0,0,0,11,2025-04-27/2025-05-03,3181
1292,-1072,MNK,MNKM25,M30,2025-04-28 10:30:00,1745836200,36055.0,36055.0,36055.0,36055.0,0,0,1,2025-04-27/2025-05-03,3181
1293,-1071,MNK,MNKM25,M30,2025-04-28 11:00:00,1745838000,36015.0,36025.0,36000.0,36025.0,0,0,8,2025-04-27/2025-05-03,3181
1294,-1070,MNK,MNKM25,M30,2025-04-28 13:30:00,1745847000,36130.0,36130.0,36045.0,36045.0,0,0,61,2025-04-27/2025-05-03,3181
1295,-1069,MNK,MNKM25,M30,2025-04-28 14:00:00,1745848800,35990.0,35990.0,35990.0,35990.0,0,0,1,2025-04-27/2025-05-03,3181
1296,-1068,MNK,MNKM25,M30,2025-04-28 14:30:00,1745850600,35915.0,35915.0,35915.0,35915.0,0,0,1,2025-04-27/2025-05-03,3181
1297,-1067,MNK,MNKM25,M30,2025-04-28 15:00:00,1745852400,35980.0,35980.0,35900.0,35905.0,0,0,15,2025-04-27/2025-05-03,3181
1298,-1066,MNK,MNKM25,M30,2025-04-28 15:30:00,1745854200,35875.0,35885.0,35875.0,35885.0,0,0,2,2025-04-27/2025-05-03,3181
1299,-1065,MNK,MNKM25,M30,2025-04-28 19:00:00,1745866800,35945.0,35945.0,35935.0,35935.0,0,0,2,2025-04-27/2025-05-03,3181
1300,-1064,MNK,MNKM25,M30,2025-04-28 19:30:00,1745868600,36020.0,36020.0,36005.0,36010.0,0,0,5,2025-04-27/2025-05-03,3181
1301,-1063,MNK,MNKM25,M30,2025-04-28 20:00:00,1745870400,36005.0,36005.0,36005.0,36005.0,0,0,0,2025-04-27/2025-05-03,3181
1302,-1062,MNK,MNKM25,M30,2025-04-28 20:30:00,1745872200,35965.0,35980.0,35965.0,35970.0,0,0,4,2025-04-27/2025-05-03,3181
1303,-1061,MNK,MNKM25,M30,2025-04-28 23:30:00,1745883000,36010.0,36035.0,36010.0,36035.0,0,0,3,2025-04-27/2025-05-03,3181
1304,-1060,MNK,MNKM25,M30,2025-04-29 00:00:00,1745884800,35995.0,35995.0,35995.0,35995.0,0,0,1,2025-04-27/2025-05-03,3181
1305,-1059,MNK,MNKM25,M30,2025-04-29 00:30:00,1745886600,36010.0,36010.0,36010.0,36010.0,0,0,1,2025-04-27/2025-05-03,3181
1306,-1058,MNK,MNKM25,M30,2025-04-29 01:00:00,1745888400,35980.0,35980.0,35980.0,35980.0,0,0,1,2025-04-27/2025-05-03,3181
1307,-1057,MNK,MNKM25,M30,2025-04-29 02:00:00,1745892000,36065.0,36070.0,36060.0,36060.0,0,0,3,2025-04-27/2025-05-03,3181
1308,-1056,MNK,MNKM25,M30,2025-04-29 03:00:00,1745895600,36100.0,36100.0,36100.0,36100.0,0,0,1,2025-04-27/2025-05-03,3181
1309,-1055,MNK,MNKM25,M30,2025-04-29 03:30:00,1745897400,36135.0,36140.0,36135.0,36140.0,0,0,2,2025-04-27/2025-05-03,3181
1310,-1054,MNK,MNKM25,M30,2025-04-29 06:00:00,1745906400,36140.0,36140.0,36140.0,36140.0,0,0,1,2025-04-27/2025-05-03,3181
1311,-1053,MNK,MNKM25,M30,2025-04-29 06:30:00,1745908200,36160.0,36160.0,36145.0,36145.0,0,0,5,2025-04-27/2025-05-03,3181
1312,-1052,MNK,MNKM25,M30,2025-04-29 07:00:00,1745910000,36120.0,36165.0,36120.0,36165.0,0,0,2,2025-04-27/2025-05-03,3181
1313,-1051,MNK,MNKM25,M30,2025-04-29 08:00:00,1745913600,36180.0,36180.0,36150.0,36150.0,0,0,2,2025-04-27/2025-05-03,3181
1314,-1050,MNK,MNKM25,M30,2025-04-29 08:30:00,1745915400,36185.0,36185.0,36185.0,36185.0,0,0,1,2025-04-27/2025-05-03,3181
1315,-1049,MNK,MNKM25,M30,2025-04-29 11:30:00,1745926200,36140.0,36140.0,36135.0,36135.0,0,0,2,2025-04-27/2025-05-03,3181
1316,-1048,MNK,MNKM25,M30,2025-04-29 12:30:00,1745929800,36115.0,36125.0,36015.0,36015.0,0,0,35,2025-04-27/2025-05-03,3181
1317,-1047,MNK,MNKM25,M30,2025-04-29 13:00:00,1745931600,36000.0,36000.0,35935.0,35975.0,0,0,8,2025-04-27/2025-05-03,3181
1318,-1046,MNK,MNKM25,M30,2025-04-29 13:30:00,1745933400,36030.0,36095.0,36030.0,36050.0,0,0,63,2025-04-27/2025-05-03,3181
1319,-1045,MNK,MNKM25,M30,2025-04-29 14:00:00,1745935200,36110.0,36125.0,36065.0,36070.0,0,0,95,2025-04-27/2025-05-03,3181
1320,-1044,MNK,MNKM25,M30,2025-04-29 14:30:00,1745937000,36015.0,36095.0,36000.0,36095.0,0,0,3,2025-04-27/2025-05-03,3181
1321,-1043,MNK,MNKM25,M30,2025-04-29 15:00:00,1745938800,36050.0,36050.0,36050.0,36050.0,0,0,1,2025-04-27/2025-05-03,3181
1322,-1042,MNK,MNKM25,M30,2025-04-29 16:00:00,1745942400,36130.0,36130.0,36130.0,36130.0,0,0,1,2025-04-27/2025-05-03,3181
1323,-1041,MNK,MNKM25,M30,2025-04-29 16:30:00,1745944200,36000.0,36000.0,36000.0,36000.0,0,0,1,2025-04-27/2025-05-03,3181
1324,-1040,MNK,MNKM25,M30,2025-04-29 17:30:00,1745947800,36170.0,36225.0,36170.0,36225.0,0,0,59,2025-04-27/2025-05-03,3181
1325,-1039,MNK,MNKM25,M30,2025-04-29 18:30:00,1745951400,36210.0,36210.0,36195.0,36195.0,0,0,3,2025-04-27/2025-05-03,3181
1326,-1038,MNK,MNKM25,M30,2025-04-29 19:00:00,1745953200,36175.0,36195.0,36135.0,36195.0,0,0,67,2025-04-27/2025-05-03,3181
1327,-1037,MNK,MNKM25,M30,2025-04-29 19:30:00,1745955000,36170.0,36170.0,36165.0,36170.0,0,0,6,2025-04-27/2025-05-03,3181
1328,-1036,MNK,MNKM25,M30,2025-04-29 20:00:00,1745956800,36155.0,36165.0,36140.0,36140.0,0,0,3,2025-04-27/2025-05-03,3181
1329,-1035,MNK,MNKM25,M30,2025-04-29 20:30:00,1745958600,36100.0,36100.0,36095.0,36095.0,0,0,2,2025-04-27/2025-05-03,3181
1330,-1034,MNK,MNKM25,M30,2025-04-29 22:00:00,1745964000,36120.0,36120.0,36120.0,36120.0,0,0,1,2025-04-27/2025-05-03,3181
1331,-1033,MNK,MNKM25,M30,2025-04-29 22:30:00,1745965800,36110.0,36110.0,36110.0,36110.0,0,0,1,2025-04-27/2025-05-03,3181
1332,-1032,MNK,MNKM25,M30,2025-04-29 23:00:00,1745967600,36090.0,36090.0,36090.0,36090.0,0,0,4,2025-04-27/2025-05-03,3181
1333,-1031,MNK,MNKM25,M30,2025-04-29 23:30:00,1745969400,36040.0,36040.0,36020.0,36020.0,0,0,8,2025-04-27/2025-05-03,3181
1334,-1030,MNK,MNKM25,M30,2025-04-30 00:00:00,1745971200,36045.0,36100.0,35930.0,35935.0,0,0,49,2025-04-27/2025-05-03,3181
1335,-1029,MNK,MNKM25,M30,2025-04-30 00:30:00,1745973000,35920.0,35980.0,35905.0,35980.0,0,0,12,2025-04-27/2025-05-03,3181
1336,-1028,MNK,MNKM25,M30,2025-04-30 01:00:00,1745974800,36010.0,36010.0,36010.0,36010.0,0,0,1,2025-04-27/2025-05-03,3181
1337,-1027,MNK,MNKM25,M30,2025-04-30 01:30:00,1745976600,35930.0,35965.0,35915.0,35965.0,0,0,6,2025-04-27/2025-05-03,3181
1338,-1026,MNK,MNKM25,M30,2025-04-30 02:00:00,1745978400,35950.0,35985.0,35950.0,35965.0,0,0,9,2025-04-27/2025-05-03,3181
1339,-1025,MNK,MNKM25,M30,2025-04-30 03:00:00,1745982000,35930.0,35930.0,35920.0,35920.0,0,0,4,2025-04-27/2025-05-03,3181
1340,-1024,MNK,MNKM25,M30,2025-04-30 03:30:00,1745983800,35945.0,35970.0,35945.0,35970.0,0,0,11,2025-04-27/2025-05-03,3181
1341,-1023,MNK,MNKM25,M30,2025-04-30 04:00:00,1745985600,35990.0,36020.0,35990.0,36020.0,0,0,12,2025-04-27/2025-05-03,3181
1342,-1022,MNK,MNKM25,M30,2025-04-30 04:30:00,1745987400,35990.0,35990.0,35990.0,35990.0,0,0,2,2025-04-27/2025-05-03,3181
1343,-1021,MNK,MNKM25,M30,2025-04-30 05:00:00,1745989200,36035.0,36040.0,36035.0,36040.0,0,0,14,2025-04-27/2025-05-03,3181
1344,-1020,MNK,MNKM25,M30,2025-04-30 05:30:00,1745991000,36050.0,36095.0,36050.0,36095.0,0,0,7,2025-04-27/2025-05-03,3181
1345,-1019,MNK,MNKM25,M30,2025-04-30 06:00:00,1745992800,36090.0,36090.0,36090.0,36090.0,0,0,2,2025-04-27/2025-05-03,3181
1346,-1018,MNK,MNKM25,M30,2025-04-30 06:30:00,1745994600,36090.0,36090.0,36090.0,36090.0,0,0,1,2025-04-27/2025-05-03,3181
1347,-1017,MNK,MNKM25,M30,2025-04-30 07:00:00,1745996400,36135.0,36135.0,36135.0,36135.0,0,0,1,2025-04-27/2025-05-03,3181
1348,-1016,MNK,MNKM25,M30,2025-04-30 08:00:00,1746000000,36160.0,36175.0,36140.0,36175.0,0,0,8,2025-04-27/2025-05-03,3181
1349,-1015,MNK,MNKM25,M30,2025-04-30 08:30:00,1746001800,36130.0,36130.0,36130.0,36130.0,0,0,1,2025-04-27/2025-05-03,3181
1350,-1014,MNK,MNKM25,M30,2025-04-30 11:30:00,1746012600,36115.0,36115.0,36115.0,36115.0,0,0,1,2025-04-27/2025-05-03,3181
1351,-1013,MNK,MNKM25,M30,2025-04-30 12:00:00,1746014400,36010.0,36020.0,35970.0,35970.0,0,0,18,2025-04-27/2025-05-03,3181
1352,-1012,MNK,MNKM25,M30,2025-04-30 12:30:00,1746016200,35820.0,35855.0,35820.0,35855.0,0,0,9,2025-04-27/2025-05-03,3181
1353,-1011,MNK,MNKM25,M30,2025-04-30 13:30:00,1746019800,35865.0,35865.0,35810.0,35810.0,0,0,10,2025-04-27/2025-05-03,3181
1354,-1010,MNK,MNKM25,M30,2025-04-30 14:30:00,1746023400,35900.0,35900.0,35880.0,35880.0,0,0,2,2025-04-27/2025-05-03,3181
1355,-1009,MNK,MNKM25,M30,2025-04-30 15:00:00,1746025200,35950.0,35950.0,35950.0,35950.0,0,0,10,2025-04-27/2025-05-03,3181
1356,-1008,MNK,MNKM25,M30,2025-04-30 15:30:00,1746027000,35980.0,36045.0,35980.0,35990.0,0,0,74,2025-04-27/2025-05-03,3181
1357,-1007,MNK,MNKM25,M30,2025-04-30 17:00:00,1746032400,35965.0,36070.0,35965.0,36070.0,0,0,5,2025-04-27/2025-05-03,3181
1358,-1006,MNK,MNKM25,M30,2025-04-30 18:00:00,1746036000,36110.0,36220.0,36110.0,36165.0,0,0,111,2025-04-27/2025-05-03,3181
1359,-1005,MNK,MNKM25,M30,2025-04-30 18:30:00,1746037800,36145.0,36145.0,36145.0,36145.0,0,0,1,2025-04-27/2025-05-03,3181
1360,-1004,MNK,MNKM25,M30,2025-04-30 19:30:00,1746041400,36125.0,36290.0,36115.0,36200.0,0,0,85,2025-04-27/2025-05-03,3181
1361,-1003,MNK,MNKM25,M30,2025-04-30 20:00:00,1746043200,36195.0,36375.0,36195.0,36375.0,0,0,74,2025-04-27/2025-05-03,3181
1362,-1002,MNK,MNKM25,M30,2025-04-30 20:30:00,1746045000,36365.0,36365.0,36315.0,36315.0,0,0,12,2025-04-27/2025-05-03,3181
1363,-1001,MNK,MNKM25,M30,2025-04-30 22:00:00,1746050400,36390.0,36390.0,36365.0,36365.0,0,0,6,2025-04-27/2025-05-03,3181
1364,-1000,MNK,MNKM25,M30,2025-04-30 23:00:00,1746054000,36355.0,36360.0,36355.0,36360.0,0,0,2,2025-04-27/2025-05-03,3181
1365,-999,MNK,MNKM25,M30,2025-05-01 00:00:00,1746057600,36260.0,36415.0,36260.0,36355.0,0,0,32,2025-04-27/2025-05-03,3181
1366,-998,MNK,MNKM25,M30,2025-05-01 00:30:00,1746059400,36320.0,36320.0,36210.0,36215.0,0,0,9,2025-04-27/2025-05-03,3181
1367,-997,MNK,MNKM25,M30,2025-05-01 01:00:00,1746061200,36180.0,36260.0,36145.0,36260.0,0,0,6,2025-04-27/2025-05-03,3181
1368,-996,MNK,MNKM25,M30,2025-05-01 01:30:00,1746063000,36250.0,36250.0,36245.0,36245.0,0,0,2,2025-04-27/2025-05-03,3181
1369,-995,MNK,MNKM25,M30,2025-05-01 02:00:00,1746064800,36305.0,36335.0,36305.0,36335.0,0,0,4,2025-04-27/2025-05-03,3181
1370,-994,MNK,MNKM25,M30,2025-05-01 02:30:00,1746066600,36345.0,36345.0,36295.0,36295.0,0,0,6,2025-04-27/2025-05-03,3181
1371,-993,MNK,MNKM25,M30,2025-05-01 03:00:00,1746068400,36325.0,36380.0,36325.0,36365.0,0,0,101,2025-04-27/2025-05-03,3181
1372,-992,MNK,MNKM25,M30,2025-05-01 03:30:00,1746070200,36335.0,36455.0,36335.0,36455.0,0,0,119,2025-04-27/2025-05-03,3181
1373,-991,MNK,MNKM25,M30,2025-05-01 04:00:00,1746072000,36470.0,36470.0,36460.0,36460.0,0,0,3,2025-04-27/2025-05-03,3181
1374,-990,MNK,MNKM25,M30,2025-05-01 04:30:00,1746073800,36485.0,36500.0,36485.0,36500.0,0,0,2,2025-04-27/2025-05-03,3181
1375,-989,MNK,MNKM25,M30,2025-05-01 05:00:00,1746075600,36515.0,36550.0,36515.0,36550.0,0,0,38,2025-04-27/2025-05-03,3181
1376,-988,MNK,MNKM25,M30,2025-05-01 05:30:00,1746077400,36570.0,36585.0,36545.0,36545.0,0,0,10,2025-04-27/2025-05-03,3181
1377,-987,MNK,MNKM25,M30,2025-05-01 06:00:00,1746079200,36510.0,36510.0,36505.0,36505.0,0,0,12,2025-04-27/2025-05-03,3181
1378,-986,MNK,MNKM25,M30,2025-05-01 06:30:00,1746081000,36610.0,36610.0,36610.0,36610.0,0,0,1,2025-04-27/2025-05-03,3181
1379,-985,MNK,MNKM25,M30,2025-05-01 07:00:00,1746082800,36620.0,36690.0,36620.0,36690.0,0,0,4,2025-04-27/2025-05-03,3181
1380,-984,MNK,MNKM25,M30,2025-05-01 07:30:00,1746084600,36675.0,36675.0,36675.0,36675.0,0,0,1,2025-04-27/2025-05-03,3181
1381,-983,MNK,MNKM25,M30,2025-05-01 08:00:00,1746086400,36665.0,36700.0,36640.0,36700.0,0,0,46,2025-04-27/2025-05-03,3181
1382,-982,MNK,MNKM25,M30,2025-05-01 08:30:00,1746088200,36675.0,36675.0,36675.0,36675.0,0,0,1,2025-04-27/2025-05-03,3181
1383,-981,MNK,MNKM25,M30,2025-05-01 09:00:00,1746090000,36760.0,36760.0,36755.0,36755.0,0,0,2,2025-04-27/2025-05-03,3181
1384,-980,MNK,MNKM25,M30,2025-05-01 09:30:00,1746091800,36785.0,36860.0,36785.0,36860.0,0,0,19,2025-04-27/2025-05-03,3181
1385,-979,MNK,MNKM25,M30,2025-05-01 11:00:00,1746097200,36785.0,36790.0,36785.0,36790.0,0,0,7,2025-04-27/2025-05-03,3181
1386,-978,MNK,MNKM25,M30,2025-05-01 11:30:00,1746099000,36810.0,36890.0,36810.0,36890.0,0,0,29,2025-04-27/2025-05-03,3181
1387,-977,MNK,MNKM25,M30,2025-05-01 12:00:00,1746100800,36915.0,36920.0,36865.0,36865.0,0,0,8,2025-04-27/2025-05-03,3181
1388,-976,MNK,MNKM25,M30,2025-05-01 12:30:00,1746102600,36835.0,36835.0,36785.0,36785.0,0,0,21,2025-04-27/2025-05-03,3181
1389,-975,MNK,MNKM25,M30,2025-05-01 13:30:00,1746106200,36875.0,36885.0,36770.0,36770.0,0,0,68,2025-04-27/2025-05-03,3181
1390,-974,MNK,MNKM25,M30,2025-05-01 14:00:00,1746108000,36740.0,36950.0,36740.0,36950.0,0,0,19,2025-04-27/2025-05-03,3181
1391,-973,MNK,MNKM25,M30,2025-05-01 14:30:00,1746109800,36990.0,37060.0,36990.0,37050.0,0,0,9,2025-04-27/2025-05-03,3181
1392,-972,MNK,MNKM25,M30,2025-05-01 15:00:00,1746111600,37025.0,37130.0,37025.0,37130.0,0,0,183,2025-04-27/2025-05-03,3181
1393,-971,MNK,MNKM25,M30,2025-05-01 15:30:00,1746113400,37045.0,37050.0,37030.0,37030.0,0,0,11,2025-04-27/2025-05-03,3181
1394,-970,MNK,MNKM25,M30,2025-05-01 16:30:00,1746117000,37000.0,37000.0,36950.0,36950.0,0,0,5,2025-04-27/2025-05-03,3181
1395,-969,MNK,MNKM25,M30,2025-05-01 17:00:00,1746118800,37070.0,37070.0,37070.0,37070.0,0,0,1,2025-04-27/2025-05-03,3181
1396,-968,MNK,MNKM25,M30,2025-05-01 17:30:00,1746120600,37050.0,37050.0,37025.0,37025.0,0,0,3,2025-04-27/2025-05-03,3181
1397,-967,MNK,MNKM25,M30,2025-05-01 18:00:00,1746122400,37085.0,37120.0,37085.0,37100.0,0,0,25,2025-04-27/2025-05-03,3181
1398,-966,MNK,MNKM25,M30,2025-05-01 18:30:00,1746124200,37120.0,37125.0,37110.0,37120.0,0,0,77,2025-04-27/2025-05-03,3181
1399,-965,MNK,MNKM25,M30,2025-05-01 19:00:00,1746126000,37080.0,37080.0,37080.0,37080.0,0,0,2,2025-04-27/2025-05-03,3181
1400,-964,MNK,MNKM25,M30,2025-05-01 19:30:00,1746127800,37095.0,37100.0,37065.0,37065.0,0,0,3,2025-04-27/2025-05-03,3181
1401,-963,MNK,MNKM25,M30,2025-05-01 20:00:00,1746129600,36970.0,36980.0,36805.0,36805.0,0,0,60,2025-04-27/2025-05-03,3181
1402,-962,MNK,MNKM25,M30,2025-05-01 20:30:00,1746131400,36860.0,36900.0,36790.0,36810.0,0,0,47,2025-04-27/2025-05-03,3181
1403,-961,MNK,MNKM25,M30,2025-05-01 22:00:00,1746136800,36780.0,36790.0,36780.0,36790.0,0,0,2,2025-04-27/2025-05-03,3181
1404,-960,MNK,MNKM25,M30,2025-05-01 22:30:00,1746138600,36810.0,36820.0,36810.0,36810.0,0,0,6,2025-04-27/2025-05-03,3181
1405,-959,MNK,MNKM25,M30,2025-05-01 23:00:00,1746140400,36840.0,36895.0,36840.0,36895.0,0,0,2,2025-04-27/2025-05-03,3181
1406,-958,MNK,MNKM25,M30,2025-05-01 23:30:00,1746142200,36830.0,36830.0,36790.0,36795.0,0,0,6,2025-04-27/2025-05-03,3181
1407,-957,MNK,MNKM25,M30,2025-05-02 00:00:00,1746144000,36740.0,36995.0,36740.0,36995.0,0,0,8,2025-04-27/2025-05-03,3181
1408,-956,MNK,MNKM25,M30,2025-05-02 00:30:00,1746145800,36945.0,37080.0,36940.0,37080.0,0,0,59,2025-04-27/2025-05-03,3181
1409,-955,MNK,MNKM25,M30,2025-05-02 01:00:00,1746147600,37000.0,37005.0,36915.0,36935.0,0,0,21,2025-04-27/2025-05-03,3181
1410,-954,MNK,MNKM25,M30,2025-05-02 01:30:00,1746149400,36950.0,36950.0,36800.0,36800.0,0,0,21,2025-04-27/2025-05-03,3181
1411,-953,MNK,MNKM25,M30,2025-05-02 02:00:00,1746151200,36795.0,36795.0,36775.0,36780.0,0,0,5,2025-04-27/2025-05-03,3181
1412,-952,MNK,MNKM25,M30,2025-05-02 02:30:00,1746153000,36830.0,36830.0,36790.0,36790.0,0,0,6,2025-04-27/2025-05-03,3181
1413,-951,MNK,MNKM25,M30,2025-05-02 03:00:00,1746154800,36780.0,36800.0,36770.0,36800.0,0,0,4,2025-04-27/2025-05-03,3181
1414,-950,MNK,MNKM25,M30,2025-05-02 03:30:00,1746156600,36735.0,36735.0,36730.0,36730.0,0,0,2,2025-04-27/2025-05-03,3181
1415,-949,MNK,MNKM25,M30,2025-05-02 04:00:00,1746158400,36855.0,36925.0,36855.0,36925.0,0,0,38,2025-04-27/2025-05-03,3181
1416,-948,MNK,MNKM25,M30,2025-05-02 04:30:00,1746160200,36970.0,36985.0,36965.0,36985.0,0,0,5,2025-04-27/2025-05-03,3181
1417,-947,MNK,MNKM25,M30,2025-05-02 05:00:00,1746162000,36990.0,36995.0,36970.0,36995.0,0,0,12,2025-04-27/2025-05-03,3181
1418,-946,MNK,MNKM25,M30,2025-05-02 05:30:00,1746163800,36970.0,36990.0,36970.0,36990.0,0,0,3,2025-04-27/2025-05-03,3181
1419,-945,MNK,MNKM25,M30,2025-05-02 06:00:00,1746165600,36965.0,36965.0,36890.0,36890.0,0,0,8,2025-04-27/2025-05-03,3181
1420,-944,MNK,MNKM25,M30,2025-05-02 06:30:00,1746167400,36920.0,36920.0,36885.0,36895.0,0,0,10,2025-04-27/2025-05-03,3181
1421,-943,MNK,MNKM25,M30,2025-05-02 07:00:00,1746169200,36880.0,36900.0,36880.0,36900.0,0,0,7,2025-04-27/2025-05-03,3181
1422,-942,MNK,MNKM25,M30,2025-05-02 07:30:00,1746171000,36940.0,36940.0,36940.0,36940.0,0,0,1,2025-04-27/2025-05-03,3181
1423,-941,MNK,MNKM25,M30,2025-05-02 08:00:00,1746172800,36915.0,36915.0,36855.0,36855.0,0,0,4,2025-04-27/2025-05-03,3181
1424,-940,MNK,MNKM25,M30,2025-05-02 08:30:00,1746174600,36820.0,36820.0,36800.0,36810.0,0,0,20,2025-04-27/2025-05-03,3181
1425,-939,MNK,MNKM25,M30,2025-05-02 09:00:00,1746176400,36780.0,36780.0,36760.0,36775.0,0,0,68,2025-04-27/2025-05-03,3181
1426,-938,MNK,MNKM25,M30,2025-05-02 10:30:00,1746181800,36810.0,36845.0,36810.0,36845.0,0,0,8,2025-04-27/2025-05-03,3181
1427,-937,MNK,MNKM25,M30,2025-05-02 12:00:00,1746187200,36795.0,36795.0,36770.0,36770.0,0,0,6,2025-04-27/2025-05-03,3181
1428,-936,MNK,MNKM25,M30,2025-05-02 12:30:00,1746189000,36880.0,37000.0,36880.0,37000.0,0,0,59,2025-04-27/2025-05-03,3181
1429,-935,MNK,MNKM25,M30,2025-05-02 13:00:00,1746190800,36900.0,36905.0,36900.0,36905.0,0,0,2,2025-04-27/2025-05-03,3181
1430,-934,MNK,MNKM25,M30,2025-05-02 13:30:00,1746192600,36940.0,36940.0,36765.0,36800.0,0,0,127,2025-04-27/2025-05-03,3181
1431,-933,MNK,MNKM25,M30,2025-05-02 14:00:00,1746194400,36945.0,36945.0,36945.0,36945.0,0,0,1,2025-04-27/2025-05-03,3181
1432,-932,MNK,MNKM25,M30,2025-05-02 14:30:00,1746196200,36980.0,36980.0,36980.0,36980.0,0,0,1,2025-04-27/2025-05-03,3181
1433,-931,MNK,MNKM25,M30,2025-05-02 15:00:00,1746198000,37070.0,37085.0,37070.0,37085.0,0,0,2,2025-04-27/2025-05-03,3181
1434,-930,MNK,MNKM25,M30,2025-05-02 15:30:00,1746199800,37000.0,37030.0,37000.0,37030.0,0,0,12,2025-04-27/2025-05-03,3181
1435,-929,MNK,MNKM25,M30,2025-05-02 16:00:00,1746201600,37030.0,37175.0,37030.0,37145.0,0,0,144,2025-04-27/2025-05-03,3181
1436,-928,MNK,MNKM25,M30,2025-05-02 16:30:00,1746203400,37145.0,37145.0,37110.0,37110.0,0,0,2,2025-04-27/2025-05-03,3181
1437,-927,MNK,MNKM25,M30,2025-05-02 17:30:00,1746207000,37150.0,37150.0,37150.0,37150.0,0,0,1,2025-04-27/2025-05-03,3181
1438,-926,MNK,MNKM25,M30,2025-05-02 18:00:00,1746208800,37175.0,37200.0,37175.0,37200.0,0,0,5,2025-04-27/2025-05-03,3181
1439,-925,MNK,MNKM25,M30,2025-05-02 19:30:00,1746214200,37245.0,37290.0,37245.0,37260.0,0,0,55,2025-04-27/2025-05-03,3181
1440,-924,MNK,MNKM25,M30,2025-05-02 20:00:00,1746216000,37280.0,37310.0,37280.0,37290.0,0,0,4,2025-04-27/2025-05-03,3181
1441,-923,MNK,MNKM25,M30,2025-05-02 20:30:00,1746217800,37260.0,37280.0,37260.0,37265.0,0,0,9,2025-04-27/2025-05-03,3181
1442,-922,MNK,MNKM25,M30,2025-05-04 22:00:00,1746396000,37200.0,37200.0,37200.0,37200.0,0,0,1,2025-05-04/2025-05-10,3289
1443,-921,MNK,MNKM25,M30,2025-05-04 22:30:00,1746397800,37200.0,37200.0,37175.0,37175.0,0,0,19,2025-05-04/2025-05-10,3289
1444,-920,MNK,MNKM25,M30,2025-05-04 23:30:00,1746401400,37165.0,37165.0,37070.0,37105.0,0,0,25,2025-05-04/2025-05-10,3289
1445,-919,MNK,MNKM25,M30,2025-05-05 00:00:00,1746403200,37150.0,37150.0,37130.0,37130.0,0,0,2,2025-05-04/2025-05-10,3289
1446,-918,MNK,MNKM25,M30,2025-05-05 00:30:00,1746405000,37175.0,37205.0,37175.0,37205.0,0,0,16,2025-05-04/2025-05-10,3289
1447,-917,MNK,MNKM25,M30,2025-05-05 01:00:00,1746406800,37165.0,37165.0,37075.0,37075.0,0,0,16,2025-05-04/2025-05-10,3289
1448,-916,MNK,MNKM25,M30,2025-05-05 01:30:00,1746408600,37085.0,37105.0,37010.0,37010.0,0,0,8,2025-05-04/2025-05-10,3289
1449,-915,MNK,MNKM25,M30,2025-05-05 02:30:00,1746412200,37040.0,37040.0,37040.0,37040.0,0,0,4,2025-05-04/2025-05-10,3289
1450,-914,MNK,MNKM25,M30,2025-05-05 03:00:00,1746414000,37045.0,37045.0,37045.0,37045.0,0,0,1,2025-05-04/2025-05-10,3289
1451,-913,MNK,MNKM25,M30,2025-05-05 04:00:00,1746417600,37020.0,37020.0,37020.0,37020.0,0,0,1,2025-05-04/2025-05-10,3289
1452,-912,MNK,MNKM25,M30,2025-05-05 06:00:00,1746424800,37120.0,37120.0,37120.0,37120.0,0,0,1,2025-05-04/2025-05-10,3289
1453,-911,MNK,MNKM25,M30,2025-05-05 06:30:00,1746426600,37125.0,37135.0,37100.0,37100.0,0,0,7,2025-05-04/2025-05-10,3289
1454,-910,MNK,MNKM25,M30,2025-05-05 07:00:00,1746428400,37060.0,37060.0,37060.0,37060.0,0,0,1,2025-05-04/2025-05-10,3289
1455,-909,MNK,MNKM25,M30,2025-05-05 07:30:00,1746430200,37080.0,37095.0,37060.0,37095.0,0,0,35,2025-05-04/2025-05-10,3289
1456,-908,MNK,MNKM25,M30,2025-05-05 09:00:00,1746435600,37090.0,37090.0,37090.0,37090.0,0,0,1,2025-05-04/2025-05-10,3289
1457,-907,MNK,MNKM25,M30,2025-05-05 10:30:00,1746441000,37060.0,37060.0,37060.0,37060.0,0,0,2,2025-05-04/2025-05-10,3289
1458,-906,MNK,MNKM25,M30,2025-05-05 11:30:00,1746444600,37115.0,37115.0,37115.0,37115.0,0,0,2,2025-05-04/2025-05-10,3289
1459,-905,MNK,MNKM25,M30,2025-05-05 13:00:00,1746450000,37105.0,37105.0,37105.0,37105.0,0,0,1,2025-05-04/2025-05-10,3289
1460,-904,MNK,MNKM25,M30,2025-05-05 13:30:00,1746451800,37140.0,37140.0,37140.0,37140.0,0,0,2,2025-05-04/2025-05-10,3289
1461,-903,MNK,MNKM25,M30,2025-05-05 14:00:00,1746453600,37185.0,37240.0,37185.0,37220.0,0,0,11,2025-05-04/2025-05-10,3289
1462,-902,MNK,MNKM25,M30,2025-05-05 14:30:00,1746455400,37290.0,37295.0,37285.0,37290.0,0,0,44,2025-05-04/2025-05-10,3289
1463,-901,MNK,MNKM25,M30,2025-05-05 15:00:00,1746457200,37250.0,37250.0,37230.0,37230.0,0,0,19,2025-05-04/2025-05-10,3289
1464,-900,MNK,MNKM25,M30,2025-05-05 15:30:00,1746459000,37255.0,37305.0,37215.0,37305.0,0,0,31,2025-05-04/2025-05-10,3289
1465,-899,MNK,MNKM25,M30,2025-05-05 16:00:00,1746460800,37355.0,37355.0,37355.0,37355.0,0,0,1,2025-05-04/2025-05-10,3289
1466,-898,MNK,MNKM25,M30,2025-05-05 16:30:00,1746462600,37330.0,37375.0,37330.0,37375.0,0,0,4,2025-05-04/2025-05-10,3289
1467,-897,MNK,MNKM25,M30,2025-05-05 17:30:00,1746466200,37325.0,37325.0,37325.0,37325.0,0,0,3,2025-05-04/2025-05-10,3289
1468,-896,MNK,MNKM25,M30,2025-05-05 18:30:00,1746469800,37345.0,37345.0,37345.0,37345.0,0,0,1,2025-05-04/2025-05-10,3289
1469,-895,MNK,MNKM25,M30,2025-05-05 19:00:00,1746471600,37335.0,37335.0,37275.0,37280.0,0,0,8,2025-05-04/2025-05-10,3289
1470,-894,MNK,MNKM25,M30,2025-05-05 19:30:00,1746473400,37310.0,37310.0,37210.0,37225.0,0,0,50,2025-05-04/2025-05-10,3289
1471,-893,MNK,MNKM25,M30,2025-05-05 20:00:00,1746475200,37235.0,37235.0,37190.0,37190.0,0,0,5,2025-05-04/2025-05-10,3289
1472,-892,MNK,MNKM25,M30,2025-05-05 20:30:00,1746477000,37220.0,37220.0,37205.0,37215.0,0,0,5,2025-05-04/2025-05-10,3289
1473,-891,MNK,MNKM25,M30,2025-05-05 22:00:00,1746482400,37190.0,37190.0,37190.0,37190.0,0,0,1,2025-05-04/2025-05-10,3289
1474,-890,MNK,MNKM25,M30,2025-05-05 23:00:00,1746486000,37190.0,37190.0,37190.0,37190.0,0,0,1,2025-05-04/2025-05-10,3289
1475,-889,MNK,MNKM25,M30,2025-05-05 23:30:00,1746487800,37195.0,37195.0,37195.0,37195.0,0,0,2,2025-05-04/2025-05-10,3289
1476,-888,MNK,MNKM25,M30,2025-05-06 00:00:00,1746489600,37175.0,37175.0,37175.0,37175.0,0,0,1,2025-05-04/2025-05-10,3289
1477,-887,MNK,MNKM25,M30,2025-05-06 00:30:00,1746491400,37250.0,37250.0,37250.0,37250.0,0,0,1,2025-05-04/2025-05-10,3289
1478,-886,MNK,MNKM25,M30,2025-05-06 01:00:00,1746493200,37240.0,37240.0,37215.0,37215.0,0,0,2,2025-05-04/2025-05-10,3289
1479,-885,MNK,MNKM25,M30,2025-05-06 01:30:00,1746495000,37170.0,37195.0,37165.0,37195.0,0,0,6,2025-05-04/2025-05-10,3289
1480,-884,MNK,MNKM25,M30,2025-05-06 02:00:00,1746496800,37185.0,37185.0,37180.0,37180.0,0,0,3,2025-05-04/2025-05-10,3289
1481,-883,MNK,MNKM25,M30,2025-05-06 03:30:00,1746502200,37180.0,37180.0,37180.0,37180.0,0,0,1,2025-05-04/2025-05-10,3289
1482,-882,MNK,MNKM25,M30,2025-05-06 05:00:00,1746507600,37175.0,37175.0,37175.0,37175.0,0,0,5,2025-05-04/2025-05-10,3289
1483,-881,MNK,MNKM25,M30,2025-05-06 05:30:00,1746509400,37165.0,37165.0,37165.0,37165.0,0,0,2,2025-05-04/2025-05-10,3289
1484,-880,MNK,MNKM25,M30,2025-05-06 06:00:00,1746511200,37220.0,37220.0,37220.0,37220.0,0,0,1,2025-05-04/2025-05-10,3289
1485,-879,MNK,MNKM25,M30,2025-05-06 06:30:00,1746513000,37215.0,37215.0,37195.0,37195.0,0,0,6,2025-05-04/2025-05-10,3289
1486,-878,MNK,MNKM25,M30,2025-05-06 07:00:00,1746514800,37190.0,37190.0,37155.0,37155.0,0,0,5,2025-05-04/2025-05-10,3289
1487,-877,MNK,MNKM25,M30,2025-05-06 07:30:00,1746516600,37050.0,37070.0,37035.0,37070.0,0,0,4,2025-05-04/2025-05-10,3289
1488,-876,MNK,MNKM25,M30,2025-05-06 08:00:00,1746518400,37070.0,37075.0,36900.0,36910.0,0,0,86,2025-05-04/2025-05-10,3289
1489,-875,MNK,MNKM25,M30,2025-05-06 08:30:00,1746520200,36910.0,36910.0,36910.0,36910.0,0,0,3,2025-05-04/2025-05-10,3289
1490,-874,MNK,MNKM25,M30,2025-05-06 09:30:00,1746523800,36840.0,36890.0,36840.0,36890.0,0,0,4,2025-05-04/2025-05-10,3289
1491,-873,MNK,MNKM25,M30,2025-05-06 10:00:00,1746525600,36895.0,36915.0,36895.0,36915.0,0,0,2,2025-05-04/2025-05-10,3289
1492,-872,MNK,MNKM25,M30,2025-05-06 11:00:00,1746529200,36990.0,36990.0,36910.0,36920.0,0,0,70,2025-05-04/2025-05-10,3289
1493,-871,MNK,MNKM25,M30,2025-05-06 11:30:00,1746531000,36925.0,36925.0,36925.0,36925.0,0,0,4,2025-05-04/2025-05-10,3289
1494,-870,MNK,MNKM25,M30,2025-05-06 12:30:00,1746534600,36880.0,36880.0,36880.0,36880.0,0,0,3,2025-05-04/2025-05-10,3289
1495,-869,MNK,MNKM25,M30,2025-05-06 13:00:00,1746536400,36915.0,36915.0,36880.0,36885.0,0,0,12,2025-05-04/2025-05-10,3289
1496,-868,MNK,MNKM25,M30,2025-05-06 13:30:00,1746538200,36920.0,36920.0,36820.0,36850.0,0,0,103,2025-05-04/2025-05-10,3289
1497,-867,MNK,MNKM25,M30,2025-05-06 14:00:00,1746540000,36825.0,37025.0,36820.0,37025.0,0,0,36,2025-05-04/2025-05-10,3289
1498,-866,MNK,MNKM25,M30,2025-05-06 14:30:00,1746541800,37030.0,37030.0,37025.0,37025.0,0,0,12,2025-05-04/2025-05-10,3289
1499,-865,MNK,MNKM25,M30,2025-05-06 15:00:00,1746543600,37010.0,37010.0,37010.0,37010.0,0,0,1,2025-05-04/2025-05-10,3289
1500,-864,MNK,MNKM25,M30,2025-05-06 16:00:00,1746547200,36970.0,37050.0,36940.0,36955.0,0,0,73,2025-05-04/2025-05-10,3289
1501,-863,MNK,MNKM25,M30,2025-05-06 16:30:00,1746549000,36995.0,37005.0,36995.0,37005.0,0,0,29,2025-05-04/2025-05-10,3289
1502,-862,MNK,MNKM25,M30,2025-05-06 18:00:00,1746554400,36895.0,36900.0,36815.0,36890.0,0,0,37,2025-05-04/2025-05-10,3289
1503,-861,MNK,MNKM25,M30,2025-05-06 19:30:00,1746559800,36845.0,36845.0,36845.0,36845.0,0,0,1,2025-05-04/2025-05-10,3289
1504,-860,MNK,MNKM25,M30,2025-05-06 20:00:00,1746561600,36820.0,36820.0,36780.0,36780.0,0,0,7,2025-05-04/2025-05-10,3289
1505,-859,MNK,MNKM25,M30,2025-05-06 20:30:00,1746563400,36745.0,36745.0,36740.0,36740.0,0,0,3,2025-05-04/2025-05-10,3289
1506,-858,MNK,MNKM25,M30,2025-05-06 22:00:00,1746568800,37165.0,37215.0,37165.0,37215.0,0,0,3,2025-05-04/2025-05-10,3289
1507,-857,MNK,MNKM25,M30,2025-05-06 23:30:00,1746574200,37075.0,37090.0,37065.0,37080.0,0,0,7,2025-05-04/2025-05-10,3289
1508,-856,MNK,MNKM25,M30,2025-05-07 00:00:00,1746576000,37055.0,37055.0,36875.0,37025.0,0,0,193,2025-05-04/2025-05-10,3289
1509,-855,MNK,MNKM25,M30,2025-05-07 00:30:00,1746577800,37035.0,37035.0,36945.0,36945.0,0,0,5,2025-05-04/2025-05-10,3289
1510,-854,MNK,MNKM25,M30,2025-05-07 01:00:00,1746579600,36910.0,36910.0,36890.0,36890.0,0,0,6,2025-05-04/2025-05-10,3289
1511,-853,MNK,MNKM25,M30,2025-05-07 01:30:00,1746581400,36865.0,36940.0,36865.0,36925.0,0,0,76,2025-05-04/2025-05-10,3289
1512,-852,MNK,MNKM25,M30,2025-05-07 02:00:00,1746583200,36925.0,36930.0,36905.0,36905.0,0,0,13,2025-05-04/2025-05-10,3289
1513,-851,MNK,MNKM25,M30,2025-05-07 02:30:00,1746585000,36870.0,36870.0,36870.0,36870.0,0,0,1,2025-05-04/2025-05-10,3289
1514,-850,MNK,MNKM25,M30,2025-05-07 03:30:00,1746588600,36900.0,36955.0,36900.0,36955.0,0,0,11,2025-05-04/2025-05-10,3289
1515,-849,MNK,MNKM25,M30,2025-05-07 04:00:00,1746590400,36975.0,36975.0,36975.0,36975.0,0,0,1,2025-05-04/2025-05-10,3289
1516,-848,MNK,MNKM25,M30,2025-05-07 05:30:00,1746595800,36995.0,36995.0,36900.0,36900.0,0,0,20,2025-05-04/2025-05-10,3289
1517,-847,MNK,MNKM25,M30,2025-05-07 06:30:00,1746599400,36855.0,36855.0,36855.0,36855.0,0,0,1,2025-05-04/2025-05-10,3289
1518,-846,MNK,MNKM25,M30,2025-05-07 07:00:00,1746601200,36890.0,36890.0,36890.0,36890.0,0,0,2,2025-05-04/2025-05-10,3289
1519,-845,MNK,MNKM25,M30,2025-05-07 07:30:00,1746603000,36940.0,36940.0,36920.0,36920.0,0,0,7,2025-05-04/2025-05-10,3289
1520,-844,MNK,MNKM25,M30,2025-05-07 08:00:00,1746604800,36925.0,36945.0,36925.0,36940.0,0,0,4,2025-05-04/2025-05-10,3289
1521,-843,MNK,MNKM25,M30,2025-05-07 08:30:00,1746606600,37000.0,37000.0,36985.0,36990.0,0,0,36,2025-05-04/2025-05-10,3289
1522,-842,MNK,MNKM25,M30,2025-05-07 09:00:00,1746608400,36990.0,37005.0,36960.0,36960.0,0,0,3,2025-05-04/2025-05-10,3289
1523,-841,MNK,MNKM25,M30,2025-05-07 11:00:00,1746615600,36940.0,36940.0,36940.0,36940.0,0,0,20,2025-05-04/2025-05-10,3289
1524,-840,MNK,MNKM25,M30,2025-05-07 12:00:00,1746619200,36880.0,36880.0,36880.0,36880.0,0,0,14,2025-05-04/2025-05-10,3289
1525,-839,MNK,MNKM25,M30,2025-05-07 12:30:00,1746621000,36875.0,36890.0,36865.0,36870.0,0,0,15,2025-05-04/2025-05-10,3289
1526,-838,MNK,MNKM25,M30,2025-05-07 13:30:00,1746624600,36775.0,36820.0,36745.0,36805.0,0,0,84,2025-05-04/2025-05-10,3289
1527,-837,MNK,MNKM25,M30,2025-05-07 14:00:00,1746626400,36820.0,36855.0,36820.0,36855.0,0,0,3,2025-05-04/2025-05-10,3289
1528,-836,MNK,MNKM25,M30,2025-05-07 15:00:00,1746630000,36800.0,36800.0,36800.0,36800.0,0,0,1,2025-05-04/2025-05-10,3289
1529,-835,MNK,MNKM25,M30,2025-05-07 15:30:00,1746631800,36805.0,36820.0,36805.0,36820.0,0,0,3,2025-05-04/2025-05-10,3289
1530,-834,MNK,MNKM25,M30,2025-05-07 16:00:00,1746633600,36845.0,36845.0,36845.0,36845.0,0,0,10,2025-05-04/2025-05-10,3289
1531,-833,MNK,MNKM25,M30,2025-05-07 16:30:00,1746635400,36840.0,36840.0,36840.0,36840.0,0,0,1,2025-05-04/2025-05-10,3289
1532,-832,MNK,MNKM25,M30,2025-05-07 17:00:00,1746637200,36905.0,36935.0,36905.0,36935.0,0,0,15,2025-05-04/2025-05-10,3289
1533,-831,MNK,MNKM25,M30,2025-05-07 17:30:00,1746639000,36890.0,36905.0,36845.0,36845.0,0,0,28,2025-05-04/2025-05-10,3289
1534,-830,MNK,MNKM25,M30,2025-05-07 18:00:00,1746640800,36885.0,36885.0,36680.0,36770.0,0,0,14,2025-05-04/2025-05-10,3289
1535,-829,MNK,MNKM25,M30,2025-05-07 18:30:00,1746642600,36850.0,36950.0,36835.0,36950.0,0,0,25,2025-05-04/2025-05-10,3289
1536,-828,MNK,MNKM25,M30,2025-05-07 19:30:00,1746646200,36895.0,37145.0,36895.0,37035.0,0,0,75,2025-05-04/2025-05-10,3289
1537,-827,MNK,MNKM25,M30,2025-05-07 20:00:00,1746648000,37030.0,37035.0,36995.0,37035.0,0,0,12,2025-05-04/2025-05-10,3289
1538,-826,MNK,MNKM25,M30,2025-05-07 20:30:00,1746649800,36965.0,37025.0,36965.0,37025.0,0,0,3,2025-05-04/2025-05-10,3289
1539,-825,MNK,MNKM25,M30,2025-05-07 23:30:00,1746660600,36965.0,36965.0,36965.0,36965.0,0,0,1,2025-05-04/2025-05-10,3289
1540,-824,MNK,MNKM25,M30,2025-05-08 00:00:00,1746662400,37065.0,37065.0,36920.0,36920.0,0,0,3,2025-05-04/2025-05-10,3289
1541,-823,MNK,MNKM25,M30,2025-05-08 00:30:00,1746664200,36870.0,36960.0,36775.0,36960.0,0,0,31,2025-05-04/2025-05-10,3289
1542,-822,MNK,MNKM25,M30,2025-05-08 01:00:00,1746666000,36915.0,37015.0,36880.0,37015.0,0,0,61,2025-05-04/2025-05-10,3289
1543,-821,MNK,MNKM25,M30,2025-05-08 01:30:00,1746667800,37035.0,37045.0,37020.0,37020.0,0,0,6,2025-05-04/2025-05-10,3289
1544,-820,MNK,MNKM25,M30,2025-05-08 02:00:00,1746669600,37060.0,37065.0,37060.0,37060.0,0,0,3,2025-05-04/2025-05-10,3289
1545,-819,MNK,MNKM25,M30,2025-05-08 02:30:00,1746671400,37060.0,37115.0,37060.0,37115.0,0,0,2,2025-05-04/2025-05-10,3289
1546,-818,MNK,MNKM25,M30,2025-05-08 03:00:00,1746673200,37130.0,37190.0,37130.0,37190.0,0,0,27,2025-05-04/2025-05-10,3289
1547,-817,MNK,MNKM25,M30,2025-05-08 03:30:00,1746675000,37135.0,37135.0,37135.0,37135.0,0,0,1,2025-05-04/2025-05-10,3289
1548,-816,MNK,MNKM25,M30,2025-05-08 04:00:00,1746676800,37110.0,37110.0,37110.0,37110.0,0,0,10,2025-05-04/2025-05-10,3289
1549,-815,MNK,MNKM25,M30,2025-05-08 05:30:00,1746682200,37155.0,37155.0,37155.0,37155.0,0,0,1,2025-05-04/2025-05-10,3289
1550,-814,MNK,MNKM25,M30,2025-05-08 06:30:00,1746685800,37135.0,37215.0,37135.0,37215.0,0,0,11,2025-05-04/2025-05-10,3289
1551,-813,MNK,MNKM25,M30,2025-05-08 07:00:00,1746687600,37220.0,37220.0,37220.0,37220.0,0,0,1,2025-05-04/2025-05-10,3289
1552,-812,MNK,MNKM25,M30,2025-05-08 07:30:00,1746689400,37225.0,37225.0,37225.0,37225.0,0,0,2,2025-05-04/2025-05-10,3289
1553,-811,MNK,MNKM25,M30,2025-05-08 08:00:00,1746691200,37225.0,37265.0,37225.0,37260.0,0,0,14,2025-05-04/2025-05-10,3289
1554,-810,MNK,MNKM25,M30,2025-05-08 08:30:00,1746693000,37345.0,37350.0,37325.0,37350.0,0,0,3,2025-05-04/2025-05-10,3289
1555,-809,MNK,MNKM25,M30,2025-05-08 09:00:00,1746694800,37425.0,37435.0,37425.0,37425.0,0,0,10,2025-05-04/2025-05-10,3289
1556,-808,MNK,MNKM25,M30,2025-05-08 09:30:00,1746696600,37465.0,37490.0,37450.0,37490.0,0,0,18,2025-05-04/2025-05-10,3289
1557,-807,MNK,MNKM25,M30,2025-05-08 10:00:00,1746698400,37500.0,37500.0,37500.0,37500.0,0,0,21,2025-05-04/2025-05-10,3289
1558,-806,MNK,MNKM25,M30,2025-05-08 10:30:00,1746700200,37465.0,37505.0,37465.0,37505.0,0,0,12,2025-05-04/2025-05-10,3289
1559,-805,MNK,MNKM25,M30,2025-05-08 11:00:00,1746702000,37510.0,37510.0,37465.0,37465.0,0,0,64,2025-05-04/2025-05-10,3289
1560,-804,MNK,MNKM25,M30,2025-05-08 11:30:00,1746703800,37475.0,37475.0,37475.0,37475.0,0,0,1,2025-05-04/2025-05-10,3289
1561,-803,MNK,MNKM25,M30,2025-05-08 12:00:00,1746705600,37465.0,37465.0,37465.0,37465.0,0,0,2,2025-05-04/2025-05-10,3289
1562,-802,MNK,MNKM25,M30,2025-05-08 12:30:00,1746707400,37500.0,37500.0,37350.0,37380.0,0,0,117,2025-05-04/2025-05-10,3289
1563,-801,MNK,MNKM25,M30,2025-05-08 13:30:00,1746711000,37315.0,37325.0,37315.0,37325.0,0,0,4,2025-05-04/2025-05-10,3289
1564,-800,MNK,MNKM25,M30,2025-05-08 14:00:00,1746712800,37335.0,37405.0,37285.0,37400.0,0,0,46,2025-05-04/2025-05-10,3289
1565,-799,MNK,MNKM25,M30,2025-05-08 14:30:00,1746714600,37400.0,37400.0,37340.0,37340.0,0,0,15,2025-05-04/2025-05-10,3289
1566,-798,MNK,MNKM25,M30,2025-05-08 15:00:00,1746716400,37325.0,37560.0,37325.0,37520.0,0,0,229,2025-05-04/2025-05-10,3289
1567,-797,MNK,MNKM25,M30,2025-05-08 15:30:00,1746718200,37505.0,37675.0,37495.0,37655.0,0,0,48,2025-05-04/2025-05-10,3289
1568,-796,MNK,MNKM25,M30,2025-05-08 16:00:00,1746720000,37700.0,37700.0,37665.0,37665.0,0,0,12,2025-05-04/2025-05-10,3289
1569,-795,MNK,MNKM25,M30,2025-05-08 16:30:00,1746721800,37670.0,37720.0,37670.0,37720.0,0,0,13,2025-05-04/2025-05-10,3289
1570,-794,MNK,MNKM25,M30,2025-05-08 17:00:00,1746723600,37690.0,37705.0,37680.0,37680.0,0,0,27,2025-05-04/2025-05-10,3289
1571,-793,MNK,MNKM25,M30,2025-05-08 18:00:00,1746727200,37620.0,37620.0,37620.0,37620.0,0,0,2,2025-05-04/2025-05-10,3289
1572,-792,MNK,MNKM25,M30,2025-05-08 19:00:00,1746730800,37700.0,37730.0,37700.0,37720.0,0,0,92,2025-05-04/2025-05-10,3289
1573,-791,MNK,MNKM25,M30,2025-05-08 19:30:00,1746732600,37675.0,37675.0,37530.0,37530.0,0,0,115,2025-05-04/2025-05-10,3289
1574,-790,MNK,MNKM25,M30,2025-05-08 20:00:00,1746734400,37535.0,37535.0,37530.0,37530.0,0,0,10,2025-05-04/2025-05-10,3289
1575,-789,MNK,MNKM25,M30,2025-05-08 20:30:00,1746736200,37555.0,37555.0,37555.0,37555.0,0,0,1,2025-05-04/2025-05-10,3289
1576,-788,MNK,MNKM25,M30,2025-05-08 22:00:00,1746741600,37530.0,37530.0,37520.0,37520.0,0,0,2,2025-05-04/2025-05-10,3289
1577,-787,MNK,MNKM25,M30,2025-05-08 23:30:00,1746747000,37485.0,37540.0,37485.0,37540.0,0,0,13,2025-05-04/2025-05-10,3289
1578,-786,MNK,MNKM25,M30,2025-05-09 00:00:00,1746748800,37525.0,37555.0,37410.0,37430.0,0,0,52,2025-05-04/2025-05-10,3289
1579,-785,MNK,MNKM25,M30,2025-05-09 00:30:00,1746750600,37455.0,37475.0,37385.0,37390.0,0,0,39,2025-05-04/2025-05-10,3289
1580,-784,MNK,MNKM25,M30,2025-05-09 01:00:00,1746752400,37405.0,37470.0,37405.0,37470.0,0,0,16,2025-05-04/2025-05-10,3289
1581,-783,MNK,MNKM25,M30,2025-05-09 01:30:00,1746754200,37465.0,37465.0,37465.0,37465.0,0,0,1,2025-05-04/2025-05-10,3289
1582,-782,MNK,MNKM25,M30,2025-05-09 02:00:00,1746756000,37510.0,37550.0,37510.0,37550.0,0,0,2,2025-05-04/2025-05-10,3289
1583,-781,MNK,MNKM25,M30,2025-05-09 02:30:00,1746757800,37575.0,37590.0,37550.0,37550.0,0,0,4,2025-05-04/2025-05-10,3289
1584,-780,MNK,MNKM25,M30,2025-05-09 03:00:00,1746759600,37520.0,37520.0,37480.0,37515.0,0,0,5,2025-05-04/2025-05-10,3289
1585,-779,MNK,MNKM25,M30,2025-05-09 03:30:00,1746761400,37510.0,37550.0,37510.0,37550.0,0,0,23,2025-05-04/2025-05-10,3289
1586,-778,MNK,MNKM25,M30,2025-05-09 04:00:00,1746763200,37480.0,37550.0,37480.0,37550.0,0,0,2,2025-05-04/2025-05-10,3289
1587,-777,MNK,MNKM25,M30,2025-05-09 04:30:00,1746765000,37550.0,37590.0,37550.0,37590.0,0,0,3,2025-05-04/2025-05-10,3289
1588,-776,MNK,MNKM25,M30,2025-05-09 05:00:00,1746766800,37565.0,37625.0,37565.0,37580.0,0,0,6,2025-05-04/2025-05-10,3289
1589,-775,MNK,MNKM25,M30,2025-05-09 05:30:00,1746768600,37580.0,37645.0,37580.0,37645.0,0,0,41,2025-05-04/2025-05-10,3289
1590,-774,MNK,MNKM25,M30,2025-05-09 06:00:00,1746770400,37635.0,37635.0,37515.0,37515.0,0,0,4,2025-05-04/2025-05-10,3289
1591,-773,MNK,MNKM25,M30,2025-05-09 06:30:00,1746772200,37540.0,37540.0,37540.0,37540.0,0,0,20,2025-05-04/2025-05-10,3289
1592,-772,MNK,MNKM25,M30,2025-05-09 07:00:00,1746774000,37575.0,37610.0,37575.0,37610.0,0,0,31,2025-05-04/2025-05-10,3289
1593,-771,MNK,MNKM25,M30,2025-05-09 09:00:00,1746781200,37490.0,37490.0,37490.0,37490.0,0,0,3,2025-05-04/2025-05-10,3289
1594,-770,MNK,MNKM25,M30,2025-05-09 10:00:00,1746784800,37575.0,37575.0,37575.0,37575.0,0,0,1,2025-05-04/2025-05-10,3289
1595,-769,MNK,MNKM25,M30,2025-05-09 10:30:00,1746786600,37620.0,37635.0,37620.0,37635.0,0,0,32,2025-05-04/2025-05-10,3289
1596,-768,MNK,MNKM25,M30,2025-05-09 11:00:00,1746788400,37660.0,37720.0,37565.0,37600.0,0,0,108,2025-05-04/2025-05-10,3289
1597,-767,MNK,MNKM25,M30,2025-05-09 12:00:00,1746792000,37630.0,37630.0,37630.0,37630.0,0,0,1,2025-05-04/2025-05-10,3289
1598,-766,MNK,MNKM25,M30,2025-05-09 12:30:00,1746793800,37605.0,37680.0,37605.0,37650.0,0,0,91,2025-05-04/2025-05-10,3289
1599,-765,MNK,MNKM25,M30,2025-05-09 13:00:00,1746795600,37675.0,37675.0,37640.0,37640.0,0,0,14,2025-05-04/2025-05-10,3289
1600,-764,MNK,MNKM25,M30,2025-05-09 13:30:00,1746797400,37630.0,37630.0,37570.0,37570.0,0,0,3,2025-05-04/2025-05-10,3289
1601,-763,MNK,MNKM25,M30,2025-05-09 14:00:00,1746799200,37590.0,37590.0,37590.0,37590.0,0,0,1,2025-05-04/2025-05-10,3289
1602,-762,MNK,MNKM25,M30,2025-05-09 14:30:00,1746801000,37430.0,37490.0,37430.0,37470.0,0,0,6,2025-05-04/2025-05-10,3289
1603,-761,MNK,MNKM25,M30,2025-05-09 15:00:00,1746802800,37535.0,37535.0,37535.0,37535.0,0,0,10,2025-05-04/2025-05-10,3289
1604,-760,MNK,MNKM25,M30,2025-05-09 15:30:00,1746804600,37515.0,37520.0,37510.0,37520.0,0,0,10,2025-05-04/2025-05-10,3289
1605,-759,MNK,MNKM25,M30,2025-05-09 16:00:00,1746806400,37480.0,37480.0,37480.0,37480.0,0,0,1,2025-05-04/2025-05-10,3289
1606,-758,MNK,MNKM25,M30,2025-05-09 16:30:00,1746808200,37440.0,37440.0,37385.0,37400.0,0,0,36,2025-05-04/2025-05-10,3289
1607,-757,MNK,MNKM25,M30,2025-05-09 17:00:00,1746810000,37435.0,37485.0,37385.0,37485.0,0,0,98,2025-05-04/2025-05-10,3289
1608,-756,MNK,MNKM25,M30,2025-05-09 19:30:00,1746819000,37525.0,37525.0,37525.0,37525.0,0,0,1,2025-05-04/2025-05-10,3289
1609,-755,MNK,MNKM25,M30,2025-05-09 20:00:00,1746820800,37530.0,37530.0,37530.0,37530.0,0,0,0,2025-05-04/2025-05-10,3289
1610,-754,MNK,MNKM25,M30,2025-05-09 20:30:00,1746822600,37530.0,37535.0,37525.0,37535.0,0,0,7,2025-05-04/2025-05-10,3289
1611,-753,MNK,MNKM25,M30,2025-05-11 22:00:00,1747000800,37775.0,38000.0,37775.0,38000.0,0,0,10,2025-05-11/2025-05-17,1739
1612,-752,MNK,MNKM25,M30,2025-05-11 22:30:00,1747002600,37870.0,37900.0,37845.0,37900.0,0,0,5,2025-05-11/2025-05-17,1739
1613,-751,MNK,MNKM25,M30,2025-05-11 23:00:00,1747004400,37940.0,37945.0,37940.0,37945.0,0,0,10,2025-05-11/2025-05-17,1739
1614,-750,MNK,MNKM25,M30,2025-05-11 23:30:00,1747006200,37885.0,37885.0,37885.0,37885.0,0,0,1,2025-05-11/2025-05-17,1739
1615,-749,MNK,MNKM25,M30,2025-05-12 00:00:00,1747008000,37795.0,37795.0,37695.0,37695.0,0,0,5,2025-05-11/2025-05-17,1739
1616,-748,MNK,MNKM25,M30,2025-05-12 00:30:00,1747009800,37755.0,37770.0,37665.0,37665.0,0,0,5,2025-05-11/2025-05-17,1739
1617,-747,MNK,MNKM25,M30,2025-05-12 01:00:00,1747011600,37695.0,37730.0,37680.0,37680.0,0,0,6,2025-05-11/2025-05-17,1739
1618,-746,MNK,MNKM25,M30,2025-05-12 02:30:00,1747017000,37630.0,37630.0,37620.0,37620.0,0,0,3,2025-05-11/2025-05-17,1739
1619,-745,MNK,MNKM25,M30,2025-05-12 03:00:00,1747018800,37600.0,37600.0,37555.0,37555.0,0,0,7,2025-05-11/2025-05-17,1739
1620,-744,MNK,MNKM25,M30,2025-05-12 03:30:00,1747020600,37540.0,37560.0,37525.0,37545.0,0,0,37,2025-05-11/2025-05-17,1739
1621,-743,MNK,MNKM25,M30,2025-05-12 04:00:00,1747022400,37530.0,37580.0,37530.0,37565.0,0,0,47,2025-05-11/2025-05-17,1739
1622,-742,MNK,MNKM25,M30,2025-05-12 04:30:00,1747024200,37615.0,37665.0,37605.0,37665.0,0,0,25,2025-05-11/2025-05-17,1739
1623,-741,MNK,MNKM25,M30,2025-05-12 05:00:00,1747026000,37675.0,37695.0,37675.0,37695.0,0,0,15,2025-05-11/2025-05-17,1739
1624,-740,MNK,MNKM25,M30,2025-05-12 05:30:00,1747027800,37720.0,37745.0,37710.0,37740.0,0,0,10,2025-05-11/2025-05-17,1739
1625,-739,MNK,MNKM25,M30,2025-05-12 06:00:00,1747029600,37725.0,37755.0,37705.0,37755.0,0,0,58,2025-05-11/2025-05-17,1739
1626,-738,MNK,MNKM25,M30,2025-05-12 06:30:00,1747031400,37750.0,37750.0,37725.0,37730.0,0,0,4,2025-05-11/2025-05-17,1739
1627,-737,MNK,MNKM25,M30,2025-05-12 07:00:00,1747033200,37775.0,38395.0,37775.0,38365.0,0,0,66,2025-05-11/2025-05-17,1739
1628,-736,MNK,MNKM25,M30,2025-05-12 07:30:00,1747035000,38360.0,38360.0,38235.0,38285.0,0,0,9,2025-05-11/2025-05-17,1739
1629,-735,MNK,MNKM25,M30,2025-05-12 08:00:00,1747036800,38305.0,38375.0,38225.0,38375.0,0,0,36,2025-05-11/2025-05-17,1739
1630,-734,MNK,MNKM25,M30,2025-05-12 08:30:00,1747038600,38330.0,38385.0,38330.0,38385.0,0,0,43,2025-05-11/2025-05-17,1739
1631,-733,MNK,MNKM25,M30,2025-05-12 09:00:00,1747040400,38420.0,38435.0,38410.0,38415.0,0,0,10,2025-05-11/2025-05-17,1739
1632,-732,MNK,MNKM25,M30,2025-05-12 09:30:00,1747042200,38475.0,38500.0,38465.0,38500.0,0,0,8,2025-05-11/2025-05-17,1739
1633,-731,MNK,MNKM25,M30,2025-05-12 10:00:00,1747044000,38540.0,38605.0,38500.0,38605.0,0,0,20,2025-05-11/2025-05-17,1739
1634,-730,MNK,MNKM25,M30,2025-05-12 11:00:00,1747047600,38650.0,38650.0,38645.0,38645.0,0,0,3,2025-05-11/2025-05-17,1739
1635,-729,MNK,MNKM25,M30,2025-05-12 11:30:00,1747049400,38530.0,38530.0,38530.0,38530.0,0,0,10,2025-05-11/2025-05-17,1739
1636,-728,MNK,MNKM25,M30,2025-05-12 12:30:00,1747053000,38605.0,38605.0,38605.0,38605.0,0,0,2,2025-05-11/2025-05-17,1739
1637,-727,MNK,MNKM25,M30,2025-05-12 13:00:00,1747054800,38540.0,38545.0,38540.0,38545.0,0,0,21,2025-05-11/2025-05-17,1739
1638,-726,MNK,MNKM25,M30,2025-05-12 13:30:00,1747056600,38460.0,38460.0,38455.0,38455.0,0,0,8,2025-05-11/2025-05-17,1739
1639,-725,MNK,MNKM25,M30,2025-05-12 14:00:00,1747058400,38600.0,38615.0,38540.0,38540.0,0,0,18,2025-05-11/2025-05-17,1739
1640,-724,MNK,MNKM25,M30,2025-05-12 14:30:00,1747060200,38520.0,38670.0,38505.0,38670.0,0,0,25,2025-05-11/2025-05-17,1739
1641,-723,MNK,MNKM25,M30,2025-05-12 15:00:00,1747062000,38585.0,38635.0,38585.0,38635.0,0,0,3,2025-05-11/2025-05-17,1739
1642,-722,MNK,MNKM25,M30,2025-05-12 15:30:00,1747063800,38670.0,38670.0,38670.0,38670.0,0,0,1,2025-05-11/2025-05-17,1739
1643,-721,MNK,MNKM25,M30,2025-05-12 16:00:00,1747065600,38640.0,38700.0,38640.0,38700.0,0,0,3,2025-05-11/2025-05-17,1739
1644,-720,MNK,MNKM25,M30,2025-05-12 16:30:00,1747067400,38705.0,38760.0,38705.0,38760.0,0,0,34,2025-05-11/2025-05-17,1739
1645,-719,MNK,MNKM25,M30,2025-05-12 17:00:00,1747069200,38825.0,38835.0,38820.0,38835.0,0,0,3,2025-05-11/2025-05-17,1739
1646,-718,MNK,MNKM25,M30,2025-05-12 17:30:00,1747071000,38835.0,38835.0,38815.0,38820.0,0,0,6,2025-05-11/2025-05-17,1739
1647,-717,MNK,MNKM25,M30,2025-05-12 18:00:00,1747072800,38835.0,38835.0,38820.0,38820.0,0,0,2,2025-05-11/2025-05-17,1739
1648,-716,MNK,MNKM25,M30,2025-05-12 19:00:00,1747076400,38795.0,38795.0,38795.0,38795.0,0,0,1,2025-05-11/2025-05-17,1739
1649,-715,MNK,MNKM25,M30,2025-05-12 19:30:00,1747078200,38815.0,38815.0,38795.0,38805.0,0,0,3,2025-05-11/2025-05-17,1739
1650,-714,MNK,MNKM25,M30,2025-05-12 20:00:00,1747080000,38820.0,38820.0,38785.0,38785.0,0,0,2,2025-05-11/2025-05-17,1739
1651,-713,MNK,MNKM25,M30,2025-05-12 20:30:00,1747081800,38800.0,38800.0,38795.0,38795.0,0,0,3,2025-05-11/2025-05-17,1739
1652,-712,MNK,MNKM25,M30,2025-05-12 22:00:00,1747087200,38775.0,38775.0,38775.0,38775.0,0,0,1,2025-05-11/2025-05-17,1739
1653,-711,MNK,MNKM25,M30,2025-05-12 23:30:00,1747092600,38800.0,38800.0,38665.0,38665.0,0,0,18,2025-05-11/2025-05-17,1739
1654,-710,MNK,MNKM25,M30,2025-05-13 00:00:00,1747094400,38600.0,38600.0,38520.0,38540.0,0,0,18,2025-05-11/2025-05-17,1739
1655,-709,MNK,MNKM25,M30,2025-05-13 00:30:00,1747096200,38505.0,38505.0,38420.0,38450.0,0,0,13,2025-05-11/2025-05-17,1739
1656,-708,MNK,MNKM25,M30,2025-05-13 01:00:00,1747098000,38410.0,38445.0,38400.0,38430.0,0,0,17,2025-05-11/2025-05-17,1739
1657,-707,MNK,MNKM25,M30,2025-05-13 01:30:00,1747099800,38400.0,38430.0,38355.0,38360.0,0,0,11,2025-05-11/2025-05-17,1739
1658,-706,MNK,MNKM25,M30,2025-05-13 02:00:00,1747101600,38360.0,38360.0,38330.0,38330.0,0,0,6,2025-05-11/2025-05-17,1739
1659,-705,MNK,MNKM25,M30,2025-05-13 02:30:00,1747103400,38350.0,38350.0,38350.0,38350.0,0,0,1,2025-05-11/2025-05-17,1739
1660,-704,MNK,MNKM25,M30,2025-05-13 03:30:00,1747107000,38345.0,38365.0,38345.0,38345.0,0,0,5,2025-05-11/2025-05-17,1739
1661,-703,MNK,MNKM25,M30,2025-05-13 04:00:00,1747108800,38435.0,38435.0,38435.0,38435.0,0,0,1,2025-05-11/2025-05-17,1739
1662,-702,MNK,MNKM25,M30,2025-05-13 05:00:00,1747112400,38395.0,38395.0,38360.0,38390.0,0,0,39,2025-05-11/2025-05-17,1739
1663,-701,MNK,MNKM25,M30,2025-05-13 06:00:00,1747116000,38395.0,38395.0,38300.0,38300.0,0,0,7,2025-05-11/2025-05-17,1739
1664,-700,MNK,MNKM25,M30,2025-05-13 06:30:00,1747117800,38295.0,38295.0,38250.0,38250.0,0,0,6,2025-05-11/2025-05-17,1739
1665,-699,MNK,MNKM25,M30,2025-05-13 07:00:00,1747119600,38245.0,38245.0,38220.0,38220.0,0,0,3,2025-05-11/2025-05-17,1739
1666,-698,MNK,MNKM25,M30,2025-05-13 07:30:00,1747121400,38300.0,38300.0,38300.0,38300.0,0,0,1,2025-05-11/2025-05-17,1739
1667,-697,MNK,MNKM25,M30,2025-05-13 08:00:00,1747123200,38235.0,38235.0,38235.0,38235.0,0,0,1,2025-05-11/2025-05-17,1739
1668,-696,MNK,MNKM25,M30,2025-05-13 08:30:00,1747125000,38120.0,38120.0,38100.0,38100.0,0,0,3,2025-05-11/2025-05-17,1739
1669,-695,MNK,MNKM25,M30,2025-05-13 09:00:00,1747126800,38135.0,38150.0,38125.0,38150.0,0,0,17,2025-05-11/2025-05-17,1739
1670,-694,MNK,MNKM25,M30,2025-05-13 09:30:00,1747128600,38140.0,38160.0,38140.0,38155.0,0,0,6,2025-05-11/2025-05-17,1739
1671,-693,MNK,MNKM25,M30,2025-05-13 10:00:00,1747130400,38190.0,38190.0,38190.0,38190.0,0,0,1,2025-05-11/2025-05-17,1739
1672,-692,MNK,MNKM25,M30,2025-05-13 11:00:00,1747134000,38160.0,38160.0,38155.0,38160.0,0,0,4,2025-05-11/2025-05-17,1739
1673,-691,MNK,MNKM25,M30,2025-05-13 11:30:00,1747135800,38170.0,38170.0,38160.0,38170.0,0,0,6,2025-05-11/2025-05-17,1739
1674,-690,MNK,MNKM25,M30,2025-05-13 12:00:00,1747137600,38230.0,38230.0,38195.0,38195.0,0,0,5,2025-05-11/2025-05-17,1739
1675,-689,MNK,MNKM25,M30,2025-05-13 12:30:00,1747139400,38260.0,38295.0,38260.0,38280.0,0,0,27,2025-05-11/2025-05-17,1739
1676,-688,MNK,MNKM25,M30,2025-05-13 13:00:00,1747141200,38255.0,38255.0,38225.0,38225.0,0,0,3,2025-05-11/2025-05-17,1739
1677,-687,MNK,MNKM25,M30,2025-05-13 13:30:00,1747143000,38300.0,38370.0,38300.0,38370.0,0,0,13,2025-05-11/2025-05-17,1739
1678,-686,MNK,MNKM25,M30,2025-05-13 14:00:00,1747144800,38360.0,38455.0,38360.0,38435.0,0,0,16,2025-05-11/2025-05-17,1739
1679,-685,MNK,MNKM25,M30,2025-05-13 14:30:00,1747146600,38385.0,38400.0,38375.0,38400.0,0,0,3,2025-05-11/2025-05-17,1739
1680,-684,MNK,MNKM25,M30,2025-05-13 15:00:00,1747148400,38425.0,38425.0,38425.0,38425.0,0,0,3,2025-05-11/2025-05-17,1739
1681,-683,MNK,MNKM25,M30,2025-05-13 15:30:00,1747150200,38485.0,38485.0,38440.0,38440.0,0,0,2,2025-05-11/2025-05-17,1739
1682,-682,MNK,MNKM25,M30,2025-05-13 16:00:00,1747152000,38415.0,38420.0,38415.0,38420.0,0,0,2,2025-05-11/2025-05-17,1739
1683,-681,MNK,MNKM25,M30,2025-05-13 16:30:00,1747153800,38480.0,38480.0,38480.0,38480.0,0,0,1,2025-05-11/2025-05-17,1739
1684,-680,MNK,MNKM25,M30,2025-05-13 17:00:00,1747155600,38510.0,38510.0,38510.0,38510.0,0,0,1,2025-05-11/2025-05-17,1739
1685,-679,MNK,MNKM25,M30,2025-05-13 17:30:00,1747157400,38530.0,38530.0,38505.0,38505.0,0,0,2,2025-05-11/2025-05-17,1739
1686,-678,MNK,MNKM25,M30,2025-05-13 18:00:00,1747159200,38480.0,38490.0,38480.0,38490.0,0,0,30,2025-05-11/2025-05-17,1739
1687,-677,MNK,MNKM25,M30,2025-05-13 19:30:00,1747164600,38515.0,38515.0,38395.0,38395.0,0,0,20,2025-05-11/2025-05-17,1739
1688,-676,MNK,MNKM25,M30,2025-05-13 20:00:00,1747166400,38410.0,38410.0,38400.0,38400.0,0,0,1,2025-05-11/2025-05-17,1739
1689,-675,MNK,MNKM25,M30,2025-05-13 20:30:00,1747168200,38395.0,38395.0,38360.0,38360.0,0,0,3,2025-05-11/2025-05-17,1739
1690,-674,MNK,MNKM25,M30,2025-05-13 22:00:00,1747173600,38355.0,38355.0,38350.0,38350.0,0,0,2,2025-05-11/2025-05-17,1739
1691,-673,MNK,MNKM25,M30,2025-05-14 00:00:00,1747180800,38350.0,38350.0,38240.0,38240.0,0,0,26,2025-05-11/2025-05-17,1739
1692,-672,MNK,MNKM25,M30,2025-05-14 00:30:00,1747182600,38205.0,38205.0,38150.0,38150.0,0,0,3,2025-05-11/2025-05-17,1739
1693,-671,MNK,MNKM25,M30,2025-05-14 01:00:00,1747184400,38080.0,38080.0,37960.0,38030.0,0,0,18,2025-05-11/2025-05-17,1739
1694,-670,MNK,MNKM25,M30,2025-05-14 01:30:00,1747186200,37975.0,38015.0,37975.0,38015.0,0,0,2,2025-05-11/2025-05-17,1739
1695,-669,MNK,MNKM25,M30,2025-05-14 02:30:00,1747189800,37985.0,37985.0,37925.0,37925.0,0,0,10,2025-05-11/2025-05-17,1739
1696,-668,MNK,MNKM25,M30,2025-05-14 03:00:00,1747191600,37910.0,37970.0,37910.0,37960.0,0,0,13,2025-05-11/2025-05-17,1739
1697,-667,MNK,MNKM25,M30,2025-05-14 03:30:00,1747193400,37990.0,37990.0,37990.0,37990.0,0,0,1,2025-05-11/2025-05-17,1739
1698,-666,MNK,MNKM25,M30,2025-05-14 04:30:00,1747197000,38090.0,38090.0,38090.0,38090.0,0,0,1,2025-05-11/2025-05-17,1739
1699,-665,MNK,MNKM25,M30,2025-05-14 05:00:00,1747198800,38125.0,38125.0,38105.0,38105.0,0,0,2,2025-05-11/2025-05-17,1739
1700,-664,MNK,MNKM25,M30,2025-05-14 05:30:00,1747200600,38195.0,38195.0,38195.0,38195.0,0,0,1,2025-05-11/2025-05-17,1739
1701,-663,MNK,MNKM25,M30,2025-05-14 06:30:00,1747204200,38185.0,38185.0,38175.0,38180.0,0,0,7,2025-05-11/2025-05-17,1739
1702,-662,MNK,MNKM25,M30,2025-05-14 07:00:00,1747206000,38290.0,38290.0,38210.0,38210.0,0,0,2,2025-05-11/2025-05-17,1739
1703,-661,MNK,MNKM25,M30,2025-05-14 08:00:00,1747209600,38180.0,38180.0,38115.0,38155.0,0,0,14,2025-05-11/2025-05-17,1739
1704,-660,MNK,MNKM25,M30,2025-05-14 09:00:00,1747213200,37980.0,37980.0,37955.0,37970.0,0,0,23,2025-05-11/2025-05-17,1739
1705,-659,MNK,MNKM25,M30,2025-05-14 09:30:00,1747215000,37990.0,37990.0,37950.0,37970.0,0,0,4,2025-05-11/2025-05-17,1739
1706,-658,MNK,MNKM25,M30,2025-05-14 10:00:00,1747216800,37965.0,37995.0,37965.0,37995.0,0,0,45,2025-05-11/2025-05-17,1739
1707,-657,MNK,MNKM25,M30,2025-05-14 10:30:00,1747218600,38015.0,38015.0,38015.0,38015.0,0,0,1,2025-05-11/2025-05-17,1739
1708,-656,MNK,MNKM25,M30,2025-05-14 11:00:00,1747220400,38045.0,38045.0,38035.0,38035.0,0,0,3,2025-05-11/2025-05-17,1739
1709,-655,MNK,MNKM25,M30,2025-05-14 12:00:00,1747224000,38090.0,38100.0,38090.0,38100.0,0,0,2,2025-05-11/2025-05-17,1739
1710,-654,MNK,MNKM25,M30,2025-05-14 12:30:00,1747225800,38050.0,38050.0,38050.0,38050.0,0,0,1,2025-05-11/2025-05-17,1739
1711,-653,MNK,MNKM25,M30,2025-05-14 13:00:00,1747227600,38065.0,38065.0,38065.0,38065.0,0,0,3,2025-05-11/2025-05-17,1739
1712,-652,MNK,MNKM25,M30,2025-05-14 13:30:00,1747229400,37875.0,37875.0,37850.0,37850.0,0,0,9,2025-05-11/2025-05-17,1739
1713,-651,MNK,MNKM25,M30,2025-05-14 14:00:00,1747231200,37900.0,37905.0,37835.0,37845.0,0,0,45,2025-05-11/2025-05-17,1739
1714,-650,MNK,MNKM25,M30,2025-05-14 14:30:00,1747233000,37850.0,37850.0,37790.0,37815.0,0,0,23,2025-05-11/2025-05-17,1739
1715,-649,MNK,MNKM25,M30,2025-05-14 15:00:00,1747234800,37785.0,37785.0,37740.0,37765.0,0,0,5,2025-05-11/2025-05-17,1739
1716,-648,MNK,MNKM25,M30,2025-05-14 16:00:00,1747238400,37770.0,37770.0,37770.0,37770.0,0,0,1,2025-05-11/2025-05-17,1739
1717,-647,MNK,MNKM25,M30,2025-05-14 16:30:00,1747240200,37780.0,37780.0,37760.0,37760.0,0,0,29,2025-05-11/2025-05-17,1739
1718,-646,MNK,MNKM25,M30,2025-05-14 17:00:00,1747242000,37705.0,37705.0,37695.0,37695.0,0,0,28,2025-05-11/2025-05-17,1739
1719,-645,MNK,MNKM25,M30,2025-05-14 17:30:00,1747243800,37730.0,37730.0,37730.0,37730.0,0,0,1,2025-05-11/2025-05-17,1739
1720,-644,MNK,MNKM25,M30,2025-05-14 18:30:00,1747247400,37735.0,37755.0,37720.0,37725.0,0,0,78,2025-05-11/2025-05-17,1739
1721,-643,MNK,MNKM25,M30,2025-05-14 19:30:00,1747251000,37740.0,37760.0,37740.0,37760.0,0,0,14,2025-05-11/2025-05-17,1739
1722,-642,MNK,MNKM25,M30,2025-05-14 20:00:00,1747252800,37765.0,37765.0,37765.0,37765.0,0,0,0,2025-05-11/2025-05-17,1739
1723,-641,MNK,MNKM25,M30,2025-05-14 20:30:00,1747254600,37715.0,37715.0,37715.0,37715.0,0,0,2,2025-05-11/2025-05-17,1739
1724,-640,MNK,MNKM25,M30,2025-05-14 22:00:00,1747260000,37655.0,37680.0,37650.0,37650.0,3,5,3,2025-05-11/2025-05-17,1739
1725,-639,MNK,MNKM25,M30,2025-05-14 22:30:00,1747261800,37680.0,37680.0,37680.0,37680.0,1,15,1,2025-05-11/2025-05-17,1739
1726,-638,MNK,MNKM25,M30,2025-05-14 23:30:00,1747265400,37730.0,37825.0,37730.0,37825.0,3,5,4,2025-05-11/2025-05-17,1739
1727,-637,MNK,MNKM25,M30,2025-05-15 00:00:00,1747267200,37835.0,37910.0,37830.0,37830.0,9,5,9,2025-05-11/2025-05-17,1739
1728,-636,MNK,MNKM25,M30,2025-05-15 00:30:00,1747269000,37790.0,37835.0,37790.0,37835.0,2,15,2,2025-05-11/2025-05-17,1739
1729,-635,MNK,MNKM25,M30,2025-05-15 01:00:00,1747270800,37820.0,37855.0,37820.0,37845.0,7,5,35,2025-05-11/2025-05-17,1739
1730,-634,MNK,MNKM25,M30,2025-05-15 01:30:00,1747272600,37740.0,37740.0,37730.0,37730.0,3,10,15,2025-05-11/2025-05-17,1739
1731,-633,MNK,MNKM25,M30,2025-05-15 02:00:00,1747274400,37770.0,37770.0,37770.0,37770.0,4,5,6,2025-05-11/2025-05-17,1739
1732,-632,MNK,MNKM25,M30,2025-05-15 02:30:00,1747276200,37770.0,37770.0,37770.0,37770.0,1,15,1,2025-05-11/2025-05-17,1739
1733,-631,MNK,MNKM25,M30,2025-05-15 03:30:00,1747279800,37780.0,37780.0,37780.0,37780.0,1,10,1,2025-05-11/2025-05-17,1739
1734,-630,MNK,MNKM25,M30,2025-05-15 04:00:00,1747281600,37780.0,37780.0,37780.0,37780.0,1,15,1,2025-05-11/2025-05-17,1739
1735,-629,MNK,MNKM25,M30,2025-05-15 06:00:00,1747288800,37870.0,37870.0,37855.0,37855.0,4,10,15,2025-05-11/2025-05-17,1739
1736,-628,MNK,MNKM25,M30,2025-05-15 06:30:00,1747290600,37845.0,37845.0,37805.0,37810.0,6,5,6,2025-05-11/2025-05-17,1739
1737,-627,MNK,MNKM25,M30,2025-05-15 07:00:00,1747292400,37740.0,37740.0,37740.0,37740.0,1,5,1,2025-05-11/2025-05-17,1739
1738,-626,MNK,MNKM25,M30,2025-05-15 07:30:00,1747294200,37715.0,37715.0,37715.0,37715.0,2,5,3,2025-05-11/2025-05-17,1739
1739,-625,MNK,MNKM25,M30,2025-05-15 08:00:00,1747296000,37705.0,37705.0,37705.0,37705.0,1,10,6,2025-05-11/2025-05-17,1739
1740,-624,MNK,MNKM25,M30,2025-05-15 08:30:00,1747297800,37695.0,37695.0,37695.0,37695.0,1,5,2,2025-05-11/2025-05-17,1739
1741,-623,MNK,MNKM25,M30,2025-05-15 10:00:00,1747303200,37710.0,37710.0,37710.0,37710.0,2,5,4,2025-05-11/2025-05-17,1739
1742,-622,MNK,MNKM25,M30,2025-05-15 10:30:00,1747305000,37675.0,37675.0,37675.0,37675.0,1,15,1,2025-05-11/2025-05-17,1739
1743,-621,MNK,MNKM25,M30,2025-05-15 11:00:00,1747306800,37760.0,37760.0,37755.0,37755.0,3,10,6,2025-05-11/2025-05-17,1739
1744,-620,MNK,MNKM25,M30,2025-05-15 14:00:00,1747317600,37720.0,37720.0,37715.0,37720.0,3,10,5,2025-05-11/2025-05-17,1739
1745,-619,MNK,MNKM25,M30,2025-05-15 15:00:00,1747321200,37805.0,37805.0,37805.0,37805.0,1,10,1,2025-05-11/2025-05-17,1739
1746,-618,MNK,MNKM25,M30,2025-05-15 15:30:00,1747323000,37855.0,37855.0,37820.0,37820.0,3,10,21,2025-05-11/2025-05-17,1739
1747,-617,MNK,MNKM25,M30,2025-05-15 16:30:00,1747326600,37845.0,37865.0,37845.0,37865.0,2,10,2,2025-05-11/2025-05-17,1739
1748,-616,MNK,MNKM25,M30,2025-05-15 17:00:00,1747328400,37870.0,37895.0,37870.0,37895.0,4,15,4,2025-05-11/2025-05-17,1739
1749,-615,MNK,MNKM25,M30,2025-05-15 17:30:00,1747330200,37820.0,37820.0,37820.0,37820.0,1,20,1,2025-05-11/2025-05-17,1739
1750,-614,MNK,MNKM25,M30,2025-05-15 18:00:00,1747332000,37825.0,37825.0,37790.0,37790.0,2,20,2,2025-05-11/2025-05-17,1739
1751,-613,MNK,MNKM25,M30,2025-05-15 19:30:00,1747337400,37755.0,37810.0,37725.0,37780.0,8,5,20,2025-05-11/2025-05-17,1739
1752,-612,MNK,MNKM25,M30,2025-05-15 20:30:00,1747341000,37825.0,37825.0,37825.0,37825.0,1,35,1,2025-05-11/2025-05-17,1739
1753,-611,MNK,MNKM25,M30,2025-05-15 22:00:00,1747346400,37845.0,37845.0,37845.0,37845.0,1,10,1,2025-05-11/2025-05-17,1739
1754,-610,MNK,MNKM25,M30,2025-05-15 22:30:00,1747348200,37825.0,37825.0,37805.0,37805.0,3,5,4,2025-05-11/2025-05-17,1739
1755,-609,MNK,MNKM25,M30,2025-05-15 23:00:00,1747350000,37790.0,37790.0,37790.0,37790.0,1,5,1,2025-05-11/2025-05-17,1739
1756,-608,MNK,MNKM25,M30,2025-05-15 23:30:00,1747351800,37780.0,37860.0,37780.0,37860.0,4,5,5,2025-05-11/2025-05-17,1739
1757,-607,MNK,MNKM25,M30,2025-05-16 00:00:00,1747353600,37745.0,37745.0,37695.0,37705.0,3,10,12,2025-05-11/2025-05-17,1739
1758,-606,MNK,MNKM25,M30,2025-05-16 00:30:00,1747355400,37630.0,37630.0,37595.0,37605.0,5,5,6,2025-05-11/2025-05-17,1739
1759,-605,MNK,MNKM25,M30,2025-05-16 01:00:00,1747357200,37575.0,37655.0,37545.0,37625.0,6,5,6,2025-05-11/2025-05-17,1739
1760,-604,MNK,MNKM25,M30,2025-05-16 02:00:00,1747360800,37600.0,37700.0,37600.0,37700.0,3,5,3,2025-05-11/2025-05-17,1739
1761,-603,MNK,MNKM25,M30,2025-05-16 02:30:00,1747362600,37730.0,37760.0,37730.0,37760.0,5,10,5,2025-05-11/2025-05-17,1739
1762,-602,MNK,MNKM25,M30,2025-05-16 03:30:00,1747366200,37675.0,37675.0,37675.0,37675.0,1,10,1,2025-05-11/2025-05-17,1739
1763,-601,MNK,MNKM25,M30,2025-05-16 04:00:00,1747368000,37760.0,37795.0,37760.0,37795.0,2,20,3,2025-05-11/2025-05-17,1739
1764,-600,MNK,MNKM25,M30,2025-05-16 04:30:00,1747369800,37830.0,37830.0,37830.0,37830.0,1,20,1,2025-05-11/2025-05-17,1739
1765,-599,MNK,MNKM25,M30,2025-05-16 05:00:00,1747371600,37795.0,37795.0,37795.0,37795.0,1,15,1,2025-05-11/2025-05-17,1739
1766,-598,MNK,MNKM25,M30,2025-05-16 05:30:00,1747373400,37780.0,37780.0,37770.0,37780.0,3,10,3,2025-05-11/2025-05-17,1739
1767,-597,MNK,MNKM25,M30,2025-05-16 06:00:00,1747375200,37800.0,37825.0,37800.0,37825.0,3,15,11,2025-05-11/2025-05-17,1739
1768,-596,MNK,MNKM25,M30,2025-05-16 06:30:00,1747377000,37810.0,37810.0,37800.0,37805.0,5,10,5,2025-05-11/2025-05-17,1739
1769,-595,MNK,MNKM25,M30,2025-05-16 07:00:00,1747378800,37810.0,37810.0,37810.0,37810.0,1,10,1,2025-05-11/2025-05-17,1739
1770,-594,MNK,MNKM25,M30,2025-05-16 08:00:00,1747382400,37895.0,37905.0,37895.0,37905.0,3,5,4,2025-05-11/2025-05-17,1739
1771,-593,MNK,MNKM25,M30,2025-05-16 08:30:00,1747384200,37900.0,37915.0,37900.0,37910.0,4,5,6,2025-05-11/2025-05-17,1739
1772,-592,MNK,MNKM25,M30,2025-05-16 10:00:00,1747389600,37885.0,37950.0,37885.0,37950.0,5,5,5,2025-05-11/2025-05-17,1739
1773,-591,MNK,MNKM25,M30,2025-05-16 10:30:00,1747391400,37965.0,37965.0,37965.0,37965.0,1,5,1,2025-05-11/2025-05-17,1739
1774,-590,MNK,MNKM25,M30,2025-05-16 11:00:00,1747393200,37955.0,37955.0,37955.0,37955.0,1,10,4,2025-05-11/2025-05-17,1739
1775,-589,MNK,MNKM25,M30,2025-05-16 11:30:00,1747395000,37955.0,37955.0,37950.0,37950.0,6,5,23,2025-05-11/2025-05-17,1739
1776,-588,MNK,MNKM25,M30,2025-05-16 12:00:00,1747396800,37950.0,37950.0,37940.0,37940.0,3,5,6,2025-05-11/2025-05-17,1739
1777,-587,MNK,MNKM25,M30,2025-05-16 12:30:00,1747398600,37875.0,37875.0,37855.0,37855.0,3,5,3,2025-05-11/2025-05-17,1739
1778,-586,MNK,MNKM25,M30,2025-05-16 13:00:00,1747400400,37835.0,37870.0,37835.0,37850.0,4,5,7,2025-05-11/2025-05-17,1739
1779,-585,MNK,MNKM25,M30,2025-05-16 14:00:00,1747404000,37850.0,37930.0,37780.0,37930.0,17,15,52,2025-05-11/2025-05-17,1739
1780,-584,MNK,MNKM25,M30,2025-05-16 14:30:00,1747405800,37915.0,37915.0,37850.0,37895.0,6,10,33,2025-05-11/2025-05-17,1739
1781,-583,MNK,MNKM25,M30,2025-05-16 15:30:00,1747409400,37945.0,37945.0,37945.0,37945.0,1,20,1,2025-05-11/2025-05-17,1739
1782,-582,MNK,MNKM25,M30,2025-05-16 18:00:00,1747418400,37990.0,37990.0,37990.0,37990.0,1,20,1,2025-05-11/2025-05-17,1739
1783,-581,MNK,MNKM25,M30,2025-05-16 18:30:00,1747420200,38005.0,38005.0,37985.0,37985.0,2,15,2,2025-05-11/2025-05-17,1739
1784,-580,MNK,MNKM25,M30,2025-05-16 19:30:00,1747423800,38015.0,38035.0,38000.0,38035.0,5,5,11,2025-05-11/2025-05-17,1739
1785,-579,MNK,MNKM25,M30,2025-05-16 20:00:00,1747425600,38010.0,38010.0,38010.0,38010.0,1,15,1,2025-05-11/2025-05-17,1739
1786,-578,MNK,MNKM25,M30,2025-05-16 20:30:00,1747427400,37995.0,37995.0,37865.0,37885.0,3,15,7,2025-05-11/2025-05-17,1739
1787,-577,MNK,MNKM25,M30,2025-05-18 22:00:00,1747605600,37765.0,37765.0,37710.0,37715.0,3,15,3,2025-05-18/2025-05-24,2481
1788,-576,MNK,MNKM25,M30,2025-05-18 22:30:00,1747607400,37685.0,37715.0,37685.0,37715.0,3,15,3,2025-05-18/2025-05-24,2481
1789,-575,MNK,MNKM25,M30,2025-05-18 23:30:00,1747611000,37695.0,37695.0,37630.0,37660.0,17,5,46,2025-05-18/2025-05-24,2481
1790,-574,MNK,MNKM25,M30,2025-05-19 00:00:00,1747612800,37665.0,37680.0,37565.0,37610.0,17,5,74,2025-05-18/2025-05-24,2481
1791,-573,MNK,MNKM25,M30,2025-05-19 00:30:00,1747614600,37600.0,37615.0,37600.0,37610.0,4,5,14,2025-05-18/2025-05-24,2481
1792,-572,MNK,MNKM25,M30,2025-05-19 01:00:00,1747616400,37640.0,37680.0,37640.0,37680.0,3,5,13,2025-05-18/2025-05-24,2481
1793,-571,MNK,MNKM25,M30,2025-05-19 01:30:00,1747618200,37695.0,37700.0,37695.0,37700.0,2,5,2,2025-05-18/2025-05-24,2481
1794,-570,MNK,MNKM25,M30,2025-05-19 02:00:00,1747620000,37585.0,37585.0,37580.0,37585.0,3,10,3,2025-05-18/2025-05-24,2481
1795,-569,MNK,MNKM25,M30,2025-05-19 02:30:00,1747621800,37675.0,37675.0,37675.0,37675.0,1,5,1,2025-05-18/2025-05-24,2481
1796,-568,MNK,MNKM25,M30,2025-05-19 03:00:00,1747623600,37625.0,37625.0,37625.0,37625.0,1,10,6,2025-05-18/2025-05-24,2481
1797,-567,MNK,MNKM25,M30,2025-05-19 03:30:00,1747625400,37550.0,37550.0,37495.0,37495.0,9,5,15,2025-05-18/2025-05-24,2481
1798,-566,MNK,MNKM25,M30,2025-05-19 04:00:00,1747627200,37520.0,37520.0,37520.0,37520.0,1,15,1,2025-05-18/2025-05-24,2481
1799,-565,MNK,MNKM25,M30,2025-05-19 05:30:00,1747632600,37520.0,37520.0,37520.0,37520.0,1,10,10,2025-05-18/2025-05-24,2481
1800,-564,MNK,MNKM25,M30,2025-05-19 06:00:00,1747634400,37545.0,37550.0,37525.0,37550.0,5,5,5,2025-05-18/2025-05-24,2481
1801,-563,MNK,MNKM25,M30,2025-05-19 06:30:00,1747636200,37500.0,37500.0,37465.0,37475.0,4,5,4,2025-05-18/2025-05-24,2481
1802,-562,MNK,MNKM25,M30,2025-05-19 07:00:00,1747638000,37475.0,37475.0,37475.0,37475.0,1,15,1,2025-05-18/2025-05-24,2481
1803,-561,MNK,MNKM25,M30,2025-05-19 09:30:00,1747647000,37365.0,37365.0,37365.0,37365.0,1,5,1,2025-05-18/2025-05-24,2481
1804,-560,MNK,MNKM25,M30,2025-05-19 10:00:00,1747648800,37320.0,37325.0,37305.0,37325.0,4,5,9,2025-05-18/2025-05-24,2481
1805,-559,MNK,MNKM25,M30,2025-05-19 10:30:00,1747650600,37295.0,37335.0,37290.0,37335.0,5,5,7,2025-05-18/2025-05-24,2481
1806,-558,MNK,MNKM25,M30,2025-05-19 11:00:00,1747652400,37365.0,37365.0,37365.0,37365.0,1,5,1,2025-05-18/2025-05-24,2481
1807,-557,MNK,MNKM25,M30,2025-05-19 11:30:00,1747654200,37370.0,37375.0,37370.0,37375.0,2,5,4,2025-05-18/2025-05-24,2481
1808,-556,MNK,MNKM25,M30,2025-05-19 12:00:00,1747656000,37355.0,37355.0,37330.0,37330.0,2,5,2,2025-05-18/2025-05-24,2481
1809,-555,MNK,MNKM25,M30,2025-05-19 13:00:00,1747659600,37340.0,37340.0,37295.0,37295.0,8,5,39,2025-05-18/2025-05-24,2481
1810,-554,MNK,MNKM25,M30,2025-05-19 13:30:00,1747661400,37370.0,37425.0,37370.0,37425.0,4,5,11,2025-05-18/2025-05-24,2481
1811,-553,MNK,MNKM25,M30,2025-05-19 14:00:00,1747663200,37550.0,37585.0,37550.0,37585.0,11,5,64,2025-05-18/2025-05-24,2481
1812,-552,MNK,MNKM25,M30,2025-05-19 14:30:00,1747665000,37555.0,37555.0,37480.0,37480.0,5,10,7,2025-05-18/2025-05-24,2481
1813,-551,MNK,MNKM25,M30,2025-05-19 15:00:00,1747666800,37480.0,37480.0,37465.0,37465.0,2,15,2,2025-05-18/2025-05-24,2481
1814,-550,MNK,MNKM25,M30,2025-05-19 15:30:00,1747668600,37475.0,37525.0,37475.0,37525.0,4,5,4,2025-05-18/2025-05-24,2481
1815,-549,MNK,MNKM25,M30,2025-05-19 16:00:00,1747670400,37570.0,37570.0,37570.0,37570.0,1,5,1,2025-05-18/2025-05-24,2481
1816,-548,MNK,MNKM25,M30,2025-05-19 17:30:00,1747675800,37635.0,37635.0,37625.0,37625.0,8,5,32,2025-05-18/2025-05-24,2481
1817,-547,MNK,MNKM25,M30,2025-05-19 18:30:00,1747679400,37555.0,37555.0,37540.0,37540.0,4,10,22,2025-05-18/2025-05-24,2481
1818,-546,MNK,MNKM25,M30,2025-05-19 19:00:00,1747681200,37520.0,37520.0,37520.0,37520.0,1,5,6,2025-05-18/2025-05-24,2481
1819,-545,MNK,MNKM25,M30,2025-05-19 19:30:00,1747683000,37620.0,37630.0,37620.0,37630.0,2,5,5,2025-05-18/2025-05-24,2481
1820,-544,MNK,MNKM25,M30,2025-05-19 20:00:00,1747684800,37620.0,37620.0,37620.0,37620.0,1,15,1,2025-05-18/2025-05-24,2481
1821,-543,MNK,MNKM25,M30,2025-05-19 20:30:00,1747686600,37620.0,37620.0,37605.0,37605.0,4,5,5,2025-05-18/2025-05-24,2481
1822,-542,MNK,MNKM25,M30,2025-05-19 23:30:00,1747697400,37715.0,37770.0,37700.0,37770.0,7,10,34,2025-05-18/2025-05-24,2481
1823,-541,MNK,MNKM25,M30,2025-05-20 00:00:00,1747699200,37795.0,37900.0,37785.0,37900.0,24,5,101,2025-05-18/2025-05-24,2481
1824,-540,MNK,MNKM25,M30,2025-05-20 00:30:00,1747701000,37960.0,37965.0,37900.0,37900.0,6,5,7,2025-05-18/2025-05-24,2481
1825,-539,MNK,MNKM25,M30,2025-05-20 01:00:00,1747702800,37755.0,37775.0,37755.0,37775.0,3,10,12,2025-05-18/2025-05-24,2481
1826,-538,MNK,MNKM25,M30,2025-05-20 01:30:00,1747704600,37715.0,37755.0,37715.0,37755.0,2,10,11,2025-05-18/2025-05-24,2481
1827,-537,MNK,MNKM25,M30,2025-05-20 03:00:00,1747710000,37710.0,37710.0,37670.0,37670.0,4,5,13,2025-05-18/2025-05-24,2481
1828,-536,MNK,MNKM25,M30,2025-05-20 03:30:00,1747711800,37685.0,37700.0,37670.0,37700.0,8,5,34,2025-05-18/2025-05-24,2481
1829,-535,MNK,MNKM25,M30,2025-05-20 04:00:00,1747713600,37650.0,37650.0,37650.0,37650.0,1,15,1,2025-05-18/2025-05-24,2481
1830,-534,MNK,MNKM25,M30,2025-05-20 05:00:00,1747717200,37700.0,37700.0,37685.0,37685.0,2,10,2,2025-05-18/2025-05-24,2481
1831,-533,MNK,MNKM25,M30,2025-05-20 05:30:00,1747719000,37685.0,37685.0,37540.0,37540.0,3,5,3,2025-05-18/2025-05-24,2481
1832,-532,MNK,MNKM25,M30,2025-05-20 06:00:00,1747720800,37510.0,37535.0,37510.0,37535.0,7,10,47,2025-05-18/2025-05-24,2481
1833,-531,MNK,MNKM25,M30,2025-05-20 06:30:00,1747722600,37555.0,37555.0,37555.0,37555.0,1,15,1,2025-05-18/2025-05-24,2481
1834,-530,MNK,MNKM25,M30,2025-05-20 07:30:00,1747726200,37455.0,37455.0,37440.0,37440.0,2,5,2,2025-05-18/2025-05-24,2481
1835,-529,MNK,MNKM25,M30,2025-05-20 08:00:00,1747728000,37485.0,37490.0,37485.0,37490.0,5,10,32,2025-05-18/2025-05-24,2481
1836,-528,MNK,MNKM25,M30,2025-05-20 09:30:00,1747733400,37540.0,37540.0,37540.0,37540.0,1,10,1,2025-05-18/2025-05-24,2481
1837,-527,MNK,MNKM25,M30,2025-05-20 10:00:00,1747735200,37530.0,37570.0,37530.0,37570.0,8,5,9,2025-05-18/2025-05-24,2481
1838,-526,MNK,MNKM25,M30,2025-05-20 10:30:00,1747737000,37550.0,37550.0,37550.0,37550.0,1,5,1,2025-05-18/2025-05-24,2481
1839,-525,MNK,MNKM25,M30,2025-05-20 11:30:00,1747740600,37625.0,37625.0,37625.0,37625.0,1,5,4,2025-05-18/2025-05-24,2481
1840,-524,MNK,MNKM25,M30,2025-05-20 13:30:00,1747747800,37640.0,37650.0,37640.0,37650.0,2,5,2,2025-05-18/2025-05-24,2481
1841,-523,MNK,MNKM25,M30,2025-05-20 14:00:00,1747749600,37635.0,37635.0,37600.0,37600.0,5,5,10,2025-05-18/2025-05-24,2481
1842,-522,MNK,MNKM25,M30,2025-05-20 14:30:00,1747751400,37610.0,37625.0,37610.0,37625.0,2,5,2,2025-05-18/2025-05-24,2481
1843,-521,MNK,MNKM25,M30,2025-05-20 15:00:00,1747753200,37595.0,37610.0,37580.0,37610.0,4,5,4,2025-05-18/2025-05-24,2481
1844,-520,MNK,MNKM25,M30,2025-05-20 15:30:00,1747755000,37590.0,37610.0,37590.0,37610.0,3,10,5,2025-05-18/2025-05-24,2481
1845,-519,MNK,MNKM25,M30,2025-05-20 16:00:00,1747756800,37660.0,37660.0,37660.0,37660.0,1,10,1,2025-05-18/2025-05-24,2481
1846,-518,MNK,MNKM25,M30,2025-05-20 16:30:00,1747758600,37685.0,37700.0,37685.0,37700.0,3,10,12,2025-05-18/2025-05-24,2481
1847,-517,MNK,MNKM25,M30,2025-05-20 17:30:00,1747762200,37675.0,37675.0,37655.0,37655.0,3,15,3,2025-05-18/2025-05-24,2481
1848,-516,MNK,MNKM25,M30,2025-05-20 18:00:00,1747764000,37560.0,37580.0,37525.0,37525.0,3,10,3,2025-05-18/2025-05-24,2481
1849,-515,MNK,MNKM25,M30,2025-05-20 19:00:00,1747767600,37510.0,37510.0,37510.0,37510.0,1,15,1,2025-05-18/2025-05-24,2481
1850,-514,MNK,MNKM25,M30,2025-05-20 19:30:00,1747769400,37655.0,37655.0,37645.0,37645.0,2,5,3,2025-05-18/2025-05-24,2481
1851,-513,MNK,MNKM25,M30,2025-05-20 20:30:00,1747773000,37640.0,37640.0,37640.0,37640.0,4,5,6,2025-05-18/2025-05-24,2481
1852,-512,MNK,MNKM25,M30,2025-05-20 22:00:00,1747778400,37545.0,37545.0,37545.0,37545.0,1,5,1,2025-05-18/2025-05-24,2481
1853,-511,MNK,MNKM25,M30,2025-05-20 23:30:00,1747783800,37600.0,37650.0,37600.0,37650.0,4,10,13,2025-05-18/2025-05-24,2481
1854,-510,MNK,MNKM25,M30,2025-05-21 00:00:00,1747785600,37685.0,37695.0,37545.0,37565.0,29,5,129,2025-05-18/2025-05-24,2481
1855,-509,MNK,MNKM25,M30,2025-05-21 00:30:00,1747787400,37550.0,37570.0,37530.0,37545.0,7,10,16,2025-05-18/2025-05-24,2481
1856,-508,MNK,MNKM25,M30,2025-05-21 01:00:00,1747789200,37480.0,37510.0,37480.0,37510.0,2,5,2,2025-05-18/2025-05-24,2481
1857,-507,MNK,MNKM25,M30,2025-05-21 01:30:00,1747791000,37490.0,37490.0,37490.0,37490.0,1,15,1,2025-05-18/2025-05-24,2481
1858,-506,MNK,MNKM25,M30,2025-05-21 02:00:00,1747792800,37510.0,37510.0,37490.0,37490.0,2,5,2,2025-05-18/2025-05-24,2481
1859,-505,MNK,MNKM25,M30,2025-05-21 03:30:00,1747798200,37455.0,37455.0,37455.0,37455.0,1,15,1,2025-05-18/2025-05-24,2481
1860,-504,MNK,MNKM25,M30,2025-05-21 04:00:00,1747800000,37480.0,37480.0,37460.0,37460.0,2,10,2,2025-05-18/2025-05-24,2481
1861,-503,MNK,MNKM25,M30,2025-05-21 04:30:00,1747801800,37430.0,37430.0,37430.0,37430.0,1,15,2,2025-05-18/2025-05-24,2481
1862,-502,MNK,MNKM25,M30,2025-05-21 05:00:00,1747803600,37440.0,37450.0,37430.0,37450.0,3,10,14,2025-05-18/2025-05-24,2481
1863,-501,MNK,MNKM25,M30,2025-05-21 05:30:00,1747805400,37385.0,37385.0,37385.0,37385.0,1,20,10,2025-05-18/2025-05-24,2481
1864,-500,MNK,MNKM25,M30,2025-05-21 06:00:00,1747807200,37360.0,37385.0,37350.0,37365.0,9,5,13,2025-05-18/2025-05-24,2481
1865,-499,MNK,MNKM25,M30,2025-05-21 06:30:00,1747809000,37300.0,37300.0,37300.0,37300.0,1,20,1,2025-05-18/2025-05-24,2481
1866,-498,MNK,MNKM25,M30,2025-05-21 07:00:00,1747810800,37305.0,37305.0,37305.0,37305.0,1,20,1,2025-05-18/2025-05-24,2481
1867,-497,MNK,MNKM25,M30,2025-05-21 09:30:00,1747819800,37290.0,37290.0,37290.0,37290.0,1,10,1,2025-05-18/2025-05-24,2481
1868,-496,MNK,MNKM25,M30,2025-05-21 10:00:00,1747821600,37250.0,37250.0,37250.0,37250.0,1,5,1,2025-05-18/2025-05-24,2481
1869,-495,MNK,MNKM25,M30,2025-05-21 10:30:00,1747823400,37245.0,37245.0,37245.0,37245.0,1,10,1,2025-05-18/2025-05-24,2481
1870,-494,MNK,MNKM25,M30,2025-05-21 12:00:00,1747828800,37240.0,37240.0,37240.0,37240.0,1,20,2,2025-05-18/2025-05-24,2481
1871,-493,MNK,MNKM25,M30,2025-05-21 12:30:00,1747830600,37225.0,37225.0,37195.0,37195.0,3,5,3,2025-05-18/2025-05-24,2481
1872,-492,MNK,MNKM25,M30,2025-05-21 13:00:00,1747832400,37190.0,37190.0,37185.0,37185.0,2,10,2,2025-05-18/2025-05-24,2481
1873,-491,MNK,MNKM25,M30,2025-05-21 13:30:00,1747834200,37230.0,37300.0,37215.0,37280.0,10,10,38,2025-05-18/2025-05-24,2481
1874,-490,MNK,MNKM25,M30,2025-05-21 14:00:00,1747836000,37285.0,37330.0,37260.0,37275.0,23,5,107,2025-05-18/2025-05-24,2481
1875,-489,MNK,MNKM25,M30,2025-05-21 14:30:00,1747837800,37230.0,37295.0,37230.0,37295.0,3,5,4,2025-05-18/2025-05-24,2481
1876,-488,MNK,MNKM25,M30,2025-05-21 15:00:00,1747839600,37350.0,37350.0,37345.0,37345.0,3,5,3,2025-05-18/2025-05-24,2481
1877,-487,MNK,MNKM25,M30,2025-05-21 15:30:00,1747841400,37330.0,37340.0,37330.0,37335.0,8,5,20,2025-05-18/2025-05-24,2481
1878,-486,MNK,MNKM25,M30,2025-05-21 16:00:00,1747843200,37365.0,37365.0,37365.0,37365.0,4,10,4,2025-05-18/2025-05-24,2481
1879,-485,MNK,MNKM25,M30,2025-05-21 16:30:00,1747845000,37380.0,37380.0,37380.0,37380.0,1,10,3,2025-05-18/2025-05-24,2481
1880,-484,MNK,MNKM25,M30,2025-05-21 17:00:00,1747846800,37300.0,37300.0,36900.0,36900.0,16,5,58,2025-05-18/2025-05-24,2481
1881,-483,MNK,MNKM25,M30,2025-05-21 17:30:00,1747848600,36895.0,37110.0,36895.0,37110.0,6,10,9,2025-05-18/2025-05-24,2481
1882,-482,MNK,MNKM25,M30,2025-05-21 18:00:00,1747850400,37080.0,37080.0,37080.0,37080.0,1,10,2,2025-05-18/2025-05-24,2481
1883,-481,MNK,MNKM25,M30,2025-05-21 18:30:00,1747852200,37005.0,37005.0,36990.0,36990.0,2,5,2,2025-05-18/2025-05-24,2481
1884,-480,MNK,MNKM25,M30,2025-05-21 19:00:00,1747854000,36920.0,36920.0,36920.0,36920.0,1,15,1,2025-05-18/2025-05-24,2481
1885,-479,MNK,MNKM25,M30,2025-05-21 19:30:00,1747855800,36965.0,37005.0,36965.0,37000.0,9,5,18,2025-05-18/2025-05-24,2481
1886,-478,MNK,MNKM25,M30,2025-05-21 20:00:00,1747857600,36935.0,36935.0,36865.0,36865.0,6,5,26,2025-05-18/2025-05-24,2481
1887,-477,MNK,MNKM25,M30,2025-05-21 20:30:00,1747859400,36875.0,36875.0,36875.0,36875.0,2,15,2,2025-05-18/2025-05-24,2481
1888,-476,MNK,MNKM25,M30,2025-05-21 22:00:00,1747864800,36920.0,36955.0,36920.0,36955.0,3,5,30,2025-05-18/2025-05-24,2481
1889,-475,MNK,MNKM25,M30,2025-05-21 22:30:00,1747866600,36960.0,36960.0,36960.0,36960.0,1,20,1,2025-05-18/2025-05-24,2481
1890,-474,MNK,MNKM25,M30,2025-05-22 00:00:00,1747872000,37050.0,37050.0,37025.0,37025.0,2,15,2,2025-05-18/2025-05-24,2481
1891,-473,MNK,MNKM25,M30,2025-05-22 00:30:00,1747873800,37100.0,37105.0,37090.0,37105.0,6,5,30,2025-05-18/2025-05-24,2481
1892,-472,MNK,MNKM25,M30,2025-05-22 01:00:00,1747875600,37115.0,37115.0,37115.0,37115.0,1,20,1,2025-05-18/2025-05-24,2481
1893,-471,MNK,MNKM25,M30,2025-05-22 02:30:00,1747881000,36950.0,36950.0,36950.0,36950.0,1,5,1,2025-05-18/2025-05-24,2481
1894,-470,MNK,MNKM25,M30,2025-05-22 03:00:00,1747882800,36965.0,36975.0,36965.0,36975.0,2,20,2,2025-05-18/2025-05-24,2481
1895,-469,MNK,MNKM25,M30,2025-05-22 03:30:00,1747884600,36930.0,36930.0,36930.0,36930.0,1,20,1,2025-05-18/2025-05-24,2481
1896,-468,MNK,MNKM25,M30,2025-05-22 04:00:00,1747886400,36925.0,36925.0,36925.0,36925.0,1,20,1,2025-05-18/2025-05-24,2481
1897,-467,MNK,MNKM25,M30,2025-05-22 05:00:00,1747890000,36985.0,36985.0,36985.0,36985.0,3,5,30,2025-05-18/2025-05-24,2481
1898,-466,MNK,MNKM25,M30,2025-05-22 05:30:00,1747891800,37060.0,37060.0,37040.0,37050.0,9,5,54,2025-05-18/2025-05-24,2481
1899,-465,MNK,MNKM25,M30,2025-05-22 06:00:00,1747893600,37045.0,37045.0,36990.0,36990.0,5,5,14,2025-05-18/2025-05-24,2481
1900,-464,MNK,MNKM25,M30,2025-05-22 07:30:00,1747899000,36975.0,36975.0,36965.0,36975.0,4,5,4,2025-05-18/2025-05-24,2481
1901,-463,MNK,MNKM25,M30,2025-05-22 08:00:00,1747900800,36935.0,36970.0,36935.0,36970.0,2,5,2,2025-05-18/2025-05-24,2481
1902,-462,MNK,MNKM25,M30,2025-05-22 09:00:00,1747904400,36985.0,36985.0,36985.0,36985.0,2,5,5,2025-05-18/2025-05-24,2481
1903,-461,MNK,MNKM25,M30,2025-05-22 09:30:00,1747906200,36940.0,36950.0,36940.0,36950.0,3,10,6,2025-05-18/2025-05-24,2481
1904,-460,MNK,MNKM25,M30,2025-05-22 10:00:00,1747908000,36905.0,36905.0,36905.0,36905.0,1,20,1,2025-05-18/2025-05-24,2481
1905,-459,MNK,MNKM25,M30,2025-05-22 10:30:00,1747909800,36950.0,36950.0,36950.0,36950.0,1,20,1,2025-05-18/2025-05-24,2481
1906,-458,MNK,MNKM25,M30,2025-05-22 11:00:00,1747911600,36955.0,36955.0,36955.0,36955.0,2,15,2,2025-05-18/2025-05-24,2481
1907,-457,MNK,MNKM25,M30,2025-05-22 11:30:00,1747913400,36890.0,36890.0,36790.0,36790.0,10,5,21,2025-05-18/2025-05-24,2481
1908,-456,MNK,MNKM25,M30,2025-05-22 12:00:00,1747915200,36780.0,36810.0,36750.0,36750.0,10,5,10,2025-05-18/2025-05-24,2481
1909,-455,MNK,MNKM25,M30,2025-05-22 13:00:00,1747918800,36870.0,36870.0,36870.0,36870.0,1,5,10,2025-05-18/2025-05-24,2481
1910,-454,MNK,MNKM25,M30,2025-05-22 13:30:00,1747920600,36865.0,37020.0,36865.0,37020.0,18,5,84,2025-05-18/2025-05-24,2481
1911,-453,MNK,MNKM25,M30,2025-05-22 14:00:00,1747922400,37040.0,37040.0,37040.0,37040.0,1,10,3,2025-05-18/2025-05-24,2481
1912,-452,MNK,MNKM25,M30,2025-05-22 15:00:00,1747926000,37090.0,37090.0,37090.0,37090.0,1,10,3,2025-05-18/2025-05-24,2481
1913,-451,MNK,MNKM25,M30,2025-05-22 15:30:00,1747927800,37090.0,37100.0,37090.0,37100.0,2,15,4,2025-05-18/2025-05-24,2481
1914,-450,MNK,MNKM25,M30,2025-05-22 16:30:00,1747931400,37095.0,37095.0,37095.0,37095.0,1,10,1,2025-05-18/2025-05-24,2481
1915,-449,MNK,MNKM25,M30,2025-05-22 17:30:00,1747935000,37220.0,37230.0,37220.0,37230.0,2,10,2,2025-05-18/2025-05-24,2481
1916,-448,MNK,MNKM25,M30,2025-05-22 18:00:00,1747936800,37205.0,37205.0,37205.0,37205.0,2,5,20,2025-05-18/2025-05-24,2481
1917,-447,MNK,MNKM25,M30,2025-05-22 18:30:00,1747938600,37210.0,37210.0,37210.0,37210.0,1,5,1,2025-05-18/2025-05-24,2481
1918,-446,MNK,MNKM25,M30,2025-05-22 19:00:00,1747940400,37220.0,37240.0,37215.0,37240.0,4,5,4,2025-05-18/2025-05-24,2481
1919,-445,MNK,MNKM25,M30,2025-05-22 19:30:00,1747942200,37175.0,37180.0,37090.0,37090.0,14,5,44,2025-05-18/2025-05-24,2481
1920,-444,MNK,MNKM25,M30,2025-05-22 20:00:00,1747944000,37095.0,37100.0,37080.0,37080.0,4,10,4,2025-05-18/2025-05-24,2481
1921,-443,MNK,MNKM25,M30,2025-05-22 20:30:00,1747945800,37095.0,37130.0,37095.0,37130.0,2,5,2,2025-05-18/2025-05-24,2481
1922,-442,MNK,MNKM25,M30,2025-05-22 23:30:00,1747956600,37065.0,37145.0,37065.0,37145.0,3,5,4,2025-05-18/2025-05-24,2481
1923,-441,MNK,MNKM25,M30,2025-05-23 00:00:00,1747958400,37190.0,37245.0,37190.0,37200.0,4,5,4,2025-05-18/2025-05-24,2481
1924,-440,MNK,MNKM25,M30,2025-05-23 00:30:00,1747960200,37240.0,37325.0,37240.0,37320.0,8,5,9,2025-05-18/2025-05-24,2481
1925,-439,MNK,MNKM25,M30,2025-05-23 01:00:00,1747962000,37350.0,37350.0,37350.0,37350.0,1,5,1,2025-05-18/2025-05-24,2481
1926,-438,MNK,MNKM25,M30,2025-05-23 01:30:00,1747963800,37395.0,37400.0,37380.0,37390.0,5,5,5,2025-05-18/2025-05-24,2481
1927,-437,MNK,MNKM25,M30,2025-05-23 03:00:00,1747969200,37295.0,37295.0,37295.0,37295.0,1,15,1,2025-05-18/2025-05-24,2481
1928,-436,MNK,MNKM25,M30,2025-05-23 04:00:00,1747972800,37190.0,37190.0,37180.0,37180.0,2,10,2,2025-05-18/2025-05-24,2481
1929,-435,MNK,MNKM25,M30,2025-05-23 04:30:00,1747974600,37170.0,37180.0,37160.0,37180.0,3,5,3,2025-05-18/2025-05-24,2481
1930,-434,MNK,MNKM25,M30,2025-05-23 05:30:00,1747978200,37225.0,37225.0,37225.0,37225.0,2,5,11,2025-05-18/2025-05-24,2481
1931,-433,MNK,MNKM25,M30,2025-05-23 06:00:00,1747980000,37165.0,37165.0,37145.0,37155.0,3,5,13,2025-05-18/2025-05-24,2481
1932,-432,MNK,MNKM25,M30,2025-05-23 06:30:00,1747981800,37185.0,37185.0,37180.0,37180.0,2,5,2,2025-05-18/2025-05-24,2481
1933,-431,MNK,MNKM25,M30,2025-05-23 07:00:00,1747983600,37290.0,37290.0,37290.0,37290.0,1,10,2,2025-05-18/2025-05-24,2481
1934,-430,MNK,MNKM25,M30,2025-05-23 09:30:00,1747992600,37220.0,37220.0,37220.0,37220.0,1,5,2,2025-05-18/2025-05-24,2481
1935,-429,MNK,MNKM25,M30,2025-05-23 11:00:00,1747998000,37195.0,37195.0,37110.0,37110.0,8,5,24,2025-05-18/2025-05-24,2481
1936,-428,MNK,MNKM25,M30,2025-05-23 11:30:00,1747999800,37145.0,37145.0,36640.0,36640.0,80,5,236,2025-05-18/2025-05-24,2481
1937,-427,MNK,MNKM25,M30,2025-05-23 12:00:00,1748001600,36650.0,36690.0,36545.0,36680.0,31,5,63,2025-05-18/2025-05-24,2481
1938,-426,MNK,MNKM25,M30,2025-05-23 12:30:00,1748003400,36635.0,36635.0,36635.0,36635.0,1,15,2,2025-05-18/2025-05-24,2481
1939,-425,MNK,MNKM25,M30,2025-05-23 13:00:00,1748005200,36570.0,36575.0,36515.0,36565.0,24,5,93,2025-05-18/2025-05-24,2481
1940,-424,MNK,MNKM25,M30,2025-05-23 13:30:00,1748007000,36705.0,36755.0,36705.0,36725.0,17,5,71,2025-05-18/2025-05-24,2481
1941,-423,MNK,MNKM25,M30,2025-05-23 14:00:00,1748008800,36755.0,36805.0,36725.0,36795.0,32,5,74,2025-05-18/2025-05-24,2481
1942,-422,MNK,MNKM25,M30,2025-05-23 14:30:00,1748010600,36800.0,36800.0,36800.0,36800.0,4,5,4,2025-05-18/2025-05-24,2481
1943,-421,MNK,MNKM25,M30,2025-05-23 15:00:00,1748012400,36780.0,36815.0,36745.0,36815.0,9,5,16,2025-05-18/2025-05-24,2481
1944,-420,MNK,MNKM25,M30,2025-05-23 15:30:00,1748014200,36830.0,36850.0,36830.0,36835.0,5,5,5,2025-05-18/2025-05-24,2481
1945,-419,MNK,MNKM25,M30,2025-05-23 16:00:00,1748016000,36850.0,36860.0,36820.0,36860.0,16,5,95,2025-05-18/2025-05-24,2481
1946,-418,MNK,MNKM25,M30,2025-05-23 17:00:00,1748019600,36885.0,36900.0,36880.0,36900.0,4,5,10,2025-05-18/2025-05-24,2481
1947,-417,MNK,MNKM25,M30,2025-05-23 17:30:00,1748021400,36950.0,36950.0,36950.0,36950.0,1,20,4,2025-05-18/2025-05-24,2481
1948,-416,MNK,MNKM25,M30,2025-05-23 18:00:00,1748023200,36950.0,36970.0,36950.0,36970.0,3,10,7,2025-05-18/2025-05-24,2481
1949,-415,MNK,MNKM25,M30,2025-05-23 18:30:00,1748025000,36880.0,36880.0,36880.0,36880.0,1,10,1,2025-05-18/2025-05-24,2481
1950,-414,MNK,MNKM25,M30,2025-05-23 19:30:00,1748028600,36870.0,36905.0,36860.0,36905.0,4,5,4,2025-05-18/2025-05-24,2481
1951,-413,MNK,MNKM25,M30,2025-05-23 20:00:00,1748030400,36840.0,36865.0,36820.0,36865.0,3,10,6,2025-05-18/2025-05-24,2481
1952,-412,MNK,MNKM25,M30,2025-05-25 22:00:00,1748210400,36980.0,37200.0,36980.0,37200.0,8,5,9,2025-05-25/2025-05-31,1415
1953,-411,MNK,MNKM25,M30,2025-05-25 22:30:00,1748212200,37180.0,37180.0,37180.0,37180.0,2,10,4,2025-05-25/2025-05-31,1415
1954,-410,MNK,MNKM25,M30,2025-05-25 23:30:00,1748215800,37215.0,37275.0,37215.0,37240.0,7,5,16,2025-05-25/2025-05-31,1415
1955,-409,MNK,MNKM25,M30,2025-05-26 00:00:00,1748217600,37250.0,37365.0,37250.0,37355.0,18,5,61,2025-05-25/2025-05-31,1415
1956,-408,MNK,MNKM25,M30,2025-05-26 00:30:00,1748219400,37365.0,37445.0,37365.0,37445.0,12,5,42,2025-05-25/2025-05-31,1415
1957,-407,MNK,MNKM25,M30,2025-05-26 01:00:00,1748221200,37455.0,37530.0,37440.0,37440.0,16,5,63,2025-05-25/2025-05-31,1415
1958,-406,MNK,MNKM25,M30,2025-05-26 01:30:00,1748223000,37470.0,37480.0,37460.0,37460.0,4,5,4,2025-05-25/2025-05-31,1415
1959,-405,MNK,MNKM25,M30,2025-05-26 02:00:00,1748224800,37430.0,37430.0,37420.0,37420.0,2,15,2,2025-05-25/2025-05-31,1415
1960,-404,MNK,MNKM25,M30,2025-05-26 02:30:00,1748226600,37345.0,37345.0,37345.0,37345.0,1,10,1,2025-05-25/2025-05-31,1415
1961,-403,MNK,MNKM25,M30,2025-05-26 04:00:00,1748232000,37500.0,37500.0,37465.0,37465.0,2,15,2,2025-05-25/2025-05-31,1415
1962,-402,MNK,MNKM25,M30,2025-05-26 04:30:00,1748233800,37505.0,37520.0,37500.0,37500.0,10,10,47,2025-05-25/2025-05-31,1415
1963,-401,MNK,MNKM25,M30,2025-05-26 05:00:00,1748235600,37500.0,37500.0,37500.0,37500.0,1,10,1,2025-05-25/2025-05-31,1415
1964,-400,MNK,MNKM25,M30,2025-05-26 05:30:00,1748237400,37555.0,37555.0,37555.0,37555.0,2,5,2,2025-05-25/2025-05-31,1415
1965,-399,MNK,MNKM25,M30,2025-05-26 06:30:00,1748241000,37600.0,37635.0,37600.0,37625.0,6,5,11,2025-05-25/2025-05-31,1415
1966,-398,MNK,MNKM25,M30,2025-05-26 07:00:00,1748242800,37610.0,37610.0,37600.0,37600.0,3,5,4,2025-05-25/2025-05-31,1415
1967,-397,MNK,MNKM25,M30,2025-05-26 07:30:00,1748244600,37575.0,37575.0,37575.0,37575.0,1,10,3,2025-05-25/2025-05-31,1415
1968,-396,MNK,MNKM25,M30,2025-05-26 08:00:00,1748246400,37630.0,37630.0,37605.0,37605.0,2,10,2,2025-05-25/2025-05-31,1415
1969,-395,MNK,MNKM25,M30,2025-05-26 08:30:00,1748248200,37595.0,37595.0,37595.0,37595.0,2,5,11,2025-05-25/2025-05-31,1415
1970,-394,MNK,MNKM25,M30,2025-05-26 11:00:00,1748257200,37660.0,37660.0,37660.0,37660.0,1,15,1,2025-05-25/2025-05-31,1415
1971,-393,MNK,MNKM25,M30,2025-05-26 23:00:00,1748300400,37570.0,37570.0,37570.0,37570.0,1,20,1,2025-05-25/2025-05-31,1415
1972,-392,MNK,MNKM25,M30,2025-05-27 00:00:00,1748304000,37520.0,37520.0,37520.0,37520.0,1,15,1,2025-05-25/2025-05-31,1415
1973,-391,MNK,MNKM25,M30,2025-05-27 00:30:00,1748305800,37475.0,37565.0,37475.0,37565.0,3,5,3,2025-05-25/2025-05-31,1415
1974,-390,MNK,MNKM25,M30,2025-05-27 01:30:00,1748309400,37470.0,37470.0,37460.0,37460.0,3,5,7,2025-05-25/2025-05-31,1415
1975,-389,MNK,MNKM25,M30,2025-05-27 03:00:00,1748314800,37475.0,37475.0,37475.0,37475.0,1,5,1,2025-05-25/2025-05-31,1415
1976,-388,MNK,MNKM25,M30,2025-05-27 04:00:00,1748318400,37480.0,37490.0,37480.0,37490.0,6,5,7,2025-05-25/2025-05-31,1415
1977,-387,MNK,MNKM25,M30,2025-05-27 04:30:00,1748320200,37535.0,37535.0,37535.0,37535.0,1,10,1,2025-05-25/2025-05-31,1415
1978,-386,MNK,MNKM25,M30,2025-05-27 05:00:00,1748322000,37550.0,37605.0,37550.0,37605.0,4,10,10,2025-05-25/2025-05-31,1415
1979,-385,MNK,MNKM25,M30,2025-05-27 05:30:00,1748323800,37785.0,37785.0,37785.0,37785.0,1,10,1,2025-05-25/2025-05-31,1415
1980,-384,MNK,MNKM25,M30,2025-05-27 06:00:00,1748325600,37745.0,37745.0,37745.0,37745.0,1,5,1,2025-05-25/2025-05-31,1415
1981,-383,MNK,MNKM25,M30,2025-05-27 06:30:00,1748327400,37810.0,37850.0,37810.0,37850.0,2,5,2,2025-05-25/2025-05-31,1415
1982,-382,MNK,MNKM25,M30,2025-05-27 07:00:00,1748329200,37885.0,37885.0,37870.0,37870.0,2,5,2,2025-05-25/2025-05-31,1415
1983,-381,MNK,MNKM25,M30,2025-05-27 07:30:00,1748331000,37975.0,37980.0,37975.0,37980.0,2,5,2,2025-05-25/2025-05-31,1415
1984,-380,MNK,MNKM25,M30,2025-05-27 08:00:00,1748332800,37920.0,37930.0,37920.0,37930.0,2,10,2,2025-05-25/2025-05-31,1415
1985,-379,MNK,MNKM25,M30,2025-05-27 08:30:00,1748334600,37885.0,37885.0,37885.0,37885.0,2,5,4,2025-05-25/2025-05-31,1415
1986,-378,MNK,MNKM25,M30,2025-05-27 09:00:00,1748336400,37955.0,37955.0,37955.0,37955.0,1,5,1,2025-05-25/2025-05-31,1415
1987,-377,MNK,MNKM25,M30,2025-05-27 09:30:00,1748338200,37920.0,37920.0,37920.0,37920.0,1,10,1,2025-05-25/2025-05-31,1415
1988,-376,MNK,MNKM25,M30,2025-05-27 10:30:00,1748341800,38025.0,38040.0,38010.0,38040.0,11,5,29,2025-05-25/2025-05-31,1415
1989,-375,MNK,MNKM25,M30,2025-05-27 11:00:00,1748343600,38020.0,38020.0,38020.0,38020.0,1,15,1,2025-05-25/2025-05-31,1415
1990,-374,MNK,MNKM25,M30,2025-05-27 11:30:00,1748345400,38060.0,38060.0,38060.0,38060.0,1,10,1,2025-05-25/2025-05-31,1415
1991,-373,MNK,MNKM25,M30,2025-05-27 12:00:00,1748347200,38085.0,38095.0,38065.0,38095.0,10,5,27,2025-05-25/2025-05-31,1415
1992,-372,MNK,MNKM25,M30,2025-05-27 12:30:00,1748349000,38105.0,38115.0,38105.0,38115.0,3,5,6,2025-05-25/2025-05-31,1415
1993,-371,MNK,MNKM25,M30,2025-05-27 13:00:00,1748350800,38145.0,38160.0,38130.0,38130.0,5,10,14,2025-05-25/2025-05-31,1415
1994,-370,MNK,MNKM25,M30,2025-05-27 13:30:00,1748352600,38065.0,38150.0,38065.0,38150.0,8,5,10,2025-05-25/2025-05-31,1415
1995,-369,MNK,MNKM25,M30,2025-05-27 14:00:00,1748354400,38215.0,38215.0,38205.0,38215.0,4,5,4,2025-05-25/2025-05-31,1415
1996,-368,MNK,MNKM25,M30,2025-05-27 14:30:00,1748356200,38250.0,38250.0,38225.0,38225.0,2,15,2,2025-05-25/2025-05-31,1415
1997,-367,MNK,MNKM25,M30,2025-05-27 15:00:00,1748358000,38220.0,38255.0,38210.0,38255.0,4,10,4,2025-05-25/2025-05-31,1415
1998,-366,MNK,MNKM25,M30,2025-05-27 15:30:00,1748359800,38265.0,38300.0,38265.0,38300.0,4,5,4,2025-05-25/2025-05-31,1415
1999,-365,MNK,MNKM25,M30,2025-05-27 16:00:00,1748361600,38345.0,38345.0,38345.0,38345.0,1,5,2,2025-05-25/2025-05-31,1415
2000,-364,MNK,MNKM25,M30,2025-05-27 16:30:00,1748363400,38385.0,38385.0,38380.0,38380.0,3,10,4,2025-05-25/2025-05-31,1415
2001,-363,MNK,MNKM25,M30,2025-05-27 17:30:00,1748367000,38375.0,38375.0,38375.0,38375.0,1,20,10,2025-05-25/2025-05-31,1415
2002,-362,MNK,MNKM25,M30,2025-05-27 18:30:00,1748370600,38345.0,38345.0,38345.0,38345.0,1,20,1,2025-05-25/2025-05-31,1415
2003,-361,MNK,MNKM25,M30,2025-05-27 19:30:00,1748374200,38360.0,38375.0,38345.0,38370.0,6,5,7,2025-05-25/2025-05-31,1415
2004,-360,MNK,MNKM25,M30,2025-05-27 20:00:00,1748376000,38380.0,38380.0,38380.0,38380.0,1,15,2,2025-05-25/2025-05-31,1415
2005,-359,MNK,MNKM25,M30,2025-05-27 20:30:00,1748377800,38370.0,38370.0,38370.0,38370.0,1,10,2,2025-05-25/2025-05-31,1415
2006,-358,MNK,MNKM25,M30,2025-05-27 22:00:00,1748383200,38330.0,38330.0,38330.0,38330.0,1,15,1,2025-05-25/2025-05-31,1415
2007,-357,MNK,MNKM25,M30,2025-05-27 22:30:00,1748385000,38355.0,38355.0,38340.0,38340.0,2,15,2,2025-05-25/2025-05-31,1415
2008,-356,MNK,MNKM25,M30,2025-05-27 23:00:00,1748386800,38325.0,38325.0,38325.0,38325.0,1,15,1,2025-05-25/2025-05-31,1415
2009,-355,MNK,MNKM25,M30,2025-05-27 23:30:00,1748388600,38325.0,38325.0,38250.0,38300.0,7,5,26,2025-05-25/2025-05-31,1415
2010,-354,MNK,MNKM25,M30,2025-05-28 00:00:00,1748390400,38160.0,38165.0,38050.0,38080.0,10,5,11,2025-05-25/2025-05-31,1415
2011,-353,MNK,MNKM25,M30,2025-05-28 00:30:00,1748392200,38040.0,38040.0,38010.0,38020.0,3,5,3,2025-05-25/2025-05-31,1415
2012,-352,MNK,MNKM25,M30,2025-05-28 01:00:00,1748394000,38065.0,38065.0,37980.0,37980.0,4,5,4,2025-05-25/2025-05-31,1415
2013,-351,MNK,MNKM25,M30,2025-05-28 01:30:00,1748395800,37975.0,38025.0,37975.0,37985.0,6,5,6,2025-05-25/2025-05-31,1415
2014,-350,MNK,MNKM25,M30,2025-05-28 02:00:00,1748397600,37970.0,37970.0,37950.0,37955.0,9,5,9,2025-05-25/2025-05-31,1415
2015,-349,MNK,MNKM25,M30,2025-05-28 02:30:00,1748399400,38025.0,38030.0,38025.0,38030.0,2,15,2,2025-05-25/2025-05-31,1415
2016,-348,MNK,MNKM25,M30,2025-05-28 03:30:00,1748403000,38015.0,38015.0,37870.0,37870.0,17,10,23,2025-05-25/2025-05-31,1415
2017,-347,MNK,MNKM25,M30,2025-05-28 04:00:00,1748404800,37875.0,37900.0,37860.0,37880.0,6,15,7,2025-05-25/2025-05-31,1415
2018,-346,MNK,MNKM25,M30,2025-05-28 04:30:00,1748406600,37850.0,37850.0,37805.0,37830.0,3,5,9,2025-05-25/2025-05-31,1415
2019,-345,MNK,MNKM25,M30,2025-05-28 05:00:00,1748408400,37830.0,37885.0,37830.0,37870.0,3,5,4,2025-05-25/2025-05-31,1415
2020,-344,MNK,MNKM25,M30,2025-05-28 05:30:00,1748410200,37875.0,37875.0,37870.0,37870.0,4,5,11,2025-05-25/2025-05-31,1415
2021,-343,MNK,MNKM25,M30,2025-05-28 06:00:00,1748412000,37815.0,37820.0,37785.0,37785.0,3,10,8,2025-05-25/2025-05-31,1415
2022,-342,MNK,MNKM25,M30,2025-05-28 06:30:00,1748413800,37755.0,37775.0,37755.0,37775.0,6,5,6,2025-05-25/2025-05-31,1415
2023,-341,MNK,MNKM25,M30,2025-05-28 07:00:00,1748415600,37795.0,37840.0,37795.0,37840.0,3,10,16,2025-05-25/2025-05-31,1415
2024,-340,MNK,MNKM25,M30,2025-05-28 07:30:00,1748417400,37835.0,37835.0,37820.0,37820.0,3,5,20,2025-05-25/2025-05-31,1415
2025,-339,MNK,MNKM25,M30,2025-05-28 08:00:00,1748419200,37785.0,37790.0,37780.0,37790.0,4,5,7,2025-05-25/2025-05-31,1415
2026,-338,MNK,MNKM25,M30,2025-05-28 08:30:00,1748421000,37700.0,37700.0,37700.0,37700.0,2,5,2,2025-05-25/2025-05-31,1415
2027,-337,MNK,MNKM25,M30,2025-05-28 09:00:00,1748422800,37710.0,37725.0,37710.0,37725.0,2,15,2,2025-05-25/2025-05-31,1415
2028,-336,MNK,MNKM25,M30,2025-05-28 12:00:00,1748433600,37860.0,37880.0,37860.0,37880.0,2,5,2,2025-05-25/2025-05-31,1415
2029,-335,MNK,MNKM25,M30,2025-05-28 13:30:00,1748439000,37930.0,37930.0,37930.0,37930.0,1,5,1,2025-05-25/2025-05-31,1415
2030,-334,MNK,MNKM25,M30,2025-05-28 14:00:00,1748440800,37895.0,37895.0,37895.0,37895.0,1,5,1,2025-05-25/2025-05-31,1415
2031,-333,MNK,MNKM25,M30,2025-05-28 15:00:00,1748444400,37870.0,37870.0,37870.0,37870.0,1,20,4,2025-05-25/2025-05-31,1415
2032,-332,MNK,MNKM25,M30,2025-05-28 15:30:00,1748446200,37920.0,37920.0,37920.0,37920.0,1,5,1,2025-05-25/2025-05-31,1415
2033,-331,MNK,MNKM25,M30,2025-05-28 18:30:00,1748457000,37905.0,37905.0,37860.0,37860.0,4,5,7,2025-05-25/2025-05-31,1415
2034,-330,MNK,MNKM25,M30,2025-05-28 19:00:00,1748458800,37935.0,37935.0,37925.0,37930.0,5,5,32,2025-05-25/2025-05-31,1415
2035,-329,MNK,MNKM25,M30,2025-05-28 19:30:00,1748460600,37830.0,37895.0,37815.0,37895.0,6,5,6,2025-05-25/2025-05-31,1415
2036,-328,MNK,MNKM25,M30,2025-05-28 20:00:00,1748462400,37880.0,37940.0,37850.0,37940.0,27,5,51,2025-05-25/2025-05-31,1415
2037,-327,MNK,MNKM25,M30,2025-05-28 20:30:00,1748464200,37955.0,37955.0,37955.0,37955.0,4,10,4,2025-05-25/2025-05-31,1415
2038,-326,MNK,MNKM25,M30,2025-05-28 22:00:00,1748469600,37940.0,37985.0,37940.0,37950.0,4,25,4,2025-05-25/2025-05-31,1415
2039,-325,MNK,MNKM25,M30,2025-05-28 22:30:00,1748471400,38045.0,38045.0,38025.0,38025.0,2,10,2,2025-05-25/2025-05-31,1415
2040,-324,MNK,MNKM25,M30,2025-05-28 23:00:00,1748473200,38050.0,38380.0,38050.0,38340.0,15,5,16,2025-05-25/2025-05-31,1415
2041,-323,MNK,MNKM25,M30,2025-05-28 23:30:00,1748475000,38330.0,38370.0,38155.0,38200.0,13,5,15,2025-05-25/2025-05-31,1415
2042,-322,MNK,MNKM25,M30,2025-05-29 00:00:00,1748476800,38215.0,38320.0,38155.0,38205.0,9,5,25,2025-05-25/2025-05-31,1415
2043,-321,MNK,MNKM25,M30,2025-05-29 00:30:00,1748478600,38195.0,38350.0,38190.0,38345.0,30,5,79,2025-05-25/2025-05-31,1415
2044,-320,MNK,MNKM25,M30,2025-05-29 01:00:00,1748480400,38345.0,38345.0,38200.0,38210.0,7,5,15,2025-05-25/2025-05-31,1415
2045,-319,MNK,MNKM25,M30,2025-05-29 01:30:00,1748482200,38290.0,38410.0,38290.0,38410.0,13,5,34,2025-05-25/2025-05-31,1415
2046,-318,MNK,MNKM25,M30,2025-05-29 02:00:00,1748484000,38315.0,38395.0,38315.0,38385.0,4,10,4,2025-05-25/2025-05-31,1415
2047,-317,MNK,MNKM25,M30,2025-05-29 03:00:00,1748487600,38450.0,38450.0,38450.0,38450.0,1,20,2,2025-05-25/2025-05-31,1415
2048,-316,MNK,MNKM25,M30,2025-05-29 03:30:00,1748489400,38375.0,38375.0,38375.0,38375.0,1,20,2,2025-05-25/2025-05-31,1415
2049,-315,MNK,MNKM25,M30,2025-05-29 04:30:00,1748493000,38305.0,38375.0,38305.0,38375.0,2,10,2,2025-05-25/2025-05-31,1415
2050,-314,MNK,MNKM25,M30,2025-05-29 05:00:00,1748494800,38390.0,38390.0,38390.0,38390.0,1,20,1,2025-05-25/2025-05-31,1415
2051,-313,MNK,MNKM25,M30,2025-05-29 05:30:00,1748496600,38450.0,38450.0,38450.0,38450.0,1,15,1,2025-05-25/2025-05-31,1415
2052,-312,MNK,MNKM25,M30,2025-05-29 06:00:00,1748498400,38450.0,38450.0,38450.0,38450.0,1,10,1,2025-05-25/2025-05-31,1415
2053,-311,MNK,MNKM25,M30,2025-05-29 06:30:00,1748500200,38445.0,38445.0,38445.0,38445.0,1,5,3,2025-05-25/2025-05-31,1415
2054,-310,MNK,MNKM25,M30,2025-05-29 07:00:00,1748502000,38395.0,38395.0,38395.0,38395.0,1,20,4,2025-05-25/2025-05-31,1415
2055,-309,MNK,MNKM25,M30,2025-05-29 07:30:00,1748503800,38365.0,38365.0,38355.0,38355.0,2,10,11,2025-05-25/2025-05-31,1415
2056,-308,MNK,MNKM25,M30,2025-05-29 08:00:00,1748505600,38410.0,38410.0,38410.0,38410.0,1,10,2,2025-05-25/2025-05-31,1415
2057,-307,MNK,MNKM25,M30,2025-05-29 08:30:00,1748507400,38240.0,38250.0,38240.0,38245.0,3,5,3,2025-05-25/2025-05-31,1415
2058,-306,MNK,MNKM25,M30,2025-05-29 09:00:00,1748509200,38240.0,38240.0,38240.0,38240.0,1,15,1,2025-05-25/2025-05-31,1415
2059,-305,MNK,MNKM25,M30,2025-05-29 10:00:00,1748512800,38190.0,38190.0,38190.0,38190.0,1,15,2,2025-05-25/2025-05-31,1415
2060,-304,MNK,MNKM25,M30,2025-05-29 11:00:00,1748516400,38115.0,38115.0,38115.0,38115.0,1,10,1,2025-05-25/2025-05-31,1415
2061,-303,MNK,MNKM25,M30,2025-05-29 12:00:00,1748520000,38065.0,38065.0,38065.0,38065.0,1,850,10,2025-05-25/2025-05-31,1415
2062,-302,MNK,MNKM25,M30,2025-05-29 12:30:00,1748521800,38140.0,38140.0,38015.0,38015.0,3,5,9,2025-05-25/2025-05-31,1415
2063,-301,MNK,MNKM25,M30,2025-05-29 13:00:00,1748523600,38040.0,38040.0,38040.0,38040.0,1,20,2,2025-05-25/2025-05-31,1415
2064,-300,MNK,MNKM25,M30,2025-05-29 13:30:00,1748525400,37890.0,37945.0,37855.0,37945.0,5,5,7,2025-05-25/2025-05-31,1415
2065,-299,MNK,MNKM25,M30,2025-05-29 14:00:00,1748527200,37800.0,37820.0,37785.0,37820.0,3,5,3,2025-05-25/2025-05-31,1415
2066,-298,MNK,MNKM25,M30,2025-05-29 14:30:00,1748529000,37880.0,37880.0,37880.0,37880.0,5,5,23,2025-05-25/2025-05-31,1415
2067,-297,MNK,MNKM25,M30,2025-05-29 15:00:00,1748530800,37905.0,37905.0,37905.0,37905.0,1,15,1,2025-05-25/2025-05-31,1415
2068,-296,MNK,MNKM25,M30,2025-05-29 15:30:00,1748532600,37900.0,37900.0,37900.0,37900.0,1,10,2,2025-05-25/2025-05-31,1415
2069,-295,MNK,MNKM25,M30,2025-05-29 16:00:00,1748534400,37805.0,37865.0,37805.0,37865.0,4,10,4,2025-05-25/2025-05-31,1415
2070,-294,MNK,MNKM25,M30,2025-05-29 16:30:00,1748536200,37905.0,37915.0,37895.0,37915.0,5,5,5,2025-05-25/2025-05-31,1415
2071,-293,MNK,MNKM25,M30,2025-05-29 18:30:00,1748543400,37910.0,37910.0,37910.0,37910.0,2,5,20,2025-05-25/2025-05-31,1415
2072,-292,MNK,MNKM25,M30,2025-05-29 19:00:00,1748545200,37905.0,37905.0,37905.0,37905.0,2,5,2,2025-05-25/2025-05-31,1415
2073,-291,MNK,MNKM25,M30,2025-05-29 19:30:00,1748547000,37930.0,37945.0,37930.0,37945.0,3,5,8,2025-05-25/2025-05-31,1415
2074,-290,MNK,MNKM25,M30,2025-05-29 20:30:00,1748550600,37940.0,37955.0,37940.0,37955.0,3,15,3,2025-05-25/2025-05-31,1415
2075,-289,MNK,MNKM25,M30,2025-05-29 22:00:00,1748556000,37880.0,37885.0,37880.0,37885.0,2,10,2,2025-05-25/2025-05-31,1415
2076,-288,MNK,MNKM25,M30,2025-05-29 23:30:00,1748561400,37850.0,37850.0,37850.0,37850.0,1,10,3,2025-05-25/2025-05-31,1415
2077,-287,MNK,MNKM25,M30,2025-05-30 00:00:00,1748563200,37865.0,37865.0,37790.0,37835.0,5,5,5,2025-05-25/2025-05-31,1415
2078,-286,MNK,MNKM25,M30,2025-05-30 00:30:00,1748565000,37880.0,37880.0,37860.0,37860.0,2,5,3,2025-05-25/2025-05-31,1415
2079,-285,MNK,MNKM25,M30,2025-05-30 01:00:00,1748566800,37825.0,37855.0,37795.0,37825.0,7,10,17,2025-05-25/2025-05-31,1415
2080,-284,MNK,MNKM25,M30,2025-05-30 01:30:00,1748568600,37910.0,37910.0,37910.0,37910.0,2,5,3,2025-05-25/2025-05-31,1415
2081,-283,MNK,MNKM25,M30,2025-05-30 02:00:00,1748570400,37955.0,37955.0,37955.0,37955.0,1,10,2,2025-05-25/2025-05-31,1415
2082,-282,MNK,MNKM25,M30,2025-05-30 02:30:00,1748572200,37930.0,37930.0,37920.0,37920.0,3,5,3,2025-05-25/2025-05-31,1415
2083,-281,MNK,MNKM25,M30,2025-05-30 03:00:00,1748574000,37930.0,37930.0,37930.0,37930.0,1,5,1,2025-05-25/2025-05-31,1415
2084,-280,MNK,MNKM25,M30,2025-05-30 04:00:00,1748577600,37940.0,37940.0,37895.0,37895.0,2,15,11,2025-05-25/2025-05-31,1415
2085,-279,MNK,MNKM25,M30,2025-05-30 05:00:00,1748581200,38045.0,38045.0,38045.0,38045.0,2,5,2,2025-05-25/2025-05-31,1415
2086,-278,MNK,MNKM25,M30,2025-05-30 05:30:00,1748583000,38095.0,38095.0,38095.0,38095.0,2,5,2,2025-05-25/2025-05-31,1415
2087,-277,MNK,MNKM25,M30,2025-05-30 06:00:00,1748584800,38130.0,38130.0,38115.0,38115.0,3,5,3,2025-05-25/2025-05-31,1415
2088,-276,MNK,MNKM25,M30,2025-05-30 06:30:00,1748586600,38045.0,38045.0,37985.0,37985.0,2,5,3,2025-05-25/2025-05-31,1415
2089,-275,MNK,MNKM25,M30,2025-05-30 07:00:00,1748588400,37990.0,37990.0,37990.0,37990.0,1,10,1,2025-05-25/2025-05-31,1415
2090,-274,MNK,MNKM25,M30,2025-05-30 08:00:00,1748592000,38030.0,38040.0,38030.0,38040.0,2,15,3,2025-05-25/2025-05-31,1415
2091,-273,MNK,MNKM25,M30,2025-05-30 10:00:00,1748599200,37905.0,37925.0,37905.0,37925.0,2,15,2,2025-05-25/2025-05-31,1415
2092,-272,MNK,MNKM25,M30,2025-05-30 12:00:00,1748606400,37880.0,37880.0,37650.0,37745.0,51,5,100,2025-05-25/2025-05-31,1415
2093,-271,MNK,MNKM25,M30,2025-05-30 12:30:00,1748608200,37755.0,37755.0,37755.0,37755.0,2,10,11,2025-05-25/2025-05-31,1415
2094,-270,MNK,MNKM25,M30,2025-05-30 13:00:00,1748610000,37795.0,37810.0,37785.0,37790.0,5,5,11,2025-05-25/2025-05-31,1415
2095,-269,MNK,MNKM25,M30,2025-05-30 13:30:00,1748611800,37765.0,37765.0,37710.0,37710.0,4,5,4,2025-05-25/2025-05-31,1415
2096,-268,MNK,MNKM25,M30,2025-05-30 14:00:00,1748613600,37695.0,37790.0,37690.0,37790.0,8,5,32,2025-05-25/2025-05-31,1415
2097,-267,MNK,MNKM25,M30,2025-05-30 14:30:00,1748615400,37800.0,37800.0,37800.0,37800.0,1,15,1,2025-05-25/2025-05-31,1415
2098,-266,MNK,MNKM25,M30,2025-05-30 15:00:00,1748617200,37770.0,37770.0,37755.0,37755.0,2,10,2,2025-05-25/2025-05-31,1415
2099,-265,MNK,MNKM25,M30,2025-05-30 15:30:00,1748619000,37720.0,37720.0,37710.0,37710.0,4,5,4,2025-05-25/2025-05-31,1415
2100,-264,MNK,MNKM25,M30,2025-05-30 16:00:00,1748620800,37740.0,37740.0,37520.0,37555.0,15,5,47,2025-05-25/2025-05-31,1415
2101,-263,MNK,MNKM25,M30,2025-05-30 16:30:00,1748622600,37505.0,37515.0,37430.0,37455.0,10,5,29,2025-05-25/2025-05-31,1415
2102,-262,MNK,MNKM25,M30,2025-05-30 17:00:00,1748624400,37500.0,37525.0,37500.0,37510.0,5,5,6,2025-05-25/2025-05-31,1415
2103,-261,MNK,MNKM25,M30,2025-05-30 17:30:00,1748626200,37535.0,37535.0,37535.0,37535.0,1,15,2,2025-05-25/2025-05-31,1415
2104,-260,MNK,MNKM25,M30,2025-05-30 19:00:00,1748631600,37660.0,37660.0,37660.0,37660.0,2,10,2,2025-05-25/2025-05-31,1415
2105,-259,MNK,MNKM25,M30,2025-05-30 19:30:00,1748633400,37695.0,37790.0,37695.0,37755.0,8,10,10,2025-05-25/2025-05-31,1415
2106,-258,MNK,MNKM25,M30,2025-05-30 20:00:00,1748635200,37745.0,37745.0,37745.0,37745.0,1,25,2,2025-05-25/2025-05-31,1415
2107,-257,MNK,MNKM25,M30,2025-05-30 20:30:00,1748637000,37690.0,37700.0,37690.0,37700.0,4,5,5,2025-05-25/2025-05-31,1415
2108,-256,MNK,MNKM25,M30,2025-06-01 22:00:00,1748815200,37705.0,37705.0,37610.0,37680.0,9,5,11,2025-06-01/2025-06-07,1780
2109,-255,MNK,MNKM25,M30,2025-06-01 22:30:00,1748817000,37620.0,37620.0,37620.0,37620.0,1,10,10,2025-06-01/2025-06-07,1780
2110,-254,MNK,MNKM25,M30,2025-06-01 23:00:00,1748818800,37595.0,37595.0,37595.0,37595.0,1,20,1,2025-06-01/2025-06-07,1780
2111,-253,MNK,MNKM25,M30,2025-06-02 00:00:00,1748822400,37535.0,37565.0,37500.0,37505.0,6,10,27,2025-06-01/2025-06-07,1780
2112,-252,MNK,MNKM25,M30,2025-06-02 01:00:00,1748826000,37540.0,37540.0,37525.0,37525.0,2,5,4,2025-06-01/2025-06-07,1780
2113,-251,MNK,MNKM25,M30,2025-06-02 01:30:00,1748827800,37445.0,37445.0,37445.0,37445.0,2,5,20,2025-06-01/2025-06-07,1780
2114,-250,MNK,MNKM25,M30,2025-06-02 02:00:00,1748829600,37440.0,37465.0,37440.0,37465.0,3,10,4,2025-06-01/2025-06-07,1780
2115,-249,MNK,MNKM25,M30,2025-06-02 02:30:00,1748831400,37430.0,37430.0,37415.0,37415.0,3,5,3,2025-06-01/2025-06-07,1780
2116,-248,MNK,MNKM25,M30,2025-06-02 03:00:00,1748833200,37365.0,37370.0,37350.0,37365.0,5,5,6,2025-06-01/2025-06-07,1780
2117,-247,MNK,MNKM25,M30,2025-06-02 03:30:00,1748835000,37385.0,37385.0,37385.0,37385.0,1,10,1,2025-06-01/2025-06-07,1780
2118,-246,MNK,MNKM25,M30,2025-06-02 04:00:00,1748836800,37435.0,37435.0,37435.0,37435.0,1,5,2,2025-06-01/2025-06-07,1780
2119,-245,MNK,MNKM25,M30,2025-06-02 05:00:00,1748840400,37480.0,37480.0,37470.0,37470.0,6,5,16,2025-06-01/2025-06-07,1780
2120,-244,MNK,MNKM25,M30,2025-06-02 06:30:00,1748845800,37490.0,37500.0,37485.0,37500.0,3,5,4,2025-06-01/2025-06-07,1780
2121,-243,MNK,MNKM25,M30,2025-06-02 07:00:00,1748847600,37475.0,37545.0,37475.0,37525.0,6,5,6,2025-06-01/2025-06-07,1780
2122,-242,MNK,MNKM25,M30,2025-06-02 08:00:00,1748851200,37505.0,37505.0,37505.0,37505.0,1,15,6,2025-06-01/2025-06-07,1780
2123,-241,MNK,MNKM25,M30,2025-06-02 08:30:00,1748853000,37545.0,37550.0,37505.0,37505.0,7,10,10,2025-06-01/2025-06-07,1780
2124,-240,MNK,MNKM25,M30,2025-06-02 09:30:00,1748856600,37460.0,37460.0,37460.0,37460.0,1,20,1,2025-06-01/2025-06-07,1780
2125,-239,MNK,MNKM25,M30,2025-06-02 10:00:00,1748858400,37510.0,37510.0,37510.0,37510.0,1,5,1,2025-06-01/2025-06-07,1780
2126,-238,MNK,MNKM25,M30,2025-06-02 12:00:00,1748865600,37515.0,37515.0,37515.0,37515.0,1,15,1,2025-06-01/2025-06-07,1780
2127,-237,MNK,MNKM25,M30,2025-06-02 12:30:00,1748867400,37540.0,37540.0,37540.0,37540.0,1,20,1,2025-06-01/2025-06-07,1780
2128,-236,MNK,MNKM25,M30,2025-06-02 13:30:00,1748871000,37580.0,37580.0,37425.0,37425.0,2,15,2,2025-06-01/2025-06-07,1780
2129,-235,MNK,MNKM25,M30,2025-06-02 14:00:00,1748872800,37325.0,37455.0,37325.0,37455.0,6,5,16,2025-06-01/2025-06-07,1780
2130,-234,MNK,MNKM25,M30,2025-06-02 14:30:00,1748874600,37545.0,37585.0,37545.0,37555.0,22,5,126,2025-06-01/2025-06-07,1780
2131,-233,MNK,MNKM25,M30,2025-06-02 15:00:00,1748876400,37585.0,37590.0,37570.0,37575.0,21,5,96,2025-06-01/2025-06-07,1780
2132,-232,MNK,MNKM25,M30,2025-06-02 15:30:00,1748878200,37565.0,37565.0,37565.0,37565.0,5,10,5,2025-06-01/2025-06-07,1780
2133,-231,MNK,MNKM25,M30,2025-06-02 16:30:00,1748881800,37640.0,37640.0,37640.0,37640.0,1,15,1,2025-06-01/2025-06-07,1780
2134,-230,MNK,MNKM25,M30,2025-06-02 17:00:00,1748883600,37700.0,37700.0,37700.0,37700.0,1,20,2,2025-06-01/2025-06-07,1780
2135,-229,MNK,MNKM25,M30,2025-06-02 17:30:00,1748885400,37685.0,37685.0,37685.0,37685.0,1,10,1,2025-06-01/2025-06-07,1780
2136,-228,MNK,MNKM25,M30,2025-06-02 18:00:00,1748887200,37700.0,37745.0,37700.0,37745.0,4,10,12,2025-06-01/2025-06-07,1780
2137,-227,MNK,MNKM25,M30,2025-06-02 19:00:00,1748890800,37795.0,37795.0,37795.0,37795.0,2,5,2,2025-06-01/2025-06-07,1780
2138,-226,MNK,MNKM25,M30,2025-06-02 19:30:00,1748892600,37810.0,37825.0,37810.0,37825.0,2,10,5,2025-06-01/2025-06-07,1780
3,-2878,MNK,MNKZ25,M30,2025-06-02 20:00:00,1748894400,37830.0,37830.0,37830.0,37830.0,0,0,0,2025-06-01/2025-06-07,0
2139,-225,MNK,MNKM25,M30,2025-06-02 23:00:00,1748905200,37745.0,37750.0,37715.0,37750.0,4,5,13,2025-06-01/2025-06-07,1780
2140,-224,MNK,MNKM25,M30,2025-06-02 23:30:00,1748907000,37725.0,37725.0,37685.0,37685.0,2,5,2,2025-06-01/2025-06-07,1780
2141,-223,MNK,MNKM25,M30,2025-06-03 00:00:00,1748908800,37600.0,37640.0,37540.0,37565.0,4,5,6,2025-06-01/2025-06-07,1780
2142,-222,MNK,MNKM25,M30,2025-06-03 01:00:00,1748912400,37640.0,37665.0,37640.0,37665.0,4,5,15,2025-06-01/2025-06-07,1780
2143,-221,MNK,MNKM25,M30,2025-06-03 01:30:00,1748914200,37710.0,37710.0,37700.0,37700.0,2,5,2,2025-06-01/2025-06-07,1780
2144,-220,MNK,MNKM25,M30,2025-06-03 02:00:00,1748916000,37610.0,37610.0,37600.0,37600.0,2,5,2,2025-06-01/2025-06-07,1780
2145,-219,MNK,MNKM25,M30,2025-06-03 03:00:00,1748919600,37545.0,37560.0,37540.0,37540.0,4,5,5,2025-06-01/2025-06-07,1780
2146,-218,MNK,MNKM25,M30,2025-06-03 03:30:00,1748921400,37535.0,37610.0,37535.0,37610.0,2,5,2,2025-06-01/2025-06-07,1780
2147,-217,MNK,MNKM25,M30,2025-06-03 04:00:00,1748923200,37550.0,37550.0,37530.0,37530.0,3,5,11,2025-06-01/2025-06-07,1780
2148,-216,MNK,MNKM25,M30,2025-06-03 04:30:00,1748925000,37505.0,37505.0,37505.0,37505.0,1,10,1,2025-06-01/2025-06-07,1780
2149,-215,MNK,MNKM25,M30,2025-06-03 07:00:00,1748934000,37400.0,37400.0,37400.0,37400.0,1,15,1,2025-06-01/2025-06-07,1780
2150,-214,MNK,MNKM25,M30,2025-06-03 07:30:00,1748935800,37460.0,37460.0,37425.0,37455.0,4,5,5,2025-06-01/2025-06-07,1780
2151,-213,MNK,MNKM25,M30,2025-06-03 08:00:00,1748937600,37450.0,37450.0,37450.0,37450.0,1,5,1,2025-06-01/2025-06-07,1780
2152,-212,MNK,MNKM25,M30,2025-06-03 08:30:00,1748939400,37485.0,37485.0,37470.0,37470.0,3,5,11,2025-06-01/2025-06-07,1780
2153,-211,MNK,MNKM25,M30,2025-06-03 10:00:00,1748944800,37485.0,37485.0,37485.0,37485.0,1,10,2,2025-06-01/2025-06-07,1780
2154,-210,MNK,MNKM25,M30,2025-06-03 11:00:00,1748948400,37550.0,37550.0,37550.0,37550.0,1,15,1,2025-06-01/2025-06-07,1780
2155,-209,MNK,MNKM25,M30,2025-06-03 11:30:00,1748950200,37575.0,37575.0,37565.0,37565.0,2,15,4,2025-06-01/2025-06-07,1780
2156,-208,MNK,MNKM25,M30,2025-06-03 12:00:00,1748952000,37585.0,37590.0,37585.0,37590.0,3,5,3,2025-06-01/2025-06-07,1780
2157,-207,MNK,MNKM25,M30,2025-06-03 12:30:00,1748953800,37605.0,37605.0,37605.0,37605.0,4,10,22,2025-06-01/2025-06-07,1780
2158,-206,MNK,MNKM25,M30,2025-06-03 14:00:00,1748959200,37690.0,37740.0,37690.0,37740.0,2,10,6,2025-06-01/2025-06-07,1780
2159,-205,MNK,MNKM25,M30,2025-06-03 14:30:00,1748961000,37720.0,37720.0,37720.0,37720.0,2,10,2,2025-06-01/2025-06-07,1780
2160,-204,MNK,MNKM25,M30,2025-06-03 15:30:00,1748964600,37780.0,37780.0,37770.0,37770.0,6,10,6,2025-06-01/2025-06-07,1780
2161,-203,MNK,MNKM25,M30,2025-06-03 18:00:00,1748973600,37740.0,37740.0,37740.0,37740.0,1,10,1,2025-06-01/2025-06-07,1780
2162,-202,MNK,MNKM25,M30,2025-06-03 19:30:00,1748979000,37780.0,37780.0,37780.0,37780.0,3,5,8,2025-06-01/2025-06-07,1780
2163,-201,MNK,MNKM25,M30,2025-06-03 20:00:00,1748980800,37740.0,37740.0,37740.0,37740.0,1,5,1,2025-06-01/2025-06-07,1780
2164,-200,MNK,MNKM25,M30,2025-06-03 23:00:00,1748991600,37780.0,37795.0,37775.0,37795.0,10,5,17,2025-06-01/2025-06-07,1780
2165,-199,MNK,MNKM25,M30,2025-06-03 23:30:00,1748993400,37715.0,37715.0,37715.0,37715.0,1,10,1,2025-06-01/2025-06-07,1780
2166,-198,MNK,MNKM25,M30,2025-06-04 00:00:00,1748995200,37800.0,37885.0,37800.0,37885.0,5,5,7,2025-06-01/2025-06-07,1780
2167,-197,MNK,MNKM25,M30,2025-06-04 00:30:00,1748997000,37805.0,37810.0,37805.0,37810.0,3,5,3,2025-06-01/2025-06-07,1780
2168,-196,MNK,MNKM25,M30,2025-06-04 01:00:00,1748998800,37800.0,37800.0,37800.0,37800.0,1,20,1,2025-06-01/2025-06-07,1780
2169,-195,MNK,MNKM25,M30,2025-06-04 01:30:00,1749000600,37770.0,37770.0,37770.0,37770.0,2,10,3,2025-06-01/2025-06-07,1780
2170,-194,MNK,MNKM25,M30,2025-06-04 02:00:00,1749002400,37795.0,37840.0,37795.0,37840.0,2,5,2,2025-06-01/2025-06-07,1780
2171,-193,MNK,MNKM25,M30,2025-06-04 02:30:00,1749004200,37850.0,37850.0,37820.0,37820.0,5,5,6,2025-06-01/2025-06-07,1780
2172,-192,MNK,MNKM25,M30,2025-06-04 04:00:00,1749009600,37790.0,37790.0,37790.0,37790.0,1,5,1,2025-06-01/2025-06-07,1780
2173,-191,MNK,MNKM25,M30,2025-06-04 06:00:00,1749016800,37845.0,37845.0,37825.0,37825.0,2,15,5,2025-06-01/2025-06-07,1780
2174,-190,MNK,MNKM25,M30,2025-06-04 06:30:00,1749018600,37745.0,37780.0,37745.0,37770.0,4,5,9,2025-06-01/2025-06-07,1780
2175,-189,MNK,MNKM25,M30,2025-06-04 07:00:00,1749020400,37795.0,37795.0,37795.0,37795.0,1,15,4,2025-06-01/2025-06-07,1780
2176,-188,MNK,MNKM25,M30,2025-06-04 08:00:00,1749024000,37860.0,37875.0,37850.0,37850.0,7,5,13,2025-06-01/2025-06-07,1780
2177,-187,MNK,MNKM25,M30,2025-06-04 09:00:00,1749027600,37830.0,37830.0,37830.0,37830.0,1,15,1,2025-06-01/2025-06-07,1780
2178,-186,MNK,MNKM25,M30,2025-06-04 10:00:00,1749031200,37810.0,37810.0,37790.0,37790.0,3,5,21,2025-06-01/2025-06-07,1780
2179,-185,MNK,MNKM25,M30,2025-06-04 11:30:00,1749036600,37810.0,37815.0,37810.0,37815.0,2,15,2,2025-06-01/2025-06-07,1780
2180,-184,MNK,MNKM25,M30,2025-06-04 12:00:00,1749038400,37710.0,37710.0,37640.0,37640.0,6,5,20,2025-06-01/2025-06-07,1780
2181,-183,MNK,MNKM25,M30,2025-06-04 12:30:00,1749040200,37705.0,37705.0,37690.0,37690.0,3,5,3,2025-06-01/2025-06-07,1780
2182,-182,MNK,MNKM25,M30,2025-06-04 13:00:00,1749042000,37680.0,37680.0,37650.0,37670.0,3,15,3,2025-06-01/2025-06-07,1780
2183,-181,MNK,MNKM25,M30,2025-06-04 13:30:00,1749043800,37685.0,37685.0,37685.0,37685.0,1,25,1,2025-06-01/2025-06-07,1780
2184,-180,MNK,MNKM25,M30,2025-06-04 14:00:00,1749045600,37645.0,37660.0,37525.0,37635.0,14,5,25,2025-06-01/2025-06-07,1780
2185,-179,MNK,MNKM25,M30,2025-06-04 14:30:00,1749047400,37605.0,37615.0,37605.0,37615.0,3,5,4,2025-06-01/2025-06-07,1780
2186,-178,MNK,MNKM25,M30,2025-06-04 15:00:00,1749049200,37660.0,37660.0,37550.0,37550.0,7,5,25,2025-06-01/2025-06-07,1780
2187,-177,MNK,MNKM25,M30,2025-06-04 15:30:00,1749051000,37520.0,37565.0,37520.0,37565.0,6,5,9,2025-06-01/2025-06-07,1780
2188,-176,MNK,MNKM25,M30,2025-06-04 16:00:00,1749052800,37530.0,37530.0,37505.0,37505.0,9,10,12,2025-06-01/2025-06-07,1780
2189,-175,MNK,MNKM25,M30,2025-06-04 17:00:00,1749056400,37590.0,37595.0,37585.0,37595.0,3,5,3,2025-06-01/2025-06-07,1780
2190,-174,MNK,MNKM25,M30,2025-06-04 17:30:00,1749058200,37580.0,37590.0,37580.0,37590.0,2,5,2,2025-06-01/2025-06-07,1780
2191,-173,MNK,MNKM25,M30,2025-06-04 19:30:00,1749065400,37595.0,37600.0,37585.0,37595.0,5,5,10,2025-06-01/2025-06-07,1780
2192,-172,MNK,MNKM25,M30,2025-06-04 20:00:00,1749067200,37545.0,37550.0,37545.0,37550.0,4,5,36,2025-06-01/2025-06-07,1780
2193,-171,MNK,MNKM25,M30,2025-06-05 00:00:00,1749081600,37615.0,37635.0,37615.0,37635.0,4,5,15,2025-06-01/2025-06-07,1780
2194,-170,MNK,MNKM25,M30,2025-06-05 00:30:00,1749083400,37640.0,37690.0,37640.0,37675.0,3,5,6,2025-06-01/2025-06-07,1780
2195,-169,MNK,MNKM25,M30,2025-06-05 01:00:00,1749085200,37655.0,37735.0,37645.0,37700.0,7,5,9,2025-06-01/2025-06-07,1780
2196,-168,MNK,MNKM25,M30,2025-06-05 01:30:00,1749087000,37685.0,37685.0,37685.0,37685.0,1,15,1,2025-06-01/2025-06-07,1780
2197,-167,MNK,MNKM25,M30,2025-06-05 02:30:00,1749090600,37635.0,37635.0,37635.0,37635.0,1,10,1,2025-06-01/2025-06-07,1780
2198,-166,MNK,MNKM25,M30,2025-06-05 03:00:00,1749092400,37600.0,37600.0,37595.0,37595.0,2,5,3,2025-06-01/2025-06-07,1780
2199,-165,MNK,MNKM25,M30,2025-06-05 03:30:00,1749094200,37645.0,37650.0,37575.0,37575.0,5,5,5,2025-06-01/2025-06-07,1780
2200,-164,MNK,MNKM25,M30,2025-06-05 04:00:00,1749096000,37605.0,37605.0,37555.0,37580.0,5,10,7,2025-06-01/2025-06-07,1780
2201,-163,MNK,MNKM25,M30,2025-06-05 04:30:00,1749097800,37575.0,37575.0,37575.0,37575.0,1,15,2,2025-06-01/2025-06-07,1780
2202,-162,MNK,MNKM25,M30,2025-06-05 05:00:00,1749099600,37575.0,37575.0,37575.0,37575.0,3,5,3,2025-06-01/2025-06-07,1780
2203,-161,MNK,MNKM25,M30,2025-06-05 05:30:00,1749101400,37585.0,37585.0,37585.0,37585.0,1,15,1,2025-06-01/2025-06-07,1780
2204,-160,MNK,MNKM25,M30,2025-06-05 06:00:00,1749103200,37610.0,37615.0,37610.0,37615.0,4,5,25,2025-06-01/2025-06-07,1780
2205,-159,MNK,MNKM25,M30,2025-06-05 06:30:00,1749105000,37560.0,37560.0,37545.0,37555.0,4,10,5,2025-06-01/2025-06-07,1780
2206,-158,MNK,MNKM25,M30,2025-06-05 07:00:00,1749106800,37585.0,37615.0,37585.0,37615.0,2,5,2,2025-06-01/2025-06-07,1780
2207,-157,MNK,MNKM25,M30,2025-06-05 08:00:00,1749110400,37655.0,37655.0,37655.0,37655.0,1,10,4,2025-06-01/2025-06-07,1780
2208,-156,MNK,MNKM25,M30,2025-06-05 08:30:00,1749112200,37605.0,37605.0,37605.0,37605.0,1,15,1,2025-06-01/2025-06-07,1780
2209,-155,MNK,MNKM25,M30,2025-06-05 09:00:00,1749114000,37595.0,37595.0,37560.0,37560.0,3,5,3,2025-06-01/2025-06-07,1780
2210,-154,MNK,MNKM25,M30,2025-06-05 10:00:00,1749117600,37560.0,37560.0,37560.0,37560.0,1,5,1,2025-06-01/2025-06-07,1780
2211,-153,MNK,MNKM25,M30,2025-06-05 10:30:00,1749119400,37520.0,37520.0,37520.0,37520.0,2,5,2,2025-06-01/2025-06-07,1780
2212,-152,MNK,MNKM25,M30,2025-06-05 11:00:00,1749121200,37490.0,37520.0,37490.0,37520.0,4,5,5,2025-06-01/2025-06-07,1780
2213,-151,MNK,MNKM25,M30,2025-06-05 11:30:00,1749123000,37535.0,37535.0,37530.0,37530.0,4,10,7,2025-06-01/2025-06-07,1780
2214,-150,MNK,MNKM25,M30,2025-06-05 12:00:00,1749124800,37500.0,37500.0,37500.0,37500.0,1,55,2,2025-06-01/2025-06-07,1780
2215,-149,MNK,MNKM25,M30,2025-06-05 12:30:00,1749126600,37495.0,37600.0,37410.0,37555.0,29,0,80,2025-06-01/2025-06-07,1780
2216,-148,MNK,MNKM25,M30,2025-06-05 13:00:00,1749128400,37550.0,37550.0,37470.0,37500.0,8,5,13,2025-06-01/2025-06-07,1780
2217,-147,MNK,MNKM25,M30,2025-06-05 13:30:00,1749130200,37525.0,37525.0,37325.0,37335.0,14,5,25,2025-06-01/2025-06-07,1780
2218,-146,MNK,MNKM25,M30,2025-06-05 14:00:00,1749132000,37395.0,37405.0,37390.0,37390.0,3,10,4,2025-06-01/2025-06-07,1780
2219,-145,MNK,MNKM25,M30,2025-06-05 14:30:00,1749133800,37430.0,37620.0,37430.0,37585.0,28,5,156,2025-06-01/2025-06-07,1780
2220,-144,MNK,MNKM25,M30,2025-06-05 15:00:00,1749135600,37630.0,37630.0,37630.0,37630.0,1,15,3,2025-06-01/2025-06-07,1780
2221,-143,MNK,MNKM25,M30,2025-06-05 15:30:00,1749137400,37630.0,37640.0,37620.0,37640.0,7,10,17,2025-06-01/2025-06-07,1780
2222,-142,MNK,MNKM25,M30,2025-06-05 16:00:00,1749139200,37665.0,37665.0,37600.0,37600.0,6,15,9,2025-06-01/2025-06-07,1780
2223,-141,MNK,MNKM25,M30,2025-06-05 16:30:00,1749141000,37575.0,37575.0,37485.0,37485.0,2,20,2,2025-06-01/2025-06-07,1780
2224,-140,MNK,MNKM25,M30,2025-06-05 17:00:00,1749142800,37455.0,37560.0,37455.0,37560.0,2,20,2,2025-06-01/2025-06-07,1780
2225,-139,MNK,MNKM25,M30,2025-06-05 17:30:00,1749144600,37590.0,37590.0,37570.0,37570.0,2,5,2,2025-06-01/2025-06-07,1780
2226,-138,MNK,MNKM25,M30,2025-06-05 18:00:00,1749146400,37500.0,37500.0,37500.0,37500.0,2,5,10,2025-06-01/2025-06-07,1780
2227,-137,MNK,MNKM25,M30,2025-06-05 18:30:00,1749148200,37565.0,37570.0,37540.0,37570.0,18,5,101,2025-06-01/2025-06-07,1780
2228,-136,MNK,MNKM25,M30,2025-06-05 19:00:00,1749150000,37430.0,37430.0,37380.0,37430.0,16,5,76,2025-06-01/2025-06-07,1780
2229,-135,MNK,MNKM25,M30,2025-06-05 19:30:00,1749151800,37470.0,37535.0,37470.0,37480.0,15,5,26,2025-06-01/2025-06-07,1780
2230,-134,MNK,MNKM25,M30,2025-06-05 20:00:00,1749153600,37465.0,37470.0,37465.0,37470.0,2,10,11,2025-06-01/2025-06-07,1780
2231,-133,MNK,MNKM25,M30,2025-06-05 20:30:00,1749155400,37475.0,37485.0,37450.0,37450.0,8,5,9,2025-06-01/2025-06-07,1780
2232,-132,MNK,MNKM25,M30,2025-06-05 23:30:00,1749166200,37440.0,37565.0,37440.0,37535.0,5,5,6,2025-06-01/2025-06-07,1780
2233,-131,MNK,MNKM25,M30,2025-06-06 00:00:00,1749168000,37620.0,37720.0,37620.0,37710.0,11,5,29,2025-06-01/2025-06-07,1780
2234,-130,MNK,MNKM25,M30,2025-06-06 01:00:00,1749171600,37755.0,37755.0,37700.0,37700.0,2,10,2,2025-06-01/2025-06-07,1780
2235,-129,MNK,MNKM25,M30,2025-06-06 01:30:00,1749173400,37690.0,37735.0,37690.0,37735.0,4,5,4,2025-06-01/2025-06-07,1780
2236,-128,MNK,MNKM25,M30,2025-06-06 02:00:00,1749175200,37740.0,37740.0,37740.0,37740.0,1,5,1,2025-06-01/2025-06-07,1780
2237,-127,MNK,MNKM25,M30,2025-06-06 03:00:00,1749178800,37720.0,37745.0,37720.0,37745.0,4,10,4,2025-06-01/2025-06-07,1780
2238,-126,MNK,MNKM25,M30,2025-06-06 04:00:00,1749182400,37690.0,37690.0,37690.0,37690.0,1,20,1,2025-06-01/2025-06-07,1780
2239,-125,MNK,MNKM25,M30,2025-06-06 04:30:00,1749184200,37695.0,37715.0,37695.0,37715.0,4,5,5,2025-06-01/2025-06-07,1780
2240,-124,MNK,MNKM25,M30,2025-06-06 05:00:00,1749186000,37730.0,37735.0,37725.0,37735.0,5,10,6,2025-06-01/2025-06-07,1780
2241,-123,MNK,MNKM25,M30,2025-06-06 05:30:00,1749187800,37695.0,37710.0,37695.0,37705.0,3,10,3,2025-06-01/2025-06-07,1780
2242,-122,MNK,MNKM25,M30,2025-06-06 06:00:00,1749189600,37700.0,37715.0,37700.0,37715.0,2,10,2,2025-06-01/2025-06-07,1780
2243,-121,MNK,MNKM25,M30,2025-06-06 06:30:00,1749191400,37775.0,37775.0,37775.0,37775.0,1,15,2,2025-06-01/2025-06-07,1780
2244,-120,MNK,MNKM25,M30,2025-06-06 08:00:00,1749196800,37770.0,37775.0,37765.0,37775.0,6,5,7,2025-06-01/2025-06-07,1780
2245,-119,MNK,MNKM25,M30,2025-06-06 10:00:00,1749204000,37840.0,37840.0,37840.0,37840.0,1,10,1,2025-06-01/2025-06-07,1780
2246,-118,MNK,MNKM25,M30,2025-06-06 10:30:00,1749205800,37840.0,37840.0,37825.0,37825.0,2,15,2,2025-06-01/2025-06-07,1780
2247,-117,MNK,MNKM25,M30,2025-06-06 11:00:00,1749207600,37840.0,37840.0,37840.0,37840.0,1,15,10,2025-06-01/2025-06-07,1780
56,-2442,MNK,MNKU25,M30,2025-06-06 11:30:00,1749209400,37990.0,37990.0,37990.0,37990.0,1,5,1,2025-06-01/2025-06-07,11
2248,-116,MNK,MNKM25,M30,2025-06-06 12:00:00,1749211200,37870.0,37870.0,37865.0,37865.0,2,5,6,2025-06-01/2025-06-07,1780
2249,-115,MNK,MNKM25,M30,2025-06-06 12:30:00,1749213000,37870.0,38065.0,37870.0,38005.0,14,5,46,2025-06-01/2025-06-07,1780
2250,-114,MNK,MNKM25,M30,2025-06-06 13:00:00,1749214800,38040.0,38065.0,38040.0,38065.0,2,10,2,2025-06-01/2025-06-07,1780
2251,-113,MNK,MNKM25,M30,2025-06-06 13:30:00,1749216600,38100.0,38155.0,38100.0,38130.0,7,5,11,2025-06-01/2025-06-07,1780
2252,-112,MNK,MNKM25,M30,2025-06-06 14:00:00,1749218400,38070.0,38070.0,38065.0,38065.0,2,5,2,2025-06-01/2025-06-07,1780
2253,-111,MNK,MNKM25,M30,2025-06-06 14:30:00,1749220200,38090.0,38090.0,38090.0,38090.0,1,15,1,2025-06-01/2025-06-07,1780
2254,-110,MNK,MNKM25,M30,2025-06-06 15:00:00,1749222000,38085.0,38115.0,38080.0,38115.0,12,5,52,2025-06-01/2025-06-07,1780
2255,-109,MNK,MNKM25,M30,2025-06-06 15:30:00,1749223800,38030.0,38030.0,38020.0,38020.0,8,15,8,2025-06-01/2025-06-07,1780
2256,-108,MNK,MNKM25,M30,2025-06-06 16:00:00,1749225600,38020.0,38040.0,38000.0,38000.0,4,10,4,2025-06-01/2025-06-07,1780
2257,-107,MNK,MNKM25,M30,2025-06-06 16:30:00,1749227400,37980.0,37990.0,37970.0,37990.0,3,15,8,2025-06-01/2025-06-07,1780
2258,-106,MNK,MNKM25,M30,2025-06-06 17:00:00,1749229200,37975.0,37975.0,37975.0,37975.0,1,20,1,2025-06-01/2025-06-07,1780
2259,-105,MNK,MNKM25,M30,2025-06-06 17:30:00,1749231000,37980.0,37980.0,37965.0,37965.0,3,5,3,2025-06-01/2025-06-07,1780
2260,-104,MNK,MNKM25,M30,2025-06-06 18:30:00,1749234600,38010.0,38015.0,37990.0,37990.0,18,5,93,2025-06-01/2025-06-07,1780
2261,-103,MNK,MNKM25,M30,2025-06-06 19:00:00,1749236400,38000.0,38000.0,38000.0,38000.0,1,15,2,2025-06-01/2025-06-07,1780
2262,-102,MNK,MNKM25,M30,2025-06-06 19:30:00,1749238200,37995.0,38025.0,37995.0,38025.0,5,5,6,2025-06-01/2025-06-07,1780
2263,-101,MNK,MNKM25,M30,2025-06-06 20:00:00,1749240000,38030.0,38040.0,38030.0,38040.0,3,5,5,2025-06-01/2025-06-07,1780
2264,-100,MNK,MNKM25,M30,2025-06-06 20:30:00,1749241800,38035.0,38035.0,38010.0,38010.0,2,15,4,2025-06-01/2025-06-07,1780
2265,-99,MNK,MNKM25,M30,2025-06-08 22:00:00,1749420000,37925.0,37935.0,37925.0,37935.0,3,5,3,2025-06-08/2025-06-14,1100
2266,-98,MNK,MNKM25,M30,2025-06-08 22:30:00,1749421800,37920.0,37920.0,37910.0,37910.0,2,5,3,2025-06-08/2025-06-14,1100
2267,-97,MNK,MNKM25,M30,2025-06-08 23:00:00,1749423600,37950.0,37950.0,37940.0,37940.0,2,10,2,2025-06-08/2025-06-14,1100
2268,-96,MNK,MNKM25,M30,2025-06-08 23:30:00,1749425400,38035.0,38035.0,38035.0,38035.0,1,25,1,2025-06-08/2025-06-14,1100
2269,-95,MNK,MNKM25,M30,2025-06-09 00:00:00,1749427200,38100.0,38135.0,38100.0,38110.0,7,5,26,2025-06-08/2025-06-14,1100
2270,-94,MNK,MNKM25,M30,2025-06-09 01:00:00,1749430800,38150.0,38150.0,38085.0,38085.0,3,15,4,2025-06-08/2025-06-14,1100
2271,-93,MNK,MNKM25,M30,2025-06-09 02:30:00,1749436200,38165.0,38165.0,38165.0,38165.0,1,10,1,2025-06-08/2025-06-14,1100
2272,-92,MNK,MNKM25,M30,2025-06-09 03:00:00,1749438000,38170.0,38170.0,38125.0,38125.0,2,15,11,2025-06-08/2025-06-14,1100
2273,-91,MNK,MNKM25,M30,2025-06-09 03:30:00,1749439800,38180.0,38180.0,38180.0,38180.0,4,15,7,2025-06-08/2025-06-14,1100
2274,-90,MNK,MNKM25,M30,2025-06-09 04:00:00,1749441600,38150.0,38150.0,38150.0,38150.0,1,5,1,2025-06-08/2025-06-14,1100
2275,-89,MNK,MNKM25,M30,2025-06-09 04:30:00,1749443400,38115.0,38130.0,38105.0,38130.0,3,5,3,2025-06-08/2025-06-14,1100
2276,-88,MNK,MNKM25,M30,2025-06-09 05:00:00,1749445200,38105.0,38105.0,38085.0,38085.0,2,15,11,2025-06-08/2025-06-14,1100
2277,-87,MNK,MNKM25,M30,2025-06-09 05:30:00,1749447000,38075.0,38075.0,38075.0,38075.0,1,20,1,2025-06-08/2025-06-14,1100
2278,-86,MNK,MNKM25,M30,2025-06-09 06:30:00,1749450600,38095.0,38135.0,38095.0,38130.0,8,10,10,2025-06-08/2025-06-14,1100
2279,-85,MNK,MNKM25,M30,2025-06-09 07:00:00,1749452400,38115.0,38130.0,38080.0,38080.0,5,5,13,2025-06-08/2025-06-14,1100
2280,-84,MNK,MNKM25,M30,2025-06-09 07:30:00,1749454200,38095.0,38095.0,38095.0,38095.0,1,20,1,2025-06-08/2025-06-14,1100
2281,-83,MNK,MNKM25,M30,2025-06-09 08:00:00,1749456000,38100.0,38125.0,38100.0,38125.0,3,10,21,2025-06-08/2025-06-14,1100
2282,-82,MNK,MNKM25,M30,2025-06-09 08:30:00,1749457800,38140.0,38150.0,38140.0,38150.0,2,15,2,2025-06-08/2025-06-14,1100
2283,-81,MNK,MNKM25,M30,2025-06-09 09:30:00,1749461400,38125.0,38125.0,38125.0,38125.0,1,20,1,2025-06-08/2025-06-14,1100
2284,-80,MNK,MNKM25,M30,2025-06-09 10:00:00,1749463200,38155.0,38155.0,38155.0,38155.0,1,10,3,2025-06-08/2025-06-14,1100
59,-2439,MNK,MNKU25,M30,2025-06-09 10:30:00,1749465000,38255.0,38255.0,38255.0,38255.0,1,5,1,2025-06-08/2025-06-14,1293
2285,-79,MNK,MNKM25,M30,2025-06-09 11:00:00,1749466800,38150.0,38200.0,38150.0,38190.0,6,5,25,2025-06-08/2025-06-14,1100
2286,-78,MNK,MNKM25,M30,2025-06-09 11:30:00,1749468600,38205.0,38220.0,38205.0,38220.0,2,20,5,2025-06-08/2025-06-14,1100
2287,-77,MNK,MNKM25,M30,2025-06-09 12:00:00,1749470400,38190.0,38190.0,38190.0,38190.0,1,20,1,2025-06-08/2025-06-14,1100
2288,-76,MNK,MNKM25,M30,2025-06-09 12:30:00,1749472200,38180.0,38180.0,38180.0,38180.0,1,15,1,2025-06-08/2025-06-14,1100
60,-2438,MNK,MNKU25,M30,2025-06-09 13:00:00,1749474000,38350.0,38350.0,38350.0,38350.0,1,10,1,2025-06-08/2025-06-14,1293
2290,-74,MNK,MNKM25,M30,2025-06-09 13:30:00,1749475800,38215.0,38275.0,38215.0,38275.0,11,5,56,2025-06-08/2025-06-14,1100
2291,-73,MNK,MNKM25,M30,2025-06-09 14:00:00,1749477600,38285.0,38300.0,38275.0,38275.0,16,5,64,2025-06-08/2025-06-14,1100
2292,-72,MNK,MNKM25,M30,2025-06-09 14:30:00,1749479400,38305.0,38315.0,38245.0,38245.0,20,5,79,2025-06-08/2025-06-14,1100
2293,-71,MNK,MNKM25,M30,2025-06-09 15:30:00,1749483000,38190.0,38190.0,38190.0,38190.0,1,15,10,2025-06-08/2025-06-14,1100
2294,-70,MNK,MNKM25,M30,2025-06-09 16:00:00,1749484800,38195.0,38195.0,38195.0,38195.0,1,15,1,2025-06-08/2025-06-14,1100
2295,-69,MNK,MNKM25,M30,2025-06-09 17:00:00,1749488400,38240.0,38260.0,38235.0,38260.0,3,5,3,2025-06-08/2025-06-14,1100
2296,-68,MNK,MNKM25,M30,2025-06-09 17:30:00,1749490200,38250.0,38255.0,38250.0,38255.0,2,5,2,2025-06-08/2025-06-14,1100
2297,-67,MNK,MNKM25,M30,2025-06-09 18:30:00,1749493800,38250.0,38250.0,38250.0,38250.0,1,10,1,2025-06-08/2025-06-14,1100
2298,-66,MNK,MNKM25,M30,2025-06-09 19:30:00,1749497400,38230.0,38230.0,38230.0,38230.0,2,5,6,2025-06-08/2025-06-14,1100
8,-2873,MNK,MNKZ25,M30,2025-06-09 20:00:00,1749499200,38260.0,38260.0,38260.0,38260.0,0,0,0,2025-06-08/2025-06-14,0
2299,-65,MNK,MNKM25,M30,2025-06-09 22:00:00,1749506400,38270.0,38270.0,38270.0,38270.0,1,20,1,2025-06-08/2025-06-14,1100
61,-2437,MNK,MNKU25,M30,2025-06-09 23:00:00,1749510000,38400.0,38400.0,38400.0,38400.0,1,430,2,2025-06-08/2025-06-14,1293
2301,-63,MNK,MNKM25,M30,2025-06-09 23:30:00,1749511800,38290.0,38290.0,38280.0,38280.0,2,20,2,2025-06-08/2025-06-14,1100
62,-2436,MNK,MNKU25,M30,2025-06-10 00:00:00,1749513600,38415.0,38415.0,38415.0,38415.0,1,5,1,2025-06-08/2025-06-14,1293
63,-2435,MNK,MNKU25,M30,2025-06-10 00:30:00,1749515400,38385.0,38385.0,38355.0,38355.0,3,5,3,2025-06-08/2025-06-14,1293
64,-2434,MNK,MNKU25,M30,2025-06-10 01:00:00,1749517200,38460.0,38480.0,38460.0,38480.0,2,5,2,2025-06-08/2025-06-14,1293
2305,-59,MNK,MNKM25,M30,2025-06-10 01:30:00,1749519000,38375.0,38460.0,38375.0,38460.0,6,15,6,2025-06-08/2025-06-14,1100
2306,-58,MNK,MNKM25,M30,2025-06-10 02:00:00,1749520800,38455.0,38455.0,38435.0,38435.0,3,15,3,2025-06-08/2025-06-14,1100
2307,-57,MNK,MNKM25,M30,2025-06-10 02:30:00,1749522600,38465.0,38465.0,38435.0,38455.0,4,5,5,2025-06-08/2025-06-14,1100
2308,-56,MNK,MNKM25,M30,2025-06-10 03:00:00,1749524400,38440.0,38440.0,38420.0,38420.0,2,5,2,2025-06-08/2025-06-14,1100
65,-2433,MNK,MNKU25,M30,2025-06-10 04:00:00,1749528000,38555.0,38555.0,38555.0,38555.0,2,5,3,2025-06-08/2025-06-14,1293
2310,-54,MNK,MNKM25,M30,2025-06-10 05:00:00,1749531600,38445.0,38445.0,38205.0,38205.0,6,10,6,2025-06-08/2025-06-14,1100
66,-2432,MNK,MNKU25,M30,2025-06-10 05:30:00,1749533400,38285.0,38285.0,38285.0,38285.0,1,20,1,2025-06-08/2025-06-14,1293
2312,-52,MNK,MNKM25,M30,2025-06-10 07:00:00,1749538800,38205.0,38225.0,38205.0,38225.0,4,5,6,2025-06-08/2025-06-14,1100
67,-2431,MNK,MNKU25,M30,2025-06-10 07:30:00,1749540600,38285.0,38285.0,38270.0,38270.0,3,5,3,2025-06-08/2025-06-14,1293
2314,-50,MNK,MNKM25,M30,2025-06-10 08:00:00,1749542400,38230.0,38230.0,38150.0,38165.0,4,15,4,2025-06-08/2025-06-14,1100
2315,-49,MNK,MNKM25,M30,2025-06-10 08:30:00,1749544200,38200.0,38200.0,38150.0,38150.0,3,5,4,2025-06-08/2025-06-14,1100
2316,-48,MNK,MNKM25,M30,2025-06-10 11:30:00,1749555000,38225.0,38225.0,38225.0,38225.0,2,5,2,2025-06-08/2025-06-14,1100
2317,-47,MNK,MNKM25,M30,2025-06-10 12:00:00,1749556800,38245.0,38245.0,38235.0,38235.0,19,5,36,2025-06-08/2025-06-14,1100
68,-2430,MNK,MNKU25,M30,2025-06-10 12:30:00,1749558600,38350.0,38350.0,38345.0,38345.0,9,15,38,2025-06-08/2025-06-14,1293
69,-2429,MNK,MNKU25,M30,2025-06-10 13:00:00,1749560400,38365.0,38365.0,38365.0,38365.0,1,15,1,2025-06-08/2025-06-14,1293
70,-2428,MNK,MNKU25,M30,2025-06-10 13:30:00,1749562200,38325.0,38355.0,38325.0,38355.0,2,5,7,2025-06-08/2025-06-14,1293
71,-2427,MNK,MNKU25,M30,2025-06-10 14:00:00,1749564000,38340.0,38380.0,38340.0,38380.0,2,5,3,2025-06-08/2025-06-14,1293
72,-2426,MNK,MNKU25,M30,2025-06-10 15:00:00,1749567600,38360.0,38360.0,38360.0,38360.0,1,25,3,2025-06-08/2025-06-14,1293
73,-2425,MNK,MNKU25,M30,2025-06-10 15:30:00,1749569400,38335.0,38350.0,38335.0,38345.0,7,5,7,2025-06-08/2025-06-14,1293
74,-2424,MNK,MNKU25,M30,2025-06-10 16:00:00,1749571200,38475.0,38475.0,38470.0,38470.0,2,5,2,2025-06-08/2025-06-14,1293
2325,-39,MNK,MNKM25,M30,2025-06-10 16:30:00,1749573000,38370.0,38370.0,38355.0,38355.0,2,5,2,2025-06-08/2025-06-14,1100
75,-2423,MNK,MNKU25,M30,2025-06-10 17:00:00,1749574800,38485.0,38485.0,38485.0,38485.0,2,5,2,2025-06-08/2025-06-14,1293
76,-2422,MNK,MNKU25,M30,2025-06-10 17:30:00,1749576600,38470.0,38470.0,38470.0,38470.0,1,10,1,2025-06-08/2025-06-14,1293
2327,-37,MNK,MNKM25,M30,2025-06-10 18:00:00,1749578400,38290.0,38290.0,38290.0,38290.0,2,10,7,2025-06-08/2025-06-14,1100
2328,-36,MNK,MNKM25,M30,2025-06-10 18:30:00,1749580200,38295.0,38370.0,38295.0,38370.0,3,5,8,2025-06-08/2025-06-14,1100
2329,-35,MNK,MNKM25,M30,2025-06-10 19:00:00,1749582000,38370.0,38370.0,38370.0,38370.0,1,15,1,2025-06-08/2025-06-14,1100
77,-2421,MNK,MNKU25,M30,2025-06-10 19:30:00,1749583800,38495.0,38495.0,38495.0,38495.0,3,5,4,2025-06-08/2025-06-14,1293
9,-2872,MNK,MNKZ25,M30,2025-06-10 20:00:00,1749585600,38430.0,38430.0,38430.0,38430.0,0,0,0,2025-06-08/2025-06-14,0
78,-2420,MNK,MNKU25,M30,2025-06-10 20:30:00,1749587400,38520.0,38520.0,38520.0,38520.0,1,25,1,2025-06-08/2025-06-14,1293
2332,-32,MNK,MNKM25,M30,2025-06-10 22:00:00,1749592800,38385.0,38390.0,38385.0,38390.0,3,5,7,2025-06-08/2025-06-14,1100
2333,-31,MNK,MNKM25,M30,2025-06-10 22:30:00,1749594600,38395.0,38420.0,38395.0,38420.0,5,5,15,2025-06-08/2025-06-14,1100
79,-2419,MNK,MNKU25,M30,2025-06-11 00:00:00,1749600000,38615.0,38615.0,38510.0,38510.0,3,5,9,2025-06-08/2025-06-14,1293
80,-2418,MNK,MNKU25,M30,2025-06-11 00:30:00,1749601800,38500.0,38520.0,38415.0,38415.0,7,5,12,2025-06-08/2025-06-14,1293
81,-2417,MNK,MNKU25,M30,2025-06-11 01:00:00,1749603600,38450.0,38450.0,38450.0,38450.0,1,15,1,2025-06-08/2025-06-14,1293
82,-2416,MNK,MNKU25,M30,2025-06-11 01:30:00,1749605400,38495.0,38495.0,38495.0,38495.0,2,15,2,2025-06-08/2025-06-14,1293
83,-2415,MNK,MNKU25,M30,2025-06-11 02:00:00,1749607200,38500.0,38500.0,38500.0,38500.0,1,20,1,2025-06-08/2025-06-14,1293
84,-2414,MNK,MNKU25,M30,2025-06-11 02:30:00,1749609000,38455.0,38455.0,38455.0,38455.0,1,20,1,2025-06-08/2025-06-14,1293
85,-2413,MNK,MNKU25,M30,2025-06-11 03:00:00,1749610800,38485.0,38485.0,38485.0,38485.0,1,20,1,2025-06-08/2025-06-14,1293
86,-2412,MNK,MNKU25,M30,2025-06-11 03:30:00,1749612600,38475.0,38475.0,38475.0,38475.0,1,20,1,2025-06-08/2025-06-14,1293
87,-2411,MNK,MNKU25,M30,2025-06-11 04:00:00,1749614400,38475.0,38475.0,38475.0,38475.0,1,15,1,2025-06-08/2025-06-14,1293
88,-2410,MNK,MNKU25,M30,2025-06-11 04:30:00,1749616200,38475.0,38475.0,38475.0,38475.0,1,10,1,2025-06-08/2025-06-14,1293
89,-2409,MNK,MNKU25,M30,2025-06-11 05:00:00,1749618000,38520.0,38565.0,38520.0,38540.0,5,5,5,2025-06-08/2025-06-14,1293
90,-2408,MNK,MNKU25,M30,2025-06-11 05:30:00,1749619800,38535.0,38535.0,38535.0,38535.0,1,20,1,2025-06-08/2025-06-14,1293
2339,-25,MNK,MNKM25,M30,2025-06-11 06:00:00,1749621600,38355.0,38360.0,38345.0,38360.0,5,5,30,2025-06-08/2025-06-14,1100
91,-2407,MNK,MNKU25,M30,2025-06-11 06:30:00,1749623400,38535.0,38550.0,38525.0,38550.0,9,5,13,2025-06-08/2025-06-14,1293
2341,-23,MNK,MNKM25,M30,2025-06-11 07:00:00,1749625200,38440.0,38440.0,38435.0,38435.0,2,5,2,2025-06-08/2025-06-14,1100
92,-2406,MNK,MNKU25,M30,2025-06-11 07:30:00,1749627000,38590.0,38600.0,38590.0,38600.0,3,5,5,2025-06-08/2025-06-14,1293
93,-2405,MNK,MNKU25,M30,2025-06-11 08:30:00,1749630600,38685.0,38685.0,38685.0,38685.0,1,15,10,2025-06-08/2025-06-14,1293
94,-2404,MNK,MNKU25,M30,2025-06-11 09:30:00,1749634200,38670.0,38670.0,38670.0,38670.0,1,5,10,2025-06-08/2025-06-14,1293
95,-2403,MNK,MNKU25,M30,2025-06-11 10:30:00,1749637800,38695.0,38710.0,38695.0,38710.0,4,5,23,2025-06-08/2025-06-14,1293
96,-2402,MNK,MNKU25,M30,2025-06-11 11:00:00,1749639600,38720.0,38720.0,38720.0,38720.0,1,15,10,2025-06-08/2025-06-14,1293
97,-2401,MNK,MNKU25,M30,2025-06-11 11:30:00,1749641400,38710.0,38710.0,38710.0,38710.0,1,15,1,2025-06-08/2025-06-14,1293
98,-2400,MNK,MNKU25,M30,2025-06-11 12:00:00,1749643200,38750.0,38900.0,38690.0,38790.0,8,10,30,2025-06-08/2025-06-14,1293
2347,-17,MNK,MNKM25,M30,2025-06-11 12:30:00,1749645000,38655.0,38655.0,38625.0,38635.0,3,5,3,2025-06-08/2025-06-14,1100
99,-2399,MNK,MNKU25,M30,2025-06-11 13:00:00,1749646800,38770.0,38770.0,38770.0,38770.0,1,5,10,2025-06-08/2025-06-14,1293
100,-2398,MNK,MNKU25,M30,2025-06-11 13:30:00,1749648600,38765.0,38775.0,38705.0,38775.0,7,10,61,2025-06-08/2025-06-14,1293
101,-2397,MNK,MNKU25,M30,2025-06-11 14:00:00,1749650400,38700.0,38710.0,38690.0,38690.0,10,5,86,2025-06-08/2025-06-14,1293
102,-2396,MNK,MNKU25,M30,2025-06-11 14:30:00,1749652200,38700.0,38725.0,38695.0,38695.0,5,5,32,2025-06-08/2025-06-14,1293
103,-2395,MNK,MNKU25,M30,2025-06-11 15:00:00,1749654000,38695.0,38695.0,38630.0,38630.0,3,10,12,2025-06-08/2025-06-14,1293
104,-2394,MNK,MNKU25,M30,2025-06-11 15:30:00,1749655800,38640.0,38640.0,38640.0,38640.0,1,15,1,2025-06-08/2025-06-14,1293
2352,-12,MNK,MNKM25,M30,2025-06-11 16:00:00,1749657600,38455.0,38460.0,38455.0,38460.0,5,10,7,2025-06-08/2025-06-14,1100
105,-2393,MNK,MNKU25,M30,2025-06-11 16:30:00,1749659400,38610.0,38610.0,38610.0,38610.0,1,15,2,2025-06-08/2025-06-14,1293
106,-2392,MNK,MNKU25,M30,2025-06-11 17:00:00,1749661200,38650.0,38650.0,38650.0,38650.0,1,10,1,2025-06-08/2025-06-14,1293
107,-2391,MNK,MNKU25,M30,2025-06-11 18:00:00,1749664800,38460.0,38460.0,38460.0,38460.0,1,5,1,2025-06-08/2025-06-14,1293
2354,-10,MNK,MNKM25,M30,2025-06-11 18:30:00,1749666600,38395.0,38410.0,38395.0,38410.0,2,10,2,2025-06-08/2025-06-14,1100
108,-2390,MNK,MNKU25,M30,2025-06-11 19:00:00,1749668400,38475.0,38475.0,38475.0,38475.0,2,5,12,2025-06-08/2025-06-14,1293
109,-2389,MNK,MNKU25,M30,2025-06-11 19:30:00,1749670200,38450.0,38460.0,38450.0,38460.0,6,5,9,2025-06-08/2025-06-14,1293
110,-2388,MNK,MNKU25,M30,2025-06-11 20:00:00,1749672000,38445.0,38505.0,38445.0,38505.0,3,5,9,2025-06-08/2025-06-14,1293
111,-2387,MNK,MNKU25,M30,2025-06-11 20:30:00,1749673800,38500.0,38500.0,38500.0,38500.0,1,15,10,2025-06-08/2025-06-14,1293
112,-2386,MNK,MNKU25,M30,2025-06-11 22:00:00,1749679200,38495.0,38495.0,38495.0,38495.0,1,5,1,2025-06-08/2025-06-14,1293
113,-2385,MNK,MNKU25,M30,2025-06-11 22:30:00,1749681000,38460.0,38465.0,38450.0,38450.0,4,5,5,2025-06-08/2025-06-14,1293
114,-2384,MNK,MNKU25,M30,2025-06-11 23:30:00,1749684600,38405.0,38415.0,38395.0,38415.0,5,5,18,2025-06-08/2025-06-14,1293
115,-2383,MNK,MNKU25,M30,2025-06-12 00:00:00,1749686400,38440.0,38510.0,38295.0,38295.0,14,5,31,2025-06-08/2025-06-14,1293
116,-2382,MNK,MNKU25,M30,2025-06-12 00:30:00,1749688200,38320.0,38320.0,38240.0,38270.0,9,5,27,2025-06-08/2025-06-14,1293
117,-2381,MNK,MNKU25,M30,2025-06-12 01:00:00,1749690000,38305.0,38315.0,38290.0,38290.0,4,5,13,2025-06-08/2025-06-14,1293
118,-2380,MNK,MNKU25,M30,2025-06-12 01:30:00,1749691800,38250.0,38265.0,38215.0,38215.0,3,10,12,2025-06-08/2025-06-14,1293
119,-2379,MNK,MNKU25,M30,2025-06-12 02:00:00,1749693600,38250.0,38260.0,38250.0,38260.0,2,5,20,2025-06-08/2025-06-14,1293
2359,-5,MNK,MNKM25,M30,2025-06-12 02:30:00,1749695400,38130.0,38130.0,38130.0,38130.0,2,10,4,2025-06-08/2025-06-14,1100
120,-2378,MNK,MNKU25,M30,2025-06-12 03:30:00,1749699000,38300.0,38305.0,38300.0,38305.0,2,10,11,2025-06-08/2025-06-14,1293
121,-2377,MNK,MNKU25,M30,2025-06-12 04:00:00,1749700800,38300.0,38300.0,38300.0,38300.0,1,10,1,2025-06-08/2025-06-14,1293
122,-2376,MNK,MNKU25,M30,2025-06-12 05:00:00,1749704400,38305.0,38305.0,38285.0,38285.0,2,10,2,2025-06-08/2025-06-14,1293
123,-2375,MNK,MNKU25,M30,2025-06-12 05:30:00,1749706200,38305.0,38305.0,38275.0,38275.0,2,5,11,2025-06-08/2025-06-14,1293
124,-2374,MNK,MNKU25,M30,2025-06-12 06:30:00,1749709800,38260.0,38275.0,38260.0,38275.0,4,5,25,2025-06-08/2025-06-14,1293
125,-2373,MNK,MNKU25,M30,2025-06-12 07:00:00,1749711600,38330.0,38330.0,38325.0,38325.0,2,10,7,2025-06-08/2025-06-14,1293
126,-2372,MNK,MNKU25,M30,2025-06-12 07:30:00,1749713400,38235.0,38235.0,38235.0,38235.0,1,10,6,2025-06-08/2025-06-14,1293
127,-2371,MNK,MNKU25,M30,2025-06-12 08:30:00,1749717000,38180.0,38180.0,38180.0,38180.0,1,5,6,2025-06-08/2025-06-14,1293
128,-2370,MNK,MNKU25,M30,2025-06-12 11:00:00,1749726000,38130.0,38130.0,38125.0,38125.0,2,5,16,2025-06-08/2025-06-14,1293
129,-2369,MNK,MNKU25,M30,2025-06-12 11:30:00,1749727800,38135.0,38135.0,38130.0,38130.0,2,5,20,2025-06-08/2025-06-14,1293
130,-2368,MNK,MNKU25,M30,2025-06-12 12:00:00,1749729600,38145.0,38145.0,38140.0,38140.0,2,10,7,2025-06-08/2025-06-14,1293
131,-2367,MNK,MNKU25,M30,2025-06-12 12:30:00,1749731400,38155.0,38165.0,38030.0,38160.0,14,5,28,2025-06-08/2025-06-14,1293
132,-2366,MNK,MNKU25,M30,2025-06-12 13:00:00,1749733200,38200.0,38205.0,38200.0,38205.0,5,5,23,2025-06-08/2025-06-14,1293
133,-2365,MNK,MNKU25,M30,2025-06-12 13:30:00,1749735000,38220.0,38220.0,38220.0,38220.0,1,10,1,2025-06-08/2025-06-14,1293
134,-2364,MNK,MNKU25,M30,2025-06-12 14:00:00,1749736800,38280.0,38360.0,38280.0,38360.0,4,15,9,2025-06-08/2025-06-14,1293
135,-2363,MNK,MNKU25,M30,2025-06-12 14:30:00,1749738600,38370.0,38370.0,38360.0,38360.0,4,5,4,2025-06-08/2025-06-14,1293
136,-2362,MNK,MNKU25,M30,2025-06-12 15:00:00,1749740400,38405.0,38405.0,38305.0,38305.0,6,5,14,2025-06-08/2025-06-14,1293
137,-2361,MNK,MNKU25,M30,2025-06-12 15:30:00,1749742200,38305.0,38305.0,38275.0,38275.0,4,5,13,2025-06-08/2025-06-14,1293
138,-2360,MNK,MNKU25,M30,2025-06-12 16:00:00,1749744000,38285.0,38320.0,38285.0,38300.0,11,5,25,2025-06-08/2025-06-14,1293
139,-2359,MNK,MNKU25,M30,2025-06-12 16:30:00,1749745800,38275.0,38275.0,38275.0,38275.0,4,10,8,2025-06-08/2025-06-14,1293
140,-2358,MNK,MNKU25,M30,2025-06-12 17:00:00,1749747600,38325.0,38330.0,38325.0,38330.0,3,5,8,2025-06-08/2025-06-14,1293
141,-2357,MNK,MNKU25,M30,2025-06-12 17:30:00,1749749400,38330.0,38330.0,38330.0,38330.0,2,15,10,2025-06-08/2025-06-14,1293
142,-2356,MNK,MNKU25,M30,2025-06-12 18:30:00,1749753000,38315.0,38315.0,38295.0,38295.0,2,15,2,2025-06-08/2025-06-14,1293
143,-2355,MNK,MNKU25,M30,2025-06-12 19:30:00,1749756600,38295.0,38310.0,38295.0,38310.0,3,5,4,2025-06-08/2025-06-14,1293
144,-2354,MNK,MNKU25,M30,2025-06-12 20:00:00,1749758400,38305.0,38310.0,38305.0,38310.0,2,5,5,2025-06-08/2025-06-14,1293
145,-2353,MNK,MNKU25,M30,2025-06-12 22:00:00,1749765600,38260.0,38260.0,38260.0,38260.0,1,20,1,2025-06-08/2025-06-14,1293
146,-2352,MNK,MNKU25,M30,2025-06-12 23:30:00,1749771000,38200.0,38200.0,38140.0,38140.0,13,5,32,2025-06-08/2025-06-14,1293
147,-2351,MNK,MNKU25,M30,2025-06-13 00:00:00,1749772800,38155.0,38160.0,37775.0,37775.0,23,5,62,2025-06-08/2025-06-14,1293
148,-2350,MNK,MNKU25,M30,2025-06-13 00:30:00,1749774600,37775.0,37775.0,37715.0,37715.0,4,5,5,2025-06-08/2025-06-14,1293
149,-2349,MNK,MNKU25,M30,2025-06-13 01:00:00,1749776400,37705.0,37715.0,37700.0,37715.0,4,10,13,2025-06-08/2025-06-14,1293
150,-2348,MNK,MNKU25,M30,2025-06-13 01:30:00,1749778200,37650.0,37830.0,37650.0,37815.0,17,10,36,2025-06-08/2025-06-14,1293
151,-2347,MNK,MNKU25,M30,2025-06-13 02:00:00,1749780000,37850.0,37850.0,37745.0,37745.0,5,5,5,2025-06-08/2025-06-14,1293
152,-2346,MNK,MNKU25,M30,2025-06-13 02:30:00,1749781800,37680.0,37680.0,37630.0,37630.0,3,5,3,2025-06-08/2025-06-14,1293
153,-2345,MNK,MNKU25,M30,2025-06-13 03:00:00,1749783600,37695.0,37770.0,37695.0,37770.0,6,5,8,2025-06-08/2025-06-14,1293
154,-2344,MNK,MNKU25,M30,2025-06-13 03:30:00,1749785400,37815.0,37815.0,37815.0,37815.0,1,20,1,2025-06-08/2025-06-14,1293
155,-2343,MNK,MNKU25,M30,2025-06-13 04:30:00,1749789000,37845.0,37845.0,37845.0,37845.0,1,5,1,2025-06-08/2025-06-14,1293
156,-2342,MNK,MNKU25,M30,2025-06-13 05:00:00,1749790800,37850.0,37850.0,37850.0,37850.0,1,5,1,2025-06-08/2025-06-14,1293
157,-2341,MNK,MNKU25,M30,2025-06-13 06:00:00,1749794400,37915.0,37950.0,37915.0,37950.0,4,5,4,2025-06-08/2025-06-14,1293
158,-2340,MNK,MNKU25,M30,2025-06-13 06:30:00,1749796200,37910.0,37955.0,37905.0,37955.0,7,5,7,2025-06-08/2025-06-14,1293
159,-2339,MNK,MNKU25,M30,2025-06-13 07:30:00,1749799800,38015.0,38025.0,38015.0,38025.0,2,10,7,2025-06-08/2025-06-14,1293
160,-2338,MNK,MNKU25,M30,2025-06-13 08:00:00,1749801600,38025.0,38115.0,38025.0,38085.0,5,5,11,2025-06-08/2025-06-14,1293
161,-2337,MNK,MNKU25,M30,2025-06-13 09:00:00,1749805200,38005.0,38055.0,38005.0,38055.0,3,5,3,2025-06-08/2025-06-14,1293
162,-2336,MNK,MNKU25,M30,2025-06-13 09:30:00,1749807000,38105.0,38105.0,38105.0,38105.0,2,5,2,2025-06-08/2025-06-14,1293
163,-2335,MNK,MNKU25,M30,2025-06-13 10:00:00,1749808800,38100.0,38100.0,38100.0,38100.0,2,5,2,2025-06-08/2025-06-14,1293
164,-2334,MNK,MNKU25,M30,2025-06-13 11:30:00,1749814200,38195.0,38195.0,38195.0,38195.0,2,10,20,2025-06-08/2025-06-14,1293
165,-2333,MNK,MNKU25,M30,2025-06-13 12:00:00,1749816000,38180.0,38180.0,38160.0,38175.0,5,5,10,2025-06-08/2025-06-14,1293
166,-2332,MNK,MNKU25,M30,2025-06-13 13:30:00,1749821400,38215.0,38215.0,38155.0,38160.0,10,5,15,2025-06-08/2025-06-14,1293
167,-2331,MNK,MNKU25,M30,2025-06-13 14:00:00,1749823200,38125.0,38125.0,38095.0,38095.0,5,5,7,2025-06-08/2025-06-14,1293
168,-2330,MNK,MNKU25,M30,2025-06-13 14:30:00,1749825000,38130.0,38210.0,38130.0,38210.0,12,5,43,2025-06-08/2025-06-14,1293
169,-2329,MNK,MNKU25,M30,2025-06-13 15:00:00,1749826800,38240.0,38245.0,38225.0,38245.0,4,5,7,2025-06-08/2025-06-14,1293
170,-2328,MNK,MNKU25,M30,2025-06-13 15:30:00,1749828600,38255.0,38265.0,38250.0,38255.0,6,5,26,2025-06-08/2025-06-14,1293
171,-2327,MNK,MNKU25,M30,2025-06-13 16:00:00,1749830400,38240.0,38265.0,38240.0,38265.0,3,5,4,2025-06-08/2025-06-14,1293
172,-2326,MNK,MNKU25,M30,2025-06-13 16:30:00,1749832200,38260.0,38260.0,38260.0,38260.0,1,5,1,2025-06-08/2025-06-14,1293
173,-2325,MNK,MNKU25,M30,2025-06-13 17:00:00,1749834000,38220.0,38240.0,38195.0,38225.0,5,5,5,2025-06-08/2025-06-14,1293
174,-2324,MNK,MNKU25,M30,2025-06-13 18:00:00,1749837600,38180.0,38200.0,38145.0,38150.0,21,5,54,2025-06-08/2025-06-14,1293
175,-2323,MNK,MNKU25,M30,2025-06-13 18:30:00,1749839400,38135.0,38135.0,38020.0,38020.0,9,5,11,2025-06-08/2025-06-14,1293
176,-2322,MNK,MNKU25,M30,2025-06-13 19:00:00,1749841200,38070.0,38070.0,38070.0,38070.0,1,15,1,2025-06-08/2025-06-14,1293
177,-2321,MNK,MNKU25,M30,2025-06-13 19:30:00,1749843000,38030.0,38055.0,38005.0,38055.0,8,5,21,2025-06-08/2025-06-14,1293
178,-2320,MNK,MNKU25,M30,2025-06-13 20:00:00,1749844800,38020.0,38020.0,38020.0,38020.0,1,455,1,2025-06-08/2025-06-14,1293
179,-2319,MNK,MNKU25,M30,2025-06-15 22:00:00,1750024800,38000.0,38040.0,38000.0,38040.0,3,20,4,2025-06-15/2025-06-21,1652
180,-2318,MNK,MNKU25,M30,2025-06-15 22:30:00,1750026600,38095.0,38145.0,38095.0,38145.0,4,5,4,2025-06-15/2025-06-21,1652
181,-2317,MNK,MNKU25,M30,2025-06-15 23:00:00,1750028400,38095.0,38095.0,38095.0,38095.0,2,10,7,2025-06-15/2025-06-21,1652
182,-2316,MNK,MNKU25,M30,2025-06-16 00:00:00,1750032000,38195.0,38315.0,38195.0,38230.0,20,5,75,2025-06-15/2025-06-21,1652
183,-2315,MNK,MNKU25,M30,2025-06-16 00:30:00,1750033800,38240.0,38315.0,38240.0,38265.0,10,5,36,2025-06-15/2025-06-21,1652
184,-2314,MNK,MNKU25,M30,2025-06-16 01:00:00,1750035600,38205.0,38270.0,38180.0,38200.0,30,5,84,2025-06-15/2025-06-21,1652
185,-2313,MNK,MNKU25,M30,2025-06-16 01:30:00,1750037400,38285.0,38285.0,38275.0,38275.0,3,5,5,2025-06-15/2025-06-21,1652
186,-2312,MNK,MNKU25,M30,2025-06-16 02:00:00,1750039200,38315.0,38315.0,38290.0,38310.0,6,10,7,2025-06-15/2025-06-21,1652
187,-2311,MNK,MNKU25,M30,2025-06-16 02:30:00,1750041000,38310.0,38355.0,38310.0,38355.0,3,10,3,2025-06-15/2025-06-21,1652
188,-2310,MNK,MNKU25,M30,2025-06-16 03:00:00,1750042800,38355.0,38355.0,38355.0,38355.0,1,15,1,2025-06-15/2025-06-21,1652
189,-2309,MNK,MNKU25,M30,2025-06-16 04:00:00,1750046400,38395.0,38420.0,38395.0,38420.0,4,5,4,2025-06-15/2025-06-21,1652
190,-2308,MNK,MNKU25,M30,2025-06-16 04:30:00,1750048200,38430.0,38430.0,38430.0,38430.0,1,10,2,2025-06-15/2025-06-21,1652
191,-2307,MNK,MNKU25,M30,2025-06-16 05:30:00,1750051800,38390.0,38400.0,38390.0,38400.0,5,5,5,2025-06-15/2025-06-21,1652
192,-2306,MNK,MNKU25,M30,2025-06-16 06:00:00,1750053600,38360.0,38370.0,38360.0,38370.0,5,5,33,2025-06-15/2025-06-21,1652
193,-2305,MNK,MNKU25,M30,2025-06-16 06:30:00,1750055400,38485.0,38500.0,38485.0,38500.0,2,5,3,2025-06-15/2025-06-21,1652
194,-2304,MNK,MNKU25,M30,2025-06-16 07:00:00,1750057200,38540.0,38540.0,38540.0,38540.0,2,5,2,2025-06-15/2025-06-21,1652
195,-2303,MNK,MNKU25,M30,2025-06-16 07:30:00,1750059000,38535.0,38535.0,38535.0,38535.0,1,15,1,2025-06-15/2025-06-21,1652
196,-2302,MNK,MNKU25,M30,2025-06-16 08:00:00,1750060800,38535.0,38535.0,38535.0,38535.0,1,15,10,2025-06-15/2025-06-21,1652
197,-2301,MNK,MNKU25,M30,2025-06-16 08:30:00,1750062600,38545.0,38545.0,38545.0,38545.0,1,20,1,2025-06-15/2025-06-21,1652
198,-2300,MNK,MNKU25,M30,2025-06-16 09:00:00,1750064400,38525.0,38525.0,38525.0,38525.0,1,20,1,2025-06-15/2025-06-21,1652
199,-2299,MNK,MNKU25,M30,2025-06-16 09:30:00,1750066200,38515.0,38515.0,38515.0,38515.0,2,10,2,2025-06-15/2025-06-21,1652
200,-2298,MNK,MNKU25,M30,2025-06-16 12:00:00,1750075200,38555.0,38560.0,38555.0,38560.0,2,10,10,2025-06-15/2025-06-21,1652
201,-2297,MNK,MNKU25,M30,2025-06-16 12:30:00,1750077000,38545.0,38545.0,38520.0,38520.0,4,10,5,2025-06-15/2025-06-21,1652
202,-2296,MNK,MNKU25,M30,2025-06-16 13:00:00,1750078800,38495.0,38495.0,38485.0,38485.0,3,10,4,2025-06-15/2025-06-21,1652
203,-2295,MNK,MNKU25,M30,2025-06-16 13:30:00,1750080600,38535.0,38590.0,38505.0,38575.0,29,5,87,2025-06-15/2025-06-21,1652
204,-2294,MNK,MNKU25,M30,2025-06-16 14:00:00,1750082400,38585.0,38625.0,38585.0,38625.0,3,10,8,2025-06-15/2025-06-21,1652
205,-2293,MNK,MNKU25,M30,2025-06-16 15:00:00,1750086000,38690.0,38700.0,38650.0,38660.0,5,10,5,2025-06-15/2025-06-21,1652
206,-2292,MNK,MNKU25,M30,2025-06-16 15:30:00,1750087800,38710.0,38710.0,38675.0,38685.0,21,5,87,2025-06-15/2025-06-21,1652
207,-2291,MNK,MNKU25,M30,2025-06-16 16:30:00,1750091400,38650.0,38650.0,38650.0,38650.0,2,20,3,2025-06-15/2025-06-21,1652
208,-2290,MNK,MNKU25,M30,2025-06-16 17:00:00,1750093200,38685.0,38685.0,38680.0,38680.0,3,10,4,2025-06-15/2025-06-21,1652
209,-2289,MNK,MNKU25,M30,2025-06-16 17:30:00,1750095000,38670.0,38670.0,38665.0,38665.0,2,20,2,2025-06-15/2025-06-21,1652
210,-2288,MNK,MNKU25,M30,2025-06-16 18:00:00,1750096800,38680.0,38680.0,38680.0,38680.0,1,15,1,2025-06-15/2025-06-21,1652
211,-2287,MNK,MNKU25,M30,2025-06-16 18:30:00,1750098600,38645.0,38645.0,38645.0,38645.0,1,15,1,2025-06-15/2025-06-21,1652
212,-2286,MNK,MNKU25,M30,2025-06-16 19:00:00,1750100400,38630.0,38660.0,38630.0,38655.0,24,5,88,2025-06-15/2025-06-21,1652
213,-2285,MNK,MNKU25,M30,2025-06-16 19:30:00,1750102200,38630.0,38645.0,38620.0,38645.0,12,5,18,2025-06-15/2025-06-21,1652
12,-2869,MNK,MNKZ25,M30,2025-06-16 20:00:00,1750104000,38695.0,38695.0,38695.0,38695.0,0,0,0,2025-06-15/2025-06-21,0
214,-2284,MNK,MNKU25,M30,2025-06-16 20:30:00,1750105800,38700.0,38705.0,38700.0,38705.0,3,5,3,2025-06-15/2025-06-21,1652
215,-2283,MNK,MNKU25,M30,2025-06-16 22:00:00,1750111200,38655.0,38655.0,38655.0,38655.0,1,10,1,2025-06-15/2025-06-21,1652
216,-2282,MNK,MNKU25,M30,2025-06-16 22:30:00,1750113000,38650.0,38650.0,38650.0,38650.0,1,20,1,2025-06-15/2025-06-21,1652
217,-2281,MNK,MNKU25,M30,2025-06-16 23:30:00,1750116600,38505.0,38505.0,38505.0,38505.0,1,20,1,2025-06-15/2025-06-21,1652
218,-2280,MNK,MNKU25,M30,2025-06-17 00:00:00,1750118400,38495.0,38495.0,38460.0,38460.0,5,5,8,2025-06-15/2025-06-21,1652
219,-2279,MNK,MNKU25,M30,2025-06-17 00:30:00,1750120200,38510.0,38540.0,38510.0,38540.0,2,20,2,2025-06-15/2025-06-21,1652
220,-2278,MNK,MNKU25,M30,2025-06-17 01:00:00,1750122000,38645.0,38665.0,38555.0,38610.0,15,5,45,2025-06-15/2025-06-21,1652
221,-2277,MNK,MNKU25,M30,2025-06-17 01:30:00,1750123800,38610.0,38640.0,38610.0,38630.0,3,10,13,2025-06-15/2025-06-21,1652
222,-2276,MNK,MNKU25,M30,2025-06-17 02:00:00,1750125600,38665.0,38680.0,38605.0,38605.0,10,5,37,2025-06-15/2025-06-21,1652
223,-2275,MNK,MNKU25,M30,2025-06-17 02:30:00,1750127400,38635.0,38635.0,38635.0,38635.0,2,10,2,2025-06-15/2025-06-21,1652
224,-2274,MNK,MNKU25,M30,2025-06-17 03:00:00,1750129200,38640.0,38640.0,38640.0,38640.0,1,5,1,2025-06-15/2025-06-21,1652
225,-2273,MNK,MNKU25,M30,2025-06-17 04:30:00,1750134600,38640.0,38640.0,38640.0,38640.0,1,15,1,2025-06-15/2025-06-21,1652
226,-2272,MNK,MNKU25,M30,2025-06-17 05:00:00,1750136400,38630.0,38630.0,38600.0,38600.0,2,5,11,2025-06-15/2025-06-21,1652
227,-2271,MNK,MNKU25,M30,2025-06-17 05:30:00,1750138200,38625.0,38625.0,38600.0,38600.0,3,10,11,2025-06-15/2025-06-21,1652
228,-2270,MNK,MNKU25,M30,2025-06-17 06:30:00,1750141800,38665.0,38665.0,38590.0,38590.0,3,5,3,2025-06-15/2025-06-21,1652
229,-2269,MNK,MNKU25,M30,2025-06-17 08:00:00,1750147200,38545.0,38545.0,38530.0,38530.0,3,5,12,2025-06-15/2025-06-21,1652
230,-2268,MNK,MNKU25,M30,2025-06-17 08:30:00,1750149000,38500.0,38545.0,38500.0,38520.0,11,5,36,2025-06-15/2025-06-21,1652
231,-2267,MNK,MNKU25,M30,2025-06-17 09:00:00,1750150800,38550.0,38560.0,38450.0,38450.0,11,5,21,2025-06-15/2025-06-21,1652
232,-2266,MNK,MNKU25,M30,2025-06-17 11:00:00,1750158000,38450.0,38450.0,38450.0,38450.0,1,15,1,2025-06-15/2025-06-21,1652
233,-2265,MNK,MNKU25,M30,2025-06-17 11:30:00,1750159800,38455.0,38455.0,38455.0,38455.0,1,15,1,2025-06-15/2025-06-21,1652
234,-2264,MNK,MNKU25,M30,2025-06-17 12:30:00,1750163400,38490.0,38500.0,38480.0,38480.0,5,5,7,2025-06-15/2025-06-21,1652
235,-2263,MNK,MNKU25,M30,2025-06-17 13:00:00,1750165200,38455.0,38455.0,38455.0,38455.0,1,20,2,2025-06-15/2025-06-21,1652
236,-2262,MNK,MNKU25,M30,2025-06-17 13:30:00,1750167000,38525.0,38535.0,38480.0,38535.0,10,5,36,2025-06-15/2025-06-21,1652
237,-2261,MNK,MNKU25,M30,2025-06-17 14:00:00,1750168800,38565.0,38575.0,38515.0,38575.0,6,5,13,2025-06-15/2025-06-21,1652
238,-2260,MNK,MNKU25,M30,2025-06-17 14:30:00,1750170600,38535.0,38535.0,38535.0,38535.0,1,10,1,2025-06-15/2025-06-21,1652
239,-2259,MNK,MNKU25,M30,2025-06-17 15:30:00,1750174200,38530.0,38530.0,38530.0,38530.0,1,5,10,2025-06-15/2025-06-21,1652
240,-2258,MNK,MNKU25,M30,2025-06-17 16:00:00,1750176000,38540.0,38540.0,38525.0,38540.0,9,5,13,2025-06-15/2025-06-21,1652
241,-2257,MNK,MNKU25,M30,2025-06-17 16:30:00,1750177800,38540.0,38545.0,38470.0,38470.0,4,15,4,2025-06-15/2025-06-21,1652
242,-2256,MNK,MNKU25,M30,2025-06-17 17:00:00,1750179600,38500.0,38500.0,38500.0,38500.0,1,15,1,2025-06-15/2025-06-21,1652
243,-2255,MNK,MNKU25,M30,2025-06-17 17:30:00,1750181400,38370.0,38370.0,38370.0,38370.0,1,10,1,2025-06-15/2025-06-21,1652
244,-2254,MNK,MNKU25,M30,2025-06-17 18:00:00,1750183200,38350.0,38350.0,38335.0,38335.0,3,5,6,2025-06-15/2025-06-21,1652
245,-2253,MNK,MNKU25,M30,2025-06-17 18:30:00,1750185000,38370.0,38370.0,38370.0,38370.0,1,20,2,2025-06-15/2025-06-21,1652
246,-2252,MNK,MNKU25,M30,2025-06-17 19:30:00,1750188600,38370.0,38375.0,38325.0,38355.0,15,5,46,2025-06-15/2025-06-21,1652
13,-2868,MNK,MNKZ25,M30,2025-06-17 20:00:00,1750190400,38385.0,38385.0,38385.0,38385.0,0,0,0,2025-06-15/2025-06-21,0
247,-2251,MNK,MNKU25,M30,2025-06-17 20:30:00,1750192200,38340.0,38365.0,38340.0,38365.0,2,30,2,2025-06-15/2025-06-21,1652
248,-2250,MNK,MNKU25,M30,2025-06-17 22:00:00,1750197600,38335.0,38335.0,38330.0,38330.0,2,10,2,2025-06-15/2025-06-21,1652
249,-2249,MNK,MNKU25,M30,2025-06-17 23:30:00,1750203000,38370.0,38405.0,38370.0,38405.0,2,15,2,2025-06-15/2025-06-21,1652
250,-2248,MNK,MNKU25,M30,2025-06-18 00:00:00,1750204800,38595.0,38650.0,38595.0,38630.0,8,5,9,2025-06-15/2025-06-21,1652
251,-2247,MNK,MNKU25,M30,2025-06-18 00:30:00,1750206600,38690.0,38690.0,38655.0,38655.0,7,5,9,2025-06-15/2025-06-21,1652
252,-2246,MNK,MNKU25,M30,2025-06-18 01:00:00,1750208400,38730.0,38755.0,38730.0,38755.0,4,10,4,2025-06-15/2025-06-21,1652
253,-2245,MNK,MNKU25,M30,2025-06-18 01:30:00,1750210200,38785.0,38855.0,38785.0,38790.0,21,5,71,2025-06-15/2025-06-21,1652
254,-2244,MNK,MNKU25,M30,2025-06-18 02:00:00,1750212000,38850.0,38885.0,38845.0,38885.0,19,10,79,2025-06-15/2025-06-21,1652
255,-2243,MNK,MNKU25,M30,2025-06-18 02:30:00,1750213800,38865.0,38925.0,38865.0,38900.0,9,5,30,2025-06-15/2025-06-21,1652
256,-2242,MNK,MNKU25,M30,2025-06-18 03:00:00,1750215600,38890.0,38890.0,38880.0,38880.0,2,5,2,2025-06-15/2025-06-21,1652
257,-2241,MNK,MNKU25,M30,2025-06-18 03:30:00,1750217400,38855.0,38910.0,38855.0,38910.0,5,5,14,2025-06-15/2025-06-21,1652
258,-2240,MNK,MNKU25,M30,2025-06-18 04:00:00,1750219200,38910.0,38940.0,38885.0,38885.0,12,10,40,2025-06-15/2025-06-21,1652
259,-2239,MNK,MNKU25,M30,2025-06-18 04:30:00,1750221000,38850.0,38905.0,38850.0,38905.0,7,15,7,2025-06-15/2025-06-21,1652
260,-2238,MNK,MNKU25,M30,2025-06-18 05:00:00,1750222800,38915.0,38935.0,38915.0,38930.0,8,5,9,2025-06-15/2025-06-21,1652
261,-2237,MNK,MNKU25,M30,2025-06-18 05:30:00,1750224600,38945.0,38945.0,38945.0,38945.0,1,20,1,2025-06-15/2025-06-21,1652
262,-2236,MNK,MNKU25,M30,2025-06-18 06:00:00,1750226400,38935.0,38935.0,38935.0,38935.0,1,5,6,2025-06-15/2025-06-21,1652
263,-2235,MNK,MNKU25,M30,2025-06-18 06:30:00,1750228200,38995.0,38995.0,38965.0,38965.0,4,5,4,2025-06-15/2025-06-21,1652
264,-2234,MNK,MNKU25,M30,2025-06-18 07:00:00,1750230000,38945.0,38960.0,38915.0,38960.0,7,5,21,2025-06-15/2025-06-21,1652
265,-2233,MNK,MNKU25,M30,2025-06-18 07:30:00,1750231800,38955.0,38955.0,38955.0,38955.0,2,10,2,2025-06-15/2025-06-21,1652
266,-2232,MNK,MNKU25,M30,2025-06-18 08:00:00,1750233600,39000.0,39030.0,38965.0,38975.0,8,5,13,2025-06-15/2025-06-21,1652
267,-2231,MNK,MNKU25,M30,2025-06-18 08:30:00,1750235400,38955.0,38955.0,38860.0,38860.0,9,10,9,2025-06-15/2025-06-21,1652
268,-2230,MNK,MNKU25,M30,2025-06-18 09:00:00,1750237200,38920.0,38920.0,38920.0,38920.0,1,15,1,2025-06-15/2025-06-21,1652
269,-2229,MNK,MNKU25,M30,2025-06-18 09:30:00,1750239000,38830.0,38840.0,38830.0,38840.0,3,5,3,2025-06-15/2025-06-21,1652
270,-2228,MNK,MNKU25,M30,2025-06-18 11:00:00,1750244400,38745.0,38745.0,38730.0,38730.0,4,5,7,2025-06-15/2025-06-21,1652
271,-2227,MNK,MNKU25,M30,2025-06-18 11:30:00,1750246200,38760.0,38760.0,38760.0,38760.0,1,15,1,2025-06-15/2025-06-21,1652
272,-2226,MNK,MNKU25,M30,2025-06-18 12:00:00,1750248000,38760.0,38760.0,38760.0,38760.0,1,10,1,2025-06-15/2025-06-21,1652
273,-2225,MNK,MNKU25,M30,2025-06-18 13:30:00,1750253400,38715.0,38760.0,38700.0,38760.0,4,15,9,2025-06-15/2025-06-21,1652
274,-2224,MNK,MNKU25,M30,2025-06-18 14:00:00,1750255200,38740.0,38910.0,38740.0,38910.0,4,5,4,2025-06-15/2025-06-21,1652
275,-2223,MNK,MNKU25,M30,2025-06-18 14:30:00,1750257000,38875.0,38875.0,38845.0,38845.0,4,5,4,2025-06-15/2025-06-21,1652
276,-2222,MNK,MNKU25,M30,2025-06-18 15:00:00,1750258800,38850.0,38850.0,38850.0,38850.0,1,20,1,2025-06-15/2025-06-21,1652
277,-2221,MNK,MNKU25,M30,2025-06-18 15:30:00,1750260600,38835.0,38835.0,38835.0,38835.0,1,5,1,2025-06-15/2025-06-21,1652
278,-2220,MNK,MNKU25,M30,2025-06-18 16:00:00,1750262400,38780.0,38780.0,38760.0,38760.0,3,5,5,2025-06-15/2025-06-21,1652
279,-2219,MNK,MNKU25,M30,2025-06-18 17:00:00,1750266000,38720.0,38725.0,38720.0,38725.0,2,5,2,2025-06-15/2025-06-21,1652
280,-2218,MNK,MNKU25,M30,2025-06-18 17:30:00,1750267800,38710.0,38770.0,38700.0,38770.0,5,5,9,2025-06-15/2025-06-21,1652
281,-2217,MNK,MNKU25,M30,2025-06-18 18:00:00,1750269600,38750.0,38750.0,38750.0,38750.0,2,5,7,2025-06-15/2025-06-21,1652
282,-2216,MNK,MNKU25,M30,2025-06-18 18:30:00,1750271400,38890.0,38890.0,38675.0,38675.0,4,5,30,2025-06-15/2025-06-21,1652
283,-2215,MNK,MNKU25,M30,2025-06-18 19:00:00,1750273200,38730.0,38745.0,38700.0,38700.0,7,5,9,2025-06-15/2025-06-21,1652
284,-2214,MNK,MNKU25,M30,2025-06-18 19:30:00,1750275000,38725.0,38765.0,38725.0,38755.0,11,5,12,2025-06-15/2025-06-21,1652
285,-2213,MNK,MNKU25,M30,2025-06-18 20:00:00,1750276800,38765.0,38765.0,38765.0,38765.0,1,15,2,2025-06-15/2025-06-21,1652
286,-2212,MNK,MNKU25,M30,2025-06-18 20:30:00,1750278600,38810.0,38810.0,38810.0,38810.0,1,15,1,2025-06-15/2025-06-21,1652
287,-2211,MNK,MNKU25,M30,2025-06-18 23:30:00,1750289400,38810.0,38810.0,38810.0,38810.0,1,20,1,2025-06-15/2025-06-21,1652
288,-2210,MNK,MNKU25,M30,2025-06-19 00:00:00,1750291200,38675.0,38695.0,38670.0,38695.0,4,10,6,2025-06-15/2025-06-21,1652
289,-2209,MNK,MNKU25,M30,2025-06-19 00:30:00,1750293000,38675.0,38680.0,38675.0,38680.0,2,20,2,2025-06-15/2025-06-21,1652
290,-2208,MNK,MNKU25,M30,2025-06-19 01:00:00,1750294800,38670.0,38670.0,38585.0,38585.0,16,5,16,2025-06-15/2025-06-21,1652
291,-2207,MNK,MNKU25,M30,2025-06-19 01:30:00,1750296600,38675.0,38675.0,38675.0,38675.0,1,10,5,2025-06-15/2025-06-21,1652
292,-2206,MNK,MNKU25,M30,2025-06-19 02:00:00,1750298400,38655.0,38655.0,38655.0,38655.0,1,10,1,2025-06-15/2025-06-21,1652
293,-2205,MNK,MNKU25,M30,2025-06-19 03:00:00,1750302000,38695.0,38715.0,38695.0,38695.0,5,5,6,2025-06-15/2025-06-21,1652
294,-2204,MNK,MNKU25,M30,2025-06-19 03:30:00,1750303800,38695.0,38695.0,38695.0,38695.0,1,20,2,2025-06-15/2025-06-21,1652
295,-2203,MNK,MNKU25,M30,2025-06-19 04:00:00,1750305600,38710.0,38710.0,38700.0,38700.0,2,15,2,2025-06-15/2025-06-21,1652
296,-2202,MNK,MNKU25,M30,2025-06-19 04:30:00,1750307400,38670.0,38670.0,38660.0,38660.0,2,10,3,2025-06-15/2025-06-21,1652
297,-2201,MNK,MNKU25,M30,2025-06-19 05:00:00,1750309200,38650.0,38650.0,38650.0,38650.0,1,10,1,2025-06-15/2025-06-21,1652
298,-2200,MNK,MNKU25,M30,2025-06-19 06:00:00,1750312800,38635.0,38635.0,38600.0,38600.0,4,15,14,2025-06-15/2025-06-21,1652
299,-2199,MNK,MNKU25,M30,2025-06-19 06:30:00,1750314600,38605.0,38605.0,38605.0,38605.0,1,20,1,2025-06-15/2025-06-21,1652
300,-2198,MNK,MNKU25,M30,2025-06-19 07:00:00,1750316400,38645.0,38645.0,38625.0,38625.0,2,20,2,2025-06-15/2025-06-21,1652
301,-2197,MNK,MNKU25,M30,2025-06-19 08:00:00,1750320000,38635.0,38635.0,38635.0,38635.0,1,20,1,2025-06-15/2025-06-21,1652
302,-2196,MNK,MNKU25,M30,2025-06-19 08:30:00,1750321800,38670.0,38670.0,38670.0,38670.0,4,10,4,2025-06-15/2025-06-21,1652
303,-2195,MNK,MNKU25,M30,2025-06-19 09:00:00,1750323600,38680.0,38680.0,38680.0,38680.0,1,15,1,2025-06-15/2025-06-21,1652
304,-2194,MNK,MNKU25,M30,2025-06-19 09:30:00,1750325400,38720.0,38725.0,38720.0,38720.0,4,10,5,2025-06-15/2025-06-21,1652
305,-2193,MNK,MNKU25,M30,2025-06-19 10:30:00,1750329000,38770.0,38780.0,38770.0,38780.0,2,5,2,2025-06-15/2025-06-21,1652
306,-2192,MNK,MNKU25,M30,2025-06-19 11:00:00,1750330800,38780.0,38780.0,38735.0,38735.0,5,5,9,2025-06-15/2025-06-21,1652
307,-2191,MNK,MNKU25,M30,2025-06-19 13:30:00,1750339800,38580.0,38580.0,38570.0,38570.0,2,5,2,2025-06-15/2025-06-21,1652
308,-2190,MNK,MNKU25,M30,2025-06-19 14:00:00,1750341600,38565.0,38565.0,38565.0,38565.0,1,20,1,2025-06-15/2025-06-21,1652
309,-2189,MNK,MNKU25,M30,2025-06-19 15:00:00,1750345200,38515.0,38525.0,38515.0,38525.0,4,15,13,2025-06-15/2025-06-21,1652
310,-2188,MNK,MNKU25,M30,2025-06-19 15:30:00,1750347000,38510.0,38510.0,38480.0,38480.0,2,15,2,2025-06-15/2025-06-21,1652
311,-2187,MNK,MNKU25,M30,2025-06-19 16:00:00,1750348800,38490.0,38490.0,38485.0,38485.0,2,15,4,2025-06-15/2025-06-21,1652
312,-2186,MNK,MNKU25,M30,2025-06-19 16:30:00,1750350600,38520.0,38520.0,38520.0,38520.0,2,15,2,2025-06-15/2025-06-21,1652
313,-2185,MNK,MNKU25,M30,2025-06-19 22:30:00,1750372200,38735.0,38740.0,38720.0,38720.0,3,15,4,2025-06-15/2025-06-21,1652
314,-2184,MNK,MNKU25,M30,2025-06-19 23:30:00,1750375800,38630.0,38630.0,38590.0,38590.0,2,10,2,2025-06-15/2025-06-21,1652
315,-2183,MNK,MNKU25,M30,2025-06-20 00:00:00,1750377600,38615.0,38670.0,38615.0,38670.0,3,5,4,2025-06-15/2025-06-21,1652
316,-2182,MNK,MNKU25,M30,2025-06-20 00:30:00,1750379400,38690.0,38695.0,38690.0,38695.0,2,5,2,2025-06-15/2025-06-21,1652
317,-2181,MNK,MNKU25,M30,2025-06-20 01:30:00,1750383000,38520.0,38520.0,38510.0,38510.0,2,5,2,2025-06-15/2025-06-21,1652
318,-2180,MNK,MNKU25,M30,2025-06-20 02:00:00,1750384800,38515.0,38515.0,38515.0,38515.0,1,20,1,2025-06-15/2025-06-21,1652
319,-2179,MNK,MNKU25,M30,2025-06-20 03:00:00,1750388400,38555.0,38555.0,38555.0,38555.0,1,20,1,2025-06-15/2025-06-21,1652
320,-2178,MNK,MNKU25,M30,2025-06-20 03:30:00,1750390200,38570.0,38570.0,38570.0,38570.0,1,20,1,2025-06-15/2025-06-21,1652
321,-2177,MNK,MNKU25,M30,2025-06-20 04:00:00,1750392000,38550.0,38550.0,38550.0,38550.0,1,15,1,2025-06-15/2025-06-21,1652
322,-2176,MNK,MNKU25,M30,2025-06-20 05:00:00,1750395600,38570.0,38570.0,38570.0,38570.0,1,20,1,2025-06-15/2025-06-21,1652
323,-2175,MNK,MNKU25,M30,2025-06-20 05:30:00,1750397400,38595.0,38595.0,38575.0,38585.0,3,5,4,2025-06-15/2025-06-21,1652
324,-2174,MNK,MNKU25,M30,2025-06-20 06:00:00,1750399200,38600.0,38600.0,38600.0,38600.0,1,20,1,2025-06-15/2025-06-21,1652
325,-2173,MNK,MNKU25,M30,2025-06-20 06:30:00,1750401000,38490.0,38490.0,38455.0,38455.0,5,10,5,2025-06-15/2025-06-21,1652
326,-2172,MNK,MNKU25,M30,2025-06-20 07:30:00,1750404600,38485.0,38485.0,38485.0,38485.0,2,5,10,2025-06-15/2025-06-21,1652
327,-2171,MNK,MNKU25,M30,2025-06-20 08:00:00,1750406400,38575.0,38590.0,38575.0,38590.0,2,10,11,2025-06-15/2025-06-21,1652
328,-2170,MNK,MNKU25,M30,2025-06-20 08:30:00,1750408200,38530.0,38540.0,38530.0,38540.0,4,15,5,2025-06-15/2025-06-21,1652
329,-2169,MNK,MNKU25,M30,2025-06-20 09:00:00,1750410000,38490.0,38520.0,38490.0,38520.0,4,5,4,2025-06-15/2025-06-21,1652
330,-2168,MNK,MNKU25,M30,2025-06-20 11:30:00,1750419000,38645.0,38645.0,38640.0,38640.0,3,5,6,2025-06-15/2025-06-21,1652
331,-2167,MNK,MNKU25,M30,2025-06-20 12:30:00,1750422600,38665.0,38665.0,38655.0,38665.0,4,5,4,2025-06-15/2025-06-21,1652
332,-2166,MNK,MNKU25,M30,2025-06-20 13:30:00,1750426200,38635.0,38635.0,38635.0,38635.0,1,20,1,2025-06-15/2025-06-21,1652
333,-2165,MNK,MNKU25,M30,2025-06-20 14:00:00,1750428000,38575.0,38575.0,38575.0,38575.0,1,15,2,2025-06-15/2025-06-21,1652
334,-2164,MNK,MNKU25,M30,2025-06-20 14:30:00,1750429800,38600.0,38600.0,38380.0,38380.0,8,5,8,2025-06-15/2025-06-21,1652
335,-2163,MNK,MNKU25,M30,2025-06-20 15:00:00,1750431600,38375.0,38410.0,38375.0,38410.0,4,20,6,2025-06-15/2025-06-21,1652
336,-2162,MNK,MNKU25,M30,2025-06-20 15:30:00,1750433400,38445.0,38500.0,38445.0,38480.0,14,10,17,2025-06-15/2025-06-21,1652
337,-2161,MNK,MNKU25,M30,2025-06-20 16:30:00,1750437000,38430.0,38430.0,38425.0,38425.0,4,5,5,2025-06-15/2025-06-21,1652
338,-2160,MNK,MNKU25,M30,2025-06-20 17:00:00,1750438800,38450.0,38480.0,38435.0,38435.0,5,5,5,2025-06-15/2025-06-21,1652
339,-2159,MNK,MNKU25,M30,2025-06-20 18:00:00,1750442400,38455.0,38455.0,38455.0,38455.0,2,10,2,2025-06-15/2025-06-21,1652
340,-2158,MNK,MNKU25,M30,2025-06-20 18:30:00,1750444200,38475.0,38475.0,38450.0,38450.0,3,20,5,2025-06-15/2025-06-21,1652
341,-2157,MNK,MNKU25,M30,2025-06-20 19:00:00,1750446000,38445.0,38445.0,38410.0,38410.0,2,5,2,2025-06-15/2025-06-21,1652
342,-2156,MNK,MNKU25,M30,2025-06-20 19:30:00,1750447800,38395.0,38400.0,38395.0,38400.0,6,5,10,2025-06-15/2025-06-21,1652
15,-2866,MNK,MNKZ25,M30,2025-06-20 20:00:00,1750449600,38435.0,38435.0,38435.0,38435.0,0,0,0,2025-06-15/2025-06-21,0
343,-2155,MNK,MNKU25,M30,2025-06-20 20:30:00,1750451400,38475.0,38475.0,38475.0,38475.0,1,1175,1,2025-06-15/2025-06-21,1652
344,-2154,MNK,MNKU25,M30,2025-06-22 22:00:00,1750629600,38220.0,38340.0,38130.0,38340.0,20,5,26,2025-06-22/2025-06-28,2694
345,-2153,MNK,MNKU25,M30,2025-06-22 22:30:00,1750631400,38355.0,38375.0,38355.0,38365.0,6,5,14,2025-06-22/2025-06-28,2694
346,-2152,MNK,MNKU25,M30,2025-06-22 23:00:00,1750633200,38355.0,38355.0,38290.0,38320.0,6,5,7,2025-06-22/2025-06-28,2694
347,-2151,MNK,MNKU25,M30,2025-06-23 00:00:00,1750636800,38230.0,38250.0,38180.0,38180.0,8,5,15,2025-06-22/2025-06-28,2694
348,-2150,MNK,MNKU25,M30,2025-06-23 00:30:00,1750638600,38165.0,38165.0,38150.0,38150.0,2,5,2,2025-06-22/2025-06-28,2694
349,-2149,MNK,MNKU25,M30,2025-06-23 01:00:00,1750640400,38295.0,38295.0,38245.0,38245.0,2,20,4,2025-06-22/2025-06-28,2694
350,-2148,MNK,MNKU25,M30,2025-06-23 01:30:00,1750642200,38300.0,38300.0,38250.0,38250.0,11,5,74,2025-06-22/2025-06-28,2694
351,-2147,MNK,MNKU25,M30,2025-06-23 02:00:00,1750644000,38315.0,38315.0,38315.0,38315.0,1,20,3,2025-06-22/2025-06-28,2694
352,-2146,MNK,MNKU25,M30,2025-06-23 02:30:00,1750645800,38275.0,38275.0,38250.0,38250.0,2,10,2,2025-06-22/2025-06-28,2694
353,-2145,MNK,MNKU25,M30,2025-06-23 03:00:00,1750647600,38320.0,38320.0,38320.0,38320.0,1,20,1,2025-06-22/2025-06-28,2694
354,-2144,MNK,MNKU25,M30,2025-06-23 04:30:00,1750653000,38400.0,38405.0,38400.0,38400.0,3,10,3,2025-06-22/2025-06-28,2694
355,-2143,MNK,MNKU25,M30,2025-06-23 06:00:00,1750658400,38420.0,38440.0,38420.0,38440.0,3,5,3,2025-06-22/2025-06-28,2694
356,-2142,MNK,MNKU25,M30,2025-06-23 06:30:00,1750660200,38490.0,38495.0,38490.0,38495.0,2,20,2,2025-06-22/2025-06-28,2694
357,-2141,MNK,MNKU25,M30,2025-06-23 07:00:00,1750662000,38510.0,38535.0,38510.0,38525.0,3,15,3,2025-06-22/2025-06-28,2694
358,-2140,MNK,MNKU25,M30,2025-06-23 07:30:00,1750663800,38575.0,38600.0,38545.0,38600.0,5,5,22,2025-06-22/2025-06-28,2694
359,-2139,MNK,MNKU25,M30,2025-06-23 08:00:00,1750665600,38595.0,38660.0,38590.0,38655.0,9,5,43,2025-06-22/2025-06-28,2694
360,-2138,MNK,MNKU25,M30,2025-06-23 09:00:00,1750669200,38630.0,38660.0,38625.0,38660.0,19,5,22,2025-06-22/2025-06-28,2694
361,-2137,MNK,MNKU25,M30,2025-06-23 09:30:00,1750671000,38610.0,38610.0,38595.0,38600.0,28,5,28,2025-06-22/2025-06-28,2694
362,-2136,MNK,MNKU25,M30,2025-06-23 10:00:00,1750672800,38630.0,38630.0,38590.0,38590.0,22,5,22,2025-06-22/2025-06-28,2694
363,-2135,MNK,MNKU25,M30,2025-06-23 10:30:00,1750674600,38590.0,38595.0,38570.0,38575.0,20,5,24,2025-06-22/2025-06-28,2694
364,-2134,MNK,MNKU25,M30,2025-06-23 11:00:00,1750676400,38565.0,38565.0,38515.0,38525.0,29,5,29,2025-06-22/2025-06-28,2694
365,-2133,MNK,MNKU25,M30,2025-06-23 11:30:00,1750678200,38500.0,38515.0,38490.0,38515.0,3,5,9,2025-06-22/2025-06-28,2694
366,-2132,MNK,MNKU25,M30,2025-06-23 12:00:00,1750680000,38540.0,38550.0,38535.0,38545.0,5,5,5,2025-06-22/2025-06-28,2694
367,-2131,MNK,MNKU25,M30,2025-06-23 12:30:00,1750681800,38555.0,38555.0,38545.0,38545.0,4,5,4,2025-06-22/2025-06-28,2694
368,-2130,MNK,MNKU25,M30,2025-06-23 13:00:00,1750683600,38530.0,38530.0,38520.0,38520.0,5,5,8,2025-06-22/2025-06-28,2694
369,-2129,MNK,MNKU25,M30,2025-06-23 13:30:00,1750685400,38530.0,38600.0,38530.0,38600.0,80,5,86,2025-06-22/2025-06-28,2694
370,-2128,MNK,MNKU25,M30,2025-06-23 14:00:00,1750687200,38625.0,38630.0,38595.0,38600.0,13,5,16,2025-06-22/2025-06-28,2694
371,-2127,MNK,MNKU25,M30,2025-06-23 14:30:00,1750689000,38570.0,38585.0,38570.0,38580.0,11,5,11,2025-06-22/2025-06-28,2694
372,-2126,MNK,MNKU25,M30,2025-06-23 15:00:00,1750690800,38590.0,38600.0,38590.0,38590.0,21,5,23,2025-06-22/2025-06-28,2694
373,-2125,MNK,MNKU25,M30,2025-06-23 15:30:00,1750692600,38545.0,38545.0,38530.0,38535.0,24,5,24,2025-06-22/2025-06-28,2694
374,-2124,MNK,MNKU25,M30,2025-06-23 16:00:00,1750694400,38505.0,38530.0,38450.0,38450.0,42,5,42,2025-06-22/2025-06-28,2694
375,-2123,MNK,MNKU25,M30,2025-06-23 16:30:00,1750696200,38415.0,38415.0,38345.0,38405.0,13,5,36,2025-06-22/2025-06-28,2694
376,-2122,MNK,MNKU25,M30,2025-06-23 17:00:00,1750698000,38475.0,38630.0,38475.0,38625.0,56,5,111,2025-06-22/2025-06-28,2694
377,-2121,MNK,MNKU25,M30,2025-06-23 17:30:00,1750699800,38685.0,38705.0,38655.0,38660.0,31,5,48,2025-06-22/2025-06-28,2694
378,-2120,MNK,MNKU25,M30,2025-06-23 18:00:00,1750701600,38660.0,38680.0,38650.0,38650.0,19,5,19,2025-06-22/2025-06-28,2694
379,-2119,MNK,MNKU25,M30,2025-06-23 18:30:00,1750703400,38650.0,38665.0,38645.0,38645.0,5,5,7,2025-06-22/2025-06-28,2694
380,-2118,MNK,MNKU25,M30,2025-06-23 19:30:00,1750707000,38675.0,38700.0,38675.0,38700.0,6,10,7,2025-06-22/2025-06-28,2694
381,-2117,MNK,MNKU25,M30,2025-06-23 20:00:00,1750708800,38700.0,38700.0,38700.0,38700.0,1,295,1,2025-06-22/2025-06-28,2694
382,-2116,MNK,MNKU25,M30,2025-06-23 22:00:00,1750716000,38700.0,38940.0,38700.0,38940.0,14,5,39,2025-06-22/2025-06-28,2694
383,-2115,MNK,MNKU25,M30,2025-06-23 22:30:00,1750717800,38910.0,38910.0,38895.0,38895.0,5,10,12,2025-06-22/2025-06-28,2694
384,-2114,MNK,MNKU25,M30,2025-06-23 23:00:00,1750719600,38920.0,38920.0,38905.0,38905.0,2,5,3,2025-06-22/2025-06-28,2694
385,-2113,MNK,MNKU25,M30,2025-06-23 23:30:00,1750721400,38870.0,38885.0,38835.0,38885.0,6,20,6,2025-06-22/2025-06-28,2694
386,-2112,MNK,MNKU25,M30,2025-06-24 00:00:00,1750723200,39030.0,39085.0,38985.0,38985.0,13,5,53,2025-06-22/2025-06-28,2694
387,-2111,MNK,MNKU25,M30,2025-06-24 00:30:00,1750725000,38960.0,38960.0,38775.0,38800.0,18,5,73,2025-06-22/2025-06-28,2694
388,-2110,MNK,MNKU25,M30,2025-06-24 01:00:00,1750726800,38800.0,38860.0,38800.0,38860.0,3,10,3,2025-06-22/2025-06-28,2694
389,-2109,MNK,MNKU25,M30,2025-06-24 01:30:00,1750728600,38925.0,38960.0,38925.0,38960.0,9,5,17,2025-06-22/2025-06-28,2694
390,-2108,MNK,MNKU25,M30,2025-06-24 02:00:00,1750730400,38810.0,38835.0,38785.0,38825.0,10,5,30,2025-06-22/2025-06-28,2694
391,-2107,MNK,MNKU25,M30,2025-06-24 02:30:00,1750732200,38830.0,38830.0,38810.0,38810.0,3,5,4,2025-06-22/2025-06-28,2694
392,-2106,MNK,MNKU25,M30,2025-06-24 05:30:00,1750743000,38895.0,38895.0,38895.0,38895.0,1,15,1,2025-06-22/2025-06-28,2694
393,-2105,MNK,MNKU25,M30,2025-06-24 06:00:00,1750744800,38845.0,38845.0,38805.0,38830.0,6,5,12,2025-06-22/2025-06-28,2694
394,-2104,MNK,MNKU25,M30,2025-06-24 06:30:00,1750746600,38910.0,38915.0,38910.0,38915.0,5,10,5,2025-06-22/2025-06-28,2694
395,-2103,MNK,MNKU25,M30,2025-06-24 07:00:00,1750748400,38820.0,38820.0,38815.0,38815.0,5,5,11,2025-06-22/2025-06-28,2694
396,-2102,MNK,MNKU25,M30,2025-06-24 07:30:00,1750750200,38750.0,38750.0,38750.0,38750.0,1,25,1,2025-06-22/2025-06-28,2694
397,-2101,MNK,MNKU25,M30,2025-06-24 08:00:00,1750752000,38805.0,38810.0,38805.0,38810.0,6,5,24,2025-06-22/2025-06-28,2694
398,-2100,MNK,MNKU25,M30,2025-06-24 09:00:00,1750755600,38845.0,38845.0,38845.0,38845.0,1,5,2,2025-06-22/2025-06-28,2694
399,-2099,MNK,MNKU25,M30,2025-06-24 12:00:00,1750766400,38800.0,38800.0,38800.0,38800.0,1,20,2,2025-06-22/2025-06-28,2694
400,-2098,MNK,MNKU25,M30,2025-06-24 12:30:00,1750768200,38805.0,38810.0,38785.0,38785.0,4,5,4,2025-06-22/2025-06-28,2694
401,-2097,MNK,MNKU25,M30,2025-06-24 13:00:00,1750770000,38780.0,38800.0,38775.0,38775.0,19,5,78,2025-06-22/2025-06-28,2694
402,-2096,MNK,MNKU25,M30,2025-06-24 13:30:00,1750771800,38775.0,38775.0,38755.0,38755.0,3,5,4,2025-06-22/2025-06-28,2694
403,-2095,MNK,MNKU25,M30,2025-06-24 14:00:00,1750773600,38735.0,38755.0,38700.0,38725.0,35,5,110,2025-06-22/2025-06-28,2694
404,-2094,MNK,MNKU25,M30,2025-06-24 14:30:00,1750775400,38725.0,38745.0,38725.0,38730.0,6,5,7,2025-06-22/2025-06-28,2694
405,-2093,MNK,MNKU25,M30,2025-06-24 15:00:00,1750777200,38775.0,38780.0,38725.0,38725.0,20,5,79,2025-06-22/2025-06-28,2694
406,-2092,MNK,MNKU25,M30,2025-06-24 15:30:00,1750779000,38730.0,38730.0,38725.0,38725.0,4,10,4,2025-06-22/2025-06-28,2694
407,-2091,MNK,MNKU25,M30,2025-06-24 17:00:00,1750784400,38765.0,38765.0,38760.0,38760.0,3,5,3,2025-06-22/2025-06-28,2694
408,-2090,MNK,MNKU25,M30,2025-06-24 18:30:00,1750789800,38840.0,38840.0,38840.0,38840.0,1,5,2,2025-06-22/2025-06-28,2694
409,-2089,MNK,MNKU25,M30,2025-06-24 19:00:00,1750791600,38870.0,38870.0,38870.0,38870.0,1,15,5,2025-06-22/2025-06-28,2694
410,-2088,MNK,MNKU25,M30,2025-06-24 19:30:00,1750793400,38875.0,38890.0,38855.0,38855.0,22,5,93,2025-06-22/2025-06-28,2694
411,-2087,MNK,MNKU25,M30,2025-06-24 20:00:00,1750795200,38850.0,38850.0,38840.0,38840.0,9,5,25,2025-06-22/2025-06-28,2694
412,-2086,MNK,MNKU25,M30,2025-06-24 20:30:00,1750797000,38855.0,38855.0,38855.0,38855.0,6,5,25,2025-06-22/2025-06-28,2694
413,-2085,MNK,MNKU25,M30,2025-06-24 22:00:00,1750802400,38895.0,38895.0,38895.0,38895.0,1,20,1,2025-06-22/2025-06-28,2694
414,-2084,MNK,MNKU25,M30,2025-06-24 23:00:00,1750806000,38885.0,38885.0,38865.0,38865.0,2,5,2,2025-06-22/2025-06-28,2694
415,-2083,MNK,MNKU25,M30,2025-06-24 23:30:00,1750807800,38850.0,38850.0,38845.0,38845.0,3,5,3,2025-06-22/2025-06-28,2694
416,-2082,MNK,MNKU25,M30,2025-06-25 00:00:00,1750809600,38900.0,38900.0,38900.0,38900.0,2,5,2,2025-06-22/2025-06-28,2694
417,-2081,MNK,MNKU25,M30,2025-06-25 00:30:00,1750811400,38880.0,38880.0,38880.0,38880.0,3,10,4,2025-06-22/2025-06-28,2694
418,-2080,MNK,MNKU25,M30,2025-06-25 01:30:00,1750815000,38935.0,38935.0,38935.0,38935.0,1,20,1,2025-06-22/2025-06-28,2694
419,-2079,MNK,MNKU25,M30,2025-06-25 02:00:00,1750816800,38920.0,38920.0,38800.0,38800.0,3,10,3,2025-06-22/2025-06-28,2694
420,-2078,MNK,MNKU25,M30,2025-06-25 02:30:00,1750818600,38800.0,38835.0,38800.0,38835.0,4,20,4,2025-06-22/2025-06-28,2694
421,-2077,MNK,MNKU25,M30,2025-06-25 03:00:00,1750820400,38825.0,38845.0,38825.0,38830.0,4,15,4,2025-06-22/2025-06-28,2694
422,-2076,MNK,MNKU25,M30,2025-06-25 03:30:00,1750822200,38855.0,38855.0,38820.0,38820.0,2,20,2,2025-06-22/2025-06-28,2694
423,-2075,MNK,MNKU25,M30,2025-06-25 04:00:00,1750824000,38910.0,38910.0,38910.0,38910.0,1,20,1,2025-06-22/2025-06-28,2694
424,-2074,MNK,MNKU25,M30,2025-06-25 04:30:00,1750825800,38920.0,38920.0,38920.0,38920.0,1,20,1,2025-06-22/2025-06-28,2694
425,-2073,MNK,MNKU25,M30,2025-06-25 05:00:00,1750827600,38980.0,38980.0,38980.0,38980.0,1,15,1,2025-06-22/2025-06-28,2694
426,-2072,MNK,MNKU25,M30,2025-06-25 06:30:00,1750833000,39015.0,39015.0,39015.0,39015.0,1,15,4,2025-06-22/2025-06-28,2694
427,-2071,MNK,MNKU25,M30,2025-06-25 08:00:00,1750838400,39040.0,39040.0,39040.0,39040.0,1,15,1,2025-06-22/2025-06-28,2694
428,-2070,MNK,MNKU25,M30,2025-06-25 10:00:00,1750845600,39115.0,39115.0,39115.0,39115.0,2,5,5,2025-06-22/2025-06-28,2694
429,-2069,MNK,MNKU25,M30,2025-06-25 10:30:00,1750847400,39190.0,39200.0,39190.0,39200.0,3,10,12,2025-06-22/2025-06-28,2694
430,-2068,MNK,MNKU25,M30,2025-06-25 11:00:00,1750849200,39190.0,39190.0,39190.0,39190.0,1,5,10,2025-06-22/2025-06-28,2694
431,-2067,MNK,MNKU25,M30,2025-06-25 11:30:00,1750851000,39200.0,39225.0,39195.0,39225.0,4,5,4,2025-06-22/2025-06-28,2694
432,-2066,MNK,MNKU25,M30,2025-06-25 12:30:00,1750854600,39170.0,39175.0,39170.0,39170.0,3,15,13,2025-06-22/2025-06-28,2694
433,-2065,MNK,MNKU25,M30,2025-06-25 13:00:00,1750856400,39190.0,39190.0,39190.0,39190.0,1,15,6,2025-06-22/2025-06-28,2694
434,-2064,MNK,MNKU25,M30,2025-06-25 13:30:00,1750858200,39140.0,39150.0,39130.0,39150.0,7,5,23,2025-06-22/2025-06-28,2694
435,-2063,MNK,MNKU25,M30,2025-06-25 14:00:00,1750860000,39150.0,39150.0,39150.0,39150.0,2,10,3,2025-06-22/2025-06-28,2694
436,-2062,MNK,MNKU25,M30,2025-06-25 15:30:00,1750865400,39085.0,39095.0,39085.0,39090.0,11,5,11,2025-06-22/2025-06-28,2694
437,-2061,MNK,MNKU25,M30,2025-06-25 16:30:00,1750869000,39050.0,39050.0,39040.0,39040.0,3,5,5,2025-06-22/2025-06-28,2694
438,-2060,MNK,MNKU25,M30,2025-06-25 17:00:00,1750870800,39035.0,39060.0,39025.0,39060.0,5,5,7,2025-06-22/2025-06-28,2694
439,-2059,MNK,MNKU25,M30,2025-06-25 17:30:00,1750872600,39040.0,39040.0,39030.0,39030.0,2,15,2,2025-06-22/2025-06-28,2694
440,-2058,MNK,MNKU25,M30,2025-06-25 18:00:00,1750874400,39010.0,39010.0,39010.0,39010.0,1,10,2,2025-06-22/2025-06-28,2694
441,-2057,MNK,MNKU25,M30,2025-06-25 20:00:00,1750881600,39005.0,39005.0,39005.0,39005.0,1,20,1,2025-06-22/2025-06-28,2694
442,-2056,MNK,MNKU25,M30,2025-06-25 23:30:00,1750894200,39105.0,39105.0,39105.0,39105.0,1,25,1,2025-06-22/2025-06-28,2694
443,-2055,MNK,MNKU25,M30,2025-06-26 00:00:00,1750896000,39195.0,39310.0,39175.0,39310.0,9,5,27,2025-06-22/2025-06-28,2694
444,-2054,MNK,MNKU25,M30,2025-06-26 00:30:00,1750897800,39300.0,39380.0,39300.0,39340.0,14,5,27,2025-06-22/2025-06-28,2694
445,-2053,MNK,MNKU25,M30,2025-06-26 01:00:00,1750899600,39325.0,39400.0,39325.0,39395.0,21,5,38,2025-06-22/2025-06-28,2694
446,-2052,MNK,MNKU25,M30,2025-06-26 01:30:00,1750901400,39400.0,39450.0,39370.0,39380.0,22,5,42,2025-06-22/2025-06-28,2694
447,-2051,MNK,MNKU25,M30,2025-06-26 02:00:00,1750903200,39395.0,39435.0,39390.0,39410.0,6,10,12,2025-06-22/2025-06-28,2694
448,-2050,MNK,MNKU25,M30,2025-06-26 02:30:00,1750905000,39400.0,39400.0,39370.0,39370.0,2,5,2,2025-06-22/2025-06-28,2694
449,-2049,MNK,MNKU25,M30,2025-06-26 03:00:00,1750906800,39370.0,39400.0,39370.0,39400.0,2,5,2,2025-06-22/2025-06-28,2694
450,-2048,MNK,MNKU25,M30,2025-06-26 03:30:00,1750908600,39420.0,39530.0,39415.0,39520.0,31,5,73,2025-06-22/2025-06-28,2694
451,-2047,MNK,MNKU25,M30,2025-06-26 04:00:00,1750910400,39530.0,39555.0,39510.0,39515.0,8,5,44,2025-06-22/2025-06-28,2694
452,-2046,MNK,MNKU25,M30,2025-06-26 04:30:00,1750912200,39550.0,39560.0,39545.0,39545.0,6,5,7,2025-06-22/2025-06-28,2694
453,-2045,MNK,MNKU25,M30,2025-06-26 05:00:00,1750914000,39570.0,39595.0,39570.0,39595.0,6,5,6,2025-06-22/2025-06-28,2694
454,-2044,MNK,MNKU25,M30,2025-06-26 05:30:00,1750915800,39585.0,39660.0,39585.0,39630.0,7,5,17,2025-06-22/2025-06-28,2694
455,-2043,MNK,MNKU25,M30,2025-06-26 06:00:00,1750917600,39600.0,39630.0,39575.0,39620.0,5,15,5,2025-06-22/2025-06-28,2694
456,-2042,MNK,MNKU25,M30,2025-06-26 06:30:00,1750919400,39610.0,39610.0,39610.0,39610.0,1,5,1,2025-06-22/2025-06-28,2694
457,-2041,MNK,MNKU25,M30,2025-06-26 07:30:00,1750923000,39540.0,39540.0,39540.0,39540.0,1,15,1,2025-06-22/2025-06-28,2694
458,-2040,MNK,MNKU25,M30,2025-06-26 08:00:00,1750924800,39565.0,39585.0,39555.0,39580.0,5,5,7,2025-06-22/2025-06-28,2694
459,-2039,MNK,MNKU25,M30,2025-06-26 09:30:00,1750930200,39555.0,39555.0,39555.0,39555.0,2,5,20,2025-06-22/2025-06-28,2694
460,-2038,MNK,MNKU25,M30,2025-06-26 10:00:00,1750932000,39605.0,39635.0,39605.0,39635.0,3,5,6,2025-06-22/2025-06-28,2694
461,-2037,MNK,MNKU25,M30,2025-06-26 10:30:00,1750933800,39640.0,39665.0,39640.0,39665.0,9,5,14,2025-06-22/2025-06-28,2694
462,-2036,MNK,MNKU25,M30,2025-06-26 11:00:00,1750935600,39635.0,39635.0,39635.0,39635.0,2,10,20,2025-06-22/2025-06-28,2694
463,-2035,MNK,MNKU25,M30,2025-06-26 12:00:00,1750939200,39590.0,39590.0,39590.0,39590.0,1,30,1,2025-06-22/2025-06-28,2694
464,-2034,MNK,MNKU25,M30,2025-06-26 12:30:00,1750941000,39550.0,39550.0,39530.0,39530.0,2,10,2,2025-06-22/2025-06-28,2694
465,-2033,MNK,MNKU25,M30,2025-06-26 13:00:00,1750942800,39565.0,39590.0,39555.0,39565.0,10,5,20,2025-06-22/2025-06-28,2694
466,-2032,MNK,MNKU25,M30,2025-06-26 13:30:00,1750944600,39530.0,39565.0,39505.0,39520.0,24,5,74,2025-06-22/2025-06-28,2694
467,-2031,MNK,MNKU25,M30,2025-06-26 14:00:00,1750946400,39540.0,39605.0,39530.0,39605.0,8,5,16,2025-06-22/2025-06-28,2694
468,-2030,MNK,MNKU25,M30,2025-06-26 15:00:00,1750950000,39670.0,39670.0,39670.0,39670.0,1,5,1,2025-06-22/2025-06-28,2694
469,-2029,MNK,MNKU25,M30,2025-06-26 16:00:00,1750953600,39725.0,39745.0,39725.0,39745.0,7,10,8,2025-06-22/2025-06-28,2694
470,-2028,MNK,MNKU25,M30,2025-06-26 16:30:00,1750955400,39705.0,39705.0,39705.0,39705.0,1,15,1,2025-06-22/2025-06-28,2694
471,-2027,MNK,MNKU25,M30,2025-06-26 17:00:00,1750957200,39725.0,39725.0,39725.0,39725.0,1,10,1,2025-06-22/2025-06-28,2694
472,-2026,MNK,MNKU25,M30,2025-06-26 18:00:00,1750960800,39800.0,39835.0,39800.0,39835.0,4,5,5,2025-06-22/2025-06-28,2694
473,-2025,MNK,MNKU25,M30,2025-06-26 18:30:00,1750962600,39790.0,39800.0,39790.0,39800.0,2,5,3,2025-06-22/2025-06-28,2694
474,-2024,MNK,MNKU25,M30,2025-06-26 19:30:00,1750966200,39870.0,39870.0,39860.0,39860.0,4,5,5,2025-06-22/2025-06-28,2694
19,-2862,MNK,MNKZ25,M30,2025-06-26 20:30:00,1750969800,39905.0,39905.0,39905.0,39905.0,0,0,0,2025-06-22/2025-06-28,0
475,-2023,MNK,MNKU25,M30,2025-06-26 22:00:00,1750975200,39905.0,39980.0,39905.0,39980.0,9,5,9,2025-06-22/2025-06-28,2694
476,-2022,MNK,MNKU25,M30,2025-06-26 22:30:00,1750977000,39980.0,40025.0,39980.0,40025.0,7,5,7,2025-06-22/2025-06-28,2694
477,-2021,MNK,MNKU25,M30,2025-06-26 23:00:00,1750978800,40025.0,40030.0,40000.0,40000.0,12,5,14,2025-06-22/2025-06-28,2694
478,-2020,MNK,MNKU25,M30,2025-06-26 23:30:00,1750980600,39990.0,40050.0,39990.0,40050.0,6,10,24,2025-06-22/2025-06-28,2694
479,-2019,MNK,MNKU25,M30,2025-06-27 00:00:00,1750982400,40075.0,40150.0,40050.0,40150.0,29,5,51,2025-06-22/2025-06-28,2694
480,-2018,MNK,MNKU25,M30,2025-06-27 00:30:00,1750984200,40175.0,40285.0,40175.0,40285.0,18,5,28,2025-06-22/2025-06-28,2694
481,-2017,MNK,MNKU25,M30,2025-06-27 01:00:00,1750986000,40290.0,40305.0,40245.0,40275.0,16,5,28,2025-06-22/2025-06-28,2694
482,-2016,MNK,MNKU25,M30,2025-06-27 01:30:00,1750987800,40275.0,40285.0,40275.0,40280.0,6,5,12,2025-06-22/2025-06-28,2694
483,-2015,MNK,MNKU25,M30,2025-06-27 02:00:00,1750989600,40280.0,40325.0,40255.0,40325.0,8,5,16,2025-06-22/2025-06-28,2694
484,-2014,MNK,MNKU25,M30,2025-06-27 02:30:00,1750991400,40305.0,40305.0,40300.0,40300.0,2,5,2,2025-06-22/2025-06-28,2694
485,-2013,MNK,MNKU25,M30,2025-06-27 03:00:00,1750993200,40315.0,40315.0,40300.0,40300.0,3,5,3,2025-06-22/2025-06-28,2694
486,-2012,MNK,MNKU25,M30,2025-06-27 03:30:00,1750995000,40345.0,40345.0,40320.0,40320.0,2,20,2,2025-06-22/2025-06-28,2694
487,-2011,MNK,MNKU25,M30,2025-06-27 04:00:00,1750996800,40315.0,40315.0,40315.0,40315.0,1,15,1,2025-06-22/2025-06-28,2694
488,-2010,MNK,MNKU25,M30,2025-06-27 04:30:00,1750998600,40320.0,40320.0,40320.0,40320.0,1,20,5,2025-06-22/2025-06-28,2694
489,-2009,MNK,MNKU25,M30,2025-06-27 05:30:00,1751002200,40235.0,40265.0,40215.0,40215.0,6,5,6,2025-06-22/2025-06-28,2694
490,-2008,MNK,MNKU25,M30,2025-06-27 06:00:00,1751004000,40160.0,40195.0,40160.0,40195.0,2,5,11,2025-06-22/2025-06-28,2694
491,-2007,MNK,MNKU25,M30,2025-06-27 06:30:00,1751005800,40250.0,40275.0,40250.0,40275.0,5,5,5,2025-06-22/2025-06-28,2694
492,-2006,MNK,MNKU25,M30,2025-06-27 07:00:00,1751007600,40290.0,40290.0,40290.0,40290.0,1,5,1,2025-06-22/2025-06-28,2694
493,-2005,MNK,MNKU25,M30,2025-06-27 07:30:00,1751009400,40275.0,40275.0,40275.0,40275.0,1,15,1,2025-06-22/2025-06-28,2694
494,-2004,MNK,MNKU25,M30,2025-06-27 09:30:00,1751016600,40310.0,40335.0,40310.0,40335.0,6,5,14,2025-06-22/2025-06-28,2694
495,-2003,MNK,MNKU25,M30,2025-06-27 10:00:00,1751018400,40355.0,40415.0,40350.0,40415.0,17,5,21,2025-06-22/2025-06-28,2694
496,-2002,MNK,MNKU25,M30,2025-06-27 10:30:00,1751020200,40420.0,40420.0,40400.0,40400.0,4,5,4,2025-06-22/2025-06-28,2694
497,-2001,MNK,MNKU25,M30,2025-06-27 11:00:00,1751022000,40405.0,40455.0,40405.0,40455.0,4,5,9,2025-06-22/2025-06-28,2694
498,-2000,MNK,MNKU25,M30,2025-06-27 11:30:00,1751023800,40500.0,40520.0,40500.0,40510.0,8,5,20,2025-06-22/2025-06-28,2694
499,-1999,MNK,MNKU25,M30,2025-06-27 12:00:00,1751025600,40495.0,40515.0,40495.0,40515.0,2,20,3,2025-06-22/2025-06-28,2694
500,-1998,MNK,MNKU25,M30,2025-06-27 12:30:00,1751027400,40435.0,40460.0,40435.0,40460.0,2,5,2,2025-06-22/2025-06-28,2694
501,-1997,MNK,MNKU25,M30,2025-06-27 13:30:00,1751031000,40490.0,40510.0,40460.0,40510.0,9,5,13,2025-06-22/2025-06-28,2694
502,-1996,MNK,MNKU25,M30,2025-06-27 14:00:00,1751032800,40510.0,40570.0,40510.0,40540.0,19,5,58,2025-06-22/2025-06-28,2694
503,-1995,MNK,MNKU25,M30,2025-06-27 14:30:00,1751034600,40540.0,40585.0,40540.0,40555.0,6,5,9,2025-06-22/2025-06-28,2694
504,-1994,MNK,MNKU25,M30,2025-06-27 15:00:00,1751036400,40600.0,40645.0,40600.0,40640.0,5,10,9,2025-06-22/2025-06-28,2694
505,-1993,MNK,MNKU25,M30,2025-06-27 15:30:00,1751038200,40680.0,40725.0,40670.0,40725.0,13,5,21,2025-06-22/2025-06-28,2694
506,-1992,MNK,MNKU25,M30,2025-06-27 16:00:00,1751040000,40695.0,40725.0,40695.0,40715.0,7,5,7,2025-06-22/2025-06-28,2694
507,-1991,MNK,MNKU25,M30,2025-06-27 16:30:00,1751041800,40720.0,40720.0,40720.0,40720.0,3,5,3,2025-06-22/2025-06-28,2694
508,-1990,MNK,MNKU25,M30,2025-06-27 17:00:00,1751043600,40695.0,40695.0,40675.0,40675.0,2,15,2,2025-06-22/2025-06-28,2694
509,-1989,MNK,MNKU25,M30,2025-06-27 17:30:00,1751045400,40685.0,40685.0,40555.0,40600.0,13,5,20,2025-06-22/2025-06-28,2694
510,-1988,MNK,MNKU25,M30,2025-06-27 18:00:00,1751047200,40615.0,40615.0,40590.0,40595.0,4,15,4,2025-06-22/2025-06-28,2694
511,-1987,MNK,MNKU25,M30,2025-06-27 18:30:00,1751049000,40455.0,40500.0,40455.0,40500.0,5,10,24,2025-06-22/2025-06-28,2694
512,-1986,MNK,MNKU25,M30,2025-06-27 19:00:00,1751050800,40505.0,40560.0,40500.0,40560.0,7,5,9,2025-06-22/2025-06-28,2694
513,-1985,MNK,MNKU25,M30,2025-06-27 19:30:00,1751052600,40575.0,40650.0,40575.0,40635.0,16,5,21,2025-06-22/2025-06-28,2694
514,-1984,MNK,MNKU25,M30,2025-06-27 20:00:00,1751054400,40620.0,40630.0,40620.0,40630.0,3,5,3,2025-06-22/2025-06-28,2694
515,-1983,MNK,MNKU25,M30,2025-06-27 20:30:00,1751056200,40610.0,40610.0,40590.0,40590.0,2,10,2,2025-06-22/2025-06-28,2694
516,-1982,MNK,MNKU25,M30,2025-06-29 22:00:00,1751234400,40710.0,40750.0,40710.0,40750.0,11,5,16,2025-06-29/2025-07-05,1513
517,-1981,MNK,MNKU25,M30,2025-06-29 22:30:00,1751236200,40750.0,40780.0,40750.0,40780.0,4,10,4,2025-06-29/2025-07-05,1513
518,-1980,MNK,MNKU25,M30,2025-06-29 23:00:00,1751238000,40770.0,40770.0,40745.0,40745.0,6,5,9,2025-06-29/2025-07-05,1513
519,-1979,MNK,MNKU25,M30,2025-06-29 23:30:00,1751239800,40675.0,40710.0,40665.0,40700.0,4,10,8,2025-06-29/2025-07-05,1513
520,-1978,MNK,MNKU25,M30,2025-06-30 00:00:00,1751241600,40730.0,40780.0,40635.0,40780.0,10,5,16,2025-06-29/2025-07-05,1513
521,-1977,MNK,MNKU25,M30,2025-06-30 00:30:00,1751243400,40845.0,40940.0,40845.0,40905.0,18,10,21,2025-06-29/2025-07-05,1513
522,-1976,MNK,MNKU25,M30,2025-06-30 01:00:00,1751245200,40900.0,40950.0,40855.0,40950.0,6,5,11,2025-06-29/2025-07-05,1513
523,-1975,MNK,MNKU25,M30,2025-06-30 01:30:00,1751247000,40880.0,40880.0,40880.0,40880.0,1,20,2,2025-06-29/2025-07-05,1513
524,-1974,MNK,MNKU25,M30,2025-06-30 02:00:00,1751248800,40890.0,40930.0,40890.0,40930.0,6,10,25,2025-06-29/2025-07-05,1513
525,-1973,MNK,MNKU25,M30,2025-06-30 02:30:00,1751250600,40915.0,40915.0,40880.0,40880.0,3,10,3,2025-06-29/2025-07-05,1513
526,-1972,MNK,MNKU25,M30,2025-06-30 03:00:00,1751252400,40860.0,40885.0,40860.0,40885.0,3,5,3,2025-06-29/2025-07-05,1513
527,-1971,MNK,MNKU25,M30,2025-06-30 03:30:00,1751254200,40885.0,40885.0,40840.0,40840.0,3,5,4,2025-06-29/2025-07-05,1513
528,-1970,MNK,MNKU25,M30,2025-06-30 04:30:00,1751257800,40805.0,40805.0,40705.0,40705.0,2,5,2,2025-06-29/2025-07-05,1513
529,-1969,MNK,MNKU25,M30,2025-06-30 05:00:00,1751259600,40650.0,40650.0,40590.0,40605.0,8,5,26,2025-06-29/2025-07-05,1513
530,-1968,MNK,MNKU25,M30,2025-06-30 05:30:00,1751261400,40595.0,40595.0,40505.0,40535.0,4,5,4,2025-06-29/2025-07-05,1513
531,-1967,MNK,MNKU25,M30,2025-06-30 06:00:00,1751263200,40515.0,40515.0,40470.0,40515.0,10,10,50,2025-06-29/2025-07-05,1513
532,-1966,MNK,MNKU25,M30,2025-06-30 06:30:00,1751265000,40565.0,40620.0,40535.0,40540.0,8,5,9,2025-06-29/2025-07-05,1513
533,-1965,MNK,MNKU25,M30,2025-06-30 07:00:00,1751266800,40530.0,40530.0,40530.0,40530.0,1,5,1,2025-06-29/2025-07-05,1513
534,-1964,MNK,MNKU25,M30,2025-06-30 08:00:00,1751270400,40480.0,40480.0,40480.0,40480.0,1,15,1,2025-06-29/2025-07-05,1513
535,-1963,MNK,MNKU25,M30,2025-06-30 09:30:00,1751275800,40455.0,40455.0,40440.0,40440.0,3,5,3,2025-06-29/2025-07-05,1513
536,-1962,MNK,MNKU25,M30,2025-06-30 10:30:00,1751279400,40460.0,40460.0,40430.0,40430.0,2,10,2,2025-06-29/2025-07-05,1513
537,-1961,MNK,MNKU25,M30,2025-06-30 11:00:00,1751281200,40425.0,40430.0,40425.0,40430.0,3,10,21,2025-06-29/2025-07-05,1513
538,-1960,MNK,MNKU25,M30,2025-06-30 11:30:00,1751283000,40460.0,40485.0,40460.0,40475.0,3,5,4,2025-06-29/2025-07-05,1513
539,-1959,MNK,MNKU25,M30,2025-06-30 13:30:00,1751290200,40445.0,40445.0,40420.0,40445.0,13,5,43,2025-06-29/2025-07-05,1513
540,-1958,MNK,MNKU25,M30,2025-06-30 14:00:00,1751292000,40445.0,40445.0,40415.0,40415.0,5,5,24,2025-06-29/2025-07-05,1513
541,-1957,MNK,MNKU25,M30,2025-06-30 14:30:00,1751293800,40440.0,40440.0,40435.0,40435.0,2,5,4,2025-06-29/2025-07-05,1513
542,-1956,MNK,MNKU25,M30,2025-06-30 15:00:00,1751295600,40430.0,40430.0,40410.0,40410.0,2,10,2,2025-06-29/2025-07-05,1513
543,-1955,MNK,MNKU25,M30,2025-06-30 15:30:00,1751297400,40440.0,40450.0,40440.0,40450.0,2,10,2,2025-06-29/2025-07-05,1513
544,-1954,MNK,MNKU25,M30,2025-06-30 16:00:00,1751299200,40430.0,40430.0,40430.0,40430.0,1,10,2,2025-06-29/2025-07-05,1513
545,-1953,MNK,MNKU25,M30,2025-06-30 17:30:00,1751304600,40420.0,40435.0,40330.0,40330.0,17,5,37,2025-06-29/2025-07-05,1513
546,-1952,MNK,MNKU25,M30,2025-06-30 18:00:00,1751306400,40400.0,40425.0,40400.0,40415.0,5,10,7,2025-06-29/2025-07-05,1513
547,-1951,MNK,MNKU25,M30,2025-06-30 18:30:00,1751308200,40360.0,40370.0,40360.0,40370.0,2,15,3,2025-06-29/2025-07-05,1513
548,-1950,MNK,MNKU25,M30,2025-06-30 19:30:00,1751311800,40380.0,40425.0,40380.0,40385.0,6,5,9,2025-06-29/2025-07-05,1513
549,-1949,MNK,MNKU25,M30,2025-06-30 20:00:00,1751313600,40395.0,40395.0,40355.0,40355.0,2,5,3,2025-06-29/2025-07-05,1513
550,-1948,MNK,MNKU25,M30,2025-06-30 20:30:00,1751315400,40370.0,40370.0,40370.0,40370.0,1,10,1,2025-06-29/2025-07-05,1513
551,-1947,MNK,MNKU25,M30,2025-06-30 22:30:00,1751322600,40375.0,40375.0,40375.0,40375.0,1,5,1,2025-06-29/2025-07-05,1513
552,-1946,MNK,MNKU25,M30,2025-06-30 23:00:00,1751324400,40370.0,40370.0,40370.0,40370.0,1,20,1,2025-06-29/2025-07-05,1513
553,-1945,MNK,MNKU25,M30,2025-06-30 23:30:00,1751326200,40350.0,40390.0,40340.0,40365.0,7,5,16,2025-06-29/2025-07-05,1513
554,-1944,MNK,MNKU25,M30,2025-07-01 00:00:00,1751328000,40410.0,40445.0,40230.0,40230.0,14,5,38,2025-06-29/2025-07-05,1513
555,-1943,MNK,MNKU25,M30,2025-07-01 00:30:00,1751329800,40210.0,40265.0,40150.0,40225.0,18,5,89,2025-06-29/2025-07-05,1513
556,-1942,MNK,MNKU25,M30,2025-07-01 01:00:00,1751331600,40200.0,40200.0,40160.0,40160.0,4,5,9,2025-06-29/2025-07-05,1513
557,-1941,MNK,MNKU25,M30,2025-07-01 01:30:00,1751333400,40130.0,40140.0,40130.0,40140.0,3,5,3,2025-06-29/2025-07-05,1513
558,-1940,MNK,MNKU25,M30,2025-07-01 02:00:00,1751335200,40160.0,40160.0,40160.0,40160.0,2,10,2,2025-06-29/2025-07-05,1513
559,-1939,MNK,MNKU25,M30,2025-07-01 02:30:00,1751337000,40185.0,40215.0,40185.0,40215.0,2,20,3,2025-06-29/2025-07-05,1513
560,-1938,MNK,MNKU25,M30,2025-07-01 03:00:00,1751338800,40205.0,40205.0,40100.0,40100.0,2,20,2,2025-06-29/2025-07-05,1513
561,-1937,MNK,MNKU25,M30,2025-07-01 03:30:00,1751340600,40155.0,40155.0,40155.0,40155.0,1,20,1,2025-06-29/2025-07-05,1513
562,-1936,MNK,MNKU25,M30,2025-07-01 04:00:00,1751342400,40200.0,40220.0,40155.0,40210.0,13,5,26,2025-06-29/2025-07-05,1513
563,-1935,MNK,MNKU25,M30,2025-07-01 04:30:00,1751344200,40245.0,40245.0,40245.0,40245.0,1,20,1,2025-06-29/2025-07-05,1513
564,-1934,MNK,MNKU25,M30,2025-07-01 05:00:00,1751346000,40180.0,40185.0,40170.0,40185.0,8,10,37,2025-06-29/2025-07-05,1513
565,-1933,MNK,MNKU25,M30,2025-07-01 05:30:00,1751347800,40170.0,40170.0,40080.0,40100.0,4,15,12,2025-06-29/2025-07-05,1513
566,-1932,MNK,MNKU25,M30,2025-07-01 06:00:00,1751349600,40045.0,40045.0,39980.0,39990.0,9,5,25,2025-06-29/2025-07-05,1513
567,-1931,MNK,MNKU25,M30,2025-07-01 06:30:00,1751351400,39980.0,39980.0,39945.0,39950.0,6,5,17,2025-06-29/2025-07-05,1513
568,-1930,MNK,MNKU25,M30,2025-07-01 07:00:00,1751353200,39895.0,39895.0,39895.0,39895.0,2,5,2,2025-06-29/2025-07-05,1513
569,-1929,MNK,MNKU25,M30,2025-07-01 07:30:00,1751355000,39890.0,39920.0,39890.0,39920.0,3,10,5,2025-06-29/2025-07-05,1513
570,-1928,MNK,MNKU25,M30,2025-07-01 08:00:00,1751356800,39850.0,39850.0,39810.0,39820.0,17,5,65,2025-06-29/2025-07-05,1513
571,-1927,MNK,MNKU25,M30,2025-07-01 08:30:00,1751358600,39785.0,39805.0,39785.0,39805.0,2,5,2,2025-06-29/2025-07-05,1513
572,-1926,MNK,MNKU25,M30,2025-07-01 09:00:00,1751360400,39785.0,39785.0,39770.0,39770.0,6,5,8,2025-06-29/2025-07-05,1513
573,-1925,MNK,MNKU25,M30,2025-07-01 09:30:00,1751362200,39715.0,39745.0,39685.0,39745.0,9,5,13,2025-06-29/2025-07-05,1513
574,-1924,MNK,MNKU25,M30,2025-07-01 10:00:00,1751364000,39780.0,39795.0,39780.0,39795.0,3,10,3,2025-06-29/2025-07-05,1513
575,-1923,MNK,MNKU25,M30,2025-07-01 10:30:00,1751365800,39795.0,39795.0,39795.0,39795.0,1,15,1,2025-06-29/2025-07-05,1513
576,-1922,MNK,MNKU25,M30,2025-07-01 11:30:00,1751369400,39730.0,39730.0,39730.0,39730.0,2,5,2,2025-06-29/2025-07-05,1513
577,-1921,MNK,MNKU25,M30,2025-07-01 12:30:00,1751373000,39745.0,39755.0,39720.0,39720.0,7,5,16,2025-06-29/2025-07-05,1513
578,-1920,MNK,MNKU25,M30,2025-07-01 13:00:00,1751374800,39780.0,39780.0,39765.0,39765.0,2,15,3,2025-06-29/2025-07-05,1513
579,-1919,MNK,MNKU25,M30,2025-07-01 13:30:00,1751376600,39815.0,39860.0,39810.0,39840.0,8,5,10,2025-06-29/2025-07-05,1513
580,-1918,MNK,MNKU25,M30,2025-07-01 14:00:00,1751378400,39845.0,39845.0,39830.0,39830.0,2,15,2,2025-06-29/2025-07-05,1513
581,-1917,MNK,MNKU25,M30,2025-07-01 15:00:00,1751382000,39730.0,39795.0,39730.0,39795.0,4,5,6,2025-06-29/2025-07-05,1513
582,-1916,MNK,MNKU25,M30,2025-07-01 15:30:00,1751383800,39735.0,39740.0,39715.0,39740.0,4,5,7,2025-06-29/2025-07-05,1513
583,-1915,MNK,MNKU25,M30,2025-07-01 16:00:00,1751385600,39775.0,39825.0,39775.0,39825.0,2,5,2,2025-06-29/2025-07-05,1513
584,-1914,MNK,MNKU25,M30,2025-07-01 16:30:00,1751387400,39800.0,39800.0,39800.0,39800.0,1,5,1,2025-06-29/2025-07-05,1513
585,-1913,MNK,MNKU25,M30,2025-07-01 17:30:00,1751391000,39845.0,39845.0,39845.0,39845.0,1,15,2,2025-06-29/2025-07-05,1513
586,-1912,MNK,MNKU25,M30,2025-07-01 18:30:00,1751394600,39860.0,39885.0,39860.0,39885.0,2,10,3,2025-06-29/2025-07-05,1513
587,-1911,MNK,MNKU25,M30,2025-07-01 19:00:00,1751396400,39780.0,39810.0,39780.0,39810.0,2,5,5,2025-06-29/2025-07-05,1513
588,-1910,MNK,MNKU25,M30,2025-07-01 19:30:00,1751398200,39780.0,39785.0,39750.0,39750.0,4,5,13,2025-06-29/2025-07-05,1513
589,-1909,MNK,MNKU25,M30,2025-07-01 20:00:00,1751400000,39740.0,39740.0,39740.0,39740.0,1,5,1,2025-06-29/2025-07-05,1513
590,-1908,MNK,MNKU25,M30,2025-07-01 22:00:00,1751407200,39680.0,39690.0,39655.0,39690.0,8,5,8,2025-06-29/2025-07-05,1513
591,-1907,MNK,MNKU25,M30,2025-07-01 22:30:00,1751409000,39650.0,39650.0,39645.0,39645.0,2,5,2,2025-06-29/2025-07-05,1513
592,-1906,MNK,MNKU25,M30,2025-07-01 23:00:00,1751410800,39665.0,39680.0,39665.0,39680.0,2,5,2,2025-06-29/2025-07-05,1513
593,-1905,MNK,MNKU25,M30,2025-07-01 23:30:00,1751412600,39585.0,39585.0,39530.0,39565.0,12,5,41,2025-06-29/2025-07-05,1513
594,-1904,MNK,MNKU25,M30,2025-07-02 00:00:00,1751414400,39630.0,39630.0,39580.0,39580.0,2,10,2,2025-06-29/2025-07-05,1513
595,-1903,MNK,MNKU25,M30,2025-07-02 01:00:00,1751418000,39835.0,39835.0,39690.0,39695.0,7,5,18,2025-06-29/2025-07-05,1513
596,-1902,MNK,MNKU25,M30,2025-07-02 02:00:00,1751421600,39685.0,39685.0,39680.0,39680.0,3,15,4,2025-06-29/2025-07-05,1513
597,-1901,MNK,MNKU25,M30,2025-07-02 02:30:00,1751423400,39690.0,39725.0,39690.0,39725.0,4,5,4,2025-06-29/2025-07-05,1513
598,-1900,MNK,MNKU25,M30,2025-07-02 03:00:00,1751425200,39730.0,39730.0,39715.0,39715.0,4,5,4,2025-06-29/2025-07-05,1513
599,-1899,MNK,MNKU25,M30,2025-07-02 03:30:00,1751427000,39750.0,39820.0,39745.0,39820.0,5,10,5,2025-06-29/2025-07-05,1513
600,-1898,MNK,MNKU25,M30,2025-07-02 04:00:00,1751428800,39840.0,39915.0,39840.0,39915.0,2,5,2,2025-06-29/2025-07-05,1513
601,-1897,MNK,MNKU25,M30,2025-07-02 04:30:00,1751430600,39935.0,40015.0,39935.0,40015.0,2,20,2,2025-06-29/2025-07-05,1513
602,-1896,MNK,MNKU25,M30,2025-07-02 05:00:00,1751432400,40005.0,40005.0,39930.0,39930.0,6,5,12,2025-06-29/2025-07-05,1513
603,-1895,MNK,MNKU25,M30,2025-07-02 05:30:00,1751434200,39890.0,39895.0,39875.0,39875.0,3,5,3,2025-06-29/2025-07-05,1513
604,-1894,MNK,MNKU25,M30,2025-07-02 06:00:00,1751436000,39880.0,39880.0,39865.0,39865.0,2,15,2,2025-06-29/2025-07-05,1513
605,-1893,MNK,MNKU25,M30,2025-07-02 06:30:00,1751437800,39880.0,39880.0,39880.0,39880.0,1,10,1,2025-06-29/2025-07-05,1513
606,-1892,MNK,MNKU25,M30,2025-07-02 07:00:00,1751439600,39900.0,39905.0,39880.0,39880.0,4,5,6,2025-06-29/2025-07-05,1513
607,-1891,MNK,MNKU25,M30,2025-07-02 07:30:00,1751441400,39835.0,39835.0,39830.0,39830.0,3,5,4,2025-06-29/2025-07-05,1513
608,-1890,MNK,MNKU25,M30,2025-07-02 08:00:00,1751443200,39775.0,39775.0,39775.0,39775.0,1,10,1,2025-06-29/2025-07-05,1513
609,-1889,MNK,MNKU25,M30,2025-07-02 08:30:00,1751445000,39815.0,39815.0,39815.0,39815.0,1,15,2,2025-06-29/2025-07-05,1513
610,-1888,MNK,MNKU25,M30,2025-07-02 09:00:00,1751446800,39865.0,39865.0,39865.0,39865.0,1,15,3,2025-06-29/2025-07-05,1513
611,-1887,MNK,MNKU25,M30,2025-07-02 09:30:00,1751448600,39880.0,39880.0,39880.0,39880.0,1,15,1,2025-06-29/2025-07-05,1513
612,-1886,MNK,MNKU25,M30,2025-07-02 10:00:00,1751450400,39825.0,39825.0,39825.0,39825.0,1,15,1,2025-06-29/2025-07-05,1513
613,-1885,MNK,MNKU25,M30,2025-07-02 10:30:00,1751452200,39820.0,39825.0,39820.0,39825.0,2,5,2,2025-06-29/2025-07-05,1513
614,-1884,MNK,MNKU25,M30,2025-07-02 11:30:00,1751455800,39870.0,39870.0,39825.0,39825.0,2,15,4,2025-06-29/2025-07-05,1513
615,-1883,MNK,MNKU25,M30,2025-07-02 12:00:00,1751457600,39850.0,39850.0,39685.0,39685.0,5,10,5,2025-06-29/2025-07-05,1513
616,-1882,MNK,MNKU25,M30,2025-07-02 12:30:00,1751459400,39690.0,39690.0,39650.0,39650.0,4,10,5,2025-06-29/2025-07-05,1513
617,-1881,MNK,MNKU25,M30,2025-07-02 13:00:00,1751461200,39725.0,39730.0,39725.0,39725.0,5,5,11,2025-06-29/2025-07-05,1513
618,-1880,MNK,MNKU25,M30,2025-07-02 13:30:00,1751463000,39770.0,39770.0,39770.0,39770.0,2,10,4,2025-06-29/2025-07-05,1513
619,-1879,MNK,MNKU25,M30,2025-07-02 14:00:00,1751464800,39730.0,39790.0,39720.0,39780.0,14,5,41,2025-06-29/2025-07-05,1513
620,-1878,MNK,MNKU25,M30,2025-07-02 14:30:00,1751466600,39780.0,39830.0,39780.0,39805.0,4,10,5,2025-06-29/2025-07-05,1513
621,-1877,MNK,MNKU25,M30,2025-07-02 15:00:00,1751468400,39805.0,39830.0,39805.0,39830.0,2,5,4,2025-06-29/2025-07-05,1513
622,-1876,MNK,MNKU25,M30,2025-07-02 15:30:00,1751470200,39810.0,39810.0,39810.0,39810.0,4,5,8,2025-06-29/2025-07-05,1513
623,-1875,MNK,MNKU25,M30,2025-07-02 16:00:00,1751472000,39775.0,39800.0,39775.0,39800.0,5,5,9,2025-06-29/2025-07-05,1513
624,-1874,MNK,MNKU25,M30,2025-07-02 16:30:00,1751473800,39800.0,39800.0,39800.0,39800.0,1,15,1,2025-06-29/2025-07-05,1513
625,-1873,MNK,MNKU25,M30,2025-07-02 18:00:00,1751479200,39775.0,39785.0,39765.0,39765.0,3,15,3,2025-06-29/2025-07-05,1513
626,-1872,MNK,MNKU25,M30,2025-07-02 18:30:00,1751481000,39765.0,39765.0,39765.0,39765.0,1,15,1,2025-06-29/2025-07-05,1513
627,-1871,MNK,MNKU25,M30,2025-07-02 19:00:00,1751482800,39740.0,39740.0,39740.0,39740.0,2,5,4,2025-06-29/2025-07-05,1513
628,-1870,MNK,MNKU25,M30,2025-07-02 19:30:00,1751484600,39780.0,39800.0,39780.0,39795.0,10,5,18,2025-06-29/2025-07-05,1513
629,-1869,MNK,MNKU25,M30,2025-07-02 20:00:00,1751486400,39815.0,39815.0,39795.0,39795.0,2,10,2,2025-06-29/2025-07-05,1513
630,-1868,MNK,MNKU25,M30,2025-07-02 20:30:00,1751488200,39835.0,39835.0,39835.0,39835.0,1,30,1,2025-06-29/2025-07-05,1513
631,-1867,MNK,MNKU25,M30,2025-07-02 22:00:00,1751493600,39800.0,39825.0,39795.0,39825.0,3,5,3,2025-06-29/2025-07-05,1513
632,-1866,MNK,MNKU25,M30,2025-07-02 22:30:00,1751495400,39830.0,39830.0,39830.0,39830.0,1,20,1,2025-06-29/2025-07-05,1513
633,-1865,MNK,MNKU25,M30,2025-07-02 23:00:00,1751497200,39845.0,39845.0,39835.0,39835.0,2,15,2,2025-06-29/2025-07-05,1513
634,-1864,MNK,MNKU25,M30,2025-07-02 23:30:00,1751499000,39855.0,39855.0,39835.0,39835.0,2,20,2,2025-06-29/2025-07-05,1513
635,-1863,MNK,MNKU25,M30,2025-07-03 00:00:00,1751500800,39790.0,39795.0,39765.0,39765.0,4,5,5,2025-06-29/2025-07-05,1513
636,-1862,MNK,MNKU25,M30,2025-07-03 00:30:00,1751502600,39850.0,39930.0,39850.0,39910.0,6,5,7,2025-06-29/2025-07-05,1513
637,-1861,MNK,MNKU25,M30,2025-07-03 01:00:00,1751504400,39915.0,39960.0,39860.0,39890.0,11,5,15,2025-06-29/2025-07-05,1513
638,-1860,MNK,MNKU25,M30,2025-07-03 01:30:00,1751506200,39885.0,39885.0,39885.0,39885.0,1,10,1,2025-06-29/2025-07-05,1513
639,-1859,MNK,MNKU25,M30,2025-07-03 02:00:00,1751508000,39810.0,39810.0,39810.0,39810.0,1,5,4,2025-06-29/2025-07-05,1513
640,-1858,MNK,MNKU25,M30,2025-07-03 02:30:00,1751509800,39790.0,39820.0,39790.0,39820.0,5,15,8,2025-06-29/2025-07-05,1513
641,-1857,MNK,MNKU25,M30,2025-07-03 03:00:00,1751511600,39830.0,39830.0,39820.0,39820.0,2,15,2,2025-06-29/2025-07-05,1513
642,-1856,MNK,MNKU25,M30,2025-07-03 03:30:00,1751513400,39880.0,39895.0,39875.0,39875.0,3,10,3,2025-06-29/2025-07-05,1513
643,-1855,MNK,MNKU25,M30,2025-07-03 04:00:00,1751515200,39875.0,39875.0,39875.0,39875.0,1,10,1,2025-06-29/2025-07-05,1513
644,-1854,MNK,MNKU25,M30,2025-07-03 05:00:00,1751518800,39805.0,39805.0,39805.0,39805.0,1,5,1,2025-06-29/2025-07-05,1513
645,-1853,MNK,MNKU25,M30,2025-07-03 05:30:00,1751520600,39820.0,39820.0,39795.0,39795.0,5,5,9,2025-06-29/2025-07-05,1513
646,-1852,MNK,MNKU25,M30,2025-07-03 06:00:00,1751522400,39790.0,39790.0,39790.0,39790.0,1,15,1,2025-06-29/2025-07-05,1513
647,-1851,MNK,MNKU25,M30,2025-07-03 06:30:00,1751524200,39815.0,39840.0,39790.0,39790.0,4,5,5,2025-06-29/2025-07-05,1513
648,-1850,MNK,MNKU25,M30,2025-07-03 07:30:00,1751527800,39830.0,39830.0,39830.0,39830.0,2,5,4,2025-06-29/2025-07-05,1513
649,-1849,MNK,MNKU25,M30,2025-07-03 09:00:00,1751533200,39860.0,39860.0,39860.0,39860.0,1,10,1,2025-06-29/2025-07-05,1513
650,-1848,MNK,MNKU25,M30,2025-07-03 10:00:00,1751536800,39840.0,39840.0,39840.0,39840.0,1,15,1,2025-06-29/2025-07-05,1513
651,-1847,MNK,MNKU25,M30,2025-07-03 12:00:00,1751544000,39880.0,39880.0,39880.0,39880.0,1,185,1,2025-06-29/2025-07-05,1513
652,-1846,MNK,MNKU25,M30,2025-07-03 12:30:00,1751545800,39885.0,40140.0,39885.0,39990.0,19,5,27,2025-06-29/2025-07-05,1513
653,-1845,MNK,MNKU25,M30,2025-07-03 13:00:00,1751547600,40045.0,40055.0,40045.0,40050.0,4,5,5,2025-06-29/2025-07-05,1513
654,-1844,MNK,MNKU25,M30,2025-07-03 13:30:00,1751549400,40055.0,40110.0,40055.0,40080.0,23,5,62,2025-06-29/2025-07-05,1513
655,-1843,MNK,MNKU25,M30,2025-07-03 14:00:00,1751551200,40095.0,40170.0,40095.0,40170.0,7,5,7,2025-06-29/2025-07-05,1513
656,-1842,MNK,MNKU25,M30,2025-07-03 14:30:00,1751553000,40170.0,40170.0,40155.0,40155.0,3,10,3,2025-06-29/2025-07-05,1513
657,-1841,MNK,MNKU25,M30,2025-07-03 15:30:00,1751556600,40130.0,40130.0,40130.0,40130.0,1,10,1,2025-06-29/2025-07-05,1513
658,-1840,MNK,MNKU25,M30,2025-07-03 16:30:00,1751560200,40150.0,40150.0,40140.0,40140.0,3,5,3,2025-06-29/2025-07-05,1513
659,-1839,MNK,MNKU25,M30,2025-07-03 17:00:00,1751562000,40145.0,40145.0,40145.0,40145.0,1,5,1,2025-06-29/2025-07-05,1513
660,-1838,MNK,MNKU25,M30,2025-07-03 22:00:00,1751580000,40170.0,40170.0,40170.0,40170.0,1,15,1,2025-06-29/2025-07-05,1513
661,-1837,MNK,MNKU25,M30,2025-07-03 22:30:00,1751581800,40145.0,40145.0,40145.0,40145.0,1,5,1,2025-06-29/2025-07-05,1513
662,-1836,MNK,MNKU25,M30,2025-07-03 23:30:00,1751585400,40035.0,40035.0,40035.0,40035.0,1,20,1,2025-06-29/2025-07-05,1513
663,-1835,MNK,MNKU25,M30,2025-07-04 00:00:00,1751587200,40055.0,40055.0,39840.0,39840.0,13,5,16,2025-06-29/2025-07-05,1513
664,-1834,MNK,MNKU25,M30,2025-07-04 00:30:00,1751589000,39895.0,39935.0,39895.0,39935.0,2,5,2,2025-06-29/2025-07-05,1513
665,-1833,MNK,MNKU25,M30,2025-07-04 01:00:00,1751590800,39985.0,40015.0,39985.0,40015.0,6,10,8,2025-06-29/2025-07-05,1513
666,-1832,MNK,MNKU25,M30,2025-07-04 01:30:00,1751592600,39950.0,39950.0,39950.0,39950.0,2,15,2,2025-06-29/2025-07-05,1513
667,-1831,MNK,MNKU25,M30,2025-07-04 02:00:00,1751594400,39910.0,39930.0,39860.0,39870.0,10,5,18,2025-06-29/2025-07-05,1513
668,-1830,MNK,MNKU25,M30,2025-07-04 03:00:00,1751598000,39905.0,39905.0,39905.0,39905.0,1,20,1,2025-06-29/2025-07-05,1513
669,-1829,MNK,MNKU25,M30,2025-07-04 03:30:00,1751599800,39830.0,39850.0,39820.0,39820.0,6,5,7,2025-06-29/2025-07-05,1513
670,-1828,MNK,MNKU25,M30,2025-07-04 04:00:00,1751601600,39800.0,39800.0,39775.0,39775.0,14,5,51,2025-06-29/2025-07-05,1513
671,-1827,MNK,MNKU25,M30,2025-07-04 04:30:00,1751603400,39850.0,39905.0,39845.0,39905.0,6,5,7,2025-06-29/2025-07-05,1513
672,-1826,MNK,MNKU25,M30,2025-07-04 05:00:00,1751605200,39915.0,39955.0,39915.0,39945.0,15,5,63,2025-06-29/2025-07-05,1513
673,-1825,MNK,MNKU25,M30,2025-07-04 05:30:00,1751607000,39920.0,39940.0,39920.0,39940.0,3,15,3,2025-06-29/2025-07-05,1513
674,-1824,MNK,MNKU25,M30,2025-07-04 06:00:00,1751608800,39875.0,39875.0,39865.0,39870.0,4,10,6,2025-06-29/2025-07-05,1513
675,-1823,MNK,MNKU25,M30,2025-07-04 06:30:00,1751610600,39895.0,39905.0,39850.0,39850.0,4,5,10,2025-06-29/2025-07-05,1513
676,-1822,MNK,MNKU25,M30,2025-07-04 07:00:00,1751612400,39870.0,39870.0,39865.0,39865.0,3,5,3,2025-06-29/2025-07-05,1513
677,-1821,MNK,MNKU25,M30,2025-07-04 08:00:00,1751616000,39815.0,39815.0,39815.0,39815.0,1,10,1,2025-06-29/2025-07-05,1513
678,-1820,MNK,MNKU25,M30,2025-07-04 09:00:00,1751619600,39710.0,39740.0,39710.0,39740.0,4,5,4,2025-06-29/2025-07-05,1513
679,-1819,MNK,MNKU25,M30,2025-07-04 09:30:00,1751621400,39740.0,39740.0,39740.0,39740.0,1,5,3,2025-06-29/2025-07-05,1513
680,-1818,MNK,MNKU25,M30,2025-07-04 10:00:00,1751623200,39750.0,39800.0,39750.0,39800.0,3,5,3,2025-06-29/2025-07-05,1513
681,-1817,MNK,MNKU25,M30,2025-07-04 10:30:00,1751625000,39765.0,39765.0,39765.0,39765.0,1,20,1,2025-06-29/2025-07-05,1513
682,-1816,MNK,MNKU25,M30,2025-07-04 12:00:00,1751630400,39785.0,39790.0,39780.0,39780.0,4,5,4,2025-06-29/2025-07-05,1513
683,-1815,MNK,MNKU25,M30,2025-07-04 12:30:00,1751632200,39800.0,39810.0,39795.0,39810.0,3,15,3,2025-06-29/2025-07-05,1513
684,-1814,MNK,MNKU25,M30,2025-07-04 13:00:00,1751634000,39805.0,39805.0,39805.0,39805.0,1,15,1,2025-06-29/2025-07-05,1513
685,-1813,MNK,MNKU25,M30,2025-07-04 13:30:00,1751635800,39860.0,39900.0,39855.0,39855.0,6,5,8,2025-06-29/2025-07-05,1513
686,-1812,MNK,MNKU25,M30,2025-07-04 15:00:00,1751641200,39885.0,39885.0,39870.0,39870.0,2,5,2,2025-06-29/2025-07-05,1513
687,-1811,MNK,MNKU25,M30,2025-07-04 15:30:00,1751643000,39840.0,39870.0,39840.0,39870.0,2,20,2,2025-06-29/2025-07-05,1513
688,-1810,MNK,MNKU25,M30,2025-07-06 22:00:00,1751839200,39945.0,39990.0,39945.0,39960.0,12,5,19,2025-07-06/2025-07-12,1637
689,-1809,MNK,MNKU25,M30,2025-07-06 22:30:00,1751841000,39950.0,39965.0,39950.0,39955.0,3,15,3,2025-07-06/2025-07-12,1637
690,-1808,MNK,MNKU25,M30,2025-07-06 23:00:00,1751842800,39945.0,39955.0,39930.0,39955.0,5,5,6,2025-07-06/2025-07-12,1637
691,-1807,MNK,MNKU25,M30,2025-07-06 23:30:00,1751844600,39885.0,39885.0,39860.0,39860.0,3,10,13,2025-07-06/2025-07-12,1637
692,-1806,MNK,MNKU25,M30,2025-07-07 00:00:00,1751846400,39825.0,39845.0,39805.0,39805.0,10,10,20,2025-07-06/2025-07-12,1637
693,-1805,MNK,MNKU25,M30,2025-07-07 00:30:00,1751848200,39805.0,39805.0,39765.0,39780.0,8,5,26,2025-07-06/2025-07-12,1637
694,-1804,MNK,MNKU25,M30,2025-07-07 01:00:00,1751850000,39700.0,39715.0,39665.0,39700.0,6,5,6,2025-07-06/2025-07-12,1637
695,-1803,MNK,MNKU25,M30,2025-07-07 01:30:00,1751851800,39735.0,39755.0,39735.0,39755.0,2,5,2,2025-07-06/2025-07-12,1637
696,-1802,MNK,MNKU25,M30,2025-07-07 02:00:00,1751853600,39695.0,39720.0,39695.0,39720.0,2,20,2,2025-07-06/2025-07-12,1637
697,-1801,MNK,MNKU25,M30,2025-07-07 02:30:00,1751855400,39710.0,39710.0,39710.0,39710.0,1,5,1,2025-07-06/2025-07-12,1637
698,-1800,MNK,MNKU25,M30,2025-07-07 03:00:00,1751857200,39690.0,39690.0,39690.0,39690.0,1,5,1,2025-07-06/2025-07-12,1637
699,-1799,MNK,MNKU25,M30,2025-07-07 03:30:00,1751859000,39720.0,39720.0,39710.0,39715.0,5,5,5,2025-07-06/2025-07-12,1637
700,-1798,MNK,MNKU25,M30,2025-07-07 04:00:00,1751860800,39750.0,39770.0,39750.0,39770.0,4,15,4,2025-07-06/2025-07-12,1637
701,-1797,MNK,MNKU25,M30,2025-07-07 04:30:00,1751862600,39725.0,39725.0,39710.0,39710.0,3,15,4,2025-07-06/2025-07-12,1637
702,-1796,MNK,MNKU25,M30,2025-07-07 05:00:00,1751864400,39650.0,39665.0,39650.0,39665.0,2,5,2,2025-07-06/2025-07-12,1637
703,-1795,MNK,MNKU25,M30,2025-07-07 05:30:00,1751866200,39650.0,39650.0,39650.0,39650.0,1,20,1,2025-07-06/2025-07-12,1637
704,-1794,MNK,MNKU25,M30,2025-07-07 06:00:00,1751868000,39670.0,39670.0,39670.0,39670.0,1,20,1,2025-07-06/2025-07-12,1637
705,-1793,MNK,MNKU25,M30,2025-07-07 07:00:00,1751871600,39695.0,39695.0,39665.0,39665.0,3,15,7,2025-07-06/2025-07-12,1637
706,-1792,MNK,MNKU25,M30,2025-07-07 08:00:00,1751875200,39670.0,39670.0,39670.0,39670.0,1,5,1,2025-07-06/2025-07-12,1637
707,-1791,MNK,MNKU25,M30,2025-07-07 09:00:00,1751878800,39670.0,39670.0,39670.0,39670.0,1,15,1,2025-07-06/2025-07-12,1637
708,-1790,MNK,MNKU25,M30,2025-07-07 09:30:00,1751880600,39740.0,39770.0,39740.0,39770.0,3,5,4,2025-07-06/2025-07-12,1637
709,-1789,MNK,MNKU25,M30,2025-07-07 10:30:00,1751884200,39815.0,39830.0,39815.0,39830.0,2,10,2,2025-07-06/2025-07-12,1637
710,-1788,MNK,MNKU25,M30,2025-07-07 11:00:00,1751886000,39810.0,39810.0,39810.0,39810.0,1,5,1,2025-07-06/2025-07-12,1637
711,-1787,MNK,MNKU25,M30,2025-07-07 11:30:00,1751887800,39845.0,39860.0,39840.0,39860.0,5,5,7,2025-07-06/2025-07-12,1637
712,-1786,MNK,MNKU25,M30,2025-07-07 12:00:00,1751889600,39855.0,39880.0,39855.0,39875.0,4,5,4,2025-07-06/2025-07-12,1637
713,-1785,MNK,MNKU25,M30,2025-07-07 12:30:00,1751891400,39870.0,39870.0,39845.0,39845.0,8,5,10,2025-07-06/2025-07-12,1637
714,-1784,MNK,MNKU25,M30,2025-07-07 13:00:00,1751893200,39845.0,39900.0,39830.0,39900.0,6,5,6,2025-07-06/2025-07-12,1637
715,-1783,MNK,MNKU25,M30,2025-07-07 13:30:00,1751895000,39905.0,39945.0,39905.0,39925.0,9,5,11,2025-07-06/2025-07-12,1637
716,-1782,MNK,MNKU25,M30,2025-07-07 14:00:00,1751896800,39920.0,39920.0,39895.0,39905.0,5,5,6,2025-07-06/2025-07-12,1637
717,-1781,MNK,MNKU25,M30,2025-07-07 14:30:00,1751898600,39855.0,39870.0,39840.0,39870.0,6,5,11,2025-07-06/2025-07-12,1637
718,-1780,MNK,MNKU25,M30,2025-07-07 15:00:00,1751900400,39870.0,39870.0,39870.0,39870.0,1,15,1,2025-07-06/2025-07-12,1637
719,-1779,MNK,MNKU25,M30,2025-07-07 15:30:00,1751902200,39865.0,39880.0,39865.0,39870.0,3,10,3,2025-07-06/2025-07-12,1637
720,-1778,MNK,MNKU25,M30,2025-07-07 16:00:00,1751904000,39780.0,39780.0,39590.0,39590.0,11,5,11,2025-07-06/2025-07-12,1637
721,-1777,MNK,MNKU25,M30,2025-07-07 16:30:00,1751905800,39640.0,39725.0,39640.0,39670.0,14,5,18,2025-07-06/2025-07-12,1637
722,-1776,MNK,MNKU25,M30,2025-07-07 17:00:00,1751907600,39660.0,39660.0,39605.0,39605.0,4,5,5,2025-07-06/2025-07-12,1637
723,-1775,MNK,MNKU25,M30,2025-07-07 17:30:00,1751909400,39735.0,39775.0,39625.0,39625.0,9,5,47,2025-07-06/2025-07-12,1637
724,-1774,MNK,MNKU25,M30,2025-07-07 18:00:00,1751911200,39630.0,39635.0,39500.0,39500.0,14,5,14,2025-07-06/2025-07-12,1637
725,-1773,MNK,MNKU25,M30,2025-07-07 18:30:00,1751913000,39465.0,39620.0,39465.0,39620.0,2,5,2,2025-07-06/2025-07-12,1637
726,-1772,MNK,MNKU25,M30,2025-07-07 19:00:00,1751914800,39610.0,39610.0,39545.0,39545.0,3,10,4,2025-07-06/2025-07-12,1637
727,-1771,MNK,MNKU25,M30,2025-07-07 19:30:00,1751916600,39545.0,39545.0,39495.0,39530.0,7,5,12,2025-07-06/2025-07-12,1637
728,-1770,MNK,MNKU25,M30,2025-07-07 20:00:00,1751918400,39505.0,39515.0,39485.0,39515.0,9,5,11,2025-07-06/2025-07-12,1637
729,-1769,MNK,MNKU25,M30,2025-07-07 20:30:00,1751920200,39435.0,39435.0,39435.0,39435.0,1,20,3,2025-07-06/2025-07-12,1637
730,-1768,MNK,MNKU25,M30,2025-07-07 22:00:00,1751925600,39445.0,39445.0,39430.0,39430.0,3,5,3,2025-07-06/2025-07-12,1637
731,-1767,MNK,MNKU25,M30,2025-07-07 22:30:00,1751927400,39440.0,39440.0,39440.0,39440.0,3,5,5,2025-07-06/2025-07-12,1637
732,-1766,MNK,MNKU25,M30,2025-07-07 23:30:00,1751931000,39470.0,39600.0,39470.0,39585.0,6,15,6,2025-07-06/2025-07-12,1637
733,-1765,MNK,MNKU25,M30,2025-07-08 00:00:00,1751932800,39710.0,39850.0,39710.0,39720.0,35,5,90,2025-07-06/2025-07-12,1637
734,-1764,MNK,MNKU25,M30,2025-07-08 00:30:00,1751934600,39795.0,39870.0,39795.0,39835.0,8,5,13,2025-07-06/2025-07-12,1637
735,-1763,MNK,MNKU25,M30,2025-07-08 01:00:00,1751936400,39835.0,39845.0,39835.0,39845.0,2,5,3,2025-07-06/2025-07-12,1637
736,-1762,MNK,MNKU25,M30,2025-07-08 01:30:00,1751938200,39690.0,39695.0,39685.0,39695.0,5,5,6,2025-07-06/2025-07-12,1637
737,-1761,MNK,MNKU25,M30,2025-07-08 02:00:00,1751940000,39710.0,39710.0,39710.0,39710.0,1,5,1,2025-07-06/2025-07-12,1637
738,-1760,MNK,MNKU25,M30,2025-07-08 03:30:00,1751945400,39800.0,39800.0,39800.0,39800.0,1,15,1,2025-07-06/2025-07-12,1637
739,-1759,MNK,MNKU25,M30,2025-07-08 04:00:00,1751947200,39725.0,39735.0,39710.0,39735.0,9,5,48,2025-07-06/2025-07-12,1637
740,-1758,MNK,MNKU25,M30,2025-07-08 04:30:00,1751949000,39770.0,39770.0,39745.0,39745.0,5,5,23,2025-07-06/2025-07-12,1637
741,-1757,MNK,MNKU25,M30,2025-07-08 05:00:00,1751950800,39785.0,39790.0,39785.0,39790.0,2,5,3,2025-07-06/2025-07-12,1637
742,-1756,MNK,MNKU25,M30,2025-07-08 06:00:00,1751954400,39800.0,39800.0,39800.0,39800.0,2,5,3,2025-07-06/2025-07-12,1637
743,-1755,MNK,MNKU25,M30,2025-07-08 06:30:00,1751956200,39835.0,39895.0,39835.0,39895.0,8,5,10,2025-07-06/2025-07-12,1637
744,-1754,MNK,MNKU25,M30,2025-07-08 07:30:00,1751959800,39930.0,39930.0,39930.0,39930.0,1,20,1,2025-07-06/2025-07-12,1637
745,-1753,MNK,MNKU25,M30,2025-07-08 08:00:00,1751961600,39940.0,39945.0,39920.0,39945.0,3,15,3,2025-07-06/2025-07-12,1637
746,-1752,MNK,MNKU25,M30,2025-07-08 08:30:00,1751963400,39950.0,39950.0,39930.0,39930.0,5,5,8,2025-07-06/2025-07-12,1637
747,-1751,MNK,MNKU25,M30,2025-07-08 09:00:00,1751965200,39915.0,39915.0,39915.0,39915.0,1,15,1,2025-07-06/2025-07-12,1637
748,-1750,MNK,MNKU25,M30,2025-07-08 10:30:00,1751970600,39945.0,39945.0,39915.0,39915.0,2,15,2,2025-07-06/2025-07-12,1637
749,-1749,MNK,MNKU25,M30,2025-07-08 11:30:00,1751974200,39930.0,39970.0,39930.0,39970.0,5,10,5,2025-07-06/2025-07-12,1637
750,-1748,MNK,MNKU25,M30,2025-07-08 12:00:00,1751976000,39925.0,39940.0,39925.0,39935.0,4,5,5,2025-07-06/2025-07-12,1637
751,-1747,MNK,MNKU25,M30,2025-07-08 12:30:00,1751977800,39910.0,39910.0,39905.0,39905.0,2,5,2,2025-07-06/2025-07-12,1637
752,-1746,MNK,MNKU25,M30,2025-07-08 13:00:00,1751979600,39935.0,39935.0,39935.0,39935.0,1,15,1,2025-07-06/2025-07-12,1637
753,-1745,MNK,MNKU25,M30,2025-07-08 13:30:00,1751981400,39925.0,40030.0,39925.0,40000.0,8,5,33,2025-07-06/2025-07-12,1637
754,-1744,MNK,MNKU25,M30,2025-07-08 14:00:00,1751983200,39955.0,40000.0,39955.0,40000.0,6,5,13,2025-07-06/2025-07-12,1637
755,-1743,MNK,MNKU25,M30,2025-07-08 14:30:00,1751985000,40015.0,40115.0,40015.0,40065.0,26,5,48,2025-07-06/2025-07-12,1637
756,-1742,MNK,MNKU25,M30,2025-07-08 15:00:00,1751986800,40100.0,40100.0,40050.0,40050.0,3,5,3,2025-07-06/2025-07-12,1637
757,-1741,MNK,MNKU25,M30,2025-07-08 15:30:00,1751988600,40025.0,40095.0,40025.0,40095.0,6,5,8,2025-07-06/2025-07-12,1637
758,-1740,MNK,MNKU25,M30,2025-07-08 16:00:00,1751990400,40075.0,40095.0,40075.0,40095.0,12,5,45,2025-07-06/2025-07-12,1637
759,-1739,MNK,MNKU25,M30,2025-07-08 16:30:00,1751992200,40075.0,40090.0,40075.0,40085.0,3,5,4,2025-07-06/2025-07-12,1637
760,-1738,MNK,MNKU25,M30,2025-07-08 17:00:00,1751994000,40075.0,40075.0,40040.0,40045.0,4,5,6,2025-07-06/2025-07-12,1637
761,-1737,MNK,MNKU25,M30,2025-07-08 17:30:00,1751995800,40070.0,40070.0,40070.0,40070.0,1,15,1,2025-07-06/2025-07-12,1637
762,-1736,MNK,MNKU25,M30,2025-07-08 18:30:00,1751999400,40060.0,40060.0,40060.0,40060.0,1,10,2,2025-07-06/2025-07-12,1637
763,-1735,MNK,MNKU25,M30,2025-07-08 19:30:00,1752003000,40045.0,40065.0,40045.0,40050.0,7,5,9,2025-07-06/2025-07-12,1637
764,-1734,MNK,MNKU25,M30,2025-07-08 20:00:00,1752004800,40040.0,40045.0,40040.0,40045.0,2,10,2,2025-07-06/2025-07-12,1637
765,-1733,MNK,MNKU25,M30,2025-07-08 20:30:00,1752006600,40040.0,40040.0,40025.0,40025.0,3,5,4,2025-07-06/2025-07-12,1637
766,-1732,MNK,MNKU25,M30,2025-07-08 22:00:00,1752012000,40040.0,40045.0,40020.0,40020.0,3,5,4,2025-07-06/2025-07-12,1637
767,-1731,MNK,MNKU25,M30,2025-07-08 22:30:00,1752013800,40020.0,40055.0,40020.0,40055.0,4,0,4,2025-07-06/2025-07-12,1637
768,-1730,MNK,MNKU25,M30,2025-07-08 23:00:00,1752015600,40025.0,40025.0,39995.0,39995.0,2,5,2,2025-07-06/2025-07-12,1637
769,-1729,MNK,MNKU25,M30,2025-07-08 23:30:00,1752017400,40055.0,40055.0,39995.0,39995.0,2,5,2,2025-07-06/2025-07-12,1637
770,-1728,MNK,MNKU25,M30,2025-07-09 00:00:00,1752019200,40000.0,40000.0,39835.0,39840.0,7,5,7,2025-07-06/2025-07-12,1637
771,-1727,MNK,MNKU25,M30,2025-07-09 00:30:00,1752021000,39840.0,39840.0,39695.0,39695.0,7,10,8,2025-07-06/2025-07-12,1637
772,-1726,MNK,MNKU25,M30,2025-07-09 01:00:00,1752022800,39715.0,39770.0,39710.0,39710.0,10,5,10,2025-07-06/2025-07-12,1637
773,-1725,MNK,MNKU25,M30,2025-07-09 01:30:00,1752024600,39670.0,39710.0,39670.0,39710.0,2,5,2,2025-07-06/2025-07-12,1637
774,-1724,MNK,MNKU25,M30,2025-07-09 02:00:00,1752026400,39780.0,39780.0,39780.0,39780.0,1,15,2,2025-07-06/2025-07-12,1637
775,-1723,MNK,MNKU25,M30,2025-07-09 02:30:00,1752028200,39765.0,39765.0,39765.0,39765.0,2,5,2,2025-07-06/2025-07-12,1637
776,-1722,MNK,MNKU25,M30,2025-07-09 03:30:00,1752031800,39785.0,39800.0,39785.0,39785.0,16,5,60,2025-07-06/2025-07-12,1637
777,-1721,MNK,MNKU25,M30,2025-07-09 04:00:00,1752033600,39810.0,39830.0,39810.0,39830.0,15,5,69,2025-07-06/2025-07-12,1637
778,-1720,MNK,MNKU25,M30,2025-07-09 04:30:00,1752035400,39850.0,39850.0,39845.0,39850.0,9,5,9,2025-07-06/2025-07-12,1637
779,-1719,MNK,MNKU25,M30,2025-07-09 05:00:00,1752037200,39860.0,39860.0,39830.0,39830.0,2,5,2,2025-07-06/2025-07-12,1637
780,-1718,MNK,MNKU25,M30,2025-07-09 05:30:00,1752039000,39840.0,39855.0,39840.0,39850.0,5,5,7,2025-07-06/2025-07-12,1637
781,-1717,MNK,MNKU25,M30,2025-07-09 06:30:00,1752042600,39885.0,39895.0,39870.0,39895.0,4,5,5,2025-07-06/2025-07-12,1637
782,-1716,MNK,MNKU25,M30,2025-07-09 07:30:00,1752046200,39905.0,39905.0,39885.0,39900.0,6,5,6,2025-07-06/2025-07-12,1637
783,-1715,MNK,MNKU25,M30,2025-07-09 08:00:00,1752048000,39900.0,39920.0,39900.0,39920.0,3,10,5,2025-07-06/2025-07-12,1637
784,-1714,MNK,MNKU25,M30,2025-07-09 08:30:00,1752049800,39915.0,39915.0,39890.0,39890.0,2,5,4,2025-07-06/2025-07-12,1637
785,-1713,MNK,MNKU25,M30,2025-07-09 09:00:00,1752051600,39860.0,39920.0,39860.0,39910.0,4,5,5,2025-07-06/2025-07-12,1637
786,-1712,MNK,MNKU25,M30,2025-07-09 10:00:00,1752055200,39885.0,39885.0,39885.0,39885.0,2,5,20,2025-07-06/2025-07-12,1637
787,-1711,MNK,MNKU25,M30,2025-07-09 11:00:00,1752058800,39910.0,39910.0,39910.0,39910.0,2,10,2,2025-07-06/2025-07-12,1637
788,-1710,MNK,MNKU25,M30,2025-07-09 12:30:00,1752064200,39895.0,39920.0,39895.0,39920.0,5,5,7,2025-07-06/2025-07-12,1637
789,-1709,MNK,MNKU25,M30,2025-07-09 13:00:00,1752066000,39905.0,39905.0,39905.0,39905.0,2,10,3,2025-07-06/2025-07-12,1637
790,-1708,MNK,MNKU25,M30,2025-07-09 13:30:00,1752067800,39915.0,40005.0,39915.0,39995.0,9,5,11,2025-07-06/2025-07-12,1637
791,-1707,MNK,MNKU25,M30,2025-07-09 14:00:00,1752069600,39970.0,39970.0,39910.0,39910.0,8,5,9,2025-07-06/2025-07-12,1637
792,-1706,MNK,MNKU25,M30,2025-07-09 14:30:00,1752071400,39900.0,39900.0,39850.0,39870.0,12,5,22,2025-07-06/2025-07-12,1637
793,-1705,MNK,MNKU25,M30,2025-07-09 15:00:00,1752073200,39885.0,39895.0,39845.0,39875.0,12,5,19,2025-07-06/2025-07-12,1637
794,-1704,MNK,MNKU25,M30,2025-07-09 15:30:00,1752075000,39865.0,39865.0,39830.0,39830.0,2,10,2,2025-07-06/2025-07-12,1637
795,-1703,MNK,MNKU25,M30,2025-07-09 17:00:00,1752080400,39890.0,39890.0,39875.0,39875.0,4,5,7,2025-07-06/2025-07-12,1637
796,-1702,MNK,MNKU25,M30,2025-07-09 17:30:00,1752082200,39880.0,39905.0,39880.0,39905.0,5,5,6,2025-07-06/2025-07-12,1637
797,-1701,MNK,MNKU25,M30,2025-07-09 18:00:00,1752084000,39940.0,39955.0,39940.0,39955.0,6,5,7,2025-07-06/2025-07-12,1637
798,-1700,MNK,MNKU25,M30,2025-07-09 19:30:00,1752089400,39985.0,39995.0,39985.0,39995.0,6,5,6,2025-07-06/2025-07-12,1637
27,-2854,MNK,MNKZ25,M30,2025-07-09 20:00:00,1752091200,39910.0,39910.0,39910.0,39910.0,0,0,0,2025-07-06/2025-07-12,0
799,-1699,MNK,MNKU25,M30,2025-07-09 20:30:00,1752093000,39985.0,39995.0,39980.0,39980.0,3,10,3,2025-07-06/2025-07-12,1637
800,-1698,MNK,MNKU25,M30,2025-07-09 22:00:00,1752098400,40020.0,40020.0,40010.0,40010.0,3,5,4,2025-07-06/2025-07-12,1637
801,-1697,MNK,MNKU25,M30,2025-07-09 22:30:00,1752100200,40010.0,40010.0,39995.0,39995.0,5,5,6,2025-07-06/2025-07-12,1637
802,-1696,MNK,MNKU25,M30,2025-07-09 23:00:00,1752102000,40000.0,40000.0,39975.0,39975.0,2,5,4,2025-07-06/2025-07-12,1637
803,-1695,MNK,MNKU25,M30,2025-07-09 23:30:00,1752103800,39955.0,39955.0,39900.0,39900.0,4,15,5,2025-07-06/2025-07-12,1637
804,-1694,MNK,MNKU25,M30,2025-07-10 00:00:00,1752105600,39835.0,39835.0,39700.0,39710.0,25,5,47,2025-07-06/2025-07-12,1637
805,-1693,MNK,MNKU25,M30,2025-07-10 00:30:00,1752107400,39725.0,39775.0,39680.0,39680.0,15,5,34,2025-07-06/2025-07-12,1637
806,-1692,MNK,MNKU25,M30,2025-07-10 01:00:00,1752109200,39685.0,39685.0,39625.0,39670.0,12,5,12,2025-07-06/2025-07-12,1637
807,-1691,MNK,MNKU25,M30,2025-07-10 01:30:00,1752111000,39700.0,39710.0,39695.0,39695.0,3,10,3,2025-07-06/2025-07-12,1637
808,-1690,MNK,MNKU25,M30,2025-07-10 02:00:00,1752112800,39665.0,39705.0,39665.0,39690.0,5,5,5,2025-07-06/2025-07-12,1637
809,-1689,MNK,MNKU25,M30,2025-07-10 02:30:00,1752114600,39675.0,39710.0,39675.0,39710.0,4,5,15,2025-07-06/2025-07-12,1637
810,-1688,MNK,MNKU25,M30,2025-07-10 03:00:00,1752116400,39665.0,39670.0,39665.0,39670.0,3,5,3,2025-07-06/2025-07-12,1637
811,-1687,MNK,MNKU25,M30,2025-07-10 03:30:00,1752118200,39685.0,39685.0,39630.0,39630.0,7,15,7,2025-07-06/2025-07-12,1637
812,-1686,MNK,MNKU25,M30,2025-07-10 04:30:00,1752121800,39690.0,39690.0,39685.0,39685.0,2,10,4,2025-07-06/2025-07-12,1637
813,-1685,MNK,MNKU25,M30,2025-07-10 05:00:00,1752123600,39615.0,39615.0,39615.0,39615.0,2,5,2,2025-07-06/2025-07-12,1637
814,-1684,MNK,MNKU25,M30,2025-07-10 05:30:00,1752125400,39610.0,39610.0,39605.0,39605.0,4,5,7,2025-07-06/2025-07-12,1637
815,-1683,MNK,MNKU25,M30,2025-07-10 06:30:00,1752129000,39750.0,39755.0,39705.0,39705.0,21,5,40,2025-07-06/2025-07-12,1637
816,-1682,MNK,MNKU25,M30,2025-07-10 07:00:00,1752130800,39715.0,39715.0,39715.0,39715.0,2,15,2,2025-07-06/2025-07-12,1637
817,-1681,MNK,MNKU25,M30,2025-07-10 07:30:00,1752132600,39740.0,39750.0,39735.0,39735.0,3,5,3,2025-07-06/2025-07-12,1637
818,-1680,MNK,MNKU25,M30,2025-07-10 08:00:00,1752134400,39740.0,39740.0,39740.0,39740.0,1,10,1,2025-07-06/2025-07-12,1637
819,-1679,MNK,MNKU25,M30,2025-07-10 08:30:00,1752136200,39760.0,39770.0,39760.0,39770.0,3,5,3,2025-07-06/2025-07-12,1637
820,-1678,MNK,MNKU25,M30,2025-07-10 09:00:00,1752138000,39760.0,39780.0,39760.0,39780.0,3,5,3,2025-07-06/2025-07-12,1637
821,-1677,MNK,MNKU25,M30,2025-07-10 09:30:00,1752139800,39740.0,39755.0,39740.0,39745.0,5,5,5,2025-07-06/2025-07-12,1637
822,-1676,MNK,MNKU25,M30,2025-07-10 11:00:00,1752145200,39730.0,39730.0,39730.0,39730.0,1,15,1,2025-07-06/2025-07-12,1637
823,-1675,MNK,MNKU25,M30,2025-07-10 11:30:00,1752147000,39760.0,39760.0,39745.0,39745.0,2,5,3,2025-07-06/2025-07-12,1637
824,-1674,MNK,MNKU25,M30,2025-07-10 12:00:00,1752148800,39690.0,39690.0,39675.0,39675.0,3,5,3,2025-07-06/2025-07-12,1637
825,-1673,MNK,MNKU25,M30,2025-07-10 12:30:00,1752150600,39705.0,39705.0,39700.0,39700.0,2,10,2,2025-07-06/2025-07-12,1637
826,-1672,MNK,MNKU25,M30,2025-07-10 13:00:00,1752152400,39690.0,39690.0,39690.0,39690.0,2,5,2,2025-07-06/2025-07-12,1637
827,-1671,MNK,MNKU25,M30,2025-07-10 13:30:00,1752154200,39725.0,39725.0,39700.0,39700.0,4,5,5,2025-07-06/2025-07-12,1637
828,-1670,MNK,MNKU25,M30,2025-07-10 14:00:00,1752156000,39675.0,39730.0,39675.0,39730.0,3,5,6,2025-07-06/2025-07-12,1637
829,-1669,MNK,MNKU25,M30,2025-07-10 14:30:00,1752157800,39770.0,39770.0,39745.0,39760.0,7,5,9,2025-07-06/2025-07-12,1637
830,-1668,MNK,MNKU25,M30,2025-07-10 15:00:00,1752159600,39750.0,39750.0,39750.0,39750.0,1,15,1,2025-07-06/2025-07-12,1637
831,-1667,MNK,MNKU25,M30,2025-07-10 15:30:00,1752161400,39790.0,39790.0,39790.0,39790.0,1,10,1,2025-07-06/2025-07-12,1637
832,-1666,MNK,MNKU25,M30,2025-07-10 16:00:00,1752163200,39780.0,39780.0,39780.0,39780.0,1,5,1,2025-07-06/2025-07-12,1637
833,-1665,MNK,MNKU25,M30,2025-07-10 16:30:00,1752165000,39770.0,39770.0,39770.0,39770.0,1,10,1,2025-07-06/2025-07-12,1637
834,-1664,MNK,MNKU25,M30,2025-07-10 18:30:00,1752172200,39800.0,39800.0,39790.0,39790.0,2,10,4,2025-07-06/2025-07-12,1637
835,-1663,MNK,MNKU25,M30,2025-07-10 19:00:00,1752174000,39775.0,39780.0,39775.0,39780.0,3,10,4,2025-07-06/2025-07-12,1637
836,-1662,MNK,MNKU25,M30,2025-07-10 19:30:00,1752175800,39765.0,39765.0,39735.0,39750.0,3,10,15,2025-07-06/2025-07-12,1637
28,-2853,MNK,MNKZ25,M30,2025-07-10 20:00:00,1752177600,39640.0,39640.0,39640.0,39640.0,0,0,0,2025-07-06/2025-07-12,0
837,-1661,MNK,MNKU25,M30,2025-07-10 22:00:00,1752184800,39815.0,39815.0,39815.0,39815.0,1,10,1,2025-07-06/2025-07-12,1637
838,-1660,MNK,MNKU25,M30,2025-07-10 22:30:00,1752186600,39800.0,39830.0,39800.0,39830.0,4,5,4,2025-07-06/2025-07-12,1637
839,-1659,MNK,MNKU25,M30,2025-07-10 23:30:00,1752190200,39800.0,39940.0,39800.0,39940.0,5,15,5,2025-07-06/2025-07-12,1637
840,-1658,MNK,MNKU25,M30,2025-07-11 00:00:00,1752192000,39955.0,39970.0,39710.0,39710.0,17,5,28,2025-07-06/2025-07-12,1637
841,-1657,MNK,MNKU25,M30,2025-07-11 00:30:00,1752193800,39710.0,39800.0,39710.0,39785.0,7,5,9,2025-07-06/2025-07-12,1637
842,-1656,MNK,MNKU25,M30,2025-07-11 01:00:00,1752195600,39715.0,39715.0,39685.0,39685.0,2,20,2,2025-07-06/2025-07-12,1637
843,-1655,MNK,MNKU25,M30,2025-07-11 01:30:00,1752197400,39765.0,39765.0,39670.0,39670.0,3,5,3,2025-07-06/2025-07-12,1637
844,-1654,MNK,MNKU25,M30,2025-07-11 02:00:00,1752199200,39685.0,39685.0,39670.0,39670.0,2,5,2,2025-07-06/2025-07-12,1637
845,-1653,MNK,MNKU25,M30,2025-07-11 02:30:00,1752201000,39640.0,39640.0,39595.0,39595.0,6,5,14,2025-07-06/2025-07-12,1637
846,-1652,MNK,MNKU25,M30,2025-07-11 03:00:00,1752202800,39650.0,39650.0,39650.0,39650.0,1,5,1,2025-07-06/2025-07-12,1637
847,-1651,MNK,MNKU25,M30,2025-07-11 05:00:00,1752210000,39715.0,39720.0,39700.0,39700.0,4,5,5,2025-07-06/2025-07-12,1637
848,-1650,MNK,MNKU25,M30,2025-07-11 05:30:00,1752211800,39715.0,39715.0,39715.0,39715.0,1,20,1,2025-07-06/2025-07-12,1637
849,-1649,MNK,MNKU25,M30,2025-07-11 06:00:00,1752213600,39610.0,39640.0,39610.0,39640.0,3,20,12,2025-07-06/2025-07-12,1637
850,-1648,MNK,MNKU25,M30,2025-07-11 06:30:00,1752215400,39585.0,39585.0,39585.0,39585.0,2,5,2,2025-07-06/2025-07-12,1637
851,-1647,MNK,MNKU25,M30,2025-07-11 07:00:00,1752217200,39515.0,39515.0,39515.0,39515.0,1,15,1,2025-07-06/2025-07-12,1637
852,-1646,MNK,MNKU25,M30,2025-07-11 07:30:00,1752219000,39490.0,39490.0,39440.0,39440.0,6,5,7,2025-07-06/2025-07-12,1637
853,-1645,MNK,MNKU25,M30,2025-07-11 08:00:00,1752220800,39385.0,39410.0,39380.0,39410.0,7,5,10,2025-07-06/2025-07-12,1637
854,-1644,MNK,MNKU25,M30,2025-07-11 08:30:00,1752222600,39400.0,39415.0,39385.0,39415.0,5,5,7,2025-07-06/2025-07-12,1637
855,-1643,MNK,MNKU25,M30,2025-07-11 09:00:00,1752224400,39435.0,39435.0,39435.0,39435.0,1,5,2,2025-07-06/2025-07-12,1637
856,-1642,MNK,MNKU25,M30,2025-07-11 09:30:00,1752226200,39435.0,39435.0,39365.0,39385.0,8,5,9,2025-07-06/2025-07-12,1637
857,-1641,MNK,MNKU25,M30,2025-07-11 10:00:00,1752228000,39405.0,39405.0,39360.0,39360.0,8,5,21,2025-07-06/2025-07-12,1637
858,-1640,MNK,MNKU25,M30,2025-07-11 11:00:00,1752231600,39345.0,39345.0,39345.0,39345.0,1,5,2,2025-07-06/2025-07-12,1637
859,-1639,MNK,MNKU25,M30,2025-07-11 11:30:00,1752233400,39425.0,39430.0,39425.0,39430.0,3,5,4,2025-07-06/2025-07-12,1637
860,-1638,MNK,MNKU25,M30,2025-07-11 12:00:00,1752235200,39405.0,39405.0,39405.0,39405.0,1,5,2,2025-07-06/2025-07-12,1637
861,-1637,MNK,MNKU25,M30,2025-07-11 12:30:00,1752237000,39420.0,39420.0,39420.0,39420.0,6,5,19,2025-07-06/2025-07-12,1637
862,-1636,MNK,MNKU25,M30,2025-07-11 13:00:00,1752238800,39450.0,39455.0,39450.0,39455.0,2,5,6,2025-07-06/2025-07-12,1637
863,-1635,MNK,MNKU25,M30,2025-07-11 13:30:00,1752240600,39480.0,39545.0,39435.0,39545.0,7,5,35,2025-07-06/2025-07-12,1637
864,-1634,MNK,MNKU25,M30,2025-07-11 14:00:00,1752242400,39540.0,39550.0,39540.0,39550.0,4,5,4,2025-07-06/2025-07-12,1637
865,-1633,MNK,MNKU25,M30,2025-07-11 14:30:00,1752244200,39520.0,39535.0,39500.0,39500.0,5,5,9,2025-07-06/2025-07-12,1637
866,-1632,MNK,MNKU25,M30,2025-07-11 15:00:00,1752246000,39500.0,39500.0,39500.0,39500.0,1,20,1,2025-07-06/2025-07-12,1637
867,-1631,MNK,MNKU25,M30,2025-07-11 15:30:00,1752247800,39540.0,39580.0,39540.0,39580.0,10,5,10,2025-07-06/2025-07-12,1637
868,-1630,MNK,MNKU25,M30,2025-07-11 16:30:00,1752251400,39525.0,39525.0,39525.0,39525.0,3,5,3,2025-07-06/2025-07-12,1637
869,-1629,MNK,MNKU25,M30,2025-07-11 17:00:00,1752253200,39555.0,39555.0,39555.0,39555.0,1,15,1,2025-07-06/2025-07-12,1637
870,-1628,MNK,MNKU25,M30,2025-07-11 17:30:00,1752255000,39550.0,39550.0,39550.0,39550.0,2,10,4,2025-07-06/2025-07-12,1637
871,-1627,MNK,MNKU25,M30,2025-07-11 18:00:00,1752256800,39590.0,39590.0,39590.0,39590.0,1,15,2,2025-07-06/2025-07-12,1637
872,-1626,MNK,MNKU25,M30,2025-07-11 18:30:00,1752258600,39590.0,39590.0,39590.0,39590.0,2,5,2,2025-07-06/2025-07-12,1637
873,-1625,MNK,MNKU25,M30,2025-07-11 19:30:00,1752262200,39600.0,39600.0,39545.0,39555.0,9,5,23,2025-07-06/2025-07-12,1637
874,-1624,MNK,MNKU25,M30,2025-07-11 20:00:00,1752264000,39550.0,39550.0,39510.0,39510.0,4,5,5,2025-07-06/2025-07-12,1637
875,-1623,MNK,MNKU25,M30,2025-07-11 20:30:00,1752265800,39525.0,39525.0,39525.0,39525.0,3,5,8,2025-07-06/2025-07-12,1637
876,-1622,MNK,MNKU25,M30,2025-07-13 22:00:00,1752444000,39485.0,39485.0,39260.0,39310.0,21,5,66,2025-07-13/2025-07-19,1931
877,-1621,MNK,MNKU25,M30,2025-07-13 22:30:00,1752445800,39345.0,39345.0,39305.0,39315.0,8,5,51,2025-07-13/2025-07-19,1931
878,-1620,MNK,MNKU25,M30,2025-07-13 23:00:00,1752447600,39355.0,39360.0,39335.0,39345.0,5,5,11,2025-07-13/2025-07-19,1931
879,-1619,MNK,MNKU25,M30,2025-07-13 23:30:00,1752449400,39380.0,39455.0,39375.0,39450.0,22,5,112,2025-07-13/2025-07-19,1931
880,-1618,MNK,MNKU25,M30,2025-07-14 00:00:00,1752451200,39465.0,39520.0,39465.0,39495.0,12,5,66,2025-07-13/2025-07-19,1931
881,-1617,MNK,MNKU25,M30,2025-07-14 00:30:00,1752453000,39490.0,39490.0,39435.0,39440.0,4,5,9,2025-07-13/2025-07-19,1931
882,-1616,MNK,MNKU25,M30,2025-07-14 01:00:00,1752454800,39460.0,39460.0,39345.0,39350.0,22,5,74,2025-07-13/2025-07-19,1931
883,-1615,MNK,MNKU25,M30,2025-07-14 01:30:00,1752456600,39400.0,39490.0,39400.0,39490.0,3,5,3,2025-07-13/2025-07-19,1931
884,-1614,MNK,MNKU25,M30,2025-07-14 02:00:00,1752458400,39495.0,39530.0,39495.0,39530.0,8,5,11,2025-07-13/2025-07-19,1931
885,-1613,MNK,MNKU25,M30,2025-07-14 02:30:00,1752460200,39510.0,39510.0,39465.0,39465.0,4,10,7,2025-07-13/2025-07-19,1931
886,-1612,MNK,MNKU25,M30,2025-07-14 03:30:00,1752463800,39520.0,39595.0,39520.0,39595.0,5,5,5,2025-07-13/2025-07-19,1931
887,-1611,MNK,MNKU25,M30,2025-07-14 04:00:00,1752465600,39600.0,39625.0,39600.0,39625.0,3,5,3,2025-07-13/2025-07-19,1931
888,-1610,MNK,MNKU25,M30,2025-07-14 05:00:00,1752469200,39615.0,39640.0,39615.0,39640.0,2,5,4,2025-07-13/2025-07-19,1931
889,-1609,MNK,MNKU25,M30,2025-07-14 05:30:00,1752471000,39570.0,39570.0,39535.0,39535.0,2,20,2,2025-07-13/2025-07-19,1931
890,-1608,MNK,MNKU25,M30,2025-07-14 06:30:00,1752474600,39475.0,39475.0,39455.0,39460.0,10,5,11,2025-07-13/2025-07-19,1931
891,-1607,MNK,MNKU25,M30,2025-07-14 07:00:00,1752476400,39440.0,39440.0,39440.0,39440.0,1,10,1,2025-07-13/2025-07-19,1931
892,-1606,MNK,MNKU25,M30,2025-07-14 07:30:00,1752478200,39440.0,39550.0,39440.0,39550.0,3,5,5,2025-07-13/2025-07-19,1931
893,-1605,MNK,MNKU25,M30,2025-07-14 08:00:00,1752480000,39425.0,39425.0,39400.0,39400.0,3,5,3,2025-07-13/2025-07-19,1931
894,-1604,MNK,MNKU25,M30,2025-07-14 08:30:00,1752481800,39430.0,39430.0,39430.0,39430.0,1,5,1,2025-07-13/2025-07-19,1931
895,-1603,MNK,MNKU25,M30,2025-07-14 09:30:00,1752485400,39400.0,39400.0,39400.0,39400.0,1,5,2,2025-07-13/2025-07-19,1931
896,-1602,MNK,MNKU25,M30,2025-07-14 10:00:00,1752487200,39400.0,39400.0,39390.0,39395.0,3,5,3,2025-07-13/2025-07-19,1931
897,-1601,MNK,MNKU25,M30,2025-07-14 11:30:00,1752492600,39400.0,39435.0,39400.0,39400.0,5,5,11,2025-07-13/2025-07-19,1931
898,-1600,MNK,MNKU25,M30,2025-07-14 12:00:00,1752494400,39390.0,39390.0,39390.0,39390.0,1,10,2,2025-07-13/2025-07-19,1931
899,-1599,MNK,MNKU25,M30,2025-07-14 13:30:00,1752499800,39430.0,39430.0,39370.0,39390.0,6,5,8,2025-07-13/2025-07-19,1931
900,-1598,MNK,MNKU25,M30,2025-07-14 14:00:00,1752501600,39380.0,39455.0,39380.0,39420.0,7,5,9,2025-07-13/2025-07-19,1931
901,-1597,MNK,MNKU25,M30,2025-07-14 15:30:00,1752507000,39520.0,39520.0,39515.0,39515.0,5,10,6,2025-07-13/2025-07-19,1931
902,-1596,MNK,MNKU25,M30,2025-07-14 16:00:00,1752508800,39550.0,39555.0,39550.0,39550.0,3,5,4,2025-07-13/2025-07-19,1931
903,-1595,MNK,MNKU25,M30,2025-07-14 16:30:00,1752510600,39550.0,39550.0,39550.0,39550.0,1,5,1,2025-07-13/2025-07-19,1931
904,-1594,MNK,MNKU25,M30,2025-07-14 17:00:00,1752512400,39575.0,39580.0,39570.0,39570.0,3,5,4,2025-07-13/2025-07-19,1931
905,-1593,MNK,MNKU25,M30,2025-07-14 19:00:00,1752519600,39550.0,39560.0,39550.0,39560.0,5,10,9,2025-07-13/2025-07-19,1931
906,-1592,MNK,MNKU25,M30,2025-07-14 19:30:00,1752521400,39540.0,39575.0,39540.0,39560.0,30,5,33,2025-07-13/2025-07-19,1931
30,-2851,MNK,MNKZ25,M30,2025-07-14 20:00:00,1752523200,39465.0,39465.0,39465.0,39465.0,0,0,0,2025-07-13/2025-07-19,0
907,-1591,MNK,MNKU25,M30,2025-07-14 20:30:00,1752525000,39550.0,39555.0,39535.0,39540.0,5,10,6,2025-07-13/2025-07-19,1931
908,-1590,MNK,MNKU25,M30,2025-07-14 22:00:00,1752530400,39540.0,39540.0,39540.0,39540.0,1,25,1,2025-07-13/2025-07-19,1931
909,-1589,MNK,MNKU25,M30,2025-07-14 22:30:00,1752532200,39540.0,39540.0,39540.0,39540.0,4,10,4,2025-07-13/2025-07-19,1931
910,-1588,MNK,MNKU25,M30,2025-07-14 23:00:00,1752534000,39530.0,39530.0,39530.0,39530.0,1,10,1,2025-07-13/2025-07-19,1931
911,-1587,MNK,MNKU25,M30,2025-07-14 23:30:00,1752535800,39565.0,39635.0,39550.0,39570.0,12,5,13,2025-07-13/2025-07-19,1931
912,-1586,MNK,MNKU25,M30,2025-07-15 00:00:00,1752537600,39485.0,39605.0,39460.0,39605.0,14,5,21,2025-07-13/2025-07-19,1931
913,-1585,MNK,MNKU25,M30,2025-07-15 00:30:00,1752539400,39580.0,39580.0,39445.0,39525.0,8,5,26,2025-07-13/2025-07-19,1931
914,-1584,MNK,MNKU25,M30,2025-07-15 01:00:00,1752541200,39430.0,39490.0,39430.0,39490.0,7,10,7,2025-07-13/2025-07-19,1931
915,-1583,MNK,MNKU25,M30,2025-07-15 01:30:00,1752543000,39485.0,39690.0,39485.0,39640.0,17,5,17,2025-07-13/2025-07-19,1931
916,-1582,MNK,MNKU25,M30,2025-07-15 02:00:00,1752544800,39570.0,39570.0,39505.0,39510.0,19,5,47,2025-07-13/2025-07-19,1931
917,-1581,MNK,MNKU25,M30,2025-07-15 02:30:00,1752546600,39500.0,39500.0,39480.0,39480.0,3,5,3,2025-07-13/2025-07-19,1931
918,-1580,MNK,MNKU25,M30,2025-07-15 03:00:00,1752548400,39500.0,39525.0,39500.0,39525.0,6,5,9,2025-07-13/2025-07-19,1931
919,-1579,MNK,MNKU25,M30,2025-07-15 03:30:00,1752550200,39540.0,39540.0,39540.0,39540.0,1,10,1,2025-07-13/2025-07-19,1931
920,-1578,MNK,MNKU25,M30,2025-07-15 04:30:00,1752553800,39570.0,39570.0,39560.0,39560.0,5,10,24,2025-07-13/2025-07-19,1931
921,-1577,MNK,MNKU25,M30,2025-07-15 05:30:00,1752557400,39630.0,39650.0,39630.0,39650.0,2,20,2,2025-07-13/2025-07-19,1931
922,-1576,MNK,MNKU25,M30,2025-07-15 06:30:00,1752561000,39705.0,39750.0,39705.0,39710.0,18,5,59,2025-07-13/2025-07-19,1931
923,-1575,MNK,MNKU25,M30,2025-07-15 07:30:00,1752564600,39710.0,39710.0,39710.0,39710.0,1,5,1,2025-07-13/2025-07-19,1931
924,-1574,MNK,MNKU25,M30,2025-07-15 09:30:00,1752571800,39725.0,39725.0,39720.0,39725.0,3,5,4,2025-07-13/2025-07-19,1931
925,-1573,MNK,MNKU25,M30,2025-07-15 10:30:00,1752575400,39785.0,39800.0,39785.0,39790.0,5,5,5,2025-07-13/2025-07-19,1931
926,-1572,MNK,MNKU25,M30,2025-07-15 11:00:00,1752577200,39770.0,39770.0,39755.0,39755.0,2,15,2,2025-07-13/2025-07-19,1931
927,-1571,MNK,MNKU25,M30,2025-07-15 12:00:00,1752580800,39755.0,39770.0,39745.0,39745.0,7,5,8,2025-07-13/2025-07-19,1931
928,-1570,MNK,MNKU25,M30,2025-07-15 12:30:00,1752582600,39775.0,39815.0,39775.0,39815.0,2,5,3,2025-07-13/2025-07-19,1931
929,-1569,MNK,MNKU25,M30,2025-07-15 13:00:00,1752584400,39795.0,39855.0,39795.0,39855.0,12,5,15,2025-07-13/2025-07-19,1931
930,-1568,MNK,MNKU25,M30,2025-07-15 13:30:00,1752586200,39825.0,39825.0,39760.0,39760.0,6,5,8,2025-07-13/2025-07-19,1931
931,-1567,MNK,MNKU25,M30,2025-07-15 14:00:00,1752588000,39780.0,39820.0,39780.0,39815.0,3,5,3,2025-07-13/2025-07-19,1931
932,-1566,MNK,MNKU25,M30,2025-07-15 14:30:00,1752589800,39760.0,39760.0,39720.0,39720.0,5,5,8,2025-07-13/2025-07-19,1931
933,-1565,MNK,MNKU25,M30,2025-07-15 15:00:00,1752591600,39710.0,39720.0,39705.0,39705.0,5,10,6,2025-07-13/2025-07-19,1931
934,-1564,MNK,MNKU25,M30,2025-07-15 15:30:00,1752593400,39740.0,39755.0,39730.0,39730.0,8,10,9,2025-07-13/2025-07-19,1931
935,-1563,MNK,MNKU25,M30,2025-07-15 16:00:00,1752595200,39705.0,39725.0,39680.0,39715.0,6,5,6,2025-07-13/2025-07-19,1931
936,-1562,MNK,MNKU25,M30,2025-07-15 17:30:00,1752600600,39760.0,39760.0,39745.0,39745.0,2,15,2,2025-07-13/2025-07-19,1931
937,-1561,MNK,MNKU25,M30,2025-07-15 18:00:00,1752602400,39795.0,39795.0,39795.0,39795.0,2,5,2,2025-07-13/2025-07-19,1931
938,-1560,MNK,MNKU25,M30,2025-07-15 18:30:00,1752604200,39760.0,39760.0,39690.0,39690.0,3,5,5,2025-07-13/2025-07-19,1931
939,-1559,MNK,MNKU25,M30,2025-07-15 19:00:00,1752606000,39700.0,39700.0,39700.0,39700.0,1,15,1,2025-07-13/2025-07-19,1931
940,-1558,MNK,MNKU25,M30,2025-07-15 19:30:00,1752607800,39710.0,39710.0,39675.0,39685.0,4,5,4,2025-07-13/2025-07-19,1931
941,-1557,MNK,MNKU25,M30,2025-07-15 20:00:00,1752609600,39645.0,39645.0,39620.0,39635.0,6,5,26,2025-07-13/2025-07-19,1931
942,-1556,MNK,MNKU25,M30,2025-07-15 22:00:00,1752616800,39675.0,39690.0,39650.0,39650.0,4,15,6,2025-07-13/2025-07-19,1931
943,-1555,MNK,MNKU25,M30,2025-07-15 22:30:00,1752618600,39620.0,39660.0,39620.0,39660.0,5,15,5,2025-07-13/2025-07-19,1931
944,-1554,MNK,MNKU25,M30,2025-07-15 23:00:00,1752620400,39655.0,39655.0,39615.0,39655.0,6,5,26,2025-07-13/2025-07-19,1931
945,-1553,MNK,MNKU25,M30,2025-07-15 23:30:00,1752622200,39650.0,39720.0,39650.0,39715.0,9,5,13,2025-07-13/2025-07-19,1931
946,-1552,MNK,MNKU25,M30,2025-07-16 00:00:00,1752624000,39780.0,39780.0,39575.0,39575.0,17,5,24,2025-07-13/2025-07-19,1931
947,-1551,MNK,MNKU25,M30,2025-07-16 00:30:00,1752625800,39675.0,39750.0,39675.0,39750.0,3,15,3,2025-07-13/2025-07-19,1931
948,-1550,MNK,MNKU25,M30,2025-07-16 01:00:00,1752627600,39820.0,39820.0,39810.0,39810.0,4,5,8,2025-07-13/2025-07-19,1931
949,-1549,MNK,MNKU25,M30,2025-07-16 01:30:00,1752629400,39715.0,39715.0,39690.0,39690.0,2,5,4,2025-07-13/2025-07-19,1931
950,-1548,MNK,MNKU25,M30,2025-07-16 02:30:00,1752633000,39695.0,39695.0,39695.0,39695.0,1,20,1,2025-07-13/2025-07-19,1931
951,-1547,MNK,MNKU25,M30,2025-07-16 03:00:00,1752634800,39695.0,39695.0,39695.0,39695.0,1,5,1,2025-07-13/2025-07-19,1931
952,-1546,MNK,MNKU25,M30,2025-07-16 04:00:00,1752638400,39790.0,39915.0,39790.0,39915.0,6,5,28,2025-07-13/2025-07-19,1931
953,-1545,MNK,MNKU25,M30,2025-07-16 04:30:00,1752640200,39950.0,39950.0,39950.0,39950.0,1,15,1,2025-07-13/2025-07-19,1931
954,-1544,MNK,MNKU25,M30,2025-07-16 06:30:00,1752647400,39680.0,39680.0,39660.0,39670.0,4,5,4,2025-07-13/2025-07-19,1931
955,-1543,MNK,MNKU25,M30,2025-07-16 07:00:00,1752649200,39625.0,39625.0,39590.0,39595.0,5,5,5,2025-07-13/2025-07-19,1931
956,-1542,MNK,MNKU25,M30,2025-07-16 07:30:00,1752651000,39675.0,39675.0,39675.0,39675.0,1,15,1,2025-07-13/2025-07-19,1931
957,-1541,MNK,MNKU25,M30,2025-07-16 08:00:00,1752652800,39670.0,39670.0,39670.0,39670.0,1,10,10,2025-07-13/2025-07-19,1931
958,-1540,MNK,MNKU25,M30,2025-07-16 08:30:00,1752654600,39700.0,39700.0,39700.0,39700.0,1,5,1,2025-07-13/2025-07-19,1931
959,-1539,MNK,MNKU25,M30,2025-07-16 09:00:00,1752656400,39655.0,39655.0,39655.0,39655.0,1,5,1,2025-07-13/2025-07-19,1931
960,-1538,MNK,MNKU25,M30,2025-07-16 09:30:00,1752658200,39645.0,39645.0,39635.0,39635.0,4,5,5,2025-07-13/2025-07-19,1931
961,-1537,MNK,MNKU25,M30,2025-07-16 10:30:00,1752661800,39625.0,39625.0,39625.0,39625.0,1,5,2,2025-07-13/2025-07-19,1931
962,-1536,MNK,MNKU25,M30,2025-07-16 11:00:00,1752663600,39615.0,39615.0,39615.0,39615.0,1,5,2,2025-07-13/2025-07-19,1931
963,-1535,MNK,MNKU25,M30,2025-07-16 11:30:00,1752665400,39615.0,39615.0,39610.0,39610.0,2,15,2,2025-07-13/2025-07-19,1931
964,-1534,MNK,MNKU25,M30,2025-07-16 12:00:00,1752667200,39645.0,39645.0,39645.0,39645.0,1,10,1,2025-07-13/2025-07-19,1931
965,-1533,MNK,MNKU25,M30,2025-07-16 12:30:00,1752669000,39655.0,39670.0,39650.0,39670.0,4,5,4,2025-07-13/2025-07-19,1931
966,-1532,MNK,MNKU25,M30,2025-07-16 13:30:00,1752672600,39635.0,39635.0,39595.0,39595.0,9,5,15,2025-07-13/2025-07-19,1931
967,-1531,MNK,MNKU25,M30,2025-07-16 14:00:00,1752674400,39585.0,39605.0,39575.0,39605.0,4,10,4,2025-07-13/2025-07-19,1931
968,-1530,MNK,MNKU25,M30,2025-07-16 14:30:00,1752676200,39575.0,39595.0,39495.0,39550.0,11,5,20,2025-07-13/2025-07-19,1931
969,-1529,MNK,MNKU25,M30,2025-07-16 15:00:00,1752678000,39535.0,39550.0,39325.0,39340.0,29,5,110,2025-07-13/2025-07-19,1931
970,-1528,MNK,MNKU25,M30,2025-07-16 15:30:00,1752679800,39245.0,39535.0,39215.0,39485.0,42,5,120,2025-07-13/2025-07-19,1931
971,-1527,MNK,MNKU25,M30,2025-07-16 16:00:00,1752681600,39515.0,39515.0,39480.0,39495.0,4,5,8,2025-07-13/2025-07-19,1931
972,-1526,MNK,MNKU25,M30,2025-07-16 16:30:00,1752683400,39495.0,39495.0,39495.0,39495.0,1,20,1,2025-07-13/2025-07-19,1931
973,-1525,MNK,MNKU25,M30,2025-07-16 17:00:00,1752685200,39525.0,39540.0,39515.0,39520.0,5,5,6,2025-07-13/2025-07-19,1931
974,-1524,MNK,MNKU25,M30,2025-07-16 17:30:00,1752687000,39525.0,39525.0,39525.0,39525.0,3,5,18,2025-07-13/2025-07-19,1931
975,-1523,MNK,MNKU25,M30,2025-07-16 18:30:00,1752690600,39575.0,39575.0,39575.0,39575.0,1,15,3,2025-07-13/2025-07-19,1931
976,-1522,MNK,MNKU25,M30,2025-07-16 19:00:00,1752692400,39630.0,39630.0,39630.0,39630.0,1,5,1,2025-07-13/2025-07-19,1931
977,-1521,MNK,MNKU25,M30,2025-07-16 19:30:00,1752694200,39610.0,39620.0,39610.0,39620.0,2,5,2,2025-07-13/2025-07-19,1931
32,-2849,MNK,MNKZ25,M30,2025-07-16 20:00:00,1752696000,39535.0,39535.0,39535.0,39535.0,0,0,0,2025-07-13/2025-07-19,0
978,-1520,MNK,MNKU25,M30,2025-07-16 20:30:00,1752697800,39600.0,39610.0,39585.0,39610.0,3,10,6,2025-07-13/2025-07-19,1931
979,-1519,MNK,MNKU25,M30,2025-07-16 22:00:00,1752703200,39620.0,39620.0,39620.0,39620.0,2,15,2,2025-07-13/2025-07-19,1931
980,-1518,MNK,MNKU25,M30,2025-07-16 23:30:00,1752708600,39535.0,39535.0,39525.0,39525.0,3,10,4,2025-07-13/2025-07-19,1931
981,-1517,MNK,MNKU25,M30,2025-07-17 00:00:00,1752710400,39470.0,39525.0,39425.0,39505.0,15,10,19,2025-07-13/2025-07-19,1931
982,-1516,MNK,MNKU25,M30,2025-07-17 00:30:00,1752712200,39535.0,39565.0,39485.0,39535.0,9,5,22,2025-07-13/2025-07-19,1931
983,-1515,MNK,MNKU25,M30,2025-07-17 01:00:00,1752714000,39580.0,39645.0,39580.0,39630.0,11,10,13,2025-07-13/2025-07-19,1931
984,-1514,MNK,MNKU25,M30,2025-07-17 01:30:00,1752715800,39630.0,39630.0,39555.0,39580.0,4,5,4,2025-07-13/2025-07-19,1931
985,-1513,MNK,MNKU25,M30,2025-07-17 02:00:00,1752717600,39635.0,39635.0,39635.0,39635.0,2,5,2,2025-07-13/2025-07-19,1931
986,-1512,MNK,MNKU25,M30,2025-07-17 02:30:00,1752719400,39670.0,39685.0,39660.0,39660.0,3,10,3,2025-07-13/2025-07-19,1931
987,-1511,MNK,MNKU25,M30,2025-07-17 03:30:00,1752723000,39700.0,39825.0,39700.0,39825.0,13,5,23,2025-07-13/2025-07-19,1931
988,-1510,MNK,MNKU25,M30,2025-07-17 04:00:00,1752724800,39815.0,39815.0,39760.0,39760.0,2,5,8,2025-07-13/2025-07-19,1931
989,-1509,MNK,MNKU25,M30,2025-07-17 04:30:00,1752726600,39760.0,39785.0,39735.0,39785.0,6,5,11,2025-07-13/2025-07-19,1931
990,-1508,MNK,MNKU25,M30,2025-07-17 05:00:00,1752728400,39810.0,39810.0,39790.0,39795.0,7,5,9,2025-07-13/2025-07-19,1931
991,-1507,MNK,MNKU25,M30,2025-07-17 05:30:00,1752730200,39815.0,39855.0,39815.0,39855.0,3,10,13,2025-07-13/2025-07-19,1931
992,-1506,MNK,MNKU25,M30,2025-07-17 06:00:00,1752732000,39890.0,39950.0,39890.0,39950.0,9,15,16,2025-07-13/2025-07-19,1931
993,-1505,MNK,MNKU25,M30,2025-07-17 06:30:00,1752733800,39955.0,39960.0,39955.0,39960.0,5,10,5,2025-07-13/2025-07-19,1931
994,-1504,MNK,MNKU25,M30,2025-07-17 07:00:00,1752735600,39930.0,39930.0,39915.0,39915.0,2,5,2,2025-07-13/2025-07-19,1931
995,-1503,MNK,MNKU25,M30,2025-07-17 08:00:00,1752739200,39935.0,39935.0,39935.0,39935.0,1,20,1,2025-07-13/2025-07-19,1931
996,-1502,MNK,MNKU25,M30,2025-07-17 08:30:00,1752741000,39925.0,39930.0,39925.0,39930.0,2,5,2,2025-07-13/2025-07-19,1931
997,-1501,MNK,MNKU25,M30,2025-07-17 09:30:00,1752744600,39925.0,39925.0,39925.0,39925.0,4,15,4,2025-07-13/2025-07-19,1931
998,-1500,MNK,MNKU25,M30,2025-07-17 10:30:00,1752748200,39885.0,39900.0,39885.0,39900.0,2,15,7,2025-07-13/2025-07-19,1931
999,-1499,MNK,MNKU25,M30,2025-07-17 11:00:00,1752750000,39880.0,39905.0,39870.0,39870.0,3,15,3,2025-07-13/2025-07-19,1931
1000,-1498,MNK,MNKU25,M30,2025-07-17 12:00:00,1752753600,39890.0,39915.0,39890.0,39905.0,6,5,6,2025-07-13/2025-07-19,1931
1001,-1497,MNK,MNKU25,M30,2025-07-17 12:30:00,1752755400,39955.0,39960.0,39925.0,39925.0,3,20,3,2025-07-13/2025-07-19,1931
1002,-1496,MNK,MNKU25,M30,2025-07-17 14:30:00,1752762600,39955.0,39955.0,39955.0,39955.0,1,20,1,2025-07-13/2025-07-19,1931
1003,-1495,MNK,MNKU25,M30,2025-07-17 15:00:00,1752764400,40015.0,40015.0,40005.0,40005.0,5,10,5,2025-07-13/2025-07-19,1931
1004,-1494,MNK,MNKU25,M30,2025-07-17 15:30:00,1752766200,40030.0,40040.0,40025.0,40040.0,8,10,8,2025-07-13/2025-07-19,1931
1005,-1493,MNK,MNKU25,M30,2025-07-17 16:00:00,1752768000,40065.0,40085.0,40065.0,40070.0,3,10,3,2025-07-13/2025-07-19,1931
1006,-1492,MNK,MNKU25,M30,2025-07-17 17:00:00,1752771600,40085.0,40085.0,40080.0,40080.0,4,10,6,2025-07-13/2025-07-19,1931
1007,-1491,MNK,MNKU25,M30,2025-07-17 17:30:00,1752773400,40115.0,40115.0,40115.0,40115.0,2,10,4,2025-07-13/2025-07-19,1931
1008,-1490,MNK,MNKU25,M30,2025-07-17 18:00:00,1752775200,40105.0,40105.0,40105.0,40105.0,1,15,1,2025-07-13/2025-07-19,1931
1009,-1489,MNK,MNKU25,M30,2025-07-17 18:30:00,1752777000,40160.0,40160.0,40160.0,40160.0,2,10,4,2025-07-13/2025-07-19,1931
1010,-1488,MNK,MNKU25,M30,2025-07-17 19:00:00,1752778800,40110.0,40110.0,40110.0,40110.0,1,20,1,2025-07-13/2025-07-19,1931
1011,-1487,MNK,MNKU25,M30,2025-07-17 19:30:00,1752780600,40110.0,40110.0,40080.0,40100.0,5,5,5,2025-07-13/2025-07-19,1931
1012,-1486,MNK,MNKU25,M30,2025-07-17 20:00:00,1752782400,40110.0,40115.0,40090.0,40090.0,8,10,9,2025-07-13/2025-07-19,1931
1013,-1485,MNK,MNKU25,M30,2025-07-17 20:30:00,1752784200,40095.0,40095.0,40095.0,40095.0,1,5,1,2025-07-13/2025-07-19,1931
1014,-1484,MNK,MNKU25,M30,2025-07-17 22:00:00,1752789600,40095.0,40100.0,40095.0,40100.0,4,5,20,2025-07-13/2025-07-19,1931
1015,-1483,MNK,MNKU25,M30,2025-07-17 23:00:00,1752793200,40140.0,40140.0,40125.0,40125.0,2,10,2,2025-07-13/2025-07-19,1931
1016,-1482,MNK,MNKU25,M30,2025-07-17 23:30:00,1752795000,40165.0,40165.0,40165.0,40165.0,2,5,3,2025-07-13/2025-07-19,1931
1017,-1481,MNK,MNKU25,M30,2025-07-18 00:00:00,1752796800,40110.0,40110.0,40030.0,40055.0,10,5,10,2025-07-13/2025-07-19,1931
1018,-1480,MNK,MNKU25,M30,2025-07-18 00:30:00,1752798600,40005.0,40015.0,39950.0,39965.0,9,5,16,2025-07-13/2025-07-19,1931
1019,-1479,MNK,MNKU25,M30,2025-07-18 01:00:00,1752800400,39960.0,39960.0,39925.0,39925.0,2,10,4,2025-07-13/2025-07-19,1931
1020,-1478,MNK,MNKU25,M30,2025-07-18 01:30:00,1752802200,39885.0,39885.0,39840.0,39855.0,9,5,12,2025-07-13/2025-07-19,1931
1021,-1477,MNK,MNKU25,M30,2025-07-18 02:00:00,1752804000,39815.0,39815.0,39800.0,39800.0,2,5,6,2025-07-13/2025-07-19,1931
1022,-1476,MNK,MNKU25,M30,2025-07-18 02:30:00,1752805800,39850.0,39855.0,39850.0,39855.0,3,5,4,2025-07-13/2025-07-19,1931
1023,-1475,MNK,MNKU25,M30,2025-07-18 04:00:00,1752811200,39805.0,39805.0,39805.0,39805.0,1,10,1,2025-07-13/2025-07-19,1931
1024,-1474,MNK,MNKU25,M30,2025-07-18 05:30:00,1752816600,39880.0,39880.0,39880.0,39880.0,1,5,1,2025-07-13/2025-07-19,1931
1025,-1473,MNK,MNKU25,M30,2025-07-18 07:00:00,1752822000,39850.0,39855.0,39850.0,39855.0,2,15,3,2025-07-13/2025-07-19,1931
1026,-1472,MNK,MNKU25,M30,2025-07-18 08:00:00,1752825600,39880.0,39880.0,39880.0,39880.0,1,5,10,2025-07-13/2025-07-19,1931
1027,-1471,MNK,MNKU25,M30,2025-07-18 09:30:00,1752831000,39870.0,39870.0,39870.0,39870.0,1,5,1,2025-07-13/2025-07-19,1931
1028,-1470,MNK,MNKU25,M30,2025-07-18 10:00:00,1752832800,39855.0,39855.0,39855.0,39855.0,2,5,2,2025-07-13/2025-07-19,1931
1029,-1469,MNK,MNKU25,M30,2025-07-18 10:30:00,1752834600,39805.0,39805.0,39805.0,39805.0,2,10,6,2025-07-13/2025-07-19,1931
1030,-1468,MNK,MNKU25,M30,2025-07-18 11:00:00,1752836400,39810.0,39810.0,39810.0,39810.0,1,15,1,2025-07-13/2025-07-19,1931
1031,-1467,MNK,MNKU25,M30,2025-07-18 12:30:00,1752841800,39780.0,39810.0,39780.0,39810.0,6,10,14,2025-07-13/2025-07-19,1931
1032,-1466,MNK,MNKU25,M30,2025-07-18 13:30:00,1752845400,39790.0,39790.0,39765.0,39775.0,19,5,91,2025-07-13/2025-07-19,1931
1033,-1465,MNK,MNKU25,M30,2025-07-18 14:00:00,1752847200,39785.0,39800.0,39740.0,39740.0,25,5,55,2025-07-13/2025-07-19,1931
1034,-1464,MNK,MNKU25,M30,2025-07-18 15:00:00,1752850800,39740.0,39740.0,39725.0,39725.0,2,15,2,2025-07-13/2025-07-19,1931
1035,-1463,MNK,MNKU25,M30,2025-07-18 15:30:00,1752852600,39745.0,39745.0,39740.0,39740.0,7,10,7,2025-07-13/2025-07-19,1931
1036,-1462,MNK,MNKU25,M30,2025-07-18 16:00:00,1752854400,39770.0,39770.0,39735.0,39735.0,3,5,5,2025-07-13/2025-07-19,1931
1037,-1461,MNK,MNKU25,M30,2025-07-18 16:30:00,1752856200,39720.0,39745.0,39715.0,39735.0,10,5,10,2025-07-13/2025-07-19,1931
1038,-1460,MNK,MNKU25,M30,2025-07-18 17:00:00,1752858000,39710.0,39710.0,39680.0,39680.0,4,15,4,2025-07-13/2025-07-19,1931
1039,-1459,MNK,MNKU25,M30,2025-07-18 17:30:00,1752859800,39705.0,39705.0,39705.0,39705.0,1,5,1,2025-07-13/2025-07-19,1931
1040,-1458,MNK,MNKU25,M30,2025-07-18 18:00:00,1752861600,39700.0,39700.0,39700.0,39700.0,2,5,20,2025-07-13/2025-07-19,1931
1041,-1457,MNK,MNKU25,M30,2025-07-18 19:00:00,1752865200,39725.0,39735.0,39710.0,39735.0,4,10,8,2025-07-13/2025-07-19,1931
1042,-1456,MNK,MNKU25,M30,2025-07-18 19:30:00,1752867000,39715.0,39755.0,39715.0,39745.0,9,5,12,2025-07-13/2025-07-19,1931
1043,-1455,MNK,MNKU25,M30,2025-07-18 20:00:00,1752868800,39765.0,39765.0,39765.0,39765.0,1,15,1,2025-07-13/2025-07-19,1931
1044,-1454,MNK,MNKU25,M30,2025-07-18 20:30:00,1752870600,39755.0,39755.0,39755.0,39755.0,1,445,1,2025-07-13/2025-07-19,1931
1045,-1453,MNK,MNKU25,M30,2025-07-20 22:00:00,1753048800,39845.0,39845.0,39845.0,39845.0,1,5,1,2025-07-20/2025-07-26,3000
1046,-1452,MNK,MNKU25,M30,2025-07-20 22:30:00,1753050600,39895.0,39975.0,39895.0,39975.0,9,5,10,2025-07-20/2025-07-26,3000
1047,-1451,MNK,MNKU25,M30,2025-07-20 23:00:00,1753052400,39990.0,40030.0,39950.0,39950.0,12,15,15,2025-07-20/2025-07-26,3000
1048,-1450,MNK,MNKU25,M30,2025-07-20 23:30:00,1753054200,39920.0,39920.0,39920.0,39920.0,1,20,1,2025-07-20/2025-07-26,3000
1049,-1449,MNK,MNKU25,M30,2025-07-21 00:00:00,1753056000,39870.0,39880.0,39850.0,39850.0,3,20,6,2025-07-20/2025-07-26,3000
1050,-1448,MNK,MNKU25,M30,2025-07-21 01:00:00,1753059600,39820.0,39820.0,39820.0,39820.0,1,20,1,2025-07-20/2025-07-26,3000
1051,-1447,MNK,MNKU25,M30,2025-07-21 01:30:00,1753061400,39840.0,39840.0,39840.0,39840.0,1,5,1,2025-07-20/2025-07-26,3000
1052,-1446,MNK,MNKU25,M30,2025-07-21 02:00:00,1753063200,39840.0,39855.0,39840.0,39855.0,4,5,10,2025-07-20/2025-07-26,3000
1053,-1445,MNK,MNKU25,M30,2025-07-21 02:30:00,1753065000,39830.0,39845.0,39830.0,39845.0,2,20,2,2025-07-20/2025-07-26,3000
1054,-1444,MNK,MNKU25,M30,2025-07-21 03:00:00,1753066800,39860.0,39860.0,39860.0,39860.0,1,20,1,2025-07-20/2025-07-26,3000
1055,-1443,MNK,MNKU25,M30,2025-07-21 03:30:00,1753068600,39850.0,39850.0,39850.0,39850.0,1,5,1,2025-07-20/2025-07-26,3000
1056,-1442,MNK,MNKU25,M30,2025-07-21 04:00:00,1753070400,39865.0,39870.0,39865.0,39870.0,3,5,3,2025-07-20/2025-07-26,3000
1057,-1441,MNK,MNKU25,M30,2025-07-21 05:00:00,1753074000,39865.0,39865.0,39865.0,39865.0,1,5,1,2025-07-20/2025-07-26,3000
1058,-1440,MNK,MNKU25,M30,2025-07-21 06:00:00,1753077600,39880.0,39880.0,39880.0,39880.0,1,20,1,2025-07-20/2025-07-26,3000
1059,-1439,MNK,MNKU25,M30,2025-07-21 06:30:00,1753079400,39860.0,39860.0,39855.0,39855.0,5,5,5,2025-07-20/2025-07-26,3000
1060,-1438,MNK,MNKU25,M30,2025-07-21 09:00:00,1753088400,39850.0,39850.0,39850.0,39850.0,1,5,1,2025-07-20/2025-07-26,3000
1061,-1437,MNK,MNKU25,M30,2025-07-21 10:00:00,1753092000,39825.0,39825.0,39820.0,39820.0,3,5,5,2025-07-20/2025-07-26,3000
1062,-1436,MNK,MNKU25,M30,2025-07-21 10:30:00,1753093800,39810.0,39810.0,39810.0,39810.0,1,20,1,2025-07-20/2025-07-26,3000
1063,-1435,MNK,MNKU25,M30,2025-07-21 11:00:00,1753095600,39805.0,39805.0,39805.0,39805.0,1,5,1,2025-07-20/2025-07-26,3000
1064,-1434,MNK,MNKU25,M30,2025-07-21 12:00:00,1753099200,39800.0,39800.0,39800.0,39800.0,2,5,2,2025-07-20/2025-07-26,3000
1065,-1433,MNK,MNKU25,M30,2025-07-21 12:30:00,1753101000,39795.0,39795.0,39755.0,39755.0,3,10,4,2025-07-20/2025-07-26,3000
1066,-1432,MNK,MNKU25,M30,2025-07-21 13:00:00,1753102800,39730.0,39730.0,39720.0,39730.0,4,5,4,2025-07-20/2025-07-26,3000
1067,-1431,MNK,MNKU25,M30,2025-07-21 13:30:00,1753104600,39785.0,39800.0,39785.0,39800.0,5,15,7,2025-07-20/2025-07-26,3000
1068,-1430,MNK,MNKU25,M30,2025-07-21 14:00:00,1753106400,39855.0,39895.0,39855.0,39895.0,4,5,6,2025-07-20/2025-07-26,3000
1069,-1429,MNK,MNKU25,M30,2025-07-21 14:30:00,1753108200,39955.0,39955.0,39945.0,39950.0,5,5,5,2025-07-20/2025-07-26,3000
1070,-1428,MNK,MNKU25,M30,2025-07-21 15:30:00,1753111800,39955.0,39955.0,39945.0,39945.0,4,5,4,2025-07-20/2025-07-26,3000
1071,-1427,MNK,MNKU25,M30,2025-07-21 16:00:00,1753113600,39930.0,39930.0,39930.0,39930.0,1,15,1,2025-07-20/2025-07-26,3000
1072,-1426,MNK,MNKU25,M30,2025-07-21 16:30:00,1753115400,39910.0,39910.0,39910.0,39910.0,2,5,4,2025-07-20/2025-07-26,3000
1073,-1425,MNK,MNKU25,M30,2025-07-21 17:00:00,1753117200,39945.0,39950.0,39945.0,39945.0,3,5,3,2025-07-20/2025-07-26,3000
1074,-1424,MNK,MNKU25,M30,2025-07-21 17:30:00,1753119000,39940.0,39940.0,39940.0,39940.0,1,20,5,2025-07-20/2025-07-26,3000
1075,-1423,MNK,MNKU25,M30,2025-07-21 18:00:00,1753120800,39945.0,39945.0,39945.0,39945.0,1,20,1,2025-07-20/2025-07-26,3000
1076,-1422,MNK,MNKU25,M30,2025-07-21 18:30:00,1753122600,39890.0,39890.0,39890.0,39890.0,1,15,1,2025-07-20/2025-07-26,3000
1077,-1421,MNK,MNKU25,M30,2025-07-21 19:00:00,1753124400,39895.0,39895.0,39880.0,39880.0,4,5,4,2025-07-20/2025-07-26,3000
1078,-1420,MNK,MNKU25,M30,2025-07-21 19:30:00,1753126200,39850.0,39850.0,39835.0,39840.0,4,5,6,2025-07-20/2025-07-26,3000
1079,-1419,MNK,MNKU25,M30,2025-07-21 20:00:00,1753128000,39855.0,39855.0,39855.0,39855.0,1,15,1,2025-07-20/2025-07-26,3000
1080,-1418,MNK,MNKU25,M30,2025-07-21 20:30:00,1753129800,39850.0,39865.0,39850.0,39865.0,3,10,4,2025-07-20/2025-07-26,3000
1081,-1417,MNK,MNKU25,M30,2025-07-21 22:00:00,1753135200,39850.0,39850.0,39835.0,39835.0,2,15,2,2025-07-20/2025-07-26,3000
1082,-1416,MNK,MNKU25,M30,2025-07-21 23:00:00,1753138800,39860.0,39860.0,39840.0,39845.0,3,15,3,2025-07-20/2025-07-26,3000
1083,-1415,MNK,MNKU25,M30,2025-07-21 23:30:00,1753140600,39815.0,39850.0,39815.0,39840.0,6,10,8,2025-07-20/2025-07-26,3000
1084,-1414,MNK,MNKU25,M30,2025-07-22 00:00:00,1753142400,39910.0,40305.0,39910.0,40225.0,17,5,26,2025-07-20/2025-07-26,3000
1085,-1413,MNK,MNKU25,M30,2025-07-22 00:30:00,1753144200,40200.0,40200.0,39935.0,39965.0,24,5,46,2025-07-20/2025-07-26,3000
1086,-1412,MNK,MNKU25,M30,2025-07-22 01:00:00,1753146000,39965.0,40035.0,39940.0,39990.0,8,10,19,2025-07-20/2025-07-26,3000
1087,-1411,MNK,MNKU25,M30,2025-07-22 01:30:00,1753147800,39930.0,39970.0,39930.0,39950.0,3,20,4,2025-07-20/2025-07-26,3000
1088,-1410,MNK,MNKU25,M30,2025-07-22 02:00:00,1753149600,39940.0,39950.0,39880.0,39880.0,10,5,14,2025-07-20/2025-07-26,3000
1089,-1409,MNK,MNKU25,M30,2025-07-22 02:30:00,1753151400,39920.0,39920.0,39920.0,39920.0,1,20,1,2025-07-20/2025-07-26,3000
1090,-1408,MNK,MNKU25,M30,2025-07-22 03:30:00,1753155000,39770.0,39790.0,39670.0,39750.0,7,5,9,2025-07-20/2025-07-26,3000
1091,-1407,MNK,MNKU25,M30,2025-07-22 04:00:00,1753156800,39755.0,39755.0,39685.0,39685.0,2,10,2,2025-07-20/2025-07-26,3000
1092,-1406,MNK,MNKU25,M30,2025-07-22 04:30:00,1753158600,39695.0,39705.0,39685.0,39690.0,10,5,15,2025-07-20/2025-07-26,3000
1093,-1405,MNK,MNKU25,M30,2025-07-22 05:30:00,1753162200,39730.0,39740.0,39720.0,39740.0,5,5,6,2025-07-20/2025-07-26,3000
1094,-1404,MNK,MNKU25,M30,2025-07-22 06:00:00,1753164000,39750.0,39800.0,39750.0,39800.0,10,5,23,2025-07-20/2025-07-26,3000
1095,-1403,MNK,MNKU25,M30,2025-07-22 06:30:00,1753165800,39780.0,39790.0,39780.0,39785.0,4,5,4,2025-07-20/2025-07-26,3000
1096,-1402,MNK,MNKU25,M30,2025-07-22 07:30:00,1753169400,39850.0,39850.0,39850.0,39850.0,1,15,2,2025-07-20/2025-07-26,3000
1097,-1401,MNK,MNKU25,M30,2025-07-22 08:00:00,1753171200,39825.0,39825.0,39825.0,39825.0,2,5,12,2025-07-20/2025-07-26,3000
1098,-1400,MNK,MNKU25,M30,2025-07-22 09:00:00,1753174800,39775.0,39775.0,39775.0,39775.0,1,5,1,2025-07-20/2025-07-26,3000
1099,-1399,MNK,MNKU25,M30,2025-07-22 09:30:00,1753176600,39780.0,39780.0,39780.0,39780.0,2,5,2,2025-07-20/2025-07-26,3000
1100,-1398,MNK,MNKU25,M30,2025-07-22 10:00:00,1753178400,39750.0,39750.0,39750.0,39750.0,1,5,1,2025-07-20/2025-07-26,3000
1101,-1397,MNK,MNKU25,M30,2025-07-22 10:30:00,1753180200,39780.0,39780.0,39780.0,39780.0,1,15,1,2025-07-20/2025-07-26,3000
1102,-1396,MNK,MNKU25,M30,2025-07-22 11:30:00,1753183800,39755.0,39775.0,39755.0,39775.0,6,5,10,2025-07-20/2025-07-26,3000
1103,-1395,MNK,MNKU25,M30,2025-07-22 12:00:00,1753185600,39790.0,39810.0,39775.0,39775.0,4,5,5,2025-07-20/2025-07-26,3000
1104,-1394,MNK,MNKU25,M30,2025-07-22 13:00:00,1753189200,39735.0,39735.0,39735.0,39735.0,1,5,10,2025-07-20/2025-07-26,3000
1105,-1393,MNK,MNKU25,M30,2025-07-22 13:30:00,1753191000,39695.0,39695.0,39535.0,39535.0,8,5,24,2025-07-20/2025-07-26,3000
1106,-1392,MNK,MNKU25,M30,2025-07-22 14:00:00,1753192800,39515.0,39615.0,39495.0,39600.0,11,5,17,2025-07-20/2025-07-26,3000
1107,-1391,MNK,MNKU25,M30,2025-07-22 14:30:00,1753194600,39615.0,39615.0,39590.0,39600.0,3,10,4,2025-07-20/2025-07-26,3000
1108,-1390,MNK,MNKU25,M30,2025-07-22 15:00:00,1753196400,39630.0,39630.0,39610.0,39610.0,3,15,3,2025-07-20/2025-07-26,3000
1109,-1389,MNK,MNKU25,M30,2025-07-22 15:30:00,1753198200,39590.0,39590.0,39590.0,39590.0,2,10,2,2025-07-20/2025-07-26,3000
1110,-1388,MNK,MNKU25,M30,2025-07-22 16:00:00,1753200000,39590.0,39590.0,39590.0,39590.0,1,20,1,2025-07-20/2025-07-26,3000
1111,-1387,MNK,MNKU25,M30,2025-07-22 17:00:00,1753203600,39600.0,39600.0,39600.0,39600.0,1,15,2,2025-07-20/2025-07-26,3000
1112,-1386,MNK,MNKU25,M30,2025-07-22 18:30:00,1753209000,39625.0,39645.0,39625.0,39630.0,4,10,4,2025-07-20/2025-07-26,3000
1113,-1385,MNK,MNKU25,M30,2025-07-22 19:00:00,1753210800,39655.0,39655.0,39655.0,39655.0,1,15,1,2025-07-20/2025-07-26,3000
1114,-1384,MNK,MNKU25,M30,2025-07-22 19:30:00,1753212600,39670.0,39670.0,39650.0,39650.0,5,5,9,2025-07-20/2025-07-26,3000
1115,-1383,MNK,MNKU25,M30,2025-07-22 20:00:00,1753214400,39630.0,39640.0,39630.0,39640.0,2,10,2,2025-07-20/2025-07-26,3000
1116,-1382,MNK,MNKU25,M30,2025-07-22 20:30:00,1753216200,39645.0,39665.0,39645.0,39665.0,4,5,7,2025-07-20/2025-07-26,3000
1117,-1381,MNK,MNKU25,M30,2025-07-22 22:00:00,1753221600,39685.0,39685.0,39680.0,39680.0,2,20,2,2025-07-20/2025-07-26,3000
1118,-1380,MNK,MNKU25,M30,2025-07-22 22:30:00,1753223400,39695.0,39700.0,39695.0,39700.0,2,15,2,2025-07-20/2025-07-26,3000
1119,-1379,MNK,MNKU25,M30,2025-07-22 23:00:00,1753225200,39710.0,40290.0,39700.0,40175.0,21,5,36,2025-07-20/2025-07-26,3000
1120,-1378,MNK,MNKU25,M30,2025-07-22 23:30:00,1753227000,40140.0,40445.0,40135.0,40420.0,30,5,45,2025-07-20/2025-07-26,3000
1121,-1377,MNK,MNKU25,M30,2025-07-23 00:00:00,1753228800,40330.0,40655.0,40300.0,40475.0,49,5,72,2025-07-20/2025-07-26,3000
1122,-1376,MNK,MNKU25,M30,2025-07-23 00:30:00,1753230600,40500.0,40795.0,40500.0,40795.0,19,5,36,2025-07-20/2025-07-26,3000
1123,-1375,MNK,MNKU25,M30,2025-07-23 01:00:00,1753232400,40805.0,40870.0,40765.0,40770.0,40,5,131,2025-07-20/2025-07-26,3000
1124,-1374,MNK,MNKU25,M30,2025-07-23 01:30:00,1753234200,40810.0,40910.0,40810.0,40905.0,13,5,35,2025-07-20/2025-07-26,3000
1125,-1373,MNK,MNKU25,M30,2025-07-23 02:00:00,1753236000,40955.0,41100.0,40910.0,41070.0,43,5,120,2025-07-20/2025-07-26,3000
1126,-1372,MNK,MNKU25,M30,2025-07-23 02:30:00,1753237800,41100.0,41115.0,41045.0,41095.0,13,5,15,2025-07-20/2025-07-26,3000
1127,-1371,MNK,MNKU25,M30,2025-07-23 03:00:00,1753239600,41090.0,41130.0,41090.0,41130.0,21,5,29,2025-07-20/2025-07-26,3000
1128,-1370,MNK,MNKU25,M30,2025-07-23 03:30:00,1753241400,41115.0,41155.0,41100.0,41155.0,4,5,4,2025-07-20/2025-07-26,3000
1129,-1369,MNK,MNKU25,M30,2025-07-23 04:00:00,1753243200,41110.0,41110.0,41045.0,41080.0,8,5,8,2025-07-20/2025-07-26,3000
1130,-1368,MNK,MNKU25,M30,2025-07-23 04:30:00,1753245000,41100.0,41210.0,41100.0,41210.0,16,5,19,2025-07-20/2025-07-26,3000
1131,-1367,MNK,MNKU25,M30,2025-07-23 05:00:00,1753246800,41255.0,41325.0,41235.0,41325.0,20,5,23,2025-07-20/2025-07-26,3000
1132,-1366,MNK,MNKU25,M30,2025-07-23 05:30:00,1753248600,41325.0,41385.0,41325.0,41355.0,18,5,23,2025-07-20/2025-07-26,3000
1133,-1365,MNK,MNKU25,M30,2025-07-23 06:00:00,1753250400,41350.0,41350.0,41275.0,41295.0,18,5,60,2025-07-20/2025-07-26,3000
1134,-1364,MNK,MNKU25,M30,2025-07-23 06:30:00,1753252200,41285.0,41335.0,41230.0,41230.0,23,5,105,2025-07-20/2025-07-26,3000
1135,-1363,MNK,MNKU25,M30,2025-07-23 07:00:00,1753254000,41200.0,41200.0,41120.0,41135.0,9,5,16,2025-07-20/2025-07-26,3000
1136,-1362,MNK,MNKU25,M30,2025-07-23 07:30:00,1753255800,41155.0,41155.0,41155.0,41155.0,1,15,1,2025-07-20/2025-07-26,3000
1137,-1361,MNK,MNKU25,M30,2025-07-23 08:00:00,1753257600,41150.0,41255.0,41150.0,41250.0,22,5,60,2025-07-20/2025-07-26,3000
1138,-1360,MNK,MNKU25,M30,2025-07-23 08:30:00,1753259400,41250.0,41295.0,41235.0,41295.0,9,5,26,2025-07-20/2025-07-26,3000
1139,-1359,MNK,MNKU25,M30,2025-07-23 09:00:00,1753261200,41340.0,41370.0,41340.0,41365.0,8,5,11,2025-07-20/2025-07-26,3000
1140,-1358,MNK,MNKU25,M30,2025-07-23 09:30:00,1753263000,41365.0,41405.0,41365.0,41405.0,9,5,33,2025-07-20/2025-07-26,3000
1141,-1357,MNK,MNKU25,M30,2025-07-23 10:00:00,1753264800,41335.0,41340.0,41325.0,41340.0,7,5,14,2025-07-20/2025-07-26,3000
1142,-1356,MNK,MNKU25,M30,2025-07-23 10:30:00,1753266600,41290.0,41290.0,41290.0,41290.0,1,10,4,2025-07-20/2025-07-26,3000
1143,-1355,MNK,MNKU25,M30,2025-07-23 11:00:00,1753268400,41275.0,41275.0,41220.0,41220.0,7,5,16,2025-07-20/2025-07-26,3000
1144,-1354,MNK,MNKU25,M30,2025-07-23 11:30:00,1753270200,41260.0,41260.0,41245.0,41260.0,6,5,7,2025-07-20/2025-07-26,3000
1145,-1353,MNK,MNKU25,M30,2025-07-23 12:00:00,1753272000,41300.0,41310.0,41300.0,41310.0,2,15,3,2025-07-20/2025-07-26,3000
1146,-1352,MNK,MNKU25,M30,2025-07-23 12:30:00,1753273800,41295.0,41400.0,41295.0,41400.0,7,5,7,2025-07-20/2025-07-26,3000
1147,-1351,MNK,MNKU25,M30,2025-07-23 13:00:00,1753275600,41400.0,41545.0,41400.0,41545.0,26,5,74,2025-07-20/2025-07-26,3000
1148,-1350,MNK,MNKU25,M30,2025-07-23 13:30:00,1753277400,41495.0,41540.0,41445.0,41465.0,22,5,88,2025-07-20/2025-07-26,3000
1149,-1349,MNK,MNKU25,M30,2025-07-23 14:00:00,1753279200,41470.0,41540.0,41470.0,41535.0,7,5,8,2025-07-20/2025-07-26,3000
1150,-1348,MNK,MNKU25,M30,2025-07-23 14:30:00,1753281000,41530.0,41550.0,41530.0,41550.0,11,5,18,2025-07-20/2025-07-26,3000
1151,-1347,MNK,MNKU25,M30,2025-07-23 15:00:00,1753282800,41540.0,41610.0,41530.0,41610.0,20,5,88,2025-07-20/2025-07-26,3000
1152,-1346,MNK,MNKU25,M30,2025-07-23 15:30:00,1753284600,41595.0,41760.0,41585.0,41760.0,34,5,98,2025-07-20/2025-07-26,3000
1153,-1345,MNK,MNKU25,M30,2025-07-23 16:00:00,1753286400,41760.0,41790.0,41715.0,41720.0,16,5,20,2025-07-20/2025-07-26,3000
1154,-1344,MNK,MNKU25,M30,2025-07-23 16:30:00,1753288200,41720.0,41725.0,41700.0,41700.0,7,10,8,2025-07-20/2025-07-26,3000
1155,-1343,MNK,MNKU25,M30,2025-07-23 17:00:00,1753290000,41700.0,41700.0,41670.0,41700.0,9,10,38,2025-07-20/2025-07-26,3000
1156,-1342,MNK,MNKU25,M30,2025-07-23 17:30:00,1753291800,41690.0,41745.0,41615.0,41700.0,19,5,37,2025-07-20/2025-07-26,3000
1157,-1341,MNK,MNKU25,M30,2025-07-23 18:00:00,1753293600,41715.0,41745.0,41715.0,41745.0,4,15,4,2025-07-20/2025-07-26,3000
1158,-1340,MNK,MNKU25,M30,2025-07-23 18:30:00,1753295400,41710.0,41710.0,41710.0,41710.0,1,15,1,2025-07-20/2025-07-26,3000
1159,-1339,MNK,MNKU25,M30,2025-07-23 19:00:00,1753297200,41685.0,41685.0,41640.0,41650.0,6,15,6,2025-07-20/2025-07-26,3000
1160,-1338,MNK,MNKU25,M30,2025-07-23 19:30:00,1753299000,41655.0,41700.0,41655.0,41700.0,12,5,15,2025-07-20/2025-07-26,3000
1161,-1337,MNK,MNKU25,M30,2025-07-23 20:00:00,1753300800,41695.0,41715.0,41695.0,41705.0,10,5,15,2025-07-20/2025-07-26,3000
1162,-1336,MNK,MNKU25,M30,2025-07-23 20:30:00,1753302600,41710.0,41760.0,41710.0,41760.0,5,5,5,2025-07-20/2025-07-26,3000
1163,-1335,MNK,MNKU25,M30,2025-07-23 22:00:00,1753308000,41755.0,41755.0,41725.0,41745.0,7,5,9,2025-07-20/2025-07-26,3000
1164,-1334,MNK,MNKU25,M30,2025-07-23 22:30:00,1753309800,41745.0,41745.0,41740.0,41740.0,2,15,2,2025-07-20/2025-07-26,3000
1165,-1333,MNK,MNKU25,M30,2025-07-23 23:00:00,1753311600,41760.0,41760.0,41705.0,41705.0,4,10,4,2025-07-20/2025-07-26,3000
1166,-1332,MNK,MNKU25,M30,2025-07-23 23:30:00,1753313400,41670.0,41815.0,41665.0,41815.0,14,5,19,2025-07-20/2025-07-26,3000
1167,-1331,MNK,MNKU25,M30,2025-07-24 00:00:00,1753315200,41780.0,41800.0,41675.0,41720.0,20,5,22,2025-07-20/2025-07-26,3000
1168,-1330,MNK,MNKU25,M30,2025-07-24 00:30:00,1753317000,41700.0,41875.0,41700.0,41855.0,29,5,94,2025-07-20/2025-07-26,3000
1169,-1329,MNK,MNKU25,M30,2025-07-24 01:00:00,1753318800,41845.0,42010.0,41845.0,41935.0,38,5,82,2025-07-20/2025-07-26,3000
1170,-1328,MNK,MNKU25,M30,2025-07-24 01:30:00,1753320600,42010.0,42025.0,41965.0,42025.0,15,5,22,2025-07-20/2025-07-26,3000
1171,-1327,MNK,MNKU25,M30,2025-07-24 02:00:00,1753322400,42000.0,42075.0,41995.0,42050.0,10,5,19,2025-07-20/2025-07-26,3000
1172,-1326,MNK,MNKU25,M30,2025-07-24 02:30:00,1753324200,42030.0,42030.0,42015.0,42020.0,6,5,9,2025-07-20/2025-07-26,3000
1173,-1325,MNK,MNKU25,M30,2025-07-24 03:00:00,1753326000,42035.0,42055.0,42035.0,42055.0,4,10,9,2025-07-20/2025-07-26,3000
1174,-1324,MNK,MNKU25,M30,2025-07-24 03:30:00,1753327800,42085.0,42125.0,41885.0,41930.0,15,5,16,2025-07-20/2025-07-26,3000
1175,-1323,MNK,MNKU25,M30,2025-07-24 04:00:00,1753329600,41900.0,41910.0,41870.0,41890.0,6,5,8,2025-07-20/2025-07-26,3000
1176,-1322,MNK,MNKU25,M30,2025-07-24 04:30:00,1753331400,41880.0,41880.0,41880.0,41880.0,1,15,3,2025-07-20/2025-07-26,3000
1177,-1321,MNK,MNKU25,M30,2025-07-24 05:00:00,1753333200,41895.0,41920.0,41895.0,41920.0,3,10,8,2025-07-20/2025-07-26,3000
1178,-1320,MNK,MNKU25,M30,2025-07-24 05:30:00,1753335000,41835.0,41885.0,41835.0,41880.0,5,0,13,2025-07-20/2025-07-26,3000
1179,-1319,MNK,MNKU25,M30,2025-07-24 06:00:00,1753336800,41930.0,41930.0,41930.0,41930.0,1,20,2,2025-07-20/2025-07-26,3000
1180,-1318,MNK,MNKU25,M30,2025-07-24 07:30:00,1753342200,41845.0,41865.0,41845.0,41865.0,8,5,18,2025-07-20/2025-07-26,3000
1181,-1317,MNK,MNKU25,M30,2025-07-24 08:00:00,1753344000,41825.0,41825.0,41820.0,41820.0,4,10,13,2025-07-20/2025-07-26,3000
1182,-1316,MNK,MNKU25,M30,2025-07-24 08:30:00,1753345800,41865.0,41865.0,41800.0,41805.0,6,5,16,2025-07-20/2025-07-26,3000
1183,-1315,MNK,MNKU25,M30,2025-07-24 09:00:00,1753347600,41805.0,41825.0,41790.0,41790.0,5,5,13,2025-07-20/2025-07-26,3000
1184,-1314,MNK,MNKU25,M30,2025-07-24 09:30:00,1753349400,41805.0,41810.0,41805.0,41810.0,2,5,3,2025-07-20/2025-07-26,3000
1185,-1313,MNK,MNKU25,M30,2025-07-24 10:00:00,1753351200,41780.0,41780.0,41750.0,41755.0,5,5,5,2025-07-20/2025-07-26,3000
1186,-1312,MNK,MNKU25,M30,2025-07-24 10:30:00,1753353000,41750.0,41750.0,41710.0,41710.0,6,5,10,2025-07-20/2025-07-26,3000
1187,-1311,MNK,MNKU25,M30,2025-07-24 11:00:00,1753354800,41730.0,41730.0,41680.0,41680.0,3,5,3,2025-07-20/2025-07-26,3000
1188,-1310,MNK,MNKU25,M30,2025-07-24 11:30:00,1753356600,41685.0,41685.0,41680.0,41680.0,4,10,5,2025-07-20/2025-07-26,3000
1189,-1309,MNK,MNKU25,M30,2025-07-24 12:00:00,1753358400,41660.0,41710.0,41660.0,41710.0,9,10,36,2025-07-20/2025-07-26,3000
1190,-1308,MNK,MNKU25,M30,2025-07-24 12:30:00,1753360200,41745.0,41745.0,41675.0,41710.0,5,10,6,2025-07-20/2025-07-26,3000
1191,-1307,MNK,MNKU25,M30,2025-07-24 13:00:00,1753362000,41685.0,41685.0,41645.0,41645.0,3,15,14,2025-07-20/2025-07-26,3000
1192,-1306,MNK,MNKU25,M30,2025-07-24 13:30:00,1753363800,41665.0,41695.0,41645.0,41685.0,7,10,26,2025-07-20/2025-07-26,3000
1193,-1305,MNK,MNKU25,M30,2025-07-24 14:00:00,1753365600,41675.0,41720.0,41590.0,41720.0,7,5,24,2025-07-20/2025-07-26,3000
1194,-1304,MNK,MNKU25,M30,2025-07-24 14:30:00,1753367400,41720.0,41730.0,41720.0,41730.0,3,5,3,2025-07-20/2025-07-26,3000
1195,-1303,MNK,MNKU25,M30,2025-07-24 15:30:00,1753371000,41750.0,41755.0,41715.0,41745.0,13,5,44,2025-07-20/2025-07-26,3000
1196,-1302,MNK,MNKU25,M30,2025-07-24 16:00:00,1753372800,41715.0,41730.0,41715.0,41730.0,2,5,2,2025-07-20/2025-07-26,3000
1197,-1301,MNK,MNKU25,M30,2025-07-24 17:00:00,1753376400,41775.0,41775.0,41775.0,41775.0,1,20,2,2025-07-20/2025-07-26,3000
1198,-1300,MNK,MNKU25,M30,2025-07-24 17:30:00,1753378200,41775.0,41785.0,41765.0,41785.0,6,5,16,2025-07-20/2025-07-26,3000
1199,-1299,MNK,MNKU25,M30,2025-07-24 18:00:00,1753380000,41785.0,41815.0,41785.0,41815.0,3,10,3,2025-07-20/2025-07-26,3000
1200,-1298,MNK,MNKU25,M30,2025-07-24 18:30:00,1753381800,41750.0,41785.0,41750.0,41785.0,4,5,5,2025-07-20/2025-07-26,3000
1201,-1297,MNK,MNKU25,M30,2025-07-24 19:00:00,1753383600,41775.0,41775.0,41745.0,41745.0,2,15,2,2025-07-20/2025-07-26,3000
1202,-1296,MNK,MNKU25,M30,2025-07-24 19:30:00,1753385400,41755.0,41755.0,41655.0,41655.0,6,5,16,2025-07-20/2025-07-26,3000
1203,-1295,MNK,MNKU25,M30,2025-07-24 20:00:00,1753387200,41640.0,41680.0,41640.0,41680.0,3,5,12,2025-07-20/2025-07-26,3000
1204,-1294,MNK,MNKU25,M30,2025-07-24 20:30:00,1753389000,41720.0,41720.0,41720.0,41720.0,1,10,1,2025-07-20/2025-07-26,3000
1205,-1293,MNK,MNKU25,M30,2025-07-24 22:00:00,1753394400,41725.0,41755.0,41725.0,41755.0,2,20,2,2025-07-20/2025-07-26,3000
1206,-1292,MNK,MNKU25,M30,2025-07-24 23:00:00,1753398000,41765.0,41765.0,41765.0,41765.0,1,5,1,2025-07-20/2025-07-26,3000
1207,-1291,MNK,MNKU25,M30,2025-07-24 23:30:00,1753399800,41725.0,41765.0,41675.0,41730.0,9,5,15,2025-07-20/2025-07-26,3000
1208,-1290,MNK,MNKU25,M30,2025-07-25 00:00:00,1753401600,41720.0,41765.0,41695.0,41760.0,5,5,6,2025-07-20/2025-07-26,3000
1209,-1289,MNK,MNKU25,M30,2025-07-25 00:30:00,1753403400,41675.0,41730.0,41650.0,41730.0,8,5,10,2025-07-20/2025-07-26,3000
1210,-1288,MNK,MNKU25,M30,2025-07-25 01:00:00,1753405200,41715.0,41715.0,41685.0,41685.0,3,5,5,2025-07-20/2025-07-26,3000
1211,-1287,MNK,MNKU25,M30,2025-07-25 01:30:00,1753407000,41690.0,41690.0,41625.0,41625.0,22,5,50,2025-07-20/2025-07-26,3000
1212,-1286,MNK,MNKU25,M30,2025-07-25 02:00:00,1753408800,41630.0,41660.0,41630.0,41660.0,3,10,3,2025-07-20/2025-07-26,3000
1213,-1285,MNK,MNKU25,M30,2025-07-25 03:00:00,1753412400,41635.0,41635.0,41625.0,41625.0,2,10,2,2025-07-20/2025-07-26,3000
1214,-1284,MNK,MNKU25,M30,2025-07-25 03:30:00,1753414200,41600.0,41600.0,41530.0,41540.0,5,15,5,2025-07-20/2025-07-26,3000
1215,-1283,MNK,MNKU25,M30,2025-07-25 04:00:00,1753416000,41540.0,41615.0,41530.0,41615.0,11,5,46,2025-07-20/2025-07-26,3000
1216,-1282,MNK,MNKU25,M30,2025-07-25 04:30:00,1753417800,41500.0,41500.0,41485.0,41485.0,5,10,5,2025-07-20/2025-07-26,3000
1217,-1281,MNK,MNKU25,M30,2025-07-25 05:00:00,1753419600,41505.0,41505.0,41505.0,41505.0,1,5,1,2025-07-20/2025-07-26,3000
1218,-1280,MNK,MNKU25,M30,2025-07-25 05:30:00,1753421400,41495.0,41505.0,41495.0,41505.0,4,5,16,2025-07-20/2025-07-26,3000
1219,-1279,MNK,MNKU25,M30,2025-07-25 06:00:00,1753423200,41520.0,41520.0,41470.0,41475.0,4,10,9,2025-07-20/2025-07-26,3000
1220,-1278,MNK,MNKU25,M30,2025-07-25 06:30:00,1753425000,41520.0,41520.0,41420.0,41420.0,4,5,8,2025-07-20/2025-07-26,3000
1221,-1277,MNK,MNKU25,M30,2025-07-25 07:00:00,1753426800,41400.0,41400.0,41400.0,41400.0,2,5,6,2025-07-20/2025-07-26,3000
1222,-1276,MNK,MNKU25,M30,2025-07-25 07:30:00,1753428600,41375.0,41380.0,41340.0,41340.0,5,5,20,2025-07-20/2025-07-26,3000
1223,-1275,MNK,MNKU25,M30,2025-07-25 08:00:00,1753430400,41420.0,41475.0,41420.0,41475.0,7,5,26,2025-07-20/2025-07-26,3000
1224,-1274,MNK,MNKU25,M30,2025-07-25 10:00:00,1753437600,41465.0,41490.0,41465.0,41475.0,7,5,14,2025-07-20/2025-07-26,3000
1225,-1273,MNK,MNKU25,M30,2025-07-25 10:30:00,1753439400,41510.0,41515.0,41500.0,41500.0,3,5,6,2025-07-20/2025-07-26,3000
1226,-1272,MNK,MNKU25,M30,2025-07-25 11:00:00,1753441200,41485.0,41495.0,41485.0,41485.0,7,5,11,2025-07-20/2025-07-26,3000
1227,-1271,MNK,MNKU25,M30,2025-07-25 11:30:00,1753443000,41400.0,41400.0,41400.0,41400.0,2,5,4,2025-07-20/2025-07-26,3000
1228,-1270,MNK,MNKU25,M30,2025-07-25 12:00:00,1753444800,41425.0,41455.0,41425.0,41445.0,4,5,14,2025-07-20/2025-07-26,3000
1229,-1269,MNK,MNKU25,M30,2025-07-25 12:30:00,1753446600,41465.0,41465.0,41465.0,41465.0,1,5,2,2025-07-20/2025-07-26,3000
1230,-1268,MNK,MNKU25,M30,2025-07-25 13:00:00,1753448400,41455.0,41455.0,41455.0,41455.0,1,15,2,2025-07-20/2025-07-26,3000
1231,-1267,MNK,MNKU25,M30,2025-07-25 13:30:00,1753450200,41360.0,41370.0,41340.0,41365.0,5,5,23,2025-07-20/2025-07-26,3000
1232,-1266,MNK,MNKU25,M30,2025-07-25 14:00:00,1753452000,41400.0,41415.0,41390.0,41390.0,16,5,58,2025-07-20/2025-07-26,3000
1233,-1265,MNK,MNKU25,M30,2025-07-25 14:30:00,1753453800,41405.0,41410.0,41370.0,41400.0,7,5,12,2025-07-20/2025-07-26,3000
1234,-1264,MNK,MNKU25,M30,2025-07-25 15:00:00,1753455600,41400.0,41400.0,41370.0,41370.0,3,5,5,2025-07-20/2025-07-26,3000
1235,-1263,MNK,MNKU25,M30,2025-07-25 15:30:00,1753457400,41420.0,41420.0,41360.0,41360.0,7,5,23,2025-07-20/2025-07-26,3000
1236,-1262,MNK,MNKU25,M30,2025-07-25 16:00:00,1753459200,41450.0,41450.0,41450.0,41450.0,1,5,2,2025-07-20/2025-07-26,3000
1237,-1261,MNK,MNKU25,M30,2025-07-25 16:30:00,1753461000,41450.0,41450.0,41450.0,41450.0,2,5,3,2025-07-20/2025-07-26,3000
1238,-1260,MNK,MNKU25,M30,2025-07-25 17:00:00,1753462800,41430.0,41430.0,41430.0,41430.0,1,10,1,2025-07-20/2025-07-26,3000
1239,-1259,MNK,MNKU25,M30,2025-07-25 17:30:00,1753464600,41435.0,41440.0,41435.0,41440.0,2,5,4,2025-07-20/2025-07-26,3000
1240,-1258,MNK,MNKU25,M30,2025-07-25 18:00:00,1753466400,41420.0,41420.0,41420.0,41420.0,2,10,3,2025-07-20/2025-07-26,3000
1241,-1257,MNK,MNKU25,M30,2025-07-25 19:00:00,1753470000,41415.0,41415.0,41415.0,41415.0,1,15,1,2025-07-20/2025-07-26,3000
1242,-1256,MNK,MNKU25,M30,2025-07-25 19:30:00,1753471800,41405.0,41420.0,41400.0,41420.0,8,5,18,2025-07-20/2025-07-26,3000
39,-2842,MNK,MNKZ25,M30,2025-07-25 20:00:00,1753473600,41310.0,41310.0,41310.0,41310.0,0,0,0,2025-07-20/2025-07-26,0
1243,-1255,MNK,MNKU25,M30,2025-07-25 20:30:00,1753475400,41405.0,41415.0,41405.0,41415.0,2,5,2,2025-07-20/2025-07-26,3000
1244,-1254,MNK,MNKU25,M30,2025-07-27 22:00:00,1753653600,41640.0,41655.0,41585.0,41585.0,8,10,11,2025-07-27/2025-08-02,2194
1245,-1253,MNK,MNKU25,M30,2025-07-27 22:30:00,1753655400,41620.0,41620.0,41620.0,41620.0,1,20,1,2025-07-27/2025-08-02,2194
1246,-1252,MNK,MNKU25,M30,2025-07-27 23:00:00,1753657200,41635.0,41635.0,41635.0,41635.0,1,15,2,2025-07-27/2025-08-02,2194
1247,-1251,MNK,MNKU25,M30,2025-07-27 23:30:00,1753659000,41600.0,41600.0,41520.0,41520.0,3,10,3,2025-07-27/2025-08-02,2194
1248,-1250,MNK,MNKU25,M30,2025-07-28 00:00:00,1753660800,41480.0,41480.0,41145.0,41385.0,42,5,53,2025-07-27/2025-08-02,2194
1249,-1249,MNK,MNKU25,M30,2025-07-28 00:30:00,1753662600,41325.0,41325.0,41275.0,41305.0,5,10,15,2025-07-27/2025-08-02,2194
1250,-1248,MNK,MNKU25,M30,2025-07-28 01:00:00,1753664400,41215.0,41275.0,41215.0,41275.0,2,20,2,2025-07-27/2025-08-02,2194
1251,-1247,MNK,MNKU25,M30,2025-07-28 01:30:00,1753666200,41260.0,41260.0,41215.0,41230.0,3,10,3,2025-07-27/2025-08-02,2194
1252,-1246,MNK,MNKU25,M30,2025-07-28 03:00:00,1753671600,41245.0,41255.0,41245.0,41255.0,2,15,14,2025-07-27/2025-08-02,2194
1253,-1245,MNK,MNKU25,M30,2025-07-28 03:30:00,1753673400,41145.0,41145.0,41105.0,41105.0,3,5,12,2025-07-27/2025-08-02,2194
1254,-1244,MNK,MNKU25,M30,2025-07-28 04:00:00,1753675200,41100.0,41105.0,41095.0,41100.0,9,5,13,2025-07-27/2025-08-02,2194
1255,-1243,MNK,MNKU25,M30,2025-07-28 04:30:00,1753677000,41115.0,41115.0,41075.0,41075.0,5,5,11,2025-07-27/2025-08-02,2194
1256,-1242,MNK,MNKU25,M30,2025-07-28 05:00:00,1753678800,41085.0,41125.0,41085.0,41125.0,3,10,3,2025-07-27/2025-08-02,2194
1257,-1241,MNK,MNKU25,M30,2025-07-28 05:30:00,1753680600,41120.0,41145.0,41120.0,41120.0,3,10,3,2025-07-27/2025-08-02,2194
1258,-1240,MNK,MNKU25,M30,2025-07-28 06:30:00,1753684200,41025.0,41025.0,40970.0,40970.0,14,5,17,2025-07-27/2025-08-02,2194
1259,-1239,MNK,MNKU25,M30,2025-07-28 07:00:00,1753686000,40990.0,40990.0,40975.0,40975.0,2,5,2,2025-07-27/2025-08-02,2194
1260,-1238,MNK,MNKU25,M30,2025-07-28 07:30:00,1753687800,40950.0,40960.0,40950.0,40960.0,3,5,3,2025-07-27/2025-08-02,2194
1261,-1237,MNK,MNKU25,M30,2025-07-28 08:00:00,1753689600,41000.0,41000.0,40940.0,40965.0,7,10,9,2025-07-27/2025-08-02,2194
1262,-1236,MNK,MNKU25,M30,2025-07-28 08:30:00,1753691400,40980.0,40980.0,40960.0,40965.0,3,5,4,2025-07-27/2025-08-02,2194
1263,-1235,MNK,MNKU25,M30,2025-07-28 09:00:00,1753693200,40990.0,40995.0,40985.0,40985.0,3,5,3,2025-07-27/2025-08-02,2194
1264,-1234,MNK,MNKU25,M30,2025-07-28 10:00:00,1753696800,41030.0,41030.0,41030.0,41030.0,1,5,2,2025-07-27/2025-08-02,2194
1265,-1233,MNK,MNKU25,M30,2025-07-28 10:30:00,1753698600,41040.0,41040.0,41040.0,41040.0,2,15,2,2025-07-27/2025-08-02,2194
1266,-1232,MNK,MNKU25,M30,2025-07-28 11:00:00,1753700400,40995.0,40995.0,40995.0,40995.0,1,10,1,2025-07-27/2025-08-02,2194
1267,-1231,MNK,MNKU25,M30,2025-07-28 11:30:00,1753702200,41010.0,41025.0,41000.0,41010.0,11,5,61,2025-07-27/2025-08-02,2194
1268,-1230,MNK,MNKU25,M30,2025-07-28 12:00:00,1753704000,40970.0,40970.0,40940.0,40940.0,2,5,3,2025-07-27/2025-08-02,2194
1269,-1229,MNK,MNKU25,M30,2025-07-28 12:30:00,1753705800,40920.0,40920.0,40910.0,40910.0,2,5,3,2025-07-27/2025-08-02,2194
1270,-1228,MNK,MNKU25,M30,2025-07-28 13:00:00,1753707600,40850.0,40870.0,40850.0,40870.0,2,15,2,2025-07-27/2025-08-02,2194
1271,-1227,MNK,MNKU25,M30,2025-07-28 13:30:00,1753709400,40830.0,40830.0,40780.0,40780.0,4,10,6,2025-07-27/2025-08-02,2194
1272,-1226,MNK,MNKU25,M30,2025-07-28 14:00:00,1753711200,40805.0,40805.0,40740.0,40740.0,5,10,20,2025-07-27/2025-08-02,2194
1273,-1225,MNK,MNKU25,M30,2025-07-28 14:30:00,1753713000,40765.0,40800.0,40765.0,40800.0,2,10,4,2025-07-27/2025-08-02,2194
1274,-1224,MNK,MNKU25,M30,2025-07-28 16:00:00,1753718400,40815.0,40815.0,40815.0,40815.0,2,5,11,2025-07-27/2025-08-02,2194
1275,-1223,MNK,MNKU25,M30,2025-07-28 18:30:00,1753727400,40800.0,40800.0,40780.0,40780.0,2,15,2,2025-07-27/2025-08-02,2194
1276,-1222,MNK,MNKU25,M30,2025-07-28 19:00:00,1753729200,40805.0,40805.0,40805.0,40805.0,1,20,1,2025-07-27/2025-08-02,2194
1277,-1221,MNK,MNKU25,M30,2025-07-28 19:30:00,1753731000,40815.0,40850.0,40815.0,40850.0,5,5,7,2025-07-27/2025-08-02,2194
1278,-1220,MNK,MNKU25,M30,2025-07-28 20:00:00,1753732800,40840.0,40840.0,40835.0,40835.0,3,15,3,2025-07-27/2025-08-02,2194
1279,-1219,MNK,MNKU25,M30,2025-07-28 20:30:00,1753734600,40855.0,40855.0,40855.0,40855.0,1,25,1,2025-07-27/2025-08-02,2194
1280,-1218,MNK,MNKU25,M30,2025-07-28 22:00:00,1753740000,40880.0,40890.0,40870.0,40870.0,6,5,8,2025-07-27/2025-08-02,2194
1281,-1217,MNK,MNKU25,M30,2025-07-28 23:30:00,1753745400,40945.0,40945.0,40830.0,40850.0,8,5,8,2025-07-27/2025-08-02,2194
1282,-1216,MNK,MNKU25,M30,2025-07-29 00:00:00,1753747200,40775.0,40840.0,40735.0,40755.0,14,5,18,2025-07-27/2025-08-02,2194
1283,-1215,MNK,MNKU25,M30,2025-07-29 00:30:00,1753749000,40775.0,40775.0,40740.0,40740.0,3,5,3,2025-07-27/2025-08-02,2194
1284,-1214,MNK,MNKU25,M30,2025-07-29 01:00:00,1753750800,40725.0,40725.0,40725.0,40725.0,2,15,2,2025-07-27/2025-08-02,2194
1285,-1213,MNK,MNKU25,M30,2025-07-29 02:00:00,1753754400,40660.0,40685.0,40660.0,40675.0,8,5,24,2025-07-27/2025-08-02,2194
1286,-1212,MNK,MNKU25,M30,2025-07-29 02:30:00,1753756200,40695.0,40735.0,40685.0,40735.0,6,10,7,2025-07-27/2025-08-02,2194
1287,-1211,MNK,MNKU25,M30,2025-07-29 03:30:00,1753759800,40715.0,40715.0,40715.0,40715.0,1,20,2,2025-07-27/2025-08-02,2194
1288,-1210,MNK,MNKU25,M30,2025-07-29 04:00:00,1753761600,40710.0,40710.0,40690.0,40690.0,4,5,4,2025-07-27/2025-08-02,2194
1289,-1209,MNK,MNKU25,M30,2025-07-29 04:30:00,1753763400,40680.0,40680.0,40640.0,40640.0,8,5,10,2025-07-27/2025-08-02,2194
1290,-1208,MNK,MNKU25,M30,2025-07-29 05:30:00,1753767000,40620.0,40685.0,40620.0,40685.0,3,5,6,2025-07-27/2025-08-02,2194
1291,-1207,MNK,MNKU25,M30,2025-07-29 06:00:00,1753768800,40690.0,40690.0,40690.0,40690.0,1,15,3,2025-07-27/2025-08-02,2194
1292,-1206,MNK,MNKU25,M30,2025-07-29 06:30:00,1753770600,40700.0,40855.0,40700.0,40855.0,16,5,38,2025-07-27/2025-08-02,2194
1293,-1205,MNK,MNKU25,M30,2025-07-29 07:00:00,1753772400,40930.0,40930.0,40920.0,40920.0,3,5,5,2025-07-27/2025-08-02,2194
1294,-1204,MNK,MNKU25,M30,2025-07-29 07:30:00,1753774200,40955.0,40985.0,40955.0,40985.0,12,5,43,2025-07-27/2025-08-02,2194
1295,-1203,MNK,MNKU25,M30,2025-07-29 08:00:00,1753776000,40910.0,40910.0,40910.0,40910.0,1,5,2,2025-07-27/2025-08-02,2194
1296,-1202,MNK,MNKU25,M30,2025-07-29 08:30:00,1753777800,40915.0,40925.0,40905.0,40925.0,6,5,6,2025-07-27/2025-08-02,2194
1297,-1201,MNK,MNKU25,M30,2025-07-29 09:00:00,1753779600,40925.0,40935.0,40925.0,40935.0,4,5,4,2025-07-27/2025-08-02,2194
1298,-1200,MNK,MNKU25,M30,2025-07-29 10:30:00,1753785000,40970.0,40970.0,40970.0,40970.0,1,15,1,2025-07-27/2025-08-02,2194
1299,-1199,MNK,MNKU25,M30,2025-07-29 11:30:00,1753788600,40925.0,40930.0,40925.0,40930.0,2,5,3,2025-07-27/2025-08-02,2194
1300,-1198,MNK,MNKU25,M30,2025-07-29 12:30:00,1753792200,40905.0,40905.0,40905.0,40905.0,1,5,1,2025-07-27/2025-08-02,2194
1301,-1197,MNK,MNKU25,M30,2025-07-29 13:30:00,1753795800,40925.0,40935.0,40805.0,40825.0,8,5,18,2025-07-27/2025-08-02,2194
1302,-1196,MNK,MNKU25,M30,2025-07-29 14:00:00,1753797600,40835.0,40835.0,40750.0,40750.0,2,5,2,2025-07-27/2025-08-02,2194
1303,-1195,MNK,MNKU25,M30,2025-07-29 14:30:00,1753799400,40740.0,40740.0,40695.0,40695.0,4,15,4,2025-07-27/2025-08-02,2194
1304,-1194,MNK,MNKU25,M30,2025-07-29 15:00:00,1753801200,40715.0,40715.0,40675.0,40675.0,2,15,3,2025-07-27/2025-08-02,2194
1305,-1193,MNK,MNKU25,M30,2025-07-29 15:30:00,1753803000,40635.0,40760.0,40635.0,40755.0,5,15,8,2025-07-27/2025-08-02,2194
1306,-1192,MNK,MNKU25,M30,2025-07-29 16:00:00,1753804800,40740.0,40740.0,40710.0,40710.0,4,10,4,2025-07-27/2025-08-02,2194
1307,-1191,MNK,MNKU25,M30,2025-07-29 16:30:00,1753806600,40700.0,40700.0,40700.0,40700.0,2,5,2,2025-07-27/2025-08-02,2194
1308,-1190,MNK,MNKU25,M30,2025-07-29 17:00:00,1753808400,40705.0,40725.0,40705.0,40725.0,6,15,9,2025-07-27/2025-08-02,2194
1309,-1189,MNK,MNKU25,M30,2025-07-29 18:30:00,1753813800,40715.0,40715.0,40715.0,40715.0,1,5,1,2025-07-27/2025-08-02,2194
1310,-1188,MNK,MNKU25,M30,2025-07-29 19:30:00,1753817400,40690.0,40690.0,40685.0,40685.0,5,5,5,2025-07-27/2025-08-02,2194
1311,-1187,MNK,MNKU25,M30,2025-07-29 20:00:00,1753819200,40685.0,40700.0,40685.0,40700.0,2,5,3,2025-07-27/2025-08-02,2194
1312,-1186,MNK,MNKU25,M30,2025-07-29 20:30:00,1753821000,40685.0,40700.0,40685.0,40700.0,4,5,9,2025-07-27/2025-08-02,2194
1313,-1185,MNK,MNKU25,M30,2025-07-29 22:00:00,1753826400,40705.0,40715.0,40705.0,40715.0,2,5,2,2025-07-27/2025-08-02,2194
1314,-1184,MNK,MNKU25,M30,2025-07-29 22:30:00,1753828200,40760.0,40760.0,40760.0,40760.0,1,15,3,2025-07-27/2025-08-02,2194
1315,-1183,MNK,MNKU25,M30,2025-07-29 23:00:00,1753830000,40755.0,40755.0,40755.0,40755.0,1,30,1,2025-07-27/2025-08-02,2194
1316,-1182,MNK,MNKU25,M30,2025-07-30 00:00:00,1753833600,40725.0,40725.0,40660.0,40670.0,3,5,5,2025-07-27/2025-08-02,2194
1317,-1181,MNK,MNKU25,M30,2025-07-30 00:30:00,1753835400,40730.0,40730.0,40610.0,40635.0,12,5,14,2025-07-27/2025-08-02,2194
1318,-1180,MNK,MNKU25,M30,2025-07-30 01:00:00,1753837200,40680.0,40680.0,40645.0,40645.0,4,15,7,2025-07-27/2025-08-02,2194
1319,-1179,MNK,MNKU25,M30,2025-07-30 01:30:00,1753839000,40655.0,40700.0,40655.0,40685.0,4,5,4,2025-07-27/2025-08-02,2194
1320,-1178,MNK,MNKU25,M30,2025-07-30 02:00:00,1753840800,40680.0,40710.0,40680.0,40710.0,2,5,2,2025-07-27/2025-08-02,2194
1321,-1177,MNK,MNKU25,M30,2025-07-30 02:30:00,1753842600,40720.0,40725.0,40720.0,40725.0,2,5,2,2025-07-27/2025-08-02,2194
1322,-1176,MNK,MNKU25,M30,2025-07-30 03:00:00,1753844400,40715.0,40715.0,40695.0,40715.0,4,10,4,2025-07-27/2025-08-02,2194
1323,-1175,MNK,MNKU25,M30,2025-07-30 03:30:00,1753846200,40670.0,40735.0,40670.0,40730.0,6,5,6,2025-07-27/2025-08-02,2194
1324,-1174,MNK,MNKU25,M30,2025-07-30 04:30:00,1753849800,40700.0,40700.0,40690.0,40690.0,3,15,4,2025-07-27/2025-08-02,2194
1325,-1173,MNK,MNKU25,M30,2025-07-30 05:00:00,1753851600,40685.0,40685.0,40645.0,40660.0,4,5,5,2025-07-27/2025-08-02,2194
1326,-1172,MNK,MNKU25,M30,2025-07-30 05:30:00,1753853400,40660.0,40660.0,40660.0,40660.0,2,20,2,2025-07-27/2025-08-02,2194
1327,-1171,MNK,MNKU25,M30,2025-07-30 06:00:00,1753855200,40660.0,40685.0,40660.0,40685.0,3,5,3,2025-07-27/2025-08-02,2194
1328,-1170,MNK,MNKU25,M30,2025-07-30 06:30:00,1753857000,40675.0,40700.0,40675.0,40700.0,6,5,9,2025-07-27/2025-08-02,2194
1329,-1169,MNK,MNKU25,M30,2025-07-30 07:00:00,1753858800,40640.0,40670.0,40640.0,40670.0,6,5,11,2025-07-27/2025-08-02,2194
1330,-1168,MNK,MNKU25,M30,2025-07-30 08:00:00,1753862400,40730.0,40730.0,40730.0,40730.0,1,15,1,2025-07-27/2025-08-02,2194
1331,-1167,MNK,MNKU25,M30,2025-07-30 09:00:00,1753866000,40720.0,40720.0,40720.0,40720.0,1,10,10,2025-07-27/2025-08-02,2194
1332,-1166,MNK,MNKU25,M30,2025-07-30 10:00:00,1753869600,40720.0,40730.0,40720.0,40730.0,4,5,7,2025-07-27/2025-08-02,2194
1333,-1165,MNK,MNKU25,M30,2025-07-30 10:30:00,1753871400,40730.0,40730.0,40730.0,40730.0,1,5,2,2025-07-27/2025-08-02,2194
1334,-1164,MNK,MNKU25,M30,2025-07-30 11:30:00,1753875000,40740.0,40790.0,40740.0,40790.0,3,10,3,2025-07-27/2025-08-02,2194
1335,-1163,MNK,MNKU25,M30,2025-07-30 12:00:00,1753876800,40745.0,40780.0,40740.0,40780.0,3,10,5,2025-07-27/2025-08-02,2194
1336,-1162,MNK,MNKU25,M30,2025-07-30 12:30:00,1753878600,40820.0,40820.0,40800.0,40800.0,3,5,3,2025-07-27/2025-08-02,2194
1337,-1161,MNK,MNKU25,M30,2025-07-30 13:00:00,1753880400,40825.0,40825.0,40810.0,40810.0,2,15,2,2025-07-27/2025-08-02,2194
1338,-1160,MNK,MNKU25,M30,2025-07-30 13:30:00,1753882200,40795.0,40800.0,40785.0,40790.0,10,5,51,2025-07-27/2025-08-02,2194
1339,-1159,MNK,MNKU25,M30,2025-07-30 14:00:00,1753884000,40790.0,40790.0,40765.0,40765.0,3,10,4,2025-07-27/2025-08-02,2194
1340,-1158,MNK,MNKU25,M30,2025-07-30 14:30:00,1753885800,40780.0,40780.0,40760.0,40760.0,4,5,8,2025-07-27/2025-08-02,2194
1341,-1157,MNK,MNKU25,M30,2025-07-30 15:00:00,1753887600,40705.0,40720.0,40700.0,40720.0,5,5,9,2025-07-27/2025-08-02,2194
1342,-1156,MNK,MNKU25,M30,2025-07-30 16:00:00,1753891200,40745.0,40745.0,40745.0,40745.0,1,5,1,2025-07-27/2025-08-02,2194
1343,-1155,MNK,MNKU25,M30,2025-07-30 18:30:00,1753900200,40745.0,40745.0,40745.0,40745.0,1,5,3,2025-07-27/2025-08-02,2194
1344,-1154,MNK,MNKU25,M30,2025-07-30 19:00:00,1753902000,40605.0,40610.0,40565.0,40610.0,12,5,18,2025-07-27/2025-08-02,2194
1345,-1153,MNK,MNKU25,M30,2025-07-30 19:30:00,1753903800,40690.0,40690.0,40675.0,40680.0,4,15,5,2025-07-27/2025-08-02,2194
1346,-1152,MNK,MNKU25,M30,2025-07-30 20:00:00,1753905600,40700.0,40775.0,40700.0,40775.0,19,5,52,2025-07-27/2025-08-02,2194
1347,-1151,MNK,MNKU25,M30,2025-07-30 20:30:00,1753907400,40765.0,40765.0,40735.0,40735.0,2,20,2,2025-07-27/2025-08-02,2194
1348,-1150,MNK,MNKU25,M30,2025-07-30 22:00:00,1753912800,40730.0,40780.0,40720.0,40720.0,4,10,4,2025-07-27/2025-08-02,2194
1349,-1149,MNK,MNKU25,M30,2025-07-30 22:30:00,1753914600,40810.0,40810.0,40810.0,40810.0,2,5,2,2025-07-27/2025-08-02,2194
1350,-1148,MNK,MNKU25,M30,2025-07-30 23:00:00,1753916400,40885.0,40885.0,40880.0,40880.0,2,20,2,2025-07-27/2025-08-02,2194
1351,-1147,MNK,MNKU25,M30,2025-07-30 23:30:00,1753918200,40880.0,40880.0,40795.0,40800.0,8,5,14,2025-07-27/2025-08-02,2194
1352,-1146,MNK,MNKU25,M30,2025-07-31 00:00:00,1753920000,40755.0,40865.0,40735.0,40855.0,12,10,27,2025-07-27/2025-08-02,2194
1353,-1145,MNK,MNKU25,M30,2025-07-31 00:30:00,1753921800,40910.0,40910.0,40900.0,40900.0,2,20,2,2025-07-27/2025-08-02,2194
1354,-1144,MNK,MNKU25,M30,2025-07-31 01:00:00,1753923600,40810.0,40995.0,40810.0,40995.0,7,5,23,2025-07-27/2025-08-02,2194
1355,-1143,MNK,MNKU25,M30,2025-07-31 01:30:00,1753925400,41020.0,41030.0,41000.0,41000.0,8,5,8,2025-07-27/2025-08-02,2194
1356,-1142,MNK,MNKU25,M30,2025-07-31 02:00:00,1753927200,40980.0,41050.0,40980.0,41050.0,3,5,3,2025-07-27/2025-08-02,2194
1357,-1141,MNK,MNKU25,M30,2025-07-31 02:30:00,1753929000,41070.0,41070.0,41060.0,41060.0,2,10,2,2025-07-27/2025-08-02,2194
1358,-1140,MNK,MNKU25,M30,2025-07-31 03:30:00,1753932600,41050.0,41050.0,41050.0,41050.0,1,25,1,2025-07-27/2025-08-02,2194
1359,-1139,MNK,MNKU25,M30,2025-07-31 04:00:00,1753934400,41065.0,41065.0,41065.0,41065.0,1,20,1,2025-07-27/2025-08-02,2194
1360,-1138,MNK,MNKU25,M30,2025-07-31 04:30:00,1753936200,41025.0,41105.0,41025.0,41100.0,13,5,13,2025-07-27/2025-08-02,2194
1361,-1137,MNK,MNKU25,M30,2025-07-31 05:00:00,1753938000,41100.0,41135.0,41100.0,41135.0,6,10,8,2025-07-27/2025-08-02,2194
1362,-1136,MNK,MNKU25,M30,2025-07-31 05:30:00,1753939800,41100.0,41100.0,41100.0,41100.0,1,10,1,2025-07-27/2025-08-02,2194
1363,-1135,MNK,MNKU25,M30,2025-07-31 06:00:00,1753941600,41150.0,41150.0,41120.0,41130.0,5,10,10,2025-07-27/2025-08-02,2194
1364,-1134,MNK,MNKU25,M30,2025-07-31 06:30:00,1753943400,41235.0,41235.0,41230.0,41230.0,6,5,6,2025-07-27/2025-08-02,2194
1365,-1133,MNK,MNKU25,M30,2025-07-31 07:00:00,1753945200,41170.0,41170.0,41135.0,41135.0,8,5,28,2025-07-27/2025-08-02,2194
1366,-1132,MNK,MNKU25,M30,2025-07-31 07:30:00,1753947000,41175.0,41175.0,41175.0,41175.0,2,5,7,2025-07-27/2025-08-02,2194
1367,-1131,MNK,MNKU25,M30,2025-07-31 08:30:00,1753950600,41245.0,41245.0,41245.0,41245.0,1,15,1,2025-07-27/2025-08-02,2194
1368,-1130,MNK,MNKU25,M30,2025-07-31 09:00:00,1753952400,41295.0,41295.0,41275.0,41275.0,2,15,8,2025-07-27/2025-08-02,2194
1369,-1129,MNK,MNKU25,M30,2025-07-31 09:30:00,1753954200,41260.0,41260.0,41260.0,41260.0,1,20,1,2025-07-27/2025-08-02,2194
1370,-1128,MNK,MNKU25,M30,2025-07-31 10:30:00,1753957800,41275.0,41275.0,41275.0,41275.0,2,10,3,2025-07-27/2025-08-02,2194
1371,-1127,MNK,MNKU25,M30,2025-07-31 11:00:00,1753959600,41185.0,41215.0,41185.0,41195.0,4,5,6,2025-07-27/2025-08-02,2194
1372,-1126,MNK,MNKU25,M30,2025-07-31 11:30:00,1753961400,41190.0,41190.0,41190.0,41190.0,1,20,2,2025-07-27/2025-08-02,2194
1373,-1125,MNK,MNKU25,M30,2025-07-31 12:00:00,1753963200,41170.0,41170.0,41170.0,41170.0,3,10,6,2025-07-27/2025-08-02,2194
1374,-1124,MNK,MNKU25,M30,2025-07-31 12:30:00,1753965000,41235.0,41235.0,41200.0,41215.0,8,5,15,2025-07-27/2025-08-02,2194
1375,-1123,MNK,MNKU25,M30,2025-07-31 13:00:00,1753966800,41170.0,41170.0,41155.0,41155.0,2,10,2,2025-07-27/2025-08-02,2194
1376,-1122,MNK,MNKU25,M30,2025-07-31 13:30:00,1753968600,41010.0,41010.0,40970.0,40970.0,6,5,33,2025-07-27/2025-08-02,2194
1377,-1121,MNK,MNKU25,M30,2025-07-31 14:00:00,1753970400,41050.0,41050.0,40970.0,40970.0,6,5,8,2025-07-27/2025-08-02,2194
1378,-1120,MNK,MNKU25,M30,2025-07-31 14:30:00,1753972200,40920.0,40920.0,40850.0,40855.0,6,5,8,2025-07-27/2025-08-02,2194
1379,-1119,MNK,MNKU25,M30,2025-07-31 15:00:00,1753974000,40870.0,40920.0,40825.0,40835.0,11,5,32,2025-07-27/2025-08-02,2194
1380,-1118,MNK,MNKU25,M30,2025-07-31 15:30:00,1753975800,40875.0,40880.0,40875.0,40880.0,2,20,2,2025-07-27/2025-08-02,2194
1381,-1117,MNK,MNKU25,M30,2025-07-31 16:00:00,1753977600,40890.0,40890.0,40890.0,40890.0,2,10,5,2025-07-27/2025-08-02,2194
1382,-1116,MNK,MNKU25,M30,2025-07-31 17:00:00,1753981200,40835.0,40835.0,40705.0,40705.0,8,5,34,2025-07-27/2025-08-02,2194
1383,-1115,MNK,MNKU25,M30,2025-07-31 17:30:00,1753983000,40665.0,40730.0,40640.0,40640.0,14,5,28,2025-07-27/2025-08-02,2194
1384,-1114,MNK,MNKU25,M30,2025-07-31 18:30:00,1753986600,40760.0,40760.0,40755.0,40755.0,2,10,2,2025-07-27/2025-08-02,2194
1385,-1113,MNK,MNKU25,M30,2025-07-31 19:00:00,1753988400,40770.0,40770.0,40770.0,40770.0,4,5,4,2025-07-27/2025-08-02,2194
1386,-1112,MNK,MNKU25,M30,2025-07-31 19:30:00,1753990200,40805.0,40805.0,40770.0,40785.0,8,5,19,2025-07-27/2025-08-02,2194
1387,-1111,MNK,MNKU25,M30,2025-07-31 20:00:00,1753992000,40810.0,40840.0,40795.0,40795.0,8,5,9,2025-07-27/2025-08-02,2194
1388,-1110,MNK,MNKU25,M30,2025-07-31 20:30:00,1753993800,40805.0,40815.0,40805.0,40815.0,4,10,5,2025-07-27/2025-08-02,2194
1389,-1109,MNK,MNKU25,M30,2025-07-31 22:30:00,1754001000,40765.0,40780.0,40735.0,40780.0,6,5,12,2025-07-27/2025-08-02,2194
1390,-1108,MNK,MNKU25,M30,2025-07-31 23:30:00,1754004600,40770.0,40800.0,40770.0,40800.0,6,15,15,2025-07-27/2025-08-02,2194
1391,-1107,MNK,MNKU25,M30,2025-08-01 00:00:00,1754006400,40740.0,40740.0,40630.0,40630.0,11,5,31,2025-07-27/2025-08-02,2194
1392,-1106,MNK,MNKU25,M30,2025-08-01 00:30:00,1754008200,40760.0,40880.0,40760.0,40765.0,7,5,27,2025-07-27/2025-08-02,2194
1393,-1105,MNK,MNKU25,M30,2025-08-01 01:00:00,1754010000,40860.0,40895.0,40810.0,40895.0,7,10,9,2025-07-27/2025-08-02,2194
1394,-1104,MNK,MNKU25,M30,2025-08-01 01:30:00,1754011800,40925.0,40935.0,40925.0,40935.0,2,5,3,2025-07-27/2025-08-02,2194
1395,-1103,MNK,MNKU25,M30,2025-08-01 02:00:00,1754013600,40955.0,40975.0,40945.0,40945.0,6,5,6,2025-07-27/2025-08-02,2194
1396,-1102,MNK,MNKU25,M30,2025-08-01 02:30:00,1754015400,41000.0,41015.0,41000.0,41015.0,5,5,5,2025-07-27/2025-08-02,2194
1397,-1101,MNK,MNKU25,M30,2025-08-01 03:00:00,1754017200,41030.0,41030.0,41030.0,41030.0,1,15,2,2025-07-27/2025-08-02,2194
1398,-1100,MNK,MNKU25,M30,2025-08-01 03:30:00,1754019000,40945.0,40945.0,40930.0,40930.0,2,5,3,2025-07-27/2025-08-02,2194
1399,-1099,MNK,MNKU25,M30,2025-08-01 04:00:00,1754020800,40910.0,40910.0,40910.0,40910.0,1,5,1,2025-07-27/2025-08-02,2194
1400,-1098,MNK,MNKU25,M30,2025-08-01 04:30:00,1754022600,40900.0,40930.0,40900.0,40930.0,2,5,2,2025-07-27/2025-08-02,2194
1401,-1097,MNK,MNKU25,M30,2025-08-01 05:00:00,1754024400,40830.0,40830.0,40815.0,40830.0,3,5,4,2025-07-27/2025-08-02,2194
1402,-1096,MNK,MNKU25,M30,2025-08-01 05:30:00,1754026200,40840.0,40875.0,40835.0,40875.0,6,5,6,2025-07-27/2025-08-02,2194
1403,-1095,MNK,MNKU25,M30,2025-08-01 06:30:00,1754029800,40880.0,40880.0,40880.0,40880.0,1,5,1,2025-07-27/2025-08-02,2194
1404,-1094,MNK,MNKU25,M30,2025-08-01 07:00:00,1754031600,40815.0,40815.0,40720.0,40720.0,10,5,25,2025-07-27/2025-08-02,2194
1405,-1093,MNK,MNKU25,M30,2025-08-01 07:30:00,1754033400,40710.0,40710.0,40665.0,40690.0,6,5,15,2025-07-27/2025-08-02,2194
1406,-1092,MNK,MNKU25,M30,2025-08-01 08:00:00,1754035200,40705.0,40710.0,40600.0,40600.0,9,5,36,2025-07-27/2025-08-02,2194
1407,-1091,MNK,MNKU25,M30,2025-08-01 08:30:00,1754037000,40580.0,40615.0,40540.0,40615.0,9,5,11,2025-07-27/2025-08-02,2194
1408,-1090,MNK,MNKU25,M30,2025-08-01 09:00:00,1754038800,40600.0,40600.0,40555.0,40555.0,5,5,21,2025-07-27/2025-08-02,2194
1409,-1089,MNK,MNKU25,M30,2025-08-01 10:00:00,1754042400,40550.0,40590.0,40550.0,40590.0,6,10,9,2025-07-27/2025-08-02,2194
1410,-1088,MNK,MNKU25,M30,2025-08-01 10:30:00,1754044200,40540.0,40540.0,40510.0,40510.0,3,5,10,2025-07-27/2025-08-02,2194
1411,-1087,MNK,MNKU25,M30,2025-08-01 11:00:00,1754046000,40510.0,40530.0,40510.0,40530.0,5,10,5,2025-07-27/2025-08-02,2194
1412,-1086,MNK,MNKU25,M30,2025-08-01 11:30:00,1754047800,40550.0,40560.0,40545.0,40560.0,5,10,5,2025-07-27/2025-08-02,2194
1413,-1085,MNK,MNKU25,M30,2025-08-01 12:00:00,1754049600,40560.0,40560.0,40560.0,40560.0,1,280,1,2025-07-27/2025-08-02,2194
1414,-1084,MNK,MNKU25,M30,2025-08-01 12:30:00,1754051400,40520.0,40520.0,40360.0,40370.0,42,5,141,2025-07-27/2025-08-02,2194
1415,-1083,MNK,MNKU25,M30,2025-08-01 13:00:00,1754053200,40340.0,40340.0,40205.0,40205.0,10,5,24,2025-07-27/2025-08-02,2194
1416,-1082,MNK,MNKU25,M30,2025-08-01 13:30:00,1754055000,40160.0,40170.0,39975.0,40010.0,28,5,105,2025-07-27/2025-08-02,2194
1417,-1081,MNK,MNKU25,M30,2025-08-01 14:00:00,1754056800,39975.0,40085.0,39755.0,40085.0,27,5,104,2025-07-27/2025-08-02,2194
1418,-1080,MNK,MNKU25,M30,2025-08-01 14:30:00,1754058600,40100.0,40100.0,40100.0,40100.0,2,5,2,2025-07-27/2025-08-02,2194
1419,-1079,MNK,MNKU25,M30,2025-08-01 15:00:00,1754060400,40050.0,40050.0,40050.0,40050.0,1,20,1,2025-07-27/2025-08-02,2194
1420,-1078,MNK,MNKU25,M30,2025-08-01 15:30:00,1754062200,40010.0,40150.0,40010.0,40150.0,3,15,12,2025-07-27/2025-08-02,2194
1421,-1077,MNK,MNKU25,M30,2025-08-01 16:00:00,1754064000,40175.0,40175.0,40105.0,40140.0,5,5,13,2025-07-27/2025-08-02,2194
1422,-1076,MNK,MNKU25,M30,2025-08-01 16:30:00,1754065800,40125.0,40125.0,40080.0,40080.0,6,5,6,2025-07-27/2025-08-02,2194
1423,-1075,MNK,MNKU25,M30,2025-08-01 17:00:00,1754067600,40030.0,40030.0,39980.0,39995.0,11,5,31,2025-07-27/2025-08-02,2194
1424,-1074,MNK,MNKU25,M30,2025-08-01 17:30:00,1754069400,40030.0,40030.0,40010.0,40010.0,6,5,51,2025-07-27/2025-08-02,2194
1425,-1073,MNK,MNKU25,M30,2025-08-01 18:00:00,1754071200,39970.0,40005.0,39940.0,40000.0,12,5,34,2025-07-27/2025-08-02,2194
1426,-1072,MNK,MNKU25,M30,2025-08-01 18:30:00,1754073000,40045.0,40075.0,39995.0,39995.0,4,5,13,2025-07-27/2025-08-02,2194
1427,-1071,MNK,MNKU25,M30,2025-08-01 19:00:00,1754074800,39995.0,39995.0,39995.0,39995.0,1,15,1,2025-07-27/2025-08-02,2194
1428,-1070,MNK,MNKU25,M30,2025-08-01 19:30:00,1754076600,39985.0,40065.0,39975.0,40035.0,26,5,139,2025-07-27/2025-08-02,2194
1429,-1069,MNK,MNKU25,M30,2025-08-01 20:00:00,1754078400,40015.0,40015.0,40010.0,40010.0,3,5,5,2025-07-27/2025-08-02,2194
1430,-1068,MNK,MNKU25,M30,2025-08-01 20:30:00,1754080200,39990.0,39990.0,39985.0,39985.0,3,15,3,2025-07-27/2025-08-02,2194
1431,-1067,MNK,MNKU25,M30,2025-08-03 22:00:00,1754258400,39980.0,39980.0,39980.0,39980.0,2,20,2,2025-08-03/2025-08-09,2663
1432,-1066,MNK,MNKU25,M30,2025-08-03 22:30:00,1754260200,39965.0,39995.0,39965.0,39995.0,4,5,4,2025-08-03/2025-08-09,2663
1433,-1065,MNK,MNKU25,M30,2025-08-03 23:00:00,1754262000,39980.0,39985.0,39950.0,39985.0,4,5,7,2025-08-03/2025-08-09,2663
1434,-1064,MNK,MNKU25,M30,2025-08-03 23:30:00,1754263800,39885.0,39915.0,39825.0,39865.0,27,5,80,2025-08-03/2025-08-09,2663
1435,-1063,MNK,MNKU25,M30,2025-08-04 00:00:00,1754265600,39800.0,40080.0,39800.0,40035.0,21,5,47,2025-08-03/2025-08-09,2663
1436,-1062,MNK,MNKU25,M30,2025-08-04 00:30:00,1754267400,40020.0,40020.0,39945.0,39955.0,10,5,64,2025-08-03/2025-08-09,2663
1437,-1061,MNK,MNKU25,M30,2025-08-04 01:00:00,1754269200,40000.0,40020.0,39980.0,40020.0,12,5,41,2025-08-03/2025-08-09,2663
1438,-1060,MNK,MNKU25,M30,2025-08-04 01:30:00,1754271000,40070.0,40125.0,40050.0,40050.0,15,5,59,2025-08-03/2025-08-09,2663
1439,-1059,MNK,MNKU25,M30,2025-08-04 02:00:00,1754272800,40150.0,40150.0,40145.0,40145.0,2,20,2,2025-08-03/2025-08-09,2663
1440,-1058,MNK,MNKU25,M30,2025-08-04 02:30:00,1754274600,40160.0,40160.0,40145.0,40145.0,3,5,5,2025-08-03/2025-08-09,2663
1441,-1057,MNK,MNKU25,M30,2025-08-04 03:00:00,1754276400,40140.0,40175.0,40140.0,40175.0,4,5,22,2025-08-03/2025-08-09,2663
1442,-1056,MNK,MNKU25,M30,2025-08-04 03:30:00,1754278200,40170.0,40335.0,40170.0,40335.0,20,5,65,2025-08-03/2025-08-09,2663
1443,-1055,MNK,MNKU25,M30,2025-08-04 04:00:00,1754280000,40305.0,40320.0,40225.0,40225.0,20,5,31,2025-08-03/2025-08-09,2663
1444,-1054,MNK,MNKU25,M30,2025-08-04 04:30:00,1754281800,40245.0,40245.0,40235.0,40235.0,5,5,7,2025-08-03/2025-08-09,2663
1445,-1053,MNK,MNKU25,M30,2025-08-04 05:00:00,1754283600,40225.0,40240.0,40225.0,40240.0,4,5,22,2025-08-03/2025-08-09,2663
1446,-1052,MNK,MNKU25,M30,2025-08-04 05:30:00,1754285400,40270.0,40285.0,40270.0,40285.0,3,10,3,2025-08-03/2025-08-09,2663
1447,-1051,MNK,MNKU25,M30,2025-08-04 06:00:00,1754287200,40285.0,40350.0,40285.0,40345.0,15,5,32,2025-08-03/2025-08-09,2663
1448,-1050,MNK,MNKU25,M30,2025-08-04 06:30:00,1754289000,40280.0,40280.0,40280.0,40280.0,2,5,5,2025-08-03/2025-08-09,2663
1449,-1049,MNK,MNKU25,M30,2025-08-04 07:00:00,1754290800,40405.0,40420.0,40385.0,40385.0,5,0,14,2025-08-03/2025-08-09,2663
1450,-1048,MNK,MNKU25,M30,2025-08-04 07:30:00,1754292600,40420.0,40440.0,40420.0,40425.0,6,10,6,2025-08-03/2025-08-09,2663
1451,-1047,MNK,MNKU25,M30,2025-08-04 08:00:00,1754294400,40410.0,40455.0,40410.0,40455.0,4,10,14,2025-08-03/2025-08-09,2663
1452,-1046,MNK,MNKU25,M30,2025-08-04 08:30:00,1754296200,40455.0,40455.0,40455.0,40455.0,3,5,5,2025-08-03/2025-08-09,2663
1453,-1045,MNK,MNKU25,M30,2025-08-04 09:00:00,1754298000,40490.0,40490.0,40470.0,40470.0,2,10,3,2025-08-03/2025-08-09,2663
1454,-1044,MNK,MNKU25,M30,2025-08-04 09:30:00,1754299800,40430.0,40445.0,40430.0,40445.0,2,15,2,2025-08-03/2025-08-09,2663
1455,-1043,MNK,MNKU25,M30,2025-08-04 10:00:00,1754301600,40435.0,40435.0,40435.0,40435.0,1,5,1,2025-08-03/2025-08-09,2663
1456,-1042,MNK,MNKU25,M30,2025-08-04 10:30:00,1754303400,40425.0,40430.0,40395.0,40395.0,3,5,3,2025-08-03/2025-08-09,2663
1457,-1041,MNK,MNKU25,M30,2025-08-04 11:30:00,1754307000,40360.0,40370.0,40360.0,40365.0,5,5,5,2025-08-03/2025-08-09,2663
1458,-1040,MNK,MNKU25,M30,2025-08-04 12:00:00,1754308800,40370.0,40425.0,40365.0,40425.0,3,10,3,2025-08-03/2025-08-09,2663
1459,-1039,MNK,MNKU25,M30,2025-08-04 12:30:00,1754310600,40395.0,40395.0,40395.0,40395.0,1,10,2,2025-08-03/2025-08-09,2663
1460,-1038,MNK,MNKU25,M30,2025-08-04 13:00:00,1754312400,40365.0,40365.0,40360.0,40360.0,2,10,10,2025-08-03/2025-08-09,2663
1461,-1037,MNK,MNKU25,M30,2025-08-04 13:30:00,1754314200,40470.0,40515.0,40435.0,40510.0,15,5,30,2025-08-03/2025-08-09,2663
1462,-1036,MNK,MNKU25,M30,2025-08-04 14:00:00,1754316000,40515.0,40520.0,40445.0,40445.0,5,10,23,2025-08-03/2025-08-09,2663
1463,-1035,MNK,MNKU25,M30,2025-08-04 15:00:00,1754319600,40510.0,40545.0,40510.0,40545.0,2,10,2,2025-08-03/2025-08-09,2663
1464,-1034,MNK,MNKU25,M30,2025-08-04 15:30:00,1754321400,40515.0,40545.0,40500.0,40545.0,5,5,5,2025-08-03/2025-08-09,2663
1465,-1033,MNK,MNKU25,M30,2025-08-04 16:00:00,1754323200,40555.0,40555.0,40550.0,40550.0,4,5,4,2025-08-03/2025-08-09,2663
1466,-1032,MNK,MNKU25,M30,2025-08-04 17:00:00,1754326800,40555.0,40565.0,40555.0,40555.0,3,15,3,2025-08-03/2025-08-09,2663
1467,-1031,MNK,MNKU25,M30,2025-08-04 18:00:00,1754330400,40580.0,40580.0,40580.0,40580.0,1,20,1,2025-08-03/2025-08-09,2663
1468,-1030,MNK,MNKU25,M30,2025-08-04 19:00:00,1754334000,40620.0,40620.0,40605.0,40605.0,4,5,5,2025-08-03/2025-08-09,2663
1469,-1029,MNK,MNKU25,M30,2025-08-04 19:30:00,1754335800,40605.0,40625.0,40605.0,40625.0,9,5,20,2025-08-03/2025-08-09,2663
1470,-1028,MNK,MNKU25,M30,2025-08-04 20:00:00,1754337600,40650.0,40665.0,40645.0,40665.0,5,5,5,2025-08-03/2025-08-09,2663
1471,-1027,MNK,MNKU25,M30,2025-08-04 20:30:00,1754339400,40665.0,40665.0,40665.0,40665.0,1,10,1,2025-08-03/2025-08-09,2663
1472,-1026,MNK,MNKU25,M30,2025-08-04 22:00:00,1754344800,40660.0,40675.0,40655.0,40655.0,3,10,3,2025-08-03/2025-08-09,2663
1473,-1025,MNK,MNKU25,M30,2025-08-04 22:30:00,1754346600,40635.0,40650.0,40635.0,40650.0,2,5,4,2025-08-03/2025-08-09,2663
1474,-1024,MNK,MNKU25,M30,2025-08-04 23:00:00,1754348400,40620.0,40625.0,40620.0,40625.0,2,10,2,2025-08-03/2025-08-09,2663
1475,-1023,MNK,MNKU25,M30,2025-08-04 23:30:00,1754350200,40530.0,40565.0,40525.0,40565.0,11,5,26,2025-08-03/2025-08-09,2663
1476,-1022,MNK,MNKU25,M30,2025-08-05 00:00:00,1754352000,40495.0,40530.0,40480.0,40480.0,6,5,15,2025-08-03/2025-08-09,2663
1477,-1021,MNK,MNKU25,M30,2025-08-05 00:30:00,1754353800,40515.0,40635.0,40485.0,40485.0,17,5,18,2025-08-03/2025-08-09,2663
1478,-1020,MNK,MNKU25,M30,2025-08-05 01:00:00,1754355600,40495.0,40540.0,40495.0,40525.0,6,5,6,2025-08-03/2025-08-09,2663
1479,-1019,MNK,MNKU25,M30,2025-08-05 02:00:00,1754359200,40565.0,40590.0,40565.0,40590.0,9,5,18,2025-08-03/2025-08-09,2663
1480,-1018,MNK,MNKU25,M30,2025-08-05 02:30:00,1754361000,40570.0,40575.0,40570.0,40575.0,3,5,3,2025-08-03/2025-08-09,2663
1481,-1017,MNK,MNKU25,M30,2025-08-05 03:00:00,1754362800,40605.0,40605.0,40605.0,40605.0,1,5,1,2025-08-03/2025-08-09,2663
1482,-1016,MNK,MNKU25,M30,2025-08-05 03:30:00,1754364600,40640.0,40640.0,40640.0,40640.0,1,15,1,2025-08-03/2025-08-09,2663
1483,-1015,MNK,MNKU25,M30,2025-08-05 04:30:00,1754368200,40585.0,40585.0,40585.0,40585.0,1,15,1,2025-08-03/2025-08-09,2663
1484,-1014,MNK,MNKU25,M30,2025-08-05 05:30:00,1754371800,40570.0,40590.0,40570.0,40590.0,2,5,2,2025-08-03/2025-08-09,2663
1485,-1013,MNK,MNKU25,M30,2025-08-05 06:00:00,1754373600,40590.0,40590.0,40590.0,40590.0,1,15,2,2025-08-03/2025-08-09,2663
1486,-1012,MNK,MNKU25,M30,2025-08-05 06:30:00,1754375400,40665.0,40695.0,40665.0,40680.0,8,5,8,2025-08-03/2025-08-09,2663
1487,-1011,MNK,MNKU25,M30,2025-08-05 07:00:00,1754377200,40670.0,40670.0,40670.0,40670.0,1,10,1,2025-08-03/2025-08-09,2663
1488,-1010,MNK,MNKU25,M30,2025-08-05 07:30:00,1754379000,40630.0,40650.0,40625.0,40650.0,5,5,8,2025-08-03/2025-08-09,2663
1489,-1009,MNK,MNKU25,M30,2025-08-05 08:00:00,1754380800,40630.0,40630.0,40580.0,40620.0,7,5,11,2025-08-03/2025-08-09,2663
1490,-1008,MNK,MNKU25,M30,2025-08-05 08:30:00,1754382600,40620.0,40620.0,40600.0,40605.0,4,5,4,2025-08-03/2025-08-09,2663
1491,-1007,MNK,MNKU25,M30,2025-08-05 09:00:00,1754384400,40580.0,40580.0,40570.0,40570.0,2,5,12,2025-08-03/2025-08-09,2663
1492,-1006,MNK,MNKU25,M30,2025-08-05 09:30:00,1754386200,40570.0,40580.0,40570.0,40580.0,2,5,3,2025-08-03/2025-08-09,2663
1493,-1005,MNK,MNKU25,M30,2025-08-05 10:00:00,1754388000,40630.0,40630.0,40630.0,40630.0,1,10,1,2025-08-03/2025-08-09,2663
1494,-1004,MNK,MNKU25,M30,2025-08-05 10:30:00,1754389800,40670.0,40675.0,40670.0,40670.0,7,5,15,2025-08-03/2025-08-09,2663
1495,-1003,MNK,MNKU25,M30,2025-08-05 11:00:00,1754391600,40675.0,40675.0,40665.0,40675.0,4,5,4,2025-08-03/2025-08-09,2663
1496,-1002,MNK,MNKU25,M30,2025-08-05 11:30:00,1754393400,40655.0,40660.0,40650.0,40650.0,8,5,35,2025-08-03/2025-08-09,2663
1497,-1001,MNK,MNKU25,M30,2025-08-05 12:00:00,1754395200,40640.0,40665.0,40640.0,40655.0,18,5,37,2025-08-03/2025-08-09,2663
1498,-1000,MNK,MNKU25,M30,2025-08-05 12:30:00,1754397000,40660.0,40660.0,40660.0,40660.0,1,15,1,2025-08-03/2025-08-09,2663
1499,-999,MNK,MNKU25,M30,2025-08-05 13:00:00,1754398800,40660.0,40675.0,40650.0,40655.0,6,10,6,2025-08-03/2025-08-09,2663
1500,-998,MNK,MNKU25,M30,2025-08-05 13:30:00,1754400600,40665.0,40690.0,40635.0,40680.0,5,5,6,2025-08-03/2025-08-09,2663
1501,-997,MNK,MNKU25,M30,2025-08-05 14:00:00,1754402400,40635.0,40635.0,40540.0,40540.0,20,5,40,2025-08-03/2025-08-09,2663
1502,-996,MNK,MNKU25,M30,2025-08-05 14:30:00,1754404200,40405.0,40460.0,40385.0,40460.0,7,5,16,2025-08-03/2025-08-09,2663
1503,-995,MNK,MNKU25,M30,2025-08-05 15:00:00,1754406000,40450.0,40490.0,40450.0,40490.0,5,5,18,2025-08-03/2025-08-09,2663
1504,-994,MNK,MNKU25,M30,2025-08-05 15:30:00,1754407800,40490.0,40490.0,40490.0,40490.0,1,10,1,2025-08-03/2025-08-09,2663
1505,-993,MNK,MNKU25,M30,2025-08-05 16:00:00,1754409600,40535.0,40555.0,40535.0,40555.0,2,15,6,2025-08-03/2025-08-09,2663
1506,-992,MNK,MNKU25,M30,2025-08-05 16:30:00,1754411400,40570.0,40580.0,40560.0,40560.0,14,5,59,2025-08-03/2025-08-09,2663
1507,-991,MNK,MNKU25,M30,2025-08-05 17:30:00,1754415000,40610.0,40640.0,40610.0,40640.0,4,5,6,2025-08-03/2025-08-09,2663
1508,-990,MNK,MNKU25,M30,2025-08-05 18:30:00,1754418600,40585.0,40585.0,40565.0,40580.0,7,5,13,2025-08-03/2025-08-09,2663
1509,-989,MNK,MNKU25,M30,2025-08-05 19:30:00,1754422200,40560.0,40560.0,40560.0,40560.0,1,10,4,2025-08-03/2025-08-09,2663
1510,-988,MNK,MNKU25,M30,2025-08-05 20:00:00,1754424000,40580.0,40585.0,40580.0,40585.0,3,10,18,2025-08-03/2025-08-09,2663
1511,-987,MNK,MNKU25,M30,2025-08-05 20:30:00,1754425800,40535.0,40535.0,40535.0,40535.0,1,40,1,2025-08-03/2025-08-09,2663
1512,-986,MNK,MNKU25,M30,2025-08-05 22:00:00,1754431200,40520.0,40535.0,40490.0,40525.0,8,5,10,2025-08-03/2025-08-09,2663
1513,-985,MNK,MNKU25,M30,2025-08-05 23:30:00,1754436600,40510.0,40510.0,40510.0,40510.0,1,25,1,2025-08-03/2025-08-09,2663
1514,-984,MNK,MNKU25,M30,2025-08-06 00:00:00,1754438400,40465.0,40605.0,40465.0,40605.0,3,5,3,2025-08-03/2025-08-09,2663
1515,-983,MNK,MNKU25,M30,2025-08-06 01:00:00,1754442000,40645.0,40645.0,40600.0,40600.0,4,5,4,2025-08-03/2025-08-09,2663
1516,-982,MNK,MNKU25,M30,2025-08-06 01:30:00,1754443800,40710.0,40800.0,40710.0,40800.0,6,5,6,2025-08-03/2025-08-09,2663
1517,-981,MNK,MNKU25,M30,2025-08-06 02:00:00,1754445600,40805.0,40845.0,40805.0,40840.0,4,5,5,2025-08-03/2025-08-09,2663
1518,-980,MNK,MNKU25,M30,2025-08-06 02:30:00,1754447400,40835.0,40835.0,40825.0,40825.0,4,5,6,2025-08-03/2025-08-09,2663
1519,-979,MNK,MNKU25,M30,2025-08-06 03:30:00,1754451000,40825.0,40870.0,40805.0,40870.0,8,5,14,2025-08-03/2025-08-09,2663
1520,-978,MNK,MNKU25,M30,2025-08-06 04:00:00,1754452800,40840.0,40855.0,40775.0,40775.0,11,5,33,2025-08-03/2025-08-09,2663
1521,-977,MNK,MNKU25,M30,2025-08-06 04:30:00,1754454600,40775.0,40775.0,40765.0,40765.0,2,5,7,2025-08-03/2025-08-09,2663
1522,-976,MNK,MNKU25,M30,2025-08-06 05:00:00,1754456400,40765.0,40765.0,40735.0,40735.0,6,5,12,2025-08-03/2025-08-09,2663
1523,-975,MNK,MNKU25,M30,2025-08-06 05:30:00,1754458200,40760.0,40840.0,40760.0,40840.0,7,5,31,2025-08-03/2025-08-09,2663
1524,-974,MNK,MNKU25,M30,2025-08-06 06:30:00,1754461800,40835.0,40865.0,40820.0,40820.0,9,5,19,2025-08-03/2025-08-09,2663
1525,-973,MNK,MNKU25,M30,2025-08-06 07:00:00,1754463600,40830.0,40830.0,40830.0,40830.0,1,10,1,2025-08-03/2025-08-09,2663
1526,-972,MNK,MNKU25,M30,2025-08-06 08:00:00,1754467200,40810.0,40810.0,40805.0,40805.0,2,5,3,2025-08-03/2025-08-09,2663
1527,-971,MNK,MNKU25,M30,2025-08-06 08:30:00,1754469000,40780.0,40780.0,40760.0,40760.0,6,5,7,2025-08-03/2025-08-09,2663
1528,-970,MNK,MNKU25,M30,2025-08-06 10:30:00,1754476200,40720.0,40720.0,40720.0,40720.0,1,5,1,2025-08-03/2025-08-09,2663
1529,-969,MNK,MNKU25,M30,2025-08-06 11:00:00,1754478000,40755.0,40780.0,40755.0,40755.0,13,5,16,2025-08-03/2025-08-09,2663
1530,-968,MNK,MNKU25,M30,2025-08-06 11:30:00,1754479800,40750.0,40750.0,40750.0,40750.0,1,10,2,2025-08-03/2025-08-09,2663
1531,-967,MNK,MNKU25,M30,2025-08-06 12:00:00,1754481600,40725.0,40725.0,40720.0,40720.0,2,5,3,2025-08-03/2025-08-09,2663
1532,-966,MNK,MNKU25,M30,2025-08-06 12:30:00,1754483400,40700.0,40700.0,40695.0,40695.0,2,10,2,2025-08-03/2025-08-09,2663
1533,-965,MNK,MNKU25,M30,2025-08-06 13:00:00,1754485200,40710.0,40740.0,40710.0,40740.0,4,5,5,2025-08-03/2025-08-09,2663
1534,-964,MNK,MNKU25,M30,2025-08-06 13:30:00,1754487000,40680.0,40740.0,40680.0,40720.0,4,10,11,2025-08-03/2025-08-09,2663
1535,-963,MNK,MNKU25,M30,2025-08-06 14:00:00,1754488800,40725.0,40775.0,40660.0,40660.0,25,5,124,2025-08-03/2025-08-09,2663
1536,-962,MNK,MNKU25,M30,2025-08-06 14:30:00,1754490600,40680.0,40750.0,40680.0,40750.0,5,5,6,2025-08-03/2025-08-09,2663
1537,-961,MNK,MNKU25,M30,2025-08-06 15:00:00,1754492400,40745.0,40800.0,40745.0,40800.0,2,5,3,2025-08-03/2025-08-09,2663
1538,-960,MNK,MNKU25,M30,2025-08-06 15:30:00,1754494200,40845.0,40845.0,40840.0,40840.0,2,5,2,2025-08-03/2025-08-09,2663
1539,-959,MNK,MNKU25,M30,2025-08-06 17:30:00,1754501400,40900.0,40900.0,40900.0,40900.0,1,15,2,2025-08-03/2025-08-09,2663
1540,-958,MNK,MNKU25,M30,2025-08-06 18:00:00,1754503200,40910.0,40910.0,40910.0,40910.0,1,10,5,2025-08-03/2025-08-09,2663
1541,-957,MNK,MNKU25,M30,2025-08-06 18:30:00,1754505000,40885.0,40890.0,40885.0,40890.0,7,5,11,2025-08-03/2025-08-09,2663
1542,-956,MNK,MNKU25,M30,2025-08-06 19:30:00,1754508600,40900.0,40905.0,40890.0,40895.0,10,5,14,2025-08-03/2025-08-09,2663
1543,-955,MNK,MNKU25,M30,2025-08-06 20:00:00,1754510400,40890.0,40890.0,40885.0,40885.0,3,10,6,2025-08-03/2025-08-09,2663
1544,-954,MNK,MNKU25,M30,2025-08-06 20:30:00,1754512200,40830.0,40845.0,40830.0,40840.0,5,5,14,2025-08-03/2025-08-09,2663
1545,-953,MNK,MNKU25,M30,2025-08-06 22:30:00,1754519400,40770.0,40770.0,40760.0,40760.0,2,20,4,2025-08-03/2025-08-09,2663
1546,-952,MNK,MNKU25,M30,2025-08-06 23:00:00,1754521200,40790.0,40790.0,40775.0,40775.0,3,5,6,2025-08-03/2025-08-09,2663
1547,-951,MNK,MNKU25,M30,2025-08-06 23:30:00,1754523000,40780.0,40780.0,40725.0,40740.0,3,10,6,2025-08-03/2025-08-09,2663
1548,-950,MNK,MNKU25,M30,2025-08-07 00:00:00,1754524800,40765.0,40980.0,40765.0,40975.0,14,5,15,2025-08-03/2025-08-09,2663
1549,-949,MNK,MNKU25,M30,2025-08-07 00:30:00,1754526600,41010.0,41060.0,41010.0,41055.0,7,5,17,2025-08-03/2025-08-09,2663
1550,-948,MNK,MNKU25,M30,2025-08-07 01:00:00,1754528400,41040.0,41085.0,41040.0,41085.0,3,10,4,2025-08-03/2025-08-09,2663
1551,-947,MNK,MNKU25,M30,2025-08-07 01:30:00,1754530200,41140.0,41180.0,41140.0,41170.0,8,5,12,2025-08-03/2025-08-09,2663
1552,-946,MNK,MNKU25,M30,2025-08-07 02:00:00,1754532000,41165.0,41200.0,41165.0,41200.0,2,5,2,2025-08-03/2025-08-09,2663
1553,-945,MNK,MNKU25,M30,2025-08-07 03:30:00,1754537400,41130.0,41130.0,41125.0,41125.0,2,15,2,2025-08-03/2025-08-09,2663
1554,-944,MNK,MNKU25,M30,2025-08-07 04:00:00,1754539200,41080.0,41080.0,41080.0,41080.0,1,15,1,2025-08-03/2025-08-09,2663
1555,-943,MNK,MNKU25,M30,2025-08-07 04:30:00,1754541000,41090.0,41090.0,40995.0,41005.0,11,5,11,2025-08-03/2025-08-09,2663
1556,-942,MNK,MNKU25,M30,2025-08-07 05:00:00,1754542800,41005.0,41020.0,41005.0,41020.0,2,5,2,2025-08-03/2025-08-09,2663
1557,-941,MNK,MNKU25,M30,2025-08-07 06:00:00,1754546400,41035.0,41035.0,41035.0,41035.0,1,15,1,2025-08-03/2025-08-09,2663
1558,-940,MNK,MNKU25,M30,2025-08-07 06:30:00,1754548200,41060.0,41100.0,41005.0,41005.0,15,5,36,2025-08-03/2025-08-09,2663
1559,-939,MNK,MNKU25,M30,2025-08-07 07:00:00,1754550000,40995.0,41025.0,40990.0,41020.0,10,5,14,2025-08-03/2025-08-09,2663
1560,-938,MNK,MNKU25,M30,2025-08-07 07:30:00,1754551800,41025.0,41025.0,41005.0,41020.0,6,5,7,2025-08-03/2025-08-09,2663
1561,-937,MNK,MNKU25,M30,2025-08-07 08:00:00,1754553600,41090.0,41240.0,41090.0,41240.0,8,5,9,2025-08-03/2025-08-09,2663
1562,-936,MNK,MNKU25,M30,2025-08-07 08:30:00,1754555400,41220.0,41225.0,41200.0,41225.0,7,5,17,2025-08-03/2025-08-09,2663
1563,-935,MNK,MNKU25,M30,2025-08-07 09:00:00,1754557200,41200.0,41265.0,41200.0,41265.0,6,5,6,2025-08-03/2025-08-09,2663
1564,-934,MNK,MNKU25,M30,2025-08-07 09:30:00,1754559000,41310.0,41310.0,41310.0,41310.0,1,20,1,2025-08-03/2025-08-09,2663
1565,-933,MNK,MNKU25,M30,2025-08-07 10:00:00,1754560800,41340.0,41340.0,41340.0,41340.0,1,10,1,2025-08-03/2025-08-09,2663
1566,-932,MNK,MNKU25,M30,2025-08-07 10:30:00,1754562600,41320.0,41320.0,41300.0,41300.0,2,15,2,2025-08-03/2025-08-09,2663
1567,-931,MNK,MNKU25,M30,2025-08-07 11:00:00,1754564400,41310.0,41330.0,41310.0,41330.0,2,10,4,2025-08-03/2025-08-09,2663
1568,-930,MNK,MNKU25,M30,2025-08-07 12:00:00,1754568000,41285.0,41285.0,41240.0,41240.0,8,5,27,2025-08-03/2025-08-09,2663
1569,-929,MNK,MNKU25,M30,2025-08-07 12:30:00,1754569800,41245.0,41295.0,41245.0,41295.0,7,5,17,2025-08-03/2025-08-09,2663
1570,-928,MNK,MNKU25,M30,2025-08-07 13:30:00,1754573400,41340.0,41340.0,41275.0,41290.0,14,5,59,2025-08-03/2025-08-09,2663
1571,-927,MNK,MNKU25,M30,2025-08-07 14:00:00,1754575200,41305.0,41305.0,41135.0,41150.0,29,5,37,2025-08-03/2025-08-09,2663
1572,-926,MNK,MNKU25,M30,2025-08-07 14:30:00,1754577000,41160.0,41190.0,41135.0,41135.0,9,5,10,2025-08-03/2025-08-09,2663
1573,-925,MNK,MNKU25,M30,2025-08-07 15:00:00,1754578800,41130.0,41170.0,41130.0,41135.0,4,5,5,2025-08-03/2025-08-09,2663
1574,-924,MNK,MNKU25,M30,2025-08-07 15:30:00,1754580600,41115.0,41130.0,41110.0,41110.0,5,15,6,2025-08-03/2025-08-09,2663
1575,-923,MNK,MNKU25,M30,2025-08-07 16:00:00,1754582400,41115.0,41115.0,41110.0,41110.0,3,5,4,2025-08-03/2025-08-09,2663
1576,-922,MNK,MNKU25,M30,2025-08-07 16:30:00,1754584200,41060.0,41125.0,41060.0,41125.0,5,5,7,2025-08-03/2025-08-09,2663
1577,-921,MNK,MNKU25,M30,2025-08-07 17:00:00,1754586000,41115.0,41125.0,41080.0,41100.0,6,5,6,2025-08-03/2025-08-09,2663
1578,-920,MNK,MNKU25,M30,2025-08-07 17:30:00,1754587800,41070.0,41080.0,41070.0,41080.0,3,5,5,2025-08-03/2025-08-09,2663
1579,-919,MNK,MNKU25,M30,2025-08-07 18:00:00,1754589600,41045.0,41045.0,41045.0,41045.0,1,20,3,2025-08-03/2025-08-09,2663
1580,-918,MNK,MNKU25,M30,2025-08-07 18:30:00,1754591400,41060.0,41060.0,41060.0,41060.0,1,10,1,2025-08-03/2025-08-09,2663
1581,-917,MNK,MNKU25,M30,2025-08-07 19:00:00,1754593200,41065.0,41065.0,41065.0,41065.0,4,5,8,2025-08-03/2025-08-09,2663
1582,-916,MNK,MNKU25,M30,2025-08-07 19:30:00,1754595000,41055.0,41130.0,41055.0,41130.0,5,15,5,2025-08-03/2025-08-09,2663
1583,-915,MNK,MNKU25,M30,2025-08-07 20:00:00,1754596800,41160.0,41170.0,41155.0,41155.0,9,5,9,2025-08-03/2025-08-09,2663
1584,-914,MNK,MNKU25,M30,2025-08-07 20:30:00,1754598600,41165.0,41165.0,41155.0,41155.0,7,5,8,2025-08-03/2025-08-09,2663
1585,-913,MNK,MNKU25,M30,2025-08-07 22:30:00,1754605800,41175.0,41175.0,41175.0,41175.0,2,5,3,2025-08-03/2025-08-09,2663
1586,-912,MNK,MNKU25,M30,2025-08-07 23:00:00,1754607600,41260.0,41300.0,41260.0,41300.0,4,5,7,2025-08-03/2025-08-09,2663
1587,-911,MNK,MNKU25,M30,2025-08-07 23:30:00,1754609400,41280.0,41280.0,41220.0,41255.0,12,10,42,2025-08-03/2025-08-09,2663
1588,-910,MNK,MNKU25,M30,2025-08-08 00:00:00,1754611200,41390.0,41660.0,41390.0,41630.0,26,5,36,2025-08-03/2025-08-09,2663
1589,-909,MNK,MNKU25,M30,2025-08-08 00:30:00,1754613000,41680.0,41830.0,41680.0,41820.0,45,5,110,2025-08-03/2025-08-09,2663
1590,-908,MNK,MNKU25,M30,2025-08-08 01:00:00,1754614800,41870.0,41920.0,41850.0,41860.0,36,5,122,2025-08-03/2025-08-09,2663
1591,-907,MNK,MNKU25,M30,2025-08-08 01:30:00,1754616600,41925.0,41960.0,41865.0,41865.0,15,5,43,2025-08-03/2025-08-09,2663
1592,-906,MNK,MNKU25,M30,2025-08-08 02:00:00,1754618400,41920.0,41985.0,41920.0,41985.0,11,5,19,2025-08-03/2025-08-09,2663
1593,-905,MNK,MNKU25,M30,2025-08-08 02:30:00,1754620200,41950.0,41995.0,41950.0,41995.0,5,5,7,2025-08-03/2025-08-09,2663
1594,-904,MNK,MNKU25,M30,2025-08-08 03:00:00,1754622000,42005.0,42005.0,42005.0,42005.0,1,5,1,2025-08-03/2025-08-09,2663
1595,-903,MNK,MNKU25,M30,2025-08-08 03:30:00,1754623800,42020.0,42030.0,42000.0,42030.0,6,10,7,2025-08-03/2025-08-09,2663
1596,-902,MNK,MNKU25,M30,2025-08-08 04:00:00,1754625600,42050.0,42055.0,41990.0,42005.0,15,5,62,2025-08-03/2025-08-09,2663
1597,-901,MNK,MNKU25,M30,2025-08-08 04:30:00,1754627400,42005.0,42005.0,41850.0,41885.0,25,5,29,2025-08-03/2025-08-09,2663
1598,-900,MNK,MNKU25,M30,2025-08-08 05:00:00,1754629200,41905.0,41905.0,41900.0,41900.0,6,5,6,2025-08-03/2025-08-09,2663
1599,-899,MNK,MNKU25,M30,2025-08-08 05:30:00,1754631000,41845.0,41845.0,41820.0,41820.0,2,10,2,2025-08-03/2025-08-09,2663
1600,-898,MNK,MNKU25,M30,2025-08-08 06:00:00,1754632800,41805.0,41825.0,41795.0,41825.0,5,5,6,2025-08-03/2025-08-09,2663
1601,-897,MNK,MNKU25,M30,2025-08-08 06:30:00,1754634600,41875.0,41925.0,41855.0,41855.0,8,5,10,2025-08-03/2025-08-09,2663
1602,-896,MNK,MNKU25,M30,2025-08-08 07:00:00,1754636400,41800.0,41845.0,41800.0,41845.0,3,5,3,2025-08-03/2025-08-09,2663
1603,-895,MNK,MNKU25,M30,2025-08-08 07:30:00,1754638200,41865.0,41865.0,41850.0,41850.0,2,15,3,2025-08-03/2025-08-09,2663
1604,-894,MNK,MNKU25,M30,2025-08-08 08:00:00,1754640000,41870.0,41870.0,41870.0,41870.0,1,15,1,2025-08-03/2025-08-09,2663
1605,-893,MNK,MNKU25,M30,2025-08-08 08:30:00,1754641800,41950.0,41955.0,41915.0,41915.0,6,5,15,2025-08-03/2025-08-09,2663
1606,-892,MNK,MNKU25,M30,2025-08-08 09:00:00,1754643600,41930.0,41945.0,41930.0,41945.0,3,5,3,2025-08-03/2025-08-09,2663
1607,-891,MNK,MNKU25,M30,2025-08-08 09:30:00,1754645400,41955.0,42010.0,41955.0,42010.0,5,5,5,2025-08-03/2025-08-09,2663
1608,-890,MNK,MNKU25,M30,2025-08-08 10:00:00,1754647200,42015.0,42015.0,42015.0,42015.0,1,5,1,2025-08-03/2025-08-09,2663
1609,-889,MNK,MNKU25,M30,2025-08-08 10:30:00,1754649000,42035.0,42145.0,42035.0,42145.0,15,5,27,2025-08-03/2025-08-09,2663
1610,-888,MNK,MNKU25,M30,2025-08-08 11:00:00,1754650800,42125.0,42145.0,42110.0,42110.0,6,5,6,2025-08-03/2025-08-09,2663
1611,-887,MNK,MNKU25,M30,2025-08-08 11:30:00,1754652600,42130.0,42180.0,42130.0,42170.0,4,5,4,2025-08-03/2025-08-09,2663
1612,-886,MNK,MNKU25,M30,2025-08-08 12:30:00,1754656200,42045.0,42085.0,42040.0,42085.0,5,5,5,2025-08-03/2025-08-09,2663
1613,-885,MNK,MNKU25,M30,2025-08-08 13:00:00,1754658000,42095.0,42105.0,42095.0,42105.0,4,0,4,2025-08-03/2025-08-09,2663
1614,-884,MNK,MNKU25,M30,2025-08-08 13:30:00,1754659800,42080.0,42205.0,42050.0,42195.0,19,5,25,2025-08-03/2025-08-09,2663
1615,-883,MNK,MNKU25,M30,2025-08-08 14:00:00,1754661600,42210.0,42270.0,42195.0,42265.0,29,5,33,2025-08-03/2025-08-09,2663
1616,-882,MNK,MNKU25,M30,2025-08-08 14:30:00,1754663400,42270.0,42325.0,42270.0,42285.0,18,5,21,2025-08-03/2025-08-09,2663
1617,-881,MNK,MNKU25,M30,2025-08-08 15:00:00,1754665200,42310.0,42335.0,42275.0,42335.0,7,5,7,2025-08-03/2025-08-09,2663
1618,-880,MNK,MNKU25,M30,2025-08-08 15:30:00,1754667000,42350.0,42360.0,42240.0,42300.0,19,5,21,2025-08-03/2025-08-09,2663
1619,-879,MNK,MNKU25,M30,2025-08-08 16:00:00,1754668800,42340.0,42380.0,42340.0,42375.0,6,5,8,2025-08-03/2025-08-09,2663
1620,-878,MNK,MNKU25,M30,2025-08-08 16:30:00,1754670600,42375.0,42375.0,42365.0,42365.0,3,5,3,2025-08-03/2025-08-09,2663
1621,-877,MNK,MNKU25,M30,2025-08-08 17:00:00,1754672400,42350.0,42355.0,42350.0,42350.0,4,10,4,2025-08-03/2025-08-09,2663
1622,-876,MNK,MNKU25,M30,2025-08-08 17:30:00,1754674200,42365.0,42390.0,42365.0,42365.0,9,5,14,2025-08-03/2025-08-09,2663
1623,-875,MNK,MNKU25,M30,2025-08-08 18:00:00,1754676000,42390.0,42395.0,42365.0,42365.0,4,10,5,2025-08-03/2025-08-09,2663
1624,-874,MNK,MNKU25,M30,2025-08-08 18:30:00,1754677800,42395.0,42410.0,42395.0,42395.0,9,5,9,2025-08-03/2025-08-09,2663
1625,-873,MNK,MNKU25,M30,2025-08-08 19:30:00,1754681400,42395.0,42395.0,42300.0,42325.0,19,5,20,2025-08-03/2025-08-09,2663
1626,-872,MNK,MNKU25,M30,2025-08-08 20:00:00,1754683200,42340.0,42340.0,42325.0,42325.0,2,15,2,2025-08-03/2025-08-09,2663
1627,-871,MNK,MNKU25,M30,2025-08-08 20:30:00,1754685000,42355.0,42355.0,42150.0,42255.0,12,15,15,2025-08-03/2025-08-09,2663
1628,-870,MNK,MNKU25,M30,2025-08-10 22:00:00,1754863200,42295.0,42340.0,42295.0,42310.0,4,5,7,2025-08-10/2025-08-16,2573
1629,-869,MNK,MNKU25,M30,2025-08-10 23:00:00,1754866800,42310.0,42310.0,42310.0,42310.0,2,10,2,2025-08-10/2025-08-16,2573
1630,-868,MNK,MNKU25,M30,2025-08-10 23:30:00,1754868600,42240.0,42300.0,42240.0,42285.0,7,10,7,2025-08-10/2025-08-16,2573
1631,-867,MNK,MNKU25,M30,2025-08-11 00:00:00,1754870400,42295.0,42360.0,42295.0,42350.0,4,5,4,2025-08-10/2025-08-16,2573
1632,-866,MNK,MNKU25,M30,2025-08-11 00:30:00,1754872200,42405.0,42415.0,42405.0,42415.0,3,5,3,2025-08-10/2025-08-16,2573
1633,-865,MNK,MNKU25,M30,2025-08-11 01:00:00,1754874000,42475.0,42520.0,42475.0,42500.0,8,5,12,2025-08-10/2025-08-16,2573
1634,-864,MNK,MNKU25,M30,2025-08-11 01:30:00,1754875800,42440.0,42460.0,42440.0,42460.0,4,10,4,2025-08-10/2025-08-16,2573
1635,-863,MNK,MNKU25,M30,2025-08-11 02:00:00,1754877600,42480.0,42480.0,42480.0,42480.0,2,10,2,2025-08-10/2025-08-16,2573
1636,-862,MNK,MNKU25,M30,2025-08-11 02:30:00,1754879400,42465.0,42465.0,42430.0,42445.0,8,10,8,2025-08-10/2025-08-16,2573
1637,-861,MNK,MNKU25,M30,2025-08-11 03:00:00,1754881200,42485.0,42485.0,42485.0,42485.0,2,10,2,2025-08-10/2025-08-16,2573
1638,-860,MNK,MNKU25,M30,2025-08-11 03:30:00,1754883000,42440.0,42440.0,42440.0,42440.0,1,20,1,2025-08-10/2025-08-16,2573
1639,-859,MNK,MNKU25,M30,2025-08-11 04:00:00,1754884800,42330.0,42380.0,42330.0,42380.0,5,5,5,2025-08-10/2025-08-16,2573
1640,-858,MNK,MNKU25,M30,2025-08-11 04:30:00,1754886600,42380.0,42380.0,42380.0,42380.0,1,10,1,2025-08-10/2025-08-16,2573
1641,-857,MNK,MNKU25,M30,2025-08-11 05:00:00,1754888400,42375.0,42375.0,42375.0,42375.0,1,10,1,2025-08-10/2025-08-16,2573
1642,-856,MNK,MNKU25,M30,2025-08-11 06:00:00,1754892000,42370.0,42370.0,42370.0,42370.0,1,5,1,2025-08-10/2025-08-16,2573
1643,-855,MNK,MNKU25,M30,2025-08-11 06:30:00,1754893800,42365.0,42425.0,42350.0,42425.0,6,10,8,2025-08-10/2025-08-16,2573
1644,-854,MNK,MNKU25,M30,2025-08-11 07:00:00,1754895600,42400.0,42400.0,42350.0,42350.0,4,5,8,2025-08-10/2025-08-16,2573
1645,-853,MNK,MNKU25,M30,2025-08-11 07:30:00,1754897400,42325.0,42325.0,42280.0,42280.0,3,5,3,2025-08-10/2025-08-16,2573
1646,-852,MNK,MNKU25,M30,2025-08-11 08:00:00,1754899200,42305.0,42320.0,42290.0,42305.0,11,5,33,2025-08-10/2025-08-16,2573
1647,-851,MNK,MNKU25,M30,2025-08-11 08:30:00,1754901000,42290.0,42290.0,42290.0,42290.0,1,5,1,2025-08-10/2025-08-16,2573
1648,-850,MNK,MNKU25,M30,2025-08-11 09:00:00,1754902800,42300.0,42300.0,42300.0,42300.0,1,5,1,2025-08-10/2025-08-16,2573
1649,-849,MNK,MNKU25,M30,2025-08-11 10:00:00,1754906400,42340.0,42350.0,42340.0,42350.0,5,5,12,2025-08-10/2025-08-16,2573
1650,-848,MNK,MNKU25,M30,2025-08-11 10:30:00,1754908200,42340.0,42340.0,42335.0,42335.0,2,5,2,2025-08-10/2025-08-16,2573
1651,-847,MNK,MNKU25,M30,2025-08-11 12:00:00,1754913600,42350.0,42350.0,42335.0,42335.0,9,10,9,2025-08-10/2025-08-16,2573
1652,-846,MNK,MNKU25,M30,2025-08-11 12:30:00,1754915400,42325.0,42330.0,42325.0,42330.0,4,5,11,2025-08-10/2025-08-16,2573
1653,-845,MNK,MNKU25,M30,2025-08-11 13:00:00,1754917200,42370.0,42370.0,42350.0,42355.0,3,5,3,2025-08-10/2025-08-16,2573
1654,-844,MNK,MNKU25,M30,2025-08-11 13:30:00,1754919000,42385.0,42415.0,42385.0,42400.0,6,5,7,2025-08-10/2025-08-16,2573
1655,-843,MNK,MNKU25,M30,2025-08-11 14:00:00,1754920800,42410.0,42410.0,42380.0,42400.0,6,5,16,2025-08-10/2025-08-16,2573
1656,-842,MNK,MNKU25,M30,2025-08-11 14:30:00,1754922600,42395.0,42410.0,42380.0,42380.0,4,5,5,2025-08-10/2025-08-16,2573
1657,-841,MNK,MNKU25,M30,2025-08-11 15:00:00,1754924400,42365.0,42365.0,42365.0,42365.0,2,5,2,2025-08-10/2025-08-16,2573
1658,-840,MNK,MNKU25,M30,2025-08-11 15:30:00,1754926200,42400.0,42400.0,42360.0,42360.0,3,5,4,2025-08-10/2025-08-16,2573
1659,-839,MNK,MNKU25,M30,2025-08-11 16:00:00,1754928000,42440.0,42440.0,42425.0,42425.0,3,5,3,2025-08-10/2025-08-16,2573
1660,-838,MNK,MNKU25,M30,2025-08-11 16:30:00,1754929800,42375.0,42390.0,42375.0,42390.0,2,5,2,2025-08-10/2025-08-16,2573
1661,-837,MNK,MNKU25,M30,2025-08-11 17:30:00,1754933400,42330.0,42330.0,42320.0,42320.0,2,5,2,2025-08-10/2025-08-16,2573
1662,-836,MNK,MNKU25,M30,2025-08-11 18:00:00,1754935200,42335.0,42335.0,42335.0,42335.0,1,5,1,2025-08-10/2025-08-16,2573
1663,-835,MNK,MNKU25,M30,2025-08-11 19:30:00,1754940600,42260.0,42310.0,42260.0,42310.0,2,5,2,2025-08-10/2025-08-16,2573
1664,-834,MNK,MNKU25,M30,2025-08-11 20:00:00,1754942400,42340.0,42340.0,42305.0,42305.0,8,5,11,2025-08-10/2025-08-16,2573
1665,-833,MNK,MNKU25,M30,2025-08-11 22:00:00,1754949600,42205.0,42280.0,42205.0,42250.0,5,5,5,2025-08-10/2025-08-16,2573
1666,-832,MNK,MNKU25,M30,2025-08-11 22:30:00,1754951400,42235.0,42255.0,42235.0,42255.0,2,5,2,2025-08-10/2025-08-16,2573
1667,-831,MNK,MNKU25,M30,2025-08-11 23:00:00,1754953200,42260.0,42280.0,42260.0,42260.0,5,5,6,2025-08-10/2025-08-16,2573
1668,-830,MNK,MNKU25,M30,2025-08-11 23:30:00,1754955000,42300.0,42320.0,42240.0,42240.0,7,5,10,2025-08-10/2025-08-16,2573
1669,-829,MNK,MNKU25,M30,2025-08-12 00:00:00,1754956800,42335.0,42730.0,42335.0,42655.0,40,5,54,2025-08-10/2025-08-16,2573
1670,-828,MNK,MNKU25,M30,2025-08-12 00:30:00,1754958600,42675.0,42820.0,42560.0,42820.0,29,5,41,2025-08-10/2025-08-16,2573
1671,-827,MNK,MNKU25,M30,2025-08-12 01:00:00,1754960400,42805.0,42805.0,42685.0,42795.0,11,5,21,2025-08-10/2025-08-16,2573
1672,-826,MNK,MNKU25,M30,2025-08-12 01:30:00,1754962200,42795.0,42895.0,42790.0,42860.0,19,5,65,2025-08-10/2025-08-16,2573
1673,-825,MNK,MNKU25,M30,2025-08-12 02:00:00,1754964000,42880.0,42880.0,42840.0,42840.0,4,5,5,2025-08-10/2025-08-16,2573
1674,-824,MNK,MNKU25,M30,2025-08-12 02:30:00,1754965800,42900.0,42930.0,42900.0,42920.0,8,5,9,2025-08-10/2025-08-16,2573
1675,-823,MNK,MNKU25,M30,2025-08-12 03:00:00,1754967600,42925.0,42955.0,42925.0,42935.0,8,5,16,2025-08-10/2025-08-16,2573
1676,-822,MNK,MNKU25,M30,2025-08-12 03:30:00,1754969400,42935.0,43005.0,42930.0,42970.0,15,5,16,2025-08-10/2025-08-16,2573
1677,-821,MNK,MNKU25,M30,2025-08-12 04:00:00,1754971200,43000.0,43000.0,43000.0,43000.0,1,10,1,2025-08-10/2025-08-16,2573
1678,-820,MNK,MNKU25,M30,2025-08-12 04:30:00,1754973000,43000.0,43010.0,43000.0,43010.0,2,10,2,2025-08-10/2025-08-16,2573
1679,-819,MNK,MNKU25,M30,2025-08-12 05:00:00,1754974800,42970.0,42970.0,42800.0,42810.0,36,5,72,2025-08-10/2025-08-16,2573
1680,-818,MNK,MNKU25,M30,2025-08-12 05:30:00,1754976600,42760.0,42815.0,42750.0,42765.0,14,5,35,2025-08-10/2025-08-16,2573
1681,-817,MNK,MNKU25,M30,2025-08-12 06:00:00,1754978400,42820.0,42820.0,42655.0,42760.0,14,5,17,2025-08-10/2025-08-16,2573
1682,-816,MNK,MNKU25,M30,2025-08-12 06:30:00,1754980200,42630.0,42680.0,42630.0,42655.0,12,5,18,2025-08-10/2025-08-16,2573
1683,-815,MNK,MNKU25,M30,2025-08-12 07:00:00,1754982000,42700.0,42705.0,42695.0,42705.0,4,5,4,2025-08-10/2025-08-16,2573
1684,-814,MNK,MNKU25,M30,2025-08-12 07:30:00,1754983800,42730.0,42730.0,42730.0,42730.0,2,5,2,2025-08-10/2025-08-16,2573
1685,-813,MNK,MNKU25,M30,2025-08-12 08:00:00,1754985600,42730.0,42730.0,42660.0,42695.0,3,5,5,2025-08-10/2025-08-16,2573
1686,-812,MNK,MNKU25,M30,2025-08-12 09:00:00,1754989200,42740.0,42800.0,42740.0,42770.0,13,5,16,2025-08-10/2025-08-16,2573
1687,-811,MNK,MNKU25,M30,2025-08-12 09:30:00,1754991000,42760.0,42760.0,42760.0,42760.0,3,5,5,2025-08-10/2025-08-16,2573
1688,-810,MNK,MNKU25,M30,2025-08-12 10:00:00,1754992800,42775.0,42775.0,42770.0,42770.0,2,5,3,2025-08-10/2025-08-16,2573
1689,-809,MNK,MNKU25,M30,2025-08-12 11:00:00,1754996400,42810.0,42810.0,42780.0,42780.0,4,5,5,2025-08-10/2025-08-16,2573
1690,-808,MNK,MNKU25,M30,2025-08-12 11:30:00,1754998200,42815.0,42840.0,42815.0,42840.0,3,5,4,2025-08-10/2025-08-16,2573
1691,-807,MNK,MNKU25,M30,2025-08-12 12:00:00,1755000000,42850.0,42930.0,42850.0,42930.0,11,5,44,2025-08-10/2025-08-16,2573
1692,-806,MNK,MNKU25,M30,2025-08-12 12:30:00,1755001800,43025.0,43220.0,43025.0,43195.0,12,5,13,2025-08-10/2025-08-16,2573
1693,-805,MNK,MNKU25,M30,2025-08-12 13:00:00,1755003600,43105.0,43120.0,43070.0,43120.0,7,5,8,2025-08-10/2025-08-16,2573
1694,-804,MNK,MNKU25,M30,2025-08-12 13:30:00,1755005400,43140.0,43205.0,43070.0,43100.0,19,5,21,2025-08-10/2025-08-16,2573
1695,-803,MNK,MNKU25,M30,2025-08-12 14:00:00,1755007200,43105.0,43285.0,43080.0,43285.0,19,5,23,2025-08-10/2025-08-16,2573
1696,-802,MNK,MNKU25,M30,2025-08-12 14:30:00,1755009000,43250.0,43315.0,43250.0,43315.0,12,5,13,2025-08-10/2025-08-16,2573
1697,-801,MNK,MNKU25,M30,2025-08-12 15:00:00,1755010800,43315.0,43385.0,43310.0,43315.0,15,5,16,2025-08-10/2025-08-16,2573
1698,-800,MNK,MNKU25,M30,2025-08-12 15:30:00,1755012600,43295.0,43350.0,43295.0,43350.0,4,5,6,2025-08-10/2025-08-16,2573
1699,-799,MNK,MNKU25,M30,2025-08-12 16:00:00,1755014400,43330.0,43335.0,43330.0,43335.0,2,15,2,2025-08-10/2025-08-16,2573
1700,-798,MNK,MNKU25,M30,2025-08-12 16:30:00,1755016200,43345.0,43345.0,43330.0,43330.0,3,5,4,2025-08-10/2025-08-16,2573
1701,-797,MNK,MNKU25,M30,2025-08-12 17:00:00,1755018000,43320.0,43320.0,43320.0,43320.0,1,20,1,2025-08-10/2025-08-16,2573
1702,-796,MNK,MNKU25,M30,2025-08-12 17:30:00,1755019800,43335.0,43335.0,43335.0,43335.0,1,20,1,2025-08-10/2025-08-16,2573
1703,-795,MNK,MNKU25,M30,2025-08-12 18:00:00,1755021600,43335.0,43335.0,43320.0,43330.0,6,10,6,2025-08-10/2025-08-16,2573
1704,-794,MNK,MNKU25,M30,2025-08-12 18:30:00,1755023400,43290.0,43290.0,43265.0,43275.0,14,5,19,2025-08-10/2025-08-16,2573
1705,-793,MNK,MNKU25,M30,2025-08-12 19:00:00,1755025200,43275.0,43315.0,43275.0,43285.0,7,10,7,2025-08-10/2025-08-16,2573
1706,-792,MNK,MNKU25,M30,2025-08-12 19:30:00,1755027000,43310.0,43320.0,43300.0,43310.0,9,5,13,2025-08-10/2025-08-16,2573
1707,-791,MNK,MNKU25,M30,2025-08-12 20:00:00,1755028800,43300.0,43300.0,43275.0,43275.0,4,5,4,2025-08-10/2025-08-16,2573
1708,-790,MNK,MNKU25,M30,2025-08-12 20:30:00,1755030600,43320.0,43325.0,43320.0,43325.0,2,15,4,2025-08-10/2025-08-16,2573
1709,-789,MNK,MNKU25,M30,2025-08-12 22:00:00,1755036000,43325.0,43325.0,43325.0,43325.0,1,10,1,2025-08-10/2025-08-16,2573
1710,-788,MNK,MNKU25,M30,2025-08-12 22:30:00,1755037800,43300.0,43305.0,43300.0,43305.0,2,15,2,2025-08-10/2025-08-16,2573
1711,-787,MNK,MNKU25,M30,2025-08-12 23:00:00,1755039600,43305.0,43340.0,43305.0,43340.0,6,10,9,2025-08-10/2025-08-16,2573
1712,-786,MNK,MNKU25,M30,2025-08-12 23:30:00,1755041400,43300.0,43320.0,43220.0,43235.0,11,5,19,2025-08-10/2025-08-16,2573
1713,-785,MNK,MNKU25,M30,2025-08-13 00:00:00,1755043200,43275.0,43275.0,43055.0,43085.0,22,5,36,2025-08-10/2025-08-16,2573
1714,-784,MNK,MNKU25,M30,2025-08-13 00:30:00,1755045000,43085.0,43260.0,43080.0,43245.0,17,5,60,2025-08-10/2025-08-16,2573
1715,-783,MNK,MNKU25,M30,2025-08-13 01:00:00,1755046800,43260.0,43340.0,43255.0,43310.0,31,5,69,2025-08-10/2025-08-16,2573
1716,-782,MNK,MNKU25,M30,2025-08-13 01:30:00,1755048600,43320.0,43370.0,43250.0,43340.0,19,5,37,2025-08-10/2025-08-16,2573
1717,-781,MNK,MNKU25,M30,2025-08-13 02:00:00,1755050400,43320.0,43320.0,43300.0,43315.0,3,5,3,2025-08-10/2025-08-16,2573
1718,-780,MNK,MNKU25,M30,2025-08-13 02:30:00,1755052200,43310.0,43310.0,43310.0,43310.0,1,20,1,2025-08-10/2025-08-16,2573
1719,-779,MNK,MNKU25,M30,2025-08-13 03:00:00,1755054000,43390.0,43390.0,43390.0,43390.0,1,15,2,2025-08-10/2025-08-16,2573
1720,-778,MNK,MNKU25,M30,2025-08-13 03:30:00,1755055800,43345.0,43405.0,43345.0,43385.0,10,5,16,2025-08-10/2025-08-16,2573
1721,-777,MNK,MNKU25,M30,2025-08-13 04:00:00,1755057600,43405.0,43420.0,43405.0,43420.0,2,5,2,2025-08-10/2025-08-16,2573
1722,-776,MNK,MNKU25,M30,2025-08-13 04:30:00,1755059400,43410.0,43410.0,43310.0,43310.0,3,5,4,2025-08-10/2025-08-16,2573
1723,-775,MNK,MNKU25,M30,2025-08-13 05:00:00,1755061200,43310.0,43345.0,43215.0,43285.0,17,5,31,2025-08-10/2025-08-16,2573
1724,-774,MNK,MNKU25,M30,2025-08-13 05:30:00,1755063000,43320.0,43320.0,43320.0,43320.0,1,20,1,2025-08-10/2025-08-16,2573
1725,-773,MNK,MNKU25,M30,2025-08-13 06:00:00,1755064800,43250.0,43350.0,43250.0,43350.0,5,5,6,2025-08-10/2025-08-16,2573
1726,-772,MNK,MNKU25,M30,2025-08-13 06:30:00,1755066600,43350.0,43410.0,43335.0,43360.0,11,5,28,2025-08-10/2025-08-16,2573
1727,-771,MNK,MNKU25,M30,2025-08-13 07:00:00,1755068400,43390.0,43420.0,43390.0,43420.0,2,5,3,2025-08-10/2025-08-16,2573
1728,-770,MNK,MNKU25,M30,2025-08-13 07:30:00,1755070200,43500.0,43510.0,43490.0,43490.0,7,5,19,2025-08-10/2025-08-16,2573
1729,-769,MNK,MNKU25,M30,2025-08-13 08:00:00,1755072000,43475.0,43475.0,43400.0,43400.0,5,10,23,2025-08-10/2025-08-16,2573
1730,-768,MNK,MNKU25,M30,2025-08-13 08:30:00,1755073800,43475.0,43475.0,43475.0,43475.0,2,15,2,2025-08-10/2025-08-16,2573
1731,-767,MNK,MNKU25,M30,2025-08-13 09:00:00,1755075600,43365.0,43365.0,43365.0,43365.0,2,5,2,2025-08-10/2025-08-16,2573
1732,-766,MNK,MNKU25,M30,2025-08-13 09:30:00,1755077400,43310.0,43320.0,43310.0,43320.0,2,10,2,2025-08-10/2025-08-16,2573
1733,-765,MNK,MNKU25,M30,2025-08-13 10:00:00,1755079200,43310.0,43310.0,43310.0,43310.0,1,5,1,2025-08-10/2025-08-16,2573
1734,-764,MNK,MNKU25,M30,2025-08-13 10:30:00,1755081000,43265.0,43265.0,43265.0,43265.0,1,15,2,2025-08-10/2025-08-16,2573
1735,-763,MNK,MNKU25,M30,2025-08-13 11:00:00,1755082800,43285.0,43285.0,43285.0,43285.0,1,5,1,2025-08-10/2025-08-16,2573
1736,-762,MNK,MNKU25,M30,2025-08-13 11:30:00,1755084600,43300.0,43330.0,43255.0,43255.0,9,5,12,2025-08-10/2025-08-16,2573
1737,-761,MNK,MNKU25,M30,2025-08-13 12:00:00,1755086400,43245.0,43245.0,43140.0,43160.0,15,5,37,2025-08-10/2025-08-16,2573
1738,-760,MNK,MNKU25,M30,2025-08-13 12:30:00,1755088200,43160.0,43190.0,43160.0,43190.0,3,5,4,2025-08-10/2025-08-16,2573
1739,-759,MNK,MNKU25,M30,2025-08-13 13:00:00,1755090000,43190.0,43215.0,43190.0,43210.0,5,5,9,2025-08-10/2025-08-16,2573
1740,-758,MNK,MNKU25,M30,2025-08-13 13:30:00,1755091800,43175.0,43245.0,43175.0,43190.0,7,5,9,2025-08-10/2025-08-16,2573
1741,-757,MNK,MNKU25,M30,2025-08-13 14:00:00,1755093600,43215.0,43245.0,43185.0,43185.0,4,15,4,2025-08-10/2025-08-16,2573
1742,-756,MNK,MNKU25,M30,2025-08-13 14:30:00,1755095400,43130.0,43130.0,43070.0,43100.0,13,5,14,2025-08-10/2025-08-16,2573
1743,-755,MNK,MNKU25,M30,2025-08-13 15:00:00,1755097200,43090.0,43125.0,43090.0,43125.0,2,20,2,2025-08-10/2025-08-16,2573
1744,-754,MNK,MNKU25,M30,2025-08-13 15:30:00,1755099000,43140.0,43155.0,43140.0,43155.0,3,10,3,2025-08-10/2025-08-16,2573
1745,-753,MNK,MNKU25,M30,2025-08-13 16:00:00,1755100800,43105.0,43150.0,43105.0,43125.0,4,5,4,2025-08-10/2025-08-16,2573
1746,-752,MNK,MNKU25,M30,2025-08-13 16:30:00,1755102600,43120.0,43120.0,43115.0,43115.0,4,5,7,2025-08-10/2025-08-16,2573
1747,-751,MNK,MNKU25,M30,2025-08-13 17:00:00,1755104400,43125.0,43135.0,43125.0,43135.0,6,5,15,2025-08-10/2025-08-16,2573
1748,-750,MNK,MNKU25,M30,2025-08-13 17:30:00,1755106200,43140.0,43140.0,43135.0,43135.0,3,5,6,2025-08-10/2025-08-16,2573
1749,-749,MNK,MNKU25,M30,2025-08-13 18:00:00,1755108000,43170.0,43170.0,43165.0,43165.0,6,5,6,2025-08-10/2025-08-16,2573
1750,-748,MNK,MNKU25,M30,2025-08-13 18:30:00,1755109800,43175.0,43175.0,43150.0,43150.0,2,15,2,2025-08-10/2025-08-16,2573
1751,-747,MNK,MNKU25,M30,2025-08-13 19:00:00,1755111600,43150.0,43150.0,43140.0,43150.0,4,5,4,2025-08-10/2025-08-16,2573
1752,-746,MNK,MNKU25,M30,2025-08-13 19:30:00,1755113400,43120.0,43180.0,43120.0,43165.0,7,5,11,2025-08-10/2025-08-16,2573
1753,-745,MNK,MNKU25,M30,2025-08-13 20:00:00,1755115200,43180.0,43180.0,43180.0,43180.0,1,10,1,2025-08-10/2025-08-16,2573
1754,-744,MNK,MNKU25,M30,2025-08-13 20:30:00,1755117000,43130.0,43130.0,43130.0,43130.0,1,30,1,2025-08-10/2025-08-16,2573
1755,-743,MNK,MNKU25,M30,2025-08-13 22:00:00,1755122400,43090.0,43090.0,43085.0,43085.0,5,15,5,2025-08-10/2025-08-16,2573
1756,-742,MNK,MNKU25,M30,2025-08-13 22:30:00,1755124200,43135.0,43145.0,43125.0,43125.0,7,15,7,2025-08-10/2025-08-16,2573
1757,-741,MNK,MNKU25,M30,2025-08-13 23:30:00,1755127800,43080.0,43080.0,43075.0,43075.0,5,10,5,2025-08-10/2025-08-16,2573
1758,-740,MNK,MNKU25,M30,2025-08-14 00:00:00,1755129600,43100.0,43215.0,43040.0,43045.0,29,5,44,2025-08-10/2025-08-16,2573
1759,-739,MNK,MNKU25,M30,2025-08-14 00:30:00,1755131400,43100.0,43100.0,42850.0,42900.0,39,5,114,2025-08-10/2025-08-16,2573
1760,-738,MNK,MNKU25,M30,2025-08-14 01:00:00,1755133200,42890.0,42890.0,42700.0,42780.0,34,5,50,2025-08-10/2025-08-16,2573
1761,-737,MNK,MNKU25,M30,2025-08-14 01:30:00,1755135000,42760.0,42815.0,42680.0,42695.0,35,5,41,2025-08-10/2025-08-16,2573
1762,-736,MNK,MNKU25,M30,2025-08-14 02:00:00,1755136800,42710.0,42760.0,42710.0,42740.0,3,10,3,2025-08-10/2025-08-16,2573
1763,-735,MNK,MNKU25,M30,2025-08-14 02:30:00,1755138600,42750.0,42760.0,42730.0,42760.0,9,5,10,2025-08-10/2025-08-16,2573
1764,-734,MNK,MNKU25,M30,2025-08-14 03:00:00,1755140400,42750.0,42750.0,42715.0,42725.0,4,5,4,2025-08-10/2025-08-16,2573
1765,-733,MNK,MNKU25,M30,2025-08-14 03:30:00,1755142200,42680.0,42690.0,42630.0,42690.0,11,5,13,2025-08-10/2025-08-16,2573
1766,-732,MNK,MNKU25,M30,2025-08-14 04:00:00,1755144000,42700.0,42755.0,42690.0,42755.0,7,5,7,2025-08-10/2025-08-16,2573
1767,-731,MNK,MNKU25,M30,2025-08-14 04:30:00,1755145800,42670.0,42715.0,42665.0,42700.0,6,5,7,2025-08-10/2025-08-16,2573
1768,-730,MNK,MNKU25,M30,2025-08-14 05:00:00,1755147600,42690.0,42690.0,42690.0,42690.0,2,20,2,2025-08-10/2025-08-16,2573
1769,-729,MNK,MNKU25,M30,2025-08-14 05:30:00,1755149400,42750.0,42770.0,42670.0,42715.0,6,5,6,2025-08-10/2025-08-16,2573
1770,-728,MNK,MNKU25,M30,2025-08-14 06:00:00,1755151200,42675.0,42710.0,42670.0,42705.0,10,10,29,2025-08-10/2025-08-16,2573
1771,-727,MNK,MNKU25,M30,2025-08-14 06:30:00,1755153000,42695.0,42695.0,42625.0,42625.0,5,15,14,2025-08-10/2025-08-16,2573
1772,-726,MNK,MNKU25,M30,2025-08-14 07:00:00,1755154800,42655.0,42715.0,42650.0,42715.0,6,5,19,2025-08-10/2025-08-16,2573
1773,-725,MNK,MNKU25,M30,2025-08-14 07:30:00,1755156600,42665.0,42695.0,42665.0,42695.0,4,5,4,2025-08-10/2025-08-16,2573
1774,-724,MNK,MNKU25,M30,2025-08-14 08:00:00,1755158400,42700.0,42700.0,42700.0,42700.0,1,15,1,2025-08-10/2025-08-16,2573
1775,-723,MNK,MNKU25,M30,2025-08-14 08:30:00,1755160200,42665.0,42665.0,42545.0,42575.0,8,5,14,2025-08-10/2025-08-16,2573
1776,-722,MNK,MNKU25,M30,2025-08-14 09:00:00,1755162000,42600.0,42615.0,42585.0,42615.0,5,5,6,2025-08-10/2025-08-16,2573
1777,-721,MNK,MNKU25,M30,2025-08-14 09:30:00,1755163800,42650.0,42650.0,42650.0,42650.0,1,5,1,2025-08-10/2025-08-16,2573
1778,-720,MNK,MNKU25,M30,2025-08-14 10:00:00,1755165600,42665.0,42675.0,42665.0,42675.0,4,5,6,2025-08-10/2025-08-16,2573
1779,-719,MNK,MNKU25,M30,2025-08-14 10:30:00,1755167400,42660.0,42695.0,42660.0,42695.0,2,10,4,2025-08-10/2025-08-16,2573
1780,-718,MNK,MNKU25,M30,2025-08-14 11:00:00,1755169200,42695.0,42720.0,42695.0,42720.0,2,10,2,2025-08-10/2025-08-16,2573
1781,-717,MNK,MNKU25,M30,2025-08-14 11:30:00,1755171000,42745.0,42760.0,42745.0,42760.0,7,10,7,2025-08-10/2025-08-16,2573
1782,-716,MNK,MNKU25,M30,2025-08-14 12:00:00,1755172800,42775.0,42775.0,42740.0,42750.0,5,10,6,2025-08-10/2025-08-16,2573
1783,-715,MNK,MNKU25,M30,2025-08-14 12:30:00,1755174600,42625.0,42660.0,42555.0,42650.0,25,5,30,2025-08-10/2025-08-16,2573
1784,-714,MNK,MNKU25,M30,2025-08-14 13:00:00,1755176400,42660.0,42660.0,42660.0,42660.0,2,10,3,2025-08-10/2025-08-16,2573
1785,-713,MNK,MNKU25,M30,2025-08-14 13:30:00,1755178200,42760.0,42810.0,42735.0,42810.0,21,5,54,2025-08-10/2025-08-16,2573
1786,-712,MNK,MNKU25,M30,2025-08-14 14:00:00,1755180000,42835.0,42855.0,42830.0,42835.0,6,5,9,2025-08-10/2025-08-16,2573
1787,-711,MNK,MNKU25,M30,2025-08-14 14:30:00,1755181800,42865.0,42895.0,42865.0,42895.0,2,5,6,2025-08-10/2025-08-16,2573
1788,-710,MNK,MNKU25,M30,2025-08-14 15:00:00,1755183600,42775.0,42775.0,42775.0,42775.0,1,15,1,2025-08-10/2025-08-16,2573
1789,-709,MNK,MNKU25,M30,2025-08-14 15:30:00,1755185400,42790.0,42790.0,42785.0,42785.0,2,5,5,2025-08-10/2025-08-16,2573
1790,-708,MNK,MNKU25,M30,2025-08-14 16:00:00,1755187200,42745.0,42750.0,42735.0,42735.0,3,5,5,2025-08-10/2025-08-16,2573
1791,-707,MNK,MNKU25,M30,2025-08-14 16:30:00,1755189000,42845.0,42845.0,42820.0,42820.0,4,5,4,2025-08-10/2025-08-16,2573
1792,-706,MNK,MNKU25,M30,2025-08-14 19:30:00,1755199800,42870.0,42870.0,42870.0,42870.0,1,15,1,2025-08-10/2025-08-16,2573
1793,-705,MNK,MNKU25,M30,2025-08-14 20:00:00,1755201600,42795.0,42800.0,42770.0,42800.0,5,10,5,2025-08-10/2025-08-16,2573
1794,-704,MNK,MNKU25,M30,2025-08-14 20:30:00,1755203400,42815.0,42815.0,42815.0,42815.0,1,10,1,2025-08-10/2025-08-16,2573
1795,-703,MNK,MNKU25,M30,2025-08-14 22:00:00,1755208800,42845.0,42845.0,42845.0,42845.0,1,20,1,2025-08-10/2025-08-16,2573
1796,-702,MNK,MNKU25,M30,2025-08-14 23:30:00,1755214200,42780.0,42855.0,42780.0,42855.0,3,10,3,2025-08-10/2025-08-16,2573
1797,-701,MNK,MNKU25,M30,2025-08-15 00:00:00,1755216000,42885.0,42965.0,42785.0,42800.0,24,5,116,2025-08-10/2025-08-16,2573
1798,-700,MNK,MNKU25,M30,2025-08-15 00:30:00,1755217800,42830.0,42980.0,42830.0,42920.0,11,5,29,2025-08-10/2025-08-16,2573
1799,-699,MNK,MNKU25,M30,2025-08-15 01:00:00,1755219600,42870.0,42920.0,42870.0,42870.0,8,5,44,2025-08-10/2025-08-16,2573
1800,-698,MNK,MNKU25,M30,2025-08-15 01:30:00,1755221400,42935.0,42970.0,42935.0,42960.0,10,5,20,2025-08-10/2025-08-16,2573
1801,-697,MNK,MNKU25,M30,2025-08-15 02:00:00,1755223200,43015.0,43030.0,42990.0,43030.0,8,5,11,2025-08-10/2025-08-16,2573
1802,-696,MNK,MNKU25,M30,2025-08-15 02:30:00,1755225000,43100.0,43100.0,43100.0,43100.0,2,5,2,2025-08-10/2025-08-16,2573
1803,-695,MNK,MNKU25,M30,2025-08-15 03:00:00,1755226800,43060.0,43075.0,43060.0,43075.0,2,5,2,2025-08-10/2025-08-16,2573
1804,-694,MNK,MNKU25,M30,2025-08-15 03:30:00,1755228600,43150.0,43200.0,43150.0,43200.0,14,5,33,2025-08-10/2025-08-16,2573
1805,-693,MNK,MNKU25,M30,2025-08-15 04:00:00,1755230400,43210.0,43240.0,43200.0,43200.0,7,5,11,2025-08-10/2025-08-16,2573
1806,-692,MNK,MNKU25,M30,2025-08-15 04:30:00,1755232200,43265.0,43285.0,43255.0,43255.0,6,5,9,2025-08-10/2025-08-16,2573
1807,-691,MNK,MNKU25,M30,2025-08-15 05:00:00,1755234000,43290.0,43380.0,43290.0,43350.0,9,5,13,2025-08-10/2025-08-16,2573
1808,-690,MNK,MNKU25,M30,2025-08-15 05:30:00,1755235800,43365.0,43365.0,43365.0,43365.0,1,15,1,2025-08-10/2025-08-16,2573
1809,-689,MNK,MNKU25,M30,2025-08-15 06:00:00,1755237600,43380.0,43420.0,43330.0,43400.0,11,5,24,2025-08-10/2025-08-16,2573
1810,-688,MNK,MNKU25,M30,2025-08-15 06:30:00,1755239400,43435.0,43485.0,43430.0,43485.0,5,5,6,2025-08-10/2025-08-16,2573
1811,-687,MNK,MNKU25,M30,2025-08-15 07:00:00,1755241200,43440.0,43440.0,43405.0,43435.0,6,5,11,2025-08-10/2025-08-16,2573
1812,-686,MNK,MNKU25,M30,2025-08-15 07:30:00,1755243000,43430.0,43460.0,43415.0,43460.0,5,5,5,2025-08-10/2025-08-16,2573
1813,-685,MNK,MNKU25,M30,2025-08-15 08:00:00,1755244800,43440.0,43490.0,43440.0,43490.0,3,5,6,2025-08-10/2025-08-16,2573
1814,-684,MNK,MNKU25,M30,2025-08-15 08:30:00,1755246600,43365.0,43375.0,43360.0,43375.0,10,5,40,2025-08-10/2025-08-16,2573
1815,-683,MNK,MNKU25,M30,2025-08-15 09:30:00,1755250200,43355.0,43355.0,43350.0,43350.0,2,5,2,2025-08-10/2025-08-16,2573
1816,-682,MNK,MNKU25,M30,2025-08-15 10:00:00,1755252000,43380.0,43380.0,43380.0,43380.0,1,5,1,2025-08-10/2025-08-16,2573
1817,-681,MNK,MNKU25,M30,2025-08-15 10:30:00,1755253800,43435.0,43445.0,43435.0,43445.0,2,5,2,2025-08-10/2025-08-16,2573
1818,-680,MNK,MNKU25,M30,2025-08-15 11:00:00,1755255600,43445.0,43445.0,43445.0,43445.0,1,5,1,2025-08-10/2025-08-16,2573
1819,-679,MNK,MNKU25,M30,2025-08-15 12:00:00,1755259200,43410.0,43410.0,43385.0,43410.0,29,5,74,2025-08-10/2025-08-16,2573
1820,-678,MNK,MNKU25,M30,2025-08-15 12:30:00,1755261000,43455.0,43455.0,43455.0,43455.0,1,15,1,2025-08-10/2025-08-16,2573
1821,-677,MNK,MNKU25,M30,2025-08-15 13:00:00,1755262800,43410.0,43475.0,43410.0,43470.0,9,5,13,2025-08-10/2025-08-16,2573
1822,-676,MNK,MNKU25,M30,2025-08-15 13:30:00,1755264600,43450.0,43450.0,43270.0,43270.0,17,5,17,2025-08-10/2025-08-16,2573
1823,-675,MNK,MNKU25,M30,2025-08-15 14:00:00,1755266400,43290.0,43380.0,43290.0,43380.0,8,5,8,2025-08-10/2025-08-16,2573
1824,-674,MNK,MNKU25,M30,2025-08-15 14:30:00,1755268200,43340.0,43345.0,43340.0,43345.0,2,15,2,2025-08-10/2025-08-16,2573
1825,-673,MNK,MNKU25,M30,2025-08-15 15:00:00,1755270000,43385.0,43440.0,43385.0,43385.0,7,10,7,2025-08-10/2025-08-16,2573
1826,-672,MNK,MNKU25,M30,2025-08-15 15:30:00,1755271800,43410.0,43410.0,43350.0,43350.0,2,10,2,2025-08-10/2025-08-16,2573
1827,-671,MNK,MNKU25,M30,2025-08-15 16:00:00,1755273600,43390.0,43395.0,43390.0,43395.0,2,5,2,2025-08-10/2025-08-16,2573
1828,-670,MNK,MNKU25,M30,2025-08-15 17:00:00,1755277200,43435.0,43435.0,43435.0,43435.0,1,15,1,2025-08-10/2025-08-16,2573
1829,-669,MNK,MNKU25,M30,2025-08-15 17:30:00,1755279000,43465.0,43480.0,43465.0,43475.0,8,5,8,2025-08-10/2025-08-16,2573
1830,-668,MNK,MNKU25,M30,2025-08-15 18:00:00,1755280800,43510.0,43510.0,43500.0,43500.0,4,10,4,2025-08-10/2025-08-16,2573
1831,-667,MNK,MNKU25,M30,2025-08-15 18:30:00,1755282600,43475.0,43490.0,43460.0,43470.0,12,5,42,2025-08-10/2025-08-16,2573
1832,-666,MNK,MNKU25,M30,2025-08-15 19:00:00,1755284400,43445.0,43465.0,43445.0,43465.0,2,15,2,2025-08-10/2025-08-16,2573
1833,-665,MNK,MNKU25,M30,2025-08-15 19:30:00,1755286200,43490.0,43490.0,43475.0,43475.0,5,10,6,2025-08-10/2025-08-16,2573
1834,-664,MNK,MNKU25,M30,2025-08-15 20:00:00,1755288000,43470.0,43470.0,43435.0,43440.0,11,5,29,2025-08-10/2025-08-16,2573
1835,-663,MNK,MNKU25,M30,2025-08-15 20:30:00,1755289800,43440.0,43440.0,43345.0,43420.0,20,5,24,2025-08-10/2025-08-16,2573
1836,-662,MNK,MNKU25,M30,2025-08-17 22:00:00,1755468000,43430.0,43430.0,43430.0,43430.0,2,5,2,2025-08-17/2025-08-23,2926
1837,-661,MNK,MNKU25,M30,2025-08-17 22:30:00,1755469800,43490.0,43495.0,43480.0,43495.0,8,5,8,2025-08-17/2025-08-23,2926
1838,-660,MNK,MNKU25,M30,2025-08-17 23:00:00,1755471600,43495.0,43495.0,43495.0,43495.0,1,5,1,2025-08-17/2025-08-23,2926
1839,-659,MNK,MNKU25,M30,2025-08-17 23:30:00,1755473400,43530.0,43560.0,43405.0,43405.0,16,5,19,2025-08-17/2025-08-23,2926
1840,-658,MNK,MNKU25,M30,2025-08-18 00:00:00,1755475200,43495.0,43720.0,43465.0,43650.0,71,5,135,2025-08-17/2025-08-23,2926
1841,-657,MNK,MNKU25,M30,2025-08-18 00:30:00,1755477000,43625.0,43625.0,43420.0,43540.0,43,5,150,2025-08-17/2025-08-23,2926
1842,-656,MNK,MNKU25,M30,2025-08-18 01:00:00,1755478800,43605.0,43715.0,43580.0,43715.0,29,5,71,2025-08-17/2025-08-23,2926
1843,-655,MNK,MNKU25,M30,2025-08-18 01:30:00,1755480600,43670.0,43720.0,43670.0,43680.0,11,5,20,2025-08-17/2025-08-23,2926
1844,-654,MNK,MNKU25,M30,2025-08-18 02:00:00,1755482400,43710.0,43795.0,43710.0,43765.0,17,5,28,2025-08-17/2025-08-23,2926
1845,-653,MNK,MNKU25,M30,2025-08-18 02:30:00,1755484200,43780.0,43815.0,43780.0,43815.0,4,5,4,2025-08-17/2025-08-23,2926
1846,-652,MNK,MNKU25,M30,2025-08-18 03:00:00,1755486000,43780.0,43780.0,43780.0,43780.0,2,10,4,2025-08-17/2025-08-23,2926
1847,-651,MNK,MNKU25,M30,2025-08-18 03:30:00,1755487800,43810.0,43850.0,43810.0,43820.0,8,5,8,2025-08-17/2025-08-23,2926
1848,-650,MNK,MNKU25,M30,2025-08-18 04:00:00,1755489600,43795.0,43795.0,43680.0,43790.0,9,5,9,2025-08-17/2025-08-23,2926
1849,-649,MNK,MNKU25,M30,2025-08-18 04:30:00,1755491400,43765.0,43765.0,43735.0,43750.0,3,5,3,2025-08-17/2025-08-23,2926
1850,-648,MNK,MNKU25,M30,2025-08-18 05:00:00,1755493200,43810.0,43820.0,43780.0,43780.0,9,5,12,2025-08-17/2025-08-23,2926
1851,-647,MNK,MNKU25,M30,2025-08-18 05:30:00,1755495000,43785.0,43790.0,43775.0,43785.0,6,5,8,2025-08-17/2025-08-23,2926
1852,-646,MNK,MNKU25,M30,2025-08-18 06:00:00,1755496800,43770.0,43770.0,43710.0,43710.0,3,5,4,2025-08-17/2025-08-23,2926
1853,-645,MNK,MNKU25,M30,2025-08-18 06:30:00,1755498600,43730.0,43750.0,43725.0,43730.0,6,5,6,2025-08-17/2025-08-23,2926
1854,-644,MNK,MNKU25,M30,2025-08-18 07:00:00,1755500400,43710.0,43710.0,43660.0,43680.0,7,5,8,2025-08-17/2025-08-23,2926
1855,-643,MNK,MNKU25,M30,2025-08-18 07:30:00,1755502200,43645.0,43695.0,43645.0,43685.0,5,5,5,2025-08-17/2025-08-23,2926
1856,-642,MNK,MNKU25,M30,2025-08-18 08:00:00,1755504000,43700.0,43700.0,43665.0,43665.0,2,5,2,2025-08-17/2025-08-23,2926
1857,-641,MNK,MNKU25,M30,2025-08-18 08:30:00,1755505800,43655.0,43690.0,43655.0,43685.0,5,10,5,2025-08-17/2025-08-23,2926
1858,-640,MNK,MNKU25,M30,2025-08-18 09:00:00,1755507600,43700.0,43700.0,43700.0,43700.0,1,15,1,2025-08-17/2025-08-23,2926
1859,-639,MNK,MNKU25,M30,2025-08-18 09:30:00,1755509400,43745.0,43750.0,43745.0,43745.0,8,5,8,2025-08-17/2025-08-23,2926
1860,-638,MNK,MNKU25,M30,2025-08-18 10:00:00,1755511200,43790.0,43800.0,43790.0,43800.0,2,10,2,2025-08-17/2025-08-23,2926
1861,-637,MNK,MNKU25,M30,2025-08-18 10:30:00,1755513000,43795.0,43820.0,43795.0,43810.0,7,5,7,2025-08-17/2025-08-23,2926
1862,-636,MNK,MNKU25,M30,2025-08-18 11:30:00,1755516600,43770.0,43800.0,43770.0,43800.0,3,5,3,2025-08-17/2025-08-23,2926
1863,-635,MNK,MNKU25,M30,2025-08-18 12:00:00,1755518400,43810.0,43850.0,43810.0,43840.0,9,5,10,2025-08-17/2025-08-23,2926
1864,-634,MNK,MNKU25,M30,2025-08-18 13:00:00,1755522000,43870.0,43895.0,43870.0,43885.0,5,5,5,2025-08-17/2025-08-23,2926
1865,-633,MNK,MNKU25,M30,2025-08-18 13:30:00,1755523800,43890.0,43950.0,43880.0,43945.0,10,5,10,2025-08-17/2025-08-23,2926
1866,-632,MNK,MNKU25,M30,2025-08-18 14:00:00,1755525600,43945.0,43945.0,43890.0,43910.0,3,10,4,2025-08-17/2025-08-23,2926
1867,-631,MNK,MNKU25,M30,2025-08-18 14:30:00,1755527400,43900.0,43915.0,43875.0,43875.0,7,5,9,2025-08-17/2025-08-23,2926
1868,-630,MNK,MNKU25,M30,2025-08-18 15:00:00,1755529200,43900.0,43925.0,43900.0,43925.0,5,5,5,2025-08-17/2025-08-23,2926
1869,-629,MNK,MNKU25,M30,2025-08-18 15:30:00,1755531000,43895.0,43900.0,43895.0,43900.0,2,5,4,2025-08-17/2025-08-23,2926
1870,-628,MNK,MNKU25,M30,2025-08-18 16:30:00,1755534600,43840.0,43840.0,43825.0,43825.0,8,5,17,2025-08-17/2025-08-23,2926
1871,-627,MNK,MNKU25,M30,2025-08-18 17:00:00,1755536400,43825.0,43825.0,43825.0,43825.0,1,5,1,2025-08-17/2025-08-23,2926
1872,-626,MNK,MNKU25,M30,2025-08-18 17:30:00,1755538200,43815.0,43815.0,43800.0,43805.0,3,5,3,2025-08-17/2025-08-23,2926
1873,-625,MNK,MNKU25,M30,2025-08-18 18:00:00,1755540000,43790.0,43790.0,43780.0,43780.0,3,5,3,2025-08-17/2025-08-23,2926
1874,-624,MNK,MNKU25,M30,2025-08-18 18:30:00,1755541800,43805.0,43835.0,43800.0,43835.0,7,5,10,2025-08-17/2025-08-23,2926
1875,-623,MNK,MNKU25,M30,2025-08-18 19:00:00,1755543600,43800.0,43840.0,43800.0,43820.0,5,5,5,2025-08-17/2025-08-23,2926
1876,-622,MNK,MNKU25,M30,2025-08-18 19:30:00,1755545400,43855.0,43855.0,43855.0,43855.0,1,5,3,2025-08-17/2025-08-23,2926
1877,-621,MNK,MNKU25,M30,2025-08-18 20:00:00,1755547200,43835.0,43835.0,43815.0,43815.0,7,5,9,2025-08-17/2025-08-23,2926
1878,-620,MNK,MNKU25,M30,2025-08-18 20:30:00,1755549000,43815.0,43815.0,43815.0,43815.0,1,165,1,2025-08-17/2025-08-23,2926
1879,-619,MNK,MNKU25,M30,2025-08-18 22:00:00,1755554400,43820.0,43875.0,43820.0,43825.0,8,5,9,2025-08-17/2025-08-23,2926
1880,-618,MNK,MNKU25,M30,2025-08-18 22:30:00,1755556200,43825.0,43855.0,43825.0,43855.0,2,10,2,2025-08-17/2025-08-23,2926
1881,-617,MNK,MNKU25,M30,2025-08-18 23:00:00,1755558000,43850.0,43875.0,43830.0,43870.0,6,5,7,2025-08-17/2025-08-23,2926
1882,-616,MNK,MNKU25,M30,2025-08-18 23:30:00,1755559800,43835.0,43860.0,43800.0,43860.0,9,5,9,2025-08-17/2025-08-23,2926
1883,-615,MNK,MNKU25,M30,2025-08-19 00:00:00,1755561600,43780.0,43880.0,43740.0,43790.0,23,5,24,2025-08-17/2025-08-23,2926
1884,-614,MNK,MNKU25,M30,2025-08-19 00:30:00,1755563400,43860.0,43860.0,43510.0,43510.0,50,5,81,2025-08-17/2025-08-23,2926
1885,-613,MNK,MNKU25,M30,2025-08-19 01:00:00,1755565200,43500.0,43650.0,43450.0,43640.0,62,5,113,2025-08-17/2025-08-23,2926
1886,-612,MNK,MNKU25,M30,2025-08-19 01:30:00,1755567000,43640.0,43740.0,43640.0,43730.0,40,5,79,2025-08-17/2025-08-23,2926
1887,-611,MNK,MNKU25,M30,2025-08-19 02:00:00,1755568800,43675.0,43745.0,43665.0,43715.0,12,5,28,2025-08-17/2025-08-23,2926
1888,-610,MNK,MNKU25,M30,2025-08-19 02:30:00,1755570600,43695.0,43705.0,43655.0,43655.0,16,5,21,2025-08-17/2025-08-23,2926
1889,-609,MNK,MNKU25,M30,2025-08-19 03:00:00,1755572400,43645.0,43645.0,43645.0,43645.0,1,10,1,2025-08-17/2025-08-23,2926
1890,-608,MNK,MNKU25,M30,2025-08-19 03:30:00,1755574200,43630.0,43650.0,43570.0,43645.0,10,5,13,2025-08-17/2025-08-23,2926
1891,-607,MNK,MNKU25,M30,2025-08-19 04:00:00,1755576000,43645.0,43680.0,43645.0,43680.0,5,5,5,2025-08-17/2025-08-23,2926
1892,-606,MNK,MNKU25,M30,2025-08-19 04:30:00,1755577800,43705.0,43705.0,43705.0,43705.0,1,5,1,2025-08-17/2025-08-23,2926
1893,-605,MNK,MNKU25,M30,2025-08-19 05:00:00,1755579600,43670.0,43670.0,43670.0,43670.0,1,5,1,2025-08-17/2025-08-23,2926
1894,-604,MNK,MNKU25,M30,2025-08-19 05:30:00,1755581400,43695.0,43695.0,43630.0,43640.0,6,5,18,2025-08-17/2025-08-23,2926
1895,-603,MNK,MNKU25,M30,2025-08-19 06:00:00,1755583200,43605.0,43605.0,43545.0,43555.0,11,5,19,2025-08-17/2025-08-23,2926
1896,-602,MNK,MNKU25,M30,2025-08-19 06:30:00,1755585000,43590.0,43595.0,43590.0,43595.0,2,5,2,2025-08-17/2025-08-23,2926
1897,-601,MNK,MNKU25,M30,2025-08-19 07:00:00,1755586800,43595.0,43595.0,43595.0,43595.0,6,5,6,2025-08-17/2025-08-23,2926
1898,-600,MNK,MNKU25,M30,2025-08-19 08:30:00,1755592200,43685.0,43710.0,43685.0,43710.0,2,5,2,2025-08-17/2025-08-23,2926
1899,-599,MNK,MNKU25,M30,2025-08-19 09:00:00,1755594000,43710.0,43780.0,43710.0,43780.0,4,5,4,2025-08-17/2025-08-23,2926
1900,-598,MNK,MNKU25,M30,2025-08-19 09:30:00,1755595800,43835.0,43840.0,43780.0,43780.0,6,5,6,2025-08-17/2025-08-23,2926
1901,-597,MNK,MNKU25,M30,2025-08-19 10:00:00,1755597600,43775.0,43775.0,43770.0,43770.0,3,5,4,2025-08-17/2025-08-23,2926
1902,-596,MNK,MNKU25,M30,2025-08-19 12:30:00,1755606600,43725.0,43725.0,43725.0,43725.0,1,15,1,2025-08-17/2025-08-23,2926
1903,-595,MNK,MNKU25,M30,2025-08-19 13:00:00,1755608400,43695.0,43700.0,43665.0,43695.0,6,5,6,2025-08-17/2025-08-23,2926
1904,-594,MNK,MNKU25,M30,2025-08-19 13:30:00,1755610200,43695.0,43695.0,43575.0,43595.0,15,5,15,2025-08-17/2025-08-23,2926
1905,-593,MNK,MNKU25,M30,2025-08-19 14:00:00,1755612000,43650.0,43655.0,43650.0,43655.0,2,5,2,2025-08-17/2025-08-23,2926
1906,-592,MNK,MNKU25,M30,2025-08-19 14:30:00,1755613800,43595.0,43595.0,43495.0,43550.0,23,5,34,2025-08-17/2025-08-23,2926
1907,-591,MNK,MNKU25,M30,2025-08-19 15:00:00,1755615600,43490.0,43530.0,43475.0,43530.0,13,5,23,2025-08-17/2025-08-23,2926
1908,-590,MNK,MNKU25,M30,2025-08-19 15:30:00,1755617400,43520.0,43520.0,43520.0,43520.0,1,15,1,2025-08-17/2025-08-23,2926
1909,-589,MNK,MNKU25,M30,2025-08-19 16:00:00,1755619200,43515.0,43515.0,43480.0,43480.0,2,5,2,2025-08-17/2025-08-23,2926
1910,-588,MNK,MNKU25,M30,2025-08-19 16:30:00,1755621000,43470.0,43470.0,43375.0,43410.0,13,5,20,2025-08-17/2025-08-23,2926
1911,-587,MNK,MNKU25,M30,2025-08-19 17:00:00,1755622800,43345.0,43415.0,43345.0,43415.0,4,5,8,2025-08-17/2025-08-23,2926
1912,-586,MNK,MNKU25,M30,2025-08-19 17:30:00,1755624600,43415.0,43420.0,43415.0,43420.0,3,10,3,2025-08-17/2025-08-23,2926
1913,-585,MNK,MNKU25,M30,2025-08-19 18:00:00,1755626400,43380.0,43380.0,43380.0,43380.0,2,10,2,2025-08-17/2025-08-23,2926
1914,-584,MNK,MNKU25,M30,2025-08-19 18:30:00,1755628200,43410.0,43410.0,43380.0,43380.0,3,10,3,2025-08-17/2025-08-23,2926
1915,-583,MNK,MNKU25,M30,2025-08-19 19:00:00,1755630000,43385.0,43385.0,43370.0,43380.0,5,5,5,2025-08-17/2025-08-23,2926
1916,-582,MNK,MNKU25,M30,2025-08-19 19:30:00,1755631800,43410.0,43410.0,43410.0,43410.0,3,5,5,2025-08-17/2025-08-23,2926
1917,-581,MNK,MNKU25,M30,2025-08-19 20:00:00,1755633600,43425.0,43425.0,43420.0,43420.0,2,10,2,2025-08-17/2025-08-23,2926
1918,-580,MNK,MNKU25,M30,2025-08-19 22:00:00,1755640800,43385.0,43385.0,43385.0,43385.0,1,10,3,2025-08-17/2025-08-23,2926
1919,-579,MNK,MNKU25,M30,2025-08-19 22:30:00,1755642600,43475.0,43480.0,43475.0,43480.0,2,10,2,2025-08-17/2025-08-23,2926
1920,-578,MNK,MNKU25,M30,2025-08-19 23:00:00,1755644400,43430.0,43430.0,43410.0,43410.0,4,5,13,2025-08-17/2025-08-23,2926
1921,-577,MNK,MNKU25,M30,2025-08-19 23:30:00,1755646200,43375.0,43385.0,43260.0,43260.0,13,5,42,2025-08-17/2025-08-23,2926
1922,-576,MNK,MNKU25,M30,2025-08-20 00:00:00,1755648000,43185.0,43220.0,43055.0,43115.0,64,5,113,2025-08-17/2025-08-23,2926
1923,-575,MNK,MNKU25,M30,2025-08-20 00:30:00,1755649800,43120.0,43120.0,42920.0,42940.0,56,5,199,2025-08-17/2025-08-23,2926
1924,-574,MNK,MNKU25,M30,2025-08-20 01:00:00,1755651600,42990.0,43050.0,42865.0,42865.0,22,5,86,2025-08-17/2025-08-23,2926
1925,-573,MNK,MNKU25,M30,2025-08-20 01:30:00,1755653400,42835.0,42885.0,42835.0,42850.0,9,5,12,2025-08-17/2025-08-23,2926
1926,-572,MNK,MNKU25,M30,2025-08-20 02:00:00,1755655200,42805.0,42895.0,42805.0,42895.0,3,10,5,2025-08-17/2025-08-23,2926
1927,-571,MNK,MNKU25,M30,2025-08-20 02:30:00,1755657000,42900.0,42910.0,42900.0,42900.0,3,5,4,2025-08-17/2025-08-23,2926
1928,-570,MNK,MNKU25,M30,2025-08-20 03:00:00,1755658800,42900.0,42900.0,42845.0,42860.0,3,10,13,2025-08-17/2025-08-23,2926
1929,-569,MNK,MNKU25,M30,2025-08-20 03:30:00,1755660600,42785.0,42810.0,42775.0,42775.0,11,5,29,2025-08-17/2025-08-23,2926
1930,-568,MNK,MNKU25,M30,2025-08-20 04:00:00,1755662400,42770.0,42890.0,42770.0,42860.0,10,5,26,2025-08-17/2025-08-23,2926
1931,-567,MNK,MNKU25,M30,2025-08-20 04:30:00,1755664200,42850.0,42920.0,42850.0,42910.0,5,5,15,2025-08-17/2025-08-23,2926
1932,-566,MNK,MNKU25,M30,2025-08-20 05:00:00,1755666000,42870.0,42870.0,42870.0,42870.0,1,5,3,2025-08-17/2025-08-23,2926
1933,-565,MNK,MNKU25,M30,2025-08-20 05:30:00,1755667800,42890.0,42905.0,42880.0,42885.0,6,5,28,2025-08-17/2025-08-23,2926
1934,-564,MNK,MNKU25,M30,2025-08-20 06:30:00,1755671400,42940.0,42940.0,42940.0,42940.0,1,5,1,2025-08-17/2025-08-23,2926
1935,-563,MNK,MNKU25,M30,2025-08-20 07:00:00,1755673200,42990.0,43015.0,42950.0,43010.0,10,5,11,2025-08-17/2025-08-23,2926
1936,-562,MNK,MNKU25,M30,2025-08-20 07:30:00,1755675000,43000.0,43000.0,42990.0,42995.0,3,5,3,2025-08-17/2025-08-23,2926
1937,-561,MNK,MNKU25,M30,2025-08-20 08:00:00,1755676800,42970.0,42975.0,42970.0,42970.0,4,5,4,2025-08-17/2025-08-23,2926
1938,-560,MNK,MNKU25,M30,2025-08-20 08:30:00,1755678600,42980.0,43000.0,42980.0,43000.0,4,5,4,2025-08-17/2025-08-23,2926
1939,-559,MNK,MNKU25,M30,2025-08-20 09:30:00,1755682200,43000.0,43000.0,43000.0,43000.0,2,5,2,2025-08-17/2025-08-23,2926
1940,-558,MNK,MNKU25,M30,2025-08-20 10:00:00,1755684000,42935.0,42935.0,42935.0,42935.0,1,10,1,2025-08-17/2025-08-23,2926
1941,-557,MNK,MNKU25,M30,2025-08-20 11:00:00,1755687600,42950.0,42950.0,42950.0,42950.0,1,5,1,2025-08-17/2025-08-23,2926
1942,-556,MNK,MNKU25,M30,2025-08-20 11:30:00,1755689400,42915.0,42915.0,42915.0,42915.0,2,5,4,2025-08-17/2025-08-23,2926
1943,-555,MNK,MNKU25,M30,2025-08-20 12:00:00,1755691200,42955.0,42955.0,42955.0,42955.0,1,10,1,2025-08-17/2025-08-23,2926
1944,-554,MNK,MNKU25,M30,2025-08-20 12:30:00,1755693000,42945.0,42945.0,42890.0,42925.0,15,5,25,2025-08-17/2025-08-23,2926
1945,-553,MNK,MNKU25,M30,2025-08-20 13:30:00,1755696600,42910.0,42910.0,42615.0,42615.0,31,5,147,2025-08-17/2025-08-23,2926
1946,-552,MNK,MNKU25,M30,2025-08-20 14:00:00,1755698400,42720.0,42720.0,42670.0,42720.0,12,5,17,2025-08-17/2025-08-23,2926
1947,-551,MNK,MNKU25,M30,2025-08-20 14:30:00,1755700200,42670.0,42670.0,42590.0,42635.0,23,5,49,2025-08-17/2025-08-23,2926
1948,-550,MNK,MNKU25,M30,2025-08-20 15:00:00,1755702000,42635.0,42785.0,42635.0,42785.0,18,5,20,2025-08-17/2025-08-23,2926
1949,-549,MNK,MNKU25,M30,2025-08-20 15:30:00,1755703800,42790.0,42790.0,42715.0,42725.0,5,5,6,2025-08-17/2025-08-23,2926
1950,-548,MNK,MNKU25,M30,2025-08-20 16:00:00,1755705600,42740.0,42830.0,42740.0,42825.0,6,5,8,2025-08-17/2025-08-23,2926
1951,-547,MNK,MNKU25,M30,2025-08-20 16:30:00,1755707400,42815.0,42815.0,42815.0,42815.0,2,5,2,2025-08-17/2025-08-23,2926
1952,-546,MNK,MNKU25,M30,2025-08-20 17:00:00,1755709200,42755.0,42755.0,42755.0,42755.0,2,10,2,2025-08-17/2025-08-23,2926
1953,-545,MNK,MNKU25,M30,2025-08-20 17:30:00,1755711000,42770.0,42800.0,42770.0,42800.0,4,5,9,2025-08-17/2025-08-23,2926
1954,-544,MNK,MNKU25,M30,2025-08-20 18:30:00,1755714600,42795.0,42795.0,42795.0,42795.0,1,15,1,2025-08-17/2025-08-23,2926
1955,-543,MNK,MNKU25,M30,2025-08-20 19:00:00,1755716400,42820.0,42820.0,42820.0,42820.0,1,15,3,2025-08-17/2025-08-23,2926
1956,-542,MNK,MNKU25,M30,2025-08-20 19:30:00,1755718200,42835.0,42875.0,42835.0,42855.0,5,5,7,2025-08-17/2025-08-23,2926
1957,-541,MNK,MNKU25,M30,2025-08-20 20:00:00,1755720000,42830.0,42845.0,42830.0,42840.0,11,5,17,2025-08-17/2025-08-23,2926
1958,-540,MNK,MNKU25,M30,2025-08-20 22:00:00,1755727200,42885.0,42885.0,42865.0,42865.0,2,5,2,2025-08-17/2025-08-23,2926
1959,-539,MNK,MNKU25,M30,2025-08-20 23:30:00,1755732600,42815.0,42845.0,42815.0,42845.0,2,20,2,2025-08-17/2025-08-23,2926
1960,-538,MNK,MNKU25,M30,2025-08-21 00:00:00,1755734400,42770.0,42900.0,42770.0,42800.0,6,5,7,2025-08-17/2025-08-23,2926
1961,-537,MNK,MNKU25,M30,2025-08-21 00:30:00,1755736200,42790.0,42790.0,42700.0,42700.0,2,5,2,2025-08-17/2025-08-23,2926
1962,-536,MNK,MNKU25,M30,2025-08-21 01:00:00,1755738000,42680.0,42680.0,42635.0,42660.0,22,5,26,2025-08-17/2025-08-23,2926
1963,-535,MNK,MNKU25,M30,2025-08-21 01:30:00,1755739800,42660.0,42745.0,42655.0,42745.0,9,5,16,2025-08-17/2025-08-23,2926
1964,-534,MNK,MNKU25,M30,2025-08-21 02:00:00,1755741600,42735.0,42735.0,42695.0,42695.0,3,5,4,2025-08-17/2025-08-23,2926
1965,-533,MNK,MNKU25,M30,2025-08-21 03:00:00,1755745200,42660.0,42660.0,42660.0,42660.0,2,5,2,2025-08-17/2025-08-23,2926
1966,-532,MNK,MNKU25,M30,2025-08-21 03:30:00,1755747000,42655.0,42665.0,42640.0,42640.0,5,5,5,2025-08-17/2025-08-23,2926
1967,-531,MNK,MNKU25,M30,2025-08-21 04:00:00,1755748800,42635.0,42655.0,42635.0,42655.0,2,5,2,2025-08-17/2025-08-23,2926
1968,-530,MNK,MNKU25,M30,2025-08-21 05:00:00,1755752400,42635.0,42635.0,42610.0,42610.0,2,10,4,2025-08-17/2025-08-23,2926
1969,-529,MNK,MNKU25,M30,2025-08-21 05:30:00,1755754200,42590.0,42650.0,42590.0,42645.0,9,5,29,2025-08-17/2025-08-23,2926
1970,-528,MNK,MNKU25,M30,2025-08-21 06:00:00,1755756000,42660.0,42685.0,42650.0,42650.0,8,5,12,2025-08-17/2025-08-23,2926
1971,-527,MNK,MNKU25,M30,2025-08-21 07:00:00,1755759600,42650.0,42680.0,42640.0,42680.0,6,5,24,2025-08-17/2025-08-23,2926
1972,-526,MNK,MNKU25,M30,2025-08-21 08:00:00,1755763200,42610.0,42645.0,42610.0,42645.0,2,5,2,2025-08-17/2025-08-23,2926
1973,-525,MNK,MNKU25,M30,2025-08-21 08:30:00,1755765000,42600.0,42600.0,42590.0,42590.0,2,5,2,2025-08-17/2025-08-23,2926
1974,-524,MNK,MNKU25,M30,2025-08-21 09:00:00,1755766800,42580.0,42580.0,42555.0,42555.0,2,15,3,2025-08-17/2025-08-23,2926
1975,-523,MNK,MNKU25,M30,2025-08-21 09:30:00,1755768600,42630.0,42635.0,42600.0,42600.0,8,5,8,2025-08-17/2025-08-23,2926
1976,-522,MNK,MNKU25,M30,2025-08-21 10:00:00,1755770400,42580.0,42590.0,42580.0,42585.0,5,5,5,2025-08-17/2025-08-23,2926
1977,-521,MNK,MNKU25,M30,2025-08-21 10:30:00,1755772200,42600.0,42600.0,42600.0,42600.0,1,15,1,2025-08-17/2025-08-23,2926
1978,-520,MNK,MNKU25,M30,2025-08-21 11:00:00,1755774000,42645.0,42645.0,42645.0,42645.0,2,10,3,2025-08-17/2025-08-23,2926
1979,-519,MNK,MNKU25,M30,2025-08-21 12:00:00,1755777600,42605.0,42605.0,42605.0,42605.0,2,10,4,2025-08-17/2025-08-23,2926
1980,-518,MNK,MNKU25,M30,2025-08-21 12:30:00,1755779400,42570.0,42585.0,42550.0,42585.0,3,5,12,2025-08-17/2025-08-23,2926
1981,-517,MNK,MNKU25,M30,2025-08-21 13:30:00,1755783000,42625.0,42650.0,42625.0,42645.0,9,5,45,2025-08-17/2025-08-23,2926
1982,-516,MNK,MNKU25,M30,2025-08-21 14:00:00,1755784800,42700.0,42760.0,42700.0,42760.0,17,5,33,2025-08-17/2025-08-23,2926
1983,-515,MNK,MNKU25,M30,2025-08-21 14:30:00,1755786600,42735.0,42735.0,42700.0,42700.0,13,5,43,2025-08-17/2025-08-23,2926
1984,-514,MNK,MNKU25,M30,2025-08-21 15:00:00,1755788400,42700.0,42705.0,42630.0,42670.0,13,5,25,2025-08-17/2025-08-23,2926
1985,-513,MNK,MNKU25,M30,2025-08-21 15:30:00,1755790200,42695.0,42740.0,42650.0,42650.0,6,5,11,2025-08-17/2025-08-23,2926
1986,-512,MNK,MNKU25,M30,2025-08-21 16:00:00,1755792000,42625.0,42640.0,42590.0,42605.0,9,5,11,2025-08-17/2025-08-23,2926
1987,-511,MNK,MNKU25,M30,2025-08-21 16:30:00,1755793800,42620.0,42620.0,42600.0,42600.0,2,5,3,2025-08-17/2025-08-23,2926
1988,-510,MNK,MNKU25,M30,2025-08-21 17:00:00,1755795600,42580.0,42580.0,42580.0,42580.0,1,15,1,2025-08-17/2025-08-23,2926
1989,-509,MNK,MNKU25,M30,2025-08-21 17:30:00,1755797400,42585.0,42690.0,42585.0,42690.0,4,10,8,2025-08-17/2025-08-23,2926
1990,-508,MNK,MNKU25,M30,2025-08-21 18:30:00,1755801000,42660.0,42660.0,42660.0,42660.0,4,5,5,2025-08-17/2025-08-23,2926
1991,-507,MNK,MNKU25,M30,2025-08-21 19:00:00,1755802800,42700.0,42700.0,42700.0,42700.0,2,10,2,2025-08-17/2025-08-23,2926
1992,-506,MNK,MNKU25,M30,2025-08-21 19:30:00,1755804600,42650.0,42665.0,42630.0,42665.0,14,5,14,2025-08-17/2025-08-23,2926
58,-2823,MNK,MNKZ25,M30,2025-08-21 20:00:00,1755806400,42575.0,42575.0,42575.0,42575.0,0,0,0,2025-08-17/2025-08-23,0
1993,-505,MNK,MNKU25,M30,2025-08-21 20:30:00,1755808200,42650.0,42650.0,42650.0,42650.0,2,5,3,2025-08-17/2025-08-23,2926
1994,-504,MNK,MNKU25,M30,2025-08-21 22:00:00,1755813600,42725.0,42725.0,42725.0,42725.0,1,20,1,2025-08-17/2025-08-23,2926
1995,-503,MNK,MNKU25,M30,2025-08-21 23:00:00,1755817200,42695.0,42695.0,42695.0,42695.0,1,25,1,2025-08-17/2025-08-23,2926
1996,-502,MNK,MNKU25,M30,2025-08-21 23:30:00,1755819000,42615.0,42615.0,42615.0,42615.0,1,35,2,2025-08-17/2025-08-23,2926
1997,-501,MNK,MNKU25,M30,2025-08-22 00:00:00,1755820800,42625.0,42625.0,42340.0,42480.0,34,5,76,2025-08-17/2025-08-23,2926
1998,-500,MNK,MNKU25,M30,2025-08-22 00:30:00,1755822600,42535.0,42660.0,42535.0,42660.0,16,5,26,2025-08-17/2025-08-23,2926
1999,-499,MNK,MNKU25,M30,2025-08-22 01:00:00,1755824400,42610.0,42650.0,42610.0,42650.0,2,15,3,2025-08-17/2025-08-23,2926
2000,-498,MNK,MNKU25,M30,2025-08-22 01:30:00,1755826200,42680.0,42680.0,42605.0,42605.0,5,5,8,2025-08-17/2025-08-23,2926
2001,-497,MNK,MNKU25,M30,2025-08-22 02:00:00,1755828000,42690.0,42720.0,42615.0,42615.0,13,5,23,2025-08-17/2025-08-23,2926
2002,-496,MNK,MNKU25,M30,2025-08-22 02:30:00,1755829800,42635.0,42650.0,42590.0,42590.0,4,5,4,2025-08-17/2025-08-23,2926
2003,-495,MNK,MNKU25,M30,2025-08-22 03:00:00,1755831600,42575.0,42590.0,42575.0,42575.0,3,5,3,2025-08-17/2025-08-23,2926
2004,-494,MNK,MNKU25,M30,2025-08-22 03:30:00,1755833400,42580.0,42580.0,42555.0,42555.0,2,5,2,2025-08-17/2025-08-23,2926
2005,-493,MNK,MNKU25,M30,2025-08-22 04:30:00,1755837000,42555.0,42555.0,42550.0,42550.0,2,5,2,2025-08-17/2025-08-23,2926
2006,-492,MNK,MNKU25,M30,2025-08-22 07:30:00,1755847800,42690.0,42725.0,42690.0,42725.0,9,5,11,2025-08-17/2025-08-23,2926
2007,-491,MNK,MNKU25,M30,2025-08-22 08:00:00,1755849600,42715.0,42715.0,42715.0,42715.0,1,20,1,2025-08-17/2025-08-23,2926
2008,-490,MNK,MNKU25,M30,2025-08-22 08:30:00,1755851400,42685.0,42685.0,42685.0,42685.0,2,5,2,2025-08-17/2025-08-23,2926
2009,-489,MNK,MNKU25,M30,2025-08-22 09:30:00,1755855000,42765.0,42770.0,42765.0,42770.0,2,5,2,2025-08-17/2025-08-23,2926
2010,-488,MNK,MNKU25,M30,2025-08-22 10:00:00,1755856800,42785.0,42785.0,42695.0,42695.0,3,5,5,2025-08-17/2025-08-23,2926
2011,-487,MNK,MNKU25,M30,2025-08-22 11:00:00,1755860400,42735.0,42735.0,42735.0,42735.0,1,15,8,2025-08-17/2025-08-23,2926
2012,-486,MNK,MNKU25,M30,2025-08-22 11:30:00,1755862200,42730.0,42730.0,42730.0,42730.0,1,15,1,2025-08-17/2025-08-23,2926
2013,-485,MNK,MNKU25,M30,2025-08-22 12:00:00,1755864000,42695.0,42695.0,42695.0,42695.0,1,5,1,2025-08-17/2025-08-23,2926
2014,-484,MNK,MNKU25,M30,2025-08-22 12:30:00,1755865800,42715.0,42715.0,42715.0,42715.0,1,5,1,2025-08-17/2025-08-23,2926
2015,-483,MNK,MNKU25,M30,2025-08-22 13:00:00,1755867600,42730.0,42730.0,42730.0,42730.0,1,5,1,2025-08-17/2025-08-23,2926
2016,-482,MNK,MNKU25,M30,2025-08-22 13:30:00,1755869400,42785.0,42820.0,42785.0,42805.0,21,5,69,2025-08-17/2025-08-23,2926
2017,-481,MNK,MNKU25,M30,2025-08-22 14:00:00,1755871200,42770.0,43125.0,42770.0,42950.0,26,5,55,2025-08-17/2025-08-23,2926
2018,-480,MNK,MNKU25,M30,2025-08-22 14:30:00,1755873000,43025.0,43025.0,43025.0,43025.0,1,5,1,2025-08-17/2025-08-23,2926
2019,-479,MNK,MNKU25,M30,2025-08-22 15:00:00,1755874800,43015.0,43015.0,42960.0,43015.0,8,5,12,2025-08-17/2025-08-23,2926
2020,-478,MNK,MNKU25,M30,2025-08-22 15:30:00,1755876600,43040.0,43040.0,42950.0,42950.0,5,5,6,2025-08-17/2025-08-23,2926
2021,-477,MNK,MNKU25,M30,2025-08-22 17:30:00,1755883800,42955.0,42955.0,42925.0,42950.0,3,15,3,2025-08-17/2025-08-23,2926
2022,-476,MNK,MNKU25,M30,2025-08-22 18:00:00,1755885600,42965.0,42965.0,42965.0,42965.0,1,15,1,2025-08-17/2025-08-23,2926
2023,-475,MNK,MNKU25,M30,2025-08-22 18:30:00,1755887400,42955.0,43000.0,42955.0,43000.0,9,5,20,2025-08-17/2025-08-23,2926
2024,-474,MNK,MNKU25,M30,2025-08-22 19:30:00,1755891000,42960.0,42995.0,42960.0,42995.0,9,5,17,2025-08-17/2025-08-23,2926
2025,-473,MNK,MNKU25,M30,2025-08-22 20:00:00,1755892800,42995.0,43010.0,42990.0,43000.0,5,5,11,2025-08-17/2025-08-23,2926
2026,-472,MNK,MNKU25,M30,2025-08-22 20:30:00,1755894600,43020.0,43045.0,43010.0,43025.0,6,15,9,2025-08-17/2025-08-23,2926
2027,-471,MNK,MNKU25,M30,2025-08-24 22:00:00,1756072800,43015.0,43015.0,42985.0,42985.0,4,15,5,2025-08-24/2025-08-30,1645
2028,-470,MNK,MNKU25,M30,2025-08-24 22:30:00,1756074600,42995.0,43115.0,42995.0,43070.0,12,5,18,2025-08-24/2025-08-30,1645
2029,-469,MNK,MNKU25,M30,2025-08-24 23:30:00,1756078200,43135.0,43200.0,42985.0,43085.0,13,5,19,2025-08-24/2025-08-30,1645
2030,-468,MNK,MNKU25,M30,2025-08-25 00:00:00,1756080000,43080.0,43205.0,42865.0,42970.0,20,5,22,2025-08-24/2025-08-30,1645
2031,-467,MNK,MNKU25,M30,2025-08-25 00:30:00,1756081800,42955.0,42990.0,42910.0,42910.0,11,5,12,2025-08-24/2025-08-30,1645
2032,-466,MNK,MNKU25,M30,2025-08-25 01:00:00,1756083600,42890.0,42930.0,42845.0,42930.0,11,5,15,2025-08-24/2025-08-30,1645
2033,-465,MNK,MNKU25,M30,2025-08-25 01:30:00,1756085400,42905.0,42930.0,42905.0,42930.0,3,10,16,2025-08-24/2025-08-30,1645
2034,-464,MNK,MNKU25,M30,2025-08-25 02:00:00,1756087200,42905.0,42920.0,42905.0,42920.0,2,5,5,2025-08-24/2025-08-30,1645
2035,-463,MNK,MNKU25,M30,2025-08-25 02:30:00,1756089000,42850.0,42850.0,42830.0,42845.0,10,5,24,2025-08-24/2025-08-30,1645
2036,-462,MNK,MNKU25,M30,2025-08-25 03:00:00,1756090800,42830.0,42830.0,42795.0,42795.0,6,10,6,2025-08-24/2025-08-30,1645
2037,-461,MNK,MNKU25,M30,2025-08-25 03:30:00,1756092600,42740.0,42765.0,42695.0,42725.0,13,5,15,2025-08-24/2025-08-30,1645
2038,-460,MNK,MNKU25,M30,2025-08-25 04:00:00,1756094400,42740.0,42800.0,42740.0,42800.0,3,5,3,2025-08-24/2025-08-30,1645
2039,-459,MNK,MNKU25,M30,2025-08-25 05:30:00,1756099800,42780.0,42780.0,42780.0,42780.0,1,5,1,2025-08-24/2025-08-30,1645
2040,-458,MNK,MNKU25,M30,2025-08-25 06:30:00,1756103400,42780.0,42780.0,42780.0,42780.0,1,20,1,2025-08-24/2025-08-30,1645
2041,-457,MNK,MNKU25,M30,2025-08-25 07:00:00,1756105200,42760.0,42760.0,42760.0,42760.0,1,15,4,2025-08-24/2025-08-30,1645
2042,-456,MNK,MNKU25,M30,2025-08-25 07:30:00,1756107000,42770.0,42770.0,42770.0,42770.0,1,15,1,2025-08-24/2025-08-30,1645
2043,-455,MNK,MNKU25,M30,2025-08-25 08:00:00,1756108800,42750.0,42750.0,42670.0,42685.0,10,5,10,2025-08-24/2025-08-30,1645
2044,-454,MNK,MNKU25,M30,2025-08-25 08:30:00,1756110600,42670.0,42670.0,42670.0,42670.0,1,20,1,2025-08-24/2025-08-30,1645
2045,-453,MNK,MNKU25,M30,2025-08-25 09:00:00,1756112400,42630.0,42630.0,42625.0,42625.0,4,5,4,2025-08-24/2025-08-30,1645
2046,-452,MNK,MNKU25,M30,2025-08-25 10:00:00,1756116000,42670.0,42670.0,42670.0,42670.0,1,5,1,2025-08-24/2025-08-30,1645
2047,-451,MNK,MNKU25,M30,2025-08-25 10:30:00,1756117800,42675.0,42675.0,42675.0,42675.0,1,5,1,2025-08-24/2025-08-30,1645
2048,-450,MNK,MNKU25,M30,2025-08-25 12:00:00,1756123200,42645.0,42645.0,42645.0,42645.0,1,5,1,2025-08-24/2025-08-30,1645
2049,-449,MNK,MNKU25,M30,2025-08-25 12:30:00,1756125000,42630.0,42630.0,42630.0,42630.0,1,15,1,2025-08-24/2025-08-30,1645
2050,-448,MNK,MNKU25,M30,2025-08-25 13:00:00,1756126800,42700.0,42700.0,42700.0,42700.0,6,5,7,2025-08-24/2025-08-30,1645
2051,-447,MNK,MNKU25,M30,2025-08-25 13:30:00,1756128600,42700.0,42700.0,42700.0,42700.0,1,15,1,2025-08-24/2025-08-30,1645
2052,-446,MNK,MNKU25,M30,2025-08-25 14:30:00,1756132200,42640.0,42640.0,42630.0,42630.0,7,10,8,2025-08-24/2025-08-30,1645
2053,-445,MNK,MNKU25,M30,2025-08-25 15:00:00,1756134000,42645.0,42645.0,42645.0,42645.0,1,15,2,2025-08-24/2025-08-30,1645
2054,-444,MNK,MNKU25,M30,2025-08-25 16:30:00,1756139400,42625.0,42625.0,42625.0,42625.0,1,20,1,2025-08-24/2025-08-30,1645
2055,-443,MNK,MNKU25,M30,2025-08-25 17:00:00,1756141200,42585.0,42600.0,42585.0,42600.0,6,5,12,2025-08-24/2025-08-30,1645
2056,-442,MNK,MNKU25,M30,2025-08-25 18:30:00,1756146600,42605.0,42605.0,42605.0,42605.0,3,5,3,2025-08-24/2025-08-30,1645
2057,-441,MNK,MNKU25,M30,2025-08-25 19:00:00,1756148400,42580.0,42580.0,42580.0,42580.0,1,20,1,2025-08-24/2025-08-30,1645
2058,-440,MNK,MNKU25,M30,2025-08-25 19:30:00,1756150200,42575.0,42595.0,42540.0,42540.0,7,5,7,2025-08-24/2025-08-30,1645
2059,-439,MNK,MNKU25,M30,2025-08-25 20:00:00,1756152000,42550.0,42550.0,42550.0,42550.0,2,15,2,2025-08-24/2025-08-30,1645
2060,-438,MNK,MNKU25,M30,2025-08-25 20:30:00,1756153800,42515.0,42555.0,42515.0,42555.0,2,20,2,2025-08-24/2025-08-30,1645
2061,-437,MNK,MNKU25,M30,2025-08-25 22:00:00,1756159200,42545.0,42585.0,42545.0,42585.0,8,10,8,2025-08-24/2025-08-30,1645
2062,-436,MNK,MNKU25,M30,2025-08-25 22:30:00,1756161000,42580.0,42580.0,42580.0,42580.0,1,5,1,2025-08-24/2025-08-30,1645
2063,-435,MNK,MNKU25,M30,2025-08-25 23:00:00,1756162800,42585.0,42615.0,42570.0,42615.0,18,5,23,2025-08-24/2025-08-30,1645
2064,-434,MNK,MNKU25,M30,2025-08-25 23:30:00,1756164600,42690.0,42695.0,42675.0,42675.0,8,5,8,2025-08-24/2025-08-30,1645
2065,-433,MNK,MNKU25,M30,2025-08-26 00:00:00,1756166400,42675.0,42675.0,42435.0,42450.0,20,5,33,2025-08-24/2025-08-30,1645
2066,-432,MNK,MNKU25,M30,2025-08-26 00:30:00,1756168200,42420.0,42425.0,42155.0,42310.0,52,5,136,2025-08-24/2025-08-30,1645
2067,-431,MNK,MNKU25,M30,2025-08-26 01:00:00,1756170000,42290.0,42350.0,42290.0,42350.0,6,5,7,2025-08-24/2025-08-30,1645
2068,-430,MNK,MNKU25,M30,2025-08-26 01:30:00,1756171800,42360.0,42360.0,42360.0,42360.0,1,15,1,2025-08-24/2025-08-30,1645
2069,-429,MNK,MNKU25,M30,2025-08-26 02:00:00,1756173600,42330.0,42390.0,42330.0,42360.0,7,10,7,2025-08-24/2025-08-30,1645
2070,-428,MNK,MNKU25,M30,2025-08-26 03:00:00,1756177200,42295.0,42315.0,42295.0,42315.0,2,15,2,2025-08-24/2025-08-30,1645
2071,-427,MNK,MNKU25,M30,2025-08-26 03:30:00,1756179000,42385.0,42430.0,42385.0,42430.0,12,5,13,2025-08-24/2025-08-30,1645
2072,-426,MNK,MNKU25,M30,2025-08-26 04:00:00,1756180800,42460.0,42460.0,42425.0,42425.0,3,5,3,2025-08-24/2025-08-30,1645
2073,-425,MNK,MNKU25,M30,2025-08-26 04:30:00,1756182600,42420.0,42420.0,42420.0,42420.0,1,20,1,2025-08-24/2025-08-30,1645
2074,-424,MNK,MNKU25,M30,2025-08-26 05:00:00,1756184400,42445.0,42445.0,42430.0,42430.0,2,5,2,2025-08-24/2025-08-30,1645
2075,-423,MNK,MNKU25,M30,2025-08-26 06:30:00,1756189800,42275.0,42330.0,42275.0,42330.0,24,5,51,2025-08-24/2025-08-30,1645
2076,-422,MNK,MNKU25,M30,2025-08-26 07:00:00,1756191600,42265.0,42265.0,42230.0,42240.0,6,10,21,2025-08-24/2025-08-30,1645
2077,-421,MNK,MNKU25,M30,2025-08-26 07:30:00,1756193400,42230.0,42270.0,42230.0,42270.0,3,5,4,2025-08-24/2025-08-30,1645
2078,-420,MNK,MNKU25,M30,2025-08-26 08:00:00,1756195200,42280.0,42280.0,42275.0,42275.0,5,5,8,2025-08-24/2025-08-30,1645
2079,-419,MNK,MNKU25,M30,2025-08-26 08:30:00,1756197000,42210.0,42225.0,42210.0,42210.0,12,5,30,2025-08-24/2025-08-30,1645
2080,-418,MNK,MNKU25,M30,2025-08-26 09:00:00,1756198800,42265.0,42270.0,42265.0,42270.0,3,10,3,2025-08-24/2025-08-30,1645
2081,-417,MNK,MNKU25,M30,2025-08-26 09:30:00,1756200600,42275.0,42275.0,42275.0,42275.0,1,20,1,2025-08-24/2025-08-30,1645
2082,-416,MNK,MNKU25,M30,2025-08-26 10:00:00,1756202400,42290.0,42320.0,42290.0,42310.0,8,10,9,2025-08-24/2025-08-30,1645
2083,-415,MNK,MNKU25,M30,2025-08-26 10:30:00,1756204200,42345.0,42345.0,42345.0,42345.0,1,15,1,2025-08-24/2025-08-30,1645
2084,-414,MNK,MNKU25,M30,2025-08-26 12:00:00,1756209600,42270.0,42275.0,42255.0,42275.0,9,5,13,2025-08-24/2025-08-30,1645
2085,-413,MNK,MNKU25,M30,2025-08-26 12:30:00,1756211400,42335.0,42335.0,42335.0,42335.0,1,5,2,2025-08-24/2025-08-30,1645
2086,-412,MNK,MNKU25,M30,2025-08-26 13:30:00,1756215000,42405.0,42420.0,42360.0,42415.0,12,5,34,2025-08-24/2025-08-30,1645
2087,-411,MNK,MNKU25,M30,2025-08-26 14:00:00,1756216800,42465.0,42465.0,42465.0,42465.0,1,20,1,2025-08-24/2025-08-30,1645
2088,-410,MNK,MNKU25,M30,2025-08-26 15:00:00,1756220400,42450.0,42450.0,42410.0,42410.0,2,15,2,2025-08-24/2025-08-30,1645
2089,-409,MNK,MNKU25,M30,2025-08-26 15:30:00,1756222200,42385.0,42395.0,42385.0,42395.0,2,5,2,2025-08-24/2025-08-30,1645
2090,-408,MNK,MNKU25,M30,2025-08-26 16:00:00,1756224000,42370.0,42370.0,42370.0,42370.0,1,15,1,2025-08-24/2025-08-30,1645
2091,-407,MNK,MNKU25,M30,2025-08-26 16:30:00,1756225800,42385.0,42385.0,42385.0,42385.0,1,15,1,2025-08-24/2025-08-30,1645
2092,-406,MNK,MNKU25,M30,2025-08-26 18:00:00,1756231200,42415.0,42415.0,42415.0,42415.0,1,20,1,2025-08-24/2025-08-30,1645
2093,-405,MNK,MNKU25,M30,2025-08-26 18:30:00,1756233000,42440.0,42440.0,42440.0,42440.0,1,15,1,2025-08-24/2025-08-30,1645
2094,-404,MNK,MNKU25,M30,2025-08-26 19:00:00,1756234800,42470.0,42485.0,42470.0,42485.0,2,5,2,2025-08-24/2025-08-30,1645
2095,-403,MNK,MNKU25,M30,2025-08-26 19:30:00,1756236600,42515.0,42515.0,42510.0,42510.0,5,5,5,2025-08-24/2025-08-30,1645
2096,-402,MNK,MNKU25,M30,2025-08-26 20:00:00,1756238400,42510.0,42520.0,42510.0,42520.0,3,5,5,2025-08-24/2025-08-30,1645
2097,-401,MNK,MNKU25,M30,2025-08-26 20:30:00,1756240200,42535.0,42535.0,42535.0,42535.0,1,530,1,2025-08-24/2025-08-30,1645
2098,-400,MNK,MNKU25,M30,2025-08-26 22:00:00,1756245600,42535.0,42540.0,42535.0,42540.0,5,5,5,2025-08-24/2025-08-30,1645
2099,-399,MNK,MNKU25,M30,2025-08-26 23:00:00,1756249200,42535.0,42535.0,42535.0,42535.0,1,5,1,2025-08-24/2025-08-30,1645
2100,-398,MNK,MNKU25,M30,2025-08-26 23:30:00,1756251000,42475.0,42495.0,42475.0,42495.0,5,5,5,2025-08-24/2025-08-30,1645
2101,-397,MNK,MNKU25,M30,2025-08-27 00:00:00,1756252800,42460.0,42460.0,42330.0,42395.0,28,5,31,2025-08-24/2025-08-30,1645
2102,-396,MNK,MNKU25,M30,2025-08-27 00:30:00,1756254600,42325.0,42370.0,42280.0,42370.0,8,5,12,2025-08-24/2025-08-30,1645
2103,-395,MNK,MNKU25,M30,2025-08-27 01:00:00,1756256400,42390.0,42400.0,42350.0,42395.0,12,5,17,2025-08-24/2025-08-30,1645
2104,-394,MNK,MNKU25,M30,2025-08-27 01:30:00,1756258200,42365.0,42435.0,42360.0,42430.0,11,5,12,2025-08-24/2025-08-30,1645
2105,-393,MNK,MNKU25,M30,2025-08-27 02:00:00,1756260000,42440.0,42560.0,42440.0,42540.0,20,5,26,2025-08-24/2025-08-30,1645
2106,-392,MNK,MNKU25,M30,2025-08-27 02:30:00,1756261800,42545.0,42545.0,42525.0,42525.0,3,10,4,2025-08-24/2025-08-30,1645
2107,-391,MNK,MNKU25,M30,2025-08-27 03:00:00,1756263600,42540.0,42540.0,42535.0,42535.0,2,15,3,2025-08-24/2025-08-30,1645
2108,-390,MNK,MNKU25,M30,2025-08-27 03:30:00,1756265400,42600.0,42610.0,42555.0,42555.0,7,5,12,2025-08-24/2025-08-30,1645
2109,-389,MNK,MNKU25,M30,2025-08-27 04:00:00,1756267200,42520.0,42520.0,42515.0,42515.0,3,5,9,2025-08-24/2025-08-30,1645
2110,-388,MNK,MNKU25,M30,2025-08-27 04:30:00,1756269000,42480.0,42480.0,42475.0,42475.0,2,15,2,2025-08-24/2025-08-30,1645
2111,-387,MNK,MNKU25,M30,2025-08-27 05:00:00,1756270800,42435.0,42480.0,42410.0,42480.0,7,10,15,2025-08-24/2025-08-30,1645
2112,-386,MNK,MNKU25,M30,2025-08-27 06:00:00,1756274400,42550.0,42550.0,42545.0,42545.0,3,10,3,2025-08-24/2025-08-30,1645
2113,-385,MNK,MNKU25,M30,2025-08-27 06:30:00,1756276200,42480.0,42480.0,42480.0,42480.0,2,5,2,2025-08-24/2025-08-30,1645
2114,-384,MNK,MNKU25,M30,2025-08-27 07:00:00,1756278000,42460.0,42460.0,42435.0,42435.0,8,5,10,2025-08-24/2025-08-30,1645
2115,-383,MNK,MNKU25,M30,2025-08-27 07:30:00,1756279800,42435.0,42435.0,42435.0,42435.0,2,5,2,2025-08-24/2025-08-30,1645
2116,-382,MNK,MNKU25,M30,2025-08-27 08:00:00,1756281600,42440.0,42440.0,42440.0,42440.0,1,15,1,2025-08-24/2025-08-30,1645
2117,-381,MNK,MNKU25,M30,2025-08-27 09:00:00,1756285200,42410.0,42410.0,42405.0,42405.0,2,10,4,2025-08-24/2025-08-30,1645
2118,-380,MNK,MNKU25,M30,2025-08-27 10:00:00,1756288800,42430.0,42435.0,42430.0,42435.0,3,5,3,2025-08-24/2025-08-30,1645
2119,-379,MNK,MNKU25,M30,2025-08-27 10:30:00,1756290600,42445.0,42445.0,42445.0,42445.0,1,15,3,2025-08-24/2025-08-30,1645
2120,-378,MNK,MNKU25,M30,2025-08-27 12:00:00,1756296000,42450.0,42485.0,42450.0,42480.0,14,10,16,2025-08-24/2025-08-30,1645
2121,-377,MNK,MNKU25,M30,2025-08-27 12:30:00,1756297800,42410.0,42415.0,42410.0,42410.0,8,5,12,2025-08-24/2025-08-30,1645
2122,-376,MNK,MNKU25,M30,2025-08-27 13:00:00,1756299600,42405.0,42405.0,42405.0,42405.0,1,15,1,2025-08-24/2025-08-30,1645
2123,-375,MNK,MNKU25,M30,2025-08-27 13:30:00,1756301400,42415.0,42415.0,42410.0,42410.0,12,5,44,2025-08-24/2025-08-30,1645
2124,-374,MNK,MNKU25,M30,2025-08-27 14:00:00,1756303200,42435.0,42485.0,42435.0,42485.0,4,5,6,2025-08-24/2025-08-30,1645
2125,-373,MNK,MNKU25,M30,2025-08-27 14:30:00,1756305000,42470.0,42470.0,42470.0,42470.0,1,15,1,2025-08-24/2025-08-30,1645
2126,-372,MNK,MNKU25,M30,2025-08-27 15:00:00,1756306800,42470.0,42470.0,42470.0,42470.0,1,15,1,2025-08-24/2025-08-30,1645
2127,-371,MNK,MNKU25,M30,2025-08-27 15:30:00,1756308600,42475.0,42490.0,42475.0,42475.0,7,5,7,2025-08-24/2025-08-30,1645
2128,-370,MNK,MNKU25,M30,2025-08-27 16:00:00,1756310400,42455.0,42455.0,42455.0,42455.0,1,15,1,2025-08-24/2025-08-30,1645
2129,-369,MNK,MNKU25,M30,2025-08-27 16:30:00,1756312200,42485.0,42485.0,42485.0,42485.0,1,15,2,2025-08-24/2025-08-30,1645
2130,-368,MNK,MNKU25,M30,2025-08-27 18:00:00,1756317600,42555.0,42555.0,42555.0,42555.0,1,10,1,2025-08-24/2025-08-30,1645
2131,-367,MNK,MNKU25,M30,2025-08-27 18:30:00,1756319400,42560.0,42560.0,42560.0,42560.0,1,15,2,2025-08-24/2025-08-30,1645
2132,-366,MNK,MNKU25,M30,2025-08-27 19:30:00,1756323000,42545.0,42545.0,42545.0,42545.0,2,5,3,2025-08-24/2025-08-30,1645
62,-2819,MNK,MNKZ25,M30,2025-08-27 20:00:00,1756324800,42480.0,42480.0,42480.0,42480.0,0,0,0,2025-08-24/2025-08-30,0
2133,-365,MNK,MNKU25,M30,2025-08-27 22:30:00,1756333800,42470.0,42470.0,42470.0,42470.0,1,5,4,2025-08-24/2025-08-30,1645
2134,-364,MNK,MNKU25,M30,2025-08-27 23:30:00,1756337400,42435.0,42450.0,42345.0,42365.0,11,5,22,2025-08-24/2025-08-30,1645
2135,-363,MNK,MNKU25,M30,2025-08-28 00:00:00,1756339200,42355.0,42735.0,42355.0,42500.0,39,5,56,2025-08-24/2025-08-30,1645
2136,-362,MNK,MNKU25,M30,2025-08-28 00:30:00,1756341000,42670.0,42710.0,42595.0,42625.0,19,5,30,2025-08-24/2025-08-30,1645
2137,-361,MNK,MNKU25,M30,2025-08-28 01:00:00,1756342800,42640.0,42650.0,42630.0,42650.0,5,15,8,2025-08-24/2025-08-30,1645
2138,-360,MNK,MNKU25,M30,2025-08-28 01:30:00,1756344600,42675.0,42720.0,42675.0,42710.0,10,5,14,2025-08-24/2025-08-30,1645
2139,-359,MNK,MNKU25,M30,2025-08-28 02:00:00,1756346400,42700.0,42760.0,42700.0,42750.0,11,5,12,2025-08-24/2025-08-30,1645
2140,-358,MNK,MNKU25,M30,2025-08-28 02:30:00,1756348200,42690.0,42690.0,42690.0,42690.0,2,5,2,2025-08-24/2025-08-30,1645
2141,-357,MNK,MNKU25,M30,2025-08-28 03:00:00,1756350000,42745.0,42745.0,42745.0,42745.0,5,5,7,2025-08-24/2025-08-30,1645
2142,-356,MNK,MNKU25,M30,2025-08-28 03:30:00,1756351800,42790.0,42820.0,42790.0,42820.0,2,10,2,2025-08-24/2025-08-30,1645
2143,-355,MNK,MNKU25,M30,2025-08-28 04:30:00,1756355400,42780.0,42800.0,42760.0,42800.0,5,5,5,2025-08-24/2025-08-30,1645
2144,-354,MNK,MNKU25,M30,2025-08-28 05:00:00,1756357200,42800.0,42810.0,42800.0,42810.0,3,5,3,2025-08-24/2025-08-30,1645
2145,-353,MNK,MNKU25,M30,2025-08-28 05:30:00,1756359000,42785.0,42785.0,42785.0,42785.0,1,5,1,2025-08-24/2025-08-30,1645
2146,-352,MNK,MNKU25,M30,2025-08-28 06:00:00,1756360800,42815.0,42870.0,42815.0,42870.0,8,5,27,2025-08-24/2025-08-30,1645
2147,-351,MNK,MNKU25,M30,2025-08-28 06:30:00,1756362600,42875.0,42940.0,42875.0,42940.0,14,5,17,2025-08-24/2025-08-30,1645
2148,-350,MNK,MNKU25,M30,2025-08-28 07:00:00,1756364400,42955.0,43035.0,42955.0,43025.0,12,5,33,2025-08-24/2025-08-30,1645
2149,-349,MNK,MNKU25,M30,2025-08-28 07:30:00,1756366200,42975.0,42975.0,42955.0,42975.0,6,5,16,2025-08-24/2025-08-30,1645
2150,-348,MNK,MNKU25,M30,2025-08-28 08:00:00,1756368000,43015.0,43015.0,43015.0,43015.0,2,5,2,2025-08-24/2025-08-30,1645
2151,-347,MNK,MNKU25,M30,2025-08-28 08:30:00,1756369800,43000.0,43000.0,42945.0,42945.0,2,5,2,2025-08-24/2025-08-30,1645
2152,-346,MNK,MNKU25,M30,2025-08-28 09:30:00,1756373400,42845.0,42845.0,42840.0,42840.0,6,5,7,2025-08-24/2025-08-30,1645
2153,-345,MNK,MNKU25,M30,2025-08-28 10:30:00,1756377000,42810.0,42810.0,42810.0,42810.0,1,15,1,2025-08-24/2025-08-30,1645
2154,-344,MNK,MNKU25,M30,2025-08-28 11:00:00,1756378800,42810.0,42810.0,42760.0,42760.0,3,5,3,2025-08-24/2025-08-30,1645
2155,-343,MNK,MNKU25,M30,2025-08-28 11:30:00,1756380600,42750.0,42750.0,42750.0,42750.0,1,40,4,2025-08-24/2025-08-30,1645
2156,-342,MNK,MNKU25,M30,2025-08-28 12:30:00,1756384200,42840.0,42840.0,42840.0,42840.0,1,20,1,2025-08-24/2025-08-30,1645
2157,-341,MNK,MNKU25,M30,2025-08-28 13:00:00,1756386000,42875.0,42905.0,42875.0,42900.0,7,5,11,2025-08-24/2025-08-30,1645
2158,-340,MNK,MNKU25,M30,2025-08-28 13:30:00,1756387800,42915.0,42915.0,42840.0,42840.0,2,20,2,2025-08-24/2025-08-30,1645
2159,-339,MNK,MNKU25,M30,2025-08-28 14:00:00,1756389600,42850.0,42905.0,42850.0,42895.0,13,5,37,2025-08-24/2025-08-30,1645
2160,-338,MNK,MNKU25,M30,2025-08-28 14:30:00,1756391400,42915.0,42965.0,42915.0,42965.0,13,5,25,2025-08-24/2025-08-30,1645
2161,-337,MNK,MNKU25,M30,2025-08-28 15:00:00,1756393200,42985.0,42985.0,42950.0,42950.0,3,20,3,2025-08-24/2025-08-30,1645
2162,-336,MNK,MNKU25,M30,2025-08-28 15:30:00,1756395000,42955.0,42955.0,42955.0,42955.0,2,15,2,2025-08-24/2025-08-30,1645
2163,-335,MNK,MNKU25,M30,2025-08-28 16:00:00,1756396800,42935.0,43000.0,42930.0,43000.0,5,10,5,2025-08-24/2025-08-30,1645
2164,-334,MNK,MNKU25,M30,2025-08-28 16:30:00,1756398600,42950.0,42950.0,42935.0,42935.0,3,5,3,2025-08-24/2025-08-30,1645
2165,-333,MNK,MNKU25,M30,2025-08-28 17:00:00,1756400400,42925.0,42925.0,42925.0,42925.0,1,15,1,2025-08-24/2025-08-30,1645
2166,-332,MNK,MNKU25,M30,2025-08-28 17:30:00,1756402200,42925.0,42945.0,42925.0,42945.0,2,15,2,2025-08-24/2025-08-30,1645
2167,-331,MNK,MNKU25,M30,2025-08-28 18:00:00,1756404000,42985.0,42985.0,42965.0,42965.0,2,10,3,2025-08-24/2025-08-30,1645
2168,-330,MNK,MNKU25,M30,2025-08-28 18:30:00,1756405800,42950.0,42950.0,42950.0,42950.0,1,15,1,2025-08-24/2025-08-30,1645
63,-2818,MNK,MNKZ25,M30,2025-08-28 20:00:00,1756411200,42845.0,42845.0,42845.0,42845.0,0,0,0,2025-08-24/2025-08-30,0
2169,-329,MNK,MNKU25,M30,2025-08-28 20:30:00,1756413000,42935.0,42935.0,42935.0,42935.0,2,5,2,2025-08-24/2025-08-30,1645
2170,-328,MNK,MNKU25,M30,2025-08-28 22:30:00,1756420200,42940.0,42940.0,42940.0,42940.0,1,35,2,2025-08-24/2025-08-30,1645
2171,-327,MNK,MNKU25,M30,2025-08-28 23:30:00,1756423800,42860.0,42860.0,42820.0,42830.0,13,5,20,2025-08-24/2025-08-30,1645
2172,-326,MNK,MNKU25,M30,2025-08-29 00:00:00,1756425600,42775.0,42775.0,42690.0,42735.0,13,5,15,2025-08-24/2025-08-30,1645
2173,-325,MNK,MNKU25,M30,2025-08-29 00:30:00,1756427400,42715.0,42740.0,42645.0,42680.0,11,5,13,2025-08-24/2025-08-30,1645
2174,-324,MNK,MNKU25,M30,2025-08-29 01:00:00,1756429200,42705.0,42705.0,42705.0,42705.0,1,15,1,2025-08-24/2025-08-30,1645
2175,-323,MNK,MNKU25,M30,2025-08-29 02:00:00,1756432800,42730.0,42750.0,42710.0,42750.0,4,10,7,2025-08-24/2025-08-30,1645
2176,-322,MNK,MNKU25,M30,2025-08-29 02:30:00,1756434600,42705.0,42705.0,42705.0,42705.0,2,5,2,2025-08-24/2025-08-30,1645
2177,-321,MNK,MNKU25,M30,2025-08-29 03:00:00,1756436400,42730.0,42730.0,42730.0,42730.0,3,5,4,2025-08-24/2025-08-30,1645
2178,-320,MNK,MNKU25,M30,2025-08-29 04:00:00,1756440000,42770.0,42770.0,42760.0,42760.0,3,15,7,2025-08-24/2025-08-30,1645
2179,-319,MNK,MNKU25,M30,2025-08-29 04:30:00,1756441800,42710.0,42710.0,42710.0,42710.0,1,20,1,2025-08-24/2025-08-30,1645
2180,-318,MNK,MNKU25,M30,2025-08-29 05:00:00,1756443600,42665.0,42690.0,42665.0,42690.0,2,10,2,2025-08-24/2025-08-30,1645
2181,-317,MNK,MNKU25,M30,2025-08-29 05:30:00,1756445400,42695.0,42750.0,42695.0,42740.0,8,5,18,2025-08-24/2025-08-30,1645
2182,-316,MNK,MNKU25,M30,2025-08-29 06:00:00,1756447200,42770.0,42820.0,42755.0,42820.0,9,5,12,2025-08-24/2025-08-30,1645
2183,-315,MNK,MNKU25,M30,2025-08-29 06:30:00,1756449000,42735.0,42735.0,42690.0,42715.0,5,5,5,2025-08-24/2025-08-30,1645
2184,-314,MNK,MNKU25,M30,2025-08-29 07:00:00,1756450800,42705.0,42715.0,42705.0,42715.0,3,5,9,2025-08-24/2025-08-30,1645
2185,-313,MNK,MNKU25,M30,2025-08-29 07:30:00,1756452600,42660.0,42685.0,42660.0,42685.0,4,5,13,2025-08-24/2025-08-30,1645
2186,-312,MNK,MNKU25,M30,2025-08-29 08:00:00,1756454400,42620.0,42620.0,42465.0,42465.0,11,5,28,2025-08-24/2025-08-30,1645
2187,-311,MNK,MNKU25,M30,2025-08-29 08:30:00,1756456200,42470.0,42470.0,42390.0,42390.0,15,5,24,2025-08-24/2025-08-30,1645
2188,-310,MNK,MNKU25,M30,2025-08-29 09:30:00,1756459800,42445.0,42445.0,42445.0,42445.0,2,10,5,2025-08-24/2025-08-30,1645
2189,-309,MNK,MNKU25,M30,2025-08-29 10:00:00,1756461600,42450.0,42450.0,42420.0,42420.0,2,10,5,2025-08-24/2025-08-30,1645
2190,-308,MNK,MNKU25,M30,2025-08-29 10:30:00,1756463400,42420.0,42420.0,42420.0,42420.0,1,20,1,2025-08-24/2025-08-30,1645
2191,-307,MNK,MNKU25,M30,2025-08-29 11:00:00,1756465200,42425.0,42425.0,42425.0,42425.0,1,30,5,2025-08-24/2025-08-30,1645
2192,-306,MNK,MNKU25,M30,2025-08-29 12:30:00,1756470600,42435.0,42455.0,42435.0,42455.0,10,5,12,2025-08-24/2025-08-30,1645
2193,-305,MNK,MNKU25,M30,2025-08-29 13:00:00,1756472400,42400.0,42400.0,42400.0,42400.0,1,20,5,2025-08-24/2025-08-30,1645
2194,-304,MNK,MNKU25,M30,2025-08-29 13:30:00,1756474200,42370.0,42370.0,42185.0,42190.0,18,5,35,2025-08-24/2025-08-30,1645
2195,-303,MNK,MNKU25,M30,2025-08-29 14:00:00,1756476000,42185.0,42185.0,42045.0,42045.0,10,5,34,2025-08-24/2025-08-30,1645
2196,-302,MNK,MNKU25,M30,2025-08-29 14:30:00,1756477800,42185.0,42195.0,42175.0,42180.0,6,5,6,2025-08-24/2025-08-30,1645
2197,-301,MNK,MNKU25,M30,2025-08-29 15:00:00,1756479600,42210.0,42210.0,42210.0,42210.0,2,10,2,2025-08-24/2025-08-30,1645
2198,-300,MNK,MNKU25,M30,2025-08-29 15:30:00,1756481400,42135.0,42165.0,42135.0,42165.0,4,5,4,2025-08-24/2025-08-30,1645
2199,-299,MNK,MNKU25,M30,2025-08-29 16:00:00,1756483200,42175.0,42175.0,42175.0,42175.0,1,15,1,2025-08-24/2025-08-30,1645
2200,-298,MNK,MNKU25,M30,2025-08-29 19:00:00,1756494000,42115.0,42115.0,42115.0,42115.0,1,20,1,2025-08-24/2025-08-30,1645
2201,-297,MNK,MNKU25,M30,2025-08-29 19:30:00,1756495800,42100.0,42105.0,42100.0,42105.0,2,5,7,2025-08-24/2025-08-30,1645
2202,-296,MNK,MNKU25,M30,2025-08-29 20:00:00,1756497600,42090.0,42130.0,42090.0,42130.0,7,10,8,2025-08-24/2025-08-30,1645
64,-2817,MNK,MNKZ25,M30,2025-08-29 20:30:00,1756499400,41985.0,41985.0,41985.0,41985.0,0,0,0,2025-08-24/2025-08-30,0
2203,-295,MNK,MNKU25,M30,2025-08-31 23:30:00,1756683000,42325.0,42325.0,42270.0,42300.0,4,10,4,2025-08-31/2025-09-06,1501
2204,-294,MNK,MNKU25,M30,2025-09-01 00:00:00,1756684800,42330.0,42450.0,42330.0,42360.0,18,5,27,2025-08-31/2025-09-06,1501
2205,-293,MNK,MNKU25,M30,2025-09-01 00:30:00,1756686600,42280.0,42325.0,42280.0,42315.0,5,5,8,2025-08-31/2025-09-06,1501
2206,-292,MNK,MNKU25,M30,2025-09-01 01:00:00,1756688400,42220.0,42220.0,42205.0,42205.0,2,5,3,2025-08-31/2025-09-06,1501
2207,-291,MNK,MNKU25,M30,2025-09-01 01:30:00,1756690200,42185.0,42185.0,41910.0,41910.0,30,5,38,2025-08-31/2025-09-06,1501
2208,-290,MNK,MNKU25,M30,2025-09-01 02:00:00,1756692000,41945.0,41945.0,41880.0,41880.0,7,5,24,2025-08-31/2025-09-06,1501
2209,-289,MNK,MNKU25,M30,2025-09-01 02:30:00,1756693800,41830.0,41840.0,41830.0,41840.0,7,5,7,2025-08-31/2025-09-06,1501
2210,-288,MNK,MNKU25,M30,2025-09-01 03:00:00,1756695600,41800.0,41880.0,41800.0,41845.0,9,5,19,2025-08-31/2025-09-06,1501
2211,-287,MNK,MNKU25,M30,2025-09-01 03:30:00,1756697400,41920.0,41920.0,41920.0,41920.0,4,5,5,2025-08-31/2025-09-06,1501
2212,-286,MNK,MNKU25,M30,2025-09-01 04:00:00,1756699200,41975.0,42000.0,41975.0,42000.0,3,5,3,2025-08-31/2025-09-06,1501
2213,-285,MNK,MNKU25,M30,2025-09-01 04:30:00,1756701000,42020.0,42020.0,42020.0,42020.0,1,20,1,2025-08-31/2025-09-06,1501
2214,-284,MNK,MNKU25,M30,2025-09-01 05:30:00,1756704600,42100.0,42155.0,42095.0,42155.0,7,5,12,2025-08-31/2025-09-06,1501
2215,-283,MNK,MNKU25,M30,2025-09-01 06:30:00,1756708200,42265.0,42265.0,42265.0,42265.0,1,20,1,2025-08-31/2025-09-06,1501
2216,-282,MNK,MNKU25,M30,2025-09-01 07:30:00,1756711800,42300.0,42300.0,42300.0,42300.0,2,10,2,2025-08-31/2025-09-06,1501
2217,-281,MNK,MNKU25,M30,2025-09-01 08:00:00,1756713600,42335.0,42380.0,42335.0,42360.0,5,10,5,2025-08-31/2025-09-06,1501
2218,-280,MNK,MNKU25,M30,2025-09-01 10:30:00,1756722600,42335.0,42335.0,42335.0,42335.0,1,15,1,2025-08-31/2025-09-06,1501
2219,-279,MNK,MNKU25,M30,2025-09-01 11:30:00,1756726200,42350.0,42365.0,42350.0,42365.0,4,5,9,2025-08-31/2025-09-06,1501
2220,-278,MNK,MNKU25,M30,2025-09-01 12:00:00,1756728000,42380.0,42385.0,42380.0,42385.0,2,10,4,2025-08-31/2025-09-06,1501
2221,-277,MNK,MNKU25,M30,2025-09-01 12:30:00,1756729800,42400.0,42400.0,42395.0,42395.0,3,5,12,2025-08-31/2025-09-06,1501
2222,-276,MNK,MNKU25,M30,2025-09-01 13:00:00,1756731600,42380.0,42380.0,42380.0,42380.0,3,5,4,2025-08-31/2025-09-06,1501
2223,-275,MNK,MNKU25,M30,2025-09-01 13:30:00,1756733400,42305.0,42305.0,42305.0,42305.0,1,20,1,2025-08-31/2025-09-06,1501
2224,-274,MNK,MNKU25,M30,2025-09-01 14:00:00,1756735200,42380.0,42380.0,42380.0,42380.0,1,465,1,2025-08-31/2025-09-06,1501
2225,-273,MNK,MNKU25,M30,2025-09-01 23:30:00,1756769400,42360.0,42360.0,42340.0,42360.0,3,20,3,2025-08-31/2025-09-06,1501
2226,-272,MNK,MNKU25,M30,2025-09-02 00:00:00,1756771200,42375.0,42380.0,42290.0,42325.0,12,5,12,2025-08-31/2025-09-06,1501
2227,-271,MNK,MNKU25,M30,2025-09-02 00:30:00,1756773000,42310.0,42410.0,42300.0,42405.0,5,10,14,2025-08-31/2025-09-06,1501
2228,-270,MNK,MNKU25,M30,2025-09-02 01:00:00,1756774800,42360.0,42415.0,42355.0,42355.0,10,5,11,2025-08-31/2025-09-06,1501
2229,-269,MNK,MNKU25,M30,2025-09-02 01:30:00,1756776600,42465.0,42495.0,42285.0,42285.0,26,5,49,2025-08-31/2025-09-06,1501
2230,-268,MNK,MNKU25,M30,2025-09-02 02:00:00,1756778400,42260.0,42260.0,42260.0,42260.0,1,5,1,2025-08-31/2025-09-06,1501
2231,-267,MNK,MNKU25,M30,2025-09-02 03:30:00,1756783800,42330.0,42415.0,42330.0,42400.0,11,5,12,2025-08-31/2025-09-06,1501
2232,-266,MNK,MNKU25,M30,2025-09-02 04:00:00,1756785600,42375.0,42375.0,42360.0,42360.0,3,5,4,2025-08-31/2025-09-06,1501
2233,-265,MNK,MNKU25,M30,2025-09-02 04:30:00,1756787400,42265.0,42275.0,42265.0,42275.0,8,5,9,2025-08-31/2025-09-06,1501
2234,-264,MNK,MNKU25,M30,2025-09-02 05:00:00,1756789200,42210.0,42210.0,42135.0,42135.0,3,5,5,2025-08-31/2025-09-06,1501
2235,-263,MNK,MNKU25,M30,2025-09-02 06:30:00,1756794600,42350.0,42350.0,42350.0,42350.0,1,10,2,2025-08-31/2025-09-06,1501
2236,-262,MNK,MNKU25,M30,2025-09-02 07:00:00,1756796400,42370.0,42370.0,42330.0,42340.0,3,5,3,2025-08-31/2025-09-06,1501
2237,-261,MNK,MNKU25,M30,2025-09-02 07:30:00,1756798200,42365.0,42365.0,42200.0,42200.0,7,5,26,2025-08-31/2025-09-06,1501
2238,-260,MNK,MNKU25,M30,2025-09-02 08:00:00,1756800000,42150.0,42160.0,42075.0,42160.0,7,5,11,2025-08-31/2025-09-06,1501
2239,-259,MNK,MNKU25,M30,2025-09-02 08:30:00,1756801800,42130.0,42130.0,42130.0,42130.0,1,15,1,2025-08-31/2025-09-06,1501
2240,-258,MNK,MNKU25,M30,2025-09-02 10:30:00,1756809000,42020.0,42020.0,42010.0,42010.0,2,15,3,2025-08-31/2025-09-06,1501
2241,-257,MNK,MNKU25,M30,2025-09-02 11:00:00,1756810800,41990.0,41990.0,41990.0,41990.0,1,20,1,2025-08-31/2025-09-06,1501
2242,-256,MNK,MNKU25,M30,2025-09-02 11:30:00,1756812600,41975.0,41975.0,41945.0,41945.0,3,5,3,2025-08-31/2025-09-06,1501
2243,-255,MNK,MNKU25,M30,2025-09-02 12:00:00,1756814400,41900.0,41900.0,41895.0,41895.0,2,5,2,2025-08-31/2025-09-06,1501
2244,-254,MNK,MNKU25,M30,2025-09-02 12:30:00,1756816200,41880.0,41890.0,41810.0,41820.0,11,5,21,2025-08-31/2025-09-06,1501
2245,-253,MNK,MNKU25,M30,2025-09-02 13:00:00,1756818000,41850.0,41875.0,41840.0,41875.0,6,5,15,2025-08-31/2025-09-06,1501
2246,-252,MNK,MNKU25,M30,2025-09-02 13:30:00,1756819800,41850.0,42050.0,41760.0,42050.0,20,5,34,2025-08-31/2025-09-06,1501
2247,-251,MNK,MNKU25,M30,2025-09-02 14:00:00,1756821600,42040.0,42040.0,42005.0,42015.0,5,5,5,2025-08-31/2025-09-06,1501
2248,-250,MNK,MNKU25,M30,2025-09-02 14:30:00,1756823400,42080.0,42090.0,41990.0,41990.0,5,5,5,2025-08-31/2025-09-06,1501
2249,-249,MNK,MNKU25,M30,2025-09-02 15:00:00,1756825200,41980.0,41980.0,41915.0,41925.0,9,5,11,2025-08-31/2025-09-06,1501
2250,-248,MNK,MNKU25,M30,2025-09-02 15:30:00,1756827000,41915.0,41915.0,41855.0,41860.0,10,5,10,2025-08-31/2025-09-06,1501
2251,-247,MNK,MNKU25,M30,2025-09-02 16:30:00,1756830600,41915.0,41950.0,41915.0,41950.0,4,5,7,2025-08-31/2025-09-06,1501
2252,-246,MNK,MNKU25,M30,2025-09-02 18:00:00,1756836000,42015.0,42015.0,42015.0,42015.0,3,10,6,2025-08-31/2025-09-06,1501
2253,-245,MNK,MNKU25,M30,2025-09-02 18:30:00,1756837800,41980.0,41985.0,41980.0,41980.0,4,10,5,2025-08-31/2025-09-06,1501
2254,-244,MNK,MNKU25,M30,2025-09-02 19:00:00,1756839600,42040.0,42060.0,42040.0,42050.0,7,5,8,2025-08-31/2025-09-06,1501
2255,-243,MNK,MNKU25,M30,2025-09-02 19:30:00,1756841400,42120.0,42120.0,42120.0,42120.0,2,5,3,2025-08-31/2025-09-06,1501
2256,-242,MNK,MNKU25,M30,2025-09-02 20:00:00,1756843200,42100.0,42165.0,42100.0,42145.0,7,5,15,2025-08-31/2025-09-06,1501
2257,-241,MNK,MNKU25,M30,2025-09-02 22:30:00,1756852200,42130.0,42130.0,42100.0,42100.0,3,5,3,2025-08-31/2025-09-06,1501
2258,-240,MNK,MNKU25,M30,2025-09-02 23:00:00,1756854000,42075.0,42085.0,42075.0,42085.0,2,15,2,2025-08-31/2025-09-06,1501
2259,-239,MNK,MNKU25,M30,2025-09-02 23:30:00,1756855800,42125.0,42155.0,42080.0,42080.0,3,10,3,2025-08-31/2025-09-06,1501
2260,-238,MNK,MNKU25,M30,2025-09-03 00:00:00,1756857600,42130.0,42175.0,42130.0,42165.0,6,5,13,2025-08-31/2025-09-06,1501
2261,-237,MNK,MNKU25,M30,2025-09-03 00:30:00,1756859400,42265.0,42265.0,42215.0,42215.0,2,10,4,2025-08-31/2025-09-06,1501
2262,-236,MNK,MNKU25,M30,2025-09-03 01:00:00,1756861200,42195.0,42195.0,42180.0,42185.0,5,5,5,2025-08-31/2025-09-06,1501
2263,-235,MNK,MNKU25,M30,2025-09-03 01:30:00,1756863000,42155.0,42300.0,42155.0,42285.0,8,5,16,2025-08-31/2025-09-06,1501
2264,-234,MNK,MNKU25,M30,2025-09-03 02:00:00,1756864800,42290.0,42310.0,42185.0,42185.0,18,5,30,2025-08-31/2025-09-06,1501
2265,-233,MNK,MNKU25,M30,2025-09-03 02:30:00,1756866600,42175.0,42180.0,42160.0,42160.0,11,10,22,2025-08-31/2025-09-06,1501
2266,-232,MNK,MNKU25,M30,2025-09-03 03:00:00,1756868400,42150.0,42165.0,42150.0,42165.0,2,5,8,2025-08-31/2025-09-06,1501
2267,-231,MNK,MNKU25,M30,2025-09-03 03:30:00,1756870200,42085.0,42105.0,42045.0,42045.0,3,10,3,2025-08-31/2025-09-06,1501
2268,-230,MNK,MNKU25,M30,2025-09-03 04:00:00,1756872000,42000.0,42000.0,41995.0,41995.0,5,5,5,2025-08-31/2025-09-06,1501
2269,-229,MNK,MNKU25,M30,2025-09-03 04:30:00,1756873800,41980.0,41980.0,41980.0,41980.0,1,5,3,2025-08-31/2025-09-06,1501
2270,-228,MNK,MNKU25,M30,2025-09-03 05:00:00,1756875600,41890.0,41890.0,41890.0,41890.0,1,15,5,2025-08-31/2025-09-06,1501
2271,-227,MNK,MNKU25,M30,2025-09-03 05:30:00,1756877400,41985.0,41985.0,41905.0,41905.0,7,5,8,2025-08-31/2025-09-06,1501
2272,-226,MNK,MNKU25,M30,2025-09-03 06:30:00,1756881000,42000.0,42000.0,42000.0,42000.0,1,20,1,2025-08-31/2025-09-06,1501
2273,-225,MNK,MNKU25,M30,2025-09-03 07:00:00,1756882800,42055.0,42055.0,42040.0,42050.0,6,5,7,2025-08-31/2025-09-06,1501
2274,-224,MNK,MNKU25,M30,2025-09-03 07:30:00,1756884600,42060.0,42080.0,42060.0,42080.0,2,5,2,2025-08-31/2025-09-06,1501
2275,-223,MNK,MNKU25,M30,2025-09-03 08:00:00,1756886400,42090.0,42145.0,42090.0,42145.0,2,10,2,2025-08-31/2025-09-06,1501
2276,-222,MNK,MNKU25,M30,2025-09-03 08:30:00,1756888200,42150.0,42150.0,42150.0,42150.0,1,5,1,2025-08-31/2025-09-06,1501
2277,-221,MNK,MNKU25,M30,2025-09-03 09:00:00,1756890000,42145.0,42145.0,42145.0,42145.0,1,15,1,2025-08-31/2025-09-06,1501
2278,-220,MNK,MNKU25,M30,2025-09-03 09:30:00,1756891800,42185.0,42185.0,42170.0,42170.0,2,5,7,2025-08-31/2025-09-06,1501
2279,-219,MNK,MNKU25,M30,2025-09-03 10:00:00,1756893600,42170.0,42170.0,42170.0,42170.0,1,5,1,2025-08-31/2025-09-06,1501
2280,-218,MNK,MNKU25,M30,2025-09-03 10:30:00,1756895400,42165.0,42170.0,42165.0,42170.0,2,5,2,2025-08-31/2025-09-06,1501
2281,-217,MNK,MNKU25,M30,2025-09-03 11:00:00,1756897200,42210.0,42210.0,42210.0,42210.0,1,20,1,2025-08-31/2025-09-06,1501
2282,-216,MNK,MNKU25,M30,2025-09-03 11:30:00,1756899000,42230.0,42230.0,42170.0,42170.0,5,5,5,2025-08-31/2025-09-06,1501
2283,-215,MNK,MNKU25,M30,2025-09-03 12:30:00,1756902600,42180.0,42180.0,42175.0,42175.0,2,5,2,2025-08-31/2025-09-06,1501
2284,-214,MNK,MNKU25,M30,2025-09-03 13:00:00,1756904400,42150.0,42150.0,42150.0,42150.0,1,15,2,2025-08-31/2025-09-06,1501
2285,-213,MNK,MNKU25,M30,2025-09-03 13:30:00,1756906200,42140.0,42220.0,42140.0,42160.0,9,5,13,2025-08-31/2025-09-06,1501
2286,-212,MNK,MNKU25,M30,2025-09-03 14:00:00,1756908000,42080.0,42090.0,42080.0,42090.0,3,5,4,2025-08-31/2025-09-06,1501
2287,-211,MNK,MNKU25,M30,2025-09-03 14:30:00,1756909800,42155.0,42155.0,42130.0,42130.0,2,5,2,2025-08-31/2025-09-06,1501
2288,-210,MNK,MNKU25,M30,2025-09-03 15:00:00,1756911600,42145.0,42145.0,42145.0,42145.0,1,20,1,2025-08-31/2025-09-06,1501
2289,-209,MNK,MNKU25,M30,2025-09-03 17:00:00,1756918800,42035.0,42035.0,42035.0,42035.0,1,5,1,2025-08-31/2025-09-06,1501
2290,-208,MNK,MNKU25,M30,2025-09-03 19:00:00,1756926000,41960.0,41960.0,41960.0,41960.0,1,15,1,2025-08-31/2025-09-06,1501
2291,-207,MNK,MNKU25,M30,2025-09-03 19:30:00,1756927800,42035.0,42115.0,42035.0,42115.0,28,5,34,2025-08-31/2025-09-06,1501
2292,-206,MNK,MNKU25,M30,2025-09-03 20:00:00,1756929600,42145.0,42155.0,42130.0,42130.0,10,5,12,2025-08-31/2025-09-06,1501
2293,-205,MNK,MNKU25,M30,2025-09-03 20:30:00,1756931400,42145.0,42145.0,42145.0,42145.0,2,10,2,2025-08-31/2025-09-06,1501
2294,-204,MNK,MNKU25,M30,2025-09-03 22:30:00,1756938600,42130.0,42130.0,42130.0,42130.0,1,10,1,2025-08-31/2025-09-06,1501
2295,-203,MNK,MNKU25,M30,2025-09-03 23:00:00,1756940400,42165.0,42165.0,42165.0,42165.0,2,5,2,2025-08-31/2025-09-06,1501
2296,-202,MNK,MNKU25,M30,2025-09-03 23:30:00,1756942200,42130.0,42130.0,42085.0,42085.0,2,5,3,2025-08-31/2025-09-06,1501
2297,-201,MNK,MNKU25,M30,2025-09-04 00:00:00,1756944000,42070.0,42415.0,42070.0,42415.0,12,5,19,2025-08-31/2025-09-06,1501
2298,-200,MNK,MNKU25,M30,2025-09-04 00:30:00,1756945800,42375.0,42505.0,42365.0,42480.0,17,5,21,2025-08-31/2025-09-06,1501
2299,-199,MNK,MNKU25,M30,2025-09-04 01:30:00,1756949400,42420.0,42420.0,42420.0,42420.0,1,5,1,2025-08-31/2025-09-06,1501
2300,-198,MNK,MNKU25,M30,2025-09-04 02:00:00,1756951200,42450.0,42490.0,42450.0,42490.0,2,5,2,2025-08-31/2025-09-06,1501
2301,-197,MNK,MNKU25,M30,2025-09-04 02:30:00,1756953000,42500.0,42545.0,42500.0,42500.0,13,5,35,2025-08-31/2025-09-06,1501
2302,-196,MNK,MNKU25,M30,2025-09-04 03:00:00,1756954800,42505.0,42510.0,42505.0,42505.0,3,5,4,2025-08-31/2025-09-06,1501
2303,-195,MNK,MNKU25,M30,2025-09-04 04:00:00,1756958400,42490.0,42550.0,42490.0,42550.0,3,5,5,2025-08-31/2025-09-06,1501
2304,-194,MNK,MNKU25,M30,2025-09-04 04:30:00,1756960200,42565.0,42605.0,42565.0,42605.0,8,5,15,2025-08-31/2025-09-06,1501
2305,-193,MNK,MNKU25,M30,2025-09-04 05:00:00,1756962000,42600.0,42610.0,42600.0,42610.0,2,5,2,2025-08-31/2025-09-06,1501
2306,-192,MNK,MNKU25,M30,2025-09-04 05:30:00,1756963800,42580.0,42580.0,42580.0,42580.0,2,5,4,2025-08-31/2025-09-06,1501
2307,-191,MNK,MNKU25,M30,2025-09-04 06:00:00,1756965600,42555.0,42595.0,42550.0,42595.0,3,5,3,2025-08-31/2025-09-06,1501
2308,-190,MNK,MNKU25,M30,2025-09-04 06:30:00,1756967400,42570.0,42645.0,42570.0,42645.0,14,5,20,2025-08-31/2025-09-06,1501
2309,-189,MNK,MNKU25,M30,2025-09-04 07:00:00,1756969200,42605.0,42605.0,42605.0,42605.0,3,5,7,2025-08-31/2025-09-06,1501
2310,-188,MNK,MNKU25,M30,2025-09-04 07:30:00,1756971000,42600.0,42605.0,42600.0,42605.0,2,5,4,2025-08-31/2025-09-06,1501
2311,-187,MNK,MNKU25,M30,2025-09-04 08:00:00,1756972800,42600.0,42680.0,42600.0,42680.0,3,10,13,2025-08-31/2025-09-06,1501
2312,-186,MNK,MNKU25,M30,2025-09-04 08:30:00,1756974600,42640.0,42640.0,42600.0,42600.0,2,15,2,2025-08-31/2025-09-06,1501
2313,-185,MNK,MNKU25,M30,2025-09-04 09:00:00,1756976400,42590.0,42590.0,42590.0,42590.0,12,5,37,2025-08-31/2025-09-06,1501
2314,-184,MNK,MNKU25,M30,2025-09-04 09:30:00,1756978200,42590.0,42590.0,42540.0,42540.0,4,5,6,2025-08-31/2025-09-06,1501
2315,-183,MNK,MNKU25,M30,2025-09-04 10:00:00,1756980000,42570.0,42625.0,42570.0,42625.0,8,5,17,2025-08-31/2025-09-06,1501
2316,-182,MNK,MNKU25,M30,2025-09-04 10:30:00,1756981800,42560.0,42560.0,42545.0,42545.0,2,15,2,2025-08-31/2025-09-06,1501
2317,-181,MNK,MNKU25,M30,2025-09-04 11:00:00,1756983600,42560.0,42565.0,42560.0,42565.0,2,10,2,2025-08-31/2025-09-06,1501
2318,-180,MNK,MNKU25,M30,2025-09-04 11:30:00,1756985400,42545.0,42545.0,42520.0,42520.0,3,5,4,2025-08-31/2025-09-06,1501
2319,-179,MNK,MNKU25,M30,2025-09-04 12:00:00,1756987200,42540.0,42540.0,42520.0,42520.0,3,5,3,2025-08-31/2025-09-06,1501
2320,-178,MNK,MNKU25,M30,2025-09-04 12:30:00,1756989000,42555.0,42555.0,42555.0,42555.0,3,10,4,2025-08-31/2025-09-06,1501
2321,-177,MNK,MNKU25,M30,2025-09-04 13:00:00,1756990800,42545.0,42545.0,42525.0,42525.0,6,15,10,2025-08-31/2025-09-06,1501
2322,-176,MNK,MNKU25,M30,2025-09-04 13:30:00,1756992600,42590.0,42635.0,42590.0,42635.0,3,10,4,2025-08-31/2025-09-06,1501
2323,-175,MNK,MNKU25,M30,2025-09-04 14:00:00,1756994400,42615.0,42640.0,42615.0,42640.0,3,5,4,2025-08-31/2025-09-06,1501
2324,-174,MNK,MNKU25,M30,2025-09-04 14:30:00,1756996200,42735.0,42755.0,42735.0,42755.0,3,10,7,2025-08-31/2025-09-06,1501
2325,-173,MNK,MNKU25,M30,2025-09-04 15:00:00,1756998000,42875.0,42875.0,42875.0,42875.0,1,15,1,2025-08-31/2025-09-06,1501
2326,-172,MNK,MNKU25,M30,2025-09-04 15:30:00,1756999800,42860.0,42885.0,42860.0,42885.0,3,5,4,2025-08-31/2025-09-06,1501
2327,-171,MNK,MNKU25,M30,2025-09-04 16:30:00,1757003400,42875.0,42875.0,42845.0,42845.0,2,15,3,2025-08-31/2025-09-06,1501
2328,-170,MNK,MNKU25,M30,2025-09-04 17:00:00,1757005200,42890.0,42890.0,42870.0,42875.0,3,5,3,2025-08-31/2025-09-06,1501
2329,-169,MNK,MNKU25,M30,2025-09-04 17:30:00,1757007000,42875.0,42880.0,42875.0,42880.0,2,15,2,2025-08-31/2025-09-06,1501
2330,-168,MNK,MNKU25,M30,2025-09-04 19:00:00,1757012400,42870.0,42870.0,42870.0,42870.0,1,15,1,2025-08-31/2025-09-06,1501
2331,-167,MNK,MNKU25,M30,2025-09-04 19:30:00,1757014200,42860.0,42900.0,42860.0,42880.0,7,10,9,2025-08-31/2025-09-06,1501
2332,-166,MNK,MNKU25,M30,2025-09-04 20:00:00,1757016000,42875.0,42905.0,42860.0,42885.0,17,5,21,2025-08-31/2025-09-06,1501
2333,-165,MNK,MNKU25,M30,2025-09-04 20:30:00,1757017800,42915.0,42930.0,42910.0,42930.0,4,10,4,2025-08-31/2025-09-06,1501
2334,-164,MNK,MNKU25,M30,2025-09-04 22:00:00,1757023200,42925.0,42930.0,42925.0,42930.0,7,5,7,2025-08-31/2025-09-06,1501
2335,-163,MNK,MNKU25,M30,2025-09-04 22:30:00,1757025000,42935.0,42935.0,42920.0,42920.0,8,5,10,2025-08-31/2025-09-06,1501
2336,-162,MNK,MNKU25,M30,2025-09-04 23:00:00,1757026800,42950.0,42950.0,42950.0,42950.0,1,10,1,2025-08-31/2025-09-06,1501
2337,-161,MNK,MNKU25,M30,2025-09-04 23:30:00,1757028600,42985.0,43025.0,42955.0,43025.0,9,5,37,2025-08-31/2025-09-06,1501
2338,-160,MNK,MNKU25,M30,2025-09-05 00:00:00,1757030400,43050.0,43245.0,43050.0,43170.0,22,5,24,2025-08-31/2025-09-06,1501
2339,-159,MNK,MNKU25,M30,2025-09-05 00:30:00,1757032200,43155.0,43175.0,42945.0,42945.0,26,5,31,2025-08-31/2025-09-06,1501
2340,-158,MNK,MNKU25,M30,2025-09-05 01:00:00,1757034000,42935.0,42935.0,42900.0,42910.0,5,5,6,2025-08-31/2025-09-06,1501
2341,-157,MNK,MNKU25,M30,2025-09-05 01:30:00,1757035800,42945.0,42995.0,42945.0,42970.0,8,5,9,2025-08-31/2025-09-06,1501
2342,-156,MNK,MNKU25,M30,2025-09-05 02:00:00,1757037600,42940.0,42940.0,42880.0,42890.0,6,5,7,2025-08-31/2025-09-06,1501
2343,-155,MNK,MNKU25,M30,2025-09-05 02:30:00,1757039400,42950.0,42970.0,42945.0,42970.0,7,10,8,2025-08-31/2025-09-06,1501
2344,-154,MNK,MNKU25,M30,2025-09-05 03:00:00,1757041200,42945.0,42945.0,42905.0,42905.0,4,10,4,2025-08-31/2025-09-06,1501
2345,-153,MNK,MNKU25,M30,2025-09-05 03:30:00,1757043000,43020.0,43020.0,42930.0,42970.0,10,5,11,2025-08-31/2025-09-06,1501
2346,-152,MNK,MNKU25,M30,2025-09-05 04:00:00,1757044800,42920.0,42920.0,42865.0,42880.0,5,5,8,2025-08-31/2025-09-06,1501
2347,-151,MNK,MNKU25,M30,2025-09-05 04:30:00,1757046600,42865.0,42865.0,42825.0,42835.0,3,10,4,2025-08-31/2025-09-06,1501
2348,-150,MNK,MNKU25,M30,2025-09-05 05:00:00,1757048400,42870.0,42870.0,42870.0,42870.0,1,20,1,2025-08-31/2025-09-06,1501
2349,-149,MNK,MNKU25,M30,2025-09-05 05:30:00,1757050200,42955.0,43005.0,42955.0,43005.0,6,5,6,2025-08-31/2025-09-06,1501
2350,-148,MNK,MNKU25,M30,2025-09-05 06:00:00,1757052000,42995.0,43040.0,42995.0,43025.0,3,15,3,2025-08-31/2025-09-06,1501
2351,-147,MNK,MNKU25,M30,2025-09-05 06:30:00,1757053800,43055.0,43080.0,43055.0,43055.0,8,5,15,2025-08-31/2025-09-06,1501
2352,-146,MNK,MNKU25,M30,2025-09-05 07:00:00,1757055600,43060.0,43060.0,43060.0,43060.0,1,10,2,2025-08-31/2025-09-06,1501
2353,-145,MNK,MNKU25,M30,2025-09-05 08:00:00,1757059200,43055.0,43055.0,43055.0,43055.0,1,5,10,2025-08-31/2025-09-06,1501
2354,-144,MNK,MNKU25,M30,2025-09-05 08:30:00,1757061000,43105.0,43105.0,43105.0,43105.0,1,20,1,2025-08-31/2025-09-06,1501
2355,-143,MNK,MNKU25,M30,2025-09-05 09:00:00,1757062800,43060.0,43060.0,43030.0,43030.0,3,10,5,2025-08-31/2025-09-06,1501
2356,-142,MNK,MNKU25,M30,2025-09-05 09:30:00,1757064600,43100.0,43100.0,43100.0,43100.0,1,15,1,2025-08-31/2025-09-06,1501
2357,-141,MNK,MNKU25,M30,2025-09-05 10:30:00,1757068200,43090.0,43090.0,43090.0,43090.0,1,10,1,2025-08-31/2025-09-06,1501
2358,-140,MNK,MNKU25,M30,2025-09-05 11:30:00,1757071800,43125.0,43125.0,43110.0,43110.0,3,5,3,2025-08-31/2025-09-06,1501
2359,-139,MNK,MNKU25,M30,2025-09-05 12:00:00,1757073600,43100.0,43110.0,43055.0,43060.0,10,5,10,2025-08-31/2025-09-06,1501
2360,-138,MNK,MNKU25,M30,2025-09-05 12:30:00,1757075400,42980.0,43150.0,42980.0,43135.0,5,10,13,2025-08-31/2025-09-06,1501
2361,-137,MNK,MNKU25,M30,2025-09-05 13:00:00,1757077200,43115.0,43145.0,43100.0,43100.0,4,5,5,2025-08-31/2025-09-06,1501
2362,-136,MNK,MNKU25,M30,2025-09-05 13:30:00,1757079000,43120.0,43185.0,43120.0,43180.0,20,5,92,2025-08-31/2025-09-06,1501
2363,-135,MNK,MNKU25,M30,2025-09-05 14:00:00,1757080800,43085.0,43110.0,42750.0,42750.0,12,5,26,2025-08-31/2025-09-06,1501
2364,-134,MNK,MNKU25,M30,2025-09-05 14:30:00,1757082600,42690.0,42730.0,42640.0,42730.0,20,5,35,2025-08-31/2025-09-06,1501
2365,-133,MNK,MNKU25,M30,2025-09-05 15:00:00,1757084400,42675.0,42730.0,42675.0,42730.0,4,5,16,2025-08-31/2025-09-06,1501
2366,-132,MNK,MNKU25,M30,2025-09-05 15:30:00,1757086200,42775.0,42775.0,42770.0,42770.0,3,5,3,2025-08-31/2025-09-06,1501
2367,-131,MNK,MNKU25,M30,2025-09-05 16:00:00,1757088000,42765.0,42780.0,42765.0,42780.0,3,5,3,2025-08-31/2025-09-06,1501
2368,-130,MNK,MNKU25,M30,2025-09-05 16:30:00,1757089800,42840.0,42840.0,42840.0,42840.0,1,5,1,2025-08-31/2025-09-06,1501
2369,-129,MNK,MNKU25,M30,2025-09-05 17:30:00,1757093400,42790.0,42790.0,42790.0,42790.0,1,15,1,2025-08-31/2025-09-06,1501
2370,-128,MNK,MNKU25,M30,2025-09-05 18:00:00,1757095200,42815.0,42855.0,42815.0,42850.0,6,5,7,2025-08-31/2025-09-06,1501
2371,-127,MNK,MNKU25,M30,2025-09-05 18:30:00,1757097000,42870.0,42880.0,42870.0,42880.0,4,5,4,2025-08-31/2025-09-06,1501
2372,-126,MNK,MNKU25,M30,2025-09-05 19:00:00,1757098800,42860.0,42880.0,42860.0,42880.0,3,10,5,2025-08-31/2025-09-06,1501
2373,-125,MNK,MNKU25,M30,2025-09-05 19:30:00,1757100600,42885.0,42925.0,42885.0,42925.0,10,5,11,2025-08-31/2025-09-06,1501
71,-2810,MNK,MNKZ25,M30,2025-09-05 20:00:00,1757102400,42775.0,42775.0,42775.0,42775.0,0,0,0,2025-08-31/2025-09-06,5
2374,-124,MNK,MNKU25,M30,2025-09-05 20:30:00,1757104200,42920.0,42920.0,42920.0,42920.0,1,1140,1,2025-08-31/2025-09-06,1501
72,-2809,MNK,MNKZ25,M30,2025-09-07 22:00:00,1757282400,42850.0,42850.0,42850.0,42850.0,0,0,1,2025-09-07/2025-09-13,2183
73,-2808,MNK,MNKZ25,M30,2025-09-07 22:30:00,1757284200,43270.0,43270.0,43270.0,43270.0,0,0,1,2025-09-07/2025-09-13,2183
2376,-122,MNK,MNKU25,M30,2025-09-07 23:00:00,1757286000,43420.0,43625.0,43420.0,43625.0,13,5,15,2025-09-07/2025-09-13,1056
74,-2807,MNK,MNKZ25,M30,2025-09-07 23:30:00,1757287800,43430.0,43430.0,43430.0,43430.0,0,0,2,2025-09-07/2025-09-13,2183
75,-2806,MNK,MNKZ25,M30,2025-09-08 00:00:00,1757289600,43430.0,43600.0,43430.0,43600.0,0,0,7,2025-09-07/2025-09-13,2183
76,-2805,MNK,MNKZ25,M30,2025-09-08 00:30:00,1757291400,43700.0,43710.0,43700.0,43710.0,0,0,2,2025-09-07/2025-09-13,2183
77,-2804,MNK,MNKZ25,M30,2025-09-08 01:00:00,1757293200,43645.0,43645.0,43555.0,43565.0,0,0,7,2025-09-07/2025-09-13,2183
78,-2803,MNK,MNKZ25,M30,2025-09-08 01:30:00,1757295000,43670.0,43685.0,43660.0,43685.0,0,0,15,2025-09-07/2025-09-13,2183
79,-2802,MNK,MNKZ25,M30,2025-09-08 02:00:00,1757296800,43525.0,43525.0,43500.0,43500.0,0,0,5,2025-09-07/2025-09-13,2183
80,-2801,MNK,MNKZ25,M30,2025-09-08 02:30:00,1757298600,43500.0,43500.0,43500.0,43500.0,0,0,3,2025-09-07/2025-09-13,2183
2384,-114,MNK,MNKU25,M30,2025-09-08 03:00:00,1757300400,43655.0,43665.0,43650.0,43665.0,4,10,4,2025-09-07/2025-09-13,1056
2385,-113,MNK,MNKU25,M30,2025-09-08 03:30:00,1757302200,43670.0,43685.0,43660.0,43660.0,8,5,13,2025-09-07/2025-09-13,1056
2386,-112,MNK,MNKU25,M30,2025-09-08 04:00:00,1757304000,43630.0,43630.0,43600.0,43600.0,5,5,6,2025-09-07/2025-09-13,1056
2387,-111,MNK,MNKU25,M30,2025-09-08 04:30:00,1757305800,43590.0,43650.0,43590.0,43650.0,2,5,2,2025-09-07/2025-09-13,1056
81,-2800,MNK,MNKZ25,M30,2025-09-08 05:00:00,1757307600,43565.0,43565.0,43565.0,43565.0,0,0,1,2025-09-07/2025-09-13,2183
2389,-109,MNK,MNKU25,M30,2025-09-08 05:30:00,1757309400,43590.0,43630.0,43590.0,43620.0,3,15,4,2025-09-07/2025-09-13,1056
82,-2799,MNK,MNKZ25,M30,2025-09-08 06:00:00,1757311200,43505.0,43505.0,43505.0,43505.0,0,0,1,2025-09-07/2025-09-13,2183
2391,-107,MNK,MNKU25,M30,2025-09-08 06:30:00,1757313000,43675.0,43690.0,43640.0,43680.0,4,5,4,2025-09-07/2025-09-13,1056
2392,-106,MNK,MNKU25,M30,2025-09-08 07:00:00,1757314800,43620.0,43620.0,43620.0,43620.0,1,15,1,2025-09-07/2025-09-13,1056
2393,-105,MNK,MNKU25,M30,2025-09-08 07:30:00,1757316600,43630.0,43650.0,43600.0,43600.0,4,5,7,2025-09-07/2025-09-13,1056
2394,-104,MNK,MNKU25,M30,2025-09-08 08:00:00,1757318400,43590.0,43590.0,43590.0,43590.0,7,5,12,2025-09-07/2025-09-13,1056
83,-2798,MNK,MNKZ25,M30,2025-09-08 08:30:00,1757320200,43535.0,43535.0,43535.0,43535.0,0,0,1,2025-09-07/2025-09-13,2183
2395,-103,MNK,MNKU25,M30,2025-09-08 09:00:00,1757322000,43700.0,43700.0,43690.0,43690.0,2,15,2,2025-09-07/2025-09-13,1056
84,-2797,MNK,MNKZ25,M30,2025-09-08 09:30:00,1757323800,43655.0,43670.0,43655.0,43670.0,0,0,5,2025-09-07/2025-09-13,2183
85,-2796,MNK,MNKZ25,M30,2025-09-08 10:00:00,1757325600,43695.0,43695.0,43695.0,43695.0,0,0,1,2025-09-07/2025-09-13,2183
2398,-100,MNK,MNKU25,M30,2025-09-08 10:30:00,1757327400,43845.0,43845.0,43825.0,43840.0,3,10,3,2025-09-07/2025-09-13,1056
86,-2795,MNK,MNKZ25,M30,2025-09-08 11:30:00,1757331000,43700.0,43700.0,43700.0,43700.0,0,0,2,2025-09-07/2025-09-13,2183
87,-2794,MNK,MNKZ25,M30,2025-09-08 12:30:00,1757334600,43700.0,43700.0,43700.0,43700.0,0,0,1,2025-09-07/2025-09-13,2183
88,-2793,MNK,MNKZ25,M30,2025-09-08 13:30:00,1757338200,43760.0,43775.0,43760.0,43775.0,0,0,16,2025-09-07/2025-09-13,2183
89,-2792,MNK,MNKZ25,M30,2025-09-08 14:00:00,1757340000,43740.0,43740.0,43740.0,43740.0,0,0,1,2025-09-07/2025-09-13,2183
90,-2791,MNK,MNKZ25,M30,2025-09-08 14:30:00,1757341800,43860.0,43875.0,43860.0,43875.0,0,0,3,2025-09-07/2025-09-13,2183
91,-2790,MNK,MNKZ25,M30,2025-09-08 15:00:00,1757343600,43900.0,43900.0,43900.0,43900.0,0,0,2,2025-09-07/2025-09-13,2183
92,-2789,MNK,MNKZ25,M30,2025-09-08 15:30:00,1757345400,43905.0,43905.0,43905.0,43905.0,0,0,1,2025-09-07/2025-09-13,2183
93,-2788,MNK,MNKZ25,M30,2025-09-08 16:00:00,1757347200,43915.0,43925.0,43905.0,43920.0,0,0,10,2025-09-07/2025-09-13,2183
94,-2787,MNK,MNKZ25,M30,2025-09-08 16:30:00,1757349000,43895.0,43895.0,43895.0,43895.0,0,0,1,2025-09-07/2025-09-13,2183
2408,-90,MNK,MNKU25,M30,2025-09-08 17:00:00,1757350800,43970.0,43970.0,43970.0,43970.0,1,20,1,2025-09-07/2025-09-13,1056
95,-2786,MNK,MNKZ25,M30,2025-09-08 17:30:00,1757352600,43835.0,43835.0,43835.0,43835.0,0,0,1,2025-09-07/2025-09-13,2183
96,-2785,MNK,MNKZ25,M30,2025-09-08 18:00:00,1757354400,43860.0,43860.0,43860.0,43860.0,0,0,1,2025-09-07/2025-09-13,2183
97,-2784,MNK,MNKZ25,M30,2025-09-08 18:30:00,1757356200,43870.0,43870.0,43870.0,43870.0,0,0,1,2025-09-07/2025-09-13,2183
98,-2783,MNK,MNKZ25,M30,2025-09-08 19:00:00,1757358000,43820.0,43820.0,43820.0,43820.0,0,0,1,2025-09-07/2025-09-13,2183
99,-2782,MNK,MNKZ25,M30,2025-09-08 19:30:00,1757359800,43810.0,43900.0,43810.0,43900.0,0,0,4,2025-09-07/2025-09-13,2183
100,-2781,MNK,MNKZ25,M30,2025-09-08 20:00:00,1757361600,43880.0,43880.0,43845.0,43845.0,0,0,2,2025-09-07/2025-09-13,2183
2415,-83,MNK,MNKU25,M30,2025-09-08 20:30:00,1757363400,43965.0,43965.0,43960.0,43960.0,2,5,2,2025-09-07/2025-09-13,1056
2416,-82,MNK,MNKU25,M30,2025-09-08 22:00:00,1757368800,43975.0,43975.0,43975.0,43975.0,1,15,1,2025-09-07/2025-09-13,1056
2417,-81,MNK,MNKU25,M30,2025-09-08 22:30:00,1757370600,44015.0,44015.0,44015.0,44015.0,1,20,4,2025-09-07/2025-09-13,1056
2418,-80,MNK,MNKU25,M30,2025-09-08 23:00:00,1757372400,44020.0,44020.0,43985.0,43985.0,4,10,9,2025-09-07/2025-09-13,1056
101,-2780,MNK,MNKZ25,M30,2025-09-08 23:30:00,1757374200,43800.0,43880.0,43800.0,43835.0,0,0,12,2025-09-07/2025-09-13,2183
102,-2779,MNK,MNKZ25,M30,2025-09-09 00:00:00,1757376000,43870.0,43960.0,43870.0,43960.0,0,0,2,2025-09-07/2025-09-13,2183
103,-2778,MNK,MNKZ25,M30,2025-09-09 00:30:00,1757377800,44000.0,44055.0,44000.0,44055.0,0,0,7,2025-09-07/2025-09-13,2183
104,-2777,MNK,MNKZ25,M30,2025-09-09 01:00:00,1757379600,43825.0,43835.0,43825.0,43835.0,0,0,10,2025-09-07/2025-09-13,2183
105,-2776,MNK,MNKZ25,M30,2025-09-09 01:30:00,1757381400,43710.0,43710.0,43710.0,43710.0,0,0,1,2025-09-07/2025-09-13,2183
106,-2775,MNK,MNKZ25,M30,2025-09-09 02:00:00,1757383200,43685.0,43685.0,43665.0,43665.0,0,0,2,2025-09-07/2025-09-13,2183
2425,-73,MNK,MNKU25,M30,2025-09-09 02:30:00,1757385000,43755.0,43755.0,43730.0,43745.0,3,10,6,2025-09-07/2025-09-13,1056
107,-2774,MNK,MNKZ25,M30,2025-09-09 03:00:00,1757386800,43615.0,43615.0,43615.0,43615.0,0,0,2,2025-09-07/2025-09-13,2183
2427,-71,MNK,MNKU25,M30,2025-09-09 03:30:00,1757388600,43690.0,43690.0,43665.0,43665.0,3,10,4,2025-09-07/2025-09-13,1056
108,-2773,MNK,MNKZ25,M30,2025-09-09 04:00:00,1757390400,43590.0,43590.0,43590.0,43590.0,0,0,1,2025-09-07/2025-09-13,2183
2429,-69,MNK,MNKU25,M30,2025-09-09 04:30:00,1757392200,43720.0,43720.0,43665.0,43665.0,2,5,3,2025-09-07/2025-09-13,1056
109,-2772,MNK,MNKZ25,M30,2025-09-09 05:00:00,1757394000,43520.0,43520.0,43375.0,43375.0,0,0,7,2025-09-07/2025-09-13,2183
110,-2771,MNK,MNKZ25,M30,2025-09-09 06:00:00,1757397600,43380.0,43380.0,43380.0,43380.0,0,0,2,2025-09-07/2025-09-13,2183
111,-2770,MNK,MNKZ25,M30,2025-09-09 06:30:00,1757399400,43375.0,43400.0,43375.0,43400.0,0,0,2,2025-09-07/2025-09-13,2183
112,-2769,MNK,MNKZ25,M30,2025-09-09 08:00:00,1757404800,43475.0,43475.0,43350.0,43350.0,0,0,12,2025-09-07/2025-09-13,2183
2434,-64,MNK,MNKU25,M30,2025-09-09 08:30:00,1757406600,43305.0,43305.0,43305.0,43305.0,1,10,1,2025-09-07/2025-09-13,1056
113,-2768,MNK,MNKZ25,M30,2025-09-09 09:00:00,1757408400,43150.0,43230.0,43150.0,43230.0,0,0,10,2025-09-07/2025-09-13,2183
114,-2767,MNK,MNKZ25,M30,2025-09-09 09:30:00,1757410200,43135.0,43135.0,43135.0,43135.0,0,0,4,2025-09-07/2025-09-13,2183
2436,-62,MNK,MNKU25,M30,2025-09-09 10:00:00,1757412000,43290.0,43290.0,43275.0,43275.0,2,5,5,2025-09-07/2025-09-13,1056
115,-2766,MNK,MNKZ25,M30,2025-09-09 10:30:00,1757413800,43155.0,43155.0,43155.0,43155.0,0,0,2,2025-09-07/2025-09-13,2183
116,-2765,MNK,MNKZ25,M30,2025-09-09 11:00:00,1757415600,43170.0,43170.0,43170.0,43170.0,0,0,1,2025-09-07/2025-09-13,2183
117,-2764,MNK,MNKZ25,M30,2025-09-09 11:30:00,1757417400,43160.0,43160.0,43095.0,43095.0,0,0,4,2025-09-07/2025-09-13,2183
118,-2763,MNK,MNKZ25,M30,2025-09-09 12:00:00,1757419200,43135.0,43135.0,43135.0,43135.0,0,0,1,2025-09-07/2025-09-13,2183
119,-2762,MNK,MNKZ25,M30,2025-09-09 12:30:00,1757421000,43200.0,43200.0,43200.0,43200.0,0,0,1,2025-09-07/2025-09-13,2183
120,-2761,MNK,MNKZ25,M30,2025-09-09 13:00:00,1757422800,43145.0,43145.0,43085.0,43085.0,0,0,2,2025-09-07/2025-09-13,2183
121,-2760,MNK,MNKZ25,M30,2025-09-09 13:30:00,1757424600,43085.0,43085.0,43055.0,43055.0,0,0,23,2025-09-07/2025-09-13,2183
122,-2759,MNK,MNKZ25,M30,2025-09-09 14:00:00,1757426400,43045.0,43105.0,43025.0,43100.0,0,0,12,2025-09-07/2025-09-13,2183
123,-2758,MNK,MNKZ25,M30,2025-09-09 14:30:00,1757428200,43000.0,43015.0,42980.0,43010.0,0,0,20,2025-09-07/2025-09-13,2183
124,-2757,MNK,MNKZ25,M30,2025-09-09 15:00:00,1757430000,43170.0,43170.0,43155.0,43155.0,0,0,6,2025-09-07/2025-09-13,2183
125,-2756,MNK,MNKZ25,M30,2025-09-09 15:30:00,1757431800,43130.0,43140.0,43125.0,43125.0,0,0,4,2025-09-07/2025-09-13,2183
126,-2755,MNK,MNKZ25,M30,2025-09-09 16:00:00,1757433600,43155.0,43165.0,43155.0,43165.0,0,0,6,2025-09-07/2025-09-13,2183
127,-2754,MNK,MNKZ25,M30,2025-09-09 16:30:00,1757435400,43235.0,43250.0,43235.0,43250.0,0,0,3,2025-09-07/2025-09-13,2183
128,-2753,MNK,MNKZ25,M30,2025-09-09 17:00:00,1757437200,43260.0,43300.0,43260.0,43300.0,0,0,11,2025-09-07/2025-09-13,2183
2448,-50,MNK,MNKU25,M30,2025-09-09 17:30:00,1757439000,43450.0,43450.0,43450.0,43450.0,1,15,1,2025-09-07/2025-09-13,1056
2449,-49,MNK,MNKU25,M30,2025-09-09 18:00:00,1757440800,43475.0,43480.0,43470.0,43470.0,3,5,3,2025-09-07/2025-09-13,1056
129,-2752,MNK,MNKZ25,M30,2025-09-09 18:30:00,1757442600,43365.0,43365.0,43365.0,43365.0,0,0,1,2025-09-07/2025-09-13,2183
2450,-48,MNK,MNKU25,M30,2025-09-09 19:00:00,1757444400,43475.0,43475.0,43475.0,43475.0,2,5,2,2025-09-07/2025-09-13,1056
130,-2751,MNK,MNKZ25,M30,2025-09-09 19:30:00,1757446200,43390.0,43390.0,43390.0,43390.0,0,0,1,2025-09-07/2025-09-13,2183
131,-2750,MNK,MNKZ25,M30,2025-09-09 20:00:00,1757448000,43395.0,43395.0,43395.0,43395.0,0,0,0,2025-09-07/2025-09-13,2183
2453,-45,MNK,MNKU25,M30,2025-09-09 20:30:00,1757449800,43580.0,43580.0,43580.0,43580.0,1,15,1,2025-09-07/2025-09-13,1056
132,-2749,MNK,MNKZ25,M30,2025-09-09 22:00:00,1757455200,43520.0,43550.0,43520.0,43525.0,0,0,3,2025-09-07/2025-09-13,2183
133,-2748,MNK,MNKZ25,M30,2025-09-09 23:00:00,1757458800,43550.0,43550.0,43550.0,43550.0,0,0,1,2025-09-07/2025-09-13,2183
134,-2747,MNK,MNKZ25,M30,2025-09-09 23:30:00,1757460600,43420.0,43445.0,43380.0,43385.0,0,0,17,2025-09-07/2025-09-13,2183
135,-2746,MNK,MNKZ25,M30,2025-09-10 00:00:00,1757462400,43430.0,43590.0,43430.0,43560.0,0,0,57,2025-09-07/2025-09-13,2183
136,-2745,MNK,MNKZ25,M30,2025-09-10 00:30:00,1757464200,43540.0,43615.0,43540.0,43615.0,0,0,6,2025-09-07/2025-09-13,2183
137,-2744,MNK,MNKZ25,M30,2025-09-10 01:00:00,1757466000,43570.0,43585.0,43460.0,43480.0,0,0,17,2025-09-07/2025-09-13,2183
138,-2743,MNK,MNKZ25,M30,2025-09-10 01:30:00,1757467800,43520.0,43520.0,43475.0,43475.0,0,0,5,2025-09-07/2025-09-13,2183
139,-2742,MNK,MNKZ25,M30,2025-09-10 02:00:00,1757469600,43505.0,43545.0,43505.0,43545.0,0,0,19,2025-09-07/2025-09-13,2183
140,-2741,MNK,MNKZ25,M30,2025-09-10 02:30:00,1757471400,43555.0,43555.0,43555.0,43555.0,0,0,7,2025-09-07/2025-09-13,2183
141,-2740,MNK,MNKZ25,M30,2025-09-10 03:00:00,1757473200,43590.0,43590.0,43590.0,43590.0,0,0,2,2025-09-07/2025-09-13,2183
142,-2739,MNK,MNKZ25,M30,2025-09-10 03:30:00,1757475000,43625.0,43670.0,43615.0,43670.0,0,0,17,2025-09-07/2025-09-13,2183
143,-2738,MNK,MNKZ25,M30,2025-09-10 04:00:00,1757476800,43675.0,43675.0,43630.0,43630.0,0,0,4,2025-09-07/2025-09-13,2183
144,-2737,MNK,MNKZ25,M30,2025-09-10 04:30:00,1757478600,43650.0,43700.0,43650.0,43700.0,0,0,2,2025-09-07/2025-09-13,2183
145,-2736,MNK,MNKZ25,M30,2025-09-10 05:00:00,1757480400,43700.0,43700.0,43690.0,43690.0,0,0,7,2025-09-07/2025-09-13,2183
2463,-35,MNK,MNKU25,M30,2025-09-10 05:30:00,1757482200,43825.0,43825.0,43825.0,43825.0,1,20,1,2025-09-07/2025-09-13,1056
146,-2735,MNK,MNKZ25,M30,2025-09-10 06:00:00,1757484000,43700.0,43700.0,43700.0,43700.0,0,0,6,2025-09-07/2025-09-13,2183
147,-2734,MNK,MNKZ25,M30,2025-09-10 06:30:00,1757485800,43770.0,43770.0,43770.0,43770.0,0,0,4,2025-09-07/2025-09-13,2183
148,-2733,MNK,MNKZ25,M30,2025-09-10 07:00:00,1757487600,43725.0,43725.0,43715.0,43715.0,0,0,5,2025-09-07/2025-09-13,2183
2466,-32,MNK,MNKU25,M30,2025-09-10 07:30:00,1757489400,43855.0,43855.0,43855.0,43855.0,1,20,1,2025-09-07/2025-09-13,1056
149,-2732,MNK,MNKZ25,M30,2025-09-10 08:00:00,1757491200,43815.0,43815.0,43815.0,43815.0,0,0,7,2025-09-07/2025-09-13,2183
150,-2731,MNK,MNKZ25,M30,2025-09-10 08:30:00,1757493000,43680.0,43680.0,43590.0,43595.0,0,0,49,2025-09-07/2025-09-13,2183
151,-2730,MNK,MNKZ25,M30,2025-09-10 09:00:00,1757494800,43620.0,43620.0,43620.0,43620.0,0,0,2,2025-09-07/2025-09-13,2183
152,-2729,MNK,MNKZ25,M30,2025-09-10 10:00:00,1757498400,43725.0,43725.0,43725.0,43725.0,0,0,1,2025-09-07/2025-09-13,2183
2467,-31,MNK,MNKU25,M30,2025-09-10 10:30:00,1757500200,43785.0,43785.0,43785.0,43785.0,2,5,8,2025-09-07/2025-09-13,1056
153,-2728,MNK,MNKZ25,M30,2025-09-10 11:00:00,1757502000,43675.0,43690.0,43675.0,43690.0,0,0,2,2025-09-07/2025-09-13,2183
154,-2727,MNK,MNKZ25,M30,2025-09-10 11:30:00,1757503800,43710.0,43715.0,43710.0,43715.0,0,0,3,2025-09-07/2025-09-13,2183
155,-2726,MNK,MNKZ25,M30,2025-09-10 12:00:00,1757505600,43695.0,43695.0,43670.0,43670.0,0,0,2,2025-09-07/2025-09-13,2183
156,-2725,MNK,MNKZ25,M30,2025-09-10 12:30:00,1757507400,43820.0,43840.0,43820.0,43830.0,0,0,12,2025-09-07/2025-09-13,2183
157,-2724,MNK,MNKZ25,M30,2025-09-10 13:00:00,1757509200,43835.0,43835.0,43790.0,43800.0,0,0,69,2025-09-07/2025-09-13,2183
158,-2723,MNK,MNKZ25,M30,2025-09-10 13:30:00,1757511000,43840.0,43880.0,43840.0,43845.0,0,0,17,2025-09-07/2025-09-13,2183
159,-2722,MNK,MNKZ25,M30,2025-09-10 14:00:00,1757512800,43835.0,43835.0,43835.0,43835.0,0,0,10,2025-09-07/2025-09-13,2183
160,-2721,MNK,MNKZ25,M30,2025-09-10 14:30:00,1757514600,43840.0,43845.0,43825.0,43825.0,0,0,8,2025-09-07/2025-09-13,2183
161,-2720,MNK,MNKZ25,M30,2025-09-10 15:00:00,1757516400,43835.0,43865.0,43820.0,43830.0,0,0,30,2025-09-07/2025-09-13,2183
162,-2719,MNK,MNKZ25,M30,2025-09-10 15:30:00,1757518200,43850.0,43890.0,43850.0,43880.0,0,0,4,2025-09-07/2025-09-13,2183
163,-2718,MNK,MNKZ25,M30,2025-09-10 16:00:00,1757520000,43865.0,43865.0,43845.0,43845.0,0,0,2,2025-09-07/2025-09-13,2183
164,-2717,MNK,MNKZ25,M30,2025-09-10 16:30:00,1757521800,43790.0,43790.0,43790.0,43790.0,0,0,1,2025-09-07/2025-09-13,2183
165,-2716,MNK,MNKZ25,M30,2025-09-10 17:00:00,1757523600,43785.0,43785.0,43785.0,43785.0,0,0,1,2025-09-07/2025-09-13,2183
166,-2715,MNK,MNKZ25,M30,2025-09-10 17:30:00,1757525400,43765.0,43765.0,43765.0,43765.0,0,0,2,2025-09-07/2025-09-13,2183
167,-2714,MNK,MNKZ25,M30,2025-09-10 19:00:00,1757530800,43785.0,43785.0,43730.0,43730.0,0,0,4,2025-09-07/2025-09-13,2183
168,-2713,MNK,MNKZ25,M30,2025-09-10 19:30:00,1757532600,43755.0,43810.0,43755.0,43805.0,0,0,8,2025-09-07/2025-09-13,2183
169,-2712,MNK,MNKZ25,M30,2025-09-10 20:00:00,1757534400,43795.0,43825.0,43795.0,43825.0,0,0,2,2025-09-07/2025-09-13,2183
170,-2711,MNK,MNKZ25,M30,2025-09-10 22:00:00,1757541600,43770.0,43780.0,43770.0,43780.0,0,0,4,2025-09-07/2025-09-13,2183
2478,-20,MNK,MNKU25,M30,2025-09-10 22:30:00,1757543400,43880.0,43880.0,43875.0,43875.0,3,5,5,2025-09-07/2025-09-13,1056
171,-2710,MNK,MNKZ25,M30,2025-09-10 23:00:00,1757545200,43785.0,43800.0,43785.0,43785.0,0,0,4,2025-09-07/2025-09-13,2183
172,-2709,MNK,MNKZ25,M30,2025-09-10 23:30:00,1757547000,43835.0,43890.0,43830.0,43830.0,0,0,10,2025-09-07/2025-09-13,2183
173,-2708,MNK,MNKZ25,M30,2025-09-11 00:00:00,1757548800,43825.0,43925.0,43825.0,43905.0,0,0,6,2025-09-07/2025-09-13,2183
174,-2707,MNK,MNKZ25,M30,2025-09-11 00:30:00,1757550600,44050.0,44115.0,44050.0,44115.0,0,0,30,2025-09-07/2025-09-13,2183
175,-2706,MNK,MNKZ25,M30,2025-09-11 01:00:00,1757552400,44095.0,44140.0,43985.0,44000.0,0,0,31,2025-09-07/2025-09-13,2183
176,-2705,MNK,MNKZ25,M30,2025-09-11 01:30:00,1757554200,44030.0,44095.0,44030.0,44095.0,0,0,27,2025-09-07/2025-09-13,2183
177,-2704,MNK,MNKZ25,M30,2025-09-11 02:00:00,1757556000,44100.0,44175.0,44100.0,44170.0,0,0,48,2025-09-07/2025-09-13,2183
178,-2703,MNK,MNKZ25,M30,2025-09-11 02:30:00,1757557800,44200.0,44200.0,44160.0,44170.0,0,0,43,2025-09-07/2025-09-13,2183
179,-2702,MNK,MNKZ25,M30,2025-09-11 03:00:00,1757559600,44170.0,44215.0,44170.0,44190.0,0,0,78,2025-09-07/2025-09-13,2183
180,-2701,MNK,MNKZ25,M30,2025-09-11 03:30:00,1757561400,44190.0,44265.0,44185.0,44240.0,0,0,124,2025-09-07/2025-09-13,2183
181,-2700,MNK,MNKZ25,M30,2025-09-11 04:00:00,1757563200,44275.0,44275.0,44065.0,44070.0,0,0,99,2025-09-07/2025-09-13,2183
182,-2699,MNK,MNKZ25,M30,2025-09-11 04:30:00,1757565000,44100.0,44100.0,43980.0,43990.0,0,0,28,2025-09-07/2025-09-13,2183
183,-2698,MNK,MNKZ25,M30,2025-09-11 05:00:00,1757566800,43990.0,44070.0,43890.0,44035.0,0,0,141,2025-09-07/2025-09-13,2183
184,-2697,MNK,MNKZ25,M30,2025-09-11 05:30:00,1757568600,44055.0,44170.0,44055.0,44170.0,0,0,36,2025-09-07/2025-09-13,2183
185,-2696,MNK,MNKZ25,M30,2025-09-11 06:00:00,1757570400,44180.0,44270.0,44180.0,44270.0,0,0,63,2025-09-07/2025-09-13,2183
186,-2695,MNK,MNKZ25,M30,2025-09-11 06:30:00,1757572200,44300.0,44320.0,44280.0,44295.0,0,0,35,2025-09-07/2025-09-13,2183
2489,-9,MNK,MNKU25,M30,2025-09-11 07:00:00,1757574000,44425.0,44450.0,44400.0,44450.0,4,5,4,2025-09-07/2025-09-13,1056
187,-2694,MNK,MNKZ25,M30,2025-09-11 07:30:00,1757575800,44300.0,44400.0,44285.0,44400.0,0,0,11,2025-09-07/2025-09-13,2183
188,-2693,MNK,MNKZ25,M30,2025-09-11 08:00:00,1757577600,44415.0,44490.0,44405.0,44490.0,0,0,49,2025-09-07/2025-09-13,2183
189,-2692,MNK,MNKZ25,M30,2025-09-11 08:30:00,1757579400,44430.0,44460.0,44400.0,44430.0,0,0,51,2025-09-07/2025-09-13,2183
190,-2691,MNK,MNKZ25,M30,2025-09-11 09:00:00,1757581200,44445.0,44470.0,44445.0,44470.0,0,0,3,2025-09-07/2025-09-13,2183
191,-2690,MNK,MNKZ25,M30,2025-09-11 10:00:00,1757584800,44445.0,44500.0,44445.0,44500.0,0,0,18,2025-09-07/2025-09-13,2183
192,-2689,MNK,MNKZ25,M30,2025-09-11 10:30:00,1757586600,44505.0,44505.0,44480.0,44480.0,0,0,22,2025-09-07/2025-09-13,2183
193,-2688,MNK,MNKZ25,M30,2025-09-11 11:00:00,1757588400,44505.0,44505.0,44500.0,44500.0,0,0,32,2025-09-07/2025-09-13,2183
194,-2687,MNK,MNKZ25,M30,2025-09-11 11:30:00,1757590200,44465.0,44475.0,44435.0,44440.0,0,0,7,2025-09-07/2025-09-13,2183
195,-2686,MNK,MNKZ25,M30,2025-09-11 12:00:00,1757592000,44450.0,44490.0,44450.0,44490.0,0,0,17,2025-09-07/2025-09-13,2183
196,-2685,MNK,MNKZ25,M30,2025-09-11 12:30:00,1757593800,44450.0,44570.0,44450.0,44570.0,0,0,6,2025-09-07/2025-09-13,2183
197,-2684,MNK,MNKZ25,M30,2025-09-11 13:00:00,1757595600,44535.0,44540.0,44520.0,44520.0,0,0,6,2025-09-07/2025-09-13,2183
198,-2683,MNK,MNKZ25,M30,2025-09-11 13:30:00,1757597400,44560.0,44665.0,44560.0,44665.0,0,0,26,2025-09-07/2025-09-13,2183
199,-2682,MNK,MNKZ25,M30,2025-09-11 14:00:00,1757599200,44640.0,44650.0,44575.0,44575.0,0,0,33,2025-09-07/2025-09-13,2183
200,-2681,MNK,MNKZ25,M30,2025-09-11 14:30:00,1757601000,44620.0,44635.0,44620.0,44635.0,0,0,10,2025-09-07/2025-09-13,2183
201,-2680,MNK,MNKZ25,M30,2025-09-11 15:00:00,1757602800,44640.0,44690.0,44630.0,44690.0,0,0,19,2025-09-07/2025-09-13,2183
202,-2679,MNK,MNKZ25,M30,2025-09-11 15:30:00,1757604600,44685.0,44685.0,44665.0,44665.0,0,0,11,2025-09-07/2025-09-13,2183
203,-2678,MNK,MNKZ25,M30,2025-09-11 16:00:00,1757606400,44665.0,44665.0,44665.0,44665.0,0,0,2,2025-09-07/2025-09-13,2183
204,-2677,MNK,MNKZ25,M30,2025-09-11 16:30:00,1757608200,44650.0,44650.0,44595.0,44625.0,0,0,8,2025-09-07/2025-09-13,2183
205,-2676,MNK,MNKZ25,M30,2025-09-11 17:00:00,1757610000,44615.0,44615.0,44615.0,44615.0,0,0,1,2025-09-07/2025-09-13,2183
206,-2675,MNK,MNKZ25,M30,2025-09-11 17:30:00,1757611800,44655.0,44655.0,44655.0,44655.0,0,0,1,2025-09-07/2025-09-13,2183
207,-2674,MNK,MNKZ25,M30,2025-09-11 18:00:00,1757613600,44645.0,44645.0,44620.0,44620.0,0,0,5,2025-09-07/2025-09-13,2183
208,-2673,MNK,MNKZ25,M30,2025-09-11 18:30:00,1757615400,44665.0,44665.0,44665.0,44665.0,0,0,4,2025-09-07/2025-09-13,2183
209,-2672,MNK,MNKZ25,M30,2025-09-11 19:00:00,1757617200,44645.0,44645.0,44615.0,44615.0,0,0,6,2025-09-07/2025-09-13,2183
210,-2671,MNK,MNKZ25,M30,2025-09-11 19:30:00,1757619000,44635.0,44640.0,44625.0,44635.0,0,0,4,2025-09-07/2025-09-13,2183
211,-2670,MNK,MNKZ25,M30,2025-09-11 20:00:00,1757620800,44620.0,44645.0,44620.0,44645.0,0,0,1,2025-09-07/2025-09-13,2183
212,-2669,MNK,MNKZ25,M30,2025-09-11 20:30:00,1757622600,44650.0,44650.0,44520.0,44585.0,0,0,10,2025-09-07/2025-09-13,2183
213,-2668,MNK,MNKZ25,M30,2025-09-11 22:00:00,1757628000,44660.0,44660.0,44660.0,44660.0,0,0,1,2025-09-07/2025-09-13,2183
214,-2667,MNK,MNKZ25,M30,2025-09-11 22:30:00,1757629800,44685.0,44685.0,44685.0,44685.0,0,0,6,2025-09-07/2025-09-13,2183
215,-2666,MNK,MNKZ25,M30,2025-09-11 23:00:00,1757631600,44685.0,44710.0,44680.0,44705.0,0,0,11,2025-09-07/2025-09-13,2183
216,-2665,MNK,MNKZ25,M30,2025-09-11 23:30:00,1757633400,44665.0,44755.0,44645.0,44755.0,0,0,36,2025-09-07/2025-09-13,2183
217,-2664,MNK,MNKZ25,M30,2025-09-12 00:00:00,1757635200,44760.0,44800.0,44500.0,44570.0,0,0,41,2025-09-07/2025-09-13,2183
218,-2663,MNK,MNKZ25,M30,2025-09-12 00:30:00,1757637000,44590.0,44660.0,44505.0,44505.0,0,0,22,2025-09-07/2025-09-13,2183
219,-2662,MNK,MNKZ25,M30,2025-09-12 01:00:00,1757638800,44450.0,44505.0,44450.0,44490.0,0,0,13,2025-09-07/2025-09-13,2183
220,-2661,MNK,MNKZ25,M30,2025-09-12 01:30:00,1757640600,44520.0,44540.0,44520.0,44530.0,0,0,5,2025-09-07/2025-09-13,2183
221,-2660,MNK,MNKZ25,M30,2025-09-12 02:00:00,1757642400,44505.0,44575.0,44490.0,44575.0,0,0,7,2025-09-07/2025-09-13,2183
222,-2659,MNK,MNKZ25,M30,2025-09-12 02:30:00,1757644200,44615.0,44630.0,44615.0,44630.0,0,0,4,2025-09-07/2025-09-13,2183
223,-2658,MNK,MNKZ25,M30,2025-09-12 03:00:00,1757646000,44600.0,44600.0,44600.0,44600.0,0,0,1,2025-09-07/2025-09-13,2183
224,-2657,MNK,MNKZ25,M30,2025-09-12 03:30:00,1757647800,44625.0,44625.0,44590.0,44590.0,0,0,3,2025-09-07/2025-09-13,2183
225,-2656,MNK,MNKZ25,M30,2025-09-12 04:00:00,1757649600,44690.0,44730.0,44690.0,44700.0,0,0,7,2025-09-07/2025-09-13,2183
226,-2655,MNK,MNKZ25,M30,2025-09-12 04:30:00,1757651400,44675.0,44710.0,44650.0,44655.0,0,0,7,2025-09-07/2025-09-13,2183
227,-2654,MNK,MNKZ25,M30,2025-09-12 05:00:00,1757653200,44690.0,44690.0,44685.0,44685.0,0,0,3,2025-09-07/2025-09-13,2183
228,-2653,MNK,MNKZ25,M30,2025-09-12 05:30:00,1757655000,44700.0,44700.0,44675.0,44675.0,0,0,2,2025-09-07/2025-09-13,2183
229,-2652,MNK,MNKZ25,M30,2025-09-12 06:30:00,1757658600,44655.0,44655.0,44605.0,44605.0,0,0,2,2025-09-07/2025-09-13,2183
230,-2651,MNK,MNKZ25,M30,2025-09-12 07:00:00,1757660400,44615.0,44615.0,44615.0,44615.0,0,0,5,2025-09-07/2025-09-13,2183
231,-2650,MNK,MNKZ25,M30,2025-09-12 07:30:00,1757662200,44540.0,44540.0,44540.0,44540.0,0,0,1,2025-09-07/2025-09-13,2183
232,-2649,MNK,MNKZ25,M30,2025-09-12 08:00:00,1757664000,44555.0,44555.0,44470.0,44535.0,0,0,28,2025-09-07/2025-09-13,2183
233,-2648,MNK,MNKZ25,M30,2025-09-12 09:00:00,1757667600,44630.0,44630.0,44595.0,44595.0,0,0,31,2025-09-07/2025-09-13,2183
234,-2647,MNK,MNKZ25,M30,2025-09-12 10:30:00,1757673000,44595.0,44595.0,44595.0,44595.0,0,0,1,2025-09-07/2025-09-13,2183
235,-2646,MNK,MNKZ25,M30,2025-09-12 11:00:00,1757674800,44600.0,44600.0,44540.0,44545.0,0,0,3,2025-09-07/2025-09-13,2183
236,-2645,MNK,MNKZ25,M30,2025-09-12 11:30:00,1757676600,44545.0,44570.0,44545.0,44560.0,0,0,5,2025-09-07/2025-09-13,2183
237,-2644,MNK,MNKZ25,M30,2025-09-12 12:00:00,1757678400,44540.0,44555.0,44540.0,44555.0,0,0,8,2025-09-07/2025-09-13,2183
238,-2643,MNK,MNKZ25,M30,2025-09-12 12:30:00,1757680200,44505.0,44505.0,44485.0,44485.0,0,0,6,2025-09-07/2025-09-13,2183
239,-2642,MNK,MNKZ25,M30,2025-09-12 13:00:00,1757682000,44515.0,44580.0,44515.0,44580.0,0,0,25,2025-09-07/2025-09-13,2183
240,-2641,MNK,MNKZ25,M30,2025-09-12 13:30:00,1757683800,44560.0,44560.0,44535.0,44535.0,2,0,4,2025-09-07/2025-09-13,2183
241,-2640,MNK,MNKZ25,M30,2025-09-12 14:00:00,1757685600,44545.0,44545.0,44535.0,44535.0,0,0,2,2025-09-07/2025-09-13,2183
242,-2639,MNK,MNKZ25,M30,2025-09-12 14:30:00,1757687400,44520.0,44520.0,44520.0,44520.0,0,0,5,2025-09-07/2025-09-13,2183
243,-2638,MNK,MNKZ25,M30,2025-09-12 15:30:00,1757691000,44535.0,44535.0,44515.0,44515.0,0,0,4,2025-09-07/2025-09-13,2183
244,-2637,MNK,MNKZ25,M30,2025-09-12 16:00:00,1757692800,44525.0,44530.0,44525.0,44530.0,0,0,4,2025-09-07/2025-09-13,2183
245,-2636,MNK,MNKZ25,M30,2025-09-12 16:30:00,1757694600,44600.0,44600.0,44600.0,44600.0,0,0,2,2025-09-07/2025-09-13,2183
246,-2635,MNK,MNKZ25,M30,2025-09-12 17:00:00,1757696400,44580.0,44580.0,44580.0,44580.0,0,0,1,2025-09-07/2025-09-13,2183
247,-2634,MNK,MNKZ25,M30,2025-09-12 17:30:00,1757698200,44575.0,44580.0,44575.0,44580.0,0,0,4,2025-09-07/2025-09-13,2183
248,-2633,MNK,MNKZ25,M30,2025-09-12 18:30:00,1757701800,44640.0,44670.0,44640.0,44670.0,0,0,3,2025-09-07/2025-09-13,2183
249,-2632,MNK,MNKZ25,M30,2025-09-12 19:00:00,1757703600,44650.0,44650.0,44650.0,44650.0,0,0,1,2025-09-07/2025-09-13,2183
250,-2631,MNK,MNKZ25,M30,2025-09-12 19:30:00,1757705400,44580.0,44590.0,44580.0,44590.0,0,0,6,2025-09-07/2025-09-13,2183
251,-2630,MNK,MNKZ25,M30,2025-09-12 20:00:00,1757707200,44515.0,44540.0,44515.0,44540.0,0,0,5,2025-09-07/2025-09-13,2183
252,-2629,MNK,MNKZ25,M30,2025-09-12 20:30:00,1757709000,44555.0,44570.0,44555.0,44570.0,0,0,2,2025-09-07/2025-09-13,2183
253,-2628,MNK,MNKZ25,M30,2025-09-15 00:00:00,1757894400,44535.0,44535.0,44535.0,44535.0,0,0,1,2025-09-14/2025-09-20,2251
254,-2627,MNK,MNKZ25,M30,2025-09-15 02:00:00,1757901600,44595.0,44595.0,44595.0,44595.0,0,0,1,2025-09-14/2025-09-20,2251
255,-2626,MNK,MNKZ25,M30,2025-09-15 02:30:00,1757903400,44605.0,44605.0,44605.0,44605.0,0,0,1,2025-09-14/2025-09-20,2251
256,-2625,MNK,MNKZ25,M30,2025-09-15 03:30:00,1757907000,44530.0,44560.0,44530.0,44560.0,0,0,8,2025-09-14/2025-09-20,2251
257,-2624,MNK,MNKZ25,M30,2025-09-15 04:00:00,1757908800,44510.0,44525.0,44510.0,44525.0,0,0,2,2025-09-14/2025-09-20,2251
258,-2623,MNK,MNKZ25,M30,2025-09-15 04:30:00,1757910600,44520.0,44520.0,44520.0,44520.0,0,0,1,2025-09-14/2025-09-20,2251
259,-2622,MNK,MNKZ25,M30,2025-09-15 05:00:00,1757912400,44530.0,44530.0,44510.0,44510.0,0,0,3,2025-09-14/2025-09-20,2251
260,-2621,MNK,MNKZ25,M30,2025-09-15 05:30:00,1757914200,44590.0,44590.0,44585.0,44585.0,0,0,4,2025-09-14/2025-09-20,2251
261,-2620,MNK,MNKZ25,M30,2025-09-15 06:00:00,1757916000,44590.0,44625.0,44585.0,44585.0,0,0,8,2025-09-14/2025-09-20,2251
262,-2619,MNK,MNKZ25,M30,2025-09-15 06:30:00,1757917800,44620.0,44620.0,44615.0,44615.0,0,0,2,2025-09-14/2025-09-20,2251
263,-2618,MNK,MNKZ25,M30,2025-09-15 07:00:00,1757919600,44690.0,44690.0,44690.0,44690.0,0,0,1,2025-09-14/2025-09-20,2251
264,-2617,MNK,MNKZ25,M30,2025-09-15 08:00:00,1757923200,44590.0,44590.0,44590.0,44590.0,0,0,4,2025-09-14/2025-09-20,2251
265,-2616,MNK,MNKZ25,M30,2025-09-15 08:30:00,1757925000,44560.0,44600.0,44560.0,44600.0,0,0,3,2025-09-14/2025-09-20,2251
266,-2615,MNK,MNKZ25,M30,2025-09-15 10:30:00,1757932200,44555.0,44555.0,44555.0,44555.0,0,0,1,2025-09-14/2025-09-20,2251
267,-2614,MNK,MNKZ25,M30,2025-09-15 11:00:00,1757934000,44575.0,44575.0,44570.0,44570.0,0,0,5,2025-09-14/2025-09-20,2251
268,-2613,MNK,MNKZ25,M30,2025-09-15 12:00:00,1757937600,44595.0,44595.0,44575.0,44580.0,0,0,5,2025-09-14/2025-09-20,2251
269,-2612,MNK,MNKZ25,M30,2025-09-15 13:00:00,1757941200,44555.0,44555.0,44555.0,44555.0,0,0,1,2025-09-14/2025-09-20,2251
270,-2611,MNK,MNKZ25,M30,2025-09-15 13:30:00,1757943000,44600.0,44645.0,44600.0,44645.0,0,0,7,2025-09-14/2025-09-20,2251
271,-2610,MNK,MNKZ25,M30,2025-09-15 14:00:00,1757944800,44735.0,44735.0,44720.0,44720.0,0,0,3,2025-09-14/2025-09-20,2251
272,-2609,MNK,MNKZ25,M30,2025-09-15 14:30:00,1757946600,44815.0,44815.0,44760.0,44760.0,0,0,9,2025-09-14/2025-09-20,2251
273,-2608,MNK,MNKZ25,M30,2025-09-15 15:00:00,1757948400,44730.0,44735.0,44670.0,44670.0,0,0,11,2025-09-14/2025-09-20,2251
274,-2607,MNK,MNKZ25,M30,2025-09-15 16:00:00,1757952000,44700.0,44700.0,44700.0,44700.0,0,0,3,2025-09-14/2025-09-20,2251
275,-2606,MNK,MNKZ25,M30,2025-09-15 17:30:00,1757957400,44710.0,44710.0,44710.0,44710.0,0,0,1,2025-09-14/2025-09-20,2251
276,-2605,MNK,MNKZ25,M30,2025-09-15 18:30:00,1757961000,44675.0,44675.0,44675.0,44675.0,0,0,4,2025-09-14/2025-09-20,2251
277,-2604,MNK,MNKZ25,M30,2025-09-15 19:30:00,1757964600,44730.0,44750.0,44730.0,44745.0,0,0,12,2025-09-14/2025-09-20,2251
278,-2603,MNK,MNKZ25,M30,2025-09-15 20:00:00,1757966400,44750.0,44775.0,44740.0,44765.0,0,0,10,2025-09-14/2025-09-20,2251
279,-2602,MNK,MNKZ25,M30,2025-09-15 20:30:00,1757968200,44790.0,44790.0,44790.0,44790.0,0,0,3,2025-09-14/2025-09-20,2251
280,-2601,MNK,MNKZ25,M30,2025-09-15 22:00:00,1757973600,44770.0,44785.0,44770.0,44785.0,0,0,3,2025-09-14/2025-09-20,2251
281,-2600,MNK,MNKZ25,M30,2025-09-15 22:30:00,1757975400,44760.0,44760.0,44755.0,44755.0,0,0,6,2025-09-14/2025-09-20,2251
282,-2599,MNK,MNKZ25,M30,2025-09-15 23:00:00,1757977200,44800.0,44855.0,44800.0,44855.0,0,0,7,2025-09-14/2025-09-20,2251
283,-2598,MNK,MNKZ25,M30,2025-09-15 23:30:00,1757979000,44790.0,44790.0,44755.0,44785.0,0,0,7,2025-09-14/2025-09-20,2251
284,-2597,MNK,MNKZ25,M30,2025-09-16 00:00:00,1757980800,44820.0,44915.0,44620.0,44620.0,0,0,69,2025-09-14/2025-09-20,2251
285,-2596,MNK,MNKZ25,M30,2025-09-16 00:30:00,1757982600,44650.0,44650.0,44520.0,44520.0,0,0,27,2025-09-14/2025-09-20,2251
286,-2595,MNK,MNKZ25,M30,2025-09-16 01:00:00,1757984400,44490.0,44740.0,44475.0,44740.0,0,0,22,2025-09-14/2025-09-20,2251
287,-2594,MNK,MNKZ25,M30,2025-09-16 01:30:00,1757986200,44750.0,44800.0,44715.0,44800.0,0,0,40,2025-09-14/2025-09-20,2251
288,-2593,MNK,MNKZ25,M30,2025-09-16 02:00:00,1757988000,44790.0,44825.0,44770.0,44775.0,0,0,13,2025-09-14/2025-09-20,2251
289,-2592,MNK,MNKZ25,M30,2025-09-16 02:30:00,1757989800,44760.0,44760.0,44760.0,44760.0,0,0,1,2025-09-14/2025-09-20,2251
290,-2591,MNK,MNKZ25,M30,2025-09-16 03:00:00,1757991600,44865.0,44910.0,44855.0,44910.0,0,0,10,2025-09-14/2025-09-20,2251
291,-2590,MNK,MNKZ25,M30,2025-09-16 03:30:00,1757993400,44910.0,44910.0,44760.0,44760.0,0,0,18,2025-09-14/2025-09-20,2251
292,-2589,MNK,MNKZ25,M30,2025-09-16 04:00:00,1757995200,44775.0,44775.0,44740.0,44750.0,0,0,7,2025-09-14/2025-09-20,2251
293,-2588,MNK,MNKZ25,M30,2025-09-16 04:30:00,1757997000,44875.0,44880.0,44870.0,44880.0,0,0,3,2025-09-14/2025-09-20,2251
294,-2587,MNK,MNKZ25,M30,2025-09-16 05:00:00,1757998800,44875.0,44875.0,44875.0,44875.0,0,0,5,2025-09-14/2025-09-20,2251
295,-2586,MNK,MNKZ25,M30,2025-09-16 05:30:00,1758000600,44835.0,44850.0,44835.0,44850.0,0,0,3,2025-09-14/2025-09-20,2251
296,-2585,MNK,MNKZ25,M30,2025-09-16 06:00:00,1758002400,44860.0,44860.0,44730.0,44730.0,0,0,5,2025-09-14/2025-09-20,2251
297,-2584,MNK,MNKZ25,M30,2025-09-16 06:30:00,1758004200,44760.0,44760.0,44680.0,44705.0,0,0,16,2025-09-14/2025-09-20,2251
298,-2583,MNK,MNKZ25,M30,2025-09-16 07:00:00,1758006000,44675.0,44675.0,44675.0,44675.0,0,0,1,2025-09-14/2025-09-20,2251
299,-2582,MNK,MNKZ25,M30,2025-09-16 07:30:00,1758007800,44685.0,44700.0,44685.0,44700.0,0,0,2,2025-09-14/2025-09-20,2251
300,-2581,MNK,MNKZ25,M30,2025-09-16 08:00:00,1758009600,44655.0,44655.0,44655.0,44655.0,0,0,5,2025-09-14/2025-09-20,2251
301,-2580,MNK,MNKZ25,M30,2025-09-16 08:30:00,1758011400,44760.0,44760.0,44730.0,44730.0,0,0,8,2025-09-14/2025-09-20,2251
302,-2579,MNK,MNKZ25,M30,2025-09-16 09:30:00,1758015000,44730.0,44730.0,44730.0,44730.0,0,0,3,2025-09-14/2025-09-20,2251
303,-2578,MNK,MNKZ25,M30,2025-09-16 10:30:00,1758018600,44735.0,44735.0,44735.0,44735.0,0,0,2,2025-09-14/2025-09-20,2251
304,-2577,MNK,MNKZ25,M30,2025-09-16 13:00:00,1758027600,44725.0,44725.0,44725.0,44725.0,0,0,7,2025-09-14/2025-09-20,2251
305,-2576,MNK,MNKZ25,M30,2025-09-16 13:30:00,1758029400,44695.0,44695.0,44610.0,44610.0,0,0,64,2025-09-14/2025-09-20,2251
306,-2575,MNK,MNKZ25,M30,2025-09-16 14:00:00,1758031200,44620.0,44655.0,44615.0,44615.0,0,0,6,2025-09-14/2025-09-20,2251
307,-2574,MNK,MNKZ25,M30,2025-09-16 14:30:00,1758033000,44600.0,44600.0,44600.0,44600.0,0,0,1,2025-09-14/2025-09-20,2251
308,-2573,MNK,MNKZ25,M30,2025-09-16 15:00:00,1758034800,44540.0,44560.0,44540.0,44560.0,0,0,2,2025-09-14/2025-09-20,2251
309,-2572,MNK,MNKZ25,M30,2025-09-16 15:30:00,1758036600,44545.0,44560.0,44535.0,44560.0,0,0,11,2025-09-14/2025-09-20,2251
310,-2571,MNK,MNKZ25,M30,2025-09-16 16:00:00,1758038400,44575.0,44575.0,44565.0,44565.0,0,0,2,2025-09-14/2025-09-20,2251
311,-2570,MNK,MNKZ25,M30,2025-09-16 17:00:00,1758042000,44565.0,44575.0,44565.0,44570.0,0,0,15,2025-09-14/2025-09-20,2251
312,-2569,MNK,MNKZ25,M30,2025-09-16 17:30:00,1758043800,44585.0,44585.0,44585.0,44585.0,0,0,10,2025-09-14/2025-09-20,2251
313,-2568,MNK,MNKZ25,M30,2025-09-16 19:30:00,1758051000,44595.0,44610.0,44595.0,44600.0,0,0,17,2025-09-14/2025-09-20,2251
314,-2567,MNK,MNKZ25,M30,2025-09-16 20:00:00,1758052800,44605.0,44605.0,44600.0,44600.0,0,0,2,2025-09-14/2025-09-20,2251
315,-2566,MNK,MNKZ25,M30,2025-09-16 20:30:00,1758054600,44610.0,44620.0,44610.0,44610.0,0,0,6,2025-09-14/2025-09-20,2251
316,-2565,MNK,MNKZ25,M30,2025-09-16 22:00:00,1758060000,44620.0,44645.0,44620.0,44645.0,0,0,3,2025-09-14/2025-09-20,2251
317,-2564,MNK,MNKZ25,M30,2025-09-16 22:30:00,1758061800,44655.0,44655.0,44655.0,44655.0,0,0,1,2025-09-14/2025-09-20,2251
318,-2563,MNK,MNKZ25,M30,2025-09-16 23:00:00,1758063600,44640.0,44640.0,44610.0,44610.0,0,0,5,2025-09-14/2025-09-20,2251
319,-2562,MNK,MNKZ25,M30,2025-09-16 23:30:00,1758065400,44600.0,44660.0,44575.0,44660.0,0,0,5,2025-09-14/2025-09-20,2251
320,-2561,MNK,MNKZ25,M30,2025-09-17 00:00:00,1758067200,44545.0,44675.0,44460.0,44480.0,0,0,49,2025-09-14/2025-09-20,2251
321,-2560,MNK,MNKZ25,M30,2025-09-17 00:30:00,1758069000,44500.0,44645.0,44480.0,44645.0,0,0,6,2025-09-14/2025-09-20,2251
322,-2559,MNK,MNKZ25,M30,2025-09-17 01:00:00,1758070800,44700.0,44820.0,44685.0,44815.0,0,0,30,2025-09-14/2025-09-20,2251
323,-2558,MNK,MNKZ25,M30,2025-09-17 01:30:00,1758072600,44785.0,44885.0,44780.0,44860.0,0,0,22,2025-09-14/2025-09-20,2251
324,-2557,MNK,MNKZ25,M30,2025-09-17 02:00:00,1758074400,44835.0,44860.0,44835.0,44860.0,0,0,10,2025-09-14/2025-09-20,2251
325,-2556,MNK,MNKZ25,M30,2025-09-17 02:30:00,1758076200,44835.0,44835.0,44835.0,44835.0,0,0,2,2025-09-14/2025-09-20,2251
326,-2555,MNK,MNKZ25,M30,2025-09-17 03:00:00,1758078000,44810.0,44830.0,44810.0,44830.0,0,0,2,2025-09-14/2025-09-20,2251
327,-2554,MNK,MNKZ25,M30,2025-09-17 03:30:00,1758079800,44790.0,44845.0,44790.0,44845.0,0,0,7,2025-09-14/2025-09-20,2251
328,-2553,MNK,MNKZ25,M30,2025-09-17 04:00:00,1758081600,44790.0,44790.0,44730.0,44730.0,0,0,8,2025-09-14/2025-09-20,2251
329,-2552,MNK,MNKZ25,M30,2025-09-17 04:30:00,1758083400,44670.0,44700.0,44670.0,44700.0,0,0,4,2025-09-14/2025-09-20,2251
330,-2551,MNK,MNKZ25,M30,2025-09-17 05:00:00,1758085200,44710.0,44715.0,44630.0,44630.0,0,0,9,2025-09-14/2025-09-20,2251
331,-2550,MNK,MNKZ25,M30,2025-09-17 06:30:00,1758090600,44695.0,44725.0,44695.0,44715.0,0,0,4,2025-09-14/2025-09-20,2251
332,-2549,MNK,MNKZ25,M30,2025-09-17 07:00:00,1758092400,44700.0,44725.0,44700.0,44725.0,0,0,3,2025-09-14/2025-09-20,2251
333,-2548,MNK,MNKZ25,M30,2025-09-17 07:30:00,1758094200,44735.0,44735.0,44735.0,44735.0,0,0,6,2025-09-14/2025-09-20,2251
334,-2547,MNK,MNKZ25,M30,2025-09-17 08:00:00,1758096000,44690.0,44705.0,44690.0,44705.0,0,0,4,2025-09-14/2025-09-20,2251
335,-2546,MNK,MNKZ25,M30,2025-09-17 08:30:00,1758097800,44675.0,44675.0,44605.0,44635.0,0,0,16,2025-09-14/2025-09-20,2251
336,-2545,MNK,MNKZ25,M30,2025-09-17 09:00:00,1758099600,44620.0,44620.0,44620.0,44620.0,0,0,1,2025-09-14/2025-09-20,2251
337,-2544,MNK,MNKZ25,M30,2025-09-17 10:00:00,1758103200,44615.0,44615.0,44615.0,44615.0,0,0,1,2025-09-14/2025-09-20,2251
338,-2543,MNK,MNKZ25,M30,2025-09-17 10:30:00,1758105000,44590.0,44610.0,44580.0,44580.0,0,0,4,2025-09-14/2025-09-20,2251
339,-2542,MNK,MNKZ25,M30,2025-09-17 12:00:00,1758110400,44620.0,44645.0,44620.0,44645.0,0,0,3,2025-09-14/2025-09-20,2251
340,-2541,MNK,MNKZ25,M30,2025-09-17 12:30:00,1758112200,44685.0,44685.0,44685.0,44685.0,0,0,2,2025-09-14/2025-09-20,2251
341,-2540,MNK,MNKZ25,M30,2025-09-17 13:00:00,1758114000,44670.0,44670.0,44670.0,44670.0,0,0,1,2025-09-14/2025-09-20,2251
342,-2539,MNK,MNKZ25,M30,2025-09-17 13:30:00,1758115800,44700.0,44720.0,44665.0,44720.0,0,0,13,2025-09-14/2025-09-20,2251
343,-2538,MNK,MNKZ25,M30,2025-09-17 14:00:00,1758117600,44750.0,44750.0,44705.0,44705.0,0,0,3,2025-09-14/2025-09-20,2251
344,-2537,MNK,MNKZ25,M30,2025-09-17 15:00:00,1758121200,44675.0,44675.0,44660.0,44660.0,0,0,3,2025-09-14/2025-09-20,2251
345,-2536,MNK,MNKZ25,M30,2025-09-17 16:00:00,1758124800,44655.0,44655.0,44655.0,44655.0,0,0,4,2025-09-14/2025-09-20,2251
346,-2535,MNK,MNKZ25,M30,2025-09-17 17:30:00,1758130200,44620.0,44665.0,44620.0,44640.0,0,0,14,2025-09-14/2025-09-20,2251
347,-2534,MNK,MNKZ25,M30,2025-09-17 18:00:00,1758132000,44655.0,44655.0,44505.0,44530.0,0,0,26,2025-09-14/2025-09-20,2251
348,-2533,MNK,MNKZ25,M30,2025-09-17 18:30:00,1758133800,44575.0,44605.0,44445.0,44445.0,0,0,12,2025-09-14/2025-09-20,2251
349,-2532,MNK,MNKZ25,M30,2025-09-17 19:00:00,1758135600,44695.0,44785.0,44635.0,44785.0,0,0,28,2025-09-14/2025-09-20,2251
350,-2531,MNK,MNKZ25,M30,2025-09-17 19:30:00,1758137400,44740.0,44740.0,44665.0,44690.0,0,0,11,2025-09-14/2025-09-20,2251
351,-2530,MNK,MNKZ25,M30,2025-09-17 20:00:00,1758139200,44660.0,44730.0,44660.0,44730.0,0,0,1,2025-09-14/2025-09-20,2251
352,-2529,MNK,MNKZ25,M30,2025-09-17 20:30:00,1758141000,44765.0,44780.0,44765.0,44780.0,0,0,3,2025-09-14/2025-09-20,2251
353,-2528,MNK,MNKZ25,M30,2025-09-17 22:00:00,1758146400,44755.0,44765.0,44745.0,44745.0,0,0,3,2025-09-14/2025-09-20,2251
354,-2527,MNK,MNKZ25,M30,2025-09-17 22:30:00,1758148200,44765.0,44765.0,44765.0,44765.0,0,0,2,2025-09-14/2025-09-20,2251
355,-2526,MNK,MNKZ25,M30,2025-09-17 23:00:00,1758150000,44850.0,44880.0,44850.0,44880.0,0,0,13,2025-09-14/2025-09-20,2251
356,-2525,MNK,MNKZ25,M30,2025-09-17 23:30:00,1758151800,44865.0,44940.0,44840.0,44840.0,0,0,30,2025-09-14/2025-09-20,2251
357,-2524,MNK,MNKZ25,M30,2025-09-18 00:00:00,1758153600,44710.0,44915.0,44695.0,44695.0,0,0,20,2025-09-14/2025-09-20,2251
358,-2523,MNK,MNKZ25,M30,2025-09-18 00:30:00,1758155400,44810.0,44850.0,44810.0,44820.0,0,0,9,2025-09-14/2025-09-20,2251
359,-2522,MNK,MNKZ25,M30,2025-09-18 01:00:00,1758157200,44900.0,45005.0,44900.0,44960.0,0,0,85,2025-09-14/2025-09-20,2251
360,-2521,MNK,MNKZ25,M30,2025-09-18 01:30:00,1758159000,44965.0,45070.0,44965.0,45030.0,0,0,27,2025-09-14/2025-09-20,2251
361,-2520,MNK,MNKZ25,M30,2025-09-18 02:00:00,1758160800,45040.0,45150.0,45040.0,45150.0,0,0,17,2025-09-14/2025-09-20,2251
362,-2519,MNK,MNKZ25,M30,2025-09-18 02:30:00,1758162600,45200.0,45215.0,45190.0,45205.0,0,0,14,2025-09-14/2025-09-20,2251
363,-2518,MNK,MNKZ25,M30,2025-09-18 03:00:00,1758164400,45165.0,45235.0,45165.0,45235.0,0,0,18,2025-09-14/2025-09-20,2251
364,-2517,MNK,MNKZ25,M30,2025-09-18 03:30:00,1758166200,45205.0,45290.0,45190.0,45230.0,0,0,36,2025-09-14/2025-09-20,2251
365,-2516,MNK,MNKZ25,M30,2025-09-18 04:00:00,1758168000,45235.0,45260.0,45235.0,45260.0,0,0,3,2025-09-14/2025-09-20,2251
366,-2515,MNK,MNKZ25,M30,2025-09-18 04:30:00,1758169800,45265.0,45300.0,45265.0,45300.0,0,0,2,2025-09-14/2025-09-20,2251
367,-2514,MNK,MNKZ25,M30,2025-09-18 05:00:00,1758171600,45320.0,45385.0,45190.0,45200.0,0,0,43,2025-09-14/2025-09-20,2251
368,-2513,MNK,MNKZ25,M30,2025-09-18 05:30:00,1758173400,45180.0,45230.0,45170.0,45210.0,0,0,9,2025-09-14/2025-09-20,2251
369,-2512,MNK,MNKZ25,M30,2025-09-18 06:00:00,1758175200,45255.0,45265.0,45140.0,45165.0,0,0,32,2025-09-14/2025-09-20,2251
370,-2511,MNK,MNKZ25,M30,2025-09-18 06:30:00,1758177000,45200.0,45335.0,45200.0,45330.0,0,0,18,2025-09-14/2025-09-20,2251
371,-2510,MNK,MNKZ25,M30,2025-09-18 07:00:00,1758178800,45340.0,45400.0,45320.0,45400.0,0,0,13,2025-09-14/2025-09-20,2251
372,-2509,MNK,MNKZ25,M30,2025-09-18 07:30:00,1758180600,45345.0,45365.0,45340.0,45355.0,0,0,19,2025-09-14/2025-09-20,2251
373,-2508,MNK,MNKZ25,M30,2025-09-18 08:00:00,1758182400,45415.0,45515.0,45415.0,45480.0,0,0,51,2025-09-14/2025-09-20,2251
374,-2507,MNK,MNKZ25,M30,2025-09-18 08:30:00,1758184200,45475.0,45560.0,45475.0,45560.0,0,0,23,2025-09-14/2025-09-20,2251
375,-2506,MNK,MNKZ25,M30,2025-09-18 09:00:00,1758186000,45510.0,45510.0,45505.0,45505.0,0,0,2,2025-09-14/2025-09-20,2251
376,-2505,MNK,MNKZ25,M30,2025-09-18 09:30:00,1758187800,45505.0,45510.0,45505.0,45510.0,0,0,3,2025-09-14/2025-09-20,2251
377,-2504,MNK,MNKZ25,M30,2025-09-18 10:00:00,1758189600,45540.0,45570.0,45535.0,45550.0,0,0,14,2025-09-14/2025-09-20,2251
378,-2503,MNK,MNKZ25,M30,2025-09-18 10:30:00,1758191400,45550.0,45570.0,45550.0,45570.0,0,0,4,2025-09-14/2025-09-20,2251
379,-2502,MNK,MNKZ25,M30,2025-09-18 11:00:00,1758193200,45600.0,45690.0,45600.0,45665.0,0,0,7,2025-09-14/2025-09-20,2251
380,-2501,MNK,MNKZ25,M30,2025-09-18 11:30:00,1758195000,45660.0,45670.0,45630.0,45635.0,0,0,10,2025-09-14/2025-09-20,2251
381,-2500,MNK,MNKZ25,M30,2025-09-18 12:00:00,1758196800,45655.0,45655.0,45625.0,45625.0,0,0,2,2025-09-14/2025-09-20,2251
382,-2499,MNK,MNKZ25,M30,2025-09-18 12:30:00,1758198600,45600.0,45620.0,45600.0,45620.0,0,0,3,2025-09-14/2025-09-20,2251
383,-2498,MNK,MNKZ25,M30,2025-09-18 13:00:00,1758200400,45565.0,45580.0,45545.0,45560.0,0,0,46,2025-09-14/2025-09-20,2251
384,-2497,MNK,MNKZ25,M30,2025-09-18 13:30:00,1758202200,45590.0,45640.0,45540.0,45595.0,0,0,104,2025-09-14/2025-09-20,2251
385,-2496,MNK,MNKZ25,M30,2025-09-18 14:00:00,1758204000,45645.0,45785.0,45645.0,45765.0,0,0,28,2025-09-14/2025-09-20,2251
386,-2495,MNK,MNKZ25,M30,2025-09-18 14:30:00,1758205800,45775.0,45800.0,45745.0,45745.0,0,0,9,2025-09-14/2025-09-20,2251
387,-2494,MNK,MNKZ25,M30,2025-09-18 15:00:00,1758207600,45720.0,45790.0,45710.0,45780.0,0,0,36,2025-09-14/2025-09-20,2251
388,-2493,MNK,MNKZ25,M30,2025-09-18 15:30:00,1758209400,45795.0,45795.0,45765.0,45765.0,0,0,4,2025-09-14/2025-09-20,2251
389,-2492,MNK,MNKZ25,M30,2025-09-18 16:00:00,1758211200,45770.0,45775.0,45770.0,45775.0,0,0,2,2025-09-14/2025-09-20,2251
390,-2491,MNK,MNKZ25,M30,2025-09-18 16:30:00,1758213000,45800.0,45800.0,45800.0,45800.0,0,0,1,2025-09-14/2025-09-20,2251
391,-2490,MNK,MNKZ25,M30,2025-09-18 17:00:00,1758214800,45750.0,45750.0,45750.0,45750.0,0,0,1,2025-09-14/2025-09-20,2251
392,-2489,MNK,MNKZ25,M30,2025-09-18 17:30:00,1758216600,45695.0,45695.0,45685.0,45685.0,0,0,5,2025-09-14/2025-09-20,2251
393,-2488,MNK,MNKZ25,M30,2025-09-18 18:30:00,1758220200,45675.0,45675.0,45670.0,45670.0,0,0,2,2025-09-14/2025-09-20,2251
394,-2487,MNK,MNKZ25,M30,2025-09-18 19:00:00,1758222000,45700.0,45700.0,45700.0,45700.0,0,0,2,2025-09-14/2025-09-20,2251
395,-2486,MNK,MNKZ25,M30,2025-09-18 19:30:00,1758223800,45650.0,45685.0,45620.0,45685.0,0,0,14,2025-09-14/2025-09-20,2251
396,-2485,MNK,MNKZ25,M30,2025-09-18 20:00:00,1758225600,45685.0,45690.0,45670.0,45670.0,0,0,7,2025-09-14/2025-09-20,2251
397,-2484,MNK,MNKZ25,M30,2025-09-18 22:00:00,1758232800,45670.0,45715.0,45670.0,45715.0,0,0,9,2025-09-14/2025-09-20,2251
398,-2483,MNK,MNKZ25,M30,2025-09-18 22:30:00,1758234600,45780.0,45780.0,45770.0,45770.0,0,0,5,2025-09-14/2025-09-20,2251
399,-2482,MNK,MNKZ25,M30,2025-09-18 23:00:00,1758236400,45685.0,45685.0,45680.0,45680.0,0,0,2,2025-09-14/2025-09-20,2251
400,-2481,MNK,MNKZ25,M30,2025-09-18 23:30:00,1758238200,45685.0,45750.0,45660.0,45660.0,2,0,12,2025-09-14/2025-09-20,2251
401,-2480,MNK,MNKZ25,M30,2025-09-19 00:00:00,1758240000,45660.0,45670.0,45580.0,45580.0,0,0,9,2025-09-14/2025-09-20,2251
402,-2479,MNK,MNKZ25,M30,2025-09-19 00:30:00,1758241800,45580.0,45580.0,45435.0,45485.0,0,0,30,2025-09-14/2025-09-20,2251
403,-2478,MNK,MNKZ25,M30,2025-09-19 01:00:00,1758243600,45560.0,45605.0,45560.0,45575.0,0,0,5,2025-09-14/2025-09-20,2251
404,-2477,MNK,MNKZ25,M30,2025-09-19 01:30:00,1758245400,45580.0,45580.0,45485.0,45500.0,0,0,6,2025-09-14/2025-09-20,2251
405,-2476,MNK,MNKZ25,M30,2025-09-19 03:00:00,1758250800,45525.0,45525.0,45525.0,45525.0,0,0,1,2025-09-14/2025-09-20,2251
406,-2475,MNK,MNKZ25,M30,2025-09-19 03:30:00,1758252600,45430.0,45440.0,45200.0,45245.0,0,0,50,2025-09-14/2025-09-20,2251
407,-2474,MNK,MNKZ25,M30,2025-09-19 04:00:00,1758254400,45165.0,45170.0,44370.0,44525.0,0,0,80,2025-09-14/2025-09-20,2251
408,-2473,MNK,MNKZ25,M30,2025-09-19 04:30:00,1758256200,44610.0,44950.0,44610.0,44885.0,0,0,29,2025-09-14/2025-09-20,2251
409,-2472,MNK,MNKZ25,M30,2025-09-19 05:00:00,1758258000,44885.0,45045.0,44885.0,45045.0,0,0,34,2025-09-14/2025-09-20,2251
410,-2471,MNK,MNKZ25,M30,2025-09-19 05:30:00,1758259800,44925.0,44935.0,44840.0,44935.0,0,0,21,2025-09-14/2025-09-20,2251
411,-2470,MNK,MNKZ25,M30,2025-09-19 06:00:00,1758261600,44900.0,44930.0,44865.0,44890.0,0,0,50,2025-09-14/2025-09-20,2251
412,-2469,MNK,MNKZ25,M30,2025-09-19 06:30:00,1758263400,44860.0,44895.0,44785.0,44785.0,0,0,32,2025-09-14/2025-09-20,2251
413,-2468,MNK,MNKZ25,M30,2025-09-19 07:00:00,1758265200,44790.0,44790.0,44790.0,44790.0,0,0,1,2025-09-14/2025-09-20,2251
414,-2467,MNK,MNKZ25,M30,2025-09-19 07:30:00,1758267000,44845.0,44960.0,44845.0,44960.0,0,0,11,2025-09-14/2025-09-20,2251
415,-2466,MNK,MNKZ25,M30,2025-09-19 08:00:00,1758268800,44950.0,45045.0,44940.0,45025.0,0,0,16,2025-09-14/2025-09-20,2251
416,-2465,MNK,MNKZ25,M30,2025-09-19 08:30:00,1758270600,45060.0,45060.0,45060.0,45060.0,0,0,5,2025-09-14/2025-09-20,2251
417,-2464,MNK,MNKZ25,M30,2025-09-19 09:00:00,1758272400,45085.0,45115.0,45085.0,45115.0,0,0,3,2025-09-14/2025-09-20,2251
418,-2463,MNK,MNKZ25,M30,2025-09-19 09:30:00,1758274200,45160.0,45160.0,45100.0,45130.0,0,0,3,2025-09-14/2025-09-20,2251
419,-2462,MNK,MNKZ25,M30,2025-09-19 10:00:00,1758276000,45080.0,45110.0,45080.0,45110.0,0,0,3,2025-09-14/2025-09-20,2251
420,-2461,MNK,MNKZ25,M30,2025-09-19 10:30:00,1758277800,45120.0,45120.0,45120.0,45120.0,0,0,2,2025-09-14/2025-09-20,2251
421,-2460,MNK,MNKZ25,M30,2025-09-19 11:00:00,1758279600,45110.0,45110.0,45095.0,45095.0,0,0,2,2025-09-14/2025-09-20,2251
422,-2459,MNK,MNKZ25,M30,2025-09-19 11:30:00,1758281400,45095.0,45095.0,45095.0,45095.0,0,0,1,2025-09-14/2025-09-20,2251
423,-2458,MNK,MNKZ25,M30,2025-09-19 12:00:00,1758283200,45165.0,45165.0,45140.0,45140.0,0,0,13,2025-09-14/2025-09-20,2251
424,-2457,MNK,MNKZ25,M30,2025-09-19 12:30:00,1758285000,45140.0,45155.0,45135.0,45150.0,0,0,5,2025-09-14/2025-09-20,2251
425,-2456,MNK,MNKZ25,M30,2025-09-19 13:00:00,1758286800,45150.0,45150.0,45150.0,45150.0,0,0,7,2025-09-14/2025-09-20,2251
426,-2455,MNK,MNKZ25,M30,2025-09-19 13:30:00,1758288600,45120.0,45120.0,44975.0,45065.0,0,0,77,2025-09-14/2025-09-20,2251
427,-2454,MNK,MNKZ25,M30,2025-09-19 14:00:00,1758290400,45085.0,45135.0,45085.0,45100.0,0,0,21,2025-09-14/2025-09-20,2251
428,-2453,MNK,MNKZ25,M30,2025-09-19 14:30:00,1758292200,45085.0,45135.0,45085.0,45110.0,0,0,10,2025-09-14/2025-09-20,2251
429,-2452,MNK,MNKZ25,M30,2025-09-19 15:00:00,1758294000,45055.0,45055.0,45055.0,45055.0,0,0,2,2025-09-14/2025-09-20,2251
430,-2451,MNK,MNKZ25,M30,2025-09-19 15:30:00,1758295800,45005.0,45035.0,45005.0,45035.0,0,0,11,2025-09-14/2025-09-20,2251
431,-2450,MNK,MNKZ25,M30,2025-09-19 16:00:00,1758297600,45100.0,45100.0,45090.0,45090.0,0,0,2,2025-09-14/2025-09-20,2251
432,-2449,MNK,MNKZ25,M30,2025-09-19 17:00:00,1758301200,45120.0,45120.0,45120.0,45120.0,0,0,1,2025-09-14/2025-09-20,2251
433,-2448,MNK,MNKZ25,M30,2025-09-19 18:00:00,1758304800,45075.0,45085.0,45075.0,45085.0,0,0,2,2025-09-14/2025-09-20,2251
434,-2447,MNK,MNKZ25,M30,2025-09-19 18:30:00,1758306600,45095.0,45095.0,45095.0,45095.0,0,0,1,2025-09-14/2025-09-20,2251
435,-2446,MNK,MNKZ25,M30,2025-09-19 19:00:00,1758308400,45105.0,45105.0,45105.0,45105.0,0,0,2,2025-09-14/2025-09-20,2251
436,-2445,MNK,MNKZ25,M30,2025-09-19 19:30:00,1758310200,45145.0,45145.0,45100.0,45100.0,0,0,2,2025-09-14/2025-09-20,2251
437,-2444,MNK,MNKZ25,M30,2025-09-19 20:00:00,1758312000,45100.0,45110.0,45085.0,45110.0,0,0,4,2025-09-14/2025-09-20,2251
438,-2443,MNK,MNKZ25,M30,2025-09-19 20:30:00,1758313800,45115.0,45125.0,45115.0,45125.0,0,0,10,2025-09-14/2025-09-20,2251
439,-2442,MNK,MNKZ25,M30,2025-09-21 22:00:00,1758492000,45110.0,45110.0,45110.0,45110.0,0,0,1,2025-09-21/2025-09-27,2176
440,-2441,MNK,MNKZ25,M30,2025-09-21 22:30:00,1758493800,45170.0,45170.0,45165.0,45165.0,0,0,2,2025-09-21/2025-09-27,2176
441,-2440,MNK,MNKZ25,M30,2025-09-21 23:30:00,1758497400,45125.0,45125.0,45085.0,45085.0,0,0,16,2025-09-21/2025-09-27,2176
442,-2439,MNK,MNKZ25,M30,2025-09-22 00:00:00,1758499200,45195.0,45540.0,45195.0,45440.0,0,0,86,2025-09-21/2025-09-27,2176
443,-2438,MNK,MNKZ25,M30,2025-09-22 00:30:00,1758501000,45470.0,45530.0,45355.0,45405.0,0,0,31,2025-09-21/2025-09-27,2176
444,-2437,MNK,MNKZ25,M30,2025-09-22 01:00:00,1758502800,45515.0,45540.0,45505.0,45525.0,0,0,15,2025-09-21/2025-09-27,2176
445,-2436,MNK,MNKZ25,M30,2025-09-22 01:30:00,1758504600,45495.0,45545.0,45450.0,45500.0,0,0,38,2025-09-21/2025-09-27,2176
446,-2435,MNK,MNKZ25,M30,2025-09-22 02:00:00,1758506400,45510.0,45600.0,45510.0,45565.0,0,0,17,2025-09-21/2025-09-27,2176
447,-2434,MNK,MNKZ25,M30,2025-09-22 02:30:00,1758508200,45545.0,45550.0,45545.0,45550.0,0,0,3,2025-09-21/2025-09-27,2176
448,-2433,MNK,MNKZ25,M30,2025-09-22 03:00:00,1758510000,45475.0,45510.0,45475.0,45510.0,0,0,2,2025-09-21/2025-09-27,2176
449,-2432,MNK,MNKZ25,M30,2025-09-22 03:30:00,1758511800,45560.0,45600.0,45535.0,45600.0,0,0,8,2025-09-21/2025-09-27,2176
450,-2431,MNK,MNKZ25,M30,2025-09-22 04:00:00,1758513600,45545.0,45545.0,45500.0,45510.0,0,0,6,2025-09-21/2025-09-27,2176
451,-2430,MNK,MNKZ25,M30,2025-09-22 04:30:00,1758515400,45520.0,45520.0,45430.0,45430.0,0,0,10,2025-09-21/2025-09-27,2176
452,-2429,MNK,MNKZ25,M30,2025-09-22 05:00:00,1758517200,45470.0,45470.0,45435.0,45435.0,0,0,11,2025-09-21/2025-09-27,2176
453,-2428,MNK,MNKZ25,M30,2025-09-22 06:00:00,1758520800,45360.0,45360.0,45360.0,45360.0,0,0,1,2025-09-21/2025-09-27,2176
454,-2427,MNK,MNKZ25,M30,2025-09-22 07:00:00,1758524400,45405.0,45405.0,45205.0,45205.0,0,0,14,2025-09-21/2025-09-27,2176
455,-2426,MNK,MNKZ25,M30,2025-09-22 07:30:00,1758526200,45250.0,45250.0,45250.0,45250.0,0,0,2,2025-09-21/2025-09-27,2176
456,-2425,MNK,MNKZ25,M30,2025-09-22 08:00:00,1758528000,45305.0,45305.0,45305.0,45305.0,0,0,2,2025-09-21/2025-09-27,2176
457,-2424,MNK,MNKZ25,M30,2025-09-22 09:00:00,1758531600,45285.0,45285.0,45250.0,45270.0,0,0,7,2025-09-21/2025-09-27,2176
458,-2423,MNK,MNKZ25,M30,2025-09-22 10:00:00,1758535200,45320.0,45345.0,45320.0,45345.0,0,0,3,2025-09-21/2025-09-27,2176
459,-2422,MNK,MNKZ25,M30,2025-09-22 10:30:00,1758537000,45315.0,45315.0,45315.0,45315.0,0,0,1,2025-09-21/2025-09-27,2176
460,-2421,MNK,MNKZ25,M30,2025-09-22 11:00:00,1758538800,45275.0,45275.0,45260.0,45265.0,0,0,9,2025-09-21/2025-09-27,2176
461,-2420,MNK,MNKZ25,M30,2025-09-22 11:30:00,1758540600,45305.0,45305.0,45300.0,45300.0,0,0,2,2025-09-21/2025-09-27,2176
462,-2419,MNK,MNKZ25,M30,2025-09-22 12:00:00,1758542400,45310.0,45355.0,45310.0,45345.0,0,0,4,2025-09-21/2025-09-27,2176
463,-2418,MNK,MNKZ25,M30,2025-09-22 13:00:00,1758546000,45350.0,45355.0,45350.0,45355.0,0,0,3,2025-09-21/2025-09-27,2176
464,-2417,MNK,MNKZ25,M30,2025-09-22 13:30:00,1758547800,45355.0,45460.0,45355.0,45455.0,0,0,36,2025-09-21/2025-09-27,2176
465,-2416,MNK,MNKZ25,M30,2025-09-22 14:00:00,1758549600,45395.0,45410.0,45380.0,45410.0,0,0,7,2025-09-21/2025-09-27,2176
466,-2415,MNK,MNKZ25,M30,2025-09-22 14:30:00,1758551400,45385.0,45435.0,45385.0,45435.0,0,0,9,2025-09-21/2025-09-27,2176
467,-2414,MNK,MNKZ25,M30,2025-09-22 15:00:00,1758553200,45440.0,45440.0,45380.0,45385.0,0,0,30,2025-09-21/2025-09-27,2176
468,-2413,MNK,MNKZ25,M30,2025-09-22 15:30:00,1758555000,45395.0,45405.0,45370.0,45370.0,0,0,18,2025-09-21/2025-09-27,2176
469,-2412,MNK,MNKZ25,M30,2025-09-22 16:00:00,1758556800,45390.0,45520.0,45390.0,45520.0,0,0,35,2025-09-21/2025-09-27,2176
470,-2411,MNK,MNKZ25,M30,2025-09-22 16:30:00,1758558600,45515.0,45570.0,45510.0,45555.0,0,0,31,2025-09-21/2025-09-27,2176
471,-2410,MNK,MNKZ25,M30,2025-09-22 17:00:00,1758560400,45560.0,45575.0,45550.0,45560.0,0,0,18,2025-09-21/2025-09-27,2176
472,-2409,MNK,MNKZ25,M30,2025-09-22 17:30:00,1758562200,45560.0,45560.0,45545.0,45545.0,0,0,4,2025-09-21/2025-09-27,2176
473,-2408,MNK,MNKZ25,M30,2025-09-22 18:00:00,1758564000,45525.0,45565.0,45525.0,45555.0,0,0,10,2025-09-21/2025-09-27,2176
474,-2407,MNK,MNKZ25,M30,2025-09-22 18:30:00,1758565800,45565.0,45585.0,45550.0,45585.0,0,0,10,2025-09-21/2025-09-27,2176
475,-2406,MNK,MNKZ25,M30,2025-09-22 19:00:00,1758567600,45580.0,45585.0,45565.0,45565.0,0,0,7,2025-09-21/2025-09-27,2176
476,-2405,MNK,MNKZ25,M30,2025-09-22 19:30:00,1758569400,45565.0,45565.0,45555.0,45555.0,0,0,14,2025-09-21/2025-09-27,2176
477,-2404,MNK,MNKZ25,M30,2025-09-22 20:00:00,1758571200,45555.0,45555.0,45550.0,45550.0,0,0,2,2025-09-21/2025-09-27,2176
478,-2403,MNK,MNKZ25,M30,2025-09-22 20:30:00,1758573000,45555.0,45555.0,45445.0,45495.0,0,0,9,2025-09-21/2025-09-27,2176
479,-2402,MNK,MNKZ25,M30,2025-09-22 22:00:00,1758578400,45505.0,45505.0,45505.0,45505.0,0,0,3,2025-09-21/2025-09-27,2176
480,-2401,MNK,MNKZ25,M30,2025-09-22 22:30:00,1758580200,45565.0,45590.0,45565.0,45590.0,0,0,3,2025-09-21/2025-09-27,2176
481,-2400,MNK,MNKZ25,M30,2025-09-22 23:00:00,1758582000,45615.0,45660.0,45615.0,45650.0,0,0,17,2025-09-21/2025-09-27,2176
482,-2399,MNK,MNKZ25,M30,2025-09-22 23:30:00,1758583800,45580.0,45580.0,45580.0,45580.0,0,0,1,2025-09-21/2025-09-27,2176
483,-2398,MNK,MNKZ25,M30,2025-09-23 00:00:00,1758585600,45570.0,45570.0,45525.0,45525.0,0,0,13,2025-09-21/2025-09-27,2176
484,-2397,MNK,MNKZ25,M30,2025-09-23 00:30:00,1758587400,45540.0,45540.0,45505.0,45535.0,0,0,6,2025-09-21/2025-09-27,2176
485,-2396,MNK,MNKZ25,M30,2025-09-23 01:00:00,1758589200,45520.0,45560.0,45510.0,45560.0,0,0,11,2025-09-21/2025-09-27,2176
486,-2395,MNK,MNKZ25,M30,2025-09-23 01:30:00,1758591000,45560.0,45570.0,45545.0,45570.0,0,0,6,2025-09-21/2025-09-27,2176
487,-2394,MNK,MNKZ25,M30,2025-09-23 02:00:00,1758592800,45570.0,45665.0,45570.0,45665.0,0,0,9,2025-09-21/2025-09-27,2176
488,-2393,MNK,MNKZ25,M30,2025-09-23 02:30:00,1758594600,45660.0,45715.0,45660.0,45705.0,0,0,5,2025-09-21/2025-09-27,2176
489,-2392,MNK,MNKZ25,M30,2025-09-23 03:00:00,1758596400,45705.0,45705.0,45705.0,45705.0,0,0,1,2025-09-21/2025-09-27,2176
490,-2391,MNK,MNKZ25,M30,2025-09-23 03:30:00,1758598200,45705.0,45710.0,45705.0,45710.0,0,0,11,2025-09-21/2025-09-27,2176
491,-2390,MNK,MNKZ25,M30,2025-09-23 04:00:00,1758600000,45615.0,45660.0,45610.0,45660.0,0,0,8,2025-09-21/2025-09-27,2176
492,-2389,MNK,MNKZ25,M30,2025-09-23 04:30:00,1758601800,45545.0,45625.0,45545.0,45625.0,0,0,6,2025-09-21/2025-09-27,2176
493,-2388,MNK,MNKZ25,M30,2025-09-23 05:00:00,1758603600,45600.0,45600.0,45600.0,45600.0,0,0,5,2025-09-21/2025-09-27,2176
494,-2387,MNK,MNKZ25,M30,2025-09-23 06:00:00,1758607200,45650.0,45660.0,45650.0,45660.0,0,0,2,2025-09-21/2025-09-27,2176
495,-2386,MNK,MNKZ25,M30,2025-09-23 08:00:00,1758614400,45645.0,45700.0,45645.0,45700.0,0,0,3,2025-09-21/2025-09-27,2176
496,-2385,MNK,MNKZ25,M30,2025-09-23 08:30:00,1758616200,45675.0,45675.0,45675.0,45675.0,0,0,3,2025-09-21/2025-09-27,2176
497,-2384,MNK,MNKZ25,M30,2025-09-23 09:00:00,1758618000,45650.0,45650.0,45650.0,45650.0,0,0,1,2025-09-21/2025-09-27,2176
498,-2383,MNK,MNKZ25,M30,2025-09-23 09:30:00,1758619800,45670.0,45670.0,45670.0,45670.0,0,0,2,2025-09-21/2025-09-27,2176
499,-2382,MNK,MNKZ25,M30,2025-09-23 10:00:00,1758621600,45660.0,45665.0,45660.0,45665.0,0,0,4,2025-09-21/2025-09-27,2176
500,-2381,MNK,MNKZ25,M30,2025-09-23 10:30:00,1758623400,45630.0,45655.0,45625.0,45645.0,0,0,10,2025-09-21/2025-09-27,2176
501,-2380,MNK,MNKZ25,M30,2025-09-23 11:00:00,1758625200,45630.0,45630.0,45630.0,45630.0,0,0,1,2025-09-21/2025-09-27,2176
502,-2379,MNK,MNKZ25,M30,2025-09-23 11:30:00,1758627000,45600.0,45600.0,45600.0,45600.0,0,0,2,2025-09-21/2025-09-27,2176
503,-2378,MNK,MNKZ25,M30,2025-09-23 12:30:00,1758630600,45615.0,45615.0,45600.0,45600.0,0,0,2,2025-09-21/2025-09-27,2176
504,-2377,MNK,MNKZ25,M30,2025-09-23 13:00:00,1758632400,45580.0,45580.0,45580.0,45580.0,0,0,1,2025-09-21/2025-09-27,2176
505,-2376,MNK,MNKZ25,M30,2025-09-23 13:30:00,1758634200,45605.0,45665.0,45605.0,45645.0,0,0,12,2025-09-21/2025-09-27,2176
506,-2375,MNK,MNKZ25,M30,2025-09-23 14:00:00,1758636000,45605.0,45605.0,45605.0,45605.0,0,0,1,2025-09-21/2025-09-27,2176
507,-2374,MNK,MNKZ25,M30,2025-09-23 14:30:00,1758637800,45610.0,45610.0,45610.0,45610.0,0,0,1,2025-09-21/2025-09-27,2176
508,-2373,MNK,MNKZ25,M30,2025-09-23 15:00:00,1758639600,45600.0,45600.0,45590.0,45590.0,0,0,4,2025-09-21/2025-09-27,2176
509,-2372,MNK,MNKZ25,M30,2025-09-23 16:00:00,1758643200,45545.0,45545.0,45545.0,45545.0,0,0,1,2025-09-21/2025-09-27,2176
510,-2371,MNK,MNKZ25,M30,2025-09-23 16:30:00,1758645000,45540.0,45540.0,45520.0,45520.0,0,0,4,2025-09-21/2025-09-27,2176
511,-2370,MNK,MNKZ25,M30,2025-09-23 17:00:00,1758646800,45530.0,45530.0,45530.0,45530.0,0,0,1,2025-09-21/2025-09-27,2176
512,-2369,MNK,MNKZ25,M30,2025-09-23 17:30:00,1758648600,45415.0,45415.0,45360.0,45400.0,0,0,26,2025-09-21/2025-09-27,2176
513,-2368,MNK,MNKZ25,M30,2025-09-23 18:00:00,1758650400,45340.0,45340.0,45340.0,45340.0,0,0,1,2025-09-21/2025-09-27,2176
514,-2367,MNK,MNKZ25,M30,2025-09-23 18:30:00,1758652200,45375.0,45395.0,45370.0,45370.0,0,0,24,2025-09-21/2025-09-27,2176
515,-2366,MNK,MNKZ25,M30,2025-09-23 19:00:00,1758654000,45390.0,45390.0,45390.0,45390.0,0,0,1,2025-09-21/2025-09-27,2176
516,-2365,MNK,MNKZ25,M30,2025-09-23 20:00:00,1758657600,45395.0,45425.0,45380.0,45390.0,0,0,11,2025-09-21/2025-09-27,2176
517,-2364,MNK,MNKZ25,M30,2025-09-23 20:30:00,1758659400,45415.0,45415.0,45400.0,45400.0,0,0,2,2025-09-21/2025-09-27,2176
518,-2363,MNK,MNKZ25,M30,2025-09-23 22:00:00,1758664800,45460.0,45460.0,45460.0,45460.0,0,0,8,2025-09-21/2025-09-27,2176
519,-2362,MNK,MNKZ25,M30,2025-09-23 23:00:00,1758668400,45435.0,45435.0,45435.0,45435.0,0,0,1,2025-09-21/2025-09-27,2176
520,-2361,MNK,MNKZ25,M30,2025-09-23 23:30:00,1758670200,45450.0,45485.0,45315.0,45340.0,0,0,33,2025-09-21/2025-09-27,2176
521,-2360,MNK,MNKZ25,M30,2025-09-24 00:00:00,1758672000,45300.0,45325.0,45125.0,45325.0,0,0,33,2025-09-21/2025-09-27,2176
522,-2359,MNK,MNKZ25,M30,2025-09-24 00:30:00,1758673800,45320.0,45320.0,45255.0,45255.0,0,0,5,2025-09-21/2025-09-27,2176
523,-2358,MNK,MNKZ25,M30,2025-09-24 01:00:00,1758675600,45195.0,45260.0,45160.0,45175.0,0,0,23,2025-09-21/2025-09-27,2176
524,-2357,MNK,MNKZ25,M30,2025-09-24 01:30:00,1758677400,45110.0,45155.0,45085.0,45105.0,0,0,14,2025-09-21/2025-09-27,2176
525,-2356,MNK,MNKZ25,M30,2025-09-24 02:00:00,1758679200,45160.0,45160.0,45160.0,45160.0,0,0,3,2025-09-21/2025-09-27,2176
526,-2355,MNK,MNKZ25,M30,2025-09-24 02:30:00,1758681000,45150.0,45180.0,45150.0,45180.0,0,0,2,2025-09-21/2025-09-27,2176
527,-2354,MNK,MNKZ25,M30,2025-09-24 03:00:00,1758682800,45190.0,45195.0,45190.0,45195.0,0,0,5,2025-09-21/2025-09-27,2176
528,-2353,MNK,MNKZ25,M30,2025-09-24 03:30:00,1758684600,45200.0,45325.0,45200.0,45310.0,0,0,32,2025-09-21/2025-09-27,2176
529,-2352,MNK,MNKZ25,M30,2025-09-24 04:00:00,1758686400,45330.0,45330.0,45330.0,45330.0,0,0,3,2025-09-21/2025-09-27,2176
530,-2351,MNK,MNKZ25,M30,2025-09-24 04:30:00,1758688200,45340.0,45385.0,45340.0,45385.0,0,0,9,2025-09-21/2025-09-27,2176
531,-2350,MNK,MNKZ25,M30,2025-09-24 05:00:00,1758690000,45360.0,45385.0,45325.0,45385.0,0,0,19,2025-09-21/2025-09-27,2176
532,-2349,MNK,MNKZ25,M30,2025-09-24 05:30:00,1758691800,45395.0,45400.0,45395.0,45400.0,1,0,13,2025-09-21/2025-09-27,2176
533,-2348,MNK,MNKZ25,M30,2025-09-24 06:00:00,1758693600,45400.0,45485.0,45400.0,45485.0,0,0,25,2025-09-21/2025-09-27,2176
534,-2347,MNK,MNKZ25,M30,2025-09-24 06:30:00,1758695400,45460.0,45515.0,45460.0,45505.0,0,0,19,2025-09-21/2025-09-27,2176
535,-2346,MNK,MNKZ25,M30,2025-09-24 07:00:00,1758697200,45505.0,45505.0,45505.0,45505.0,0,0,1,2025-09-21/2025-09-27,2176
536,-2345,MNK,MNKZ25,M30,2025-09-24 07:30:00,1758699000,45560.0,45560.0,45560.0,45560.0,0,0,6,2025-09-21/2025-09-27,2176
537,-2344,MNK,MNKZ25,M30,2025-09-24 08:00:00,1758700800,45520.0,45545.0,45520.0,45545.0,0,0,4,2025-09-21/2025-09-27,2176
538,-2343,MNK,MNKZ25,M30,2025-09-24 08:30:00,1758702600,45555.0,45555.0,45555.0,45555.0,0,0,1,2025-09-21/2025-09-27,2176
539,-2342,MNK,MNKZ25,M30,2025-09-24 09:00:00,1758704400,45600.0,45600.0,45600.0,45600.0,0,0,2,2025-09-21/2025-09-27,2176
540,-2341,MNK,MNKZ25,M30,2025-09-24 09:30:00,1758706200,45570.0,45575.0,45570.0,45570.0,0,0,3,2025-09-21/2025-09-27,2176
541,-2340,MNK,MNKZ25,M30,2025-09-24 10:00:00,1758708000,45555.0,45555.0,45555.0,45555.0,0,0,1,2025-09-21/2025-09-27,2176
542,-2339,MNK,MNKZ25,M30,2025-09-24 10:30:00,1758709800,45530.0,45530.0,45530.0,45530.0,0,0,8,2025-09-21/2025-09-27,2176
543,-2338,MNK,MNKZ25,M30,2025-09-24 11:00:00,1758711600,45530.0,45595.0,45530.0,45595.0,0,0,9,2025-09-21/2025-09-27,2176
544,-2337,MNK,MNKZ25,M30,2025-09-24 11:30:00,1758713400,45560.0,45565.0,45560.0,45565.0,0,0,3,2025-09-21/2025-09-27,2176
545,-2336,MNK,MNKZ25,M30,2025-09-24 12:00:00,1758715200,45545.0,45545.0,45545.0,45545.0,0,0,1,2025-09-21/2025-09-27,2176
546,-2335,MNK,MNKZ25,M30,2025-09-24 12:30:00,1758717000,45585.0,45585.0,45585.0,45585.0,0,0,2,2025-09-21/2025-09-27,2176
547,-2334,MNK,MNKZ25,M30,2025-09-24 13:00:00,1758718800,45615.0,45665.0,45615.0,45665.0,0,0,6,2025-09-21/2025-09-27,2176
548,-2333,MNK,MNKZ25,M30,2025-09-24 13:30:00,1758720600,45655.0,45685.0,45590.0,45620.0,0,0,49,2025-09-21/2025-09-27,2176
549,-2332,MNK,MNKZ25,M30,2025-09-24 14:00:00,1758722400,45620.0,45635.0,45620.0,45635.0,0,0,3,2025-09-21/2025-09-27,2176
550,-2331,MNK,MNKZ25,M30,2025-09-24 14:30:00,1758724200,45630.0,45630.0,45600.0,45600.0,0,0,16,2025-09-21/2025-09-27,2176
551,-2330,MNK,MNKZ25,M30,2025-09-24 15:00:00,1758726000,45575.0,45580.0,45575.0,45580.0,0,0,4,2025-09-21/2025-09-27,2176
552,-2329,MNK,MNKZ25,M30,2025-09-24 15:30:00,1758727800,45565.0,45565.0,45415.0,45415.0,0,0,7,2025-09-21/2025-09-27,2176
553,-2328,MNK,MNKZ25,M30,2025-09-24 16:00:00,1758729600,45445.0,45445.0,45380.0,45400.0,0,0,8,2025-09-21/2025-09-27,2176
554,-2327,MNK,MNKZ25,M30,2025-09-24 16:30:00,1758731400,45450.0,45495.0,45450.0,45495.0,0,0,3,2025-09-21/2025-09-27,2176
555,-2326,MNK,MNKZ25,M30,2025-09-24 17:00:00,1758733200,45480.0,45500.0,45480.0,45500.0,0,0,3,2025-09-21/2025-09-27,2176
556,-2325,MNK,MNKZ25,M30,2025-09-24 17:30:00,1758735000,45545.0,45545.0,45465.0,45465.0,0,0,12,2025-09-21/2025-09-27,2176
557,-2324,MNK,MNKZ25,M30,2025-09-24 18:00:00,1758736800,45465.0,45465.0,45465.0,45465.0,0,0,1,2025-09-21/2025-09-27,2176
558,-2323,MNK,MNKZ25,M30,2025-09-24 19:00:00,1758740400,45500.0,45500.0,45500.0,45500.0,0,0,1,2025-09-21/2025-09-27,2176
559,-2322,MNK,MNKZ25,M30,2025-09-24 19:30:00,1758742200,45440.0,45460.0,45430.0,45450.0,0,0,17,2025-09-21/2025-09-27,2176
560,-2321,MNK,MNKZ25,M30,2025-09-24 20:00:00,1758744000,45460.0,45460.0,45460.0,45460.0,0,0,2,2025-09-21/2025-09-27,2176
561,-2320,MNK,MNKZ25,M30,2025-09-24 20:30:00,1758745800,45465.0,45520.0,45465.0,45520.0,0,0,10,2025-09-21/2025-09-27,2176
562,-2319,MNK,MNKZ25,M30,2025-09-24 22:00:00,1758751200,45525.0,45530.0,45525.0,45530.0,0,0,3,2025-09-21/2025-09-27,2176
563,-2318,MNK,MNKZ25,M30,2025-09-24 22:30:00,1758753000,45525.0,45525.0,45525.0,45525.0,0,0,4,2025-09-21/2025-09-27,2176
564,-2317,MNK,MNKZ25,M30,2025-09-24 23:00:00,1758754800,45475.0,45485.0,45445.0,45470.0,0,0,14,2025-09-21/2025-09-27,2176
565,-2316,MNK,MNKZ25,M30,2025-09-24 23:30:00,1758756600,45470.0,45505.0,45460.0,45460.0,0,0,5,2025-09-21/2025-09-27,2176
566,-2315,MNK,MNKZ25,M30,2025-09-25 00:00:00,1758758400,45505.0,45595.0,45375.0,45375.0,0,0,65,2025-09-21/2025-09-27,2176
567,-2314,MNK,MNKZ25,M30,2025-09-25 00:30:00,1758760200,45385.0,45430.0,45385.0,45415.0,0,0,7,2025-09-21/2025-09-27,2176
568,-2313,MNK,MNKZ25,M30,2025-09-25 01:00:00,1758762000,45400.0,45400.0,45395.0,45395.0,0,0,2,2025-09-21/2025-09-27,2176
569,-2312,MNK,MNKZ25,M30,2025-09-25 01:30:00,1758763800,45575.0,45645.0,45560.0,45605.0,0,0,25,2025-09-21/2025-09-27,2176
570,-2311,MNK,MNKZ25,M30,2025-09-25 02:00:00,1758765600,45655.0,45655.0,45510.0,45510.0,0,0,6,2025-09-21/2025-09-27,2176
571,-2310,MNK,MNKZ25,M30,2025-09-25 03:30:00,1758771000,45545.0,45585.0,45540.0,45585.0,0,0,5,2025-09-21/2025-09-27,2176
572,-2309,MNK,MNKZ25,M30,2025-09-25 04:00:00,1758772800,45605.0,45645.0,45605.0,45610.0,0,0,12,2025-09-21/2025-09-27,2176
573,-2308,MNK,MNKZ25,M30,2025-09-25 04:30:00,1758774600,45530.0,45530.0,45470.0,45525.0,0,0,10,2025-09-21/2025-09-27,2176
574,-2307,MNK,MNKZ25,M30,2025-09-25 05:00:00,1758776400,45510.0,45620.0,45480.0,45620.0,0,0,17,2025-09-21/2025-09-27,2176
575,-2306,MNK,MNKZ25,M30,2025-09-25 05:30:00,1758778200,45580.0,45590.0,45565.0,45575.0,0,0,7,2025-09-21/2025-09-27,2176
576,-2305,MNK,MNKZ25,M30,2025-09-25 06:00:00,1758780000,45575.0,45575.0,45575.0,45575.0,0,0,1,2025-09-21/2025-09-27,2176
577,-2304,MNK,MNKZ25,M30,2025-09-25 06:30:00,1758781800,45545.0,45545.0,45540.0,45540.0,0,0,6,2025-09-21/2025-09-27,2176
578,-2303,MNK,MNKZ25,M30,2025-09-25 07:00:00,1758783600,45535.0,45535.0,45495.0,45495.0,0,0,3,2025-09-21/2025-09-27,2176
579,-2302,MNK,MNKZ25,M30,2025-09-25 07:30:00,1758785400,45510.0,45510.0,45510.0,45510.0,0,0,1,2025-09-21/2025-09-27,2176
580,-2301,MNK,MNKZ25,M30,2025-09-25 08:00:00,1758787200,45530.0,45530.0,45515.0,45515.0,0,0,10,2025-09-21/2025-09-27,2176
581,-2300,MNK,MNKZ25,M30,2025-09-25 08:30:00,1758789000,45490.0,45490.0,45490.0,45490.0,0,0,1,2025-09-21/2025-09-27,2176
582,-2299,MNK,MNKZ25,M30,2025-09-25 09:00:00,1758790800,45490.0,45490.0,45490.0,45490.0,0,0,2,2025-09-21/2025-09-27,2176
583,-2298,MNK,MNKZ25,M30,2025-09-25 10:00:00,1758794400,45485.0,45485.0,45485.0,45485.0,0,0,1,2025-09-21/2025-09-27,2176
584,-2297,MNK,MNKZ25,M30,2025-09-25 10:30:00,1758796200,45480.0,45480.0,45480.0,45480.0,0,0,1,2025-09-21/2025-09-27,2176
585,-2296,MNK,MNKZ25,M30,2025-09-25 11:00:00,1758798000,45385.0,45385.0,45310.0,45320.0,0,0,10,2025-09-21/2025-09-27,2176
586,-2295,MNK,MNKZ25,M30,2025-09-25 11:30:00,1758799800,45295.0,45295.0,45245.0,45255.0,0,0,7,2025-09-21/2025-09-27,2176
587,-2294,MNK,MNKZ25,M30,2025-09-25 12:00:00,1758801600,45250.0,45250.0,45220.0,45225.0,0,0,19,2025-09-21/2025-09-27,2176
588,-2293,MNK,MNKZ25,M30,2025-09-25 12:30:00,1758803400,45225.0,45225.0,45170.0,45170.0,0,0,7,2025-09-21/2025-09-27,2176
589,-2292,MNK,MNKZ25,M30,2025-09-25 13:00:00,1758805200,45275.0,45280.0,45275.0,45280.0,0,0,6,2025-09-21/2025-09-27,2176
590,-2291,MNK,MNKZ25,M30,2025-09-25 13:30:00,1758807000,45260.0,45260.0,45125.0,45210.0,0,0,84,2025-09-21/2025-09-27,2176
591,-2290,MNK,MNKZ25,M30,2025-09-25 14:00:00,1758808800,45235.0,45425.0,45235.0,45405.0,0,0,39,2025-09-21/2025-09-27,2176
592,-2289,MNK,MNKZ25,M30,2025-09-25 14:30:00,1758810600,45385.0,45415.0,45375.0,45415.0,0,0,14,2025-09-21/2025-09-27,2176
593,-2288,MNK,MNKZ25,M30,2025-09-25 15:00:00,1758812400,45385.0,45385.0,45385.0,45385.0,0,0,1,2025-09-21/2025-09-27,2176
594,-2287,MNK,MNKZ25,M30,2025-09-25 15:30:00,1758814200,45440.0,45500.0,45440.0,45500.0,0,0,8,2025-09-21/2025-09-27,2176
595,-2286,MNK,MNKZ25,M30,2025-09-25 16:00:00,1758816000,45465.0,45465.0,45465.0,45465.0,0,0,1,2025-09-21/2025-09-27,2176
596,-2285,MNK,MNKZ25,M30,2025-09-25 17:30:00,1758821400,45375.0,45375.0,45370.0,45370.0,0,0,2,2025-09-21/2025-09-27,2176
597,-2284,MNK,MNKZ25,M30,2025-09-25 18:00:00,1758823200,45340.0,45340.0,45225.0,45240.0,0,0,14,2025-09-21/2025-09-27,2176
598,-2283,MNK,MNKZ25,M30,2025-09-25 18:30:00,1758825000,45400.0,45400.0,45400.0,45400.0,0,0,1,2025-09-21/2025-09-27,2176
599,-2282,MNK,MNKZ25,M30,2025-09-25 19:30:00,1758828600,45400.0,45475.0,45400.0,45450.0,0,0,23,2025-09-21/2025-09-27,2176
600,-2281,MNK,MNKZ25,M30,2025-09-25 20:00:00,1758830400,45460.0,45460.0,45460.0,45460.0,0,0,0,2025-09-21/2025-09-27,2176
601,-2280,MNK,MNKZ25,M30,2025-09-25 20:30:00,1758832200,45475.0,45485.0,45460.0,45460.0,0,0,3,2025-09-21/2025-09-27,2176
602,-2279,MNK,MNKZ25,M30,2025-09-25 22:00:00,1758837600,45490.0,45490.0,45455.0,45455.0,0,0,10,2025-09-21/2025-09-27,2176
603,-2278,MNK,MNKZ25,M30,2025-09-25 22:30:00,1758839400,45460.0,45460.0,45430.0,45430.0,0,0,5,2025-09-21/2025-09-27,2176
604,-2277,MNK,MNKZ25,M30,2025-09-25 23:30:00,1758843000,45390.0,45445.0,45390.0,45445.0,0,0,4,2025-09-21/2025-09-27,2176
605,-2276,MNK,MNKZ25,M30,2025-09-26 00:00:00,1758844800,45405.0,45500.0,45300.0,45300.0,0,0,48,2025-09-21/2025-09-27,2176
606,-2275,MNK,MNKZ25,M30,2025-09-26 00:30:00,1758846600,45385.0,45460.0,45370.0,45445.0,0,0,20,2025-09-21/2025-09-27,2176
607,-2274,MNK,MNKZ25,M30,2025-09-26 01:00:00,1758848400,45470.0,45510.0,45470.0,45510.0,0,0,10,2025-09-21/2025-09-27,2176
608,-2273,MNK,MNKZ25,M30,2025-09-26 01:30:00,1758850200,45510.0,45595.0,45510.0,45575.0,0,0,26,2025-09-21/2025-09-27,2176
609,-2272,MNK,MNKZ25,M30,2025-09-26 02:00:00,1758852000,45540.0,45570.0,45505.0,45505.0,0,0,7,2025-09-21/2025-09-27,2176
610,-2271,MNK,MNKZ25,M30,2025-09-26 02:30:00,1758853800,45485.0,45570.0,45485.0,45565.0,0,0,31,2025-09-21/2025-09-27,2176
611,-2270,MNK,MNKZ25,M30,2025-09-26 03:00:00,1758855600,45505.0,45505.0,45430.0,45440.0,0,0,16,2025-09-21/2025-09-27,2176
612,-2269,MNK,MNKZ25,M30,2025-09-26 03:30:00,1758857400,45350.0,45370.0,45300.0,45335.0,0,0,22,2025-09-21/2025-09-27,2176
613,-2268,MNK,MNKZ25,M30,2025-09-26 04:00:00,1758859200,45340.0,45430.0,45270.0,45415.0,0,0,28,2025-09-21/2025-09-27,2176
614,-2267,MNK,MNKZ25,M30,2025-09-26 04:30:00,1758861000,45350.0,45395.0,45300.0,45315.0,0,0,5,2025-09-21/2025-09-27,2176
615,-2266,MNK,MNKZ25,M30,2025-09-26 05:00:00,1758862800,45300.0,45385.0,45300.0,45310.0,0,0,3,2025-09-21/2025-09-27,2176
616,-2265,MNK,MNKZ25,M30,2025-09-26 05:30:00,1758864600,45310.0,45320.0,45255.0,45295.0,0,0,8,2025-09-21/2025-09-27,2176
617,-2264,MNK,MNKZ25,M30,2025-09-26 06:00:00,1758866400,45255.0,45340.0,45255.0,45260.0,0,0,8,2025-09-21/2025-09-27,2176
618,-2263,MNK,MNKZ25,M30,2025-09-26 06:30:00,1758868200,45205.0,45205.0,45145.0,45185.0,0,0,13,2025-09-21/2025-09-27,2176
619,-2262,MNK,MNKZ25,M30,2025-09-26 07:00:00,1758870000,45205.0,45265.0,45200.0,45265.0,0,0,18,2025-09-21/2025-09-27,2176
620,-2261,MNK,MNKZ25,M30,2025-09-26 07:30:00,1758871800,45270.0,45280.0,45245.0,45255.0,0,0,16,2025-09-21/2025-09-27,2176
621,-2260,MNK,MNKZ25,M30,2025-09-26 08:00:00,1758873600,45200.0,45220.0,45180.0,45220.0,0,0,7,2025-09-21/2025-09-27,2176
622,-2259,MNK,MNKZ25,M30,2025-09-26 08:30:00,1758875400,45130.0,45130.0,45130.0,45130.0,0,0,5,2025-09-21/2025-09-27,2176
623,-2258,MNK,MNKZ25,M30,2025-09-26 09:00:00,1758877200,45120.0,45170.0,45085.0,45170.0,0,0,6,2025-09-21/2025-09-27,2176
624,-2257,MNK,MNKZ25,M30,2025-09-26 10:30:00,1758882600,45065.0,45065.0,45015.0,45055.0,0,0,8,2025-09-21/2025-09-27,2176
625,-2256,MNK,MNKZ25,M30,2025-09-26 11:00:00,1758884400,45085.0,45085.0,45085.0,45085.0,0,0,1,2025-09-21/2025-09-27,2176
626,-2255,MNK,MNKZ25,M30,2025-09-26 11:30:00,1758886200,45100.0,45120.0,45100.0,45120.0,0,0,3,2025-09-21/2025-09-27,2176
627,-2254,MNK,MNKZ25,M30,2025-09-26 12:00:00,1758888000,45105.0,45165.0,45105.0,45165.0,0,0,6,2025-09-21/2025-09-27,2176
628,-2253,MNK,MNKZ25,M30,2025-09-26 12:30:00,1758889800,45185.0,45235.0,45185.0,45235.0,0,0,12,2025-09-21/2025-09-27,2176
629,-2252,MNK,MNKZ25,M30,2025-09-26 13:00:00,1758891600,45220.0,45230.0,45205.0,45210.0,0,0,7,2025-09-21/2025-09-27,2176
630,-2251,MNK,MNKZ25,M30,2025-09-26 13:30:00,1758893400,45215.0,45300.0,45215.0,45270.0,0,0,56,2025-09-21/2025-09-27,2176
631,-2250,MNK,MNKZ25,M30,2025-09-26 14:00:00,1758895200,45295.0,45295.0,45030.0,45085.0,0,0,38,2025-09-21/2025-09-27,2176
632,-2249,MNK,MNKZ25,M30,2025-09-26 14:30:00,1758897000,45060.0,45120.0,45050.0,45120.0,0,0,9,2025-09-21/2025-09-27,2176
633,-2248,MNK,MNKZ25,M30,2025-09-26 15:00:00,1758898800,45050.0,45120.0,45050.0,45110.0,0,0,7,2025-09-21/2025-09-27,2176
634,-2247,MNK,MNKZ25,M30,2025-09-26 15:30:00,1758900600,45170.0,45170.0,45115.0,45115.0,0,0,10,2025-09-21/2025-09-27,2176
635,-2246,MNK,MNKZ25,M30,2025-09-26 16:00:00,1758902400,45115.0,45185.0,45115.0,45185.0,0,0,2,2025-09-21/2025-09-27,2176
636,-2245,MNK,MNKZ25,M30,2025-09-26 16:30:00,1758904200,45200.0,45250.0,45200.0,45250.0,0,0,9,2025-09-21/2025-09-27,2176
637,-2244,MNK,MNKZ25,M30,2025-09-26 17:00:00,1758906000,45250.0,45250.0,45190.0,45190.0,0,0,7,2025-09-21/2025-09-27,2176
638,-2243,MNK,MNKZ25,M30,2025-09-26 17:30:00,1758907800,45180.0,45180.0,45155.0,45155.0,0,0,15,2025-09-21/2025-09-27,2176
639,-2242,MNK,MNKZ25,M30,2025-09-26 18:30:00,1758911400,45230.0,45230.0,45230.0,45230.0,0,0,1,2025-09-21/2025-09-27,2176
640,-2241,MNK,MNKZ25,M30,2025-09-26 19:00:00,1758913200,45215.0,45215.0,45205.0,45205.0,0,0,2,2025-09-21/2025-09-27,2176
641,-2240,MNK,MNKZ25,M30,2025-09-26 19:30:00,1758915000,45225.0,45225.0,45210.0,45215.0,0,0,11,2025-09-21/2025-09-27,2176
642,-2239,MNK,MNKZ25,M30,2025-09-26 20:00:00,1758916800,45215.0,45285.0,45215.0,45285.0,2,0,17,2025-09-21/2025-09-27,2176
643,-2238,MNK,MNKZ25,M30,2025-09-26 20:30:00,1758918600,45290.0,45305.0,45290.0,45305.0,0,0,3,2025-09-21/2025-09-27,2176
644,-2237,MNK,MNKZ25,M30,2025-09-28 22:00:00,1759096800,45305.0,45330.0,45290.0,45330.0,0,0,5,2025-09-28/2025-10-04,2870
645,-2236,MNK,MNKZ25,M30,2025-09-28 23:00:00,1759100400,45330.0,45330.0,45325.0,45330.0,0,0,3,2025-09-28/2025-10-04,2870
646,-2235,MNK,MNKZ25,M30,2025-09-28 23:30:00,1759102200,45310.0,45330.0,45290.0,45315.0,0,0,10,2025-09-28/2025-10-04,2870
647,-2234,MNK,MNKZ25,M30,2025-09-29 00:00:00,1759104000,45195.0,45210.0,45070.0,45130.0,0,0,25,2025-09-28/2025-10-04,2870
648,-2233,MNK,MNKZ25,M30,2025-09-29 00:30:00,1759105800,45170.0,45220.0,45080.0,45080.0,0,0,28,2025-09-28/2025-10-04,2870
649,-2232,MNK,MNKZ25,M30,2025-09-29 01:00:00,1759107600,45050.0,45100.0,45035.0,45035.0,0,0,7,2025-09-28/2025-10-04,2870
650,-2231,MNK,MNKZ25,M30,2025-09-29 01:30:00,1759109400,45020.0,45130.0,45020.0,45130.0,0,0,19,2025-09-28/2025-10-04,2870
651,-2230,MNK,MNKZ25,M30,2025-09-29 02:00:00,1759111200,45120.0,45125.0,45040.0,45040.0,0,0,8,2025-09-28/2025-10-04,2870
652,-2229,MNK,MNKZ25,M30,2025-09-29 02:30:00,1759113000,45055.0,45080.0,45045.0,45080.0,0,0,13,2025-09-28/2025-10-04,2870
653,-2228,MNK,MNKZ25,M30,2025-09-29 03:00:00,1759114800,45070.0,45105.0,45070.0,45105.0,0,0,11,2025-09-28/2025-10-04,2870
654,-2227,MNK,MNKZ25,M30,2025-09-29 03:30:00,1759116600,45125.0,45210.0,45125.0,45170.0,0,0,23,2025-09-28/2025-10-04,2870
655,-2226,MNK,MNKZ25,M30,2025-09-29 04:00:00,1759118400,45175.0,45175.0,45160.0,45160.0,0,0,2,2025-09-28/2025-10-04,2870
656,-2225,MNK,MNKZ25,M30,2025-09-29 04:30:00,1759120200,45140.0,45175.0,45135.0,45175.0,0,0,6,2025-09-28/2025-10-04,2870
657,-2224,MNK,MNKZ25,M30,2025-09-29 05:00:00,1759122000,45135.0,45140.0,45100.0,45140.0,0,0,12,2025-09-28/2025-10-04,2870
658,-2223,MNK,MNKZ25,M30,2025-09-29 05:30:00,1759123800,45080.0,45080.0,45050.0,45050.0,0,0,11,2025-09-28/2025-10-04,2870
659,-2222,MNK,MNKZ25,M30,2025-09-29 06:00:00,1759125600,45060.0,45130.0,45060.0,45090.0,0,0,8,2025-09-28/2025-10-04,2870
660,-2221,MNK,MNKZ25,M30,2025-09-29 06:30:00,1759127400,45165.0,45210.0,45165.0,45210.0,0,0,3,2025-09-28/2025-10-04,2870
661,-2220,MNK,MNKZ25,M30,2025-09-29 07:00:00,1759129200,45180.0,45180.0,45170.0,45170.0,0,0,5,2025-09-28/2025-10-04,2870
662,-2219,MNK,MNKZ25,M30,2025-09-29 08:00:00,1759132800,45200.0,45250.0,45200.0,45250.0,0,0,3,2025-09-28/2025-10-04,2870
663,-2218,MNK,MNKZ25,M30,2025-09-29 08:30:00,1759134600,45285.0,45300.0,45285.0,45300.0,0,0,3,2025-09-28/2025-10-04,2870
664,-2217,MNK,MNKZ25,M30,2025-09-29 09:00:00,1759136400,45275.0,45285.0,45260.0,45260.0,0,0,7,2025-09-28/2025-10-04,2870
665,-2216,MNK,MNKZ25,M30,2025-09-29 09:30:00,1759138200,45235.0,45240.0,45235.0,45240.0,0,0,2,2025-09-28/2025-10-04,2870
666,-2215,MNK,MNKZ25,M30,2025-09-29 10:00:00,1759140000,45265.0,45265.0,45250.0,45250.0,0,0,12,2025-09-28/2025-10-04,2870
667,-2214,MNK,MNKZ25,M30,2025-09-29 11:00:00,1759143600,45230.0,45230.0,45225.0,45225.0,0,0,3,2025-09-28/2025-10-04,2870
668,-2213,MNK,MNKZ25,M30,2025-09-29 11:30:00,1759145400,45215.0,45255.0,45215.0,45255.0,0,0,5,2025-09-28/2025-10-04,2870
669,-2212,MNK,MNKZ25,M30,2025-09-29 12:00:00,1759147200,45255.0,45255.0,45255.0,45255.0,0,0,1,2025-09-28/2025-10-04,2870
670,-2211,MNK,MNKZ25,M30,2025-09-29 12:30:00,1759149000,45285.0,45285.0,45270.0,45270.0,0,0,3,2025-09-28/2025-10-04,2870
671,-2210,MNK,MNKZ25,M30,2025-09-29 13:00:00,1759150800,45275.0,45285.0,45255.0,45265.0,0,0,5,2025-09-28/2025-10-04,2870
672,-2209,MNK,MNKZ25,M30,2025-09-29 13:30:00,1759152600,45290.0,45355.0,45280.0,45300.0,0,0,8,2025-09-28/2025-10-04,2870
673,-2208,MNK,MNKZ25,M30,2025-09-29 14:00:00,1759154400,45305.0,45335.0,45305.0,45315.0,0,0,33,2025-09-28/2025-10-04,2870
674,-2207,MNK,MNKZ25,M30,2025-09-29 14:30:00,1759156200,45330.0,45330.0,45330.0,45330.0,0,0,1,2025-09-28/2025-10-04,2870
675,-2206,MNK,MNKZ25,M30,2025-09-29 15:00:00,1759158000,45270.0,45270.0,45255.0,45255.0,1,0,6,2025-09-28/2025-10-04,2870
676,-2205,MNK,MNKZ25,M30,2025-09-29 15:30:00,1759159800,45235.0,45235.0,45185.0,45185.0,0,0,12,2025-09-28/2025-10-04,2870
677,-2204,MNK,MNKZ25,M30,2025-09-29 16:00:00,1759161600,45175.0,45200.0,45175.0,45200.0,0,0,4,2025-09-28/2025-10-04,2870
678,-2203,MNK,MNKZ25,M30,2025-09-29 16:30:00,1759163400,45200.0,45200.0,45175.0,45175.0,0,0,5,2025-09-28/2025-10-04,2870
679,-2202,MNK,MNKZ25,M30,2025-09-29 17:00:00,1759165200,45140.0,45150.0,45140.0,45150.0,0,0,10,2025-09-28/2025-10-04,2870
680,-2201,MNK,MNKZ25,M30,2025-09-29 17:30:00,1759167000,45155.0,45165.0,45155.0,45165.0,0,0,3,2025-09-28/2025-10-04,2870
681,-2200,MNK,MNKZ25,M30,2025-09-29 18:00:00,1759168800,45205.0,45205.0,45205.0,45205.0,0,0,2,2025-09-28/2025-10-04,2870
682,-2199,MNK,MNKZ25,M30,2025-09-29 19:30:00,1759174200,45270.0,45270.0,45250.0,45270.0,0,0,7,2025-09-28/2025-10-04,2870
683,-2198,MNK,MNKZ25,M30,2025-09-29 20:00:00,1759176000,45260.0,45270.0,45245.0,45245.0,0,0,6,2025-09-28/2025-10-04,2870
684,-2197,MNK,MNKZ25,M30,2025-09-29 20:30:00,1759177800,45205.0,45205.0,45205.0,45205.0,0,0,1,2025-09-28/2025-10-04,2870
685,-2196,MNK,MNKZ25,M30,2025-09-29 22:00:00,1759183200,45275.0,45280.0,45255.0,45255.0,0,0,10,2025-09-28/2025-10-04,2870
686,-2195,MNK,MNKZ25,M30,2025-09-29 23:00:00,1759186800,45280.0,45295.0,45280.0,45295.0,0,0,2,2025-09-28/2025-10-04,2870
687,-2194,MNK,MNKZ25,M30,2025-09-29 23:30:00,1759188600,45280.0,45280.0,45160.0,45160.0,0,0,13,2025-09-28/2025-10-04,2870
688,-2193,MNK,MNKZ25,M30,2025-09-30 00:00:00,1759190400,45210.0,45210.0,45085.0,45115.0,0,0,14,2025-09-28/2025-10-04,2870
689,-2192,MNK,MNKZ25,M30,2025-09-30 00:30:00,1759192200,45140.0,45140.0,45030.0,45030.0,0,0,9,2025-09-28/2025-10-04,2870
690,-2191,MNK,MNKZ25,M30,2025-09-30 01:00:00,1759194000,45010.0,45070.0,44930.0,45070.0,0,0,21,2025-09-28/2025-10-04,2870
691,-2190,MNK,MNKZ25,M30,2025-09-30 01:30:00,1759195800,45070.0,45145.0,45070.0,45120.0,0,0,24,2025-09-28/2025-10-04,2870
692,-2189,MNK,MNKZ25,M30,2025-09-30 02:00:00,1759197600,45125.0,45170.0,45125.0,45170.0,0,0,3,2025-09-28/2025-10-04,2870
693,-2188,MNK,MNKZ25,M30,2025-09-30 02:30:00,1759199400,45125.0,45125.0,45125.0,45125.0,0,0,1,2025-09-28/2025-10-04,2870
694,-2187,MNK,MNKZ25,M30,2025-09-30 03:00:00,1759201200,45125.0,45150.0,45100.0,45150.0,0,0,5,2025-09-28/2025-10-04,2870
695,-2186,MNK,MNKZ25,M30,2025-09-30 03:30:00,1759203000,45175.0,45245.0,45155.0,45200.0,0,0,46,2025-09-28/2025-10-04,2870
696,-2185,MNK,MNKZ25,M30,2025-09-30 04:00:00,1759204800,45220.0,45220.0,45195.0,45195.0,0,0,5,2025-09-28/2025-10-04,2870
697,-2184,MNK,MNKZ25,M30,2025-09-30 06:00:00,1759212000,45095.0,45110.0,45090.0,45100.0,0,0,13,2025-09-28/2025-10-04,2870
698,-2183,MNK,MNKZ25,M30,2025-09-30 06:30:00,1759213800,45040.0,45040.0,45000.0,45000.0,0,0,12,2025-09-28/2025-10-04,2870
699,-2182,MNK,MNKZ25,M30,2025-09-30 07:00:00,1759215600,44990.0,44995.0,44920.0,44995.0,0,0,15,2025-09-28/2025-10-04,2870
700,-2181,MNK,MNKZ25,M30,2025-09-30 07:30:00,1759217400,44910.0,44930.0,44900.0,44925.0,0,0,13,2025-09-28/2025-10-04,2870
701,-2180,MNK,MNKZ25,M30,2025-09-30 08:00:00,1759219200,44935.0,44935.0,44730.0,44790.0,0,0,29,2025-09-28/2025-10-04,2870
702,-2179,MNK,MNKZ25,M30,2025-09-30 09:00:00,1759222800,44800.0,44800.0,44800.0,44800.0,0,0,1,2025-09-28/2025-10-04,2870
703,-2178,MNK,MNKZ25,M30,2025-09-30 09:30:00,1759224600,44810.0,44810.0,44810.0,44810.0,0,0,4,2025-09-28/2025-10-04,2870
704,-2177,MNK,MNKZ25,M30,2025-09-30 10:00:00,1759226400,44800.0,44800.0,44800.0,44800.0,0,0,3,2025-09-28/2025-10-04,2870
705,-2176,MNK,MNKZ25,M30,2025-09-30 11:30:00,1759231800,44820.0,44820.0,44815.0,44815.0,0,0,2,2025-09-28/2025-10-04,2870
706,-2175,MNK,MNKZ25,M30,2025-09-30 12:00:00,1759233600,44790.0,44790.0,44790.0,44790.0,0,0,4,2025-09-28/2025-10-04,2870
707,-2174,MNK,MNKZ25,M30,2025-09-30 12:30:00,1759235400,44830.0,44830.0,44830.0,44830.0,0,0,4,2025-09-28/2025-10-04,2870
708,-2173,MNK,MNKZ25,M30,2025-09-30 13:00:00,1759237200,44810.0,44810.0,44810.0,44810.0,0,0,1,2025-09-28/2025-10-04,2870
709,-2172,MNK,MNKZ25,M30,2025-09-30 13:30:00,1759239000,44765.0,44830.0,44720.0,44720.0,0,0,36,2025-09-28/2025-10-04,2870
710,-2171,MNK,MNKZ25,M30,2025-09-30 14:00:00,1759240800,44855.0,44855.0,44725.0,44735.0,0,0,10,2025-09-28/2025-10-04,2870
711,-2170,MNK,MNKZ25,M30,2025-09-30 14:30:00,1759242600,44780.0,44815.0,44780.0,44815.0,0,0,21,2025-09-28/2025-10-04,2870
712,-2169,MNK,MNKZ25,M30,2025-09-30 15:00:00,1759244400,44875.0,44875.0,44850.0,44850.0,0,0,3,2025-09-28/2025-10-04,2870
713,-2168,MNK,MNKZ25,M30,2025-09-30 15:30:00,1759246200,44820.0,44885.0,44820.0,44885.0,0,0,3,2025-09-28/2025-10-04,2870
714,-2167,MNK,MNKZ25,M30,2025-09-30 16:00:00,1759248000,44855.0,44930.0,44855.0,44930.0,0,0,8,2025-09-28/2025-10-04,2870
715,-2166,MNK,MNKZ25,M30,2025-09-30 16:30:00,1759249800,44915.0,44915.0,44915.0,44915.0,0,0,3,2025-09-28/2025-10-04,2870
716,-2165,MNK,MNKZ25,M30,2025-09-30 18:00:00,1759255200,44825.0,44865.0,44825.0,44865.0,0,0,12,2025-09-28/2025-10-04,2870
717,-2164,MNK,MNKZ25,M30,2025-09-30 18:30:00,1759257000,44890.0,44890.0,44890.0,44890.0,0,0,1,2025-09-28/2025-10-04,2870
718,-2163,MNK,MNKZ25,M30,2025-09-30 19:00:00,1759258800,44915.0,44925.0,44915.0,44925.0,0,0,13,2025-09-28/2025-10-04,2870
719,-2162,MNK,MNKZ25,M30,2025-09-30 19:30:00,1759260600,44935.0,44960.0,44935.0,44945.0,0,0,8,2025-09-28/2025-10-04,2870
720,-2161,MNK,MNKZ25,M30,2025-09-30 20:00:00,1759262400,44940.0,44940.0,44915.0,44915.0,0,0,2,2025-09-28/2025-10-04,2870
721,-2160,MNK,MNKZ25,M30,2025-09-30 22:00:00,1759269600,45025.0,45025.0,44970.0,45015.0,0,0,13,2025-09-28/2025-10-04,2870
722,-2159,MNK,MNKZ25,M30,2025-09-30 22:30:00,1759271400,45035.0,45035.0,44995.0,45010.0,0,0,26,2025-09-28/2025-10-04,2870
723,-2158,MNK,MNKZ25,M30,2025-09-30 23:00:00,1759273200,45025.0,45025.0,44995.0,45010.0,0,0,7,2025-09-28/2025-10-04,2870
724,-2157,MNK,MNKZ25,M30,2025-09-30 23:30:00,1759275000,44990.0,44990.0,44915.0,44915.0,0,0,9,2025-09-28/2025-10-04,2870
725,-2156,MNK,MNKZ25,M30,2025-10-01 00:00:00,1759276800,44970.0,45015.0,44615.0,44710.0,0,0,37,2025-09-28/2025-10-04,2870
726,-2155,MNK,MNKZ25,M30,2025-10-01 00:30:00,1759278600,44715.0,44880.0,44715.0,44790.0,0,0,62,2025-09-28/2025-10-04,2870
727,-2154,MNK,MNKZ25,M30,2025-10-01 01:00:00,1759280400,44775.0,44865.0,44645.0,44670.0,0,0,25,2025-09-28/2025-10-04,2870
728,-2153,MNK,MNKZ25,M30,2025-10-01 01:30:00,1759282200,44685.0,44715.0,44555.0,44555.0,0,0,39,2025-09-28/2025-10-04,2870
729,-2152,MNK,MNKZ25,M30,2025-10-01 02:00:00,1759284000,44560.0,44610.0,44510.0,44565.0,0,0,50,2025-09-28/2025-10-04,2870
730,-2151,MNK,MNKZ25,M30,2025-10-01 03:00:00,1759287600,44525.0,44555.0,44520.0,44555.0,0,0,4,2025-09-28/2025-10-04,2870
731,-2150,MNK,MNKZ25,M30,2025-10-01 03:30:00,1759289400,44565.0,44640.0,44505.0,44630.0,0,0,29,2025-09-28/2025-10-04,2870
732,-2149,MNK,MNKZ25,M30,2025-10-01 04:00:00,1759291200,44620.0,44715.0,44620.0,44715.0,0,0,58,2025-09-28/2025-10-04,2870
733,-2148,MNK,MNKZ25,M30,2025-10-01 04:30:00,1759293000,44725.0,44725.0,44625.0,44625.0,0,0,28,2025-09-28/2025-10-04,2870
734,-2147,MNK,MNKZ25,M30,2025-10-01 05:00:00,1759294800,44655.0,44705.0,44630.0,44645.0,0,0,6,2025-09-28/2025-10-04,2870
735,-2146,MNK,MNKZ25,M30,2025-10-01 05:30:00,1759296600,44620.0,44770.0,44620.0,44730.0,0,0,33,2025-09-28/2025-10-04,2870
736,-2145,MNK,MNKZ25,M30,2025-10-01 06:00:00,1759298400,44745.0,44795.0,44710.0,44755.0,0,0,41,2025-09-28/2025-10-04,2870
737,-2144,MNK,MNKZ25,M30,2025-10-01 06:30:00,1759300200,44660.0,44660.0,44500.0,44500.0,0,0,4,2025-09-28/2025-10-04,2870
738,-2143,MNK,MNKZ25,M30,2025-10-01 07:00:00,1759302000,44530.0,44535.0,44460.0,44460.0,0,0,40,2025-09-28/2025-10-04,2870
739,-2142,MNK,MNKZ25,M30,2025-10-01 07:30:00,1759303800,44500.0,44565.0,44500.0,44525.0,0,0,23,2025-09-28/2025-10-04,2870
740,-2141,MNK,MNKZ25,M30,2025-10-01 08:00:00,1759305600,44530.0,44535.0,44475.0,44480.0,0,0,15,2025-09-28/2025-10-04,2870
741,-2140,MNK,MNKZ25,M30,2025-10-01 08:30:00,1759307400,44560.0,44655.0,44560.0,44655.0,0,0,8,2025-09-28/2025-10-04,2870
742,-2139,MNK,MNKZ25,M30,2025-10-01 09:00:00,1759309200,44660.0,44765.0,44660.0,44765.0,0,0,29,2025-09-28/2025-10-04,2870
743,-2138,MNK,MNKZ25,M30,2025-10-01 09:30:00,1759311000,44740.0,44740.0,44710.0,44710.0,0,0,2,2025-09-28/2025-10-04,2870
744,-2137,MNK,MNKZ25,M30,2025-10-01 10:30:00,1759314600,44725.0,44725.0,44700.0,44705.0,0,0,5,2025-09-28/2025-10-04,2870
745,-2136,MNK,MNKZ25,M30,2025-10-01 11:00:00,1759316400,44740.0,44740.0,44740.0,44740.0,0,0,1,2025-09-28/2025-10-04,2870
746,-2135,MNK,MNKZ25,M30,2025-10-01 11:30:00,1759318200,44770.0,44820.0,44770.0,44820.0,0,0,4,2025-09-28/2025-10-04,2870
747,-2134,MNK,MNKZ25,M30,2025-10-01 12:00:00,1759320000,44815.0,44830.0,44760.0,44770.0,0,0,6,2025-09-28/2025-10-04,2870
748,-2133,MNK,MNKZ25,M30,2025-10-01 12:30:00,1759321800,44775.0,44800.0,44775.0,44795.0,0,0,5,2025-09-28/2025-10-04,2870
749,-2132,MNK,MNKZ25,M30,2025-10-01 13:00:00,1759323600,44800.0,44805.0,44800.0,44805.0,0,0,2,2025-09-28/2025-10-04,2870
750,-2131,MNK,MNKZ25,M30,2025-10-01 13:30:00,1759325400,44870.0,44915.0,44820.0,44850.0,0,0,36,2025-09-28/2025-10-04,2870
751,-2130,MNK,MNKZ25,M30,2025-10-01 14:00:00,1759327200,44855.0,44940.0,44855.0,44940.0,0,0,9,2025-09-28/2025-10-04,2870
752,-2129,MNK,MNKZ25,M30,2025-10-01 14:30:00,1759329000,44920.0,44925.0,44835.0,44835.0,0,0,3,2025-09-28/2025-10-04,2870
753,-2128,MNK,MNKZ25,M30,2025-10-01 16:00:00,1759334400,44885.0,44905.0,44885.0,44905.0,0,0,4,2025-09-28/2025-10-04,2870
754,-2127,MNK,MNKZ25,M30,2025-10-01 17:00:00,1759338000,44865.0,44880.0,44865.0,44880.0,0,0,11,2025-09-28/2025-10-04,2870
755,-2126,MNK,MNKZ25,M30,2025-10-01 17:30:00,1759339800,44870.0,44875.0,44860.0,44875.0,0,0,3,2025-09-28/2025-10-04,2870
756,-2125,MNK,MNKZ25,M30,2025-10-01 19:30:00,1759347000,44925.0,44925.0,44920.0,44920.0,0,0,2,2025-09-28/2025-10-04,2870
757,-2124,MNK,MNKZ25,M30,2025-10-01 20:00:00,1759348800,44915.0,44915.0,44890.0,44905.0,0,0,4,2025-09-28/2025-10-04,2870
758,-2123,MNK,MNKZ25,M30,2025-10-01 20:30:00,1759350600,44905.0,44915.0,44895.0,44895.0,0,0,14,2025-09-28/2025-10-04,2870
759,-2122,MNK,MNKZ25,M30,2025-10-01 22:00:00,1759356000,44935.0,44935.0,44935.0,44935.0,0,0,1,2025-09-28/2025-10-04,2870
760,-2121,MNK,MNKZ25,M30,2025-10-01 22:30:00,1759357800,44930.0,44935.0,44930.0,44935.0,0,0,2,2025-09-28/2025-10-04,2870
761,-2120,MNK,MNKZ25,M30,2025-10-01 23:30:00,1759361400,44950.0,45040.0,44915.0,45030.0,0,0,35,2025-09-28/2025-10-04,2870
762,-2119,MNK,MNKZ25,M30,2025-10-02 00:00:00,1759363200,45045.0,45270.0,45045.0,45050.0,0,0,89,2025-09-28/2025-10-04,2870
763,-2118,MNK,MNKZ25,M30,2025-10-02 00:30:00,1759365000,45015.0,45015.0,44855.0,44890.0,0,0,50,2025-09-28/2025-10-04,2870
764,-2117,MNK,MNKZ25,M30,2025-10-02 01:00:00,1759366800,44825.0,44985.0,44825.0,44905.0,0,0,45,2025-09-28/2025-10-04,2870
765,-2116,MNK,MNKZ25,M30,2025-10-02 01:30:00,1759368600,44930.0,44985.0,44905.0,44980.0,0,0,17,2025-09-28/2025-10-04,2870
766,-2115,MNK,MNKZ25,M30,2025-10-02 02:00:00,1759370400,44855.0,44855.0,44855.0,44855.0,0,0,4,2025-09-28/2025-10-04,2870
767,-2114,MNK,MNKZ25,M30,2025-10-02 02:30:00,1759372200,44840.0,44895.0,44825.0,44895.0,0,0,11,2025-09-28/2025-10-04,2870
768,-2113,MNK,MNKZ25,M30,2025-10-02 03:00:00,1759374000,44875.0,44880.0,44875.0,44880.0,0,0,8,2025-09-28/2025-10-04,2870
769,-2112,MNK,MNKZ25,M30,2025-10-02 03:30:00,1759375800,44875.0,45055.0,44875.0,45035.0,0,0,52,2025-09-28/2025-10-04,2870
770,-2111,MNK,MNKZ25,M30,2025-10-02 04:00:00,1759377600,45040.0,45075.0,45025.0,45045.0,0,0,48,2025-09-28/2025-10-04,2870
771,-2110,MNK,MNKZ25,M30,2025-10-02 04:30:00,1759379400,45085.0,45170.0,45085.0,45120.0,0,0,39,2025-09-28/2025-10-04,2870
772,-2109,MNK,MNKZ25,M30,2025-10-02 05:00:00,1759381200,45165.0,45235.0,45140.0,45150.0,0,0,17,2025-09-28/2025-10-04,2870
773,-2108,MNK,MNKZ25,M30,2025-10-02 05:30:00,1759383000,45190.0,45220.0,45175.0,45215.0,0,0,8,2025-09-28/2025-10-04,2870
774,-2107,MNK,MNKZ25,M30,2025-10-02 06:00:00,1759384800,45170.0,45170.0,45090.0,45110.0,1,0,6,2025-09-28/2025-10-04,2870
775,-2106,MNK,MNKZ25,M30,2025-10-02 06:30:00,1759386600,45110.0,45165.0,45090.0,45120.0,0,0,15,2025-09-28/2025-10-04,2870
776,-2105,MNK,MNKZ25,M30,2025-10-02 07:00:00,1759388400,45100.0,45120.0,45075.0,45100.0,0,0,37,2025-09-28/2025-10-04,2870
777,-2104,MNK,MNKZ25,M30,2025-10-02 07:30:00,1759390200,45110.0,45120.0,45110.0,45115.0,0,0,3,2025-09-28/2025-10-04,2870
778,-2103,MNK,MNKZ25,M30,2025-10-02 08:00:00,1759392000,45100.0,45100.0,45100.0,45100.0,0,0,3,2025-09-28/2025-10-04,2870
779,-2102,MNK,MNKZ25,M30,2025-10-02 08:30:00,1759393800,45090.0,45110.0,45090.0,45110.0,0,0,8,2025-09-28/2025-10-04,2870
780,-2101,MNK,MNKZ25,M30,2025-10-02 09:00:00,1759395600,45080.0,45080.0,45075.0,45075.0,0,0,2,2025-09-28/2025-10-04,2870
781,-2100,MNK,MNKZ25,M30,2025-10-02 09:30:00,1759397400,45060.0,45060.0,45025.0,45060.0,0,0,8,2025-09-28/2025-10-04,2870
782,-2099,MNK,MNKZ25,M30,2025-10-02 10:00:00,1759399200,45105.0,45105.0,45105.0,45105.0,0,0,10,2025-09-28/2025-10-04,2870
783,-2098,MNK,MNKZ25,M30,2025-10-02 10:30:00,1759401000,45150.0,45150.0,45140.0,45140.0,0,0,2,2025-09-28/2025-10-04,2870
784,-2097,MNK,MNKZ25,M30,2025-10-02 11:00:00,1759402800,45150.0,45195.0,45150.0,45195.0,0,0,2,2025-09-28/2025-10-04,2870
785,-2096,MNK,MNKZ25,M30,2025-10-02 11:30:00,1759404600,45180.0,45220.0,45180.0,45215.0,0,0,20,2025-09-28/2025-10-04,2870
786,-2095,MNK,MNKZ25,M30,2025-10-02 12:00:00,1759406400,45195.0,45195.0,45195.0,45195.0,0,0,1,2025-09-28/2025-10-04,2870
787,-2094,MNK,MNKZ25,M30,2025-10-02 12:30:00,1759408200,45260.0,45300.0,45260.0,45280.0,0,0,6,2025-09-28/2025-10-04,2870
788,-2093,MNK,MNKZ25,M30,2025-10-02 13:00:00,1759410000,45240.0,45240.0,45240.0,45240.0,0,0,1,2025-09-28/2025-10-04,2870
789,-2092,MNK,MNKZ25,M30,2025-10-02 13:30:00,1759411800,45310.0,45310.0,45230.0,45230.0,0,0,14,2025-09-28/2025-10-04,2870
790,-2091,MNK,MNKZ25,M30,2025-10-02 14:00:00,1759413600,45230.0,45230.0,45135.0,45175.0,0,0,16,2025-09-28/2025-10-04,2870
791,-2090,MNK,MNKZ25,M30,2025-10-02 14:30:00,1759415400,45150.0,45185.0,45045.0,45045.0,0,0,5,2025-09-28/2025-10-04,2870
792,-2089,MNK,MNKZ25,M30,2025-10-02 15:00:00,1759417200,45050.0,45100.0,45050.0,45095.0,0,0,4,2025-09-28/2025-10-04,2870
793,-2088,MNK,MNKZ25,M30,2025-10-02 15:30:00,1759419000,45110.0,45125.0,45070.0,45125.0,0,0,14,2025-09-28/2025-10-04,2870
794,-2087,MNK,MNKZ25,M30,2025-10-02 16:00:00,1759420800,45160.0,45160.0,45140.0,45145.0,0,0,3,2025-09-28/2025-10-04,2870
795,-2086,MNK,MNKZ25,M30,2025-10-02 16:30:00,1759422600,45150.0,45160.0,45150.0,45160.0,0,0,2,2025-09-28/2025-10-04,2870
796,-2085,MNK,MNKZ25,M30,2025-10-02 17:00:00,1759424400,45120.0,45120.0,45120.0,45120.0,0,0,1,2025-09-28/2025-10-04,2870
797,-2084,MNK,MNKZ25,M30,2025-10-02 17:30:00,1759426200,45105.0,45105.0,45095.0,45095.0,0,0,3,2025-09-28/2025-10-04,2870
798,-2083,MNK,MNKZ25,M30,2025-10-02 18:00:00,1759428000,45135.0,45140.0,45135.0,45140.0,0,0,5,2025-09-28/2025-10-04,2870
799,-2082,MNK,MNKZ25,M30,2025-10-02 19:00:00,1759431600,45170.0,45190.0,45170.0,45190.0,0,0,4,2025-09-28/2025-10-04,2870
800,-2081,MNK,MNKZ25,M30,2025-10-02 19:30:00,1759433400,45190.0,45190.0,45160.0,45170.0,0,0,9,2025-09-28/2025-10-04,2870
801,-2080,MNK,MNKZ25,M30,2025-10-02 20:00:00,1759435200,45175.0,45175.0,45160.0,45160.0,0,0,1,2025-09-28/2025-10-04,2870
802,-2079,MNK,MNKZ25,M30,2025-10-02 20:30:00,1759437000,45155.0,45155.0,45135.0,45135.0,0,0,4,2025-09-28/2025-10-04,2870
803,-2078,MNK,MNKZ25,M30,2025-10-02 22:00:00,1759442400,45175.0,45175.0,45175.0,45175.0,0,0,1,2025-09-28/2025-10-04,2870
804,-2077,MNK,MNKZ25,M30,2025-10-02 22:30:00,1759444200,45080.0,45090.0,45075.0,45090.0,0,0,5,2025-09-28/2025-10-04,2870
805,-2076,MNK,MNKZ25,M30,2025-10-02 23:00:00,1759446000,45035.0,45075.0,45035.0,45075.0,0,0,4,2025-09-28/2025-10-04,2870
806,-2075,MNK,MNKZ25,M30,2025-10-02 23:30:00,1759447800,45080.0,45130.0,45080.0,45130.0,0,0,6,2025-09-28/2025-10-04,2870
807,-2074,MNK,MNKZ25,M30,2025-10-03 00:00:00,1759449600,45240.0,45435.0,45230.0,45435.0,0,0,53,2025-09-28/2025-10-04,2870
808,-2073,MNK,MNKZ25,M30,2025-10-03 00:30:00,1759451400,45435.0,45725.0,45435.0,45715.0,0,0,93,2025-09-28/2025-10-04,2870
809,-2072,MNK,MNKZ25,M30,2025-10-03 01:00:00,1759453200,45720.0,45860.0,45670.0,45750.0,0,0,59,2025-09-28/2025-10-04,2870
810,-2071,MNK,MNKZ25,M30,2025-10-03 01:30:00,1759455000,45755.0,45815.0,45740.0,45775.0,0,0,43,2025-09-28/2025-10-04,2870
811,-2070,MNK,MNKZ25,M30,2025-10-03 02:00:00,1759456800,45790.0,45790.0,45790.0,45790.0,0,0,6,2025-09-28/2025-10-04,2870
812,-2069,MNK,MNKZ25,M30,2025-10-03 02:30:00,1759458600,45730.0,45740.0,45695.0,45695.0,0,0,4,2025-09-28/2025-10-04,2870
813,-2068,MNK,MNKZ25,M30,2025-10-03 03:30:00,1759462200,45755.0,45755.0,45755.0,45755.0,0,0,2,2025-09-28/2025-10-04,2870
814,-2067,MNK,MNKZ25,M30,2025-10-03 04:00:00,1759464000,45755.0,45800.0,45735.0,45800.0,0,0,4,2025-09-28/2025-10-04,2870
815,-2066,MNK,MNKZ25,M30,2025-10-03 04:30:00,1759465800,45775.0,45780.0,45775.0,45780.0,0,0,6,2025-09-28/2025-10-04,2870
816,-2065,MNK,MNKZ25,M30,2025-10-03 05:00:00,1759467600,45790.0,45825.0,45790.0,45815.0,0,0,34,2025-09-28/2025-10-04,2870
817,-2064,MNK,MNKZ25,M30,2025-10-03 05:30:00,1759469400,45850.0,45900.0,45845.0,45870.0,0,0,19,2025-09-28/2025-10-04,2870
818,-2063,MNK,MNKZ25,M30,2025-10-03 06:00:00,1759471200,45900.0,45900.0,45900.0,45900.0,0,0,1,2025-09-28/2025-10-04,2870
819,-2062,MNK,MNKZ25,M30,2025-10-03 06:30:00,1759473000,45945.0,46030.0,45945.0,46005.0,0,0,22,2025-09-28/2025-10-04,2870
820,-2061,MNK,MNKZ25,M30,2025-10-03 07:00:00,1759474800,46050.0,46120.0,46050.0,46090.0,0,0,23,2025-09-28/2025-10-04,2870
821,-2060,MNK,MNKZ25,M30,2025-10-03 07:30:00,1759476600,46075.0,46075.0,46050.0,46050.0,0,0,2,2025-09-28/2025-10-04,2870
822,-2059,MNK,MNKZ25,M30,2025-10-03 08:00:00,1759478400,46125.0,46130.0,46095.0,46095.0,0,0,11,2025-09-28/2025-10-04,2870
823,-2058,MNK,MNKZ25,M30,2025-10-03 08:30:00,1759480200,46060.0,46090.0,46035.0,46090.0,0,0,7,2025-09-28/2025-10-04,2870
824,-2057,MNK,MNKZ25,M30,2025-10-03 09:00:00,1759482000,46120.0,46120.0,46120.0,46120.0,0,0,1,2025-09-28/2025-10-04,2870
825,-2056,MNK,MNKZ25,M30,2025-10-03 09:30:00,1759483800,46165.0,46215.0,46165.0,46215.0,0,0,4,2025-09-28/2025-10-04,2870
826,-2055,MNK,MNKZ25,M30,2025-10-03 10:00:00,1759485600,46195.0,46220.0,46195.0,46220.0,0,0,5,2025-09-28/2025-10-04,2870
827,-2054,MNK,MNKZ25,M30,2025-10-03 10:30:00,1759487400,46185.0,46185.0,46165.0,46165.0,0,0,8,2025-09-28/2025-10-04,2870
828,-2053,MNK,MNKZ25,M30,2025-10-03 11:00:00,1759489200,46130.0,46145.0,46125.0,46125.0,0,0,7,2025-09-28/2025-10-04,2870
829,-2052,MNK,MNKZ25,M30,2025-10-03 11:30:00,1759491000,46075.0,46110.0,46055.0,46085.0,0,0,7,2025-09-28/2025-10-04,2870
830,-2051,MNK,MNKZ25,M30,2025-10-03 12:00:00,1759492800,46065.0,46065.0,46030.0,46030.0,0,0,7,2025-09-28/2025-10-04,2870
831,-2050,MNK,MNKZ25,M30,2025-10-03 12:30:00,1759494600,46060.0,46060.0,46030.0,46030.0,0,0,3,2025-09-28/2025-10-04,2870
832,-2049,MNK,MNKZ25,M30,2025-10-03 13:00:00,1759496400,46065.0,46070.0,46065.0,46070.0,0,0,5,2025-09-28/2025-10-04,2870
833,-2048,MNK,MNKZ25,M30,2025-10-03 13:30:00,1759498200,46055.0,46200.0,46055.0,46180.0,0,0,69,2025-09-28/2025-10-04,2870
834,-2047,MNK,MNKZ25,M30,2025-10-03 14:00:00,1759500000,46125.0,46265.0,46110.0,46265.0,0,0,15,2025-09-28/2025-10-04,2870
835,-2046,MNK,MNKZ25,M30,2025-10-03 14:30:00,1759501800,46270.0,46290.0,46230.0,46245.0,0,0,53,2025-09-28/2025-10-04,2870
836,-2045,MNK,MNKZ25,M30,2025-10-03 15:00:00,1759503600,46175.0,46240.0,46175.0,46235.0,0,0,15,2025-09-28/2025-10-04,2870
837,-2044,MNK,MNKZ25,M30,2025-10-03 15:30:00,1759505400,46235.0,46275.0,46215.0,46260.0,0,0,13,2025-09-28/2025-10-04,2870
838,-2043,MNK,MNKZ25,M30,2025-10-03 16:00:00,1759507200,46255.0,46270.0,46250.0,46260.0,0,0,4,2025-09-28/2025-10-04,2870
839,-2042,MNK,MNKZ25,M30,2025-10-03 17:00:00,1759510800,46245.0,46245.0,46115.0,46155.0,0,0,7,2025-09-28/2025-10-04,2870
840,-2041,MNK,MNKZ25,M30,2025-10-03 17:30:00,1759512600,46175.0,46175.0,46000.0,46045.0,0,0,14,2025-09-28/2025-10-04,2870
841,-2040,MNK,MNKZ25,M30,2025-10-03 18:00:00,1759514400,46055.0,46105.0,46055.0,46105.0,0,0,8,2025-09-28/2025-10-04,2870
842,-2039,MNK,MNKZ25,M30,2025-10-03 18:30:00,1759516200,46120.0,46130.0,46080.0,46130.0,0,0,80,2025-09-28/2025-10-04,2870
843,-2038,MNK,MNKZ25,M30,2025-10-03 19:00:00,1759518000,46135.0,46145.0,46105.0,46105.0,0,0,34,2025-09-28/2025-10-04,2870
844,-2037,MNK,MNKZ25,M30,2025-10-03 19:30:00,1759519800,46130.0,46130.0,46080.0,46100.0,0,0,18,2025-09-28/2025-10-04,2870
845,-2036,MNK,MNKZ25,M30,2025-10-03 20:00:00,1759521600,46100.0,46125.0,46090.0,46120.0,0,0,27,2025-09-28/2025-10-04,2870
846,-2035,MNK,MNKZ25,M30,2025-10-03 20:30:00,1759523400,46130.0,46150.0,46125.0,46150.0,0,0,14,2025-09-28/2025-10-04,2870
847,-2034,MNK,MNKZ25,M30,2025-10-05 22:00:00,1759701600,46155.0,48670.0,46155.0,48100.0,0,0,140,2025-10-05/2025-10-11,5056
848,-2033,MNK,MNKZ25,M30,2025-10-05 22:30:00,1759703400,48170.0,48220.0,48025.0,48220.0,0,0,26,2025-10-05/2025-10-11,5056
849,-2032,MNK,MNKZ25,M30,2025-10-05 23:00:00,1759705200,48230.0,48265.0,48000.0,48015.0,0,0,69,2025-10-05/2025-10-11,5056
850,-2031,MNK,MNKZ25,M30,2025-10-05 23:30:00,1759707000,48085.0,48610.0,47765.0,47765.0,0,0,59,2025-10-05/2025-10-11,5056
851,-2030,MNK,MNKZ25,M30,2025-10-06 00:00:00,1759708800,47710.0,47945.0,47480.0,47655.0,0,0,81,2025-10-05/2025-10-11,5056
852,-2029,MNK,MNKZ25,M30,2025-10-06 00:30:00,1759710600,47665.0,47850.0,47620.0,47805.0,0,0,68,2025-10-05/2025-10-11,5056
853,-2028,MNK,MNKZ25,M30,2025-10-06 01:00:00,1759712400,47785.0,47895.0,47700.0,47795.0,0,0,45,2025-10-05/2025-10-11,5056
854,-2027,MNK,MNKZ25,M30,2025-10-06 01:30:00,1759714200,47810.0,48025.0,47810.0,47865.0,0,0,93,2025-10-05/2025-10-11,5056
855,-2026,MNK,MNKZ25,M30,2025-10-06 02:00:00,1759716000,47910.0,48000.0,47900.0,47975.0,0,0,21,2025-10-05/2025-10-11,5056
856,-2025,MNK,MNKZ25,M30,2025-10-06 02:30:00,1759717800,48020.0,48090.0,47980.0,47980.0,0,0,14,2025-10-05/2025-10-11,5056
857,-2024,MNK,MNKZ25,M30,2025-10-06 03:00:00,1759719600,47975.0,48025.0,47960.0,47975.0,0,0,11,2025-10-05/2025-10-11,5056
858,-2023,MNK,MNKZ25,M30,2025-10-06 03:30:00,1759721400,48015.0,48110.0,47950.0,48010.0,0,0,40,2025-10-05/2025-10-11,5056
859,-2022,MNK,MNKZ25,M30,2025-10-06 04:00:00,1759723200,47920.0,47920.0,47745.0,47900.0,0,0,68,2025-10-05/2025-10-11,5056
860,-2021,MNK,MNKZ25,M30,2025-10-06 04:30:00,1759725000,47925.0,48090.0,47925.0,48090.0,0,0,21,2025-10-05/2025-10-11,5056
861,-2020,MNK,MNKZ25,M30,2025-10-06 05:00:00,1759726800,48085.0,48200.0,48085.0,48200.0,0,0,37,2025-10-05/2025-10-11,5056
862,-2019,MNK,MNKZ25,M30,2025-10-06 05:30:00,1759728600,48195.0,48275.0,48190.0,48210.0,0,0,54,2025-10-05/2025-10-11,5056
863,-2018,MNK,MNKZ25,M30,2025-10-06 06:00:00,1759730400,48180.0,48200.0,48110.0,48110.0,0,0,31,2025-10-05/2025-10-11,5056
864,-2017,MNK,MNKZ25,M30,2025-10-06 06:30:00,1759732200,48160.0,48285.0,48160.0,48275.0,0,0,27,2025-10-05/2025-10-11,5056
865,-2016,MNK,MNKZ25,M30,2025-10-06 07:00:00,1759734000,48260.0,48300.0,48240.0,48255.0,0,0,27,2025-10-05/2025-10-11,5056
866,-2015,MNK,MNKZ25,M30,2025-10-06 07:30:00,1759735800,48225.0,48250.0,48125.0,48250.0,0,0,27,2025-10-05/2025-10-11,5056
867,-2014,MNK,MNKZ25,M30,2025-10-06 08:00:00,1759737600,48300.0,48385.0,48170.0,48170.0,0,0,36,2025-10-05/2025-10-11,5056
868,-2013,MNK,MNKZ25,M30,2025-10-06 08:30:00,1759739400,48230.0,48270.0,48230.0,48255.0,0,0,15,2025-10-05/2025-10-11,5056
869,-2012,MNK,MNKZ25,M30,2025-10-06 09:00:00,1759741200,48305.0,48305.0,48245.0,48305.0,0,0,23,2025-10-05/2025-10-11,5056
870,-2011,MNK,MNKZ25,M30,2025-10-06 09:30:00,1759743000,48340.0,48340.0,48340.0,48340.0,0,0,1,2025-10-05/2025-10-11,5056
871,-2010,MNK,MNKZ25,M30,2025-10-06 10:00:00,1759744800,48420.0,48430.0,48370.0,48380.0,0,0,10,2025-10-05/2025-10-11,5056
872,-2009,MNK,MNKZ25,M30,2025-10-06 10:30:00,1759746600,48365.0,48420.0,48330.0,48420.0,0,0,13,2025-10-05/2025-10-11,5056
873,-2008,MNK,MNKZ25,M30,2025-10-06 11:00:00,1759748400,48410.0,48455.0,48385.0,48430.0,0,0,16,2025-10-05/2025-10-11,5056
874,-2007,MNK,MNKZ25,M30,2025-10-06 11:30:00,1759750200,48435.0,48550.0,48435.0,48550.0,0,0,8,2025-10-05/2025-10-11,5056
875,-2006,MNK,MNKZ25,M30,2025-10-06 12:00:00,1759752000,48600.0,48600.0,48395.0,48550.0,0,0,52,2025-10-05/2025-10-11,5056
876,-2005,MNK,MNKZ25,M30,2025-10-06 12:30:00,1759753800,48530.0,48530.0,48480.0,48515.0,0,0,32,2025-10-05/2025-10-11,5056
877,-2004,MNK,MNKZ25,M30,2025-10-06 13:00:00,1759755600,48480.0,48490.0,48455.0,48475.0,0,0,70,2025-10-05/2025-10-11,5056
878,-2003,MNK,MNKZ25,M30,2025-10-06 13:30:00,1759757400,48545.0,48630.0,48490.0,48505.0,0,0,75,2025-10-05/2025-10-11,5056
879,-2002,MNK,MNKZ25,M30,2025-10-06 14:00:00,1759759200,48490.0,48615.0,48465.0,48615.0,0,0,43,2025-10-05/2025-10-11,5056
880,-2001,MNK,MNKZ25,M30,2025-10-06 14:30:00,1759761000,48605.0,48690.0,48565.0,48675.0,0,0,32,2025-10-05/2025-10-11,5056
881,-2000,MNK,MNKZ25,M30,2025-10-06 15:00:00,1759762800,48695.0,48740.0,48670.0,48730.0,0,0,32,2025-10-05/2025-10-11,5056
882,-1999,MNK,MNKZ25,M30,2025-10-06 15:30:00,1759764600,48735.0,48780.0,48715.0,48730.0,0,0,22,2025-10-05/2025-10-11,5056
883,-1998,MNK,MNKZ25,M30,2025-10-06 16:00:00,1759766400,48720.0,48775.0,48720.0,48770.0,0,0,44,2025-10-05/2025-10-11,5056
884,-1997,MNK,MNKZ25,M30,2025-10-06 16:30:00,1759768200,48745.0,48755.0,48740.0,48740.0,0,0,8,2025-10-05/2025-10-11,5056
885,-1996,MNK,MNKZ25,M30,2025-10-06 17:00:00,1759770000,48745.0,48815.0,48745.0,48780.0,0,0,24,2025-10-05/2025-10-11,5056
886,-1995,MNK,MNKZ25,M30,2025-10-06 17:30:00,1759771800,48760.0,48760.0,48710.0,48715.0,0,0,10,2025-10-05/2025-10-11,5056
887,-1994,MNK,MNKZ25,M30,2025-10-06 18:00:00,1759773600,48750.0,48775.0,48730.0,48740.0,0,0,6,2025-10-05/2025-10-11,5056
888,-1993,MNK,MNKZ25,M30,2025-10-06 18:30:00,1759775400,48730.0,48755.0,48710.0,48755.0,0,0,8,2025-10-05/2025-10-11,5056
889,-1992,MNK,MNKZ25,M30,2025-10-06 19:00:00,1759777200,48765.0,48775.0,48745.0,48770.0,0,0,11,2025-10-05/2025-10-11,5056
890,-1991,MNK,MNKZ25,M30,2025-10-06 19:30:00,1759779000,48710.0,48710.0,48670.0,48670.0,0,0,28,2025-10-05/2025-10-11,5056
891,-1990,MNK,MNKZ25,M30,2025-10-06 20:00:00,1759780800,48660.0,48665.0,48635.0,48645.0,0,0,10,2025-10-05/2025-10-11,5056
892,-1989,MNK,MNKZ25,M30,2025-10-06 20:30:00,1759782600,48675.0,48700.0,48660.0,48660.0,0,0,5,2025-10-05/2025-10-11,5056
893,-1988,MNK,MNKZ25,M30,2025-10-06 22:00:00,1759788000,48720.0,48765.0,48720.0,48755.0,0,0,7,2025-10-05/2025-10-11,5056
894,-1987,MNK,MNKZ25,M30,2025-10-06 22:30:00,1759789800,48725.0,48740.0,48695.0,48715.0,0,0,9,2025-10-05/2025-10-11,5056
895,-1986,MNK,MNKZ25,M30,2025-10-06 23:00:00,1759791600,48695.0,48695.0,48675.0,48680.0,0,0,4,2025-10-05/2025-10-11,5056
896,-1985,MNK,MNKZ25,M30,2025-10-06 23:30:00,1759793400,48560.0,48625.0,48500.0,48500.0,0,0,19,2025-10-05/2025-10-11,5056
897,-1984,MNK,MNKZ25,M30,2025-10-07 00:00:00,1759795200,48550.0,48635.0,48405.0,48430.0,0,0,26,2025-10-05/2025-10-11,5056
898,-1983,MNK,MNKZ25,M30,2025-10-07 00:30:00,1759797000,48400.0,48465.0,48190.0,48435.0,0,0,52,2025-10-05/2025-10-11,5056
899,-1982,MNK,MNKZ25,M30,2025-10-07 01:00:00,1759798800,48440.0,48530.0,48385.0,48505.0,0,0,55,2025-10-05/2025-10-11,5056
900,-1981,MNK,MNKZ25,M30,2025-10-07 01:30:00,1759800600,48510.0,48510.0,48325.0,48335.0,0,0,49,2025-10-05/2025-10-11,5056
901,-1980,MNK,MNKZ25,M30,2025-10-07 02:00:00,1759802400,48335.0,48440.0,48330.0,48425.0,0,0,33,2025-10-05/2025-10-11,5056
902,-1979,MNK,MNKZ25,M30,2025-10-07 02:30:00,1759804200,48430.0,48520.0,48380.0,48520.0,0,0,29,2025-10-05/2025-10-11,5056
903,-1978,MNK,MNKZ25,M30,2025-10-07 03:00:00,1759806000,48515.0,48525.0,48485.0,48485.0,0,0,9,2025-10-05/2025-10-11,5056
904,-1977,MNK,MNKZ25,M30,2025-10-07 03:30:00,1759807800,48475.0,48530.0,48395.0,48530.0,0,0,7,2025-10-05/2025-10-11,5056
905,-1976,MNK,MNKZ25,M30,2025-10-07 04:00:00,1759809600,48440.0,48480.0,48415.0,48415.0,0,0,5,2025-10-05/2025-10-11,5056
906,-1975,MNK,MNKZ25,M30,2025-10-07 04:30:00,1759811400,48300.0,48400.0,48300.0,48400.0,0,0,12,2025-10-05/2025-10-11,5056
907,-1974,MNK,MNKZ25,M30,2025-10-07 05:00:00,1759813200,48295.0,48315.0,48245.0,48285.0,0,0,16,2025-10-05/2025-10-11,5056
908,-1973,MNK,MNKZ25,M30,2025-10-07 05:30:00,1759815000,48220.0,48270.0,48130.0,48155.0,0,0,45,2025-10-05/2025-10-11,5056
909,-1972,MNK,MNKZ25,M30,2025-10-07 06:00:00,1759816800,48165.0,48180.0,48110.0,48155.0,0,0,20,2025-10-05/2025-10-11,5056
910,-1971,MNK,MNKZ25,M30,2025-10-07 06:30:00,1759818600,48185.0,48185.0,48005.0,48085.0,0,0,8,2025-10-05/2025-10-11,5056
911,-1970,MNK,MNKZ25,M30,2025-10-07 07:00:00,1759820400,48045.0,48125.0,48020.0,48125.0,0,0,15,2025-10-05/2025-10-11,5056
912,-1969,MNK,MNKZ25,M30,2025-10-07 07:30:00,1759822200,48135.0,48165.0,48110.0,48110.0,0,0,55,2025-10-05/2025-10-11,5056
913,-1968,MNK,MNKZ25,M30,2025-10-07 08:00:00,1759824000,48130.0,48130.0,48010.0,48010.0,0,0,27,2025-10-05/2025-10-11,5056
914,-1967,MNK,MNKZ25,M30,2025-10-07 08:30:00,1759825800,48000.0,48190.0,47995.0,48190.0,0,0,58,2025-10-05/2025-10-11,5056
915,-1966,MNK,MNKZ25,M30,2025-10-07 09:00:00,1759827600,48205.0,48205.0,48175.0,48175.0,0,0,16,2025-10-05/2025-10-11,5056
916,-1965,MNK,MNKZ25,M30,2025-10-07 09:30:00,1759829400,48185.0,48185.0,48165.0,48165.0,0,0,2,2025-10-05/2025-10-11,5056
917,-1964,MNK,MNKZ25,M30,2025-10-07 10:00:00,1759831200,48205.0,48205.0,48205.0,48205.0,0,0,2,2025-10-05/2025-10-11,5056
918,-1963,MNK,MNKZ25,M30,2025-10-07 10:30:00,1759833000,48205.0,48205.0,48160.0,48160.0,0,0,10,2025-10-05/2025-10-11,5056
919,-1962,MNK,MNKZ25,M30,2025-10-07 11:00:00,1759834800,48135.0,48150.0,48135.0,48150.0,0,0,39,2025-10-05/2025-10-11,5056
920,-1961,MNK,MNKZ25,M30,2025-10-07 11:30:00,1759836600,48170.0,48180.0,48160.0,48180.0,0,0,7,2025-10-05/2025-10-11,5056
921,-1960,MNK,MNKZ25,M30,2025-10-07 12:00:00,1759838400,48225.0,48250.0,48225.0,48240.0,0,0,15,2025-10-05/2025-10-11,5056
922,-1959,MNK,MNKZ25,M30,2025-10-07 12:30:00,1759840200,48240.0,48275.0,48240.0,48275.0,0,0,8,2025-10-05/2025-10-11,5056
923,-1958,MNK,MNKZ25,M30,2025-10-07 13:00:00,1759842000,48275.0,48280.0,48270.0,48270.0,0,0,11,2025-10-05/2025-10-11,5056
924,-1957,MNK,MNKZ25,M30,2025-10-07 13:30:00,1759843800,48275.0,48320.0,48255.0,48320.0,0,0,16,2025-10-05/2025-10-11,5056
925,-1956,MNK,MNKZ25,M30,2025-10-07 14:00:00,1759845600,48240.0,48260.0,48205.0,48245.0,0,0,12,2025-10-05/2025-10-11,5056
926,-1955,MNK,MNKZ25,M30,2025-10-07 14:30:00,1759847400,48270.0,48275.0,48175.0,48210.0,0,0,47,2025-10-05/2025-10-11,5056
927,-1954,MNK,MNKZ25,M30,2025-10-07 15:00:00,1759849200,48150.0,48155.0,47995.0,48060.0,0,0,91,2025-10-05/2025-10-11,5056
928,-1953,MNK,MNKZ25,M30,2025-10-07 15:30:00,1759851000,48045.0,48045.0,47920.0,47980.0,0,0,32,2025-10-05/2025-10-11,5056
929,-1952,MNK,MNKZ25,M30,2025-10-07 16:00:00,1759852800,48020.0,48035.0,47965.0,47965.0,0,0,18,2025-10-05/2025-10-11,5056
930,-1951,MNK,MNKZ25,M30,2025-10-07 16:30:00,1759854600,48025.0,48035.0,48025.0,48030.0,0,0,4,2025-10-05/2025-10-11,5056
931,-1950,MNK,MNKZ25,M30,2025-10-07 17:00:00,1759856400,48030.0,48100.0,48030.0,48055.0,0,0,25,2025-10-05/2025-10-11,5056
932,-1949,MNK,MNKZ25,M30,2025-10-07 17:30:00,1759858200,48090.0,48090.0,48080.0,48080.0,0,0,2,2025-10-05/2025-10-11,5056
933,-1948,MNK,MNKZ25,M30,2025-10-07 18:00:00,1759860000,48015.0,48100.0,48000.0,48080.0,0,0,31,2025-10-05/2025-10-11,5056
934,-1947,MNK,MNKZ25,M30,2025-10-07 18:30:00,1759861800,48105.0,48130.0,48105.0,48125.0,0,0,22,2025-10-05/2025-10-11,5056
935,-1946,MNK,MNKZ25,M30,2025-10-07 19:00:00,1759863600,48080.0,48080.0,48055.0,48080.0,0,0,6,2025-10-05/2025-10-11,5056
936,-1945,MNK,MNKZ25,M30,2025-10-07 19:30:00,1759865400,48110.0,48115.0,48075.0,48085.0,0,0,13,2025-10-05/2025-10-11,5056
937,-1944,MNK,MNKZ25,M30,2025-10-07 20:00:00,1759867200,48090.0,48090.0,48090.0,48090.0,0,0,0,2025-10-05/2025-10-11,5056
938,-1943,MNK,MNKZ25,M30,2025-10-07 22:00:00,1759874400,48095.0,48095.0,48020.0,48030.0,0,0,5,2025-10-05/2025-10-11,5056
939,-1942,MNK,MNKZ25,M30,2025-10-07 23:00:00,1759878000,48060.0,48075.0,48015.0,48020.0,0,0,23,2025-10-05/2025-10-11,5056
940,-1941,MNK,MNKZ25,M30,2025-10-07 23:30:00,1759879800,48040.0,48045.0,48040.0,48045.0,0,0,3,2025-10-05/2025-10-11,5056
941,-1940,MNK,MNKZ25,M30,2025-10-08 00:00:00,1759881600,48090.0,48175.0,48070.0,48170.0,0,0,10,2025-10-05/2025-10-11,5056
942,-1939,MNK,MNKZ25,M30,2025-10-08 00:30:00,1759883400,48180.0,48295.0,48180.0,48240.0,0,0,14,2025-10-05/2025-10-11,5056
943,-1938,MNK,MNKZ25,M30,2025-10-08 01:00:00,1759885200,48225.0,48250.0,48210.0,48235.0,0,0,8,2025-10-05/2025-10-11,5056
944,-1937,MNK,MNKZ25,M30,2025-10-08 01:30:00,1759887000,48105.0,48110.0,48085.0,48110.0,0,0,11,2025-10-05/2025-10-11,5056
945,-1936,MNK,MNKZ25,M30,2025-10-08 02:00:00,1759888800,48085.0,48190.0,48085.0,48190.0,0,0,4,2025-10-05/2025-10-11,5056
946,-1935,MNK,MNKZ25,M30,2025-10-08 02:30:00,1759890600,48175.0,48175.0,48080.0,48090.0,0,0,8,2025-10-05/2025-10-11,5056
947,-1934,MNK,MNKZ25,M30,2025-10-08 03:00:00,1759892400,48130.0,48130.0,48130.0,48130.0,0,0,78,2025-10-05/2025-10-11,5056
948,-1933,MNK,MNKZ25,M30,2025-10-08 03:30:00,1759894200,48085.0,48085.0,48085.0,48085.0,0,0,2,2025-10-05/2025-10-11,5056
949,-1932,MNK,MNKZ25,M30,2025-10-08 04:00:00,1759896000,48120.0,48120.0,48040.0,48040.0,0,0,4,2025-10-05/2025-10-11,5056
950,-1931,MNK,MNKZ25,M30,2025-10-08 04:30:00,1759897800,48010.0,48010.0,47985.0,47985.0,0,0,2,2025-10-05/2025-10-11,5056
951,-1930,MNK,MNKZ25,M30,2025-10-08 05:00:00,1759899600,47955.0,47955.0,47910.0,47925.0,0,0,14,2025-10-05/2025-10-11,5056
952,-1929,MNK,MNKZ25,M30,2025-10-08 05:30:00,1759901400,47970.0,47975.0,47970.0,47975.0,0,0,2,2025-10-05/2025-10-11,5056
953,-1928,MNK,MNKZ25,M30,2025-10-08 06:00:00,1759903200,47900.0,47905.0,47885.0,47900.0,0,0,13,2025-10-05/2025-10-11,5056
954,-1927,MNK,MNKZ25,M30,2025-10-08 06:30:00,1759905000,47880.0,47900.0,47845.0,47900.0,0,0,14,2025-10-05/2025-10-11,5056
955,-1926,MNK,MNKZ25,M30,2025-10-08 07:00:00,1759906800,47935.0,48040.0,47930.0,48040.0,0,0,7,2025-10-05/2025-10-11,5056
956,-1925,MNK,MNKZ25,M30,2025-10-08 07:30:00,1759908600,48015.0,48100.0,48005.0,48100.0,0,0,14,2025-10-05/2025-10-11,5056
957,-1924,MNK,MNKZ25,M30,2025-10-08 08:00:00,1759910400,48115.0,48120.0,47990.0,47990.0,0,0,5,2025-10-05/2025-10-11,5056
958,-1923,MNK,MNKZ25,M30,2025-10-08 08:30:00,1759912200,48060.0,48065.0,48060.0,48060.0,0,0,7,2025-10-05/2025-10-11,5056
959,-1922,MNK,MNKZ25,M30,2025-10-08 09:00:00,1759914000,48165.0,48165.0,48125.0,48125.0,0,0,4,2025-10-05/2025-10-11,5056
960,-1921,MNK,MNKZ25,M30,2025-10-08 10:00:00,1759917600,48080.0,48080.0,48080.0,48080.0,0,0,2,2025-10-05/2025-10-11,5056
961,-1920,MNK,MNKZ25,M30,2025-10-08 10:30:00,1759919400,48110.0,48120.0,48110.0,48120.0,0,0,6,2025-10-05/2025-10-11,5056
962,-1919,MNK,MNKZ25,M30,2025-10-08 11:00:00,1759921200,48135.0,48140.0,48055.0,48055.0,0,0,10,2025-10-05/2025-10-11,5056
963,-1918,MNK,MNKZ25,M30,2025-10-08 11:30:00,1759923000,48040.0,48060.0,48040.0,48055.0,0,0,5,2025-10-05/2025-10-11,5056
964,-1917,MNK,MNKZ25,M30,2025-10-08 12:00:00,1759924800,48020.0,48020.0,48015.0,48020.0,0,0,6,2025-10-05/2025-10-11,5056
965,-1916,MNK,MNKZ25,M30,2025-10-08 13:00:00,1759928400,48005.0,48010.0,47980.0,48010.0,0,0,4,2025-10-05/2025-10-11,5056
966,-1915,MNK,MNKZ25,M30,2025-10-08 13:30:00,1759930200,48095.0,48105.0,48060.0,48105.0,0,0,6,2025-10-05/2025-10-11,5056
967,-1914,MNK,MNKZ25,M30,2025-10-08 14:00:00,1759932000,48105.0,48165.0,48105.0,48160.0,0,0,79,2025-10-05/2025-10-11,5056
968,-1913,MNK,MNKZ25,M30,2025-10-08 14:30:00,1759933800,48160.0,48160.0,48120.0,48120.0,0,0,11,2025-10-05/2025-10-11,5056
969,-1912,MNK,MNKZ25,M30,2025-10-08 15:30:00,1759937400,48185.0,48195.0,48140.0,48140.0,0,0,32,2025-10-05/2025-10-11,5056
970,-1911,MNK,MNKZ25,M30,2025-10-08 16:00:00,1759939200,48140.0,48180.0,48140.0,48180.0,0,0,4,2025-10-05/2025-10-11,5056
971,-1910,MNK,MNKZ25,M30,2025-10-08 16:30:00,1759941000,48160.0,48160.0,48150.0,48160.0,0,0,8,2025-10-05/2025-10-11,5056
972,-1909,MNK,MNKZ25,M30,2025-10-08 18:30:00,1759948200,48150.0,48150.0,48110.0,48110.0,0,0,3,2025-10-05/2025-10-11,5056
973,-1908,MNK,MNKZ25,M30,2025-10-08 19:00:00,1759950000,48165.0,48175.0,48165.0,48175.0,0,0,5,2025-10-05/2025-10-11,5056
974,-1907,MNK,MNKZ25,M30,2025-10-08 19:30:00,1759951800,48160.0,48230.0,48160.0,48225.0,0,0,28,2025-10-05/2025-10-11,5056
975,-1906,MNK,MNKZ25,M30,2025-10-08 20:00:00,1759953600,48225.0,48250.0,48215.0,48250.0,0,0,24,2025-10-05/2025-10-11,5056
976,-1905,MNK,MNKZ25,M30,2025-10-08 20:30:00,1759955400,48275.0,48310.0,48275.0,48300.0,0,0,9,2025-10-05/2025-10-11,5056
977,-1904,MNK,MNKZ25,M30,2025-10-08 22:00:00,1759960800,48265.0,48270.0,48265.0,48270.0,0,0,4,2025-10-05/2025-10-11,5056
978,-1903,MNK,MNKZ25,M30,2025-10-08 22:30:00,1759962600,48285.0,48295.0,48285.0,48295.0,0,0,2,2025-10-05/2025-10-11,5056
979,-1902,MNK,MNKZ25,M30,2025-10-08 23:00:00,1759964400,48280.0,48305.0,48255.0,48305.0,0,0,15,2025-10-05/2025-10-11,5056
980,-1901,MNK,MNKZ25,M30,2025-10-08 23:30:00,1759966200,48300.0,48300.0,48200.0,48285.0,0,0,20,2025-10-05/2025-10-11,5056
981,-1900,MNK,MNKZ25,M30,2025-10-09 00:00:00,1759968000,48255.0,48455.0,48215.0,48405.0,0,0,28,2025-10-05/2025-10-11,5056
982,-1899,MNK,MNKZ25,M30,2025-10-09 00:30:00,1759969800,48405.0,48540.0,48405.0,48525.0,0,0,16,2025-10-05/2025-10-11,5056
983,-1898,MNK,MNKZ25,M30,2025-10-09 01:00:00,1759971600,48525.0,48575.0,48395.0,48500.0,0,0,37,2025-10-05/2025-10-11,5056
984,-1897,MNK,MNKZ25,M30,2025-10-09 01:30:00,1759973400,48505.0,48595.0,48505.0,48575.0,0,0,16,2025-10-05/2025-10-11,5056
985,-1896,MNK,MNKZ25,M30,2025-10-09 02:00:00,1759975200,48565.0,48570.0,48445.0,48535.0,0,0,25,2025-10-05/2025-10-11,5056
986,-1895,MNK,MNKZ25,M30,2025-10-09 02:30:00,1759977000,48545.0,48545.0,48515.0,48515.0,0,0,5,2025-10-05/2025-10-11,5056
987,-1894,MNK,MNKZ25,M30,2025-10-09 03:00:00,1759978800,48560.0,48560.0,48560.0,48560.0,0,0,1,2025-10-05/2025-10-11,5056
988,-1893,MNK,MNKZ25,M30,2025-10-09 03:30:00,1759980600,48520.0,48535.0,48500.0,48500.0,0,0,45,2025-10-05/2025-10-11,5056
989,-1892,MNK,MNKZ25,M30,2025-10-09 04:00:00,1759982400,48500.0,48610.0,48500.0,48610.0,0,0,5,2025-10-05/2025-10-11,5056
990,-1891,MNK,MNKZ25,M30,2025-10-09 04:30:00,1759984200,48550.0,48550.0,48550.0,48550.0,0,0,1,2025-10-05/2025-10-11,5056
991,-1890,MNK,MNKZ25,M30,2025-10-09 05:00:00,1759986000,48560.0,48620.0,48560.0,48605.0,0,0,10,2025-10-05/2025-10-11,5056
992,-1889,MNK,MNKZ25,M30,2025-10-09 05:30:00,1759987800,48650.0,48675.0,48600.0,48600.0,0,0,11,2025-10-05/2025-10-11,5056
993,-1888,MNK,MNKZ25,M30,2025-10-09 06:00:00,1759989600,48650.0,48740.0,48650.0,48730.0,0,0,15,2025-10-05/2025-10-11,5056
994,-1887,MNK,MNKZ25,M30,2025-10-09 06:30:00,1759991400,48745.0,48900.0,48745.0,48820.0,0,0,69,2025-10-05/2025-10-11,5056
995,-1886,MNK,MNKZ25,M30,2025-10-09 07:00:00,1759993200,48810.0,48900.0,48810.0,48900.0,0,0,7,2025-10-05/2025-10-11,5056
996,-1885,MNK,MNKZ25,M30,2025-10-09 07:30:00,1759995000,48830.0,48870.0,48830.0,48860.0,0,0,18,2025-10-05/2025-10-11,5056
997,-1884,MNK,MNKZ25,M30,2025-10-09 08:00:00,1759996800,48820.0,48820.0,48735.0,48785.0,0,0,18,2025-10-05/2025-10-11,5056
998,-1883,MNK,MNKZ25,M30,2025-10-09 08:30:00,1759998600,48735.0,48735.0,48725.0,48725.0,0,0,3,2025-10-05/2025-10-11,5056
999,-1882,MNK,MNKZ25,M30,2025-10-09 09:00:00,1760000400,48620.0,48700.0,48545.0,48690.0,0,0,26,2025-10-05/2025-10-11,5056
1000,-1881,MNK,MNKZ25,M30,2025-10-09 09:30:00,1760002200,48720.0,48745.0,48720.0,48745.0,0,0,3,2025-10-05/2025-10-11,5056
1001,-1880,MNK,MNKZ25,M30,2025-10-09 10:00:00,1760004000,48735.0,48760.0,48735.0,48745.0,0,0,4,2025-10-05/2025-10-11,5056
1002,-1879,MNK,MNKZ25,M30,2025-10-09 10:30:00,1760005800,48730.0,48730.0,48730.0,48730.0,0,0,2,2025-10-05/2025-10-11,5056
1003,-1878,MNK,MNKZ25,M30,2025-10-09 11:00:00,1760007600,48800.0,48850.0,48800.0,48850.0,0,0,7,2025-10-05/2025-10-11,5056
1004,-1877,MNK,MNKZ25,M30,2025-10-09 11:30:00,1760009400,48850.0,48850.0,48845.0,48850.0,0,0,5,2025-10-05/2025-10-11,5056
1005,-1876,MNK,MNKZ25,M30,2025-10-09 12:00:00,1760011200,48880.0,48935.0,48875.0,48935.0,0,0,30,2025-10-05/2025-10-11,5056
1006,-1875,MNK,MNKZ25,M30,2025-10-09 12:30:00,1760013000,48970.0,49025.0,48970.0,48980.0,0,0,16,2025-10-05/2025-10-11,5056
1007,-1874,MNK,MNKZ25,M30,2025-10-09 13:00:00,1760014800,48970.0,48990.0,48900.0,48985.0,0,0,55,2025-10-05/2025-10-11,5056
1008,-1873,MNK,MNKZ25,M30,2025-10-09 13:30:00,1760016600,48980.0,49010.0,48840.0,48850.0,0,0,86,2025-10-05/2025-10-11,5056
1009,-1872,MNK,MNKZ25,M30,2025-10-09 14:00:00,1760018400,48875.0,48925.0,48855.0,48905.0,0,0,43,2025-10-05/2025-10-11,5056
1010,-1871,MNK,MNKZ25,M30,2025-10-09 14:30:00,1760020200,48880.0,48880.0,48780.0,48840.0,0,0,33,2025-10-05/2025-10-11,5056
1011,-1870,MNK,MNKZ25,M30,2025-10-09 15:00:00,1760022000,48850.0,48860.0,48770.0,48775.0,0,0,29,2025-10-05/2025-10-11,5056
1012,-1869,MNK,MNKZ25,M30,2025-10-09 15:30:00,1760023800,48770.0,48840.0,48705.0,48840.0,0,0,27,2025-10-05/2025-10-11,5056
1013,-1868,MNK,MNKZ25,M30,2025-10-09 16:00:00,1760025600,48815.0,48815.0,48755.0,48755.0,0,0,10,2025-10-05/2025-10-11,5056
1014,-1867,MNK,MNKZ25,M30,2025-10-09 16:30:00,1760027400,48780.0,48780.0,48700.0,48700.0,0,0,18,2025-10-05/2025-10-11,5056
1015,-1866,MNK,MNKZ25,M30,2025-10-09 17:00:00,1760029200,48625.0,48635.0,48565.0,48575.0,0,0,25,2025-10-05/2025-10-11,5056
1016,-1865,MNK,MNKZ25,M30,2025-10-09 17:30:00,1760031000,48560.0,48665.0,48560.0,48665.0,0,0,6,2025-10-05/2025-10-11,5056
1017,-1864,MNK,MNKZ25,M30,2025-10-09 18:00:00,1760032800,48660.0,48675.0,48660.0,48675.0,0,0,4,2025-10-05/2025-10-11,5056
1018,-1863,MNK,MNKZ25,M30,2025-10-09 18:30:00,1760034600,48660.0,48660.0,48660.0,48660.0,0,0,1,2025-10-05/2025-10-11,5056
1019,-1862,MNK,MNKZ25,M30,2025-10-09 19:00:00,1760036400,48715.0,48735.0,48705.0,48735.0,0,0,4,2025-10-05/2025-10-11,5056
1020,-1861,MNK,MNKZ25,M30,2025-10-09 19:30:00,1760038200,48710.0,48745.0,48710.0,48740.0,0,0,5,2025-10-05/2025-10-11,5056
1021,-1860,MNK,MNKZ25,M30,2025-10-09 20:00:00,1760040000,48750.0,48755.0,48700.0,48700.0,0,0,8,2025-10-05/2025-10-11,5056
1022,-1859,MNK,MNKZ25,M30,2025-10-09 20:30:00,1760041800,48655.0,48655.0,48655.0,48655.0,0,0,1,2025-10-05/2025-10-11,5056
1023,-1858,MNK,MNKZ25,M30,2025-10-09 22:00:00,1760047200,48655.0,48655.0,48650.0,48650.0,0,0,2,2025-10-05/2025-10-11,5056
1024,-1857,MNK,MNKZ25,M30,2025-10-09 22:30:00,1760049000,48675.0,48680.0,48675.0,48680.0,0,0,2,2025-10-05/2025-10-11,5056
1025,-1856,MNK,MNKZ25,M30,2025-10-09 23:00:00,1760050800,48725.0,48725.0,48650.0,48700.0,0,0,6,2025-10-05/2025-10-11,5056
1026,-1855,MNK,MNKZ25,M30,2025-10-09 23:30:00,1760052600,48635.0,48740.0,48620.0,48710.0,0,0,10,2025-10-05/2025-10-11,5056
1027,-1854,MNK,MNKZ25,M30,2025-10-10 00:00:00,1760054400,48760.0,48765.0,48460.0,48500.0,0,0,52,2025-10-05/2025-10-11,5056
1028,-1853,MNK,MNKZ25,M30,2025-10-10 00:30:00,1760056200,48500.0,48500.0,48390.0,48470.0,0,0,22,2025-10-05/2025-10-11,5056
1029,-1852,MNK,MNKZ25,M30,2025-10-10 01:00:00,1760058000,48405.0,48430.0,48325.0,48385.0,0,0,20,2025-10-05/2025-10-11,5056
1030,-1851,MNK,MNKZ25,M30,2025-10-10 01:30:00,1760059800,48360.0,48380.0,48360.0,48375.0,0,0,3,2025-10-05/2025-10-11,5056
1031,-1850,MNK,MNKZ25,M30,2025-10-10 02:00:00,1760061600,48320.0,48320.0,48230.0,48230.0,0,0,3,2025-10-05/2025-10-11,5056
1032,-1849,MNK,MNKZ25,M30,2025-10-10 02:30:00,1760063400,48240.0,48270.0,48240.0,48270.0,0,0,3,2025-10-05/2025-10-11,5056
1033,-1848,MNK,MNKZ25,M30,2025-10-10 03:00:00,1760065200,48230.0,48230.0,48230.0,48230.0,0,0,2,2025-10-05/2025-10-11,5056
1034,-1847,MNK,MNKZ25,M30,2025-10-10 03:30:00,1760067000,48200.0,48235.0,48155.0,48235.0,0,0,13,2025-10-05/2025-10-11,5056
1035,-1846,MNK,MNKZ25,M30,2025-10-10 04:00:00,1760068800,48235.0,48275.0,48205.0,48225.0,0,0,16,2025-10-05/2025-10-11,5056
1036,-1845,MNK,MNKZ25,M30,2025-10-10 04:30:00,1760070600,48270.0,48270.0,48120.0,48125.0,0,0,16,2025-10-05/2025-10-11,5056
1037,-1844,MNK,MNKZ25,M30,2025-10-10 05:00:00,1760072400,48110.0,48235.0,48110.0,48235.0,0,0,13,2025-10-05/2025-10-11,5056
1038,-1843,MNK,MNKZ25,M30,2025-10-10 05:30:00,1760074200,48240.0,48260.0,48240.0,48260.0,0,0,4,2025-10-05/2025-10-11,5056
1039,-1842,MNK,MNKZ25,M30,2025-10-10 06:00:00,1760076000,48325.0,48325.0,48200.0,48200.0,0,0,11,2025-10-05/2025-10-11,5056
1040,-1841,MNK,MNKZ25,M30,2025-10-10 06:30:00,1760077800,48225.0,48225.0,47500.0,47615.0,0,0,248,2025-10-05/2025-10-11,5056
1041,-1840,MNK,MNKZ25,M30,2025-10-10 07:00:00,1760079600,47610.0,47650.0,47445.0,47650.0,0,0,26,2025-10-05/2025-10-11,5056
1042,-1839,MNK,MNKZ25,M30,2025-10-10 07:30:00,1760081400,47730.0,47735.0,47615.0,47615.0,0,0,29,2025-10-05/2025-10-11,5056
1043,-1838,MNK,MNKZ25,M30,2025-10-10 08:00:00,1760083200,47500.0,47885.0,47500.0,47785.0,0,0,42,2025-10-05/2025-10-11,5056
1044,-1837,MNK,MNKZ25,M30,2025-10-10 08:30:00,1760085000,47870.0,47980.0,47870.0,47920.0,0,0,5,2025-10-05/2025-10-11,5056
1045,-1836,MNK,MNKZ25,M30,2025-10-10 09:00:00,1760086800,47890.0,47890.0,47755.0,47755.0,0,0,7,2025-10-05/2025-10-11,5056
1046,-1835,MNK,MNKZ25,M30,2025-10-10 09:30:00,1760088600,47720.0,47720.0,47565.0,47570.0,0,0,29,2025-10-05/2025-10-11,5056
1047,-1834,MNK,MNKZ25,M30,2025-10-10 10:00:00,1760090400,47500.0,47580.0,47500.0,47580.0,0,0,9,2025-10-05/2025-10-11,5056
1048,-1833,MNK,MNKZ25,M30,2025-10-10 10:30:00,1760092200,47575.0,47625.0,47575.0,47620.0,0,0,24,2025-10-05/2025-10-11,5056
1049,-1832,MNK,MNKZ25,M30,2025-10-10 11:00:00,1760094000,47670.0,47670.0,47665.0,47665.0,0,0,6,2025-10-05/2025-10-11,5056
1050,-1831,MNK,MNKZ25,M30,2025-10-10 11:30:00,1760095800,47700.0,47700.0,47660.0,47675.0,0,0,9,2025-10-05/2025-10-11,5056
1051,-1830,MNK,MNKZ25,M30,2025-10-10 12:00:00,1760097600,47760.0,47765.0,47760.0,47765.0,0,0,2,2025-10-05/2025-10-11,5056
1052,-1829,MNK,MNKZ25,M30,2025-10-10 12:30:00,1760099400,47795.0,47800.0,47780.0,47780.0,0,0,4,2025-10-05/2025-10-11,5056
1053,-1828,MNK,MNKZ25,M30,2025-10-10 13:00:00,1760101200,47780.0,47780.0,47780.0,47780.0,1,5,2,2025-10-05/2025-10-11,5056
1054,-1827,MNK,MNKZ25,M30,2025-10-10 13:30:00,1760103000,47805.0,47840.0,47760.0,47780.0,0,0,16,2025-10-05/2025-10-11,5056
1055,-1826,MNK,MNKZ25,M30,2025-10-10 14:00:00,1760104800,47635.0,47655.0,47570.0,47570.0,0,0,4,2025-10-05/2025-10-11,5056
1056,-1825,MNK,MNKZ25,M30,2025-10-10 14:30:00,1760106600,47630.0,47645.0,47450.0,47470.0,0,0,159,2025-10-05/2025-10-11,5056
1057,-1824,MNK,MNKZ25,M30,2025-10-10 15:00:00,1760108400,47400.0,47400.0,46800.0,46800.0,0,0,122,2025-10-05/2025-10-11,5056
1058,-1823,MNK,MNKZ25,M30,2025-10-10 15:30:00,1760110200,46700.0,46985.0,46610.0,46985.0,0,0,51,2025-10-05/2025-10-11,5056
1059,-1822,MNK,MNKZ25,M30,2025-10-10 16:00:00,1760112000,46840.0,46855.0,46705.0,46770.0,0,0,22,2025-10-05/2025-10-11,5056
1060,-1821,MNK,MNKZ25,M30,2025-10-10 16:30:00,1760113800,46770.0,46770.0,46600.0,46620.0,0,0,32,2025-10-05/2025-10-11,5056
1061,-1820,MNK,MNKZ25,M30,2025-10-10 17:00:00,1760115600,46500.0,46520.0,46400.0,46500.0,0,0,36,2025-10-05/2025-10-11,5056
1062,-1819,MNK,MNKZ25,M30,2025-10-10 17:30:00,1760117400,46535.0,46535.0,46510.0,46510.0,0,0,2,2025-10-05/2025-10-11,5056
1063,-1818,MNK,MNKZ25,M30,2025-10-10 18:00:00,1760119200,46420.0,46460.0,46420.0,46445.0,0,0,3,2025-10-05/2025-10-11,5056
1064,-1817,MNK,MNKZ25,M30,2025-10-10 18:30:00,1760121000,46375.0,46375.0,46230.0,46230.0,0,0,21,2025-10-05/2025-10-11,5056
1065,-1816,MNK,MNKZ25,M30,2025-10-10 19:00:00,1760122800,46270.0,46270.0,46200.0,46200.0,0,0,2,2025-10-05/2025-10-11,5056
1066,-1815,MNK,MNKZ25,M30,2025-10-10 19:30:00,1760124600,46115.0,46255.0,46005.0,46095.0,0,0,25,2025-10-05/2025-10-11,5056
1067,-1814,MNK,MNKZ25,M30,2025-10-10 20:00:00,1760126400,46095.0,46095.0,45865.0,45865.0,0,0,6,2025-10-05/2025-10-11,5056
1068,-1813,MNK,MNKZ25,M30,2025-10-10 20:30:00,1760128200,45950.0,45960.0,45395.0,45450.0,0,0,20,2025-10-05/2025-10-11,5056
1069,-1812,MNK,MNKZ25,M30,2025-10-12 22:00:00,1760306400,45600.0,46725.0,45600.0,46715.0,0,0,73,2025-10-12/2025-10-18,4303
1070,-1811,MNK,MNKZ25,M30,2025-10-12 22:30:00,1760308200,46605.0,46605.0,46605.0,46605.0,0,0,5,2025-10-12/2025-10-18,4303
1071,-1810,MNK,MNKZ25,M30,2025-10-12 23:00:00,1760310000,46610.0,46610.0,46465.0,46465.0,0,0,12,2025-10-12/2025-10-18,4303
1072,-1809,MNK,MNKZ25,M30,2025-10-12 23:30:00,1760311800,46620.0,46800.0,46590.0,46760.0,0,0,12,2025-10-12/2025-10-18,4303
1073,-1808,MNK,MNKZ25,M30,2025-10-13 00:00:00,1760313600,46665.0,46665.0,46520.0,46520.0,0,0,10,2025-10-12/2025-10-18,4303
1074,-1807,MNK,MNKZ25,M30,2025-10-13 00:30:00,1760315400,46535.0,46655.0,46520.0,46585.0,0,0,13,2025-10-12/2025-10-18,4303
1075,-1806,MNK,MNKZ25,M30,2025-10-13 01:00:00,1760317200,46600.0,46600.0,46570.0,46575.0,0,0,5,2025-10-12/2025-10-18,4303
1076,-1805,MNK,MNKZ25,M30,2025-10-13 01:30:00,1760319000,46610.0,46855.0,46605.0,46855.0,0,0,22,2025-10-12/2025-10-18,4303
1077,-1804,MNK,MNKZ25,M30,2025-10-13 02:00:00,1760320800,46785.0,46785.0,46780.0,46780.0,0,0,4,2025-10-12/2025-10-18,4303
1078,-1803,MNK,MNKZ25,M30,2025-10-13 03:00:00,1760324400,46810.0,46830.0,46755.0,46755.0,0,0,5,2025-10-12/2025-10-18,4303
1079,-1802,MNK,MNKZ25,M30,2025-10-13 03:30:00,1760326200,46725.0,46725.0,46565.0,46580.0,0,0,30,2025-10-12/2025-10-18,4303
1080,-1801,MNK,MNKZ25,M30,2025-10-13 04:00:00,1760328000,46600.0,46610.0,46600.0,46600.0,0,0,3,2025-10-12/2025-10-18,4303
1081,-1800,MNK,MNKZ25,M30,2025-10-13 04:30:00,1760329800,46625.0,46650.0,46610.0,46650.0,0,0,5,2025-10-12/2025-10-18,4303
1082,-1799,MNK,MNKZ25,M30,2025-10-13 05:00:00,1760331600,46710.0,46710.0,46695.0,46695.0,0,0,5,2025-10-12/2025-10-18,4303
1083,-1798,MNK,MNKZ25,M30,2025-10-13 05:30:00,1760333400,46695.0,46750.0,46695.0,46745.0,0,0,4,2025-10-12/2025-10-18,4303
1084,-1797,MNK,MNKZ25,M30,2025-10-13 06:00:00,1760335200,46740.0,46765.0,46735.0,46755.0,0,0,7,2025-10-12/2025-10-18,4303
1085,-1796,MNK,MNKZ25,M30,2025-10-13 06:30:00,1760337000,46805.0,46820.0,46750.0,46800.0,0,0,13,2025-10-12/2025-10-18,4303
1086,-1795,MNK,MNKZ25,M30,2025-10-13 07:00:00,1760338800,46850.0,47030.0,46850.0,47025.0,0,0,21,2025-10-12/2025-10-18,4303
1087,-1794,MNK,MNKZ25,M30,2025-10-13 07:30:00,1760340600,47045.0,47045.0,46960.0,46960.0,0,0,3,2025-10-12/2025-10-18,4303
1088,-1793,MNK,MNKZ25,M30,2025-10-13 08:00:00,1760342400,47000.0,47000.0,46930.0,46930.0,0,0,4,2025-10-12/2025-10-18,4303
1089,-1792,MNK,MNKZ25,M30,2025-10-13 08:30:00,1760344200,46860.0,46860.0,46815.0,46825.0,0,0,8,2025-10-12/2025-10-18,4303
1090,-1791,MNK,MNKZ25,M30,2025-10-13 09:00:00,1760346000,46890.0,46890.0,46890.0,46890.0,0,0,2,2025-10-12/2025-10-18,4303
1091,-1790,MNK,MNKZ25,M30,2025-10-13 09:30:00,1760347800,46865.0,46880.0,46865.0,46875.0,0,0,5,2025-10-12/2025-10-18,4303
1092,-1789,MNK,MNKZ25,M30,2025-10-13 10:00:00,1760349600,46840.0,46840.0,46805.0,46805.0,0,0,5,2025-10-12/2025-10-18,4303
1093,-1788,MNK,MNKZ25,M30,2025-10-13 10:30:00,1760351400,46800.0,46800.0,46790.0,46790.0,0,0,2,2025-10-12/2025-10-18,4303
1094,-1787,MNK,MNKZ25,M30,2025-10-13 11:00:00,1760353200,46765.0,46810.0,46670.0,46675.0,0,0,35,2025-10-12/2025-10-18,4303
1095,-1786,MNK,MNKZ25,M30,2025-10-13 11:30:00,1760355000,46650.0,46770.0,46650.0,46770.0,0,0,7,2025-10-12/2025-10-18,4303
1096,-1785,MNK,MNKZ25,M30,2025-10-13 13:30:00,1760362200,46860.0,46905.0,46720.0,46905.0,0,0,67,2025-10-12/2025-10-18,4303
1097,-1784,MNK,MNKZ25,M30,2025-10-13 14:00:00,1760364000,46945.0,46980.0,46865.0,46900.0,0,0,16,2025-10-12/2025-10-18,4303
1098,-1783,MNK,MNKZ25,M30,2025-10-13 14:30:00,1760365800,46940.0,46955.0,46885.0,46885.0,0,0,8,2025-10-12/2025-10-18,4303
1099,-1782,MNK,MNKZ25,M30,2025-10-13 15:00:00,1760367600,46865.0,47045.0,46865.0,47045.0,0,0,7,2025-10-12/2025-10-18,4303
1100,-1781,MNK,MNKZ25,M30,2025-10-13 16:00:00,1760371200,47060.0,47110.0,47045.0,47110.0,0,0,14,2025-10-12/2025-10-18,4303
1101,-1780,MNK,MNKZ25,M30,2025-10-13 16:30:00,1760373000,47135.0,47150.0,47135.0,47150.0,0,0,21,2025-10-12/2025-10-18,4303
1102,-1779,MNK,MNKZ25,M30,2025-10-13 17:00:00,1760374800,47105.0,47105.0,47105.0,47105.0,0,0,2,2025-10-12/2025-10-18,4303
1103,-1778,MNK,MNKZ25,M30,2025-10-13 18:00:00,1760378400,47100.0,47100.0,47095.0,47095.0,0,0,3,2025-10-12/2025-10-18,4303
1104,-1777,MNK,MNKZ25,M30,2025-10-13 19:00:00,1760382000,47130.0,47130.0,47130.0,47130.0,0,0,3,2025-10-12/2025-10-18,4303
1105,-1776,MNK,MNKZ25,M30,2025-10-13 19:30:00,1760383800,47130.0,47135.0,47115.0,47115.0,0,0,6,2025-10-12/2025-10-18,4303
1106,-1775,MNK,MNKZ25,M30,2025-10-13 20:00:00,1760385600,47135.0,47135.0,47125.0,47135.0,0,0,5,2025-10-12/2025-10-18,4303
1107,-1774,MNK,MNKZ25,M30,2025-10-13 20:30:00,1760387400,47130.0,47130.0,47070.0,47130.0,0,0,8,2025-10-12/2025-10-18,4303
1108,-1773,MNK,MNKZ25,M30,2025-10-13 22:00:00,1760392800,47035.0,47160.0,47025.0,47160.0,0,0,6,2025-10-12/2025-10-18,4303
1109,-1772,MNK,MNKZ25,M30,2025-10-13 22:30:00,1760394600,47160.0,47160.0,47145.0,47155.0,0,0,5,2025-10-12/2025-10-18,4303
1110,-1771,MNK,MNKZ25,M30,2025-10-13 23:00:00,1760396400,47185.0,47235.0,47185.0,47235.0,0,0,2,2025-10-12/2025-10-18,4303
1111,-1770,MNK,MNKZ25,M30,2025-10-13 23:30:00,1760398200,47245.0,47345.0,47140.0,47340.0,0,0,8,2025-10-12/2025-10-18,4303
1112,-1769,MNK,MNKZ25,M30,2025-10-14 00:00:00,1760400000,47485.0,47985.0,47485.0,47985.0,0,0,63,2025-10-12/2025-10-18,4303
1113,-1768,MNK,MNKZ25,M30,2025-10-14 00:30:00,1760401800,47955.0,47965.0,47655.0,47660.0,0,0,19,2025-10-12/2025-10-18,4303
1114,-1767,MNK,MNKZ25,M30,2025-10-14 01:00:00,1760403600,47660.0,47740.0,47645.0,47700.0,0,0,19,2025-10-12/2025-10-18,4303
1115,-1766,MNK,MNKZ25,M30,2025-10-14 01:30:00,1760405400,47800.0,47975.0,47795.0,47915.0,0,0,71,2025-10-12/2025-10-18,4303
1116,-1765,MNK,MNKZ25,M30,2025-10-14 02:00:00,1760407200,47840.0,47880.0,47770.0,47770.0,0,0,45,2025-10-12/2025-10-18,4303
1117,-1764,MNK,MNKZ25,M30,2025-10-14 02:30:00,1760409000,47725.0,47725.0,47655.0,47660.0,0,0,17,2025-10-12/2025-10-18,4303
1118,-1763,MNK,MNKZ25,M30,2025-10-14 03:00:00,1760410800,47655.0,47655.0,47645.0,47645.0,0,0,3,2025-10-12/2025-10-18,4303
1119,-1762,MNK,MNKZ25,M30,2025-10-14 03:30:00,1760412600,47615.0,47615.0,47430.0,47430.0,0,0,34,2025-10-12/2025-10-18,4303
1120,-1761,MNK,MNKZ25,M30,2025-10-14 04:00:00,1760414400,47335.0,47335.0,46840.0,46920.0,0,0,65,2025-10-12/2025-10-18,4303
1121,-1760,MNK,MNKZ25,M30,2025-10-14 04:30:00,1760416200,46950.0,47040.0,46810.0,46875.0,0,0,18,2025-10-12/2025-10-18,4303
1122,-1759,MNK,MNKZ25,M30,2025-10-14 05:00:00,1760418000,46885.0,47095.0,46885.0,47065.0,0,0,22,2025-10-12/2025-10-18,4303
1123,-1758,MNK,MNKZ25,M30,2025-10-14 05:30:00,1760419800,47075.0,47075.0,46735.0,46860.0,0,0,41,2025-10-12/2025-10-18,4303
1124,-1757,MNK,MNKZ25,M30,2025-10-14 06:00:00,1760421600,46840.0,46985.0,46840.0,46950.0,0,0,60,2025-10-12/2025-10-18,4303
1125,-1756,MNK,MNKZ25,M30,2025-10-14 06:30:00,1760423400,46960.0,46980.0,46845.0,46940.0,0,0,20,2025-10-12/2025-10-18,4303
1126,-1755,MNK,MNKZ25,M30,2025-10-14 07:00:00,1760425200,46895.0,46895.0,46730.0,46850.0,0,0,13,2025-10-12/2025-10-18,4303
1127,-1754,MNK,MNKZ25,M30,2025-10-14 07:30:00,1760427000,46875.0,46875.0,46790.0,46790.0,0,0,16,2025-10-12/2025-10-18,4303
1128,-1753,MNK,MNKZ25,M30,2025-10-14 08:00:00,1760428800,46845.0,46930.0,46800.0,46930.0,0,0,33,2025-10-12/2025-10-18,4303
1129,-1752,MNK,MNKZ25,M30,2025-10-14 08:30:00,1760430600,46940.0,47035.0,46940.0,47035.0,0,0,20,2025-10-12/2025-10-18,4303
1130,-1751,MNK,MNKZ25,M30,2025-10-14 09:00:00,1760432400,47050.0,47050.0,47000.0,47000.0,0,0,21,2025-10-12/2025-10-18,4303
1131,-1750,MNK,MNKZ25,M30,2025-10-14 09:30:00,1760434200,46950.0,46950.0,46950.0,46950.0,0,0,1,2025-10-12/2025-10-18,4303
1132,-1749,MNK,MNKZ25,M30,2025-10-14 10:00:00,1760436000,46850.0,46850.0,46820.0,46820.0,0,0,4,2025-10-12/2025-10-18,4303
1133,-1748,MNK,MNKZ25,M30,2025-10-14 10:30:00,1760437800,46735.0,46765.0,46635.0,46680.0,0,0,32,2025-10-12/2025-10-18,4303
1134,-1747,MNK,MNKZ25,M30,2025-10-14 11:00:00,1760439600,46770.0,46870.0,46765.0,46870.0,0,0,42,2025-10-12/2025-10-18,4303
1135,-1746,MNK,MNKZ25,M30,2025-10-14 11:30:00,1760441400,46860.0,46895.0,46845.0,46890.0,0,0,7,2025-10-12/2025-10-18,4303
1136,-1745,MNK,MNKZ25,M30,2025-10-14 12:00:00,1760443200,46900.0,46900.0,46815.0,46815.0,0,0,3,2025-10-12/2025-10-18,4303
1137,-1744,MNK,MNKZ25,M30,2025-10-14 12:30:00,1760445000,46765.0,46765.0,46715.0,46715.0,0,0,12,2025-10-12/2025-10-18,4303
1138,-1743,MNK,MNKZ25,M30,2025-10-14 13:00:00,1760446800,46855.0,46865.0,46810.0,46865.0,0,0,19,2025-10-12/2025-10-18,4303
1139,-1742,MNK,MNKZ25,M30,2025-10-14 13:30:00,1760448600,46850.0,46910.0,46685.0,46910.0,0,0,130,2025-10-12/2025-10-18,4303
1140,-1741,MNK,MNKZ25,M30,2025-10-14 14:00:00,1760450400,46895.0,47070.0,46890.0,47070.0,0,0,65,2025-10-12/2025-10-18,4303
1141,-1740,MNK,MNKZ25,M30,2025-10-14 14:30:00,1760452200,47060.0,47120.0,47055.0,47055.0,0,0,13,2025-10-12/2025-10-18,4303
1142,-1739,MNK,MNKZ25,M30,2025-10-14 15:30:00,1760455800,47075.0,47255.0,47075.0,47255.0,0,0,71,2025-10-12/2025-10-18,4303
1143,-1738,MNK,MNKZ25,M30,2025-10-14 16:00:00,1760457600,47210.0,47330.0,47210.0,47330.0,0,0,34,2025-10-12/2025-10-18,4303
1144,-1737,MNK,MNKZ25,M30,2025-10-14 16:30:00,1760459400,47355.0,47355.0,47345.0,47345.0,0,0,3,2025-10-12/2025-10-18,4303
1145,-1736,MNK,MNKZ25,M30,2025-10-14 17:00:00,1760461200,47265.0,47380.0,47265.0,47370.0,0,0,5,2025-10-12/2025-10-18,4303
1146,-1735,MNK,MNKZ25,M30,2025-10-14 18:00:00,1760464800,47340.0,47340.0,47340.0,47340.0,0,0,1,2025-10-12/2025-10-18,4303
1147,-1734,MNK,MNKZ25,M30,2025-10-14 18:30:00,1760466600,47355.0,47355.0,47325.0,47325.0,0,0,2,2025-10-12/2025-10-18,4303
1148,-1733,MNK,MNKZ25,M30,2025-10-14 19:00:00,1760468400,47325.0,47325.0,47290.0,47295.0,0,0,9,2025-10-12/2025-10-18,4303
1149,-1732,MNK,MNKZ25,M30,2025-10-14 19:30:00,1760470200,47250.0,47250.0,46995.0,47085.0,0,0,111,2025-10-12/2025-10-18,4303
1150,-1731,MNK,MNKZ25,M30,2025-10-14 20:00:00,1760472000,47095.0,47095.0,47000.0,47000.0,0,0,2,2025-10-12/2025-10-18,4303
1151,-1730,MNK,MNKZ25,M30,2025-10-14 20:30:00,1760473800,47035.0,47035.0,47035.0,47035.0,0,0,1,2025-10-12/2025-10-18,4303
1152,-1729,MNK,MNKZ25,M30,2025-10-14 22:00:00,1760479200,47230.0,47235.0,47095.0,47095.0,0,0,11,2025-10-12/2025-10-18,4303
1153,-1728,MNK,MNKZ25,M30,2025-10-14 22:30:00,1760481000,47130.0,47130.0,47095.0,47095.0,0,0,4,2025-10-12/2025-10-18,4303
1154,-1727,MNK,MNKZ25,M30,2025-10-14 23:00:00,1760482800,47145.0,47185.0,47145.0,47185.0,0,0,3,2025-10-12/2025-10-18,4303
1155,-1726,MNK,MNKZ25,M30,2025-10-14 23:30:00,1760484600,47185.0,47195.0,47165.0,47165.0,0,0,5,2025-10-12/2025-10-18,4303
1156,-1725,MNK,MNKZ25,M30,2025-10-15 00:00:00,1760486400,47165.0,47325.0,47095.0,47325.0,0,0,55,2025-10-12/2025-10-18,4303
1157,-1724,MNK,MNKZ25,M30,2025-10-15 00:30:00,1760488200,47355.0,47400.0,47300.0,47385.0,0,0,6,2025-10-12/2025-10-18,4303
1158,-1723,MNK,MNKZ25,M30,2025-10-15 01:00:00,1760490000,47360.0,47445.0,47325.0,47440.0,0,0,12,2025-10-12/2025-10-18,4303
1159,-1722,MNK,MNKZ25,M30,2025-10-15 01:30:00,1760491800,47410.0,47460.0,47410.0,47420.0,0,0,10,2025-10-12/2025-10-18,4303
1160,-1721,MNK,MNKZ25,M30,2025-10-15 02:00:00,1760493600,47415.0,47590.0,47415.0,47555.0,0,0,44,2025-10-12/2025-10-18,4303
1161,-1720,MNK,MNKZ25,M30,2025-10-15 02:30:00,1760495400,47590.0,47615.0,47575.0,47600.0,0,0,10,2025-10-12/2025-10-18,4303
1162,-1719,MNK,MNKZ25,M30,2025-10-15 03:00:00,1760497200,47645.0,47645.0,47645.0,47645.0,0,0,2,2025-10-12/2025-10-18,4303
1163,-1718,MNK,MNKZ25,M30,2025-10-15 03:30:00,1760499000,47650.0,47670.0,47490.0,47550.0,0,0,44,2025-10-12/2025-10-18,4303
1164,-1717,MNK,MNKZ25,M30,2025-10-15 04:00:00,1760500800,47565.0,47750.0,47565.0,47745.0,0,0,23,2025-10-12/2025-10-18,4303
1165,-1716,MNK,MNKZ25,M30,2025-10-15 04:30:00,1760502600,47700.0,47750.0,47700.0,47750.0,0,0,5,2025-10-12/2025-10-18,4303
1166,-1715,MNK,MNKZ25,M30,2025-10-15 05:00:00,1760504400,47725.0,47915.0,47725.0,47905.0,0,0,20,2025-10-12/2025-10-18,4303
1167,-1714,MNK,MNKZ25,M30,2025-10-15 05:30:00,1760506200,47795.0,47915.0,47795.0,47820.0,0,0,32,2025-10-12/2025-10-18,4303
1168,-1713,MNK,MNKZ25,M30,2025-10-15 06:00:00,1760508000,47790.0,47825.0,47750.0,47825.0,0,0,28,2025-10-12/2025-10-18,4303
1169,-1712,MNK,MNKZ25,M30,2025-10-15 06:30:00,1760509800,47840.0,47905.0,47770.0,47865.0,0,0,29,2025-10-12/2025-10-18,4303
1170,-1711,MNK,MNKZ25,M30,2025-10-15 07:00:00,1760511600,47870.0,47945.0,47870.0,47945.0,0,0,15,2025-10-12/2025-10-18,4303
1171,-1710,MNK,MNKZ25,M30,2025-10-15 07:30:00,1760513400,47895.0,47895.0,47870.0,47870.0,0,0,2,2025-10-12/2025-10-18,4303
1172,-1709,MNK,MNKZ25,M30,2025-10-15 08:00:00,1760515200,48000.0,48165.0,47975.0,48110.0,0,0,46,2025-10-12/2025-10-18,4303
1173,-1708,MNK,MNKZ25,M30,2025-10-15 08:30:00,1760517000,48110.0,48110.0,48110.0,48110.0,0,0,1,2025-10-12/2025-10-18,4303
1174,-1707,MNK,MNKZ25,M30,2025-10-15 09:00:00,1760518800,48050.0,48205.0,48050.0,48205.0,0,0,29,2025-10-12/2025-10-18,4303
1175,-1706,MNK,MNKZ25,M30,2025-10-15 09:30:00,1760520600,48245.0,48245.0,48245.0,48245.0,0,0,1,2025-10-12/2025-10-18,4303
1176,-1705,MNK,MNKZ25,M30,2025-10-15 10:00:00,1760522400,48275.0,48285.0,48225.0,48225.0,0,0,5,2025-10-12/2025-10-18,4303
1177,-1704,MNK,MNKZ25,M30,2025-10-15 11:00:00,1760526000,48240.0,48240.0,48200.0,48240.0,0,0,10,2025-10-12/2025-10-18,4303
1178,-1703,MNK,MNKZ25,M30,2025-10-15 11:30:00,1760527800,48280.0,48280.0,48260.0,48275.0,0,0,6,2025-10-12/2025-10-18,4303
1179,-1702,MNK,MNKZ25,M30,2025-10-15 12:00:00,1760529600,48310.0,48345.0,48310.0,48315.0,0,0,8,2025-10-12/2025-10-18,4303
1180,-1701,MNK,MNKZ25,M30,2025-10-15 12:30:00,1760531400,48315.0,48315.0,48230.0,48290.0,1,0,15,2025-10-12/2025-10-18,4303
1181,-1700,MNK,MNKZ25,M30,2025-10-15 13:00:00,1760533200,48265.0,48275.0,48265.0,48275.0,0,0,11,2025-10-12/2025-10-18,4303
1182,-1699,MNK,MNKZ25,M30,2025-10-15 13:30:00,1760535000,48250.0,48250.0,48070.0,48200.0,0,0,183,2025-10-12/2025-10-18,4303
1183,-1698,MNK,MNKZ25,M30,2025-10-15 14:00:00,1760536800,48265.0,48385.0,48265.0,48300.0,0,0,61,2025-10-12/2025-10-18,4303
1184,-1697,MNK,MNKZ25,M30,2025-10-15 14:30:00,1760538600,48330.0,48330.0,48280.0,48310.0,0,0,18,2025-10-12/2025-10-18,4303
1185,-1696,MNK,MNKZ25,M30,2025-10-15 15:00:00,1760540400,48240.0,48265.0,48225.0,48225.0,0,0,16,2025-10-12/2025-10-18,4303
1186,-1695,MNK,MNKZ25,M30,2025-10-15 15:30:00,1760542200,48265.0,48265.0,47985.0,47985.0,0,0,16,2025-10-12/2025-10-18,4303
1187,-1694,MNK,MNKZ25,M30,2025-10-15 16:00:00,1760544000,48095.0,48115.0,48095.0,48115.0,0,0,2,2025-10-12/2025-10-18,4303
1188,-1693,MNK,MNKZ25,M30,2025-10-15 16:30:00,1760545800,48115.0,48115.0,48080.0,48080.0,0,0,5,2025-10-12/2025-10-18,4303
1189,-1692,MNK,MNKZ25,M30,2025-10-15 17:00:00,1760547600,47985.0,47985.0,47735.0,47875.0,0,0,59,2025-10-12/2025-10-18,4303
1190,-1691,MNK,MNKZ25,M30,2025-10-15 17:30:00,1760549400,47870.0,48065.0,47870.0,48065.0,0,0,29,2025-10-12/2025-10-18,4303
1191,-1690,MNK,MNKZ25,M30,2025-10-15 18:00:00,1760551200,48065.0,48090.0,48065.0,48065.0,0,0,55,2025-10-12/2025-10-18,4303
1192,-1689,MNK,MNKZ25,M30,2025-10-15 19:30:00,1760556600,48075.0,48115.0,48035.0,48115.0,0,0,16,2025-10-12/2025-10-18,4303
1193,-1688,MNK,MNKZ25,M30,2025-10-15 20:00:00,1760558400,48150.0,48150.0,48100.0,48115.0,0,0,3,2025-10-12/2025-10-18,4303
1194,-1687,MNK,MNKZ25,M30,2025-10-15 20:30:00,1760560200,48110.0,48135.0,48110.0,48135.0,0,0,3,2025-10-12/2025-10-18,4303
1195,-1686,MNK,MNKZ25,M30,2025-10-15 22:00:00,1760565600,47920.0,48185.0,47920.0,48185.0,0,0,3,2025-10-12/2025-10-18,4303
1196,-1685,MNK,MNKZ25,M30,2025-10-15 23:00:00,1760569200,48140.0,48140.0,48140.0,48140.0,0,0,1,2025-10-12/2025-10-18,4303
1197,-1684,MNK,MNKZ25,M30,2025-10-15 23:30:00,1760571000,48160.0,48250.0,48145.0,48250.0,0,0,6,2025-10-12/2025-10-18,4303
1198,-1683,MNK,MNKZ25,M30,2025-10-16 00:00:00,1760572800,48280.0,48285.0,48135.0,48280.0,0,0,22,2025-10-12/2025-10-18,4303
1199,-1682,MNK,MNKZ25,M30,2025-10-16 00:30:00,1760574600,48240.0,48240.0,48085.0,48100.0,0,0,15,2025-10-12/2025-10-18,4303
1200,-1681,MNK,MNKZ25,M30,2025-10-16 01:00:00,1760576400,48220.0,48245.0,48130.0,48145.0,0,0,18,2025-10-12/2025-10-18,4303
1201,-1680,MNK,MNKZ25,M30,2025-10-16 01:30:00,1760578200,48205.0,48205.0,48200.0,48200.0,0,0,2,2025-10-12/2025-10-18,4303
1202,-1679,MNK,MNKZ25,M30,2025-10-16 02:00:00,1760580000,48160.0,48240.0,48160.0,48230.0,0,0,33,2025-10-12/2025-10-18,4303
1203,-1678,MNK,MNKZ25,M30,2025-10-16 02:30:00,1760581800,48220.0,48250.0,48220.0,48250.0,0,0,5,2025-10-12/2025-10-18,4303
1204,-1677,MNK,MNKZ25,M30,2025-10-16 03:00:00,1760583600,48285.0,48295.0,48225.0,48225.0,0,0,19,2025-10-12/2025-10-18,4303
1205,-1676,MNK,MNKZ25,M30,2025-10-16 03:30:00,1760585400,48290.0,48290.0,48165.0,48165.0,0,0,18,2025-10-12/2025-10-18,4303
1206,-1675,MNK,MNKZ25,M30,2025-10-16 04:00:00,1760587200,48300.0,48355.0,48295.0,48330.0,0,0,24,2025-10-12/2025-10-18,4303
1207,-1674,MNK,MNKZ25,M30,2025-10-16 04:30:00,1760589000,48360.0,48440.0,48340.0,48440.0,0,0,10,2025-10-12/2025-10-18,4303
1208,-1673,MNK,MNKZ25,M30,2025-10-16 05:00:00,1760590800,48450.0,48465.0,48415.0,48415.0,0,0,4,2025-10-12/2025-10-18,4303
1209,-1672,MNK,MNKZ25,M30,2025-10-16 05:30:00,1760592600,48400.0,48465.0,48400.0,48415.0,0,0,24,2025-10-12/2025-10-18,4303
1210,-1671,MNK,MNKZ25,M30,2025-10-16 06:00:00,1760594400,48450.0,48450.0,48370.0,48375.0,0,0,22,2025-10-12/2025-10-18,4303
1211,-1670,MNK,MNKZ25,M30,2025-10-16 06:30:00,1760596200,48485.0,48575.0,48485.0,48575.0,0,0,10,2025-10-12/2025-10-18,4303
1212,-1669,MNK,MNKZ25,M30,2025-10-16 07:00:00,1760598000,48585.0,48585.0,48480.0,48480.0,0,0,8,2025-10-12/2025-10-18,4303
1213,-1668,MNK,MNKZ25,M30,2025-10-16 07:30:00,1760599800,48435.0,48605.0,48405.0,48595.0,0,0,25,2025-10-12/2025-10-18,4303
1214,-1667,MNK,MNKZ25,M30,2025-10-16 08:00:00,1760601600,48565.0,48565.0,48490.0,48490.0,0,0,4,2025-10-12/2025-10-18,4303
1215,-1666,MNK,MNKZ25,M30,2025-10-16 09:00:00,1760605200,48520.0,48520.0,48520.0,48520.0,0,0,1,2025-10-12/2025-10-18,4303
1216,-1665,MNK,MNKZ25,M30,2025-10-16 09:30:00,1760607000,48550.0,48550.0,48550.0,48550.0,0,0,2,2025-10-12/2025-10-18,4303
1217,-1664,MNK,MNKZ25,M30,2025-10-16 10:30:00,1760610600,48570.0,48585.0,48555.0,48555.0,0,0,3,2025-10-12/2025-10-18,4303
1218,-1663,MNK,MNKZ25,M30,2025-10-16 11:00:00,1760612400,48550.0,48610.0,48550.0,48610.0,0,0,11,2025-10-12/2025-10-18,4303
1219,-1662,MNK,MNKZ25,M30,2025-10-16 11:30:00,1760614200,48620.0,48620.0,48575.0,48595.0,0,0,10,2025-10-12/2025-10-18,4303
1220,-1661,MNK,MNKZ25,M30,2025-10-16 12:00:00,1760616000,48505.0,48525.0,48505.0,48525.0,0,0,2,2025-10-12/2025-10-18,4303
1221,-1660,MNK,MNKZ25,M30,2025-10-16 12:30:00,1760617800,48615.0,48615.0,48595.0,48605.0,0,0,13,2025-10-12/2025-10-18,4303
1222,-1659,MNK,MNKZ25,M30,2025-10-16 13:00:00,1760619600,48650.0,48650.0,48575.0,48575.0,0,0,12,2025-10-12/2025-10-18,4303
1223,-1658,MNK,MNKZ25,M30,2025-10-16 13:30:00,1760621400,48525.0,48535.0,48450.0,48450.0,0,0,6,2025-10-12/2025-10-18,4303
1224,-1657,MNK,MNKZ25,M30,2025-10-16 14:00:00,1760623200,48450.0,48470.0,48380.0,48470.0,0,0,7,2025-10-12/2025-10-18,4303
1225,-1656,MNK,MNKZ25,M30,2025-10-16 14:30:00,1760625000,48510.0,48580.0,48435.0,48435.0,0,0,9,2025-10-12/2025-10-18,4303
1226,-1655,MNK,MNKZ25,M30,2025-10-16 15:00:00,1760626800,48430.0,48510.0,48320.0,48320.0,0,0,20,2025-10-12/2025-10-18,4303
1227,-1654,MNK,MNKZ25,M30,2025-10-16 15:30:00,1760628600,48335.0,48370.0,48265.0,48270.0,0,0,21,2025-10-12/2025-10-18,4303
1228,-1653,MNK,MNKZ25,M30,2025-10-16 16:00:00,1760630400,48325.0,48355.0,48145.0,48150.0,0,0,13,2025-10-12/2025-10-18,4303
1229,-1652,MNK,MNKZ25,M30,2025-10-16 16:30:00,1760632200,48120.0,48230.0,48000.0,48230.0,0,0,54,2025-10-12/2025-10-18,4303
1230,-1651,MNK,MNKZ25,M30,2025-10-16 17:00:00,1760634000,48240.0,48255.0,48240.0,48255.0,0,0,2,2025-10-12/2025-10-18,4303
1231,-1650,MNK,MNKZ25,M30,2025-10-16 17:30:00,1760635800,48160.0,48200.0,48160.0,48200.0,0,0,7,2025-10-12/2025-10-18,4303
1232,-1649,MNK,MNKZ25,M30,2025-10-16 18:00:00,1760637600,48095.0,48095.0,47875.0,48020.0,0,0,26,2025-10-12/2025-10-18,4303
1233,-1648,MNK,MNKZ25,M30,2025-10-16 18:30:00,1760639400,47940.0,48125.0,47930.0,48125.0,0,0,13,2025-10-12/2025-10-18,4303
1234,-1647,MNK,MNKZ25,M30,2025-10-16 19:00:00,1760641200,48070.0,48070.0,48035.0,48035.0,0,0,2,2025-10-12/2025-10-18,4303
1235,-1646,MNK,MNKZ25,M30,2025-10-16 19:30:00,1760643000,48010.0,48160.0,48005.0,48110.0,0,0,19,2025-10-12/2025-10-18,4303
1236,-1645,MNK,MNKZ25,M30,2025-10-16 20:00:00,1760644800,48135.0,48135.0,47995.0,48040.0,0,0,28,2025-10-12/2025-10-18,4303
1237,-1644,MNK,MNKZ25,M30,2025-10-16 22:00:00,1760652000,48190.0,48225.0,48130.0,48130.0,0,0,13,2025-10-12/2025-10-18,4303
1238,-1643,MNK,MNKZ25,M30,2025-10-16 22:30:00,1760653800,48150.0,48150.0,48075.0,48090.0,0,0,4,2025-10-12/2025-10-18,4303
1239,-1642,MNK,MNKZ25,M30,2025-10-16 23:00:00,1760655600,48000.0,48035.0,47975.0,48025.0,0,0,19,2025-10-12/2025-10-18,4303
1240,-1641,MNK,MNKZ25,M30,2025-10-16 23:30:00,1760657400,47785.0,47895.0,47785.0,47895.0,0,0,6,2025-10-12/2025-10-18,4303
1241,-1640,MNK,MNKZ25,M30,2025-10-17 00:00:00,1760659200,47850.0,48065.0,47850.0,47920.0,0,0,17,2025-10-12/2025-10-18,4303
1242,-1639,MNK,MNKZ25,M30,2025-10-17 00:30:00,1760661000,47905.0,48000.0,47900.0,47905.0,0,0,5,2025-10-12/2025-10-18,4303
1243,-1638,MNK,MNKZ25,M30,2025-10-17 01:00:00,1760662800,48115.0,48270.0,48115.0,48270.0,0,0,19,2025-10-12/2025-10-18,4303
1244,-1637,MNK,MNKZ25,M30,2025-10-17 01:30:00,1760664600,48245.0,48270.0,48000.0,48000.0,0,0,11,2025-10-12/2025-10-18,4303
1245,-1636,MNK,MNKZ25,M30,2025-10-17 02:00:00,1760666400,48020.0,48050.0,47960.0,48040.0,0,0,16,2025-10-12/2025-10-18,4303
1246,-1635,MNK,MNKZ25,M30,2025-10-17 02:30:00,1760668200,48035.0,48055.0,47975.0,47975.0,0,0,6,2025-10-12/2025-10-18,4303
1247,-1634,MNK,MNKZ25,M30,2025-10-17 03:00:00,1760670000,47940.0,47965.0,47940.0,47965.0,0,0,6,2025-10-12/2025-10-18,4303
1248,-1633,MNK,MNKZ25,M30,2025-10-17 03:30:00,1760671800,47930.0,47935.0,47750.0,47855.0,0,0,91,2025-10-12/2025-10-18,4303
1249,-1632,MNK,MNKZ25,M30,2025-10-17 04:00:00,1760673600,47905.0,47910.0,47750.0,47775.0,0,0,61,2025-10-12/2025-10-18,4303
1250,-1631,MNK,MNKZ25,M30,2025-10-17 04:30:00,1760675400,47810.0,47810.0,47755.0,47755.0,0,0,3,2025-10-12/2025-10-18,4303
1251,-1630,MNK,MNKZ25,M30,2025-10-17 05:00:00,1760677200,47745.0,47785.0,47700.0,47785.0,0,0,7,2025-10-12/2025-10-18,4303
1252,-1629,MNK,MNKZ25,M30,2025-10-17 05:30:00,1760679000,47710.0,47745.0,47680.0,47745.0,0,0,13,2025-10-12/2025-10-18,4303
1253,-1628,MNK,MNKZ25,M30,2025-10-17 06:00:00,1760680800,47760.0,47760.0,47650.0,47670.0,0,0,32,2025-10-12/2025-10-18,4303
1254,-1627,MNK,MNKZ25,M30,2025-10-17 06:30:00,1760682600,47685.0,47715.0,47605.0,47605.0,0,0,21,2025-10-12/2025-10-18,4303
1255,-1626,MNK,MNKZ25,M30,2025-10-17 07:00:00,1760684400,47600.0,47600.0,47170.0,47390.0,0,0,49,2025-10-12/2025-10-18,4303
1256,-1625,MNK,MNKZ25,M30,2025-10-17 07:30:00,1760686200,47215.0,47265.0,47215.0,47255.0,0,0,13,2025-10-12/2025-10-18,4303
1257,-1624,MNK,MNKZ25,M30,2025-10-17 08:00:00,1760688000,47340.0,47415.0,47245.0,47415.0,0,0,88,2025-10-12/2025-10-18,4303
1258,-1623,MNK,MNKZ25,M30,2025-10-17 08:30:00,1760689800,47420.0,47520.0,47420.0,47520.0,0,0,53,2025-10-12/2025-10-18,4303
1259,-1622,MNK,MNKZ25,M30,2025-10-17 09:00:00,1760691600,47525.0,47700.0,47525.0,47675.0,0,0,9,2025-10-12/2025-10-18,4303
1260,-1621,MNK,MNKZ25,M30,2025-10-17 09:30:00,1760693400,47700.0,47730.0,47605.0,47655.0,0,0,15,2025-10-12/2025-10-18,4303
1261,-1620,MNK,MNKZ25,M30,2025-10-17 10:00:00,1760695200,47625.0,47630.0,47555.0,47555.0,0,0,28,2025-10-12/2025-10-18,4303
1262,-1619,MNK,MNKZ25,M30,2025-10-17 10:30:00,1760697000,47575.0,47775.0,47575.0,47755.0,0,0,16,2025-10-12/2025-10-18,4303
1263,-1618,MNK,MNKZ25,M30,2025-10-17 11:00:00,1760698800,47800.0,48140.0,47800.0,48070.0,0,0,79,2025-10-12/2025-10-18,4303
1264,-1617,MNK,MNKZ25,M30,2025-10-17 11:30:00,1760700600,48090.0,48090.0,48030.0,48030.0,0,0,12,2025-10-12/2025-10-18,4303
1265,-1616,MNK,MNKZ25,M30,2025-10-17 12:00:00,1760702400,48140.0,48205.0,48120.0,48205.0,0,0,12,2025-10-12/2025-10-18,4303
1266,-1615,MNK,MNKZ25,M30,2025-10-17 12:30:00,1760704200,48160.0,48160.0,48160.0,48160.0,0,0,4,2025-10-12/2025-10-18,4303
1267,-1614,MNK,MNKZ25,M30,2025-10-17 13:00:00,1760706000,48125.0,48160.0,48125.0,48140.0,0,0,33,2025-10-12/2025-10-18,4303
1268,-1613,MNK,MNKZ25,M30,2025-10-17 13:30:00,1760707800,48100.0,48320.0,48015.0,48220.0,0,0,121,2025-10-12/2025-10-18,4303
1269,-1612,MNK,MNKZ25,M30,2025-10-17 14:00:00,1760709600,48165.0,48415.0,48165.0,48330.0,0,0,51,2025-10-12/2025-10-18,4303
1270,-1611,MNK,MNKZ25,M30,2025-10-17 14:30:00,1760711400,48270.0,48270.0,48090.0,48090.0,0,0,18,2025-10-12/2025-10-18,4303
1271,-1610,MNK,MNKZ25,M30,2025-10-17 15:00:00,1760713200,48160.0,48180.0,48010.0,48020.0,0,0,18,2025-10-12/2025-10-18,4303
1272,-1609,MNK,MNKZ25,M30,2025-10-17 15:30:00,1760715000,48090.0,48275.0,48090.0,48260.0,0,0,51,2025-10-12/2025-10-18,4303
1273,-1608,MNK,MNKZ25,M30,2025-10-17 16:00:00,1760716800,48255.0,48340.0,48255.0,48330.0,0,0,5,2025-10-12/2025-10-18,4303
1274,-1607,MNK,MNKZ25,M30,2025-10-17 16:30:00,1760718600,48300.0,48300.0,48270.0,48270.0,0,0,2,2025-10-12/2025-10-18,4303
1275,-1606,MNK,MNKZ25,M30,2025-10-17 17:30:00,1760722200,48275.0,48300.0,48200.0,48300.0,0,0,9,2025-10-12/2025-10-18,4303
1276,-1605,MNK,MNKZ25,M30,2025-10-17 18:00:00,1760724000,48395.0,48395.0,48380.0,48380.0,0,0,12,2025-10-12/2025-10-18,4303
1277,-1604,MNK,MNKZ25,M30,2025-10-17 18:30:00,1760725800,48380.0,48400.0,48340.0,48360.0,0,0,53,2025-10-12/2025-10-18,4303
1278,-1603,MNK,MNKZ25,M30,2025-10-17 19:00:00,1760727600,48415.0,48415.0,48410.0,48410.0,0,0,2,2025-10-12/2025-10-18,4303
1279,-1602,MNK,MNKZ25,M30,2025-10-17 19:30:00,1760729400,48360.0,48400.0,48360.0,48360.0,0,0,17,2025-10-12/2025-10-18,4303
1280,-1601,MNK,MNKZ25,M30,2025-10-17 20:00:00,1760731200,48360.0,48365.0,48360.0,48365.0,0,0,1,2025-10-12/2025-10-18,4303
1281,-1600,MNK,MNKZ25,M30,2025-10-17 20:30:00,1760733000,48370.0,48370.0,48365.0,48365.0,0,0,2,2025-10-12/2025-10-18,4303
1282,-1599,MNK,MNKZ25,M30,2025-10-19 22:00:00,1760911200,48485.0,48685.0,48485.0,48585.0,0,0,28,2025-10-19/2025-10-25,4251
1283,-1598,MNK,MNKZ25,M30,2025-10-19 22:30:00,1760913000,48615.0,48690.0,48615.0,48650.0,0,0,16,2025-10-19/2025-10-25,4251
1284,-1597,MNK,MNKZ25,M30,2025-10-19 23:00:00,1760914800,48670.0,48690.0,48590.0,48590.0,0,0,12,2025-10-19/2025-10-25,4251
1285,-1596,MNK,MNKZ25,M30,2025-10-19 23:30:00,1760916600,48595.0,48640.0,48495.0,48640.0,0,0,8,2025-10-19/2025-10-25,4251
1286,-1595,MNK,MNKZ25,M30,2025-10-20 00:00:00,1760918400,48615.0,48705.0,48485.0,48705.0,0,0,71,2025-10-19/2025-10-25,4251
1287,-1594,MNK,MNKZ25,M30,2025-10-20 00:30:00,1760920200,48685.0,48980.0,48665.0,48930.0,0,0,65,2025-10-19/2025-10-25,4251
1288,-1593,MNK,MNKZ25,M30,2025-10-20 01:00:00,1760922000,48905.0,48985.0,48905.0,48970.0,0,0,51,2025-10-19/2025-10-25,4251
1289,-1592,MNK,MNKZ25,M30,2025-10-20 01:30:00,1760923800,49005.0,49105.0,49005.0,49060.0,0,0,37,2025-10-19/2025-10-25,4251
1290,-1591,MNK,MNKZ25,M30,2025-10-20 02:00:00,1760925600,49095.0,49115.0,49045.0,49115.0,0,0,97,2025-10-19/2025-10-25,4251
1291,-1590,MNK,MNKZ25,M30,2025-10-20 02:30:00,1760927400,49120.0,49175.0,49120.0,49165.0,0,0,46,2025-10-19/2025-10-25,4251
1292,-1589,MNK,MNKZ25,M30,2025-10-20 03:00:00,1760929200,49155.0,49155.0,49150.0,49150.0,0,0,7,2025-10-19/2025-10-25,4251
1293,-1588,MNK,MNKZ25,M30,2025-10-20 03:30:00,1760931000,49090.0,49090.0,49045.0,49045.0,0,0,12,2025-10-19/2025-10-25,4251
1294,-1587,MNK,MNKZ25,M30,2025-10-20 04:00:00,1760932800,49045.0,49125.0,49025.0,49125.0,0,0,14,2025-10-19/2025-10-25,4251
1295,-1586,MNK,MNKZ25,M30,2025-10-20 04:30:00,1760934600,49095.0,49105.0,49040.0,49105.0,0,0,8,2025-10-19/2025-10-25,4251
1296,-1585,MNK,MNKZ25,M30,2025-10-20 05:00:00,1760936400,49085.0,49135.0,49085.0,49135.0,0,0,32,2025-10-19/2025-10-25,4251
1297,-1584,MNK,MNKZ25,M30,2025-10-20 05:30:00,1760938200,49150.0,49235.0,49150.0,49225.0,0,0,13,2025-10-19/2025-10-25,4251
1298,-1583,MNK,MNKZ25,M30,2025-10-20 06:00:00,1760940000,49170.0,49300.0,49170.0,49300.0,0,0,29,2025-10-19/2025-10-25,4251
1299,-1582,MNK,MNKZ25,M30,2025-10-20 06:30:00,1760941800,49350.0,49410.0,49350.0,49365.0,0,0,4,2025-10-19/2025-10-25,4251
1300,-1581,MNK,MNKZ25,M30,2025-10-20 07:00:00,1760943600,49330.0,49410.0,49330.0,49385.0,0,0,11,2025-10-19/2025-10-25,4251
1301,-1580,MNK,MNKZ25,M30,2025-10-20 07:30:00,1760945400,49385.0,49400.0,49340.0,49400.0,0,0,11,2025-10-19/2025-10-25,4251
1302,-1579,MNK,MNKZ25,M30,2025-10-20 08:00:00,1760947200,49415.0,49420.0,49330.0,49355.0,0,0,29,2025-10-19/2025-10-25,4251
1303,-1578,MNK,MNKZ25,M30,2025-10-20 08:30:00,1760949000,49310.0,49315.0,49200.0,49260.0,0,0,34,2025-10-19/2025-10-25,4251
1304,-1577,MNK,MNKZ25,M30,2025-10-20 09:00:00,1760950800,49205.0,49245.0,49205.0,49225.0,0,0,7,2025-10-19/2025-10-25,4251
1305,-1576,MNK,MNKZ25,M30,2025-10-20 09:30:00,1760952600,49300.0,49405.0,49300.0,49405.0,0,0,22,2025-10-19/2025-10-25,4251
1306,-1575,MNK,MNKZ25,M30,2025-10-20 10:00:00,1760954400,49425.0,49425.0,49410.0,49410.0,0,0,8,2025-10-19/2025-10-25,4251
1307,-1574,MNK,MNKZ25,M30,2025-10-20 10:30:00,1760956200,49450.0,49475.0,49365.0,49395.0,0,0,31,2025-10-19/2025-10-25,4251
1308,-1573,MNK,MNKZ25,M30,2025-10-20 11:00:00,1760958000,49360.0,49440.0,49360.0,49440.0,0,0,14,2025-10-19/2025-10-25,4251
1309,-1572,MNK,MNKZ25,M30,2025-10-20 11:30:00,1760959800,49455.0,49510.0,49440.0,49510.0,0,0,9,2025-10-19/2025-10-25,4251
1310,-1571,MNK,MNKZ25,M30,2025-10-20 12:00:00,1760961600,49490.0,49495.0,49470.0,49470.0,0,0,11,2025-10-19/2025-10-25,4251
1311,-1570,MNK,MNKZ25,M30,2025-10-20 12:30:00,1760963400,49470.0,49485.0,49470.0,49480.0,0,0,12,2025-10-19/2025-10-25,4251
1312,-1569,MNK,MNKZ25,M30,2025-10-20 13:00:00,1760965200,49550.0,49595.0,49550.0,49580.0,0,0,23,2025-10-19/2025-10-25,4251
1313,-1568,MNK,MNKZ25,M30,2025-10-20 13:30:00,1760967000,49625.0,49720.0,49620.0,49665.0,0,0,123,2025-10-19/2025-10-25,4251
1314,-1567,MNK,MNKZ25,M30,2025-10-20 14:00:00,1760968800,49725.0,49795.0,49690.0,49795.0,0,0,21,2025-10-19/2025-10-25,4251
1315,-1566,MNK,MNKZ25,M30,2025-10-20 14:30:00,1760970600,49785.0,49885.0,49780.0,49885.0,0,0,61,2025-10-19/2025-10-25,4251
1316,-1565,MNK,MNKZ25,M30,2025-10-20 15:00:00,1760972400,49860.0,49865.0,49805.0,49835.0,0,0,21,2025-10-19/2025-10-25,4251
1317,-1564,MNK,MNKZ25,M30,2025-10-20 15:30:00,1760974200,49845.0,49845.0,49785.0,49800.0,0,0,25,2025-10-19/2025-10-25,4251
1318,-1563,MNK,MNKZ25,M30,2025-10-20 16:00:00,1760976000,49775.0,49810.0,49775.0,49810.0,0,0,2,2025-10-19/2025-10-25,4251
1319,-1562,MNK,MNKZ25,M30,2025-10-20 16:30:00,1760977800,49800.0,49800.0,49800.0,49800.0,0,0,1,2025-10-19/2025-10-25,4251
1320,-1561,MNK,MNKZ25,M30,2025-10-20 17:00:00,1760979600,49835.0,49835.0,49835.0,49835.0,0,0,2,2025-10-19/2025-10-25,4251
1321,-1560,MNK,MNKZ25,M30,2025-10-20 18:00:00,1760983200,49815.0,49815.0,49815.0,49815.0,0,0,1,2025-10-19/2025-10-25,4251
1322,-1559,MNK,MNKZ25,M30,2025-10-20 18:30:00,1760985000,49805.0,49805.0,49805.0,49805.0,0,0,1,2025-10-19/2025-10-25,4251
1323,-1558,MNK,MNKZ25,M30,2025-10-20 19:00:00,1760986800,49805.0,49805.0,49765.0,49800.0,0,0,5,2025-10-19/2025-10-25,4251
1324,-1557,MNK,MNKZ25,M30,2025-10-20 19:30:00,1760988600,49790.0,49795.0,49770.0,49770.0,0,0,25,2025-10-19/2025-10-25,4251
1325,-1556,MNK,MNKZ25,M30,2025-10-20 20:00:00,1760990400,49775.0,49780.0,49760.0,49780.0,0,0,6,2025-10-19/2025-10-25,4251
1326,-1555,MNK,MNKZ25,M30,2025-10-20 20:30:00,1760992200,49800.0,49820.0,49800.0,49810.0,0,0,3,2025-10-19/2025-10-25,4251
1327,-1554,MNK,MNKZ25,M30,2025-10-20 22:00:00,1760997600,49730.0,49765.0,49725.0,49760.0,0,0,8,2025-10-19/2025-10-25,4251
1328,-1553,MNK,MNKZ25,M30,2025-10-20 23:00:00,1761001200,49785.0,49815.0,49785.0,49805.0,0,0,4,2025-10-19/2025-10-25,4251
1329,-1552,MNK,MNKZ25,M30,2025-10-20 23:30:00,1761003000,49855.0,49915.0,49830.0,49880.0,0,0,52,2025-10-19/2025-10-25,4251
1330,-1551,MNK,MNKZ25,M30,2025-10-21 00:00:00,1761004800,49935.0,49935.0,49610.0,49740.0,0,0,37,2025-10-19/2025-10-25,4251
1331,-1550,MNK,MNKZ25,M30,2025-10-21 00:30:00,1761006600,49805.0,49955.0,49805.0,49955.0,0,0,20,2025-10-19/2025-10-25,4251
1332,-1549,MNK,MNKZ25,M30,2025-10-21 01:00:00,1761008400,49945.0,50010.0,49895.0,49910.0,0,0,26,2025-10-19/2025-10-25,4251
1333,-1548,MNK,MNKZ25,M30,2025-10-21 01:30:00,1761010200,49965.0,50060.0,49965.0,50020.0,0,0,19,2025-10-19/2025-10-25,4251
1334,-1547,MNK,MNKZ25,M30,2025-10-21 02:00:00,1761012000,50100.0,50100.0,50070.0,50070.0,0,0,3,2025-10-19/2025-10-25,4251
1335,-1546,MNK,MNKZ25,M30,2025-10-21 02:30:00,1761013800,50050.0,50050.0,49965.0,50035.0,0,0,12,2025-10-19/2025-10-25,4251
1336,-1545,MNK,MNKZ25,M30,2025-10-21 03:00:00,1761015600,50035.0,50070.0,50035.0,50070.0,0,0,20,2025-10-19/2025-10-25,4251
1337,-1544,MNK,MNKZ25,M30,2025-10-21 03:30:00,1761017400,50035.0,50035.0,49665.0,49735.0,0,0,49,2025-10-19/2025-10-25,4251
1338,-1543,MNK,MNKZ25,M30,2025-10-21 04:00:00,1761019200,49750.0,49820.0,49635.0,49710.0,0,0,11,2025-10-19/2025-10-25,4251
1339,-1542,MNK,MNKZ25,M30,2025-10-21 04:30:00,1761021000,49770.0,49850.0,49380.0,49565.0,0,0,80,2025-10-19/2025-10-25,4251
1340,-1541,MNK,MNKZ25,M30,2025-10-21 05:00:00,1761022800,49600.0,49695.0,49470.0,49695.0,0,0,77,2025-10-19/2025-10-25,4251
1341,-1540,MNK,MNKZ25,M30,2025-10-21 05:30:00,1761024600,49515.0,49515.0,49335.0,49500.0,0,0,39,2025-10-19/2025-10-25,4251
1342,-1539,MNK,MNKZ25,M30,2025-10-21 06:00:00,1761026400,49510.0,49510.0,49360.0,49440.0,0,0,31,2025-10-19/2025-10-25,4251
1343,-1538,MNK,MNKZ25,M30,2025-10-21 06:30:00,1761028200,49395.0,49415.0,49250.0,49280.0,0,0,26,2025-10-19/2025-10-25,4251
1344,-1537,MNK,MNKZ25,M30,2025-10-21 07:00:00,1761030000,49285.0,49335.0,49255.0,49335.0,0,0,27,2025-10-19/2025-10-25,4251
1345,-1536,MNK,MNKZ25,M30,2025-10-21 07:30:00,1761031800,49325.0,49325.0,49300.0,49300.0,0,0,2,2025-10-19/2025-10-25,4251
1346,-1535,MNK,MNKZ25,M30,2025-10-21 08:00:00,1761033600,49300.0,49340.0,49225.0,49310.0,0,0,68,2025-10-19/2025-10-25,4251
1347,-1534,MNK,MNKZ25,M30,2025-10-21 08:30:00,1761035400,49280.0,49395.0,49280.0,49365.0,0,0,14,2025-10-19/2025-10-25,4251
1348,-1533,MNK,MNKZ25,M30,2025-10-21 09:00:00,1761037200,49400.0,49450.0,49400.0,49450.0,0,0,13,2025-10-19/2025-10-25,4251
1349,-1532,MNK,MNKZ25,M30,2025-10-21 09:30:00,1761039000,49495.0,49520.0,49470.0,49505.0,0,0,27,2025-10-19/2025-10-25,4251
1350,-1531,MNK,MNKZ25,M30,2025-10-21 10:00:00,1761040800,49475.0,49490.0,49475.0,49490.0,0,0,10,2025-10-19/2025-10-25,4251
1351,-1530,MNK,MNKZ25,M30,2025-10-21 10:30:00,1761042600,49540.0,49600.0,49535.0,49575.0,0,0,39,2025-10-19/2025-10-25,4251
1352,-1529,MNK,MNKZ25,M30,2025-10-21 11:00:00,1761044400,49585.0,49650.0,49585.0,49650.0,0,0,10,2025-10-19/2025-10-25,4251
1353,-1528,MNK,MNKZ25,M30,2025-10-21 11:30:00,1761046200,49655.0,49665.0,49625.0,49635.0,0,0,19,2025-10-19/2025-10-25,4251
1354,-1527,MNK,MNKZ25,M30,2025-10-21 12:00:00,1761048000,49630.0,49630.0,49615.0,49625.0,0,0,6,2025-10-19/2025-10-25,4251
1355,-1526,MNK,MNKZ25,M30,2025-10-21 13:00:00,1761051600,49610.0,49610.0,49390.0,49495.0,0,0,81,2025-10-19/2025-10-25,4251
1356,-1525,MNK,MNKZ25,M30,2025-10-21 13:30:00,1761053400,49460.0,49505.0,49350.0,49360.0,0,0,125,2025-10-19/2025-10-25,4251
1357,-1524,MNK,MNKZ25,M30,2025-10-21 14:00:00,1761055200,49355.0,49575.0,49350.0,49560.0,0,0,31,2025-10-19/2025-10-25,4251
1358,-1523,MNK,MNKZ25,M30,2025-10-21 14:30:00,1761057000,49490.0,49630.0,49490.0,49630.0,0,0,13,2025-10-19/2025-10-25,4251
1359,-1522,MNK,MNKZ25,M30,2025-10-21 15:00:00,1761058800,49615.0,49620.0,49540.0,49540.0,0,0,13,2025-10-19/2025-10-25,4251
1360,-1521,MNK,MNKZ25,M30,2025-10-21 15:30:00,1761060600,49500.0,49500.0,49500.0,49500.0,0,0,1,2025-10-19/2025-10-25,4251
1361,-1520,MNK,MNKZ25,M30,2025-10-21 16:00:00,1761062400,49550.0,49580.0,49550.0,49580.0,0,0,11,2025-10-19/2025-10-25,4251
1362,-1519,MNK,MNKZ25,M30,2025-10-21 16:30:00,1761064200,49565.0,49600.0,49480.0,49480.0,0,0,32,2025-10-19/2025-10-25,4251
1363,-1518,MNK,MNKZ25,M30,2025-10-21 17:00:00,1761066000,49440.0,49520.0,49440.0,49520.0,0,0,13,2025-10-19/2025-10-25,4251
1364,-1517,MNK,MNKZ25,M30,2025-10-21 17:30:00,1761067800,49525.0,49525.0,49525.0,49525.0,0,0,1,2025-10-19/2025-10-25,4251
1365,-1516,MNK,MNKZ25,M30,2025-10-21 18:00:00,1761069600,49525.0,49525.0,49525.0,49525.0,0,0,1,2025-10-19/2025-10-25,4251
1366,-1515,MNK,MNKZ25,M30,2025-10-21 18:30:00,1761071400,49525.0,49525.0,49525.0,49525.0,0,0,1,2025-10-19/2025-10-25,4251
1367,-1514,MNK,MNKZ25,M30,2025-10-21 19:30:00,1761075000,49475.0,49495.0,49450.0,49450.0,0,0,10,2025-10-19/2025-10-25,4251
1368,-1513,MNK,MNKZ25,M30,2025-10-21 20:00:00,1761076800,49450.0,49450.0,49435.0,49435.0,0,0,1,2025-10-19/2025-10-25,4251
1369,-1512,MNK,MNKZ25,M30,2025-10-21 20:30:00,1761078600,49475.0,49475.0,49450.0,49450.0,0,0,2,2025-10-19/2025-10-25,4251
1370,-1511,MNK,MNKZ25,M30,2025-10-21 22:00:00,1761084000,49440.0,49440.0,49440.0,49440.0,0,0,1,2025-10-19/2025-10-25,4251
1371,-1510,MNK,MNKZ25,M30,2025-10-21 22:30:00,1761085800,49505.0,49515.0,49505.0,49515.0,0,0,12,2025-10-19/2025-10-25,4251
1372,-1509,MNK,MNKZ25,M30,2025-10-21 23:00:00,1761087600,49480.0,49490.0,49480.0,49490.0,0,0,4,2025-10-19/2025-10-25,4251
1373,-1508,MNK,MNKZ25,M30,2025-10-21 23:30:00,1761089400,49435.0,49440.0,49380.0,49420.0,0,0,21,2025-10-19/2025-10-25,4251
1374,-1507,MNK,MNKZ25,M30,2025-10-22 00:00:00,1761091200,49340.0,49375.0,49000.0,49120.0,0,0,62,2025-10-19/2025-10-25,4251
1375,-1506,MNK,MNKZ25,M30,2025-10-22 00:30:00,1761093000,49085.0,49090.0,48795.0,48795.0,0,0,119,2025-10-19/2025-10-25,4251
1376,-1505,MNK,MNKZ25,M30,2025-10-22 01:00:00,1761094800,48800.0,49020.0,48800.0,49020.0,0,0,48,2025-10-19/2025-10-25,4251
1377,-1504,MNK,MNKZ25,M30,2025-10-22 01:30:00,1761096600,49055.0,49105.0,49015.0,49050.0,0,0,60,2025-10-19/2025-10-25,4251
1378,-1503,MNK,MNKZ25,M30,2025-10-22 02:00:00,1761098400,49135.0,49245.0,49135.0,49200.0,0,0,23,2025-10-19/2025-10-25,4251
1379,-1502,MNK,MNKZ25,M30,2025-10-22 02:30:00,1761100200,49210.0,49210.0,49210.0,49210.0,0,0,3,2025-10-19/2025-10-25,4251
1380,-1501,MNK,MNKZ25,M30,2025-10-22 03:00:00,1761102000,49190.0,49285.0,49190.0,49270.0,0,0,18,2025-10-19/2025-10-25,4251
1381,-1500,MNK,MNKZ25,M30,2025-10-22 03:30:00,1761103800,49270.0,49490.0,49145.0,49490.0,0,0,41,2025-10-19/2025-10-25,4251
1382,-1499,MNK,MNKZ25,M30,2025-10-22 04:00:00,1761105600,49460.0,49535.0,49425.0,49425.0,0,0,39,2025-10-19/2025-10-25,4251
1383,-1498,MNK,MNKZ25,M30,2025-10-22 04:30:00,1761107400,49480.0,49560.0,49480.0,49510.0,0,0,6,2025-10-19/2025-10-25,4251
1384,-1497,MNK,MNKZ25,M30,2025-10-22 05:00:00,1761109200,49500.0,49500.0,49500.0,49500.0,0,0,4,2025-10-19/2025-10-25,4251
1385,-1496,MNK,MNKZ25,M30,2025-10-22 05:30:00,1761111000,49410.0,49530.0,49410.0,49495.0,0,0,7,2025-10-19/2025-10-25,4251
1386,-1495,MNK,MNKZ25,M30,2025-10-22 06:00:00,1761112800,49555.0,49785.0,49405.0,49420.0,0,0,150,2025-10-19/2025-10-25,4251
1387,-1494,MNK,MNKZ25,M30,2025-10-22 06:30:00,1761114600,49425.0,49425.0,49330.0,49390.0,0,0,71,2025-10-19/2025-10-25,4251
1388,-1493,MNK,MNKZ25,M30,2025-10-22 07:00:00,1761116400,49355.0,49355.0,49290.0,49320.0,0,0,26,2025-10-19/2025-10-25,4251
1389,-1492,MNK,MNKZ25,M30,2025-10-22 07:30:00,1761118200,49360.0,49365.0,49360.0,49365.0,0,0,11,2025-10-19/2025-10-25,4251
1390,-1491,MNK,MNKZ25,M30,2025-10-22 08:00:00,1761120000,49215.0,49215.0,49100.0,49135.0,0,0,22,2025-10-19/2025-10-25,4251
1391,-1490,MNK,MNKZ25,M30,2025-10-22 08:30:00,1761121800,49120.0,49130.0,49120.0,49130.0,0,0,20,2025-10-19/2025-10-25,4251
1392,-1489,MNK,MNKZ25,M30,2025-10-22 09:00:00,1761123600,49080.0,49165.0,49060.0,49165.0,0,0,14,2025-10-19/2025-10-25,4251
1393,-1488,MNK,MNKZ25,M30,2025-10-22 09:30:00,1761125400,49180.0,49180.0,49140.0,49140.0,0,0,4,2025-10-19/2025-10-25,4251
1394,-1487,MNK,MNKZ25,M30,2025-10-22 10:30:00,1761129000,49215.0,49215.0,49205.0,49205.0,0,0,2,2025-10-19/2025-10-25,4251
1395,-1486,MNK,MNKZ25,M30,2025-10-22 11:00:00,1761130800,49120.0,49120.0,49035.0,49105.0,0,0,19,2025-10-19/2025-10-25,4251
1396,-1485,MNK,MNKZ25,M30,2025-10-22 11:30:00,1761132600,49075.0,49075.0,49000.0,49000.0,0,0,6,2025-10-19/2025-10-25,4251
1397,-1484,MNK,MNKZ25,M30,2025-10-22 12:00:00,1761134400,49030.0,49105.0,49030.0,49105.0,0,0,13,2025-10-19/2025-10-25,4251
1398,-1483,MNK,MNKZ25,M30,2025-10-22 13:00:00,1761138000,49165.0,49165.0,49165.0,49165.0,0,0,2,2025-10-19/2025-10-25,4251
1399,-1482,MNK,MNKZ25,M30,2025-10-22 13:30:00,1761139800,49100.0,49250.0,49100.0,49250.0,0,0,23,2025-10-19/2025-10-25,4251
1400,-1481,MNK,MNKZ25,M30,2025-10-22 14:00:00,1761141600,49235.0,49235.0,49005.0,49010.0,0,0,41,2025-10-19/2025-10-25,4251
1401,-1480,MNK,MNKZ25,M30,2025-10-22 14:30:00,1761143400,49065.0,49065.0,48905.0,49035.0,0,0,36,2025-10-19/2025-10-25,4251
1402,-1479,MNK,MNKZ25,M30,2025-10-22 15:00:00,1761145200,49000.0,49000.0,48885.0,48885.0,0,0,49,2025-10-19/2025-10-25,4251
1403,-1478,MNK,MNKZ25,M30,2025-10-22 15:30:00,1761147000,48850.0,48940.0,48850.0,48940.0,0,0,3,2025-10-19/2025-10-25,4251
1404,-1477,MNK,MNKZ25,M30,2025-10-22 16:00:00,1761148800,48870.0,48870.0,48845.0,48845.0,0,0,12,2025-10-19/2025-10-25,4251
1405,-1476,MNK,MNKZ25,M30,2025-10-22 16:30:00,1761150600,48860.0,48860.0,48590.0,48830.0,0,0,127,2025-10-19/2025-10-25,4251
1406,-1475,MNK,MNKZ25,M30,2025-10-22 17:00:00,1761152400,48810.0,48810.0,48805.0,48805.0,0,0,2,2025-10-19/2025-10-25,4251
1407,-1474,MNK,MNKZ25,M30,2025-10-22 17:30:00,1761154200,48635.0,48635.0,48530.0,48580.0,0,0,35,2025-10-19/2025-10-25,4251
1408,-1473,MNK,MNKZ25,M30,2025-10-22 18:00:00,1761156000,48665.0,48690.0,48580.0,48610.0,0,0,26,2025-10-19/2025-10-25,4251
1409,-1472,MNK,MNKZ25,M30,2025-10-22 18:30:00,1761157800,48730.0,48730.0,48705.0,48705.0,0,0,3,2025-10-19/2025-10-25,4251
1410,-1471,MNK,MNKZ25,M30,2025-10-22 19:00:00,1761159600,48760.0,48845.0,48760.0,48845.0,0,0,35,2025-10-19/2025-10-25,4251
1411,-1470,MNK,MNKZ25,M30,2025-10-22 19:30:00,1761161400,48865.0,48915.0,48865.0,48910.0,0,0,12,2025-10-19/2025-10-25,4251
1412,-1469,MNK,MNKZ25,M30,2025-10-22 20:00:00,1761163200,48930.0,48945.0,48905.0,48945.0,0,0,12,2025-10-19/2025-10-25,4251
1413,-1468,MNK,MNKZ25,M30,2025-10-22 20:30:00,1761165000,48875.0,48875.0,48875.0,48875.0,0,0,2,2025-10-19/2025-10-25,4251
1414,-1467,MNK,MNKZ25,M30,2025-10-22 23:30:00,1761175800,48830.0,48840.0,48785.0,48840.0,0,0,13,2025-10-19/2025-10-25,4251
1415,-1466,MNK,MNKZ25,M30,2025-10-23 00:00:00,1761177600,48685.0,48825.0,48580.0,48825.0,0,0,13,2025-10-19/2025-10-25,4251
1416,-1465,MNK,MNKZ25,M30,2025-10-23 00:30:00,1761179400,48840.0,48840.0,48680.0,48745.0,0,0,21,2025-10-19/2025-10-25,4251
1417,-1464,MNK,MNKZ25,M30,2025-10-23 01:00:00,1761181200,48815.0,48830.0,48720.0,48810.0,0,0,11,2025-10-19/2025-10-25,4251
1418,-1463,MNK,MNKZ25,M30,2025-10-23 01:30:00,1761183000,48810.0,48900.0,48780.0,48780.0,0,0,14,2025-10-19/2025-10-25,4251
1419,-1462,MNK,MNKZ25,M30,2025-10-23 02:00:00,1761184800,48780.0,48780.0,48740.0,48740.0,0,0,11,2025-10-19/2025-10-25,4251
1420,-1461,MNK,MNKZ25,M30,2025-10-23 02:30:00,1761186600,48835.0,48850.0,48825.0,48830.0,0,0,20,2025-10-19/2025-10-25,4251
1421,-1460,MNK,MNKZ25,M30,2025-10-23 03:00:00,1761188400,48790.0,48820.0,48790.0,48820.0,0,0,2,2025-10-19/2025-10-25,4251
1422,-1459,MNK,MNKZ25,M30,2025-10-23 03:30:00,1761190200,48760.0,48830.0,48725.0,48830.0,0,0,9,2025-10-19/2025-10-25,4251
1423,-1458,MNK,MNKZ25,M30,2025-10-23 04:00:00,1761192000,48815.0,48815.0,48700.0,48755.0,0,0,18,2025-10-19/2025-10-25,4251
1424,-1457,MNK,MNKZ25,M30,2025-10-23 04:30:00,1761193800,48710.0,48710.0,48620.0,48620.0,0,0,8,2025-10-19/2025-10-25,4251
1425,-1456,MNK,MNKZ25,M30,2025-10-23 05:00:00,1761195600,48605.0,48695.0,48580.0,48695.0,0,0,4,2025-10-19/2025-10-25,4251
1426,-1455,MNK,MNKZ25,M30,2025-10-23 05:30:00,1761197400,48730.0,48770.0,48705.0,48760.0,0,0,36,2025-10-19/2025-10-25,4251
1427,-1454,MNK,MNKZ25,M30,2025-10-23 06:00:00,1761199200,48800.0,48810.0,48800.0,48805.0,0,0,4,2025-10-19/2025-10-25,4251
1428,-1453,MNK,MNKZ25,M30,2025-10-23 06:30:00,1761201000,48755.0,48840.0,48750.0,48840.0,0,0,4,2025-10-19/2025-10-25,4251
1429,-1452,MNK,MNKZ25,M30,2025-10-23 07:00:00,1761202800,48865.0,48915.0,48800.0,48800.0,0,0,31,2025-10-19/2025-10-25,4251
1430,-1451,MNK,MNKZ25,M30,2025-10-23 07:30:00,1761204600,48870.0,48870.0,48870.0,48870.0,0,0,2,2025-10-19/2025-10-25,4251
1431,-1450,MNK,MNKZ25,M30,2025-10-23 08:00:00,1761206400,48900.0,48910.0,48900.0,48910.0,0,0,7,2025-10-19/2025-10-25,4251
1432,-1449,MNK,MNKZ25,M30,2025-10-23 08:30:00,1761208200,48880.0,48880.0,48880.0,48880.0,0,0,1,2025-10-19/2025-10-25,4251
1433,-1448,MNK,MNKZ25,M30,2025-10-23 09:00:00,1761210000,48935.0,48935.0,48835.0,48835.0,0,0,16,2025-10-19/2025-10-25,4251
1434,-1447,MNK,MNKZ25,M30,2025-10-23 09:30:00,1761211800,48850.0,48850.0,48850.0,48850.0,0,0,2,2025-10-19/2025-10-25,4251
1435,-1446,MNK,MNKZ25,M30,2025-10-23 10:00:00,1761213600,48870.0,48870.0,48870.0,48870.0,0,0,1,2025-10-19/2025-10-25,4251
1436,-1445,MNK,MNKZ25,M30,2025-10-23 10:30:00,1761215400,48905.0,48905.0,48905.0,48905.0,0,0,1,2025-10-19/2025-10-25,4251
1437,-1444,MNK,MNKZ25,M30,2025-10-23 11:00:00,1761217200,48880.0,48880.0,48880.0,48880.0,0,0,1,2025-10-19/2025-10-25,4251
1438,-1443,MNK,MNKZ25,M30,2025-10-23 11:30:00,1761219000,48805.0,48810.0,48805.0,48810.0,0,0,9,2025-10-19/2025-10-25,4251
1439,-1442,MNK,MNKZ25,M30,2025-10-23 12:00:00,1761220800,48780.0,48780.0,48730.0,48730.0,0,0,10,2025-10-19/2025-10-25,4251
1440,-1441,MNK,MNKZ25,M30,2025-10-23 12:30:00,1761222600,48750.0,48770.0,48715.0,48770.0,0,0,5,2025-10-19/2025-10-25,4251
1441,-1440,MNK,MNKZ25,M30,2025-10-23 13:00:00,1761224400,48710.0,48780.0,48710.0,48780.0,0,0,8,2025-10-19/2025-10-25,4251
1442,-1439,MNK,MNKZ25,M30,2025-10-23 13:30:00,1761226200,48835.0,49085.0,48835.0,49025.0,0,0,21,2025-10-19/2025-10-25,4251
1443,-1438,MNK,MNKZ25,M30,2025-10-23 14:00:00,1761228000,48965.0,49020.0,48940.0,48970.0,0,0,8,2025-10-19/2025-10-25,4251
1444,-1437,MNK,MNKZ25,M30,2025-10-23 14:30:00,1761229800,49025.0,49025.0,48980.0,49010.0,0,0,34,2025-10-19/2025-10-25,4251
1445,-1436,MNK,MNKZ25,M30,2025-10-23 15:00:00,1761231600,48960.0,49005.0,48960.0,49005.0,0,0,4,2025-10-19/2025-10-25,4251
1446,-1435,MNK,MNKZ25,M30,2025-10-23 15:30:00,1761233400,49055.0,49090.0,49055.0,49090.0,0,0,4,2025-10-19/2025-10-25,4251
1447,-1434,MNK,MNKZ25,M30,2025-10-23 16:00:00,1761235200,49090.0,49090.0,49080.0,49080.0,0,0,3,2025-10-19/2025-10-25,4251
1448,-1433,MNK,MNKZ25,M30,2025-10-23 16:30:00,1761237000,49080.0,49080.0,49080.0,49080.0,0,0,1,2025-10-19/2025-10-25,4251
1449,-1432,MNK,MNKZ25,M30,2025-10-23 17:00:00,1761238800,49050.0,49050.0,49035.0,49035.0,0,0,24,2025-10-19/2025-10-25,4251
1450,-1431,MNK,MNKZ25,M30,2025-10-23 17:30:00,1761240600,49095.0,49155.0,49080.0,49155.0,0,0,12,2025-10-19/2025-10-25,4251
1451,-1430,MNK,MNKZ25,M30,2025-10-23 18:00:00,1761242400,49130.0,49130.0,49130.0,49130.0,0,0,2,2025-10-19/2025-10-25,4251
1452,-1429,MNK,MNKZ25,M30,2025-10-23 19:30:00,1761247800,49085.0,49100.0,49080.0,49095.0,0,0,8,2025-10-19/2025-10-25,4251
1453,-1428,MNK,MNKZ25,M30,2025-10-23 20:00:00,1761249600,49095.0,49105.0,49055.0,49105.0,0,0,6,2025-10-19/2025-10-25,4251
1454,-1427,MNK,MNKZ25,M30,2025-10-23 20:30:00,1761251400,49105.0,49105.0,49105.0,49105.0,0,0,1,2025-10-19/2025-10-25,4251
1455,-1426,MNK,MNKZ25,M30,2025-10-23 22:00:00,1761256800,49090.0,49100.0,49090.0,49100.0,0,0,4,2025-10-19/2025-10-25,4251
1456,-1425,MNK,MNKZ25,M30,2025-10-23 23:30:00,1761262200,49200.0,49245.0,49200.0,49245.0,0,0,11,2025-10-19/2025-10-25,4251
1457,-1424,MNK,MNKZ25,M30,2025-10-24 00:00:00,1761264000,49250.0,49290.0,49140.0,49205.0,0,0,25,2025-10-19/2025-10-25,4251
1458,-1423,MNK,MNKZ25,M30,2025-10-24 00:30:00,1761265800,49200.0,49400.0,49195.0,49350.0,0,0,29,2025-10-19/2025-10-25,4251
1459,-1422,MNK,MNKZ25,M30,2025-10-24 01:00:00,1761267600,49305.0,49365.0,49305.0,49365.0,0,0,6,2025-10-19/2025-10-25,4251
1460,-1421,MNK,MNKZ25,M30,2025-10-24 01:30:00,1761269400,49335.0,49455.0,49310.0,49455.0,0,0,32,2025-10-19/2025-10-25,4251
1461,-1420,MNK,MNKZ25,M30,2025-10-24 02:00:00,1761271200,49480.0,49485.0,49460.0,49480.0,0,0,10,2025-10-19/2025-10-25,4251
1462,-1419,MNK,MNKZ25,M30,2025-10-24 02:30:00,1761273000,49430.0,49430.0,49430.0,49430.0,0,0,2,2025-10-19/2025-10-25,4251
1463,-1418,MNK,MNKZ25,M30,2025-10-24 03:00:00,1761274800,49415.0,49465.0,49400.0,49465.0,0,0,23,2025-10-19/2025-10-25,4251
1464,-1417,MNK,MNKZ25,M30,2025-10-24 03:30:00,1761276600,49480.0,49555.0,49480.0,49515.0,0,0,8,2025-10-19/2025-10-25,4251
1465,-1416,MNK,MNKZ25,M30,2025-10-24 04:00:00,1761278400,49490.0,49550.0,49470.0,49540.0,0,0,9,2025-10-19/2025-10-25,4251
1466,-1415,MNK,MNKZ25,M30,2025-10-24 04:30:00,1761280200,49520.0,49520.0,49520.0,49520.0,0,0,1,2025-10-19/2025-10-25,4251
1467,-1414,MNK,MNKZ25,M30,2025-10-24 05:00:00,1761282000,49440.0,49510.0,49375.0,49510.0,0,0,36,2025-10-19/2025-10-25,4251
1468,-1413,MNK,MNKZ25,M30,2025-10-24 05:30:00,1761283800,49435.0,49445.0,49385.0,49385.0,0,0,14,2025-10-19/2025-10-25,4251
1469,-1412,MNK,MNKZ25,M30,2025-10-24 06:00:00,1761285600,49445.0,49475.0,49415.0,49475.0,0,0,17,2025-10-19/2025-10-25,4251
1470,-1411,MNK,MNKZ25,M30,2025-10-24 06:30:00,1761287400,49405.0,49415.0,49405.0,49415.0,0,0,4,2025-10-19/2025-10-25,4251
1471,-1410,MNK,MNKZ25,M30,2025-10-24 07:00:00,1761289200,49285.0,49325.0,49250.0,49250.0,0,0,11,2025-10-19/2025-10-25,4251
1472,-1409,MNK,MNKZ25,M30,2025-10-24 07:30:00,1761291000,49305.0,49305.0,49290.0,49290.0,0,0,7,2025-10-19/2025-10-25,4251
1473,-1408,MNK,MNKZ25,M30,2025-10-24 08:00:00,1761292800,49290.0,49395.0,49290.0,49395.0,0,0,14,2025-10-19/2025-10-25,4251
1474,-1407,MNK,MNKZ25,M30,2025-10-24 09:00:00,1761296400,49435.0,49490.0,49435.0,49490.0,0,0,7,2025-10-19/2025-10-25,4251
1475,-1406,MNK,MNKZ25,M30,2025-10-24 09:30:00,1761298200,49520.0,49520.0,49520.0,49520.0,0,0,1,2025-10-19/2025-10-25,4251
1476,-1405,MNK,MNKZ25,M30,2025-10-24 10:30:00,1761301800,49480.0,49485.0,49480.0,49485.0,0,0,2,2025-10-19/2025-10-25,4251
1477,-1404,MNK,MNKZ25,M30,2025-10-24 11:30:00,1761305400,49510.0,49520.0,49510.0,49520.0,0,0,4,2025-10-19/2025-10-25,4251
1478,-1403,MNK,MNKZ25,M30,2025-10-24 12:00:00,1761307200,49445.0,49445.0,49445.0,49445.0,0,0,3,2025-10-19/2025-10-25,4251
1479,-1402,MNK,MNKZ25,M30,2025-10-24 12:30:00,1761309000,49550.0,49625.0,49505.0,49555.0,0,0,41,2025-10-19/2025-10-25,4251
1480,-1401,MNK,MNKZ25,M30,2025-10-24 13:00:00,1761310800,49580.0,49600.0,49580.0,49600.0,0,0,3,2025-10-19/2025-10-25,4251
1481,-1400,MNK,MNKZ25,M30,2025-10-24 13:30:00,1761312600,49630.0,49720.0,49630.0,49705.0,0,0,17,2025-10-19/2025-10-25,4251
1482,-1399,MNK,MNKZ25,M30,2025-10-24 14:00:00,1761314400,49720.0,49725.0,49665.0,49665.0,0,0,30,2025-10-19/2025-10-25,4251
1483,-1398,MNK,MNKZ25,M30,2025-10-24 14:30:00,1761316200,49585.0,49670.0,49545.0,49550.0,0,0,29,2025-10-19/2025-10-25,4251
1484,-1397,MNK,MNKZ25,M30,2025-10-24 15:00:00,1761318000,49560.0,49685.0,49560.0,49680.0,0,0,14,2025-10-19/2025-10-25,4251
1485,-1396,MNK,MNKZ25,M30,2025-10-24 15:30:00,1761319800,49655.0,49665.0,49655.0,49665.0,0,0,2,2025-10-19/2025-10-25,4251
1486,-1395,MNK,MNKZ25,M30,2025-10-24 16:00:00,1761321600,49650.0,49650.0,49650.0,49650.0,0,0,5,2025-10-19/2025-10-25,4251
1487,-1394,MNK,MNKZ25,M30,2025-10-24 16:30:00,1761323400,49625.0,49625.0,49605.0,49605.0,0,0,6,2025-10-19/2025-10-25,4251
1488,-1393,MNK,MNKZ25,M30,2025-10-24 17:00:00,1761325200,49620.0,49650.0,49620.0,49650.0,0,0,3,2025-10-19/2025-10-25,4251
1489,-1392,MNK,MNKZ25,M30,2025-10-24 19:00:00,1761332400,49665.0,49665.0,49650.0,49650.0,0,0,3,2025-10-19/2025-10-25,4251
1490,-1391,MNK,MNKZ25,M30,2025-10-24 19:30:00,1761334200,49635.0,49635.0,49625.0,49625.0,0,0,7,2025-10-19/2025-10-25,4251
1491,-1390,MNK,MNKZ25,M30,2025-10-24 20:00:00,1761336000,49635.0,49635.0,49635.0,49635.0,0,0,0,2025-10-19/2025-10-25,4251
1492,-1389,MNK,MNKZ25,M30,2025-10-24 20:30:00,1761337800,49635.0,49635.0,49635.0,49635.0,0,0,1,2025-10-19/2025-10-25,4251
1493,-1388,MNK,MNKZ25,M30,2025-10-26 22:00:00,1761516000,49765.0,50265.0,49765.0,50265.0,0,0,28,2025-10-26/2025-11-01,4380
1494,-1387,MNK,MNKZ25,M30,2025-10-26 22:30:00,1761517800,50300.0,50360.0,50300.0,50350.0,0,0,44,2025-10-26/2025-11-01,4380
1495,-1386,MNK,MNKZ25,M30,2025-10-26 23:00:00,1761519600,50350.0,50385.0,50255.0,50255.0,0,0,46,2025-10-26/2025-11-01,4380
1496,-1385,MNK,MNKZ25,M30,2025-10-26 23:30:00,1761521400,50265.0,50265.0,50120.0,50165.0,0,0,64,2025-10-26/2025-11-01,4380
1497,-1384,MNK,MNKZ25,M30,2025-10-27 00:00:00,1761523200,50110.0,50470.0,50100.0,50440.0,0,0,44,2025-10-26/2025-11-01,4380
1498,-1383,MNK,MNKZ25,M30,2025-10-27 00:30:00,1761525000,50470.0,50530.0,50230.0,50230.0,0,0,74,2025-10-26/2025-11-01,4380
1499,-1382,MNK,MNKZ25,M30,2025-10-27 01:00:00,1761526800,50220.0,50340.0,50170.0,50340.0,0,0,76,2025-10-26/2025-11-01,4380
1500,-1381,MNK,MNKZ25,M30,2025-10-27 01:30:00,1761528600,50435.0,50635.0,50435.0,50565.0,0,0,84,2025-10-26/2025-11-01,4380
1501,-1380,MNK,MNKZ25,M30,2025-10-27 02:00:00,1761530400,50540.0,50545.0,50480.0,50485.0,0,0,15,2025-10-26/2025-11-01,4380
1502,-1379,MNK,MNKZ25,M30,2025-10-27 02:30:00,1761532200,50530.0,50530.0,50530.0,50530.0,0,0,2,2025-10-26/2025-11-01,4380
1503,-1378,MNK,MNKZ25,M30,2025-10-27 03:00:00,1761534000,50555.0,50555.0,50555.0,50555.0,0,0,8,2025-10-26/2025-11-01,4380
1504,-1377,MNK,MNKZ25,M30,2025-10-27 03:30:00,1761535800,50480.0,50510.0,50405.0,50405.0,0,0,4,2025-10-26/2025-11-01,4380
1505,-1376,MNK,MNKZ25,M30,2025-10-27 04:00:00,1761537600,50440.0,50450.0,50360.0,50450.0,0,0,17,2025-10-26/2025-11-01,4380
1506,-1375,MNK,MNKZ25,M30,2025-10-27 04:30:00,1761539400,50495.0,50500.0,50495.0,50500.0,0,0,2,2025-10-26/2025-11-01,4380
1507,-1374,MNK,MNKZ25,M30,2025-10-27 05:00:00,1761541200,50500.0,50550.0,50500.0,50515.0,0,0,13,2025-10-26/2025-11-01,4380
1508,-1373,MNK,MNKZ25,M30,2025-10-27 05:30:00,1761543000,50575.0,50605.0,50575.0,50575.0,0,0,7,2025-10-26/2025-11-01,4380
1509,-1372,MNK,MNKZ25,M30,2025-10-27 06:00:00,1761544800,50600.0,50675.0,50600.0,50675.0,0,0,8,2025-10-26/2025-11-01,4380
1510,-1371,MNK,MNKZ25,M30,2025-10-27 06:30:00,1761546600,50665.0,50685.0,50635.0,50635.0,0,0,11,2025-10-26/2025-11-01,4380
1511,-1370,MNK,MNKZ25,M30,2025-10-27 07:00:00,1761548400,50650.0,50705.0,50650.0,50705.0,0,0,22,2025-10-26/2025-11-01,4380
1512,-1369,MNK,MNKZ25,M30,2025-10-27 07:30:00,1761550200,50750.0,50760.0,50695.0,50705.0,0,0,6,2025-10-26/2025-11-01,4380
1513,-1368,MNK,MNKZ25,M30,2025-10-27 08:00:00,1761552000,50725.0,50725.0,50595.0,50595.0,0,0,16,2025-10-26/2025-11-01,4380
1514,-1367,MNK,MNKZ25,M30,2025-10-27 08:30:00,1761553800,50685.0,50685.0,50685.0,50685.0,0,0,1,2025-10-26/2025-11-01,4380
1515,-1366,MNK,MNKZ25,M30,2025-10-27 09:00:00,1761555600,50665.0,50665.0,50605.0,50605.0,0,0,44,2025-10-26/2025-11-01,4380
1516,-1365,MNK,MNKZ25,M30,2025-10-27 09:30:00,1761557400,50650.0,50650.0,50650.0,50650.0,0,0,3,2025-10-26/2025-11-01,4380
1517,-1364,MNK,MNKZ25,M30,2025-10-27 10:00:00,1761559200,50635.0,50635.0,50635.0,50635.0,0,0,1,2025-10-26/2025-11-01,4380
1518,-1363,MNK,MNKZ25,M30,2025-10-27 10:30:00,1761561000,50645.0,50645.0,50645.0,50645.0,0,0,2,2025-10-26/2025-11-01,4380
1519,-1362,MNK,MNKZ25,M30,2025-10-27 11:00:00,1761562800,50610.0,50610.0,50590.0,50590.0,0,0,3,2025-10-26/2025-11-01,4380
1520,-1361,MNK,MNKZ25,M30,2025-10-27 11:30:00,1761564600,50550.0,50550.0,50530.0,50530.0,0,0,4,2025-10-26/2025-11-01,4380
1521,-1360,MNK,MNKZ25,M30,2025-10-27 12:00:00,1761566400,50545.0,50570.0,50540.0,50545.0,0,0,9,2025-10-26/2025-11-01,4380
1522,-1359,MNK,MNKZ25,M30,2025-10-27 12:30:00,1761568200,50535.0,50535.0,50535.0,50535.0,0,0,2,2025-10-26/2025-11-01,4380
1523,-1358,MNK,MNKZ25,M30,2025-10-27 13:00:00,1761570000,50535.0,50535.0,50495.0,50495.0,0,0,3,2025-10-26/2025-11-01,4380
1524,-1357,MNK,MNKZ25,M30,2025-10-27 13:30:00,1761571800,50535.0,50595.0,50510.0,50560.0,0,0,22,2025-10-26/2025-11-01,4380
1525,-1356,MNK,MNKZ25,M30,2025-10-27 14:00:00,1761573600,50535.0,50535.0,50500.0,50505.0,0,0,3,2025-10-26/2025-11-01,4380
1526,-1355,MNK,MNKZ25,M30,2025-10-27 15:00:00,1761577200,50500.0,50525.0,50470.0,50500.0,0,0,19,2025-10-26/2025-11-01,4380
1527,-1354,MNK,MNKZ25,M30,2025-10-27 15:30:00,1761579000,50520.0,50525.0,50500.0,50500.0,1,0,5,2025-10-26/2025-11-01,4380
1528,-1353,MNK,MNKZ25,M30,2025-10-27 16:00:00,1761580800,50540.0,50540.0,50540.0,50540.0,0,0,20,2025-10-26/2025-11-01,4380
1529,-1352,MNK,MNKZ25,M30,2025-10-27 16:30:00,1761582600,50560.0,50560.0,50560.0,50560.0,0,0,1,2025-10-26/2025-11-01,4380
1530,-1351,MNK,MNKZ25,M30,2025-10-27 17:00:00,1761584400,50560.0,50560.0,50560.0,50560.0,0,0,1,2025-10-26/2025-11-01,4380
1531,-1350,MNK,MNKZ25,M30,2025-10-27 17:30:00,1761586200,50550.0,50550.0,50550.0,50550.0,0,0,1,2025-10-26/2025-11-01,4380
1532,-1349,MNK,MNKZ25,M30,2025-10-27 18:00:00,1761588000,50540.0,50540.0,50540.0,50540.0,0,0,1,2025-10-26/2025-11-01,4380
1533,-1348,MNK,MNKZ25,M30,2025-10-27 19:30:00,1761593400,50535.0,50600.0,50535.0,50575.0,0,0,23,2025-10-26/2025-11-01,4380
1534,-1347,MNK,MNKZ25,M30,2025-10-27 20:00:00,1761595200,50575.0,50610.0,50550.0,50610.0,0,0,3,2025-10-26/2025-11-01,4380
1535,-1346,MNK,MNKZ25,M30,2025-10-27 20:30:00,1761597000,50620.0,50650.0,50620.0,50650.0,0,0,2,2025-10-26/2025-11-01,4380
1536,-1345,MNK,MNKZ25,M30,2025-10-27 22:00:00,1761602400,50700.0,50700.0,50610.0,50650.0,0,0,39,2025-10-26/2025-11-01,4380
1537,-1344,MNK,MNKZ25,M30,2025-10-27 23:00:00,1761606000,50685.0,50710.0,50685.0,50710.0,0,0,10,2025-10-26/2025-11-01,4380
1538,-1343,MNK,MNKZ25,M30,2025-10-27 23:30:00,1761607800,50705.0,50720.0,50480.0,50485.0,0,0,21,2025-10-26/2025-11-01,4380
1539,-1342,MNK,MNKZ25,M30,2025-10-28 00:00:00,1761609600,50465.0,50570.0,50345.0,50505.0,0,0,29,2025-10-26/2025-11-01,4380
1540,-1341,MNK,MNKZ25,M30,2025-10-28 00:30:00,1761611400,50500.0,50575.0,50450.0,50530.0,0,0,11,2025-10-26/2025-11-01,4380
1541,-1340,MNK,MNKZ25,M30,2025-10-28 01:00:00,1761613200,50515.0,50540.0,50430.0,50430.0,0,0,7,2025-10-26/2025-11-01,4380
1542,-1339,MNK,MNKZ25,M30,2025-10-28 01:30:00,1761615000,50465.0,50465.0,50465.0,50465.0,0,0,1,2025-10-26/2025-11-01,4380
1543,-1338,MNK,MNKZ25,M30,2025-10-28 02:00:00,1761616800,50390.0,50555.0,50360.0,50540.0,0,0,16,2025-10-26/2025-11-01,4380
1544,-1337,MNK,MNKZ25,M30,2025-10-28 02:30:00,1761618600,50565.0,50575.0,50530.0,50560.0,0,0,15,2025-10-26/2025-11-01,4380
1545,-1336,MNK,MNKZ25,M30,2025-10-28 03:00:00,1761620400,50560.0,50560.0,50505.0,50530.0,0,0,7,2025-10-26/2025-11-01,4380
1546,-1335,MNK,MNKZ25,M30,2025-10-28 03:30:00,1761622200,50565.0,50600.0,50565.0,50580.0,0,0,5,2025-10-26/2025-11-01,4380
1547,-1334,MNK,MNKZ25,M30,2025-10-28 04:00:00,1761624000,50580.0,50580.0,50445.0,50460.0,0,0,4,2025-10-26/2025-11-01,4380
1548,-1333,MNK,MNKZ25,M30,2025-10-28 04:30:00,1761625800,50425.0,50425.0,50340.0,50340.0,0,0,22,2025-10-26/2025-11-01,4380
1549,-1332,MNK,MNKZ25,M30,2025-10-28 05:00:00,1761627600,50330.0,50330.0,50245.0,50310.0,0,0,31,2025-10-26/2025-11-01,4380
1550,-1331,MNK,MNKZ25,M30,2025-10-28 05:30:00,1761629400,50325.0,50325.0,50260.0,50270.0,0,0,13,2025-10-26/2025-11-01,4380
1551,-1330,MNK,MNKZ25,M30,2025-10-28 06:00:00,1761631200,50305.0,50345.0,50290.0,50345.0,0,0,9,2025-10-26/2025-11-01,4380
1552,-1329,MNK,MNKZ25,M30,2025-10-28 06:30:00,1761633000,50405.0,50545.0,50405.0,50510.0,0,0,43,2025-10-26/2025-11-01,4380
1553,-1328,MNK,MNKZ25,M30,2025-10-28 07:00:00,1761634800,50530.0,50530.0,50515.0,50530.0,0,0,7,2025-10-26/2025-11-01,4380
1554,-1327,MNK,MNKZ25,M30,2025-10-28 07:30:00,1761636600,50510.0,50510.0,50460.0,50485.0,0,0,8,2025-10-26/2025-11-01,4380
1555,-1326,MNK,MNKZ25,M30,2025-10-28 08:00:00,1761638400,50465.0,50465.0,50465.0,50465.0,0,0,1,2025-10-26/2025-11-01,4380
1556,-1325,MNK,MNKZ25,M30,2025-10-28 08:30:00,1761640200,50415.0,50415.0,50405.0,50405.0,0,0,5,2025-10-26/2025-11-01,4380
1557,-1324,MNK,MNKZ25,M30,2025-10-28 09:00:00,1761642000,50470.0,50470.0,50470.0,50470.0,0,0,1,2025-10-26/2025-11-01,4380
1558,-1323,MNK,MNKZ25,M30,2025-10-28 09:30:00,1761643800,50480.0,50480.0,50480.0,50480.0,0,0,2,2025-10-26/2025-11-01,4380
1559,-1322,MNK,MNKZ25,M30,2025-10-28 10:00:00,1761645600,50475.0,50530.0,50475.0,50530.0,0,0,10,2025-10-26/2025-11-01,4380
1560,-1321,MNK,MNKZ25,M30,2025-10-28 10:30:00,1761647400,50535.0,50535.0,50510.0,50510.0,0,0,4,2025-10-26/2025-11-01,4380
1561,-1320,MNK,MNKZ25,M30,2025-10-28 11:00:00,1761649200,50545.0,50575.0,50510.0,50575.0,0,0,31,2025-10-26/2025-11-01,4380
1562,-1319,MNK,MNKZ25,M30,2025-10-28 11:30:00,1761651000,50605.0,50605.0,50605.0,50605.0,0,0,1,2025-10-26/2025-11-01,4380
1563,-1318,MNK,MNKZ25,M30,2025-10-28 12:00:00,1761652800,50600.0,50600.0,50585.0,50590.0,0,0,7,2025-10-26/2025-11-01,4380
1564,-1317,MNK,MNKZ25,M30,2025-10-28 12:30:00,1761654600,50565.0,50565.0,50565.0,50565.0,0,0,4,2025-10-26/2025-11-01,4380
1565,-1316,MNK,MNKZ25,M30,2025-10-28 13:00:00,1761656400,50625.0,50660.0,50625.0,50660.0,0,0,8,2025-10-26/2025-11-01,4380
1566,-1315,MNK,MNKZ25,M30,2025-10-28 13:30:00,1761658200,50695.0,50695.0,50625.0,50655.0,0,0,66,2025-10-26/2025-11-01,4380
1567,-1314,MNK,MNKZ25,M30,2025-10-28 14:00:00,1761660000,50640.0,50640.0,50640.0,50640.0,0,0,2,2025-10-26/2025-11-01,4380
1568,-1313,MNK,MNKZ25,M30,2025-10-28 14:30:00,1761661800,50645.0,50645.0,50645.0,50645.0,0,0,1,2025-10-26/2025-11-01,4380
1569,-1312,MNK,MNKZ25,M30,2025-10-28 15:30:00,1761665400,50580.0,50580.0,50555.0,50565.0,0,0,67,2025-10-26/2025-11-01,4380
1570,-1311,MNK,MNKZ25,M30,2025-10-28 16:00:00,1761667200,50685.0,50715.0,50670.0,50715.0,0,0,8,2025-10-26/2025-11-01,4380
1571,-1310,MNK,MNKZ25,M30,2025-10-28 16:30:00,1761669000,50740.0,50840.0,50740.0,50810.0,0,0,34,2025-10-26/2025-11-01,4380
1572,-1309,MNK,MNKZ25,M30,2025-10-28 17:00:00,1761670800,50840.0,50840.0,50800.0,50800.0,0,0,2,2025-10-26/2025-11-01,4380
1573,-1308,MNK,MNKZ25,M30,2025-10-28 17:30:00,1761672600,50825.0,50860.0,50825.0,50840.0,0,0,12,2025-10-26/2025-11-01,4380
1574,-1307,MNK,MNKZ25,M30,2025-10-28 18:00:00,1761674400,50850.0,50885.0,50850.0,50885.0,0,0,17,2025-10-26/2025-11-01,4380
1575,-1306,MNK,MNKZ25,M30,2025-10-28 18:30:00,1761676200,50840.0,50840.0,50840.0,50840.0,0,0,1,2025-10-26/2025-11-01,4380
1576,-1305,MNK,MNKZ25,M30,2025-10-28 19:00:00,1761678000,50860.0,50860.0,50850.0,50860.0,0,0,21,2025-10-26/2025-11-01,4380
1577,-1304,MNK,MNKZ25,M30,2025-10-28 19:30:00,1761679800,50770.0,50805.0,50770.0,50795.0,0,0,12,2025-10-26/2025-11-01,4380
1578,-1303,MNK,MNKZ25,M30,2025-10-28 20:00:00,1761681600,50780.0,50785.0,50765.0,50765.0,0,0,6,2025-10-26/2025-11-01,4380
1579,-1302,MNK,MNKZ25,M30,2025-10-28 20:30:00,1761683400,50785.0,50785.0,50780.0,50780.0,0,0,2,2025-10-26/2025-11-01,4380
1580,-1301,MNK,MNKZ25,M30,2025-10-28 22:00:00,1761688800,50725.0,50780.0,50725.0,50780.0,0,0,2,2025-10-26/2025-11-01,4380
1581,-1300,MNK,MNKZ25,M30,2025-10-28 22:30:00,1761690600,50765.0,50765.0,50765.0,50765.0,0,0,1,2025-10-26/2025-11-01,4380
1582,-1299,MNK,MNKZ25,M30,2025-10-28 23:00:00,1761692400,50735.0,50755.0,50735.0,50755.0,0,0,4,2025-10-26/2025-11-01,4380
1583,-1298,MNK,MNKZ25,M30,2025-10-28 23:30:00,1761694200,50790.0,50825.0,50780.0,50805.0,0,0,15,2025-10-26/2025-11-01,4380
1584,-1297,MNK,MNKZ25,M30,2025-10-29 00:00:00,1761696000,50880.0,50970.0,50815.0,50970.0,0,0,39,2025-10-26/2025-11-01,4380
1585,-1296,MNK,MNKZ25,M30,2025-10-29 00:30:00,1761697800,50985.0,51005.0,50875.0,50940.0,0,0,33,2025-10-26/2025-11-01,4380
1586,-1295,MNK,MNKZ25,M30,2025-10-29 01:00:00,1761699600,50975.0,51150.0,50960.0,51150.0,0,0,46,2025-10-26/2025-11-01,4380
1587,-1294,MNK,MNKZ25,M30,2025-10-29 01:30:00,1761701400,51185.0,51375.0,51185.0,51355.0,0,0,115,2025-10-26/2025-11-01,4380
1588,-1293,MNK,MNKZ25,M30,2025-10-29 02:00:00,1761703200,51350.0,51435.0,51335.0,51380.0,0,0,38,2025-10-26/2025-11-01,4380
1589,-1292,MNK,MNKZ25,M30,2025-10-29 02:30:00,1761705000,51380.0,51445.0,51380.0,51445.0,0,0,17,2025-10-26/2025-11-01,4380
1590,-1291,MNK,MNKZ25,M30,2025-10-29 03:00:00,1761706800,51400.0,51400.0,51360.0,51360.0,0,0,25,2025-10-26/2025-11-01,4380
1591,-1290,MNK,MNKZ25,M30,2025-10-29 03:30:00,1761708600,51380.0,51395.0,51365.0,51375.0,0,0,5,2025-10-26/2025-11-01,4380
1592,-1289,MNK,MNKZ25,M30,2025-10-29 04:00:00,1761710400,51380.0,51380.0,51215.0,51215.0,0,0,15,2025-10-26/2025-11-01,4380
1593,-1288,MNK,MNKZ25,M30,2025-10-29 04:30:00,1761712200,51280.0,51330.0,51280.0,51330.0,0,0,2,2025-10-26/2025-11-01,4380
1594,-1287,MNK,MNKZ25,M30,2025-10-29 05:00:00,1761714000,51365.0,51510.0,51350.0,51510.0,0,0,46,2025-10-26/2025-11-01,4380
1595,-1286,MNK,MNKZ25,M30,2025-10-29 05:30:00,1761715800,51545.0,51605.0,51455.0,51455.0,0,0,18,2025-10-26/2025-11-01,4380
1596,-1285,MNK,MNKZ25,M30,2025-10-29 06:00:00,1761717600,51420.0,51530.0,51420.0,51530.0,0,0,10,2025-10-26/2025-11-01,4380
1597,-1284,MNK,MNKZ25,M30,2025-10-29 06:30:00,1761719400,51475.0,51475.0,51420.0,51420.0,0,0,3,2025-10-26/2025-11-01,4380
1598,-1283,MNK,MNKZ25,M30,2025-10-29 07:00:00,1761721200,51450.0,51450.0,51400.0,51445.0,0,0,6,2025-10-26/2025-11-01,4380
1599,-1282,MNK,MNKZ25,M30,2025-10-29 07:30:00,1761723000,51465.0,51465.0,51465.0,51465.0,0,0,1,2025-10-26/2025-11-01,4380
1600,-1281,MNK,MNKZ25,M30,2025-10-29 08:00:00,1761724800,51450.0,51635.0,51450.0,51625.0,0,0,32,2025-10-26/2025-11-01,4380
1601,-1280,MNK,MNKZ25,M30,2025-10-29 08:30:00,1761726600,51445.0,51460.0,51445.0,51455.0,0,0,3,2025-10-26/2025-11-01,4380
1602,-1279,MNK,MNKZ25,M30,2025-10-29 09:00:00,1761728400,51430.0,51430.0,51295.0,51330.0,0,0,21,2025-10-26/2025-11-01,4380
1603,-1278,MNK,MNKZ25,M30,2025-10-29 09:30:00,1761730200,51345.0,51345.0,51300.0,51300.0,0,0,7,2025-10-26/2025-11-01,4380
1604,-1277,MNK,MNKZ25,M30,2025-10-29 10:00:00,1761732000,51415.0,51460.0,51410.0,51460.0,0,0,4,2025-10-26/2025-11-01,4380
1605,-1276,MNK,MNKZ25,M30,2025-10-29 11:00:00,1761735600,51450.0,51475.0,51450.0,51460.0,0,0,7,2025-10-26/2025-11-01,4380
1606,-1275,MNK,MNKZ25,M30,2025-10-29 11:30:00,1761737400,51465.0,51470.0,51460.0,51460.0,0,0,61,2025-10-26/2025-11-01,4380
1607,-1274,MNK,MNKZ25,M30,2025-10-29 12:00:00,1761739200,51440.0,51440.0,51385.0,51385.0,0,0,3,2025-10-26/2025-11-01,4380
1608,-1273,MNK,MNKZ25,M30,2025-10-29 12:30:00,1761741000,51375.0,51375.0,51365.0,51365.0,0,0,2,2025-10-26/2025-11-01,4380
1609,-1272,MNK,MNKZ25,M30,2025-10-29 13:00:00,1761742800,51375.0,51375.0,51335.0,51335.0,0,0,22,2025-10-26/2025-11-01,4380
1610,-1271,MNK,MNKZ25,M30,2025-10-29 13:30:00,1761744600,51320.0,51320.0,51260.0,51295.0,0,0,45,2025-10-26/2025-11-01,4380
1611,-1270,MNK,MNKZ25,M30,2025-10-29 14:00:00,1761746400,51260.0,51315.0,51220.0,51315.0,0,0,8,2025-10-26/2025-11-01,4380
1612,-1269,MNK,MNKZ25,M30,2025-10-29 15:00:00,1761750000,51285.0,51350.0,51285.0,51350.0,0,0,7,2025-10-26/2025-11-01,4380
1613,-1268,MNK,MNKZ25,M30,2025-10-29 15:30:00,1761751800,51325.0,51325.0,51315.0,51315.0,0,0,12,2025-10-26/2025-11-01,4380
1614,-1267,MNK,MNKZ25,M30,2025-10-29 16:00:00,1761753600,51255.0,51315.0,51220.0,51315.0,0,0,8,2025-10-26/2025-11-01,4380
1615,-1266,MNK,MNKZ25,M30,2025-10-29 16:30:00,1761755400,51320.0,51320.0,51320.0,51320.0,0,0,10,2025-10-26/2025-11-01,4380
1616,-1265,MNK,MNKZ25,M30,2025-10-29 17:00:00,1761757200,51315.0,51320.0,51270.0,51270.0,0,0,7,2025-10-26/2025-11-01,4380
1617,-1264,MNK,MNKZ25,M30,2025-10-29 17:30:00,1761759000,51270.0,51270.0,51270.0,51270.0,0,0,1,2025-10-26/2025-11-01,4380
1618,-1263,MNK,MNKZ25,M30,2025-10-29 18:00:00,1761760800,51300.0,51300.0,51300.0,51300.0,0,0,1,2025-10-26/2025-11-01,4380
1619,-1262,MNK,MNKZ25,M30,2025-10-29 18:30:00,1761762600,51200.0,51230.0,50895.0,51230.0,0,0,28,2025-10-26/2025-11-01,4380
1620,-1261,MNK,MNKZ25,M30,2025-10-29 19:00:00,1761764400,51090.0,51090.0,51000.0,51050.0,0,0,3,2025-10-26/2025-11-01,4380
1621,-1260,MNK,MNKZ25,M30,2025-10-29 19:30:00,1761766200,50990.0,51200.0,50990.0,51200.0,0,0,17,2025-10-26/2025-11-01,4380
1622,-1259,MNK,MNKZ25,M30,2025-10-29 20:00:00,1761768000,51200.0,51250.0,51070.0,51070.0,0,0,5,2025-10-26/2025-11-01,4380
1623,-1258,MNK,MNKZ25,M30,2025-10-29 20:30:00,1761769800,51115.0,51165.0,51115.0,51145.0,0,0,17,2025-10-26/2025-11-01,4380
1624,-1257,MNK,MNKZ25,M30,2025-10-29 22:00:00,1761775200,51025.0,51025.0,51025.0,51025.0,0,0,1,2025-10-26/2025-11-01,4380
1625,-1256,MNK,MNKZ25,M30,2025-10-29 22:30:00,1761777000,51040.0,51040.0,51040.0,51040.0,0,0,1,2025-10-26/2025-11-01,4380
1626,-1255,MNK,MNKZ25,M30,2025-10-29 23:00:00,1761778800,51250.0,51280.0,51250.0,51270.0,0,0,5,2025-10-26/2025-11-01,4380
1627,-1254,MNK,MNKZ25,M30,2025-10-29 23:30:00,1761780600,51225.0,51255.0,51130.0,51235.0,0,0,25,2025-10-26/2025-11-01,4380
1628,-1253,MNK,MNKZ25,M30,2025-10-30 00:00:00,1761782400,51300.0,51540.0,51300.0,51540.0,0,0,38,2025-10-26/2025-11-01,4380
1629,-1252,MNK,MNKZ25,M30,2025-10-30 00:30:00,1761784200,51535.0,51645.0,51335.0,51335.0,0,0,71,2025-10-26/2025-11-01,4380
1630,-1251,MNK,MNKZ25,M30,2025-10-30 01:00:00,1761786000,51340.0,51440.0,51195.0,51280.0,0,0,73,2025-10-26/2025-11-01,4380
1631,-1250,MNK,MNKZ25,M30,2025-10-30 01:30:00,1761787800,51220.0,51435.0,51220.0,51425.0,0,0,14,2025-10-26/2025-11-01,4380
1632,-1249,MNK,MNKZ25,M30,2025-10-30 02:00:00,1761789600,51400.0,51520.0,51385.0,51500.0,0,0,15,2025-10-26/2025-11-01,4380
1633,-1248,MNK,MNKZ25,M30,2025-10-30 02:30:00,1761791400,51480.0,51480.0,51460.0,51460.0,0,0,5,2025-10-26/2025-11-01,4380
1634,-1247,MNK,MNKZ25,M30,2025-10-30 03:00:00,1761793200,51380.0,51620.0,51380.0,51615.0,0,0,8,2025-10-26/2025-11-01,4380
1635,-1246,MNK,MNKZ25,M30,2025-10-30 03:30:00,1761795000,51690.0,51800.0,51595.0,51700.0,0,0,46,2025-10-26/2025-11-01,4380
1636,-1245,MNK,MNKZ25,M30,2025-10-30 04:00:00,1761796800,51725.0,51765.0,51220.0,51225.0,0,0,51,2025-10-26/2025-11-01,4380
1637,-1244,MNK,MNKZ25,M30,2025-10-30 04:30:00,1761798600,51290.0,51530.0,51140.0,51140.0,0,0,79,2025-10-26/2025-11-01,4380
1638,-1243,MNK,MNKZ25,M30,2025-10-30 05:00:00,1761800400,51170.0,51240.0,51170.0,51240.0,0,0,23,2025-10-26/2025-11-01,4380
1639,-1242,MNK,MNKZ25,M30,2025-10-30 05:30:00,1761802200,51475.0,51680.0,51470.0,51680.0,0,0,26,2025-10-26/2025-11-01,4380
1640,-1241,MNK,MNKZ25,M30,2025-10-30 06:00:00,1761804000,51515.0,51515.0,51375.0,51435.0,0,0,8,2025-10-26/2025-11-01,4380
1641,-1240,MNK,MNKZ25,M30,2025-10-30 06:30:00,1761805800,51540.0,51575.0,51400.0,51520.0,0,0,9,2025-10-26/2025-11-01,4380
1642,-1239,MNK,MNKZ25,M30,2025-10-30 07:00:00,1761807600,51540.0,51605.0,51540.0,51540.0,0,0,4,2025-10-26/2025-11-01,4380
1643,-1238,MNK,MNKZ25,M30,2025-10-30 07:30:00,1761809400,51530.0,51650.0,51520.0,51615.0,0,0,20,2025-10-26/2025-11-01,4380
1644,-1237,MNK,MNKZ25,M30,2025-10-30 08:00:00,1761811200,51630.0,51815.0,51630.0,51810.0,0,0,140,2025-10-26/2025-11-01,4380
1645,-1236,MNK,MNKZ25,M30,2025-10-30 08:30:00,1761813000,51770.0,51840.0,51770.0,51840.0,0,0,11,2025-10-26/2025-11-01,4380
1646,-1235,MNK,MNKZ25,M30,2025-10-30 09:00:00,1761814800,51850.0,51955.0,51825.0,51840.0,0,0,23,2025-10-26/2025-11-01,4380
1647,-1234,MNK,MNKZ25,M30,2025-10-30 09:30:00,1761816600,51795.0,51825.0,51735.0,51735.0,0,0,17,2025-10-26/2025-11-01,4380
1648,-1233,MNK,MNKZ25,M30,2025-10-30 10:00:00,1761818400,51800.0,51800.0,51770.0,51770.0,0,0,3,2025-10-26/2025-11-01,4380
1649,-1232,MNK,MNKZ25,M30,2025-10-30 10:30:00,1761820200,51855.0,51855.0,51855.0,51855.0,0,0,7,2025-10-26/2025-11-01,4380
1650,-1231,MNK,MNKZ25,M30,2025-10-30 11:00:00,1761822000,51900.0,51925.0,51885.0,51895.0,0,0,5,2025-10-26/2025-11-01,4380
1651,-1230,MNK,MNKZ25,M30,2025-10-30 11:30:00,1761823800,51865.0,51865.0,51850.0,51865.0,0,0,3,2025-10-26/2025-11-01,4380
1652,-1229,MNK,MNKZ25,M30,2025-10-30 12:00:00,1761825600,51700.0,51780.0,51700.0,51720.0,0,0,30,2025-10-26/2025-11-01,4380
1653,-1228,MNK,MNKZ25,M30,2025-10-30 12:30:00,1761827400,51695.0,51710.0,51620.0,51620.0,0,0,64,2025-10-26/2025-11-01,4380
1654,-1227,MNK,MNKZ25,M30,2025-10-30 13:00:00,1761829200,51620.0,51625.0,51585.0,51605.0,0,0,15,2025-10-26/2025-11-01,4380
1655,-1226,MNK,MNKZ25,M30,2025-10-30 13:30:00,1761831000,51605.0,51860.0,51490.0,51790.0,0,0,80,2025-10-26/2025-11-01,4380
1656,-1225,MNK,MNKZ25,M30,2025-10-30 14:00:00,1761832800,51765.0,51795.0,51575.0,51575.0,0,0,28,2025-10-26/2025-11-01,4380
1657,-1224,MNK,MNKZ25,M30,2025-10-30 14:30:00,1761834600,51600.0,51665.0,51600.0,51665.0,0,0,7,2025-10-26/2025-11-01,4380
1658,-1223,MNK,MNKZ25,M30,2025-10-30 15:00:00,1761836400,51690.0,51715.0,51680.0,51715.0,0,0,12,2025-10-26/2025-11-01,4380
1659,-1222,MNK,MNKZ25,M30,2025-10-30 15:30:00,1761838200,51605.0,51610.0,51595.0,51610.0,0,0,9,2025-10-26/2025-11-01,4380
1660,-1221,MNK,MNKZ25,M30,2025-10-30 16:00:00,1761840000,51575.0,51575.0,51575.0,51575.0,0,0,1,2025-10-26/2025-11-01,4380
1661,-1220,MNK,MNKZ25,M30,2025-10-30 16:30:00,1761841800,51650.0,51695.0,51650.0,51695.0,0,0,6,2025-10-26/2025-11-01,4380
1662,-1219,MNK,MNKZ25,M30,2025-10-30 17:00:00,1761843600,51590.0,51610.0,51590.0,51610.0,0,0,2,2025-10-26/2025-11-01,4380
1663,-1218,MNK,MNKZ25,M30,2025-10-30 17:30:00,1761845400,51705.0,51705.0,51705.0,51705.0,0,0,1,2025-10-26/2025-11-01,4380
1664,-1217,MNK,MNKZ25,M30,2025-10-30 18:00:00,1761847200,51655.0,51655.0,51650.0,51650.0,0,0,3,2025-10-26/2025-11-01,4380
1665,-1216,MNK,MNKZ25,M30,2025-10-30 18:30:00,1761849000,51580.0,51580.0,51545.0,51575.0,0,0,3,2025-10-26/2025-11-01,4380
1666,-1215,MNK,MNKZ25,M30,2025-10-30 19:00:00,1761850800,51535.0,51535.0,51450.0,51450.0,0,0,7,2025-10-26/2025-11-01,4380
1667,-1214,MNK,MNKZ25,M30,2025-10-30 19:30:00,1761852600,51425.0,51425.0,51390.0,51405.0,0,0,12,2025-10-26/2025-11-01,4380
1668,-1213,MNK,MNKZ25,M30,2025-10-30 20:00:00,1761854400,51405.0,51435.0,51405.0,51435.0,0,0,1,2025-10-26/2025-11-01,4380
1669,-1212,MNK,MNKZ25,M30,2025-10-30 20:30:00,1761856200,51515.0,51625.0,51485.0,51620.0,0,0,55,2025-10-26/2025-11-01,4380
1670,-1211,MNK,MNKZ25,M30,2025-10-30 22:00:00,1761861600,51665.0,51675.0,51665.0,51670.0,0,0,10,2025-10-26/2025-11-01,4380
1671,-1210,MNK,MNKZ25,M30,2025-10-30 22:30:00,1761863400,51625.0,51630.0,51625.0,51630.0,0,0,2,2025-10-26/2025-11-01,4380
1672,-1209,MNK,MNKZ25,M30,2025-10-30 23:00:00,1761865200,51605.0,51655.0,51590.0,51590.0,0,0,12,2025-10-26/2025-11-01,4380
1673,-1208,MNK,MNKZ25,M30,2025-10-30 23:30:00,1761867000,51590.0,51750.0,51590.0,51750.0,0,0,6,2025-10-26/2025-11-01,4380
1674,-1207,MNK,MNKZ25,M30,2025-10-31 00:00:00,1761868800,51830.0,52355.0,51830.0,52355.0,0,0,136,2025-10-26/2025-11-01,4380
1675,-1206,MNK,MNKZ25,M30,2025-10-31 00:30:00,1761870600,52295.0,52510.0,52250.0,52320.0,0,0,169,2025-10-26/2025-11-01,4380
1676,-1205,MNK,MNKZ25,M30,2025-10-31 01:00:00,1761872400,52290.0,52340.0,52035.0,52150.0,0,0,37,2025-10-26/2025-11-01,4380
1677,-1204,MNK,MNKZ25,M30,2025-10-31 01:30:00,1761874200,52160.0,52190.0,51835.0,52050.0,0,0,111,2025-10-26/2025-11-01,4380
1678,-1203,MNK,MNKZ25,M30,2025-10-31 02:00:00,1761876000,52050.0,52130.0,51955.0,52065.0,0,0,27,2025-10-26/2025-11-01,4380
1679,-1202,MNK,MNKZ25,M30,2025-10-31 02:30:00,1761877800,52020.0,52120.0,51995.0,52120.0,0,0,7,2025-10-26/2025-11-01,4380
1680,-1201,MNK,MNKZ25,M30,2025-10-31 03:00:00,1761879600,52140.0,52160.0,52070.0,52080.0,0,0,16,2025-10-26/2025-11-01,4380
1681,-1200,MNK,MNKZ25,M30,2025-10-31 03:30:00,1761881400,52135.0,52355.0,52035.0,52310.0,0,0,44,2025-10-26/2025-11-01,4380
1682,-1199,MNK,MNKZ25,M30,2025-10-31 04:00:00,1761883200,52295.0,52335.0,52275.0,52305.0,0,0,14,2025-10-26/2025-11-01,4380
1683,-1198,MNK,MNKZ25,M30,2025-10-31 04:30:00,1761885000,52340.0,52400.0,52220.0,52385.0,0,0,50,2025-10-26/2025-11-01,4380
1684,-1197,MNK,MNKZ25,M30,2025-10-31 05:00:00,1761886800,52450.0,52480.0,52415.0,52415.0,0,0,6,2025-10-26/2025-11-01,4380
1685,-1196,MNK,MNKZ25,M30,2025-10-31 05:30:00,1761888600,52430.0,52450.0,52360.0,52400.0,0,0,12,2025-10-26/2025-11-01,4380
1686,-1195,MNK,MNKZ25,M30,2025-10-31 06:00:00,1761890400,52350.0,52565.0,52295.0,52565.0,0,0,55,2025-10-26/2025-11-01,4380
1687,-1194,MNK,MNKZ25,M30,2025-10-31 06:30:00,1761892200,52520.0,52560.0,52445.0,52490.0,0,0,21,2025-10-26/2025-11-01,4380
1688,-1193,MNK,MNKZ25,M30,2025-10-31 07:00:00,1761894000,52460.0,52520.0,52460.0,52515.0,0,0,6,2025-10-26/2025-11-01,4380
1689,-1192,MNK,MNKZ25,M30,2025-10-31 07:30:00,1761895800,52540.0,52630.0,52540.0,52630.0,0,0,18,2025-10-26/2025-11-01,4380
1690,-1191,MNK,MNKZ25,M30,2025-10-31 08:00:00,1761897600,52630.0,52660.0,52600.0,52660.0,0,0,45,2025-10-26/2025-11-01,4380
1691,-1190,MNK,MNKZ25,M30,2025-10-31 08:30:00,1761899400,52665.0,52665.0,52550.0,52565.0,0,0,7,2025-10-26/2025-11-01,4380
1692,-1189,MNK,MNKZ25,M30,2025-10-31 09:00:00,1761901200,52565.0,52585.0,52515.0,52515.0,0,0,4,2025-10-26/2025-11-01,4380
1693,-1188,MNK,MNKZ25,M30,2025-10-31 09:30:00,1761903000,52530.0,52530.0,52475.0,52485.0,0,0,7,2025-10-26/2025-11-01,4380
1694,-1187,MNK,MNKZ25,M30,2025-10-31 10:00:00,1761904800,52510.0,52510.0,52500.0,52500.0,0,0,2,2025-10-26/2025-11-01,4380
1695,-1186,MNK,MNKZ25,M30,2025-10-31 10:30:00,1761906600,52495.0,52495.0,52490.0,52490.0,0,0,8,2025-10-26/2025-11-01,4380
1696,-1185,MNK,MNKZ25,M30,2025-10-31 11:00:00,1761908400,52470.0,52580.0,52460.0,52580.0,0,0,15,2025-10-26/2025-11-01,4380
1697,-1184,MNK,MNKZ25,M30,2025-10-31 11:30:00,1761910200,52600.0,52655.0,52595.0,52650.0,0,0,10,2025-10-26/2025-11-01,4380
1698,-1183,MNK,MNKZ25,M30,2025-10-31 12:00:00,1761912000,52645.0,52725.0,52635.0,52700.0,0,0,22,2025-10-26/2025-11-01,4380
1699,-1182,MNK,MNKZ25,M30,2025-10-31 12:30:00,1761913800,52700.0,52700.0,52545.0,52545.0,0,0,26,2025-10-26/2025-11-01,4380
1700,-1181,MNK,MNKZ25,M30,2025-10-31 13:00:00,1761915600,52560.0,52560.0,52510.0,52510.0,0,0,10,2025-10-26/2025-11-01,4380
1701,-1180,MNK,MNKZ25,M30,2025-10-31 13:30:00,1761917400,52500.0,52560.0,52465.0,52470.0,0,0,40,2025-10-26/2025-11-01,4380
1702,-1179,MNK,MNKZ25,M30,2025-10-31 14:00:00,1761919200,52475.0,52520.0,52415.0,52470.0,0,0,22,2025-10-26/2025-11-01,4380
1703,-1178,MNK,MNKZ25,M30,2025-10-31 14:30:00,1761921000,52470.0,52570.0,52455.0,52555.0,0,0,28,2025-10-26/2025-11-01,4380
1704,-1177,MNK,MNKZ25,M30,2025-10-31 15:00:00,1761922800,52570.0,52570.0,52500.0,52500.0,0,0,20,2025-10-26/2025-11-01,4380
1705,-1176,MNK,MNKZ25,M30,2025-10-31 15:30:00,1761924600,52470.0,52525.0,52445.0,52450.0,0,0,22,2025-10-26/2025-11-01,4380
1706,-1175,MNK,MNKZ25,M30,2025-10-31 16:00:00,1761926400,52420.0,52430.0,52360.0,52380.0,0,0,18,2025-10-26/2025-11-01,4380
1707,-1174,MNK,MNKZ25,M30,2025-10-31 16:30:00,1761928200,52390.0,52390.0,52250.0,52250.0,0,0,12,2025-10-26/2025-11-01,4380
1708,-1173,MNK,MNKZ25,M30,2025-10-31 17:00:00,1761930000,52250.0,52255.0,52200.0,52200.0,0,0,18,2025-10-26/2025-11-01,4380
1709,-1172,MNK,MNKZ25,M30,2025-10-31 17:30:00,1761931800,52220.0,52290.0,52190.0,52290.0,0,0,9,2025-10-26/2025-11-01,4380
1710,-1171,MNK,MNKZ25,M30,2025-10-31 18:00:00,1761933600,52305.0,52345.0,52305.0,52345.0,0,0,6,2025-10-26/2025-11-01,4380
1711,-1170,MNK,MNKZ25,M30,2025-10-31 18:30:00,1761935400,52345.0,52345.0,52330.0,52330.0,0,0,3,2025-10-26/2025-11-01,4380
1712,-1169,MNK,MNKZ25,M30,2025-10-31 19:00:00,1761937200,52400.0,52430.0,52400.0,52430.0,0,0,2,2025-10-26/2025-11-01,4380
1713,-1168,MNK,MNKZ25,M30,2025-10-31 19:30:00,1761939000,52430.0,52440.0,52385.0,52395.0,0,0,20,2025-10-26/2025-11-01,4380
1714,-1167,MNK,MNKZ25,M30,2025-10-31 20:00:00,1761940800,52350.0,52360.0,52285.0,52320.0,0,0,15,2025-10-26/2025-11-01,4380
1715,-1166,MNK,MNKZ25,M30,2025-10-31 20:30:00,1761942600,52345.0,52345.0,52340.0,52340.0,0,0,4,2025-10-26/2025-11-01,4380
1716,-1165,MNK,MNKZ25,M30,2025-11-02 23:00:00,1762124400,52350.0,52630.0,52350.0,52570.0,0,0,51,2025-11-02/2025-11-08,5863
1717,-1164,MNK,MNKZ25,M30,2025-11-02 23:30:00,1762126200,52425.0,52540.0,52425.0,52540.0,0,0,3,2025-11-02/2025-11-08,5863
1718,-1163,MNK,MNKZ25,M30,2025-11-03 00:00:00,1762128000,52480.0,52490.0,52425.0,52440.0,0,0,18,2025-11-02/2025-11-08,5863
1719,-1162,MNK,MNKZ25,M30,2025-11-03 00:30:00,1762129800,52380.0,52390.0,52355.0,52360.0,0,0,9,2025-11-02/2025-11-08,5863
1720,-1161,MNK,MNKZ25,M30,2025-11-03 01:00:00,1762131600,52330.0,52350.0,52305.0,52335.0,0,0,9,2025-11-02/2025-11-08,5863
1721,-1160,MNK,MNKZ25,M30,2025-11-03 01:30:00,1762133400,52335.0,52335.0,52320.0,52320.0,0,0,4,2025-11-02/2025-11-08,5863
1722,-1159,MNK,MNKZ25,M30,2025-11-03 02:00:00,1762135200,52320.0,52320.0,52255.0,52285.0,0,0,10,2025-11-02/2025-11-08,5863
1723,-1158,MNK,MNKZ25,M30,2025-11-03 02:30:00,1762137000,52275.0,52320.0,52260.0,52320.0,0,0,6,2025-11-02/2025-11-08,5863
1724,-1157,MNK,MNKZ25,M30,2025-11-03 03:00:00,1762138800,52265.0,52290.0,52245.0,52245.0,0,0,7,2025-11-02/2025-11-08,5863
1725,-1156,MNK,MNKZ25,M30,2025-11-03 03:30:00,1762140600,52300.0,52315.0,52300.0,52315.0,0,0,3,2025-11-02/2025-11-08,5863
1726,-1155,MNK,MNKZ25,M30,2025-11-03 04:00:00,1762142400,52360.0,52360.0,52360.0,52360.0,0,0,9,2025-11-02/2025-11-08,5863
1727,-1154,MNK,MNKZ25,M30,2025-11-03 04:30:00,1762144200,52350.0,52360.0,52350.0,52360.0,0,0,4,2025-11-02/2025-11-08,5863
1728,-1153,MNK,MNKZ25,M30,2025-11-03 05:30:00,1762147800,52400.0,52400.0,52400.0,52400.0,0,0,4,2025-11-02/2025-11-08,5863
1729,-1152,MNK,MNKZ25,M30,2025-11-03 06:00:00,1762149600,52450.0,52450.0,52325.0,52330.0,0,0,16,2025-11-02/2025-11-08,5863
1730,-1151,MNK,MNKZ25,M30,2025-11-03 06:30:00,1762151400,52345.0,52360.0,52345.0,52360.0,0,0,3,2025-11-02/2025-11-08,5863
1731,-1150,MNK,MNKZ25,M30,2025-11-03 07:00:00,1762153200,52340.0,52340.0,52285.0,52340.0,0,0,5,2025-11-02/2025-11-08,5863
1732,-1149,MNK,MNKZ25,M30,2025-11-03 08:00:00,1762156800,52355.0,52355.0,52355.0,52355.0,0,0,1,2025-11-02/2025-11-08,5863
1733,-1148,MNK,MNKZ25,M30,2025-11-03 08:30:00,1762158600,52430.0,52430.0,52430.0,52430.0,0,0,2,2025-11-02/2025-11-08,5863
1734,-1147,MNK,MNKZ25,M30,2025-11-03 09:00:00,1762160400,52435.0,52520.0,52435.0,52520.0,0,0,9,2025-11-02/2025-11-08,5863
1735,-1146,MNK,MNKZ25,M30,2025-11-03 09:30:00,1762162200,52525.0,52530.0,52470.0,52495.0,0,0,13,2025-11-02/2025-11-08,5863
1736,-1145,MNK,MNKZ25,M30,2025-11-03 10:00:00,1762164000,52495.0,52495.0,52495.0,52495.0,0,0,1,2025-11-02/2025-11-08,5863
1737,-1144,MNK,MNKZ25,M30,2025-11-03 10:30:00,1762165800,52510.0,52535.0,52510.0,52510.0,0,0,3,2025-11-02/2025-11-08,5863
1738,-1143,MNK,MNKZ25,M30,2025-11-03 11:00:00,1762167600,52560.0,52570.0,52560.0,52570.0,0,0,2,2025-11-02/2025-11-08,5863
1739,-1142,MNK,MNKZ25,M30,2025-11-03 11:30:00,1762169400,52540.0,52540.0,52540.0,52540.0,0,0,1,2025-11-02/2025-11-08,5863
1740,-1141,MNK,MNKZ25,M30,2025-11-03 12:00:00,1762171200,52525.0,52545.0,52515.0,52545.0,0,0,24,2025-11-02/2025-11-08,5863
1741,-1140,MNK,MNKZ25,M30,2025-11-03 12:30:00,1762173000,52500.0,52520.0,52500.0,52520.0,0,0,2,2025-11-02/2025-11-08,5863
1742,-1139,MNK,MNKZ25,M30,2025-11-03 13:30:00,1762176600,52545.0,52615.0,52545.0,52595.0,0,0,5,2025-11-02/2025-11-08,5863
1743,-1138,MNK,MNKZ25,M30,2025-11-03 14:00:00,1762178400,52620.0,52685.0,52620.0,52660.0,0,0,8,2025-11-02/2025-11-08,5863
1744,-1137,MNK,MNKZ25,M30,2025-11-03 14:30:00,1762180200,52685.0,52700.0,52420.0,52435.0,0,0,60,2025-11-02/2025-11-08,5863
1745,-1136,MNK,MNKZ25,M30,2025-11-03 15:00:00,1762182000,52385.0,52445.0,52310.0,52310.0,0,0,40,2025-11-02/2025-11-08,5863
1746,-1135,MNK,MNKZ25,M30,2025-11-03 15:30:00,1762183800,52310.0,52420.0,52300.0,52395.0,0,0,55,2025-11-02/2025-11-08,5863
1747,-1134,MNK,MNKZ25,M30,2025-11-03 16:00:00,1762185600,52490.0,52495.0,52490.0,52495.0,0,0,11,2025-11-02/2025-11-08,5863
1748,-1133,MNK,MNKZ25,M30,2025-11-03 16:30:00,1762187400,52480.0,52535.0,52445.0,52535.0,0,0,8,2025-11-02/2025-11-08,5863
1749,-1132,MNK,MNKZ25,M30,2025-11-03 17:00:00,1762189200,52515.0,52580.0,52515.0,52535.0,0,0,9,2025-11-02/2025-11-08,5863
1750,-1131,MNK,MNKZ25,M30,2025-11-03 17:30:00,1762191000,52635.0,52660.0,52635.0,52660.0,0,0,5,2025-11-02/2025-11-08,5863
1751,-1130,MNK,MNKZ25,M30,2025-11-03 18:00:00,1762192800,52635.0,52655.0,52635.0,52640.0,0,0,4,2025-11-02/2025-11-08,5863
1752,-1129,MNK,MNKZ25,M30,2025-11-03 19:00:00,1762196400,52595.0,52625.0,52595.0,52600.0,0,0,16,2025-11-02/2025-11-08,5863
1753,-1128,MNK,MNKZ25,M30,2025-11-03 19:30:00,1762198200,52575.0,52575.0,52575.0,52575.0,0,0,2,2025-11-02/2025-11-08,5863
1754,-1127,MNK,MNKZ25,M30,2025-11-03 20:30:00,1762201800,52585.0,52650.0,52585.0,52645.0,0,0,11,2025-11-02/2025-11-08,5863
1755,-1126,MNK,MNKZ25,M30,2025-11-03 21:00:00,1762203600,52645.0,52645.0,52615.0,52630.0,0,0,12,2025-11-02/2025-11-08,5863
1756,-1125,MNK,MNKZ25,M30,2025-11-03 21:30:00,1762205400,52590.0,52590.0,52585.0,52585.0,0,0,4,2025-11-02/2025-11-08,5863
1757,-1124,MNK,MNKZ25,M30,2025-11-03 23:00:00,1762210800,52485.0,52520.0,52485.0,52520.0,0,0,15,2025-11-02/2025-11-08,5863
1758,-1123,MNK,MNKZ25,M30,2025-11-03 23:30:00,1762212600,52485.0,52485.0,52425.0,52440.0,0,0,10,2025-11-02/2025-11-08,5863
1759,-1122,MNK,MNKZ25,M30,2025-11-04 00:00:00,1762214400,52415.0,52495.0,52165.0,52275.0,0,0,33,2025-11-02/2025-11-08,5863
1760,-1121,MNK,MNKZ25,M30,2025-11-04 00:30:00,1762216200,52310.0,52530.0,52300.0,52530.0,0,0,28,2025-11-02/2025-11-08,5863
1761,-1120,MNK,MNKZ25,M30,2025-11-04 01:00:00,1762218000,52475.0,52750.0,52475.0,52635.0,0,0,102,2025-11-02/2025-11-08,5863
1762,-1119,MNK,MNKZ25,M30,2025-11-04 01:30:00,1762219800,52630.0,52680.0,52550.0,52550.0,0,0,23,2025-11-02/2025-11-08,5863
1763,-1118,MNK,MNKZ25,M30,2025-11-04 02:00:00,1762221600,52550.0,52570.0,52475.0,52480.0,1,0,19,2025-11-02/2025-11-08,5863
1764,-1117,MNK,MNKZ25,M30,2025-11-04 02:30:00,1762223400,52500.0,52500.0,52400.0,52400.0,0,0,50,2025-11-02/2025-11-08,5863
1765,-1116,MNK,MNKZ25,M30,2025-11-04 03:00:00,1762225200,52395.0,52490.0,52395.0,52490.0,0,0,7,2025-11-02/2025-11-08,5863
1766,-1115,MNK,MNKZ25,M30,2025-11-04 03:30:00,1762227000,52515.0,52515.0,52270.0,52270.0,0,0,27,2025-11-02/2025-11-08,5863
1767,-1114,MNK,MNKZ25,M30,2025-11-04 04:00:00,1762228800,52285.0,52300.0,52225.0,52225.0,0,0,7,2025-11-02/2025-11-08,5863
1768,-1113,MNK,MNKZ25,M30,2025-11-04 04:30:00,1762230600,52240.0,52250.0,52185.0,52240.0,0,0,35,2025-11-02/2025-11-08,5863
1769,-1112,MNK,MNKZ25,M30,2025-11-04 05:00:00,1762232400,52280.0,52285.0,52115.0,52120.0,0,0,24,2025-11-02/2025-11-08,5863
1770,-1111,MNK,MNKZ25,M30,2025-11-04 05:30:00,1762234200,52120.0,52135.0,51875.0,51940.0,0,0,132,2025-11-02/2025-11-08,5863
1771,-1110,MNK,MNKZ25,M30,2025-11-04 06:00:00,1762236000,51940.0,51940.0,51745.0,51745.0,0,0,90,2025-11-02/2025-11-08,5863
1772,-1109,MNK,MNKZ25,M30,2025-11-04 06:30:00,1762237800,51710.0,51710.0,51585.0,51640.0,0,0,38,2025-11-02/2025-11-08,5863
1773,-1108,MNK,MNKZ25,M30,2025-11-04 07:00:00,1762239600,51570.0,51645.0,51550.0,51630.0,0,0,13,2025-11-02/2025-11-08,5863
1774,-1107,MNK,MNKZ25,M30,2025-11-04 07:30:00,1762241400,51635.0,51665.0,51590.0,51660.0,0,0,24,2025-11-02/2025-11-08,5863
1775,-1106,MNK,MNKZ25,M30,2025-11-04 08:00:00,1762243200,51630.0,51630.0,51350.0,51515.0,0,0,86,2025-11-02/2025-11-08,5863
1776,-1105,MNK,MNKZ25,M30,2025-11-04 08:30:00,1762245000,51515.0,51610.0,51515.0,51535.0,0,0,8,2025-11-02/2025-11-08,5863
1777,-1104,MNK,MNKZ25,M30,2025-11-04 09:00:00,1762246800,51505.0,51550.0,51470.0,51470.0,0,0,41,2025-11-02/2025-11-08,5863
1778,-1103,MNK,MNKZ25,M30,2025-11-04 09:30:00,1762248600,51430.0,51430.0,51290.0,51290.0,0,0,13,2025-11-02/2025-11-08,5863
1779,-1102,MNK,MNKZ25,M30,2025-11-04 10:00:00,1762250400,51235.0,51360.0,51235.0,51360.0,0,0,22,2025-11-02/2025-11-08,5863
1780,-1101,MNK,MNKZ25,M30,2025-11-04 10:30:00,1762252200,51405.0,51510.0,51405.0,51505.0,0,0,27,2025-11-02/2025-11-08,5863
1781,-1100,MNK,MNKZ25,M30,2025-11-04 11:00:00,1762254000,51450.0,51515.0,51450.0,51465.0,0,0,11,2025-11-02/2025-11-08,5863
1782,-1099,MNK,MNKZ25,M30,2025-11-04 11:30:00,1762255800,51485.0,51515.0,51465.0,51515.0,0,0,18,2025-11-02/2025-11-08,5863
1783,-1098,MNK,MNKZ25,M30,2025-11-04 12:00:00,1762257600,51465.0,51465.0,51425.0,51425.0,0,0,12,2025-11-02/2025-11-08,5863
1784,-1097,MNK,MNKZ25,M30,2025-11-04 12:30:00,1762259400,51420.0,51440.0,51420.0,51440.0,0,0,22,2025-11-02/2025-11-08,5863
1785,-1096,MNK,MNKZ25,M30,2025-11-04 13:00:00,1762261200,51440.0,51440.0,51350.0,51350.0,0,0,37,2025-11-02/2025-11-08,5863
1786,-1095,MNK,MNKZ25,M30,2025-11-04 13:30:00,1762263000,51345.0,51350.0,51320.0,51350.0,0,0,7,2025-11-02/2025-11-08,5863
1787,-1094,MNK,MNKZ25,M30,2025-11-04 14:00:00,1762264800,51295.0,51390.0,51280.0,51390.0,0,0,12,2025-11-02/2025-11-08,5863
1788,-1093,MNK,MNKZ25,M30,2025-11-04 14:30:00,1762266600,51365.0,51615.0,51345.0,51585.0,0,0,50,2025-11-02/2025-11-08,5863
1789,-1092,MNK,MNKZ25,M30,2025-11-04 15:00:00,1762268400,51615.0,51630.0,51560.0,51610.0,0,0,70,2025-11-02/2025-11-08,5863
1790,-1091,MNK,MNKZ25,M30,2025-11-04 15:30:00,1762270200,51590.0,51615.0,51450.0,51450.0,0,0,16,2025-11-02/2025-11-08,5863
1791,-1090,MNK,MNKZ25,M30,2025-11-04 16:00:00,1762272000,51550.0,51550.0,51465.0,51470.0,0,0,3,2025-11-02/2025-11-08,5863
1792,-1089,MNK,MNKZ25,M30,2025-11-04 16:30:00,1762273800,51515.0,51515.0,51470.0,51470.0,0,0,7,2025-11-02/2025-11-08,5863
1793,-1088,MNK,MNKZ25,M30,2025-11-04 17:00:00,1762275600,51400.0,51405.0,51365.0,51405.0,0,0,3,2025-11-02/2025-11-08,5863
1794,-1087,MNK,MNKZ25,M30,2025-11-04 17:30:00,1762277400,51450.0,51450.0,51395.0,51395.0,0,0,2,2025-11-02/2025-11-08,5863
1795,-1086,MNK,MNKZ25,M30,2025-11-04 18:00:00,1762279200,51410.0,51410.0,51350.0,51350.0,0,0,3,2025-11-02/2025-11-08,5863
1796,-1085,MNK,MNKZ25,M30,2025-11-04 18:30:00,1762281000,51320.0,51340.0,51320.0,51340.0,0,0,3,2025-11-02/2025-11-08,5863
1797,-1084,MNK,MNKZ25,M30,2025-11-04 19:00:00,1762282800,51305.0,51350.0,51305.0,51350.0,0,0,13,2025-11-02/2025-11-08,5863
1798,-1083,MNK,MNKZ25,M30,2025-11-04 19:30:00,1762284600,51335.0,51335.0,51240.0,51285.0,0,0,35,2025-11-02/2025-11-08,5863
1799,-1082,MNK,MNKZ25,M30,2025-11-04 20:00:00,1762286400,51310.0,51365.0,51310.0,51315.0,0,0,17,2025-11-02/2025-11-08,5863
1800,-1081,MNK,MNKZ25,M30,2025-11-04 20:30:00,1762288200,51370.0,51370.0,51245.0,51255.0,0,0,12,2025-11-02/2025-11-08,5863
1801,-1080,MNK,MNKZ25,M30,2025-11-04 21:00:00,1762290000,51245.0,51285.0,51245.0,51255.0,0,0,27,2025-11-02/2025-11-08,5863
1802,-1079,MNK,MNKZ25,M30,2025-11-04 21:30:00,1762291800,51195.0,51205.0,51195.0,51205.0,0,0,13,2025-11-02/2025-11-08,5863
1803,-1078,MNK,MNKZ25,M30,2025-11-04 23:00:00,1762297200,51225.0,51250.0,51190.0,51190.0,0,0,57,2025-11-02/2025-11-08,5863
1804,-1077,MNK,MNKZ25,M30,2025-11-04 23:30:00,1762299000,51185.0,51185.0,50800.0,50800.0,0,0,129,2025-11-02/2025-11-08,5863
1805,-1076,MNK,MNKZ25,M30,2025-11-05 00:00:00,1762300800,50750.0,50750.0,50400.0,50400.0,0,0,92,2025-11-02/2025-11-08,5863
1806,-1075,MNK,MNKZ25,M30,2025-11-05 00:30:00,1762302600,50400.0,50500.0,50275.0,50340.0,0,0,27,2025-11-02/2025-11-08,5863
1807,-1074,MNK,MNKZ25,M30,2025-11-05 01:00:00,1762304400,50325.0,50325.0,49680.0,49830.0,0,0,105,2025-11-02/2025-11-08,5863
1808,-1073,MNK,MNKZ25,M30,2025-11-05 01:30:00,1762306200,49770.0,49875.0,49500.0,49550.0,0,0,61,2025-11-02/2025-11-08,5863
1809,-1072,MNK,MNKZ25,M30,2025-11-05 02:00:00,1762308000,49640.0,49640.0,49270.0,49270.0,0,0,70,2025-11-02/2025-11-08,5863
1810,-1071,MNK,MNKZ25,M30,2025-11-05 02:30:00,1762309800,49370.0,49695.0,49370.0,49695.0,0,0,66,2025-11-02/2025-11-08,5863
1811,-1070,MNK,MNKZ25,M30,2025-11-05 03:00:00,1762311600,49695.0,49760.0,49655.0,49755.0,0,0,62,2025-11-02/2025-11-08,5863
1812,-1069,MNK,MNKZ25,M30,2025-11-05 03:30:00,1762313400,49755.0,50250.0,49755.0,50100.0,0,0,103,2025-11-02/2025-11-08,5863
1813,-1068,MNK,MNKZ25,M30,2025-11-05 04:00:00,1762315200,50115.0,50175.0,49870.0,50070.0,0,0,45,2025-11-02/2025-11-08,5863
1814,-1067,MNK,MNKZ25,M30,2025-11-05 04:30:00,1762317000,50120.0,50225.0,50040.0,50090.0,0,0,78,2025-11-02/2025-11-08,5863
1815,-1066,MNK,MNKZ25,M30,2025-11-05 05:00:00,1762318800,50060.0,50370.0,50060.0,50255.0,0,0,37,2025-11-02/2025-11-08,5863
1816,-1065,MNK,MNKZ25,M30,2025-11-05 05:30:00,1762320600,50355.0,50355.0,49990.0,50135.0,0,0,29,2025-11-02/2025-11-08,5863
1817,-1064,MNK,MNKZ25,M30,2025-11-05 06:00:00,1762322400,50040.0,50400.0,50040.0,50395.0,0,0,18,2025-11-02/2025-11-08,5863
1818,-1063,MNK,MNKZ25,M30,2025-11-05 06:30:00,1762324200,50500.0,50600.0,50460.0,50600.0,0,0,21,2025-11-02/2025-11-08,5863
1819,-1062,MNK,MNKZ25,M30,2025-11-05 07:00:00,1762326000,50630.0,50630.0,50505.0,50525.0,0,0,12,2025-11-02/2025-11-08,5863
1820,-1061,MNK,MNKZ25,M30,2025-11-05 07:30:00,1762327800,50475.0,50565.0,50475.0,50565.0,0,0,35,2025-11-02/2025-11-08,5863
1821,-1060,MNK,MNKZ25,M30,2025-11-05 08:00:00,1762329600,50490.0,50615.0,50475.0,50575.0,0,0,20,2025-11-02/2025-11-08,5863
1822,-1059,MNK,MNKZ25,M30,2025-11-05 08:30:00,1762331400,50645.0,50685.0,50645.0,50650.0,0,0,28,2025-11-02/2025-11-08,5863
1823,-1058,MNK,MNKZ25,M30,2025-11-05 09:00:00,1762333200,50690.0,50695.0,50585.0,50585.0,0,0,23,2025-11-02/2025-11-08,5863
1824,-1057,MNK,MNKZ25,M30,2025-11-05 09:30:00,1762335000,50575.0,50575.0,50555.0,50555.0,0,0,2,2025-11-02/2025-11-08,5863
1825,-1056,MNK,MNKZ25,M30,2025-11-05 10:00:00,1762336800,50600.0,50620.0,50570.0,50570.0,0,0,17,2025-11-02/2025-11-08,5863
1826,-1055,MNK,MNKZ25,M30,2025-11-05 10:30:00,1762338600,50485.0,50485.0,50420.0,50420.0,0,0,12,2025-11-02/2025-11-08,5863
1827,-1054,MNK,MNKZ25,M30,2025-11-05 11:00:00,1762340400,50405.0,50485.0,50385.0,50435.0,0,0,21,2025-11-02/2025-11-08,5863
1828,-1053,MNK,MNKZ25,M30,2025-11-05 11:30:00,1762342200,50425.0,50490.0,50425.0,50490.0,0,0,3,2025-11-02/2025-11-08,5863
1829,-1052,MNK,MNKZ25,M30,2025-11-05 12:00:00,1762344000,50470.0,50565.0,50465.0,50565.0,0,0,17,2025-11-02/2025-11-08,5863
1830,-1051,MNK,MNKZ25,M30,2025-11-05 12:30:00,1762345800,50560.0,50595.0,50560.0,50570.0,0,0,6,2025-11-02/2025-11-08,5863
1831,-1050,MNK,MNKZ25,M30,2025-11-05 13:00:00,1762347600,50615.0,50700.0,50610.0,50700.0,0,0,11,2025-11-02/2025-11-08,5863
1832,-1049,MNK,MNKZ25,M30,2025-11-05 13:30:00,1762349400,50710.0,50915.0,50700.0,50905.0,0,0,35,2025-11-02/2025-11-08,5863
1833,-1048,MNK,MNKZ25,M30,2025-11-05 14:00:00,1762351200,50865.0,50870.0,50800.0,50800.0,0,0,11,2025-11-02/2025-11-08,5863
1834,-1047,MNK,MNKZ25,M30,2025-11-05 14:30:00,1762353000,50825.0,51050.0,50760.0,51045.0,0,0,101,2025-11-02/2025-11-08,5863
1835,-1046,MNK,MNKZ25,M30,2025-11-05 15:00:00,1762354800,51060.0,51200.0,51060.0,51200.0,0,0,81,2025-11-02/2025-11-08,5863
1836,-1045,MNK,MNKZ25,M30,2025-11-05 15:30:00,1762356600,51140.0,51190.0,51140.0,51190.0,0,0,16,2025-11-02/2025-11-08,5863
1837,-1044,MNK,MNKZ25,M30,2025-11-05 16:00:00,1762358400,51185.0,51185.0,51100.0,51100.0,0,0,2,2025-11-02/2025-11-08,5863
1838,-1043,MNK,MNKZ25,M30,2025-11-05 16:30:00,1762360200,51185.0,51330.0,51185.0,51285.0,0,0,60,2025-11-02/2025-11-08,5863
1839,-1042,MNK,MNKZ25,M30,2025-11-05 17:00:00,1762362000,51250.0,51280.0,51240.0,51280.0,0,0,6,2025-11-02/2025-11-08,5863
1840,-1041,MNK,MNKZ25,M30,2025-11-05 17:30:00,1762363800,51340.0,51365.0,51325.0,51325.0,0,0,9,2025-11-02/2025-11-08,5863
1841,-1040,MNK,MNKZ25,M30,2025-11-05 18:00:00,1762365600,51355.0,51355.0,51325.0,51330.0,0,0,5,2025-11-02/2025-11-08,5863
1842,-1039,MNK,MNKZ25,M30,2025-11-05 18:30:00,1762367400,51380.0,51415.0,51380.0,51415.0,0,0,8,2025-11-02/2025-11-08,5863
1843,-1038,MNK,MNKZ25,M30,2025-11-05 19:00:00,1762369200,51400.0,51410.0,51400.0,51410.0,0,0,2,2025-11-02/2025-11-08,5863
1844,-1037,MNK,MNKZ25,M30,2025-11-05 19:30:00,1762371000,51415.0,51415.0,51415.0,51415.0,0,0,1,2025-11-02/2025-11-08,5863
1845,-1036,MNK,MNKZ25,M30,2025-11-05 20:00:00,1762372800,51420.0,51435.0,51420.0,51435.0,0,0,16,2025-11-02/2025-11-08,5863
1846,-1035,MNK,MNKZ25,M30,2025-11-05 20:30:00,1762374600,51415.0,51415.0,51270.0,51270.0,0,0,24,2025-11-02/2025-11-08,5863
1847,-1034,MNK,MNKZ25,M30,2025-11-05 21:00:00,1762376400,51265.0,51345.0,51250.0,51345.0,0,0,60,2025-11-02/2025-11-08,5863
1848,-1033,MNK,MNKZ25,M30,2025-11-05 21:30:00,1762378200,51330.0,51335.0,51330.0,51335.0,0,0,7,2025-11-02/2025-11-08,5863
1849,-1032,MNK,MNKZ25,M30,2025-11-05 23:00:00,1762383600,51360.0,51365.0,51260.0,51260.0,0,0,11,2025-11-02/2025-11-08,5863
1850,-1031,MNK,MNKZ25,M30,2025-11-05 23:30:00,1762385400,51230.0,51350.0,51180.0,51250.0,0,0,26,2025-11-02/2025-11-08,5863
1851,-1030,MNK,MNKZ25,M30,2025-11-06 00:00:00,1762387200,51290.0,51350.0,50780.0,50920.0,0,0,54,2025-11-02/2025-11-08,5863
1852,-1029,MNK,MNKZ25,M30,2025-11-06 00:30:00,1762389000,50950.0,51100.0,50915.0,51050.0,0,0,54,2025-11-02/2025-11-08,5863
1853,-1028,MNK,MNKZ25,M30,2025-11-06 01:00:00,1762390800,50950.0,51000.0,50825.0,50825.0,0,0,49,2025-11-02/2025-11-08,5863
1854,-1027,MNK,MNKZ25,M30,2025-11-06 01:30:00,1762392600,50880.0,51055.0,50880.0,50915.0,0,0,63,2025-11-02/2025-11-08,5863
1855,-1026,MNK,MNKZ25,M30,2025-11-06 02:00:00,1762394400,50850.0,50855.0,50710.0,50855.0,0,0,38,2025-11-02/2025-11-08,5863
1856,-1025,MNK,MNKZ25,M30,2025-11-06 02:30:00,1762396200,50875.0,51020.0,50875.0,50985.0,0,0,53,2025-11-02/2025-11-08,5863
1857,-1024,MNK,MNKZ25,M30,2025-11-06 03:00:00,1762398000,51020.0,51025.0,50985.0,50985.0,0,0,7,2025-11-02/2025-11-08,5863
1858,-1023,MNK,MNKZ25,M30,2025-11-06 03:30:00,1762399800,50980.0,51060.0,50935.0,51040.0,0,0,35,2025-11-02/2025-11-08,5863
1859,-1022,MNK,MNKZ25,M30,2025-11-06 04:00:00,1762401600,51035.0,51110.0,51000.0,51080.0,0,0,15,2025-11-02/2025-11-08,5863
1860,-1021,MNK,MNKZ25,M30,2025-11-06 04:30:00,1762403400,51085.0,51085.0,51035.0,51035.0,0,0,13,2025-11-02/2025-11-08,5863
1861,-1020,MNK,MNKZ25,M30,2025-11-06 05:00:00,1762405200,51110.0,51120.0,51020.0,51025.0,0,0,8,2025-11-02/2025-11-08,5863
1862,-1019,MNK,MNKZ25,M30,2025-11-06 05:30:00,1762407000,51095.0,51095.0,50980.0,50980.0,0,0,45,2025-11-02/2025-11-08,5863
1863,-1018,MNK,MNKZ25,M30,2025-11-06 06:00:00,1762408800,51040.0,51040.0,50910.0,50910.0,0,0,57,2025-11-02/2025-11-08,5863
1864,-1017,MNK,MNKZ25,M30,2025-11-06 06:30:00,1762410600,50900.0,50990.0,50860.0,50990.0,0,0,40,2025-11-02/2025-11-08,5863
1865,-1016,MNK,MNKZ25,M30,2025-11-06 07:00:00,1762412400,50935.0,50935.0,50915.0,50915.0,0,0,5,2025-11-02/2025-11-08,5863
1866,-1015,MNK,MNKZ25,M30,2025-11-06 07:30:00,1762414200,50850.0,50885.0,50850.0,50885.0,0,0,3,2025-11-02/2025-11-08,5863
1867,-1014,MNK,MNKZ25,M30,2025-11-06 08:00:00,1762416000,50825.0,50880.0,50685.0,50685.0,0,0,37,2025-11-02/2025-11-08,5863
1868,-1013,MNK,MNKZ25,M30,2025-11-06 08:30:00,1762417800,50670.0,50795.0,50670.0,50695.0,0,0,9,2025-11-02/2025-11-08,5863
1869,-1012,MNK,MNKZ25,M30,2025-11-06 09:00:00,1762419600,50830.0,50915.0,50830.0,50915.0,0,0,11,2025-11-02/2025-11-08,5863
1870,-1011,MNK,MNKZ25,M30,2025-11-06 09:30:00,1762421400,50910.0,50910.0,50910.0,50910.0,0,0,17,2025-11-02/2025-11-08,5863
1871,-1010,MNK,MNKZ25,M30,2025-11-06 10:00:00,1762423200,50910.0,50985.0,50910.0,50985.0,0,0,6,2025-11-02/2025-11-08,5863
1872,-1009,MNK,MNKZ25,M30,2025-11-06 10:30:00,1762425000,51035.0,51050.0,50990.0,51005.0,0,0,18,2025-11-02/2025-11-08,5863
1873,-1008,MNK,MNKZ25,M30,2025-11-06 11:30:00,1762428600,50965.0,50965.0,50965.0,50965.0,0,0,2,2025-11-02/2025-11-08,5863
1874,-1007,MNK,MNKZ25,M30,2025-11-06 12:00:00,1762430400,50945.0,51000.0,50945.0,51000.0,0,0,5,2025-11-02/2025-11-08,5863
1875,-1006,MNK,MNKZ25,M30,2025-11-06 12:30:00,1762432200,51095.0,51095.0,51075.0,51075.0,0,0,3,2025-11-02/2025-11-08,5863
1876,-1005,MNK,MNKZ25,M30,2025-11-06 13:00:00,1762434000,51080.0,51085.0,51080.0,51085.0,0,0,4,2025-11-02/2025-11-08,5863
1877,-1004,MNK,MNKZ25,M30,2025-11-06 13:30:00,1762435800,51065.0,51065.0,51065.0,51065.0,0,0,4,2025-11-02/2025-11-08,5863
1878,-1003,MNK,MNKZ25,M30,2025-11-06 14:00:00,1762437600,50985.0,50985.0,50810.0,50810.0,0,0,23,2025-11-02/2025-11-08,5863
1879,-1002,MNK,MNKZ25,M30,2025-11-06 14:30:00,1762439400,50850.0,50865.0,50690.0,50690.0,0,0,85,2025-11-02/2025-11-08,5863
1880,-1001,MNK,MNKZ25,M30,2025-11-06 15:00:00,1762441200,50595.0,50665.0,50380.0,50650.0,0,0,69,2025-11-02/2025-11-08,5863
1881,-1000,MNK,MNKZ25,M30,2025-11-06 15:30:00,1762443000,50480.0,50480.0,50320.0,50330.0,0,0,32,2025-11-02/2025-11-08,5863
1882,-999,MNK,MNKZ25,M30,2025-11-06 16:00:00,1762444800,50330.0,50365.0,50230.0,50265.0,0,0,41,2025-11-02/2025-11-08,5863
1883,-998,MNK,MNKZ25,M30,2025-11-06 16:30:00,1762446600,50295.0,50300.0,50125.0,50160.0,0,0,68,2025-11-02/2025-11-08,5863
1884,-997,MNK,MNKZ25,M30,2025-11-06 17:00:00,1762448400,50240.0,50285.0,50140.0,50165.0,0,0,13,2025-11-02/2025-11-08,5863
1885,-996,MNK,MNKZ25,M30,2025-11-06 17:30:00,1762450200,50215.0,50395.0,50215.0,50330.0,0,0,21,2025-11-02/2025-11-08,5863
1886,-995,MNK,MNKZ25,M30,2025-11-06 18:00:00,1762452000,50245.0,50245.0,50160.0,50160.0,0,0,28,2025-11-02/2025-11-08,5863
1887,-994,MNK,MNKZ25,M30,2025-11-06 18:30:00,1762453800,50335.0,50455.0,50335.0,50405.0,0,0,22,2025-11-02/2025-11-08,5863
1888,-993,MNK,MNKZ25,M30,2025-11-06 19:00:00,1762455600,50440.0,50585.0,50440.0,50585.0,0,0,16,2025-11-02/2025-11-08,5863
1889,-992,MNK,MNKZ25,M30,2025-11-06 19:30:00,1762457400,50600.0,50600.0,50495.0,50545.0,0,0,18,2025-11-02/2025-11-08,5863
1890,-991,MNK,MNKZ25,M30,2025-11-06 20:00:00,1762459200,50540.0,50540.0,50515.0,50515.0,0,0,5,2025-11-02/2025-11-08,5863
1891,-990,MNK,MNKZ25,M30,2025-11-06 20:30:00,1762461000,50465.0,50465.0,50275.0,50275.0,0,0,47,2025-11-02/2025-11-08,5863
1892,-989,MNK,MNKZ25,M30,2025-11-06 21:00:00,1762462800,50290.0,50355.0,50290.0,50350.0,0,0,33,2025-11-02/2025-11-08,5863
1893,-988,MNK,MNKZ25,M30,2025-11-06 21:30:00,1762464600,50365.0,50365.0,50345.0,50345.0,0,0,26,2025-11-02/2025-11-08,5863
1894,-987,MNK,MNKZ25,M30,2025-11-06 23:00:00,1762470000,50270.0,50325.0,50265.0,50300.0,0,0,15,2025-11-02/2025-11-08,5863
1895,-986,MNK,MNKZ25,M30,2025-11-06 23:30:00,1762471800,50305.0,50335.0,50225.0,50225.0,0,0,14,2025-11-02/2025-11-08,5863
1896,-985,MNK,MNKZ25,M30,2025-11-07 00:00:00,1762473600,50205.0,50530.0,50205.0,50220.0,0,0,45,2025-11-02/2025-11-08,5863
1897,-984,MNK,MNKZ25,M30,2025-11-07 00:30:00,1762475400,50320.0,50395.0,50285.0,50295.0,0,0,11,2025-11-02/2025-11-08,5863
1898,-983,MNK,MNKZ25,M30,2025-11-07 01:00:00,1762477200,50220.0,50270.0,49990.0,50035.0,0,0,47,2025-11-02/2025-11-08,5863
1899,-982,MNK,MNKZ25,M30,2025-11-07 01:30:00,1762479000,50060.0,50065.0,49900.0,50065.0,0,0,75,2025-11-02/2025-11-08,5863
1900,-981,MNK,MNKZ25,M30,2025-11-07 02:00:00,1762480800,50075.0,50075.0,49905.0,49960.0,0,0,32,2025-11-02/2025-11-08,5863
1901,-980,MNK,MNKZ25,M30,2025-11-07 02:30:00,1762482600,49935.0,50050.0,49935.0,49975.0,0,0,19,2025-11-02/2025-11-08,5863
1902,-979,MNK,MNKZ25,M30,2025-11-07 03:00:00,1762484400,49985.0,49985.0,49825.0,49825.0,0,0,19,2025-11-02/2025-11-08,5863
1903,-978,MNK,MNKZ25,M30,2025-11-07 03:30:00,1762486200,49860.0,49870.0,49810.0,49825.0,0,0,29,2025-11-02/2025-11-08,5863
1904,-977,MNK,MNKZ25,M30,2025-11-07 04:00:00,1762488000,49820.0,50025.0,49820.0,49980.0,0,0,24,2025-11-02/2025-11-08,5863
1905,-976,MNK,MNKZ25,M30,2025-11-07 04:30:00,1762489800,49980.0,49995.0,49935.0,49995.0,0,0,4,2025-11-02/2025-11-08,5863
1906,-975,MNK,MNKZ25,M30,2025-11-07 05:00:00,1762491600,50175.0,50200.0,50100.0,50145.0,0,0,20,2025-11-02/2025-11-08,5863
1907,-974,MNK,MNKZ25,M30,2025-11-07 05:30:00,1762493400,50075.0,50210.0,50075.0,50210.0,0,0,6,2025-11-02/2025-11-08,5863
1908,-973,MNK,MNKZ25,M30,2025-11-07 06:00:00,1762495200,50230.0,50400.0,50230.0,50400.0,0,0,34,2025-11-02/2025-11-08,5863
1909,-972,MNK,MNKZ25,M30,2025-11-07 06:30:00,1762497000,50415.0,50415.0,50365.0,50405.0,0,0,8,2025-11-02/2025-11-08,5863
1910,-971,MNK,MNKZ25,M30,2025-11-07 07:00:00,1762498800,50345.0,50455.0,50345.0,50440.0,0,0,35,2025-11-02/2025-11-08,5863
1911,-970,MNK,MNKZ25,M30,2025-11-07 07:30:00,1762500600,50445.0,50500.0,50435.0,50500.0,0,0,5,2025-11-02/2025-11-08,5863
1912,-969,MNK,MNKZ25,M30,2025-11-07 08:00:00,1762502400,50500.0,50520.0,50500.0,50510.0,0,0,29,2025-11-02/2025-11-08,5863
1913,-968,MNK,MNKZ25,M30,2025-11-07 08:30:00,1762504200,50440.0,50475.0,50435.0,50475.0,0,0,29,2025-11-02/2025-11-08,5863
1914,-967,MNK,MNKZ25,M30,2025-11-07 09:30:00,1762507800,50495.0,50495.0,50400.0,50400.0,0,0,4,2025-11-02/2025-11-08,5863
1915,-966,MNK,MNKZ25,M30,2025-11-07 10:00:00,1762509600,50370.0,50370.0,50310.0,50355.0,0,0,24,2025-11-02/2025-11-08,5863
1916,-965,MNK,MNKZ25,M30,2025-11-07 10:30:00,1762511400,50425.0,50425.0,50400.0,50420.0,0,0,5,2025-11-02/2025-11-08,5863
1917,-964,MNK,MNKZ25,M30,2025-11-07 11:00:00,1762513200,50340.0,50340.0,50125.0,50140.0,0,0,47,2025-11-02/2025-11-08,5863
1918,-963,MNK,MNKZ25,M30,2025-11-07 11:30:00,1762515000,50095.0,50330.0,50095.0,50305.0,0,0,18,2025-11-02/2025-11-08,5863
1919,-962,MNK,MNKZ25,M30,2025-11-07 12:00:00,1762516800,50320.0,50320.0,50225.0,50250.0,0,0,17,2025-11-02/2025-11-08,5863
1920,-961,MNK,MNKZ25,M30,2025-11-07 12:30:00,1762518600,50230.0,50250.0,50115.0,50155.0,0,0,19,2025-11-02/2025-11-08,5863
1921,-960,MNK,MNKZ25,M30,2025-11-07 13:00:00,1762520400,50170.0,50205.0,50170.0,50205.0,0,0,11,2025-11-02/2025-11-08,5863
1922,-959,MNK,MNKZ25,M30,2025-11-07 13:30:00,1762522200,50140.0,50250.0,50130.0,50210.0,0,0,27,2025-11-02/2025-11-08,5863
1923,-958,MNK,MNKZ25,M30,2025-11-07 14:00:00,1762524000,50200.0,50230.0,50200.0,50230.0,0,0,2,2025-11-02/2025-11-08,5863
1924,-957,MNK,MNKZ25,M30,2025-11-07 14:30:00,1762525800,50165.0,50165.0,49890.0,50150.0,0,0,61,2025-11-02/2025-11-08,5863
1925,-956,MNK,MNKZ25,M30,2025-11-07 15:00:00,1762527600,50135.0,50150.0,49945.0,50120.0,0,0,25,2025-11-02/2025-11-08,5863
1926,-955,MNK,MNKZ25,M30,2025-11-07 15:30:00,1762529400,50080.0,50095.0,49880.0,49880.0,0,0,26,2025-11-02/2025-11-08,5863
1927,-954,MNK,MNKZ25,M30,2025-11-07 16:00:00,1762531200,49845.0,49890.0,49800.0,49840.0,0,0,59,2025-11-02/2025-11-08,5863
1928,-953,MNK,MNKZ25,M30,2025-11-07 16:30:00,1762533000,49825.0,49880.0,49645.0,49645.0,0,0,27,2025-11-02/2025-11-08,5863
1929,-952,MNK,MNKZ25,M30,2025-11-07 17:00:00,1762534800,49615.0,49875.0,49610.0,49875.0,0,0,39,2025-11-02/2025-11-08,5863
1930,-951,MNK,MNKZ25,M30,2025-11-07 17:30:00,1762536600,49850.0,49900.0,49745.0,49880.0,0,0,26,2025-11-02/2025-11-08,5863
1931,-950,MNK,MNKZ25,M30,2025-11-07 18:00:00,1762538400,49920.0,49965.0,49890.0,49950.0,0,0,65,2025-11-02/2025-11-08,5863
1932,-949,MNK,MNKZ25,M30,2025-11-07 18:30:00,1762540200,50020.0,50060.0,49945.0,49945.0,0,0,34,2025-11-02/2025-11-08,5863
1933,-948,MNK,MNKZ25,M30,2025-11-07 19:00:00,1762542000,50015.0,50020.0,50015.0,50020.0,0,0,4,2025-11-02/2025-11-08,5863
1934,-947,MNK,MNKZ25,M30,2025-11-07 19:30:00,1762543800,50100.0,50435.0,50100.0,50435.0,0,0,45,2025-11-02/2025-11-08,5863
1935,-946,MNK,MNKZ25,M30,2025-11-07 20:00:00,1762545600,50455.0,50455.0,50320.0,50320.0,0,0,15,2025-11-02/2025-11-08,5863
1936,-945,MNK,MNKZ25,M30,2025-11-07 20:30:00,1762547400,50400.0,50475.0,50400.0,50475.0,0,0,97,2025-11-02/2025-11-08,5863
1937,-944,MNK,MNKZ25,M30,2025-11-07 21:00:00,1762549200,50495.0,50550.0,50490.0,50545.0,0,0,39,2025-11-02/2025-11-08,5863
1938,-943,MNK,MNKZ25,M30,2025-11-07 21:30:00,1762551000,50535.0,50535.0,50535.0,50535.0,0,0,1,2025-11-02/2025-11-08,5863
1939,-942,MNK,MNKZ25,M30,2025-11-09 23:00:00,1762729200,50580.0,51120.0,50580.0,50985.0,0,0,112,2025-11-09/2025-11-15,4953
1940,-941,MNK,MNKZ25,M30,2025-11-09 23:30:00,1762731000,50995.0,51030.0,50850.0,50925.0,0,0,67,2025-11-09/2025-11-15,4953
1941,-940,MNK,MNKZ25,M30,2025-11-10 00:00:00,1762732800,50895.0,50895.0,50555.0,50770.0,0,0,91,2025-11-09/2025-11-15,4953
1942,-939,MNK,MNKZ25,M30,2025-11-10 00:30:00,1762734600,50825.0,50835.0,50705.0,50730.0,0,0,27,2025-11-09/2025-11-15,4953
1943,-938,MNK,MNKZ25,M30,2025-11-10 01:00:00,1762736400,50700.0,50900.0,50660.0,50840.0,0,0,127,2025-11-09/2025-11-15,4953
1944,-937,MNK,MNKZ25,M30,2025-11-10 01:30:00,1762738200,50815.0,50875.0,50795.0,50875.0,0,0,49,2025-11-09/2025-11-15,4953
1945,-936,MNK,MNKZ25,M30,2025-11-10 02:00:00,1762740000,50940.0,51015.0,50870.0,50870.0,0,0,63,2025-11-09/2025-11-15,4953
1946,-935,MNK,MNKZ25,M30,2025-11-10 02:30:00,1762741800,50885.0,50885.0,50840.0,50855.0,0,0,4,2025-11-09/2025-11-15,4953
1947,-934,MNK,MNKZ25,M30,2025-11-10 03:00:00,1762743600,50865.0,50945.0,50865.0,50895.0,0,0,15,2025-11-09/2025-11-15,4953
1948,-933,MNK,MNKZ25,M30,2025-11-10 03:30:00,1762745400,50865.0,50925.0,50815.0,50835.0,0,0,18,2025-11-09/2025-11-15,4953
1949,-932,MNK,MNKZ25,M30,2025-11-10 04:00:00,1762747200,50825.0,50870.0,50825.0,50870.0,0,0,24,2025-11-09/2025-11-15,4953
1950,-931,MNK,MNKZ25,M30,2025-11-10 04:30:00,1762749000,50865.0,51005.0,50865.0,51000.0,0,0,25,2025-11-09/2025-11-15,4953
1951,-930,MNK,MNKZ25,M30,2025-11-10 05:00:00,1762750800,50955.0,51045.0,50955.0,51035.0,0,0,23,2025-11-09/2025-11-15,4953
1952,-929,MNK,MNKZ25,M30,2025-11-10 05:30:00,1762752600,51010.0,51040.0,51010.0,51040.0,0,0,4,2025-11-09/2025-11-15,4953
1953,-928,MNK,MNKZ25,M30,2025-11-10 06:00:00,1762754400,51050.0,51050.0,51045.0,51045.0,0,0,2,2025-11-09/2025-11-15,4953
1954,-927,MNK,MNKZ25,M30,2025-11-10 06:30:00,1762756200,51070.0,51150.0,51045.0,51150.0,0,0,12,2025-11-09/2025-11-15,4953
1955,-926,MNK,MNKZ25,M30,2025-11-10 07:00:00,1762758000,51130.0,51185.0,51130.0,51185.0,0,0,4,2025-11-09/2025-11-15,4953
1956,-925,MNK,MNKZ25,M30,2025-11-10 07:30:00,1762759800,51120.0,51165.0,51120.0,51130.0,0,0,18,2025-11-09/2025-11-15,4953
1957,-924,MNK,MNKZ25,M30,2025-11-10 08:00:00,1762761600,51050.0,51050.0,50980.0,51040.0,0,0,7,2025-11-09/2025-11-15,4953
1958,-923,MNK,MNKZ25,M30,2025-11-10 08:30:00,1762763400,51045.0,51120.0,51045.0,51120.0,0,0,5,2025-11-09/2025-11-15,4953
1959,-922,MNK,MNKZ25,M30,2025-11-10 09:00:00,1762765200,51210.0,51210.0,51210.0,51210.0,0,0,1,2025-11-09/2025-11-15,4953
1960,-921,MNK,MNKZ25,M30,2025-11-10 09:30:00,1762767000,51200.0,51285.0,51200.0,51285.0,0,0,7,2025-11-09/2025-11-15,4953
1961,-920,MNK,MNKZ25,M30,2025-11-10 10:00:00,1762768800,51225.0,51225.0,51225.0,51225.0,0,0,1,2025-11-09/2025-11-15,4953
1962,-919,MNK,MNKZ25,M30,2025-11-10 10:30:00,1762770600,51205.0,51205.0,51205.0,51205.0,0,0,2,2025-11-09/2025-11-15,4953
1963,-918,MNK,MNKZ25,M30,2025-11-10 11:00:00,1762772400,51175.0,51175.0,51110.0,51130.0,0,0,3,2025-11-09/2025-11-15,4953
1964,-917,MNK,MNKZ25,M30,2025-11-10 11:30:00,1762774200,51070.0,51120.0,51070.0,51120.0,0,0,26,2025-11-09/2025-11-15,4953
1965,-916,MNK,MNKZ25,M30,2025-11-10 12:00:00,1762776000,51060.0,51065.0,51045.0,51045.0,0,0,29,2025-11-09/2025-11-15,4953
1966,-915,MNK,MNKZ25,M30,2025-11-10 12:30:00,1762777800,51025.0,51025.0,50980.0,50980.0,0,0,23,2025-11-09/2025-11-15,4953
1967,-914,MNK,MNKZ25,M30,2025-11-10 13:00:00,1762779600,51060.0,51060.0,51060.0,51060.0,0,0,1,2025-11-09/2025-11-15,4953
1968,-913,MNK,MNKZ25,M30,2025-11-10 13:30:00,1762781400,51085.0,51085.0,51000.0,51065.0,0,0,9,2025-11-09/2025-11-15,4953
1969,-912,MNK,MNKZ25,M30,2025-11-10 14:00:00,1762783200,51030.0,51055.0,51030.0,51055.0,0,0,6,2025-11-09/2025-11-15,4953
1970,-911,MNK,MNKZ25,M30,2025-11-10 14:30:00,1762785000,51095.0,51110.0,50990.0,51005.0,0,0,22,2025-11-09/2025-11-15,4953
1971,-910,MNK,MNKZ25,M30,2025-11-10 15:00:00,1762786800,51005.0,51115.0,51000.0,51115.0,0,0,29,2025-11-09/2025-11-15,4953
1972,-909,MNK,MNKZ25,M30,2025-11-10 15:30:00,1762788600,51080.0,51080.0,50865.0,50865.0,0,0,60,2025-11-09/2025-11-15,4953
1973,-908,MNK,MNKZ25,M30,2025-11-10 16:00:00,1762790400,50840.0,50945.0,50840.0,50875.0,0,0,16,2025-11-09/2025-11-15,4953
1974,-907,MNK,MNKZ25,M30,2025-11-10 16:30:00,1762792200,50885.0,50885.0,50825.0,50825.0,0,0,5,2025-11-09/2025-11-15,4953
1975,-906,MNK,MNKZ25,M30,2025-11-10 17:00:00,1762794000,50970.0,51015.0,50970.0,51015.0,0,0,63,2025-11-09/2025-11-15,4953
1976,-905,MNK,MNKZ25,M30,2025-11-10 17:30:00,1762795800,51045.0,51160.0,51045.0,51160.0,0,0,26,2025-11-09/2025-11-15,4953
1977,-904,MNK,MNKZ25,M30,2025-11-10 18:00:00,1762797600,51170.0,51175.0,51170.0,51175.0,0,0,2,2025-11-09/2025-11-15,4953
1978,-903,MNK,MNKZ25,M30,2025-11-10 18:30:00,1762799400,51170.0,51205.0,51170.0,51205.0,0,0,5,2025-11-09/2025-11-15,4953
1979,-902,MNK,MNKZ25,M30,2025-11-10 19:00:00,1762801200,51170.0,51245.0,51165.0,51245.0,0,0,15,2025-11-09/2025-11-15,4953
1980,-901,MNK,MNKZ25,M30,2025-11-10 19:30:00,1762803000,51285.0,51285.0,51280.0,51285.0,0,0,6,2025-11-09/2025-11-15,4953
1981,-900,MNK,MNKZ25,M30,2025-11-10 20:00:00,1762804800,51265.0,51295.0,51265.0,51275.0,0,0,11,2025-11-09/2025-11-15,4953
1982,-899,MNK,MNKZ25,M30,2025-11-10 20:30:00,1762806600,51320.0,51350.0,51315.0,51340.0,0,0,9,2025-11-09/2025-11-15,4953
1983,-898,MNK,MNKZ25,M30,2025-11-10 21:00:00,1762808400,51335.0,51395.0,51335.0,51380.0,0,0,10,2025-11-09/2025-11-15,4953
1984,-897,MNK,MNKZ25,M30,2025-11-10 21:30:00,1762810200,51365.0,51365.0,51355.0,51355.0,0,0,12,2025-11-09/2025-11-15,4953
1985,-896,MNK,MNKZ25,M30,2025-11-10 23:00:00,1762815600,51345.0,51355.0,51315.0,51320.0,0,0,51,2025-11-09/2025-11-15,4953
1986,-895,MNK,MNKZ25,M30,2025-11-10 23:30:00,1762817400,51360.0,51510.0,51360.0,51500.0,0,0,24,2025-11-09/2025-11-15,4953
1987,-894,MNK,MNKZ25,M30,2025-11-11 00:00:00,1762819200,51480.0,51480.0,51375.0,51465.0,0,0,28,2025-11-09/2025-11-15,4953
1988,-893,MNK,MNKZ25,M30,2025-11-11 00:30:00,1762821000,51555.0,51600.0,51450.0,51465.0,1,0,31,2025-11-09/2025-11-15,4953
1989,-892,MNK,MNKZ25,M30,2025-11-11 01:00:00,1762822800,51430.0,51440.0,51300.0,51390.0,0,0,41,2025-11-09/2025-11-15,4953
1990,-891,MNK,MNKZ25,M30,2025-11-11 01:30:00,1762824600,51370.0,51370.0,51265.0,51265.0,0,0,24,2025-11-09/2025-11-15,4953
1991,-890,MNK,MNKZ25,M30,2025-11-11 02:00:00,1762826400,51245.0,51245.0,51190.0,51200.0,0,0,25,2025-11-09/2025-11-15,4953
1992,-889,MNK,MNKZ25,M30,2025-11-11 02:30:00,1762828200,51280.0,51280.0,51280.0,51280.0,0,0,1,2025-11-09/2025-11-15,4953
1993,-888,MNK,MNKZ25,M30,2025-11-11 03:00:00,1762830000,51280.0,51280.0,51280.0,51280.0,0,0,3,2025-11-09/2025-11-15,4953
1994,-887,MNK,MNKZ25,M30,2025-11-11 03:30:00,1762831800,51220.0,51295.0,51190.0,51215.0,0,0,16,2025-11-09/2025-11-15,4953
1995,-886,MNK,MNKZ25,M30,2025-11-11 04:00:00,1762833600,51165.0,51175.0,51105.0,51115.0,0,0,16,2025-11-09/2025-11-15,4953
1996,-885,MNK,MNKZ25,M30,2025-11-11 04:30:00,1762835400,51125.0,51125.0,50890.0,50940.0,0,0,19,2025-11-09/2025-11-15,4953
1997,-884,MNK,MNKZ25,M30,2025-11-11 05:00:00,1762837200,50930.0,50960.0,50725.0,50860.0,0,0,74,2025-11-09/2025-11-15,4953
1998,-883,MNK,MNKZ25,M30,2025-11-11 05:30:00,1762839000,50865.0,50885.0,50725.0,50750.0,0,0,32,2025-11-09/2025-11-15,4953
1999,-882,MNK,MNKZ25,M30,2025-11-11 06:00:00,1762840800,50725.0,50955.0,50705.0,50955.0,0,0,17,2025-11-09/2025-11-15,4953
2000,-881,MNK,MNKZ25,M30,2025-11-11 06:30:00,1762842600,50975.0,51215.0,50975.0,51185.0,0,0,40,2025-11-09/2025-11-15,4953
2001,-880,MNK,MNKZ25,M30,2025-11-11 07:00:00,1762844400,51210.0,51215.0,51120.0,51130.0,0,0,22,2025-11-09/2025-11-15,4953
2002,-879,MNK,MNKZ25,M30,2025-11-11 07:30:00,1762846200,51170.0,51170.0,51115.0,51135.0,0,0,5,2025-11-09/2025-11-15,4953
2003,-878,MNK,MNKZ25,M30,2025-11-11 08:00:00,1762848000,51120.0,51140.0,51120.0,51140.0,0,0,5,2025-11-09/2025-11-15,4953
2004,-877,MNK,MNKZ25,M30,2025-11-11 08:30:00,1762849800,51110.0,51110.0,51040.0,51040.0,0,0,5,2025-11-09/2025-11-15,4953
2005,-876,MNK,MNKZ25,M30,2025-11-11 09:00:00,1762851600,51110.0,51110.0,51080.0,51080.0,0,0,6,2025-11-09/2025-11-15,4953
2006,-875,MNK,MNKZ25,M30,2025-11-11 10:00:00,1762855200,51065.0,51105.0,51065.0,51105.0,0,0,5,2025-11-09/2025-11-15,4953
2007,-874,MNK,MNKZ25,M30,2025-11-11 11:30:00,1762860600,51040.0,51040.0,51025.0,51025.0,0,0,3,2025-11-09/2025-11-15,4953
2008,-873,MNK,MNKZ25,M30,2025-11-11 12:00:00,1762862400,51030.0,51030.0,51025.0,51030.0,0,0,7,2025-11-09/2025-11-15,4953
2009,-872,MNK,MNKZ25,M30,2025-11-11 12:30:00,1762864200,51010.0,51015.0,50995.0,50995.0,0,0,11,2025-11-09/2025-11-15,4953
2010,-871,MNK,MNKZ25,M30,2025-11-11 13:00:00,1762866000,50900.0,50900.0,50900.0,50900.0,0,0,1,2025-11-09/2025-11-15,4953
2011,-870,MNK,MNKZ25,M30,2025-11-11 13:30:00,1762867800,50940.0,50940.0,50940.0,50940.0,0,0,4,2025-11-09/2025-11-15,4953
2012,-869,MNK,MNKZ25,M30,2025-11-11 14:00:00,1762869600,50920.0,50920.0,50915.0,50915.0,0,0,8,2025-11-09/2025-11-15,4953
2013,-868,MNK,MNKZ25,M30,2025-11-11 14:30:00,1762871400,51010.0,51050.0,50970.0,51050.0,0,0,21,2025-11-09/2025-11-15,4953
2014,-867,MNK,MNKZ25,M30,2025-11-11 15:00:00,1762873200,51005.0,51005.0,50915.0,50915.0,0,0,84,2025-11-09/2025-11-15,4953
2015,-866,MNK,MNKZ25,M30,2025-11-11 15:30:00,1762875000,50880.0,50915.0,50835.0,50915.0,0,0,61,2025-11-09/2025-11-15,4953
2016,-865,MNK,MNKZ25,M30,2025-11-11 16:00:00,1762876800,50940.0,50950.0,50925.0,50925.0,0,0,3,2025-11-09/2025-11-15,4953
2017,-864,MNK,MNKZ25,M30,2025-11-11 16:30:00,1762878600,51010.0,51040.0,50995.0,51040.0,0,0,7,2025-11-09/2025-11-15,4953
2018,-863,MNK,MNKZ25,M30,2025-11-11 17:00:00,1762880400,51035.0,51110.0,51035.0,51110.0,0,0,6,2025-11-09/2025-11-15,4953
2019,-862,MNK,MNKZ25,M30,2025-11-11 17:30:00,1762882200,51125.0,51185.0,51125.0,51185.0,0,0,7,2025-11-09/2025-11-15,4953
2020,-861,MNK,MNKZ25,M30,2025-11-11 18:00:00,1762884000,51190.0,51190.0,51180.0,51180.0,0,0,3,2025-11-09/2025-11-15,4953
2021,-860,MNK,MNKZ25,M30,2025-11-11 18:30:00,1762885800,51205.0,51215.0,51205.0,51215.0,0,0,30,2025-11-09/2025-11-15,4953
2022,-859,MNK,MNKZ25,M30,2025-11-11 19:00:00,1762887600,51195.0,51220.0,51190.0,51220.0,0,0,33,2025-11-09/2025-11-15,4953
2023,-858,MNK,MNKZ25,M30,2025-11-11 20:00:00,1762891200,51215.0,51215.0,51185.0,51190.0,0,0,10,2025-11-09/2025-11-15,4953
2024,-857,MNK,MNKZ25,M30,2025-11-11 20:30:00,1762893000,51195.0,51210.0,51170.0,51200.0,0,0,14,2025-11-09/2025-11-15,4953
2025,-856,MNK,MNKZ25,M30,2025-11-11 21:00:00,1762894800,51185.0,51260.0,51185.0,51250.0,0,0,10,2025-11-09/2025-11-15,4953
2026,-855,MNK,MNKZ25,M30,2025-11-11 21:30:00,1762896600,51240.0,51255.0,51200.0,51200.0,0,0,4,2025-11-09/2025-11-15,4953
2027,-854,MNK,MNKZ25,M30,2025-11-11 23:00:00,1762902000,51215.0,51265.0,51195.0,51230.0,0,0,29,2025-11-09/2025-11-15,4953
2028,-853,MNK,MNKZ25,M30,2025-11-11 23:30:00,1762903800,51185.0,51185.0,51085.0,51085.0,0,0,13,2025-11-09/2025-11-15,4953
2029,-852,MNK,MNKZ25,M30,2025-11-12 00:00:00,1762905600,50890.0,50955.0,50640.0,50940.0,0,0,118,2025-11-09/2025-11-15,4953
2030,-851,MNK,MNKZ25,M30,2025-11-12 00:30:00,1762907400,50915.0,51060.0,50915.0,50995.0,0,0,45,2025-11-09/2025-11-15,4953
2031,-850,MNK,MNKZ25,M30,2025-11-12 01:00:00,1762909200,51115.0,51115.0,50945.0,50950.0,0,0,45,2025-11-09/2025-11-15,4953
2032,-849,MNK,MNKZ25,M30,2025-11-12 01:30:00,1762911000,50955.0,51040.0,50950.0,51015.0,0,0,14,2025-11-09/2025-11-15,4953
2033,-848,MNK,MNKZ25,M30,2025-11-12 02:00:00,1762912800,51060.0,51105.0,51025.0,51025.0,0,0,23,2025-11-09/2025-11-15,4953
2034,-847,MNK,MNKZ25,M30,2025-11-12 02:30:00,1762914600,50990.0,51015.0,50915.0,50935.0,0,0,26,2025-11-09/2025-11-15,4953
2035,-846,MNK,MNKZ25,M30,2025-11-12 03:00:00,1762916400,50905.0,50920.0,50875.0,50880.0,0,0,14,2025-11-09/2025-11-15,4953
2036,-845,MNK,MNKZ25,M30,2025-11-12 03:30:00,1762918200,50860.0,50860.0,50750.0,50750.0,0,0,37,2025-11-09/2025-11-15,4953
2037,-844,MNK,MNKZ25,M30,2025-11-12 04:00:00,1762920000,50780.0,50910.0,50780.0,50910.0,0,0,14,2025-11-09/2025-11-15,4953
2038,-843,MNK,MNKZ25,M30,2025-11-12 04:30:00,1762921800,50920.0,51000.0,50920.0,51000.0,0,0,7,2025-11-09/2025-11-15,4953
2039,-842,MNK,MNKZ25,M30,2025-11-12 05:00:00,1762923600,51010.0,51025.0,50925.0,50995.0,0,0,48,2025-11-09/2025-11-15,4953
2040,-841,MNK,MNKZ25,M30,2025-11-12 05:30:00,1762925400,51020.0,51110.0,51020.0,51110.0,0,0,6,2025-11-09/2025-11-15,4953
2041,-840,MNK,MNKZ25,M30,2025-11-12 06:00:00,1762927200,51130.0,51170.0,51120.0,51155.0,0,0,26,2025-11-09/2025-11-15,4953
2042,-839,MNK,MNKZ25,M30,2025-11-12 06:30:00,1762929000,51175.0,51200.0,51175.0,51200.0,0,0,10,2025-11-09/2025-11-15,4953
2043,-838,MNK,MNKZ25,M30,2025-11-12 07:00:00,1762930800,51195.0,51195.0,51195.0,51195.0,0,0,1,2025-11-09/2025-11-15,4953
2044,-837,MNK,MNKZ25,M30,2025-11-12 07:30:00,1762932600,51220.0,51220.0,51155.0,51165.0,0,0,6,2025-11-09/2025-11-15,4953
2045,-836,MNK,MNKZ25,M30,2025-11-12 08:00:00,1762934400,51175.0,51235.0,51115.0,51235.0,0,0,11,2025-11-09/2025-11-15,4953
2046,-835,MNK,MNKZ25,M30,2025-11-12 08:30:00,1762936200,51280.0,51280.0,51220.0,51245.0,0,0,10,2025-11-09/2025-11-15,4953
2047,-834,MNK,MNKZ25,M30,2025-11-12 09:00:00,1762938000,51240.0,51285.0,51215.0,51280.0,0,0,12,2025-11-09/2025-11-15,4953
2048,-833,MNK,MNKZ25,M30,2025-11-12 09:30:00,1762939800,51360.0,51370.0,51360.0,51360.0,0,0,6,2025-11-09/2025-11-15,4953
2049,-832,MNK,MNKZ25,M30,2025-11-12 10:00:00,1762941600,51375.0,51400.0,51340.0,51340.0,0,0,8,2025-11-09/2025-11-15,4953
2050,-831,MNK,MNKZ25,M30,2025-11-12 10:30:00,1762943400,51360.0,51390.0,51360.0,51370.0,0,0,6,2025-11-09/2025-11-15,4953
2051,-830,MNK,MNKZ25,M30,2025-11-12 11:00:00,1762945200,51370.0,51375.0,51345.0,51345.0,0,0,11,2025-11-09/2025-11-15,4953
2052,-829,MNK,MNKZ25,M30,2025-11-12 11:30:00,1762947000,51315.0,51340.0,51315.0,51335.0,0,0,20,2025-11-09/2025-11-15,4953
2053,-828,MNK,MNKZ25,M30,2025-11-12 12:00:00,1762948800,51355.0,51375.0,51355.0,51375.0,0,0,54,2025-11-09/2025-11-15,4953
2054,-827,MNK,MNKZ25,M30,2025-11-12 12:30:00,1762950600,51405.0,51415.0,51400.0,51415.0,0,0,5,2025-11-09/2025-11-15,4953
2055,-826,MNK,MNKZ25,M30,2025-11-12 13:00:00,1762952400,51435.0,51445.0,51425.0,51445.0,0,0,18,2025-11-09/2025-11-15,4953
2056,-825,MNK,MNKZ25,M30,2025-11-12 13:30:00,1762954200,51445.0,51485.0,51445.0,51485.0,0,0,2,2025-11-09/2025-11-15,4953
2057,-824,MNK,MNKZ25,M30,2025-11-12 14:00:00,1762956000,51375.0,51395.0,51375.0,51395.0,0,0,3,2025-11-09/2025-11-15,4953
2058,-823,MNK,MNKZ25,M30,2025-11-12 14:30:00,1762957800,51360.0,51385.0,51250.0,51310.0,0,0,84,2025-11-09/2025-11-15,4953
2059,-822,MNK,MNKZ25,M30,2025-11-12 15:00:00,1762959600,51350.0,51395.0,51300.0,51340.0,0,0,12,2025-11-09/2025-11-15,4953
2060,-821,MNK,MNKZ25,M30,2025-11-12 15:30:00,1762961400,51315.0,51315.0,51230.0,51295.0,0,0,11,2025-11-09/2025-11-15,4953
2061,-820,MNK,MNKZ25,M30,2025-11-12 16:00:00,1762963200,51235.0,51305.0,51235.0,51305.0,0,0,3,2025-11-09/2025-11-15,4953
2062,-819,MNK,MNKZ25,M30,2025-11-12 16:30:00,1762965000,51335.0,51340.0,51250.0,51250.0,0,0,18,2025-11-09/2025-11-15,4953
2063,-818,MNK,MNKZ25,M30,2025-11-12 17:00:00,1762966800,51220.0,51220.0,51220.0,51220.0,0,0,1,2025-11-09/2025-11-15,4953
2064,-817,MNK,MNKZ25,M30,2025-11-12 18:00:00,1762970400,51305.0,51310.0,51275.0,51275.0,0,0,9,2025-11-09/2025-11-15,4953
2065,-816,MNK,MNKZ25,M30,2025-11-12 18:30:00,1762972200,51310.0,51335.0,51285.0,51320.0,0,0,15,2025-11-09/2025-11-15,4953
2066,-815,MNK,MNKZ25,M30,2025-11-12 19:00:00,1762974000,51250.0,51260.0,51250.0,51260.0,0,0,4,2025-11-09/2025-11-15,4953
2067,-814,MNK,MNKZ25,M30,2025-11-12 19:30:00,1762975800,51235.0,51235.0,51235.0,51235.0,0,0,1,2025-11-09/2025-11-15,4953
2068,-813,MNK,MNKZ25,M30,2025-11-12 20:00:00,1762977600,51230.0,51270.0,51230.0,51270.0,0,0,7,2025-11-09/2025-11-15,4953
2069,-812,MNK,MNKZ25,M30,2025-11-12 20:30:00,1762979400,51300.0,51315.0,51300.0,51305.0,0,0,13,2025-11-09/2025-11-15,4953
2070,-811,MNK,MNKZ25,M30,2025-11-12 21:00:00,1762981200,51315.0,51440.0,51315.0,51430.0,0,0,11,2025-11-09/2025-11-15,4953
2071,-810,MNK,MNKZ25,M30,2025-11-12 21:30:00,1762983000,51475.0,51585.0,51455.0,51455.0,0,0,27,2025-11-09/2025-11-15,4953
2072,-809,MNK,MNKZ25,M30,2025-11-12 23:00:00,1762988400,51420.0,51420.0,51320.0,51345.0,0,0,8,2025-11-09/2025-11-15,4953
2073,-808,MNK,MNKZ25,M30,2025-11-12 23:30:00,1762990200,51225.0,51230.0,51075.0,51095.0,0,0,33,2025-11-09/2025-11-15,4953
2074,-807,MNK,MNKZ25,M30,2025-11-13 00:00:00,1762992000,51050.0,51300.0,51050.0,51115.0,0,0,38,2025-11-09/2025-11-15,4953
2075,-806,MNK,MNKZ25,M30,2025-11-13 00:30:00,1762993800,51090.0,51170.0,51040.0,51120.0,0,0,37,2025-11-09/2025-11-15,4953
2076,-805,MNK,MNKZ25,M30,2025-11-13 01:00:00,1762995600,51140.0,51425.0,51140.0,51340.0,0,0,107,2025-11-09/2025-11-15,4953
2077,-804,MNK,MNKZ25,M30,2025-11-13 01:30:00,1762997400,51320.0,51350.0,51250.0,51250.0,0,0,15,2025-11-09/2025-11-15,4953
2078,-803,MNK,MNKZ25,M30,2025-11-13 02:00:00,1762999200,51250.0,51330.0,51200.0,51220.0,0,0,11,2025-11-09/2025-11-15,4953
2079,-802,MNK,MNKZ25,M30,2025-11-13 02:30:00,1763001000,51230.0,51230.0,51180.0,51220.0,0,0,9,2025-11-09/2025-11-15,4953
2080,-801,MNK,MNKZ25,M30,2025-11-13 03:00:00,1763002800,51150.0,51150.0,51150.0,51150.0,0,0,5,2025-11-09/2025-11-15,4953
2081,-800,MNK,MNKZ25,M30,2025-11-13 03:30:00,1763004600,51225.0,51270.0,51160.0,51270.0,0,0,12,2025-11-09/2025-11-15,4953
2082,-799,MNK,MNKZ25,M30,2025-11-13 04:00:00,1763006400,51220.0,51300.0,51220.0,51300.0,0,0,9,2025-11-09/2025-11-15,4953
2083,-798,MNK,MNKZ25,M30,2025-11-13 04:30:00,1763008200,51290.0,51360.0,51290.0,51355.0,0,0,5,2025-11-09/2025-11-15,4953
2084,-797,MNK,MNKZ25,M30,2025-11-13 05:00:00,1763010000,51380.0,51380.0,51300.0,51300.0,0,0,7,2025-11-09/2025-11-15,4953
2085,-796,MNK,MNKZ25,M30,2025-11-13 05:30:00,1763011800,51295.0,51330.0,51295.0,51330.0,0,0,2,2025-11-09/2025-11-15,4953
2086,-795,MNK,MNKZ25,M30,2025-11-13 06:00:00,1763013600,51300.0,51315.0,51300.0,51315.0,0,0,3,2025-11-09/2025-11-15,4953
2087,-794,MNK,MNKZ25,M30,2025-11-13 06:30:00,1763015400,51390.0,51390.0,51350.0,51350.0,0,0,3,2025-11-09/2025-11-15,4953
2088,-793,MNK,MNKZ25,M30,2025-11-13 07:00:00,1763017200,51350.0,51360.0,51350.0,51360.0,0,0,2,2025-11-09/2025-11-15,4953
2089,-792,MNK,MNKZ25,M30,2025-11-13 08:00:00,1763020800,51275.0,51280.0,51275.0,51280.0,0,0,3,2025-11-09/2025-11-15,4953
2090,-791,MNK,MNKZ25,M30,2025-11-13 08:30:00,1763022600,51255.0,51255.0,51225.0,51225.0,0,0,2,2025-11-09/2025-11-15,4953
2091,-790,MNK,MNKZ25,M30,2025-11-13 09:00:00,1763024400,51200.0,51200.0,51000.0,51010.0,0,0,18,2025-11-09/2025-11-15,4953
2092,-789,MNK,MNKZ25,M30,2025-11-13 09:30:00,1763026200,50950.0,50950.0,50950.0,50950.0,0,0,1,2025-11-09/2025-11-15,4953
2093,-788,MNK,MNKZ25,M30,2025-11-13 10:00:00,1763028000,51030.0,51040.0,51030.0,51040.0,0,0,4,2025-11-09/2025-11-15,4953
2094,-787,MNK,MNKZ25,M30,2025-11-13 10:30:00,1763029800,51040.0,51040.0,51035.0,51035.0,0,0,3,2025-11-09/2025-11-15,4953
2095,-786,MNK,MNKZ25,M30,2025-11-13 11:00:00,1763031600,51040.0,51080.0,51035.0,51080.0,0,0,5,2025-11-09/2025-11-15,4953
2096,-785,MNK,MNKZ25,M30,2025-11-13 11:30:00,1763033400,50995.0,50995.0,50980.0,50980.0,0,0,10,2025-11-09/2025-11-15,4953
2097,-784,MNK,MNKZ25,M30,2025-11-13 12:00:00,1763035200,50955.0,50955.0,50920.0,50955.0,0,0,34,2025-11-09/2025-11-15,4953
2098,-783,MNK,MNKZ25,M30,2025-11-13 12:30:00,1763037000,50945.0,50990.0,50930.0,50935.0,0,0,13,2025-11-09/2025-11-15,4953
2099,-782,MNK,MNKZ25,M30,2025-11-13 13:30:00,1763040600,50955.0,50955.0,50875.0,50875.0,0,0,6,2025-11-09/2025-11-15,4953
2100,-781,MNK,MNKZ25,M30,2025-11-13 14:00:00,1763042400,50845.0,50845.0,50805.0,50830.0,0,0,7,2025-11-09/2025-11-15,4953
2101,-780,MNK,MNKZ25,M30,2025-11-13 14:30:00,1763044200,50830.0,50860.0,50690.0,50770.0,0,0,66,2025-11-09/2025-11-15,4953
2102,-779,MNK,MNKZ25,M30,2025-11-13 15:00:00,1763046000,50735.0,50870.0,50725.0,50725.0,0,0,58,2025-11-09/2025-11-15,4953
2103,-778,MNK,MNKZ25,M30,2025-11-13 15:30:00,1763047800,50715.0,50715.0,50435.0,50455.0,0,0,81,2025-11-09/2025-11-15,4953
2104,-777,MNK,MNKZ25,M30,2025-11-13 16:00:00,1763049600,50435.0,50470.0,50385.0,50445.0,0,0,17,2025-11-09/2025-11-15,4953
2105,-776,MNK,MNKZ25,M30,2025-11-13 16:30:00,1763051400,50460.0,50465.0,50350.0,50375.0,0,0,17,2025-11-09/2025-11-15,4953
2106,-775,MNK,MNKZ25,M30,2025-11-13 17:00:00,1763053200,50420.0,50455.0,50390.0,50435.0,0,0,16,2025-11-09/2025-11-15,4953
2107,-774,MNK,MNKZ25,M30,2025-11-13 17:30:00,1763055000,50330.0,50340.0,50325.0,50340.0,0,0,24,2025-11-09/2025-11-15,4953
2108,-773,MNK,MNKZ25,M30,2025-11-13 18:00:00,1763056800,50240.0,50280.0,50145.0,50145.0,0,0,40,2025-11-09/2025-11-15,4953
2109,-772,MNK,MNKZ25,M30,2025-11-13 18:30:00,1763058600,50135.0,50170.0,50080.0,50170.0,0,0,22,2025-11-09/2025-11-15,4953
2110,-771,MNK,MNKZ25,M30,2025-11-13 19:00:00,1763060400,50160.0,50290.0,50110.0,50290.0,0,0,27,2025-11-09/2025-11-15,4953
2111,-770,MNK,MNKZ25,M30,2025-11-13 19:30:00,1763062200,50290.0,50290.0,50140.0,50150.0,0,0,43,2025-11-09/2025-11-15,4953
2112,-769,MNK,MNKZ25,M30,2025-11-13 20:00:00,1763064000,50155.0,50170.0,50100.0,50150.0,0,0,24,2025-11-09/2025-11-15,4953
2113,-768,MNK,MNKZ25,M30,2025-11-13 20:30:00,1763065800,50190.0,50200.0,50125.0,50155.0,0,0,19,2025-11-09/2025-11-15,4953
2114,-767,MNK,MNKZ25,M30,2025-11-13 21:00:00,1763067600,50150.0,50255.0,50150.0,50255.0,0,0,24,2025-11-09/2025-11-15,4953
2115,-766,MNK,MNKZ25,M30,2025-11-13 23:00:00,1763074800,50235.0,50245.0,50215.0,50245.0,0,0,8,2025-11-09/2025-11-15,4953
2116,-765,MNK,MNKZ25,M30,2025-11-13 23:30:00,1763076600,50200.0,50200.0,50090.0,50090.0,0,0,18,2025-11-09/2025-11-15,4953
2117,-764,MNK,MNKZ25,M30,2025-11-14 00:00:00,1763078400,50205.0,50600.0,50205.0,50580.0,0,0,98,2025-11-09/2025-11-15,4953
2118,-763,MNK,MNKZ25,M30,2025-11-14 00:30:00,1763080200,50595.0,50665.0,50570.0,50640.0,0,0,64,2025-11-09/2025-11-15,4953
2119,-762,MNK,MNKZ25,M30,2025-11-14 01:00:00,1763082000,50660.0,50810.0,50590.0,50600.0,0,0,108,2025-11-09/2025-11-15,4953
2120,-761,MNK,MNKZ25,M30,2025-11-14 01:30:00,1763083800,50570.0,50660.0,50565.0,50605.0,0,0,11,2025-11-09/2025-11-15,4953
2121,-760,MNK,MNKZ25,M30,2025-11-14 02:00:00,1763085600,50580.0,50585.0,50520.0,50535.0,0,0,20,2025-11-09/2025-11-15,4953
2122,-759,MNK,MNKZ25,M30,2025-11-14 02:30:00,1763087400,50545.0,50545.0,50450.0,50475.0,0,0,9,2025-11-09/2025-11-15,4953
2123,-758,MNK,MNKZ25,M30,2025-11-14 03:00:00,1763089200,50465.0,50560.0,50455.0,50540.0,0,0,18,2025-11-09/2025-11-15,4953
2124,-757,MNK,MNKZ25,M30,2025-11-14 03:30:00,1763091000,50475.0,50530.0,50475.0,50530.0,0,0,3,2025-11-09/2025-11-15,4953
2125,-756,MNK,MNKZ25,M30,2025-11-14 04:00:00,1763092800,50545.0,50545.0,50410.0,50420.0,0,0,11,2025-11-09/2025-11-15,4953
2126,-755,MNK,MNKZ25,M30,2025-11-14 05:00:00,1763096400,50395.0,50490.0,50355.0,50465.0,0,0,29,2025-11-09/2025-11-15,4953
2127,-754,MNK,MNKZ25,M30,2025-11-14 05:30:00,1763098200,50415.0,50530.0,50415.0,50435.0,0,0,8,2025-11-09/2025-11-15,4953
2128,-753,MNK,MNKZ25,M30,2025-11-14 06:00:00,1763100000,50420.0,50425.0,50390.0,50405.0,0,0,13,2025-11-09/2025-11-15,4953
2129,-752,MNK,MNKZ25,M30,2025-11-14 06:30:00,1763101800,50400.0,50410.0,50310.0,50355.0,0,0,5,2025-11-09/2025-11-15,4953
2130,-751,MNK,MNKZ25,M30,2025-11-14 07:00:00,1763103600,50335.0,50340.0,50265.0,50320.0,0,0,9,2025-11-09/2025-11-15,4953
2131,-750,MNK,MNKZ25,M30,2025-11-14 08:00:00,1763107200,50255.0,50260.0,50180.0,50235.0,0,0,13,2025-11-09/2025-11-15,4953
2132,-749,MNK,MNKZ25,M30,2025-11-14 08:30:00,1763109000,50200.0,50315.0,50165.0,50315.0,0,0,95,2025-11-09/2025-11-15,4953
2133,-748,MNK,MNKZ25,M30,2025-11-14 09:00:00,1763110800,50365.0,50420.0,50365.0,50380.0,0,0,12,2025-11-09/2025-11-15,4953
2134,-747,MNK,MNKZ25,M30,2025-11-14 09:30:00,1763112600,50330.0,50330.0,50270.0,50270.0,0,0,13,2025-11-09/2025-11-15,4953
2135,-746,MNK,MNKZ25,M30,2025-11-14 10:00:00,1763114400,50265.0,50325.0,50265.0,50325.0,0,0,3,2025-11-09/2025-11-15,4953
2136,-745,MNK,MNKZ25,M30,2025-11-14 10:30:00,1763116200,50350.0,50355.0,50350.0,50355.0,0,0,2,2025-11-09/2025-11-15,4953
2137,-744,MNK,MNKZ25,M30,2025-11-14 11:00:00,1763118000,50280.0,50280.0,50065.0,50065.0,0,0,22,2025-11-09/2025-11-15,4953
2138,-743,MNK,MNKZ25,M30,2025-11-14 11:30:00,1763119800,50025.0,50035.0,49950.0,49950.0,0,0,17,2025-11-09/2025-11-15,4953
2139,-742,MNK,MNKZ25,M30,2025-11-14 12:00:00,1763121600,49990.0,49990.0,49800.0,49860.0,0,0,76,2025-11-09/2025-11-15,4953
2140,-741,MNK,MNKZ25,M30,2025-11-14 12:30:00,1763123400,49815.0,49900.0,49750.0,49900.0,0,0,17,2025-11-09/2025-11-15,4953
2141,-740,MNK,MNKZ25,M30,2025-11-14 13:00:00,1763125200,49915.0,49915.0,49860.0,49860.0,0,0,14,2025-11-09/2025-11-15,4953
2142,-739,MNK,MNKZ25,M30,2025-11-14 13:30:00,1763127000,49885.0,49910.0,49805.0,49885.0,0,0,27,2025-11-09/2025-11-15,4953
2143,-738,MNK,MNKZ25,M30,2025-11-14 14:00:00,1763128800,49885.0,49985.0,49885.0,49950.0,0,0,18,2025-11-09/2025-11-15,4953
2144,-737,MNK,MNKZ25,M30,2025-11-14 14:30:00,1763130600,49870.0,50280.0,49870.0,50225.0,0,0,161,2025-11-09/2025-11-15,4953
2145,-736,MNK,MNKZ25,M30,2025-11-14 15:00:00,1763132400,50230.0,50405.0,50160.0,50405.0,0,0,68,2025-11-09/2025-11-15,4953
2146,-735,MNK,MNKZ25,M30,2025-11-14 15:30:00,1763134200,50400.0,50560.0,50355.0,50545.0,0,0,63,2025-11-09/2025-11-15,4953
2147,-734,MNK,MNKZ25,M30,2025-11-14 16:00:00,1763136000,50550.0,50725.0,50500.0,50725.0,0,0,16,2025-11-09/2025-11-15,4953
2148,-733,MNK,MNKZ25,M30,2025-11-14 16:30:00,1763137800,50725.0,50760.0,50635.0,50715.0,0,0,22,2025-11-09/2025-11-15,4953
2149,-732,MNK,MNKZ25,M30,2025-11-14 17:00:00,1763139600,50740.0,50795.0,50725.0,50725.0,0,0,27,2025-11-09/2025-11-15,4953
2150,-731,MNK,MNKZ25,M30,2025-11-14 17:30:00,1763141400,50795.0,50795.0,50695.0,50695.0,0,0,7,2025-11-09/2025-11-15,4953
2151,-730,MNK,MNKZ25,M30,2025-11-14 18:00:00,1763143200,50645.0,50690.0,50550.0,50560.0,0,0,25,2025-11-09/2025-11-15,4953
2152,-729,MNK,MNKZ25,M30,2025-11-14 18:30:00,1763145000,50580.0,50590.0,50475.0,50565.0,0,0,23,2025-11-09/2025-11-15,4953
2153,-728,MNK,MNKZ25,M30,2025-11-14 19:00:00,1763146800,50550.0,50570.0,50500.0,50570.0,0,0,20,2025-11-09/2025-11-15,4953
2154,-727,MNK,MNKZ25,M30,2025-11-14 19:30:00,1763148600,50585.0,50600.0,50545.0,50555.0,0,0,11,2025-11-09/2025-11-15,4953
2155,-726,MNK,MNKZ25,M30,2025-11-14 20:00:00,1763150400,50540.0,50540.0,50515.0,50515.0,0,0,3,2025-11-09/2025-11-15,4953
2156,-725,MNK,MNKZ25,M30,2025-11-14 20:30:00,1763152200,50535.0,50535.0,50475.0,50480.0,0,0,49,2025-11-09/2025-11-15,4953
2157,-724,MNK,MNKZ25,M30,2025-11-14 21:00:00,1763154000,50490.0,50540.0,50465.0,50535.0,0,0,25,2025-11-09/2025-11-15,4953
2158,-723,MNK,MNKZ25,M30,2025-11-14 21:30:00,1763155800,50505.0,50505.0,50485.0,50485.0,0,0,5,2025-11-09/2025-11-15,4953
2159,-722,MNK,MNKZ25,M30,2025-11-16 23:00:00,1763334000,50490.0,50495.0,50250.0,50400.0,0,0,24,2025-11-16/2025-11-22,7394
2160,-721,MNK,MNKZ25,M30,2025-11-16 23:30:00,1763335800,50310.0,50420.0,50310.0,50325.0,0,0,15,2025-11-16/2025-11-22,7394
2161,-720,MNK,MNKZ25,M30,2025-11-17 00:00:00,1763337600,50235.0,50265.0,49945.0,50210.0,0,0,68,2025-11-16/2025-11-22,7394
2162,-719,MNK,MNKZ25,M30,2025-11-17 00:30:00,1763339400,50255.0,50460.0,50255.0,50430.0,0,0,62,2025-11-16/2025-11-22,7394
2163,-718,MNK,MNKZ25,M30,2025-11-17 01:00:00,1763341200,50315.0,50365.0,50200.0,50365.0,0,0,31,2025-11-16/2025-11-22,7394
2164,-717,MNK,MNKZ25,M30,2025-11-17 01:30:00,1763343000,50250.0,50250.0,50250.0,50250.0,0,0,15,2025-11-16/2025-11-22,7394
2165,-716,MNK,MNKZ25,M30,2025-11-17 02:00:00,1763344800,50120.0,50200.0,50090.0,50200.0,0,0,36,2025-11-16/2025-11-22,7394
2166,-715,MNK,MNKZ25,M30,2025-11-17 02:30:00,1763346600,50140.0,50210.0,50140.0,50210.0,0,0,9,2025-11-16/2025-11-22,7394
2167,-714,MNK,MNKZ25,M30,2025-11-17 03:00:00,1763348400,50220.0,50235.0,50215.0,50215.0,0,0,7,2025-11-16/2025-11-22,7394
2168,-713,MNK,MNKZ25,M30,2025-11-17 03:30:00,1763350200,50185.0,50285.0,50185.0,50285.0,0,0,4,2025-11-16/2025-11-22,7394
2169,-712,MNK,MNKZ25,M30,2025-11-17 04:00:00,1763352000,50310.0,50335.0,50310.0,50315.0,0,0,9,2025-11-16/2025-11-22,7394
2170,-711,MNK,MNKZ25,M30,2025-11-17 04:30:00,1763353800,50290.0,50305.0,50290.0,50305.0,0,0,20,2025-11-16/2025-11-22,7394
2171,-710,MNK,MNKZ25,M30,2025-11-17 05:00:00,1763355600,50305.0,50430.0,50305.0,50430.0,0,0,21,2025-11-16/2025-11-22,7394
2172,-709,MNK,MNKZ25,M30,2025-11-17 05:30:00,1763357400,50415.0,50415.0,50350.0,50365.0,0,0,15,2025-11-16/2025-11-22,7394
2173,-708,MNK,MNKZ25,M30,2025-11-17 06:00:00,1763359200,50455.0,50460.0,50440.0,50440.0,0,0,12,2025-11-16/2025-11-22,7394
2174,-707,MNK,MNKZ25,M30,2025-11-17 06:30:00,1763361000,50390.0,50390.0,50370.0,50375.0,0,0,4,2025-11-16/2025-11-22,7394
2175,-706,MNK,MNKZ25,M30,2025-11-17 07:00:00,1763362800,50440.0,50495.0,50440.0,50495.0,0,0,4,2025-11-16/2025-11-22,7394
2176,-705,MNK,MNKZ25,M30,2025-11-17 07:30:00,1763364600,50460.0,50460.0,50460.0,50460.0,0,0,1,2025-11-16/2025-11-22,7394
2177,-704,MNK,MNKZ25,M30,2025-11-17 08:00:00,1763366400,50405.0,50405.0,50405.0,50405.0,0,0,2,2025-11-16/2025-11-22,7394
2178,-703,MNK,MNKZ25,M30,2025-11-17 08:30:00,1763368200,50480.0,50550.0,50450.0,50450.0,0,0,40,2025-11-16/2025-11-22,7394
2179,-702,MNK,MNKZ25,M30,2025-11-17 09:00:00,1763370000,50405.0,50405.0,50405.0,50405.0,0,0,1,2025-11-16/2025-11-22,7394
2180,-701,MNK,MNKZ25,M30,2025-11-17 09:30:00,1763371800,50345.0,50380.0,50345.0,50380.0,0,0,2,2025-11-16/2025-11-22,7394
2181,-700,MNK,MNKZ25,M30,2025-11-17 10:30:00,1763375400,50215.0,50225.0,50215.0,50225.0,0,0,5,2025-11-16/2025-11-22,7394
2182,-699,MNK,MNKZ25,M30,2025-11-17 11:00:00,1763377200,50270.0,50270.0,50270.0,50270.0,0,0,6,2025-11-16/2025-11-22,7394
2183,-698,MNK,MNKZ25,M30,2025-11-17 11:30:00,1763379000,50250.0,50320.0,50250.0,50320.0,0,0,6,2025-11-16/2025-11-22,7394
2184,-697,MNK,MNKZ25,M30,2025-11-17 12:00:00,1763380800,50225.0,50225.0,50225.0,50225.0,0,0,3,2025-11-16/2025-11-22,7394
2185,-696,MNK,MNKZ25,M30,2025-11-17 12:30:00,1763382600,50175.0,50175.0,50175.0,50175.0,0,0,2,2025-11-16/2025-11-22,7394
2186,-695,MNK,MNKZ25,M30,2025-11-17 13:00:00,1763384400,50180.0,50180.0,50100.0,50130.0,0,0,5,2025-11-16/2025-11-22,7394
2187,-694,MNK,MNKZ25,M30,2025-11-17 13:30:00,1763386200,50090.0,50090.0,50070.0,50070.0,0,0,2,2025-11-16/2025-11-22,7394
2188,-693,MNK,MNKZ25,M30,2025-11-17 14:00:00,1763388000,50170.0,50170.0,50125.0,50125.0,0,0,5,2025-11-16/2025-11-22,7394
2189,-692,MNK,MNKZ25,M30,2025-11-17 14:30:00,1763389800,50120.0,50445.0,50085.0,50445.0,0,0,92,2025-11-16/2025-11-22,7394
2190,-691,MNK,MNKZ25,M30,2025-11-17 15:00:00,1763391600,50380.0,50390.0,50270.0,50375.0,0,0,38,2025-11-16/2025-11-22,7394
2191,-690,MNK,MNKZ25,M30,2025-11-17 15:30:00,1763393400,50260.0,50385.0,50260.0,50385.0,0,0,14,2025-11-16/2025-11-22,7394
2192,-689,MNK,MNKZ25,M30,2025-11-17 16:00:00,1763395200,50225.0,50225.0,50095.0,50215.0,0,0,15,2025-11-16/2025-11-22,7394
2193,-688,MNK,MNKZ25,M30,2025-11-17 16:30:00,1763397000,50280.0,50495.0,50280.0,50495.0,0,0,37,2025-11-16/2025-11-22,7394
2194,-687,MNK,MNKZ25,M30,2025-11-17 17:00:00,1763398800,50440.0,50440.0,50440.0,50440.0,0,0,2,2025-11-16/2025-11-22,7394
2195,-686,MNK,MNKZ25,M30,2025-11-17 17:30:00,1763400600,50480.0,50480.0,50325.0,50325.0,0,0,4,2025-11-16/2025-11-22,7394
2196,-685,MNK,MNKZ25,M30,2025-11-17 18:00:00,1763402400,50225.0,50235.0,50185.0,50190.0,0,0,20,2025-11-16/2025-11-22,7394
2197,-684,MNK,MNKZ25,M30,2025-11-17 18:30:00,1763404200,50170.0,50240.0,50035.0,50035.0,0,0,29,2025-11-16/2025-11-22,7394
2198,-683,MNK,MNKZ25,M30,2025-11-17 19:00:00,1763406000,50000.0,50000.0,49870.0,49870.0,0,0,39,2025-11-16/2025-11-22,7394
2199,-682,MNK,MNKZ25,M30,2025-11-17 19:30:00,1763407800,49700.0,49755.0,49560.0,49560.0,0,0,29,2025-11-16/2025-11-22,7394
2200,-681,MNK,MNKZ25,M30,2025-11-17 20:00:00,1763409600,49575.0,49700.0,49550.0,49700.0,0,0,22,2025-11-16/2025-11-22,7394
2201,-680,MNK,MNKZ25,M30,2025-11-17 20:30:00,1763411400,49640.0,49850.0,49620.0,49825.0,0,0,152,2025-11-16/2025-11-22,7394
2202,-679,MNK,MNKZ25,M30,2025-11-17 21:00:00,1763413200,49830.0,49885.0,49830.0,49885.0,0,0,14,2025-11-16/2025-11-22,7394
2203,-678,MNK,MNKZ25,M30,2025-11-17 21:30:00,1763415000,49855.0,49855.0,49855.0,49855.0,0,0,1,2025-11-16/2025-11-22,7394
2204,-677,MNK,MNKZ25,M30,2025-11-17 23:00:00,1763420400,49960.0,49980.0,49895.0,49900.0,0,0,45,2025-11-16/2025-11-22,7394
2205,-676,MNK,MNKZ25,M30,2025-11-17 23:30:00,1763422200,49835.0,49970.0,49795.0,49795.0,0,0,89,2025-11-16/2025-11-22,7394
2206,-675,MNK,MNKZ25,M30,2025-11-18 00:00:00,1763424000,50005.0,50005.0,49500.0,49500.0,0,0,133,2025-11-16/2025-11-22,7394
2207,-674,MNK,MNKZ25,M30,2025-11-18 00:30:00,1763425800,49510.0,49555.0,49365.0,49395.0,0,0,99,2025-11-16/2025-11-22,7394
2208,-673,MNK,MNKZ25,M30,2025-11-18 01:00:00,1763427600,49365.0,49510.0,49180.0,49400.0,0,0,99,2025-11-16/2025-11-22,7394
2209,-672,MNK,MNKZ25,M30,2025-11-18 01:30:00,1763429400,49380.0,49550.0,49345.0,49525.0,0,0,110,2025-11-16/2025-11-22,7394
2210,-671,MNK,MNKZ25,M30,2025-11-18 02:00:00,1763431200,49540.0,49555.0,49380.0,49440.0,0,0,46,2025-11-16/2025-11-22,7394
2211,-670,MNK,MNKZ25,M30,2025-11-18 02:30:00,1763433000,49480.0,49480.0,49280.0,49280.0,0,0,40,2025-11-16/2025-11-22,7394
2212,-669,MNK,MNKZ25,M30,2025-11-18 03:00:00,1763434800,49250.0,49320.0,49250.0,49320.0,0,0,18,2025-11-16/2025-11-22,7394
2213,-668,MNK,MNKZ25,M30,2025-11-18 03:30:00,1763436600,49315.0,49315.0,49000.0,49035.0,0,0,47,2025-11-16/2025-11-22,7394
2214,-667,MNK,MNKZ25,M30,2025-11-18 04:00:00,1763438400,48945.0,49035.0,48740.0,48800.0,0,0,57,2025-11-16/2025-11-22,7394
2215,-666,MNK,MNKZ25,M30,2025-11-18 04:30:00,1763440200,48865.0,49015.0,48865.0,49015.0,0,0,25,2025-11-16/2025-11-22,7394
2216,-665,MNK,MNKZ25,M30,2025-11-18 05:00:00,1763442000,48875.0,49050.0,48875.0,48920.0,0,0,34,2025-11-16/2025-11-22,7394
2217,-664,MNK,MNKZ25,M30,2025-11-18 05:30:00,1763443800,48970.0,48970.0,48945.0,48945.0,0,0,6,2025-11-16/2025-11-22,7394
2218,-663,MNK,MNKZ25,M30,2025-11-18 06:00:00,1763445600,48970.0,48970.0,48875.0,48930.0,0,0,14,2025-11-16/2025-11-22,7394
2219,-662,MNK,MNKZ25,M30,2025-11-18 06:30:00,1763447400,48905.0,48905.0,48445.0,48545.0,0,0,54,2025-11-16/2025-11-22,7394
2220,-661,MNK,MNKZ25,M30,2025-11-18 07:00:00,1763449200,48565.0,48565.0,48475.0,48480.0,0,0,11,2025-11-16/2025-11-22,7394
2221,-660,MNK,MNKZ25,M30,2025-11-18 07:30:00,1763451000,48670.0,48735.0,48600.0,48635.0,0,0,34,2025-11-16/2025-11-22,7394
2222,-659,MNK,MNKZ25,M30,2025-11-18 08:00:00,1763452800,48690.0,48810.0,48690.0,48795.0,0,0,32,2025-11-16/2025-11-22,7394
2223,-658,MNK,MNKZ25,M30,2025-11-18 08:30:00,1763454600,48775.0,48955.0,48775.0,48925.0,0,0,26,2025-11-16/2025-11-22,7394
2224,-657,MNK,MNKZ25,M30,2025-11-18 09:00:00,1763456400,48850.0,48960.0,48815.0,48915.0,0,0,4,2025-11-16/2025-11-22,7394
2225,-656,MNK,MNKZ25,M30,2025-11-18 09:30:00,1763458200,48880.0,48895.0,48780.0,48895.0,0,0,6,2025-11-16/2025-11-22,7394
2226,-655,MNK,MNKZ25,M30,2025-11-18 10:00:00,1763460000,48860.0,48880.0,48825.0,48825.0,0,0,6,2025-11-16/2025-11-22,7394
2227,-654,MNK,MNKZ25,M30,2025-11-18 10:30:00,1763461800,48930.0,49000.0,48915.0,49000.0,0,0,10,2025-11-16/2025-11-22,7394
2228,-653,MNK,MNKZ25,M30,2025-11-18 11:00:00,1763463600,48980.0,48980.0,48955.0,48955.0,0,0,4,2025-11-16/2025-11-22,7394
2229,-652,MNK,MNKZ25,M30,2025-11-18 11:30:00,1763465400,48900.0,48900.0,48895.0,48895.0,0,0,3,2025-11-16/2025-11-22,7394
2230,-651,MNK,MNKZ25,M30,2025-11-18 12:00:00,1763467200,48735.0,48800.0,48690.0,48765.0,0,0,66,2025-11-16/2025-11-22,7394
2231,-650,MNK,MNKZ25,M30,2025-11-18 12:30:00,1763469000,48740.0,48760.0,48690.0,48695.0,0,0,47,2025-11-16/2025-11-22,7394
2232,-649,MNK,MNKZ25,M30,2025-11-18 13:00:00,1763470800,48725.0,48795.0,48725.0,48775.0,0,0,12,2025-11-16/2025-11-22,7394
2233,-648,MNK,MNKZ25,M30,2025-11-18 13:30:00,1763472600,48795.0,48825.0,48790.0,48800.0,0,0,38,2025-11-16/2025-11-22,7394
2234,-647,MNK,MNKZ25,M30,2025-11-18 14:00:00,1763474400,48800.0,48800.0,48775.0,48785.0,0,0,57,2025-11-16/2025-11-22,7394
2235,-646,MNK,MNKZ25,M30,2025-11-18 14:30:00,1763476200,48745.0,48920.0,48625.0,48625.0,0,0,57,2025-11-16/2025-11-22,7394
2236,-645,MNK,MNKZ25,M30,2025-11-18 15:00:00,1763478000,48620.0,48765.0,48460.0,48730.0,0,0,157,2025-11-16/2025-11-22,7394
2237,-644,MNK,MNKZ25,M30,2025-11-18 15:30:00,1763479800,48585.0,48640.0,48490.0,48555.0,0,0,45,2025-11-16/2025-11-22,7394
2238,-643,MNK,MNKZ25,M30,2025-11-18 16:00:00,1763481600,48555.0,48865.0,48485.0,48860.0,0,0,55,2025-11-16/2025-11-22,7394
2239,-642,MNK,MNKZ25,M30,2025-11-18 16:30:00,1763483400,48880.0,48905.0,48875.0,48875.0,0,0,54,2025-11-16/2025-11-22,7394
2240,-641,MNK,MNKZ25,M30,2025-11-18 17:00:00,1763485200,48900.0,48900.0,48820.0,48820.0,0,0,24,2025-11-16/2025-11-22,7394
2241,-640,MNK,MNKZ25,M30,2025-11-18 17:30:00,1763487000,48770.0,49095.0,48770.0,49095.0,0,0,58,2025-11-16/2025-11-22,7394
2242,-639,MNK,MNKZ25,M30,2025-11-18 18:00:00,1763488800,49090.0,49105.0,49035.0,49075.0,0,0,198,2025-11-16/2025-11-22,7394
2243,-638,MNK,MNKZ25,M30,2025-11-18 18:30:00,1763490600,49110.0,49135.0,49040.0,49045.0,0,0,42,2025-11-16/2025-11-22,7394
2244,-637,MNK,MNKZ25,M30,2025-11-18 19:00:00,1763492400,49050.0,49050.0,49000.0,49000.0,0,0,6,2025-11-16/2025-11-22,7394
2245,-636,MNK,MNKZ25,M30,2025-11-18 19:30:00,1763494200,49095.0,49095.0,49040.0,49040.0,0,0,6,2025-11-16/2025-11-22,7394
2246,-635,MNK,MNKZ25,M30,2025-11-18 20:00:00,1763496000,49015.0,49035.0,48965.0,48965.0,0,0,15,2025-11-16/2025-11-22,7394
2247,-634,MNK,MNKZ25,M30,2025-11-18 20:30:00,1763497800,49000.0,49000.0,48880.0,48905.0,0,0,65,2025-11-16/2025-11-22,7394
2248,-633,MNK,MNKZ25,M30,2025-11-18 21:00:00,1763499600,48875.0,48895.0,48795.0,48805.0,0,0,39,2025-11-16/2025-11-22,7394
2249,-632,MNK,MNKZ25,M30,2025-11-18 21:30:00,1763501400,48805.0,48805.0,48675.0,48675.0,0,0,27,2025-11-16/2025-11-22,7394
2250,-631,MNK,MNKZ25,M30,2025-11-18 23:00:00,1763506800,48710.0,48820.0,48700.0,48820.0,0,0,19,2025-11-16/2025-11-22,7394
2251,-630,MNK,MNKZ25,M30,2025-11-18 23:30:00,1763508600,48865.0,48995.0,48860.0,48870.0,0,0,53,2025-11-16/2025-11-22,7394
2252,-629,MNK,MNKZ25,M30,2025-11-19 00:00:00,1763510400,49000.0,49005.0,48320.0,48450.0,0,0,174,2025-11-16/2025-11-22,7394
2253,-628,MNK,MNKZ25,M30,2025-11-19 00:30:00,1763512200,48480.0,48980.0,48480.0,48885.0,0,0,129,2025-11-16/2025-11-22,7394
2254,-627,MNK,MNKZ25,M30,2025-11-19 01:00:00,1763514000,48940.0,49100.0,48750.0,49050.0,0,0,111,2025-11-16/2025-11-22,7394
2255,-626,MNK,MNKZ25,M30,2025-11-19 01:30:00,1763515800,49005.0,49100.0,48905.0,48905.0,0,0,67,2025-11-16/2025-11-22,7394
2256,-625,MNK,MNKZ25,M30,2025-11-19 02:00:00,1763517600,48985.0,49160.0,48985.0,49160.0,0,0,61,2025-11-16/2025-11-22,7394
2257,-624,MNK,MNKZ25,M30,2025-11-19 02:30:00,1763519400,49125.0,49200.0,49095.0,49145.0,0,0,50,2025-11-16/2025-11-22,7394
2258,-623,MNK,MNKZ25,M30,2025-11-19 03:00:00,1763521200,49145.0,49185.0,49015.0,49050.0,0,0,21,2025-11-16/2025-11-22,7394
2259,-622,MNK,MNKZ25,M30,2025-11-19 03:30:00,1763523000,49040.0,49040.0,48735.0,48775.0,0,0,24,2025-11-16/2025-11-22,7394
2260,-621,MNK,MNKZ25,M30,2025-11-19 04:00:00,1763524800,48775.0,48815.0,48745.0,48815.0,0,0,5,2025-11-16/2025-11-22,7394
2261,-620,MNK,MNKZ25,M30,2025-11-19 04:30:00,1763526600,48760.0,48760.0,48695.0,48715.0,0,0,6,2025-11-16/2025-11-22,7394
2262,-619,MNK,MNKZ25,M30,2025-11-19 05:00:00,1763528400,48770.0,48770.0,48740.0,48740.0,0,0,3,2025-11-16/2025-11-22,7394
2263,-618,MNK,MNKZ25,M30,2025-11-19 05:30:00,1763530200,48650.0,48745.0,48500.0,48710.0,0,0,73,2025-11-16/2025-11-22,7394
2264,-617,MNK,MNKZ25,M30,2025-11-19 06:00:00,1763532000,48735.0,48750.0,48700.0,48700.0,0,0,11,2025-11-16/2025-11-22,7394
2265,-616,MNK,MNKZ25,M30,2025-11-19 06:30:00,1763533800,48650.0,48710.0,48650.0,48680.0,0,0,17,2025-11-16/2025-11-22,7394
2266,-615,MNK,MNKZ25,M30,2025-11-19 07:00:00,1763535600,48775.0,48775.0,48775.0,48775.0,0,0,18,2025-11-16/2025-11-22,7394
2267,-614,MNK,MNKZ25,M30,2025-11-19 07:30:00,1763537400,48775.0,48830.0,48775.0,48815.0,0,0,12,2025-11-16/2025-11-22,7394
2268,-613,MNK,MNKZ25,M30,2025-11-19 08:00:00,1763539200,48840.0,48840.0,48840.0,48840.0,0,0,1,2025-11-16/2025-11-22,7394
2269,-612,MNK,MNKZ25,M30,2025-11-19 08:30:00,1763541000,48885.0,48885.0,48805.0,48805.0,0,0,3,2025-11-16/2025-11-22,7394
2270,-611,MNK,MNKZ25,M30,2025-11-19 09:00:00,1763542800,48780.0,48820.0,48770.0,48820.0,0,0,8,2025-11-16/2025-11-22,7394
2271,-610,MNK,MNKZ25,M30,2025-11-19 09:30:00,1763544600,48845.0,49025.0,48810.0,49025.0,0,0,31,2025-11-16/2025-11-22,7394
2272,-609,MNK,MNKZ25,M30,2025-11-19 10:00:00,1763546400,49030.0,49030.0,48990.0,49020.0,0,0,15,2025-11-16/2025-11-22,7394
2273,-608,MNK,MNKZ25,M30,2025-11-19 10:30:00,1763548200,49005.0,49060.0,48990.0,49060.0,0,0,9,2025-11-16/2025-11-22,7394
2274,-607,MNK,MNKZ25,M30,2025-11-19 11:00:00,1763550000,49080.0,49090.0,49075.0,49090.0,0,0,7,2025-11-16/2025-11-22,7394
2275,-606,MNK,MNKZ25,M30,2025-11-19 11:30:00,1763551800,49130.0,49130.0,49130.0,49130.0,0,0,1,2025-11-16/2025-11-22,7394
2276,-605,MNK,MNKZ25,M30,2025-11-19 12:00:00,1763553600,49080.0,49100.0,49080.0,49100.0,0,0,32,2025-11-16/2025-11-22,7394
2277,-604,MNK,MNKZ25,M30,2025-11-19 12:30:00,1763555400,49125.0,49170.0,49125.0,49170.0,0,0,7,2025-11-16/2025-11-22,7394
2278,-603,MNK,MNKZ25,M30,2025-11-19 13:00:00,1763557200,49105.0,49105.0,49105.0,49105.0,0,0,1,2025-11-16/2025-11-22,7394
2279,-602,MNK,MNKZ25,M30,2025-11-19 14:00:00,1763560800,49200.0,49210.0,49120.0,49120.0,0,0,32,2025-11-16/2025-11-22,7394
2280,-601,MNK,MNKZ25,M30,2025-11-19 14:30:00,1763562600,49135.0,49500.0,49135.0,49500.0,0,0,52,2025-11-16/2025-11-22,7394
2281,-600,MNK,MNKZ25,M30,2025-11-19 15:00:00,1763564400,49495.0,49550.0,49450.0,49460.0,0,0,68,2025-11-16/2025-11-22,7394
2282,-599,MNK,MNKZ25,M30,2025-11-19 15:30:00,1763566200,49390.0,49400.0,49265.0,49265.0,0,0,25,2025-11-16/2025-11-22,7394
2283,-598,MNK,MNKZ25,M30,2025-11-19 16:00:00,1763568000,49280.0,49280.0,49160.0,49160.0,0,0,44,2025-11-16/2025-11-22,7394
2284,-597,MNK,MNKZ25,M30,2025-11-19 16:30:00,1763569800,49170.0,49210.0,49155.0,49180.0,0,0,31,2025-11-16/2025-11-22,7394
2285,-596,MNK,MNKZ25,M30,2025-11-19 17:00:00,1763571600,49225.0,49230.0,49125.0,49125.0,0,0,34,2025-11-16/2025-11-22,7394
2286,-595,MNK,MNKZ25,M30,2025-11-19 17:30:00,1763573400,49020.0,49165.0,49010.0,49150.0,0,0,9,2025-11-16/2025-11-22,7394
2287,-594,MNK,MNKZ25,M30,2025-11-19 18:00:00,1763575200,49210.0,49220.0,49210.0,49220.0,0,0,6,2025-11-16/2025-11-22,7394
2288,-593,MNK,MNKZ25,M30,2025-11-19 18:30:00,1763577000,49295.0,49330.0,49160.0,49160.0,0,0,36,2025-11-16/2025-11-22,7394
2289,-592,MNK,MNKZ25,M30,2025-11-19 19:00:00,1763578800,49220.0,49220.0,49135.0,49135.0,0,0,5,2025-11-16/2025-11-22,7394
2290,-591,MNK,MNKZ25,M30,2025-11-19 19:30:00,1763580600,49155.0,49155.0,49140.0,49140.0,0,0,4,2025-11-16/2025-11-22,7394
2291,-590,MNK,MNKZ25,M30,2025-11-19 20:30:00,1763584200,49390.0,49410.0,49310.0,49320.0,0,0,25,2025-11-16/2025-11-22,7394
2292,-589,MNK,MNKZ25,M30,2025-11-19 21:00:00,1763586000,49325.0,49790.0,49250.0,49615.0,0,0,13,2025-11-16/2025-11-22,7394
2293,-588,MNK,MNKZ25,M30,2025-11-19 21:30:00,1763587800,49775.0,49875.0,49775.0,49865.0,0,0,21,2025-11-16/2025-11-22,7394
2294,-587,MNK,MNKZ25,M30,2025-11-19 23:00:00,1763593200,49995.0,50120.0,49965.0,50010.0,0,0,60,2025-11-16/2025-11-22,7394
2295,-586,MNK,MNKZ25,M30,2025-11-19 23:30:00,1763595000,50045.0,50265.0,49985.0,50260.0,0,0,41,2025-11-16/2025-11-22,7394
2296,-585,MNK,MNKZ25,M30,2025-11-20 00:00:00,1763596800,50310.0,50620.0,50295.0,50610.0,0,0,81,2025-11-16/2025-11-22,7394
2297,-584,MNK,MNKZ25,M30,2025-11-20 00:30:00,1763598600,50550.0,50570.0,50285.0,50285.0,0,0,27,2025-11-16/2025-11-22,7394
2298,-583,MNK,MNKZ25,M30,2025-11-20 01:00:00,1763600400,50265.0,50440.0,50240.0,50295.0,0,0,48,2025-11-16/2025-11-22,7394
2299,-582,MNK,MNKZ25,M30,2025-11-20 01:30:00,1763602200,50370.0,50375.0,50160.0,50265.0,1,0,29,2025-11-16/2025-11-22,7394
2300,-581,MNK,MNKZ25,M30,2025-11-20 02:00:00,1763604000,50245.0,50265.0,50100.0,50110.0,0,0,56,2025-11-16/2025-11-22,7394
2301,-580,MNK,MNKZ25,M30,2025-11-20 02:30:00,1763605800,50240.0,50240.0,50230.0,50230.0,0,0,4,2025-11-16/2025-11-22,7394
2302,-579,MNK,MNKZ25,M30,2025-11-20 03:00:00,1763607600,50240.0,50335.0,50240.0,50335.0,0,0,28,2025-11-16/2025-11-22,7394
2303,-578,MNK,MNKZ25,M30,2025-11-20 03:30:00,1763609400,50325.0,50325.0,49760.0,49805.0,0,0,117,2025-11-16/2025-11-22,7394
2304,-577,MNK,MNKZ25,M30,2025-11-20 04:00:00,1763611200,49915.0,49915.0,49830.0,49885.0,0,0,34,2025-11-16/2025-11-22,7394
2305,-576,MNK,MNKZ25,M30,2025-11-20 04:30:00,1763613000,49950.0,49975.0,49890.0,49890.0,0,0,4,2025-11-16/2025-11-22,7394
2306,-575,MNK,MNKZ25,M30,2025-11-20 05:00:00,1763614800,49930.0,50120.0,49930.0,50020.0,0,0,46,2025-11-16/2025-11-22,7394
2307,-574,MNK,MNKZ25,M30,2025-11-20 05:30:00,1763616600,50020.0,50035.0,49930.0,49970.0,0,0,27,2025-11-16/2025-11-22,7394
2308,-573,MNK,MNKZ25,M30,2025-11-20 06:00:00,1763618400,49985.0,49985.0,49825.0,49825.0,0,0,8,2025-11-16/2025-11-22,7394
2309,-572,MNK,MNKZ25,M30,2025-11-20 06:30:00,1763620200,49920.0,50060.0,49885.0,50060.0,0,0,13,2025-11-16/2025-11-22,7394
2310,-571,MNK,MNKZ25,M30,2025-11-20 07:00:00,1763622000,49995.0,50075.0,49990.0,50075.0,0,0,20,2025-11-16/2025-11-22,7394
2311,-570,MNK,MNKZ25,M30,2025-11-20 07:30:00,1763623800,50025.0,50025.0,49925.0,49925.0,0,0,9,2025-11-16/2025-11-22,7394
2312,-569,MNK,MNKZ25,M30,2025-11-20 08:00:00,1763625600,49910.0,49910.0,49860.0,49900.0,0,0,10,2025-11-16/2025-11-22,7394
2313,-568,MNK,MNKZ25,M30,2025-11-20 08:30:00,1763627400,49815.0,49815.0,49750.0,49750.0,0,0,3,2025-11-16/2025-11-22,7394
2314,-567,MNK,MNKZ25,M30,2025-11-20 09:00:00,1763629200,49755.0,49760.0,49640.0,49640.0,0,0,21,2025-11-16/2025-11-22,7394
2315,-566,MNK,MNKZ25,M30,2025-11-20 09:30:00,1763631000,49690.0,49720.0,49670.0,49720.0,0,0,18,2025-11-16/2025-11-22,7394
2316,-565,MNK,MNKZ25,M30,2025-11-20 10:00:00,1763632800,49790.0,49790.0,49770.0,49770.0,0,0,7,2025-11-16/2025-11-22,7394
2317,-564,MNK,MNKZ25,M30,2025-11-20 10:30:00,1763634600,49810.0,49875.0,49810.0,49875.0,0,0,12,2025-11-16/2025-11-22,7394
2318,-563,MNK,MNKZ25,M30,2025-11-20 11:00:00,1763636400,49820.0,49820.0,49820.0,49820.0,0,0,1,2025-11-16/2025-11-22,7394
2319,-562,MNK,MNKZ25,M30,2025-11-20 11:30:00,1763638200,49855.0,49855.0,49855.0,49855.0,0,0,2,2025-11-16/2025-11-22,7394
2320,-561,MNK,MNKZ25,M30,2025-11-20 12:00:00,1763640000,49810.0,49810.0,49810.0,49810.0,0,0,1,2025-11-16/2025-11-22,7394
2321,-560,MNK,MNKZ25,M30,2025-11-20 12:30:00,1763641800,49915.0,49925.0,49915.0,49925.0,0,0,9,2025-11-16/2025-11-22,7394
2322,-559,MNK,MNKZ25,M30,2025-11-20 13:00:00,1763643600,50000.0,50010.0,49880.0,49880.0,0,0,4,2025-11-16/2025-11-22,7394
2323,-558,MNK,MNKZ25,M30,2025-11-20 13:30:00,1763645400,50000.0,50135.0,49940.0,50135.0,0,0,34,2025-11-16/2025-11-22,7394
2324,-557,MNK,MNKZ25,M30,2025-11-20 14:00:00,1763647200,50085.0,50085.0,50085.0,50085.0,0,0,1,2025-11-16/2025-11-22,7394
2325,-556,MNK,MNKZ25,M30,2025-11-20 14:30:00,1763649000,50105.0,50120.0,49970.0,50120.0,0,0,32,2025-11-16/2025-11-22,7394
2326,-555,MNK,MNKZ25,M30,2025-11-20 15:00:00,1763650800,50160.0,50200.0,50030.0,50200.0,0,0,27,2025-11-16/2025-11-22,7394
2327,-554,MNK,MNKZ25,M30,2025-11-20 15:30:00,1763652600,50210.0,50265.0,50065.0,50065.0,0,0,32,2025-11-16/2025-11-22,7394
2328,-553,MNK,MNKZ25,M30,2025-11-20 16:00:00,1763654400,49995.0,49995.0,49585.0,49620.0,0,0,132,2025-11-16/2025-11-22,7394
2329,-552,MNK,MNKZ25,M30,2025-11-20 16:30:00,1763656200,49590.0,49590.0,48930.0,48930.0,0,0,83,2025-11-16/2025-11-22,7394
2330,-551,MNK,MNKZ25,M30,2025-11-20 17:00:00,1763658000,49060.0,49160.0,48680.0,48840.0,0,0,146,2025-11-16/2025-11-22,7394
2331,-550,MNK,MNKZ25,M30,2025-11-20 17:30:00,1763659800,48875.0,48875.0,48585.0,48720.0,0,0,31,2025-11-16/2025-11-22,7394
2332,-549,MNK,MNKZ25,M30,2025-11-20 18:00:00,1763661600,48730.0,49120.0,48730.0,48935.0,0,0,39,2025-11-16/2025-11-22,7394
2333,-548,MNK,MNKZ25,M30,2025-11-20 18:30:00,1763663400,48720.0,48720.0,48545.0,48590.0,0,0,22,2025-11-16/2025-11-22,7394
2334,-547,MNK,MNKZ25,M30,2025-11-20 19:00:00,1763665200,48640.0,48755.0,48555.0,48755.0,0,0,6,2025-11-16/2025-11-22,7394
2335,-546,MNK,MNKZ25,M30,2025-11-20 19:30:00,1763667000,48750.0,48750.0,48735.0,48735.0,0,0,2,2025-11-16/2025-11-22,7394
2336,-545,MNK,MNKZ25,M30,2025-11-20 20:00:00,1763668800,48745.0,48785.0,48720.0,48750.0,0,0,7,2025-11-16/2025-11-22,7394
2337,-544,MNK,MNKZ25,M30,2025-11-20 20:30:00,1763670600,48625.0,48625.0,48505.0,48505.0,1,0,42,2025-11-16/2025-11-22,7394
2338,-543,MNK,MNKZ25,M30,2025-11-20 21:00:00,1763672400,48505.0,48505.0,48395.0,48415.0,0,0,26,2025-11-16/2025-11-22,7394
2339,-542,MNK,MNKZ25,M30,2025-11-20 21:30:00,1763674200,48430.0,48530.0,48430.0,48530.0,0,0,2,2025-11-16/2025-11-22,7394
2340,-541,MNK,MNKZ25,M30,2025-11-20 23:00:00,1763679600,48305.0,48330.0,48210.0,48330.0,0,0,22,2025-11-16/2025-11-22,7394
2341,-540,MNK,MNKZ25,M30,2025-11-20 23:30:00,1763681400,48475.0,48725.0,48390.0,48390.0,0,0,42,2025-11-16/2025-11-22,7394
2342,-539,MNK,MNKZ25,M30,2025-11-21 00:00:00,1763683200,48500.0,48870.0,48495.0,48855.0,0,0,26,2025-11-16/2025-11-22,7394
2343,-538,MNK,MNKZ25,M30,2025-11-21 00:30:00,1763685000,48815.0,48975.0,48735.0,48850.0,0,0,82,2025-11-16/2025-11-22,7394
2344,-537,MNK,MNKZ25,M30,2025-11-21 01:00:00,1763686800,48810.0,49090.0,48760.0,49090.0,0,0,95,2025-11-16/2025-11-22,7394
2345,-536,MNK,MNKZ25,M30,2025-11-21 01:30:00,1763688600,49090.0,49100.0,48890.0,48945.0,0,0,45,2025-11-16/2025-11-22,7394
2346,-535,MNK,MNKZ25,M30,2025-11-21 02:00:00,1763690400,48915.0,48915.0,48765.0,48805.0,0,0,40,2025-11-16/2025-11-22,7394
2347,-534,MNK,MNKZ25,M30,2025-11-21 02:30:00,1763692200,48760.0,48830.0,48745.0,48745.0,0,0,18,2025-11-16/2025-11-22,7394
2348,-533,MNK,MNKZ25,M30,2025-11-21 03:00:00,1763694000,48805.0,48820.0,48785.0,48815.0,0,0,5,2025-11-16/2025-11-22,7394
2349,-532,MNK,MNKZ25,M30,2025-11-21 03:30:00,1763695800,48790.0,48960.0,48705.0,48745.0,0,0,107,2025-11-16/2025-11-22,7394
2350,-531,MNK,MNKZ25,M30,2025-11-21 04:00:00,1763697600,48665.0,48665.0,48635.0,48655.0,0,0,64,2025-11-16/2025-11-22,7394
2351,-530,MNK,MNKZ25,M30,2025-11-21 04:30:00,1763699400,48680.0,48740.0,48565.0,48740.0,0,0,35,2025-11-16/2025-11-22,7394
2352,-529,MNK,MNKZ25,M30,2025-11-21 05:00:00,1763701200,48790.0,48805.0,48765.0,48785.0,0,0,20,2025-11-16/2025-11-22,7394
2353,-528,MNK,MNKZ25,M30,2025-11-21 05:30:00,1763703000,48695.0,48725.0,48695.0,48725.0,0,0,6,2025-11-16/2025-11-22,7394
2354,-527,MNK,MNKZ25,M30,2025-11-21 06:00:00,1763704800,48765.0,48845.0,48730.0,48770.0,0,0,16,2025-11-16/2025-11-22,7394
2355,-526,MNK,MNKZ25,M30,2025-11-21 06:30:00,1763706600,48740.0,48870.0,48720.0,48840.0,0,0,23,2025-11-16/2025-11-22,7394
2356,-525,MNK,MNKZ25,M30,2025-11-21 07:30:00,1763710200,48800.0,48800.0,48465.0,48465.0,0,0,26,2025-11-16/2025-11-22,7394
2357,-524,MNK,MNKZ25,M30,2025-11-21 08:00:00,1763712000,48450.0,48650.0,48445.0,48550.0,0,0,24,2025-11-16/2025-11-22,7394
2358,-523,MNK,MNKZ25,M30,2025-11-21 08:30:00,1763713800,48620.0,48840.0,48590.0,48835.0,0,0,31,2025-11-16/2025-11-22,7394
2359,-522,MNK,MNKZ25,M30,2025-11-21 09:00:00,1763715600,48845.0,48855.0,48695.0,48700.0,0,0,45,2025-11-16/2025-11-22,7394
2360,-521,MNK,MNKZ25,M30,2025-11-21 09:30:00,1763717400,48635.0,48635.0,48455.0,48485.0,0,0,55,2025-11-16/2025-11-22,7394
2361,-520,MNK,MNKZ25,M30,2025-11-21 10:00:00,1763719200,48410.0,48410.0,48120.0,48150.0,0,0,87,2025-11-16/2025-11-22,7394
2362,-519,MNK,MNKZ25,M30,2025-11-21 10:30:00,1763721000,48115.0,48430.0,48115.0,48430.0,0,0,28,2025-11-16/2025-11-22,7394
2363,-518,MNK,MNKZ25,M30,2025-11-21 11:00:00,1763722800,48450.0,48520.0,48395.0,48520.0,0,0,6,2025-11-16/2025-11-22,7394
2364,-517,MNK,MNKZ25,M30,2025-11-21 11:30:00,1763724600,48480.0,48480.0,48480.0,48480.0,0,0,1,2025-11-16/2025-11-22,7394
2365,-516,MNK,MNKZ25,M30,2025-11-21 12:00:00,1763726400,48425.0,48425.0,48285.0,48295.0,0,0,6,2025-11-16/2025-11-22,7394
2366,-515,MNK,MNKZ25,M30,2025-11-21 12:30:00,1763728200,48225.0,48655.0,48225.0,48655.0,0,0,46,2025-11-16/2025-11-22,7394
2367,-514,MNK,MNKZ25,M30,2025-11-21 13:00:00,1763730000,48765.0,48800.0,48700.0,48700.0,0,0,11,2025-11-16/2025-11-22,7394
2368,-513,MNK,MNKZ25,M30,2025-11-21 13:30:00,1763731800,48750.0,48785.0,48750.0,48785.0,0,0,3,2025-11-16/2025-11-22,7394
2369,-512,MNK,MNKZ25,M30,2025-11-21 14:00:00,1763733600,48760.0,48785.0,48700.0,48700.0,0,0,7,2025-11-16/2025-11-22,7394
2370,-511,MNK,MNKZ25,M30,2025-11-21 14:30:00,1763735400,48715.0,48790.0,48635.0,48720.0,0,0,34,2025-11-16/2025-11-22,7394
2371,-510,MNK,MNKZ25,M30,2025-11-21 15:00:00,1763737200,48680.0,48680.0,48395.0,48450.0,0,0,89,2025-11-16/2025-11-22,7394
2372,-509,MNK,MNKZ25,M30,2025-11-21 15:30:00,1763739000,48485.0,48505.0,48235.0,48420.0,0,0,119,2025-11-16/2025-11-22,7394
2373,-508,MNK,MNKZ25,M30,2025-11-21 16:00:00,1763740800,48315.0,48525.0,48205.0,48525.0,0,0,52,2025-11-16/2025-11-22,7394
2374,-507,MNK,MNKZ25,M30,2025-11-21 16:30:00,1763742600,48555.0,48825.0,48510.0,48825.0,0,0,69,2025-11-16/2025-11-22,7394
2375,-506,MNK,MNKZ25,M30,2025-11-21 17:00:00,1763744400,48795.0,48890.0,48765.0,48890.0,0,0,8,2025-11-16/2025-11-22,7394
2376,-505,MNK,MNKZ25,M30,2025-11-21 17:30:00,1763746200,48810.0,48810.0,48765.0,48765.0,0,0,20,2025-11-16/2025-11-22,7394
2377,-504,MNK,MNKZ25,M30,2025-11-21 18:00:00,1763748000,48590.0,48590.0,48560.0,48560.0,0,0,3,2025-11-16/2025-11-22,7394
2378,-503,MNK,MNKZ25,M30,2025-11-21 18:30:00,1763749800,48725.0,49030.0,48725.0,48995.0,0,0,57,2025-11-16/2025-11-22,7394
2379,-502,MNK,MNKZ25,M30,2025-11-21 19:00:00,1763751600,48910.0,49025.0,48910.0,49025.0,0,0,12,2025-11-16/2025-11-22,7394
2380,-501,MNK,MNKZ25,M30,2025-11-21 19:30:00,1763753400,49075.0,49080.0,48880.0,48880.0,0,0,5,2025-11-16/2025-11-22,7394
2381,-500,MNK,MNKZ25,M30,2025-11-21 20:00:00,1763755200,48905.0,48975.0,48905.0,48975.0,0,0,6,2025-11-16/2025-11-22,7394
2382,-499,MNK,MNKZ25,M30,2025-11-21 20:30:00,1763757000,48860.0,48975.0,48820.0,48850.0,0,0,33,2025-11-16/2025-11-22,7394
2383,-498,MNK,MNKZ25,M30,2025-11-21 21:00:00,1763758800,48855.0,48855.0,48770.0,48775.0,0,0,21,2025-11-16/2025-11-22,7394
2384,-497,MNK,MNKZ25,M30,2025-11-21 21:30:00,1763760600,48800.0,48800.0,48690.0,48690.0,0,0,2,2025-11-16/2025-11-22,7394
2385,-496,MNK,MNKZ25,M30,2025-11-23 23:00:00,1763938800,49030.0,49030.0,49000.0,49000.0,4,10,4,2025-11-23/2025-11-29,2515
2386,-495,MNK,MNKZ25,M30,2025-11-23 23:30:00,1763940600,48975.0,49055.0,48930.0,48950.0,14,5,28,2025-11-23/2025-11-29,2515
2387,-494,MNK,MNKZ25,M30,2025-11-24 00:00:00,1763942400,48870.0,48870.0,48740.0,48830.0,20,5,35,2025-11-23/2025-11-29,2515
2388,-493,MNK,MNKZ25,M30,2025-11-24 00:30:00,1763944200,48810.0,48885.0,48775.0,48885.0,17,5,22,2025-11-23/2025-11-29,2515
2389,-492,MNK,MNKZ25,M30,2025-11-24 01:00:00,1763946000,48800.0,48990.0,48795.0,48990.0,14,5,16,2025-11-23/2025-11-29,2515
2390,-491,MNK,MNKZ25,M30,2025-11-24 01:30:00,1763947800,48905.0,48930.0,48835.0,48930.0,12,5,14,2025-11-23/2025-11-29,2515
2391,-490,MNK,MNKZ25,M30,2025-11-24 02:00:00,1763949600,48925.0,49070.0,48925.0,49055.0,11,5,14,2025-11-23/2025-11-29,2515
2392,-489,MNK,MNKZ25,M30,2025-11-24 02:30:00,1763951400,49010.0,49150.0,49010.0,49105.0,7,5,7,2025-11-23/2025-11-29,2515
2393,-488,MNK,MNKZ25,M30,2025-11-24 03:00:00,1763953200,49050.0,49095.0,49030.0,49095.0,6,10,8,2025-11-23/2025-11-29,2515
2394,-487,MNK,MNKZ25,M30,2025-11-24 03:30:00,1763955000,49000.0,49060.0,48980.0,49060.0,8,10,8,2025-11-23/2025-11-29,2515
2395,-486,MNK,MNKZ25,M30,2025-11-24 04:00:00,1763956800,49125.0,49125.0,49010.0,49050.0,12,5,13,2025-11-23/2025-11-29,2515
2396,-485,MNK,MNKZ25,M30,2025-11-24 04:30:00,1763958600,49000.0,49060.0,48990.0,49040.0,8,10,9,2025-11-23/2025-11-29,2515
2397,-484,MNK,MNKZ25,M30,2025-11-24 05:00:00,1763960400,48960.0,49085.0,48950.0,49065.0,5,10,5,2025-11-23/2025-11-29,2515
2398,-483,MNK,MNKZ25,M30,2025-11-24 05:30:00,1763962200,49005.0,49050.0,49005.0,49050.0,8,10,41,2025-11-23/2025-11-29,2515
2399,-482,MNK,MNKZ25,M30,2025-11-24 06:30:00,1763965800,48980.0,49035.0,48980.0,49005.0,7,5,18,2025-11-23/2025-11-29,2515
2400,-481,MNK,MNKZ25,M30,2025-11-24 07:00:00,1763967600,48980.0,49045.0,48980.0,49045.0,2,10,3,2025-11-23/2025-11-29,2515
2401,-480,MNK,MNKZ25,M30,2025-11-24 07:30:00,1763969400,49015.0,49015.0,49015.0,49015.0,1,10,1,2025-11-23/2025-11-29,2515
2402,-479,MNK,MNKZ25,M30,2025-11-24 08:00:00,1763971200,49090.0,49115.0,49000.0,49115.0,6,10,15,2025-11-23/2025-11-29,2515
2403,-478,MNK,MNKZ25,M30,2025-11-24 09:00:00,1763974800,49045.0,49045.0,48820.0,48820.0,4,5,7,2025-11-23/2025-11-29,2515
2404,-477,MNK,MNKZ25,M30,2025-11-24 09:30:00,1763976600,48800.0,48890.0,48800.0,48890.0,2,15,3,2025-11-23/2025-11-29,2515
2405,-476,MNK,MNKZ25,M30,2025-11-24 10:00:00,1763978400,48790.0,48845.0,48760.0,48760.0,4,10,15,2025-11-23/2025-11-29,2515
2406,-475,MNK,MNKZ25,M30,2025-11-24 10:30:00,1763980200,48710.0,48815.0,48710.0,48815.0,4,10,5,2025-11-23/2025-11-29,2515
2407,-474,MNK,MNKZ25,M30,2025-11-24 11:00:00,1763982000,48785.0,48785.0,48750.0,48775.0,6,10,6,2025-11-23/2025-11-29,2515
2408,-473,MNK,MNKZ25,M30,2025-11-24 11:30:00,1763983800,48910.0,48910.0,48905.0,48905.0,2,20,2,2025-11-23/2025-11-29,2515
2409,-472,MNK,MNKZ25,M30,2025-11-24 12:00:00,1763985600,48870.0,48925.0,48850.0,48920.0,5,5,16,2025-11-23/2025-11-29,2515
2410,-471,MNK,MNKZ25,M30,2025-11-24 12:30:00,1763987400,48920.0,48930.0,48885.0,48930.0,3,10,3,2025-11-23/2025-11-29,2515
2411,-470,MNK,MNKZ25,M30,2025-11-24 13:00:00,1763989200,49015.0,49015.0,49015.0,49015.0,1,10,1,2025-11-23/2025-11-29,2515
2412,-469,MNK,MNKZ25,M30,2025-11-24 13:30:00,1763991000,49015.0,49015.0,48975.0,48975.0,2,10,11,2025-11-23/2025-11-29,2515
2413,-468,MNK,MNKZ25,M30,2025-11-24 14:00:00,1763992800,48940.0,49040.0,48940.0,48995.0,12,5,32,2025-11-23/2025-11-29,2515
2414,-467,MNK,MNKZ25,M30,2025-11-24 14:30:00,1763994600,49015.0,49255.0,48995.0,49145.0,28,5,34,2025-11-23/2025-11-29,2515
2415,-466,MNK,MNKZ25,M30,2025-11-24 15:00:00,1763996400,49215.0,49330.0,49210.0,49320.0,23,5,60,2025-11-23/2025-11-29,2515
2416,-465,MNK,MNKZ25,M30,2025-11-24 15:30:00,1763998200,49230.0,49410.0,49230.0,49295.0,16,5,20,2025-11-23/2025-11-29,2515
2417,-464,MNK,MNKZ25,M30,2025-11-24 16:00:00,1764000000,49370.0,49370.0,49345.0,49345.0,2,5,2,2025-11-23/2025-11-29,2515
2418,-463,MNK,MNKZ25,M30,2025-11-24 16:30:00,1764001800,49340.0,49395.0,49340.0,49345.0,18,5,21,2025-11-23/2025-11-29,2515
2419,-462,MNK,MNKZ25,M30,2025-11-24 17:30:00,1764005400,49345.0,49450.0,49345.0,49450.0,11,5,26,2025-11-23/2025-11-29,2515
2420,-461,MNK,MNKZ25,M30,2025-11-24 18:00:00,1764007200,49470.0,49495.0,49450.0,49460.0,11,5,19,2025-11-23/2025-11-29,2515
2421,-460,MNK,MNKZ25,M30,2025-11-24 18:30:00,1764009000,49500.0,49505.0,49500.0,49505.0,2,5,2,2025-11-23/2025-11-29,2515
2422,-459,MNK,MNKZ25,M30,2025-11-24 19:00:00,1764010800,49540.0,49550.0,49535.0,49535.0,4,5,8,2025-11-23/2025-11-29,2515
2423,-458,MNK,MNKZ25,M30,2025-11-24 19:30:00,1764012600,49510.0,49515.0,49500.0,49515.0,6,5,10,2025-11-23/2025-11-29,2515
2424,-457,MNK,MNKZ25,M30,2025-11-24 20:00:00,1764014400,49600.0,49605.0,49590.0,49595.0,7,5,8,2025-11-23/2025-11-29,2515
2425,-456,MNK,MNKZ25,M30,2025-11-24 20:30:00,1764016200,49585.0,49675.0,49555.0,49555.0,12,5,19,2025-11-23/2025-11-29,2515
2426,-455,MNK,MNKZ25,M30,2025-11-24 21:00:00,1764018000,49575.0,49605.0,49575.0,49600.0,8,5,12,2025-11-23/2025-11-29,2515
2427,-454,MNK,MNKZ25,M30,2025-11-24 21:30:00,1764019800,49600.0,49610.0,49595.0,49610.0,4,5,4,2025-11-23/2025-11-29,2515
2428,-453,MNK,MNKZ25,M30,2025-11-24 23:00:00,1764025200,49615.0,49615.0,49575.0,49575.0,3,15,4,2025-11-23/2025-11-29,2515
2429,-452,MNK,MNKZ25,M30,2025-11-24 23:30:00,1764027000,49615.0,49750.0,49555.0,49555.0,11,5,22,2025-11-23/2025-11-29,2515
2430,-451,MNK,MNKZ25,M30,2025-11-25 00:00:00,1764028800,49490.0,49490.0,48960.0,48985.0,50,5,116,2025-11-23/2025-11-29,2515
2431,-450,MNK,MNKZ25,M30,2025-11-25 00:30:00,1764030600,48925.0,49090.0,48885.0,49070.0,28,5,39,2025-11-23/2025-11-29,2515
2432,-449,MNK,MNKZ25,M30,2025-11-25 01:00:00,1764032400,49025.0,49120.0,49025.0,49120.0,11,5,14,2025-11-23/2025-11-29,2515
2433,-448,MNK,MNKZ25,M30,2025-11-25 01:30:00,1764034200,49005.0,49020.0,48965.0,49010.0,18,5,28,2025-11-23/2025-11-29,2515
2434,-447,MNK,MNKZ25,M30,2025-11-25 02:00:00,1764036000,48980.0,49070.0,48875.0,48895.0,17,5,47,2025-11-23/2025-11-29,2515
2435,-446,MNK,MNKZ25,M30,2025-11-25 02:30:00,1764037800,48925.0,49025.0,48925.0,49025.0,3,5,3,2025-11-23/2025-11-29,2515
2436,-445,MNK,MNKZ25,M30,2025-11-25 03:30:00,1764041400,48900.0,48900.0,48600.0,48600.0,25,5,39,2025-11-23/2025-11-29,2515
2437,-444,MNK,MNKZ25,M30,2025-11-25 04:00:00,1764043200,48730.0,48755.0,48690.0,48715.0,6,5,6,2025-11-23/2025-11-29,2515
2438,-443,MNK,MNKZ25,M30,2025-11-25 04:30:00,1764045000,48790.0,48800.0,48780.0,48800.0,10,5,20,2025-11-23/2025-11-29,2515
2439,-442,MNK,MNKZ25,M30,2025-11-25 05:00:00,1764046800,48795.0,48795.0,48660.0,48665.0,11,5,18,2025-11-23/2025-11-29,2515
2440,-441,MNK,MNKZ25,M30,2025-11-25 05:30:00,1764048600,48730.0,48730.0,48630.0,48650.0,8,5,8,2025-11-23/2025-11-29,2515
2441,-440,MNK,MNKZ25,M30,2025-11-25 06:00:00,1764050400,48715.0,48735.0,48715.0,48730.0,5,5,11,2025-11-23/2025-11-29,2515
2442,-439,MNK,MNKZ25,M30,2025-11-25 06:30:00,1764052200,48725.0,48760.0,48725.0,48750.0,3,5,3,2025-11-23/2025-11-29,2515
2443,-438,MNK,MNKZ25,M30,2025-11-25 07:00:00,1764054000,48655.0,48655.0,48575.0,48575.0,14,5,18,2025-11-23/2025-11-29,2515
2444,-437,MNK,MNKZ25,M30,2025-11-25 07:30:00,1764055800,48605.0,48605.0,48605.0,48605.0,1,5,1,2025-11-23/2025-11-29,2515
2445,-436,MNK,MNKZ25,M30,2025-11-25 08:00:00,1764057600,48730.0,48780.0,48730.0,48765.0,6,5,7,2025-11-23/2025-11-29,2515
2446,-435,MNK,MNKZ25,M30,2025-11-25 08:30:00,1764059400,48770.0,48770.0,48550.0,48550.0,6,5,19,2025-11-23/2025-11-29,2515
2447,-434,MNK,MNKZ25,M30,2025-11-25 09:00:00,1764061200,48670.0,48670.0,48600.0,48610.0,3,5,4,2025-11-23/2025-11-29,2515
2448,-433,MNK,MNKZ25,M30,2025-11-25 09:30:00,1764063000,48520.0,48590.0,48510.0,48590.0,4,5,4,2025-11-23/2025-11-29,2515
2449,-432,MNK,MNKZ25,M30,2025-11-25 10:00:00,1764064800,48525.0,48600.0,48525.0,48600.0,2,10,2,2025-11-23/2025-11-29,2515
2450,-431,MNK,MNKZ25,M30,2025-11-25 11:00:00,1764068400,48685.0,48685.0,48685.0,48685.0,1,15,1,2025-11-23/2025-11-29,2515
2451,-430,MNK,MNKZ25,M30,2025-11-25 11:30:00,1764070200,48650.0,48690.0,48650.0,48690.0,5,10,5,2025-11-23/2025-11-29,2515
2452,-429,MNK,MNKZ25,M30,2025-11-25 12:00:00,1764072000,48735.0,48780.0,48735.0,48775.0,7,10,13,2025-11-23/2025-11-29,2515
2453,-428,MNK,MNKZ25,M30,2025-11-25 12:30:00,1764073800,48725.0,48875.0,48690.0,48740.0,25,5,43,2025-11-23/2025-11-29,2515
2454,-427,MNK,MNKZ25,M30,2025-11-25 13:00:00,1764075600,48715.0,48800.0,48710.0,48770.0,5,5,5,2025-11-23/2025-11-29,2515
2455,-426,MNK,MNKZ25,M30,2025-11-25 13:30:00,1764077400,48800.0,48805.0,48780.0,48780.0,6,10,6,2025-11-23/2025-11-29,2515
2456,-425,MNK,MNKZ25,M30,2025-11-25 14:30:00,1764081000,48705.0,48705.0,48335.0,48600.0,26,5,57,2025-11-23/2025-11-29,2515
2457,-424,MNK,MNKZ25,M30,2025-11-25 15:00:00,1764082800,48625.0,48660.0,48440.0,48575.0,31,5,54,2025-11-23/2025-11-29,2515
2458,-423,MNK,MNKZ25,M30,2025-11-25 15:30:00,1764084600,48630.0,48880.0,48630.0,48730.0,6,5,7,2025-11-23/2025-11-29,2515
2459,-422,MNK,MNKZ25,M30,2025-11-25 16:00:00,1764086400,48750.0,48905.0,48750.0,48890.0,10,5,20,2025-11-23/2025-11-29,2515
2460,-421,MNK,MNKZ25,M30,2025-11-25 16:30:00,1764088200,48855.0,48905.0,48845.0,48905.0,21,5,27,2025-11-23/2025-11-29,2515
2461,-420,MNK,MNKZ25,M30,2025-11-25 17:00:00,1764090000,48920.0,48980.0,48920.0,48980.0,20,5,53,2025-11-23/2025-11-29,2515
2462,-419,MNK,MNKZ25,M30,2025-11-25 17:30:00,1764091800,49020.0,49050.0,48965.0,48975.0,13,5,26,2025-11-23/2025-11-29,2515
2463,-418,MNK,MNKZ25,M30,2025-11-25 18:00:00,1764093600,48990.0,49000.0,48980.0,48985.0,13,5,39,2025-11-23/2025-11-29,2515
2464,-417,MNK,MNKZ25,M30,2025-11-25 18:30:00,1764095400,49000.0,49000.0,49000.0,49000.0,1,5,1,2025-11-23/2025-11-29,2515
2465,-416,MNK,MNKZ25,M30,2025-11-25 19:00:00,1764097200,48980.0,48990.0,48960.0,48975.0,6,5,8,2025-11-23/2025-11-29,2515
2466,-415,MNK,MNKZ25,M30,2025-11-25 20:30:00,1764102600,49120.0,49200.0,49100.0,49175.0,19,5,29,2025-11-23/2025-11-29,2515
2467,-414,MNK,MNKZ25,M30,2025-11-25 21:00:00,1764104400,49180.0,49200.0,49170.0,49195.0,4,5,9,2025-11-23/2025-11-29,2515
2468,-413,MNK,MNKZ25,M30,2025-11-25 23:00:00,1764111600,49005.0,49210.0,49005.0,49185.0,9,15,13,2025-11-23/2025-11-29,2515
2469,-412,MNK,MNKZ25,M30,2025-11-25 23:30:00,1764113400,49120.0,49120.0,49020.0,49100.0,5,15,11,2025-11-23/2025-11-29,2515
2470,-411,MNK,MNKZ25,M30,2025-11-26 00:00:00,1764115200,49060.0,49330.0,49020.0,49330.0,26,5,63,2025-11-23/2025-11-29,2515
2471,-410,MNK,MNKZ25,M30,2025-11-26 00:30:00,1764117000,49285.0,49430.0,49285.0,49425.0,10,5,14,2025-11-23/2025-11-29,2515
2472,-409,MNK,MNKZ25,M30,2025-11-26 01:00:00,1764118800,49460.0,49640.0,49460.0,49630.0,14,5,17,2025-11-23/2025-11-29,2515
2473,-408,MNK,MNKZ25,M30,2025-11-26 01:30:00,1764120600,49625.0,49625.0,49560.0,49590.0,22,5,112,2025-11-23/2025-11-29,2515
2474,-407,MNK,MNKZ25,M30,2025-11-26 02:00:00,1764122400,49740.0,49750.0,49680.0,49680.0,9,5,18,2025-11-23/2025-11-29,2515
2475,-406,MNK,MNKZ25,M30,2025-11-26 02:30:00,1764124200,49690.0,49740.0,49675.0,49680.0,9,5,28,2025-11-23/2025-11-29,2515
2476,-405,MNK,MNKZ25,M30,2025-11-26 03:00:00,1764126000,49740.0,49740.0,49740.0,49740.0,1,10,1,2025-11-23/2025-11-29,2515
2477,-404,MNK,MNKZ25,M30,2025-11-26 03:30:00,1764127800,49725.0,49790.0,49670.0,49675.0,14,5,33,2025-11-23/2025-11-29,2515
2478,-403,MNK,MNKZ25,M30,2025-11-26 04:00:00,1764129600,49660.0,49660.0,49615.0,49615.0,6,5,17,2025-11-23/2025-11-29,2515
2479,-402,MNK,MNKZ25,M30,2025-11-26 04:30:00,1764131400,49520.0,49585.0,49520.0,49580.0,11,5,26,2025-11-23/2025-11-29,2515
2480,-401,MNK,MNKZ25,M30,2025-11-26 05:00:00,1764133200,49645.0,49680.0,49645.0,49680.0,3,5,17,2025-11-23/2025-11-29,2515
2481,-400,MNK,MNKZ25,M30,2025-11-26 05:30:00,1764135000,49705.0,49705.0,49705.0,49705.0,1,5,1,2025-11-23/2025-11-29,2515
2482,-399,MNK,MNKZ25,M30,2025-11-26 06:00:00,1764136800,49560.0,49560.0,49560.0,49560.0,1,15,1,2025-11-23/2025-11-29,2515
2483,-398,MNK,MNKZ25,M30,2025-11-26 06:30:00,1764138600,49605.0,49745.0,49605.0,49745.0,9,5,13,2025-11-23/2025-11-29,2515
2484,-397,MNK,MNKZ25,M30,2025-11-26 07:00:00,1764140400,49705.0,49705.0,49705.0,49705.0,2,5,2,2025-11-23/2025-11-29,2515
2485,-396,MNK,MNKZ25,M30,2025-11-26 07:30:00,1764142200,49755.0,49760.0,49750.0,49750.0,3,5,8,2025-11-23/2025-11-29,2515
2486,-395,MNK,MNKZ25,M30,2025-11-26 08:00:00,1764144000,49715.0,49720.0,49665.0,49720.0,8,5,32,2025-11-23/2025-11-29,2515
2487,-394,MNK,MNKZ25,M30,2025-11-26 08:30:00,1764145800,49625.0,49635.0,49625.0,49635.0,3,5,12,2025-11-23/2025-11-29,2515
2488,-393,MNK,MNKZ25,M30,2025-11-26 09:00:00,1764147600,49585.0,49585.0,49560.0,49560.0,3,5,6,2025-11-23/2025-11-29,2515
2489,-392,MNK,MNKZ25,M30,2025-11-26 10:00:00,1764151200,49615.0,49615.0,49615.0,49615.0,1,10,1,2025-11-23/2025-11-29,2515
2490,-391,MNK,MNKZ25,M30,2025-11-26 11:30:00,1764156600,49660.0,49660.0,49620.0,49620.0,2,10,11,2025-11-23/2025-11-29,2515
2491,-390,MNK,MNKZ25,M30,2025-11-26 12:00:00,1764158400,49580.0,49580.0,49475.0,49505.0,29,5,77,2025-11-23/2025-11-29,2515
2492,-389,MNK,MNKZ25,M30,2025-11-26 12:30:00,1764160200,49440.0,49535.0,49440.0,49535.0,2,10,3,2025-11-23/2025-11-29,2515
2493,-388,MNK,MNKZ25,M30,2025-11-26 13:00:00,1764162000,49555.0,49555.0,49555.0,49555.0,1,20,1,2025-11-23/2025-11-29,2515
2494,-387,MNK,MNKZ25,M30,2025-11-26 13:30:00,1764163800,49585.0,49675.0,49580.0,49675.0,6,5,20,2025-11-23/2025-11-29,2515
2495,-386,MNK,MNKZ25,M30,2025-11-26 14:00:00,1764165600,49725.0,49725.0,49725.0,49725.0,1,10,1,2025-11-23/2025-11-29,2515
2496,-385,MNK,MNKZ25,M30,2025-11-26 14:30:00,1764167400,49810.0,49890.0,49705.0,49705.0,10,5,14,2025-11-23/2025-11-29,2515
2497,-384,MNK,MNKZ25,M30,2025-11-26 15:00:00,1764169200,49730.0,49790.0,49720.0,49790.0,3,5,4,2025-11-23/2025-11-29,2515
2498,-383,MNK,MNKZ25,M30,2025-11-26 15:30:00,1764171000,49815.0,49910.0,49815.0,49910.0,11,5,11,2025-11-23/2025-11-29,2515
2499,-382,MNK,MNKZ25,M30,2025-11-26 16:00:00,1764172800,49935.0,50000.0,49915.0,50000.0,17,5,30,2025-11-23/2025-11-29,2515
2500,-381,MNK,MNKZ25,M30,2025-11-26 16:30:00,1764174600,50010.0,50050.0,50010.0,50050.0,7,5,7,2025-11-23/2025-11-29,2515
2501,-380,MNK,MNKZ25,M30,2025-11-26 17:00:00,1764176400,50085.0,50085.0,50085.0,50085.0,1,5,1,2025-11-23/2025-11-29,2515
2502,-379,MNK,MNKZ25,M30,2025-11-26 17:30:00,1764178200,50140.0,50140.0,50140.0,50140.0,2,5,8,2025-11-23/2025-11-29,2515
2503,-378,MNK,MNKZ25,M30,2025-11-26 18:00:00,1764180000,50130.0,50180.0,50090.0,50180.0,11,5,17,2025-11-23/2025-11-29,2515
2504,-377,MNK,MNKZ25,M30,2025-11-26 18:30:00,1764181800,50165.0,50185.0,50150.0,50185.0,7,5,18,2025-11-23/2025-11-29,2515
2505,-376,MNK,MNKZ25,M30,2025-11-26 19:00:00,1764183600,50180.0,50190.0,50180.0,50185.0,5,5,7,2025-11-23/2025-11-29,2515
2506,-375,MNK,MNKZ25,M30,2025-11-26 19:30:00,1764185400,50185.0,50185.0,50175.0,50175.0,10,5,22,2025-11-23/2025-11-29,2515
2507,-374,MNK,MNKZ25,M30,2025-11-26 20:00:00,1764187200,50195.0,50230.0,50195.0,50230.0,7,5,12,2025-11-23/2025-11-29,2515
2508,-373,MNK,MNKZ25,M30,2025-11-26 20:30:00,1764189000,50145.0,50170.0,50145.0,50145.0,14,5,14,2025-11-23/2025-11-29,2515
2509,-372,MNK,MNKZ25,M30,2025-11-26 23:00:00,1764198000,50225.0,50225.0,50205.0,50205.0,5,15,8,2025-11-23/2025-11-29,2515
2510,-371,MNK,MNKZ25,M30,2025-11-26 23:30:00,1764199800,50155.0,50155.0,50155.0,50155.0,1,10,1,2025-11-23/2025-11-29,2515
2511,-370,MNK,MNKZ25,M30,2025-11-27 00:00:00,1764201600,50025.0,50285.0,50025.0,50280.0,26,5,49,2025-11-23/2025-11-29,2515
2512,-369,MNK,MNKZ25,M30,2025-11-27 00:30:00,1764203400,50300.0,50360.0,50250.0,50250.0,18,5,32,2025-11-23/2025-11-29,2515
2513,-368,MNK,MNKZ25,M30,2025-11-27 01:00:00,1764205200,50295.0,50295.0,50225.0,50230.0,4,10,6,2025-11-23/2025-11-29,2515
2514,-367,MNK,MNKZ25,M30,2025-11-27 01:30:00,1764207000,50260.0,50325.0,50200.0,50200.0,6,5,6,2025-11-23/2025-11-29,2515
2515,-366,MNK,MNKZ25,M30,2025-11-27 02:00:00,1764208800,50235.0,50240.0,50235.0,50240.0,2,5,2,2025-11-23/2025-11-29,2515
2516,-365,MNK,MNKZ25,M30,2025-11-27 02:30:00,1764210600,50230.0,50230.0,50135.0,50135.0,6,5,9,2025-11-23/2025-11-29,2515
2517,-364,MNK,MNKZ25,M30,2025-11-27 03:00:00,1764212400,50150.0,50150.0,50135.0,50135.0,3,5,3,2025-11-23/2025-11-29,2515
2518,-363,MNK,MNKZ25,M30,2025-11-27 03:30:00,1764214200,50150.0,50150.0,50150.0,50150.0,1,15,1,2025-11-23/2025-11-29,2515
2519,-362,MNK,MNKZ25,M30,2025-11-27 04:30:00,1764217800,50175.0,50175.0,50175.0,50175.0,1,15,1,2025-11-23/2025-11-29,2515
2520,-361,MNK,MNKZ25,M30,2025-11-27 05:00:00,1764219600,50215.0,50215.0,50215.0,50215.0,1,10,1,2025-11-23/2025-11-29,2515
2521,-360,MNK,MNKZ25,M30,2025-11-27 06:30:00,1764225000,50205.0,50205.0,50205.0,50205.0,1,10,10,2025-11-23/2025-11-29,2515
2522,-359,MNK,MNKZ25,M30,2025-11-27 07:30:00,1764228600,50155.0,50170.0,50150.0,50150.0,6,5,9,2025-11-23/2025-11-29,2515
2523,-358,MNK,MNKZ25,M30,2025-11-27 08:00:00,1764230400,50110.0,50190.0,50070.0,50190.0,7,5,8,2025-11-23/2025-11-29,2515
2524,-357,MNK,MNKZ25,M30,2025-11-27 08:30:00,1764232200,50165.0,50165.0,50135.0,50135.0,2,10,3,2025-11-23/2025-11-29,2515
2525,-356,MNK,MNKZ25,M30,2025-11-27 09:00:00,1764234000,50070.0,50115.0,50070.0,50115.0,3,15,6,2025-11-23/2025-11-29,2515
2526,-355,MNK,MNKZ25,M30,2025-11-27 10:00:00,1764237600,50100.0,50100.0,50100.0,50100.0,1,5,1,2025-11-23/2025-11-29,2515
2527,-354,MNK,MNKZ25,M30,2025-11-27 11:00:00,1764241200,50175.0,50175.0,50175.0,50175.0,1,10,1,2025-11-23/2025-11-29,2515
2528,-353,MNK,MNKZ25,M30,2025-11-27 12:00:00,1764244800,50175.0,50175.0,50175.0,50175.0,4,5,6,2025-11-23/2025-11-29,2515
2529,-352,MNK,MNKZ25,M30,2025-11-27 13:00:00,1764248400,50135.0,50135.0,50135.0,50135.0,1,10,2,2025-11-23/2025-11-29,2515
2530,-351,MNK,MNKZ25,M30,2025-11-27 13:30:00,1764250200,50105.0,50105.0,50105.0,50105.0,1,10,2,2025-11-23/2025-11-29,2515
2531,-350,MNK,MNKZ25,M30,2025-11-27 14:00:00,1764252000,50080.0,50085.0,50080.0,50085.0,2,5,3,2025-11-23/2025-11-29,2515
2532,-349,MNK,MNKZ25,M30,2025-11-27 14:30:00,1764253800,50065.0,50070.0,50030.0,50070.0,5,5,10,2025-11-23/2025-11-29,2515
2533,-348,MNK,MNKZ25,M30,2025-11-27 16:00:00,1764259200,50105.0,50105.0,50105.0,50105.0,1,5,1,2025-11-23/2025-11-29,2515
2534,-347,MNK,MNKZ25,M30,2025-11-27 17:30:00,1764264600,50080.0,50080.0,50080.0,50080.0,1,465,1,2025-11-23/2025-11-29,2515
2535,-346,MNK,MNKZ25,M30,2025-11-27 23:00:00,1764284400,50200.0,50200.0,50130.0,50195.0,6,10,9,2025-11-23/2025-11-29,2515
2536,-345,MNK,MNKZ25,M30,2025-11-27 23:30:00,1764286200,50195.0,50230.0,50195.0,50230.0,3,10,4,2025-11-23/2025-11-29,2515
2537,-344,MNK,MNKZ25,M30,2025-11-28 00:00:00,1764288000,50195.0,50220.0,50095.0,50100.0,11,5,14,2025-11-23/2025-11-29,2515
2538,-343,MNK,MNKZ25,M30,2025-11-28 00:30:00,1764289800,50080.0,50115.0,50075.0,50115.0,13,5,13,2025-11-23/2025-11-29,2515
2539,-342,MNK,MNKZ25,M30,2025-11-28 01:00:00,1764291600,50110.0,50235.0,50065.0,50235.0,16,5,18,2025-11-23/2025-11-29,2515
2540,-341,MNK,MNKZ25,M30,2025-11-28 01:30:00,1764293400,50160.0,50165.0,50120.0,50120.0,6,5,8,2025-11-23/2025-11-29,2515
2541,-340,MNK,MNKZ25,M30,2025-11-28 02:00:00,1764295200,50185.0,50185.0,50185.0,50185.0,1,20,1,2025-11-23/2025-11-29,2515
2542,-339,MNK,MNKZ25,M30,2025-11-28 13:30:00,1764336600,50195.0,50195.0,50130.0,50135.0,10,10,20,2025-11-23/2025-11-29,2515
2543,-338,MNK,MNKZ25,M30,2025-11-28 14:00:00,1764338400,50145.0,50150.0,50145.0,50150.0,2,15,11,2025-11-23/2025-11-29,2515
2544,-337,MNK,MNKZ25,M30,2025-11-28 14:30:00,1764340200,50155.0,50185.0,50155.0,50185.0,5,5,18,2025-11-23/2025-11-29,2515
2545,-336,MNK,MNKZ25,M30,2025-11-28 15:00:00,1764342000,50145.0,50145.0,50145.0,50145.0,1,5,1,2025-11-23/2025-11-29,2515
2546,-335,MNK,MNKZ25,M30,2025-11-28 16:00:00,1764345600,50155.0,50210.0,50145.0,50145.0,7,5,17,2025-11-23/2025-11-29,2515
2547,-334,MNK,MNKZ25,M30,2025-11-28 16:30:00,1764347400,50205.0,50235.0,50190.0,50235.0,4,5,8,2025-11-23/2025-11-29,2515
2548,-333,MNK,MNKZ25,M30,2025-11-28 17:00:00,1764349200,50240.0,50240.0,50240.0,50240.0,1,100,1,2025-11-23/2025-11-29,2515
2549,-332,MNK,MNKZ25,M30,2025-11-28 17:30:00,1764351000,50285.0,50285.0,50285.0,50285.0,2,100,2,2025-11-23/2025-11-29,2515
2550,-331,MNK,MNKZ25,M30,2025-11-28 18:00:00,1764352800,50290.0,50320.0,50265.0,50265.0,17,55,21,2025-11-23/2025-11-29,2515
2551,-330,MNK,MNKZ25,M30,2025-11-30 23:00:00,1764543600,50330.0,50420.0,50330.0,50350.0,27,5,36,2025-11-30/2025-12-06,3384
2552,-329,MNK,MNKZ25,M30,2025-11-30 23:30:00,1764545400,50325.0,50325.0,50235.0,50270.0,18,5,37,2025-11-30/2025-12-06,3384
2553,-328,MNK,MNKZ25,M30,2025-12-01 00:00:00,1764547200,50380.0,50380.0,49895.0,49930.0,33,5,54,2025-11-30/2025-12-06,3384
2554,-327,MNK,MNKZ25,M30,2025-12-01 00:30:00,1764549000,49910.0,49910.0,49590.0,49650.0,38,5,59,2025-11-30/2025-12-06,3384
2555,-326,MNK,MNKZ25,M30,2025-12-01 01:00:00,1764550800,49675.0,49675.0,49335.0,49440.0,38,5,52,2025-11-30/2025-12-06,3384
2556,-325,MNK,MNKZ25,M30,2025-12-01 01:30:00,1764552600,49470.0,49555.0,49470.0,49540.0,10,5,11,2025-11-30/2025-12-06,3384
2557,-324,MNK,MNKZ25,M30,2025-12-01 02:00:00,1764554400,49495.0,49505.0,49410.0,49410.0,17,5,24,2025-11-30/2025-12-06,3384
2558,-323,MNK,MNKZ25,M30,2025-12-01 02:30:00,1764556200,49430.0,49430.0,49355.0,49390.0,8,5,26,2025-11-30/2025-12-06,3384
2559,-322,MNK,MNKZ25,M30,2025-12-01 03:00:00,1764558000,49360.0,49370.0,49345.0,49365.0,15,5,37,2025-11-30/2025-12-06,3384
2560,-321,MNK,MNKZ25,M30,2025-12-01 03:30:00,1764559800,49385.0,49435.0,49370.0,49370.0,14,5,26,2025-11-30/2025-12-06,3384
2561,-320,MNK,MNKZ25,M30,2025-12-01 04:00:00,1764561600,49325.0,49385.0,49310.0,49385.0,6,5,6,2025-11-30/2025-12-06,3384
2562,-319,MNK,MNKZ25,M30,2025-12-01 04:30:00,1764563400,49400.0,49400.0,49400.0,49400.0,1,10,4,2025-11-30/2025-12-06,3384
2563,-318,MNK,MNKZ25,M30,2025-12-01 05:00:00,1764565200,49280.0,49285.0,49250.0,49285.0,11,5,16,2025-11-30/2025-12-06,3384
2564,-317,MNK,MNKZ25,M30,2025-12-01 05:30:00,1764567000,49250.0,49330.0,49250.0,49330.0,5,5,11,2025-11-30/2025-12-06,3384
2565,-316,MNK,MNKZ25,M30,2025-12-01 06:00:00,1764568800,49325.0,49360.0,49295.0,49360.0,11,5,13,2025-11-30/2025-12-06,3384
2566,-315,MNK,MNKZ25,M30,2025-12-01 06:30:00,1764570600,49290.0,49305.0,49290.0,49300.0,3,5,4,2025-11-30/2025-12-06,3384
2567,-314,MNK,MNKZ25,M30,2025-12-01 07:30:00,1764574200,49285.0,49285.0,49285.0,49285.0,1,10,2,2025-11-30/2025-12-06,3384
2568,-313,MNK,MNKZ25,M30,2025-12-01 08:00:00,1764576000,49315.0,49420.0,49315.0,49390.0,14,5,24,2025-11-30/2025-12-06,3384
2569,-312,MNK,MNKZ25,M30,2025-12-01 08:30:00,1764577800,49375.0,49400.0,49375.0,49400.0,5,5,17,2025-11-30/2025-12-06,3384
2570,-311,MNK,MNKZ25,M30,2025-12-01 09:00:00,1764579600,49425.0,49460.0,49425.0,49460.0,5,5,6,2025-11-30/2025-12-06,3384
2571,-310,MNK,MNKZ25,M30,2025-12-01 09:30:00,1764581400,49375.0,49375.0,49280.0,49280.0,17,5,34,2025-11-30/2025-12-06,3384
2572,-309,MNK,MNKZ25,M30,2025-12-01 10:00:00,1764583200,49280.0,49300.0,49280.0,49295.0,3,5,6,2025-11-30/2025-12-06,3384
2573,-308,MNK,MNKZ25,M30,2025-12-01 10:30:00,1764585000,49285.0,49285.0,49285.0,49285.0,1,5,1,2025-11-30/2025-12-06,3384
2574,-307,MNK,MNKZ25,M30,2025-12-01 11:00:00,1764586800,49250.0,49250.0,49240.0,49240.0,2,10,2,2025-11-30/2025-12-06,3384
2575,-306,MNK,MNKZ25,M30,2025-12-01 11:30:00,1764588600,49280.0,49280.0,49220.0,49240.0,3,5,9,2025-11-30/2025-12-06,3384
2576,-305,MNK,MNKZ25,M30,2025-12-01 12:00:00,1764590400,49140.0,49140.0,49140.0,49140.0,2,5,4,2025-11-30/2025-12-06,3384
2577,-304,MNK,MNKZ25,M30,2025-12-01 12:30:00,1764592200,49140.0,49140.0,49090.0,49115.0,8,5,14,2025-11-30/2025-12-06,3384
2578,-303,MNK,MNKZ25,M30,2025-12-01 13:00:00,1764594000,49115.0,49115.0,49115.0,49115.0,3,5,9,2025-11-30/2025-12-06,3384
2579,-302,MNK,MNKZ25,M30,2025-12-01 13:30:00,1764595800,49145.0,49265.0,49145.0,49265.0,8,5,28,2025-11-30/2025-12-06,3384
2580,-301,MNK,MNKZ25,M30,2025-12-01 14:00:00,1764597600,49265.0,49285.0,49220.0,49245.0,6,5,6,2025-11-30/2025-12-06,3384
2581,-300,MNK,MNKZ25,M30,2025-12-01 14:30:00,1764599400,49270.0,49515.0,49245.0,49510.0,27,5,44,2025-11-30/2025-12-06,3384
2582,-299,MNK,MNKZ25,M30,2025-12-01 15:00:00,1764601200,49505.0,49510.0,49460.0,49460.0,10,5,12,2025-11-30/2025-12-06,3384
2583,-298,MNK,MNKZ25,M30,2025-12-01 15:30:00,1764603000,49475.0,49500.0,49445.0,49500.0,3,5,3,2025-11-30/2025-12-06,3384
2584,-297,MNK,MNKZ25,M30,2025-12-01 16:30:00,1764606600,49545.0,49550.0,49545.0,49550.0,2,5,2,2025-11-30/2025-12-06,3384
2585,-296,MNK,MNKZ25,M30,2025-12-01 17:00:00,1764608400,49560.0,49570.0,49560.0,49570.0,3,5,6,2025-11-30/2025-12-06,3384
2586,-295,MNK,MNKZ25,M30,2025-12-01 17:30:00,1764610200,49585.0,49585.0,49575.0,49575.0,3,5,7,2025-11-30/2025-12-06,3384
2587,-294,MNK,MNKZ25,M30,2025-12-01 18:00:00,1764612000,49560.0,49595.0,49560.0,49595.0,8,5,9,2025-11-30/2025-12-06,3384
2588,-293,MNK,MNKZ25,M30,2025-12-01 19:00:00,1764615600,49635.0,49635.0,49510.0,49510.0,10,5,14,2025-11-30/2025-12-06,3384
2589,-292,MNK,MNKZ25,M30,2025-12-01 19:30:00,1764617400,49525.0,49525.0,49525.0,49525.0,1,5,1,2025-11-30/2025-12-06,3384
2590,-291,MNK,MNKZ25,M30,2025-12-01 20:30:00,1764621000,49480.0,49485.0,49470.0,49470.0,3,5,3,2025-11-30/2025-12-06,3384
2591,-290,MNK,MNKZ25,M30,2025-12-01 21:00:00,1764622800,49470.0,49470.0,49470.0,49470.0,5,5,11,2025-11-30/2025-12-06,3384
2592,-289,MNK,MNKZ25,M30,2025-12-01 21:30:00,1764624600,49480.0,49490.0,49460.0,49460.0,10,20,11,2025-11-30/2025-12-06,3384
2593,-288,MNK,MNKZ25,M30,2025-12-01 23:30:00,1764631800,49525.0,49605.0,49525.0,49600.0,9,5,19,2025-11-30/2025-12-06,3384
2594,-287,MNK,MNKZ25,M30,2025-12-02 00:00:00,1764633600,49580.0,49645.0,49460.0,49560.0,17,5,27,2025-11-30/2025-12-06,3384
2595,-286,MNK,MNKZ25,M30,2025-12-02 00:30:00,1764635400,49605.0,49605.0,49575.0,49575.0,2,5,2,2025-11-30/2025-12-06,3384
2596,-285,MNK,MNKZ25,M30,2025-12-02 01:00:00,1764637200,49515.0,49630.0,49515.0,49615.0,20,5,85,2025-11-30/2025-12-06,3384
2597,-284,MNK,MNKZ25,M30,2025-12-02 01:30:00,1764639000,49620.0,49620.0,49605.0,49615.0,5,10,14,2025-11-30/2025-12-06,3384
2598,-283,MNK,MNKZ25,M30,2025-12-02 02:00:00,1764640800,49590.0,49595.0,49565.0,49565.0,17,0,28,2025-11-30/2025-12-06,3384
2599,-282,MNK,MNKZ25,M30,2025-12-02 02:30:00,1764642600,49615.0,49615.0,49615.0,49615.0,1,15,1,2025-11-30/2025-12-06,3384
2600,-281,MNK,MNKZ25,M30,2025-12-02 03:00:00,1764644400,49540.0,49540.0,49425.0,49425.0,11,5,27,2025-11-30/2025-12-06,3384
2601,-280,MNK,MNKZ25,M30,2025-12-02 03:30:00,1764646200,49420.0,49530.0,49330.0,49530.0,12,5,16,2025-11-30/2025-12-06,3384
2602,-279,MNK,MNKZ25,M30,2025-12-02 04:00:00,1764648000,49470.0,49470.0,49450.0,49450.0,5,10,7,2025-11-30/2025-12-06,3384
2603,-278,MNK,MNKZ25,M30,2025-12-02 04:30:00,1764649800,49435.0,49435.0,49390.0,49390.0,3,5,9,2025-11-30/2025-12-06,3384
2604,-277,MNK,MNKZ25,M30,2025-12-02 06:00:00,1764655200,49290.0,49320.0,49290.0,49320.0,3,5,6,2025-11-30/2025-12-06,3384
2605,-276,MNK,MNKZ25,M30,2025-12-02 06:30:00,1764657000,49305.0,49330.0,49275.0,49330.0,18,5,45,2025-11-30/2025-12-06,3384
2606,-275,MNK,MNKZ25,M30,2025-12-02 07:30:00,1764660600,49350.0,49350.0,49350.0,49350.0,1,10,2,2025-11-30/2025-12-06,3384
2607,-274,MNK,MNKZ25,M30,2025-12-02 08:00:00,1764662400,49365.0,49420.0,49365.0,49405.0,5,5,14,2025-11-30/2025-12-06,3384
2608,-273,MNK,MNKZ25,M30,2025-12-02 08:30:00,1764664200,49450.0,49450.0,49450.0,49450.0,1,15,1,2025-11-30/2025-12-06,3384
2609,-272,MNK,MNKZ25,M30,2025-12-02 09:00:00,1764666000,49525.0,49530.0,49505.0,49505.0,10,5,37,2025-11-30/2025-12-06,3384
2610,-271,MNK,MNKZ25,M30,2025-12-02 09:30:00,1764667800,49505.0,49505.0,49480.0,49495.0,8,5,21,2025-11-30/2025-12-06,3384
2611,-270,MNK,MNKZ25,M30,2025-12-02 10:00:00,1764669600,49525.0,49525.0,49520.0,49520.0,2,5,4,2025-11-30/2025-12-06,3384
2612,-269,MNK,MNKZ25,M30,2025-12-02 10:30:00,1764671400,49560.0,49565.0,49560.0,49565.0,2,5,2,2025-11-30/2025-12-06,3384
2613,-268,MNK,MNKZ25,M30,2025-12-02 11:00:00,1764673200,49590.0,49590.0,49590.0,49590.0,2,5,3,2025-11-30/2025-12-06,3384
2614,-267,MNK,MNKZ25,M30,2025-12-02 11:30:00,1764675000,49615.0,49620.0,49585.0,49610.0,11,5,12,2025-11-30/2025-12-06,3384
2615,-266,MNK,MNKZ25,M30,2025-12-02 12:00:00,1764676800,49560.0,49640.0,49560.0,49640.0,18,5,20,2025-11-30/2025-12-06,3384
2616,-265,MNK,MNKZ25,M30,2025-12-02 12:30:00,1764678600,49660.0,49660.0,49660.0,49660.0,1,5,1,2025-11-30/2025-12-06,3384
2617,-264,MNK,MNKZ25,M30,2025-12-02 13:00:00,1764680400,49635.0,49635.0,49635.0,49635.0,1,5,1,2025-11-30/2025-12-06,3384
2618,-263,MNK,MNKZ25,M30,2025-12-02 13:30:00,1764682200,49645.0,49645.0,49645.0,49645.0,1,5,1,2025-11-30/2025-12-06,3384
2619,-262,MNK,MNKZ25,M30,2025-12-02 14:30:00,1764685800,49610.0,49750.0,49560.0,49615.0,36,5,44,2025-11-30/2025-12-06,3384
2620,-261,MNK,MNKZ25,M30,2025-12-02 15:00:00,1764687600,49630.0,49665.0,49625.0,49640.0,11,5,14,2025-11-30/2025-12-06,3384
2621,-260,MNK,MNKZ25,M30,2025-12-02 15:30:00,1764689400,49515.0,49665.0,49480.0,49620.0,26,5,36,2025-11-30/2025-12-06,3384
2622,-259,MNK,MNKZ25,M30,2025-12-02 16:00:00,1764691200,49610.0,49640.0,49335.0,49335.0,47,5,88,2025-11-30/2025-12-06,3384
2623,-258,MNK,MNKZ25,M30,2025-12-02 16:30:00,1764693000,49360.0,49440.0,49360.0,49440.0,9,5,9,2025-11-30/2025-12-06,3384
2624,-257,MNK,MNKZ25,M30,2025-12-02 17:00:00,1764694800,49540.0,49540.0,49540.0,49540.0,1,10,1,2025-11-30/2025-12-06,3384
2625,-256,MNK,MNKZ25,M30,2025-12-02 17:30:00,1764696600,49565.0,49565.0,49565.0,49565.0,1,15,2,2025-11-30/2025-12-06,3384
2626,-255,MNK,MNKZ25,M30,2025-12-02 18:00:00,1764698400,49420.0,49500.0,49420.0,49500.0,2,5,2,2025-11-30/2025-12-06,3384
2627,-254,MNK,MNKZ25,M30,2025-12-02 19:00:00,1764702000,49540.0,49540.0,49535.0,49535.0,2,5,2,2025-11-30/2025-12-06,3384
2628,-253,MNK,MNKZ25,M30,2025-12-02 20:00:00,1764705600,49580.0,49580.0,49580.0,49580.0,1,15,1,2025-11-30/2025-12-06,3384
2629,-252,MNK,MNKZ25,M30,2025-12-02 20:30:00,1764707400,49580.0,49580.0,49545.0,49555.0,6,5,6,2025-11-30/2025-12-06,3384
3,-8,MNK,MNKM26,M30,2025-12-02 21:00:00,1764709200,49650.0,49650.0,49650.0,49650.0,0,0,0,2025-11-30/2025-12-06,0
2630,-251,MNK,MNKZ25,M30,2025-12-02 21:30:00,1764711000,49565.0,49595.0,49560.0,49570.0,11,20,11,2025-11-30/2025-12-06,3384
2631,-250,MNK,MNKZ25,M30,2025-12-02 23:00:00,1764716400,49655.0,49655.0,49600.0,49600.0,3,20,3,2025-11-30/2025-12-06,3384
2632,-249,MNK,MNKZ25,M30,2025-12-02 23:30:00,1764718200,49600.0,49615.0,49590.0,49590.0,5,10,14,2025-11-30/2025-12-06,3384
2633,-248,MNK,MNKZ25,M30,2025-12-03 00:00:00,1764720000,49750.0,49815.0,49655.0,49690.0,21,5,33,2025-11-30/2025-12-06,3384
2634,-247,MNK,MNKZ25,M30,2025-12-03 00:30:00,1764721800,49720.0,49720.0,49720.0,49720.0,1,10,1,2025-11-30/2025-12-06,3384
2635,-246,MNK,MNKZ25,M30,2025-12-03 01:00:00,1764723600,49775.0,49775.0,49705.0,49705.0,3,10,4,2025-11-30/2025-12-06,3384
2636,-245,MNK,MNKZ25,M30,2025-12-03 01:30:00,1764725400,49760.0,49770.0,49655.0,49655.0,15,5,43,2025-11-30/2025-12-06,3384
2637,-244,MNK,MNKZ25,M30,2025-12-03 02:00:00,1764727200,49695.0,49890.0,49695.0,49890.0,11,5,11,2025-11-30/2025-12-06,3384
2638,-243,MNK,MNKZ25,M30,2025-12-03 02:30:00,1764729000,49880.0,49930.0,49870.0,49910.0,19,5,33,2025-11-30/2025-12-06,3384
2639,-242,MNK,MNKZ25,M30,2025-12-03 03:00:00,1764730800,49920.0,49955.0,49920.0,49955.0,10,5,13,2025-11-30/2025-12-06,3384
2640,-241,MNK,MNKZ25,M30,2025-12-03 03:30:00,1764732600,49975.0,50145.0,49975.0,50100.0,11,5,15,2025-11-30/2025-12-06,3384
2641,-240,MNK,MNKZ25,M30,2025-12-03 04:00:00,1764734400,50080.0,50115.0,50065.0,50115.0,4,5,4,2025-11-30/2025-12-06,3384
2642,-239,MNK,MNKZ25,M30,2025-12-03 04:30:00,1764736200,50060.0,50115.0,50060.0,50115.0,2,15,2,2025-11-30/2025-12-06,3384
2643,-238,MNK,MNKZ25,M30,2025-12-03 05:00:00,1764738000,50145.0,50145.0,50140.0,50140.0,3,10,3,2025-11-30/2025-12-06,3384
2644,-237,MNK,MNKZ25,M30,2025-12-03 05:30:00,1764739800,50075.0,50075.0,50070.0,50070.0,2,10,2,2025-11-30/2025-12-06,3384
2645,-236,MNK,MNKZ25,M30,2025-12-03 06:00:00,1764741600,50035.0,50035.0,49890.0,49895.0,19,5,25,2025-11-30/2025-12-06,3384
2646,-235,MNK,MNKZ25,M30,2025-12-03 06:30:00,1764743400,49870.0,49895.0,49830.0,49875.0,16,5,19,2025-11-30/2025-12-06,3384
2647,-234,MNK,MNKZ25,M30,2025-12-03 07:00:00,1764745200,49950.0,49950.0,49950.0,49950.0,1,5,1,2025-11-30/2025-12-06,3384
2648,-233,MNK,MNKZ25,M30,2025-12-03 08:00:00,1764748800,49870.0,49880.0,49870.0,49870.0,8,10,32,2025-11-30/2025-12-06,3384
2649,-232,MNK,MNKZ25,M30,2025-12-03 09:00:00,1764752400,49860.0,49860.0,49860.0,49860.0,1,10,3,2025-11-30/2025-12-06,3384
2650,-231,MNK,MNKZ25,M30,2025-12-03 09:30:00,1764754200,49820.0,49830.0,49795.0,49795.0,7,5,10,2025-11-30/2025-12-06,3384
2651,-230,MNK,MNKZ25,M30,2025-12-03 10:00:00,1764756000,49795.0,49795.0,49785.0,49785.0,2,5,4,2025-11-30/2025-12-06,3384
2652,-229,MNK,MNKZ25,M30,2025-12-03 10:30:00,1764757800,49705.0,49705.0,49630.0,49630.0,4,5,10,2025-11-30/2025-12-06,3384
2653,-228,MNK,MNKZ25,M30,2025-12-03 11:00:00,1764759600,49635.0,49635.0,49635.0,49635.0,1,20,5,2025-11-30/2025-12-06,3384
2654,-227,MNK,MNKZ25,M30,2025-12-03 12:30:00,1764765000,49725.0,49740.0,49725.0,49735.0,8,5,12,2025-11-30/2025-12-06,3384
2655,-226,MNK,MNKZ25,M30,2025-12-03 13:00:00,1764766800,49730.0,49730.0,49650.0,49700.0,8,5,12,2025-11-30/2025-12-06,3384
2656,-225,MNK,MNKZ25,M30,2025-12-03 13:30:00,1764768600,49715.0,49715.0,49705.0,49705.0,3,5,3,2025-11-30/2025-12-06,3384
2657,-224,MNK,MNKZ25,M30,2025-12-03 14:00:00,1764770400,49650.0,49650.0,49345.0,49445.0,47,5,109,2025-11-30/2025-12-06,3384
2658,-223,MNK,MNKZ25,M30,2025-12-03 14:30:00,1764772200,49465.0,49465.0,49380.0,49425.0,16,5,22,2025-11-30/2025-12-06,3384
2659,-222,MNK,MNKZ25,M30,2025-12-03 15:00:00,1764774000,49445.0,49660.0,49445.0,49530.0,19,5,29,2025-11-30/2025-12-06,3384
2660,-221,MNK,MNKZ25,M30,2025-12-03 15:30:00,1764775800,49635.0,49710.0,49610.0,49645.0,13,5,33,2025-11-30/2025-12-06,3384
2661,-220,MNK,MNKZ25,M30,2025-12-03 16:00:00,1764777600,49665.0,49665.0,49640.0,49640.0,2,5,2,2025-11-30/2025-12-06,3384
2662,-219,MNK,MNKZ25,M30,2025-12-03 16:30:00,1764779400,49680.0,49710.0,49660.0,49665.0,8,5,8,2025-11-30/2025-12-06,3384
2663,-218,MNK,MNKZ25,M30,2025-12-03 17:30:00,1764783000,49710.0,49710.0,49710.0,49710.0,1,5,1,2025-11-30/2025-12-06,3384
2664,-217,MNK,MNKZ25,M30,2025-12-03 18:00:00,1764784800,49695.0,49730.0,49695.0,49720.0,4,5,4,2025-11-30/2025-12-06,3384
2665,-216,MNK,MNKZ25,M30,2025-12-03 19:00:00,1764788400,49755.0,49765.0,49755.0,49765.0,3,5,9,2025-11-30/2025-12-06,3384
2666,-215,MNK,MNKZ25,M30,2025-12-03 19:30:00,1764790200,49800.0,49820.0,49795.0,49820.0,4,5,6,2025-11-30/2025-12-06,3384
2667,-214,MNK,MNKZ25,M30,2025-12-03 20:00:00,1764792000,49840.0,49850.0,49840.0,49850.0,3,5,7,2025-11-30/2025-12-06,3384
2668,-213,MNK,MNKZ25,M30,2025-12-03 20:30:00,1764793800,49860.0,49905.0,49850.0,49895.0,17,5,18,2025-11-30/2025-12-06,3384
2669,-212,MNK,MNKZ25,M30,2025-12-03 21:00:00,1764795600,49890.0,49890.0,49890.0,49890.0,1,15,1,2025-11-30/2025-12-06,3384
2670,-211,MNK,MNKZ25,M30,2025-12-03 21:30:00,1764797400,49880.0,49880.0,49820.0,49820.0,3,50,5,2025-11-30/2025-12-06,3384
2671,-210,MNK,MNKZ25,M30,2025-12-03 23:00:00,1764802800,49920.0,49920.0,49855.0,49905.0,8,5,13,2025-11-30/2025-12-06,3384
2672,-209,MNK,MNKZ25,M30,2025-12-03 23:30:00,1764804600,49840.0,49860.0,49840.0,49850.0,5,10,14,2025-11-30/2025-12-06,3384
2673,-208,MNK,MNKZ25,M30,2025-12-04 00:00:00,1764806400,49950.0,50260.0,49950.0,50180.0,35,5,61,2025-11-30/2025-12-06,3384
2674,-207,MNK,MNKZ25,M30,2025-12-04 00:30:00,1764808200,50220.0,50370.0,50205.0,50205.0,32,5,52,2025-11-30/2025-12-06,3384
2675,-206,MNK,MNKZ25,M30,2025-12-04 01:00:00,1764810000,50240.0,50505.0,50235.0,50495.0,15,5,22,2025-11-30/2025-12-06,3384
2676,-205,MNK,MNKZ25,M30,2025-12-04 01:30:00,1764811800,50505.0,50555.0,50500.0,50515.0,14,5,52,2025-11-30/2025-12-06,3384
2677,-204,MNK,MNKZ25,M30,2025-12-04 02:00:00,1764813600,50555.0,50600.0,50555.0,50600.0,6,5,24,2025-11-30/2025-12-06,3384
2678,-203,MNK,MNKZ25,M30,2025-12-04 02:30:00,1764815400,50605.0,50605.0,50520.0,50590.0,6,5,7,2025-11-30/2025-12-06,3384
2679,-202,MNK,MNKZ25,M30,2025-12-04 03:00:00,1764817200,50580.0,50580.0,50550.0,50550.0,6,5,6,2025-11-30/2025-12-06,3384
2680,-201,MNK,MNKZ25,M30,2025-12-04 03:30:00,1764819000,50565.0,50675.0,50525.0,50670.0,18,5,38,2025-11-30/2025-12-06,3384
2681,-200,MNK,MNKZ25,M30,2025-12-04 04:00:00,1764820800,50695.0,50785.0,50695.0,50710.0,21,5,23,2025-11-30/2025-12-06,3384
2682,-199,MNK,MNKZ25,M30,2025-12-04 04:30:00,1764822600,50735.0,50785.0,50685.0,50765.0,24,5,35,2025-11-30/2025-12-06,3384
2683,-198,MNK,MNKZ25,M30,2025-12-04 05:00:00,1764824400,50795.0,50915.0,50795.0,50830.0,27,5,104,2025-11-30/2025-12-06,3384
2684,-197,MNK,MNKZ25,M30,2025-12-04 05:30:00,1764826200,50845.0,50910.0,50800.0,50870.0,36,5,62,2025-11-30/2025-12-06,3384
2685,-196,MNK,MNKZ25,M30,2025-12-04 06:00:00,1764828000,50940.0,51050.0,50940.0,51050.0,28,5,60,2025-11-30/2025-12-06,3384
2686,-195,MNK,MNKZ25,M30,2025-12-04 06:30:00,1764829800,51070.0,51070.0,51010.0,51010.0,8,5,12,2025-11-30/2025-12-06,3384
2687,-194,MNK,MNKZ25,M30,2025-12-04 07:00:00,1764831600,50990.0,50990.0,50955.0,50955.0,4,5,4,2025-11-30/2025-12-06,3384
2688,-193,MNK,MNKZ25,M30,2025-12-04 07:30:00,1764833400,50950.0,50950.0,50940.0,50940.0,2,5,2,2025-11-30/2025-12-06,3384
2689,-192,MNK,MNKZ25,M30,2025-12-04 08:00:00,1764835200,50880.0,50885.0,50785.0,50785.0,17,5,39,2025-11-30/2025-12-06,3384
2690,-191,MNK,MNKZ25,M30,2025-12-04 08:30:00,1764837000,50775.0,50775.0,50720.0,50770.0,5,5,29,2025-11-30/2025-12-06,3384
2691,-190,MNK,MNKZ25,M30,2025-12-04 09:00:00,1764838800,50785.0,50915.0,50780.0,50915.0,14,5,24,2025-11-30/2025-12-06,3384
2692,-189,MNK,MNKZ25,M30,2025-12-04 09:30:00,1764840600,50935.0,50980.0,50935.0,50980.0,11,5,15,2025-11-30/2025-12-06,3384
2693,-188,MNK,MNKZ25,M30,2025-12-04 10:00:00,1764842400,50990.0,50990.0,50930.0,50935.0,5,5,5,2025-11-30/2025-12-06,3384
2694,-187,MNK,MNKZ25,M30,2025-12-04 10:30:00,1764844200,50895.0,50895.0,50880.0,50890.0,4,5,4,2025-11-30/2025-12-06,3384
2695,-186,MNK,MNKZ25,M30,2025-12-04 11:00:00,1764846000,50830.0,50850.0,50815.0,50820.0,10,5,36,2025-11-30/2025-12-06,3384
2696,-185,MNK,MNKZ25,M30,2025-12-04 11:30:00,1764847800,50835.0,50855.0,50790.0,50810.0,8,5,8,2025-11-30/2025-12-06,3384
2697,-184,MNK,MNKZ25,M30,2025-12-04 12:00:00,1764849600,50830.0,50840.0,50810.0,50840.0,5,5,5,2025-11-30/2025-12-06,3384
2698,-183,MNK,MNKZ25,M30,2025-12-04 12:30:00,1764851400,50820.0,50820.0,50810.0,50810.0,2,5,3,2025-11-30/2025-12-06,3384
2699,-182,MNK,MNKZ25,M30,2025-12-04 13:00:00,1764853200,50775.0,50775.0,50775.0,50775.0,3,5,4,2025-11-30/2025-12-06,3384
2700,-181,MNK,MNKZ25,M30,2025-12-04 13:30:00,1764855000,50830.0,50830.0,50760.0,50785.0,13,5,18,2025-11-30/2025-12-06,3384
2701,-180,MNK,MNKZ25,M30,2025-12-04 14:00:00,1764856800,50860.0,50875.0,50795.0,50795.0,5,5,23,2025-11-30/2025-12-06,3384
2702,-179,MNK,MNKZ25,M30,2025-12-04 14:30:00,1764858600,50780.0,50805.0,50650.0,50705.0,36,5,73,2025-11-30/2025-12-06,3384
2703,-178,MNK,MNKZ25,M30,2025-12-04 15:00:00,1764860400,50650.0,50655.0,50595.0,50645.0,20,5,24,2025-11-30/2025-12-06,3384
2704,-177,MNK,MNKZ25,M30,2025-12-04 15:30:00,1764862200,50660.0,50660.0,50580.0,50580.0,10,5,24,2025-11-30/2025-12-06,3384
2705,-176,MNK,MNKZ25,M30,2025-12-04 16:00:00,1764864000,50565.0,50600.0,50520.0,50600.0,7,5,26,2025-11-30/2025-12-06,3384
2706,-175,MNK,MNKZ25,M30,2025-12-04 17:00:00,1764867600,50585.0,50585.0,50585.0,50585.0,1,10,1,2025-11-30/2025-12-06,3384
2707,-174,MNK,MNKZ25,M30,2025-12-04 18:00:00,1764871200,50585.0,50600.0,50585.0,50600.0,2,5,2,2025-11-30/2025-12-06,3384
2708,-173,MNK,MNKZ25,M30,2025-12-04 18:30:00,1764873000,50605.0,50605.0,50605.0,50605.0,1,15,1,2025-11-30/2025-12-06,3384
2709,-172,MNK,MNKZ25,M30,2025-12-04 19:00:00,1764874800,50575.0,50575.0,50440.0,50440.0,6,5,10,2025-11-30/2025-12-06,3384
2710,-171,MNK,MNKZ25,M30,2025-12-04 19:30:00,1764876600,50450.0,50590.0,50450.0,50590.0,16,5,28,2025-11-30/2025-12-06,3384
2711,-170,MNK,MNKZ25,M30,2025-12-04 20:00:00,1764878400,50480.0,50505.0,50480.0,50505.0,2,5,11,2025-11-30/2025-12-06,3384
2712,-169,MNK,MNKZ25,M30,2025-12-04 20:30:00,1764880200,50470.0,50580.0,50470.0,50570.0,10,5,10,2025-11-30/2025-12-06,3384
5,-6,MNK,MNKM26,M30,2025-12-04 21:00:00,1764882000,50680.0,50680.0,50680.0,50680.0,0,0,0,2025-11-30/2025-12-06,0
2713,-168,MNK,MNKZ25,M30,2025-12-04 21:30:00,1764883800,50590.0,50600.0,50575.0,50600.0,8,15,8,2025-11-30/2025-12-06,3384
2714,-167,MNK,MNKZ25,M30,2025-12-04 23:00:00,1764889200,50570.0,50660.0,50570.0,50660.0,9,10,12,2025-11-30/2025-12-06,3384
2715,-166,MNK,MNKZ25,M30,2025-12-04 23:30:00,1764891000,50570.0,50625.0,50500.0,50500.0,9,5,10,2025-11-30/2025-12-06,3384
2716,-165,MNK,MNKZ25,M30,2025-12-05 00:00:00,1764892800,50485.0,50490.0,50350.0,50390.0,34,5,104,2025-11-30/2025-12-06,3384
2717,-164,MNK,MNKZ25,M30,2025-12-05 00:30:00,1764894600,50355.0,50490.0,50355.0,50360.0,19,5,25,2025-11-30/2025-12-06,3384
2718,-163,MNK,MNKZ25,M30,2025-12-05 01:00:00,1764896400,50335.0,50370.0,50335.0,50370.0,11,5,32,2025-11-30/2025-12-06,3384
2719,-162,MNK,MNKZ25,M30,2025-12-05 01:30:00,1764898200,50350.0,50350.0,50250.0,50255.0,21,5,75,2025-11-30/2025-12-06,3384
2720,-161,MNK,MNKZ25,M30,2025-12-05 02:00:00,1764900000,50300.0,50340.0,50300.0,50340.0,10,5,16,2025-11-30/2025-12-06,3384
2721,-160,MNK,MNKZ25,M30,2025-12-05 02:30:00,1764901800,50440.0,50450.0,50365.0,50365.0,13,5,15,2025-11-30/2025-12-06,3384
2722,-159,MNK,MNKZ25,M30,2025-12-05 03:00:00,1764903600,50355.0,50355.0,50355.0,50355.0,1,20,1,2025-11-30/2025-12-06,3384
2723,-158,MNK,MNKZ25,M30,2025-12-05 03:30:00,1764905400,50335.0,50335.0,50335.0,50335.0,2,15,4,2025-11-30/2025-12-06,3384
2724,-157,MNK,MNKZ25,M30,2025-12-05 04:00:00,1764907200,50375.0,50375.0,50375.0,50375.0,2,5,4,2025-11-30/2025-12-06,3384
2725,-156,MNK,MNKZ25,M30,2025-12-05 04:30:00,1764909000,50395.0,50395.0,50370.0,50370.0,2,10,4,2025-11-30/2025-12-06,3384
2726,-155,MNK,MNKZ25,M30,2025-12-05 05:00:00,1764910800,50390.0,50400.0,50390.0,50390.0,8,5,9,2025-11-30/2025-12-06,3384
2727,-154,MNK,MNKZ25,M30,2025-12-05 05:30:00,1764912600,50390.0,50445.0,50390.0,50435.0,5,5,5,2025-11-30/2025-12-06,3384
2728,-153,MNK,MNKZ25,M30,2025-12-05 06:00:00,1764914400,50435.0,50480.0,50435.0,50480.0,8,5,13,2025-11-30/2025-12-06,3384
2729,-152,MNK,MNKZ25,M30,2025-12-05 06:30:00,1764916200,50485.0,50540.0,50485.0,50540.0,3,5,4,2025-11-30/2025-12-06,3384
2730,-151,MNK,MNKZ25,M30,2025-12-05 07:00:00,1764918000,50470.0,50475.0,50470.0,50470.0,3,5,13,2025-11-30/2025-12-06,3384
2731,-150,MNK,MNKZ25,M30,2025-12-05 08:00:00,1764921600,50500.0,50500.0,50500.0,50500.0,1,10,2,2025-11-30/2025-12-06,3384
2732,-149,MNK,MNKZ25,M30,2025-12-05 09:30:00,1764927000,50550.0,50560.0,50550.0,50560.0,2,5,2,2025-11-30/2025-12-06,3384
2733,-148,MNK,MNKZ25,M30,2025-12-05 10:00:00,1764928800,50650.0,50650.0,50650.0,50650.0,1,5,1,2025-11-30/2025-12-06,3384
2734,-147,MNK,MNKZ25,M30,2025-12-05 10:30:00,1764930600,50650.0,50720.0,50650.0,50720.0,12,5,15,2025-11-30/2025-12-06,3384
2735,-146,MNK,MNKZ25,M30,2025-12-05 11:00:00,1764932400,50685.0,50690.0,50680.0,50690.0,4,5,4,2025-11-30/2025-12-06,3384
2736,-145,MNK,MNKZ25,M30,2025-12-05 11:30:00,1764934200,50695.0,50700.0,50695.0,50700.0,2,5,2,2025-11-30/2025-12-06,3384
2737,-144,MNK,MNKZ25,M30,2025-12-05 12:00:00,1764936000,50725.0,50735.0,50720.0,50735.0,10,5,13,2025-11-30/2025-12-06,3384
2738,-143,MNK,MNKZ25,M30,2025-12-05 12:30:00,1764937800,50760.0,50760.0,50750.0,50750.0,2,10,3,2025-11-30/2025-12-06,3384
2739,-142,MNK,MNKZ25,M30,2025-12-05 13:30:00,1764941400,50735.0,50735.0,50535.0,50605.0,9,5,11,2025-11-30/2025-12-06,3384
2740,-141,MNK,MNKZ25,M30,2025-12-05 14:30:00,1764945000,50760.0,50805.0,50705.0,50785.0,18,5,19,2025-11-30/2025-12-06,3384
2741,-140,MNK,MNKZ25,M30,2025-12-05 15:00:00,1764946800,50770.0,50855.0,50760.0,50760.0,10,5,13,2025-11-30/2025-12-06,3384
2742,-139,MNK,MNKZ25,M30,2025-12-05 15:30:00,1764948600,50760.0,50785.0,50625.0,50640.0,6,5,6,2025-11-30/2025-12-06,3384
2743,-138,MNK,MNKZ25,M30,2025-12-05 16:00:00,1764950400,50640.0,50640.0,50635.0,50635.0,3,5,13,2025-11-30/2025-12-06,3384
2744,-137,MNK,MNKZ25,M30,2025-12-05 16:30:00,1764952200,50585.0,50610.0,50560.0,50610.0,4,5,4,2025-11-30/2025-12-06,3384
83,-535,MNK,MNKH26,M30,2025-12-05 17:30:00,1764955800,50850.0,50855.0,50850.0,50855.0,2,105,2,2025-11-30/2025-12-06,30
2745,-136,MNK,MNKZ25,M30,2025-12-05 19:00:00,1764961200,50670.0,50670.0,50670.0,50670.0,1,10,1,2025-11-30/2025-12-06,3384
84,-534,MNK,MNKH26,M30,2025-12-05 19:30:00,1764963000,50875.0,50875.0,50875.0,50875.0,1,1140,1,2025-11-30/2025-12-06,30
2746,-135,MNK,MNKZ25,M30,2025-12-05 20:00:00,1764964800,50715.0,50715.0,50710.0,50710.0,2,5,2,2025-11-30/2025-12-06,3384
2747,-134,MNK,MNKZ25,M30,2025-12-05 20:30:00,1764966600,50675.0,50675.0,50675.0,50675.0,1,15,1,2025-11-30/2025-12-06,3384
2748,-133,MNK,MNKZ25,M30,2025-12-05 21:00:00,1764968400,50720.0,50720.0,50665.0,50665.0,2,10,2,2025-11-30/2025-12-06,3384
2749,-132,MNK,MNKZ25,M30,2025-12-05 21:30:00,1764970200,50645.0,50650.0,50640.0,50650.0,9,5,9,2025-11-30/2025-12-06,3384
85,-533,MNK,MNKH26,M30,2025-12-07 23:00:00,1765148400,50880.0,50880.0,50880.0,50880.0,2,70,5,2025-12-07/2025-12-13,2439
2751,-130,MNK,MNKZ25,M30,2025-12-07 23:30:00,1765150200,50600.0,50740.0,50600.0,50735.0,13,5,15,2025-12-07/2025-12-13,1439
86,-532,MNK,MNKH26,M30,2025-12-08 00:00:00,1765152000,50415.0,50415.0,50410.0,50410.0,3,90,5,2025-12-07/2025-12-13,2439
87,-531,MNK,MNKH26,M30,2025-12-08 00:30:00,1765153800,50700.0,50700.0,50700.0,50700.0,1,135,1,2025-12-07/2025-12-13,2439
2754,-127,MNK,MNKZ25,M30,2025-12-08 01:00:00,1765155600,50485.0,50485.0,50330.0,50330.0,10,5,28,2025-12-07/2025-12-13,1439
88,-530,MNK,MNKH26,M30,2025-12-08 01:30:00,1765157400,50645.0,50650.0,50640.0,50650.0,6,45,12,2025-12-07/2025-12-13,2439
2756,-125,MNK,MNKZ25,M30,2025-12-08 02:00:00,1765159200,50465.0,50495.0,50465.0,50495.0,2,5,2,2025-12-07/2025-12-13,1439
2757,-124,MNK,MNKZ25,M30,2025-12-08 02:30:00,1765161000,50450.0,50450.0,50450.0,50450.0,1,5,2,2025-12-07/2025-12-13,1439
89,-529,MNK,MNKH26,M30,2025-12-08 03:00:00,1765162800,50745.0,50755.0,50745.0,50755.0,3,25,5,2025-12-07/2025-12-13,2439
2759,-122,MNK,MNKZ25,M30,2025-12-08 03:30:00,1765164600,50535.0,50535.0,50480.0,50480.0,3,5,3,2025-12-07/2025-12-13,1439
2760,-121,MNK,MNKZ25,M30,2025-12-08 04:00:00,1765166400,50430.0,50460.0,50430.0,50460.0,3,5,3,2025-12-07/2025-12-13,1439
2761,-120,MNK,MNKZ25,M30,2025-12-08 04:30:00,1765168200,50515.0,50520.0,50515.0,50520.0,7,5,7,2025-12-07/2025-12-13,1439
2762,-119,MNK,MNKZ25,M30,2025-12-08 05:00:00,1765170000,50515.0,50540.0,50510.0,50540.0,3,10,3,2025-12-07/2025-12-13,1439
2763,-118,MNK,MNKZ25,M30,2025-12-08 05:30:00,1765171800,50495.0,50495.0,50495.0,50495.0,1,5,1,2025-12-07/2025-12-13,1439
90,-528,MNK,MNKH26,M30,2025-12-08 06:00:00,1765173600,50730.0,50770.0,50725.0,50770.0,5,5,9,2025-12-07/2025-12-13,2439
2765,-116,MNK,MNKZ25,M30,2025-12-08 06:30:00,1765175400,50580.0,50580.0,50580.0,50580.0,4,5,4,2025-12-07/2025-12-13,1439
2766,-115,MNK,MNKZ25,M30,2025-12-08 07:00:00,1765177200,50585.0,50585.0,50555.0,50555.0,4,5,4,2025-12-07/2025-12-13,1439
2767,-114,MNK,MNKZ25,M30,2025-12-08 07:30:00,1765179000,50630.0,50630.0,50605.0,50605.0,6,5,13,2025-12-07/2025-12-13,1439
91,-527,MNK,MNKH26,M30,2025-12-08 08:00:00,1765180800,50760.0,50760.0,50760.0,50760.0,1,15,2,2025-12-07/2025-12-13,2439
2769,-112,MNK,MNKZ25,M30,2025-12-08 08:30:00,1765182600,50660.0,50665.0,50660.0,50665.0,2,10,11,2025-12-07/2025-12-13,1439
92,-526,MNK,MNKH26,M30,2025-12-08 09:30:00,1765186200,50875.0,50875.0,50875.0,50875.0,1,15,1,2025-12-07/2025-12-13,2439
93,-525,MNK,MNKH26,M30,2025-12-08 10:00:00,1765188000,50805.0,50805.0,50805.0,50805.0,1,5,5,2025-12-07/2025-12-13,2439
94,-524,MNK,MNKH26,M30,2025-12-08 10:30:00,1765189800,50850.0,50850.0,50850.0,50850.0,1,5,1,2025-12-07/2025-12-13,2439
95,-523,MNK,MNKH26,M30,2025-12-08 11:00:00,1765191600,50850.0,50850.0,50850.0,50850.0,1,15,1,2025-12-07/2025-12-13,2439
2773,-108,MNK,MNKZ25,M30,2025-12-08 11:30:00,1765193400,50555.0,50555.0,50555.0,50555.0,1,5,1,2025-12-07/2025-12-13,1439
2774,-107,MNK,MNKZ25,M30,2025-12-08 12:30:00,1765197000,50575.0,50575.0,50540.0,50540.0,3,5,3,2025-12-07/2025-12-13,1439
2775,-106,MNK,MNKZ25,M30,2025-12-08 13:00:00,1765198800,50560.0,50560.0,50560.0,50560.0,2,5,2,2025-12-07/2025-12-13,1439
96,-522,MNK,MNKH26,M30,2025-12-08 14:00:00,1765202400,50535.0,50535.0,50535.0,50535.0,1,105,2,2025-12-07/2025-12-13,2439
97,-521,MNK,MNKH26,M30,2025-12-08 14:30:00,1765204200,50665.0,50665.0,50665.0,50665.0,1,120,2,2025-12-07/2025-12-13,2439
98,-520,MNK,MNKH26,M30,2025-12-08 15:00:00,1765206000,50525.0,50525.0,50520.0,50520.0,2,5,3,2025-12-07/2025-12-13,2439
2779,-102,MNK,MNKZ25,M30,2025-12-08 15:30:00,1765207800,50355.0,50355.0,50310.0,50310.0,2,5,2,2025-12-07/2025-12-13,1439
2780,-101,MNK,MNKZ25,M30,2025-12-08 16:00:00,1765209600,50245.0,50245.0,50245.0,50245.0,2,10,11,2025-12-07/2025-12-13,1439
2781,-100,MNK,MNKZ25,M30,2025-12-08 16:30:00,1765211400,50275.0,50285.0,50275.0,50285.0,7,5,7,2025-12-07/2025-12-13,1439
99,-519,MNK,MNKH26,M30,2025-12-08 17:00:00,1765213200,50440.0,50440.0,50440.0,50440.0,1,5,1,2025-12-07/2025-12-13,2439
100,-518,MNK,MNKH26,M30,2025-12-08 17:30:00,1765215000,50600.0,50600.0,50600.0,50600.0,1,5,1,2025-12-07/2025-12-13,2439
2784,-97,MNK,MNKZ25,M30,2025-12-08 18:00:00,1765216800,50375.0,50375.0,50360.0,50360.0,5,5,7,2025-12-07/2025-12-13,1439
101,-517,MNK,MNKH26,M30,2025-12-08 18:30:00,1765218600,50465.0,50465.0,50465.0,50465.0,1,5,2,2025-12-07/2025-12-13,2439
102,-516,MNK,MNKH26,M30,2025-12-08 19:00:00,1765220400,50420.0,50420.0,50420.0,50420.0,1,5,3,2025-12-07/2025-12-13,2439
103,-515,MNK,MNKH26,M30,2025-12-08 20:00:00,1765224000,50510.0,50510.0,50510.0,50510.0,1,10,1,2025-12-07/2025-12-13,2439
2788,-93,MNK,MNKZ25,M30,2025-12-08 20:30:00,1765225800,50300.0,50335.0,50285.0,50330.0,14,5,17,2025-12-07/2025-12-13,1439
2789,-92,MNK,MNKZ25,M30,2025-12-08 21:00:00,1765227600,50360.0,50370.0,50335.0,50355.0,5,5,14,2025-12-07/2025-12-13,1439
2790,-91,MNK,MNKZ25,M30,2025-12-08 21:30:00,1765229400,50375.0,50380.0,50345.0,50360.0,8,5,12,2025-12-07/2025-12-13,1439
104,-514,MNK,MNKH26,M30,2025-12-08 23:00:00,1765234800,50635.0,50635.0,50635.0,50635.0,1,5,1,2025-12-07/2025-12-13,2439
105,-513,MNK,MNKH26,M30,2025-12-08 23:30:00,1765236600,50675.0,50675.0,50675.0,50675.0,1,50,2,2025-12-07/2025-12-13,2439
106,-512,MNK,MNKH26,M30,2025-12-09 00:00:00,1765238400,50870.0,50985.0,50725.0,50725.0,14,5,25,2025-12-07/2025-12-13,2439
107,-511,MNK,MNKH26,M30,2025-12-09 00:30:00,1765240200,50665.0,50765.0,50635.0,50740.0,12,5,28,2025-12-07/2025-12-13,2439
2795,-86,MNK,MNKZ25,M30,2025-12-09 01:00:00,1765242000,50530.0,50550.0,50520.0,50520.0,8,5,25,2025-12-07/2025-12-13,1439
108,-510,MNK,MNKH26,M30,2025-12-09 01:30:00,1765243800,50750.0,50750.0,50750.0,50750.0,4,5,26,2025-12-07/2025-12-13,2439
109,-509,MNK,MNKH26,M30,2025-12-09 02:00:00,1765245600,50785.0,50910.0,50785.0,50910.0,3,5,3,2025-12-07/2025-12-13,2439
110,-508,MNK,MNKH26,M30,2025-12-09 02:30:00,1765247400,50920.0,50920.0,50920.0,50920.0,1,5,1,2025-12-07/2025-12-13,2439
2799,-82,MNK,MNKZ25,M30,2025-12-09 03:00:00,1765249200,50720.0,50725.0,50720.0,50720.0,5,5,5,2025-12-07/2025-12-13,1439
111,-507,MNK,MNKH26,M30,2025-12-09 03:30:00,1765251000,50990.0,50990.0,50990.0,50990.0,1,5,1,2025-12-07/2025-12-13,2439
112,-506,MNK,MNKH26,M30,2025-12-09 04:00:00,1765252800,50945.0,50945.0,50895.0,50895.0,2,5,3,2025-12-07/2025-12-13,2439
113,-505,MNK,MNKH26,M30,2025-12-09 04:30:00,1765254600,50905.0,50905.0,50880.0,50900.0,3,5,7,2025-12-07/2025-12-13,2439
114,-504,MNK,MNKH26,M30,2025-12-09 05:00:00,1765256400,50810.0,50810.0,50770.0,50770.0,2,5,2,2025-12-07/2025-12-13,2439
115,-503,MNK,MNKH26,M30,2025-12-09 05:30:00,1765258200,50900.0,50900.0,50900.0,50900.0,1,20,1,2025-12-07/2025-12-13,2439
116,-502,MNK,MNKH26,M30,2025-12-09 06:00:00,1765260000,50890.0,50890.0,50860.0,50860.0,2,5,2,2025-12-07/2025-12-13,2439
117,-501,MNK,MNKH26,M30,2025-12-09 06:30:00,1765261800,50885.0,51030.0,50885.0,51030.0,4,5,4,2025-12-07/2025-12-13,2439
118,-500,MNK,MNKH26,M30,2025-12-09 07:00:00,1765263600,51070.0,51070.0,51070.0,51070.0,1,5,5,2025-12-07/2025-12-13,2439
119,-499,MNK,MNKH26,M30,2025-12-09 07:30:00,1765265400,51040.0,51100.0,51040.0,51100.0,3,5,13,2025-12-07/2025-12-13,2439
120,-498,MNK,MNKH26,M30,2025-12-09 08:00:00,1765267200,51120.0,51185.0,51120.0,51185.0,10,5,19,2025-12-07/2025-12-13,2439
2809,-72,MNK,MNKZ25,M30,2025-12-09 08:30:00,1765269000,50940.0,50960.0,50940.0,50945.0,4,5,9,2025-12-07/2025-12-13,1439
121,-497,MNK,MNKH26,M30,2025-12-09 09:00:00,1765270800,51095.0,51100.0,51055.0,51055.0,3,5,5,2025-12-07/2025-12-13,2439
122,-496,MNK,MNKH26,M30,2025-12-09 10:00:00,1765274400,51060.0,51065.0,51045.0,51065.0,9,5,53,2025-12-07/2025-12-13,2439
123,-495,MNK,MNKH26,M30,2025-12-09 10:30:00,1765276200,51070.0,51145.0,50945.0,51105.0,19,5,62,2025-12-07/2025-12-13,2439
124,-494,MNK,MNKH26,M30,2025-12-09 11:00:00,1765278000,51080.0,51080.0,51080.0,51080.0,1,5,1,2025-12-07/2025-12-13,2439
2813,-68,MNK,MNKZ25,M30,2025-12-09 11:30:00,1765279800,50895.0,50895.0,50895.0,50895.0,1,15,3,2025-12-07/2025-12-13,1439
125,-493,MNK,MNKH26,M30,2025-12-09 12:00:00,1765281600,51110.0,51110.0,51110.0,51110.0,1,5,3,2025-12-07/2025-12-13,2439
126,-492,MNK,MNKH26,M30,2025-12-09 12:30:00,1765283400,51110.0,51110.0,51110.0,51110.0,1,20,1,2025-12-07/2025-12-13,2439
127,-491,MNK,MNKH26,M30,2025-12-09 13:00:00,1765285200,51050.0,51050.0,51050.0,51050.0,1,10,1,2025-12-07/2025-12-13,2439
128,-490,MNK,MNKH26,M30,2025-12-09 13:30:00,1765287000,50995.0,51005.0,50990.0,50995.0,59,5,63,2025-12-07/2025-12-13,2439
129,-489,MNK,MNKH26,M30,2025-12-09 14:00:00,1765288800,51000.0,51000.0,50995.0,51000.0,7,5,7,2025-12-07/2025-12-13,2439
130,-488,MNK,MNKH26,M30,2025-12-09 14:30:00,1765290600,51015.0,51155.0,50965.0,51065.0,13,10,21,2025-12-07/2025-12-13,2439
131,-487,MNK,MNKH26,M30,2025-12-09 15:00:00,1765292400,51120.0,51150.0,51120.0,51150.0,3,5,10,2025-12-07/2025-12-13,2439
132,-486,MNK,MNKH26,M30,2025-12-09 15:30:00,1765294200,51160.0,51175.0,51160.0,51175.0,2,5,4,2025-12-07/2025-12-13,2439
133,-485,MNK,MNKH26,M30,2025-12-09 16:00:00,1765296000,51195.0,51230.0,51195.0,51220.0,6,5,6,2025-12-07/2025-12-13,2439
134,-484,MNK,MNKH26,M30,2025-12-09 16:30:00,1765297800,51220.0,51225.0,51220.0,51225.0,4,5,4,2025-12-07/2025-12-13,2439
135,-483,MNK,MNKH26,M30,2025-12-09 17:00:00,1765299600,51140.0,51140.0,51140.0,51140.0,1,10,2,2025-12-07/2025-12-13,2439
2824,-57,MNK,MNKZ25,M30,2025-12-09 17:30:00,1765301400,50920.0,50930.0,50920.0,50930.0,3,5,11,2025-12-07/2025-12-13,1439
136,-482,MNK,MNKH26,M30,2025-12-09 18:00:00,1765303200,51150.0,51150.0,51120.0,51120.0,3,5,5,2025-12-07/2025-12-13,2439
137,-481,MNK,MNKH26,M30,2025-12-09 18:30:00,1765305000,51100.0,51100.0,51100.0,51100.0,3,5,8,2025-12-07/2025-12-13,2439
2827,-54,MNK,MNKZ25,M30,2025-12-09 19:00:00,1765306800,50890.0,50890.0,50865.0,50865.0,2,5,2,2025-12-07/2025-12-13,1439
2828,-53,MNK,MNKZ25,M30,2025-12-09 19:30:00,1765308600,50855.0,50865.0,50855.0,50865.0,2,10,2,2025-12-07/2025-12-13,1439
2829,-52,MNK,MNKZ25,M30,2025-12-09 20:00:00,1765310400,50850.0,50855.0,50850.0,50855.0,2,10,7,2025-12-07/2025-12-13,1439
138,-480,MNK,MNKH26,M30,2025-12-09 20:30:00,1765312200,51060.0,51060.0,51060.0,51060.0,1,175,1,2025-12-07/2025-12-13,2439
8,-3,MNK,MNKM26,M30,2025-12-09 21:00:00,1765314000,50980.0,50980.0,50980.0,50980.0,0,0,0,2025-12-07/2025-12-13,0
139,-479,MNK,MNKH26,M30,2025-12-09 23:00:00,1765321200,51075.0,51075.0,51075.0,51075.0,2,10,2,2025-12-07/2025-12-13,2439
2831,-50,MNK,MNKZ25,M30,2025-12-09 23:30:00,1765323000,50810.0,50890.0,50810.0,50890.0,6,5,14,2025-12-07/2025-12-13,1439
140,-478,MNK,MNKH26,M30,2025-12-10 00:00:00,1765324800,51200.0,51300.0,51175.0,51220.0,14,5,34,2025-12-07/2025-12-13,2439
141,-477,MNK,MNKH26,M30,2025-12-10 00:30:00,1765326600,51215.0,51215.0,51045.0,51050.0,3,5,3,2025-12-07/2025-12-13,2439
142,-476,MNK,MNKH26,M30,2025-12-10 01:00:00,1765328400,50965.0,50990.0,50730.0,50730.0,27,5,62,2025-12-07/2025-12-13,2439
143,-475,MNK,MNKH26,M30,2025-12-10 01:30:00,1765330200,50700.0,50750.0,50570.0,50570.0,13,5,33,2025-12-07/2025-12-13,2439
144,-474,MNK,MNKH26,M30,2025-12-10 02:00:00,1765332000,50660.0,50740.0,50650.0,50725.0,22,5,22,2025-12-07/2025-12-13,2439
145,-473,MNK,MNKH26,M30,2025-12-10 02:30:00,1765333800,50700.0,50700.0,50635.0,50635.0,3,5,3,2025-12-07/2025-12-13,2439
146,-472,MNK,MNKH26,M30,2025-12-10 03:30:00,1765337400,50715.0,50715.0,50715.0,50715.0,1,5,1,2025-12-07/2025-12-13,2439
147,-471,MNK,MNKH26,M30,2025-12-10 04:00:00,1765339200,50740.0,50740.0,50720.0,50720.0,2,10,2,2025-12-07/2025-12-13,2439
2838,-43,MNK,MNKZ25,M30,2025-12-10 05:00:00,1765342800,50435.0,50435.0,50380.0,50380.0,5,5,17,2025-12-07/2025-12-13,1439
148,-470,MNK,MNKH26,M30,2025-12-10 05:30:00,1765344600,50640.0,50655.0,50640.0,50655.0,3,5,25,2025-12-07/2025-12-13,2439
149,-469,MNK,MNKH26,M30,2025-12-10 06:00:00,1765346400,50800.0,50800.0,50800.0,50800.0,2,10,3,2025-12-07/2025-12-13,2439
150,-468,MNK,MNKH26,M30,2025-12-10 06:30:00,1765348200,50790.0,50815.0,50790.0,50815.0,4,5,13,2025-12-07/2025-12-13,2439
2842,-39,MNK,MNKZ25,M30,2025-12-10 07:30:00,1765351800,50585.0,50585.0,50585.0,50585.0,1,10,1,2025-12-07/2025-12-13,1439
151,-467,MNK,MNKH26,M30,2025-12-10 08:00:00,1765353600,50770.0,50770.0,50770.0,50770.0,2,5,11,2025-12-07/2025-12-13,2439
152,-466,MNK,MNKH26,M30,2025-12-10 08:30:00,1765355400,50790.0,50790.0,50790.0,50790.0,1,5,1,2025-12-07/2025-12-13,2439
153,-465,MNK,MNKH26,M30,2025-12-10 09:00:00,1765357200,50795.0,50800.0,50795.0,50800.0,2,15,2,2025-12-07/2025-12-13,2439
2845,-36,MNK,MNKZ25,M30,2025-12-10 09:30:00,1765359000,50560.0,50560.0,50560.0,50560.0,1,5,1,2025-12-07/2025-12-13,1439
154,-464,MNK,MNKH26,M30,2025-12-10 10:00:00,1765360800,50820.0,50835.0,50700.0,50700.0,6,5,24,2025-12-07/2025-12-13,2439
155,-463,MNK,MNKH26,M30,2025-12-10 11:00:00,1765364400,50715.0,50715.0,50715.0,50715.0,2,10,12,2025-12-07/2025-12-13,2439
156,-462,MNK,MNKH26,M30,2025-12-10 11:30:00,1765366200,50750.0,50750.0,50750.0,50750.0,1,20,1,2025-12-07/2025-12-13,2439
157,-461,MNK,MNKH26,M30,2025-12-10 13:00:00,1765371600,50825.0,50825.0,50815.0,50815.0,2,10,2,2025-12-07/2025-12-13,2439
158,-460,MNK,MNKH26,M30,2025-12-10 13:30:00,1765373400,50835.0,50835.0,50835.0,50835.0,1,5,3,2025-12-07/2025-12-13,2439
159,-459,MNK,MNKH26,M30,2025-12-10 14:00:00,1765375200,50790.0,50790.0,50790.0,50790.0,1,5,3,2025-12-07/2025-12-13,2439
160,-458,MNK,MNKH26,M30,2025-12-10 14:30:00,1765377000,50740.0,50740.0,50685.0,50685.0,3,5,3,2025-12-07/2025-12-13,2439
161,-457,MNK,MNKH26,M30,2025-12-10 15:00:00,1765378800,50690.0,50690.0,50665.0,50665.0,3,5,8,2025-12-07/2025-12-13,2439
162,-456,MNK,MNKH26,M30,2025-12-10 15:30:00,1765380600,50640.0,50640.0,50615.0,50615.0,6,5,18,2025-12-07/2025-12-13,2439
163,-455,MNK,MNKH26,M30,2025-12-10 16:00:00,1765382400,50685.0,50685.0,50685.0,50685.0,1,10,1,2025-12-07/2025-12-13,2439
164,-454,MNK,MNKH26,M30,2025-12-10 16:30:00,1765384200,50735.0,50780.0,50730.0,50760.0,9,5,9,2025-12-07/2025-12-13,2439
165,-453,MNK,MNKH26,M30,2025-12-10 17:00:00,1765386000,50740.0,50740.0,50695.0,50695.0,2,5,3,2025-12-07/2025-12-13,2439
166,-452,MNK,MNKH26,M30,2025-12-10 18:00:00,1765389600,50740.0,50740.0,50720.0,50720.0,2,10,2,2025-12-07/2025-12-13,2439
167,-451,MNK,MNKH26,M30,2025-12-10 18:30:00,1765391400,50720.0,50730.0,50695.0,50695.0,5,10,13,2025-12-07/2025-12-13,2439
168,-450,MNK,MNKH26,M30,2025-12-10 19:00:00,1765393200,50785.0,50840.0,50715.0,50780.0,9,5,22,2025-12-07/2025-12-13,2439
169,-449,MNK,MNKH26,M30,2025-12-10 19:30:00,1765395000,50885.0,50935.0,50765.0,50765.0,5,10,6,2025-12-07/2025-12-13,2439
170,-448,MNK,MNKH26,M30,2025-12-10 20:00:00,1765396800,50985.0,51060.0,50985.0,51060.0,5,10,6,2025-12-07/2025-12-13,2439
171,-447,MNK,MNKH26,M30,2025-12-10 20:30:00,1765398600,51045.0,51095.0,51045.0,51085.0,7,5,36,2025-12-07/2025-12-13,2439
172,-446,MNK,MNKH26,M30,2025-12-10 21:00:00,1765400400,51120.0,51225.0,51115.0,51150.0,7,5,9,2025-12-07/2025-12-13,2439
173,-445,MNK,MNKH26,M30,2025-12-10 21:30:00,1765402200,51150.0,51200.0,51150.0,51200.0,4,5,13,2025-12-07/2025-12-13,2439
174,-444,MNK,MNKH26,M30,2025-12-10 23:00:00,1765407600,51215.0,51215.0,50975.0,50975.0,7,5,9,2025-12-07/2025-12-13,2439
175,-443,MNK,MNKH26,M30,2025-12-10 23:30:00,1765409400,50950.0,50995.0,50880.0,50995.0,14,10,15,2025-12-07/2025-12-13,2439
176,-442,MNK,MNKH26,M30,2025-12-11 00:00:00,1765411200,50975.0,50975.0,50800.0,50860.0,8,5,28,2025-12-07/2025-12-13,2439
177,-441,MNK,MNKH26,M30,2025-12-11 00:30:00,1765413000,50785.0,50845.0,50700.0,50825.0,21,10,35,2025-12-07/2025-12-13,2439
178,-440,MNK,MNKH26,M30,2025-12-11 01:00:00,1765414800,50885.0,50895.0,50785.0,50785.0,10,5,37,2025-12-07/2025-12-13,2439
179,-439,MNK,MNKH26,M30,2025-12-11 01:30:00,1765416600,50785.0,50795.0,50750.0,50750.0,9,5,36,2025-12-07/2025-12-13,2439
180,-438,MNK,MNKH26,M30,2025-12-11 02:00:00,1765418400,50625.0,50625.0,50575.0,50575.0,8,5,25,2025-12-07/2025-12-13,2439
181,-437,MNK,MNKH26,M30,2025-12-11 02:30:00,1765420200,50520.0,50520.0,50410.0,50415.0,17,5,37,2025-12-07/2025-12-13,2439
182,-436,MNK,MNKH26,M30,2025-12-11 03:00:00,1765422000,50345.0,50345.0,50190.0,50310.0,34,5,65,2025-12-07/2025-12-13,2439
183,-435,MNK,MNKH26,M30,2025-12-11 03:30:00,1765423800,50290.0,50345.0,50180.0,50320.0,17,5,29,2025-12-07/2025-12-13,2439
184,-434,MNK,MNKH26,M30,2025-12-11 04:00:00,1765425600,50290.0,50370.0,50240.0,50365.0,10,5,19,2025-12-07/2025-12-13,2439
185,-433,MNK,MNKH26,M30,2025-12-11 04:30:00,1765427400,50300.0,50385.0,50300.0,50385.0,3,5,3,2025-12-07/2025-12-13,2439
186,-432,MNK,MNKH26,M30,2025-12-11 05:00:00,1765429200,50305.0,50305.0,50305.0,50305.0,2,5,2,2025-12-07/2025-12-13,2439
187,-431,MNK,MNKH26,M30,2025-12-11 05:30:00,1765431000,50320.0,50410.0,50320.0,50410.0,4,5,4,2025-12-07/2025-12-13,2439
188,-430,MNK,MNKH26,M30,2025-12-11 06:00:00,1765432800,50420.0,50420.0,50350.0,50350.0,2,15,2,2025-12-07/2025-12-13,2439
189,-429,MNK,MNKH26,M30,2025-12-11 06:30:00,1765434600,50320.0,50330.0,50320.0,50330.0,7,5,12,2025-12-07/2025-12-13,2439
190,-428,MNK,MNKH26,M30,2025-12-11 07:00:00,1765436400,50440.0,50440.0,50425.0,50425.0,3,5,3,2025-12-07/2025-12-13,2439
191,-427,MNK,MNKH26,M30,2025-12-11 07:30:00,1765438200,50470.0,50485.0,50455.0,50455.0,4,5,18,2025-12-07/2025-12-13,2439
192,-426,MNK,MNKH26,M30,2025-12-11 08:00:00,1765440000,50470.0,50470.0,50355.0,50420.0,11,5,54,2025-12-07/2025-12-13,2439
193,-425,MNK,MNKH26,M30,2025-12-11 08:30:00,1765441800,50420.0,50435.0,50420.0,50435.0,5,5,23,2025-12-07/2025-12-13,2439
194,-424,MNK,MNKH26,M30,2025-12-11 09:00:00,1765443600,50545.0,50585.0,50545.0,50570.0,3,5,4,2025-12-07/2025-12-13,2439
195,-423,MNK,MNKH26,M30,2025-12-11 09:30:00,1765445400,50615.0,50615.0,50615.0,50615.0,1,10,2,2025-12-07/2025-12-13,2439
196,-422,MNK,MNKH26,M30,2025-12-11 10:00:00,1765447200,50645.0,50645.0,50600.0,50600.0,2,5,2,2025-12-07/2025-12-13,2439
197,-421,MNK,MNKH26,M30,2025-12-11 10:30:00,1765449000,50600.0,50625.0,50590.0,50625.0,6,5,8,2025-12-07/2025-12-13,2439
2876,-5,MNK,MNKZ25,M30,2025-12-11 11:30:00,1765452600,50400.0,50445.0,50400.0,50445.0,5,5,5,2025-12-07/2025-12-13,1439
198,-420,MNK,MNKH26,M30,2025-12-11 12:00:00,1765454400,50660.0,50685.0,50660.0,50680.0,3,5,12,2025-12-07/2025-12-13,2439
199,-419,MNK,MNKH26,M30,2025-12-11 13:00:00,1765458000,50720.0,50720.0,50665.0,50665.0,9,5,31,2025-12-07/2025-12-13,2439
200,-418,MNK,MNKH26,M30,2025-12-11 13:30:00,1765459800,50665.0,50675.0,50640.0,50655.0,10,5,18,2025-12-07/2025-12-13,2439
201,-417,MNK,MNKH26,M30,2025-12-11 14:00:00,1765461600,50700.0,50700.0,50650.0,50650.0,5,5,29,2025-12-07/2025-12-13,2439
202,-416,MNK,MNKH26,M30,2025-12-11 14:30:00,1765463400,50600.0,50705.0,50435.0,50450.0,34,5,136,2025-12-07/2025-12-13,2439
203,-415,MNK,MNKH26,M30,2025-12-11 15:00:00,1765465200,50440.0,50740.0,50440.0,50710.0,21,5,40,2025-12-07/2025-12-13,2439
204,-414,MNK,MNKH26,M30,2025-12-11 15:30:00,1765467000,50700.0,50700.0,50640.0,50640.0,5,5,20,2025-12-07/2025-12-13,2439
205,-413,MNK,MNKH26,M30,2025-12-11 16:00:00,1765468800,50740.0,50775.0,50680.0,50695.0,25,5,45,2025-12-07/2025-12-13,2439
206,-412,MNK,MNKH26,M30,2025-12-11 16:30:00,1765470600,50700.0,50740.0,50655.0,50690.0,6,5,12,2025-12-07/2025-12-13,2439
207,-411,MNK,MNKH26,M30,2025-12-11 17:00:00,1765472400,50715.0,50780.0,50710.0,50780.0,8,5,16,2025-12-07/2025-12-13,2439
208,-410,MNK,MNKH26,M30,2025-12-11 17:30:00,1765474200,50815.0,50815.0,50815.0,50815.0,1,10,10,2025-12-07/2025-12-13,2439
209,-409,MNK,MNKH26,M30,2025-12-11 18:00:00,1765476000,50795.0,50830.0,50795.0,50830.0,8,5,16,2025-12-07/2025-12-13,2439
210,-408,MNK,MNKH26,M30,2025-12-11 18:30:00,1765477800,50885.0,50895.0,50885.0,50890.0,3,5,8,2025-12-07/2025-12-13,2439
211,-407,MNK,MNKH26,M30,2025-12-11 19:00:00,1765479600,50900.0,50985.0,50900.0,50985.0,13,5,14,2025-12-07/2025-12-13,2439
212,-406,MNK,MNKH26,M30,2025-12-11 19:30:00,1765481400,51010.0,51035.0,51010.0,51035.0,6,5,6,2025-12-07/2025-12-13,2439
213,-405,MNK,MNKH26,M30,2025-12-11 20:00:00,1765483200,51050.0,51050.0,51020.0,51025.0,7,5,18,2025-12-07/2025-12-13,2439
214,-404,MNK,MNKH26,M30,2025-12-11 20:30:00,1765485000,51035.0,51085.0,51035.0,51085.0,13,5,28,2025-12-07/2025-12-13,2439
215,-403,MNK,MNKH26,M30,2025-12-11 21:00:00,1765486800,51095.0,51150.0,51095.0,51140.0,13,10,14,2025-12-07/2025-12-13,2439
216,-402,MNK,MNKH26,M30,2025-12-11 21:30:00,1765488600,51110.0,51120.0,51085.0,51085.0,7,20,7,2025-12-07/2025-12-13,2439
217,-401,MNK,MNKH26,M30,2025-12-11 23:00:00,1765494000,50960.0,51005.0,50955.0,50985.0,11,5,11,2025-12-07/2025-12-13,2439
218,-400,MNK,MNKH26,M30,2025-12-11 23:30:00,1765495800,50955.0,51065.0,50950.0,50950.0,3,5,3,2025-12-07/2025-12-13,2439
219,-399,MNK,MNKH26,M30,2025-12-12 00:00:00,1765497600,50820.0,51050.0,50820.0,50965.0,10,5,15,2025-12-07/2025-12-13,2439
220,-398,MNK,MNKH26,M30,2025-12-12 00:30:00,1765499400,51060.0,51320.0,51060.0,51160.0,25,5,58,2025-12-07/2025-12-13,2439
221,-397,MNK,MNKH26,M30,2025-12-12 01:00:00,1765501200,51125.0,51125.0,50740.0,50740.0,12,5,16,2025-12-07/2025-12-13,2439
222,-396,MNK,MNKH26,M30,2025-12-12 01:30:00,1765503000,50725.0,50835.0,50640.0,50815.0,11,5,17,2025-12-07/2025-12-13,2439
223,-395,MNK,MNKH26,M30,2025-12-12 02:00:00,1765504800,50845.0,50850.0,50800.0,50800.0,5,5,5,2025-12-07/2025-12-13,2439
224,-394,MNK,MNKH26,M30,2025-12-12 02:30:00,1765506600,50850.0,50850.0,50840.0,50840.0,2,5,4,2025-12-07/2025-12-13,2439
225,-393,MNK,MNKH26,M30,2025-12-12 03:00:00,1765508400,50815.0,50815.0,50815.0,50815.0,3,5,9,2025-12-07/2025-12-13,2439
226,-392,MNK,MNKH26,M30,2025-12-12 03:30:00,1765510200,50740.0,50740.0,50740.0,50740.0,1,5,1,2025-12-07/2025-12-13,2439
227,-391,MNK,MNKH26,M30,2025-12-12 04:00:00,1765512000,50725.0,50740.0,50710.0,50710.0,4,5,10,2025-12-07/2025-12-13,2439
228,-390,MNK,MNKH26,M30,2025-12-12 04:30:00,1765513800,50740.0,50740.0,50675.0,50685.0,5,5,8,2025-12-07/2025-12-13,2439
229,-389,MNK,MNKH26,M30,2025-12-12 05:30:00,1765517400,51000.0,51005.0,51000.0,51005.0,2,5,2,2025-12-07/2025-12-13,2439
230,-388,MNK,MNKH26,M30,2025-12-12 06:00:00,1765519200,51040.0,51065.0,51040.0,51065.0,5,5,7,2025-12-07/2025-12-13,2439
231,-387,MNK,MNKH26,M30,2025-12-12 06:30:00,1765521000,51025.0,51025.0,50865.0,50865.0,16,5,25,2025-12-07/2025-12-13,2439
232,-386,MNK,MNKH26,M30,2025-12-12 07:00:00,1765522800,50870.0,50910.0,50855.0,50875.0,10,5,44,2025-12-07/2025-12-13,2439
233,-385,MNK,MNKH26,M30,2025-12-12 07:30:00,1765524600,50885.0,50915.0,50885.0,50915.0,6,10,8,2025-12-07/2025-12-13,2439
234,-384,MNK,MNKH26,M30,2025-12-12 08:30:00,1765528200,50840.0,50840.0,50840.0,50840.0,1,10,1,2025-12-07/2025-12-13,2439
235,-383,MNK,MNKH26,M30,2025-12-12 09:00:00,1765530000,50780.0,50810.0,50780.0,50810.0,2,5,2,2025-12-07/2025-12-13,2439
236,-382,MNK,MNKH26,M30,2025-12-12 10:00:00,1765533600,50740.0,50765.0,50740.0,50740.0,3,5,3,2025-12-07/2025-12-13,2439
237,-381,MNK,MNKH26,M30,2025-12-12 11:00:00,1765537200,50680.0,50690.0,50680.0,50690.0,3,10,3,2025-12-07/2025-12-13,2439
238,-380,MNK,MNKH26,M30,2025-12-12 11:30:00,1765539000,50640.0,50640.0,50640.0,50640.0,1,10,2,2025-12-07/2025-12-13,2439
239,-379,MNK,MNKH26,M30,2025-12-12 12:00:00,1765540800,50645.0,50645.0,50610.0,50645.0,7,5,18,2025-12-07/2025-12-13,2439
240,-378,MNK,MNKH26,M30,2025-12-12 12:30:00,1765542600,50720.0,50745.0,50720.0,50745.0,3,10,4,2025-12-07/2025-12-13,2439
241,-377,MNK,MNKH26,M30,2025-12-12 13:00:00,1765544400,50730.0,50730.0,50730.0,50730.0,1,5,1,2025-12-07/2025-12-13,2439
242,-376,MNK,MNKH26,M30,2025-12-12 13:30:00,1765546200,50780.0,50825.0,50780.0,50825.0,5,5,5,2025-12-07/2025-12-13,2439
243,-375,MNK,MNKH26,M30,2025-12-12 14:00:00,1765548000,50830.0,50840.0,50820.0,50835.0,5,10,5,2025-12-07/2025-12-13,2439
244,-374,MNK,MNKH26,M30,2025-12-12 14:30:00,1765549800,50815.0,50815.0,50745.0,50760.0,13,5,42,2025-12-07/2025-12-13,2439
245,-373,MNK,MNKH26,M30,2025-12-12 15:00:00,1765551600,50710.0,50710.0,50425.0,50425.0,21,5,58,2025-12-07/2025-12-13,2439
246,-372,MNK,MNKH26,M30,2025-12-12 15:30:00,1765553400,50330.0,50485.0,50130.0,50155.0,26,5,45,2025-12-07/2025-12-13,2439
247,-371,MNK,MNKH26,M30,2025-12-12 16:00:00,1765555200,50130.0,50155.0,50030.0,50030.0,15,5,23,2025-12-07/2025-12-13,2439
248,-370,MNK,MNKH26,M30,2025-12-12 16:30:00,1765557000,50090.0,50090.0,49905.0,49945.0,12,5,28,2025-12-07/2025-12-13,2439
249,-369,MNK,MNKH26,M30,2025-12-12 17:00:00,1765558800,50075.0,50130.0,50065.0,50065.0,11,5,28,2025-12-07/2025-12-13,2439
250,-368,MNK,MNKH26,M30,2025-12-12 17:30:00,1765560600,50180.0,50215.0,50180.0,50215.0,4,5,4,2025-12-07/2025-12-13,2439
251,-367,MNK,MNKH26,M30,2025-12-12 18:00:00,1765562400,50190.0,50285.0,50190.0,50270.0,14,5,26,2025-12-07/2025-12-13,2439
252,-366,MNK,MNKH26,M30,2025-12-12 18:30:00,1765564200,50285.0,50290.0,50285.0,50290.0,2,5,2,2025-12-07/2025-12-13,2439
253,-365,MNK,MNKH26,M30,2025-12-12 19:00:00,1765566000,50200.0,50205.0,50180.0,50180.0,5,5,12,2025-12-07/2025-12-13,2439
254,-364,MNK,MNKH26,M30,2025-12-12 19:30:00,1765567800,50165.0,50165.0,50155.0,50155.0,5,5,17,2025-12-07/2025-12-13,2439
255,-363,MNK,MNKH26,M30,2025-12-12 20:00:00,1765569600,50180.0,50180.0,50180.0,50180.0,1,10,1,2025-12-07/2025-12-13,2439
256,-362,MNK,MNKH26,M30,2025-12-12 20:30:00,1765571400,50135.0,50165.0,50080.0,50165.0,18,5,37,2025-12-07/2025-12-13,2439
257,-361,MNK,MNKH26,M30,2025-12-12 21:00:00,1765573200,50150.0,50150.0,50145.0,50145.0,3,5,3,2025-12-07/2025-12-13,2439
258,-360,MNK,MNKH26,M30,2025-12-12 21:30:00,1765575000,50260.0,50260.0,50260.0,50260.0,1,365,1,2025-12-07/2025-12-13,2439
259,-359,MNK,MNKH26,M30,2025-12-14 23:00:00,1765753200,50290.0,50295.0,50265.0,50275.0,6,10,10,2025-12-14/2025-12-20,3381
260,-358,MNK,MNKH26,M30,2025-12-14 23:30:00,1765755000,50245.0,50300.0,50165.0,50220.0,9,5,10,2025-12-14/2025-12-20,3381
261,-357,MNK,MNKH26,M30,2025-12-15 00:00:00,1765756800,50200.0,50435.0,50195.0,50435.0,17,5,23,2025-12-14/2025-12-20,3381
262,-356,MNK,MNKH26,M30,2025-12-15 00:30:00,1765758600,50500.0,50520.0,50370.0,50370.0,19,5,31,2025-12-14/2025-12-20,3381
263,-355,MNK,MNKH26,M30,2025-12-15 01:00:00,1765760400,50365.0,50410.0,50365.0,50370.0,6,5,10,2025-12-14/2025-12-20,3381
264,-354,MNK,MNKH26,M30,2025-12-15 01:30:00,1765762200,50335.0,50390.0,50335.0,50390.0,8,5,9,2025-12-14/2025-12-20,3381
265,-353,MNK,MNKH26,M30,2025-12-15 02:00:00,1765764000,50400.0,50410.0,50270.0,50270.0,10,5,10,2025-12-14/2025-12-20,3381
266,-352,MNK,MNKH26,M30,2025-12-15 02:30:00,1765765800,50345.0,50345.0,50210.0,50250.0,6,5,7,2025-12-14/2025-12-20,3381
267,-351,MNK,MNKH26,M30,2025-12-15 03:00:00,1765767600,50265.0,50265.0,50260.0,50260.0,2,5,2,2025-12-14/2025-12-20,3381
268,-350,MNK,MNKH26,M30,2025-12-15 03:30:00,1765769400,50225.0,50225.0,50150.0,50170.0,5,5,7,2025-12-14/2025-12-20,3381
269,-349,MNK,MNKH26,M30,2025-12-15 04:30:00,1765773000,50320.0,50320.0,50320.0,50320.0,1,20,1,2025-12-14/2025-12-20,3381
270,-348,MNK,MNKH26,M30,2025-12-15 05:00:00,1765774800,50350.0,50350.0,50320.0,50320.0,5,10,6,2025-12-14/2025-12-20,3381
271,-347,MNK,MNKH26,M30,2025-12-15 05:30:00,1765776600,50370.0,50395.0,50370.0,50395.0,2,10,3,2025-12-14/2025-12-20,3381
272,-346,MNK,MNKH26,M30,2025-12-15 06:00:00,1765778400,50390.0,50400.0,50390.0,50400.0,9,5,14,2025-12-14/2025-12-20,3381
273,-345,MNK,MNKH26,M30,2025-12-15 06:30:00,1765780200,50365.0,50365.0,50310.0,50310.0,3,10,4,2025-12-14/2025-12-20,3381
274,-344,MNK,MNKH26,M30,2025-12-15 07:00:00,1765782000,50365.0,50365.0,50365.0,50365.0,1,15,1,2025-12-14/2025-12-20,3381
275,-343,MNK,MNKH26,M30,2025-12-15 08:00:00,1765785600,50340.0,50340.0,50340.0,50340.0,2,10,2,2025-12-14/2025-12-20,3381
276,-342,MNK,MNKH26,M30,2025-12-15 08:30:00,1765787400,50360.0,50445.0,50360.0,50435.0,7,5,24,2025-12-14/2025-12-20,3381
277,-341,MNK,MNKH26,M30,2025-12-15 09:00:00,1765789200,50425.0,50430.0,50425.0,50430.0,2,5,8,2025-12-14/2025-12-20,3381
278,-340,MNK,MNKH26,M30,2025-12-15 09:30:00,1765791000,50440.0,50440.0,50440.0,50440.0,1,5,2,2025-12-14/2025-12-20,3381
279,-339,MNK,MNKH26,M30,2025-12-15 10:00:00,1765792800,50455.0,50460.0,50455.0,50460.0,3,5,5,2025-12-14/2025-12-20,3381
280,-338,MNK,MNKH26,M30,2025-12-15 11:00:00,1765796400,50435.0,50435.0,50435.0,50435.0,1,5,1,2025-12-14/2025-12-20,3381
281,-337,MNK,MNKH26,M30,2025-12-15 11:30:00,1765798200,50430.0,50440.0,50430.0,50440.0,3,5,12,2025-12-14/2025-12-20,3381
282,-336,MNK,MNKH26,M30,2025-12-15 12:00:00,1765800000,50415.0,50415.0,50415.0,50415.0,1,10,2,2025-12-14/2025-12-20,3381
283,-335,MNK,MNKH26,M30,2025-12-15 12:30:00,1765801800,50505.0,50505.0,50490.0,50490.0,2,5,2,2025-12-14/2025-12-20,3381
284,-334,MNK,MNKH26,M30,2025-12-15 14:30:00,1765809000,50480.0,50480.0,50390.0,50390.0,3,10,11,2025-12-14/2025-12-20,3381
285,-333,MNK,MNKH26,M30,2025-12-15 15:00:00,1765810800,50265.0,50275.0,50065.0,50065.0,13,5,28,2025-12-14/2025-12-20,3381
286,-332,MNK,MNKH26,M30,2025-12-15 15:30:00,1765812600,50190.0,50280.0,50190.0,50245.0,8,5,8,2025-12-14/2025-12-20,3381
287,-331,MNK,MNKH26,M30,2025-12-15 16:00:00,1765814400,50370.0,50385.0,50370.0,50385.0,3,5,4,2025-12-14/2025-12-20,3381
288,-330,MNK,MNKH26,M30,2025-12-15 16:30:00,1765816200,50305.0,50305.0,50250.0,50300.0,6,5,6,2025-12-14/2025-12-20,3381
289,-329,MNK,MNKH26,M30,2025-12-15 17:00:00,1765818000,50240.0,50240.0,50215.0,50215.0,2,5,2,2025-12-14/2025-12-20,3381
290,-328,MNK,MNKH26,M30,2025-12-15 17:30:00,1765819800,50205.0,50205.0,50205.0,50205.0,1,10,2,2025-12-14/2025-12-20,3381
291,-327,MNK,MNKH26,M30,2025-12-15 18:00:00,1765821600,50260.0,50260.0,50250.0,50250.0,3,5,3,2025-12-14/2025-12-20,3381
292,-326,MNK,MNKH26,M30,2025-12-15 18:30:00,1765823400,50200.0,50200.0,50200.0,50200.0,1,5,2,2025-12-14/2025-12-20,3381
293,-325,MNK,MNKH26,M30,2025-12-15 20:30:00,1765830600,50255.0,50255.0,50220.0,50220.0,12,5,12,2025-12-14/2025-12-20,3381
294,-324,MNK,MNKH26,M30,2025-12-15 21:00:00,1765832400,50195.0,50200.0,50195.0,50200.0,4,5,5,2025-12-14/2025-12-20,3381
295,-323,MNK,MNKH26,M30,2025-12-15 21:30:00,1765834200,50220.0,50225.0,50220.0,50225.0,2,10,3,2025-12-14/2025-12-20,3381
296,-322,MNK,MNKH26,M30,2025-12-15 23:00:00,1765839600,50235.0,50235.0,50235.0,50235.0,1,15,3,2025-12-14/2025-12-20,3381
297,-321,MNK,MNKH26,M30,2025-12-15 23:30:00,1765841400,50195.0,50195.0,50170.0,50170.0,3,10,3,2025-12-14/2025-12-20,3381
298,-320,MNK,MNKH26,M30,2025-12-16 00:00:00,1765843200,49920.0,49920.0,49720.0,49720.0,2,10,2,2025-12-14/2025-12-20,3381
299,-319,MNK,MNKH26,M30,2025-12-16 00:30:00,1765845000,49905.0,49905.0,49870.0,49880.0,3,5,4,2025-12-14/2025-12-20,3381
300,-318,MNK,MNKH26,M30,2025-12-16 01:00:00,1765846800,49830.0,49900.0,49830.0,49900.0,4,5,6,2025-12-14/2025-12-20,3381
301,-317,MNK,MNKH26,M30,2025-12-16 01:30:00,1765848600,49750.0,49785.0,49750.0,49785.0,5,5,7,2025-12-14/2025-12-20,3381
302,-316,MNK,MNKH26,M30,2025-12-16 02:00:00,1765850400,49695.0,49700.0,49615.0,49700.0,9,5,9,2025-12-14/2025-12-20,3381
303,-315,MNK,MNKH26,M30,2025-12-16 02:30:00,1765852200,49700.0,49715.0,49665.0,49670.0,14,5,19,2025-12-14/2025-12-20,3381
304,-314,MNK,MNKH26,M30,2025-12-16 03:00:00,1765854000,49685.0,49710.0,49645.0,49645.0,10,5,11,2025-12-14/2025-12-20,3381
305,-313,MNK,MNKH26,M30,2025-12-16 03:30:00,1765855800,49590.0,49735.0,49590.0,49735.0,2,5,2,2025-12-14/2025-12-20,3381
306,-312,MNK,MNKH26,M30,2025-12-16 04:30:00,1765859400,49720.0,49720.0,49720.0,49720.0,1,15,1,2025-12-14/2025-12-20,3381
307,-311,MNK,MNKH26,M30,2025-12-16 06:00:00,1765864800,49685.0,49685.0,49620.0,49635.0,3,15,4,2025-12-14/2025-12-20,3381
308,-310,MNK,MNKH26,M30,2025-12-16 06:30:00,1765866600,49590.0,49630.0,49590.0,49630.0,3,15,3,2025-12-14/2025-12-20,3381
309,-309,MNK,MNKH26,M30,2025-12-16 07:30:00,1765870200,49525.0,49525.0,49525.0,49525.0,1,15,1,2025-12-14/2025-12-20,3381
310,-308,MNK,MNKH26,M30,2025-12-16 08:00:00,1765872000,49750.0,49760.0,49740.0,49760.0,4,5,8,2025-12-14/2025-12-20,3381
311,-307,MNK,MNKH26,M30,2025-12-16 08:30:00,1765873800,49845.0,49845.0,49845.0,49845.0,1,10,1,2025-12-14/2025-12-20,3381
312,-306,MNK,MNKH26,M30,2025-12-16 09:30:00,1765877400,49775.0,49780.0,49710.0,49710.0,5,5,6,2025-12-14/2025-12-20,3381
313,-305,MNK,MNKH26,M30,2025-12-16 10:00:00,1765879200,49805.0,49805.0,49805.0,49805.0,1,10,1,2025-12-14/2025-12-20,3381
314,-304,MNK,MNKH26,M30,2025-12-16 11:00:00,1765882800,49800.0,49815.0,49800.0,49800.0,5,5,5,2025-12-14/2025-12-20,3381
315,-303,MNK,MNKH26,M30,2025-12-16 12:00:00,1765886400,49835.0,49885.0,49835.0,49865.0,4,5,8,2025-12-14/2025-12-20,3381
316,-302,MNK,MNKH26,M30,2025-12-16 12:30:00,1765888200,49850.0,49865.0,49850.0,49865.0,2,10,2,2025-12-14/2025-12-20,3381
317,-301,MNK,MNKH26,M30,2025-12-16 13:00:00,1765890000,49850.0,49850.0,49850.0,49850.0,1,505,1,2025-12-14/2025-12-20,3381
318,-300,MNK,MNKH26,M30,2025-12-16 13:30:00,1765891800,49955.0,49955.0,49790.0,49790.0,4,5,4,2025-12-14/2025-12-20,3381
319,-299,MNK,MNKH26,M30,2025-12-16 14:00:00,1765893600,49760.0,49875.0,49760.0,49875.0,3,10,3,2025-12-14/2025-12-20,3381
320,-298,MNK,MNKH26,M30,2025-12-16 14:30:00,1765895400,49865.0,50020.0,49850.0,49990.0,23,5,89,2025-12-14/2025-12-20,3381
321,-297,MNK,MNKH26,M30,2025-12-16 15:00:00,1765897200,49910.0,49910.0,49720.0,49720.0,3,10,3,2025-12-14/2025-12-20,3381
322,-296,MNK,MNKH26,M30,2025-12-16 15:30:00,1765899000,49815.0,49880.0,49760.0,49880.0,4,10,5,2025-12-14/2025-12-20,3381
323,-295,MNK,MNKH26,M30,2025-12-16 16:00:00,1765900800,49835.0,49850.0,49835.0,49850.0,4,10,4,2025-12-14/2025-12-20,3381
324,-294,MNK,MNKH26,M30,2025-12-16 16:30:00,1765902600,49870.0,49875.0,49830.0,49875.0,5,5,15,2025-12-14/2025-12-20,3381
325,-293,MNK,MNKH26,M30,2025-12-16 17:00:00,1765904400,49940.0,49940.0,49940.0,49940.0,1,15,1,2025-12-14/2025-12-20,3381
326,-292,MNK,MNKH26,M30,2025-12-16 17:30:00,1765906200,49890.0,49895.0,49780.0,49780.0,9,5,41,2025-12-14/2025-12-20,3381
327,-291,MNK,MNKH26,M30,2025-12-16 18:00:00,1765908000,49730.0,49730.0,49680.0,49690.0,18,5,31,2025-12-14/2025-12-20,3381
328,-290,MNK,MNKH26,M30,2025-12-16 18:30:00,1765909800,49755.0,49850.0,49755.0,49805.0,10,5,19,2025-12-14/2025-12-20,3381
329,-289,MNK,MNKH26,M30,2025-12-16 20:00:00,1765915200,49880.0,49880.0,49880.0,49880.0,2,5,2,2025-12-14/2025-12-20,3381
330,-288,MNK,MNKH26,M30,2025-12-16 20:30:00,1765917000,49935.0,49935.0,49830.0,49830.0,7,5,9,2025-12-14/2025-12-20,3381
331,-287,MNK,MNKH26,M30,2025-12-16 21:00:00,1765918800,49745.0,49745.0,49745.0,49745.0,2,10,2,2025-12-14/2025-12-20,3381
332,-286,MNK,MNKH26,M30,2025-12-16 21:30:00,1765920600,49705.0,49705.0,49705.0,49705.0,1,10,1,2025-12-14/2025-12-20,3381
333,-285,MNK,MNKH26,M30,2025-12-16 23:30:00,1765927800,49710.0,49710.0,49710.0,49710.0,1,40,1,2025-12-14/2025-12-20,3381
334,-284,MNK,MNKH26,M30,2025-12-17 00:00:00,1765929600,49620.0,49620.0,49250.0,49390.0,20,5,21,2025-12-14/2025-12-20,3381
335,-283,MNK,MNKH26,M30,2025-12-17 00:30:00,1765931400,49380.0,49505.0,49330.0,49500.0,14,5,15,2025-12-14/2025-12-20,3381
336,-282,MNK,MNKH26,M30,2025-12-17 01:00:00,1765933200,49520.0,49625.0,49490.0,49540.0,21,5,25,2025-12-14/2025-12-20,3381
337,-281,MNK,MNKH26,M30,2025-12-17 01:30:00,1765935000,49585.0,49735.0,49585.0,49735.0,7,5,24,2025-12-14/2025-12-20,3381
338,-280,MNK,MNKH26,M30,2025-12-17 02:00:00,1765936800,49730.0,49730.0,49700.0,49700.0,3,5,3,2025-12-14/2025-12-20,3381
339,-279,MNK,MNKH26,M30,2025-12-17 02:30:00,1765938600,49720.0,49720.0,49685.0,49685.0,6,5,6,2025-12-14/2025-12-20,3381
340,-278,MNK,MNKH26,M30,2025-12-17 03:30:00,1765942200,49720.0,49720.0,49650.0,49650.0,4,10,4,2025-12-14/2025-12-20,3381
341,-277,MNK,MNKH26,M30,2025-12-17 04:00:00,1765944000,49650.0,49650.0,49575.0,49605.0,6,5,10,2025-12-14/2025-12-20,3381
342,-276,MNK,MNKH26,M30,2025-12-17 04:30:00,1765945800,49485.0,49485.0,49470.0,49470.0,7,5,16,2025-12-14/2025-12-20,3381
343,-275,MNK,MNKH26,M30,2025-12-17 05:30:00,1765949400,49605.0,49605.0,49605.0,49605.0,1,15,1,2025-12-14/2025-12-20,3381
344,-274,MNK,MNKH26,M30,2025-12-17 06:00:00,1765951200,49690.0,49750.0,49690.0,49750.0,8,5,20,2025-12-14/2025-12-20,3381
345,-273,MNK,MNKH26,M30,2025-12-17 06:30:00,1765953000,49735.0,49860.0,49715.0,49835.0,30,5,46,2025-12-14/2025-12-20,3381
346,-272,MNK,MNKH26,M30,2025-12-17 07:00:00,1765954800,49830.0,49855.0,49805.0,49855.0,18,5,28,2025-12-14/2025-12-20,3381
347,-271,MNK,MNKH26,M30,2025-12-17 07:30:00,1765956600,49865.0,49865.0,49835.0,49835.0,5,5,7,2025-12-14/2025-12-20,3381
348,-270,MNK,MNKH26,M30,2025-12-17 08:00:00,1765958400,49820.0,49850.0,49800.0,49830.0,6,5,10,2025-12-14/2025-12-20,3381
349,-269,MNK,MNKH26,M30,2025-12-17 08:30:00,1765960200,49880.0,49880.0,49810.0,49810.0,5,5,9,2025-12-14/2025-12-20,3381
350,-268,MNK,MNKH26,M30,2025-12-17 09:00:00,1765962000,49805.0,49870.0,49805.0,49870.0,6,5,10,2025-12-14/2025-12-20,3381
351,-267,MNK,MNKH26,M30,2025-12-17 09:30:00,1765963800,49860.0,49860.0,49860.0,49860.0,1,5,10,2025-12-14/2025-12-20,3381
352,-266,MNK,MNKH26,M30,2025-12-17 10:00:00,1765965600,49910.0,49910.0,49860.0,49860.0,4,5,7,2025-12-14/2025-12-20,3381
353,-265,MNK,MNKH26,M30,2025-12-17 11:00:00,1765969200,49865.0,49865.0,49845.0,49845.0,2,5,2,2025-12-14/2025-12-20,3381
354,-264,MNK,MNKH26,M30,2025-12-17 12:00:00,1765972800,49815.0,49815.0,49795.0,49800.0,5,5,19,2025-12-14/2025-12-20,3381
355,-263,MNK,MNKH26,M30,2025-12-17 12:30:00,1765974600,49845.0,49850.0,49845.0,49850.0,2,5,5,2025-12-14/2025-12-20,3381
356,-262,MNK,MNKH26,M30,2025-12-17 13:00:00,1765976400,49805.0,49805.0,49700.0,49730.0,16,5,31,2025-12-14/2025-12-20,3381
357,-261,MNK,MNKH26,M30,2025-12-17 13:30:00,1765978200,49765.0,49795.0,49760.0,49760.0,9,5,12,2025-12-14/2025-12-20,3381
358,-260,MNK,MNKH26,M30,2025-12-17 14:00:00,1765980000,49790.0,49790.0,49745.0,49745.0,3,5,4,2025-12-14/2025-12-20,3381
359,-259,MNK,MNKH26,M30,2025-12-17 14:30:00,1765981800,49775.0,49800.0,49660.0,49740.0,34,5,81,2025-12-14/2025-12-20,3381
360,-258,MNK,MNKH26,M30,2025-12-17 15:00:00,1765983600,49695.0,49735.0,49670.0,49735.0,16,5,23,2025-12-14/2025-12-20,3381
361,-257,MNK,MNKH26,M30,2025-12-17 15:30:00,1765985400,49685.0,49685.0,49310.0,49335.0,26,5,42,2025-12-14/2025-12-20,3381
362,-256,MNK,MNKH26,M30,2025-12-17 16:00:00,1765987200,49320.0,49425.0,49275.0,49330.0,29,5,54,2025-12-14/2025-12-20,3381
363,-255,MNK,MNKH26,M30,2025-12-17 16:30:00,1765989000,49325.0,49345.0,49215.0,49270.0,30,0,65,2025-12-14/2025-12-20,3381
364,-254,MNK,MNKH26,M30,2025-12-17 17:00:00,1765990800,49300.0,49370.0,49250.0,49320.0,30,5,76,2025-12-14/2025-12-20,3381
365,-253,MNK,MNKH26,M30,2025-12-17 17:30:00,1765992600,49355.0,49365.0,49235.0,49240.0,9,5,25,2025-12-14/2025-12-20,3381
366,-252,MNK,MNKH26,M30,2025-12-17 18:00:00,1765994400,49300.0,49300.0,49180.0,49210.0,17,5,39,2025-12-14/2025-12-20,3381
367,-251,MNK,MNKH26,M30,2025-12-17 18:30:00,1765996200,49175.0,49175.0,49105.0,49140.0,15,5,39,2025-12-14/2025-12-20,3381
368,-250,MNK,MNKH26,M30,2025-12-17 19:00:00,1765998000,49130.0,49140.0,49105.0,49105.0,7,5,22,2025-12-14/2025-12-20,3381
369,-249,MNK,MNKH26,M30,2025-12-17 19:30:00,1765999800,49100.0,49145.0,49070.0,49145.0,7,5,8,2025-12-14/2025-12-20,3381
370,-248,MNK,MNKH26,M30,2025-12-17 20:00:00,1766001600,49135.0,49140.0,49135.0,49140.0,6,5,10,2025-12-14/2025-12-20,3381
371,-247,MNK,MNKH26,M30,2025-12-17 20:30:00,1766003400,49150.0,49170.0,49095.0,49105.0,20,5,29,2025-12-14/2025-12-20,3381
372,-246,MNK,MNKH26,M30,2025-12-17 21:00:00,1766005200,49120.0,49155.0,49120.0,49155.0,7,5,7,2025-12-14/2025-12-20,3381
373,-245,MNK,MNKH26,M30,2025-12-17 21:30:00,1766007000,49220.0,49280.0,49220.0,49280.0,11,5,24,2025-12-14/2025-12-20,3381
374,-244,MNK,MNKH26,M30,2025-12-17 23:00:00,1766012400,49235.0,49265.0,49235.0,49265.0,5,5,6,2025-12-14/2025-12-20,3381
375,-243,MNK,MNKH26,M30,2025-12-17 23:30:00,1766014200,49230.0,49260.0,48970.0,48970.0,12,5,17,2025-12-14/2025-12-20,3381
376,-242,MNK,MNKH26,M30,2025-12-18 00:00:00,1766016000,49030.0,49270.0,48820.0,49170.0,70,5,103,2025-12-14/2025-12-20,3381
377,-241,MNK,MNKH26,M30,2025-12-18 00:30:00,1766017800,49185.0,49335.0,49150.0,49180.0,33,5,45,2025-12-14/2025-12-20,3381
378,-240,MNK,MNKH26,M30,2025-12-18 01:00:00,1766019600,49210.0,49215.0,49000.0,49130.0,45,5,65,2025-12-14/2025-12-20,3381
379,-239,MNK,MNKH26,M30,2025-12-18 01:30:00,1766021400,49120.0,49140.0,49045.0,49070.0,17,5,21,2025-12-14/2025-12-20,3381
380,-238,MNK,MNKH26,M30,2025-12-18 02:00:00,1766023200,49125.0,49190.0,49015.0,49185.0,40,5,59,2025-12-14/2025-12-20,3381
381,-237,MNK,MNKH26,M30,2025-12-18 02:30:00,1766025000,49180.0,49200.0,49105.0,49105.0,11,5,17,2025-12-14/2025-12-20,3381
382,-236,MNK,MNKH26,M30,2025-12-18 03:00:00,1766026800,49155.0,49155.0,49025.0,49060.0,10,5,16,2025-12-14/2025-12-20,3381
383,-235,MNK,MNKH26,M30,2025-12-18 03:30:00,1766028600,49045.0,49100.0,48950.0,49070.0,40,5,65,2025-12-14/2025-12-20,3381
384,-234,MNK,MNKH26,M30,2025-12-18 04:00:00,1766030400,49100.0,49145.0,49100.0,49145.0,3,5,3,2025-12-14/2025-12-20,3381
385,-233,MNK,MNKH26,M30,2025-12-18 04:30:00,1766032200,49170.0,49270.0,49160.0,49270.0,8,5,12,2025-12-14/2025-12-20,3381
386,-232,MNK,MNKH26,M30,2025-12-18 05:00:00,1766034000,49260.0,49260.0,49165.0,49170.0,4,5,6,2025-12-14/2025-12-20,3381
387,-231,MNK,MNKH26,M30,2025-12-18 05:30:00,1766035800,49185.0,49275.0,49150.0,49275.0,10,5,13,2025-12-14/2025-12-20,3381
388,-230,MNK,MNKH26,M30,2025-12-18 06:00:00,1766037600,49235.0,49265.0,49210.0,49265.0,10,5,19,2025-12-14/2025-12-20,3381
389,-229,MNK,MNKH26,M30,2025-12-18 06:30:00,1766039400,49220.0,49290.0,49215.0,49270.0,14,5,15,2025-12-14/2025-12-20,3381
390,-228,MNK,MNKH26,M30,2025-12-18 07:00:00,1766041200,49275.0,49325.0,49275.0,49325.0,8,5,10,2025-12-14/2025-12-20,3381
391,-227,MNK,MNKH26,M30,2025-12-18 07:30:00,1766043000,49285.0,49290.0,49285.0,49290.0,2,5,4,2025-12-14/2025-12-20,3381
392,-226,MNK,MNKH26,M30,2025-12-18 08:00:00,1766044800,49315.0,49365.0,49300.0,49320.0,8,5,16,2025-12-14/2025-12-20,3381
393,-225,MNK,MNKH26,M30,2025-12-18 08:30:00,1766046600,49350.0,49400.0,49350.0,49355.0,5,5,7,2025-12-14/2025-12-20,3381
394,-224,MNK,MNKH26,M30,2025-12-18 09:00:00,1766048400,49385.0,49385.0,49325.0,49325.0,4,5,7,2025-12-14/2025-12-20,3381
395,-223,MNK,MNKH26,M30,2025-12-18 09:30:00,1766050200,49365.0,49380.0,49365.0,49380.0,2,10,2,2025-12-14/2025-12-20,3381
396,-222,MNK,MNKH26,M30,2025-12-18 10:30:00,1766053800,49365.0,49365.0,49350.0,49350.0,3,5,5,2025-12-14/2025-12-20,3381
397,-221,MNK,MNKH26,M30,2025-12-18 11:00:00,1766055600,49345.0,49345.0,49320.0,49320.0,4,5,5,2025-12-14/2025-12-20,3381
398,-220,MNK,MNKH26,M30,2025-12-18 11:30:00,1766057400,49315.0,49350.0,49315.0,49345.0,4,5,5,2025-12-14/2025-12-20,3381
399,-219,MNK,MNKH26,M30,2025-12-18 12:00:00,1766059200,49380.0,49380.0,49345.0,49345.0,2,5,4,2025-12-14/2025-12-20,3381
400,-218,MNK,MNKH26,M30,2025-12-18 12:30:00,1766061000,49375.0,49390.0,49375.0,49390.0,2,5,3,2025-12-14/2025-12-20,3381
401,-217,MNK,MNKH26,M30,2025-12-18 13:00:00,1766062800,49345.0,49400.0,49345.0,49400.0,4,5,8,2025-12-14/2025-12-20,3381
402,-216,MNK,MNKH26,M30,2025-12-18 13:30:00,1766064600,49465.0,49615.0,49460.0,49560.0,23,5,37,2025-12-14/2025-12-20,3381
403,-215,MNK,MNKH26,M30,2025-12-18 14:00:00,1766066400,49500.0,49570.0,49500.0,49565.0,12,5,25,2025-12-14/2025-12-20,3381
404,-214,MNK,MNKH26,M30,2025-12-18 14:30:00,1766068200,49590.0,49605.0,49360.0,49480.0,26,5,58,2025-12-14/2025-12-20,3381
405,-213,MNK,MNKH26,M30,2025-12-18 15:00:00,1766070000,49530.0,49605.0,49420.0,49605.0,23,5,47,2025-12-14/2025-12-20,3381
406,-212,MNK,MNKH26,M30,2025-12-18 15:30:00,1766071800,49620.0,49700.0,49580.0,49620.0,38,5,93,2025-12-14/2025-12-20,3381
407,-211,MNK,MNKH26,M30,2025-12-18 16:00:00,1766073600,49620.0,49650.0,49595.0,49595.0,6,5,10,2025-12-14/2025-12-20,3381
408,-210,MNK,MNKH26,M30,2025-12-18 16:30:00,1766075400,49580.0,49630.0,49555.0,49630.0,8,5,17,2025-12-14/2025-12-20,3381
409,-209,MNK,MNKH26,M30,2025-12-18 17:00:00,1766077200,49590.0,49590.0,49300.0,49305.0,11,5,19,2025-12-14/2025-12-20,3381
410,-208,MNK,MNKH26,M30,2025-12-18 17:30:00,1766079000,49365.0,49520.0,49365.0,49515.0,7,5,12,2025-12-14/2025-12-20,3381
411,-207,MNK,MNKH26,M30,2025-12-18 18:00:00,1766080800,49535.0,49600.0,49535.0,49600.0,2,10,5,2025-12-14/2025-12-20,3381
412,-206,MNK,MNKH26,M30,2025-12-18 18:30:00,1766082600,49615.0,49615.0,49580.0,49580.0,2,5,4,2025-12-14/2025-12-20,3381
413,-205,MNK,MNKH26,M30,2025-12-18 19:00:00,1766084400,49520.0,49520.0,49455.0,49455.0,6,5,8,2025-12-14/2025-12-20,3381
414,-204,MNK,MNKH26,M30,2025-12-18 19:30:00,1766086200,49460.0,49460.0,49405.0,49435.0,5,5,8,2025-12-14/2025-12-20,3381
415,-203,MNK,MNKH26,M30,2025-12-18 20:00:00,1766088000,49450.0,49525.0,49450.0,49520.0,7,5,11,2025-12-14/2025-12-20,3381
416,-202,MNK,MNKH26,M30,2025-12-18 20:30:00,1766089800,49550.0,49555.0,49425.0,49430.0,17,5,28,2025-12-14/2025-12-20,3381
417,-201,MNK,MNKH26,M30,2025-12-18 21:00:00,1766091600,49455.0,49455.0,49440.0,49440.0,5,5,7,2025-12-14/2025-12-20,3381
418,-200,MNK,MNKH26,M30,2025-12-18 21:30:00,1766093400,49465.0,49465.0,49375.0,49375.0,5,5,6,2025-12-14/2025-12-20,3381
419,-199,MNK,MNKH26,M30,2025-12-18 23:00:00,1766098800,49410.0,49560.0,49410.0,49515.0,20,5,26,2025-12-14/2025-12-20,3381
420,-198,MNK,MNKH26,M30,2025-12-18 23:30:00,1766100600,49470.0,49550.0,49435.0,49485.0,22,5,36,2025-12-14/2025-12-20,3381
421,-197,MNK,MNKH26,M30,2025-12-19 00:00:00,1766102400,49555.0,49640.0,49420.0,49500.0,38,5,55,2025-12-14/2025-12-20,3381
422,-196,MNK,MNKH26,M30,2025-12-19 00:30:00,1766104200,49555.0,49650.0,49530.0,49650.0,15,5,33,2025-12-14/2025-12-20,3381
423,-195,MNK,MNKH26,M30,2025-12-19 01:00:00,1766106000,49615.0,49630.0,49550.0,49590.0,10,5,25,2025-12-14/2025-12-20,3381
424,-194,MNK,MNKH26,M30,2025-12-19 01:30:00,1766107800,49540.0,49685.0,49540.0,49685.0,10,5,14,2025-12-14/2025-12-20,3381
425,-193,MNK,MNKH26,M30,2025-12-19 02:00:00,1766109600,49645.0,49760.0,49645.0,49760.0,9,10,15,2025-12-14/2025-12-20,3381
426,-192,MNK,MNKH26,M30,2025-12-19 02:30:00,1766111400,49775.0,49855.0,49745.0,49800.0,22,20,24,2025-12-14/2025-12-20,3381
427,-191,MNK,MNKH26,M30,2025-12-19 03:00:00,1766113200,49770.0,50020.0,49660.0,49885.0,44,5,54,2025-12-14/2025-12-20,3381
428,-190,MNK,MNKH26,M30,2025-12-19 03:30:00,1766115000,49915.0,49915.0,49775.0,49815.0,20,5,30,2025-12-14/2025-12-20,3381
429,-189,MNK,MNKH26,M30,2025-12-19 04:00:00,1766116800,49750.0,49760.0,49685.0,49690.0,10,10,17,2025-12-14/2025-12-20,3381
430,-188,MNK,MNKH26,M30,2025-12-19 04:30:00,1766118600,49645.0,49660.0,49575.0,49660.0,10,5,18,2025-12-14/2025-12-20,3381
431,-187,MNK,MNKH26,M30,2025-12-19 05:00:00,1766120400,49715.0,49780.0,49715.0,49780.0,5,5,6,2025-12-14/2025-12-20,3381
432,-186,MNK,MNKH26,M30,2025-12-19 05:30:00,1766122200,49770.0,49785.0,49750.0,49750.0,8,5,11,2025-12-14/2025-12-20,3381
433,-185,MNK,MNKH26,M30,2025-12-19 06:00:00,1766124000,49735.0,49785.0,49735.0,49745.0,6,10,12,2025-12-14/2025-12-20,3381
434,-184,MNK,MNKH26,M30,2025-12-19 06:30:00,1766125800,49680.0,49730.0,49615.0,49645.0,24,5,35,2025-12-14/2025-12-20,3381
435,-183,MNK,MNKH26,M30,2025-12-19 07:00:00,1766127600,49685.0,49825.0,49685.0,49795.0,6,5,9,2025-12-14/2025-12-20,3381
436,-182,MNK,MNKH26,M30,2025-12-19 07:30:00,1766129400,49835.0,49880.0,49835.0,49880.0,3,5,8,2025-12-14/2025-12-20,3381
437,-181,MNK,MNKH26,M30,2025-12-19 08:00:00,1766131200,49960.0,50085.0,49960.0,50045.0,20,5,33,2025-12-14/2025-12-20,3381
438,-180,MNK,MNKH26,M30,2025-12-19 08:30:00,1766133000,50005.0,50165.0,50005.0,50165.0,7,5,8,2025-12-14/2025-12-20,3381
439,-179,MNK,MNKH26,M30,2025-12-19 09:00:00,1766134800,50125.0,50125.0,50080.0,50110.0,4,5,7,2025-12-14/2025-12-20,3381
440,-178,MNK,MNKH26,M30,2025-12-19 09:30:00,1766136600,50140.0,50140.0,50100.0,50130.0,3,5,6,2025-12-14/2025-12-20,3381
441,-177,MNK,MNKH26,M30,2025-12-19 10:00:00,1766138400,50130.0,50185.0,50130.0,50185.0,9,5,34,2025-12-14/2025-12-20,3381
442,-176,MNK,MNKH26,M30,2025-12-19 10:30:00,1766140200,50170.0,50200.0,50165.0,50165.0,3,5,6,2025-12-14/2025-12-20,3381
443,-175,MNK,MNKH26,M30,2025-12-19 11:00:00,1766142000,50100.0,50130.0,50030.0,50110.0,10,5,13,2025-12-14/2025-12-20,3381
444,-174,MNK,MNKH26,M30,2025-12-19 11:30:00,1766143800,50165.0,50165.0,50115.0,50120.0,5,5,7,2025-12-14/2025-12-20,3381
445,-173,MNK,MNKH26,M30,2025-12-19 12:00:00,1766145600,50145.0,50150.0,50095.0,50125.0,12,5,19,2025-12-14/2025-12-20,3381
446,-172,MNK,MNKH26,M30,2025-12-19 12:30:00,1766147400,50085.0,50115.0,50070.0,50070.0,5,5,12,2025-12-14/2025-12-20,3381
447,-171,MNK,MNKH26,M30,2025-12-19 13:00:00,1766149200,50070.0,50120.0,50070.0,50120.0,4,5,9,2025-12-14/2025-12-20,3381
448,-170,MNK,MNKH26,M30,2025-12-19 13:30:00,1766151000,50115.0,50165.0,50115.0,50165.0,2,5,3,2025-12-14/2025-12-20,3381
449,-169,MNK,MNKH26,M30,2025-12-19 14:00:00,1766152800,50195.0,50215.0,50155.0,50215.0,10,5,24,2025-12-14/2025-12-20,3381
450,-168,MNK,MNKH26,M30,2025-12-19 14:30:00,1766154600,50250.0,50445.0,50250.0,50445.0,32,0,83,2025-12-14/2025-12-20,3381
451,-167,MNK,MNKH26,M30,2025-12-19 15:00:00,1766156400,50450.0,50450.0,50355.0,50415.0,13,5,34,2025-12-14/2025-12-20,3381
452,-166,MNK,MNKH26,M30,2025-12-19 15:30:00,1766158200,50420.0,50430.0,50365.0,50395.0,18,5,37,2025-12-14/2025-12-20,3381
453,-165,MNK,MNKH26,M30,2025-12-19 16:00:00,1766160000,50415.0,50455.0,50415.0,50450.0,15,5,30,2025-12-14/2025-12-20,3381
454,-164,MNK,MNKH26,M30,2025-12-19 16:30:00,1766161800,50470.0,50475.0,50410.0,50410.0,8,5,13,2025-12-14/2025-12-20,3381
455,-163,MNK,MNKH26,M30,2025-12-19 17:00:00,1766163600,50455.0,50500.0,50445.0,50500.0,5,5,5,2025-12-14/2025-12-20,3381
456,-162,MNK,MNKH26,M30,2025-12-19 17:30:00,1766165400,50480.0,50495.0,50475.0,50480.0,5,5,15,2025-12-14/2025-12-20,3381
457,-161,MNK,MNKH26,M30,2025-12-19 18:00:00,1766167200,50480.0,50480.0,50475.0,50475.0,4,5,6,2025-12-14/2025-12-20,3381
458,-160,MNK,MNKH26,M30,2025-12-19 18:30:00,1766169000,50485.0,50485.0,50455.0,50485.0,3,5,5,2025-12-14/2025-12-20,3381
459,-159,MNK,MNKH26,M30,2025-12-19 19:00:00,1766170800,50530.0,50555.0,50530.0,50555.0,5,5,8,2025-12-14/2025-12-20,3381
460,-158,MNK,MNKH26,M30,2025-12-19 19:30:00,1766172600,50545.0,50585.0,50545.0,50585.0,2,5,2,2025-12-14/2025-12-20,3381
461,-157,MNK,MNKH26,M30,2025-12-19 20:00:00,1766174400,50585.0,50585.0,50570.0,50570.0,2,5,2,2025-12-14/2025-12-20,3381
462,-156,MNK,MNKH26,M30,2025-12-19 20:30:00,1766176200,50560.0,50560.0,50405.0,50435.0,33,5,54,2025-12-14/2025-12-20,3381
463,-155,MNK,MNKH26,M30,2025-12-19 21:00:00,1766178000,50475.0,50500.0,50475.0,50475.0,7,5,7,2025-12-14/2025-12-20,3381
464,-154,MNK,MNKH26,M30,2025-12-21 23:00:00,1766358000,50565.0,50580.0,50505.0,50560.0,11,5,14,2025-12-21/2025-12-27,1640
465,-153,MNK,MNKH26,M30,2025-12-21 23:30:00,1766359800,50560.0,50665.0,50560.0,50610.0,13,5,26,2025-12-21/2025-12-27,1640
466,-152,MNK,MNKH26,M30,2025-12-22 00:00:00,1766361600,50650.0,50655.0,50400.0,50430.0,32,5,43,2025-12-21/2025-12-27,1640
467,-151,MNK,MNKH26,M30,2025-12-22 00:30:00,1766363400,50445.0,50535.0,50445.0,50535.0,19,5,26,2025-12-21/2025-12-27,1640
468,-150,MNK,MNKH26,M30,2025-12-22 01:00:00,1766365200,50565.0,50620.0,50545.0,50615.0,11,5,28,2025-12-21/2025-12-27,1640
469,-149,MNK,MNKH26,M30,2025-12-22 01:30:00,1766367000,50675.0,50745.0,50625.0,50655.0,15,5,17,2025-12-21/2025-12-27,1640
470,-148,MNK,MNKH26,M30,2025-12-22 02:00:00,1766368800,50655.0,50665.0,50630.0,50630.0,7,10,10,2025-12-21/2025-12-27,1640
471,-147,MNK,MNKH26,M30,2025-12-22 02:30:00,1766370600,50585.0,50625.0,50575.0,50625.0,5,5,6,2025-12-21/2025-12-27,1640
472,-146,MNK,MNKH26,M30,2025-12-22 03:00:00,1766372400,50645.0,50670.0,50615.0,50615.0,5,5,7,2025-12-21/2025-12-27,1640
473,-145,MNK,MNKH26,M30,2025-12-22 03:30:00,1766374200,50545.0,50615.0,50540.0,50615.0,13,5,18,2025-12-21/2025-12-27,1640
474,-144,MNK,MNKH26,M30,2025-12-22 04:00:00,1766376000,50600.0,50635.0,50590.0,50600.0,11,5,27,2025-12-21/2025-12-27,1640
475,-143,MNK,MNKH26,M30,2025-12-22 04:30:00,1766377800,50600.0,50600.0,50600.0,50600.0,2,5,2,2025-12-21/2025-12-27,1640
476,-142,MNK,MNKH26,M30,2025-12-22 05:00:00,1766379600,50630.0,50630.0,50575.0,50575.0,5,5,9,2025-12-21/2025-12-27,1640
477,-141,MNK,MNKH26,M30,2025-12-22 05:30:00,1766381400,50575.0,50575.0,50540.0,50540.0,2,5,2,2025-12-21/2025-12-27,1640
478,-140,MNK,MNKH26,M30,2025-12-22 06:00:00,1766383200,50530.0,50560.0,50530.0,50560.0,4,5,5,2025-12-21/2025-12-27,1640
479,-139,MNK,MNKH26,M30,2025-12-22 06:30:00,1766385000,50590.0,50620.0,50535.0,50560.0,30,5,47,2025-12-21/2025-12-27,1640
480,-138,MNK,MNKH26,M30,2025-12-22 07:00:00,1766386800,50560.0,50580.0,50560.0,50580.0,7,5,21,2025-12-21/2025-12-27,1640
481,-137,MNK,MNKH26,M30,2025-12-22 07:30:00,1766388600,50590.0,50625.0,50590.0,50610.0,6,5,7,2025-12-21/2025-12-27,1640
482,-136,MNK,MNKH26,M30,2025-12-22 08:00:00,1766390400,50590.0,50645.0,50590.0,50610.0,6,5,9,2025-12-21/2025-12-27,1640
483,-135,MNK,MNKH26,M30,2025-12-22 08:30:00,1766392200,50535.0,50565.0,50500.0,50500.0,6,5,10,2025-12-21/2025-12-27,1640
484,-134,MNK,MNKH26,M30,2025-12-22 09:00:00,1766394000,50540.0,50540.0,50540.0,50540.0,9,5,18,2025-12-21/2025-12-27,1640
485,-133,MNK,MNKH26,M30,2025-12-22 09:30:00,1766395800,50520.0,50520.0,50485.0,50485.0,4,5,9,2025-12-21/2025-12-27,1640
486,-132,MNK,MNKH26,M30,2025-12-22 10:00:00,1766397600,50500.0,50500.0,50500.0,50500.0,1,10,1,2025-12-21/2025-12-27,1640
487,-131,MNK,MNKH26,M30,2025-12-22 10:30:00,1766399400,50470.0,50470.0,50470.0,50470.0,2,5,2,2025-12-21/2025-12-27,1640
488,-130,MNK,MNKH26,M30,2025-12-22 12:00:00,1766404800,50450.0,50450.0,50450.0,50450.0,1,10,5,2025-12-21/2025-12-27,1640
489,-129,MNK,MNKH26,M30,2025-12-22 12:30:00,1766406600,50445.0,50445.0,50445.0,50445.0,2,10,2,2025-12-21/2025-12-27,1640
490,-128,MNK,MNKH26,M30,2025-12-22 13:00:00,1766408400,50450.0,50450.0,50350.0,50440.0,28,5,80,2025-12-21/2025-12-27,1640
491,-127,MNK,MNKH26,M30,2025-12-22 13:30:00,1766410200,50405.0,50405.0,50365.0,50405.0,13,10,23,2025-12-21/2025-12-27,1640
492,-126,MNK,MNKH26,M30,2025-12-22 14:00:00,1766412000,50430.0,50435.0,50395.0,50395.0,3,5,5,2025-12-21/2025-12-27,1640
493,-125,MNK,MNKH26,M30,2025-12-22 14:30:00,1766413800,50340.0,50375.0,50285.0,50375.0,15,5,24,2025-12-21/2025-12-27,1640
494,-124,MNK,MNKH26,M30,2025-12-22 15:00:00,1766415600,50350.0,50400.0,50340.0,50390.0,7,5,9,2025-12-21/2025-12-27,1640
495,-123,MNK,MNKH26,M30,2025-12-22 15:30:00,1766417400,50350.0,50380.0,50335.0,50380.0,4,5,7,2025-12-21/2025-12-27,1640
496,-122,MNK,MNKH26,M30,2025-12-22 16:00:00,1766419200,50390.0,50435.0,50385.0,50430.0,8,5,9,2025-12-21/2025-12-27,1640
497,-121,MNK,MNKH26,M30,2025-12-22 16:30:00,1766421000,50425.0,50430.0,50390.0,50390.0,10,5,18,2025-12-21/2025-12-27,1640
498,-120,MNK,MNKH26,M30,2025-12-22 17:00:00,1766422800,50400.0,50415.0,50400.0,50415.0,3,5,6,2025-12-21/2025-12-27,1640
499,-119,MNK,MNKH26,M30,2025-12-22 17:30:00,1766424600,50425.0,50425.0,50425.0,50425.0,1,10,2,2025-12-21/2025-12-27,1640
500,-118,MNK,MNKH26,M30,2025-12-22 19:00:00,1766430000,50380.0,50380.0,50380.0,50380.0,1,10,2,2025-12-21/2025-12-27,1640
501,-117,MNK,MNKH26,M30,2025-12-22 19:30:00,1766431800,50410.0,50420.0,50410.0,50420.0,2,5,3,2025-12-21/2025-12-27,1640
502,-116,MNK,MNKH26,M30,2025-12-22 20:00:00,1766433600,50430.0,50435.0,50430.0,50435.0,3,10,4,2025-12-21/2025-12-27,1640
503,-115,MNK,MNKH26,M30,2025-12-22 20:30:00,1766435400,50430.0,50455.0,50400.0,50435.0,12,5,14,2025-12-21/2025-12-27,1640
504,-114,MNK,MNKH26,M30,2025-12-22 21:00:00,1766437200,50445.0,50500.0,50440.0,50500.0,4,5,6,2025-12-21/2025-12-27,1640
505,-113,MNK,MNKH26,M30,2025-12-22 21:30:00,1766439000,50465.0,50465.0,50455.0,50455.0,2,5,3,2025-12-21/2025-12-27,1640
506,-112,MNK,MNKH26,M30,2025-12-22 23:00:00,1766444400,50450.0,50500.0,50450.0,50500.0,8,5,11,2025-12-21/2025-12-27,1640
507,-111,MNK,MNKH26,M30,2025-12-22 23:30:00,1766446200,50460.0,50545.0,50455.0,50545.0,8,5,9,2025-12-21/2025-12-27,1640
508,-110,MNK,MNKH26,M30,2025-12-23 00:00:00,1766448000,50600.0,50650.0,50565.0,50620.0,20,5,25,2025-12-21/2025-12-27,1640
509,-109,MNK,MNKH26,M30,2025-12-23 00:30:00,1766449800,50575.0,50590.0,50500.0,50525.0,10,5,15,2025-12-21/2025-12-27,1640
510,-108,MNK,MNKH26,M30,2025-12-23 01:00:00,1766451600,50535.0,50595.0,50535.0,50550.0,6,5,7,2025-12-21/2025-12-27,1640
511,-107,MNK,MNKH26,M30,2025-12-23 01:30:00,1766453400,50580.0,50650.0,50580.0,50635.0,12,5,16,2025-12-21/2025-12-27,1640
512,-106,MNK,MNKH26,M30,2025-12-23 02:00:00,1766455200,50615.0,50625.0,50595.0,50610.0,6,5,10,2025-12-21/2025-12-27,1640
513,-105,MNK,MNKH26,M30,2025-12-23 02:30:00,1766457000,50535.0,50535.0,50500.0,50525.0,9,5,21,2025-12-21/2025-12-27,1640
514,-104,MNK,MNKH26,M30,2025-12-23 03:30:00,1766460600,50565.0,50565.0,50565.0,50565.0,1,15,2,2025-12-21/2025-12-27,1640
515,-103,MNK,MNKH26,M30,2025-12-23 04:00:00,1766462400,50530.0,50530.0,50470.0,50520.0,5,5,8,2025-12-21/2025-12-27,1640
516,-102,MNK,MNKH26,M30,2025-12-23 04:30:00,1766464200,50495.0,50505.0,50405.0,50405.0,6,5,11,2025-12-21/2025-12-27,1640
517,-101,MNK,MNKH26,M30,2025-12-23 05:00:00,1766466000,50435.0,50500.0,50410.0,50500.0,5,5,7,2025-12-21/2025-12-27,1640
518,-100,MNK,MNKH26,M30,2025-12-23 05:30:00,1766467800,50535.0,50550.0,50535.0,50550.0,2,5,3,2025-12-21/2025-12-27,1640
519,-99,MNK,MNKH26,M30,2025-12-23 06:00:00,1766469600,50485.0,50515.0,50485.0,50515.0,2,5,4,2025-12-21/2025-12-27,1640
520,-98,MNK,MNKH26,M30,2025-12-23 06:30:00,1766471400,50530.0,50625.0,50530.0,50580.0,16,5,35,2025-12-21/2025-12-27,1640
521,-97,MNK,MNKH26,M30,2025-12-23 07:00:00,1766473200,50575.0,50575.0,50575.0,50575.0,1,15,1,2025-12-21/2025-12-27,1640
522,-96,MNK,MNKH26,M30,2025-12-23 07:30:00,1766475000,50580.0,50580.0,50580.0,50580.0,1,10,1,2025-12-21/2025-12-27,1640
523,-95,MNK,MNKH26,M30,2025-12-23 08:00:00,1766476800,50550.0,50620.0,50550.0,50620.0,5,10,13,2025-12-21/2025-12-27,1640
524,-94,MNK,MNKH26,M30,2025-12-23 08:30:00,1766478600,50600.0,50600.0,50565.0,50565.0,3,5,3,2025-12-21/2025-12-27,1640
525,-93,MNK,MNKH26,M30,2025-12-23 09:00:00,1766480400,50560.0,50560.0,50560.0,50560.0,1,10,5,2025-12-21/2025-12-27,1640
526,-92,MNK,MNKH26,M30,2025-12-23 09:30:00,1766482200,50595.0,50635.0,50595.0,50625.0,3,5,4,2025-12-21/2025-12-27,1640
527,-91,MNK,MNKH26,M30,2025-12-23 10:30:00,1766485800,50595.0,50595.0,50585.0,50585.0,3,10,5,2025-12-21/2025-12-27,1640
528,-90,MNK,MNKH26,M30,2025-12-23 11:00:00,1766487600,50610.0,50610.0,50610.0,50610.0,1,5,1,2025-12-21/2025-12-27,1640
529,-89,MNK,MNKH26,M30,2025-12-23 12:00:00,1766491200,50600.0,50600.0,50600.0,50600.0,3,5,4,2025-12-21/2025-12-27,1640
530,-88,MNK,MNKH26,M30,2025-12-23 12:30:00,1766493000,50600.0,50600.0,50600.0,50600.0,1,10,1,2025-12-21/2025-12-27,1640
531,-87,MNK,MNKH26,M30,2025-12-23 13:00:00,1766494800,50610.0,50625.0,50610.0,50625.0,2,5,3,2025-12-21/2025-12-27,1640
532,-86,MNK,MNKH26,M30,2025-12-23 13:30:00,1766496600,50670.0,50715.0,50655.0,50675.0,28,5,57,2025-12-21/2025-12-27,1640
533,-85,MNK,MNKH26,M30,2025-12-23 14:00:00,1766498400,50680.0,50715.0,50680.0,50685.0,5,5,5,2025-12-21/2025-12-27,1640
534,-84,MNK,MNKH26,M30,2025-12-23 14:30:00,1766500200,50715.0,50815.0,50715.0,50760.0,19,5,25,2025-12-21/2025-12-27,1640
535,-83,MNK,MNKH26,M30,2025-12-23 15:00:00,1766502000,50695.0,50695.0,50625.0,50630.0,18,5,21,2025-12-21/2025-12-27,1640
536,-82,MNK,MNKH26,M30,2025-12-23 16:00:00,1766505600,50655.0,50660.0,50655.0,50660.0,2,5,2,2025-12-21/2025-12-27,1640
537,-81,MNK,MNKH26,M30,2025-12-23 16:30:00,1766507400,50605.0,50610.0,50600.0,50610.0,5,5,6,2025-12-21/2025-12-27,1640
538,-80,MNK,MNKH26,M30,2025-12-23 17:00:00,1766509200,50580.0,50580.0,50575.0,50575.0,2,10,2,2025-12-21/2025-12-27,1640
539,-79,MNK,MNKH26,M30,2025-12-23 17:30:00,1766511000,50565.0,50565.0,50565.0,50565.0,1,10,1,2025-12-21/2025-12-27,1640
540,-78,MNK,MNKH26,M30,2025-12-23 18:00:00,1766512800,50590.0,50590.0,50590.0,50590.0,1,10,1,2025-12-21/2025-12-27,1640
541,-77,MNK,MNKH26,M30,2025-12-23 19:00:00,1766516400,50635.0,50665.0,50635.0,50665.0,2,10,4,2025-12-21/2025-12-27,1640
542,-76,MNK,MNKH26,M30,2025-12-23 19:30:00,1766518200,50655.0,50655.0,50655.0,50655.0,3,5,4,2025-12-21/2025-12-27,1640
543,-75,MNK,MNKH26,M30,2025-12-23 20:00:00,1766520000,50635.0,50655.0,50635.0,50655.0,5,5,5,2025-12-21/2025-12-27,1640
544,-74,MNK,MNKH26,M30,2025-12-23 20:30:00,1766521800,50625.0,50710.0,50625.0,50685.0,38,5,40,2025-12-21/2025-12-27,1640
545,-73,MNK,MNKH26,M30,2025-12-23 21:30:00,1766525400,50690.0,50690.0,50615.0,50615.0,7,5,7,2025-12-21/2025-12-27,1640
546,-72,MNK,MNKH26,M30,2025-12-23 23:00:00,1766530800,50540.0,50690.0,50315.0,50630.0,13,5,13,2025-12-21/2025-12-27,1640
547,-71,MNK,MNKH26,M30,2025-12-23 23:30:00,1766532600,50595.0,50695.0,50590.0,50665.0,15,5,19,2025-12-21/2025-12-27,1640
548,-70,MNK,MNKH26,M30,2025-12-24 00:00:00,1766534400,50625.0,50700.0,50605.0,50665.0,17,5,25,2025-12-21/2025-12-27,1640
549,-69,MNK,MNKH26,M30,2025-12-24 00:30:00,1766536200,50620.0,50695.0,50620.0,50695.0,10,5,12,2025-12-21/2025-12-27,1640
550,-68,MNK,MNKH26,M30,2025-12-24 01:00:00,1766538000,50715.0,50765.0,50715.0,50765.0,6,5,7,2025-12-21/2025-12-27,1640
551,-67,MNK,MNKH26,M30,2025-12-24 01:30:00,1766539800,50765.0,50765.0,50685.0,50695.0,15,5,25,2025-12-21/2025-12-27,1640
552,-66,MNK,MNKH26,M30,2025-12-24 02:00:00,1766541600,50705.0,50705.0,50685.0,50685.0,4,5,4,2025-12-21/2025-12-27,1640
553,-65,MNK,MNKH26,M30,2025-12-24 02:30:00,1766543400,50625.0,50635.0,50610.0,50635.0,4,5,4,2025-12-21/2025-12-27,1640
554,-64,MNK,MNKH26,M30,2025-12-24 03:00:00,1766545200,50580.0,50580.0,50565.0,50565.0,2,5,3,2025-12-21/2025-12-27,1640
555,-63,MNK,MNKH26,M30,2025-12-24 03:30:00,1766547000,50610.0,50610.0,50575.0,50605.0,6,5,7,2025-12-21/2025-12-27,1640
556,-62,MNK,MNKH26,M30,2025-12-24 04:00:00,1766548800,50565.0,50565.0,50550.0,50550.0,3,5,4,2025-12-21/2025-12-27,1640
557,-61,MNK,MNKH26,M30,2025-12-24 04:30:00,1766550600,50520.0,50525.0,50515.0,50525.0,4,5,4,2025-12-21/2025-12-27,1640
558,-60,MNK,MNKH26,M30,2025-12-24 05:00:00,1766552400,50485.0,50505.0,50465.0,50505.0,7,5,7,2025-12-21/2025-12-27,1640
559,-59,MNK,MNKH26,M30,2025-12-24 05:30:00,1766554200,50515.0,50515.0,50515.0,50515.0,1,15,1,2025-12-21/2025-12-27,1640
560,-58,MNK,MNKH26,M30,2025-12-24 06:00:00,1766556000,50505.0,50505.0,50505.0,50505.0,5,10,6,2025-12-21/2025-12-27,1640
561,-57,MNK,MNKH26,M30,2025-12-24 06:30:00,1766557800,50475.0,50475.0,50460.0,50460.0,3,5,4,2025-12-21/2025-12-27,1640
562,-56,MNK,MNKH26,M30,2025-12-24 07:00:00,1766559600,50450.0,50455.0,50380.0,50390.0,12,5,21,2025-12-21/2025-12-27,1640
563,-55,MNK,MNKH26,M30,2025-12-24 07:30:00,1766561400,50410.0,50410.0,50410.0,50410.0,2,5,2,2025-12-21/2025-12-27,1640
564,-54,MNK,MNKH26,M30,2025-12-24 08:00:00,1766563200,50395.0,50460.0,50395.0,50460.0,7,5,9,2025-12-21/2025-12-27,1640
565,-53,MNK,MNKH26,M30,2025-12-24 08:30:00,1766565000,50425.0,50455.0,50425.0,50455.0,3,5,4,2025-12-21/2025-12-27,1640
566,-52,MNK,MNKH26,M30,2025-12-24 09:00:00,1766566800,50425.0,50475.0,50425.0,50475.0,4,5,6,2025-12-21/2025-12-27,1640
567,-51,MNK,MNKH26,M30,2025-12-24 13:00:00,1766581200,50505.0,50505.0,50500.0,50500.0,3,5,7,2025-12-21/2025-12-27,1640
568,-50,MNK,MNKH26,M30,2025-12-24 13:30:00,1766583000,50520.0,50520.0,50520.0,50520.0,2,5,2,2025-12-21/2025-12-27,1640
569,-49,MNK,MNKH26,M30,2025-12-24 14:00:00,1766584800,50525.0,50525.0,50490.0,50490.0,2,10,2,2025-12-21/2025-12-27,1640
570,-48,MNK,MNKH26,M30,2025-12-24 14:30:00,1766586600,50475.0,50475.0,50430.0,50430.0,5,5,7,2025-12-21/2025-12-27,1640
571,-47,MNK,MNKH26,M30,2025-12-24 15:00:00,1766588400,50425.0,50430.0,50425.0,50430.0,2,5,2,2025-12-21/2025-12-27,1640
572,-46,MNK,MNKH26,M30,2025-12-24 15:30:00,1766590200,50505.0,50505.0,50505.0,50505.0,2,5,2,2025-12-21/2025-12-27,1640
573,-45,MNK,MNKH26,M30,2025-12-24 16:00:00,1766592000,50535.0,50545.0,50535.0,50545.0,2,5,3,2025-12-21/2025-12-27,1640
574,-44,MNK,MNKH26,M30,2025-12-24 16:30:00,1766593800,50560.0,50560.0,50555.0,50555.0,2,5,2,2025-12-21/2025-12-27,1640
575,-43,MNK,MNKH26,M30,2025-12-24 17:00:00,1766595600,50590.0,50590.0,50585.0,50585.0,4,5,4,2025-12-21/2025-12-27,1640
576,-42,MNK,MNKH26,M30,2025-12-24 17:30:00,1766597400,50600.0,50600.0,50555.0,50555.0,6,5,8,2025-12-21/2025-12-27,1640
577,-41,MNK,MNKH26,M30,2025-12-25 23:00:00,1766703600,50555.0,50670.0,50555.0,50670.0,9,5,10,2025-12-21/2025-12-27,1640
578,-40,MNK,MNKH26,M30,2025-12-25 23:30:00,1766705400,50630.0,50645.0,50560.0,50645.0,10,5,13,2025-12-21/2025-12-27,1640
579,-39,MNK,MNKH26,M30,2025-12-26 00:00:00,1766707200,50660.0,50930.0,50660.0,50930.0,38,5,59,2025-12-21/2025-12-27,1640
580,-38,MNK,MNKH26,M30,2025-12-26 00:30:00,1766709000,50890.0,51025.0,50880.0,50940.0,33,5,40,2025-12-21/2025-12-27,1640
581,-37,MNK,MNKH26,M30,2025-12-26 01:00:00,1766710800,50900.0,51005.0,50900.0,50955.0,19,5,20,2025-12-21/2025-12-27,1640
582,-36,MNK,MNKH26,M30,2025-12-26 01:30:00,1766712600,51015.0,51025.0,50995.0,50995.0,7,10,10,2025-12-21/2025-12-27,1640
583,-35,MNK,MNKH26,M30,2025-12-26 02:00:00,1766714400,51025.0,51055.0,51025.0,51045.0,7,5,8,2025-12-21/2025-12-27,1640
584,-34,MNK,MNKH26,M30,2025-12-26 02:30:00,1766716200,51020.0,51020.0,51005.0,51005.0,3,10,5,2025-12-21/2025-12-27,1640
585,-33,MNK,MNKH26,M30,2025-12-26 03:00:00,1766718000,50990.0,51000.0,50990.0,50990.0,5,5,7,2025-12-21/2025-12-27,1640
586,-32,MNK,MNKH26,M30,2025-12-26 03:30:00,1766719800,51015.0,51075.0,50985.0,50985.0,22,5,33,2025-12-21/2025-12-27,1640
587,-31,MNK,MNKH26,M30,2025-12-26 04:00:00,1766721600,50950.0,50980.0,50950.0,50980.0,2,5,4,2025-12-21/2025-12-27,1640
588,-30,MNK,MNKH26,M30,2025-12-26 04:30:00,1766723400,50970.0,50970.0,50970.0,50970.0,1,10,2,2025-12-21/2025-12-27,1640
589,-29,MNK,MNKH26,M30,2025-12-26 05:00:00,1766725200,50925.0,50925.0,50850.0,50860.0,30,5,32,2025-12-21/2025-12-27,1640
590,-28,MNK,MNKH26,M30,2025-12-26 05:30:00,1766727000,50865.0,50865.0,50800.0,50805.0,31,5,31,2025-12-21/2025-12-27,1640
591,-27,MNK,MNKH26,M30,2025-12-26 06:00:00,1766728800,50820.0,50840.0,50745.0,50840.0,23,5,29,2025-12-21/2025-12-27,1640
592,-26,MNK,MNKH26,M30,2025-12-26 06:30:00,1766730600,50860.0,50870.0,50815.0,50815.0,12,5,16,2025-12-21/2025-12-27,1640
593,-25,MNK,MNKH26,M30,2025-12-26 07:00:00,1766732400,50815.0,50830.0,50815.0,50815.0,5,5,8,2025-12-21/2025-12-27,1640
594,-24,MNK,MNKH26,M30,2025-12-26 07:30:00,1766734200,50845.0,50845.0,50815.0,50815.0,2,5,2,2025-12-21/2025-12-27,1640
595,-23,MNK,MNKH26,M30,2025-12-26 08:00:00,1766736000,50770.0,50770.0,50770.0,50770.0,1,15,2,2025-12-21/2025-12-27,1640
596,-22,MNK,MNKH26,M30,2025-12-26 08:30:00,1766737800,50800.0,50800.0,50790.0,50800.0,3,5,3,2025-12-21/2025-12-27,1640
597,-21,MNK,MNKH26,M30,2025-12-26 09:00:00,1766739600,50830.0,50850.0,50830.0,50830.0,5,5,6,2025-12-21/2025-12-27,1640
598,-20,MNK,MNKH26,M30,2025-12-26 09:30:00,1766741400,50825.0,50845.0,50825.0,50845.0,3,10,3,2025-12-21/2025-12-27,1640
599,-19,MNK,MNKH26,M30,2025-12-26 10:00:00,1766743200,50840.0,50850.0,50840.0,50850.0,3,5,3,2025-12-21/2025-12-27,1640
600,-18,MNK,MNKH26,M30,2025-12-26 10:30:00,1766745000,50825.0,50825.0,50825.0,50825.0,3,5,4,2025-12-21/2025-12-27,1640
601,-17,MNK,MNKH26,M30,2025-12-26 11:00:00,1766746800,50810.0,50810.0,50810.0,50810.0,1,10,2,2025-12-21/2025-12-27,1640
602,-16,MNK,MNKH26,M30,2025-12-26 12:00:00,1766750400,50785.0,50785.0,50785.0,50785.0,1,5,1,2025-12-21/2025-12-27,1640
603,-15,MNK,MNKH26,M30,2025-12-26 12:30:00,1766752200,50745.0,50745.0,50745.0,50745.0,1,5,1,2025-12-21/2025-12-27,1640
604,-14,MNK,MNKH26,M30,2025-12-26 13:00:00,1766754000,50740.0,50755.0,50740.0,50750.0,3,5,4,2025-12-21/2025-12-27,1640
605,-13,MNK,MNKH26,M30,2025-12-26 13:30:00,1766755800,50710.0,50710.0,50710.0,50710.0,2,10,2,2025-12-21/2025-12-27,1640
606,-12,MNK,MNKH26,M30,2025-12-26 14:00:00,1766757600,50770.0,50770.0,50770.0,50770.0,1,10,2,2025-12-21/2025-12-27,1640
607,-11,MNK,MNKH26,M30,2025-12-26 14:30:00,1766759400,50715.0,50725.0,50625.0,50625.0,10,5,12,2025-12-21/2025-12-27,1640
608,-10,MNK,MNKH26,M30,2025-12-26 15:00:00,1766761200,50600.0,50630.0,50525.0,50630.0,11,5,12,2025-12-21/2025-12-27,1640
609,-9,MNK,MNKH26,M30,2025-12-26 15:30:00,1766763000,50685.0,50740.0,50670.0,50740.0,6,5,9,2025-12-21/2025-12-27,1640
610,-8,MNK,MNKH26,M30,2025-12-26 16:00:00,1766764800,50695.0,50725.0,50695.0,50725.0,2,5,4,2025-12-21/2025-12-27,1640
611,-7,MNK,MNKH26,M30,2025-12-26 17:00:00,1766768400,50730.0,50760.0,50725.0,50760.0,4,5,6,2025-12-21/2025-12-27,1640
612,-6,MNK,MNKH26,M30,2025-12-26 17:30:00,1766770200,50785.0,50785.0,50775.0,50775.0,3,5,3,2025-12-21/2025-12-27,1640
613,-5,MNK,MNKH26,M30,2025-12-26 18:00:00,1766772000,50775.0,50775.0,50715.0,50715.0,3,5,4,2025-12-21/2025-12-27,1640
614,-4,MNK,MNKH26,M30,2025-12-26 18:30:00,1766773800,50715.0,50715.0,50715.0,50715.0,2,10,2,2025-12-21/2025-12-27,1640
615,-3,MNK,MNKH26,M30,2025-12-26 20:00:00,1766779200,50715.0,50715.0,50715.0,50715.0,2,5,2,2025-12-21/2025-12-27,1640
616,-2,MNK,MNKH26,M30,2025-12-26 20:30:00,1766781000,50775.0,50805.0,50765.0,50805.0,4,5,5,2025-12-21/2025-12-27,1640
617,-1,MNK,MNKH26,M30,2025-12-26 21:00:00,1766782800,50820.0,50820.0,50820.0,50820.0,1,100,1,2025-12-21/2025-12-27,1640
618,0,MNK,MNKH26,M30,2025-12-26 21:30:00,1766784600,50910.0,50910.0,50910.0,50910.0,1,100,1,2025-12-21/2025-12-27,1640
