a,z,ticker,symbol,tf,datetime,time,open,high,low,close,tick_volume,spread,real_volume,dateweek,week_volume
1,-115,YM,YMZ6,D1,2016-08-02,1470096000,18251.0,18258.0,18106.0,18149.0,83,0,64,2016-07-31/2016-08-06,252
2,-114,YM,YMZ6,D1,2016-08-03,1470182400,18149.0,18186.0,18118.0,18164.0,25,0,25,2016-07-31/2016-08-06,252
3,-113,YM,YMZ6,D1,2016-08-04,1470268800,18177.0,18241.0,18165.0,18176.0,51,0,63,2016-07-31/2016-08-06,252
4,-112,YM,YMZ6,D1,2016-08-05,1470355200,18195.0,18373.0,18195.0,18360.0,115,0,100,2016-07-31/2016-08-06,252
5,-111,YM,YMZ6,D1,2016-08-07,1470528000,18380.0,18380.0,18380.0,18380.0,1,0,1,2016-08-07/2016-08-13,380
2,-177,YM,YMH7,D1,2016-08-08,1470614400,18300.0,18310.0,18300.0,18310.0,2,0,2,2016-08-07/2016-08-13,32807
3,-176,YM,YMH7,D1,2016-08-09,1470700800,18340.0,18340.0,18331.0,18331.0,2,0,11,2016-08-07/2016-08-13,32807
4,-175,YM,YMH7,D1,2016-08-10,1470787200,18290.0,18329.0,18290.0,18329.0,2,0,11,2016-08-07/2016-08-13,32807
5,-174,YM,YMH7,D1,2016-08-11,1470873600,18325.0,18413.0,18325.0,18413.0,6,0,20,2016-08-07/2016-08-13,32807
6,-173,YM,YMH7,D1,2016-08-12,1470960000,18359.0,18359.0,18359.0,18359.0,1,0,32763,2016-08-07/2016-08-13,32807
11,-105,YM,YMZ6,D1,2016-08-15,1471219200,18455.0,18535.0,18455.0,18501.0,100,0,98,2016-08-14/2016-08-20,535
12,-104,YM,YMZ6,D1,2016-08-16,1471305600,18475.0,18485.0,18420.0,18422.0,52,0,75,2016-08-14/2016-08-20,535
13,-103,YM,YMZ6,D1,2016-08-17,1471392000,18465.0,18465.0,18354.0,18444.0,124,0,115,2016-08-14/2016-08-20,535
14,-102,YM,YMZ6,D1,2016-08-18,1471478400,18463.0,18487.0,18411.0,18475.0,58,0,49,2016-08-14/2016-08-20,535
15,-101,YM,YMZ6,D1,2016-08-19,1471564800,18475.0,18480.0,18385.0,18441.0,142,0,198,2016-08-14/2016-08-20,535
16,-100,YM,YMZ6,D1,2016-08-21,1471737600,18450.0,18455.0,18450.0,18455.0,3,0,3,2016-08-21/2016-08-27,839
17,-99,YM,YMZ6,D1,2016-08-22,1471824000,18432.0,18470.0,18357.0,18429.0,156,0,93,2016-08-21/2016-08-27,839
18,-98,YM,YMZ6,D1,2016-08-23,1471910400,18420.0,18520.0,18420.0,18438.0,95,0,117,2016-08-21/2016-08-27,839
19,-97,YM,YMZ6,D1,2016-08-24,1471996800,18450.0,18454.0,18343.0,18386.0,68,0,124,2016-08-21/2016-08-27,839
20,-96,YM,YMZ6,D1,2016-08-25,1472083200,18371.0,18392.0,18326.0,18361.0,128,0,131,2016-08-21/2016-08-27,839
21,-95,YM,YMZ6,D1,2016-08-26,1472169600,18365.0,18460.0,18226.0,18292.0,594,0,371,2016-08-21/2016-08-27,839
22,-94,YM,YMZ6,D1,2016-08-28,1472342400,18275.0,18288.0,18266.0,18288.0,38,0,22,2016-08-28/2016-09-03,1648
14,-165,YM,YMH7,D1,2016-08-29,1472428800,18209.0,18340.0,18209.0,18335.0,4,0,18181,2016-08-28/2016-09-03,18212
24,-92,YM,YMZ6,D1,2016-08-30,1472515200,18407.0,18427.0,18318.0,18353.0,110,0,115,2016-08-28/2016-09-03,1648
15,-164,YM,YMH7,D1,2016-08-31,1472601600,18273.0,18273.0,18180.0,18236.0,3,0,3,2016-08-28/2016-09-03,18212
16,-163,YM,YMH7,D1,2016-09-01,1472688000,18270.0,18270.0,18218.0,18260.0,5,0,5,2016-08-28/2016-09-03,18212
17,-162,YM,YMH7,D1,2016-09-02,1472774400,18258.0,18338.0,18214.0,18284.0,93,0,23,2016-08-28/2016-09-03,18212
28,-88,YM,YMZ6,D1,2016-09-05,1473033600,18419.0,18429.0,18381.0,18399.0,111,0,259,2016-09-04/2016-09-10,200377
29,-87,YM,YMZ6,D1,2016-09-06,1473120000,18399.0,18456.0,18351.0,18434.0,829,0,963,2016-09-04/2016-09-10,200377
30,-86,YM,YMZ6,D1,2016-09-07,1473206400,18435.0,18450.0,18387.0,18433.0,2215,0,3780,2016-09-04/2016-09-10,200377
31,-85,YM,YMZ6,D1,2016-09-08,1473292800,18436.0,18468.0,18350.0,18380.0,4465,0,10871,2016-09-04/2016-09-10,200377
32,-84,YM,YMZ6,D1,2016-09-09,1473379200,18379.0,18382.0,17943.0,17953.0,10789,0,184504,2016-09-04/2016-09-10,200377
33,-83,YM,YMZ6,D1,2016-09-11,1473552000,17967.0,17967.0,17903.0,17941.0,902,0,6236,2016-09-11/2016-09-17,1089252
34,-82,YM,YMZ6,D1,2016-09-12,1473638400,17938.0,18278.0,17822.0,18222.0,15086,0,275875,2016-09-11/2016-09-17,1089252
35,-81,YM,YMZ6,D1,2016-09-13,1473724800,18223.0,18225.0,17948.0,18012.0,15126,0,257796,2016-09-11/2016-09-17,1089252
36,-80,YM,YMZ6,D1,2016-09-14,1473811200,18013.0,18085.0,17906.0,17960.0,13057,0,192711,2016-09-11/2016-09-17,1089252
37,-79,YM,YMZ6,D1,2016-09-15,1473897600,17956.0,18168.0,17882.0,18085.0,12417,0,210203,2016-09-11/2016-09-17,1089252
38,-78,YM,YMZ6,D1,2016-09-16,1473984000,18078.0,18105.0,17982.0,18059.0,10897,0,146431,2016-09-11/2016-09-17,1089252
39,-77,YM,YMZ6,D1,2016-09-18,1474156800,18048.0,18122.0,18036.0,18100.0,656,0,2685,2016-09-18/2016-09-24,656934
40,-76,YM,YMZ6,D1,2016-09-19,1474243200,18101.0,18171.0,18004.0,18039.0,9290,0,121097,2016-09-18/2016-09-24,656934
41,-75,YM,YMZ6,D1,2016-09-20,1474329600,18040.0,18145.0,18031.0,18050.0,9840,0,112211,2016-09-18/2016-09-24,656934
42,-74,YM,YMZ6,D1,2016-09-21,1474416000,18053.0,18225.0,18011.0,18206.0,12345,0,188797,2016-09-18/2016-09-24,656934
43,-73,YM,YMZ6,D1,2016-09-22,1474502400,18207.0,18366.0,18193.0,18293.0,8234,0,128291,2016-09-18/2016-09-24,656934
44,-72,YM,YMZ6,D1,2016-09-23,1474588800,18295.0,18309.0,18165.0,18184.0,7777,0,103853,2016-09-18/2016-09-24,656934
45,-71,YM,YMZ6,D1,2016-09-25,1474761600,18168.0,18203.0,18166.0,18195.0,321,0,1166,2016-09-25/2016-10-01,789013
46,-70,YM,YMZ6,D1,2016-09-26,1474848000,18195.0,18203.0,17993.0,18010.0,9695,0,126878,2016-09-25/2016-10-01,789013
47,-69,YM,YMZ6,D1,2016-09-27,1474934400,18006.0,18152.0,17959.0,18132.0,11848,0,153663,2016-09-25/2016-10-01,789013
48,-68,YM,YMZ6,D1,2016-09-28,1475020800,18131.0,18260.0,18090.0,18249.0,10808,0,148314,2016-09-25/2016-10-01,789013
49,-67,YM,YMZ6,D1,2016-09-29,1475107200,18250.0,18279.0,17999.0,18070.0,13012,0,195078,2016-09-25/2016-10-01,789013
50,-66,YM,YMZ6,D1,2016-09-30,1475193600,18064.0,18283.0,17989.0,18193.0,12294,0,163914,2016-09-25/2016-10-01,789013
51,-65,YM,YMZ6,D1,2016-10-02,1475366400,18212.0,18237.0,18203.0,18234.0,516,0,2539,2016-10-02/2016-10-08,786876
52,-64,YM,YMZ6,D1,2016-10-03,1475452800,18228.0,18253.0,18108.0,18170.0,9790,0,119137,2016-10-02/2016-10-08,786876
53,-63,YM,YMZ6,D1,2016-10-04,1475539200,18167.0,18229.0,18022.0,18076.0,12303,0,207951,2016-10-02/2016-10-08,786876
54,-62,YM,YMZ6,D1,2016-10-05,1475625600,18068.0,18234.0,18054.0,18200.0,9471,0,136956,2016-10-02/2016-10-08,786876
55,-61,YM,YMZ6,D1,2016-10-06,1475712000,18200.0,18223.0,18076.0,18164.0,9077,0,131219,2016-10-02/2016-10-08,786876
56,-60,YM,YMZ6,D1,2016-10-07,1475798400,18166.0,18251.0,18061.0,18152.0,12163,0,189074,2016-10-02/2016-10-08,786876
57,-59,YM,YMZ6,D1,2016-10-09,1475971200,18209.0,18214.0,18182.0,18189.0,570,0,2356,2016-10-09/2016-10-15,799064
58,-58,YM,YMZ6,D1,2016-10-10,1476057600,18188.0,18320.0,18171.0,18270.0,7910,0,104690,2016-10-09/2016-10-15,799064
59,-57,YM,YMZ6,D1,2016-10-11,1476144000,18267.0,18273.0,17968.0,18074.0,11459,0,192372,2016-10-09/2016-10-15,799064
60,-56,YM,YMZ6,D1,2016-10-12,1476230400,18075.0,18121.0,17991.0,18035.0,11550,0,146590,2016-10-09/2016-10-15,799064
61,-55,YM,YMZ6,D1,2016-10-13,1476316800,18041.0,18050.0,17868.0,18007.0,13249,0,183937,2016-10-09/2016-10-15,799064
62,-54,YM,YMZ6,D1,2016-10-14,1476403200,18011.0,18177.0,17988.0,18052.0,11657,0,169119,2016-10-09/2016-10-15,799064
63,-53,YM,YMZ6,D1,2016-10-16,1476576000,18068.0,18082.0,17997.0,18031.0,955,0,4250,2016-10-16/2016-10-22,665900
64,-52,YM,YMZ6,D1,2016-10-17,1476662400,18039.0,18079.0,17973.0,18013.0,11579,0,135335,2016-10-16/2016-10-22,665900
65,-51,YM,YMZ6,D1,2016-10-18,1476748800,18015.0,18143.0,18009.0,18070.0,8968,0,119343,2016-10-16/2016-10-22,665900
66,-50,YM,YMZ6,D1,2016-10-19,1476835200,18066.0,18169.0,18031.0,18138.0,7522,0,108345,2016-10-16/2016-10-22,665900
67,-49,YM,YMZ6,D1,2016-10-20,1476921600,18136.0,18178.0,18047.0,18107.0,9702,0,156318,2016-10-16/2016-10-22,665900
68,-48,YM,YMZ6,D1,2016-10-21,1477008000,18106.0,18109.0,17965.0,18072.0,8696,0,142309,2016-10-16/2016-10-22,665900
69,-47,YM,YMZ6,D1,2016-10-23,1477180800,18084.0,18106.0,18073.0,18087.0,527,0,2084,2016-10-23/2016-10-29,879217
70,-46,YM,YMZ6,D1,2016-10-24,1477267200,18086.0,18197.0,18061.0,18139.0,7476,0,110377,2016-10-23/2016-10-29,879217
71,-45,YM,YMZ6,D1,2016-10-25,1477353600,18144.0,18173.0,18057.0,18070.0,7866,0,125483,2016-10-23/2016-10-29,879217
72,-44,YM,YMZ6,D1,2016-10-26,1477440000,18068.0,18156.0,17975.0,18128.0,9900,0,181840,2016-10-23/2016-10-29,879217
73,-43,YM,YMZ6,D1,2016-10-27,1477526400,18122.0,18183.0,18065.0,18113.0,10874,0,181474,2016-10-23/2016-10-29,879217
74,-42,YM,YMZ6,D1,2016-10-28,1477612800,18114.0,18173.0,18010.0,18094.0,12559,0,277959,2016-10-23/2016-10-29,879217
75,-41,YM,YMZ6,D1,2016-10-30,1477785600,18094.0,18094.0,18032.0,18071.0,18442,0,89796,2016-10-30/2016-11-05,74079392
76,-40,YM,YMZ6,D1,2016-10-31,1477872000,18071.0,18147.0,18047.0,18076.0,1046062,0,10649489,2016-10-30/2016-11-05,74079392
77,-39,YM,YMZ6,D1,2016-11-01,1477958400,18076.0,18126.0,17856.0,17928.0,1796006,0,18934243,2016-10-30/2016-11-05,74079392
78,-38,YM,YMZ6,D1,2016-11-02,1478044800,17928.0,17960.0,17825.0,17895.0,1901525,0,16272940,2016-10-30/2016-11-05,74079392
79,-37,YM,YMZ6,D1,2016-11-03,1478131200,17895.0,17935.0,17821.0,17858.0,1450660,0,13043136,2016-10-30/2016-11-05,74079392
80,-36,YM,YMZ6,D1,2016-11-04,1478217600,17858.0,17901.0,17799.0,17814.0,1602770,0,15089788,2016-10-30/2016-11-05,74079392
81,-35,YM,YMZ6,D1,2016-11-06,1478390400,17814.0,18049.0,17814.0,18006.0,36757,0,235973,2016-11-06/2016-11-12,78892416
82,-34,YM,YMZ6,D1,2016-11-07,1478476800,18006.0,18209.0,17983.0,18175.0,1178202,0,14300480,2016-11-06/2016-11-12,78892416
83,-33,YM,YMZ6,D1,2016-11-08,1478563200,18175.0,18348.0,18129.0,18329.0,1507506,0,14062041,2016-11-06/2016-11-12,78892416
84,-32,YM,YMZ6,D1,2016-11-09,1478649600,18329.0,18590.0,17418.0,18507.0,3918397,0,17123338,2016-11-06/2016-11-12,78892416
85,-31,YM,YMZ6,D1,2016-11-10,1478736000,18507.0,18821.0,18492.0,18778.0,3074797,0,19704220,2016-11-06/2016-11-12,78892416
86,-30,YM,YMZ6,D1,2016-11-11,1478822400,18778.0,18833.0,18682.0,18784.0,1926769,0,13466364,2016-11-06/2016-11-12,78892416
87,-29,YM,YMZ6,D1,2016-11-13,1478995200,18806.0,18854.0,18798.0,18842.0,11367,0,53274,2016-11-13/2016-11-19,62007702
88,-28,YM,YMZ6,D1,2016-11-14,1479081600,18842.0,18918.0,18762.0,18821.0,1639088,0,12611720,2016-11-13/2016-11-19,62007702
89,-27,YM,YMZ6,D1,2016-11-15,1479168000,18821.0,18885.0,18756.0,18870.0,1467426,0,12744914,2016-11-13/2016-11-19,62007702
90,-26,YM,YMZ6,D1,2016-11-16,1479254400,18871.0,18914.0,18793.0,18834.0,1305047,0,12036380,2016-11-13/2016-11-19,62007702
91,-25,YM,YMZ6,D1,2016-11-17,1479340800,18834.0,18876.0,18812.0,18856.0,1306475,0,12496974,2016-11-13/2016-11-19,62007702
92,-24,YM,YMZ6,D1,2016-11-18,1479427200,18856.0,18889.0,18823.0,18847.0,1112019,0,12064440,2016-11-13/2016-11-19,62007702
93,-23,YM,YMZ6,D1,2016-11-20,1479600000,18852.0,18860.0,18844.0,18857.0,5769,0,34111,2016-11-20/2016-11-26,44809707
94,-22,YM,YMZ6,D1,2016-11-21,1479686400,18857.0,18929.0,18834.0,18922.0,916254,0,10854934,2016-11-20/2016-11-26,44809707
95,-21,YM,YMZ6,D1,2016-11-22,1479772800,18922.0,19012.0,18922.0,18992.0,1048353,0,12806001,2016-11-20/2016-11-26,44809707
96,-20,YM,YMZ6,D1,2016-11-23,1479859200,18992.0,19067.0,18975.0,19047.0,1065645,0,12841993,2016-11-20/2016-11-26,44809707
97,-19,YM,YMZ6,D1,2016-11-24,1479945600,19046.0,19119.0,19032.0,19115.0,228659,0,2025777,2016-11-20/2016-11-26,44809707
98,-18,YM,YMZ6,D1,2016-11-25,1480032000,19108.0,19148.0,19090.0,19147.0,532754,0,6246891,2016-11-20/2016-11-26,44809707
99,-17,YM,YMZ6,D1,2016-11-27,1480204800,19125.0,19126.0,19103.0,19106.0,8706,0,46200,2016-11-27/2016-12-03,15863744
100,-16,YM,YMZ6,D1,2016-11-28,1480291200,19106.0,19114.0,19042.0,19072.0,1102879,0,13491874,2016-11-27/2016-12-03,15863744
101,-15,YM,YMZ6,D1,2016-11-29,1480377600,19073.0,19132.0,19059.0,19116.0,239465,0,1844285,2016-11-27/2016-12-03,15863744
102,-14,YM,YMZ6,D1,2016-11-30,1480464000,19117.0,19215.0,19100.0,19145.0,116823,0,161778,2016-11-27/2016-12-03,15863744
103,-13,YM,YMZ6,D1,2016-12-01,1480550400,19145.0,19205.0,19113.0,19180.0,133447,0,184749,2016-11-27/2016-12-03,15863744
104,-12,YM,YMZ6,D1,2016-12-02,1480636800,19180.0,19193.0,19133.0,19150.0,97376,0,134858,2016-11-27/2016-12-03,15863744
105,-11,YM,YMZ6,D1,2016-12-04,1480809600,19110.0,19133.0,19083.0,19119.0,3730,0,5675,2016-12-04/2016-12-10,612842
106,-10,YM,YMZ6,D1,2016-12-05,1480896000,19121.0,19276.0,19111.0,19209.0,103585,0,136872,2016-12-04/2016-12-10,612842
107,-9,YM,YMZ6,D1,2016-12-06,1480982400,19209.0,19245.0,19176.0,19236.0,76016,0,101421,2016-12-04/2016-12-10,612842
108,-8,YM,YMZ6,D1,2016-12-07,1481068800,19236.0,19558.0,19218.0,19516.0,120446,0,162889,2016-12-04/2016-12-10,612842
109,-7,YM,YMZ6,D1,2016-12-08,1481155200,19517.0,19665.0,19494.0,19616.0,123542,0,165806,2016-12-04/2016-12-10,612842
110,-6,YM,YMZ6,D1,2016-12-09,1481241600,19616.0,19783.0,19611.0,19781.0,28720,0,40179,2016-12-04/2016-12-10,612842
96,-83,YM,YMH7,D1,2016-12-11,1481414400,19708.0,19809.0,19707.0,19772.0,3920,0,5163,2016-12-11/2016-12-17,747693
97,-82,YM,YMH7,D1,2016-12-12,1481500800,19771.0,19779.0,19686.0,19724.0,85417,0,112102,2016-12-11/2016-12-17,747693
98,-81,YM,YMH7,D1,2016-12-13,1481587200,19727.0,19900.0,19721.0,19855.0,95952,0,122631,2016-12-11/2016-12-17,747693
99,-80,YM,YMH7,D1,2016-12-14,1481673600,19855.0,19911.0,19690.0,19777.0,154495,0,199354,2016-12-11/2016-12-17,747693
100,-79,YM,YMH7,D1,2016-12-15,1481760000,19777.0,19895.0,19751.0,19824.0,137458,0,182293,2016-12-11/2016-12-17,747693
101,-78,YM,YMH7,D1,2016-12-16,1481846400,19825.0,19863.0,19763.0,19795.0,93944,0,126150,2016-12-11/2016-12-17,747693
102,-77,YM,YMH7,D1,2016-12-18,1482019200,19800.0,19827.0,19796.0,19821.0,1334,0,1708,2016-12-18/2016-12-24,345680
103,-76,YM,YMH7,D1,2016-12-19,1482105600,19821.0,19860.0,19792.0,19839.0,63430,0,85170,2016-12-18/2016-12-24,345680
104,-75,YM,YMH7,D1,2016-12-20,1482192000,19840.0,19933.0,19833.0,19910.0,60536,0,81281,2016-12-18/2016-12-24,345680
105,-74,YM,YMH7,D1,2016-12-21,1482278400,19909.0,19930.0,19871.0,19878.0,48152,0,64492,2016-12-18/2016-12-24,345680
106,-73,YM,YMH7,D1,2016-12-22,1482364800,19879.0,19899.0,19830.0,19873.0,53960,0,71560,2016-12-18/2016-12-24,345680
107,-72,YM,YMH7,D1,2016-12-23,1482451200,19872.0,19890.0,19845.0,19858.0,31038,0,41469,2016-12-18/2016-12-24,345680
108,-71,YM,YMH7,D1,2016-12-25,1482624000,19858.0,19858.0,19858.0,19858.0,3,8,3,2016-12-25/2016-12-31,329324
109,-70,YM,YMH7,D1,2016-12-26,1482710400,19858.0,19873.0,19858.0,19869.0,668,0,823,2016-12-25/2016-12-31,329324
110,-69,YM,YMH7,D1,2016-12-27,1482796800,19871.0,19922.0,19861.0,19884.0,33089,0,45455,2016-12-25/2016-12-31,329324
111,-68,YM,YMH7,D1,2016-12-28,1482883200,19883.0,19920.0,19769.0,19789.0,60998,0,88657,2016-12-25/2016-12-31,329324
112,-67,YM,YMH7,D1,2016-12-29,1482969600,19789.0,19817.0,19729.0,19765.0,61164,0,85857,2016-12-25/2016-12-31,329324
113,-66,YM,YMH7,D1,2016-12-30,1483056000,19764.0,19817.0,19661.0,19702.0,78022,0,108529,2016-12-25/2016-12-31,329324
114,-65,YM,YMH7,D1,2017-01-01,1483228800,19702.0,19702.0,19702.0,19702.0,3,41,3,2017-01-01/2017-01-07,482481
115,-64,YM,YMH7,D1,2017-01-02,1483315200,19702.0,19800.0,19702.0,19779.0,1966,0,2505,2017-01-01/2017-01-07,482481
116,-63,YM,YMH7,D1,2017-01-03,1483401600,19780.0,19879.0,19703.0,19794.0,109758,0,147641,2017-01-01/2017-01-07,482481
117,-62,YM,YMH7,D1,2017-01-04,1483488000,19793.0,19881.0,19789.0,19856.0,75815,0,104144,2017-01-01/2017-01-07,482481
118,-61,YM,YMH7,D1,2017-01-05,1483574400,19855.0,19872.0,19733.0,19815.0,79624,0,108265,2017-01-01/2017-01-07,482481
119,-60,YM,YMH7,D1,2017-01-06,1483660800,19814.0,19925.0,19760.0,19886.0,85805,0,119923,2017-01-01/2017-01-07,482481
120,-59,YM,YMH7,D1,2017-01-08,1483833600,19887.0,19907.0,19882.0,19906.0,941,0,1269,2017-01-08/2017-01-14,628788
121,-58,YM,YMH7,D1,2017-01-09,1483920000,19906.0,19922.0,19805.0,19810.0,62952,0,85756,2017-01-08/2017-01-14,628788
122,-57,YM,YMH7,D1,2017-01-10,1484006400,19810.0,19885.0,19765.0,19801.0,79637,0,110536,2017-01-08/2017-01-14,628788
123,-56,YM,YMH7,D1,2017-01-11,1484092800,19800.0,19904.0,19757.0,19870.0,135659,0,181547,2017-01-08/2017-01-14,628788
124,-55,YM,YMH7,D1,2017-01-12,1484179200,19870.0,19873.0,19692.0,19815.0,114162,0,151594,2017-01-08/2017-01-14,628788
125,-54,YM,YMH7,D1,2017-01-13,1484265600,19816.0,19878.0,19772.0,19818.0,74447,0,98086,2017-01-08/2017-01-14,628788
126,-53,YM,YMH7,D1,2017-01-15,1484438400,19812.0,19830.0,19799.0,19803.0,832,0,1009,2017-01-15/2017-01-21,522457
127,-52,YM,YMH7,D1,2017-01-16,1484524800,19803.0,19810.0,19770.0,19784.0,14167,0,17693,2017-01-15/2017-01-21,522457
128,-51,YM,YMH7,D1,2017-01-17,1484611200,19785.0,19809.0,19698.0,19747.0,94549,0,122681,2017-01-15/2017-01-21,522457
129,-50,YM,YMH7,D1,2017-01-18,1484697600,19747.0,19791.0,19669.0,19734.0,88798,0,118574,2017-01-15/2017-01-21,522457
130,-49,YM,YMH7,D1,2017-01-19,1484784000,19736.0,19758.0,19607.0,19672.0,89428,0,119923,2017-01-15/2017-01-21,522457
131,-48,YM,YMH7,D1,2017-01-20,1484870400,19673.0,19779.0,19658.0,19752.0,109873,0,142577,2017-01-15/2017-01-21,522457
29,-201,YM,YMU7,D1,2017-01-22,1485043200,0.0,0.0,0.0,0.0,60,0,0,2017-01-22/2017-01-28,4144898
30,-200,YM,YMU7,D1,2017-01-23,1485129600,19622.0,19622.0,0.0,0.0,1365,0,0,2017-01-22/2017-01-28,4144898
31,-199,YM,YMU7,D1,2017-01-24,1485216000,19700.0,19731.0,0.0,0.0,1365,0,1,2017-01-22/2017-01-28,4144898
32,-198,YM,YMU7,D1,2017-01-25,1485302400,19889.0,19898.0,0.0,0.0,1365,0,1,2017-01-22/2017-01-28,4144898
33,-197,YM,YMU7,D1,2017-01-26,1485388800,19936.0,19936.0,0.0,0.0,1365,0,4144896,2017-01-22/2017-01-28,4144898
34,-196,YM,YMU7,D1,2017-01-27,1485475200,19900.0,19900.0,0.0,0.0,1305,0,0,2017-01-22/2017-01-28,4144898
138,-41,YM,YMH7,D1,2017-01-29,1485648000,19969.0,19980.0,19936.0,19966.0,2256,0,3185,2017-01-29/2017-02-04,689385
139,-40,YM,YMH7,D1,2017-01-30,1485734400,19964.0,19993.0,19800.0,19884.0,108542,0,145514,2017-01-29/2017-02-04,689385
140,-39,YM,YMH7,D1,2017-01-31,1485820800,19884.0,19891.0,19713.0,19803.0,110263,0,149314,2017-01-29/2017-02-04,689385
141,-38,YM,YMH7,D1,2017-02-01,1485907200,19802.0,19896.0,19774.0,19804.0,100979,0,133723,2017-01-29/2017-02-04,689385
142,-37,YM,YMH7,D1,2017-02-02,1485993600,19803.0,19851.0,19735.0,19815.0,96708,0,125943,2017-01-29/2017-02-04,689385
143,-36,YM,YMH7,D1,2017-02-03,1486080000,19814.0,20007.0,19783.0,19994.0,96807,0,131706,2017-01-29/2017-02-04,689385
144,-35,YM,YMH7,D1,2017-02-05,1486252800,19992.0,20010.0,19977.0,19982.0,1595,0,2105,2017-02-05/2017-02-11,535527
145,-34,YM,YMH7,D1,2017-02-06,1486339200,19982.0,20021.0,19932.0,19977.0,80202,0,105662,2017-02-05/2017-02-11,535527
146,-33,YM,YMH7,D1,2017-02-07,1486425600,19976.0,20086.0,19957.0,20007.0,82267,0,111644,2017-02-05/2017-02-11,535527
147,-32,YM,YMH7,D1,2017-02-08,1486512000,20008.0,20052.0,19966.0,20004.0,79467,0,105905,2017-02-05/2017-02-11,535527
148,-31,YM,YMH7,D1,2017-02-09,1486598400,20004.0,20158.0,19982.0,20135.0,82631,0,111709,2017-02-05/2017-02-11,535527
149,-30,YM,YMH7,D1,2017-02-10,1486684800,20136.0,20248.0,20129.0,20222.0,73384,0,98502,2017-02-05/2017-02-11,535527
150,-29,YM,YMH7,D1,2017-02-12,1486857600,20233.0,20248.0,20226.0,20248.0,1385,0,1766,2017-02-12/2017-02-18,617357
151,-28,YM,YMH7,D1,2017-02-13,1486944000,20248.0,20396.0,20235.0,20382.0,80206,0,105625,2017-02-12/2017-02-18,617357
152,-27,YM,YMH7,D1,2017-02-14,1487030400,20383.0,20496.0,20346.0,20472.0,91872,0,120847,2017-02-12/2017-02-18,617357
153,-26,YM,YMH7,D1,2017-02-15,1487116800,20473.0,20632.0,20468.0,20617.0,100221,0,133220,2017-02-12/2017-02-18,617357
154,-25,YM,YMH7,D1,2017-02-16,1487203200,20617.0,20621.0,20536.0,20579.0,103473,0,137509,2017-02-12/2017-02-18,617357
155,-24,YM,YMH7,D1,2017-02-17,1487289600,20579.0,20605.0,20506.0,20594.0,92033,0,118390,2017-02-12/2017-02-18,617357
156,-23,YM,YMH7,D1,2017-02-19,1487462400,20583.0,20586.0,20572.0,20580.0,973,0,1211,2017-02-19/2017-02-25,539197
157,-22,YM,YMH7,D1,2017-02-20,1487548800,20580.0,20671.0,20568.0,20632.0,23631,0,29708,2017-02-19/2017-02-25,539197
158,-21,YM,YMH7,D1,2017-02-21,1487635200,20632.0,20735.0,20602.0,20695.0,84579,0,112917,2017-02-19/2017-02-25,539197
159,-20,YM,YMH7,D1,2017-02-22,1487721600,20695.0,20769.0,20667.0,20756.0,89752,0,119718,2017-02-19/2017-02-25,539197
160,-19,YM,YMH7,D1,2017-02-23,1487808000,20756.0,20817.0,20724.0,20775.0,104321,0,138480,2017-02-19/2017-02-25,539197
161,-18,YM,YMH7,D1,2017-02-24,1487894400,20776.0,20799.0,20695.0,20777.0,104282,0,137163,2017-02-19/2017-02-25,539197
162,-17,YM,YMH7,D1,2017-02-26,1488067200,20777.0,20822.0,20748.0,20804.0,2037,0,2612,2017-02-26/2017-03-04,718733
163,-16,YM,YMH7,D1,2017-02-27,1488153600,20804.0,20834.0,20758.0,20805.0,91289,0,120532,2017-02-26/2017-03-04,718733
164,-15,YM,YMH7,D1,2017-02-28,1488240000,20805.0,20837.0,20769.0,20815.0,82760,0,112948,2017-02-26/2017-03-04,718733
165,-14,YM,YMH7,D1,2017-03-01,1488326400,20815.0,21162.0,20810.0,21099.0,152394,0,203815,2017-02-26/2017-03-04,718733
166,-13,YM,YMH7,D1,2017-03-02,1488412800,21098.0,21130.0,20972.0,20996.0,110120,0,150352,2017-02-26/2017-03-04,718733
167,-12,YM,YMH7,D1,2017-03-03,1488499200,20995.0,21037.0,20926.0,20984.0,96676,0,128474,2017-02-26/2017-03-04,718733
168,-11,YM,YMH7,D1,2017-03-05,1488672000,20975.0,20980.0,20900.0,20902.0,3167,0,4153,2017-03-05/2017-03-11,572699
169,-10,YM,YMH7,D1,2017-03-06,1488758400,20902.0,20975.0,20894.0,20936.0,86272,0,114562,2017-03-05/2017-03-11,572699
170,-9,YM,YMH7,D1,2017-03-07,1488844800,20935.0,20965.0,20893.0,20898.0,80804,0,111732,2017-03-05/2017-03-11,572699
171,-8,YM,YMH7,D1,2017-03-08,1488931200,20898.0,20957.0,20837.0,20872.0,105869,0,143753,2017-03-05/2017-03-11,572699
172,-7,YM,YMH7,D1,2017-03-09,1489017600,20872.0,20907.0,20781.0,20895.0,100547,0,140637,2017-03-05/2017-03-11,572699
173,-6,YM,YMH7,D1,2017-03-10,1489104000,20893.0,21021.0,20829.0,20888.0,42491,0,57862,2017-03-05/2017-03-11,572699
97,-83,YM,YMM7,D1,2017-03-12,1489276800,20852.0,20860.0,20827.0,20835.0,1371,0,1741,2017-03-12/2017-03-18,603346
98,-82,YM,YMM7,D1,2017-03-13,1489363200,20835.0,20882.0,20806.0,20830.0,66502,0,88058,2017-03-12/2017-03-18,603346
99,-81,YM,YMM7,D1,2017-03-14,1489449600,20829.0,20836.0,20745.0,20813.0,100115,0,134651,2017-03-12/2017-03-18,603346
100,-80,YM,YMM7,D1,2017-03-15,1489536000,20813.0,20931.0,20808.0,20908.0,106944,0,142056,2017-03-12/2017-03-18,603346
101,-79,YM,YMM7,D1,2017-03-16,1489622400,20908.0,20981.0,20843.0,20880.0,101373,0,136289,2017-03-12/2017-03-18,603346
102,-78,YM,YMM7,D1,2017-03-17,1489708800,20880.0,20929.0,20857.0,20869.0,74660,0,100551,2017-03-12/2017-03-18,603346
103,-77,YM,YMM7,D1,2017-03-19,1489881600,20851.0,20861.0,20843.0,20854.0,1620,0,1979,2017-03-19/2017-03-25,922947
104,-76,YM,YMM7,D1,2017-03-20,1489968000,20853.0,20901.0,20824.0,20864.0,73712,0,103866,2017-03-19/2017-03-25,922947
105,-75,YM,YMM7,D1,2017-03-21,1490054400,20864.0,20917.0,20584.0,20591.0,174767,0,246694,2017-03-19/2017-03-25,922947
106,-74,YM,YMM7,D1,2017-03-22,1490140800,20591.0,20633.0,20525.0,20630.0,154811,0,206188,2017-03-19/2017-03-25,922947
107,-73,YM,YMM7,D1,2017-03-23,1490227200,20629.0,20702.0,20561.0,20624.0,138744,0,186351,2017-03-19/2017-03-25,922947
108,-72,YM,YMM7,D1,2017-03-24,1490313600,20624.0,20674.0,20476.0,20566.0,135921,0,177869,2017-03-19/2017-03-25,922947
109,-71,YM,YMM7,D1,2017-03-26,1490486400,20527.0,20528.0,20457.0,20483.0,6765,1,8229,2017-03-26/2017-04-01,644086
110,-70,YM,YMM7,D1,2017-03-27,1490572800,20483.0,20534.0,20356.0,20519.0,129388,0,169045,2017-03-26/2017-04-01,644086
111,-69,YM,YMM7,D1,2017-03-28,1490659200,20519.0,20678.0,20459.0,20645.0,115576,0,158246,2017-03-26/2017-04-01,644086
112,-68,YM,YMM7,D1,2017-03-29,1490745600,20644.0,20663.0,20563.0,20609.0,77133,0,103176,2017-03-26/2017-04-01,644086
113,-67,YM,YMM7,D1,2017-03-30,1490832000,20608.0,20694.0,20570.0,20655.0,75737,0,103006,2017-03-26/2017-04-01,644086
114,-66,YM,YMM7,D1,2017-03-31,1490918400,20653.0,20663.0,20596.0,20599.0,75771,0,102384,2017-03-26/2017-04-01,644086
115,-65,YM,YMM7,D1,2017-04-02,1491091200,20599.0,20622.0,20590.0,20610.0,1305,1,1569,2017-04-02/2017-04-08,774024
116,-64,YM,YMM7,D1,2017-04-03,1491177600,20610.0,20648.0,20451.0,20576.0,110777,0,151129,2017-04-02/2017-04-08,774024
117,-63,YM,YMM7,D1,2017-04-04,1491264000,20575.0,20663.0,20512.0,20647.0,83774,0,112361,2017-04-02/2017-04-08,774024
118,-62,YM,YMM7,D1,2017-04-05,1491350400,20648.0,20828.0,20555.0,20559.0,138304,0,185236,2017-04-02/2017-04-08,774024
119,-61,YM,YMM7,D1,2017-04-06,1491436800,20558.0,20690.0,20512.0,20609.0,120707,0,158252,2017-04-02/2017-04-08,774024
120,-60,YM,YMM7,D1,2017-04-07,1491523200,20610.0,20669.0,20462.0,20611.0,129550,0,165477,2017-04-02/2017-04-08,774024
121,-59,YM,YMM7,D1,2017-04-09,1491696000,20609.0,20619.0,20594.0,20608.0,1304,1,1593,2017-04-09/2017-04-15,649596
122,-58,YM,YMM7,D1,2017-04-10,1491782400,20608.0,20691.0,20551.0,20599.0,103221,0,139685,2017-04-09/2017-04-15,649596
123,-57,YM,YMM7,D1,2017-04-11,1491868800,20598.0,20610.0,20448.0,20576.0,139552,0,191078,2017-04-09/2017-04-15,649596
124,-56,YM,YMM7,D1,2017-04-12,1491955200,20575.0,20639.0,20490.0,20505.0,120212,0,157116,2017-04-09/2017-04-15,649596
125,-55,YM,YMM7,D1,2017-04-13,1492041600,20505.0,20549.0,20388.0,20407.0,119411,0,160055,2017-04-09/2017-04-15,649596
126,-54,YM,YMM7,D1,2017-04-14,1492128000,20407.0,20407.0,20407.0,20407.0,69,0,69,2017-04-09/2017-04-15,649596
127,-53,YM,YMM7,D1,2017-04-16,1492300800,20380.0,20401.0,20377.0,20385.0,2004,1,2584,2017-04-16/2017-04-22,661302
128,-52,YM,YMM7,D1,2017-04-17,1492387200,20384.0,20581.0,20373.0,20563.0,72053,0,97983,2017-04-16/2017-04-22,661302
129,-51,YM,YMM7,D1,2017-04-18,1492473600,20564.0,20584.0,20394.0,20432.0,124871,0,164161,2017-04-16/2017-04-22,661302
130,-50,YM,YMM7,D1,2017-04-19,1492560000,20432.0,20486.0,20311.0,20343.0,100743,0,134444,2017-04-16/2017-04-22,661302
131,-49,YM,YMM7,D1,2017-04-20,1492646400,20343.0,20567.0,20333.0,20536.0,111078,0,147452,2017-04-16/2017-04-22,661302
132,-48,YM,YMM7,D1,2017-04-21,1492732800,20536.0,20553.0,20443.0,20487.0,88016,0,114678,2017-04-16/2017-04-22,661302
133,-47,YM,YMM7,D1,2017-04-23,1492905600,20599.0,20715.0,20599.0,20657.0,6013,1,7725,2017-04-23/2017-04-29,632254
134,-46,YM,YMM7,D1,2017-04-24,1492992000,20656.0,20732.0,20631.0,20694.0,97377,0,128657,2017-04-23/2017-04-29,632254
135,-45,YM,YMM7,D1,2017-04-25,1493078400,20692.0,20967.0,20690.0,20936.0,95068,0,127145,2017-04-23/2017-04-29,632254
136,-44,YM,YMM7,D1,2017-04-26,1493164800,20937.0,21010.0,20892.0,20921.0,121324,0,165160,2017-04-23/2017-04-29,632254
137,-43,YM,YMM7,D1,2017-04-27,1493251200,20921.0,20949.0,20871.0,20892.0,85248,0,115951,2017-04-23/2017-04-29,632254
138,-42,YM,YMM7,D1,2017-04-28,1493337600,20893.0,20929.0,20859.0,20887.0,67647,0,87616,2017-04-23/2017-04-29,632254
139,-41,YM,YMM7,D1,2017-04-30,1493510400,20894.0,20894.0,20856.0,20864.0,1347,0,1733,2017-04-30/2017-05-06,486889
140,-40,YM,YMM7,D1,2017-05-01,1493596800,20865.0,20923.0,20829.0,20870.0,64264,0,85754,2017-04-30/2017-05-06,486889
141,-39,YM,YMM7,D1,2017-05-02,1493683200,20870.0,20894.0,20836.0,20861.0,58517,0,75210,2017-04-30/2017-05-06,486889
142,-38,YM,YMM7,D1,2017-05-03,1493769600,20862.0,20910.0,20805.0,20902.0,71568,0,99501,2017-04-30/2017-05-06,486889
143,-37,YM,YMM7,D1,2017-05-04,1493856000,20901.0,20946.0,20775.0,20870.0,92887,0,129837,2017-04-30/2017-05-06,486889
144,-36,YM,YMM7,D1,2017-05-05,1493942400,20870.0,20972.0,20813.0,20972.0,71418,0,94854,2017-04-30/2017-05-06,486889
145,-35,YM,YMM7,D1,2017-05-07,1494115200,21001.0,21010.0,20942.0,20951.0,3095,1,4251,2017-05-07/2017-05-13,475658
146,-34,YM,YMM7,D1,2017-05-08,1494201600,20950.0,20962.0,20902.0,20943.0,61849,0,79843,2017-05-07/2017-05-13,475658
147,-33,YM,YMM7,D1,2017-05-09,1494288000,20943.0,20987.0,20853.0,20854.0,67475,0,90272,2017-05-07/2017-05-13,475658
148,-32,YM,YMM7,D1,2017-05-10,1494374400,20855.0,20935.0,20841.0,20894.0,71182,0,93840,2017-05-07/2017-05-13,475658
149,-31,YM,YMM7,D1,2017-05-11,1494460800,20895.0,20895.0,20760.0,20870.0,91500,0,125086,2017-05-07/2017-05-13,475658
150,-30,YM,YMM7,D1,2017-05-12,1494547200,20870.0,20878.0,20826.0,20852.0,63902,0,82366,2017-05-07/2017-05-13,475658
151,-29,YM,YMM7,D1,2017-05-14,1494720000,20856.0,20864.0,20848.0,20852.0,1138,1,1398,2017-05-14/2017-05-20,870616
152,-28,YM,YMM7,D1,2017-05-15,1494806400,20851.0,20962.0,20846.0,20934.0,66801,0,90190,2017-05-14/2017-05-20,870616
153,-27,YM,YMM7,D1,2017-05-16,1494892800,20933.0,20995.0,20848.0,20855.0,82628,0,107644,2017-05-14/2017-05-20,870616
154,-26,YM,YMM7,D1,2017-05-17,1494979200,20855.0,20864.0,20566.0,20622.0,182892,0,242208,2017-05-14/2017-05-20,870616
155,-25,YM,YMM7,D1,2017-05-18,1495065600,20621.0,20740.0,20474.0,20653.0,218219,0,278306,2017-05-14/2017-05-20,870616
156,-24,YM,YMM7,D1,2017-05-19,1495152000,20654.0,20837.0,20622.0,20795.0,114074,0,150870,2017-05-14/2017-05-20,870616
157,-23,YM,YMM7,D1,2017-05-21,1495324800,20788.0,20811.0,20788.0,20803.0,1892,1,2365,2017-05-21/2017-05-27,484773
158,-22,YM,YMM7,D1,2017-05-22,1495411200,20802.0,20893.0,20766.0,20841.0,78644,0,99968,2017-05-21/2017-05-27,484773
159,-21,YM,YMM7,D1,2017-05-23,1495497600,20842.0,20941.0,20841.0,20910.0,79765,0,99513,2017-05-21/2017-05-27,484773
160,-20,YM,YMM7,D1,2017-05-24,1495584000,20909.0,21005.0,20894.0,20996.0,71536,0,94007,2017-05-21/2017-05-27,484773
161,-19,YM,YMM7,D1,2017-05-25,1495670400,20996.0,21095.0,20992.0,21058.0,86885,0,111999,2017-05-21/2017-05-27,484773
162,-18,YM,YMM7,D1,2017-05-26,1495756800,21057.0,21076.0,21020.0,21069.0,59499,0,76921,2017-05-21/2017-05-27,484773
163,-17,YM,YMM7,D1,2017-05-28,1495929600,21070.0,21087.0,21066.0,21076.0,1075,1,1270,2017-05-28/2017-06-03,472609
164,-16,YM,YMM7,D1,2017-05-29,1496016000,21076.0,21091.0,21065.0,21071.0,9979,0,12814,2017-05-28/2017-06-03,472609
165,-15,YM,YMM7,D1,2017-05-30,1496102400,21042.0,21070.0,20998.0,21023.0,65235,0,84246,2017-05-28/2017-06-03,472609
166,-14,YM,YMM7,D1,2017-05-31,1496188800,21023.0,21060.0,20929.0,21018.0,101393,0,129087,2017-05-28/2017-06-03,472609
167,-13,YM,YMM7,D1,2017-06-01,1496275200,21018.0,21155.0,20986.0,21139.0,90630,0,120038,2017-05-28/2017-06-03,472609
168,-12,YM,YMM7,D1,2017-06-02,1496361600,21139.0,21227.0,21125.0,21201.0,99076,0,125154,2017-05-28/2017-06-03,472609
169,-11,YM,YMM7,D1,2017-06-04,1496534400,21185.0,21208.0,21174.0,21182.0,1415,1,1802,2017-06-04/2017-06-10,499354
170,-10,YM,YMM7,D1,2017-06-05,1496620800,21182.0,21220.0,21164.0,21183.0,54604,0,70979,2017-06-04/2017-06-10,499354
171,-9,YM,YMM7,D1,2017-06-06,1496707200,21184.0,21184.0,21114.0,21156.0,83768,0,111561,2017-06-04/2017-06-10,499354
172,-8,YM,YMM7,D1,2017-06-07,1496793600,21155.0,21188.0,21108.0,21169.0,89545,0,119069,2017-06-04/2017-06-10,499354
173,-7,YM,YMM7,D1,2017-06-08,1496880000,21170.0,21270.0,21127.0,21147.0,83566,0,107900,2017-06-04/2017-06-10,499354
174,-6,YM,YMM7,D1,2017-06-09,1496966400,21146.0,21301.0,21143.0,21245.0,59912,0,88043,2017-06-04/2017-06-10,499354
147,-83,YM,YMU7,D1,2017-06-11,1497139200,21212.0,21212.0,21177.0,21190.0,2445,1,2986,2017-06-11/2017-06-17,715121
148,-82,YM,YMU7,D1,2017-06-12,1497225600,21190.0,21226.0,21139.0,21192.0,128137,0,157585,2017-06-11/2017-06-17,715121
149,-81,YM,YMU7,D1,2017-06-13,1497312000,21193.0,21290.0,21192.0,21279.0,84748,0,109205,2017-06-11/2017-06-17,715121
150,-80,YM,YMU7,D1,2017-06-14,1497398400,21280.0,21346.0,21246.0,21294.0,129062,0,166501,2017-06-11/2017-06-17,715121
151,-79,YM,YMU7,D1,2017-06-15,1497484800,21295.0,21328.0,21218.0,21326.0,127843,0,165616,2017-06-11/2017-06-17,715121
152,-78,YM,YMU7,D1,2017-06-16,1497571200,21327.0,21366.0,21264.0,21359.0,86763,0,113228,2017-06-11/2017-06-17,715121
153,-77,YM,YMU7,D1,2017-06-18,1497744000,21367.0,21367.0,21351.0,21353.0,1398,1,1770,2017-06-18/2017-06-24,571946
154,-76,YM,YMU7,D1,2017-06-19,1497830400,21352.0,21483.0,21349.0,21479.0,80346,0,107479,2017-06-18/2017-06-24,571946
155,-75,YM,YMU7,D1,2017-06-20,1497916800,21480.0,21494.0,21416.0,21431.0,85951,0,114081,2017-06-18/2017-06-24,571946
156,-74,YM,YMU7,D1,2017-06-21,1498003200,21432.0,21450.0,21341.0,21354.0,107002,0,145035,2017-06-18/2017-06-24,571946
157,-73,YM,YMU7,D1,2017-06-22,1498089600,21354.0,21408.0,21343.0,21362.0,75005,0,98181,2017-06-18/2017-06-24,571946
158,-72,YM,YMU7,D1,2017-06-23,1498176000,21361.0,21376.0,21282.0,21315.0,78409,0,105400,2017-06-18/2017-06-24,571946
159,-71,YM,YMU7,D1,2017-06-25,1498348800,21320.0,21331.0,21308.0,21329.0,1021,0,1257,2017-06-25/2017-07-01,826491
160,-70,YM,YMU7,D1,2017-06-26,1498435200,21329.0,21454.0,21325.0,21370.0,88602,0,116630,2017-06-25/2017-07-01,826491
161,-69,YM,YMU7,D1,2017-06-27,1498521600,21370.0,21389.0,21265.0,21275.0,123155,0,166466,2017-06-25/2017-07-01,826491
162,-68,YM,YMU7,D1,2017-06-28,1498608000,21275.0,21441.0,21253.0,21433.0,115464,0,156509,2017-06-25/2017-07-01,826491
163,-67,YM,YMU7,D1,2017-06-29,1498694400,21433.0,21451.0,21138.0,21270.0,181373,0,240621,2017-06-25/2017-07-01,826491
164,-66,YM,YMU7,D1,2017-06-30,1498780800,21270.0,21366.0,21232.0,21322.0,111702,0,145008,2017-06-25/2017-07-01,826491
165,-65,YM,YMU7,D1,2017-07-02,1498953600,21306.0,21350.0,21306.0,21333.0,1386,1,1687,2017-07-02/2017-07-08,472741
166,-64,YM,YMU7,D1,2017-07-03,1499040000,21334.0,21508.0,21324.0,21426.0,71028,0,91869,2017-07-02/2017-07-08,472741
167,-63,YM,YMU7,D1,2017-07-04,1499126400,21449.0,21473.0,21404.0,21430.0,22111,0,27428,2017-07-02/2017-07-08,472741
168,-62,YM,YMU7,D1,2017-07-05,1499212800,21440.0,21456.0,21348.0,21435.0,75819,0,102271,2017-07-02/2017-07-08,472741
169,-61,YM,YMU7,D1,2017-07-06,1499299200,21434.0,21437.0,21257.0,21285.0,108236,0,144027,2017-07-02/2017-07-08,472741
170,-60,YM,YMU7,D1,2017-07-07,1499385600,21285.0,21377.0,21264.0,21371.0,78462,0,105459,2017-07-02/2017-07-08,472741
171,-59,YM,YMU7,D1,2017-07-09,1499558400,21359.0,21378.0,21359.0,21374.0,896,1,1090,2017-07-09/2017-07-15,518105
172,-58,YM,YMU7,D1,2017-07-10,1499644800,21374.0,21401.0,21315.0,21363.0,64674,0,88095,2017-07-09/2017-07-15,518105
173,-57,YM,YMU7,D1,2017-07-11,1499731200,21362.0,21389.0,21226.0,21374.0,93026,0,131644,2017-07-09/2017-07-15,518105
174,-56,YM,YMU7,D1,2017-07-12,1499817600,21375.0,21531.0,21359.0,21492.0,88562,0,120437,2017-07-09/2017-07-15,518105
175,-55,YM,YMU7,D1,2017-07-13,1499904000,21490.0,21519.0,21459.0,21511.0,58275,0,76425,2017-07-09/2017-07-15,518105
176,-54,YM,YMU7,D1,2017-07-14,1499990400,21510.0,21628.0,21470.0,21604.0,72140,0,100414,2017-07-09/2017-07-15,518105
177,-53,YM,YMU7,D1,2017-07-16,1500163200,21596.0,21614.0,21595.0,21602.0,1019,1,1316,2017-07-16/2017-07-22,464283
178,-52,YM,YMU7,D1,2017-07-17,1500249600,21602.0,21621.0,21561.0,21586.0,57527,0,73801,2017-07-16/2017-07-22,464283
179,-51,YM,YMU7,D1,2017-07-18,1500336000,21585.0,21609.0,21416.0,21508.0,88603,0,116087,2017-07-16/2017-07-22,464283
180,-50,YM,YMU7,D1,2017-07-19,1500422400,21509.0,21605.0,21505.0,21585.0,61029,0,75746,2017-07-16/2017-07-22,464283
181,-49,YM,YMU7,D1,2017-07-20,1500508800,21586.0,21624.0,21525.0,21579.0,77423,0,99066,2017-07-16/2017-07-22,464283
182,-48,YM,YMU7,D1,2017-07-21,1500595200,21579.0,21590.0,21451.0,21519.0,73838,0,98267,2017-07-16/2017-07-22,464283
183,-47,YM,YMU7,D1,2017-07-23,1500768000,21515.0,21528.0,21512.0,21515.0,558,0,709,2017-07-23/2017-07-29,545184
184,-46,YM,YMU7,D1,2017-07-24,1500854400,21515.0,21529.0,21444.0,21492.0,59328,0,77255,2017-07-23/2017-07-29,545184
185,-45,YM,YMU7,D1,2017-07-25,1500940800,21493.0,21640.0,21486.0,21571.0,86844,0,115246,2017-07-23/2017-07-29,545184
186,-44,YM,YMU7,D1,2017-07-26,1501027200,21571.0,21687.0,21547.0,21651.0,80304,0,103872,2017-07-23/2017-07-29,545184
187,-43,YM,YMU7,D1,2017-07-27,1501113600,21651.0,21750.0,21632.0,21717.0,113137,0,146089,2017-07-23/2017-07-29,545184
188,-42,YM,YMU7,D1,2017-07-28,1501200000,21718.0,21784.0,21684.0,21779.0,78731,0,102013,2017-07-23/2017-07-29,545184
189,-41,YM,YMU7,D1,2017-07-30,1501372800,21775.0,21776.0,21758.0,21759.0,1142,1,1323,2017-07-30/2017-08-05,482062
190,-40,YM,YMU7,D1,2017-07-31,1501459200,21759.0,21876.0,21749.0,21857.0,72025,0,94271,2017-07-30/2017-08-05,482062
191,-39,YM,YMU7,D1,2017-08-01,1501545600,21857.0,22025.0,21856.0,21945.0,80962,0,106175,2017-07-30/2017-08-05,482062
192,-38,YM,YMU7,D1,2017-08-02,1501632000,21944.0,21981.0,21912.0,21948.0,75548,0,96582,2017-07-30/2017-08-05,482062
193,-37,YM,YMU7,D1,2017-08-03,1501718400,21948.0,21989.0,21928.0,21965.0,66917,0,85502,2017-07-30/2017-08-05,482062
194,-36,YM,YMU7,D1,2017-08-04,1501804800,21964.0,22046.0,21956.0,22018.0,74984,0,98209,2017-07-30/2017-08-05,482062
195,-35,YM,YMU7,D1,2017-08-06,1501977600,22022.0,22029.0,22019.0,22027.0,751,1,883,2017-08-06/2017-08-12,654801
196,-34,YM,YMU7,D1,2017-08-07,1502064000,22027.0,22081.0,22025.0,22065.0,45863,0,57683,2017-08-06/2017-08-12,654801
197,-33,YM,YMU7,D1,2017-08-08,1502150400,22064.0,22132.0,22006.0,22011.0,79073,0,109316,2017-08-06/2017-08-12,654801
198,-32,YM,YMU7,D1,2017-08-09,1502236800,22011.0,22034.0,21961.0,22013.0,107108,0,140194,2017-08-06/2017-08-12,654801
199,-31,YM,YMU7,D1,2017-08-10,1502323200,22013.0,22023.0,21799.0,21835.0,155326,0,205422,2017-08-06/2017-08-12,654801
200,-30,YM,YMU7,D1,2017-08-11,1502409600,21834.0,21884.0,21790.0,21851.0,108294,0,141303,2017-08-06/2017-08-12,654801
201,-29,YM,YMU7,D1,2017-08-13,1502582400,21851.0,21898.0,21851.0,21897.0,1840,1,2264,2017-08-13/2017-08-19,687293
202,-28,YM,YMU7,D1,2017-08-14,1502668800,21898.0,21988.0,21895.0,21981.0,80171,0,104686,2017-08-13/2017-08-19,687293
203,-27,YM,YMU7,D1,2017-08-15,1502755200,21981.0,22034.0,21942.0,21975.0,76458,0,99791,2017-08-13/2017-08-19,687293
204,-26,YM,YMU7,D1,2017-08-16,1502841600,21976.0,22067.0,21969.0,21994.0,80029,0,107594,2017-08-13/2017-08-19,687293
205,-25,YM,YMU7,D1,2017-08-17,1502928000,21994.0,22019.0,21690.0,21715.0,146496,0,195267,2017-08-13/2017-08-19,687293
206,-24,YM,YMU7,D1,2017-08-18,1503014400,21715.0,21773.0,21622.0,21667.0,139403,0,177691,2017-08-13/2017-08-19,687293
207,-23,YM,YMU7,D1,2017-08-20,1503187200,21689.0,21720.0,21688.0,21703.0,1739,0,2120,2017-08-20/2017-08-26,619635
208,-22,YM,YMU7,D1,2017-08-21,1503273600,21702.0,21711.0,21579.0,21711.0,97351,0,125726,2017-08-20/2017-08-26,619635
209,-21,YM,YMU7,D1,2017-08-22,1503360000,21710.0,21900.0,21710.0,21890.0,93100,0,120968,2017-08-20/2017-08-26,619635
210,-20,YM,YMU7,D1,2017-08-23,1503446400,21889.0,21890.0,21756.0,21762.0,100131,0,127804,2017-08-20/2017-08-26,619635
211,-19,YM,YMU7,D1,2017-08-24,1503532800,21763.0,21863.0,21745.0,21788.0,98682,0,128280,2017-08-20/2017-08-26,619635
212,-18,YM,YMU7,D1,2017-08-25,1503619200,21788.0,21893.0,21757.0,21798.0,88926,0,114737,2017-08-20/2017-08-26,619635
213,-17,YM,YMU7,D1,2017-08-27,1503792000,21802.0,21822.0,21776.0,21806.0,1990,0,2405,2017-08-27/2017-09-02,564798
214,-16,YM,YMU7,D1,2017-08-28,1503878400,21806.0,21859.0,21644.0,21711.0,76505,0,96300,2017-08-27/2017-09-02,564798
215,-15,YM,YMU7,D1,2017-08-29,1503964800,21711.0,21889.0,21644.0,21885.0,120988,0,152879,2017-08-27/2017-09-02,564798
216,-14,YM,YMU7,D1,2017-08-30,1504051200,21885.0,21959.0,21832.0,21897.0,86933,0,114357,2017-08-27/2017-09-02,564798
217,-13,YM,YMU7,D1,2017-08-31,1504137600,21898.0,21985.0,21893.0,21982.0,84354,0,114333,2017-08-27/2017-09-02,564798
218,-12,YM,YMU7,D1,2017-09-01,1504224000,21982.0,22037.0,21968.0,21982.0,64716,0,84524,2017-08-27/2017-09-02,564798
219,-11,YM,YMU7,D1,2017-09-03,1504396800,21885.0,21932.0,21877.0,21919.0,3269,1,3917,2017-09-03/2017-09-09,509609
220,-10,YM,YMU7,D1,2017-09-04,1504483200,21919.0,21944.0,21897.0,21919.0,18614,0,22474,2017-09-03/2017-09-09,509609
221,-9,YM,YMU7,D1,2017-09-05,1504569600,21935.0,21947.0,21703.0,21752.0,132659,0,175518,2017-09-03/2017-09-09,509609
222,-8,YM,YMU7,D1,2017-09-06,1504656000,21752.0,21844.0,21740.0,21783.0,99446,0,131282,2017-09-03/2017-09-09,509609
223,-7,YM,YMU7,D1,2017-09-07,1504742400,21783.0,21853.0,21747.0,21780.0,91157,0,118919,2017-09-03/2017-09-09,509609
224,-6,YM,YMU7,D1,2017-09-08,1504828800,21779.0,21844.0,21713.0,21819.0,42414,0,57499,2017-09-03/2017-09-09,509609
71,-83,YM,YMZ7,D1,2017-09-10,1505001600,21835.0,21866.0,21817.0,21850.0,2150,1,2551,2017-09-10/2017-09-16,468346
72,-82,YM,YMZ7,D1,2017-09-11,1505088000,21850.0,22038.0,21850.0,22034.0,69210,0,88931,2017-09-10/2017-09-16,468346
73,-81,YM,YMZ7,D1,2017-09-12,1505174400,22033.0,22104.0,22026.0,22090.0,70057,0,95640,2017-09-10/2017-09-16,468346
74,-80,YM,YMZ7,D1,2017-09-13,1505260800,22090.0,22119.0,22054.0,22098.0,63772,0,87190,2017-09-10/2017-09-16,468346
75,-79,YM,YMZ7,D1,2017-09-14,1505347200,22098.0,22178.0,22075.0,22134.0,74905,0,100092,2017-09-10/2017-09-16,468346
76,-78,YM,YMZ7,D1,2017-09-15,1505433600,22134.0,22235.0,22132.0,22233.0,69204,0,93942,2017-09-10/2017-09-16,468346
77,-77,YM,YMZ7,D1,2017-09-17,1505606400,22227.0,22237.0,22223.0,22232.0,1744,1,2227,2017-09-17/2017-09-23,513354
78,-76,YM,YMZ7,D1,2017-09-18,1505692800,22232.0,22314.0,22230.0,22305.0,75309,0,105420,2017-09-17/2017-09-23,513354
79,-75,YM,YMZ7,D1,2017-09-19,1505779200,22305.0,22345.0,22296.0,22328.0,59880,0,82453,2017-09-17/2017-09-23,513354
80,-74,YM,YMZ7,D1,2017-09-20,1505865600,22328.0,22389.0,22274.0,22383.0,87538,0,118909,2017-09-17/2017-09-23,513354
81,-73,YM,YMZ7,D1,2017-09-21,1505952000,22383.0,22387.0,22317.0,22324.0,67368,0,95626,2017-09-17/2017-09-23,513354
82,-72,YM,YMZ7,D1,2017-09-22,1506038400,22326.0,22328.0,22258.0,22306.0,77279,0,108719,2017-09-17/2017-09-23,513354
83,-71,YM,YMZ7,D1,2017-09-24,1506211200,22300.0,22343.0,22287.0,22333.0,2154,1,2534,2017-09-24/2017-09-30,534259
84,-70,YM,YMZ7,D1,2017-09-25,1506297600,22333.0,22340.0,22174.0,22271.0,103633,0,143652,2017-09-24/2017-09-30,534259
85,-69,YM,YMZ7,D1,2017-09-26,1506384000,22271.0,22324.0,22235.0,22249.0,76571,0,101027,2017-09-24/2017-09-30,534259
86,-68,YM,YMZ7,D1,2017-09-27,1506470400,22250.0,22326.0,22208.0,22289.0,84423,0,115323,2017-09-24/2017-09-30,534259
87,-67,YM,YMZ7,D1,2017-09-28,1506556800,22290.0,22345.0,22237.0,22314.0,72325,0,93669,2017-09-24/2017-09-30,534259
88,-66,YM,YMZ7,D1,2017-09-29,1506643200,22315.0,22351.0,22281.0,22346.0,58559,0,78054,2017-09-24/2017-09-30,534259
89,-65,YM,YMZ7,D1,2017-10-01,1506816000,22355.0,22414.0,22347.0,22380.0,3367,0,4561,2017-10-01/2017-10-07,397081
90,-64,YM,YMZ7,D1,2017-10-02,1506902400,22380.0,22520.0,22358.0,22504.0,72574,0,98412,2017-10-01/2017-10-07,397081
91,-63,YM,YMZ7,D1,2017-10-03,1506988800,22504.0,22622.0,22501.0,22598.0,55496,0,74160,2017-10-01/2017-10-07,397081
92,-62,YM,YMZ7,D1,2017-10-04,1507075200,22598.0,22631.0,22580.0,22604.0,54686,0,72077,2017-10-01/2017-10-07,397081
93,-61,YM,YMZ7,D1,2017-10-05,1507161600,22604.0,22744.0,22597.0,22728.0,54069,0,71690,2017-10-01/2017-10-07,397081
94,-60,YM,YMZ7,D1,2017-10-06,1507248000,22728.0,22739.0,22680.0,22690.0,58160,0,76181,2017-10-01/2017-10-07,397081
95,-59,YM,YMZ7,D1,2017-10-08,1507420800,22676.0,22713.0,22676.0,22708.0,1329,1,1689,2017-10-08/2017-10-14,358493
96,-58,YM,YMZ7,D1,2017-10-09,1507507200,22708.0,22751.0,22688.0,22717.0,47795,0,61341,2017-10-08/2017-10-14,358493
97,-57,YM,YMZ7,D1,2017-10-10,1507593600,22717.0,22799.0,22712.0,22785.0,66703,0,86491,2017-10-08/2017-10-14,358493
98,-56,YM,YMZ7,D1,2017-10-11,1507680000,22785.0,22819.0,22758.0,22815.0,51133,0,67729,2017-10-08/2017-10-14,358493
99,-55,YM,YMZ7,D1,2017-10-12,1507766400,22815.0,22835.0,22770.0,22783.0,53513,0,70396,2017-10-08/2017-10-14,358493
100,-54,YM,YMZ7,D1,2017-10-13,1507852800,22784.0,22852.0,22779.0,22826.0,55130,0,70847,2017-10-08/2017-10-14,358493
101,-53,YM,YMZ7,D1,2017-10-15,1508025600,22825.0,22847.0,22821.0,22841.0,1216,0,1509,2017-10-15/2017-10-21,496897
102,-52,YM,YMZ7,D1,2017-10-16,1508112000,22841.0,22906.0,22833.0,22902.0,56347,0,75357,2017-10-15/2017-10-21,496897
103,-51,YM,YMZ7,D1,2017-10-17,1508198400,22902.0,22987.0,22886.0,22984.0,57521,0,77045,2017-10-15/2017-10-21,496897
104,-50,YM,YMZ7,D1,2017-10-18,1508284800,22983.0,23124.0,22972.0,23115.0,62800,0,84506,2017-10-15/2017-10-21,496897
105,-49,YM,YMZ7,D1,2017-10-19,1508371200,23115.0,23124.0,22951.0,23120.0,108710,0,139014,2017-10-15/2017-10-21,496897
106,-48,YM,YMZ7,D1,2017-10-20,1508457600,23120.0,23283.0,23112.0,23276.0,89637,0,119466,2017-10-15/2017-10-21,496897
107,-47,YM,YMZ7,D1,2017-10-22,1508630400,23272.0,23311.0,23265.0,23303.0,3208,0,3821,2017-10-22/2017-10-28,671408
108,-46,YM,YMZ7,D1,2017-10-23,1508716800,23302.0,23320.0,23214.0,23246.0,78296,0,101208,2017-10-22/2017-10-28,671408
109,-45,YM,YMZ7,D1,2017-10-24,1508803200,23246.0,23436.0,23243.0,23396.0,100180,0,130968,2017-10-22/2017-10-28,671408
110,-44,YM,YMZ7,D1,2017-10-25,1508889600,23395.0,23416.0,23203.0,23296.0,143462,0,188489,2017-10-22/2017-10-28,671408
111,-43,YM,YMZ7,D1,2017-10-26,1508976000,23296.0,23404.0,23290.0,23350.0,96997,0,123393,2017-10-22/2017-10-28,671408
112,-42,YM,YMZ7,D1,2017-10-27,1509062400,23350.0,23408.0,23297.0,23362.0,97549,0,123529,2017-10-22/2017-10-28,671408
113,-41,YM,YMZ7,D1,2017-10-29,1509235200,23361.0,23386.0,23350.0,23356.0,1966,1,2359,2017-10-29/2017-11-04,568979
114,-40,YM,YMZ7,D1,2017-10-30,1509321600,23356.0,23375.0,23274.0,23275.0,93510,0,116432,2017-10-29/2017-11-04,568979
115,-39,YM,YMZ7,D1,2017-10-31,1509408000,23276.0,23352.0,23269.0,23339.0,66485,0,84044,2017-10-29/2017-11-04,568979
116,-38,YM,YMZ7,D1,2017-11-01,1509494400,23339.0,23464.0,23330.0,23375.0,104697,0,134857,2017-10-29/2017-11-04,568979
117,-37,YM,YMZ7,D1,2017-11-02,1509580800,23375.0,23472.0,23289.0,23466.0,106681,0,135158,2017-10-29/2017-11-04,568979
118,-36,YM,YMZ7,D1,2017-11-03,1509667200,23466.0,23494.0,23416.0,23450.0,75366,0,96129,2017-10-29/2017-11-04,568979
119,-35,YM,YMZ7,D1,2017-11-05,1509840000,23444.0,23478.0,23438.0,23468.0,1717,1,2128,2017-11-05/2017-11-11,638982
120,-34,YM,YMZ7,D1,2017-11-06,1509926400,23468.0,23507.0,23407.0,23491.0,68759,0,88530,2017-11-05/2017-11-11,638982
121,-33,YM,YMZ7,D1,2017-11-07,1510012800,23490.0,23557.0,23414.0,23444.0,91259,0,117936,2017-11-05/2017-11-11,638982
122,-32,YM,YMZ7,D1,2017-11-08,1510099200,23445.0,23507.0,23440.0,23497.0,74631,0,95679,2017-11-05/2017-11-11,638982
123,-31,YM,YMZ7,D1,2017-11-09,1510185600,23496.0,23535.0,23260.0,23409.0,176739,0,222550,2017-11-05/2017-11-11,638982
124,-30,YM,YMZ7,D1,2017-11-10,1510272000,23409.0,23447.0,23338.0,23384.0,88719,0,112159,2017-11-05/2017-11-11,638982
125,-29,YM,YMZ7,D1,2017-11-12,1510444800,23397.0,23426.0,23395.0,23423.0,1152,1,1417,2017-11-12/2017-11-18,678458
126,-28,YM,YMZ7,D1,2017-11-13,1510531200,23424.0,23429.0,23288.0,23388.0,86195,0,109864,2017-11-12/2017-11-18,678458
127,-27,YM,YMZ7,D1,2017-11-14,1510617600,23389.0,23424.0,23231.0,23349.0,112384,0,143164,2017-11-12/2017-11-18,678458
128,-26,YM,YMZ7,D1,2017-11-15,1510704000,23349.0,23351.0,23205.0,23252.0,131072,0,165901,2017-11-12/2017-11-18,678458
129,-25,YM,YMZ7,D1,2017-11-16,1510790400,23252.0,23464.0,23247.0,23433.0,104470,0,135510,2017-11-12/2017-11-18,678458
130,-24,YM,YMZ7,D1,2017-11-17,1510876800,23432.0,23440.0,23305.0,23308.0,94903,0,122602,2017-11-12/2017-11-18,678458
131,-23,YM,YMZ7,D1,2017-11-19,1511049600,23318.0,23334.0,23283.0,23308.0,2014,0,2334,2017-11-19/2017-11-25,383707
132,-22,YM,YMZ7,D1,2017-11-20,1511136000,23307.0,23427.0,23241.0,23390.0,85993,0,108531,2017-11-19/2017-11-25,383707
133,-21,YM,YMZ7,D1,2017-11-21,1511222400,23391.0,23586.0,23375.0,23553.0,88197,0,112343,2017-11-19/2017-11-25,383707
134,-20,YM,YMZ7,D1,2017-11-22,1511308800,23553.0,23599.0,23472.0,23490.0,74251,0,92433,2017-11-19/2017-11-25,383707
135,-19,YM,YMZ7,D1,2017-11-23,1511395200,23490.0,23508.0,23432.0,23500.0,20720,0,24063,2017-11-19/2017-11-25,383707
136,-18,YM,YMZ7,D1,2017-11-24,1511481600,23520.0,23569.0,23483.0,23519.0,23477,0,44003,2017-11-19/2017-11-25,383707
137,-17,YM,YMZ7,D1,2017-11-26,1511654400,23515.0,23542.0,23513.0,23531.0,941,0,1168,2017-11-26/2017-12-02,927081
138,-16,YM,YMZ7,D1,2017-11-27,1511740800,23530.0,23616.0,23475.0,23544.0,80247,0,101189,2017-11-26/2017-12-02,927081
139,-15,YM,YMZ7,D1,2017-11-28,1511827200,23545.0,23827.0,23522.0,23803.0,110801,0,142934,2017-11-26/2017-12-02,927081
140,-14,YM,YMZ7,D1,2017-11-29,1511913600,23803.0,23946.0,23790.0,23908.0,121534,0,155696,2017-11-26/2017-12-02,927081
141,-13,YM,YMZ7,D1,2017-11-30,1512000000,23909.0,24328.0,23892.0,24248.0,160798,0,209941,2017-11-26/2017-12-02,927081
142,-12,YM,YMZ7,D1,2017-12-01,1512086400,24249.0,24325.0,23924.0,24229.0,252401,0,316153,2017-11-26/2017-12-02,927081
143,-11,YM,YMZ7,D1,2017-12-03,1512259200,24346.0,24463.0,24344.0,24423.0,5497,0,7041,2017-12-03/2017-12-09,638464
144,-10,YM,YMZ7,D1,2017-12-04,1512345600,24423.0,24536.0,24265.0,24317.0,145512,0,188902,2017-12-03/2017-12-09,638464
145,-9,YM,YMZ7,D1,2017-12-05,1512432000,24317.0,24388.0,24154.0,24187.0,125982,0,156219,2017-12-03/2017-12-09,638464
146,-8,YM,YMZ7,D1,2017-12-06,1512518400,24189.0,24231.0,24083.0,24171.0,104140,0,126737,2017-12-03/2017-12-09,638464
147,-7,YM,YMZ7,D1,2017-12-07,1512604800,24171.0,24263.0,24073.0,24247.0,89251,0,110933,2017-12-03/2017-12-09,638464
148,-6,YM,YMZ7,D1,2017-12-08,1512691200,24246.0,24334.0,24218.0,24332.0,39044,0,48632,2017-12-03/2017-12-09,638464
71,-83,YM,YMH8,D1,2017-12-10,1512864000,24350.0,24375.0,24341.0,24361.0,1288,1,1465,2017-12-10/2017-12-16,522711
72,-82,YM,YMH8,D1,2017-12-11,1512950400,24362.0,24460.0,24337.0,24436.0,57378,0,68801,2017-12-10/2017-12-16,522711
73,-81,YM,YMH8,D1,2017-12-12,1513036800,24437.0,24575.0,24416.0,24527.0,74985,0,95189,2017-12-10/2017-12-16,522711
74,-80,YM,YMH8,D1,2017-12-13,1513123200,24529.0,24686.0,24485.0,24649.0,97106,0,126815,2017-12-10/2017-12-16,522711
75,-79,YM,YMH8,D1,2017-12-14,1513209600,24648.0,24703.0,24532.0,24557.0,94141,0,115352,2017-12-10/2017-12-16,522711
76,-78,YM,YMH8,D1,2017-12-15,1513296000,24559.0,24708.0,24545.0,24688.0,93256,0,115089,2017-12-10/2017-12-16,522711
77,-77,YM,YMH8,D1,2017-12-17,1513468800,24703.0,24747.0,24693.0,24745.0,2899,0,3468,2017-12-17/2017-12-23,503655
78,-76,YM,YMH8,D1,2017-12-18,1513555200,24745.0,24896.0,24737.0,24831.0,87821,0,111509,2017-12-17/2017-12-23,503655
79,-75,YM,YMH8,D1,2017-12-19,1513641600,24831.0,24893.0,24730.0,24799.0,90314,0,114171,2017-12-17/2017-12-23,503655
80,-74,YM,YMH8,D1,2017-12-20,1513728000,24800.0,24880.0,24706.0,24753.0,95905,0,117852,2017-12-17/2017-12-23,503655
81,-73,YM,YMH8,D1,2017-12-21,1513814400,24753.0,24860.0,24714.0,24807.0,70383,0,87344,2017-12-17/2017-12-23,503655
82,-72,YM,YMH8,D1,2017-12-22,1513900800,24807.0,24843.0,24729.0,24767.0,57583,0,69311,2017-12-17/2017-12-23,503655
83,-71,YM,YMH8,D1,2017-12-25,1514160000,24767.0,24796.0,24763.0,24787.0,808,0,925,2017-12-24/2017-12-30,239447
84,-70,YM,YMH8,D1,2017-12-26,1514246400,24787.0,24798.0,24707.0,24793.0,37065,0,43318,2017-12-24/2017-12-30,239447
85,-69,YM,YMH8,D1,2017-12-27,1514332800,24792.0,24819.0,24762.0,24794.0,53886,0,64370,2017-12-24/2017-12-30,239447
86,-68,YM,YMH8,D1,2017-12-28,1514419200,24795.0,24840.0,24784.0,24818.0,47580,0,58113,2017-12-24/2017-12-30,239447
87,-67,YM,YMH8,D1,2017-12-29,1514505600,24818.0,24886.0,24667.0,24679.0,59224,0,72721,2017-12-24/2017-12-30,239447
88,-66,YM,YMH8,D1,2018-01-01,1514764800,24679.0,24779.0,24679.0,24773.0,1606,0,2243,2017-12-31/2018-01-06,418803
89,-65,YM,YMH8,D1,2018-01-02,1514851200,24774.0,24857.0,24716.0,24786.0,83767,0,103994,2017-12-31/2018-01-06,418803
90,-64,YM,YMH8,D1,2018-01-03,1514937600,24785.0,24908.0,24781.0,24890.0,73940,0,93309,2017-12-31/2018-01-06,418803
91,-63,YM,YMH8,D1,2018-01-04,1515024000,24890.0,25082.0,24878.0,25075.0,90252,0,114063,2017-12-31/2018-01-06,418803
92,-62,YM,YMH8,D1,2018-01-05,1515110400,25075.0,25282.0,25064.0,25278.0,83717,0,105194,2017-12-31/2018-01-06,418803
93,-61,YM,YMH8,D1,2018-01-07,1515283200,25272.0,25359.0,25270.0,25341.0,2874,1,4039,2018-01-07/2018-01-13,640949
94,-60,YM,YMH8,D1,2018-01-08,1515369600,25340.0,25353.0,25210.0,25275.0,81358,0,104969,2018-01-07/2018-01-13,640949
95,-59,YM,YMH8,D1,2018-01-09,1515456000,25276.0,25415.0,25238.0,25372.0,94238,0,123863,2018-01-07/2018-01-13,640949
96,-58,YM,YMH8,D1,2018-01-10,1515542400,25372.0,25384.0,25222.0,25349.0,112201,0,143010,2018-01-07/2018-01-13,640949
97,-57,YM,YMH8,D1,2018-01-11,1515628800,25349.0,25561.0,25330.0,25542.0,88013,0,115066,2018-01-07/2018-01-13,640949
98,-56,YM,YMH8,D1,2018-01-12,1515715200,25543.0,25813.0,25531.0,25797.0,117086,0,150002,2018-01-07/2018-01-13,640949
99,-55,YM,YMH8,D1,2018-01-14,1515888000,25813.0,25900.0,25808.0,25897.0,2638,1,3516,2018-01-14/2018-01-20,843259
100,-54,YM,YMH8,D1,2018-01-15,1515974400,25896.0,25976.0,25868.0,25937.0,33399,0,41761,2018-01-14/2018-01-20,843259
101,-53,YM,YMH8,D1,2018-01-16,1516060800,25973.0,26061.0,25682.0,25816.0,199951,0,257015,2018-01-14/2018-01-20,843259
102,-52,YM,YMH8,D1,2018-01-17,1516147200,25818.0,26145.0,25813.0,26135.0,152988,0,188410,2018-01-14/2018-01-20,843259
103,-51,YM,YMH8,D1,2018-01-18,1516233600,26134.0,26149.0,25912.0,25968.0,153142,0,189415,2018-01-14/2018-01-20,843259
104,-50,YM,YMH8,D1,2018-01-19,1516320000,25968.0,26086.0,25876.0,26057.0,130236,0,163142,2018-01-14/2018-01-20,843259
105,-49,YM,YMH8,D1,2018-01-21,1516492800,25981.0,26026.0,25944.0,26002.0,2939,0,3615,2018-01-21/2018-01-27,928381
106,-48,YM,YMH8,D1,2018-01-22,1516579200,26003.0,26225.0,25965.0,26185.0,109876,0,138600,2018-01-21/2018-01-27,928381
107,-47,YM,YMH8,D1,2018-01-23,1516665600,26184.0,26315.0,26135.0,26209.0,146042,0,182850,2018-01-21/2018-01-27,928381
108,-46,YM,YMH8,D1,2018-01-24,1516752000,26209.0,26387.0,26087.0,26235.0,191497,0,239199,2018-01-21/2018-01-27,928381
109,-45,YM,YMH8,D1,2018-01-25,1516838400,26234.0,26437.0,26223.0,26399.0,175196,0,220876,2018-01-21/2018-01-27,928381
110,-44,YM,YMH8,D1,2018-01-26,1516924800,26400.0,26608.0,26381.0,26589.0,115185,0,143241,2018-01-21/2018-01-27,928381
111,-43,YM,YMH8,D1,2018-01-28,1517097600,26584.0,26657.0,26581.0,26652.0,4027,1,5273,2018-01-28/2018-02-03,1361932
112,-42,YM,YMH8,D1,2018-01-29,1517184000,26652.0,26684.0,26416.0,26472.0,165031,0,208769,2018-01-28/2018-02-03,1361932
113,-41,YM,YMH8,D1,2018-01-30,1517270400,26472.0,26477.0,26005.0,26043.0,251530,0,305181,2018-01-28/2018-02-03,1361932
114,-40,YM,YMH8,D1,2018-01-31,1517356800,26043.0,26310.0,26026.0,26178.0,197746,0,243299,2018-01-28/2018-02-03,1361932
115,-39,YM,YMH8,D1,2018-02-01,1517443200,26179.0,26280.0,25922.0,26187.0,236482,0,289573,2018-01-28/2018-02-03,1361932
116,-38,YM,YMH8,D1,2018-02-02,1517529600,26186.0,26198.0,25410.0,25443.0,253456,0,309837,2018-01-28/2018-02-03,1361932
117,-37,YM,YMH8,D1,2018-02-04,1517702400,25431.0,25440.0,25146.0,25251.0,10703,0,12979,2018-02-04/2018-02-10,2661251
118,-36,YM,YMH8,D1,2018-02-05,1517788800,25248.0,25477.0,23691.0,24078.0,472293,0,594200,2018-02-04/2018-02-10,2661251
119,-35,YM,YMH8,D1,2018-02-06,1517875200,24079.0,24890.0,23088.0,24784.0,523483,0,633779,2018-02-04/2018-02-10,2661251
120,-34,YM,YMH8,D1,2018-02-07,1517961600,24792.0,25239.0,24503.0,24533.0,353474,0,418891,2018-02-04/2018-02-10,2661251
121,-33,YM,YMH8,D1,2018-02-08,1518048000,24535.0,24928.0,23800.0,23922.0,409916,0,488709,2018-02-04/2018-02-10,2661251
122,-32,YM,YMH8,D1,2018-02-09,1518134400,23923.0,24350.0,23325.0,24187.0,430149,0,512693,2018-02-04/2018-02-10,2661251
123,-31,YM,YMH8,D1,2018-02-11,1518307200,24251.0,24311.0,24218.0,24305.0,4390,1,4948,2018-02-11/2018-02-17,1427963
124,-30,YM,YMH8,D1,2018-02-12,1518393600,24305.0,24734.0,24224.0,24561.0,259206,0,293639,2018-02-11/2018-02-17,1427963
125,-29,YM,YMH8,D1,2018-02-13,1518480000,24558.0,24674.0,24371.0,24649.0,219168,0,252915,2018-02-11/2018-02-17,1427963
126,-28,YM,YMH8,D1,2018-02-14,1518566400,24649.0,24897.0,24280.0,24846.0,279928,0,334001,2018-02-11/2018-02-17,1427963
127,-27,YM,YMH8,D1,2018-02-15,1518652800,24848.0,25273.0,24792.0,25262.0,237340,0,283767,2018-02-11/2018-02-17,1427963
128,-26,YM,YMH8,D1,2018-02-16,1518739200,25265.0,25424.0,25113.0,25237.0,213458,0,258693,2018-02-11/2018-02-17,1427963
129,-25,YM,YMH8,D1,2018-02-18,1518912000,25228.0,25290.0,25223.0,25280.0,1284,1,1497,2018-02-18/2018-02-24,1011379
130,-24,YM,YMH8,D1,2018-02-19,1518998400,25275.0,25341.0,25054.0,25177.0,42006,0,47809,2018-02-18/2018-02-24,1011379
131,-23,YM,YMH8,D1,2018-02-20,1519084800,25198.0,25220.0,24866.0,24990.0,200588,0,231199,2018-02-18/2018-02-24,1011379
132,-22,YM,YMH8,D1,2018-02-21,1519171200,24989.0,25257.0,24700.0,24715.0,216693,0,254848,2018-02-18/2018-02-24,1011379
133,-21,YM,YMH8,D1,2018-02-22,1519257600,24714.0,25137.0,24576.0,25029.0,227578,0,274023,2018-02-18/2018-02-24,1011379
134,-20,YM,YMH8,D1,2018-02-23,1519344000,25030.0,25325.0,25004.0,25303.0,169408,0,202003,2018-02-18/2018-02-24,1011379
135,-19,YM,YMH8,D1,2018-02-25,1519516800,25328.0,25400.0,25328.0,25377.0,2150,0,2558,2018-02-25/2018-03-03,1490130
136,-18,YM,YMH8,D1,2018-02-26,1519603200,25377.0,25783.0,25300.0,25768.0,160438,0,188658,2018-02-25/2018-03-03,1490130
137,-17,YM,YMH8,D1,2018-02-27,1519689600,25769.0,25813.0,25388.0,25481.0,263827,0,308762,2018-02-25/2018-03-03,1490130
138,-16,YM,YMH8,D1,2018-02-28,1519776000,25481.0,25577.0,25018.0,25082.0,237871,0,270052,2018-02-25/2018-03-03,1490130
139,-15,YM,YMH8,D1,2018-03-01,1519862400,25082.0,25185.0,24431.0,24641.0,396120,0,450101,2018-02-25/2018-03-03,1490130
140,-14,YM,YMH8,D1,2018-03-02,1519948800,24641.0,24670.0,24211.0,24539.0,234632,0,269998,2018-02-25/2018-03-03,1490130
141,-13,YM,YMH8,D1,2018-03-03,1520035200,24539.0,24539.0,24539.0,24539.0,1,49,1,2018-02-25/2018-03-03,1490130
142,-12,YM,YMH8,D1,2018-03-04,1520121600,24539.0,24539.0,24401.0,24463.0,3613,0,4328,2018-03-04/2018-03-10,1128753
143,-11,YM,YMH8,D1,2018-03-05,1520208000,24463.0,24955.0,24311.0,24882.0,249174,0,290932,2018-03-04/2018-03-10,1128753
144,-10,YM,YMH8,D1,2018-03-06,1520294400,24883.0,25047.0,24471.0,24496.0,218819,0,257179,2018-03-04/2018-03-10,1128753
145,-9,YM,YMH8,D1,2018-03-07,1520380800,24494.0,24845.0,24410.0,24789.0,242302,0,285855,2018-03-04/2018-03-10,1128753
146,-8,YM,YMH8,D1,2018-03-08,1520467200,24790.0,24955.0,24704.0,24895.0,160679,0,191592,2018-03-04/2018-03-10,1128753
147,-7,YM,YMH8,D1,2018-03-09,1520553600,24895.0,25346.0,24841.0,25344.0,85853,0,98863,2018-03-04/2018-03-10,1128753
148,-6,YM,YMH8,D1,2018-03-10,1520640000,25344.0,25344.0,25344.0,25344.0,4,0,4,2018-03-04/2018-03-10,1128753
73,-93,YM,YMM8,D1,2018-03-11,1520726400,25364.0,25474.0,25359.0,25448.0,2990,0,3397,2018-03-11/2018-03-17,1047909
74,-92,YM,YMM8,D1,2018-03-12,1520812800,25450.0,25535.0,25180.0,25241.0,141113,0,166903,2018-03-11/2018-03-17,1047909
75,-91,YM,YMM8,D1,2018-03-13,1520899200,25241.0,25407.0,24966.0,25017.0,198751,0,229098,2018-03-11/2018-03-17,1047909
76,-90,YM,YMM8,D1,2018-03-14,1520985600,25017.0,25174.0,24688.0,24805.0,220324,0,257915,2018-03-11/2018-03-17,1047909
77,-89,YM,YMM8,D1,2018-03-15,1521072000,24804.0,25075.0,24693.0,24944.0,186812,0,218884,2018-03-11/2018-03-17,1047909
78,-88,YM,YMM8,D1,2018-03-16,1521158400,24944.0,25050.0,24848.0,24969.0,145575,0,171703,2018-03-11/2018-03-17,1047909
79,-87,YM,YMM8,D1,2018-03-17,1521244800,24969.0,24969.0,24969.0,24969.0,3,0,9,2018-03-11/2018-03-17,1047909
80,-86,YM,YMM8,D1,2018-03-18,1521331200,24969.0,24984.0,24927.0,24939.0,2094,0,2578,2018-03-18/2018-03-24,1578280
81,-85,YM,YMM8,D1,2018-03-19,1521417600,24941.0,24962.0,24461.0,24630.0,236439,0,272152,2018-03-18/2018-03-24,1578280
82,-84,YM,YMM8,D1,2018-03-20,1521504000,24633.0,24813.0,24608.0,24762.0,164304,0,189822,2018-03-18/2018-03-24,1578280
83,-83,YM,YMM8,D1,2018-03-21,1521590400,24764.0,24998.0,24660.0,24727.0,189918,0,225527,2018-03-18/2018-03-24,1578280
84,-82,YM,YMM8,D1,2018-03-22,1521676800,24725.0,24803.0,23738.0,23781.0,357803,0,419911,2018-03-18/2018-03-24,1578280
85,-81,YM,YMM8,D1,2018-03-23,1521763200,23780.0,24103.0,23496.0,23586.0,401410,0,468286,2018-03-18/2018-03-24,1578280
86,-80,YM,YMM8,D1,2018-03-24,1521849600,23586.0,23586.0,23586.0,23586.0,4,0,4,2018-03-18/2018-03-24,1578280
87,-79,YM,YMM8,D1,2018-03-25,1521936000,23586.0,23695.0,23551.0,23669.0,5913,0,7040,2018-03-25/2018-03-31,1487842
88,-78,YM,YMM8,D1,2018-03-26,1522022400,23668.0,24237.0,23645.0,24237.0,268578,0,318384,2018-03-25/2018-03-31,1487842
89,-77,YM,YMM8,D1,2018-03-27,1522108800,24238.0,24435.0,23691.0,23876.0,324542,0,382345,2018-03-25/2018-03-31,1487842
90,-76,YM,YMM8,D1,2018-03-28,1522195200,23875.0,24075.0,23707.0,23896.0,424763,0,488285,2018-03-25/2018-03-31,1487842
91,-75,YM,YMM8,D1,2018-03-29,1522281600,23896.0,24288.0,23797.0,24095.0,250224,0,291784,2018-03-25/2018-03-31,1487842
92,-74,YM,YMM8,D1,2018-03-30,1522368000,24095.0,24095.0,24095.0,24095.0,1,100,1,2018-03-25/2018-03-31,1487842
93,-73,YM,YMM8,D1,2018-03-31,1522454400,24095.0,24095.0,24095.0,24095.0,3,0,3,2018-03-25/2018-03-31,1487842
94,-72,YM,YMM8,D1,2018-04-01,1522540800,24095.0,24147.0,24052.0,24092.0,3094,0,3696,2018-04-01/2018-04-07,1788207
95,-71,YM,YMM8,D1,2018-04-02,1522627200,24094.0,24145.0,23306.0,23611.0,300956,0,354755,2018-04-01/2018-04-07,1788207
96,-70,YM,YMM8,D1,2018-04-03,1522713600,23610.0,24010.0,23545.0,23947.0,305679,0,353338,2018-04-01/2018-04-07,1788207
97,-69,YM,YMM8,D1,2018-04-04,1522800000,23948.0,24333.0,23361.0,24318.0,328872,0,383225,2018-04-01/2018-04-07,1788207
98,-68,YM,YMM8,D1,2018-04-05,1522886400,24320.0,24596.0,24001.0,24113.0,240715,0,279646,2018-04-01/2018-04-07,1788207
99,-67,YM,YMM8,D1,2018-04-06,1522972800,24112.0,24409.0,23700.0,23920.0,356549,0,413545,2018-04-01/2018-04-07,1788207
100,-66,YM,YMM8,D1,2018-04-07,1523059200,23920.0,23920.0,23920.0,23920.0,2,0,2,2018-04-01/2018-04-07,1788207
101,-65,YM,YMM8,D1,2018-04-08,1523145600,23920.0,24026.0,23920.0,24000.0,3641,0,4139,2018-04-08/2018-04-14,1376481
102,-64,YM,YMM8,D1,2018-04-09,1523232000,24000.0,24346.0,23911.0,23984.0,235518,0,272175,2018-04-08/2018-04-14,1376481
103,-63,YM,YMM8,D1,2018-04-10,1523318400,23985.0,24482.0,23956.0,24318.0,304380,0,355865,2018-04-08/2018-04-14,1376481
104,-62,YM,YMM8,D1,2018-04-11,1523404800,24320.0,24335.0,24062.0,24234.0,211695,0,241601,2018-04-08/2018-04-14,1376481
105,-61,YM,YMM8,D1,2018-04-12,1523491200,24233.0,24561.0,24141.0,24393.0,199705,0,233168,2018-04-08/2018-04-14,1376481
106,-60,YM,YMM8,D1,2018-04-13,1523577600,24394.0,24627.0,24206.0,24349.0,226190,0,269530,2018-04-08/2018-04-14,1376481
107,-59,YM,YMM8,D1,2018-04-14,1523664000,24349.0,24349.0,24349.0,24349.0,3,29,3,2018-04-08/2018-04-14,1376481
108,-58,YM,YMM8,D1,2018-04-15,1523750400,24349.0,24554.0,24349.0,24495.0,3440,0,4393,2018-04-15/2018-04-21,917909
109,-57,YM,YMM8,D1,2018-04-16,1523836800,24495.0,24644.0,24381.0,24565.0,163986,0,196788,2018-04-15/2018-04-21,917909
110,-56,YM,YMM8,D1,2018-04-17,1523923200,24567.0,24827.0,24564.0,24731.0,149172,0,177197,2018-04-15/2018-04-21,917909
111,-55,YM,YMM8,D1,2018-04-18,1524009600,24729.0,24809.0,24681.0,24761.0,125854,0,147743,2018-04-15/2018-04-21,917909
112,-54,YM,YMM8,D1,2018-04-19,1524096000,24762.0,24781.0,24514.0,24622.0,166630,0,192638,2018-04-15/2018-04-21,917909
113,-53,YM,YMM8,D1,2018-04-20,1524182400,24622.0,24665.0,24338.0,24436.0,169903,0,199150,2018-04-15/2018-04-21,917909
114,-52,YM,YMM8,D1,2018-04-22,1524355200,24436.0,24554.0,24436.0,24493.0,1,0,4688,2018-04-22/2018-04-28,1178043
115,-51,YM,YMM8,D1,2018-04-23,1524441600,24491.0,24521.0,24290.0,24460.0,18227,0,171320,2018-04-22/2018-04-28,1178043
116,-50,YM,YMM8,D1,2018-04-24,1524528000,24462.0,24600.0,23786.0,24020.0,25167,0,342666,2018-04-22/2018-04-28,1178043
117,-49,YM,YMM8,D1,2018-04-25,1524614400,24018.0,24150.0,23782.0,24119.0,235354,0,285124,2018-04-22/2018-04-28,1178043
118,-48,YM,YMM8,D1,2018-04-26,1524700800,24121.0,24363.0,24013.0,24274.0,173609,0,202880,2018-04-22/2018-04-28,1178043
119,-47,YM,YMM8,D1,2018-04-27,1524787200,24275.0,24316.0,24147.0,24279.0,150083,0,171364,2018-04-22/2018-04-28,1178043
120,-46,YM,YMM8,D1,2018-04-28,1524873600,24279.0,24279.0,24279.0,24279.0,1,28,1,2018-04-22/2018-04-28,1178043
121,-45,YM,YMM8,D1,2018-04-29,1524960000,24279.0,24367.0,24273.0,24306.0,2265,0,2728,2018-04-29/2018-05-05,1170720
122,-44,YM,YMM8,D1,2018-04-30,1525046400,24305.0,24458.0,24077.0,24148.0,157731,0,185154,2018-04-29/2018-05-05,1170720
123,-43,YM,YMM8,D1,2018-05-01,1525132800,24147.0,24188.0,23753.0,24091.0,186226,0,213227,2018-04-29/2018-05-05,1170720
124,-42,YM,YMM8,D1,2018-05-02,1525219200,24092.0,24136.0,23797.0,23842.0,184626,0,211114,2018-04-29/2018-05-05,1170720
125,-41,YM,YMM8,D1,2018-05-03,1525305600,23841.0,23940.0,23467.0,23856.0,289334,0,328295,2018-04-29/2018-05-05,1170720
126,-40,YM,YMM8,D1,2018-05-04,1525392000,23857.0,24280.0,23721.0,24233.0,198002,0,230200,2018-04-29/2018-05-05,1170720
127,-39,YM,YMM8,D1,2018-05-05,1525478400,24233.0,24233.0,24233.0,24233.0,2,0,2,2018-04-29/2018-05-05,1170720
128,-38,YM,YMM8,D1,2018-05-06,1525564800,24233.0,24337.0,24210.0,24300.0,2950,0,3552,2018-05-06/2018-05-12,884394
129,-37,YM,YMM8,D1,2018-05-07,1525651200,24300.0,24425.0,24204.0,24281.0,148204,0,170199,2018-05-06/2018-05-12,884394
130,-36,YM,YMM8,D1,2018-05-08,1525737600,24280.0,24355.0,24135.0,24280.0,186908,0,218877,2018-05-06/2018-05-12,884394
131,-35,YM,YMM8,D1,2018-05-09,1525824000,24280.0,24542.0,24267.0,24503.0,160736,0,191143,2018-05-06/2018-05-12,884394
132,-34,YM,YMM8,D1,2018-05-10,1525910400,24505.0,24766.0,24481.0,24717.0,134987,0,156030,2018-05-06/2018-05-12,884394
133,-33,YM,YMM8,D1,2018-05-11,1525996800,24718.0,24847.0,24686.0,24810.0,126957,0,144591,2018-05-06/2018-05-12,884394
134,-32,YM,YMM8,D1,2018-05-12,1526083200,24810.0,24810.0,24810.0,24810.0,2,39,2,2018-05-06/2018-05-12,884394
135,-31,YM,YMM8,D1,2018-05-13,1526169600,24810.0,24900.0,24810.0,24892.0,2834,0,3340,2018-05-13/2018-05-19,781049
136,-30,YM,YMM8,D1,2018-05-14,1526256000,24894.0,24971.0,24834.0,24882.0,113057,0,132123,2018-05-13/2018-05-19,781049
137,-29,YM,YMM8,D1,2018-05-15,1526342400,24882.0,24895.0,24603.0,24641.0,172887,0,199401,2018-05-13/2018-05-19,781049
138,-28,YM,YMM8,D1,2018-05-16,1526428800,24643.0,24778.0,24621.0,24763.0,107266,0,128351,2018-05-13/2018-05-19,781049
139,-27,YM,YMM8,D1,2018-05-17,1526515200,24763.0,24836.0,24631.0,24736.0,139326,0,165775,2018-05-13/2018-05-19,781049
140,-26,YM,YMM8,D1,2018-05-18,1526601600,24737.0,24803.0,24655.0,24712.0,133396,0,152059,2018-05-13/2018-05-19,781049
141,-25,YM,YMM8,D1,2018-05-20,1526774400,24712.0,24966.0,24712.0,24910.0,4121,0,4974,2018-05-20/2018-05-26,907749
16,-191,YM,YMZ18,D1,2018-05-21,1526860800,24966.0,25035.0,24961.0,25035.0,13,0,3,2018-05-20/2018-05-26,10590765
17,-190,YM,YMZ18,D1,2018-05-22,1526947200,25090.0,25094.0,24880.0,24881.0,5,0,8,2018-05-20/2018-05-26,10590765
18,-189,YM,YMZ18,D1,2018-05-23,1527033600,24784.0,24895.0,24672.0,24895.0,7,0,10590727,2018-05-20/2018-05-26,10590765
19,-188,YM,YMZ18,D1,2018-05-24,1527120000,24765.0,24844.0,24669.0,24839.0,14,0,14,2018-05-20/2018-05-26,10590765
20,-187,YM,YMZ18,D1,2018-05-25,1527206400,24881.0,24902.0,24756.0,24765.0,10,0,13,2018-05-20/2018-05-26,10590765
147,-19,YM,YMM8,D1,2018-05-27,1527379200,24750.0,24838.0,24750.0,24828.0,1412,0,1871,2018-05-27/2018-06-02,990972
148,-18,YM,YMM8,D1,2018-05-28,1527465600,24827.0,24840.0,24705.0,24768.0,28455,0,32419,2018-05-27/2018-06-02,990972
149,-17,YM,YMM8,D1,2018-05-29,1527552000,24766.0,24772.0,24227.0,24336.0,267903,0,318814,2018-05-27/2018-06-02,990972
150,-16,YM,YMM8,D1,2018-05-30,1527638400,24336.0,24715.0,24327.0,24635.0,189323,0,219388,2018-05-27/2018-06-02,990972
151,-15,YM,YMM8,D1,2018-05-31,1527724800,24637.0,24705.0,24342.0,24443.0,201058,0,238749,2018-05-27/2018-06-02,990972
152,-14,YM,YMM8,D1,2018-06-01,1527811200,24444.0,24679.0,24421.0,24647.0,155016,0,179730,2018-05-27/2018-06-02,990972
153,-13,YM,YMM8,D1,2018-06-02,1527897600,24647.0,24647.0,24647.0,24647.0,1,66,1,2018-05-27/2018-06-02,990972
154,-12,YM,YMM8,D1,2018-06-03,1527984000,24647.0,24647.0,24571.0,24632.0,1485,0,1860,2018-06-03/2018-06-09,764511
155,-11,YM,YMM8,D1,2018-06-04,1528070400,24633.0,24863.0,24626.0,24806.0,118583,0,137389,2018-06-03/2018-06-09,764511
156,-10,YM,YMM8,D1,2018-06-05,1528156800,24808.0,24860.0,24709.0,24825.0,120619,0,139431,2018-06-03/2018-06-09,764511
157,-9,YM,YMM8,D1,2018-06-06,1528243200,24826.0,25161.0,24819.0,25133.0,152460,0,180628,2018-06-03/2018-06-09,764511
158,-8,YM,YMM8,D1,2018-06-07,1528329600,25133.0,25327.0,25125.0,25274.0,183986,0,215951,2018-06-03/2018-06-09,764511
159,-7,YM,YMM8,D1,2018-06-08,1528416000,25275.0,25329.0,25076.0,25326.0,75376,0,89251,2018-06-03/2018-06-09,764511
160,-6,YM,YMM8,D1,2018-06-09,1528502400,25326.0,25326.0,25326.0,25326.0,1,32,1,2018-06-03/2018-06-09,764511
161,-5,YM,YMM8,D1,2018-06-10,1528588800,25326.0,25326.0,25232.0,25283.0,1007,0,1097,2018-06-10/2018-06-16,149387
1,-89,YM,YMU18,D1,2018-06-11,1528675200,25337.0,25418.0,25296.0,25367.0,840,0,113830,2018-06-10/2018-06-16,768580
2,-88,YM,YMU18,D1,2018-06-12,1528761600,25367.0,25404.0,25258.0,25347.0,10308,0,121651,2018-06-10/2018-06-16,768580
3,-87,YM,YMU18,D1,2018-06-13,1528848000,25347.0,25380.0,25200.0,25225.0,8995,0,131805,2018-06-10/2018-06-16,768580
4,-86,YM,YMU18,D1,2018-06-14,1528934400,25224.0,25353.0,25149.0,25202.0,10407,0,166777,2018-06-10/2018-06-16,768580
5,-85,YM,YMU18,D1,2018-06-15,1529020800,25203.0,25204.0,24908.0,25092.0,11993,0,234517,2018-06-10/2018-06-16,768580
6,-84,YM,YMU18,D1,2018-06-17,1529193600,25074.0,25148.0,25059.0,25107.0,676,0,2664,2018-06-17/2018-06-23,1002453
7,-83,YM,YMU18,D1,2018-06-18,1529280000,25106.0,25107.0,24839.0,24874.0,11011,0,164060,2018-06-17/2018-06-23,1002453
8,-82,YM,YMU18,D1,2018-06-19,1529366400,24875.0,24892.0,24569.0,24745.0,16480,0,265272,2018-06-17/2018-06-23,1002453
9,-81,YM,YMU18,D1,2018-06-20,1529452800,24745.0,24858.0,24632.0,24698.0,11945,0,179401,2018-06-17/2018-06-23,1002453
10,-80,YM,YMU18,D1,2018-06-21,1529539200,24696.0,24795.0,24403.0,24484.0,14452,0,236932,2018-06-17/2018-06-23,1002453
11,-79,YM,YMU18,D1,2018-06-22,1529625600,24487.0,24664.0,24478.0,24581.0,10375,0,154124,2018-06-17/2018-06-23,1002453
12,-78,YM,YMU18,D1,2018-06-24,1529798400,24599.0,24615.0,24557.0,24612.0,789,0,3492,2018-06-24/2018-06-30,1288393
13,-77,YM,YMU18,D1,2018-06-25,1529884800,24611.0,24612.0,24077.0,24264.0,18083,0,308513,2018-06-24/2018-06-30,1288393
14,-76,YM,YMU18,D1,2018-06-26,1529971200,24266.0,24375.0,24216.0,24301.0,14233,0,196770,2018-06-24/2018-06-30,1288393
15,-75,YM,YMU18,D1,2018-06-27,1530057600,24302.0,24564.0,24079.0,24168.0,19168,0,312273,2018-06-24/2018-06-30,1288393
16,-74,YM,YMU18,D1,2018-06-28,1530144000,24170.0,24295.0,23978.0,24261.0,19276,0,261601,2018-06-24/2018-06-30,1288393
17,-73,YM,YMU18,D1,2018-06-29,1530230400,24262.0,24496.0,24207.0,24269.0,14942,0,205744,2018-06-24/2018-06-30,1288393
18,-72,YM,YMU18,D1,2018-07-01,1530403200,24274.0,24314.0,24184.0,24268.0,1280,0,4158,2018-07-01/2018-07-07,703139
19,-71,YM,YMU18,D1,2018-07-02,1530489600,24270.0,24324.0,24026.0,24298.0,16546,0,195766,2018-07-01/2018-07-07,703139
20,-70,YM,YMU18,D1,2018-07-03,1530576000,24299.0,24445.0,24125.0,24154.0,12995,0,134049,2018-07-01/2018-07-07,703139
21,-69,YM,YMU18,D1,2018-07-04,1530662400,24156.0,24252.0,24145.0,24193.0,7633,0,33819,2018-07-01/2018-07-07,703139
22,-68,YM,YMU18,D1,2018-07-05,1530748800,24194.0,24364.0,24114.0,24288.0,14631,0,169431,2018-07-01/2018-07-07,703139
23,-67,YM,YMU18,D1,2018-07-06,1530835200,24288.0,24507.0,24241.0,24463.0,13861,0,165916,2018-07-01/2018-07-07,703139
24,-66,YM,YMU18,D1,2018-07-08,1531008000,24457.0,24525.0,24453.0,24506.0,650,0,2323,2018-07-08/2018-07-14,831717
25,-65,YM,YMU18,D1,2018-07-09,1531094400,24508.0,24838.0,24498.0,24827.0,10142,0,142572,2018-07-08/2018-07-14,831717
26,-64,YM,YMU18,D1,2018-07-10,1531180800,24828.0,24937.0,24685.0,24703.0,12752,0,168282,2018-07-08/2018-07-14,831717
27,-63,YM,YMU18,D1,2018-07-11,1531267200,24706.0,24805.0,24611.0,24723.0,15559,0,211497,2018-07-08/2018-07-14,831717
28,-62,YM,YMU18,D1,2018-07-12,1531353600,24724.0,24955.0,24708.0,24947.0,11721,0,169404,2018-07-08/2018-07-14,831717
29,-61,YM,YMU18,D1,2018-07-13,1531440000,24948.0,25028.0,24869.0,25019.0,9777,0,137639,2018-07-08/2018-07-14,831717
30,-60,YM,YMU18,D1,2018-07-15,1531612800,25025.0,25078.0,25025.0,25060.0,633,0,2058,2018-07-15/2018-07-21,637516
15,-222,YM,YMH19,D1,2018-07-16,1531699200,25079.0,25079.0,25079.0,25079.0,1,0,0,2018-07-15/2018-07-21,4144959
16,-221,YM,YMH19,D1,2018-07-17,1531785600,25143.0,25143.0,25143.0,25143.0,1,0,0,2018-07-15/2018-07-21,4144959
17,-220,YM,YMH19,D1,2018-07-18,1531872000,25197.0,25197.0,25197.0,25197.0,1,0,4144959,2018-07-15/2018-07-21,4144959
18,-219,YM,YMH19,D1,2018-07-19,1531958400,25093.0,25093.0,25093.0,25093.0,1,0,0,2018-07-15/2018-07-21,4144959
19,-218,YM,YMH19,D1,2018-07-20,1532044800,25067.0,25067.0,25067.0,25067.0,1,0,0,2018-07-15/2018-07-21,4144959
36,-54,YM,YMU18,D1,2018-07-22,1532217600,25088.0,25088.0,25050.0,25050.0,510,0,1652,2018-07-22/2018-07-28,830574
37,-53,YM,YMU18,D1,2018-07-23,1532304000,25050.0,25088.0,24952.0,25083.0,10389,0,114968,2018-07-22/2018-07-28,830574
38,-52,YM,YMU18,D1,2018-07-24,1532390400,25085.0,25268.0,25039.0,25213.0,11335,0,182399,2018-07-22/2018-07-28,830574
39,-51,YM,YMU18,D1,2018-07-25,1532476800,25211.0,25470.0,25088.0,25425.0,12239,0,186931,2018-07-22/2018-07-28,830574
40,-50,YM,YMU18,D1,2018-07-26,1532563200,25425.0,25568.0,25393.0,25528.0,11174,0,152341,2018-07-22/2018-07-28,830574
41,-49,YM,YMU18,D1,2018-07-27,1532649600,25528.0,25572.0,25348.0,25426.0,11071,0,192283,2018-07-22/2018-07-28,830574
42,-48,YM,YMU18,D1,2018-07-29,1532822400,25422.0,25432.0,25394.0,25406.0,478,0,1347,2018-07-29/2018-08-04,713658
43,-47,YM,YMU18,D1,2018-07-30,1532908800,25403.0,25475.0,25264.0,25308.0,10944,0,151252,2018-07-29/2018-08-04,713658
44,-46,YM,YMU18,D1,2018-07-31,1532995200,25308.0,25486.0,25272.0,25388.0,11081,0,153233,2018-07-29/2018-08-04,713658
45,-45,YM,YMU18,D1,2018-08-01,1533081600,25389.0,25458.0,25247.0,25318.0,10168,0,138019,2018-07-29/2018-08-04,713658
46,-44,YM,YMU18,D1,2018-08-02,1533168000,25317.0,25334.0,25087.0,25316.0,11561,0,155683,2018-07-29/2018-08-04,713658
47,-43,YM,YMU18,D1,2018-08-03,1533254400,25316.0,25437.0,25260.0,25423.0,8813,0,114124,2018-07-29/2018-08-04,713658
48,-42,YM,YMU18,D1,2018-08-05,1533427200,25424.0,25448.0,25417.0,25423.0,412,0,1397,2018-08-05/2018-08-11,572949
49,-41,YM,YMU18,D1,2018-08-06,1533513600,25421.0,25508.0,25346.0,25472.0,8455,0,96179,2018-08-05/2018-08-11,572949
50,-40,YM,YMU18,D1,2018-08-07,1533600000,25472.0,25661.0,25465.0,25604.0,7284,0,107761,2018-08-05/2018-08-11,572949
51,-39,YM,YMU18,D1,2018-08-08,1533686400,25602.0,25632.0,25501.0,25528.0,7200,0,97427,2018-08-05/2018-08-11,572949
52,-38,YM,YMU18,D1,2018-08-09,1533772800,25528.0,25603.0,25459.0,25486.0,7426,0,97278,2018-08-05/2018-08-11,572949
53,-37,YM,YMU18,D1,2018-08-10,1533859200,25487.0,25490.0,25215.0,25351.0,10767,0,172907,2018-08-05/2018-08-11,572949
54,-36,YM,YMU18,D1,2018-08-12,1534032000,25333.0,25333.0,25237.0,25277.0,821,0,2693,2018-08-12/2018-08-18,828664
55,-35,YM,YMU18,D1,2018-08-13,1534118400,25278.0,25371.0,25141.0,25226.0,13097,0,165217,2018-08-12/2018-08-18,828664
56,-34,YM,YMU18,D1,2018-08-14,1534204800,25224.0,25334.0,25192.0,25307.0,10264,0,121922,2018-08-12/2018-08-18,828664
57,-33,YM,YMU18,D1,2018-08-15,1534291200,25308.0,25315.0,24955.0,25174.0,13245,0,222850,2018-08-12/2018-08-18,828664
58,-32,YM,YMU18,D1,2018-08-16,1534377600,25176.0,25608.0,25147.0,25587.0,11730,0,169287,2018-08-12/2018-08-18,828664
59,-31,YM,YMU18,D1,2018-08-17,1534464000,25586.0,25731.0,25506.0,25702.0,10695,0,146695,2018-08-12/2018-08-18,828664
60,-30,YM,YMU18,D1,2018-08-19,1534636800,25703.0,25710.0,25680.0,25688.0,527,0,1749,2018-08-19/2018-08-25,567024
61,-29,YM,YMU18,D1,2018-08-20,1534723200,25688.0,25791.0,25663.0,25741.0,8379,0,101827,2018-08-19/2018-08-25,567024
62,-28,YM,YMU18,D1,2018-08-21,1534809600,25741.0,25885.0,25678.0,25684.0,8943,0,111151,2018-08-19/2018-08-25,567024
63,-27,YM,YMU18,D1,2018-08-22,1534896000,25683.0,25836.0,25677.0,25732.0,9616,0,115320,2018-08-19/2018-08-25,567024
64,-26,YM,YMU18,D1,2018-08-23,1534982400,25731.0,25767.0,25607.0,25662.0,9089,0,126808,2018-08-19/2018-08-25,567024
65,-25,YM,YMU18,D1,2018-08-24,1535068800,25660.0,25828.0,25653.0,25807.0,8200,0,110169,2018-08-19/2018-08-25,567024
66,-24,YM,YMU18,D1,2018-08-26,1535241600,25809.0,25869.0,25805.0,25866.0,577,0,2369,2018-08-26/2018-09-01,596284
67,-23,YM,YMU18,D1,2018-08-27,1535328000,25864.0,26109.0,25853.0,26105.0,7658,0,107365,2018-08-26/2018-09-01,596284
68,-22,YM,YMU18,D1,2018-08-28,1535414400,26104.0,26156.0,26044.0,26111.0,7694,0,108845,2018-08-26/2018-09-01,596284
69,-21,YM,YMU18,D1,2018-08-29,1535500800,26111.0,26185.0,26050.0,26145.0,7741,0,104697,2018-08-26/2018-09-01,596284
70,-20,YM,YMU18,D1,2018-08-30,1535587200,26143.0,26158.0,25946.0,25970.0,9730,0,141635,2018-08-26/2018-09-01,596284
71,-19,YM,YMU18,D1,2018-08-31,1535673600,25970.0,26049.0,25896.0,26038.0,9543,0,131373,2018-08-26/2018-09-01,596284
72,-18,YM,YMU18,D1,2018-09-02,1535846400,26021.0,26037.0,25994.0,26011.0,521,0,1578,2018-09-02/2018-09-08,760365
73,-17,YM,YMU18,D1,2018-09-03,1535932800,26011.0,26080.0,25960.0,26014.0,5111,0,28381,2018-09-02/2018-09-08,760365
74,-16,YM,YMU18,D1,2018-09-04,1536019200,26014.0,26069.0,25817.0,25977.0,10780,0,151763,2018-09-02/2018-09-08,760365
75,-15,YM,YMU18,D1,2018-09-05,1536105600,25976.0,26026.0,25841.0,25960.0,11223,0,174006,2018-09-02/2018-09-08,760365
76,-14,YM,YMU18,D1,2018-09-06,1536192000,25959.0,26100.0,25894.0,26002.0,12043,0,200733,2018-09-02/2018-09-08,760365
77,-13,YM,YMU18,D1,2018-09-07,1536278400,26003.0,26038.0,25833.0,25945.0,12520,0,203904,2018-09-02/2018-09-08,760365
78,-12,YM,YMU18,D1,2018-09-09,1536451200,25945.0,25982.0,25940.0,25966.0,7,0,1947,2018-09-09/2018-09-15,708983
79,-11,YM,YMU18,D1,2018-09-10,1536537600,25967.0,26061.0,25874.0,25902.0,118611,0,143460,2018-09-09/2018-09-15,708983
80,-10,YM,YMU18,D1,2018-09-11,1536624000,25903.0,26038.0,25764.0,26014.0,123316,0,151677,2018-09-09/2018-09-15,708983
81,-9,YM,YMU18,D1,2018-09-12,1536710400,26015.0,26164.0,25940.0,26007.0,157723,0,193342,2018-09-09/2018-09-15,708983
82,-8,YM,YMU18,D1,2018-09-13,1536796800,26006.0,26203.0,25980.0,26162.0,123781,0,149656,2018-09-09/2018-09-15,708983
83,-7,YM,YMU18,D1,2018-09-14,1536883200,26165.0,26237.0,26078.0,26157.0,60904,0,68891,2018-09-09/2018-09-15,708983
84,-6,YM,YMU18,D1,2018-09-15,1536969600,26157.0,26157.0,26157.0,26157.0,5,0,10,2018-09-09/2018-09-15,708983
112,-95,YM,YMZ18,D1,2018-09-16,1537056000,26185.0,26189.0,26126.0,26142.0,1948,0,2327,2018-09-16/2018-09-22,692351
113,-94,YM,YMZ18,D1,2018-09-17,1537142400,26141.0,26222.0,25993.0,25995.0,92366,0,110852,2018-09-16/2018-09-22,692351
114,-93,YM,YMZ18,D1,2018-09-18,1537228800,25997.0,26357.0,25991.0,26313.0,115687,0,143374,2018-09-16/2018-09-22,692351
115,-92,YM,YMZ18,D1,2018-09-19,1537315200,26312.0,26504.0,26265.0,26491.0,111056,0,143819,2018-09-16/2018-09-22,692351
116,-91,YM,YMZ18,D1,2018-09-20,1537401600,26490.0,26750.0,26457.0,26747.0,118262,0,150788,2018-09-16/2018-09-22,692351
117,-90,YM,YMZ18,D1,2018-09-21,1537488000,26747.0,26820.0,26712.0,26746.0,117689,0,141181,2018-09-16/2018-09-22,692351
118,-89,YM,YMZ18,D1,2018-09-22,1537574400,26746.0,26746.0,26746.0,26746.0,2,0,10,2018-09-16/2018-09-22,692351
119,-88,YM,YMZ18,D1,2018-09-23,1537660800,26746.0,26746.0,26659.0,26697.0,3726,0,4474,2018-09-23/2018-09-29,776807
120,-87,YM,YMZ18,D1,2018-09-24,1537747200,26697.0,26739.0,26577.0,26613.0,114297,0,143745,2018-09-23/2018-09-29,776807
121,-86,YM,YMZ18,D1,2018-09-25,1537833600,26613.0,26704.0,26501.0,26543.0,109178,0,136836,2018-09-23/2018-09-29,776807
122,-85,YM,YMZ18,D1,2018-09-26,1537920000,26542.0,26627.0,26369.0,26439.0,119814,0,153173,2018-09-23/2018-09-29,776807
123,-84,YM,YMZ18,D1,2018-09-27,1538006400,26439.0,26576.0,26357.0,26493.0,129894,0,162895,2018-09-23/2018-09-29,776807
124,-83,YM,YMZ18,D1,2018-09-28,1538092800,26491.0,26534.0,26347.0,26503.0,139337,0,175683,2018-09-23/2018-09-29,776807
125,-82,YM,YMZ18,D1,2018-09-29,1538179200,26503.0,26503.0,26503.0,26503.0,1,0,1,2018-09-23/2018-09-29,776807
126,-81,YM,YMZ18,D1,2018-09-30,1538265600,26503.0,26620.0,26503.0,26595.0,3955,0,4858,2018-09-30/2018-10-06,1028301
127,-80,YM,YMZ18,D1,2018-10-01,1538352000,26596.0,26754.0,26581.0,26673.0,129484,0,161234,2018-09-30/2018-10-06,1028301
128,-79,YM,YMZ18,D1,2018-10-02,1538438400,26675.0,26837.0,26552.0,26796.0,134663,0,162707,2018-09-30/2018-10-06,1028301
129,-78,YM,YMZ18,D1,2018-10-03,1538524800,26796.0,26966.0,26776.0,26815.0,133906,0,163665,2018-09-30/2018-10-06,1028301
130,-77,YM,YMZ18,D1,2018-10-04,1538611200,26815.0,26821.0,26483.0,26668.0,222526,0,266151,2018-09-30/2018-10-06,1028301
131,-76,YM,YMZ18,D1,2018-10-05,1538697600,26670.0,26736.0,26311.0,26500.0,223707,0,269674,2018-09-30/2018-10-06,1028301
132,-75,YM,YMZ18,D1,2018-10-06,1538784000,26500.0,26500.0,26500.0,26500.0,3,0,12,2018-09-30/2018-10-06,1028301
133,-74,YM,YMZ18,D1,2018-10-07,1538870400,26500.0,26542.0,26441.0,26470.0,3728,0,4213,2018-10-07/2018-10-13,2000223
134,-73,YM,YMZ18,D1,2018-10-08,1538956800,26469.0,26549.0,26226.0,26512.0,184338,0,220376,2018-10-07/2018-10-13,2000223
135,-72,YM,YMZ18,D1,2018-10-09,1539043200,26511.0,26562.0,26337.0,26495.0,197039,0,234251,2018-10-07/2018-10-13,2000223
136,-71,YM,YMZ18,D1,2018-10-10,1539129600,26495.0,26522.0,25421.0,25458.0,362801,0,421186,2018-10-07/2018-10-13,2000223
137,-70,YM,YMZ18,D1,2018-10-11,1539216000,25457.0,25680.0,24893.0,25288.0,627139,0,691551,2018-10-07/2018-10-13,2000223
138,-69,YM,YMZ18,D1,2018-10-12,1539302400,25288.0,25545.0,24990.0,25348.0,385519,0,428645,2018-10-07/2018-10-13,2000223
139,-68,YM,YMZ18,D1,2018-10-13,1539388800,25348.0,25348.0,25348.0,25348.0,1,0,1,2018-10-07/2018-10-13,2000223
140,-67,YM,YMZ18,D1,2018-10-14,1539475200,25348.0,25348.0,25209.0,25320.0,4504,0,5000,2018-10-14/2018-10-20,1389633
141,-66,YM,YMZ18,D1,2018-10-15,1539561600,25318.0,25471.0,25111.0,25249.0,258243,0,291181,2018-10-14/2018-10-20,1389633
142,-65,YM,YMZ18,D1,2018-10-16,1539648000,25251.0,25805.0,25214.0,25767.0,208871,0,246484,2018-10-14/2018-10-20,1389633
143,-64,YM,YMZ18,D1,2018-10-17,1539734400,25767.0,25845.0,25461.0,25667.0,230731,0,268834,2018-10-14/2018-10-20,1389633
144,-63,YM,YMZ18,D1,2018-10-18,1539820800,25666.0,25718.0,25217.0,25368.0,273684,0,313910,2018-10-14/2018-10-20,1389633
145,-62,YM,YMZ18,D1,2018-10-19,1539907200,25367.0,25596.0,25338.0,25435.0,226274,0,264218,2018-10-14/2018-10-20,1389633
146,-61,YM,YMZ18,D1,2018-10-20,1539993600,25435.0,25435.0,25435.0,25435.0,6,0,6,2018-10-14/2018-10-20,1389633
147,-60,YM,YMZ18,D1,2018-10-21,1540080000,25435.0,25435.0,25308.0,25349.0,4742,0,5414,2018-10-21/2018-10-27,1670938
148,-59,YM,YMZ18,D1,2018-10-22,1540166400,25351.0,25566.0,25220.0,25264.0,198225,0,226385,2018-10-21/2018-10-27,1670938
149,-58,YM,YMZ18,D1,2018-10-23,1540252800,25264.0,25289.0,24750.0,25241.0,304481,0,344734,2018-10-21/2018-10-27,1670938
150,-57,YM,YMZ18,D1,2018-10-24,1540339200,25240.0,25338.0,24511.0,24627.0,313422,0,351835,2018-10-21/2018-10-27,1670938
151,-56,YM,YMZ18,D1,2018-10-25,1540425600,24628.0,25079.0,24607.0,24776.0,285266,0,319800,2018-10-21/2018-10-27,1670938
152,-55,YM,YMZ18,D1,2018-10-26,1540512000,24779.0,24885.0,24415.0,24697.0,379460,0,422770,2018-10-21/2018-10-27,1670938
153,-54,YM,YMZ18,D1,2018-10-28,1540684800,24697.0,24852.0,24697.0,24791.0,3598,0,4188,2018-10-28/2018-11-03,1475047
154,-53,YM,YMZ18,D1,2018-10-29,1540771200,24790.0,25007.0,24086.0,24403.0,327702,0,370853,2018-10-28/2018-11-03,1475047
155,-52,YM,YMZ18,D1,2018-10-30,1540857600,24401.0,24900.0,24330.0,24872.0,304815,0,342268,2018-10-28/2018-11-03,1475047
156,-51,YM,YMZ18,D1,2018-10-31,1540944000,24872.0,25303.0,24823.0,25117.0,213658,0,241694,2018-10-28/2018-11-03,1475047
157,-50,YM,YMZ18,D1,2018-11-01,1541030400,25116.0,25362.0,25060.0,25295.0,188100,0,215944,2018-10-28/2018-11-03,1475047
158,-49,YM,YMZ18,D1,2018-11-02,1541116800,25294.0,25684.0,25035.0,25229.0,268807,0,300098,2018-10-28/2018-11-03,1475047
159,-48,YM,YMZ18,D1,2018-11-03,1541203200,25229.0,25229.0,25229.0,25229.0,2,0,2,2018-10-28/2018-11-03,1475047
160,-47,YM,YMZ18,D1,2018-11-04,1541289600,25229.0,25229.0,25151.0,25158.0,1724,0,1907,2018-11-04/2018-11-10,952240
161,-46,YM,YMZ18,D1,2018-11-05,1541376000,25160.0,25465.0,25131.0,25449.0,154854,0,174520,2018-11-04/2018-11-10,952240
162,-45,YM,YMZ18,D1,2018-11-06,1541462400,25447.0,25660.0,25365.0,25599.0,137106,0,154149,2018-11-04/2018-11-10,952240
163,-44,YM,YMZ18,D1,2018-11-07,1541548800,25598.0,26198.0,25534.0,26164.0,215365,0,242511,2018-11-04/2018-11-10,952240
164,-43,YM,YMZ18,D1,2018-11-08,1541635200,26163.0,26268.0,26069.0,26186.0,155020,0,173711,2018-11-04/2018-11-10,952240
165,-42,YM,YMZ18,D1,2018-11-09,1541721600,26183.0,26236.0,25874.0,25969.0,184305,0,205440,2018-11-04/2018-11-10,952240
166,-41,YM,YMZ18,D1,2018-11-10,1541808000,25969.0,25969.0,25969.0,25969.0,2,0,2,2018-11-04/2018-11-10,952240
167,-40,YM,YMZ18,D1,2018-11-11,1541894400,25969.0,25984.0,25920.0,25963.0,1346,0,1435,2018-11-11/2018-11-17,1403215
168,-39,YM,YMZ18,D1,2018-11-12,1541980800,25961.0,26096.0,25334.0,25378.0,217272,0,245452,2018-11-11/2018-11-17,1403215
169,-38,YM,YMZ18,D1,2018-11-13,1542067200,25379.0,25566.0,25181.0,25406.0,247521,0,276528,2018-11-11/2018-11-17,1403215
170,-37,YM,YMZ18,D1,2018-11-14,1542153600,25403.0,25489.0,24922.0,25029.0,264361,0,293859,2018-11-11/2018-11-17,1403215
171,-36,YM,YMZ18,D1,2018-11-15,1542240000,25033.0,25349.0,24782.0,25252.0,308570,0,349312,2018-11-11/2018-11-17,1403215
172,-35,YM,YMZ18,D1,2018-11-16,1542326400,25260.0,25505.0,25096.0,25448.0,213354,0,236628,2018-11-11/2018-11-17,1403215
173,-34,YM,YMZ18,D1,2018-11-17,1542412800,25448.0,25448.0,25448.0,25448.0,1,0,1,2018-11-11/2018-11-17,1403215
174,-33,YM,YMZ18,D1,2018-11-18,1542499200,25448.0,25448.0,25343.0,25387.0,2313,0,2749,2018-11-18/2018-11-24,954711
175,-32,YM,YMZ18,D1,2018-11-19,1542585600,25387.0,25492.0,24890.0,24991.0,219578,0,247213,2018-11-18/2018-11-24,954711
176,-31,YM,YMZ18,D1,2018-11-20,1542672000,25001.0,25021.0,24355.0,24418.0,302046,0,337480,2018-11-18/2018-11-24,954711
177,-30,YM,YMZ18,D1,2018-11-21,1542758400,24429.0,24659.0,24428.0,24498.0,179761,0,198323,2018-11-18/2018-11-24,954711
178,-29,YM,YMZ18,D1,2018-11-22,1542844800,24497.0,24541.0,24288.0,24400.0,53517,0,60113,2018-11-18/2018-11-24,954711
179,-28,YM,YMZ18,D1,2018-11-23,1542931200,24399.0,24427.0,24246.0,24260.0,98616,1,108831,2018-11-18/2018-11-24,954711
180,-27,YM,YMZ18,D1,2018-11-24,1543017600,24260.0,24260.0,24260.0,24260.0,2,37,2,2018-11-18/2018-11-24,954711
181,-26,YM,YMZ18,D1,2018-11-25,1543104000,24260.0,24351.0,24260.0,24333.0,2066,0,2459,2018-11-25/2018-12-01,1028668
182,-25,YM,YMZ18,D1,2018-11-26,1543190400,24333.0,24664.0,24307.0,24519.0,166510,0,188759,2018-11-25/2018-12-01,1028668
183,-24,YM,YMZ18,D1,2018-11-27,1543276800,24520.0,24793.0,24404.0,24762.0,203662,0,229912,2018-11-25/2018-12-01,1028668
184,-23,YM,YMZ18,D1,2018-11-28,1543363200,24761.0,25370.0,24727.0,25332.0,214566,0,248165,2018-11-25/2018-12-01,1028668
185,-22,YM,YMZ18,D1,2018-11-29,1543449600,25333.0,25483.0,25206.0,25367.0,174225,0,193718,2018-11-25/2018-12-01,1028668
186,-21,YM,YMZ18,D1,2018-11-30,1543536000,25366.0,25602.0,25223.0,25588.0,147052,0,165654,2018-11-25/2018-12-01,1028668
187,-20,YM,YMZ18,D1,2018-12-01,1543622400,25588.0,25588.0,25588.0,25588.0,1,0,1,2018-11-25/2018-12-01,1028668
188,-19,YM,YMZ18,D1,2018-12-02,1543708800,25588.0,26036.0,25588.0,25991.0,5943,0,7175,2018-12-02/2018-12-08,1507544
189,-18,YM,YMZ18,D1,2018-12-03,1543795200,25990.0,26088.0,25685.0,25796.0,214326,0,240806,2018-12-02/2018-12-08,1507544
190,-17,YM,YMZ18,D1,2018-12-04,1543881600,25797.0,25808.0,24999.0,25099.0,298996,0,334814,2018-12-02/2018-12-08,1507544
191,-16,YM,YMZ18,D1,2018-12-05,1543968000,25097.0,25190.0,24562.0,24855.0,44680,0,50875,2018-12-02/2018-12-08,1507544
192,-15,YM,YMZ18,D1,2018-12-06,1544054400,24854.0,24981.0,24256.0,24943.0,433904,0,480785,2018-12-02/2018-12-08,1507544
193,-14,YM,YMZ18,D1,2018-12-07,1544140800,24940.0,25114.0,24297.0,24433.0,357115,0,393085,2018-12-02/2018-12-08,1507544
194,-13,YM,YMZ18,D1,2018-12-08,1544227200,24433.0,24433.0,24433.0,24433.0,4,0,4,2018-12-02/2018-12-08,1507544
195,-12,YM,YMZ18,D1,2018-12-09,1544313600,24433.0,24433.0,24159.0,24201.0,5639,0,6287,2018-12-09/2018-12-15,1472957
196,-11,YM,YMZ18,D1,2018-12-10,1544400000,24202.0,24517.0,23894.0,24433.0,392313,0,426378,2018-12-09/2018-12-15,1472957
197,-10,YM,YMZ18,D1,2018-12-11,1544486400,24429.0,24823.0,24231.0,24394.0,311768,0,346863,2018-12-09/2018-12-15,1472957
198,-9,YM,YMZ18,D1,2018-12-12,1544572800,24376.0,24844.0,24353.0,24619.0,251399,0,278446,2018-12-09/2018-12-15,1472957
199,-8,YM,YMZ18,D1,2018-12-13,1544659200,24621.0,24753.0,24481.0,24585.0,239141,0,266318,2018-12-09/2018-12-15,1472957
200,-7,YM,YMZ18,D1,2018-12-14,1544745600,24582.0,24610.0,24042.0,24063.0,134369,0,148664,2018-12-09/2018-12-15,1472957
201,-6,YM,YMZ18,D1,2018-12-15,1544832000,24063.0,24063.0,24063.0,24063.0,1,0,1,2018-12-09/2018-12-15,1472957
149,-88,YM,YMH19,D1,2018-12-16,1544918400,24082.0,24158.0,24011.0,24153.0,1175,0,1364,2018-12-16/2018-12-22,1706461
150,-87,YM,YMH19,D1,2018-12-17,1545004800,24153.0,24241.0,23476.0,23777.0,226605,0,250374,2018-12-16/2018-12-22,1706461
151,-86,YM,YMH19,D1,2018-12-18,1545091200,23778.0,23949.0,23533.0,23669.0,248590,0,272778,2018-12-16/2018-12-22,1706461
152,-85,YM,YMH19,D1,2018-12-19,1545177600,23650.0,24080.0,23170.0,23371.0,282087,0,311474,2018-12-16/2018-12-22,1706461
153,-84,YM,YMH19,D1,2018-12-20,1545264000,23375.0,23436.0,22639.0,22981.0,407142,0,450470,2018-12-16/2018-12-22,1706461
154,-83,YM,YMH19,D1,2018-12-21,1545350400,22944.0,23249.0,22369.0,22468.0,378158,0,420000,2018-12-16/2018-12-22,1706461
155,-82,YM,YMH19,D1,2018-12-22,1545436800,22468.0,22468.0,22468.0,22468.0,1,0,1,2018-12-16/2018-12-22,1706461
156,-81,YM,YMH19,D1,2018-12-23,1545523200,22468.0,22469.0,22290.0,22422.0,4501,0,5161,2018-12-23/2018-12-29,1275359
157,-80,YM,YMH19,D1,2018-12-24,1545609600,22420.0,22572.0,21681.0,21697.0,215764,1,241211,2018-12-23/2018-12-29,1275359
158,-79,YM,YMH19,D1,2018-12-25,1545696000,21730.0,21773.0,21452.0,21713.0,5641,0,6817,2018-12-23/2018-12-29,1275359
159,-78,YM,YMH19,D1,2018-12-26,1545782400,21719.0,22969.0,21538.0,22824.0,315019,0,354392,2018-12-23/2018-12-29,1275359
160,-77,YM,YMH19,D1,2018-12-27,1545868800,22825.0,23200.0,22242.0,23042.0,322080,0,358247,2018-12-23/2018-12-29,1275359
161,-76,YM,YMH19,D1,2018-12-28,1545955200,23060.0,23372.0,22957.0,23047.0,282985,0,309529,2018-12-23/2018-12-29,1275359
162,-75,YM,YMH19,D1,2018-12-29,1546041600,23047.0,23047.0,23047.0,23047.0,2,0,2,2018-12-23/2018-12-29,1275359
163,-74,YM,YMH19,D1,2018-12-30,1546128000,23047.0,23242.0,23047.0,23175.0,2494,0,2925,2018-12-30/2019-01-05,1144242
164,-73,YM,YMH19,D1,2018-12-31,1546214400,23178.0,23352.0,23090.0,23320.0,151391,0,168483,2018-12-30/2019-01-05,1144242
165,-72,YM,YMH19,D1,2019-01-01,1546300800,23320.0,23417.0,23289.0,23374.0,2758,0,3079,2018-12-30/2019-01-05,1144242
166,-71,YM,YMH19,D1,2019-01-02,1546387200,23374.0,23414.0,22786.0,22963.0,281928,0,316898,2018-12-30/2019-01-05,1144242
167,-70,YM,YMH19,D1,2019-01-03,1546473600,22985.0,23123.0,22615.0,22674.0,300078,0,336685,2018-12-30/2019-01-05,1144242
168,-69,YM,YMH19,D1,2019-01-04,1546560000,22670.0,23504.0,22563.0,23384.0,280220,0,316168,2018-12-30/2019-01-05,1144242
169,-68,YM,YMH19,D1,2019-01-05,1546646400,23384.0,23384.0,23384.0,23384.0,2,0,4,2018-12-30/2019-01-05,1144242
170,-67,YM,YMH19,D1,2019-01-06,1546732800,23384.0,23489.0,23384.0,23483.0,2579,0,2849,2019-01-06/2019-01-12,1112406
171,-66,YM,YMH19,D1,2019-01-07,1546819200,23484.0,23668.0,23279.0,23523.0,204333,0,234183,2019-01-06/2019-01-12,1112406
172,-65,YM,YMH19,D1,2019-01-08,1546905600,23524.0,23848.0,23523.0,23795.0,213729,0,244558,2019-01-06/2019-01-12,1112406
173,-64,YM,YMH19,D1,2019-01-09,1546992000,23788.0,23966.0,23753.0,23806.0,200496,0,231588,2019-01-06/2019-01-12,1112406
174,-63,YM,YMH19,D1,2019-01-10,1547078400,23840.0,23999.0,23640.0,23931.0,199207,0,227987,2019-01-06/2019-01-12,1112406
175,-62,YM,YMH19,D1,2019-01-11,1547164800,23933.0,23994.0,23765.0,23959.0,152062,0,171235,2019-01-06/2019-01-12,1112406
176,-61,YM,YMH19,D1,2019-01-12,1547251200,23959.0,23959.0,23959.0,23959.0,2,0,6,2019-01-06/2019-01-12,1112406
177,-60,YM,YMH19,D1,2019-01-13,1547337600,23959.0,23959.0,23848.0,23850.0,2255,0,2603,2019-01-13/2019-01-19,980304
178,-59,YM,YMH19,D1,2019-01-14,1547424000,23848.0,23937.0,23696.0,23885.0,138250,0,159970,2019-01-13/2019-01-19,980304
179,-58,YM,YMH19,D1,2019-01-15,1547510400,23885.0,24073.0,23825.0,24039.0,194898,0,222168,2019-01-13/2019-01-19,980304
180,-57,YM,YMH19,D1,2019-01-16,1547596800,24007.0,24259.0,23959.0,24137.0,158040,0,183773,2019-01-13/2019-01-19,980304
181,-56,YM,YMH19,D1,2019-01-17,1547683200,24138.0,24449.0,24010.0,24311.0,174559,0,199192,2019-01-13/2019-01-19,980304
182,-55,YM,YMH19,D1,2019-01-18,1547769600,24311.0,24745.0,24311.0,24737.0,188490,0,212597,2019-01-13/2019-01-19,980304
183,-54,YM,YMH19,D1,2019-01-19,1547856000,24737.0,24737.0,24737.0,24737.0,1,0,1,2019-01-13/2019-01-19,980304
184,-53,YM,YMH19,D1,2019-01-20,1547942400,24737.0,24737.0,24642.0,24654.0,1530,0,1797,2019-01-20/2019-01-26,932224
185,-52,YM,YMH19,D1,2019-01-21,1548028800,24652.0,24662.0,24528.0,24610.0,39912,0,43594,2019-01-20/2019-01-26,932224
186,-51,YM,YMH19,D1,2019-01-22,1548115200,24611.0,24644.0,24216.0,24385.0,208197,0,236914,2019-01-20/2019-01-26,932224
187,-50,YM,YMH19,D1,2019-01-23,1548201600,24385.0,24673.0,24276.0,24506.0,216729,0,249953,2019-01-20/2019-01-26,932224
188,-49,YM,YMH19,D1,2019-01-24,1548288000,24504.0,24608.0,24386.0,24495.0,183178,0,207640,2019-01-20/2019-01-26,932224
189,-48,YM,YMH19,D1,2019-01-25,1548374400,24496.0,24830.0,24475.0,24727.0,172064,0,192322,2019-01-20/2019-01-26,932224
190,-47,YM,YMH19,D1,2019-01-26,1548460800,24727.0,24727.0,24727.0,24727.0,4,0,4,2019-01-20/2019-01-26,932224
191,-46,YM,YMH19,D1,2019-01-27,1548547200,24727.0,24727.0,24653.0,24662.0,1777,0,2008,2019-01-27/2019-02-02,1061785
192,-45,YM,YMH19,D1,2019-01-28,1548633600,24660.0,24686.0,24284.0,24413.0,189499,0,209696,2019-01-27/2019-02-02,1061785
193,-44,YM,YMH19,D1,2019-01-29,1548720000,24412.0,24660.0,24350.0,24608.0,162900,0,180676,2019-01-27/2019-02-02,1061785
194,-43,YM,YMH19,D1,2019-01-30,1548806400,24609.0,25068.0,24540.0,24983.0,215345,0,242424,2019-01-27/2019-02-02,1061785
195,-42,YM,YMH19,D1,2019-01-31,1548892800,24984.0,25046.0,24796.0,24995.0,203540,0,230167,2019-01-27/2019-02-02,1061785
196,-41,YM,YMH19,D1,2019-02-01,1548979200,24995.0,25143.0,24933.0,25001.0,178760,0,196813,2019-01-27/2019-02-02,1061785
197,-40,YM,YMH19,D1,2019-02-02,1549065600,25001.0,25001.0,25001.0,25001.0,1,22,1,2019-01-27/2019-02-02,1061785
198,-39,YM,YMH19,D1,2019-02-03,1549152000,25001.0,25001.0,24939.0,24984.0,1257,0,1458,2019-02-03/2019-02-09,949292
199,-38,YM,YMH19,D1,2019-02-04,1549238400,24985.0,25198.0,24924.0,25166.0,122658,0,138976,2019-02-03/2019-02-09,949292
200,-37,YM,YMH19,D1,2019-02-05,1549324800,25166.0,25374.0,25141.0,25324.0,138361,0,157770,2019-02-03/2019-02-09,949292
201,-36,YM,YMH19,D1,2019-02-06,1549411200,25324.0,25387.0,25257.0,25323.0,140122,0,156248,2019-02-03/2019-02-09,949292
202,-35,YM,YMH19,D1,2019-02-07,1549497600,25323.0,25331.0,24965.0,25067.0,244612,0,275128,2019-02-03/2019-02-09,949292
203,-34,YM,YMH19,D1,2019-02-08,1549584000,25067.0,25107.0,24862.0,25101.0,196673,0,219709,2019-02-03/2019-02-09,949292
204,-33,YM,YMH19,D1,2019-02-09,1549670400,25101.0,25101.0,25101.0,25101.0,3,0,3,2019-02-03/2019-02-09,949292
205,-32,YM,YMH19,D1,2019-02-10,1549756800,25101.0,25140.0,25070.0,25072.0,1968,0,2366,2019-02-10/2019-02-16,982451
206,-31,YM,YMH19,D1,2019-02-11,1549843200,25073.0,25226.0,24981.0,25029.0,162429,0,182251,2019-02-10/2019-02-16,982451
207,-30,YM,YMH19,D1,2019-02-12,1549929600,25032.0,25439.0,25024.0,25430.0,151055,0,173308,2019-02-10/2019-02-16,982451
208,-29,YM,YMH19,D1,2019-02-13,1550016000,25431.0,25606.0,25423.0,25501.0,150718,0,169344,2019-02-10/2019-02-16,982451
209,-28,YM,YMH19,D1,2019-02-14,1550102400,25503.0,25622.0,25304.0,25418.0,216734,0,241415,2019-02-10/2019-02-16,982451
210,-27,YM,YMH19,D1,2019-02-15,1550188800,25419.0,25907.0,25275.0,25901.0,190924,0,213767,2019-02-10/2019-02-16,982451
211,-26,YM,YMH19,D1,2019-02-17,1550361600,25901.0,25950.0,25884.0,25919.0,2675,0,3063,2019-02-17/2019-02-23,779193
212,-25,YM,YMH19,D1,2019-02-18,1550448000,25918.0,25936.0,25847.0,25882.0,38791,0,42787,2019-02-17/2019-02-23,779193
213,-24,YM,YMH19,D1,2019-02-19,1550534400,25881.0,25957.0,25789.0,25880.0,142367,0,161970,2019-02-17/2019-02-23,779193
214,-23,YM,YMH19,D1,2019-02-20,1550620800,25878.0,25985.0,25825.0,25953.0,166125,0,186838,2019-02-17/2019-02-23,779193
215,-22,YM,YMH19,D1,2019-02-21,1550707200,25954.0,26082.0,25753.0,25839.0,186370,0,207352,2019-02-17/2019-02-23,779193
216,-21,YM,YMH19,D1,2019-02-22,1550793600,25840.0,26044.0,25805.0,26042.0,154541,0,177182,2019-02-17/2019-02-23,779193
217,-20,YM,YMH19,D1,2019-02-23,1550880000,26042.0,26042.0,26042.0,26042.0,1,0,1,2019-02-17/2019-02-23,779193
218,-19,YM,YMH19,D1,2019-02-24,1550966400,26042.0,26118.0,26042.0,26098.0,3058,0,3544,2019-02-24/2019-03-02,897520
219,-18,YM,YMH19,D1,2019-02-25,1551052800,26098.0,26238.0,26040.0,26080.0,152529,0,173982,2019-02-24/2019-03-02,897520
220,-17,YM,YMH19,D1,2019-02-26,1551139200,26079.0,26150.0,25954.0,26018.0,170704,0,193019,2019-02-24/2019-03-02,897520
221,-16,YM,YMH19,D1,2019-02-27,1551225600,26019.0,26056.0,25872.0,26017.0,149591,0,171903,2019-02-24/2019-03-02,897520
222,-15,YM,YMH19,D1,2019-02-28,1551312000,25998.0,26028.0,25878.0,25913.0,158022,0,179448,2019-02-24/2019-03-02,897520
223,-14,YM,YMH19,D1,2019-03-01,1551398400,25914.0,26143.0,25909.0,26048.0,150841,0,175623,2019-02-24/2019-03-02,897520
224,-13,YM,YMH19,D1,2019-03-02,1551484800,26048.0,26048.0,26048.0,26048.0,1,0,1,2019-02-24/2019-03-02,897520
225,-12,YM,YMH19,D1,2019-03-03,1551571200,26048.0,26171.0,26048.0,26150.0,3144,0,3566,2019-03-03/2019-03-09,1055174
226,-11,YM,YMH19,D1,2019-03-04,1551657600,26149.0,26166.0,25605.0,25802.0,252038,0,290107,2019-03-03/2019-03-09,1055174
227,-10,YM,YMH19,D1,2019-03-05,1551744000,25802.0,25890.0,25721.0,25781.0,153735,0,172214,2019-03-03/2019-03-09,1055174
228,-9,YM,YMH19,D1,2019-03-06,1551830400,25781.0,25832.0,25621.0,25638.0,167528,0,195493,2019-03-03/2019-03-09,1055174
229,-8,YM,YMH19,D1,2019-03-07,1551916800,25639.0,25707.0,25338.0,25482.0,228424,0,265145,2019-03-03/2019-03-09,1055174
230,-7,YM,YMH19,D1,2019-03-08,1552003200,25481.0,25522.0,25213.0,25522.0,112073,0,128647,2019-03-03/2019-03-09,1055174
231,-6,YM,YMH19,D1,2019-03-09,1552089600,25522.0,25522.0,25522.0,25522.0,2,0,2,2019-03-03/2019-03-09,1055174
146,-97,YM,YMM19,D1,2019-03-10,1552176000,25555.0,25555.0,25454.0,25456.0,3789,0,4400,2019-03-10/2019-03-16,897262
147,-96,YM,YMM19,D1,2019-03-11,1552262400,25457.0,25788.0,25251.0,25767.0,149830,0,172674,2019-03-10/2019-03-16,897262
148,-95,YM,YMM19,D1,2019-03-12,1552348800,25767.0,25794.0,25547.0,25587.0,150749,0,169063,2019-03-10/2019-03-16,897262
149,-94,YM,YMM19,D1,2019-03-13,1552435200,25587.0,25817.0,25495.0,25772.0,165016,0,191171,2019-03-10/2019-03-16,897262
150,-93,YM,YMM19,D1,2019-03-14,1552521600,25773.0,25829.0,25653.0,25759.0,128272,0,150414,2019-03-10/2019-03-16,897262
151,-92,YM,YMM19,D1,2019-03-15,1552608000,25760.0,25961.0,25678.0,25898.0,179652,0,209538,2019-03-10/2019-03-16,897262
152,-91,YM,YMM19,D1,2019-03-16,1552694400,25898.0,25898.0,25898.0,25898.0,2,0,2,2019-03-10/2019-03-16,897262
153,-90,YM,YMM19,D1,2019-03-17,1552780800,25898.0,25898.0,25847.0,25867.0,1841,0,2122,2019-03-17/2019-03-23,1071157
154,-89,YM,YMM19,D1,2019-03-18,1552867200,25868.0,25987.0,25810.0,25972.0,121678,0,138583,2019-03-17/2019-03-23,1071157
155,-88,YM,YMM19,D1,2019-03-19,1552953600,25972.0,26145.0,25847.0,25911.0,170716,0,199218,2019-03-17/2019-03-23,1071157
156,-87,YM,YMM19,D1,2019-03-20,1553040000,25961.0,25967.0,25692.0,25753.0,190539,0,215122,2019-03-17/2019-03-23,1071157
157,-86,YM,YMM19,D1,2019-03-21,1553126400,25753.0,26044.0,25608.0,26011.0,193655,0,227313,2019-03-17/2019-03-23,1071157
158,-85,YM,YMM19,D1,2019-03-22,1553212800,26010.0,26036.0,25529.0,25542.0,260103,0,288799,2019-03-17/2019-03-23,1071157
159,-84,YM,YMM19,D1,2019-03-24,1553385600,25542.0,25647.0,25542.0,25587.0,4589,0,5062,2019-03-24/2019-03-30,1058064
160,-83,YM,YMM19,D1,2019-03-25,1553472000,25587.0,25631.0,25377.0,25603.0,220651,0,245338,2019-03-24/2019-03-30,1058064
161,-82,YM,YMM19,D1,2019-03-26,1553558400,25602.0,25822.0,25566.0,25650.0,176684,0,196143,2019-03-24/2019-03-30,1058064
162,-81,YM,YMM19,D1,2019-03-27,1553644800,25648.0,25781.0,25441.0,25628.0,219248,0,241951,2019-03-24/2019-03-30,1058064
163,-80,YM,YMM19,D1,2019-03-28,1553731200,25626.0,25818.0,25526.0,25802.0,165505,0,182954,2019-03-24/2019-03-30,1058064
164,-79,YM,YMM19,D1,2019-03-29,1553817600,25803.0,25964.0,25744.0,25950.0,163104,0,186612,2019-03-24/2019-03-30,1058064
165,-78,YM,YMM19,D1,2019-03-30,1553904000,25950.0,25950.0,25950.0,25950.0,4,0,4,2019-03-24/2019-03-30,1058064
166,-77,YM,YMM19,D1,2019-03-31,1553990400,25950.0,26085.0,25950.0,26073.0,4217,0,4814,2019-03-31/2019-04-06,812341
167,-76,YM,YMM19,D1,2019-04-01,1554076800,26072.0,26288.0,26068.0,26275.0,135985,0,157037,2019-03-31/2019-04-06,812341
168,-75,YM,YMM19,D1,2019-04-02,1554163200,26275.0,26276.0,26126.0,26153.0,124996,0,145759,2019-03-31/2019-04-06,812341
169,-74,YM,YMM19,D1,2019-04-03,1554249600,26150.0,26324.0,26133.0,26263.0,152692,0,177170,2019-03-31/2019-04-06,812341
170,-73,YM,YMM19,D1,2019-04-04,1554336000,26264.0,26410.0,26196.0,26370.0,146793,0,171957,2019-03-31/2019-04-06,812341
171,-72,YM,YMM19,D1,2019-04-05,1554422400,26368.0,26509.0,26365.0,26379.0,135126,0,155602,2019-03-31/2019-04-06,812341
172,-71,YM,YMM19,D1,2019-04-06,1554508800,26379.0,26379.0,26379.0,26379.0,1,0,2,2019-03-31/2019-04-06,812341
173,-70,YM,YMM19,D1,2019-04-07,1554595200,26379.0,26412.0,26354.0,26396.0,2317,0,2632,2019-04-07/2019-04-13,748393
174,-69,YM,YMM19,D1,2019-04-08,1554681600,26398.0,26399.0,26248.0,26325.0,113235,0,131632,2019-04-07/2019-04-13,748393
175,-68,YM,YMM19,D1,2019-04-09,1554768000,26325.0,26349.0,26104.0,26145.0,131657,0,156427,2019-04-07/2019-04-13,748393
176,-67,YM,YMM19,D1,2019-04-10,1554854400,26145.0,26233.0,26107.0,26188.0,113660,0,130606,2019-04-07/2019-04-13,748393
177,-66,YM,YMM19,D1,2019-04-11,1554940800,26188.0,26229.0,26060.0,26172.0,133790,0,156742,2019-04-07/2019-04-13,748393
178,-65,YM,YMM19,D1,2019-04-12,1555027200,26173.0,26441.0,26144.0,26415.0,144638,0,170352,2019-04-07/2019-04-13,748393
179,-64,YM,YMM19,D1,2019-04-13,1555113600,26415.0,26415.0,26415.0,26415.0,2,11,2,2019-04-07/2019-04-13,748393
180,-63,YM,YMM19,D1,2019-04-14,1555200000,26415.0,26435.0,26400.0,26417.0,1922,0,2148,2019-04-14/2019-04-20,687801
181,-62,YM,YMM19,D1,2019-04-15,1555286400,26418.0,26476.0,26317.0,26381.0,118402,0,134325,2019-04-14/2019-04-20,687801
182,-61,YM,YMM19,D1,2019-04-16,1555372800,26381.0,26554.0,26377.0,26427.0,155206,0,189561,2019-04-14/2019-04-20,687801
183,-60,YM,YMM19,D1,2019-04-17,1555459200,26424.0,26518.0,26383.0,26453.0,158621,0,182516,2019-04-14/2019-04-20,687801
184,-59,YM,YMM19,D1,2019-04-18,1555545600,26453.0,26599.0,26311.0,26567.0,157284,0,179249,2019-04-14/2019-04-20,687801
185,-58,YM,YMM19,D1,2019-04-19,1555632000,26567.0,26567.0,26567.0,26567.0,2,11,2,2019-04-14/2019-04-20,687801
186,-57,YM,YMM19,D1,2019-04-21,1555804800,26611.0,26611.0,26596.0,26601.0,810,1,963,2019-04-21/2019-04-27,781200
187,-56,YM,YMM19,D1,2019-04-22,1555891200,26601.0,26629.0,26448.0,26508.0,99639,0,120616,2019-04-21/2019-04-27,781200
188,-55,YM,YMM19,D1,2019-04-23,1555977600,26509.0,26689.0,26462.0,26661.0,137465,0,163893,2019-04-21/2019-04-27,781200
189,-54,YM,YMM19,D1,2019-04-24,1556064000,26661.0,26694.0,26518.0,26554.0,122300,0,139943,2019-04-21/2019-04-27,781200
190,-53,YM,YMM19,D1,2019-04-25,1556150400,26556.0,26577.0,26292.0,26414.0,163008,0,190609,2019-04-21/2019-04-27,781200
191,-52,YM,YMM19,D1,2019-04-26,1556236800,26415.0,26530.0,26346.0,26492.0,143258,0,165176,2019-04-21/2019-04-27,781200
104,-136,YM,YMU19,D1,2019-04-27,1556323200,26470.0,26470.0,26470.0,26470.0,1,0,1,2019-04-21/2019-04-27,238
192,-51,YM,YMM19,D1,2019-04-28,1556409600,26492.0,26528.0,26492.0,26510.0,1810,0,2090,2019-04-28/2019-05-04,905983
193,-50,YM,YMM19,D1,2019-04-29,1556496000,26510.0,26584.0,26484.0,26544.0,103378,0,116764,2019-04-28/2019-05-04,905983
194,-49,YM,YMM19,D1,2019-04-30,1556582400,26545.0,26653.0,26398.0,26648.0,160308,0,184306,2019-04-28/2019-05-04,905983
195,-48,YM,YMM19,D1,2019-05-01,1556668800,26649.0,26691.0,26326.0,26367.0,154554,0,179027,2019-04-28/2019-05-04,905983
196,-47,YM,YMM19,D1,2019-05-02,1556755200,26366.0,26461.0,26148.0,26275.0,218462,0,256532,2019-04-28/2019-05-04,905983
197,-46,YM,YMM19,D1,2019-05-03,1556841600,26275.0,26518.0,26245.0,26517.0,140480,0,167264,2019-04-28/2019-05-04,905983
198,-45,YM,YMM19,D1,2019-05-05,1557014400,26517.0,26517.0,26003.0,26033.0,15899,0,19663,2019-05-05/2019-05-11,1691220
199,-44,YM,YMM19,D1,2019-05-06,1557100800,26034.0,26447.0,25932.0,26281.0,234487,0,271602,2019-05-05/2019-05-11,1691220
200,-43,YM,YMM19,D1,2019-05-07,1557187200,26282.0,26394.0,25751.0,25922.0,315859,0,370755,2019-05-05/2019-05-11,1691220
201,-42,YM,YMM19,D1,2019-05-08,1557273600,25922.0,26079.0,25799.0,25965.0,266182,0,304438,2019-05-05/2019-05-11,1691220
202,-41,YM,YMM19,D1,2019-05-09,1557360000,25964.0,25984.0,25500.0,25843.0,313407,0,364165,2019-05-05/2019-05-11,1691220
203,-40,YM,YMM19,D1,2019-05-10,1557446400,25845.0,26016.0,25464.0,25960.0,319813,0,360596,2019-05-05/2019-05-11,1691220
204,-39,YM,YMM19,D1,2019-05-11,1557532800,25960.0,25960.0,25960.0,25960.0,1,0,1,2019-05-05/2019-05-11,1691220
205,-38,YM,YMM19,D1,2019-05-12,1557619200,25960.0,25960.0,25689.0,25718.0,8686,0,10008,2019-05-12/2019-05-18,1366089
206,-37,YM,YMM19,D1,2019-05-13,1557705600,25719.0,25750.0,25215.0,25244.0,313057,0,350496,2019-05-12/2019-05-18,1366089
207,-36,YM,YMM19,D1,2019-05-14,1557792000,25242.0,25677.0,25241.0,25588.0,209414,0,247036,2019-05-12/2019-05-18,1366089
208,-35,YM,YMM19,D1,2019-05-15,1557878400,25588.0,25714.0,25326.0,25651.0,217994,0,253455,2019-05-12/2019-05-18,1366089
209,-34,YM,YMM19,D1,2019-05-16,1557964800,25651.0,25955.0,25554.0,25891.0,195318,0,228994,2019-05-12/2019-05-18,1366089
210,-33,YM,YMM19,D1,2019-05-17,1558051200,25891.0,25949.0,25628.0,25769.0,239549,0,276098,2019-05-12/2019-05-18,1366089
211,-32,YM,YMM19,D1,2019-05-18,1558137600,25769.0,25769.0,25769.0,25769.0,2,0,2,2019-05-12/2019-05-18,1366089
212,-31,YM,YMM19,D1,2019-05-19,1558224000,25769.0,25878.0,25760.0,25861.0,4945,0,6153,2019-05-19/2019-05-25,1144422
213,-30,YM,YMM19,D1,2019-05-20,1558310400,25863.0,25901.0,25554.0,25745.0,220456,0,244817,2019-05-19/2019-05-25,1144422
214,-29,YM,YMM19,D1,2019-05-21,1558396800,25745.0,25895.0,25711.0,25881.0,174741,0,204369,2019-05-19/2019-05-25,1144422
215,-28,YM,YMM19,D1,2019-05-22,1558483200,25882.0,25904.0,25730.0,25741.0,168964,0,195145,2019-05-19/2019-05-25,1144422
216,-27,YM,YMM19,D1,2019-05-23,1558569600,25742.0,25752.0,25320.0,25491.0,257482,0,300231,2019-05-19/2019-05-25,1144422
217,-26,YM,YMM19,D1,2019-05-24,1558656000,25492.0,25664.0,25491.0,25611.0,167232,0,193707,2019-05-19/2019-05-25,1144422
218,-25,YM,YMM19,D1,2019-05-26,1558828800,25611.0,25659.0,25598.0,25625.0,2947,0,3366,2019-05-26/2019-06-01,1033374
219,-24,YM,YMM19,D1,2019-05-27,1558915200,25623.0,25697.0,25583.0,25653.0,40557,0,46356,2019-05-26/2019-06-01,1033374
220,-23,YM,YMM19,D1,2019-05-28,1559001600,25654.0,25717.0,25330.0,25367.0,178524,0,212335,2019-05-26/2019-06-01,1033374
221,-22,YM,YMM19,D1,2019-05-29,1559088000,25366.0,25375.0,24937.0,25113.0,254477,0,297611,2019-05-26/2019-06-01,1033374
222,-21,YM,YMM19,D1,2019-05-30,1559174400,25114.0,25218.0,24959.0,24972.0,179235,0,207682,2019-05-26/2019-06-01,1033374
223,-20,YM,YMM19,D1,2019-05-31,1559260800,24974.0,25056.0,24789.0,24805.0,231627,0,266023,2019-05-26/2019-06-01,1033374
224,-19,YM,YMM19,D1,2019-06-01,1559347200,24805.0,24805.0,24805.0,24805.0,1,0,1,2019-05-26/2019-06-01,1033374
225,-18,YM,YMM19,D1,2019-06-02,1559433600,24805.0,24805.0,24617.0,24647.0,10822,0,12239,2019-06-02/2019-06-08,1191684
226,-17,YM,YMM19,D1,2019-06-03,1559520000,24647.0,24938.0,24610.0,24882.0,275510,0,315545,2019-06-02/2019-06-08,1191684
227,-16,YM,YMM19,D1,2019-06-04,1559606400,24882.0,25424.0,24825.0,25407.0,212883,0,249197,2019-06-02/2019-06-08,1191684
228,-15,YM,YMM19,D1,2019-06-05,1559692800,25407.0,25573.0,25344.0,25521.0,194901,0,220242,2019-06-02/2019-06-08,1191684
229,-14,YM,YMM19,D1,2019-06-06,1559779200,25520.0,25807.0,25512.0,25733.0,174481,0,197747,2019-06-02/2019-06-08,1191684
230,-13,YM,YMM19,D1,2019-06-07,1559865600,25735.0,26085.0,25710.0,26029.0,167547,0,196714,2019-06-02/2019-06-08,1191684
231,-12,YM,YMM19,D1,2019-06-09,1560038400,26029.0,26289.0,26029.0,26109.0,7860,0,9772,2019-06-09/2019-06-15,776976
232,-11,YM,YMM19,D1,2019-06-10,1560124800,26108.0,26221.0,26048.0,26071.0,151027,0,174209,2019-06-09/2019-06-15,776976
233,-10,YM,YMM19,D1,2019-06-11,1560211200,26071.0,26261.0,26009.0,26050.0,150514,0,180204,2019-06-09/2019-06-15,776976
234,-9,YM,YMM19,D1,2019-06-12,1560297600,26050.0,26098.0,25961.0,26047.0,128201,0,149421,2019-06-09/2019-06-15,776976
235,-8,YM,YMM19,D1,2019-06-13,1560384000,26045.0,26153.0,25891.0,26106.0,148304,0,171423,2019-06-09/2019-06-15,776976
236,-7,YM,YMM19,D1,2019-06-14,1560470400,26108.0,26177.0,26003.0,26136.0,80629,0,91946,2019-06-09/2019-06-15,776976
237,-6,YM,YMM19,D1,2019-06-15,1560556800,26136.0,26136.0,26136.0,26136.0,1,0,1,2019-06-09/2019-06-15,776976
151,-89,YM,YMU19,D1,2019-06-16,1560643200,26139.0,26190.0,26117.0,26173.0,1486,0,1602,2019-06-16/2019-06-22,873844
152,-88,YM,YMU19,D1,2019-06-17,1560729600,26172.0,26218.0,26064.0,26133.0,90266,0,100072,2019-06-16/2019-06-22,873844
153,-87,YM,YMU19,D1,2019-06-18,1560816000,26135.0,26550.0,26074.0,26524.0,165564,0,186442,2019-06-16/2019-06-22,873844
154,-86,YM,YMU19,D1,2019-06-19,1560902400,26522.0,26619.0,26431.0,26598.0,158252,0,182567,2019-06-16/2019-06-22,873844
155,-85,YM,YMU19,D1,2019-06-20,1560988800,26600.0,26812.0,26548.0,26765.0,168110,0,203645,2019-06-16/2019-06-22,873844
156,-84,YM,YMU19,D1,2019-06-21,1561075200,26765.0,26922.0,26671.0,26672.0,163191,0,199516,2019-06-16/2019-06-22,873844
157,-83,YM,YMU19,D1,2019-06-23,1561248000,26672.0,26741.0,26662.0,26731.0,3425,0,3711,2019-06-23/2019-06-29,852318
158,-82,YM,YMU19,D1,2019-06-24,1561334400,26730.0,26815.0,26722.0,26768.0,108163,0,133859,2019-06-23/2019-06-29,852318
159,-81,YM,YMU19,D1,2019-06-25,1561420800,26769.0,26827.0,26509.0,26538.0,185442,0,213198,2019-06-23/2019-06-29,852318
160,-80,YM,YMU19,D1,2019-06-26,1561507200,26537.0,26703.0,26507.0,26538.0,155268,0,178073,2019-06-23/2019-06-29,852318
161,-79,YM,YMU19,D1,2019-06-27,1561593600,26539.0,26665.0,26445.0,26607.0,140946,0,167686,2019-06-23/2019-06-29,852318
162,-78,YM,YMU19,D1,2019-06-28,1561680000,26608.0,26672.0,26521.0,26651.0,126561,0,155790,2019-06-23/2019-06-29,852318
163,-77,YM,YMU19,D1,2019-06-29,1561766400,26651.0,26651.0,26651.0,26651.0,1,0,1,2019-06-23/2019-06-29,852318
164,-76,YM,YMU19,D1,2019-07-01,1561939200,26699.0,26703.0,26631.0,26670.0,3079,0,3486,2019-06-30/2019-07-06,478138
165,-75,YM,YMU19,D1,2019-07-02,1562025600,26671.0,26807.0,26621.0,26788.0,128986,0,160353,2019-06-30/2019-07-06,478138
166,-74,YM,YMU19,D1,2019-07-03,1562112000,26788.0,27009.0,26750.0,26962.0,96353,0,117080,2019-06-30/2019-07-06,478138
167,-73,YM,YMU19,D1,2019-07-04,1562198400,26961.0,26999.0,26939.0,26990.0,21741,0,24169,2019-06-30/2019-07-06,478138
168,-72,YM,YMU19,D1,2019-07-05,1562284800,26991.0,27004.0,26728.0,26901.0,141831,0,173049,2019-06-30/2019-07-06,478138
169,-71,YM,YMU19,D1,2019-07-06,1562371200,26901.0,26901.0,26901.0,26901.0,1,0,1,2019-06-30/2019-07-06,478138
170,-70,YM,YMU19,D1,2019-07-07,1562457600,26901.0,26924.0,26863.0,26865.0,2050,0,2280,2019-07-07/2019-07-13,838694
171,-69,YM,YMU19,D1,2019-07-08,1562544000,26865.0,26870.0,26742.0,26769.0,120164,0,147656,2019-07-07/2019-07-13,838694
172,-68,YM,YMU19,D1,2019-07-09,1562630400,26769.0,26807.0,26657.0,26776.0,122521,0,150019,2019-07-07/2019-07-13,838694
173,-67,YM,YMU19,D1,2019-07-10,1562716800,26777.0,26983.0,26688.0,26870.0,168622,0,209929,2019-07-07/2019-07-13,838694
174,-66,YM,YMU19,D1,2019-07-11,1562803200,26869.0,27100.0,26861.0,27098.0,147209,0,184140,2019-07-07/2019-07-13,838694
175,-65,YM,YMU19,D1,2019-07-12,1562889600,27098.0,27330.0,27095.0,27311.0,118522,0,144669,2019-07-07/2019-07-13,838694
176,-64,YM,YMU19,D1,2019-07-13,1562976000,27311.0,27311.0,27311.0,27311.0,1,0,1,2019-07-07/2019-07-13,838694
177,-63,YM,YMU19,D1,2019-07-14,1563062400,27311.0,27315.0,27286.0,27292.0,2295,0,2736,2019-07-14/2019-07-20,783716
178,-62,YM,YMU19,D1,2019-07-15,1563148800,27291.0,27397.0,27263.0,27363.0,107647,0,129438,2019-07-14/2019-07-20,783716
179,-61,YM,YMU19,D1,2019-07-16,1563235200,27361.0,27396.0,27280.0,27327.0,110995,0,134793,2019-07-14/2019-07-20,783716
180,-60,YM,YMU19,D1,2019-07-17,1563321600,27327.0,27377.0,27155.0,27174.0,111744,0,138862,2019-07-14/2019-07-20,783716
181,-59,YM,YMU19,D1,2019-07-18,1563408000,27175.0,27342.0,27057.0,27264.0,157859,0,191320,2019-07-14/2019-07-20,783716
182,-58,YM,YMU19,D1,2019-07-19,1563494400,27263.0,27336.0,27071.0,27080.0,151915,0,186565,2019-07-14/2019-07-20,783716
183,-57,YM,YMU19,D1,2019-07-20,1563580800,27080.0,27080.0,27080.0,27080.0,2,0,2,2019-07-14/2019-07-20,783716
184,-56,YM,YMU19,D1,2019-07-21,1563667200,27080.0,27162.0,27080.0,27152.0,3765,0,4075,2019-07-21/2019-07-27,751894
185,-55,YM,YMU19,D1,2019-07-22,1563753600,27153.0,27216.0,27078.0,27179.0,118928,0,141483,2019-07-21/2019-07-27,751894
186,-54,YM,YMU19,D1,2019-07-23,1563840000,27179.0,27358.0,27159.0,27328.0,117782,0,137752,2019-07-21/2019-07-27,751894
187,-53,YM,YMU19,D1,2019-07-24,1563926400,27330.0,27346.0,27175.0,27261.0,129570,0,156609,2019-07-21/2019-07-27,751894
188,-52,YM,YMU19,D1,2019-07-25,1564012800,27262.0,27349.0,27040.0,27117.0,161397,0,194589,2019-07-21/2019-07-27,751894
189,-51,YM,YMU19,D1,2019-07-26,1564099200,27118.0,27193.0,27102.0,27141.0,96968,0,117384,2019-07-21/2019-07-27,751894
190,-50,YM,YMU19,D1,2019-07-27,1564185600,27141.0,27141.0,27141.0,27141.0,2,0,2,2019-07-21/2019-07-27,751894
191,-49,YM,YMU19,D1,2019-07-28,1564272000,27141.0,27163.0,27140.0,27148.0,1234,0,1387,2019-07-28/2019-08-03,1206043
192,-48,YM,YMU19,D1,2019-07-29,1564358400,27149.0,27255.0,27112.0,27228.0,90040,0,110359,2019-07-28/2019-08-03,1206043
193,-47,YM,YMU19,D1,2019-07-30,1564444800,27228.0,27252.0,27042.0,27210.0,125072,0,148069,2019-07-28/2019-08-03,1206043
194,-46,YM,YMU19,D1,2019-07-31,1564531200,27210.0,27258.0,26693.0,26783.0,206247,0,243780,2019-07-28/2019-08-03,1206043
195,-45,YM,YMU19,D1,2019-08-01,1564617600,26784.0,27147.0,26454.0,26503.0,306340,0,351731,2019-07-28/2019-08-03,1206043
196,-44,YM,YMU19,D1,2019-08-02,1564704000,26505.0,26663.0,26213.0,26453.0,315448,0,350717,2019-07-28/2019-08-03,1206043
197,-43,YM,YMU19,D1,2019-08-04,1564876800,26453.0,26453.0,26387.0,26405.0,4314,0,4926,2019-08-04/2019-08-10,1588471
198,-42,YM,YMU19,D1,2019-08-05,1564963200,26404.0,26460.0,25032.0,25095.0,367314,0,418108,2019-08-04/2019-08-10,1588471
199,-41,YM,YMU19,D1,2019-08-06,1565049600,25096.0,25998.0,25078.0,25850.0,301010,0,335697,2019-08-04/2019-08-10,1588471
200,-40,YM,YMU19,D1,2019-08-07,1565136000,25851.0,26035.0,25392.0,25885.0,310005,0,349600,2019-08-04/2019-08-10,1588471
201,-39,YM,YMU19,D1,2019-08-08,1565222400,25884.0,26373.0,25846.0,26339.0,203576,0,233313,2019-08-04/2019-08-10,1588471
202,-38,YM,YMU19,D1,2019-08-09,1565308800,26337.0,26394.0,26074.0,26296.0,222482,0,246827,2019-08-04/2019-08-10,1588471
203,-37,YM,YMU19,D1,2019-08-11,1565481600,26296.0,26323.0,26197.0,26213.0,4233,0,4723,2019-08-11/2019-08-17,1362401
204,-36,YM,YMU19,D1,2019-08-12,1565568000,26213.0,26353.0,25803.0,25934.0,193711,0,215330,2019-08-11/2019-08-17,1362401
205,-35,YM,YMU19,D1,2019-08-13,1565654400,25935.0,26408.0,25750.0,26321.0,261298,0,288986,2019-08-11/2019-08-17,1362401
206,-34,YM,YMU19,D1,2019-08-14,1565740800,26323.0,26352.0,25366.0,25503.0,306889,0,341383,2019-08-11/2019-08-17,1362401
207,-33,YM,YMU19,D1,2019-08-15,1565827200,25505.0,25707.0,25226.0,25614.0,286604,0,319473,2019-08-11/2019-08-17,1362401
208,-32,YM,YMU19,D1,2019-08-16,1565913600,25613.0,25929.0,25576.0,25913.0,172300,0,192505,2019-08-11/2019-08-17,1362401
209,-31,YM,YMU19,D1,2019-08-17,1566000000,25913.0,25913.0,25913.0,25913.0,1,0,1,2019-08-11/2019-08-17,1362401
210,-30,YM,YMU19,D1,2019-08-18,1566086400,25913.0,26062.0,25912.0,26048.0,4295,0,5006,2019-08-18/2019-08-24,934707
211,-29,YM,YMU19,D1,2019-08-19,1566172800,26047.0,26237.0,26002.0,26080.0,129310,0,149205,2019-08-18/2019-08-24,934707
212,-28,YM,YMU19,D1,2019-08-20,1566259200,26081.0,26198.0,25872.0,25921.0,141761,0,157986,2019-08-18/2019-08-24,934707
213,-27,YM,YMU19,D1,2019-08-21,1566345600,25922.0,26319.0,25921.0,26283.0,123627,0,140119,2019-08-18/2019-08-24,934707
214,-26,YM,YMU19,D1,2019-08-22,1566432000,26282.0,26375.0,26086.0,26224.0,143259,0,160186,2019-08-18/2019-08-24,934707
215,-25,YM,YMU19,D1,2019-08-23,1566518400,26226.0,26347.0,25492.0,25634.0,287189,0,322205,2019-08-18/2019-08-24,934707
216,-24,YM,YMU19,D1,2019-08-25,1566691200,25634.0,25634.0,25266.0,25391.0,11349,1,13193,2019-08-25/2019-08-31,1101938
217,-23,YM,YMU19,D1,2019-08-26,1566777600,25392.0,25986.0,25380.0,25864.0,238017,0,269325,2019-08-25/2019-08-31,1101938
218,-22,YM,YMU19,D1,2019-08-27,1566864000,25864.0,26069.0,25711.0,25828.0,207382,0,235313,2019-08-25/2019-08-31,1101938
219,-21,YM,YMU19,D1,2019-08-28,1566950400,25827.0,26044.0,25620.0,26001.0,182963,0,209644,2019-08-25/2019-08-31,1101938
220,-20,YM,YMU19,D1,2019-08-29,1567036800,26000.0,26407.0,25930.0,26353.0,159530,0,186506,2019-08-25/2019-08-31,1101938
221,-19,YM,YMU19,D1,2019-08-30,1567123200,26354.0,26559.0,26299.0,26399.0,163415,0,187956,2019-08-25/2019-08-31,1101938
222,-18,YM,YMU19,D1,2019-08-31,1567209600,26399.0,26399.0,26399.0,26399.0,1,0,1,2019-08-25/2019-08-31,1101938
223,-17,YM,YMU19,D1,2019-09-01,1567296000,26399.0,26399.0,26242.0,26276.0,3103,0,3463,2019-09-01/2019-09-07,821013
224,-16,YM,YMU19,D1,2019-09-02,1567382400,26277.0,26372.0,26111.0,26198.0,42839,0,49864,2019-09-01/2019-09-07,821013
225,-15,YM,YMU19,D1,2019-09-03,1567468800,26201.0,26305.0,25977.0,26094.0,207171,0,232337,2019-09-01/2019-09-07,821013
226,-14,YM,YMU19,D1,2019-09-04,1567555200,26095.0,26389.0,26090.0,26376.0,143627,0,174264,2019-09-01/2019-09-07,821013
227,-13,YM,YMU19,D1,2019-09-05,1567641600,26376.0,26844.0,26369.0,26761.0,185378,0,222165,2019-09-01/2019-09-07,821013
228,-12,YM,YMU19,D1,2019-09-06,1567728000,26761.0,26869.0,26713.0,26838.0,120617,0,138920,2019-09-01/2019-09-07,821013
229,-11,YM,YMU19,D1,2019-09-08,1567900800,26807.0,26854.0,26803.0,26814.0,1967,0,2180,2019-09-08/2019-09-14,742767
230,-10,YM,YMU19,D1,2019-09-09,1567987200,26814.0,26913.0,26771.0,26881.0,114693,0,136075,2019-09-08/2019-09-14,742767
231,-9,YM,YMU19,D1,2019-09-10,1568073600,26879.0,26919.0,26717.0,26889.0,153562,0,171566,2019-09-08/2019-09-14,742767
232,-8,YM,YMU19,D1,2019-09-11,1568160000,26887.0,27320.0,26849.0,27312.0,140108,0,164765,2019-09-08/2019-09-14,742767
233,-7,YM,YMU19,D1,2019-09-12,1568246400,27313.0,27320.0,27110.0,27228.0,161415,0,182837,2019-09-08/2019-09-14,742767
234,-6,YM,YMU19,D1,2019-09-13,1568332800,27226.0,27326.0,27193.0,27230.0,76003,0,85344,2019-09-08/2019-09-14,742767
143,-85,YM,YMZ19,D1,2019-09-15,1568505600,27120.0,27143.0,27030.0,27079.0,5068,1,5779,2019-09-15/2019-09-21,641078
144,-84,YM,YMZ19,D1,2019-09-16,1568592000,27077.0,27174.0,27009.0,27100.0,96004,1,106513,2019-09-15/2019-09-21,641078
145,-83,YM,YMZ19,D1,2019-09-17,1568678400,27100.0,27125.0,26982.0,27099.0,98555,0,112123,2019-09-15/2019-09-21,641078
146,-82,YM,YMZ19,D1,2019-09-18,1568764800,27100.0,27182.0,26900.0,27128.0,114346,0,131667,2019-09-15/2019-09-21,641078
147,-81,YM,YMZ19,D1,2019-09-19,1568851200,27129.0,27262.0,26991.0,27103.0,111193,0,129264,2019-09-15/2019-09-21,641078
148,-80,YM,YMZ19,D1,2019-09-20,1568937600,27103.0,27176.0,26875.0,26894.0,131518,0,155732,2019-09-15/2019-09-21,641078
149,-79,YM,YMZ19,D1,2019-09-22,1569110400,26923.0,27045.0,26923.0,27004.0,4753,0,5387,2019-09-22/2019-09-28,985815
150,-78,YM,YMZ19,D1,2019-09-23,1569196800,27003.0,27112.0,26803.0,27060.0,124962,0,148915,2019-09-22/2019-09-28,985815
151,-77,YM,YMZ19,D1,2019-09-24,1569283200,27060.0,27082.0,26686.0,26876.0,203638,0,234462,2019-09-22/2019-09-28,985815
152,-76,YM,YMZ19,D1,2019-09-25,1569369600,26876.0,27015.0,26715.0,26960.0,169356,0,195231,2019-09-22/2019-09-28,985815
153,-75,YM,YMZ19,D1,2019-09-26,1569456000,26961.0,27042.0,26782.0,26871.0,157776,0,180274,2019-09-22/2019-09-28,985815
154,-74,YM,YMZ19,D1,2019-09-27,1569542400,26870.0,26992.0,26689.0,26843.0,189592,0,221546,2019-09-22/2019-09-28,985815
155,-73,YM,YMZ19,D1,2019-09-29,1569715200,26898.0,26940.0,26821.0,26860.0,3735,1,4211,2019-09-29/2019-10-05,1026304
156,-72,YM,YMZ19,D1,2019-09-30,1569801600,26858.0,26977.0,26804.0,26941.0,111830,0,128855,2019-09-29/2019-10-05,1026304
157,-71,YM,YMZ19,D1,2019-10-01,1569888000,26942.0,27040.0,26515.0,26586.0,178944,0,204819,2019-09-29/2019-10-05,1026304
158,-70,YM,YMZ19,D1,2019-10-02,1569974400,26585.0,26617.0,25931.0,26036.0,209656,0,238088,2019-09-29/2019-10-05,1026304
159,-69,YM,YMZ19,D1,2019-10-03,1570060800,26037.0,26186.0,25703.0,26140.0,233200,0,265606,2019-09-29/2019-10-05,1026304
160,-68,YM,YMZ19,D1,2019-10-04,1570147200,26139.0,26549.0,26060.0,26518.0,159096,0,184725,2019-09-29/2019-10-05,1026304
161,-67,YM,YMZ19,D1,2019-10-06,1570320000,26372.0,26464.0,26339.0,26429.0,2958,1,3481,2019-10-06/2019-10-12,1001735
162,-66,YM,YMZ19,D1,2019-10-07,1570406400,26430.0,26615.0,26379.0,26433.0,133112,0,153817,2019-10-06/2019-10-12,1001735
163,-65,YM,YMZ19,D1,2019-10-08,1570492800,26432.0,26549.0,26086.0,26123.0,205356,0,234618,2019-10-06/2019-10-12,1001735
164,-64,YM,YMZ19,D1,2019-10-09,1570579200,26125.0,26400.0,25983.0,26148.0,154543,0,174381,2019-10-06/2019-10-12,1001735
165,-63,YM,YMZ19,D1,2019-10-10,1570665600,26147.0,26632.0,26046.0,26538.0,184570,0,208704,2019-10-06/2019-10-12,1001735
166,-62,YM,YMZ19,D1,2019-10-11,1570752000,26536.0,26975.0,26496.0,26781.0,200174,0,226734,2019-10-06/2019-10-12,1001735
167,-61,YM,YMZ19,D1,2019-10-13,1570924800,26761.0,26891.0,26760.0,26891.0,3799,0,4360,2019-10-13/2019-10-19,700262
168,-60,YM,YMZ19,D1,2019-10-14,1571011200,26892.0,26894.0,26637.0,26804.0,107412,0,118907,2019-10-13/2019-10-19,700262
169,-59,YM,YMZ19,D1,2019-10-15,1571097600,26804.0,27079.0,26761.0,26979.0,131748,0,150813,2019-10-13/2019-10-19,700262
170,-58,YM,YMZ19,D1,2019-10-16,1571184000,26978.0,27017.0,26887.0,26896.0,120728,0,137291,2019-10-13/2019-10-19,700262
171,-57,YM,YMZ19,D1,2019-10-17,1571270400,26895.0,27088.0,26876.0,26983.0,125132,0,142415,2019-10-13/2019-10-19,700262
172,-56,YM,YMZ19,D1,2019-10-18,1571356800,26983.0,27023.0,26726.0,26769.0,128880,0,146476,2019-10-13/2019-10-19,700262
173,-55,YM,YMZ19,D1,2019-10-20,1571529600,26725.0,26785.0,26715.0,26784.0,2131,1,2461,2019-10-20/2019-10-26,682104
174,-54,YM,YMZ19,D1,2019-10-21,1571616000,26783.0,26837.0,26701.0,26783.0,96174,0,110552,2019-10-20/2019-10-26,682104
175,-53,YM,YMZ19,D1,2019-10-22,1571702400,26783.0,26904.0,26715.0,26734.0,123500,0,144617,2019-10-20/2019-10-26,682104
176,-52,YM,YMZ19,D1,2019-10-23,1571788800,26735.0,26852.0,26588.0,26805.0,128425,0,147387,2019-10-20/2019-10-26,682104
177,-51,YM,YMZ19,D1,2019-10-24,1571875200,26806.0,26872.0,26655.0,26747.0,127307,0,151340,2019-10-20/2019-10-26,682104
178,-50,YM,YMZ19,D1,2019-10-25,1571961600,26747.0,26967.0,26710.0,26905.0,105150,0,125747,2019-10-20/2019-10-26,682104
97,-128,YM,YMH20,D1,2019-10-26,1572048000,26888.0,26888.0,26888.0,26888.0,1,0,1,2019-10-20/2019-10-26,364
179,-49,YM,YMZ19,D1,2019-10-27,1572134400,26931.0,26955.0,26926.0,26944.0,1753,1,2025,2019-10-27/2019-11-02,756262
180,-48,YM,YMZ19,D1,2019-10-28,1572220800,26945.0,27120.0,26934.0,27060.0,109411,0,136770,2019-10-27/2019-11-02,756262
181,-47,YM,YMZ19,D1,2019-10-29,1572307200,27058.0,27111.0,26967.0,27043.0,108153,0,125814,2019-10-27/2019-11-02,756262
182,-46,YM,YMZ19,D1,2019-10-30,1572393600,27046.0,27230.0,26940.0,27153.0,122965,0,144594,2019-10-27/2019-11-02,756262
183,-45,YM,YMZ19,D1,2019-10-31,1572480000,27154.0,27176.0,26847.0,26972.0,165184,0,191572,2019-10-27/2019-11-02,756262
184,-44,YM,YMZ19,D1,2019-11-01,1572566400,26973.0,27278.0,26970.0,27264.0,123605,0,155484,2019-10-27/2019-11-02,756262
185,-43,YM,YMZ19,D1,2019-11-02,1572652800,27264.0,27264.0,27264.0,27264.0,3,0,3,2019-10-27/2019-11-02,756262
186,-42,YM,YMZ19,D1,2019-11-03,1572739200,27278.0,27318.0,27274.0,27303.0,1986,1,2262,2019-11-03/2019-11-09,675118
187,-41,YM,YMZ19,D1,2019-11-04,1572825600,27302.0,27468.0,27290.0,27444.0,110137,0,136245,2019-11-03/2019-11-09,675118
188,-40,YM,YMZ19,D1,2019-11-05,1572912000,27444.0,27493.0,27384.0,27427.0,103100,0,124424,2019-11-03/2019-11-09,675118
189,-39,YM,YMZ19,D1,2019-11-06,1572998400,27428.0,27470.0,27337.0,27418.0,106146,0,129867,2019-11-03/2019-11-09,675118
190,-38,YM,YMZ19,D1,2019-11-07,1573084800,27418.0,27739.0,27390.0,27682.0,130876,0,157861,2019-11-03/2019-11-09,675118
191,-37,YM,YMZ19,D1,2019-11-08,1573171200,27683.0,27717.0,27541.0,27642.0,103183,0,124459,2019-11-03/2019-11-09,675118
192,-36,YM,YMZ19,D1,2019-11-10,1573344000,27645.0,27646.0,27623.0,27624.0,1112,0,1224,2019-11-10/2019-11-16,693108
193,-35,YM,YMZ19,D1,2019-11-11,1573430400,27623.0,27673.0,27470.0,27635.0,98135,0,121142,2019-11-10/2019-11-16,693108
194,-34,YM,YMZ19,D1,2019-11-12,1573516800,27636.0,27732.0,27597.0,27635.0,105030,0,134181,2019-11-10/2019-11-16,693108
195,-33,YM,YMZ19,D1,2019-11-13,1573603200,27637.0,27773.0,27524.0,27751.0,125342,0,159114,2019-11-10/2019-11-16,693108
196,-32,YM,YMZ19,D1,2019-11-14,1573689600,27751.0,27806.0,27633.0,27761.0,112560,0,142811,2019-11-10/2019-11-16,693108
197,-31,YM,YMZ19,D1,2019-11-15,1573776000,27762.0,27971.0,27749.0,27960.0,106864,0,134636,2019-11-10/2019-11-16,693108
198,-30,YM,YMZ19,D1,2019-11-17,1573948800,27960.0,27962.0,27927.0,27935.0,1634,1,1988,2019-11-17/2019-11-23,757232
199,-29,YM,YMZ19,D1,2019-11-18,1574035200,27934.0,28059.0,27926.0,27993.0,107489,0,126184,2019-11-17/2019-11-23,757232
200,-28,YM,YMZ19,D1,2019-11-19,1574121600,27993.0,28128.0,27832.0,27840.0,124179,0,153136,2019-11-17/2019-11-23,757232
201,-27,YM,YMZ19,D1,2019-11-20,1574208000,27841.0,27881.0,27643.0,27744.0,155932,0,188842,2019-11-17/2019-11-23,757232
202,-26,YM,YMZ19,D1,2019-11-21,1574294400,27744.0,27846.0,27654.0,27730.0,135132,0,160570,2019-11-17/2019-11-23,757232
203,-25,YM,YMZ19,D1,2019-11-22,1574380800,27732.0,27884.0,27722.0,27859.0,104222,0,126511,2019-11-17/2019-11-23,757232
204,-24,YM,YMZ19,D1,2019-11-23,1574467200,27859.0,27859.0,27859.0,27859.0,1,0,1,2019-11-17/2019-11-23,757232
205,-23,YM,YMZ19,D1,2019-11-24,1574553600,27927.0,27940.0,27904.0,27927.0,1858,1,2263,2019-11-24/2019-11-30,412719
206,-22,YM,YMZ19,D1,2019-11-25,1574640000,27926.0,28045.0,27918.0,28043.0,74543,0,94587,2019-11-24/2019-11-30,412719
207,-21,YM,YMZ19,D1,2019-11-26,1574726400,28043.0,28149.0,27999.0,28118.0,95666,0,118455,2019-11-24/2019-11-30,412719
208,-20,YM,YMZ19,D1,2019-11-27,1574812800,28117.0,28173.0,28058.0,28075.0,80877,0,100875,2019-11-24/2019-11-30,412719
209,-19,YM,YMZ19,D1,2019-11-28,1574899200,28076.0,28122.0,28044.0,28116.0,23884,0,27717,2019-11-24/2019-11-30,412719
210,-18,YM,YMZ19,D1,2019-11-29,1574985600,28116.0,28119.0,28042.0,28065.0,58384,1,68822,2019-11-24/2019-11-30,412719
211,-17,YM,YMZ19,D1,2019-12-01,1575158400,28082.0,28111.0,28079.0,28108.0,1894,0,2185,2019-12-01/2019-12-07,973883
212,-16,YM,YMZ19,D1,2019-12-02,1575244800,28109.0,28197.0,27740.0,27767.0,182423,0,225979,2019-12-01/2019-12-07,973883
213,-15,YM,YMZ19,D1,2019-12-03,1575331200,27768.0,27847.0,27312.0,27510.0,224555,0,255453,2019-12-01/2019-12-07,973883
214,-14,YM,YMZ19,D1,2019-12-04,1575417600,27510.0,27727.0,27397.0,27633.0,148539,0,178927,2019-12-01/2019-12-07,973883
215,-13,YM,YMZ19,D1,2019-12-05,1575504000,27634.0,27773.0,27558.0,27689.0,135342,0,162758,2019-12-01/2019-12-07,973883
216,-12,YM,YMZ19,D1,2019-12-06,1575590400,27689.0,28039.0,27688.0,28027.0,119828,0,148581,2019-12-01/2019-12-07,973883
217,-11,YM,YMZ19,D1,2019-12-08,1575763200,28028.0,28030.0,28021.0,28023.0,189,1,216,2019-12-08/2019-12-14,762178
218,-10,YM,YMZ19,D1,2019-12-09,1575849600,28021.0,28023.0,27878.0,27911.0,88819,0,107886,2019-12-08/2019-12-14,762178
219,-9,YM,YMZ19,D1,2019-12-10,1575936000,27912.0,27959.0,27726.0,27901.0,138872,0,164826,2019-12-08/2019-12-14,762178
220,-8,YM,YMZ19,D1,2019-12-11,1576022400,27902.0,27981.0,27804.0,27945.0,113406,0,136218,2019-12-08/2019-12-14,762178
221,-7,YM,YMZ19,D1,2019-12-12,1576108800,27945.0,28267.0,27856.0,28250.0,199255,0,231124,2019-12-08/2019-12-14,762178
222,-6,YM,YMZ19,D1,2019-12-13,1576195200,28251.0,28303.0,28036.0,28173.0,103294,0,121908,2019-12-08/2019-12-14,762178
142,-83,YM,YMH20,D1,2019-12-15,1576368000,28188.0,28200.0,28164.0,28173.0,2276,0,2821,2019-12-15/2019-12-21,617476
143,-82,YM,YMH20,D1,2019-12-16,1576454400,28173.0,28350.0,28154.0,28220.0,106375,0,121039,2019-12-15/2019-12-21,617476
144,-81,YM,YMH20,D1,2019-12-17,1576540800,28220.0,28345.0,28181.0,28276.0,103487,0,120649,2019-12-15/2019-12-21,617476
145,-80,YM,YMH20,D1,2019-12-18,1576627200,28277.0,28335.0,28245.0,28280.0,88767,0,105257,2019-12-15/2019-12-21,617476
146,-79,YM,YMH20,D1,2019-12-19,1576713600,28280.0,28423.0,28254.0,28409.0,102827,0,124411,2019-12-15/2019-12-21,617476
147,-78,YM,YMH20,D1,2019-12-20,1576800000,28409.0,28526.0,28377.0,28473.0,118670,0,143299,2019-12-15/2019-12-21,617476
148,-77,YM,YMH20,D1,2019-12-22,1576972800,28491.0,28509.0,28475.0,28502.0,1301,1,1469,2019-12-22/2019-12-28,313769
149,-76,YM,YMH20,D1,2019-12-23,1577059200,28502.0,28583.0,28475.0,28564.0,79573,0,91526,2019-12-22/2019-12-28,313769
150,-75,YM,YMH20,D1,2019-12-24,1577145600,28563.0,28588.0,28499.0,28508.0,37052,1,43323,2019-12-22/2019-12-28,313769
151,-74,YM,YMH20,D1,2019-12-25,1577232000,28518.0,28529.0,28510.0,28517.0,712,1,840,2019-12-22/2019-12-28,313769
152,-73,YM,YMH20,D1,2019-12-26,1577318400,28517.0,28624.0,28512.0,28616.0,51365,0,58244,2019-12-22/2019-12-28,313769
153,-72,YM,YMH20,D1,2019-12-27,1577404800,28614.0,28721.0,28596.0,28607.0,101752,0,118367,2019-12-22/2019-12-28,313769
69,-149,YM,YMM20,D1,2019-12-28,1577491200,28590.0,28590.0,28590.0,28590.0,1,0,1,2019-12-22/2019-12-28,61
154,-71,YM,YMH20,D1,2019-12-29,1577577600,28618.0,28646.0,28618.0,28642.0,1175,0,1463,2019-12-29/2020-01-04,712322
155,-70,YM,YMH20,D1,2019-12-30,1577664000,28642.0,28660.0,28403.0,28461.0,133769,0,161042,2019-12-29/2020-01-04,712322
156,-69,YM,YMH20,D1,2019-12-31,1577750400,28461.0,28553.0,28341.0,28548.0,105896,0,124391,2019-12-29/2020-01-04,712322
157,-68,YM,YMH20,D1,2020-01-01,1577836800,28553.0,28590.0,28538.0,28569.0,2276,1,2738,2019-12-29/2020-01-04,712322
158,-67,YM,YMH20,D1,2020-01-02,1577923200,28568.0,28884.0,28559.0,28868.0,143506,0,181001,2019-12-29/2020-01-04,712322
159,-66,YM,YMH20,D1,2020-01-03,1578009600,28868.0,28893.0,28431.0,28603.0,214455,0,241687,2019-12-29/2020-01-04,712322
160,-65,YM,YMH20,D1,2020-01-05,1578182400,28494.0,28504.0,28446.0,28499.0,5951,0,6855,2020-01-05/2020-01-11,1116422
161,-64,YM,YMH20,D1,2020-01-06,1578268800,28500.0,28700.0,28351.0,28623.0,179359,0,213597,2020-01-05/2020-01-11,1116422
162,-63,YM,YMH20,D1,2020-01-07,1578355200,28622.0,28739.0,28206.0,28264.0,186068,0,216430,2020-01-05/2020-01-11,1116422
163,-62,YM,YMH20,D1,2020-01-08,1578441600,28266.0,28833.0,28084.0,28779.0,271641,0,317586,2020-01-05/2020-01-11,1116422
164,-61,YM,YMH20,D1,2020-01-09,1578528000,28779.0,28960.0,28745.0,28946.0,149495,0,180398,2020-01-05/2020-01-11,1116422
165,-60,YM,YMH20,D1,2020-01-10,1578614400,28946.0,29022.0,28751.0,28772.0,147441,0,181556,2020-01-05/2020-01-11,1116422
166,-59,YM,YMH20,D1,2020-01-12,1578787200,28775.0,28838.0,28775.0,28809.0,2740,1,3288,2020-01-12/2020-01-18,919556
167,-58,YM,YMH20,D1,2020-01-13,1578873600,28809.0,28915.0,28778.0,28910.0,115972,0,139623,2020-01-12/2020-01-18,919556
168,-57,YM,YMH20,D1,2020-01-14,1578960000,28911.0,29015.0,28737.0,28852.0,191366,0,233367,2020-01-12/2020-01-18,919556
169,-56,YM,YMH20,D1,2020-01-15,1579046400,28854.0,29090.0,28838.0,29054.0,183394,0,223276,2020-01-12/2020-01-18,919556
170,-55,YM,YMH20,D1,2020-01-16,1579132800,29055.0,29317.0,29032.0,29287.0,124167,0,153502,2020-01-12/2020-01-18,919556
171,-54,YM,YMH20,D1,2020-01-17,1579219200,29285.0,29362.0,29253.0,29272.0,135531,0,166500,2020-01-12/2020-01-18,919556
172,-53,YM,YMH20,D1,2020-01-19,1579392000,29280.0,29306.0,29263.0,29306.0,1479,1,1684,2020-01-19/2020-01-25,961070
173,-52,YM,YMH20,D1,2020-01-20,1579478400,29307.0,29318.0,29229.0,29279.0,25932,0,29621,2020-01-19/2020-01-25,961070
174,-51,YM,YMH20,D1,2020-01-21,1579564800,29280.0,29299.0,29108.0,29172.0,170488,0,209019,2020-01-19/2020-01-25,961070
175,-50,YM,YMH20,D1,2020-01-22,1579651200,29173.0,29309.0,29073.0,29081.0,152666,0,192840,2020-01-19/2020-01-25,961070
176,-49,YM,YMH20,D1,2020-01-23,1579737600,29083.0,29185.0,28924.0,29164.0,189578,0,231279,2020-01-19/2020-01-25,961070
177,-48,YM,YMH20,D1,2020-01-24,1579824000,29164.0,29241.0,28796.0,28906.0,250576,0,296627,2020-01-19/2020-01-25,961070
178,-47,YM,YMH20,D1,2020-01-26,1579996800,28720.0,28723.0,28605.0,28651.0,12087,1,14131,2020-01-26/2020-02-01,1572043
179,-46,YM,YMH20,D1,2020-01-27,1580083200,28649.0,28732.0,28405.0,28547.0,313622,0,352682,2020-01-26/2020-02-01,1572043
180,-45,YM,YMH20,D1,2020-01-28,1580169600,28547.0,28780.0,28506.0,28687.0,226138,0,260853,2020-01-26/2020-02-01,1572043
181,-44,YM,YMH20,D1,2020-01-29,1580256000,28688.0,28888.0,28650.0,28716.0,203911,0,234889,2020-01-26/2020-02-01,1572043
182,-43,YM,YMH20,D1,2020-01-30,1580342400,28718.0,28843.0,28432.0,28800.0,299978,0,345846,2020-01-26/2020-02-01,1572043
183,-42,YM,YMH20,D1,2020-01-31,1580428800,28801.0,28881.0,28105.0,28228.0,322508,0,363642,2020-01-26/2020-02-01,1572043
184,-41,YM,YMH20,D1,2020-02-02,1580601600,28159.0,28284.0,28136.0,28258.0,6999,1,8144,2020-02-02/2020-02-08,1227112
185,-40,YM,YMH20,D1,2020-02-03,1580688000,28256.0,28573.0,28232.0,28340.0,231095,0,262545,2020-02-02/2020-02-08,1227112
186,-39,YM,YMH20,D1,2020-02-04,1580774400,28340.0,28847.0,28329.0,28734.0,192318,0,222158,2020-02-02/2020-02-08,1227112
187,-38,YM,YMH20,D1,2020-02-05,1580860800,28734.0,29275.0,28692.0,29232.0,231893,0,274685,2020-02-02/2020-02-08,1227112
188,-37,YM,YMH20,D1,2020-02-06,1580947200,29231.0,29475.0,29186.0,29353.0,204196,0,237089,2020-02-02/2020-02-08,1227112
189,-36,YM,YMH20,D1,2020-02-07,1581033600,29357.0,29362.0,29006.0,29034.0,194861,0,222491,2020-02-02/2020-02-08,1227112
190,-35,YM,YMH20,D1,2020-02-09,1581206400,29021.0,29077.0,28850.0,28915.0,7920,1,9280,2020-02-09/2020-02-15,961339
191,-34,YM,YMH20,D1,2020-02-10,1581292800,28918.0,29250.0,28914.0,29232.0,164113,0,189221,2020-02-09/2020-02-15,961339
192,-33,YM,YMH20,D1,2020-02-11,1581379200,29233.0,29395.0,29162.0,29257.0,166284,0,197515,2020-02-09/2020-02-15,961339
193,-32,YM,YMH20,D1,2020-02-12,1581465600,29258.0,29543.0,29209.0,29420.0,148553,0,178305,2020-02-09/2020-02-15,961339
194,-31,YM,YMH20,D1,2020-02-13,1581552000,29421.0,29513.0,29245.0,29398.0,188420,0,215571,2020-02-09/2020-02-15,961339
195,-30,YM,YMH20,D1,2020-02-14,1581638400,29399.0,29519.0,29267.0,29387.0,142388,0,171447,2020-02-09/2020-02-15,961339
196,-29,YM,YMH20,D1,2020-02-16,1581811200,29384.0,29464.0,29384.0,29445.0,2417,1,2805,2020-02-16/2020-02-22,1029247
197,-28,YM,YMH20,D1,2020-02-17,1581897600,29443.0,29476.0,29326.0,29354.0,38412,0,43590,2020-02-16/2020-02-22,1029247
198,-27,YM,YMH20,D1,2020-02-18,1581984000,29354.0,29356.0,29100.0,29287.0,189874,0,224438,2020-02-16/2020-02-22,1029247
199,-26,YM,YMH20,D1,2020-02-19,1582070400,29288.0,29397.0,29237.0,29381.0,126239,0,152306,2020-02-16/2020-02-22,1029247
200,-25,YM,YMH20,D1,2020-02-20,1582156800,29381.0,29434.0,28931.0,29063.0,257345,0,292141,2020-02-16/2020-02-22,1029247
201,-24,YM,YMH20,D1,2020-02-21,1582243200,29064.0,29152.0,28871.0,28984.0,271362,0,313967,2020-02-16/2020-02-22,1029247
202,-23,YM,YMH20,D1,2020-02-23,1582416000,28745.0,28754.0,28578.0,28643.0,12336,1,14886,2020-02-23/2020-02-29,3068489
203,-22,YM,YMH20,D1,2020-02-24,1582502400,28644.0,28673.0,27844.0,28056.0,445327,0,495681,2020-02-23/2020-02-29,3068489
204,-21,YM,YMH20,D1,2020-02-25,1582588800,28059.0,28234.0,26976.0,27266.0,511330,0,565874,2020-02-23/2020-02-29,3068489
205,-20,YM,YMH20,D1,2020-02-26,1582675200,27268.0,27519.0,26692.0,26859.0,529767,0,592021,2020-02-23/2020-02-29,3068489
206,-19,YM,YMH20,D1,2020-02-27,1582761600,26860.0,26900.0,25379.0,25648.0,613251,0,683205,2020-02-23/2020-02-29,3068489
207,-18,YM,YMH20,D1,2020-02-28,1582848000,25646.0,25772.0,24675.0,25691.0,640971,0,716822,2020-02-23/2020-02-29,3068489
208,-17,YM,YMH20,D1,2020-03-01,1583020800,25196.0,25196.0,24851.0,25093.0,3490,0,4079,2020-03-01/2020-03-07,1660435
209,-16,YM,YMH20,D1,2020-03-02,1583107200,25091.0,26710.0,25007.0,26653.0,157216,0,169763,2020-03-01/2020-03-07,1660435
210,-15,YM,YMH20,D1,2020-03-03,1583193600,26652.0,27059.0,25680.0,25821.0,146676,0,158637,2020-03-01/2020-03-07,1660435
211,-14,YM,YMH20,D1,2020-03-04,1583280000,25821.0,27075.0,25808.0,26906.0,259886,0,300355,2020-03-01/2020-03-07,1660435
212,-13,YM,YMH20,D1,2020-03-05,1583366400,26910.0,26912.0,25915.0,26184.0,401813,0,457020,2020-03-01/2020-03-07,1660435
213,-12,YM,YMH20,D1,2020-03-06,1583452800,26183.0,26282.0,25193.0,25779.0,495696,0,570581,2020-03-01/2020-03-07,1660435
214,-11,YM,YMH20,D1,2020-03-08,1583625600,25356.0,25356.0,24642.0,24674.0,20690,1,24420,2020-03-08/2020-03-14,1997365
215,-10,YM,YMH20,D1,2020-03-09,1583712000,24669.0,24787.0,23424.0,24303.0,280970,0,323264,2020-03-08/2020-03-14,1997365
216,-9,YM,YMH20,D1,2020-03-10,1583798400,24307.0,25020.0,23646.0,24540.0,460396,0,516382,2020-03-08/2020-03-14,1997365
217,-8,YM,YMH20,D1,2020-03-11,1583884800,24535.0,24670.0,23300.0,23505.0,436509,0,497110,2020-03-08/2020-03-14,1997365
218,-7,YM,YMH20,D1,2020-03-12,1583971200,23511.0,23588.0,20615.0,20830.0,372863,0,449419,2020-03-08/2020-03-14,1997365
219,-6,YM,YMH20,D1,2020-03-13,1584057600,20828.0,23147.0,20388.0,22835.0,151095,0,186770,2020-03-08/2020-03-14,1997365
134,-84,YM,YMM20,D1,2020-03-15,1584230400,22705.0,22708.0,21798.0,21798.0,2933,0,3394,2020-03-15/2020-03-21,1076672
135,-83,YM,YMM20,D1,2020-03-16,1584316800,21798.0,21798.0,19975.0,20541.0,105922,0,119953,2020-03-15/2020-03-21,1076672
136,-82,YM,YMM20,D1,2020-03-17,1584403200,20543.0,21248.0,19736.0,20261.0,211725,0,235393,2020-03-15/2020-03-21,1076672
137,-81,YM,YMM20,D1,2020-03-18,1584489600,20251.0,20578.0,18766.0,20238.0,187700,0,217072,2020-03-15/2020-03-21,1076672
138,-80,YM,YMM20,D1,2020-03-19,1584576000,20238.0,20349.0,18834.0,19634.0,191357,0,220988,2020-03-15/2020-03-21,1076672
139,-79,YM,YMM20,D1,2020-03-20,1584662400,19636.0,20882.0,18825.0,18883.0,248833,0,279872,2020-03-15/2020-03-21,1076672
140,-78,YM,YMM20,D1,2020-03-22,1584835200,18883.0,18883.0,18086.0,18190.0,4810,0,6918,2020-03-22/2020-03-28,1505658
141,-77,YM,YMM20,D1,2020-03-23,1584921600,18201.0,19804.0,18086.0,18752.0,260113,0,309604,2020-03-22/2020-03-28,1505658
142,-76,YM,YMM20,D1,2020-03-24,1585008000,18743.0,20943.0,18646.0,20512.0,249457,0,285007,2020-03-22/2020-03-28,1505658
143,-75,YM,YMM20,D1,2020-03-25,1585094400,20506.0,21892.0,20279.0,21097.0,283113,0,325940,2020-03-22/2020-03-28,1505658
144,-74,YM,YMM20,D1,2020-03-26,1585180800,21098.0,22545.0,20510.0,22496.0,288052,0,329388,2020-03-22/2020-03-28,1505658
145,-73,YM,YMM20,D1,2020-03-27,1585267200,22493.0,22521.0,21316.0,21410.0,228095,0,248801,2020-03-22/2020-03-28,1505658
146,-72,YM,YMM20,D1,2020-03-29,1585440000,21410.0,21410.0,20778.0,21127.0,8163,0,9512,2020-03-29/2020-04-04,989764
147,-71,YM,YMM20,D1,2020-03-30,1585526400,21137.0,22250.0,21069.0,22208.0,170031,0,188462,2020-03-29/2020-04-04,989764
148,-70,YM,YMM20,D1,2020-03-31,1585612800,22208.0,22386.0,21470.0,21486.0,156663,0,174266,2020-03-29/2020-04-04,989764
149,-69,YM,YMM20,D1,2020-04-01,1585699200,21491.0,21565.0,20648.0,20954.0,187569,0,206578,2020-03-29/2020-04-04,989764
150,-68,YM,YMM20,D1,2020-04-02,1585785600,20955.0,21374.0,20500.0,21165.0,222615,0,245663,2020-03-29/2020-04-04,989764
151,-67,YM,YMM20,D1,2020-04-03,1585872000,21161.0,21331.0,20740.0,20928.0,149649,0,165283,2020-03-29/2020-04-04,989764
77,-152,YM,YMU20,D1,2020-04-04,1585958400,20855.0,20855.0,20855.0,20855.0,1,0,1,2020-03-29/2020-04-04,573
152,-66,YM,YMM20,D1,2020-04-05,1586044800,20944.0,21270.0,20944.0,21235.0,6392,0,7480,2020-04-05/2020-04-11,992005
153,-65,YM,YMM20,D1,2020-04-06,1586131200,21237.0,22663.0,21225.0,22629.0,190714,0,216195,2020-04-05/2020-04-11,992005
154,-64,YM,YMM20,D1,2020-04-07,1586217600,22631.0,23477.0,22300.0,22532.0,248514,0,275562,2020-04-05/2020-04-11,992005
155,-63,YM,YMM20,D1,2020-04-08,1586304000,22530.0,23426.0,22244.0,23397.0,213139,0,236065,2020-04-05/2020-04-11,992005
156,-62,YM,YMM20,D1,2020-04-09,1586390400,23398.0,23889.0,23020.0,23676.0,235815,0,256703,2020-04-05/2020-04-11,992005
157,-61,YM,YMM20,D1,2020-04-12,1586649600,23839.0,23911.0,23108.0,23328.0,8955,1,10173,2020-04-12/2020-04-18,981897
158,-60,YM,YMM20,D1,2020-04-13,1586736000,23327.0,23609.0,22968.0,23379.0,138401,1,151767,2020-04-12/2020-04-18,981897
159,-59,YM,YMM20,D1,2020-04-14,1586822400,23381.0,23967.0,23250.0,23837.0,158303,0,174797,2020-04-12/2020-04-18,981897
160,-58,YM,YMM20,D1,2020-04-15,1586908800,23837.0,23839.0,23103.0,23208.0,167087,0,183436,2020-04-12/2020-04-18,981897
161,-57,YM,YMM20,D1,2020-04-16,1586995200,23208.0,24327.0,23079.0,24164.0,211211,0,247971,2020-04-12/2020-04-18,981897
162,-56,YM,YMM20,D1,2020-04-17,1587081600,24163.0,24307.0,23701.0,24151.0,188160,0,213753,2020-04-12/2020-04-18,981897
89,-140,YM,YMU20,D1,2020-04-18,1587168000,24010.0,24010.0,24010.0,24010.0,1,0,1,2020-04-12/2020-04-18,436
163,-55,YM,YMM20,D1,2020-04-19,1587254400,24088.0,24097.0,23901.0,23981.0,4829,1,5381,2020-04-19/2020-04-25,1012978
164,-54,YM,YMM20,D1,2020-04-20,1587340800,23984.0,24203.0,23441.0,23559.0,188743,0,207803,2020-04-19/2020-04-25,1012978
165,-53,YM,YMM20,D1,2020-04-21,1587427200,23562.0,23682.0,22814.0,23017.0,224636,0,246176,2020-04-19/2020-04-25,1012978
166,-52,YM,YMM20,D1,2020-04-22,1587513600,23019.0,23503.0,22815.0,23285.0,165183,0,179768,2020-04-19/2020-04-25,1012978
167,-51,YM,YMM20,D1,2020-04-23,1587600000,23287.0,23772.0,23231.0,23281.0,192388,0,210933,2020-04-19/2020-04-25,1012978
168,-50,YM,YMM20,D1,2020-04-24,1587686400,23280.0,23730.0,23155.0,23639.0,148432,0,162916,2020-04-19/2020-04-25,1012978
169,-49,YM,YMM20,D1,2020-04-25,1587772800,23639.0,23639.0,23639.0,23639.0,1,0,1,2020-04-19/2020-04-25,1012978
170,-48,YM,YMM20,D1,2020-04-26,1587859200,23639.0,23750.0,23535.0,23603.0,5389,0,6148,2020-04-26/2020-05-02,885661
171,-47,YM,YMM20,D1,2020-04-27,1587945600,23607.0,24100.0,23561.0,24007.0,124901,0,137999,2020-04-26/2020-05-02,885661
172,-46,YM,YMM20,D1,2020-04-28,1588032000,24010.0,24435.0,23878.0,24050.0,175006,0,193985,2020-04-26/2020-05-02,885661
173,-45,YM,YMM20,D1,2020-04-29,1588118400,24051.0,24688.0,24045.0,24586.0,162532,0,177588,2020-04-26/2020-05-02,885661
174,-44,YM,YMM20,D1,2020-04-30,1588204800,24585.0,24792.0,23862.0,24033.0,189037,0,206779,2020-04-26/2020-05-02,885661
175,-43,YM,YMM20,D1,2020-05-01,1588291200,24035.0,24078.0,23530.0,23584.0,149025,0,163162,2020-04-26/2020-05-02,885661
176,-42,YM,YMM20,D1,2020-05-03,1588464000,23364.0,23399.0,23217.0,23264.0,6854,1,7968,2020-05-03/2020-05-09,837609
177,-41,YM,YMM20,D1,2020-05-04,1588550400,23267.0,23658.0,23208.0,23642.0,137129,0,151484,2020-05-03/2020-05-09,837609
178,-40,YM,YMM20,D1,2020-05-05,1588636800,23642.0,24057.0,23642.0,23820.0,160934,0,177714,2020-05-03/2020-05-09,837609
179,-39,YM,YMM20,D1,2020-05-06,1588723200,23821.0,23995.0,23428.0,23501.0,165098,0,181744,2020-05-03/2020-05-09,837609
180,-38,YM,YMM20,D1,2020-05-07,1588809600,23501.0,23999.0,23501.0,23947.0,151787,0,168979,2020-05-03/2020-05-09,837609
181,-37,YM,YMM20,D1,2020-05-08,1588896000,23948.0,24327.0,23944.0,24302.0,133716,0,149720,2020-05-03/2020-05-09,837609
182,-36,YM,YMM20,D1,2020-05-10,1589068800,24228.0,24393.0,24173.0,24384.0,6039,0,7053,2020-05-10/2020-05-16,1266126
183,-35,YM,YMM20,D1,2020-05-11,1589155200,24385.0,24471.0,23973.0,24084.0,157588,0,172361,2020-05-10/2020-05-16,1266126
184,-34,YM,YMM20,D1,2020-05-12,1589241600,24085.0,24293.0,23390.0,23414.0,170477,0,191159,2020-05-10/2020-05-16,1266126
185,-33,YM,YMM20,D1,2020-05-13,1589328000,23416.0,23780.0,22980.0,23219.0,270761,0,300377,2020-05-10/2020-05-16,1266126
186,-32,YM,YMM20,D1,2020-05-14,1589414400,23221.0,23620.0,22704.0,23614.0,293724,0,327449,2020-05-10/2020-05-16,1266126
187,-31,YM,YMM20,D1,2020-05-15,1589500800,23613.0,23677.0,23241.0,23574.0,243246,0,267727,2020-05-10/2020-05-16,1266126
188,-30,YM,YMM20,D1,2020-05-17,1589673600,23600.0,23747.0,23538.0,23710.0,7225,0,7870,2020-05-17/2020-05-23,1042165
189,-29,YM,YMM20,D1,2020-05-18,1589760000,23709.0,24640.0,23680.0,24555.0,183292,0,204805,2020-05-17/2020-05-23,1042165
190,-28,YM,YMM20,D1,2020-05-19,1589846400,24558.0,24765.0,24076.0,24206.0,211586,0,236909,2020-05-17/2020-05-23,1042165
191,-27,YM,YMM20,D1,2020-05-20,1589932800,24209.0,24583.0,24206.0,24487.0,165477,0,188506,2020-05-17/2020-05-23,1042165
192,-26,YM,YMM20,D1,2020-05-21,1590019200,24484.0,24660.0,24300.0,24482.0,190884,0,214506,2020-05-17/2020-05-23,1042165
193,-25,YM,YMM20,D1,2020-05-22,1590105600,24485.0,24506.0,24101.0,24460.0,168679,0,189569,2020-05-17/2020-05-23,1042165
194,-24,YM,YMM20,D1,2020-05-24,1590278400,24460.0,24563.0,24376.0,24542.0,4435,0,4820,2020-05-24/2020-05-30,1000004
195,-23,YM,YMM20,D1,2020-05-25,1590364800,24545.0,24734.0,24431.0,24644.0,47168,0,51675,2020-05-24/2020-05-30,1000004
196,-22,YM,YMM20,D1,2020-05-26,1590451200,24644.0,25127.0,24623.0,24973.0,176470,0,197582,2020-05-24/2020-05-30,1000004
197,-21,YM,YMM20,D1,2020-05-27,1590537600,24972.0,25652.0,24913.0,25650.0,228939,0,253516,2020-05-24/2020-05-30,1000004
198,-20,YM,YMM20,D1,2020-05-28,1590624000,25649.0,25794.0,25311.0,25339.0,206622,0,227889,2020-05-24/2020-05-30,1000004
199,-19,YM,YMM20,D1,2020-05-29,1590710400,25339.0,25500.0,24991.0,25487.0,240057,0,264519,2020-05-24/2020-05-30,1000004
200,-18,YM,YMM20,D1,2020-05-30,1590796800,25487.0,25487.0,25487.0,25487.0,3,0,3,2020-05-24/2020-05-30,1000004
201,-17,YM,YMM20,D1,2020-05-31,1590883200,25487.0,25487.0,25089.0,25242.0,8357,0,9517,2020-05-31/2020-06-06,1048199
202,-16,YM,YMM20,D1,2020-06-01,1590969600,25244.0,25519.0,25191.0,25325.0,156759,1,172897,2020-05-31/2020-06-06,1048199
203,-15,YM,YMM20,D1,2020-06-02,1591056000,25324.0,25818.0,25307.0,25808.0,153737,0,172370,2020-05-31/2020-06-06,1048199
204,-14,YM,YMM20,D1,2020-06-03,1591142400,25809.0,26347.0,25762.0,26316.0,157977,0,179160,2020-05-31/2020-06-06,1048199
205,-13,YM,YMM20,D1,2020-06-04,1591228800,26316.0,26368.0,26056.0,26234.0,196756,0,226115,2020-05-31/2020-06-06,1048199
206,-12,YM,YMM20,D1,2020-06-05,1591315200,26237.0,27325.0,26212.0,27060.0,251481,0,288140,2020-05-31/2020-06-06,1048199
207,-11,YM,YMM20,D1,2020-06-07,1591488000,27060.0,27297.0,27060.0,27263.0,5926,0,6890,2020-06-07/2020-06-13,1364773
208,-10,YM,YMM20,D1,2020-06-08,1591574400,27264.0,27575.0,27031.0,27537.0,168538,0,186987,2020-06-07/2020-06-13,1364773
209,-9,YM,YMM20,D1,2020-06-09,1591660800,27536.0,27624.0,27126.0,27351.0,196833,0,221254,2020-06-07/2020-06-13,1364773
210,-8,YM,YMM20,D1,2020-06-10,1591747200,27352.0,27488.0,26719.0,26744.0,241911,0,269215,2020-06-07/2020-06-13,1364773
211,-7,YM,YMM20,D1,2020-06-11,1591833600,26745.0,26882.0,25060.0,25356.0,395493,0,443477,2020-06-07/2020-06-13,1364773
212,-6,YM,YMM20,D1,2020-06-12,1591920000,25360.0,25952.0,25064.0,25540.0,201039,0,236950,2020-06-07/2020-06-13,1364773
140,-89,YM,YMU20,D1,2020-06-13,1592006400,25400.0,25400.0,25400.0,25400.0,1,0,1,2020-06-07/2020-06-13,198369
141,-88,YM,YMU20,D1,2020-06-14,1592092800,25042.0,25169.0,24941.0,25068.0,8844,1,9676,2020-06-14/2020-06-20,1222195
142,-87,YM,YMU20,D1,2020-06-15,1592179200,25070.0,25928.0,24409.0,25921.0,211178,0,233444,2020-06-14/2020-06-20,1222195
143,-86,YM,YMU20,D1,2020-06-16,1592265600,25919.0,26658.0,25660.0,26249.0,287742,0,312908,2020-06-14/2020-06-20,1222195
144,-85,YM,YMU20,D1,2020-06-17,1592352000,26248.0,26494.0,25863.0,25875.0,184018,0,201433,2020-06-14/2020-06-20,1222195
145,-84,YM,YMU20,D1,2020-06-18,1592438400,25877.0,26148.0,25617.0,26079.0,193103,0,212198,2020-06-14/2020-06-20,1222195
146,-83,YM,YMU20,D1,2020-06-19,1592524800,26077.0,26320.0,25509.0,25513.0,225909,0,252536,2020-06-14/2020-06-20,1222195
147,-82,YM,YMU20,D1,2020-06-21,1592697600,25370.0,25479.0,25230.0,25463.0,9736,1,11040,2020-06-21/2020-06-27,1180241
148,-81,YM,YMU20,D1,2020-06-22,1592784000,25466.0,26101.0,25417.0,26066.0,152363,0,170363,2020-06-21/2020-06-27,1180241
149,-80,YM,YMU20,D1,2020-06-23,1592870400,26065.0,26294.0,25514.0,25970.0,179861,0,199614,2020-06-21/2020-06-27,1180241
150,-79,YM,YMU20,D1,2020-06-24,1592956800,25969.0,26134.0,25159.0,25296.0,256943,0,282189,2020-06-21/2020-06-27,1180241
151,-78,YM,YMU20,D1,2020-06-25,1593043200,25297.0,25659.0,25003.0,25543.0,236015,0,259188,2020-06-21/2020-06-27,1180241
152,-77,YM,YMU20,D1,2020-06-26,1593129600,25544.0,25653.0,24837.0,24900.0,231043,0,257846,2020-06-21/2020-06-27,1180241
153,-76,YM,YMU20,D1,2020-06-27,1593216000,24900.0,24900.0,24900.0,24900.0,1,0,1,2020-06-21/2020-06-27,1180241
154,-75,YM,YMU20,D1,2020-06-28,1593302400,24900.0,24926.0,24743.0,24882.0,8551,0,10059,2020-06-28/2020-07-04,914760
155,-74,YM,YMU20,D1,2020-06-29,1593388800,24884.0,25607.0,24826.0,25550.0,195194,0,220404,2020-06-28/2020-07-04,914760
156,-73,YM,YMU20,D1,2020-06-30,1593475200,25549.0,25772.0,25301.0,25605.0,179095,0,199154,2020-06-28/2020-07-04,914760
157,-72,YM,YMU20,D1,2020-07-01,1593561600,25605.0,25893.0,25381.0,25582.0,196159,0,217328,2020-06-28/2020-07-04,914760
158,-71,YM,YMU20,D1,2020-07-02,1593648000,25581.0,26088.0,25515.0,25742.0,178600,0,199882,2020-06-28/2020-07-04,914760
159,-70,YM,YMU20,D1,2020-07-03,1593734400,25740.0,25877.0,25438.0,25623.0,60745,1,67933,2020-06-28/2020-07-04,914760
160,-69,YM,YMU20,D1,2020-07-05,1593907200,25689.0,25846.0,25657.0,25825.0,4004,1,4438,2020-07-05/2020-07-11,1053266
161,-68,YM,YMU20,D1,2020-07-06,1593993600,25826.0,26242.0,25818.0,26218.0,167320,0,185243,2020-07-05/2020-07-11,1053266
162,-67,YM,YMU20,D1,2020-07-07,1594080000,26218.0,26280.0,25741.0,25819.0,175205,0,190566,2020-07-05/2020-07-11,1053266
163,-66,YM,YMU20,D1,2020-07-08,1594166400,25819.0,26029.0,25661.0,25997.0,194157,0,208688,2020-07-05/2020-07-11,1053266
164,-65,YM,YMU20,D1,2020-07-09,1594252800,25998.0,26022.0,25397.0,25673.0,215553,0,239716,2020-07-05/2020-07-11,1053266
165,-64,YM,YMU20,D1,2020-07-10,1594339200,25674.0,26003.0,25293.0,25980.0,202319,0,224615,2020-07-05/2020-07-11,1053266
166,-63,YM,YMU20,D1,2020-07-12,1594512000,25980.0,26177.0,25980.0,26056.0,6952,1,7846,2020-07-12/2020-07-18,1146760
167,-62,YM,YMU20,D1,2020-07-13,1594598400,26058.0,26524.0,25914.0,26039.0,234738,0,260318,2020-07-12/2020-07-18,1146760
168,-61,YM,YMU20,D1,2020-07-14,1594684800,26037.0,26817.0,25874.0,26762.0,267358,0,294628,2020-07-12/2020-07-18,1146760
169,-60,YM,YMU20,D1,2020-07-15,1594771200,26762.0,27063.0,26571.0,26759.0,213342,0,237836,2020-07-12/2020-07-18,1146760
170,-59,YM,YMU20,D1,2020-07-16,1594857600,26758.0,26776.0,26465.0,26622.0,174018,0,196198,2020-07-12/2020-07-18,1146760
171,-58,YM,YMU20,D1,2020-07-17,1594944000,26625.0,26724.0,26502.0,26521.0,134331,0,149934,2020-07-12/2020-07-18,1146760
172,-57,YM,YMU20,D1,2020-07-19,1595116800,26541.0,26604.0,26508.0,26593.0,3713,0,4029,2020-07-19/2020-07-25,874873
173,-56,YM,YMU20,D1,2020-07-20,1595203200,26595.0,26655.0,26330.0,26613.0,149240,0,166291,2020-07-19/2020-07-25,874873
174,-55,YM,YMU20,D1,2020-07-21,1595289600,26613.0,26925.0,26595.0,26787.0,155408,0,174844,2020-07-19/2020-07-25,874873
175,-54,YM,YMU20,D1,2020-07-22,1595376000,26787.0,26928.0,26526.0,26837.0,147639,0,162227,2020-07-19/2020-07-25,874873
176,-53,YM,YMU20,D1,2020-07-23,1595462400,26836.0,27057.0,26449.0,26552.0,172631,0,192093,2020-07-19/2020-07-25,874873
177,-52,YM,YMU20,D1,2020-07-24,1595548800,26552.0,26615.0,26290.0,26329.0,157528,0,175389,2020-07-19/2020-07-25,874873
178,-51,YM,YMU20,D1,2020-07-26,1595721600,26329.0,26371.0,26232.0,26305.0,8635,1,10118,2020-07-26/2020-08-01,868733
179,-50,YM,YMU20,D1,2020-07-27,1595808000,26306.0,26550.0,26286.0,26518.0,121098,0,132547,2020-07-26/2020-08-01,868733
180,-49,YM,YMU20,D1,2020-07-28,1595894400,26519.0,26599.0,26252.0,26318.0,134507,0,145347,2020-07-26/2020-08-01,868733
181,-48,YM,YMU20,D1,2020-07-29,1595980800,26319.0,26500.0,26187.0,26424.0,124181,0,136580,2020-07-26/2020-08-01,868733
182,-47,YM,YMU20,D1,2020-07-30,1596067200,26424.0,26457.0,25881.0,26404.0,195679,0,214228,2020-07-26/2020-08-01,868733
183,-46,YM,YMU20,D1,2020-07-31,1596153600,26403.0,26428.0,25905.0,26378.0,210705,0,229903,2020-07-26/2020-08-01,868733
184,-45,YM,YMU20,D1,2020-08-01,1596240000,26378.0,26378.0,26378.0,26378.0,10,0,10,2020-07-26/2020-08-01,868733
185,-44,YM,YMU20,D1,2020-08-02,1596326400,26378.0,26418.0,26250.0,26320.0,3494,0,3821,2020-08-02/2020-08-08,803886
186,-43,YM,YMU20,D1,2020-08-03,1596412800,26322.0,26603.0,26197.0,26564.0,122232,0,137170,2020-08-02/2020-08-08,803886
187,-42,YM,YMU20,D1,2020-08-04,1596499200,26564.0,26762.0,26439.0,26726.0,132434,0,145399,2020-08-02/2020-08-08,803886
188,-41,YM,YMU20,D1,2020-08-05,1596585600,26726.0,27115.0,26666.0,27089.0,143973,0,155882,2020-08-02/2020-08-08,803886
189,-40,YM,YMU20,D1,2020-08-06,1596672000,27088.0,27301.0,26924.0,27257.0,161979,0,176555,2020-08-02/2020-08-08,803886
190,-39,YM,YMU20,D1,2020-08-07,1596758400,27255.0,27371.0,27105.0,27357.0,171254,0,185058,2020-08-02/2020-08-08,803886
191,-38,YM,YMU20,D1,2020-08-08,1596844800,27357.0,27357.0,27357.0,27357.0,1,0,1,2020-08-02/2020-08-08,803886
192,-37,YM,YMU20,D1,2020-08-09,1596931200,27364.0,27367.0,27260.0,27314.0,5501,1,5799,2020-08-09/2020-08-15,853909
193,-36,YM,YMU20,D1,2020-08-10,1597017600,27315.0,27713.0,27293.0,27687.0,149139,0,167029,2020-08-09/2020-08-15,853909
194,-35,YM,YMU20,D1,2020-08-11,1597104000,27685.0,28069.0,27532.0,27663.0,215965,0,235292,2020-08-09/2020-08-15,853909
195,-34,YM,YMU20,D1,2020-08-12,1597190400,27663.0,27963.0,27612.0,27884.0,145616,0,158762,2020-08-09/2020-08-15,853909
196,-33,YM,YMU20,D1,2020-08-13,1597276800,27881.0,27933.0,27708.0,27889.0,131134,0,141284,2020-08-09/2020-08-15,853909
197,-32,YM,YMU20,D1,2020-08-14,1597363200,27890.0,27911.0,27592.0,27809.0,132778,1,145742,2020-08-09/2020-08-15,853909
198,-31,YM,YMU20,D1,2020-08-15,1597449600,27809.0,27809.0,27809.0,27809.0,1,0,1,2020-08-09/2020-08-15,853909
199,-30,YM,YMU20,D1,2020-08-16,1597536000,27809.0,27881.0,27809.0,27877.0,3197,0,3404,2020-08-16/2020-08-22,746622
200,-29,YM,YMU20,D1,2020-08-17,1597622400,27876.0,27928.0,27736.0,27828.0,98931,0,110565,2020-08-16/2020-08-22,746622
201,-28,YM,YMU20,D1,2020-08-18,1597708800,27828.0,27904.0,27596.0,27732.0,127110,0,140581,2020-08-16/2020-08-22,746622
202,-27,YM,YMU20,D1,2020-08-19,1597795200,27730.0,27855.0,27560.0,27567.0,147291,0,160090,2020-08-16/2020-08-22,746622
203,-26,YM,YMU20,D1,2020-08-20,1597881600,27570.0,27751.0,27392.0,27744.0,146044,0,159531,2020-08-16/2020-08-22,746622
204,-25,YM,YMU20,D1,2020-08-21,1597968000,27746.0,27904.0,27473.0,27857.0,156918,0,172451,2020-08-16/2020-08-22,746622
205,-24,YM,YMU20,D1,2020-08-23,1598140800,27900.0,27964.0,27889.0,27904.0,3313,1,3586,2020-08-23/2020-08-29,834012
206,-23,YM,YMU20,D1,2020-08-24,1598227200,27904.0,28295.0,27877.0,28292.0,140179,0,153245,2020-08-23/2020-08-29,834012
207,-22,YM,YMU20,D1,2020-08-25,1598313600,28292.0,28480.0,28042.0,28191.0,161952,0,181249,2020-08-23/2020-08-29,834012
208,-21,YM,YMU20,D1,2020-08-26,1598400000,28191.0,28339.0,28095.0,28300.0,129095,0,142843,2020-08-23/2020-08-29,834012
209,-20,YM,YMU20,D1,2020-08-27,1598486400,28300.0,28590.0,28181.0,28533.0,193055,0,208207,2020-08-23/2020-08-29,834012
210,-19,YM,YMU20,D1,2020-08-28,1598572800,28531.0,28718.0,28442.0,28627.0,132319,0,144882,2020-08-23/2020-08-29,834012
211,-18,YM,YMU20,D1,2020-08-30,1598745600,28679.0,28749.0,28655.0,28747.0,2896,0,3156,2020-08-30/2020-09-05,1274503
212,-17,YM,YMU20,D1,2020-08-31,1598832000,28747.0,28783.0,28308.0,28416.0,168903,1,186531,2020-08-30/2020-09-05,1274503
213,-16,YM,YMU20,D1,2020-09-01,1598918400,28417.0,28689.0,28257.0,28687.0,148612,0,163996,2020-08-30/2020-09-05,1274503
214,-15,YM,YMU20,D1,2020-09-02,1599004800,28686.0,29152.0,28641.0,29123.0,193723,0,211527,2020-08-30/2020-09-05,1274503
215,-14,YM,YMU20,D1,2020-09-03,1599091200,29122.0,29180.0,28052.0,28149.0,302963,0,331496,2020-08-30/2020-09-05,1274503
216,-13,YM,YMU20,D1,2020-09-04,1599177600,28149.0,28592.0,27643.0,28061.0,351181,0,377797,2020-08-30/2020-09-05,1274503
217,-12,YM,YMU20,D1,2020-09-06,1599350400,28136.0,28142.0,27886.0,28061.0,5379,1,6101,2020-09-06/2020-09-12,909831
218,-11,YM,YMU20,D1,2020-09-07,1599436800,28061.0,28363.0,27967.0,28325.0,54289,0,58823,2020-09-06/2020-09-12,909831
219,-10,YM,YMU20,D1,2020-09-08,1599523200,28323.0,28404.0,27185.0,27412.0,306926,0,327061,2020-09-06/2020-09-12,909831
220,-9,YM,YMU20,D1,2020-09-09,1599609600,27411.0,28196.0,27361.0,28039.0,196630,0,213373,2020-09-06/2020-09-12,909831
221,-8,YM,YMU20,D1,2020-09-10,1599696000,28038.0,28159.0,27432.0,27605.0,196822,0,219421,2020-09-06/2020-09-12,909831
222,-7,YM,YMU20,D1,2020-09-11,1599782400,27606.0,27828.0,27440.0,27642.0,77579,1,85050,2020-09-06/2020-09-12,909831
223,-6,YM,YMU20,D1,2020-09-12,1599868800,27642.0,27642.0,27642.0,27642.0,1,0,2,2020-09-06/2020-09-12,909831
137,-87,YM,YMZ20,D1,2020-09-13,1599955200,27576.0,27702.0,27576.0,27695.0,1308,0,2480,2020-09-13/2020-09-19,837871
138,-86,YM,YMZ20,D1,2020-09-14,1600041600,27697.0,27968.0,27659.0,27889.0,19148,0,122097,2020-09-13/2020-09-19,837871
139,-85,YM,YMZ20,D1,2020-09-15,1600128000,27891.0,28128.0,27808.0,27888.0,17219,0,129908,2020-09-13/2020-09-19,837871
140,-84,YM,YMZ20,D1,2020-09-16,1600214400,27887.0,28251.0,27846.0,27943.0,18958,0,142350,2020-09-13/2020-09-19,837871
141,-83,YM,YMZ20,D1,2020-09-17,1600300800,27944.0,27952.0,27426.0,27798.0,28818,0,230601,2020-09-13/2020-09-19,837871
142,-82,YM,YMZ20,D1,2020-09-18,1600387200,27797.0,27858.0,27369.0,27605.0,23427,0,210434,2020-09-13/2020-09-19,837871
143,-81,YM,YMZ20,D1,2020-09-19,1600473600,27605.0,27605.0,27605.0,27605.0,1,0,1,2020-09-13/2020-09-19,837871
144,-80,YM,YMZ20,D1,2020-09-20,1600560000,27605.0,27619.0,27440.0,27574.0,6701,1,6950,2020-09-20/2020-09-26,1162141
145,-79,YM,YMZ20,D1,2020-09-21,1600646400,27573.0,27663.0,26584.0,27112.0,236949,0,258368,2020-09-20/2020-09-26,1162141
146,-78,YM,YMZ20,D1,2020-09-22,1600732800,27112.0,27249.0,26858.0,27244.0,182823,0,201305,2020-09-20/2020-09-26,1162141
147,-77,YM,YMZ20,D1,2020-09-23,1600819200,27246.0,27392.0,26522.0,26587.0,216321,0,236249,2020-09-20/2020-09-26,1162141
148,-76,YM,YMZ20,D1,2020-09-24,1600905600,26585.0,26971.0,26407.0,26836.0,232006,0,250474,2020-09-20/2020-09-26,1162141
149,-75,YM,YMZ20,D1,2020-09-25,1600992000,26834.0,27123.0,26424.0,27034.0,193416,0,208795,2020-09-20/2020-09-26,1162141
150,-74,YM,YMZ20,D1,2020-09-27,1601164800,27060.0,27149.0,27060.0,27122.0,3191,1,3442,2020-09-27/2020-10-03,1199451
151,-73,YM,YMZ20,D1,2020-09-28,1601251200,27124.0,27600.0,27094.0,27559.0,164907,0,180510,2020-09-27/2020-10-03,1199451
152,-72,YM,YMZ20,D1,2020-09-29,1601337600,27560.0,27619.0,27213.0,27425.0,162500,0,175831,2020-09-27/2020-10-03,1199451
153,-71,YM,YMZ20,D1,2020-09-30,1601424000,27424.0,27904.0,27039.0,27773.0,278396,0,299639,2020-09-27/2020-10-03,1199451
154,-70,YM,YMZ20,D1,2020-10-01,1601510400,27775.0,27962.0,27543.0,27685.0,247348,0,265174,2020-09-27/2020-10-03,1199451
155,-69,YM,YMZ20,D1,2020-10-02,1601596800,27683.0,27736.0,27109.0,27628.0,252867,0,274855,2020-09-27/2020-10-03,1199451
156,-68,YM,YMZ20,D1,2020-10-04,1601769600,27740.0,27772.0,27646.0,27753.0,5469,1,5926,2020-10-04/2020-10-10,993638
157,-67,YM,YMZ20,D1,2020-10-05,1601856000,27754.0,28042.0,27660.0,27995.0,153173,0,169251,2020-10-04/2020-10-10,993638
158,-66,YM,YMZ20,D1,2020-10-06,1601942400,27995.0,28232.0,27531.0,27642.0,261734,0,285324,2020-10-04/2020-10-10,993638
159,-65,YM,YMZ20,D1,2020-10-07,1602028800,27641.0,28250.0,27618.0,28232.0,173116,0,189608,2020-10-04/2020-10-10,993638
160,-64,YM,YMZ20,D1,2020-10-08,1602115200,28232.0,28468.0,28151.0,28446.0,165151,0,178323,2020-10-04/2020-10-10,993638
161,-63,YM,YMZ20,D1,2020-10-09,1602201600,28446.0,28570.0,28324.0,28543.0,150214,0,165205,2020-10-04/2020-10-10,993638
162,-62,YM,YMZ20,D1,2020-10-10,1602288000,28543.0,28543.0,28543.0,28543.0,1,0,1,2020-10-04/2020-10-10,993638
163,-61,YM,YMZ20,D1,2020-10-11,1602374400,28543.0,28543.0,28447.0,28482.0,3784,0,4233,2020-10-11/2020-10-17,981307
164,-60,YM,YMZ20,D1,2020-10-12,1602460800,28483.0,28846.0,28433.0,28785.0,153387,0,169854,2020-10-11/2020-10-17,981307
165,-59,YM,YMZ20,D1,2020-10-13,1602547200,28784.0,28793.0,28485.0,28621.0,195277,0,216795,2020-10-11/2020-10-17,981307
166,-58,YM,YMZ20,D1,2020-10-14,1602633600,28622.0,28726.0,28343.0,28437.0,181825,0,201147,2020-10-11/2020-10-17,981307
167,-57,YM,YMZ20,D1,2020-10-15,1602720000,28434.0,28464.0,28025.0,28432.0,199947,0,217901,2020-10-11/2020-10-17,981307
168,-56,YM,YMZ20,D1,2020-10-16,1602806400,28432.0,28732.0,28332.0,28423.0,153678,0,171374,2020-10-11/2020-10-17,981307
169,-55,YM,YMZ20,D1,2020-10-17,1602892800,28423.0,28423.0,28423.0,28423.0,1,0,3,2020-10-11/2020-10-17,981307
170,-54,YM,YMZ20,D1,2020-10-18,1602979200,28496.0,28531.0,28466.0,28511.0,2227,0,2525,2020-10-18/2020-10-24,777000
171,-53,YM,YMZ20,D1,2020-10-19,1603065600,28510.0,28669.0,28025.0,28229.0,138959,1,155421,2020-10-18/2020-10-24,777000
172,-52,YM,YMZ20,D1,2020-10-20,1603152000,28228.0,28466.0,28048.0,28273.0,154058,0,169070,2020-10-18/2020-10-24,777000
173,-51,YM,YMZ20,D1,2020-10-21,1603238400,28273.0,28378.0,27896.0,27991.0,160818,0,174950,2020-10-18/2020-10-24,777000
174,-50,YM,YMZ20,D1,2020-10-22,1603324800,27990.0,28338.0,27911.0,28292.0,133635,0,145728,2020-10-18/2020-10-24,777000
175,-49,YM,YMZ20,D1,2020-10-23,1603411200,28292.0,28392.0,28045.0,28205.0,119911,0,129306,2020-10-18/2020-10-24,777000
176,-48,YM,YMZ20,D1,2020-10-25,1603584000,28150.0,28150.0,27984.0,28097.0,4618,1,5399,2020-10-25/2020-10-31,1324926
177,-47,YM,YMZ20,D1,2020-10-26,1603670400,28096.0,28123.0,27259.0,27556.0,207709,0,227199,2020-10-25/2020-10-31,1324926
178,-46,YM,YMZ20,D1,2020-10-27,1603756800,27557.0,27713.0,27176.0,27238.0,162413,0,178938,2020-10-25/2020-10-31,1324926
179,-45,YM,YMZ20,D1,2020-10-28,1603843200,27238.0,27267.0,26390.0,26568.0,305159,0,334333,2020-10-25/2020-10-31,1324926
180,-44,YM,YMZ20,D1,2020-10-29,1603929600,26566.0,26803.0,26162.0,26399.0,259043,0,285063,2020-10-25/2020-10-31,1324926
181,-43,YM,YMZ20,D1,2020-10-30,1604016000,26398.0,26533.0,25953.0,26503.0,267547,0,293990,2020-10-25/2020-10-31,1324926
182,-42,YM,YMZ20,D1,2020-10-31,1604102400,26503.0,26503.0,26503.0,26503.0,4,0,4,2020-10-25/2020-10-31,1324926
183,-41,YM,YMZ20,D1,2020-11-01,1604188800,26372.0,26442.0,26172.0,26271.0,3806,1,4415,2020-11-01/2020-11-07,1097834
184,-40,YM,YMZ20,D1,2020-11-02,1604275200,26269.0,26938.0,26221.0,26887.0,192858,1,212605,2020-11-01/2020-11-07,1097834
185,-39,YM,YMZ20,D1,2020-11-03,1604361600,26887.0,27675.0,26842.0,27567.0,162111,0,182323,2020-11-01/2020-11-07,1097834
186,-38,YM,YMZ20,D1,2020-11-04,1604448000,27569.0,28194.0,26903.0,27697.0,266291,0,301437,2020-11-01/2020-11-07,1097834
187,-37,YM,YMZ20,D1,2020-11-05,1604534400,27703.0,28390.0,27666.0,28240.0,173892,0,193590,2020-11-01/2020-11-07,1097834
188,-36,YM,YMZ20,D1,2020-11-06,1604620800,28240.0,28457.0,27966.0,28281.0,185833,0,203464,2020-11-01/2020-11-07,1097834
189,-35,YM,YMZ20,D1,2020-11-08,1604793600,28386.0,28583.0,28328.0,28501.0,3625,1,4159,2020-11-08/2020-11-14,1039302
190,-34,YM,YMZ20,D1,2020-11-09,1604880000,28500.0,30000.0,28464.0,29086.0,281454,0,309666,2020-11-08/2020-11-14,1039302
191,-33,YM,YMZ20,D1,2020-11-10,1604966400,29086.0,29414.0,28781.0,29303.0,206223,0,224778,2020-11-08/2020-11-14,1039302
192,-32,YM,YMZ20,D1,2020-11-11,1605052800,29302.0,29570.0,29184.0,29296.0,148074,0,165578,2020-11-08/2020-11-14,1039302
193,-31,YM,YMZ20,D1,2020-11-12,1605139200,29295.0,29335.0,28815.0,29022.0,165182,0,183464,2020-11-08/2020-11-14,1039302
194,-30,YM,YMZ20,D1,2020-11-13,1605225600,29027.0,29483.0,28858.0,29413.0,135497,0,151657,2020-11-08/2020-11-14,1039302
195,-29,YM,YMZ20,D1,2020-11-16,1605484800,29598.0,29998.0,29556.0,29871.0,141893,0,158194,2020-11-15/2020-11-21,783260
196,-28,YM,YMZ20,D1,2020-11-17,1605571200,29865.0,29867.0,29449.0,29750.0,138404,0,154519,2020-11-15/2020-11-21,783260
197,-27,YM,YMZ20,D1,2020-11-18,1605657600,29750.0,29896.0,29331.0,29384.0,150639,0,164614,2020-11-15/2020-11-21,783260
198,-26,YM,YMZ20,D1,2020-11-19,1605744000,29383.0,29476.0,29144.0,29173.0,146113,0,164142,2020-11-15/2020-11-21,783260
199,-25,YM,YMZ20,D1,2020-11-20,1605830400,29172.0,29440.0,29123.0,29178.0,126398,0,141791,2020-11-15/2020-11-21,783260
200,-24,YM,YMZ20,D1,2020-11-22,1606003200,29163.0,29233.0,29116.0,29231.0,2620,1,2842,2020-11-22/2020-11-28,539080
201,-23,YM,YMZ20,D1,2020-11-23,1606089600,29230.0,29748.0,29218.0,29697.0,135122,0,154924,2020-11-22/2020-11-28,539080
202,-22,YM,YMZ20,D1,2020-11-24,1606176000,29695.0,30067.0,29675.0,30054.0,131405,0,146788,2020-11-22/2020-11-28,539080
203,-21,YM,YMZ20,D1,2020-11-25,1606262400,30053.0,30165.0,29757.0,29851.0,124151,0,136829,2020-11-22/2020-11-28,539080
204,-20,YM,YMZ20,D1,2020-11-26,1606348800,29850.0,29908.0,29721.0,29760.0,26029,0,28866,2020-11-22/2020-11-28,539080
205,-19,YM,YMZ20,D1,2020-11-27,1606435200,29761.0,29978.0,29696.0,29891.0,63129,1,68831,2020-11-22/2020-11-28,539080
206,-18,YM,YMZ20,D1,2020-11-29,1606608000,29914.0,29972.0,29873.0,29893.0,1854,1,2075,2020-11-29/2020-12-05,757533
207,-17,YM,YMZ20,D1,2020-11-30,1606694400,29894.0,29895.0,29428.0,29733.0,154764,0,171377,2020-11-29/2020-12-05,757533
208,-16,YM,YMZ20,D1,2020-12-01,1606780800,29735.0,30057.0,29699.0,29752.0,153201,0,167973,2020-11-29/2020-12-05,757533
209,-15,YM,YMZ20,D1,2020-12-02,1606867200,29753.0,29918.0,29589.0,29858.0,130289,0,144202,2020-11-29/2020-12-05,757533
210,-14,YM,YMZ20,D1,2020-12-03,1606953600,29856.0,30092.0,29755.0,29975.0,140542,0,154299,2020-11-29/2020-12-05,757533
211,-13,YM,YMZ20,D1,2020-12-04,1607040000,29974.0,30216.0,29955.0,30145.0,107636,0,117607,2020-11-29/2020-12-05,757533
212,-12,YM,YMZ20,D1,2020-12-06,1607212800,30174.0,30265.0,30171.0,30225.0,2795,1,3189,2020-12-06/2020-12-12,681582
213,-11,YM,YMZ20,D1,2020-12-07,1607299200,30225.0,30228.0,29954.0,29995.0,115701,0,127115,2020-12-06/2020-12-12,681582
214,-10,YM,YMZ20,D1,2020-12-08,1607385600,29994.0,30271.0,29852.0,30201.0,129579,0,144085,2020-12-06/2020-12-12,681582
215,-9,YM,YMZ20,D1,2020-12-09,1607472000,30198.0,30309.0,29946.0,30092.0,167772,0,184081,2020-12-06/2020-12-12,681582
216,-8,YM,YMZ20,D1,2020-12-10,1607558400,30092.0,30149.0,29868.0,30063.0,133688,0,145519,2020-12-06/2020-12-12,681582
217,-7,YM,YMZ20,D1,2020-12-11,1607644800,30061.0,30089.0,29721.0,30037.0,67180,0,77591,2020-12-06/2020-12-12,681582
218,-6,YM,YMZ20,D1,2020-12-12,1607731200,30037.0,30037.0,30037.0,30037.0,1,0,2,2020-12-06/2020-12-12,681582
136,-82,YM,YMH21,D1,2020-12-13,1607817600,30052.0,30147.0,30046.0,30092.0,1997,1,2315,2020-12-13/2020-12-19,656354
137,-81,YM,YMH21,D1,2020-12-14,1607904000,30094.0,30240.0,29763.0,29855.0,127734,0,136156,2020-12-13/2020-12-19,656354
138,-80,YM,YMH21,D1,2020-12-15,1607990400,29854.0,30157.0,29751.0,30115.0,116952,0,126117,2020-12-13/2020-12-19,656354
139,-79,YM,YMH21,D1,2020-12-16,1608076800,30114.0,30232.0,29993.0,30093.0,109804,0,119394,2020-12-13/2020-12-19,656354
140,-78,YM,YMH21,D1,2020-12-17,1608163200,30093.0,30248.0,30062.0,30197.0,98951,0,109304,2020-12-13/2020-12-19,656354
141,-77,YM,YMH21,D1,2020-12-18,1608249600,30196.0,30283.0,29927.0,30276.0,147544,1,163068,2020-12-13/2020-12-19,656354
142,-76,YM,YMH21,D1,2020-12-21,1608508800,30047.0,30198.0,29318.0,30087.0,221677,0,243721,2020-12-20/2020-12-26,572978
143,-75,YM,YMH21,D1,2020-12-22,1608595200,30088.0,30150.0,29879.0,29974.0,138035,0,150672,2020-12-20/2020-12-26,572978
144,-74,YM,YMH21,D1,2020-12-23,1608681600,29974.0,30182.0,29735.0,30074.0,115713,0,129026,2020-12-20/2020-12-26,572978
145,-73,YM,YMH21,D1,2020-12-24,1608768000,30075.0,30151.0,29997.0,30102.0,44220,1,49559,2020-12-20/2020-12-26,572978
146,-72,YM,YMH21,D1,2020-12-27,1609027200,30028.0,30188.0,29956.0,30152.0,3202,1,3652,2020-12-27/2021-01-02,400561
147,-71,YM,YMH21,D1,2020-12-28,1609113600,30153.0,30418.0,30116.0,30364.0,94371,0,106047,2020-12-27/2021-01-02,400561
148,-70,YM,YMH21,D1,2020-12-29,1609200000,30365.0,30502.0,30166.0,30256.0,105411,0,115921,2020-12-27/2021-01-02,400561
149,-69,YM,YMH21,D1,2020-12-30,1609286400,30256.0,30416.0,30211.0,30343.0,85665,0,94016,2020-12-27/2021-01-02,400561
150,-68,YM,YMH21,D1,2020-12-31,1609372800,30345.0,30526.0,30230.0,30482.0,72837,1,80925,2020-12-27/2021-01-02,400561
151,-67,YM,YMH21,D1,2021-01-03,1609632000,30481.0,30534.0,30433.0,30502.0,3339,1,3689,2021-01-03/2021-01-09,1124076
152,-66,YM,YMH21,D1,2021-01-04,1609718400,30504.0,30691.0,29760.0,30111.0,240767,0,264610,2021-01-03/2021-01-09,1124076
153,-65,YM,YMH21,D1,2021-01-05,1609804800,30108.0,30393.0,29974.0,30254.0,171422,0,187107,2021-01-03/2021-01-09,1124076
154,-64,YM,YMH21,D1,2021-01-06,1609891200,30255.0,30912.0,30154.0,30767.0,286457,0,313563,2021-01-03/2021-01-09,1124076
155,-63,YM,YMH21,D1,2021-01-07,1609977600,30766.0,31087.0,30696.0,30965.0,153744,0,167401,2021-01-03/2021-01-09,1124076
156,-62,YM,YMH21,D1,2021-01-08,1610064000,30964.0,31148.0,30687.0,31021.0,172577,0,187705,2021-01-03/2021-01-09,1124076
157,-61,YM,YMH21,D1,2021-01-09,1610150400,31021.0,31021.0,31021.0,31021.0,1,0,1,2021-01-03/2021-01-09,1124076
158,-60,YM,YMH21,D1,2021-01-10,1610236800,31021.0,31022.0,30907.0,30921.0,2441,0,2806,2021-01-10/2021-01-16,746531
159,-59,YM,YMH21,D1,2021-01-11,1610323200,30921.0,30987.0,30638.0,30930.0,148520,0,163551,2021-01-10/2021-01-16,746531
160,-58,YM,YMH21,D1,2021-01-12,1610409600,30932.0,31012.0,30777.0,30989.0,116164,0,128266,2021-01-10/2021-01-16,746531
161,-57,YM,YMH21,D1,2021-01-13,1610496000,30988.0,31060.0,30869.0,30981.0,120336,0,132310,2021-01-10/2021-01-16,746531
162,-56,YM,YMH21,D1,2021-01-14,1610582400,30979.0,31116.0,30882.0,30932.0,113613,0,125719,2021-01-10/2021-01-16,746531
163,-55,YM,YMH21,D1,2021-01-15,1610668800,30931.0,30938.0,30506.0,30623.0,177289,0,193879,2021-01-10/2021-01-16,746531
164,-54,YM,YMH21,D1,2021-01-17,1610841600,30628.0,30729.0,30625.0,30659.0,2278,1,2512,2021-01-17/2021-01-23,588602
165,-53,YM,YMH21,D1,2021-01-18,1610928000,30661.0,30785.0,30605.0,30778.0,32139,0,34396,2021-01-17/2021-01-23,588602
166,-52,YM,YMH21,D1,2021-01-19,1611014400,30778.0,30982.0,30758.0,30911.0,137521,0,154671,2021-01-17/2021-01-23,588602
167,-51,YM,YMH21,D1,2021-01-20,1611100800,30909.0,31134.0,30772.0,31109.0,124687,0,139279,2021-01-17/2021-01-23,588602
168,-50,YM,YMH21,D1,2021-01-21,1611187200,31110.0,31188.0,31016.0,31042.0,107648,0,118217,2021-01-17/2021-01-23,588602
169,-49,YM,YMH21,D1,2021-01-22,1611273600,31042.0,31086.0,30791.0,30891.0,125524,0,139527,2021-01-17/2021-01-23,588602
170,-48,YM,YMH21,D1,2021-01-24,1611446400,30920.0,30987.0,30913.0,30961.0,1578,1,1761,2021-01-24/2021-01-30,1269008
171,-47,YM,YMH21,D1,2021-01-25,1611532800,30962.0,31015.0,30457.0,30834.0,217057,0,238634,2021-01-24/2021-01-30,1269008
172,-46,YM,YMH21,D1,2021-01-26,1611619200,30833.0,31017.0,30666.0,30850.0,140280,0,153371,2021-01-24/2021-01-30,1269008
173,-45,YM,YMH21,D1,2021-01-27,1611705600,30849.0,30865.0,29950.0,29990.0,249738,1,276404,2021-01-24/2021-01-30,1269008
174,-44,YM,YMH21,D1,2021-01-28,1611792000,29991.0,30843.0,29965.0,30442.0,261896,0,288307,2021-01-24/2021-01-30,1269008
175,-43,YM,YMH21,D1,2021-01-29,1611878400,30443.0,30521.0,29754.0,29825.0,282808,0,310531,2021-01-24/2021-01-30,1269008
98,-128,YM,YMM21,D1,2021-01-30,1611964800,29742.0,29742.0,29742.0,29742.0,1,0,1,2021-01-24/2021-01-30,803
176,-42,YM,YMH21,D1,2021-01-31,1612051200,29825.0,29825.0,29552.0,29693.0,5684,1,6359,2021-01-31/2021-02-06,682722
177,-41,YM,YMH21,D1,2021-02-01,1612137600,29694.0,30235.0,29692.0,30146.0,148350,0,163187,2021-01-31/2021-02-06,682722
178,-40,YM,YMH21,D1,2021-02-02,1612224000,30144.0,30738.0,30070.0,30629.0,138047,0,152827,2021-01-31/2021-02-06,682722
179,-39,YM,YMH21,D1,2021-02-03,1612310400,30628.0,30720.0,30412.0,30678.0,117670,0,128355,2021-01-31/2021-02-06,682722
180,-38,YM,YMH21,D1,2021-02-04,1612396800,30678.0,30990.0,30542.0,30972.0,102991,0,112588,2021-01-31/2021-02-06,682722
181,-37,YM,YMH21,D1,2021-02-05,1612483200,30974.0,31149.0,30924.0,31076.0,103908,0,119406,2021-01-31/2021-02-06,682722
182,-36,YM,YMH21,D1,2021-02-07,1612656000,31126.0,31164.0,31063.0,31082.0,3567,1,4014,2021-02-07/2021-02-13,612634
183,-35,YM,YMH21,D1,2021-02-08,1612742400,31083.0,31311.0,31050.0,31275.0,96720,0,108005,2021-02-07/2021-02-13,612634
184,-34,YM,YMH21,D1,2021-02-09,1612828800,31275.0,31340.0,31144.0,31299.0,89334,0,100261,2021-02-07/2021-02-13,612634
185,-33,YM,YMH21,D1,2021-02-10,1612915200,31299.0,31451.0,31119.0,31362.0,140946,0,155393,2021-02-07/2021-02-13,612634
186,-32,YM,YMH21,D1,2021-02-11,1613001600,31362.0,31465.0,31168.0,31380.0,122102,0,135188,2021-02-07/2021-02-13,612634
187,-31,YM,YMH21,D1,2021-02-12,1613088000,31379.0,31420.0,31216.0,31420.0,98143,1,109773,2021-02-07/2021-02-13,612634
188,-30,YM,YMH21,D1,2021-02-14,1613260800,31420.0,31471.0,31420.0,31434.0,1563,1,1831,2021-02-14/2021-02-20,714872
189,-29,YM,YMH21,D1,2021-02-15,1613347200,31434.0,31613.0,31431.0,31563.0,28433,0,32557,2021-02-14/2021-02-20,714872
190,-28,YM,YMH21,D1,2021-02-16,1613433600,31564.0,31662.0,31373.0,31427.0,138172,0,152409,2021-02-14/2021-02-20,714872
191,-27,YM,YMH21,D1,2021-02-17,1613520000,31426.0,31591.0,31269.0,31587.0,159716,0,177713,2021-02-14/2021-02-20,714872
192,-26,YM,YMH21,D1,2021-02-18,1613606400,31588.0,31632.0,31228.0,31415.0,175064,0,193555,2021-02-14/2021-02-20,714872
193,-25,YM,YMH21,D1,2021-02-19,1613692800,31414.0,31583.0,31302.0,31426.0,142354,0,156807,2021-02-14/2021-02-20,714872
117,-109,YM,YMM21,D1,2021-02-20,1613779200,31292.0,31292.0,31292.0,31292.0,1,324,1,2021-02-14/2021-02-20,598
194,-24,YM,YMH21,D1,2021-02-21,1613865600,31460.0,31505.0,31393.0,31456.0,3503,1,3965,2021-02-21/2021-02-27,1453748
195,-23,YM,YMH21,D1,2021-02-22,1613952000,31455.0,31592.0,31190.0,31510.0,191114,0,209925,2021-02-21/2021-02-27,1453748
196,-22,YM,YMH21,D1,2021-02-23,1614038400,31509.0,31615.0,31103.0,31474.0,274897,0,297094,2021-02-21/2021-02-27,1453748
197,-21,YM,YMH21,D1,2021-02-24,1614124800,31472.0,32029.0,31322.0,32016.0,225770,0,245642,2021-02-21/2021-02-27,1453748
198,-20,YM,YMH21,D1,2021-02-25,1614211200,32016.0,32033.0,31247.0,31308.0,305818,0,332113,2021-02-21/2021-02-27,1453748
199,-19,YM,YMH21,D1,2021-02-26,1614297600,31308.0,31456.0,30803.0,30915.0,340868,0,365009,2021-02-21/2021-02-27,1453748
200,-18,YM,YMH21,D1,2021-02-28,1614470400,30981.0,31099.0,30934.0,31093.0,4875,1,5676,2021-02-28/2021-03-06,1409360
201,-17,YM,YMH21,D1,2021-03-01,1614556800,31098.0,31637.0,31083.0,31547.0,181037,0,199272,2021-02-28/2021-03-06,1409360
202,-16,YM,YMH21,D1,2021-03-02,1614643200,31547.0,31587.0,31281.0,31428.0,189154,0,203253,2021-02-28/2021-03-06,1409360
203,-15,YM,YMH21,D1,2021-03-03,1614729600,31429.0,31609.0,31115.0,31118.0,236006,0,254948,2021-02-28/2021-03-06,1409360
204,-14,YM,YMH21,D1,2021-03-04,1614816000,31117.0,31436.0,30512.0,30830.0,382708,0,407960,2021-02-28/2021-03-06,1409360
205,-13,YM,YMH21,D1,2021-03-05,1614902400,30828.0,31545.0,30641.0,31502.0,313034,0,338251,2021-02-28/2021-03-06,1409360
206,-12,YM,YMH21,D1,2021-03-07,1615075200,31502.0,31705.0,31502.0,31630.0,5154,1,6041,2021-03-07/2021-03-13,938110
207,-11,YM,YMH21,D1,2021-03-08,1615161600,31629.0,32114.0,31287.0,31930.0,261410,0,283373,2021-03-07/2021-03-13,938110
208,-10,YM,YMH21,D1,2021-03-09,1615248000,31930.0,32118.0,31792.0,31837.0,181451,0,197592,2021-03-07/2021-03-13,938110
209,-9,YM,YMH21,D1,2021-03-10,1615334400,31836.0,32373.0,31727.0,32293.0,194179,0,213296,2021-03-07/2021-03-13,938110
210,-8,YM,YMH21,D1,2021-03-11,1615420800,32292.0,32641.0,32254.0,32524.0,140844,0,156219,2021-03-07/2021-03-13,938110
211,-7,YM,YMH21,D1,2021-03-12,1615507200,32521.0,32822.0,32389.0,32800.0,73548,0,81588,2021-03-07/2021-03-13,938110
212,-6,YM,YMH21,D1,2021-03-13,1615593600,32800.0,32800.0,32800.0,32800.0,1,87,1,2021-03-07/2021-03-13,938110
137,-89,YM,YMM21,D1,2021-03-14,1615680000,32687.0,32797.0,32687.0,32781.0,2782,0,3238,2021-03-14/2021-03-20,843909
138,-88,YM,YMM21,D1,2021-03-15,1615766400,32779.0,32862.0,32517.0,32781.0,110614,0,120022,2021-03-14/2021-03-20,843909
139,-87,YM,YMM21,D1,2021-03-16,1615852800,32780.0,32865.0,32665.0,32719.0,123742,0,134215,2021-03-14/2021-03-20,843909
140,-86,YM,YMM21,D1,2021-03-17,1615939200,32720.0,32994.0,32670.0,32990.0,149620,0,162080,2021-03-14/2021-03-20,843909
141,-85,YM,YMM21,D1,2021-03-18,1616025600,32989.0,33116.0,32722.0,32780.0,202813,0,223293,2021-03-14/2021-03-20,843909
142,-84,YM,YMM21,D1,2021-03-19,1616112000,32780.0,32867.0,32401.0,32507.0,181807,0,201061,2021-03-14/2021-03-20,843909
143,-83,YM,YMM21,D1,2021-03-21,1616284800,32507.0,32507.0,32420.0,32467.0,3483,1,3972,2021-03-21/2021-03-27,975441
144,-82,YM,YMM21,D1,2021-03-22,1616371200,32469.0,32688.0,32314.0,32676.0,134868,0,148791,2021-03-21/2021-03-27,975441
145,-81,YM,YMM21,D1,2021-03-23,1616457600,32674.0,32689.0,32235.0,32303.0,165026,0,179944,2021-03-21/2021-03-27,975441
146,-80,YM,YMM21,D1,2021-03-24,1616544000,32306.0,32669.0,32232.0,32373.0,186836,0,205035,2021-03-21/2021-03-27,975441
147,-79,YM,YMM21,D1,2021-03-25,1616630400,32372.0,32584.0,31951.0,32541.0,232867,0,254316,2021-03-21/2021-03-27,975441
148,-78,YM,YMM21,D1,2021-03-26,1616716800,32540.0,32984.0,32496.0,32958.0,165918,0,183381,2021-03-21/2021-03-27,975441
149,-77,YM,YMM21,D1,2021-03-27,1616803200,32958.0,32958.0,32958.0,32958.0,2,44,2,2021-03-21/2021-03-27,975441
150,-76,YM,YMM21,D1,2021-03-28,1616889600,32958.0,32958.0,32879.0,32881.0,3375,1,3932,2021-03-28/2021-04-03,649458
151,-75,YM,YMM21,D1,2021-03-29,1616976000,32880.0,33134.0,32746.0,33072.0,173094,0,190976,2021-03-28/2021-04-03,649458
152,-74,YM,YMM21,D1,2021-03-30,1617062400,33073.0,33129.0,32859.0,32944.0,150222,0,164936,2021-03-28/2021-04-03,649458
153,-73,YM,YMM21,D1,2021-03-31,1617148800,32944.0,33045.0,32866.0,32918.0,125371,0,139574,2021-03-28/2021-04-03,649458
154,-72,YM,YMM21,D1,2021-04-01,1617235200,32919.0,33060.0,32842.0,33042.0,122083,0,135797,2021-03-28/2021-04-03,649458
155,-71,YM,YMM21,D1,2021-04-02,1617321600,33041.0,33264.0,33017.0,33190.0,12362,1,14241,2021-03-28/2021-04-03,649458
156,-70,YM,YMM21,D1,2021-04-03,1617408000,33190.0,33190.0,33190.0,33190.0,1,60,2,2021-03-28/2021-04-03,649458
157,-69,YM,YMM21,D1,2021-04-04,1617494400,33236.0,33266.0,33157.0,33238.0,4111,0,4723,2021-04-04/2021-04-10,635651
158,-68,YM,YMM21,D1,2021-04-05,1617580800,33238.0,33504.0,33192.0,33431.0,106335,0,116985,2021-04-04/2021-04-10,635651
159,-67,YM,YMM21,D1,2021-04-06,1617667200,33430.0,33434.0,33266.0,33373.0,123096,0,135641,2021-04-04/2021-04-10,635651
160,-66,YM,YMM21,D1,2021-04-07,1617753600,33374.0,33407.0,33233.0,33378.0,116718,1,129242,2021-04-04/2021-04-10,635651
161,-65,YM,YMM21,D1,2021-04-08,1617840000,33378.0,33464.0,33227.0,33462.0,107327,0,119762,2021-04-04/2021-04-10,635651
162,-64,YM,YMM21,D1,2021-04-09,1617926400,33462.0,33694.0,33371.0,33641.0,116550,0,129292,2021-04-04/2021-04-10,635651
163,-63,YM,YMM21,D1,2021-04-10,1618012800,33641.0,33641.0,33641.0,33641.0,6,36,6,2021-04-04/2021-04-10,635651
164,-62,YM,YMM21,D1,2021-04-11,1618099200,33641.0,33686.0,33639.0,33644.0,2573,0,2942,2021-04-11/2021-04-17,714152
165,-61,YM,YMM21,D1,2021-04-12,1618185600,33644.0,33672.0,33550.0,33643.0,107292,0,125320,2021-04-11/2021-04-17,714152
166,-60,YM,YMM21,D1,2021-04-13,1618272000,33642.0,33712.0,33431.0,33535.0,134072,0,157586,2021-04-11/2021-04-17,714152
167,-59,YM,YMM21,D1,2021-04-14,1618358400,33534.0,33800.0,33519.0,33669.0,145640,0,168271,2021-04-11/2021-04-17,714152
168,-58,YM,YMM21,D1,2021-04-15,1618444800,33669.0,33962.0,33663.0,33933.0,118968,0,140172,2021-04-11/2021-04-17,714152
169,-57,YM,YMM21,D1,2021-04-16,1618531200,33932.0,34144.0,33880.0,34051.0,108961,0,119861,2021-04-11/2021-04-17,714152
170,-56,YM,YMM21,D1,2021-04-18,1618704000,34051.0,34051.0,33985.0,33987.0,2515,1,2862,2021-04-18/2021-04-24,778631
171,-55,YM,YMM21,D1,2021-04-19,1618790400,33986.0,34048.0,33860.0,34028.0,135026,0,150403,2021-04-18/2021-04-24,778631
172,-54,YM,YMM21,D1,2021-04-20,1618876800,34029.0,34066.0,33572.0,33702.0,152891,1,168485,2021-04-18/2021-04-24,778631
173,-53,YM,YMM21,D1,2021-04-21,1618963200,33702.0,34040.0,33625.0,33966.0,125689,0,141724,2021-04-18/2021-04-24,778631
174,-52,YM,YMM21,D1,2021-04-22,1619049600,33966.0,34039.0,33605.0,33716.0,162538,0,180984,2021-04-18/2021-04-24,778631
175,-51,YM,YMM21,D1,2021-04-23,1619136000,33716.0,34056.0,33608.0,33914.0,119330,1,134173,2021-04-18/2021-04-24,778631
176,-50,YM,YMM21,D1,2021-04-25,1619308800,33914.0,33962.0,33904.0,33908.0,1760,1,1946,2021-04-25/2021-05-01,617189
177,-49,YM,YMM21,D1,2021-04-26,1619395200,33908.0,34045.0,33832.0,33903.0,88921,0,98942,2021-04-25/2021-05-01,617189
178,-48,YM,YMM21,D1,2021-04-27,1619481600,33901.0,33973.0,33764.0,33807.0,94574,0,104401,2021-04-25/2021-05-01,617189
179,-47,YM,YMM21,D1,2021-04-28,1619568000,33807.0,33868.0,33690.0,33750.0,98440,0,108726,2021-04-25/2021-05-01,617189
180,-46,YM,YMM21,D1,2021-04-29,1619654400,33748.0,33979.0,33628.0,33923.0,140173,0,156586,2021-04-25/2021-05-01,617189
181,-45,YM,YMM21,D1,2021-04-30,1619740800,33922.0,33941.0,33678.0,33807.0,131281,1,146582,2021-04-25/2021-05-01,617189
182,-44,YM,YMM21,D1,2021-05-01,1619827200,33807.0,33807.0,33807.0,33807.0,6,48,6,2021-04-25/2021-05-01,617189
183,-43,YM,YMM21,D1,2021-05-02,1619913600,33807.0,33876.0,33807.0,33874.0,2648,1,2939,2021-05-02/2021-05-08,826226
184,-42,YM,YMM21,D1,2021-05-03,1620000000,33874.0,34116.0,33852.0,33984.0,112055,0,125059,2021-05-02/2021-05-08,826226
185,-41,YM,YMM21,D1,2021-05-04,1620086400,33982.0,34047.0,33654.0,34032.0,185566,0,208634,2021-05-02/2021-05-08,826226
186,-40,YM,YMM21,D1,2021-05-05,1620172800,34033.0,34219.0,33926.0,34125.0,136540,0,154449,2021-05-02/2021-05-08,826226
187,-39,YM,YMM21,D1,2021-05-06,1620259200,34125.0,34458.0,34074.0,34423.0,151658,0,170415,2021-05-02/2021-05-08,826226
188,-38,YM,YMM21,D1,2021-05-07,1620345600,34423.0,34728.0,34366.0,34713.0,143370,0,164729,2021-05-02/2021-05-08,826226
189,-37,YM,YMM21,D1,2021-05-08,1620432000,34713.0,34713.0,34713.0,34713.0,1,26,1,2021-05-02/2021-05-08,826226
190,-36,YM,YMM21,D1,2021-05-09,1620518400,34722.0,34745.0,34688.0,34734.0,2332,1,2639,2021-05-09/2021-05-15,1187697
191,-35,YM,YMM21,D1,2021-05-10,1620604800,34733.0,35000.0,34611.0,34713.0,164729,0,186978,2021-05-09/2021-05-15,1187697
192,-34,YM,YMM21,D1,2021-05-11,1620691200,34714.0,34728.0,33983.0,34197.0,274055,0,309246,2021-05-09/2021-05-15,1187697
193,-33,YM,YMM21,D1,2021-05-12,1620777600,34198.0,34227.0,33461.0,33587.0,243779,0,269485,2021-05-09/2021-05-15,1187697
194,-32,YM,YMM21,D1,2021-05-13,1620864000,33589.0,34093.0,33200.0,33985.0,232776,0,258521,2021-05-09/2021-05-15,1187697
195,-31,YM,YMM21,D1,2021-05-14,1620950400,33985.0,34382.0,33966.0,34352.0,143006,0,160826,2021-05-09/2021-05-15,1187697
196,-30,YM,YMM21,D1,2021-05-15,1621036800,34352.0,34352.0,34352.0,34352.0,2,66,2,2021-05-09/2021-05-15,1187697
197,-29,YM,YMM21,D1,2021-05-16,1621123200,34352.0,34374.0,34303.0,34321.0,3031,1,3468,2021-05-16/2021-05-22,820869
198,-28,YM,YMM21,D1,2021-05-17,1621209600,34319.0,34344.0,34093.0,34340.0,135094,0,149924,2021-05-16/2021-05-22,820869
199,-27,YM,YMM21,D1,2021-05-18,1621296000,34340.0,34423.0,33879.0,33885.0,119659,0,132192,2021-05-16/2021-05-22,820869
200,-26,YM,YMM21,D1,2021-05-19,1621382400,33886.0,33989.0,33402.0,33738.0,217385,1,240427,2021-05-16/2021-05-22,820869
201,-25,YM,YMM21,D1,2021-05-20,1621468800,33737.0,34187.0,33585.0,34089.0,140062,0,159080,2021-05-16/2021-05-22,820869
202,-24,YM,YMM21,D1,2021-05-21,1621555200,34091.0,34372.0,34024.0,34208.0,122322,0,135778,2021-05-16/2021-05-22,820869
203,-23,YM,YMM21,D1,2021-05-23,1621728000,34150.0,34227.0,34101.0,34184.0,3684,0,4113,2021-05-23/2021-05-29,574199
204,-22,YM,YMM21,D1,2021-05-24,1621814400,34183.0,34427.0,34181.0,34401.0,90879,0,100183,2021-05-23/2021-05-29,574199
205,-21,YM,YMM21,D1,2021-05-25,1621900800,34400.0,34483.0,34224.0,34323.0,103605,0,114565,2021-05-23/2021-05-29,574199
206,-20,YM,YMM21,D1,2021-05-26,1621987200,34322.0,34417.0,34227.0,34276.0,94433,0,104787,2021-05-23/2021-05-29,574199
207,-19,YM,YMM21,D1,2021-05-27,1622073600,34274.0,34612.0,34170.0,34603.0,126484,0,143399,2021-05-23/2021-05-29,574199
208,-18,YM,YMM21,D1,2021-05-28,1622160000,34603.0,34639.0,34495.0,34544.0,96001,0,107152,2021-05-23/2021-05-29,574199
209,-17,YM,YMM21,D1,2021-05-30,1622332800,34544.0,34571.0,34527.0,34549.0,1438,1,1515,2021-05-30/2021-06-05,529599
210,-16,YM,YMM21,D1,2021-05-31,1622419200,34548.0,34574.0,34408.0,34505.0,18829,0,20547,2021-05-30/2021-06-05,529599
211,-15,YM,YMM21,D1,2021-06-01,1622505600,34505.0,34827.0,34474.0,34538.0,120449,1,134535,2021-05-30/2021-06-05,529599
212,-14,YM,YMM21,D1,2021-06-02,1622592000,34537.0,34694.0,34508.0,34602.0,95215,0,107139,2021-05-30/2021-06-05,529599
213,-13,YM,YMM21,D1,2021-06-03,1622678400,34603.0,34655.0,34310.0,34541.0,137345,0,152271,2021-05-30/2021-06-05,529599
214,-12,YM,YMM21,D1,2021-06-04,1622764800,34543.0,34755.0,34472.0,34750.0,99657,1,113592,2021-05-30/2021-06-05,529599
215,-11,YM,YMM21,D1,2021-06-06,1622937600,34750.0,34779.0,34740.0,34770.0,2032,0,2201,2021-06-06/2021-06-12,563748
216,-10,YM,YMM21,D1,2021-06-07,1623024000,34768.0,34825.0,34558.0,34596.0,105294,0,116470,2021-06-06/2021-06-12,563748
217,-9,YM,YMM21,D1,2021-06-08,1623110400,34597.0,34651.0,34429.0,34590.0,119908,0,132690,2021-06-06/2021-06-12,563748
218,-8,YM,YMM21,D1,2021-06-09,1623196800,34590.0,34647.0,34425.0,34464.0,103007,0,115569,2021-06-06/2021-06-12,563748
219,-7,YM,YMM21,D1,2021-06-10,1623283200,34464.0,34733.0,34389.0,34452.0,121229,0,136308,2021-06-06/2021-06-12,563748
220,-6,YM,YMM21,D1,2021-06-11,1623369600,34455.0,34614.0,34313.0,34441.0,49856,0,60510,2021-06-06/2021-06-12,563748
123,-83,YM,YMU21,D1,2021-06-13,1623542400,34348.0,34393.0,34348.0,34385.0,1615,1,1825,2021-06-13/2021-06-19,787331
124,-82,YM,YMU21,D1,2021-06-14,1623628800,34386.0,34453.0,34095.0,34243.0,95074,0,105583,2021-06-13/2021-06-19,787331
125,-81,YM,YMU21,D1,2021-06-15,1623715200,34244.0,34368.0,34083.0,34167.0,103690,0,115722,2021-06-13/2021-06-19,787331
126,-80,YM,YMU21,D1,2021-06-16,1623801600,34167.0,34209.0,33786.0,33804.0,147635,0,161357,2021-06-13/2021-06-19,787331
127,-79,YM,YMU21,D1,2021-06-17,1623888000,33803.0,33965.0,33498.0,33698.0,170545,0,189993,2021-06-13/2021-06-19,787331
128,-78,YM,YMU21,D1,2021-06-18,1623974400,33697.0,33755.0,33071.0,33071.0,193640,0,212851,2021-06-13/2021-06-19,787331
129,-77,YM,YMU21,D1,2021-06-20,1624147200,33071.0,33167.0,33064.0,33125.0,5694,1,6289,2021-06-20/2021-06-26,666429
130,-76,YM,YMU21,D1,2021-06-21,1624233600,33127.0,33833.0,32902.0,33792.0,177112,0,196118,2021-06-20/2021-06-26,666429
131,-75,YM,YMU21,D1,2021-06-22,1624320000,33793.0,33926.0,33627.0,33862.0,117730,0,129820,2021-06-20/2021-06-26,666429
132,-74,YM,YMU21,D1,2021-06-23,1624406400,33862.0,33962.0,33752.0,33810.0,99773,0,109860,2021-06-20/2021-06-26,666429
133,-73,YM,YMU21,D1,2021-06-24,1624492800,33810.0,34222.0,33807.0,34202.0,108654,0,120078,2021-06-20/2021-06-26,666429
134,-72,YM,YMU21,D1,2021-06-25,1624579200,34201.0,34386.0,34133.0,34380.0,93185,0,104264,2021-06-20/2021-06-26,666429
135,-71,YM,YMU21,D1,2021-06-27,1624752000,34380.0,34411.0,34370.0,34397.0,2483,1,2851,2021-06-27/2021-07-03,559114
136,-70,YM,YMU21,D1,2021-06-28,1624838400,34397.0,34400.0,34067.0,34164.0,106733,1,118106,2021-06-27/2021-07-03,559114
137,-69,YM,YMU21,D1,2021-06-29,1624924800,34163.0,34363.0,34112.0,34214.0,91460,1,100400,2021-06-27/2021-07-03,559114
138,-68,YM,YMU21,D1,2021-06-30,1625011200,34215.0,34469.0,34006.0,34459.0,116598,0,129409,2021-06-27/2021-07-03,559114
139,-67,YM,YMU21,D1,2021-07-01,1625097600,34458.0,34551.0,34377.0,34504.0,97761,1,107888,2021-06-27/2021-07-03,559114
140,-66,YM,YMU21,D1,2021-07-02,1625184000,34505.0,34714.0,34491.0,34645.0,90581,1,100460,2021-06-27/2021-07-03,559114
141,-65,YM,YMU21,D1,2021-07-04,1625356800,34676.0,34676.0,34636.0,34643.0,1133,1,1230,2021-07-04/2021-07-10,689528
142,-64,YM,YMU21,D1,2021-07-05,1625443200,34643.0,34748.0,34587.0,34727.0,22688,0,24716,2021-07-04/2021-07-10,689528
143,-63,YM,YMU21,D1,2021-07-06,1625529600,34726.0,34755.0,34241.0,34385.0,143808,1,158394,2021-07-04/2021-07-10,689528
144,-62,YM,YMU21,D1,2021-07-07,1625616000,34382.0,34595.0,34321.0,34571.0,123543,0,135121,2021-07-04/2021-07-10,689528
145,-61,YM,YMU21,D1,2021-07-08,1625702400,34571.0,34583.0,34004.0,34283.0,205955,0,224939,2021-07-04/2021-07-10,689528
146,-60,YM,YMU21,D1,2021-07-09,1625788800,34283.0,34784.0,34140.0,34760.0,131866,1,145128,2021-07-04/2021-07-10,689528
147,-59,YM,YMU21,D1,2021-07-11,1625961600,34765.0,34796.0,34744.0,34783.0,2673,0,2888,2021-07-11/2021-07-17,714050
148,-58,YM,YMU21,D1,2021-07-12,1626048000,34783.0,34904.0,34548.0,34891.0,119758,1,132669,2021-07-11/2021-07-17,714050
149,-57,YM,YMU21,D1,2021-07-13,1626134400,34893.0,34915.0,34739.0,34746.0,117352,0,128925,2021-07-11/2021-07-17,714050
150,-56,YM,YMU21,D1,2021-07-14,1626220800,34744.0,34946.0,34667.0,34802.0,114789,0,126778,2021-07-11/2021-07-17,714050
151,-55,YM,YMU21,D1,2021-07-15,1626307200,34802.0,34878.0,34593.0,34801.0,150440,1,164607,2021-07-11/2021-07-17,714050
152,-54,YM,YMU21,D1,2021-07-16,1626393600,34800.0,34975.0,34524.0,34555.0,141158,1,158183,2021-07-11/2021-07-17,714050
153,-53,YM,YMU21,D1,2021-07-18,1626566400,34555.0,34579.0,34428.0,34451.0,5717,1,6293,2021-07-18/2021-07-24,890620
154,-52,YM,YMU21,D1,2021-07-19,1626652800,34450.0,34462.0,33623.0,33932.0,258645,0,283796,2021-07-18/2021-07-24,890620
155,-51,YM,YMU21,D1,2021-07-20,1626739200,33931.0,34502.0,33843.0,34477.0,196368,1,217433,2021-07-18/2021-07-24,890620
156,-50,YM,YMU21,D1,2021-07-21,1626825600,34476.0,34750.0,34361.0,34727.0,123589,1,135691,2021-07-18/2021-07-24,890620
157,-49,YM,YMU21,D1,2021-07-22,1626912000,34725.0,34789.0,34557.0,34756.0,104931,0,116181,2021-07-18/2021-07-24,890620
158,-48,YM,YMU21,D1,2021-07-23,1626998400,34757.0,34993.0,34739.0,34919.0,117956,1,131226,2021-07-18/2021-07-24,890620
159,-47,YM,YMU21,D1,2021-07-25,1627171200,34944.0,34955.0,34918.0,34928.0,2177,1,2372,2021-07-25/2021-07-31,701450
160,-46,YM,YMU21,D1,2021-07-26,1627257600,34929.0,35072.0,34652.0,34998.0,111365,1,124033,2021-07-25/2021-07-31,701450
161,-45,YM,YMU21,D1,2021-07-27,1627344000,34998.0,35011.0,34762.0,34935.0,152477,1,168577,2021-07-25/2021-07-31,701450
162,-44,YM,YMU21,D1,2021-07-28,1627430400,34936.0,35018.0,34764.0,34884.0,131116,1,143973,2021-07-25/2021-07-31,701450
163,-43,YM,YMU21,D1,2021-07-29,1627516800,34882.0,35061.0,34774.0,34915.0,102726,0,115517,2021-07-25/2021-07-31,701450
164,-42,YM,YMU21,D1,2021-07-30,1627603200,34915.0,34995.0,34756.0,34867.0,132128,1,146978,2021-07-25/2021-07-31,701450
165,-41,YM,YMU21,D1,2021-08-01,1627776000,34872.0,34984.0,34872.0,34958.0,4000,0,4400,2021-08-01/2021-08-07,666886
166,-40,YM,YMU21,D1,2021-08-02,1627862400,34958.0,35082.0,34694.0,34794.0,128033,1,143308,2021-08-01/2021-08-07,666886
167,-39,YM,YMU21,D1,2021-08-03,1627948800,34795.0,35009.0,34602.0,34952.0,143563,0,159873,2021-08-01/2021-08-07,666886
168,-38,YM,YMU21,D1,2021-08-04,1628035200,34952.0,35000.0,34674.0,34717.0,127686,1,144454,2021-08-01/2021-08-07,666886
169,-37,YM,YMU21,D1,2021-08-05,1628121600,34718.0,34949.0,34667.0,34894.0,92855,0,104453,2021-08-01/2021-08-07,666886
170,-36,YM,YMU21,D1,2021-08-06,1628208000,34894.0,35137.0,34883.0,35099.0,97980,1,110398,2021-08-01/2021-08-07,666886
171,-35,YM,YMU21,D1,2021-08-08,1628380800,35099.0,35105.0,34985.0,35003.0,5559,1,6059,2021-08-08/2021-08-14,526575
172,-34,YM,YMU21,D1,2021-08-09,1628467200,35004.0,35090.0,34940.0,34992.0,85809,1,96095,2021-08-08/2021-08-14,526575
173,-33,YM,YMU21,D1,2021-08-10,1628553600,34991.0,35176.0,34924.0,35149.0,96528,1,108948,2021-08-08/2021-08-14,526575
174,-32,YM,YMU21,D1,2021-08-11,1628640000,35149.0,35394.0,35106.0,35379.0,104342,1,117064,2021-08-08/2021-08-14,526575
175,-31,YM,YMU21,D1,2021-08-12,1628726400,35379.0,35438.0,35255.0,35404.0,96425,1,109868,2021-08-08/2021-08-14,526575
176,-30,YM,YMU21,D1,2021-08-13,1628812800,35405.0,35519.0,35381.0,35400.0,77259,1,88541,2021-08-08/2021-08-14,526575
177,-29,YM,YMU21,D1,2021-08-15,1628985600,35400.0,35400.0,35358.0,35376.0,2586,1,2938,2021-08-15/2021-08-21,932228
178,-28,YM,YMU21,D1,2021-08-16,1629072000,35376.0,35547.0,35146.0,35503.0,132375,1,149967,2021-08-15/2021-08-21,932228
179,-27,YM,YMU21,D1,2021-08-17,1629158400,35501.0,35505.0,35034.0,35183.0,177587,1,199785,2021-08-15/2021-08-21,932228
180,-26,YM,YMU21,D1,2021-08-18,1629244800,35183.0,35286.0,34790.0,34870.0,149461,1,166733,2021-08-15/2021-08-21,932228
181,-25,YM,YMU21,D1,2021-08-19,1629331200,34870.0,34934.0,34494.0,34770.0,228139,1,255111,2021-08-15/2021-08-21,932228
182,-24,YM,YMU21,D1,2021-08-20,1629417600,34771.0,35120.0,34569.0,35065.0,139716,1,157694,2021-08-15/2021-08-21,932228
183,-23,YM,YMU21,D1,2021-08-22,1629590400,35038.0,35092.0,35016.0,35067.0,2269,1,2430,2021-08-22/2021-08-28,579418
184,-22,YM,YMU21,D1,2021-08-23,1629676800,35067.0,35373.0,35066.0,35348.0,103486,1,117911,2021-08-22/2021-08-28,579418
185,-21,YM,YMU21,D1,2021-08-24,1629763200,35349.0,35403.0,35293.0,35317.0,82880,1,93792,2021-08-22/2021-08-28,579418
186,-20,YM,YMU21,D1,2021-08-25,1629849600,35316.0,35445.0,35229.0,35376.0,92541,1,108716,2021-08-22/2021-08-28,579418
187,-19,YM,YMU21,D1,2021-08-26,1629936000,35376.0,35441.0,35142.0,35151.0,127190,1,144808,2021-08-22/2021-08-28,579418
188,-18,YM,YMU21,D1,2021-08-27,1630022400,35151.0,35428.0,35114.0,35410.0,98208,1,111761,2021-08-22/2021-08-28,579418
189,-17,YM,YMU21,D1,2021-08-29,1630195200,35417.0,35464.0,35400.0,35440.0,2573,1,2860,2021-08-29/2021-09-04,657612
190,-16,YM,YMU21,D1,2021-08-30,1630281600,35442.0,35462.0,35329.0,35370.0,91926,1,107088,2021-08-29/2021-09-04,657612
191,-15,YM,YMU21,D1,2021-08-31,1630368000,35370.0,35492.0,35258.0,35398.0,119411,1,139823,2021-08-29/2021-09-04,657612
192,-14,YM,YMU21,D1,2021-09-01,1630454400,35399.0,35494.0,35269.0,35289.0,117870,1,136496,2021-08-29/2021-09-04,657612
193,-13,YM,YMU21,D1,2021-09-02,1630540800,35289.0,35463.0,35219.0,35414.0,110366,1,128524,2021-08-29/2021-09-04,657612
194,-12,YM,YMU21,D1,2021-09-03,1630627200,35415.0,35504.0,35248.0,35341.0,123732,1,142821,2021-08-29/2021-09-04,657612
195,-11,YM,YMU21,D1,2021-09-05,1630800000,35352.0,35353.0,35294.0,35301.0,1838,1,2106,2021-09-05/2021-09-11,658092
196,-10,YM,YMU21,D1,2021-09-06,1630886400,35299.0,35476.0,35263.0,35385.0,23777,0,27376,2021-09-05/2021-09-11,658092
197,-9,YM,YMU21,D1,2021-09-07,1630972800,35384.0,35418.0,35033.0,35042.0,146220,1,169194,2021-09-05/2021-09-11,658092
198,-8,YM,YMU21,D1,2021-09-08,1631059200,35043.0,35161.0,34885.0,34982.0,162757,1,184604,2021-09-05/2021-09-11,658092
199,-7,YM,YMU21,D1,2021-09-09,1631145600,34981.0,35192.0,34776.0,34864.0,154457,1,172051,2021-09-05/2021-09-11,658092
200,-6,YM,YMU21,D1,2021-09-10,1631232000,34864.0,35113.0,34598.0,34645.0,89501,1,102761,2021-09-05/2021-09-11,658092
129,-83,YM,YMZ21,D1,2021-09-12,1631404800,34528.0,34636.0,34512.0,34628.0,2880,1,3186,2021-09-12/2021-09-18,862213
130,-82,YM,YMZ21,D1,2021-09-13,1631491200,34629.0,34832.0,34482.0,34809.0,164752,1,178015,2021-09-12/2021-09-18,862213
131,-81,YM,YMZ21,D1,2021-09-14,1631577600,34808.0,34907.0,34386.0,34513.0,154633,1,170220,2021-09-12/2021-09-18,862213
132,-80,YM,YMZ21,D1,2021-09-15,1631664000,34513.0,34764.0,34379.0,34723.0,154743,1,170551,2021-09-12/2021-09-18,862213
133,-79,YM,YMZ21,D1,2021-09-16,1631750400,34723.0,34826.0,34414.0,34582.0,143572,1,158902,2021-09-12/2021-09-18,862213
134,-78,YM,YMZ21,D1,2021-09-17,1631836800,34584.0,34710.0,34354.0,34370.0,162569,1,181339,2021-09-12/2021-09-18,862213
135,-77,YM,YMZ21,D1,2021-09-19,1632009600,34386.0,34413.0,34326.0,34382.0,5811,1,6381,2021-09-19/2021-09-25,1092982
136,-76,YM,YMZ21,D1,2021-09-20,1632096000,34385.0,34400.0,33478.0,33918.0,274885,1,303547,2021-09-19/2021-09-25,1092982
137,-75,YM,YMZ21,D1,2021-09-21,1632182400,33918.0,34236.0,33707.0,33717.0,215205,1,235755,2021-09-19/2021-09-25,1092982
138,-74,YM,YMZ21,D1,2021-09-22,1632268800,33718.0,34319.0,33638.0,34209.0,190095,1,211880,2021-09-19/2021-09-25,1092982
139,-73,YM,YMZ21,D1,2021-09-23,1632355200,34208.0,34749.0,34195.0,34647.0,167768,1,188383,2021-09-19/2021-09-25,1092982
140,-72,YM,YMZ21,D1,2021-09-24,1632441600,34648.0,34734.0,34459.0,34686.0,132878,1,147036,2021-09-19/2021-09-25,1092982
141,-71,YM,YMZ21,D1,2021-09-26,1632614400,34697.0,34780.0,34683.0,34765.0,3903,1,4284,2021-09-26/2021-10-02,1090908
142,-70,YM,YMZ21,D1,2021-09-27,1632700800,34764.0,34934.0,34652.0,34740.0,130060,1,142985,2021-09-26/2021-10-02,1090908
143,-69,YM,YMZ21,D1,2021-09-28,1632787200,34742.0,34852.0,34121.0,34282.0,257617,1,279313,2021-09-26/2021-10-02,1090908
144,-68,YM,YMZ21,D1,2021-09-29,1632873600,34278.0,34451.0,34168.0,34352.0,191035,1,210430,2021-09-26/2021-10-02,1090908
145,-67,YM,YMZ21,D1,2021-09-30,1632960000,34348.0,34554.0,33688.0,33769.0,217267,1,238267,2021-09-26/2021-10-02,1090908
146,-66,YM,YMZ21,D1,2021-10-01,1633046400,33770.0,34354.0,33383.0,34230.0,194690,1,215629,2021-09-26/2021-10-02,1090908
147,-65,YM,YMZ21,D1,2021-10-03,1633219200,34230.0,34293.0,34196.0,34264.0,3758,1,4071,2021-10-03/2021-10-09,1013115
148,-64,YM,YMZ21,D1,2021-10-04,1633305600,34263.0,34280.0,33681.0,33880.0,219790,1,238074,2021-10-03/2021-10-09,1013115
149,-63,YM,YMZ21,D1,2021-10-05,1633392000,33881.0,34364.0,33684.0,34161.0,176200,1,192338,2021-10-03/2021-10-09,1013115
150,-62,YM,YMZ21,D1,2021-10-06,1633478400,34161.0,34416.0,33718.0,34366.0,240304,1,262243,2021-10-03/2021-10-09,1013115
151,-61,YM,YMZ21,D1,2021-10-07,1633564800,34366.0,34854.0,34344.0,34720.0,144285,1,159175,2021-10-03/2021-10-09,1013115
152,-60,YM,YMZ21,D1,2021-10-08,1633651200,34720.0,34750.0,34532.0,34620.0,146201,1,157214,2021-10-03/2021-10-09,1013115
153,-59,YM,YMZ21,D1,2021-10-10,1633824000,34622.0,34685.0,34396.0,34448.0,5641,1,6537,2021-10-10/2021-10-16,891706
154,-58,YM,YMZ21,D1,2021-10-11,1633910400,34453.0,34829.0,34309.0,34374.0,160302,0,174700,2021-10-10/2021-10-16,891706
155,-57,YM,YMZ21,D1,2021-10-12,1633996800,34372.0,34486.0,34125.0,34180.0,179669,0,194389,2021-10-10/2021-10-16,891706
156,-56,YM,YMZ21,D1,2021-10-13,1634083200,34180.0,34343.0,33984.0,34306.0,183768,0,200611,2021-10-10/2021-10-16,891706
157,-55,YM,YMZ21,D1,2021-10-14,1634169600,34304.0,34885.0,34301.0,34845.0,147952,0,163273,2021-10-10/2021-10-16,891706
158,-54,YM,YMZ21,D1,2021-10-15,1634256000,34844.0,35198.0,34787.0,35191.0,136522,0,152196,2021-10-10/2021-10-16,891706
159,-53,YM,YMZ21,D1,2021-10-17,1634428800,35210.0,35227.0,35128.0,35130.0,4138,1,4534,2021-10-17/2021-10-23,691426
160,-52,YM,YMZ21,D1,2021-10-18,1634515200,35133.0,35221.0,34906.0,35124.0,121209,0,134734,2021-10-17/2021-10-23,691426
161,-51,YM,YMZ21,D1,2021-10-19,1634601600,35123.0,35368.0,35067.0,35361.0,116859,0,128112,2021-10-17/2021-10-23,691426
162,-50,YM,YMZ21,D1,2021-10-20,1634688000,35360.0,35541.0,35272.0,35421.0,108755,0,120434,2021-10-17/2021-10-23,691426
163,-49,YM,YMZ21,D1,2021-10-21,1634774400,35420.0,35536.0,35308.0,35446.0,119937,0,132202,2021-10-17/2021-10-23,691426
164,-48,YM,YMZ21,D1,2021-10-22,1634860800,35446.0,35645.0,35412.0,35493.0,155676,0,171410,2021-10-17/2021-10-23,691426
165,-47,YM,YMZ21,D1,2021-10-24,1635033600,35497.0,35517.0,35451.0,35479.0,3557,1,3795,2021-10-24/2021-10-30,810319
166,-46,YM,YMZ21,D1,2021-10-25,1635120000,35480.0,35670.0,35477.0,35660.0,123323,0,135484,2021-10-24/2021-10-30,810319
167,-45,YM,YMZ21,D1,2021-10-26,1635206400,35660.0,35777.0,35618.0,35671.0,163067,0,179456,2021-10-24/2021-10-30,810319
168,-44,YM,YMZ21,D1,2021-10-27,1635292800,35671.0,35715.0,35383.0,35448.0,166492,0,182176,2021-10-24/2021-10-30,810319
169,-43,YM,YMZ21,D1,2021-10-28,1635379200,35449.0,35681.0,35388.0,35606.0,144675,0,157945,2021-10-24/2021-10-30,810319
170,-42,YM,YMZ21,D1,2021-10-29,1635465600,35609.0,35746.0,35486.0,35740.0,138792,0,151463,2021-10-24/2021-10-30,810319
171,-41,YM,YMZ21,D1,2021-10-31,1635638400,35796.0,35827.0,35749.0,35805.0,4793,1,5358,2021-10-31/2021-11-06,690679
172,-40,YM,YMZ21,D1,2021-11-01,1635724800,35806.0,35891.0,35683.0,35782.0,121071,0,132684,2021-10-31/2021-11-06,690679
173,-39,YM,YMZ21,D1,2021-11-02,1635811200,35782.0,35971.0,35695.0,35910.0,108180,0,119963,2021-10-31/2021-11-06,690679
174,-38,YM,YMZ21,D1,2021-11-03,1635897600,35909.0,36076.0,35771.0,36064.0,123862,0,135250,2021-10-31/2021-11-06,690679
175,-37,YM,YMZ21,D1,2021-11-04,1635984000,36061.0,36068.0,35865.0,36027.0,113605,0,127392,2021-10-31/2021-11-06,690679
176,-36,YM,YMZ21,D1,2021-11-05,1636070400,36028.0,36375.0,35949.0,36173.0,153358,0,170032,2021-10-31/2021-11-06,690679
177,-35,YM,YMZ21,D1,2021-11-07,1636243200,36132.0,36256.0,36123.0,36197.0,2455,1,2869,2021-11-07/2021-11-13,678945
178,-34,YM,YMZ21,D1,2021-11-08,1636329600,36199.0,36446.0,36154.0,36274.0,103388,0,114193,2021-11-07/2021-11-13,678945
179,-33,YM,YMZ21,D1,2021-11-09,1636416000,36273.0,36324.0,36066.0,36158.0,127630,0,144319,2021-11-07/2021-11-13,678945
180,-32,YM,YMZ21,D1,2021-11-10,1636502400,36159.0,36255.0,35911.0,35947.0,155235,0,173931,2021-11-07/2021-11-13,678945
181,-31,YM,YMZ21,D1,2021-11-11,1636588800,35949.0,36063.0,35823.0,35882.0,105457,0,118727,2021-11-07/2021-11-13,678945
182,-30,YM,YMZ21,D1,2021-11-12,1636675200,35885.0,36062.0,35839.0,36028.0,111296,0,124906,2021-11-07/2021-11-13,678945
183,-29,YM,YMZ21,D1,2021-11-14,1636848000,36059.0,36087.0,36040.0,36049.0,1467,1,1596,2021-11-14/2021-11-20,720154
184,-28,YM,YMZ21,D1,2021-11-15,1636934400,36050.0,36178.0,35950.0,36016.0,111640,0,123780,2021-11-14/2021-11-20,720154
185,-27,YM,YMZ21,D1,2021-11-16,1637020800,36018.0,36238.0,35946.0,36104.0,124658,0,139993,2021-11-14/2021-11-20,720154
186,-26,YM,YMZ21,D1,2021-11-17,1637107200,36103.0,36105.0,35819.0,35855.0,120139,0,132770,2021-11-14/2021-11-20,720154
187,-25,YM,YMZ21,D1,2021-11-18,1637193600,35855.0,35961.0,35593.0,35836.0,134833,0,151274,2021-11-14/2021-11-20,720154
188,-24,YM,YMZ21,D1,2021-11-19,1637280000,35835.0,35988.0,35486.0,35581.0,154507,0,170741,2021-11-14/2021-11-20,720154
189,-23,YM,YMZ21,D1,2021-11-21,1637452800,35592.0,35619.0,35569.0,35579.0,1611,1,1794,2021-11-21/2021-11-27,867206
190,-22,YM,YMZ21,D1,2021-11-22,1637539200,35579.0,35880.0,35530.0,35614.0,176846,0,195450,2021-11-21/2021-11-27,867206
191,-21,YM,YMZ21,D1,2021-11-23,1637625600,35613.0,35793.0,35370.0,35728.0,199406,0,218167,2021-11-21/2021-11-27,867206
192,-20,YM,YMZ21,D1,2021-11-24,1637712000,35729.0,35800.0,35532.0,35793.0,135336,0,148625,2021-11-21/2021-11-27,867206
193,-19,YM,YMZ21,D1,2021-11-25,1637798400,35792.0,35900.0,35609.0,35625.0,29840,0,32703,2021-11-21/2021-11-27,867206
194,-18,YM,YMZ21,D1,2021-11-26,1637884800,35625.0,35627.0,34626.0,34630.0,241402,0,270467,2021-11-21/2021-11-27,867206
195,-17,YM,YMZ21,D1,2021-11-28,1638057600,34741.0,35086.0,34740.0,35021.0,12411,0,14433,2021-11-28/2021-12-04,1374925
196,-16,YM,YMZ21,D1,2021-11-29,1638144000,35020.0,35246.0,34837.0,35185.0,217231,0,237078,2021-11-28/2021-12-04,1374925
197,-15,YM,YMZ21,D1,2021-11-30,1638230400,35185.0,35234.0,34384.0,34502.0,268383,0,295002,2021-11-28/2021-12-04,1374925
198,-14,YM,YMZ21,D1,2021-12-01,1638316800,34552.0,34986.0,33928.0,34142.0,254218,0,277855,2021-11-28/2021-12-04,1374925
199,-13,YM,YMZ21,D1,2021-12-02,1638403200,34142.0,34738.0,34058.0,34531.0,263141,0,287762,2021-11-28/2021-12-04,1374925
200,-12,YM,YMZ21,D1,2021-12-03,1638489600,34530.0,34795.0,34247.0,34559.0,243029,0,262795,2021-11-28/2021-12-04,1374925
201,-11,YM,YMZ21,D1,2021-12-05,1638662400,34590.0,34776.0,34581.0,34761.0,6113,1,6810,2021-12-05/2021-12-11,766811
202,-10,YM,YMZ21,D1,2021-12-06,1638748800,34762.0,35344.0,34629.0,35243.0,205547,0,222319,2021-12-05/2021-12-11,766811
203,-9,YM,YMZ21,D1,2021-12-07,1638835200,35245.0,35807.0,35196.0,35729.0,157516,0,171352,2021-12-05/2021-12-11,766811
204,-8,YM,YMZ21,D1,2021-12-08,1638921600,35729.0,35926.0,35588.0,35732.0,137737,0,148256,2021-12-05/2021-12-11,766811
205,-7,YM,YMZ21,D1,2021-12-09,1639008000,35732.0,35859.0,35567.0,35763.0,118764,0,128490,2021-12-05/2021-12-11,766811
206,-6,YM,YMZ21,D1,2021-12-10,1639094400,35762.0,35992.0,35705.0,35981.0,83710,0,89584,2021-12-05/2021-12-11,766811
134,-82,YM,YMH22,D1,2021-12-12,1639267200,35887.0,35958.0,35882.0,35947.0,1850,1,1999,2021-12-12/2021-12-18,986462
135,-81,YM,YMH22,D1,2021-12-13,1639353600,35946.0,36030.0,35505.0,35598.0,131469,0,139038,2021-12-12/2021-12-18,986462
136,-80,YM,YMH22,D1,2021-12-14,1639440000,35599.0,35682.0,35333.0,35458.0,172204,0,185821,2021-12-12/2021-12-18,986462
137,-79,YM,YMH22,D1,2021-12-15,1639526400,35458.0,35894.0,35274.0,35860.0,176221,0,189552,2021-12-12/2021-12-18,986462
138,-78,YM,YMH22,D1,2021-12-16,1639612800,35860.0,36098.0,35663.0,35810.0,187068,0,202789,2021-12-12/2021-12-18,986462
139,-77,YM,YMH22,D1,2021-12-17,1639699200,35812.0,35876.0,35164.0,35344.0,245437,0,267263,2021-12-12/2021-12-18,986462
140,-76,YM,YMH22,D1,2021-12-19,1639872000,35253.0,35328.0,35048.0,35066.0,6885,1,7760,2021-12-19/2021-12-25,587160
141,-75,YM,YMH22,D1,2021-12-20,1639958400,35063.0,35139.0,34547.0,34961.0,197245,0,214929,2021-12-19/2021-12-25,587160
142,-74,YM,YMH22,D1,2021-12-21,1640044800,34960.0,35413.0,34858.0,35374.0,152596,0,165090,2021-12-19/2021-12-25,587160
143,-73,YM,YMH22,D1,2021-12-22,1640131200,35375.0,35672.0,35286.0,35654.0,103161,0,110259,2021-12-19/2021-12-25,587160
144,-72,YM,YMH22,D1,2021-12-23,1640217600,35652.0,35946.0,35625.0,35848.0,82597,0,89122,2021-12-19/2021-12-25,587160
145,-71,YM,YMH22,D1,2021-12-26,1640476800,35839.0,35885.0,35829.0,35858.0,1485,1,1678,2021-12-26/2022-01-01,461356
146,-70,YM,YMH22,D1,2021-12-27,1640563200,35857.0,36206.0,35759.0,36145.0,82572,0,90972,2021-12-26/2022-01-01,461356
147,-69,YM,YMH22,D1,2021-12-28,1640649600,36144.0,36408.0,36113.0,36320.0,104753,0,114944,2021-12-26/2022-01-01,461356
148,-68,YM,YMH22,D1,2021-12-29,1640736000,36319.0,36463.0,36250.0,36358.0,87182,0,94422,2021-12-26/2022-01-01,461356
149,-67,YM,YMH22,D1,2021-12-30,1640822400,36359.0,36572.0,36255.0,36281.0,78678,0,84751,2021-12-26/2022-01-01,461356
150,-66,YM,YMH22,D1,2021-12-31,1640908800,36281.0,36371.0,36121.0,36258.0,68519,0,74589,2021-12-26/2022-01-01,461356
151,-65,YM,YMH22,D1,2022-01-02,1641081600,36304.0,36355.0,36300.0,36330.0,2374,1,2583,2022-01-02/2022-01-08,1058062
152,-64,YM,YMH22,D1,2022-01-03,1641168000,36333.0,36472.0,36120.0,36421.0,145327,0,156450,2022-01-02/2022-01-08,1058062
153,-63,YM,YMH22,D1,2022-01-04,1641254400,36422.0,36804.0,36409.0,36634.0,162698,0,176073,2022-01-02/2022-01-08,1058062
154,-62,YM,YMH22,D1,2022-01-05,1641340800,36633.0,36832.0,36246.0,36357.0,227292,0,243694,2022-01-02/2022-01-08,1058062
155,-61,YM,YMH22,D1,2022-01-06,1641427200,36355.0,36418.0,36074.0,36185.0,243680,0,263382,2022-01-02/2022-01-08,1058062
156,-60,YM,YMH22,D1,2022-01-07,1641513600,36188.0,36265.0,35988.0,36115.0,202098,0,215880,2022-01-02/2022-01-08,1058062
157,-59,YM,YMH22,D1,2022-01-09,1641686400,36121.0,36155.0,35960.0,36020.0,4632,0,5113,2022-01-09/2022-01-15,1131278
158,-58,YM,YMH22,D1,2022-01-10,1641772800,36019.0,36171.0,35521.0,35954.0,247979,0,264991,2022-01-09/2022-01-15,1131278
159,-57,YM,YMH22,D1,2022-01-11,1641859200,35955.0,36153.0,35641.0,36127.0,202960,0,217570,2022-01-09/2022-01-15,1131278
160,-56,YM,YMH22,D1,2022-01-12,1641945600,36125.0,36332.0,36040.0,36177.0,163368,0,174431,2022-01-09/2022-01-15,1131278
161,-55,YM,YMH22,D1,2022-01-13,1642032000,36178.0,36390.0,35921.0,36029.0,202070,0,216149,2022-01-09/2022-01-15,1131278
162,-54,YM,YMH22,D1,2022-01-14,1642118400,36027.0,36114.0,35515.0,35849.0,232413,0,253024,2022-01-09/2022-01-15,1131278
163,-53,YM,YMH22,D1,2022-01-16,1642291200,35865.0,35901.0,35784.0,35811.0,3787,1,4053,2022-01-16/2022-01-22,1221665
164,-52,YM,YMH22,D1,2022-01-17,1642377600,35810.0,35885.0,35706.0,35824.0,35897,0,38834,2022-01-16/2022-01-22,1221665
165,-51,YM,YMH22,D1,2022-01-18,1642464000,35826.0,35865.0,35135.0,35242.0,259709,0,281358,2022-01-16/2022-01-22,1221665
166,-50,YM,YMH22,D1,2022-01-19,1642550400,35242.0,35430.0,34866.0,34873.0,275796,0,294636,2022-01-16/2022-01-22,1221665
167,-49,YM,YMH22,D1,2022-01-20,1642636800,34870.0,35379.0,34407.0,34586.0,258178,0,275577,2022-01-16/2022-01-22,1221665
168,-48,YM,YMH22,D1,2022-01-21,1642723200,34586.0,34782.0,34100.0,34105.0,303393,0,327207,2022-01-16/2022-01-22,1221665
169,-47,YM,YMH22,D1,2022-01-23,1642896000,34143.0,34303.0,34140.0,34300.0,5172,1,5624,2022-01-23/2022-01-29,1754288
170,-46,YM,YMH22,D1,2022-01-24,1642982400,34301.0,34410.0,33031.0,34270.0,431555,0,460030,2022-01-23/2022-01-29,1754288
171,-45,YM,YMH22,D1,2022-01-25,1643068800,34270.0,34472.0,33422.0,34228.0,315707,0,340297,2022-01-23/2022-01-29,1754288
172,-44,YM,YMH22,D1,2022-01-26,1643155200,34228.0,34699.0,33745.0,34190.0,291744,0,313227,2022-01-23/2022-01-29,1754288
173,-43,YM,YMH22,D1,2022-01-27,1643241600,34185.0,34658.0,33532.0,34146.0,306559,0,328147,2022-01-23/2022-01-29,1754288
174,-42,YM,YMH22,D1,2022-01-28,1643328000,34143.0,34622.0,33613.0,34576.0,285143,0,306963,2022-01-23/2022-01-29,1754288
175,-41,YM,YMH22,D1,2022-01-30,1643500800,34576.0,34616.0,34457.0,34523.0,3393,1,3774,2022-01-30/2022-02-05,1158148
176,-40,YM,YMH22,D1,2022-01-31,1643587200,34524.0,35026.0,34313.0,34933.0,213095,0,228681,2022-01-30/2022-02-05,1158148
177,-39,YM,YMH22,D1,2022-02-01,1643673600,34934.0,35316.0,34833.0,35240.0,195617,0,209947,2022-01-30/2022-02-05,1158148
178,-38,YM,YMH22,D1,2022-02-02,1643760000,35241.0,35590.0,35167.0,35457.0,207242,0,221987,2022-01-30/2022-02-05,1158148
179,-37,YM,YMH22,D1,2022-02-03,1643846400,35458.0,35497.0,34941.0,35165.0,216752,0,232677,2022-01-30/2022-02-05,1158148
180,-36,YM,YMH22,D1,2022-02-04,1643932800,35165.0,35212.0,34668.0,34930.0,244130,0,261082,2022-01-30/2022-02-05,1158148
181,-35,YM,YMH22,D1,2022-02-06,1644105600,35002.0,35041.0,34966.0,35014.0,2061,1,2253,2022-02-06/2022-02-12,1119577
182,-34,YM,YMH22,D1,2022-02-07,1644192000,35012.0,35205.0,34806.0,35021.0,160806,0,172885,2022-02-06/2022-02-12,1119577
183,-33,YM,YMH22,D1,2022-02-08,1644278400,35023.0,35428.0,34931.0,35420.0,170180,0,182627,2022-02-06/2022-02-12,1119577
184,-32,YM,YMH22,D1,2022-02-09,1644364800,35420.0,35752.0,35370.0,35702.0,155239,0,165968,2022-02-06/2022-02-12,1119577
185,-31,YM,YMH22,D1,2022-02-10,1644451200,35701.0,35750.0,34990.0,35053.0,263926,0,282188,2022-02-06/2022-02-12,1119577
186,-30,YM,YMH22,D1,2022-02-11,1644537600,35055.0,35330.0,34511.0,34689.0,286666,0,313656,2022-02-06/2022-02-12,1119577
187,-29,YM,YMH22,D1,2022-02-13,1644710400,34645.0,34732.0,34585.0,34710.0,4712,1,5139,2022-02-13/2022-02-19,1099541
188,-28,YM,YMH22,D1,2022-02-14,1644796800,34710.0,34755.0,34205.0,34517.0,252154,0,269120,2022-02-13/2022-02-19,1099541
189,-27,YM,YMH22,D1,2022-02-15,1644883200,34516.0,34968.0,34345.0,34836.0,180290,0,193715,2022-02-13/2022-02-19,1099541
190,-26,YM,YMH22,D1,2022-02-16,1644969600,34836.0,35060.0,34558.0,34821.0,184036,0,196865,2022-02-13/2022-02-19,1099541
191,-25,YM,YMH22,D1,2022-02-17,1645056000,34818.0,34859.0,34171.0,34265.0,190770,0,207031,2022-02-13/2022-02-19,1099541
192,-24,YM,YMH22,D1,2022-02-18,1645142400,34266.0,34500.0,33900.0,34019.0,210852,0,227671,2022-02-13/2022-02-19,1099541
193,-23,YM,YMH22,D1,2022-02-20,1645315200,33869.0,33957.0,33832.0,33928.0,5315,0,5761,2022-02-20/2022-02-26,1402389
194,-22,YM,YMH22,D1,2022-02-21,1645401600,33928.0,34349.0,33406.0,33553.0,116039,0,125216,2022-02-20/2022-02-26,1402389
195,-21,YM,YMH22,D1,2022-02-22,1645488000,33558.0,34049.0,33292.0,33680.0,298502,0,320630,2022-02-20/2022-02-26,1402389
196,-20,YM,YMH22,D1,2022-02-23,1645574400,33678.0,33824.0,33010.0,33056.0,224744,0,238638,2022-02-20/2022-02-26,1402389
197,-19,YM,YMH22,D1,2022-02-24,1645660800,33055.0,33205.0,32167.0,33020.0,404613,0,432431,2022-02-20/2022-02-26,1402389
198,-18,YM,YMH22,D1,2022-02-25,1645747200,33022.0,34034.0,32762.0,33997.0,262286,0,279713,2022-02-20/2022-02-26,1402389
199,-17,YM,YMH22,D1,2022-02-27,1645920000,33678.0,33678.0,33353.0,33498.0,12022,1,13783,2022-02-27/2022-03-05,1268965
200,-16,YM,YMH22,D1,2022-02-28,1646006400,33503.0,33941.0,33322.0,33903.0,269261,0,291074,2022-02-27/2022-03-05,1268965
201,-15,YM,YMH22,D1,2022-03-01,1646092800,33903.0,34065.0,33064.0,33380.0,248391,0,273281,2022-02-27/2022-03-05,1268965
202,-14,YM,YMH22,D1,2022-03-02,1646179200,33380.0,33977.0,33121.0,33811.0,217940,0,236797,2022-02-27/2022-03-05,1268965
203,-13,YM,YMH22,D1,2022-03-03,1646265600,33811.0,34143.0,33597.0,33841.0,178376,0,195044,2022-02-27/2022-03-05,1268965
204,-12,YM,YMH22,D1,2022-03-04,1646352000,33844.0,33859.0,33210.0,33535.0,239745,0,258986,2022-02-27/2022-03-05,1268965
205,-11,YM,YMH22,D1,2022-03-06,1646524800,33401.0,33412.0,33187.0,33262.0,7771,0,8451,2022-03-06/2022-03-12,1035578
206,-10,YM,YMH22,D1,2022-03-07,1646611200,33264.0,33542.0,32662.0,32710.0,224271,0,246039,2022-03-06/2022-03-12,1035578
207,-9,YM,YMH22,D1,2022-03-08,1646697600,32709.0,33374.0,32305.0,32658.0,260278,0,281347,2022-03-06/2022-03-12,1035578
208,-8,YM,YMH22,D1,2022-03-09,1646784000,32661.0,33441.0,32612.0,33247.0,185882,0,199764,2022-03-06/2022-03-12,1035578
209,-7,YM,YMH22,D1,2022-03-10,1646870400,33246.0,33283.0,32799.0,33223.0,160637,0,173996,2022-03-06/2022-03-12,1035578
210,-6,YM,YMH22,D1,2022-03-11,1646956800,33223.0,33691.0,32901.0,32960.0,119026,0,125981,2022-03-06/2022-03-12,1035578
135,-82,YM,YMM22,D1,2022-03-13,1647129600,32918.0,33078.0,32882.0,33051.0,4503,1,4747,2022-03-13/2022-03-19,879584
136,-81,YM,YMM22,D1,2022-03-14,1647216000,33050.0,33289.0,32708.0,32870.0,169087,0,180101,2022-03-13/2022-03-19,879584
137,-80,YM,YMM22,D1,2022-03-15,1647302400,32870.0,33514.0,32578.0,33385.0,174283,0,185642,2022-03-13/2022-03-19,879584
138,-79,YM,YMM22,D1,2022-03-16,1647388800,33382.0,34061.0,33280.0,34009.0,212019,0,225339,2022-03-13/2022-03-19,879584
139,-78,YM,YMM22,D1,2022-03-17,1647475200,34008.0,34391.0,33760.0,34212.0,127945,0,137901,2022-03-13/2022-03-19,879584
140,-77,YM,YMM22,D1,2022-03-18,1647561600,34214.0,34705.0,34104.0,34704.0,134225,0,145854,2022-03-13/2022-03-19,879584
141,-76,YM,YMM22,D1,2022-03-20,1647734400,34669.0,34688.0,34592.0,34600.0,2184,1,2322,2022-03-20/2022-03-26,634609
142,-75,YM,YMM22,D1,2022-03-21,1647820800,34602.0,34694.0,34228.0,34406.0,141813,0,152900,2022-03-20/2022-03-26,634609
143,-74,YM,YMM22,D1,2022-03-22,1647907200,34405.0,34775.0,34318.0,34739.0,101008,0,109621,2022-03-20/2022-03-26,634609
144,-73,YM,YMM22,D1,2022-03-23,1647993600,34738.0,34792.0,34217.0,34268.0,116315,0,125872,2022-03-20/2022-03-26,634609
145,-72,YM,YMM22,D1,2022-03-24,1648080000,34268.0,34658.0,34214.0,34602.0,113990,0,122764,2022-03-20/2022-03-26,634609
146,-71,YM,YMM22,D1,2022-03-25,1648166400,34603.0,34841.0,34522.0,34754.0,110770,0,121130,2022-03-20/2022-03-26,634609
147,-70,YM,YMM22,D1,2022-03-27,1648339200,34748.0,34777.0,34687.0,34687.0,2552,1,2670,2022-03-27/2022-04-02,684668
148,-69,YM,YMM22,D1,2022-03-28,1648425600,34686.0,34886.0,34445.0,34839.0,119056,0,128616,2022-03-27/2022-04-02,684668
149,-68,YM,YMM22,D1,2022-03-29,1648512000,34845.0,35281.0,34827.0,35178.0,133776,0,146131,2022-03-27/2022-04-02,684668
150,-67,YM,YMM22,D1,2022-03-30,1648598400,35177.0,35257.0,34955.0,35112.0,110672,0,120550,2022-03-27/2022-04-02,684668
151,-66,YM,YMM22,D1,2022-03-31,1648684800,35113.0,35215.0,34592.0,34715.0,125382,0,137802,2022-03-27/2022-04-02,684668
152,-65,YM,YMM22,D1,2022-04-01,1648771200,34713.0,34805.0,34437.0,34688.0,134938,0,148899,2022-03-27/2022-04-02,684668
153,-64,YM,YMM22,D1,2022-04-03,1648944000,34688.0,34724.0,34644.0,34657.0,2362,1,2471,2022-04-03/2022-04-09,774422
154,-63,YM,YMM22,D1,2022-04-04,1649030400,34660.0,34849.0,34514.0,34795.0,105915,0,115331,2022-04-03/2022-04-09,774422
155,-62,YM,YMM22,D1,2022-04-05,1649116800,34794.0,35015.0,34469.0,34576.0,139251,0,152892,2022-04-03/2022-04-09,774422
156,-61,YM,YMM22,D1,2022-04-06,1649203200,34577.0,34608.0,34178.0,34301.0,172616,0,186104,2022-04-03/2022-04-09,774422
157,-60,YM,YMM22,D1,2022-04-07,1649289600,34300.0,34613.0,34093.0,34516.0,153071,0,165262,2022-04-03/2022-04-09,774422
158,-59,YM,YMM22,D1,2022-04-08,1649376000,34515.0,34820.0,34368.0,34626.0,139580,0,152362,2022-04-03/2022-04-09,774422
159,-58,YM,YMM22,D1,2022-04-10,1649548800,34636.0,34668.0,34568.0,34568.0,2521,1,2659,2022-04-10/2022-04-16,675386
160,-57,YM,YMM22,D1,2022-04-11,1649635200,34567.0,34621.0,34181.0,34221.0,145968,0,156353,2022-04-10/2022-04-16,675386
161,-56,YM,YMM22,D1,2022-04-12,1649721600,34218.0,34582.0,34002.0,34231.0,178919,0,191976,2022-04-10/2022-04-16,675386
162,-55,YM,YMM22,D1,2022-04-13,1649808000,34230.0,34511.0,34052.0,34463.0,147116,0,159228,2022-04-10/2022-04-16,675386
163,-54,YM,YMM22,D1,2022-04-14,1649894400,34461.0,34794.0,34340.0,34389.0,153126,0,165170,2022-04-10/2022-04-16,675386
164,-53,YM,YMM22,D1,2022-04-17,1650153600,34370.0,34397.0,34186.0,34207.0,6335,1,6681,2022-04-17/2022-04-23,942590
165,-52,YM,YMM22,D1,2022-04-18,1650240000,34208.0,34530.0,34179.0,34466.0,124359,0,134040,2022-04-17/2022-04-23,942590
166,-51,YM,YMM22,D1,2022-04-19,1650326400,34465.0,34897.0,34226.0,34827.0,158657,0,172116,2022-04-17/2022-04-23,942590
167,-50,YM,YMM22,D1,2022-04-20,1650412800,34827.0,35233.0,34728.0,35162.0,190569,0,205015,2022-04-17/2022-04-23,942590
168,-49,YM,YMM22,D1,2022-04-21,1650499200,35162.0,35413.0,34609.0,34628.0,183288,0,195618,2022-04-17/2022-04-23,942590
169,-48,YM,YMM22,D1,2022-04-22,1650585600,34627.0,34719.0,33594.0,33611.0,212726,0,229120,2022-04-17/2022-04-23,942590
170,-47,YM,YMM22,D1,2022-04-24,1650758400,33644.0,33738.0,33613.0,33676.0,5623,1,5889,2022-04-24/2022-04-30,1131985
171,-46,YM,YMM22,D1,2022-04-25,1650844800,33673.0,34021.0,33230.0,33938.0,244449,0,260865,2022-04-24/2022-04-30,1131985
172,-45,YM,YMM22,D1,2022-04-26,1650931200,33939.0,34038.0,33081.0,33257.0,208875,0,222666,2022-04-24/2022-04-30,1131985
173,-44,YM,YMM22,D1,2022-04-27,1651017600,33259.0,33611.0,33015.0,33306.0,217271,0,232707,2022-04-24/2022-04-30,1131985
174,-43,YM,YMM22,D1,2022-04-28,1651104000,33305.0,33968.0,33155.0,33700.0,198915,0,213008,2022-04-24/2022-04-30,1131985
175,-42,YM,YMM22,D1,2022-04-29,1651190400,33700.0,33903.0,32820.0,32974.0,181384,0,196850,2022-04-24/2022-04-30,1131985
176,-41,YM,YMM22,D1,2022-05-01,1651363200,32988.0,33064.0,32833.0,32937.0,7966,1,8431,2022-05-01/2022-05-07,1061899
177,-40,YM,YMM22,D1,2022-05-02,1651449600,32935.0,33145.0,32358.0,32953.0,199475,0,214080,2022-05-01/2022-05-07,1061899
178,-39,YM,YMM22,D1,2022-05-03,1651536000,32954.0,33254.0,32806.0,33073.0,151503,0,162428,2022-05-01/2022-05-07,1061899
179,-38,YM,YMM22,D1,2022-05-04,1651622400,33073.0,34027.0,32925.0,33915.0,173783,0,189119,2022-05-01/2022-05-07,1061899
180,-37,YM,YMM22,D1,2022-05-05,1651708800,33913.0,34020.0,32589.0,32930.0,233688,0,250724,2022-05-01/2022-05-07,1061899
181,-36,YM,YMM22,D1,2022-05-06,1651795200,32933.0,32966.0,32376.0,32742.0,223855,0,237117,2022-05-01/2022-05-07,1061899
182,-35,YM,YMM22,D1,2022-05-08,1651968000,32624.0,32690.0,32477.0,32506.0,5658,1,6173,2022-05-08/2022-05-14,1170268
183,-34,YM,YMM22,D1,2022-05-09,1652054400,32506.0,32625.0,32037.0,32263.0,221738,0,238808,2022-05-08/2022-05-14,1170268
184,-33,YM,YMM22,D1,2022-05-10,1652140800,32261.0,32663.0,31805.0,32053.0,217554,0,237180,2022-05-08/2022-05-14,1170268
185,-32,YM,YMM22,D1,2022-05-11,1652227200,32054.0,32506.0,31715.0,31832.0,245519,0,264811,2022-05-08/2022-05-14,1170268
186,-31,YM,YMM22,D1,2022-05-12,1652313600,31830.0,31893.0,31148.0,31722.0,237441,0,256363,2022-05-08/2022-05-14,1170268
187,-30,YM,YMM22,D1,2022-05-13,1652400000,31721.0,32201.0,31683.0,32087.0,153919,0,166933,2022-05-08/2022-05-14,1170268
188,-29,YM,YMM22,D1,2022-05-15,1652572800,32148.0,32259.0,32106.0,32227.0,3549,1,3755,2022-05-15/2022-05-21,938724
189,-28,YM,YMM22,D1,2022-05-16,1652659200,32225.0,32453.0,31867.0,32178.0,153064,0,163829,2022-05-15/2022-05-21,938724
190,-27,YM,YMM22,D1,2022-05-17,1652745600,32177.0,32692.0,32142.0,32589.0,153519,0,166279,2022-05-15/2022-05-21,938724
191,-26,YM,YMM22,D1,2022-05-18,1652832000,32588.0,32620.0,31293.0,31295.0,155845,0,169975,2022-05-15/2022-05-21,938724
192,-25,YM,YMM22,D1,2022-05-19,1652918400,31293.0,31524.0,30955.0,31269.0,202490,0,220300,2022-05-15/2022-05-21,938724
193,-24,YM,YMM22,D1,2022-05-20,1653004800,31271.0,31548.0,30585.0,31241.0,195586,0,214586,2022-05-15/2022-05-21,938724
194,-23,YM,YMM22,D1,2022-05-22,1653177600,31288.0,31449.0,31286.0,31443.0,3358,0,3712,2022-05-22/2022-05-28,850128
195,-22,YM,YMM22,D1,2022-05-23,1653264000,31441.0,31925.0,31306.0,31759.0,166514,0,180856,2022-05-22/2022-05-28,850128
196,-21,YM,YMM22,D1,2022-05-24,1653350400,31754.0,32016.0,31315.0,31974.0,184944,0,199977,2022-05-22/2022-05-28,850128
197,-20,YM,YMM22,D1,2022-05-25,1653436800,31972.0,32215.0,31683.0,32054.0,165206,0,178843,2022-05-22/2022-05-28,850128
198,-19,YM,YMM22,D1,2022-05-26,1653523200,32046.0,32738.0,31996.0,32581.0,138861,0,150605,2022-05-22/2022-05-28,850128
199,-18,YM,YMM22,D1,2022-05-27,1653609600,32582.0,33239.0,32485.0,33237.0,125641,0,136135,2022-05-22/2022-05-28,850128
200,-17,YM,YMM22,D1,2022-05-29,1653782400,33201.0,33254.0,33168.0,33212.0,2165,1,2319,2022-05-29/2022-06-04,716152
201,-16,YM,YMM22,D1,2022-05-30,1653868800,33209.0,33434.0,33153.0,33245.0,29492,0,31717,2022-05-29/2022-06-04,716152
202,-15,YM,YMM22,D1,2022-05-31,1653955200,33248.0,33264.0,32722.0,33143.0,172842,0,186553,2022-05-29/2022-06-04,716152
203,-14,YM,YMM22,D1,2022-06-01,1654041600,33143.0,33254.0,32563.0,32714.0,161412,0,175381,2022-05-29/2022-06-04,716152
204,-13,YM,YMM22,D1,2022-06-02,1654128000,32716.0,33317.0,32491.0,33270.0,152100,0,161982,2022-05-29/2022-06-04,716152
205,-12,YM,YMM22,D1,2022-06-03,1654214400,33269.0,33294.0,32824.0,32910.0,147776,0,158200,2022-05-29/2022-06-04,716152
206,-11,YM,YMM22,D1,2022-06-05,1654387200,32957.0,32969.0,32886.0,32907.0,2349,1,2656,2022-06-05/2022-06-11,729335
207,-10,YM,YMM22,D1,2022-06-06,1654473600,32903.0,33229.0,32805.0,32907.0,130223,0,140261,2022-06-05/2022-06-11,729335
208,-9,YM,YMM22,D1,2022-06-07,1654560000,32904.0,33198.0,32603.0,33084.0,140921,0,153312,2022-06-05/2022-06-11,729335
209,-8,YM,YMM22,D1,2022-06-08,1654646400,33082.0,33169.0,32806.0,32930.0,131500,0,142208,2022-06-05/2022-06-11,729335
210,-7,YM,YMM22,D1,2022-06-09,1654732800,32930.0,33110.0,32252.0,32310.0,158954,0,170513,2022-06-05/2022-06-11,729335
211,-6,YM,YMM22,D1,2022-06-10,1654819200,32315.0,32338.0,31368.0,31437.0,108964,0,120385,2022-06-05/2022-06-11,729335
134,-83,YM,YMU22,D1,2022-06-12,1654992000,31299.0,31299.0,31128.0,31166.0,4724,0,5024,2022-06-12/2022-06-18,1177578
135,-82,YM,YMU22,D1,2022-06-13,1655078400,31170.0,31181.0,30340.0,30565.0,236174,0,248060,2022-06-12/2022-06-18,1177578
136,-81,YM,YMU22,D1,2022-06-14,1655164800,30565.0,30848.0,30118.0,30475.0,204074,0,214750,2022-06-12/2022-06-18,1177578
137,-80,YM,YMU22,D1,2022-06-15,1655251200,30474.0,30999.0,30157.0,30854.0,215011,0,226656,2022-06-12/2022-06-18,1177578
138,-79,YM,YMU22,D1,2022-06-16,1655337600,30853.0,30936.0,29729.0,29968.0,223478,0,238440,2022-06-12/2022-06-18,1177578
139,-78,YM,YMU22,D1,2022-06-17,1655424000,29970.0,30212.0,29639.0,29928.0,227158,0,244648,2022-06-12/2022-06-18,1177578
140,-77,YM,YMU22,D1,2022-06-19,1655596800,29948.0,30054.0,29917.0,30039.0,3165,1,3473,2022-06-19/2022-06-25,755757
141,-76,YM,YMU22,D1,2022-06-20,1655683200,30035.0,30219.0,29741.0,30154.0,51085,0,55653,2022-06-19/2022-06-25,755757
142,-75,YM,YMU22,D1,2022-06-21,1655769600,30155.0,30646.0,30121.0,30490.0,134438,0,144206,2022-06-19/2022-06-25,755757
143,-74,YM,YMU22,D1,2022-06-22,1655856000,30493.0,30770.0,30003.0,30359.0,195871,0,209509,2022-06-19/2022-06-25,755757
144,-73,YM,YMU22,D1,2022-06-23,1655942400,30360.0,30698.0,30247.0,30560.0,188711,0,205579,2022-06-19/2022-06-25,755757
145,-72,YM,YMU22,D1,2022-06-24,1656028800,30562.0,31508.0,30538.0,31478.0,123394,0,137337,2022-06-19/2022-06-25,755757
146,-71,YM,YMU22,D1,2022-06-26,1656201600,31490.0,31540.0,31356.0,31361.0,4289,1,4779,2022-06-26/2022-07-02,800094
147,-70,YM,YMU22,D1,2022-06-27,1656288000,31358.0,31695.0,31331.0,31457.0,110243,0,122132,2022-06-26/2022-07-02,800094
148,-69,YM,YMU22,D1,2022-06-28,1656374400,31458.0,31867.0,30905.0,30967.0,147914,0,164295,2022-06-26/2022-07-02,800094
149,-68,YM,YMU22,D1,2022-06-29,1656460800,30964.0,31142.0,30861.0,30981.0,134364,0,146350,2022-06-26/2022-07-02,800094
150,-67,YM,YMU22,D1,2022-06-30,1656547200,30979.0,30995.0,30406.0,30762.0,168282,0,187209,2022-06-26/2022-07-02,800094
151,-66,YM,YMU22,D1,2022-07-01,1656633600,30762.0,31116.0,30422.0,31045.0,159212,0,175329,2022-06-26/2022-07-02,800094
152,-65,YM,YMU22,D1,2022-07-03,1656806400,31051.0,31055.0,30914.0,30928.0,1896,1,2096,2022-07-03/2022-07-09,650138
153,-64,YM,YMU22,D1,2022-07-04,1656892800,30925.0,31220.0,30808.0,31174.0,28640,0,31580,2022-07-03/2022-07-09,650138
154,-63,YM,YMU22,D1,2022-07-05,1656979200,31175.0,31209.0,30331.0,30868.0,161615,0,182062,2022-07-03/2022-07-09,650138
155,-62,YM,YMU22,D1,2022-07-06,1657065600,30872.0,31206.0,30739.0,31038.0,152676,0,166641,2022-07-03/2022-07-09,650138
156,-61,YM,YMU22,D1,2022-07-07,1657152000,31033.0,31404.0,30898.0,31323.0,112999,0,123889,2022-07-03/2022-07-09,650138
157,-60,YM,YMU22,D1,2022-07-08,1657238400,31323.0,31490.0,31187.0,31355.0,133660,0,143870,2022-07-03/2022-07-09,650138
158,-59,YM,YMU22,D1,2022-07-10,1657411200,31323.0,31328.0,31247.0,31308.0,2233,1,2369,2022-07-10/2022-07-16,836436
159,-58,YM,YMU22,D1,2022-07-11,1657497600,31306.0,31344.0,31040.0,31192.0,118962,0,129788,2022-07-10/2022-07-16,836436
160,-57,YM,YMU22,D1,2022-07-12,1657584000,31190.0,31328.0,30828.0,30963.0,135923,0,148529,2022-07-10/2022-07-16,836436
161,-56,YM,YMU22,D1,2022-07-13,1657670400,30966.0,31309.0,30475.0,30581.0,182021,0,198729,2022-07-10/2022-07-16,836436
162,-55,YM,YMU22,D1,2022-07-14,1657756800,30581.0,30774.0,30109.0,30716.0,158048,0,172463,2022-07-10/2022-07-16,836436
163,-54,YM,YMU22,D1,2022-07-15,1657843200,30715.0,31264.0,30495.0,31258.0,167900,0,184558,2022-07-10/2022-07-16,836436
164,-53,YM,YMU22,D1,2022-07-17,1658016000,31298.0,31325.0,31245.0,31302.0,3311,1,3646,2022-07-17/2022-07-23,754826
165,-52,YM,YMU22,D1,2022-07-18,1658102400,31302.0,31614.0,30947.0,31094.0,131402,0,145944,2022-07-17/2022-07-23,754826
166,-51,YM,YMU22,D1,2022-07-19,1658188800,31095.0,31844.0,31031.0,31814.0,131185,0,143266,2022-07-17/2022-07-23,754826
167,-50,YM,YMU22,D1,2022-07-20,1658275200,31811.0,31980.0,31621.0,31813.0,139884,0,151509,2022-07-17/2022-07-23,754826
168,-49,YM,YMU22,D1,2022-07-21,1658361600,31811.0,32032.0,31504.0,31941.0,144210,0,157252,2022-07-17/2022-07-23,754826
169,-48,YM,YMU22,D1,2022-07-22,1658448000,31940.0,32193.0,31704.0,31859.0,141365,0,153209,2022-07-17/2022-07-23,754826
170,-47,YM,YMU22,D1,2022-07-24,1658620800,31872.0,31887.0,31805.0,31816.0,1997,1,2167,2022-07-24/2022-07-30,878309
171,-46,YM,YMU22,D1,2022-07-25,1658707200,31818.0,32065.0,31773.0,31825.0,127226,0,137141,2022-07-24/2022-07-30,878309
172,-45,YM,YMU22,D1,2022-07-26,1658793600,31827.0,31916.0,31665.0,31836.0,157228,0,169091,2022-07-24/2022-07-30,878309
173,-44,YM,YMU22,D1,2022-07-27,1658880000,31835.0,32315.0,31771.0,32140.0,189954,0,203318,2022-07-24/2022-07-30,878309
174,-43,YM,YMU22,D1,2022-07-28,1658966400,32139.0,32609.0,31944.0,32493.0,194046,0,208083,2022-07-24/2022-07-30,878309
175,-42,YM,YMU22,D1,2022-07-29,1659052800,32493.0,32887.0,32458.0,32808.0,148074,0,158509,2022-07-24/2022-07-30,878309
176,-41,YM,YMU22,D1,2022-07-31,1659225600,32839.0,32853.0,32668.0,32692.0,4155,1,4564,2022-07-31/2022-08-06,880285
177,-40,YM,YMU22,D1,2022-08-01,1659312000,32691.0,32938.0,32602.0,32723.0,177350,0,188282,2022-07-31/2022-08-06,880285
178,-39,YM,YMU22,D1,2022-08-02,1659398400,32726.0,32740.0,32350.0,32408.0,212782,0,226151,2022-07-31/2022-08-06,880285
179,-38,YM,YMU22,D1,2022-08-03,1659484800,32407.0,32873.0,32342.0,32744.0,148044,0,157560,2022-07-31/2022-08-06,880285
180,-37,YM,YMU22,D1,2022-08-04,1659571200,32742.0,32866.0,32601.0,32695.0,122274,0,130860,2022-07-31/2022-08-06,880285
181,-36,YM,YMU22,D1,2022-08-05,1659657600,32698.0,32786.0,32431.0,32710.0,161739,0,172868,2022-07-31/2022-08-06,880285
182,-35,YM,YMU22,D1,2022-08-07,1659830400,32757.0,32805.0,32665.0,32672.0,2135,1,2376,2022-08-07/2022-08-13,804410
183,-34,YM,YMU22,D1,2022-08-08,1659916800,32671.0,33065.0,32667.0,32863.0,167823,0,179781,2022-08-07/2022-08-13,804410
184,-33,YM,YMU22,D1,2022-08-09,1660003200,32862.0,32881.0,32662.0,32772.0,133192,0,142808,2022-08-07/2022-08-13,804410
185,-32,YM,YMU22,D1,2022-08-10,1660089600,32771.0,33331.0,32678.0,33299.0,163612,0,175538,2022-08-07/2022-08-13,804410
186,-31,YM,YMU22,D1,2022-08-11,1660176000,33298.0,33625.0,33255.0,33338.0,161126,0,171410,2022-08-07/2022-08-13,804410
187,-30,YM,YMU22,D1,2022-08-12,1660262400,33338.0,33728.0,33295.0,33718.0,123854,0,132497,2022-08-07/2022-08-13,804410
188,-29,YM,YMU22,D1,2022-08-14,1660435200,33700.0,33703.0,33627.0,33631.0,2103,1,2188,2022-08-14/2022-08-20,686246
189,-28,YM,YMU22,D1,2022-08-15,1660521600,33631.0,33924.0,33485.0,33845.0,118265,0,127572,2022-08-14/2022-08-20,686246
190,-27,YM,YMU22,D1,2022-08-16,1660608000,33845.0,34246.0,33786.0,34115.0,124136,0,137055,2022-08-14/2022-08-20,686246
191,-26,YM,YMU22,D1,2022-08-17,1660694400,34114.0,34177.0,33804.0,33932.0,148866,0,161593,2022-08-14/2022-08-20,686246
192,-25,YM,YMU22,D1,2022-08-18,1660780800,33931.0,34056.0,33823.0,33987.0,109726,0,121188,2022-08-14/2022-08-20,686246
193,-24,YM,YMU22,D1,2022-08-19,1660867200,33987.0,34000.0,33616.0,33694.0,124190,0,136650,2022-08-14/2022-08-20,686246
194,-23,YM,YMU22,D1,2022-08-21,1661040000,33654.0,33654.0,33527.0,33541.0,2391,0,2626,2022-08-21/2022-08-27,797970
195,-22,YM,YMU22,D1,2022-08-22,1661126400,33543.0,33634.0,33001.0,33131.0,130796,0,143436,2022-08-21/2022-08-27,797970
196,-21,YM,YMU22,D1,2022-08-23,1661212800,33132.0,33177.0,32844.0,32887.0,137355,0,148148,2022-08-21/2022-08-27,797970
197,-20,YM,YMU22,D1,2022-08-24,1661299200,32886.0,33084.0,32753.0,32938.0,132946,0,142633,2022-08-21/2022-08-27,797970
198,-19,YM,YMU22,D1,2022-08-25,1661385600,32939.0,33290.0,32872.0,33237.0,150341,0,163455,2022-08-21/2022-08-27,797970
199,-18,YM,YMU22,D1,2022-08-26,1661472000,33236.0,33444.0,32156.0,32165.0,182780,0,197672,2022-08-21/2022-08-27,797970
200,-17,YM,YMU22,D1,2022-08-28,1661644800,32040.0,32078.0,31943.0,31975.0,5753,1,6190,2022-08-28/2022-09-03,971808
201,-16,YM,YMU22,D1,2022-08-29,1661731200,31974.0,32301.0,31926.0,32151.0,167096,0,176931,2022-08-28/2022-09-03,971808
202,-15,YM,YMU22,D1,2022-08-30,1661817600,32150.0,32347.0,31616.0,31794.0,174886,0,188172,2022-08-28/2022-09-03,971808
203,-14,YM,YMU22,D1,2022-08-31,1661904000,31792.0,32002.0,31393.0,31433.0,182630,0,194681,2022-08-28/2022-09-03,971808
204,-13,YM,YMU22,D1,2022-09-01,1661990400,31434.0,31703.0,31221.0,31662.0,190465,0,204665,2022-08-28/2022-09-03,971808
205,-12,YM,YMU22,D1,2022-09-02,1662076800,31660.0,32029.0,31182.0,31388.0,187670,0,201169,2022-08-28/2022-09-03,971808
206,-11,YM,YMU22,D1,2022-09-04,1662249600,31345.0,31393.0,31277.0,31385.0,3056,0,3246,2022-09-04/2022-09-10,628017
207,-10,YM,YMU22,D1,2022-09-05,1662336000,31384.0,31488.0,31312.0,31444.0,27926,0,29642,2022-09-04/2022-09-10,628017
208,-9,YM,YMU22,D1,2022-09-06,1662422400,31448.0,31592.0,31042.0,31142.0,193736,0,206456,2022-09-04/2022-09-10,628017
209,-8,YM,YMU22,D1,2022-09-07,1662508800,31138.0,31644.0,30975.0,31557.0,131495,0,141615,2022-09-04/2022-09-10,628017
210,-7,YM,YMU22,D1,2022-09-08,1662595200,31557.0,31813.0,31303.0,31782.0,153786,0,165235,2022-09-04/2022-09-10,628017
211,-6,YM,YMU22,D1,2022-09-09,1662681600,31781.0,32233.0,31776.0,32143.0,75346,0,81823,2022-09-04/2022-09-10,628017
132,-83,YM,YMZ22,D1,2022-09-11,1662854400,32318.0,32376.0,32318.0,32325.0,1408,1,1521,2022-09-11/2022-09-17,719633
133,-82,YM,YMZ22,D1,2022-09-12,1662940800,32324.0,32612.0,32235.0,32516.0,76504,0,82336,2022-09-11/2022-09-17,719633
134,-81,YM,YMZ22,D1,2022-09-13,1663027200,32514.0,32789.0,31129.0,31272.0,123313,0,134966,2022-09-11/2022-09-17,719633
135,-80,YM,YMZ22,D1,2022-09-14,1663113600,31272.0,31392.0,30989.0,31276.0,138189,0,147335,2022-09-11/2022-09-17,719633
136,-79,YM,YMZ22,D1,2022-09-15,1663200000,31275.0,31385.0,30862.0,30910.0,167782,0,178388,2022-09-11/2022-09-17,719633
137,-78,YM,YMZ22,D1,2022-09-16,1663286400,30910.0,31012.0,30636.0,31011.0,162320,0,175087,2022-09-11/2022-09-17,719633
138,-77,YM,YMZ22,D1,2022-09-18,1663459200,30948.0,30990.0,30907.0,30959.0,2294,1,2450,2022-09-18/2022-09-24,998534
139,-76,YM,YMZ22,D1,2022-09-19,1663545600,30961.0,31215.0,30590.0,31212.0,143559,0,152739,2022-09-18/2022-09-24,998534
140,-75,YM,YMZ22,D1,2022-09-20,1663632000,31212.0,31256.0,30558.0,30812.0,169237,0,180637,2022-09-18/2022-09-24,998534
141,-74,YM,YMZ22,D1,2022-09-21,1663718400,30812.0,31132.0,30137.0,30150.0,230812,0,246992,2022-09-18/2022-09-24,998534
142,-73,YM,YMZ22,D1,2022-09-22,1663804800,30148.0,30494.0,30048.0,30200.0,188657,0,202729,2022-09-18/2022-09-24,998534
143,-72,YM,YMZ22,D1,2022-09-23,1663891200,30210.0,30233.0,29315.0,29678.0,196936,0,212987,2022-09-18/2022-09-24,998534
144,-71,YM,YMZ22,D1,2022-09-25,1664064000,29647.0,29723.0,29522.0,29639.0,5542,1,6776,2022-09-25/2022-10-01,1048939
145,-70,YM,YMZ22,D1,2022-09-26,1664150400,29631.0,29736.0,29227.0,29423.0,191813,0,205682,2022-09-25/2022-10-01,1048939
146,-69,YM,YMZ22,D1,2022-09-27,1664236800,29421.0,29729.0,29019.0,29217.0,187587,0,200177,2022-09-25/2022-10-01,1048939
147,-68,YM,YMZ22,D1,2022-09-28,1664323200,29220.0,29883.0,28886.0,29726.0,214630,0,230778,2022-09-25/2022-10-01,1048939
148,-67,YM,YMZ22,D1,2022-09-29,1664409600,29727.0,29781.0,29047.0,29366.0,177326,0,192585,2022-09-25/2022-10-01,1048939
149,-66,YM,YMZ22,D1,2022-09-30,1664496000,29363.0,29549.0,28767.0,28821.0,198378,0,212941,2022-09-25/2022-10-01,1048939
150,-65,YM,YMZ22,D1,2022-10-02,1664668800,28767.0,28932.0,28701.0,28731.0,8053,1,8735,2022-10-02/2022-10-08,846471
151,-64,YM,YMZ22,D1,2022-10-03,1664755200,28731.0,29702.0,28635.0,29614.0,173898,0,188169,2022-10-02/2022-10-08,846471
152,-63,YM,YMZ22,D1,2022-10-04,1664841600,29614.0,30399.0,29597.0,30303.0,161401,0,174738,2022-10-02/2022-10-08,846471
153,-62,YM,YMZ22,D1,2022-10-05,1664928000,30304.0,30513.0,29933.0,30422.0,141879,0,153299,2022-10-02/2022-10-08,846471
154,-61,YM,YMZ22,D1,2022-10-06,1665014400,30422.0,30484.0,29904.0,29923.0,151649,0,165451,2022-10-02/2022-10-08,846471
155,-60,YM,YMZ22,D1,2022-10-07,1665100800,29921.0,30111.0,29188.0,29345.0,142955,0,156079,2022-10-02/2022-10-08,846471
156,-59,YM,YMZ22,D1,2022-10-09,1665273600,29278.0,29300.0,29112.0,29223.0,5229,1,5709,2022-10-09/2022-10-15,1074672
157,-58,YM,YMZ22,D1,2022-10-10,1665360000,29224.0,29539.0,29055.0,29300.0,155512,0,166906,2022-10-09/2022-10-15,1074672
158,-57,YM,YMZ22,D1,2022-10-11,1665446400,29297.0,29659.0,28946.0,29307.0,187882,0,202554,2022-10-09/2022-10-15,1074672
159,-56,YM,YMZ22,D1,2022-10-12,1665532800,29306.0,29526.0,29177.0,29332.0,153707,0,165822,2022-10-09/2022-10-15,1074672
160,-55,YM,YMZ22,D1,2022-10-13,1665619200,29327.0,30215.0,28671.0,30089.0,273991,0,296951,2022-10-09/2022-10-15,1074672
161,-54,YM,YMZ22,D1,2022-10-14,1665705600,30087.0,30480.0,29650.0,29689.0,218093,0,236730,2022-10-09/2022-10-15,1074672
162,-53,YM,YMZ22,D1,2022-10-16,1665878400,29653.0,29859.0,29640.0,29841.0,3087,1,3342,2022-10-16/2022-10-22,1004102
163,-52,YM,YMZ22,D1,2022-10-17,1665964800,29842.0,30464.0,29780.0,30445.0,145064,0,156514,2022-10-16/2022-10-22,1004102
164,-51,YM,YMZ22,D1,2022-10-18,1666051200,30443.0,30877.0,30333.0,30739.0,202238,0,216688,2022-10-16/2022-10-22,1004102
165,-50,YM,YMZ22,D1,2022-10-19,1666137600,30730.0,30818.0,30254.0,30445.0,169723,0,180881,2022-10-16/2022-10-22,1004102
166,-49,YM,YMZ22,D1,2022-10-20,1666224000,30445.0,30857.0,30259.0,30302.0,189522,0,201857,2022-10-16/2022-10-22,1004102
167,-48,YM,YMZ22,D1,2022-10-21,1666310400,30304.0,31197.0,30102.0,31189.0,228336,0,244820,2022-10-16/2022-10-22,1004102
168,-47,YM,YMZ22,D1,2022-10-23,1666483200,31178.0,31466.0,31176.0,31275.0,8233,0,8774,2022-10-23/2022-10-29,1038285
169,-46,YM,YMZ22,D1,2022-10-24,1666569600,31273.0,31640.0,30922.0,31550.0,192197,0,205740,2022-10-23/2022-10-29,1038285
170,-45,YM,YMZ22,D1,2022-10-25,1666656000,31548.0,31917.0,31346.0,31800.0,175027,0,187787,2022-10-23/2022-10-29,1038285
171,-44,YM,YMZ22,D1,2022-10-26,1666742400,31799.0,32211.0,31744.0,32038.0,172374,0,185100,2022-10-23/2022-10-29,1038285
172,-43,YM,YMZ22,D1,2022-10-27,1666828800,32036.0,32421.0,31871.0,32022.0,210416,0,228114,2022-10-23/2022-10-29,1038285
173,-42,YM,YMZ22,D1,2022-10-28,1666915200,32022.0,33002.0,31884.0,32990.0,203542,0,222770,2022-10-23/2022-10-29,1038285
174,-41,YM,YMZ22,D1,2022-10-30,1667088000,32920.0,32941.0,32838.0,32883.0,3276,1,3593,2022-10-30/2022-11-05,1158231
175,-40,YM,YMZ22,D1,2022-10-31,1667174400,32882.0,32915.0,32617.0,32803.0,185680,0,199138,2022-10-30/2022-11-05,1158231
176,-39,YM,YMZ22,D1,2022-11-01,1667260800,32804.0,33026.0,32510.0,32677.0,207662,0,223762,2022-10-30/2022-11-05,1158231
177,-38,YM,YMZ22,D1,2022-11-02,1667347200,32677.0,33106.0,32082.0,32105.0,244173,0,261608,2022-10-30/2022-11-05,1158231
178,-37,YM,YMZ22,D1,2022-11-03,1667433600,32104.0,32273.0,31738.0,31961.0,183723,0,196509,2022-10-30/2022-11-05,1158231
179,-36,YM,YMZ22,D1,2022-11-04,1667520000,31961.0,32632.0,31870.0,32376.0,256945,0,273621,2022-10-30/2022-11-05,1158231
180,-35,YM,YMZ22,D1,2022-11-06,1667692800,32272.0,32273.0,32113.0,32229.0,2451,1,2700,2022-11-06/2022-11-12,1109712
181,-34,YM,YMZ22,D1,2022-11-07,1667779200,32229.0,32904.0,32229.0,32855.0,168926,0,182147,2022-11-06/2022-11-12,1109712
182,-33,YM,YMZ22,D1,2022-11-08,1667865600,32856.0,33366.0,32766.0,33204.0,205145,0,223223,2022-11-06/2022-11-12,1109712
183,-32,YM,YMZ22,D1,2022-11-09,1667952000,33201.0,33225.0,32487.0,32545.0,201677,0,215899,2022-11-06/2022-11-12,1109712
184,-31,YM,YMZ22,D1,2022-11-10,1668038400,32541.0,33813.0,32450.0,33790.0,239281,0,259673,2022-11-06/2022-11-12,1109712
185,-30,YM,YMZ22,D1,2022-11-11,1668124800,33791.0,33982.0,33409.0,33765.0,211673,0,226070,2022-11-06/2022-11-12,1109712
186,-29,YM,YMZ22,D1,2022-11-13,1668297600,33645.0,33721.0,33638.0,33709.0,4012,1,4228,2022-11-13/2022-11-19,943166
187,-28,YM,YMZ22,D1,2022-11-14,1668384000,33708.0,33981.0,33550.0,33612.0,162528,0,174344,2022-11-13/2022-11-19,943166
188,-27,YM,YMZ22,D1,2022-11-15,1668470400,33612.0,34026.0,33324.0,33578.0,238523,0,257407,2022-11-13/2022-11-19,943166
189,-26,YM,YMZ22,D1,2022-11-16,1668556800,33578.0,33733.0,33471.0,33644.0,163897,0,176733,2022-11-13/2022-11-19,943166
190,-25,YM,YMZ22,D1,2022-11-17,1668643200,33643.0,33732.0,33189.0,33531.0,155906,0,169800,2022-11-13/2022-11-19,943166
191,-24,YM,YMZ22,D1,2022-11-18,1668729600,33534.0,33855.0,33469.0,33766.0,149054,0,160654,2022-11-13/2022-11-19,943166
192,-23,YM,YMZ22,D1,2022-11-20,1668902400,33761.0,33818.0,33712.0,33736.0,1278,1,1396,2022-11-20/2022-11-26,542245
193,-22,YM,YMZ22,D1,2022-11-21,1668988800,33738.0,33899.0,33585.0,33738.0,133177,0,142255,2022-11-20/2022-11-26,542245
194,-21,YM,YMZ22,D1,2022-11-22,1669075200,33741.0,34144.0,33658.0,34140.0,131300,0,141559,2022-11-20/2022-11-26,542245
195,-20,YM,YMZ22,D1,2022-11-23,1669161600,34140.0,34277.0,34015.0,34260.0,148417,0,160536,2022-11-20/2022-11-26,542245
196,-19,YM,YMZ22,D1,2022-11-24,1669248000,34259.0,34302.0,34225.0,34265.0,22132,1,23679,2022-11-20/2022-11-26,542245
197,-18,YM,YMZ22,D1,2022-11-25,1669334400,34265.0,34393.0,34206.0,34378.0,66922,0,72820,2022-11-20/2022-11-26,542245
198,-17,YM,YMZ22,D1,2022-11-27,1669507200,34295.0,34321.0,34255.0,34256.0,2579,0,2818,2022-11-27/2022-12-03,1092293
199,-16,YM,YMZ22,D1,2022-11-28,1669593600,34256.0,34313.0,33805.0,33860.0,162094,0,174720,2022-11-27/2022-12-03,1092293
200,-15,YM,YMZ22,D1,2022-11-29,1669680000,33859.0,33993.0,33668.0,33836.0,160709,0,172728,2022-11-27/2022-12-03,1092293
201,-14,YM,YMZ22,D1,2022-11-30,1669766400,33837.0,34647.0,33623.0,34609.0,265806,0,284637,2022-11-27/2022-12-03,1092293
202,-13,YM,YMZ22,D1,2022-12-01,1669852800,34608.0,34707.0,34157.0,34393.0,225141,0,242683,2022-11-27/2022-12-03,1092293
203,-12,YM,YMZ22,D1,2022-12-02,1669939200,34396.0,34528.0,33935.0,34389.0,199912,0,214707,2022-11-27/2022-12-03,1092293
204,-11,YM,YMZ22,D1,2022-12-04,1670112000,34449.0,34463.0,34387.0,34433.0,1720,1,1880,2022-12-04/2022-12-10,813668
205,-10,YM,YMZ22,D1,2022-12-05,1670198400,34433.0,34450.0,33883.0,34021.0,159824,0,168757,2022-12-04/2022-12-10,813668
206,-9,YM,YMZ22,D1,2022-12-06,1670284800,34022.0,34084.0,33452.0,33656.0,181098,0,192241,2022-12-04/2022-12-10,813668
207,-8,YM,YMZ22,D1,2022-12-07,1670371200,33656.0,33818.0,33462.0,33637.0,173807,0,185228,2022-12-04/2022-12-10,813668
208,-7,YM,YMZ22,D1,2022-12-08,1670457600,33638.0,33931.0,33482.0,33773.0,143931,0,153204,2022-12-04/2022-12-10,813668
209,-6,YM,YMZ22,D1,2022-12-09,1670544000,33772.0,33960.0,33478.0,33487.0,104215,0,112358,2022-12-04/2022-12-10,813668
132,-81,YM,YMH23,D1,2022-12-11,1670716800,33729.0,33759.0,33675.0,33689.0,713,0,1488,2022-12-11/2022-12-17,835654
133,-80,YM,YMH23,D1,2022-12-12,1670803200,33687.0,34278.0,33673.0,34250.0,16030,0,100792,2022-12-11/2022-12-17,835654
134,-79,YM,YMH23,D1,2022-12-13,1670889600,34250.0,35228.0,34160.0,34389.0,32162,0,218873,2022-12-11/2022-12-17,835654
135,-78,YM,YMH23,D1,2022-12-14,1670976000,34387.0,34674.0,33962.0,34301.0,28825,0,169562,2022-12-11/2022-12-17,835654
136,-77,YM,YMH23,D1,2022-12-15,1671062400,34300.0,34338.0,33242.0,33429.0,26512,0,173841,2022-12-11/2022-12-17,835654
137,-76,YM,YMH23,D1,2022-12-16,1671148800,33429.0,33495.0,32869.0,33075.0,27039,0,171098,2022-12-11/2022-12-17,835654
138,-75,YM,YMH23,D1,2022-12-18,1671321600,33105.0,33178.0,33089.0,33125.0,613,0,2425,2022-12-18/2022-12-24,758729
139,-74,YM,YMH23,D1,2022-12-19,1671408000,33126.0,33279.0,32792.0,33018.0,19867,0,135336,2022-12-18/2022-12-24,758729
140,-73,YM,YMH23,D1,2022-12-20,1671494400,33017.0,33208.0,32686.0,33193.0,26422,0,155173,2022-12-18/2022-12-24,758729
141,-72,YM,YMH23,D1,2022-12-21,1671580800,33193.0,33645.0,33143.0,33602.0,19632,0,148922,2022-12-18/2022-12-24,758729
142,-71,YM,YMH23,D1,2022-12-22,1671667200,33609.0,33663.0,32750.0,33206.0,21811,0,160779,2022-12-18/2022-12-24,758729
143,-70,YM,YMH23,D1,2022-12-23,1671753600,33203.0,33411.0,32989.0,33352.0,23790,0,156094,2022-12-18/2022-12-24,758729
144,-69,YM,YMH23,D1,2022-12-26,1672012800,33399.0,33546.0,33399.0,33537.0,862,0,2081,2022-12-25/2022-12-31,483265
145,-68,YM,YMH23,D1,2022-12-27,1672099200,33536.0,33613.0,33236.0,33428.0,18100,0,123701,2022-12-25/2022-12-31,483265
146,-67,YM,YMH23,D1,2022-12-28,1672185600,33427.0,33567.0,33026.0,33068.0,19533,0,137526,2022-12-25/2022-12-31,483265
147,-66,YM,YMH23,D1,2022-12-29,1672272000,33068.0,33458.0,32999.0,33331.0,15875,0,104310,2022-12-25/2022-12-31,483265
148,-65,YM,YMH23,D1,2022-12-30,1672358400,33334.0,33370.0,32989.0,33315.0,18202,0,115647,2022-12-25/2022-12-31,483265
149,-64,YM,YMH23,D1,2023-01-02,1672617600,33485.0,33552.0,33354.0,33373.0,1133,0,3445,2023-01-01/2023-01-07,791111
150,-63,YM,YMH23,D1,2023-01-03,1672704000,33374.0,33643.0,32983.0,33266.0,28013,0,194171,2023-01-01/2023-01-07,791111
151,-62,YM,YMH23,D1,2023-01-04,1672790400,33264.0,33564.0,33171.0,33383.0,24734,0,186661,2023-01-01/2023-01-07,791111
152,-61,YM,YMH23,D1,2023-01-05,1672876800,33384.0,33467.0,32943.0,33103.0,23969,0,172691,2023-01-01/2023-01-07,791111
153,-60,YM,YMH23,D1,2023-01-06,1672963200,33102.0,33863.0,33032.0,33763.0,23190,0,234143,2023-01-01/2023-01-07,791111
154,-59,YM,YMH23,D1,2023-01-08,1673136000,33790.0,33831.0,33783.0,33816.0,699,0,1744,2023-01-08/2023-01-14,770763
155,-58,YM,YMH23,D1,2023-01-09,1673222400,33816.0,34080.0,33627.0,33648.0,20262,0,152473,2023-01-08/2023-01-14,770763
156,-57,YM,YMH23,D1,2023-01-10,1673308800,33650.0,33870.0,33489.0,33861.0,21825,0,140949,2023-01-08/2023-01-14,770763
157,-56,YM,YMH23,D1,2023-01-11,1673395200,33860.0,34126.0,33826.0,34089.0,16787,0,120303,2023-01-08/2023-01-14,770763
158,-55,YM,YMH23,D1,2023-01-12,1673481600,34090.0,34422.0,33850.0,34332.0,25527,0,205199,2023-01-08/2023-01-14,770763
159,-54,YM,YMH23,D1,2023-01-13,1673568000,34332.0,34464.0,34006.0,34430.0,19811,0,150095,2023-01-08/2023-01-14,770763
160,-53,YM,YMH23,D1,2023-01-15,1673740800,34436.0,34450.0,34389.0,34398.0,525,0,1409,2023-01-15/2023-01-21,720747
161,-52,YM,YMH23,D1,2023-01-16,1673827200,34403.0,34489.0,34302.0,34400.0,7958,0,21798,2023-01-15/2023-01-21,720747
162,-51,YM,YMH23,D1,2023-01-17,1673913600,34399.0,34427.0,33918.0,33944.0,17314,0,165756,2023-01-15/2023-01-21,720747
163,-50,YM,YMH23,D1,2023-01-18,1674000000,33941.0,34131.0,33357.0,33381.0,20590,0,196509,2023-01-15/2023-01-21,720747
164,-49,YM,YMH23,D1,2023-01-19,1674086400,33381.0,33382.0,33067.0,33143.0,21200,0,174717,2023-01-15/2023-01-21,720747
165,-48,YM,YMH23,D1,2023-01-20,1674172800,33144.0,33482.0,33031.0,33465.0,17586,0,160558,2023-01-15/2023-01-21,720747
166,-47,YM,YMH23,D1,2023-01-22,1674345600,33471.0,33486.0,33427.0,33442.0,520,0,1403,2023-01-22/2023-01-28,818857
167,-46,YM,YMH23,D1,2023-01-23,1674432000,33443.0,33885.0,33402.0,33709.0,17848,0,174958,2023-01-22/2023-01-28,818857
168,-45,YM,YMH23,D1,2023-01-24,1674518400,33707.0,33906.0,33474.0,33747.0,18874,0,163280,2023-01-22/2023-01-28,818857
169,-44,YM,YMH23,D1,2023-01-25,1674604800,33751.0,33866.0,33347.0,33851.0,20092,0,178397,2023-01-22/2023-01-28,818857
170,-43,YM,YMH23,D1,2023-01-26,1674691200,33853.0,34044.0,33701.0,33973.0,20048,0,161976,2023-01-22/2023-01-28,818857
171,-42,YM,YMH23,D1,2023-01-27,1674777600,33973.0,34241.0,33899.0,34049.0,17017,0,138843,2023-01-22/2023-01-28,818857
172,-41,YM,YMH23,D1,2023-01-29,1674950400,34001.0,34036.0,33963.0,33995.0,1443,1,1721,2023-01-29/2023-02-04,915792
173,-40,YM,YMH23,D1,2023-01-30,1675036800,33997.0,34123.0,33762.0,33839.0,133659,0,148630,2023-01-29/2023-02-04,915792
174,-39,YM,YMH23,D1,2023-01-31,1675123200,33838.0,34166.0,33579.0,34103.0,132388,0,147286,2023-01-29/2023-02-04,915792
175,-38,YM,YMH23,D1,2023-02-01,1675209600,34102.0,34407.0,33624.0,34148.0,188330,0,205977,2023-01-29/2023-02-04,915792
176,-37,YM,YMH23,D1,2023-02-02,1675296000,34148.0,34214.0,33857.0,34031.0,173620,0,191108,2023-01-29/2023-02-04,915792
177,-36,YM,YMH23,D1,2023-02-03,1675382400,34032.0,34226.0,33821.0,33946.0,204201,0,221070,2023-01-29/2023-02-04,915792
178,-35,YM,YMH23,D1,2023-02-05,1675555200,33895.0,33940.0,33861.0,33926.0,1881,1,2083,2023-02-05/2023-02-11,981805
179,-34,YM,YMH23,D1,2023-02-06,1675641600,33925.0,34010.0,33685.0,33967.0,148921,0,162525,2023-02-05/2023-02-11,981805
180,-33,YM,YMH23,D1,2023-02-07,1675728000,33966.0,34283.0,33661.0,34155.0,250041,0,270528,2023-02-05/2023-02-11,981805
181,-32,YM,YMH23,D1,2023-02-08,1675814400,34156.0,34212.0,33919.0,34032.0,163096,0,174140,2023-02-05/2023-02-11,981805
182,-31,YM,YMH23,D1,2023-02-09,1675900800,34033.0,34287.0,33630.0,33733.0,174608,0,188951,2023-02-05/2023-02-11,981805
183,-30,YM,YMH23,D1,2023-02-10,1675987200,33734.0,33924.0,33543.0,33891.0,169654,0,183578,2023-02-05/2023-02-11,981805
184,-29,YM,YMH23,D1,2023-02-12,1676160000,33905.0,33942.0,33820.0,33831.0,1583,0,1736,2023-02-12/2023-02-18,914037
185,-28,YM,YMH23,D1,2023-02-13,1676246400,33830.0,34289.0,33759.0,34268.0,130509,0,142922,2023-02-12/2023-02-18,914037
186,-27,YM,YMH23,D1,2023-02-14,1676332800,34269.0,34551.0,33852.0,34078.0,221520,0,239959,2023-02-12/2023-02-18,914037
187,-26,YM,YMH23,D1,2023-02-15,1676419200,34077.0,34193.0,33871.0,34158.0,144992,0,157535,2023-02-12/2023-02-18,914037
188,-25,YM,YMH23,D1,2023-02-16,1676505600,34157.0,34233.0,33660.0,33670.0,177127,0,192723,2023-02-12/2023-02-18,914037
189,-24,YM,YMH23,D1,2023-02-17,1676592000,33670.0,33889.0,33514.0,33863.0,163069,0,179162,2023-02-12/2023-02-18,914037
190,-23,YM,YMH23,D1,2023-02-19,1676764800,33844.0,33856.0,33806.0,33827.0,743,1,787,2023-02-19/2023-02-25,699908
191,-22,YM,YMH23,D1,2023-02-20,1676851200,33829.0,33875.0,33738.0,33772.0,19207,1,21151,2023-02-19/2023-02-25,699908
192,-21,YM,YMH23,D1,2023-02-21,1676937600,33773.0,33776.0,33141.0,33206.0,152715,0,169076,2023-02-19/2023-02-25,699908
193,-20,YM,YMH23,D1,2023-02-22,1677024000,33205.0,33273.0,32976.0,33117.0,147320,0,160766,2023-02-19/2023-02-25,699908
194,-19,YM,YMH23,D1,2023-02-23,1677110400,33116.0,33294.0,32816.0,33128.0,152546,0,170628,2023-02-19/2023-02-25,699908
195,-18,YM,YMH23,D1,2023-02-24,1677196800,33128.0,33197.0,32648.0,32806.0,158631,0,177500,2023-02-19/2023-02-25,699908
196,-17,YM,YMH23,D1,2023-02-26,1677369600,32816.0,32847.0,32783.0,32841.0,1091,1,1172,2023-02-26/2023-03-04,808820
197,-16,YM,YMH23,D1,2023-02-27,1677456000,32841.0,33211.0,32798.0,32939.0,142561,0,156420,2023-02-26/2023-03-04,808820
198,-15,YM,YMH23,D1,2023-02-28,1677542400,32937.0,33021.0,32604.0,32615.0,142982,0,156915,2023-02-26/2023-03-04,808820
199,-14,YM,YMH23,D1,2023-03-01,1677628800,32615.0,32864.0,32527.0,32846.0,169882,0,186893,2023-02-26/2023-03-04,808820
200,-13,YM,YMH23,D1,2023-03-02,1677715200,32848.0,33107.0,32639.0,32983.0,149230,0,160558,2023-02-26/2023-03-04,808820
201,-12,YM,YMH23,D1,2023-03-03,1677801600,32982.0,33430.0,32953.0,33411.0,134440,0,146862,2023-02-26/2023-03-04,808820
202,-11,YM,YMH23,D1,2023-03-05,1677974400,33395.0,33395.0,33354.0,33370.0,1454,1,1612,2023-03-05/2023-03-11,955142
203,-10,YM,YMH23,D1,2023-03-06,1678060800,33372.0,33590.0,33359.0,33461.0,121643,0,132478,2023-03-05/2023-03-11,955142
204,-9,YM,YMH23,D1,2023-03-07,1678147200,33461.0,33512.0,32840.0,32892.0,174732,0,189902,2023-03-05/2023-03-11,955142
205,-8,YM,YMH23,D1,2023-03-08,1678233600,32890.0,32939.0,32626.0,32805.0,158302,0,169437,2023-03-05/2023-03-11,955142
206,-7,YM,YMH23,D1,2023-03-09,1678320000,32806.0,33002.0,32184.0,32206.0,179806,0,195270,2023-03-05/2023-03-11,955142
207,-6,YM,YMH23,D1,2023-03-10,1678406400,32208.0,32434.0,31787.0,32029.0,248371,0,266443,2023-03-05/2023-03-11,955142
132,-83,YM,YMM23,D1,2023-03-12,1678579200,32293.0,32549.0,32085.0,32419.0,6342,0,11807,2023-03-12/2023-03-18,1258983
133,-82,YM,YMM23,D1,2023-03-13,1678665600,32421.0,32595.0,31740.0,32103.0,49045,0,284539,2023-03-12/2023-03-18,1258983
134,-81,YM,YMM23,D1,2023-03-14,1678752000,32109.0,32552.0,32035.0,32369.0,33044,0,204394,2023-03-12/2023-03-18,1258983
135,-80,YM,YMM23,D1,2023-03-15,1678838400,32367.0,32443.0,31640.0,32053.0,37127,0,300479,2023-03-12/2023-03-18,1258983
136,-79,YM,YMM23,D1,2023-03-16,1678924800,32053.0,32521.0,31785.0,32466.0,30565,0,233239,2023-03-12/2023-03-18,1258983
137,-78,YM,YMM23,D1,2023-03-17,1679011200,32466.0,32579.0,31949.0,32058.0,25928,0,224525,2023-03-12/2023-03-18,1258983
138,-77,YM,YMM23,D1,2023-03-19,1679184000,32142.0,32280.0,32102.0,32260.0,2330,0,7964,2023-03-19/2023-03-25,936416
139,-76,YM,YMM23,D1,2023-03-20,1679270400,32261.0,32510.0,31657.0,32459.0,31476,0,209971,2023-03-19/2023-03-25,936416
140,-75,YM,YMM23,D1,2023-03-21,1679356800,32458.0,32830.0,32441.0,32773.0,18614,0,135119,2023-03-19/2023-03-25,936416
141,-74,YM,YMM23,D1,2023-03-22,1679443200,32772.0,32994.0,32231.0,32305.0,22652,0,182434,2023-03-19/2023-03-25,936416
142,-73,YM,YMM23,D1,2023-03-23,1679529600,32306.0,32733.0,32054.0,32360.0,25711,0,210766,2023-03-19/2023-03-25,936416
143,-72,YM,YMM23,D1,2023-03-24,1679616000,32362.0,32485.0,31945.0,32481.0,27600,0,190162,2023-03-19/2023-03-25,936416
144,-71,YM,YMM23,D1,2023-03-26,1679788800,32486.0,32636.0,32464.0,32605.0,1421,0,4258,2023-03-26/2023-04-01,653120
145,-70,YM,YMM23,D1,2023-03-27,1679875200,32606.0,32770.0,32418.0,32685.0,20147,0,132210,2023-03-26/2023-04-01,653120
146,-69,YM,YMM23,D1,2023-03-28,1679961600,32684.0,32784.0,32486.0,32653.0,16327,0,119829,2023-03-26/2023-04-01,653120
147,-68,YM,YMM23,D1,2023-03-29,1680048000,32654.0,32924.0,32646.0,32870.0,14558,0,134193,2023-03-26/2023-04-01,653120
148,-67,YM,YMM23,D1,2023-03-30,1680134400,32870.0,33123.0,32863.0,33078.0,15230,0,129389,2023-03-26/2023-04-01,653120
149,-66,YM,YMM23,D1,2023-03-31,1680220800,33076.0,33549.0,33003.0,33524.0,14103,0,133241,2023-03-26/2023-04-01,653120
150,-65,YM,YMM23,D1,2023-04-02,1680393600,33441.0,33513.0,33436.0,33492.0,1357,0,4258,2023-04-02/2023-04-08,542909
151,-64,YM,YMM23,D1,2023-04-03,1680480000,33491.0,33821.0,33442.0,33769.0,15334,0,127077,2023-04-02/2023-04-08,542909
152,-63,YM,YMM23,D1,2023-04-04,1680566400,33767.0,33877.0,33455.0,33615.0,15712,0,138110,2023-04-02/2023-04-08,542909
153,-62,YM,YMM23,D1,2023-04-05,1680652800,33614.0,33720.0,33503.0,33640.0,15389,0,137752,2023-04-02/2023-04-08,542909
154,-61,YM,YMM23,D1,2023-04-06,1680739200,33638.0,33716.0,33486.0,33612.0,13885,0,123049,2023-04-02/2023-04-08,542909
155,-60,YM,YMM23,D1,2023-04-07,1680825600,33613.0,33774.0,33577.0,33723.0,3264,0,12663,2023-04-02/2023-04-08,542909
156,-59,YM,YMM23,D1,2023-04-09,1680998400,33699.0,33724.0,33693.0,33703.0,766,0,2722,2023-04-09/2023-04-15,724456
157,-58,YM,YMM23,D1,2023-04-10,1681084800,33703.0,33790.0,33508.0,33790.0,11995,0,106481,2023-04-09/2023-04-15,724456
158,-57,YM,YMM23,D1,2023-04-11,1681171200,33787.0,33953.0,33730.0,33873.0,12239,0,120471,2023-04-09/2023-04-15,724456
159,-56,YM,YMM23,D1,2023-04-12,1681257600,33874.0,34119.0,33747.0,33751.0,17021,0,169264,2023-04-09/2023-04-15,724456
160,-55,YM,YMM23,D1,2023-04-13,1681344000,33752.0,34216.0,33750.0,34138.0,14237,0,141912,2023-04-09/2023-04-15,724456
161,-54,YM,YMM23,D1,2023-04-14,1681430400,34139.0,34275.0,33877.0,34096.0,16894,0,183606,2023-04-09/2023-04-15,724456
162,-53,YM,YMM23,D1,2023-04-16,1681603200,34125.0,34125.0,34078.0,34107.0,692,0,1955,2023-04-16/2023-04-22,682618
163,-52,YM,YMM23,D1,2023-04-17,1681689600,34107.0,34148.0,33938.0,34129.0,13783,0,126827,2023-04-16/2023-04-22,682618
164,-51,YM,YMM23,D1,2023-04-18,1681776000,34127.0,34287.0,33928.0,34074.0,13847,0,140620,2023-04-16/2023-04-22,682618
165,-50,YM,YMM23,D1,2023-04-19,1681862400,34073.0,34104.0,33942.0,33981.0,13193,0,123394,2023-04-16/2023-04-22,682618
166,-49,YM,YMM23,D1,2023-04-20,1681948800,33982.0,34033.0,33802.0,33878.0,14593,0,146583,2023-04-16/2023-04-22,682618
167,-48,YM,YMM23,D1,2023-04-21,1682035200,33876.0,33996.0,33809.0,33929.0,14132,0,143239,2023-04-16/2023-04-22,682618
168,-47,YM,YMM23,D1,2023-04-23,1682208000,33922.0,33922.0,33896.0,33904.0,1335,0,1514,2023-04-23/2023-04-29,821433
169,-46,YM,YMM23,D1,2023-04-24,1682294400,33903.0,34024.0,33775.0,33986.0,109491,0,120584,2023-04-23/2023-04-29,821433
170,-45,YM,YMM23,D1,2023-04-25,1682380800,33986.0,34006.0,33643.0,33710.0,158872,0,180670,2023-04-23/2023-04-29,821433
171,-44,YM,YMM23,D1,2023-04-26,1682467200,33710.0,33762.0,33347.0,33455.0,161188,0,179664,2023-04-23/2023-04-29,821433
172,-43,YM,YMM23,D1,2023-04-27,1682553600,33454.0,33967.0,33427.0,33883.0,155161,0,174115,2023-04-23/2023-04-29,821433
173,-42,YM,YMM23,D1,2023-04-28,1682640000,33881.0,34236.0,33752.0,34209.0,149739,0,164886,2023-04-23/2023-04-29,821433
174,-41,YM,YMM23,D1,2023-04-30,1682812800,34214.0,34223.0,34148.0,34156.0,2715,1,2982,2023-04-30/2023-05-06,850189
175,-40,YM,YMM23,D1,2023-05-01,1682899200,34156.0,34363.0,34096.0,34109.0,97659,0,107961,2023-04-30/2023-05-06,850189
176,-39,YM,YMM23,D1,2023-05-02,1682985600,34108.0,34188.0,33520.0,33786.0,171687,0,191171,2023-04-30/2023-05-06,850189
177,-38,YM,YMM23,D1,2023-05-03,1683072000,33788.0,33917.0,33245.0,33365.0,170344,0,186623,2023-04-30/2023-05-06,850189
178,-37,YM,YMM23,D1,2023-05-04,1683158400,33366.0,33562.0,33004.0,33246.0,192637,0,212539,2023-04-30/2023-05-06,850189
179,-36,YM,YMM23,D1,2023-05-05,1683244800,33246.0,33822.0,33217.0,33733.0,132778,0,148913,2023-04-30/2023-05-06,850189
180,-35,YM,YMM23,D1,2023-05-07,1683417600,33753.0,33776.0,33720.0,33724.0,1535,1,1634,2023-05-07/2023-05-13,702801
181,-34,YM,YMM23,D1,2023-05-08,1683504000,33725.0,33848.0,33566.0,33668.0,94109,0,103537,2023-05-07/2023-05-13,702801
182,-33,YM,YMM23,D1,2023-05-09,1683590400,33668.0,33726.0,33539.0,33653.0,94920,0,103449,2023-05-07/2023-05-13,702801
183,-32,YM,YMM23,D1,2023-05-10,1683676800,33651.0,33854.0,33297.0,33613.0,179575,0,200247,2023-05-07/2023-05-13,702801
184,-31,YM,YMM23,D1,2023-05-11,1683763200,33615.0,33683.0,33180.0,33373.0,136568,0,150734,2023-05-07/2023-05-13,702801
185,-30,YM,YMM23,D1,2023-05-12,1683849600,33373.0,33544.0,33163.0,33302.0,130593,0,143200,2023-05-07/2023-05-13,702801
186,-29,YM,YMM23,D1,2023-05-14,1684022400,33319.0,33320.0,33282.0,33313.0,1153,1,1266,2023-05-14/2023-05-20,803081
187,-28,YM,YMM23,D1,2023-05-15,1684108800,33313.0,33506.0,33212.0,33366.0,115628,0,129213,2023-05-14/2023-05-20,803081
188,-27,YM,YMM23,D1,2023-05-16,1684195200,33366.0,33392.0,33032.0,33102.0,132469,0,145346,2023-05-14/2023-05-20,803081
189,-26,YM,YMM23,D1,2023-05-17,1684281600,33102.0,33540.0,33062.0,33450.0,150858,0,167058,2023-05-14/2023-05-20,803081
190,-25,YM,YMM23,D1,2023-05-18,1684368000,33450.0,33691.0,33281.0,33629.0,165139,0,183612,2023-05-14/2023-05-20,803081
191,-24,YM,YMM23,D1,2023-05-19,1684454400,33631.0,33731.0,33394.0,33455.0,162201,0,176586,2023-05-14/2023-05-20,803081
192,-23,YM,YMM23,D1,2023-05-21,1684627200,33395.0,33468.0,33374.0,33465.0,1736,1,1894,2023-05-21/2023-05-27,870455
193,-22,YM,YMM23,D1,2023-05-22,1684713600,33464.0,33587.0,33273.0,33440.0,136741,0,151043,2023-05-21/2023-05-27,870455
194,-21,YM,YMM23,D1,2023-05-23,1684800000,33441.0,33479.0,33070.0,33171.0,158289,0,176127,2023-05-21/2023-05-27,870455
195,-20,YM,YMM23,D1,2023-05-24,1684886400,33170.0,33184.0,32692.0,32794.0,169765,0,188591,2023-05-21/2023-05-27,870455
196,-19,YM,YMM23,D1,2023-05-25,1684972800,32795.0,32914.0,32619.0,32754.0,171496,0,188667,2023-05-21/2023-05-27,870455
197,-18,YM,YMM23,D1,2023-05-26,1685059200,32754.0,33202.0,32724.0,33148.0,148036,0,164133,2023-05-21/2023-05-27,870455
198,-17,YM,YMM23,D1,2023-05-28,1685232000,33279.0,33330.0,33232.0,33240.0,2634,1,3153,2023-05-28/2023-06-03,774518
199,-16,YM,YMM23,D1,2023-05-29,1685318400,33241.0,33266.0,33157.0,33165.0,22155,0,24657,2023-05-28/2023-06-03,774518
200,-15,YM,YMM23,D1,2023-05-30,1685404800,33164.0,33228.0,32921.0,33067.0,161864,0,175906,2023-05-28/2023-06-03,774518
201,-14,YM,YMM23,D1,2023-05-31,1685491200,33066.0,33072.0,32793.0,32966.0,159317,0,174859,2023-05-28/2023-06-03,774518
202,-13,YM,YMM23,D1,2023-06-01,1685577600,32967.0,33212.0,32737.0,33130.0,167873,0,183707,2023-05-28/2023-06-03,774518
203,-12,YM,YMM23,D1,2023-06-02,1685664000,33131.0,33863.0,33120.0,33818.0,194177,0,212236,2023-05-28/2023-06-03,774518
204,-11,YM,YMM23,D1,2023-06-04,1685836800,33830.0,33894.0,33808.0,33834.0,3679,1,4229,2023-06-04/2023-06-10,783067
205,-10,YM,YMM23,D1,2023-06-05,1685923200,33835.0,33884.0,33568.0,33583.0,159615,0,173366,2023-06-04/2023-06-10,783067
206,-9,YM,YMM23,D1,2023-06-06,1686009600,33587.0,33677.0,33448.0,33625.0,146716,0,158040,2023-06-04/2023-06-10,783067
207,-8,YM,YMM23,D1,2023-06-07,1686096000,33626.0,33745.0,33542.0,33700.0,154833,0,168253,2023-06-04/2023-06-10,783067
208,-7,YM,YMM23,D1,2023-06-08,1686182400,33698.0,33908.0,33635.0,33823.0,124987,0,136013,2023-06-04/2023-06-10,783067
209,-6,YM,YMM23,D1,2023-06-09,1686268800,33823.0,34000.0,33741.0,33888.0,134375,0,143166,2023-06-04/2023-06-10,783067
132,-83,YM,YMU23,D1,2023-06-11,1686441600,34190.0,34241.0,34185.0,34221.0,673,0,1553,2023-06-11/2023-06-17,748749
133,-82,YM,YMU23,D1,2023-06-12,1686528000,34219.0,34402.0,34188.0,34374.0,12875,0,111264,2023-06-11/2023-06-17,748749
134,-81,YM,YMU23,D1,2023-06-13,1686614400,34374.0,34633.0,34325.0,34448.0,15866,0,143433,2023-06-11/2023-06-17,748749
135,-80,YM,YMU23,D1,2023-06-14,1686700800,34449.0,34520.0,34086.0,34277.0,17031,0,163649,2023-06-11/2023-06-17,748749
136,-79,YM,YMU23,D1,2023-06-15,1686787200,34278.0,34806.0,34169.0,34683.0,16395,0,174484,2023-06-11/2023-06-17,748749
137,-78,YM,YMU23,D1,2023-06-16,1686873600,34683.0,34888.0,34585.0,34612.0,16457,0,154366,2023-06-11/2023-06-17,748749
138,-77,YM,YMU23,D1,2023-06-18,1687046400,34621.0,34649.0,34580.0,34591.0,629,0,1497,2023-06-18/2023-06-24,591246
139,-76,YM,YMU23,D1,2023-06-19,1687132800,34589.0,34614.0,34473.0,34507.0,7487,0,42943,2023-06-18/2023-06-24,591246
140,-75,YM,YMU23,D1,2023-06-20,1687219200,34505.0,34532.0,34197.0,34360.0,14608,0,143977,2023-06-18/2023-06-24,591246
141,-74,YM,YMU23,D1,2023-06-21,1687305600,34358.0,34387.0,34160.0,34251.0,14364,0,130021,2023-06-18/2023-06-24,591246
142,-73,YM,YMU23,D1,2023-06-22,1687392000,34252.0,34274.0,34096.0,34223.0,14986,0,132873,2023-06-18/2023-06-24,591246
143,-72,YM,YMU23,D1,2023-06-23,1687478400,34222.0,34227.0,33888.0,33973.0,14630,0,139935,2023-06-18/2023-06-24,591246
144,-71,YM,YMU23,D1,2023-06-25,1687651200,33977.0,34048.0,33955.0,34036.0,719,0,2247,2023-06-25/2023-07-01,711363
145,-70,YM,YMU23,D1,2023-06-26,1687737600,34035.0,34072.0,33855.0,34020.0,14296,0,127998,2023-06-25/2023-07-01,711363
146,-69,YM,YMU23,D1,2023-06-27,1687824000,34020.0,34232.0,33901.0,34168.0,13219,0,149163,2023-06-25/2023-07-01,711363
147,-68,YM,YMU23,D1,2023-06-28,1687910400,34169.0,34218.0,33993.0,34166.0,13170,0,150170,2023-06-25/2023-07-01,711363
148,-67,YM,YMU23,D1,2023-06-29,1687996800,34167.0,34388.0,34051.0,34339.0,13829,0,158029,2023-06-25/2023-07-01,711363
149,-66,YM,YMU23,D1,2023-06-30,1688083200,34339.0,34705.0,34313.0,34612.0,12185,0,123756,2023-06-25/2023-07-01,711363
150,-65,YM,YMU23,D1,2023-07-02,1688256000,34619.0,34659.0,34614.0,34636.0,627,0,2000,2023-07-02/2023-07-08,508938
151,-64,YM,YMU23,D1,2023-07-03,1688342400,34637.0,34688.0,34510.0,34626.0,8039,0,72341,2023-07-02/2023-07-08,508938
152,-63,YM,YMU23,D1,2023-07-04,1688428800,34627.0,34652.0,34583.0,34604.0,5178,0,29696,2023-07-02/2023-07-08,508938
153,-62,YM,YMU23,D1,2023-07-05,1688515200,34604.0,34627.0,34435.0,34467.0,10742,0,114282,2023-07-02/2023-07-08,508938
154,-61,YM,YMU23,D1,2023-07-06,1688601600,34469.0,34470.0,33967.0,34129.0,13053,0,154956,2023-07-02/2023-07-08,508938
155,-60,YM,YMU23,D1,2023-07-07,1688688000,34128.0,34244.0,33918.0,33967.0,13369,0,135663,2023-07-02/2023-07-08,508938
156,-59,YM,YMU23,D1,2023-07-09,1688860800,33968.0,33989.0,33914.0,33976.0,762,0,2652,2023-07-09/2023-07-15,652441
157,-58,YM,YMU23,D1,2023-07-10,1688947200,33976.0,34169.0,33803.0,34152.0,13431,0,120661,2023-07-09/2023-07-15,652441
158,-57,YM,YMU23,D1,2023-07-11,1689033600,34152.0,34493.0,34060.0,34432.0,13507,0,143188,2023-07-09/2023-07-15,652441
159,-56,YM,YMU23,D1,2023-07-12,1689120000,34432.0,34792.0,34410.0,34576.0,14002,0,143816,2023-07-09/2023-07-15,652441
160,-55,YM,YMU23,D1,2023-07-13,1689206400,34576.0,34675.0,34517.0,34544.0,11457,0,110336,2023-07-09/2023-07-15,652441
161,-54,YM,YMU23,D1,2023-07-14,1689292800,34543.0,34788.0,34495.0,34662.0,12953,0,131788,2023-07-09/2023-07-15,652441
162,-53,YM,YMU23,D1,2023-07-16,1689465600,34647.0,34683.0,34606.0,34621.0,619,0,1713,2023-07-16/2023-07-22,747226
163,-52,YM,YMU23,D1,2023-07-17,1689552000,34621.0,34850.0,34580.0,34737.0,10662,0,114616,2023-07-16/2023-07-22,747226
164,-51,YM,YMU23,D1,2023-07-18,1689638400,34737.0,35173.0,34691.0,35143.0,11135,0,150920,2023-07-16/2023-07-22,747226
165,-50,YM,YMU23,D1,2023-07-19,1689724800,35141.0,35417.0,35110.0,35228.0,13567,0,165376,2023-07-16/2023-07-22,747226
166,-49,YM,YMU23,D1,2023-07-20,1689811200,35228.0,35549.0,35210.0,35418.0,13438,0,172193,2023-07-16/2023-07-22,747226
167,-48,YM,YMU23,D1,2023-07-21,1689897600,35419.0,35516.0,35348.0,35385.0,11886,0,142408,2023-07-16/2023-07-22,747226
168,-47,YM,YMU23,D1,2023-07-23,1690070400,35397.0,35398.0,35351.0,35356.0,500,0,1905,2023-07-23/2023-07-29,752689
169,-46,YM,YMU23,D1,2023-07-24,1690156800,35355.0,35638.0,35351.0,35581.0,11485,0,125758,2023-07-23/2023-07-29,752689
170,-45,YM,YMU23,D1,2023-07-25,1690243200,35582.0,35693.0,35527.0,35578.0,11065,0,126189,2023-07-23/2023-07-29,752689
171,-44,YM,YMU23,D1,2023-07-26,1690329600,35578.0,35800.0,35470.0,35631.0,14126,0,170423,2023-07-23/2023-07-29,752689
172,-43,YM,YMU23,D1,2023-07-27,1690416000,35629.0,35843.0,35346.0,35429.0,15250,0,186414,2023-07-23/2023-07-29,752689
173,-42,YM,YMU23,D1,2023-07-28,1690502400,35431.0,35708.0,35376.0,35575.0,15186,0,142000,2023-07-23/2023-07-29,752689
174,-41,YM,YMU23,D1,2023-07-30,1690675200,35598.0,35634.0,35598.0,35602.0,682,0,2344,2023-07-30/2023-08-05,726614
175,-40,YM,YMU23,D1,2023-07-31,1690761600,35601.0,35713.0,35511.0,35686.0,12307,0,104308,2023-07-30/2023-08-05,726614
176,-39,YM,YMU23,D1,2023-08-01,1690848000,35686.0,35810.0,35571.0,35689.0,13317,0,126386,2023-07-30/2023-08-05,726614
177,-38,YM,YMU23,D1,2023-08-02,1690934400,35690.0,35728.0,35333.0,35461.0,16411,0,163536,2023-07-30/2023-08-05,726614
178,-37,YM,YMU23,D1,2023-08-03,1691020800,35460.0,35494.0,35216.0,35348.0,18287,0,151575,2023-07-30/2023-08-05,726614
179,-36,YM,YMU23,D1,2023-08-04,1691107200,35348.0,35602.0,35117.0,35145.0,17211,0,178465,2023-07-30/2023-08-05,726614
180,-35,YM,YMU23,D1,2023-08-06,1691280000,35150.0,35206.0,35140.0,35192.0,723,0,2057,2023-08-06/2023-08-12,778156
181,-34,YM,YMU23,D1,2023-08-07,1691366400,35193.0,35589.0,35170.0,35562.0,13859,0,143678,2023-08-06/2023-08-12,778156
182,-33,YM,YMU23,D1,2023-08-08,1691452800,35562.0,35569.0,35076.0,35364.0,15986,0,152544,2023-08-06/2023-08-12,778156
183,-32,YM,YMU23,D1,2023-08-09,1691539200,35364.0,35494.0,35131.0,35286.0,15127,0,138448,2023-08-06/2023-08-12,778156
184,-31,YM,YMU23,D1,2023-08-10,1691625600,35285.0,35660.0,35179.0,35287.0,19779,0,203795,2023-08-06/2023-08-12,778156
185,-30,YM,YMU23,D1,2023-08-11,1691712000,35285.0,35431.0,35115.0,35369.0,17073,0,137634,2023-08-06/2023-08-12,778156
186,-29,YM,YMU23,D1,2023-08-13,1691884800,35391.0,35416.0,35370.0,35389.0,1820,1,2058,2023-08-13/2023-08-19,774525
187,-28,YM,YMU23,D1,2023-08-14,1691971200,35390.0,35456.0,35226.0,35366.0,118810,0,130403,2023-08-13/2023-08-19,774525
188,-27,YM,YMU23,D1,2023-08-15,1692057600,35367.0,35413.0,34957.0,35022.0,146013,0,162877,2023-08-13/2023-08-19,774525
189,-26,YM,YMU23,D1,2023-08-16,1692144000,35023.0,35190.0,34803.0,34842.0,148995,0,164073,2023-08-13/2023-08-19,774525
190,-25,YM,YMU23,D1,2023-08-17,1692230400,34841.0,34953.0,34488.0,34535.0,147099,0,162639,2023-08-13/2023-08-19,774525
191,-24,YM,YMU23,D1,2023-08-18,1692316800,34533.0,34660.0,34328.0,34540.0,139978,0,152475,2023-08-13/2023-08-19,774525
192,-23,YM,YMU23,D1,2023-08-20,1692489600,34568.0,34584.0,34545.0,34575.0,1465,1,1579,2023-08-20/2023-08-26,776513
193,-22,YM,YMU23,D1,2023-08-21,1692576000,34574.0,34709.0,34308.0,34483.0,128384,0,140743,2023-08-20/2023-08-26,776513
194,-21,YM,YMU23,D1,2023-08-22,1692662400,34484.0,34652.0,34307.0,34362.0,124907,0,137073,2023-08-20/2023-08-26,776513
195,-20,YM,YMU23,D1,2023-08-23,1692748800,34363.0,34593.0,34340.0,34531.0,120283,0,131957,2023-08-20/2023-08-26,776513
196,-19,YM,YMU23,D1,2023-08-24,1692835200,34531.0,34737.0,34099.0,34165.0,155366,0,171083,2023-08-20/2023-08-26,776513
197,-18,YM,YMU23,D1,2023-08-25,1692921600,34167.0,34483.0,34062.0,34365.0,179559,0,194078,2023-08-20/2023-08-26,776513
198,-17,YM,YMU23,D1,2023-08-27,1693094400,34423.0,34443.0,34400.0,34438.0,1607,1,1817,2023-08-27/2023-09-02,726259
199,-16,YM,YMU23,D1,2023-08-28,1693180800,34438.0,34692.0,34406.0,34606.0,129653,0,140612,2023-08-27/2023-09-02,726259
200,-15,YM,YMU23,D1,2023-08-29,1693267200,34605.0,34922.0,34525.0,34898.0,128336,0,141627,2023-08-27/2023-09-02,726259
201,-14,YM,YMU23,D1,2023-08-30,1693353600,34898.0,35090.0,34849.0,35004.0,137734,0,148594,2023-08-27/2023-09-02,726259
202,-13,YM,YMU23,D1,2023-08-31,1693440000,35005.0,35177.0,34770.0,34821.0,136945,0,151096,2023-08-27/2023-09-02,726259
203,-12,YM,YMU23,D1,2023-09-01,1693526400,34821.0,35027.0,34761.0,34865.0,130123,0,142513,2023-08-27/2023-09-02,726259
204,-11,YM,YMU23,D1,2023-09-03,1693699200,34888.0,34890.0,34847.0,34868.0,809,1,878,2023-09-03/2023-09-09,545450
205,-10,YM,YMU23,D1,2023-09-04,1693785600,34868.0,34969.0,34790.0,34850.0,22197,0,24791,2023-09-03/2023-09-09,545450
206,-9,YM,YMU23,D1,2023-09-05,1693872000,34849.0,34920.0,34673.0,34698.0,117598,0,126669,2023-09-03/2023-09-09,545450
207,-8,YM,YMU23,D1,2023-09-06,1693958400,34697.0,34709.0,34317.0,34471.0,141471,0,154063,2023-09-03/2023-09-09,545450
208,-7,YM,YMU23,D1,2023-09-07,1694044800,34471.0,34585.0,34365.0,34550.0,116583,0,126867,2023-09-03/2023-09-09,545450
209,-6,YM,YMU23,D1,2023-09-08,1694131200,34550.0,34660.0,34443.0,34607.0,103720,0,112182,2023-09-03/2023-09-09,545450
133,-83,YM,YMZ23,D1,2023-09-10,1694304000,34950.0,34955.0,34914.0,34945.0,405,0,1035,2023-09-10/2023-09-16,670339
134,-82,YM,YMZ23,D1,2023-09-11,1694390400,34946.0,35143.0,34904.0,35001.0,11260,0,90604,2023-09-10/2023-09-16,670339
135,-81,YM,YMZ23,D1,2023-09-12,1694476800,35000.0,35206.0,34881.0,34997.0,11996,0,112827,2023-09-10/2023-09-16,670339
136,-80,YM,YMZ23,D1,2023-09-13,1694563200,34996.0,35120.0,34843.0,34939.0,14958,0,129977,2023-09-10/2023-09-16,670339
137,-79,YM,YMZ23,D1,2023-09-14,1694649600,34939.0,35323.0,34922.0,35282.0,13967,0,169145,2023-09-10/2023-09-16,670339
138,-78,YM,YMZ23,D1,2023-09-15,1694736000,35282.0,35357.0,34887.0,34941.0,13412,0,166751,2023-09-10/2023-09-16,670339
139,-77,YM,YMZ23,D1,2023-09-17,1694908800,34930.0,34979.0,34930.0,34976.0,464,0,1591,2023-09-17/2023-09-23,839002
140,-76,YM,YMZ23,D1,2023-09-18,1694995200,34976.0,35038.0,34848.0,34949.0,11308,0,120335,2023-09-17/2023-09-23,839002
141,-75,YM,YMZ23,D1,2023-09-19,1695081600,34950.0,34991.0,34606.0,34822.0,11423,0,158143,2023-09-17/2023-09-23,839002
142,-74,YM,YMZ23,D1,2023-09-20,1695168000,34822.0,35083.0,34701.0,34711.0,13660,0,178519,2023-09-17/2023-09-23,839002
143,-73,YM,YMZ23,D1,2023-09-21,1695254400,34710.0,34735.0,34301.0,34328.0,16318,0,210727,2023-09-17/2023-09-23,839002
144,-72,YM,YMZ23,D1,2023-09-22,1695340800,34327.0,34421.0,34211.0,34247.0,15602,0,169687,2023-09-17/2023-09-23,839002
145,-71,YM,YMZ23,D1,2023-09-24,1695513600,34270.0,34289.0,34263.0,34272.0,497,0,1531,2023-09-24/2023-09-30,1008508
146,-70,YM,YMZ23,D1,2023-09-25,1695600000,34274.0,34358.0,34040.0,34256.0,15153,0,168877,2023-09-24/2023-09-30,1008508
147,-69,YM,YMZ23,D1,2023-09-26,1695686400,34256.0,34257.0,33815.0,33915.0,15948,0,181178,2023-09-24/2023-09-30,1008508
148,-68,YM,YMZ23,D1,2023-09-27,1695772800,33915.0,34012.0,33544.0,33829.0,16299,0,204774,2023-09-24/2023-09-30,1008508
149,-67,YM,YMZ23,D1,2023-09-28,1695859200,33831.0,34010.0,33693.0,33933.0,19128,0,213618,2023-09-24/2023-09-30,1008508
150,-66,YM,YMZ23,D1,2023-09-29,1695945600,33933.0,34127.0,33623.0,33744.0,18779,0,238530,2023-09-24/2023-09-30,1008508
151,-65,YM,YMZ23,D1,2023-10-01,1696118400,33892.0,33906.0,33807.0,33877.0,1299,0,4231,2023-10-01/2023-10-07,1123283
152,-64,YM,YMZ23,D1,2023-10-02,1696204800,33876.0,33939.0,33435.0,33636.0,19793,0,228652,2023-10-01/2023-10-07,1123283
153,-63,YM,YMZ23,D1,2023-10-03,1696291200,33636.0,33709.0,33117.0,33208.0,20411,0,238673,2023-10-01/2023-10-07,1123283
154,-62,YM,YMZ23,D1,2023-10-04,1696377600,33209.0,33357.0,33021.0,33273.0,22010,0,226562,2023-10-01/2023-10-07,1123283
155,-61,YM,YMZ23,D1,2023-10-05,1696464000,33275.0,33367.0,33123.0,33277.0,18619,0,178503,2023-10-01/2023-10-07,1123283
156,-60,YM,YMZ23,D1,2023-10-06,1696550400,33278.0,33756.0,33032.0,33625.0,20201,0,246662,2023-10-01/2023-10-07,1123283
157,-59,YM,YMZ23,D1,2023-10-08,1696723200,33477.0,33477.0,33333.0,33424.0,1856,0,8834,2023-10-08/2023-10-14,893340
158,-58,YM,YMZ23,D1,2023-10-09,1696809600,33423.0,33834.0,33298.0,33809.0,17237,0,165087,2023-10-08/2023-10-14,893340
159,-57,YM,YMZ23,D1,2023-10-10,1696896000,33809.0,34092.0,33776.0,33933.0,16460,0,168319,2023-10-08/2023-10-14,893340
160,-56,YM,YMZ23,D1,2023-10-11,1696982400,33933.0,34078.0,33799.0,34046.0,15859,0,146239,2023-10-08/2023-10-14,893340
161,-55,YM,YMZ23,D1,2023-10-12,1697068800,34045.0,34153.0,33617.0,33805.0,17161,0,176075,2023-10-08/2023-10-14,893340
162,-54,YM,YMZ23,D1,2023-10-13,1697155200,33806.0,34123.0,33707.0,33786.0,20762,0,228786,2023-10-08/2023-10-14,893340
163,-53,YM,YMZ23,D1,2023-10-15,1697328000,33810.0,33903.0,33810.0,33892.0,928,0,3356,2023-10-15/2023-10-21,1053026
164,-52,YM,YMZ23,D1,2023-10-16,1697414400,33892.0,34254.0,33823.0,34152.0,17584,0,157970,2023-10-15/2023-10-21,1053026
165,-51,YM,YMZ23,D1,2023-10-17,1697500800,34152.0,34305.0,33966.0,34084.0,18897,0,199586,2023-10-15/2023-10-21,1053026
166,-50,YM,YMZ23,D1,2023-10-18,1697587200,34083.0,34147.0,33738.0,33814.0,20885,0,214336,2023-10-15/2023-10-21,1053026
167,-49,YM,YMZ23,D1,2023-10-19,1697673600,33815.0,33990.0,33492.0,33521.0,25313,0,284363,2023-10-15/2023-10-21,1053026
168,-48,YM,YMZ23,D1,2023-10-20,1697760000,33521.0,33559.0,33220.0,33225.0,20749,0,193415,2023-10-15/2023-10-21,1053026
169,-47,YM,YMZ23,D1,2023-10-22,1697932800,33299.0,33337.0,33238.0,33334.0,979,0,3182,2023-10-22/2023-10-28,1111397
170,-46,YM,YMZ23,D1,2023-10-23,1698019200,33333.0,33366.0,33013.0,33139.0,20154,0,199174,2023-10-22/2023-10-28,1111397
171,-45,YM,YMZ23,D1,2023-10-24,1698105600,33139.0,33420.0,33055.0,33344.0,19889,0,205641,2023-10-22/2023-10-28,1111397
172,-44,YM,YMZ23,D1,2023-10-25,1698192000,33344.0,33389.0,33087.0,33119.0,21111,0,231487,2023-10-22/2023-10-28,1111397
173,-43,YM,YMZ23,D1,2023-10-26,1698278400,33119.0,33204.0,32832.0,32987.0,22405,0,241188,2023-10-22/2023-10-28,1111397
174,-42,YM,YMZ23,D1,2023-10-27,1698364800,32986.0,33008.0,32409.0,32475.0,20076,0,230725,2023-10-22/2023-10-28,1111397
175,-41,YM,YMZ23,D1,2023-10-29,1698537600,32542.0,32575.0,32506.0,32551.0,1167,0,4326,2023-10-29/2023-11-04,921069
176,-40,YM,YMZ23,D1,2023-10-30,1698624000,32551.0,33094.0,32549.0,33016.0,16724,0,201519,2023-10-29/2023-11-04,921069
177,-39,YM,YMZ23,D1,2023-10-31,1698710400,33017.0,33220.0,32868.0,33070.0,18135,0,188921,2023-10-29/2023-11-04,921069
178,-38,YM,YMZ23,D1,2023-11-01,1698796800,33070.0,33418.0,32990.0,33384.0,18929,0,194381,2023-10-29/2023-11-04,921069
179,-37,YM,YMZ23,D1,2023-11-02,1698883200,33384.0,33934.0,33343.0,33893.0,14947,0,185591,2023-10-29/2023-11-04,921069
180,-36,YM,YMZ23,D1,2023-11-03,1698969600,33894.0,34232.0,33892.0,34165.0,14323,0,146331,2023-10-29/2023-11-04,921069
181,-35,YM,YMZ23,D1,2023-11-05,1699142400,34170.0,34192.0,34139.0,34152.0,460,0,1711,2023-11-05/2023-11-11,649134
182,-34,YM,YMZ23,D1,2023-11-06,1699228800,34152.0,34230.0,34051.0,34114.0,12375,0,111797,2023-11-05/2023-11-11,649134
183,-33,YM,YMZ23,D1,2023-11-07,1699315200,34113.0,34268.0,34031.0,34212.0,12614,0,112948,2023-11-05/2023-11-11,649134
184,-32,YM,YMZ23,D1,2023-11-08,1699401600,34213.0,34315.0,34052.0,34151.0,12427,0,118021,2023-11-05/2023-11-11,649134
185,-31,YM,YMZ23,D1,2023-11-09,1699488000,34151.0,34283.0,33915.0,33951.0,14825,0,157921,2023-11-05/2023-11-11,649134
186,-30,YM,YMZ23,D1,2023-11-10,1699574400,33951.0,34373.0,33913.0,34284.0,14398,0,146736,2023-11-05/2023-11-11,649134
187,-29,YM,YMZ23,D1,2023-11-12,1699747200,34299.0,34313.0,34277.0,34280.0,451,0,1778,2023-11-12/2023-11-18,671139
188,-28,YM,YMZ23,D1,2023-11-13,1699833600,34283.0,34461.0,34203.0,34392.0,12261,0,106481,2023-11-12/2023-11-18,671139
189,-27,YM,YMZ23,D1,2023-11-14,1699920000,34392.0,34984.0,34334.0,34922.0,14073,0,157590,2023-11-12/2023-11-18,671139
190,-26,YM,YMZ23,D1,2023-11-15,1700006400,34924.0,35103.0,34898.0,35034.0,13977,0,142651,2023-11-12/2023-11-18,671139
191,-25,YM,YMZ23,D1,2023-11-16,1700092800,35032.0,35091.0,34879.0,35027.0,14417,0,147155,2023-11-12/2023-11-18,671139
192,-24,YM,YMZ23,D1,2023-11-17,1700179200,35026.0,35168.0,34944.0,34987.0,11880,0,115484,2023-11-12/2023-11-18,671139
193,-23,YM,YMZ23,D1,2023-11-19,1700352000,34978.0,35016.0,34976.0,35009.0,442,0,1813,2023-11-19/2023-11-25,386185
194,-22,YM,YMZ23,D1,2023-11-20,1700438400,35010.0,35292.0,34962.0,35235.0,10869,0,100872,2023-11-19/2023-11-25,386185
195,-21,YM,YMZ23,D1,2023-11-21,1700524800,35235.0,35247.0,35096.0,35130.0,11008,0,88673,2023-11-19/2023-11-25,386185
196,-20,YM,YMZ23,D1,2023-11-22,1700611200,35130.0,35360.0,35129.0,35289.0,12100,0,113183,2023-11-19/2023-11-25,386185
197,-19,YM,YMZ23,D1,2023-11-23,1700697600,35289.0,35389.0,35281.0,35351.0,5118,0,29707,2023-11-19/2023-11-25,386185
198,-18,YM,YMZ23,D1,2023-11-24,1700784000,35351.0,35440.0,35327.0,35433.0,6497,0,51937,2023-11-19/2023-11-25,386185
199,-17,YM,YMZ23,D1,2023-11-26,1700956800,35428.0,35429.0,35388.0,35392.0,293,0,1346,2023-11-26/2023-12-02,683996
200,-16,YM,YMZ23,D1,2023-11-27,1701043200,35392.0,35456.0,35315.0,35399.0,10309,0,96445,2023-11-26/2023-12-02,683996
201,-15,YM,YMZ23,D1,2023-11-28,1701129600,35398.0,35548.0,35319.0,35463.0,106865,0,116551,2023-11-26/2023-12-02,683996
202,-14,YM,YMZ23,D1,2023-11-29,1701216000,35461.0,35641.0,35456.0,35588.0,126777,0,141896,2023-11-26/2023-12-02,683996
203,-13,YM,YMZ23,D1,2023-11-30,1701302400,35588.0,36027.0,35563.0,35991.0,155021,0,173138,2023-11-26/2023-12-02,683996
204,-12,YM,YMZ23,D1,2023-12-01,1701388800,35990.0,36338.0,35963.0,36327.0,140957,0,154620,2023-11-26/2023-12-02,683996
205,-11,YM,YMZ23,D1,2023-12-03,1701561600,36323.0,36332.0,36284.0,36288.0,1997,1,2214,2023-12-03/2023-12-09,634299
206,-10,YM,YMZ23,D1,2023-12-04,1701648000,36288.0,36313.0,36093.0,36223.0,133528,0,146794,2023-12-03/2023-12-09,634299
207,-9,YM,YMZ23,D1,2023-12-05,1701734400,36223.0,36248.0,36066.0,36194.0,131310,0,142619,2023-12-03/2023-12-09,634299
208,-8,YM,YMZ23,D1,2023-12-06,1701820800,36196.0,36352.0,36076.0,36093.0,117823,0,127998,2023-12-03/2023-12-09,634299
209,-7,YM,YMZ23,D1,2023-12-07,1701907200,36094.0,36210.0,36021.0,36139.0,100795,0,108738,2023-12-03/2023-12-09,634299
210,-6,YM,YMZ23,D1,2023-12-08,1701993600,36140.0,36335.0,36006.0,36284.0,98329,0,105936,2023-12-03/2023-12-09,634299
130,-81,YM,YMH24,D1,2023-12-10,1702166400,36646.0,36688.0,36646.0,36665.0,1083,1,1225,2023-12-10/2023-12-16,627895
131,-80,YM,YMH24,D1,2023-12-11,1702252800,36665.0,36818.0,36602.0,36815.0,77068,0,82018,2023-12-10/2023-12-16,627895
132,-79,YM,YMH24,D1,2023-12-12,1702339200,36815.0,37030.0,36758.0,37014.0,87832,0,95920,2023-12-10/2023-12-16,627895
133,-78,YM,YMH24,D1,2023-12-13,1702425600,37013.0,37542.0,36917.0,37536.0,124049,0,134886,2023-12-10/2023-12-16,627895
134,-77,YM,YMH24,D1,2023-12-14,1702512000,37536.0,37696.0,37423.0,37632.0,153818,0,167736,2023-12-10/2023-12-16,627895
135,-76,YM,YMH24,D1,2023-12-15,1702598400,37632.0,37784.0,37524.0,37666.0,132662,0,146110,2023-12-10/2023-12-16,627895
136,-75,YM,YMH24,D1,2023-12-17,1702771200,37660.0,37696.0,37660.0,37695.0,1311,1,1446,2023-12-17/2023-12-23,562057
137,-74,YM,YMH24,D1,2023-12-18,1702857600,37695.0,37772.0,37637.0,37653.0,81739,0,89516,2023-12-17/2023-12-23,562057
138,-73,YM,YMH24,D1,2023-12-19,1702944000,37653.0,37940.0,37638.0,37903.0,82226,0,88222,2023-12-17/2023-12-23,562057
139,-72,YM,YMH24,D1,2023-12-20,1703030400,37903.0,38012.0,37390.0,37527.0,131043,0,142076,2023-12-17/2023-12-23,562057
140,-71,YM,YMH24,D1,2023-12-21,1703116800,37526.0,37765.0,37462.0,37660.0,128418,0,137814,2023-12-17/2023-12-23,562057
141,-70,YM,YMH24,D1,2023-12-22,1703203200,37659.0,37878.0,37585.0,37702.0,95441,0,102983,2023-12-17/2023-12-23,562057
142,-69,YM,YMH24,D1,2023-12-25,1703462400,37694.0,37794.0,37693.0,37791.0,1575,1,1702,2023-12-24/2023-12-30,304471
143,-68,YM,YMH24,D1,2023-12-26,1703548800,37790.0,37962.0,37702.0,37897.0,48553,0,52350,2023-12-24/2023-12-30,304471
144,-67,YM,YMH24,D1,2023-12-27,1703635200,37896.0,38026.0,37818.0,37988.0,78809,0,85326,2023-12-24/2023-12-30,304471
145,-66,YM,YMH24,D1,2023-12-28,1703721600,37988.0,38089.0,37925.0,38047.0,70944,0,76661,2023-12-24/2023-12-30,304471
146,-65,YM,YMH24,D1,2023-12-29,1703808000,38048.0,38089.0,37841.0,37968.0,82857,0,88432,2023-12-24/2023-12-30,304471
147,-64,YM,YMH24,D1,2024-01-01,1704067200,37982.0,38045.0,37978.0,38025.0,1747,0,2046,2023-12-31/2024-01-06,586364
148,-63,YM,YMH24,D1,2024-01-02,1704153600,38025.0,38113.0,37758.0,38009.0,132856,0,144632,2023-12-31/2024-01-06,586364
149,-62,YM,YMH24,D1,2024-01-03,1704240000,38010.0,38011.0,37664.0,37726.0,148738,0,162576,2023-12-31/2024-01-06,586364
150,-61,YM,YMH24,D1,2024-01-04,1704326400,37726.0,37985.0,37699.0,37759.0,119894,0,129622,2023-12-31/2024-01-06,586364
151,-60,YM,YMH24,D1,2024-01-05,1704412800,37759.0,37882.0,37504.0,37710.0,134060,0,147488,2023-12-31/2024-01-06,586364
152,-59,YM,YMH24,D1,2024-01-07,1704585600,37681.0,37709.0,37653.0,37672.0,2286,1,2603,2024-01-07/2024-01-13,706956
153,-58,YM,YMH24,D1,2024-01-08,1704672000,37670.0,37946.0,37470.0,37898.0,111827,0,124721,2024-01-07/2024-01-13,706956
154,-57,YM,YMH24,D1,2024-01-09,1704758400,37897.0,37902.0,37607.0,37744.0,112675,0,123018,2024-01-07/2024-01-13,706956
155,-56,YM,YMH24,D1,2024-01-10,1704844800,37745.0,37984.0,37698.0,37936.0,107822,0,117951,2024-01-07/2024-01-13,706956
156,-55,YM,YMH24,D1,2024-01-11,1704931200,37933.0,38038.0,37627.0,37914.0,164670,0,177708,2024-01-07/2024-01-13,706956
157,-54,YM,YMH24,D1,2024-01-12,1705017600,37914.0,38031.0,37651.0,37748.0,145856,0,160955,2024-01-07/2024-01-13,706956
158,-53,YM,YMH24,D1,2024-01-14,1705190400,37751.0,37772.0,37722.0,37766.0,1194,1,1276,2024-01-14/2024-01-20,677290
159,-52,YM,YMH24,D1,2024-01-15,1705276800,37767.0,37830.0,37695.0,37737.0,44919,0,48004,2024-01-14/2024-01-20,677290
160,-51,YM,YMH24,D1,2024-01-16,1705363200,37737.0,37750.0,37388.0,37548.0,155302,0,170011,2024-01-14/2024-01-20,677290
161,-50,YM,YMH24,D1,2024-01-17,1705449600,37548.0,37559.0,37315.0,37458.0,128318,0,139405,2024-01-14/2024-01-20,677290
162,-49,YM,YMH24,D1,2024-01-18,1705536000,37458.0,37708.0,37303.0,37662.0,143034,0,158832,2024-01-14/2024-01-20,677290
163,-48,YM,YMH24,D1,2024-01-19,1705622400,37661.0,38133.0,37597.0,38050.0,146358,0,159762,2024-01-14/2024-01-20,677290
164,-47,YM,YMH24,D1,2024-01-21,1705795200,38082.0,38094.0,38071.0,38084.0,957,1,1018,2024-01-21/2024-01-27,658605
165,-46,YM,YMH24,D1,2024-01-22,1705881600,38083.0,38302.0,38061.0,38177.0,119493,0,129208,2024-01-21/2024-01-27,658605
166,-45,YM,YMH24,D1,2024-01-23,1705968000,38176.0,38209.0,37976.0,38112.0,97781,0,105291,2024-01-21/2024-01-27,658605
167,-44,YM,YMH24,D1,2024-01-24,1706054400,38111.0,38253.0,37950.0,38021.0,130095,0,141065,2024-01-21/2024-01-27,658605
168,-43,YM,YMH24,D1,2024-01-25,1706140800,38021.0,38219.0,37911.0,38130.0,136840,0,152472,2024-01-21/2024-01-27,658605
169,-42,YM,YMH24,D1,2024-01-26,1706227200,38130.0,38374.0,38050.0,38245.0,117296,0,129551,2024-01-21/2024-01-27,658605
170,-41,YM,YMH24,D1,2024-01-28,1706400000,38217.0,38218.0,38157.0,38171.0,1944,1,2087,2024-01-28/2024-02-03,679896
171,-40,YM,YMH24,D1,2024-01-29,1706486400,38172.0,38498.0,38164.0,38440.0,84545,0,92546,2024-01-28/2024-02-03,679896
172,-39,YM,YMH24,D1,2024-01-30,1706572800,38441.0,38660.0,38386.0,38601.0,96839,0,105947,2024-01-28/2024-02-03,679896
173,-38,YM,YMH24,D1,2024-01-31,1706659200,38602.0,38720.0,38247.0,38300.0,164914,0,180993,2024-01-28/2024-02-03,679896
174,-37,YM,YMH24,D1,2024-02-01,1706745600,38302.0,38661.0,38212.0,38637.0,137631,0,150325,2024-01-28/2024-02-03,679896
175,-36,YM,YMH24,D1,2024-02-02,1706832000,38635.0,38892.0,38433.0,38738.0,135827,0,147998,2024-01-28/2024-02-03,679896
176,-35,YM,YMH24,D1,2024-02-04,1707004800,38741.0,38773.0,38711.0,38763.0,1730,1,1944,2024-02-04/2024-02-10,554595
177,-34,YM,YMH24,D1,2024-02-05,1707091200,38761.0,38797.0,38310.0,38416.0,128517,0,142993,2024-02-04/2024-02-10,554595
178,-33,YM,YMH24,D1,2024-02-06,1707177600,38415.0,38633.0,38367.0,38599.0,101141,0,109197,2024-02-04/2024-02-10,554595
179,-32,YM,YMH24,D1,2024-02-07,1707264000,38599.0,38843.0,38546.0,38781.0,98336,0,106597,2024-02-04/2024-02-10,554595
180,-31,YM,YMH24,D1,2024-02-08,1707350400,38780.0,38847.0,38627.0,38796.0,81396,0,89002,2024-02-04/2024-02-10,554595
181,-30,YM,YMH24,D1,2024-02-09,1707436800,38796.0,38979.0,38645.0,38715.0,93305,0,104862,2024-02-04/2024-02-10,554595
182,-29,YM,YMH24,D1,2024-02-11,1707609600,38715.0,38753.0,38709.0,38747.0,1340,1,1483,2024-02-11/2024-02-17,667257
183,-28,YM,YMH24,D1,2024-02-12,1707696000,38747.0,39012.0,38679.0,38854.0,88473,0,98979,2024-02-11/2024-02-17,667257
184,-27,YM,YMH24,D1,2024-02-13,1707782400,38854.0,38897.0,38095.0,38322.0,170035,0,188063,2024-02-11/2024-02-17,667257
185,-26,YM,YMH24,D1,2024-02-14,1707868800,38322.0,38526.0,38255.0,38498.0,119690,0,129846,2024-02-11/2024-02-17,667257
186,-25,YM,YMH24,D1,2024-02-15,1707955200,38497.0,38866.0,38455.0,38838.0,112394,0,122822,2024-02-11/2024-02-17,667257
187,-24,YM,YMH24,D1,2024-02-16,1708041600,38838.0,38909.0,38653.0,38657.0,115454,0,126064,2024-02-11/2024-02-17,667257
188,-23,YM,YMH24,D1,2024-02-18,1708214400,38671.0,38720.0,38671.0,38712.0,1023,1,1090,2024-02-18/2024-02-24,589282
189,-22,YM,YMH24,D1,2024-02-19,1708300800,38712.0,38747.0,38631.0,38642.0,33952,0,36120,2024-02-18/2024-02-24,589282
190,-21,YM,YMH24,D1,2024-02-20,1708387200,38641.0,38734.0,38523.0,38634.0,131467,0,145267,2024-02-18/2024-02-24,589282
191,-20,YM,YMH24,D1,2024-02-21,1708473600,38633.0,38749.0,38400.0,38678.0,125883,0,136511,2024-02-18/2024-02-24,589282
192,-19,YM,YMH24,D1,2024-02-22,1708560000,38679.0,39214.0,38674.0,39134.0,142160,0,155586,2024-02-18/2024-02-24,589282
193,-18,YM,YMH24,D1,2024-02-23,1708646400,39134.0,39343.0,39087.0,39152.0,105970,0,114708,2024-02-18/2024-02-24,589282
194,-17,YM,YMH24,D1,2024-02-25,1708819200,39187.0,39187.0,39150.0,39171.0,1146,1,1196,2024-02-25/2024-03-02,584065
195,-16,YM,YMH24,D1,2024-02-26,1708905600,39170.0,39290.0,39070.0,39105.0,79710,0,85686,2024-02-25/2024-03-02,584065
196,-15,YM,YMH24,D1,2024-02-27,1708992000,39105.0,39154.0,38911.0,38973.0,95865,0,105082,2024-02-25/2024-03-02,584065
197,-14,YM,YMH24,D1,2024-02-28,1709078400,38974.0,39002.0,38789.0,38907.0,98543,0,108133,2024-02-25/2024-03-02,584065
198,-13,YM,YMH24,D1,2024-02-29,1709164800,38907.0,39123.0,38837.0,39006.0,133635,0,146200,2024-02-25/2024-03-02,584065
199,-12,YM,YMH24,D1,2024-03-01,1709251200,39006.0,39172.0,38892.0,39077.0,126580,0,137768,2024-02-25/2024-03-02,584065
200,-11,YM,YMH24,D1,2024-03-03,1709424000,39113.0,39120.0,39091.0,39100.0,1230,1,1325,2024-03-03/2024-03-09,747203
201,-10,YM,YMH24,D1,2024-03-04,1709510400,39100.0,39125.0,38906.0,38964.0,99884,0,108483,2024-03-03/2024-03-09,747203
202,-9,YM,YMH24,D1,2024-03-05,1709596800,38964.0,38991.0,38478.0,38618.0,155314,0,169244,2024-03-03/2024-03-09,747203
203,-8,YM,YMH24,D1,2024-03-06,1709683200,38618.0,38901.0,38584.0,38678.0,149071,0,161563,2024-03-03/2024-03-09,747203
204,-7,YM,YMH24,D1,2024-03-07,1709769600,38678.0,38944.0,38548.0,38808.0,120340,0,131470,2024-03-03/2024-03-09,747203
205,-6,YM,YMH24,D1,2024-03-08,1709856000,38809.0,39008.0,38630.0,38778.0,161357,0,175118,2024-03-03/2024-03-09,747203
130,-88,YM,YMM24,D1,2024-03-10,1710028800,39187.0,39210.0,39152.0,39203.0,2291,1,2422,2024-03-10/2024-03-16,777882
131,-87,YM,YMM24,D1,2024-03-11,1710115200,39201.0,39283.0,38929.0,39267.0,112124,0,118846,2024-03-10/2024-03-16,777882
132,-86,YM,YMM24,D1,2024-03-12,1710201600,39265.0,39546.0,39093.0,39474.0,162332,0,173244,2024-03-10/2024-03-16,777882
133,-85,YM,YMM24,D1,2024-03-13,1710288000,39475.0,39682.0,39404.0,39554.0,117563,0,126508,2024-03-10/2024-03-16,777882
134,-84,YM,YMM24,D1,2024-03-14,1710374400,39553.0,39698.0,39136.0,39313.0,182761,0,197694,2024-03-10/2024-03-16,777882
135,-83,YM,YMM24,D1,2024-03-15,1710460800,39312.0,39426.0,39048.0,39141.0,144490,0,159168,2024-03-10/2024-03-16,777882
136,-82,YM,YMM24,D1,2024-03-17,1710633600,39141.0,39159.0,39114.0,39126.0,2084,1,2242,2024-03-17/2024-03-23,669593
137,-81,YM,YMM24,D1,2024-03-18,1710720000,39126.0,39337.0,39089.0,39226.0,109341,0,117165,2024-03-17/2024-03-23,669593
138,-80,YM,YMM24,D1,2024-03-19,1710806400,39226.0,39556.0,39115.0,39535.0,127427,0,138051,2024-03-17/2024-03-23,669593
139,-79,YM,YMM24,D1,2024-03-20,1710892800,39535.0,40026.0,39425.0,40017.0,143294,0,154054,2024-03-17/2024-03-23,669593
140,-78,YM,YMM24,D1,2024-03-21,1710979200,40016.0,40316.0,40001.0,40246.0,124428,0,135356,2024-03-17/2024-03-23,669593
141,-77,YM,YMM24,D1,2024-03-22,1711065600,40245.0,40267.0,39820.0,39827.0,111257,0,122725,2024-03-17/2024-03-23,669593
142,-76,YM,YMM24,D1,2024-03-24,1711238400,39846.0,39851.0,39806.0,39840.0,2213,1,2422,2024-03-24/2024-03-30,412605
143,-75,YM,YMM24,D1,2024-03-25,1711324800,39841.0,39853.0,39681.0,39720.0,86020,0,92892,2024-03-24/2024-03-30,412605
144,-74,YM,YMM24,D1,2024-03-26,1711411200,39720.0,39822.0,39657.0,39765.0,86218,0,93218,2024-03-24/2024-03-30,412605
145,-73,YM,YMM24,D1,2024-03-27,1711497600,39765.0,40181.0,39761.0,40106.0,116608,0,125806,2024-03-24/2024-03-30,412605
146,-72,YM,YMM24,D1,2024-03-28,1711584000,40106.0,40240.0,40093.0,40140.0,90965,0,98267,2024-03-24/2024-03-30,412605
147,-71,YM,YMM24,D1,2024-03-31,1711843200,40158.0,40358.0,40158.0,40346.0,4065,1,4450,2024-03-31/2024-04-06,771132
148,-70,YM,YMM24,D1,2024-04-01,1711929600,40345.0,40347.0,39709.0,39767.0,109394,0,118001,2024-03-31/2024-04-06,771132
149,-69,YM,YMM24,D1,2024-04-02,1712016000,39767.0,39805.0,39368.0,39484.0,129006,0,139138,2024-03-31/2024-04-06,771132
150,-68,YM,YMM24,D1,2024-04-03,1712102400,39483.0,39634.0,39345.0,39525.0,122824,0,130092,2024-03-31/2024-04-06,771132
151,-67,YM,YMM24,D1,2024-04-04,1712188800,39526.0,39759.0,38876.0,38929.0,174373,0,185569,2024-03-31/2024-04-06,771132
152,-66,YM,YMM24,D1,2024-04-05,1712275200,38928.0,39369.0,38864.0,39246.0,183926,0,193882,2024-03-31/2024-04-06,771132
153,-65,YM,YMM24,D1,2024-04-07,1712448000,39282.0,39344.0,39273.0,39281.0,2530,1,2868,2024-04-07/2024-04-13,870771
154,-64,YM,YMM24,D1,2024-04-08,1712534400,39285.0,39332.0,39117.0,39227.0,113887,0,120646,2024-04-07/2024-04-13,870771
155,-63,YM,YMM24,D1,2024-04-09,1712620800,39226.0,39307.0,38873.0,39217.0,161398,0,172028,2024-04-07/2024-04-13,870771
156,-62,YM,YMM24,D1,2024-04-10,1712707200,39217.0,39345.0,38590.0,38675.0,194694,0,206565,2024-04-07/2024-04-13,870771
157,-61,YM,YMM24,D1,2024-04-11,1712793600,38675.0,38880.0,38472.0,38769.0,178127,0,188294,2024-04-07/2024-04-13,870771
158,-60,YM,YMM24,D1,2024-04-12,1712880000,38771.0,38836.0,38132.0,38230.0,166857,0,180370,2024-04-07/2024-04-13,870771
159,-59,YM,YMM24,D1,2024-04-14,1713052800,38226.0,38364.0,38224.0,38330.0,4592,1,4876,2024-04-14/2024-04-20,1039927
160,-58,YM,YMM24,D1,2024-04-15,1713139200,38330.0,38637.0,37911.0,37995.0,205370,0,218011,2024-04-14/2024-04-20,1039927
161,-57,YM,YMM24,D1,2024-04-16,1713225600,37996.0,38284.0,37838.0,38154.0,203545,0,218661,2024-04-14/2024-04-20,1039927
162,-56,YM,YMM24,D1,2024-04-17,1713312000,38152.0,38257.0,37842.0,38002.0,186505,0,199166,2024-04-14/2024-04-20,1039927
163,-55,YM,YMM24,D1,2024-04-18,1713398400,38001.0,38317.0,37900.0,37950.0,172335,0,181832,2024-04-14/2024-04-20,1039927
164,-54,YM,YMM24,D1,2024-04-19,1713484800,37950.0,38344.0,37463.0,38208.0,202479,0,217381,2024-04-14/2024-04-20,1039927
165,-53,YM,YMM24,D1,2024-04-21,1713657600,38286.0,38335.0,38278.0,38328.0,1504,1,1596,2024-04-21/2024-04-27,695474
166,-52,YM,YMM24,D1,2024-04-22,1713744000,38327.0,38682.0,38208.0,38478.0,136585,0,145195,2024-04-21/2024-04-27,695474
167,-51,YM,YMM24,D1,2024-04-23,1713830400,38478.0,38789.0,38442.0,38734.0,110909,0,118456,2024-04-21/2024-04-27,695474
168,-50,YM,YMM24,D1,2024-04-24,1713916800,38733.0,38801.0,38520.0,38587.0,126898,0,136503,2024-04-21/2024-04-27,695474
169,-49,YM,YMM24,D1,2024-04-25,1714003200,38587.0,38637.0,37944.0,38315.0,158257,0,174239,2024-04-21/2024-04-27,695474
170,-48,YM,YMM24,D1,2024-04-26,1714089600,38313.0,38535.0,38242.0,38453.0,109728,0,119485,2024-04-21/2024-04-27,695474
171,-47,YM,YMM24,D1,2024-04-28,1714262400,38484.0,38528.0,38474.0,38528.0,1356,1,1451,2024-04-28/2024-05-04,708974
172,-46,YM,YMM24,D1,2024-04-29,1714348800,38529.0,38593.0,38392.0,38540.0,89368,0,94863,2024-04-28/2024-05-04,708974
173,-45,YM,YMM24,D1,2024-04-30,1714435200,38540.0,38571.0,37923.0,37977.0,138971,0,148432,2024-04-28/2024-05-04,708974
174,-44,YM,YMM24,D1,2024-05-01,1714521600,37975.0,38527.0,37866.0,38184.0,160944,0,171042,2024-04-28/2024-05-04,708974
175,-43,YM,YMM24,D1,2024-05-02,1714608000,38182.0,38691.0,38037.0,38612.0,141263,0,149966,2024-04-28/2024-05-04,708974
176,-42,YM,YMM24,D1,2024-05-03,1714694400,38612.0,38958.0,38584.0,38869.0,132236,0,143220,2024-04-28/2024-05-04,708974
177,-41,YM,YMM24,D1,2024-05-05,1714867200,38920.0,38921.0,38870.0,38873.0,1084,1,1151,2024-05-05/2024-05-11,442339
178,-40,YM,YMM24,D1,2024-05-06,1714953600,38876.0,39028.0,38834.0,38997.0,70137,0,76177,2024-05-05/2024-05-11,442339
179,-39,YM,YMM24,D1,2024-05-07,1715040000,38998.0,39127.0,38978.0,39019.0,73195,0,79551,2024-05-05/2024-05-11,442339
180,-38,YM,YMM24,D1,2024-05-08,1715126400,39019.0,39236.0,38936.0,39195.0,82112,0,89332,2024-05-05/2024-05-11,442339
181,-37,YM,YMM24,D1,2024-05-09,1715212800,39194.0,39598.0,39086.0,39582.0,92429,0,100791,2024-05-05/2024-05-11,442339
182,-36,YM,YMM24,D1,2024-05-10,1715299200,39583.0,39718.0,39531.0,39618.0,87469,0,95337,2024-05-05/2024-05-11,442339
183,-35,YM,YMM24,D1,2024-05-12,1715472000,39620.0,39635.0,39576.0,39632.0,1352,1,1450,2024-05-12/2024-05-18,502548
184,-34,YM,YMM24,D1,2024-05-13,1715558400,39633.0,39781.0,39519.0,39566.0,78133,0,84713,2024-05-12/2024-05-18,502548
185,-33,YM,YMM24,D1,2024-05-14,1715644800,39567.0,39736.0,39405.0,39690.0,101140,0,108973,2024-05-12/2024-05-18,502548
186,-32,YM,YMM24,D1,2024-05-15,1715731200,39690.0,40094.0,39652.0,40085.0,94147,0,102362,2024-05-12/2024-05-18,502548
187,-31,YM,YMM24,D1,2024-05-16,1715817600,40084.0,40191.0,39979.0,40017.0,107892,0,118863,2024-05-12/2024-05-18,502548
188,-30,YM,YMM24,D1,2024-05-17,1715904000,40017.0,40147.0,39955.0,40134.0,80324,0,86187,2024-05-12/2024-05-18,502548
189,-29,YM,YMM24,D1,2024-05-19,1716076800,40133.0,40185.0,40133.0,40180.0,1376,1,1440,2024-05-19/2024-05-25,618355
190,-28,YM,YMM24,D1,2024-05-20,1716163200,40180.0,40213.0,39915.0,39925.0,97111,0,105967,2024-05-19/2024-05-25,618355
191,-27,YM,YMM24,D1,2024-05-21,1716249600,39925.0,40034.0,39907.0,40017.0,83321,0,89570,2024-05-19/2024-05-25,618355
192,-26,YM,YMM24,D1,2024-05-22,1716336000,40016.0,40033.0,39668.0,39738.0,115180,0,125451,2024-05-19/2024-05-25,618355
193,-25,YM,YMM24,D1,2024-05-23,1716422400,39739.0,39882.0,39114.0,39142.0,174688,0,191273,2024-05-19/2024-05-25,618355
194,-24,YM,YMM24,D1,2024-05-24,1716508800,39141.0,39315.0,39105.0,39149.0,95153,0,104654,2024-05-19/2024-05-25,618355
195,-23,YM,YMM24,D1,2024-05-26,1716681600,39163.0,39169.0,39109.0,39119.0,939,1,1001,2024-05-26/2024-06-01,560613
196,-22,YM,YMM24,D1,2024-05-27,1716768000,39119.0,39235.0,39095.0,39180.0,18268,0,20042,2024-05-26/2024-06-01,560613
197,-21,YM,YMM24,D1,2024-05-28,1716854400,39181.0,39218.0,38787.0,38877.0,106112,0,116147,2024-05-26/2024-06-01,560613
198,-20,YM,YMM24,D1,2024-05-29,1716940800,38878.0,38891.0,38221.0,38273.0,118855,0,130783,2024-05-26/2024-06-01,560613
199,-19,YM,YMM24,D1,2024-05-30,1717027200,38273.0,38312.0,38111.0,38176.0,120366,0,136662,2024-05-26/2024-06-01,560613
200,-18,YM,YMM24,D1,2024-05-31,1717113600,38177.0,38858.0,38139.0,38825.0,143288,0,155978,2024-05-26/2024-06-01,560613
201,-17,YM,YMM24,D1,2024-06-02,1717286400,38824.0,38857.0,38769.0,38844.0,3179,1,3473,2024-06-02/2024-06-08,709209
202,-16,YM,YMM24,D1,2024-06-03,1717372800,38844.0,38919.0,38333.0,38640.0,136525,0,151595,2024-06-02/2024-06-08,709209
203,-15,YM,YMM24,D1,2024-06-04,1717459200,38641.0,38878.0,38425.0,38850.0,113188,0,124334,2024-06-02/2024-06-08,709209
204,-14,YM,YMM24,D1,2024-06-05,1717545600,38851.0,38937.0,38628.0,38900.0,116704,0,128294,2024-06-02/2024-06-08,709209
205,-13,YM,YMM24,D1,2024-06-06,1717632000,38899.0,39092.0,38808.0,38979.0,136360,0,145593,2024-06-02/2024-06-08,709209
206,-12,YM,YMM24,D1,2024-06-07,1717718400,38979.0,39174.0,38716.0,38866.0,144854,0,155920,2024-06-02/2024-06-08,709209
207,-11,YM,YMM24,D1,2024-06-09,1717891200,38852.0,38896.0,38823.0,38853.0,1544,1,1689,2024-06-09/2024-06-15,664766
208,-10,YM,YMM24,D1,2024-06-10,1717977600,38853.0,38945.0,38719.0,38877.0,98893,0,105850,2024-06-09/2024-06-15,664766
209,-9,YM,YMM24,D1,2024-06-11,1718064000,38875.0,38932.0,38481.0,38774.0,119692,0,129696,2024-06-09/2024-06-15,664766
210,-8,YM,YMM24,D1,2024-06-12,1718150400,38774.0,39193.0,38658.0,38732.0,173602,0,188228,2024-06-09/2024-06-15,664766
211,-7,YM,YMM24,D1,2024-06-13,1718236800,38731.0,38770.0,38436.0,38648.0,113996,0,125626,2024-06-09/2024-06-15,664766
212,-6,YM,YMM24,D1,2024-06-14,1718323200,38647.0,38674.0,38306.0,38582.0,103407,0,113677,2024-06-09/2024-06-15,664766
134,-83,YM,YMU24,D1,2024-06-16,1718496000,38969.0,39011.0,38969.0,38995.0,927,1,951,2024-06-16/2024-06-22,480166
135,-82,YM,YMU24,D1,2024-06-17,1718582400,38996.0,39302.0,38855.0,39290.0,99394,0,106675,2024-06-16/2024-06-22,480166
136,-81,YM,YMU24,D1,2024-06-18,1718668800,39289.0,39390.0,39173.0,39288.0,91020,0,99793,2024-06-16/2024-06-22,480166
137,-80,YM,YMU24,D1,2024-06-19,1718755200,39290.0,39293.0,39195.0,39222.0,14722,1,15832,2024-06-16/2024-06-22,480166
138,-79,YM,YMU24,D1,2024-06-20,1718841600,39222.0,39687.0,39204.0,39581.0,127586,0,139522,2024-06-16/2024-06-22,480166
139,-78,YM,YMU24,D1,2024-06-21,1718928000,39580.0,39687.0,39476.0,39586.0,108758,0,117393,2024-06-16/2024-06-22,480166
140,-77,YM,YMU24,D1,2024-06-23,1719100800,39589.0,39607.0,39573.0,39575.0,1110,1,1465,2024-06-23/2024-06-29,634547
141,-76,YM,YMU24,D1,2024-06-24,1719187200,39574.0,39999.0,39463.0,39879.0,119689,0,128921,2024-06-23/2024-06-29,634547
142,-75,YM,YMU24,D1,2024-06-25,1719273600,39879.0,39928.0,39393.0,39479.0,122441,0,134322,2024-06-23/2024-06-29,634547
143,-74,YM,YMU24,D1,2024-06-26,1719360000,39478.0,39586.0,39306.0,39444.0,98988,0,107455,2024-06-23/2024-06-29,634547
144,-73,YM,YMU24,D1,2024-06-27,1719446400,39445.0,39651.0,39389.0,39521.0,98136,0,105983,2024-06-23/2024-06-29,634547
145,-72,YM,YMU24,D1,2024-06-28,1719532800,39523.0,39819.0,39284.0,39524.0,144563,0,156401,2024-06-23/2024-06-29,634547
146,-71,YM,YMU24,D1,2024-06-30,1719705600,39560.0,39560.0,39486.0,39492.0,2088,1,2265,2024-06-30/2024-07-06,457212
147,-70,YM,YMU24,D1,2024-07-01,1719792000,39493.0,39805.0,39385.0,39479.0,132592,0,141673,2024-06-30/2024-07-06,457212
148,-69,YM,YMU24,D1,2024-07-02,1719878400,39479.0,39694.0,39338.0,39649.0,104648,0,111739,2024-06-30/2024-07-06,457212
149,-68,YM,YMU24,D1,2024-07-03,1719964800,39650.0,39763.0,39568.0,39660.0,75332,0,80511,2024-06-30/2024-07-06,457212
150,-67,YM,YMU24,D1,2024-07-04,1720051200,39660.0,39781.0,39622.0,39650.0,17749,0,19186,2024-06-30/2024-07-06,457212
151,-66,YM,YMU24,D1,2024-07-05,1720137600,39651.0,39730.0,39488.0,39661.0,95247,0,101838,2024-06-30/2024-07-06,457212
152,-65,YM,YMU24,D1,2024-07-07,1720310400,39670.0,39672.0,39631.0,39634.0,1212,1,1286,2024-07-07/2024-07-13,673639
153,-64,YM,YMU24,D1,2024-07-08,1720396800,39633.0,40006.0,39595.0,39711.0,114566,0,123174,2024-07-07/2024-07-13,673639
154,-63,YM,YMU24,D1,2024-07-09,1720483200,39712.0,39818.0,39450.0,39588.0,115960,0,124992,2024-07-07/2024-07-13,673639
155,-62,YM,YMU24,D1,2024-07-10,1720569600,39588.0,40067.0,39558.0,40021.0,111459,0,120490,2024-07-07/2024-07-13,673639
156,-61,YM,YMU24,D1,2024-07-11,1720656000,40021.0,40200.0,39937.0,40115.0,145347,0,156707,2024-07-07/2024-07-13,673639
157,-60,YM,YMU24,D1,2024-07-12,1720742400,40114.0,40572.0,40021.0,40325.0,134310,0,146990,2024-07-07/2024-07-13,673639
158,-59,YM,YMU24,D1,2024-07-14,1720915200,40390.0,40418.0,40338.0,40362.0,2374,1,2808,2024-07-14/2024-07-20,876374
159,-58,YM,YMU24,D1,2024-07-15,1721001600,40363.0,40654.0,40339.0,40577.0,135505,0,147744,2024-07-14/2024-07-20,876374
160,-57,YM,YMU24,D1,2024-07-16,1721088000,40578.0,41299.0,40457.0,41266.0,153197,0,165713,2024-07-14/2024-07-20,876374
161,-56,YM,YMU24,D1,2024-07-17,1721174400,41266.0,41563.0,41095.0,41556.0,161420,0,173453,2024-07-14/2024-07-20,876374
162,-55,YM,YMU24,D1,2024-07-18,1721260800,41556.0,41672.0,40886.0,40991.0,189862,0,203139,2024-07-14/2024-07-20,876374
163,-54,YM,YMU24,D1,2024-07-19,1721347200,40990.0,41006.0,40466.0,40550.0,172319,0,183517,2024-07-14/2024-07-20,876374
164,-53,YM,YMU24,D1,2024-07-21,1721520000,40602.0,40657.0,40564.0,40656.0,2197,1,2332,2024-07-21/2024-07-27,736259
165,-52,YM,YMU24,D1,2024-07-22,1721606400,40656.0,40747.0,40488.0,40679.0,128715,0,136017,2024-07-21/2024-07-27,736259
166,-51,YM,YMU24,D1,2024-07-23,1721692800,40677.0,40795.0,40515.0,40524.0,109005,0,116370,2024-07-21/2024-07-27,736259
167,-50,YM,YMU24,D1,2024-07-24,1721779200,40525.0,40567.0,40053.0,40195.0,139762,0,149287,2024-07-21/2024-07-27,736259
168,-49,YM,YMU24,D1,2024-07-25,1721865600,40192.0,40685.0,40055.0,40274.0,172250,0,181930,2024-07-21/2024-07-27,736259
169,-48,YM,YMU24,D1,2024-07-26,1721952000,40271.0,40995.0,40266.0,40852.0,140335,0,150323,2024-07-21/2024-07-27,736259
170,-47,YM,YMU24,D1,2024-07-28,1722124800,40857.0,40939.0,40854.0,40923.0,1629,1,1777,2024-07-28/2024-08-03,860197
171,-46,YM,YMU24,D1,2024-07-29,1722211200,40924.0,41051.0,40606.0,40691.0,123301,0,129038,2024-07-28/2024-08-03,860197
172,-45,YM,YMU24,D1,2024-07-30,1722297600,40689.0,41095.0,40647.0,40798.0,142461,0,149658,2024-07-28/2024-08-03,860197
173,-44,YM,YMU24,D1,2024-07-31,1722384000,40796.0,41427.0,40768.0,41130.0,154262,0,164057,2024-07-28/2024-08-03,860197
174,-43,YM,YMU24,D1,2024-08-01,1722470400,41130.0,41305.0,40285.0,40399.0,199328,0,211049,2024-07-28/2024-08-03,860197
175,-42,YM,YMU24,D1,2024-08-02,1722556800,40397.0,40423.0,39518.0,39755.0,190477,0,204618,2024-07-28/2024-08-03,860197
176,-41,YM,YMU24,D1,2024-08-04,1722729600,39623.0,39750.0,39555.0,39646.0,5366,1,5783,2024-08-04/2024-08-10,818927
177,-40,YM,YMU24,D1,2024-08-05,1722816000,39643.0,39681.0,38541.0,39108.0,209690,0,234386,2024-08-04/2024-08-10,818927
178,-39,YM,YMU24,D1,2024-08-06,1722902400,39104.0,39600.0,38760.0,39052.0,157606,0,171235,2024-08-04/2024-08-10,818927
179,-38,YM,YMU24,D1,2024-08-07,1722988800,39052.0,39619.0,38689.0,38803.0,131370,0,142654,2024-08-04/2024-08-10,818927
180,-37,YM,YMU24,D1,2024-08-08,1723075200,38804.0,39673.0,38726.0,39632.0,143618,0,153790,2024-08-04/2024-08-10,818927
181,-36,YM,YMU24,D1,2024-08-09,1723161600,39632.0,39770.0,39355.0,39609.0,103187,0,111079,2024-08-04/2024-08-10,818927
182,-35,YM,YMU24,D1,2024-08-11,1723334400,39618.0,39658.0,39534.0,39612.0,2623,1,2905,2024-08-11/2024-08-17,552743
183,-34,YM,YMU24,D1,2024-08-12,1723420800,39611.0,39739.0,39366.0,39505.0,96407,0,103693,2024-08-11/2024-08-17,552743
184,-33,YM,YMU24,D1,2024-08-13,1723507200,39505.0,39923.0,39344.0,39874.0,107802,0,116799,2024-08-11/2024-08-17,552743
185,-32,YM,YMU24,D1,2024-08-14,1723593600,39876.0,40191.0,39786.0,40130.0,115363,0,122140,2024-08-11/2024-08-17,552743
186,-31,YM,YMU24,D1,2024-08-15,1723680000,40133.0,40755.0,40116.0,40740.0,101098,0,109368,2024-08-11/2024-08-17,552743
187,-30,YM,YMU24,D1,2024-08-16,1723766400,40739.0,40856.0,40546.0,40806.0,91337,0,97838,2024-08-11/2024-08-17,552743
188,-29,YM,YMU24,D1,2024-08-18,1723939200,40818.0,40861.0,40810.0,40844.0,2283,1,2384,2024-08-18/2024-08-24,553881
189,-28,YM,YMU24,D1,2024-08-19,1724025600,40847.0,41052.0,40741.0,41007.0,84608,0,90132,2024-08-18/2024-08-24,553881
190,-27,YM,YMU24,D1,2024-08-20,1724112000,41010.0,41085.0,40875.0,40979.0,87526,0,92884,2024-08-18/2024-08-24,553881
191,-26,YM,YMU24,D1,2024-08-21,1724198400,40979.0,41097.0,40850.0,41033.0,100085,0,106526,2024-08-18/2024-08-24,553881
192,-25,YM,YMU24,D1,2024-08-22,1724284800,41032.0,41159.0,40684.0,40885.0,118270,0,126508,2024-08-18/2024-08-24,553881
193,-24,YM,YMU24,D1,2024-08-23,1724371200,40886.0,41307.0,40867.0,41273.0,126600,0,135447,2024-08-18/2024-08-24,553881
194,-23,YM,YMU24,D1,2024-08-25,1724544000,41274.0,41326.0,41231.0,41249.0,1614,1,1728,2024-08-25/2024-08-31,583976
195,-22,YM,YMU24,D1,2024-08-26,1724630400,41252.0,41523.0,41229.0,41314.0,90697,0,98134,2024-08-25/2024-08-31,583976
196,-21,YM,YMU24,D1,2024-08-27,1724716800,41315.0,41390.0,41181.0,41326.0,91100,0,96185,2024-08-25/2024-08-31,583976
197,-20,YM,YMU24,D1,2024-08-28,1724803200,41328.0,41451.0,40920.0,41179.0,122605,0,131549,2024-08-25/2024-08-31,583976
198,-19,YM,YMU24,D1,2024-08-29,1724889600,41181.0,41682.0,41172.0,41436.0,144662,0,155150,2024-08-25/2024-08-31,583976
199,-18,YM,YMU24,D1,2024-08-30,1724976000,41437.0,41674.0,41231.0,41640.0,94994,0,101230,2024-08-25/2024-08-31,583976
200,-17,YM,YMU24,D1,2024-09-01,1725148800,41613.0,41644.0,41612.0,41625.0,840,1,929,2024-09-01/2024-09-07,607112
201,-16,YM,YMU24,D1,2024-09-02,1725235200,41623.0,41658.0,41508.0,41587.0,17711,0,18919,2024-09-01/2024-09-07,607112
202,-15,YM,YMU24,D1,2024-09-03,1725321600,41589.0,41623.0,40866.0,40998.0,129794,0,140331,2024-09-01/2024-09-07,607112
203,-14,YM,YMU24,D1,2024-09-04,1725408000,40998.0,41260.0,40849.0,41009.0,110455,0,118496,2024-09-01/2024-09-07,607112
204,-13,YM,YMU24,D1,2024-09-05,1725494400,41010.0,41169.0,40593.0,40873.0,127606,0,137016,2024-09-01/2024-09-07,607112
205,-12,YM,YMU24,D1,2024-09-06,1725580800,40872.0,41080.0,40264.0,40321.0,181234,0,191421,2024-09-01/2024-09-07,607112
206,-11,YM,YMU24,D1,2024-09-08,1725753600,40339.0,40414.0,40331.0,40397.0,2376,1,2536,2024-09-08/2024-09-14,771158
207,-10,YM,YMU24,D1,2024-09-09,1725840000,40401.0,41065.0,40399.0,40880.0,143400,0,151579,2024-09-08/2024-09-14,771158
208,-9,YM,YMU24,D1,2024-09-10,1725926400,40880.0,40989.0,40463.0,40770.0,125917,0,134805,2024-09-08/2024-09-14,771158
209,-8,YM,YMU24,D1,2024-09-11,1726012800,40770.0,40951.0,40034.0,40880.0,178057,0,190475,2024-09-08/2024-09-14,771158
210,-7,YM,YMU24,D1,2024-09-12,1726099200,40881.0,41189.0,40701.0,41173.0,118658,0,126867,2024-09-08/2024-09-14,771158
211,-6,YM,YMU24,D1,2024-09-13,1726185600,41175.0,41569.0,41141.0,41425.0,152220,0,164896,2024-09-08/2024-09-14,771158
133,-83,YM,YMZ24,D1,2024-09-15,1726358400,41838.0,41869.0,41795.0,41867.0,620,1,656,2024-09-15/2024-09-21,559099
134,-82,YM,YMZ24,D1,2024-09-16,1726444800,41868.0,42184.0,41796.0,42037.0,73682,0,78231,2024-09-15/2024-09-21,559099
135,-81,YM,YMZ24,D1,2024-09-17,1726531200,42039.0,42270.0,41893.0,42077.0,95736,0,100932,2024-09-15/2024-09-21,559099
136,-80,YM,YMZ24,D1,2024-09-18,1726617600,42078.0,42416.0,41850.0,42104.0,115752,0,123420,2024-09-15/2024-09-21,559099
137,-79,YM,YMZ24,D1,2024-09-19,1726704000,42104.0,42583.0,41974.0,42441.0,136895,0,146127,2024-09-15/2024-09-21,559099
138,-78,YM,YMZ24,D1,2024-09-20,1726790400,42440.0,42537.0,42249.0,42436.0,102240,0,109733,2024-09-15/2024-09-21,559099
139,-77,YM,YMZ24,D1,2024-09-22,1726963200,42475.0,42475.0,42397.0,42462.0,1325,1,1426,2024-09-22/2024-09-28,570295
140,-76,YM,YMZ24,D1,2024-09-23,1727049600,42465.0,42562.0,42321.0,42458.0,84628,0,90573,2024-09-22/2024-09-28,570295
141,-75,YM,YMZ24,D1,2024-09-24,1727136000,42458.0,42656.0,42409.0,42542.0,102800,0,111576,2024-09-22/2024-09-28,570295
142,-74,YM,YMZ24,D1,2024-09-25,1727222400,42543.0,42679.0,42206.0,42286.0,115564,0,124376,2024-09-22/2024-09-28,570295
143,-73,YM,YMZ24,D1,2024-09-26,1727308800,42284.0,42598.0,42283.0,42549.0,103152,0,111571,2024-09-22/2024-09-28,570295
144,-72,YM,YMZ24,D1,2024-09-27,1727395200,42551.0,43005.0,42489.0,42624.0,119709,0,130773,2024-09-22/2024-09-28,570295
145,-71,YM,YMZ24,D1,2024-09-29,1727568000,42648.0,42707.0,42585.0,42690.0,2186,0,2482,2024-09-29/2024-10-05,659598
146,-70,YM,YMZ24,D1,2024-09-30,1727654400,42692.0,42715.0,42245.0,42598.0,122216,0,132208,2024-09-29/2024-10-05,659598
147,-69,YM,YMZ24,D1,2024-10-01,1727740800,42597.0,42656.0,42251.0,42383.0,150972,0,162461,2024-09-29/2024-10-05,659598
148,-68,YM,YMZ24,D1,2024-10-02,1727827200,42389.0,42581.0,42285.0,42542.0,106150,0,113462,2024-09-29/2024-10-05,659598
149,-67,YM,YMZ24,D1,2024-10-03,1727913600,42542.0,42542.0,42142.0,42298.0,126416,0,135050,2024-09-29/2024-10-05,659598
150,-66,YM,YMZ24,D1,2024-10-04,1728000000,42297.0,42667.0,42252.0,42633.0,104419,0,113935,2024-09-29/2024-10-05,659598
151,-65,YM,YMZ24,D1,2024-10-06,1728172800,42640.0,42704.0,42640.0,42672.0,1459,1,1649,2024-10-06/2024-10-12,515423
152,-64,YM,YMZ24,D1,2024-10-07,1728259200,42672.0,42691.0,42091.0,42224.0,110546,0,118129,2024-10-06/2024-10-12,515423
153,-63,YM,YMZ24,D1,2024-10-08,1728345600,42233.0,42427.0,42162.0,42360.0,69698,0,75785,2024-10-06/2024-10-12,515423
154,-62,YM,YMZ24,D1,2024-10-09,1728432000,42361.0,42864.0,42254.0,42823.0,99107,0,106368,2024-10-06/2024-10-12,515423
155,-61,YM,YMZ24,D1,2024-10-10,1728518400,42824.0,42850.0,42587.0,42792.0,92589,0,99581,2024-10-06/2024-10-12,515423
156,-60,YM,YMZ24,D1,2024-10-11,1728604800,42791.0,43180.0,42666.0,43104.0,102816,0,113911,2024-10-06/2024-10-12,515423
157,-59,YM,YMZ24,D1,2024-10-13,1728777600,43110.0,43150.0,43091.0,43123.0,1247,1,1422,2024-10-13/2024-10-19,500579
158,-58,YM,YMZ24,D1,2024-10-14,1728864000,43122.0,43429.0,42986.0,43418.0,75706,0,82870,2024-10-13/2024-10-19,500579
159,-57,YM,YMZ24,D1,2024-10-15,1728950400,43419.0,43445.0,42964.0,43006.0,123020,0,136780,2024-10-13/2024-10-19,500579
160,-56,YM,YMZ24,D1,2024-10-16,1729036800,43011.0,43369.0,42937.0,43302.0,81761,0,89005,2024-10-13/2024-10-19,500579
161,-55,YM,YMZ24,D1,2024-10-17,1729123200,43302.0,43550.0,43254.0,43515.0,96949,0,104799,2024-10-13/2024-10-19,500579
162,-54,YM,YMZ24,D1,2024-10-18,1729209600,43514.0,43581.0,43286.0,43532.0,79058,0,85703,2024-10-13/2024-10-19,500579
163,-53,YM,YMZ24,D1,2024-10-20,1729382400,43541.0,43574.0,43532.0,43567.0,1307,1,1413,2024-10-20/2024-10-26,560774
164,-52,YM,YMZ24,D1,2024-10-21,1729468800,43568.0,43578.0,43111.0,43153.0,101083,0,110021,2024-10-20/2024-10-26,560774
165,-51,YM,YMZ24,D1,2024-10-22,1729555200,43151.0,43284.0,42946.0,43057.0,99831,0,110112,2024-10-20/2024-10-26,560774
166,-50,YM,YMZ24,D1,2024-10-23,1729641600,43057.0,43065.0,42512.0,42671.0,115674,0,127284,2024-10-20/2024-10-26,560774
167,-49,YM,YMZ24,D1,2024-10-24,1729728000,42669.0,42747.0,42410.0,42616.0,93580,0,104488,2024-10-20/2024-10-26,560774
168,-48,YM,YMZ24,D1,2024-10-25,1729814400,42616.0,42811.0,42245.0,42285.0,99463,0,107456,2024-10-20/2024-10-26,560774
169,-47,YM,YMZ24,D1,2024-10-27,1729987200,42360.0,42490.0,42360.0,42448.0,2545,0,2740,2024-10-27/2024-11-02,595938
170,-46,YM,YMZ24,D1,2024-10-28,1730073600,42447.0,42690.0,42403.0,42587.0,96006,0,102613,2024-10-27/2024-11-02,595938
171,-45,YM,YMZ24,D1,2024-10-29,1730160000,42588.0,42697.0,42364.0,42484.0,97230,0,104947,2024-10-27/2024-11-02,595938
172,-44,YM,YMZ24,D1,2024-10-30,1730246400,42484.0,42660.0,42281.0,42325.0,112579,0,121708,2024-10-27/2024-11-02,595938
173,-43,YM,YMZ24,D1,2024-10-31,1730332800,42323.0,42357.0,41873.0,41944.0,138963,0,151456,2024-10-27/2024-11-02,595938
174,-42,YM,YMZ24,D1,2024-11-01,1730419200,41944.0,42495.0,41893.0,42203.0,104246,0,112474,2024-10-27/2024-11-02,595938
175,-41,YM,YMZ24,D1,2024-11-03,1730592000,42157.0,42157.0,42063.0,42084.0,1938,1,2274,2024-11-03/2024-11-09,599181
176,-40,YM,YMZ24,D1,2024-11-04,1730678400,42085.0,42277.0,41791.0,41954.0,102391,0,110732,2024-11-03/2024-11-09,599181
177,-39,YM,YMZ24,D1,2024-11-05,1730764800,41954.0,42464.0,41917.0,42428.0,86986,0,93355,2024-11-03/2024-11-09,599181
178,-38,YM,YMZ24,D1,2024-11-06,1730851200,42428.0,43965.0,42424.0,43905.0,163552,0,181427,2024-11-03/2024-11-09,599181
179,-37,YM,YMZ24,D1,2024-11-07,1730937600,43906.0,44020.0,43806.0,43945.0,93457,0,101378,2024-11-03/2024-11-09,599181
180,-36,YM,YMZ24,D1,2024-11-08,1731024000,43945.0,44300.0,43854.0,44132.0,102022,0,110015,2024-11-03/2024-11-09,599181
181,-35,YM,YMZ24,D1,2024-11-10,1731196800,44152.0,44194.0,44142.0,44194.0,2030,0,2233,2024-11-10/2024-11-16,578379
182,-34,YM,YMZ24,D1,2024-11-11,1731283200,44195.0,44625.0,44150.0,44409.0,89883,0,98322,2024-11-10/2024-11-16,578379
183,-33,YM,YMZ24,D1,2024-11-12,1731369600,44407.0,44556.0,44014.0,44057.0,113178,0,123997,2024-11-10/2024-11-16,578379
184,-32,YM,YMZ24,D1,2024-11-13,1731456000,44056.0,44280.0,43897.0,44144.0,104657,0,112229,2024-11-10/2024-11-16,578379
185,-31,YM,YMZ24,D1,2024-11-14,1731542400,44146.0,44261.0,43816.0,43857.0,106116,0,113454,2024-11-10/2024-11-16,578379
186,-30,YM,YMZ24,D1,2024-11-15,1731628800,43856.0,43856.0,43478.0,43586.0,117554,0,128144,2024-11-10/2024-11-16,578379
187,-29,YM,YMZ24,D1,2024-11-17,1731801600,43581.0,43586.0,43514.0,43557.0,2022,0,2237,2024-11-17/2024-11-23,578291
188,-28,YM,YMZ24,D1,2024-11-18,1731888000,43558.0,43654.0,43398.0,43510.0,88311,0,95799,2024-11-17/2024-11-23,578291
189,-27,YM,YMZ24,D1,2024-11-19,1731974400,43509.0,43622.0,42991.0,43457.0,113185,0,123822,2024-11-17/2024-11-23,578291
190,-26,YM,YMZ24,D1,2024-11-20,1732060800,43460.0,43590.0,43181.0,43557.0,90883,0,99512,2024-11-17/2024-11-23,578291
191,-25,YM,YMZ24,D1,2024-11-21,1732147200,43560.0,44146.0,43383.0,43964.0,123826,0,133512,2024-11-17/2024-11-23,578291
192,-24,YM,YMZ24,D1,2024-11-22,1732233600,43966.0,44452.0,43818.0,44447.0,114098,0,123409,2024-11-17/2024-11-23,578291
193,-23,YM,YMZ24,D1,2024-11-24,1732406400,44499.0,44632.0,44490.0,44603.0,2240,0,2514,2024-11-24/2024-11-30,423009
194,-22,YM,YMZ24,D1,2024-11-25,1732492800,44600.0,44915.0,44599.0,44733.0,109674,0,119066,2024-11-24/2024-11-30,423009
195,-21,YM,YMZ24,D1,2024-11-26,1732579200,44731.0,45002.0,44532.0,44983.0,107188,0,115885,2024-11-24/2024-11-30,423009
196,-20,YM,YMZ24,D1,2024-11-27,1732665600,44987.0,45121.0,44790.0,44875.0,89840,0,97264,2024-11-24/2024-11-30,423009
197,-19,YM,YMZ24,D1,2024-11-28,1732752000,44876.0,44972.0,44820.0,44950.0,27131,1,28980,2024-11-24/2024-11-30,423009
198,-18,YM,YMZ24,D1,2024-11-29,1732838400,44950.0,45171.0,44853.0,45050.0,55004,0,59300,2024-11-24/2024-11-30,423009
199,-17,YM,YMZ24,D1,2024-12-01,1733011200,45048.0,45065.0,45000.0,45016.0,1044,1,1148,2024-12-01/2024-12-07,415696
200,-16,YM,YMZ24,D1,2024-12-02,1733097600,45016.0,45138.0,44820.0,44884.0,76366,0,82837,2024-12-01/2024-12-07,415696
201,-15,YM,YMZ24,D1,2024-12-03,1733184000,44886.0,44987.0,44680.0,44921.0,74795,0,80910,2024-12-01/2024-12-07,415696
202,-14,YM,YMZ24,D1,2024-12-04,1733270400,44921.0,45176.0,44873.0,45092.0,87407,0,94634,2024-12-01/2024-12-07,415696
203,-13,YM,YMZ24,D1,2024-12-05,1733356800,45090.0,45154.0,44812.0,44851.0,77099,0,81885,2024-12-01/2024-12-07,415696
204,-12,YM,YMZ24,D1,2024-12-06,1733443200,44852.0,44984.0,44660.0,44694.0,69184,0,74282,2024-12-01/2024-12-07,415696
205,-11,YM,YMZ24,D1,2024-12-08,1733616000,44707.0,44745.0,44683.0,44731.0,1073,1,1141,2024-12-08/2024-12-14,447128
206,-10,YM,YMZ24,D1,2024-12-09,1733702400,44731.0,44809.0,44448.0,44466.0,82259,0,88744,2024-12-08/2024-12-14,447128
207,-9,YM,YMZ24,D1,2024-12-10,1733788800,44465.0,44553.0,44261.0,44351.0,75613,0,81343,2024-12-08/2024-12-14,447128
208,-8,YM,YMZ24,D1,2024-12-11,1733875200,44351.0,44442.0,44159.0,44166.0,76215,0,83507,2024-12-08/2024-12-14,447128
209,-7,YM,YMZ24,D1,2024-12-12,1733961600,44164.0,44272.0,43920.0,43942.0,88180,0,94667,2024-12-08/2024-12-14,447128
210,-6,YM,YMZ24,D1,2024-12-13,1734048000,43943.0,44091.0,43811.0,43844.0,87445,0,97726,2024-12-08/2024-12-14,447128
131,-83,YM,YMH25,D1,2024-12-15,1734220800,44316.0,44372.0,44316.0,44358.0,0,0,609,2024-12-15/2024-12-21,626106
132,-82,YM,YMH25,D1,2024-12-16,1734307200,44361.0,44485.0,44177.0,44202.0,0,0,57809,2024-12-15/2024-12-21,626106
133,-81,YM,YMH25,D1,2024-12-17,1734393600,44202.0,44261.0,43860.0,43974.0,1,0,90739,2024-12-15/2024-12-21,626106
134,-80,YM,YMH25,D1,2024-12-18,1734480000,43974.0,44216.0,42641.0,42809.0,0,0,162054,2024-12-15/2024-12-21,626106
135,-79,YM,YMH25,D1,2024-12-19,1734566400,42812.0,43243.0,42766.0,42769.0,0,0,160849,2024-12-15/2024-12-21,626106
136,-78,YM,YMH25,D1,2024-12-20,1734652800,42769.0,43663.0,42496.0,43283.0,0,0,154046,2024-12-15/2024-12-21,626106
137,-77,YM,YMH25,D1,2024-12-22,1734825600,43356.0,43480.0,43343.0,43427.0,0,0,1543,2024-12-22/2024-12-28,300936
138,-76,YM,YMH25,D1,2024-12-23,1734912000,43430.0,43471.0,42928.0,43327.0,0,0,93781,2024-12-22/2024-12-28,300936
139,-75,YM,YMH25,D1,2024-12-24,1734998400,43328.0,43664.0,43245.0,43640.0,0,0,43081,2024-12-22/2024-12-28,300936
140,-74,YM,YMH25,D1,2024-12-25,1735084800,43645.0,43671.0,43578.0,43620.0,0,0,1078,2024-12-22/2024-12-28,300936
141,-73,YM,YMH25,D1,2024-12-26,1735171200,43618.0,43746.0,43430.0,43709.0,2,0,56742,2024-12-22/2024-12-28,300936
142,-72,YM,YMH25,D1,2024-12-27,1735257600,43710.0,43710.0,43076.0,43353.0,0,0,104711,2024-12-22/2024-12-28,300936
143,-71,YM,YMH25,D1,2024-12-29,1735430400,43300.0,43381.0,43264.0,43308.0,0,0,1487,2024-12-29/2025-01-04,429163
144,-70,YM,YMH25,D1,2024-12-30,1735516800,43305.0,43317.0,42583.0,42920.0,0,0,121158,2024-12-29/2025-01-04,429163
145,-69,YM,YMH25,D1,2024-12-31,1735603200,42920.0,43100.0,42723.0,42876.0,0,0,93439,2024-12-29/2025-01-04,429163
146,-68,YM,YMH25,D1,2025-01-01,1735689600,42935.0,42986.0,42827.0,42867.0,0,0,1674,2024-12-29/2025-01-04,429163
147,-67,YM,YMH25,D1,2025-01-02,1735776000,42868.0,43246.0,42463.0,42679.0,0,0,131915,2024-12-29/2025-01-04,429163
148,-66,YM,YMH25,D1,2025-01-03,1735862400,42677.0,43077.0,42670.0,42995.0,0,0,79490,2024-12-29/2025-01-04,429163
149,-65,YM,YMH25,D1,2025-01-05,1736035200,43024.0,43046.0,42992.0,43016.0,0,0,642,2025-01-05/2025-01-11,526904
150,-64,YM,YMH25,D1,2025-01-06,1736121600,43020.0,43409.0,42886.0,43003.0,0,0,116705,2025-01-05/2025-01-11,526904
151,-63,YM,YMH25,D1,2025-01-07,1736208000,43001.0,43212.0,42652.0,42811.0,0,0,130529,2025-01-05/2025-01-11,526904
152,-62,YM,YMH25,D1,2025-01-08,1736294400,42813.0,42940.0,42592.0,42841.0,0,0,106441,2025-01-05/2025-01-11,526904
153,-61,YM,YMH25,D1,2025-01-09,1736380800,42842.0,42906.0,42703.0,42738.0,0,0,16958,2025-01-05/2025-01-11,526904
154,-60,YM,YMH25,D1,2025-01-10,1736467200,42736.0,42903.0,42089.0,42213.0,0,0,155629,2025-01-05/2025-01-11,526904
155,-59,YM,YMH25,D1,2025-01-12,1736640000,42206.0,42247.0,42108.0,42173.0,0,0,1875,2025-01-12/2025-01-18,535543
156,-58,YM,YMH25,D1,2025-01-13,1736726400,42179.0,42656.0,41967.0,42612.0,0,0,113947,2025-01-12/2025-01-18,535543
157,-57,YM,YMH25,D1,2025-01-14,1736812800,42612.0,42837.0,42374.0,42799.0,0,0,108735,2025-01-12/2025-01-18,535543
158,-56,YM,YMH25,D1,2025-01-15,1736899200,42799.0,43569.0,42752.0,43505.0,0,0,119007,2025-01-12/2025-01-18,535543
159,-55,YM,YMH25,D1,2025-01-16,1736985600,43507.0,43573.0,43285.0,43366.0,0,0,103168,2025-01-12/2025-01-18,535543
160,-54,YM,YMH25,D1,2025-01-17,1737072000,43365.0,43866.0,43349.0,43681.0,0,0,88811,2025-01-12/2025-01-18,535543
161,-53,YM,YMH25,D1,2025-01-19,1737244800,43681.0,43721.0,43625.0,43650.0,0,0,1005,2025-01-19/2025-01-25,355150
162,-52,YM,YMH25,D1,2025-01-20,1737331200,43654.0,44000.0,43630.0,43953.0,0,0,29897,2025-01-19/2025-01-25,355150
163,-51,YM,YMH25,D1,2025-01-21,1737417600,43957.0,44277.0,43497.0,44250.0,0,0,90989,2025-01-19/2025-01-25,355150
164,-50,YM,YMH25,D1,2025-01-22,1737504000,44248.0,44417.0,44221.0,44340.0,0,0,77392,2025-01-19/2025-01-25,355150
165,-49,YM,YMH25,D1,2025-01-23,1737590400,44340.0,44757.0,44310.0,44734.0,4,0,84331,2025-01-19/2025-01-25,355150
166,-48,YM,YMH25,D1,2025-01-24,1737676800,44733.0,44773.0,44523.0,44589.0,0,0,71536,2025-01-19/2025-01-25,355150
167,-47,YM,YMH25,D1,2025-01-26,1737849600,44475.0,44555.0,44426.0,44515.0,0,0,3238,2025-01-26/2025-02-01,585896
168,-46,YM,YMH25,D1,2025-01-27,1737936000,44517.0,44931.0,44009.0,44870.0,0,0,157302,2025-01-26/2025-02-01,585896
169,-45,YM,YMH25,D1,2025-01-28,1738022400,44872.0,45159.0,44743.0,44989.0,0,0,94324,2025-01-26/2025-02-01,585896
170,-44,YM,YMH25,D1,2025-01-29,1738108800,44990.0,45144.0,44748.0,44929.0,0,0,95044,2025-01-26/2025-02-01,585896
171,-43,YM,YMH25,D1,2025-01-30,1738195200,44927.0,45189.0,44779.0,45103.0,0,0,107888,2025-01-26/2025-02-01,585896
172,-42,YM,YMH25,D1,2025-01-31,1738281600,45107.0,45227.0,44656.0,44700.0,0,0,128100,2025-01-26/2025-02-01,585896
173,-41,YM,YMH25,D1,2025-02-02,1738454400,44449.0,44449.0,44053.0,44183.0,6820,1,8293,2025-02-02/2025-02-08,556244
174,-40,YM,YMH25,D1,2025-02-03,1738540800,44186.0,44824.0,43965.0,44743.0,147693,0,158500,2025-02-02/2025-02-08,556244
175,-39,YM,YMH25,D1,2025-02-04,1738627200,44739.0,44742.0,44349.0,44646.0,89333,0,96147,2025-02-02/2025-02-08,556244
176,-38,YM,YMH25,D1,2025-02-05,1738713600,44648.0,45057.0,44467.0,45042.0,81282,0,89183,2025-02-02/2025-02-08,556244
177,-37,YM,YMH25,D1,2025-02-06,1738800000,45040.0,45177.0,44659.0,44843.0,83389,0,92142,2025-02-02/2025-02-08,556244
178,-36,YM,YMH25,D1,2025-02-07,1738886400,44842.0,44967.0,44384.0,44415.0,103477,0,111979,2025-02-02/2025-02-08,556244
179,-35,YM,YMH25,D1,2025-02-09,1739059200,44177.0,44482.0,44100.0,44465.0,1927,1,2401,2025-02-09/2025-02-15,449813
180,-34,YM,YMH25,D1,2025-02-10,1739145600,44469.0,44734.0,44407.0,44519.0,71455,0,77838,2025-02-09/2025-02-15,449813
181,-33,YM,YMH25,D1,2025-02-11,1739232000,44521.0,44749.0,44395.0,44708.0,69989,1,75499,2025-02-09/2025-02-15,449813
182,-32,YM,YMH25,D1,2025-02-12,1739318400,44708.0,44733.0,44188.0,44534.0,107248,0,117337,2025-02-09/2025-02-15,449813
183,-31,YM,YMH25,D1,2025-02-13,1739404800,44533.0,44878.0,44358.0,44830.0,97020,0,104432,2025-02-09/2025-02-15,449813
184,-30,YM,YMH25,D1,2025-02-14,1739491200,44834.0,44879.0,44590.0,44637.0,66628,0,72306,2025-02-09/2025-02-15,449813
185,-29,YM,YMH25,D1,2025-02-16,1739664000,44655.0,44677.0,44605.0,44642.0,642,1,668,2025-02-16/2025-02-22,457333
186,-28,YM,YMH25,D1,2025-02-17,1739750400,44630.0,44760.0,44621.0,44716.0,12138,1,13414,2025-02-16/2025-02-22,457333
187,-27,YM,YMH25,D1,2025-02-18,1739836800,44717.0,44753.0,44409.0,44654.0,83773,0,91709,2025-02-16/2025-02-22,457333
188,-26,YM,YMH25,D1,2025-02-19,1739923200,44655.0,44723.0,44396.0,44666.0,82301,0,91180,2025-02-16/2025-02-22,457333
189,-25,YM,YMH25,D1,2025-02-20,1740009600,44661.0,44684.0,44034.0,44286.0,95338,0,105194,2025-02-16/2025-02-22,457333
190,-24,YM,YMH25,D1,2025-02-21,1740096000,44285.0,44331.0,43419.0,43482.0,141771,0,155168,2025-02-16/2025-02-22,457333
191,-23,YM,YMH25,D1,2025-02-23,1740268800,43527.0,43624.0,43510.0,43612.0,1267,1,1435,2025-02-23/2025-03-01,813562
192,-22,YM,YMH25,D1,2025-02-24,1740355200,43614.0,43825.0,43420.0,43558.0,123476,0,132518,2025-02-23/2025-03-01,813562
193,-21,YM,YMH25,D1,2025-02-25,1740441600,43558.0,43843.0,43345.0,43767.0,138729,0,150095,2025-02-23/2025-03-01,813562
194,-20,YM,YMH25,D1,2025-02-26,1740528000,43766.0,43932.0,43329.0,43454.0,139091,0,149342,2025-02-23/2025-03-01,813562
195,-19,YM,YMH25,D1,2025-02-27,1740614400,43453.0,43949.0,43277.0,43331.0,190083,0,204707,2025-02-23/2025-03-01,813562
196,-18,YM,YMH25,D1,2025-02-28,1740700800,43330.0,43933.0,43155.0,43842.0,164538,0,175465,2025-02-23/2025-03-01,813562
197,-17,YM,YMH25,D1,2025-03-02,1740873600,43918.0,43974.0,43847.0,43934.0,2095,1,2250,2025-03-02/2025-03-08,966230
198,-16,YM,YMH25,D1,2025-03-03,1740960000,43934.0,44121.0,42988.0,43294.0,181632,0,194971,2025-03-02/2025-03-08,966230
199,-15,YM,YMH25,D1,2025-03-04,1741046400,43291.0,43358.0,42421.0,42860.0,198284,0,214293,2025-03-02/2025-03-08,966230
200,-14,YM,YMH25,D1,2025-03-05,1741132800,42858.0,43196.0,42474.0,43050.0,182409,0,192100,2025-03-02/2025-03-08,966230
201,-13,YM,YMH25,D1,2025-03-06,1741219200,43050.0,43092.0,42423.0,42676.0,171807,0,184673,2025-03-02/2025-03-08,966230
202,-12,YM,YMH25,D1,2025-03-07,1741305600,42675.0,42944.0,42208.0,42810.0,167791,0,177943,2025-03-02/2025-03-08,966230
203,-11,YM,YMH25,D1,2025-03-09,1741478400,42719.0,42719.0,42436.0,42595.0,4395,1,4609,2025-03-09/2025-03-15,793496
204,-10,YM,YMH25,D1,2025-03-10,1741564800,42592.0,42714.0,41666.0,41965.0,176746,0,187381,2025-03-09/2025-03-15,793496
205,-9,YM,YMH25,D1,2025-03-11,1741651200,41966.0,42128.0,41219.0,41561.0,189075,0,204890,2025-03-09/2025-03-15,793496
206,-8,YM,YMH25,D1,2025-03-12,1741737600,41563.0,42025.0,41047.0,41481.0,130635,0,140418,2025-03-09/2025-03-15,793496
207,-7,YM,YMH25,D1,2025-03-13,1741824000,41485.0,41497.0,40707.0,40998.0,131057,0,139946,2025-03-09/2025-03-15,793496
208,-6,YM,YMH25,D1,2025-03-14,1741910400,40998.0,41564.0,40949.0,41457.0,107783,0,116252,2025-03-09/2025-03-15,793496
134,-82,YM,YMM25,D1,2025-03-16,1742083200,41852.0,41852.0,41628.0,41658.0,1703,1,1785,2025-03-16/2025-03-22,426908
135,-81,YM,YMM25,D1,2025-03-17,1742169600,41659.0,42388.0,41587.0,42229.0,62207,0,66682,2025-03-16/2025-03-22,426908
136,-80,YM,YMM25,D1,2025-03-18,1742256000,42228.0,42247.0,41769.0,41970.0,80429,0,86620,2025-03-16/2025-03-22,426908
137,-79,YM,YMM25,D1,2025-03-19,1742342400,41971.0,42544.0,41866.0,42410.0,76160,0,82398,2025-03-16/2025-03-22,426908
138,-78,YM,YMM25,D1,2025-03-20,1742428800,42412.0,42604.0,42030.0,42285.0,85668,0,92395,2025-03-16/2025-03-22,426908
139,-77,YM,YMM25,D1,2025-03-21,1742515200,42283.0,42342.0,41751.0,42330.0,86799,0,97028,2025-03-16/2025-03-22,426908
140,-76,YM,YMM25,D1,2025-03-23,1742688000,42426.0,42550.0,42426.0,42523.0,1884,1,2167,2025-03-23/2025-03-29,482615
141,-75,YM,YMM25,D1,2025-03-24,1742774400,42524.0,42968.0,42505.0,42877.0,77499,0,83966,2025-03-23/2025-03-29,482615
142,-74,YM,YMM25,D1,2025-03-25,1742860800,42878.0,43024.0,42765.0,42919.0,71896,0,78555,2025-03-23/2025-03-29,482615
143,-73,YM,YMM25,D1,2025-03-26,1742947200,42917.0,43148.0,42543.0,42681.0,90075,0,99627,2025-03-23/2025-03-29,482615
144,-72,YM,YMM25,D1,2025-03-27,1743033600,42680.0,42873.0,42459.0,42588.0,92146,0,101350,2025-03-23/2025-03-29,482615
145,-71,YM,YMM25,D1,2025-03-28,1743120000,42589.0,42666.0,41714.0,41714.0,104877,0,116950,2025-03-23/2025-03-29,482615
146,-70,YM,YMM25,D1,2025-03-30,1743292800,41600.0,41714.0,41561.0,41714.0,4034,0,4557,2025-03-30/2025-04-05,879502
147,-69,YM,YMM25,D1,2025-03-31,1743379200,41712.0,42423.0,41428.0,42189.0,119066,0,130573,2025-03-30/2025-04-05,879502
148,-68,YM,YMM25,D1,2025-04-01,1743465600,42189.0,42417.0,41776.0,42306.0,132428,0,145488,2025-03-30/2025-04-05,879502
149,-67,YM,YMM25,D1,2025-04-02,1743552000,42302.0,42836.0,41300.0,41482.0,146425,0,158482,2025-03-30/2025-04-05,879502
150,-66,YM,YMM25,D1,2025-04-03,1743638400,41482.0,41744.0,40599.0,40675.0,171743,0,185854,2025-03-30/2025-04-05,879502
151,-65,YM,YMM25,D1,2025-04-04,1743724800,40676.0,40747.0,38303.0,38437.0,233706,0,254548,2025-03-30/2025-04-05,879502
152,-64,YM,YMM25,D1,2025-04-06,1743897600,37754.0,37790.0,36708.0,37178.0,9225,1,10529,2025-04-06/2025-04-12,1131573
153,-63,YM,YMM25,D1,2025-04-07,1743984000,37178.0,39427.0,36819.0,38653.0,217289,0,239106,2025-04-06/2025-04-12,1131573
154,-62,YM,YMM25,D1,2025-04-08,1744070400,38650.0,39649.0,37271.0,37466.0,213743,0,229468,2025-04-06/2025-04-12,1131573
155,-61,YM,YMM25,D1,2025-04-09,1744156800,37467.0,41140.0,36882.0,41091.0,193638,0,213270,2025-04-06/2025-04-12,1131573
156,-60,YM,YMM25,D1,2025-04-10,1744243200,41091.0,41126.0,38631.0,39623.0,233902,0,251270,2025-04-06/2025-04-12,1131573
157,-59,YM,YMM25,D1,2025-04-11,1744329600,39617.0,40613.0,39211.0,40443.0,175717,0,187930,2025-04-06/2025-04-12,1131573
158,-58,YM,YMM25,D1,2025-04-13,1744502400,40703.0,40973.0,40451.0,40565.0,4253,0,4819,2025-04-13/2025-04-19,611180
159,-57,YM,YMM25,D1,2025-04-14,1744588800,40567.0,40994.0,40034.0,40633.0,131536,0,140323,2025-04-13/2025-04-19,611180
160,-56,YM,YMM25,D1,2025-04-15,1744675200,40630.0,41010.0,40312.0,40424.0,127563,0,134778,2025-04-13/2025-04-19,611180
161,-55,YM,YMM25,D1,2025-04-16,1744761600,40424.0,40712.0,39584.0,39865.0,162328,0,171990,2025-04-13/2025-04-19,611180
162,-54,YM,YMM25,D1,2025-04-17,1744848000,39860.0,40292.0,39130.0,39398.0,149445,0,159270,2025-04-13/2025-04-19,611180
163,-53,YM,YMM25,D1,2025-04-20,1745107200,39212.0,39250.0,39053.0,39169.0,963,1,1084,2025-04-20/2025-04-26,527203
164,-52,YM,YMM25,D1,2025-04-21,1745193600,39163.0,39218.0,37998.0,38439.0,97324,0,102960,2025-04-20/2025-04-26,527203
165,-51,YM,YMM25,D1,2025-04-22,1745280000,38438.0,40056.0,38419.0,39945.0,121262,0,128500,2025-04-20/2025-04-26,527203
166,-50,YM,YMM25,D1,2025-04-23,1745366400,39945.0,40559.0,39620.0,39738.0,121682,0,131380,2025-04-20/2025-04-26,527203
167,-49,YM,YMM25,D1,2025-04-24,1745452800,39741.0,40408.0,39408.0,40235.0,77678,0,85445,2025-04-20/2025-04-26,527203
168,-48,YM,YMM25,D1,2025-04-25,1745539200,40234.0,40377.0,39860.0,40277.0,69012,0,77834,2025-04-20/2025-04-26,527203
169,-47,YM,YMM25,D1,2025-04-27,1745712000,40231.0,40235.0,40115.0,40133.0,862,1,1082,2025-04-27/2025-05-03,430187
170,-46,YM,YMM25,D1,2025-04-28,1745798400,40131.0,40565.0,40012.0,40390.0,69756,0,76335,2025-04-27/2025-05-03,430187
171,-45,YM,YMM25,D1,2025-04-29,1745884800,40394.0,40775.0,40326.0,40651.0,75998,0,82489,2025-04-27/2025-05-03,430187
172,-44,YM,YMM25,D1,2025-04-30,1745971200,40651.0,40968.0,39867.0,40923.0,106736,0,116593,2025-04-27/2025-05-03,430187
173,-43,YM,YMM25,D1,2025-05-01,1746057600,40923.0,41222.0,40734.0,40830.0,70751,0,76102,2025-04-27/2025-05-03,430187
174,-42,YM,YMM25,D1,2025-05-02,1746144000,40834.0,41506.0,40806.0,41436.0,70122,0,77586,2025-04-27/2025-05-03,430187
175,-41,YM,YMM25,D1,2025-05-04,1746316800,41395.0,41395.0,41185.0,41232.0,1821,1,2023,2025-05-04/2025-05-10,381830
176,-40,YM,YMM25,D1,2025-05-05,1746403200,41231.0,41555.0,41102.0,41310.0,60154,0,65005,2025-05-04/2025-05-10,381830
177,-39,YM,YMM25,D1,2025-05-06,1746489600,41309.0,41340.0,40763.0,41194.0,71826,0,78479,2025-05-04/2025-05-10,381830
178,-38,YM,YMM25,D1,2025-05-07,1746576000,41195.0,41375.0,40909.0,41166.0,73069,0,79902,2025-05-04/2025-05-10,381830
179,-37,YM,YMM25,D1,2025-05-08,1746662400,41167.0,41873.0,41133.0,41411.0,81992,0,90056,2025-05-04/2025-05-10,381830
180,-36,YM,YMM25,D1,2025-05-09,1746748800,41412.0,41623.0,41225.0,41376.0,61327,0,66365,2025-05-04/2025-05-10,381830
181,-35,YM,YMM25,D1,2025-05-11,1746921600,41846.0,41922.0,41675.0,41728.0,2656,1,3488,2025-05-11/2025-05-17,358704
182,-34,YM,YMM25,D1,2025-05-12,1747008000,41730.0,42563.0,41716.0,42447.0,78589,0,85600,2025-05-11/2025-05-17,358704
183,-33,YM,YMM25,D1,2025-05-13,1747094400,42446.0,42469.0,42198.0,42259.0,64495,0,70832,2025-05-11/2025-05-17,358704
184,-32,YM,YMM25,D1,2025-05-14,1747180800,42259.0,42339.0,41899.0,41928.0,60499,0,66159,2025-05-11/2025-05-17,358704
185,-31,YM,YMM25,D1,2025-05-15,1747267200,41927.0,42453.0,41841.0,42420.0,68896,0,75601,2025-05-11/2025-05-17,358704
186,-30,YM,YMM25,D1,2025-05-16,1747353600,42422.0,42763.0,42331.0,42535.0,50928,0,57024,2025-05-11/2025-05-17,358704
187,-29,YM,YMM25,D1,2025-05-18,1747526400,42472.0,42528.0,42360.0,42482.0,1465,0,1791,2025-05-18/2025-05-24,376765
188,-28,YM,YMM25,D1,2025-05-19,1747612800,42479.0,42976.0,42337.0,42936.0,66270,0,72850,2025-05-18/2025-05-24,376765
189,-27,YM,YMM25,D1,2025-05-20,1747699200,42937.0,42957.0,42570.0,42726.0,48021,0,54098,2025-05-18/2025-05-24,376765
190,-26,YM,YMM25,D1,2025-05-21,1747785600,42724.0,42742.0,41835.0,41914.0,81944,0,89613,2025-05-18/2025-05-24,376765
191,-25,YM,YMM25,D1,2025-05-22,1747872000,41915.0,42177.0,41694.0,41947.0,64863,0,70436,2025-05-18/2025-05-24,376765
192,-24,YM,YMM25,D1,2025-05-23,1747958400,41949.0,42027.0,41236.0,41663.0,81394,0,87977,2025-05-18/2025-05-24,376765
193,-23,YM,YMM25,D1,2025-05-25,1748131200,41687.0,42027.0,41651.0,41959.0,1217,1,1402,2025-05-25/2025-05-31,306102
194,-22,YM,YMM25,D1,2025-05-26,1748217600,41962.0,42173.0,41935.0,42062.0,14384,1,15516,2025-05-25/2025-05-31,306102
195,-21,YM,YMM25,D1,2025-05-27,1748304000,42062.0,42480.0,41947.0,42443.0,58366,0,64301,2025-05-25/2025-05-31,306102
196,-20,YM,YMM25,D1,2025-05-28,1748390400,42442.0,42703.0,42104.0,42658.0,59373,0,65197,2025-05-25/2025-05-31,306102
197,-19,YM,YMM25,D1,2025-05-29,1748476800,42655.0,42778.0,41874.0,42191.0,72081,0,79476,2025-05-25/2025-05-31,306102
198,-18,YM,YMM25,D1,2025-05-30,1748563200,42191.0,42439.0,41956.0,42278.0,74177,0,80210,2025-05-25/2025-05-31,306102
199,-17,YM,YMM25,D1,2025-06-01,1748736000,42214.0,42238.0,42148.0,42184.0,1529,1,1734,2025-06-01/2025-06-07,342974
200,-16,YM,YMM25,D1,2025-06-02,1748822400,42182.0,42415.0,41903.0,42286.0,63700,0,69742,2025-06-01/2025-06-07,342974
201,-15,YM,YMM25,D1,2025-06-03,1748908800,42287.0,42637.0,42113.0,42618.0,51564,0,57328,2025-06-01/2025-06-07,342974
202,-14,YM,YMM25,D1,2025-06-04,1748995200,42617.0,42709.0,42454.0,42463.0,47304,0,51619,2025-06-01/2025-06-07,342974
203,-13,YM,YMM25,D1,2025-06-05,1749081600,42462.0,42738.0,42265.0,42428.0,80014,0,89550,2025-06-01/2025-06-07,342974
204,-12,YM,YMM25,D1,2025-06-06,1749168000,42429.0,42979.0,42429.0,42834.0,65758,0,73001,2025-06-01/2025-06-07,342974
205,-11,YM,YMM25,D1,2025-06-08,1749340800,42844.0,42871.0,42751.0,42794.0,1325,1,1403,2025-06-08/2025-06-14,383825
206,-10,YM,YMM25,D1,2025-06-09,1749427200,42793.0,42936.0,42600.0,42811.0,51256,0,56696,2025-06-08/2025-06-14,383825
207,-9,YM,YMM25,D1,2025-06-10,1749513600,42810.0,42968.0,42672.0,42884.0,52614,0,57668,2025-06-08/2025-06-14,383825
208,-8,YM,YMM25,D1,2025-06-11,1749600000,42884.0,43200.0,42754.0,42842.0,75469,0,81740,2025-06-08/2025-06-14,383825
209,-7,YM,YMM25,D1,2025-06-12,1749686400,42844.0,43002.0,42586.0,42778.0,60448,0,66363,2025-06-08/2025-06-14,383825
210,-6,YM,YMM25,D1,2025-06-13,1749772800,42780.0,42781.0,42090.0,42175.0,110852,0,119955,2025-06-08/2025-06-14,383825
132,-83,YM,YMU25,D1,2025-06-15,1749945600,42223.0,42565.0,42223.0,42545.0,1691,1,1775,2025-06-15/2025-06-21,306541
133,-82,YM,YMU25,D1,2025-06-16,1750032000,42552.0,43069.0,42525.0,42629.0,52408,0,55183,2025-06-15/2025-06-21,306541
134,-81,YM,YMU25,D1,2025-06-17,1750118400,42629.0,42890.0,42422.0,42458.0,61318,0,65564,2025-06-15/2025-06-21,306541
135,-80,YM,YMU25,D1,2025-06-18,1750204800,42457.0,42860.0,42448.0,42500.0,72006,0,77407,2025-06-15/2025-06-21,306541
136,-79,YM,YMU25,D1,2025-06-19,1750291200,42502.0,42506.0,42088.0,42352.0,23962,0,26023,2025-06-15/2025-06-21,306541
137,-78,YM,YMU25,D1,2025-06-20,1750377600,42354.0,42759.0,42296.0,42572.0,73743,0,80589,2025-06-15/2025-06-21,306541
138,-77,YM,YMU25,D1,2025-06-22,1750550400,42262.0,42453.0,42096.0,42389.0,2325,1,2517,2025-06-22/2025-06-28,388640
139,-76,YM,YMU25,D1,2025-06-23,1750636800,42387.0,43110.0,42283.0,43083.0,98590,0,107430,2025-06-22/2025-06-28,388640
140,-75,YM,YMU25,D1,2025-06-24,1750723200,43082.0,43515.0,43037.0,43418.0,68429,0,74715,2025-06-22/2025-06-28,388640
141,-74,YM,YMU25,D1,2025-06-25,1750809600,43419.0,43468.0,43174.0,43312.0,55182,0,59867,2025-06-22/2025-06-28,388640
142,-73,YM,YMU25,D1,2025-06-26,1750896000,43313.0,43817.0,43286.0,43766.0,56326,0,61949,2025-06-22/2025-06-28,388640
143,-72,YM,YMU25,D1,2025-06-27,1750982400,43769.0,44288.0,43748.0,44241.0,74238,0,82162,2025-06-22/2025-06-28,388640
144,-71,YM,YMU25,D1,2025-06-29,1751155200,44201.0,44363.0,44201.0,44311.0,1550,1,2033,2025-06-29/2025-07-05,276964
145,-70,YM,YMU25,D1,2025-06-30,1751241600,44313.0,44442.0,44185.0,44378.0,62616,0,68552,2025-06-29/2025-07-05,276964
146,-69,YM,YMU25,D1,2025-07-01,1751328000,44381.0,44916.0,44285.0,44823.0,76895,0,85024,2025-06-29/2025-07-05,276964
147,-68,YM,YMU25,D1,2025-07-02,1751414400,44822.0,44961.0,44641.0,44812.0,59226,0,64681,2025-06-29/2025-07-05,276964
148,-67,YM,YMU25,D1,2025-07-03,1751500800,44811.0,45177.0,44751.0,45037.0,39149,0,42988,2025-06-29/2025-07-05,276964
149,-66,YM,YMU25,D1,2025-07-04,1751587200,45037.0,45052.0,44785.0,44847.0,12324,1,13686,2025-06-29/2025-07-05,276964
150,-65,YM,YMU25,D1,2025-07-06,1751760000,44933.0,45050.0,44933.0,44963.0,936,1,1032,2025-07-06/2025-07-12,344040
151,-64,YM,YMU25,D1,2025-07-07,1751846400,44962.0,45131.0,44428.0,44599.0,71669,0,78122,2025-07-06/2025-07-12,344040
152,-63,YM,YMU25,D1,2025-07-08,1751932800,44598.0,44715.0,44471.0,44482.0,60637,0,66462,2025-07-06/2025-07-12,344040
153,-62,YM,YMU25,D1,2025-07-09,1752019200,44482.0,44829.0,44422.0,44702.0,58364,0,64045,2025-07-06/2025-07-12,344040
154,-61,YM,YMU25,D1,2025-07-10,1752105600,44699.0,45043.0,44565.0,44940.0,52186,0,57454,2025-07-06/2025-07-12,344040
155,-60,YM,YMU25,D1,2025-07-11,1752192000,44940.0,44940.0,44508.0,44557.0,69868,0,76925,2025-07-06/2025-07-12,344040
156,-59,YM,YMU25,D1,2025-07-13,1752364800,44425.0,44457.0,44331.0,44437.0,2180,1,2471,2025-07-13/2025-07-19,409803
157,-58,YM,YMU25,D1,2025-07-14,1752451200,44436.0,44706.0,44324.0,44648.0,54144,0,59233,2025-07-13/2025-07-19,409803
158,-57,YM,YMU25,D1,2025-07-15,1752537600,44647.0,44827.0,44118.0,44171.0,84999,0,93501,2025-07-13/2025-07-19,409803
159,-56,YM,YMU25,D1,2025-07-16,1752624000,44171.0,44481.0,43973.0,44388.0,90942,0,99818,2025-07-13/2025-07-19,409803
160,-55,YM,YMU25,D1,2025-07-17,1752710400,44387.0,44812.0,44354.0,44803.0,70628,0,77683,2025-07-13/2025-07-19,409803
161,-54,YM,YMU25,D1,2025-07-18,1752796800,44803.0,44858.0,44423.0,44530.0,70421,0,77097,2025-07-13/2025-07-19,409803
162,-53,YM,YMU25,D1,2025-07-20,1752969600,44537.0,44604.0,44491.0,44602.0,995,1,1070,2025-07-20/2025-07-26,390662
163,-52,YM,YMU25,D1,2025-07-21,1753056000,44603.0,44815.0,44523.0,44591.0,62780,0,68275,2025-07-20/2025-07-26,390662
164,-51,YM,YMU25,D1,2025-07-22,1753142400,44591.0,44850.0,44423.0,44829.0,75858,0,81784,2025-07-20/2025-07-26,390662
165,-50,YM,YMU25,D1,2025-07-23,1753228800,44833.0,45234.0,44746.0,45111.0,86855,0,94256,2025-07-20/2025-07-26,390662
166,-49,YM,YMU25,D1,2025-07-24,1753315200,45111.0,45132.0,44865.0,44977.0,72979,0,78269,2025-07-20/2025-07-26,390662
167,-48,YM,YMU25,D1,2025-07-25,1753401600,44977.0,45126.0,44818.0,45080.0,60846,0,67008,2025-07-20/2025-07-26,390662
168,-47,YM,YMU25,D1,2025-07-27,1753574400,45245.0,45299.0,45213.0,45228.0,1310,1,1575,2025-07-27/2025-08-02,470241
169,-46,YM,YMU25,D1,2025-07-28,1753660800,45226.0,45312.0,44911.0,45024.0,56512,0,61537,2025-07-27/2025-08-02,470241
170,-45,YM,YMU25,D1,2025-07-29,1753747200,45022.0,45121.0,44735.0,44797.0,74519,0,82363,2025-07-27/2025-08-02,470241
171,-44,YM,YMU25,D1,2025-07-30,1753833600,44797.0,44909.0,44418.0,44699.0,78335,0,86045,2025-07-27/2025-08-02,470241
172,-43,YM,YMU25,D1,2025-07-31,1753920000,44701.0,44852.0,44200.0,44260.0,96839,0,106244,2025-07-27/2025-08-02,470241
173,-42,YM,YMU25,D1,2025-08-01,1754006400,44262.0,44307.0,43464.0,43705.0,123154,0,132477,2025-07-27/2025-08-02,470241
174,-41,YM,YMU25,D1,2025-08-03,1754179200,43675.0,43754.0,43633.0,43733.0,1526,0,1675,2025-08-03/2025-08-09,407368
175,-40,YM,YMU25,D1,2025-08-04,1754265600,43740.0,44407.0,43731.0,44344.0,75621,0,82126,2025-08-03/2025-08-09,407368
176,-39,YM,YMU25,D1,2025-08-05,1754352000,44343.0,44432.0,44040.0,44224.0,83095,0,89607,2025-08-03/2025-08-09,407368
177,-38,YM,YMU25,D1,2025-08-06,1754438400,44219.0,44482.0,44125.0,44336.0,65997,0,71523,2025-08-03/2025-08-09,407368
178,-37,YM,YMU25,D1,2025-08-07,1754524800,44336.0,44615.0,43900.0,44149.0,91975,0,99971,2025-08-03/2025-08-09,407368
179,-36,YM,YMU25,D1,2025-08-08,1754611200,44148.0,44385.0,44083.0,44349.0,57962,0,62466,2025-08-03/2025-08-09,407368
180,-35,YM,YMU25,D1,2025-08-10,1754784000,44312.0,44365.0,44294.0,44312.0,882,1,927,2025-08-10/2025-08-16,417792
181,-34,YM,YMU25,D1,2025-08-11,1754870400,44310.0,44413.0,44005.0,44065.0,66164,0,71636,2025-08-10/2025-08-16,417792
182,-33,YM,YMU25,D1,2025-08-12,1754956800,44065.0,44604.0,44043.0,44576.0,84328,0,92007,2025-08-10/2025-08-16,417792
183,-32,YM,YMU25,D1,2025-08-13,1755043200,44576.0,45070.0,44504.0,45029.0,74796,0,81027,2025-08-10/2025-08-16,417792
184,-31,YM,YMU25,D1,2025-08-14,1755129600,45030.0,45183.0,44770.0,45153.0,79133,0,86611,2025-08-10/2025-08-16,417792
185,-30,YM,YMU25,D1,2025-08-15,1755216000,45155.0,45371.0,44981.0,45010.0,76759,0,85584,2025-08-10/2025-08-16,417792
186,-29,YM,YMU25,D1,2025-08-17,1755388800,45029.0,45108.0,45017.0,45093.0,726,1,834,2025-08-17/2025-08-23,431073
187,-28,YM,YMU25,D1,2025-08-18,1755475200,45095.0,45116.0,44897.0,45007.0,56038,0,60568,2025-08-17/2025-08-23,431073
188,-27,YM,YMU25,D1,2025-08-19,1755561600,45004.0,45289.0,44834.0,45008.0,71058,0,78235,2025-08-17/2025-08-23,431073
189,-26,YM,YMU25,D1,2025-08-20,1755648000,45007.0,45122.0,44830.0,44977.0,87642,0,96101,2025-08-17/2025-08-23,431073
190,-25,YM,YMU25,D1,2025-08-21,1755734400,44974.0,45025.0,44642.0,44926.0,71321,0,77836,2025-08-17/2025-08-23,431073
191,-24,YM,YMU25,D1,2025-08-22,1755820800,44923.0,45841.0,44746.0,45728.0,105609,0,117499,2025-08-17/2025-08-23,431073
192,-23,YM,YMU25,D1,2025-08-24,1755993600,45721.0,45766.0,45698.0,45714.0,1062,0,1241,2025-08-24/2025-08-30,339800
193,-22,YM,YMU25,D1,2025-08-25,1756080000,45716.0,45732.0,45335.0,45400.0,63031,0,69700,2025-08-24/2025-08-30,339800
194,-21,YM,YMU25,D1,2025-08-26,1756166400,45400.0,45535.0,45183.0,45506.0,60250,0,66059,2025-08-24/2025-08-30,339800
195,-20,YM,YMU25,D1,2025-08-27,1756252800,45506.0,45700.0,45446.0,45617.0,57565,0,64220,2025-08-24/2025-08-30,339800
196,-19,YM,YMU25,D1,2025-08-28,1756339200,45619.0,45801.0,45501.0,45654.0,63723,0,69361,2025-08-24/2025-08-30,339800
197,-18,YM,YMU25,D1,2025-08-29,1756425600,45652.0,45687.0,45424.0,45633.0,62754,0,69219,2025-08-24/2025-08-30,339800
198,-17,YM,YMU25,D1,2025-08-31,1756598400,45665.0,45733.0,45630.0,45708.0,801,1,866,2025-08-31/2025-09-06,386399
199,-16,YM,YMU25,D1,2025-09-01,1756684800,45710.0,45752.0,45528.0,45576.0,22542,0,25336,2025-08-31/2025-09-06,386399
200,-15,YM,YMU25,D1,2025-09-02,1756771200,45574.0,45630.0,45000.0,45266.0,96633,0,107957,2025-08-31/2025-09-06,386399
201,-14,YM,YMU25,D1,2025-09-03,1756857600,45265.0,45376.0,45035.0,45234.0,74568,0,81110,2025-08-31/2025-09-06,386399
202,-13,YM,YMU25,D1,2025-09-04,1756944000,45231.0,45717.0,45227.0,45689.0,67511,0,75228,2025-08-31/2025-09-06,386399
203,-12,YM,YMU25,D1,2025-09-05,1757030400,45689.0,45832.0,45258.0,45466.0,87914,0,95902,2025-08-31/2025-09-06,386399
204,-11,YM,YMU25,D1,2025-09-07,1757203200,45430.0,45560.0,45406.0,45545.0,1517,1,1685,2025-09-07/2025-09-13,406774
205,-10,YM,YMU25,D1,2025-09-08,1757289600,45541.0,45640.0,45321.0,45611.0,66617,0,71203,2025-09-07/2025-09-13,406774
206,-9,YM,YMU25,D1,2025-09-09,1757376000,45611.0,45807.0,45471.0,45652.0,77972,0,85402,2025-09-07/2025-09-13,406774
207,-8,YM,YMU25,D1,2025-09-10,1757462400,45653.0,45844.0,45414.0,45567.0,80626,0,87792,2025-09-07/2025-09-13,406774
208,-7,YM,YMU25,D1,2025-09-11,1757548800,45565.0,46176.0,45518.0,46144.0,83362,0,93176,2025-09-07/2025-09-13,406774
209,-6,YM,YMU25,D1,2025-09-12,1757635200,46144.0,46161.0,45831.0,45852.0,60617,0,67516,2025-09-07/2025-09-13,406774
139,-83,YM,YMZ25,D1,2025-09-14,1757808000,46200.0,46219.0,46176.0,46194.0,0,0,362,2025-09-14/2025-09-20,389037
140,-82,YM,YMZ25,D1,2025-09-15,1757894400,46196.0,46349.0,46134.0,46246.0,0,0,53146,2025-09-14/2025-09-20,389037
141,-81,YM,YMZ25,D1,2025-09-16,1757980800,46246.0,46332.0,46020.0,46159.0,0,0,60134,2025-09-14/2025-09-20,389037
142,-80,YM,YMZ25,D1,2025-09-17,1758067200,46157.0,46637.0,46037.0,46499.0,4,0,103981,2025-09-14/2025-09-20,389037
143,-79,YM,YMZ25,D1,2025-09-18,1758153600,46496.0,46722.0,46297.0,46586.0,0,0,95256,2025-09-14/2025-09-20,389037
144,-78,YM,YMZ25,D1,2025-09-19,1758240000,46586.0,46738.0,46398.0,46618.0,0,0,76158,2025-09-14/2025-09-20,389037
145,-77,YM,YMZ25,D1,2025-09-21,1758412800,46605.0,46635.0,46574.0,46578.0,1,0,797,2025-09-21/2025-09-27,427361
146,-76,YM,YMZ25,D1,2025-09-22,1758499200,46578.0,46784.0,46362.0,46720.0,1,0,68195,2025-09-21/2025-09-27,427361
147,-75,YM,YMZ25,D1,2025-09-23,1758585600,46720.0,47055.0,46545.0,46656.0,3,0,100535,2025-09-21/2025-09-27,427361
148,-74,YM,YMZ25,D1,2025-09-24,1758672000,46654.0,46789.0,46415.0,46486.0,3,0,84204,2025-09-21/2025-09-27,427361
149,-73,YM,YMZ25,D1,2025-09-25,1758758400,46489.0,46540.0,46098.0,46265.0,1,0,90815,2025-09-21/2025-09-27,427361
150,-72,YM,YMZ25,D1,2025-09-26,1758844800,46262.0,46668.0,46234.0,46555.0,0,0,82815,2025-09-21/2025-09-27,427361
151,-71,YM,YMZ25,D1,2025-09-28,1759017600,46565.0,46622.0,46561.0,46609.0,0,0,613,2025-09-28/2025-10-04,417987
152,-70,YM,YMZ25,D1,2025-09-29,1759104000,46608.0,46787.0,46442.0,46604.0,1,0,70322,2025-09-28/2025-10-04,417987
153,-69,YM,YMZ25,D1,2025-09-30,1759190400,46604.0,46717.0,46386.0,46627.0,0,0,84885,2025-09-28/2025-10-04,417987
154,-68,YM,YMZ25,D1,2025-10-01,1759276800,46628.0,46817.0,46335.0,46709.0,0,0,85634,2025-09-28/2025-10-04,417987
155,-67,YM,YMZ25,D1,2025-10-02,1759363200,46710.0,46872.0,46543.0,46809.0,0,0,79310,2025-09-28/2025-10-04,417987
156,-66,YM,YMZ25,D1,2025-10-03,1759449600,46809.0,47323.0,46786.0,47041.0,0,0,97223,2025-09-28/2025-10-04,417987
157,-65,YM,YMZ25,D1,2025-10-05,1759622400,47048.0,47159.0,47048.0,47119.0,0,0,1506,2025-10-05/2025-10-11,502832
158,-64,YM,YMZ25,D1,2025-10-06,1759708800,47119.0,47162.0,46693.0,46885.0,0,0,91625,2025-10-05/2025-10-11,502832
159,-63,YM,YMZ25,D1,2025-10-07,1759795200,46882.0,47137.0,46700.0,46837.0,0,0,92392,2025-10-05/2025-10-11,502832
160,-62,YM,YMZ25,D1,2025-10-08,1759881600,46836.0,47081.0,46752.0,46899.0,0,0,73435,2025-10-05/2025-10-11,502832
161,-61,YM,YMZ25,D1,2025-10-09,1759968000,46902.0,46938.0,46507.0,46655.0,0,0,89575,2025-10-05/2025-10-11,502832
162,-60,YM,YMZ25,D1,2025-10-10,1760054400,46654.0,46883.0,45387.0,45475.0,0,0,154299,2025-10-05/2025-10-11,502832
163,-59,YM,YMZ25,D1,2025-10-12,1760227200,45837.0,46148.0,45837.0,46061.0,0,0,6119,2025-10-12/2025-10-18,687090
164,-58,YM,YMZ25,D1,2025-10-13,1760313600,46059.0,46385.0,45995.0,46310.0,0,0,114012,2025-10-12/2025-10-18,687090
165,-57,YM,YMZ25,D1,2025-10-14,1760400000,46312.0,46743.0,45663.0,46513.0,0,0,164751,2025-10-12/2025-10-18,687090
166,-56,YM,YMZ25,D1,2025-10-15,1760486400,46512.0,46915.0,46236.0,46523.0,0,0,111994,2025-10-12/2025-10-18,687090
167,-55,YM,YMZ25,D1,2025-10-16,1760572800,46519.0,46703.0,45984.0,46093.0,0,0,144157,2025-10-12/2025-10-18,687090
168,-54,YM,YMZ25,D1,2025-10-17,1760659200,46092.0,46518.0,45605.0,46429.0,0,0,146057,2025-10-12/2025-10-18,687090
169,-53,YM,YMZ25,D1,2025-10-19,1760832000,46489.0,46511.0,46370.0,46388.0,0,0,993,2025-10-19/2025-10-25,435632
170,-52,YM,YMZ25,D1,2025-10-20,1760918400,46387.0,46965.0,46316.0,46919.0,0,0,74771,2025-10-19/2025-10-25,435632
171,-51,YM,YMZ25,D1,2025-10-21,1761004800,46916.0,47334.0,46812.0,47113.0,0,0,90212,2025-10-19/2025-10-25,435632
172,-50,YM,YMZ25,D1,2025-10-22,1761091200,47116.0,47202.0,46640.0,46665.0,0,0,105140,2025-10-19/2025-10-25,435632
173,-49,YM,YMZ25,D1,2025-10-23,1761177600,46664.0,46994.0,46600.0,46918.0,0,0,77722,2025-10-19/2025-10-25,435632
174,-48,YM,YMZ25,D1,2025-10-24,1761264000,46917.0,47508.0,46891.0,47387.0,0,0,86794,2025-10-19/2025-10-25,435632
175,-47,YM,YMZ25,D1,2025-10-26,1761436800,47711.0,47775.0,47641.0,47662.0,1374,1,1646,2025-10-26/2025-11-01,476808
176,-46,YM,YMZ25,D1,2025-10-27,1761523200,47658.0,47770.0,47547.0,47722.0,58542,0,63566,2025-10-26/2025-11-01,476808
177,-45,YM,YMZ25,D1,2025-10-28,1761609600,47715.0,48118.0,47685.0,47857.0,79979,0,87175,2025-10-26/2025-11-01,476808
178,-44,YM,YMZ25,D1,2025-10-29,1761696000,47853.0,48214.0,47616.0,47762.0,96854,0,104648,2025-10-26/2025-11-01,476808
179,-43,YM,YMZ25,D1,2025-10-30,1761782400,47762.0,48180.0,47550.0,47736.0,115961,0,125702,2025-10-26/2025-11-01,476808
180,-42,YM,YMZ25,D1,2025-10-31,1761868800,47738.0,47862.0,47488.0,47735.0,87122,0,94071,2025-10-26/2025-11-01,476808
181,-41,YM,YMZ25,D1,2025-11-02,1762041600,47735.0,47839.0,47729.0,47824.0,772,1,849,2025-11-02/2025-11-08,529921
182,-40,YM,YMZ25,D1,2025-11-03,1762128000,47825.0,47869.0,47265.0,47418.0,72885,0,78901,2025-11-02/2025-11-08,529921
183,-39,YM,YMZ25,D1,2025-11-04,1762214400,47418.0,47425.0,46976.0,47270.0,104212,0,111344,2025-11-02/2025-11-08,529921
184,-38,YM,YMZ25,D1,2025-11-05,1762300800,47271.0,47583.0,47073.0,47490.0,92920,0,100629,2025-11-02/2025-11-08,529921
185,-37,YM,YMZ25,D1,2025-11-06,1762387200,47489.0,47495.0,46894.0,47125.0,104837,0,113789,2025-11-02/2025-11-08,529921
186,-36,YM,YMZ25,D1,2025-11-07,1762473600,47119.0,47159.0,46574.0,47155.0,117050,0,124409,2025-11-02/2025-11-08,529921
187,-35,YM,YMZ25,D1,2025-11-09,1762646400,47208.0,47345.0,47196.0,47226.0,869,0,974,2025-11-09/2025-11-15,534397
188,-34,YM,YMZ25,D1,2025-11-10,1762732800,47225.0,47511.0,47031.0,47494.0,85679,0,92000,2025-11-09/2025-11-15,534397
189,-33,YM,YMZ25,D1,2025-11-11,1762819200,47489.0,48083.0,47413.0,48032.0,77819,0,85438,2025-11-09/2025-11-15,534397
190,-32,YM,YMZ25,D1,2025-11-12,1762905600,48032.0,48528.0,48026.0,48330.0,86966,0,96592,2025-11-09/2025-11-15,534397
191,-31,YM,YMZ25,D1,2025-11-13,1762992000,48335.0,48503.0,47500.0,47606.0,111745,0,120904,2025-11-09/2025-11-15,534397
192,-30,YM,YMZ25,D1,2025-11-14,1763078400,47607.0,47644.0,46939.0,47271.0,129593,0,138489,2025-11-09/2025-11-15,534397
193,-29,YM,YMZ25,D1,2025-11-16,1763251200,47237.0,47268.0,47101.0,47218.0,1058,1,1151,2025-11-16/2025-11-22,646744
194,-28,YM,YMZ25,D1,2025-11-17,1763337600,47217.0,47368.0,46503.0,46716.0,90596,0,96784,2025-11-16/2025-11-22,646744
195,-27,YM,YMZ25,D1,2025-11-18,1763424000,46720.0,46756.0,45988.0,46222.0,133520,0,141013,2025-11-16/2025-11-22,646744
196,-26,YM,YMZ25,D1,2025-11-19,1763510400,46222.0,46416.0,45974.0,46411.0,95732,0,102042,2025-11-16/2025-11-22,646744
197,-25,YM,YMZ25,D1,2025-11-20,1763596800,46406.0,46936.0,45779.0,45915.0,147878,0,158258,2025-11-16/2025-11-22,646744
198,-24,YM,YMZ25,D1,2025-11-21,1763683200,45911.0,46656.0,45824.0,46377.0,138434,0,147496,2025-11-16/2025-11-22,646744
199,-23,YM,YMZ25,D1,2025-11-23,1763856000,46504.0,46553.0,46463.0,46475.0,833,1,924,2025-11-23/2025-11-29,286002
200,-22,YM,YMZ25,D1,2025-11-24,1763942400,46472.0,46655.0,46165.0,46500.0,77762,0,84234,2025-11-23/2025-11-29,286002
201,-21,YM,YMZ25,D1,2025-11-25,1764028800,46499.0,47250.0,46401.0,47217.0,89181,0,97713,2025-11-23/2025-11-29,286002
202,-20,YM,YMZ25,D1,2025-11-26,1764115200,47218.0,47632.0,47175.0,47480.0,68974,0,75065,2025-11-23/2025-11-29,286002
203,-19,YM,YMZ25,D1,2025-11-27,1764201600,47481.0,47560.0,47442.0,47558.0,8781,1,9581,2025-11-23/2025-11-29,286002
204,-18,YM,YMZ25,D1,2025-11-28,1764288000,47558.0,47796.0,47460.0,47739.0,17238,0,18485,2025-11-23/2025-11-29,286002
205,-17,YM,YMZ25,D1,2025-11-30,1764460800,47741.0,47783.0,47682.0,47711.0,962,1,1074,2025-11-30/2025-12-06,400981
206,-16,YM,YMZ25,D1,2025-12-01,1764547200,47712.0,47722.0,47319.0,47330.0,69428,0,74503,2025-11-30/2025-12-06,400981
207,-15,YM,YMZ25,D1,2025-12-02,1764633600,47330.0,47668.0,47269.0,47595.0,75099,0,81909,2025-11-30/2025-12-06,400981
208,-14,YM,YMZ25,D1,2025-12-03,1764720000,47598.0,48081.0,47428.0,48007.0,87074,0,95279,2025-11-30/2025-12-06,400981
209,-13,YM,YMZ25,D1,2025-12-04,1764806400,48007.0,48132.0,47756.0,47893.0,67562,0,73222,2025-11-30/2025-12-06,400981
210,-12,YM,YMZ25,D1,2025-12-05,1764892800,47891.0,48184.0,47818.0,48005.0,68680,0,74994,2025-11-30/2025-12-06,400981
211,-11,YM,YMZ25,D1,2025-12-07,1765065600,48015.0,48040.0,47986.0,48000.0,323,1,360,2025-12-07/2025-12-13,467978
212,-10,YM,YMZ25,D1,2025-12-08,1765152000,47999.0,48061.0,47663.0,47823.0,65547,0,73126,2025-12-07/2025-12-13,467978
213,-9,YM,YMZ25,D1,2025-12-09,1765238400,47822.0,48004.0,47572.0,47594.0,70187,0,77675,2025-12-07/2025-12-13,467978
214,-8,YM,YMZ25,D1,2025-12-10,1765324800,47591.0,48245.0,47504.0,48151.0,87848,0,95860,2025-12-07/2025-12-13,467978
215,-7,YM,YMZ25,D1,2025-12-11,1765411200,48149.0,48883.0,47859.0,48800.0,105795,0,114379,2025-12-07/2025-12-13,467978
216,-6,YM,YMZ25,D1,2025-12-12,1765497600,48802.0,48917.0,48355.0,48517.0,99894,0,106578,2025-12-07/2025-12-13,467978
134,-11,YM,YMH26,D1,2025-12-14,1765670400,48849.0,48928.0,48836.0,48922.0,522,1,577,2025-12-14/2025-12-20,418010
135,-10,YM,YMH26,D1,2025-12-15,1765756800,48918.0,49134.0,48675.0,48819.0,56188,0,59403,2025-12-14/2025-12-20,418010
136,-9,YM,YMH26,D1,2025-12-16,1765843200,48818.0,48917.0,48313.0,48427.0,89465,0,95387,2025-12-14/2025-12-20,418010
137,-8,YM,YMH26,D1,2025-12-17,1765929600,48423.0,48749.0,48207.0,48229.0,87458,0,93693,2025-12-14/2025-12-20,418010
138,-7,YM,YMH26,D1,2025-12-18,1766016000,48233.0,48728.0,48146.0,48257.0,94152,0,100660,2025-12-14/2025-12-20,418010
139,-6,YM,YMH26,D1,2025-12-19,1766102400,48256.0,48634.0,48127.0,48490.0,63400,0,68290,2025-12-14/2025-12-20,418010
140,-5,YM,YMH26,D1,2025-12-21,1766275200,48600.0,48600.0,48535.0,48558.0,461,1,519,2025-12-21/2025-12-27,180070
141,-4,YM,YMH26,D1,2025-12-22,1766361600,48559.0,48787.0,48458.0,48684.0,65801,0,70492,2025-12-21/2025-12-27,180070
142,-3,YM,YMH26,D1,2025-12-23,1766448000,48682.0,48854.0,48532.0,48733.0,44388,0,48900,2025-12-21/2025-12-27,180070
143,-2,YM,YMH26,D1,2025-12-24,1766534400,48733.0,49084.0,48681.0,49025.0,24206,0,25816,2025-12-21/2025-12-27,180070
144,-1,YM,YMH26,D1,2025-12-25,1766620800,49050.0,49086.0,49032.0,49048.0,328,1,348,2025-12-21/2025-12-27,180070
145,0,YM,YMH26,D1,2025-12-26,1766707200,49047.0,49073.0,48872.0,49002.0,31876,0,33995,2025-12-21/2025-12-27,180070
